dataset_id	case_id	sample_id	loss_fraction_all_genes	neutral_fraction_all_genes	gain_fraction_all_genes	missing_fraction	loss_fraction_called	gain_fraction_called	log2cn_mean	log2cn_median	log2cn_std
SC001	0075437e-ba1a-46be-86d6-9773209a2b5e	9ab03618-703c-4401-a198-e02510807646	0.0014186035003216	0.2997542186958745	0.6374808241096613	0.0613463536941424	0.0015113173063405	0.679143821172501	1.981834458062726	2.0	0.3274171040733704
SC001	01e9888d-b5b9-48f1-8ba6-8a89af108a04	5a6826b4-7926-4378-86bf-76c028508b3b	0.0003464031803111	0.036273361595434	0.899988453227323	0.0633917819969318	0.0003698485382176	0.960901725959845	2.2245611008583537	2.321928094887362	0.2739183906741761
SC001	028e99e9-5b9a-4954-bb6e-6d4709a3cea8	9622c370-68d0-48da-a7e0-5eb4765b6f27	0.0385002391831483	0.8803424442868218	0.0	0.0811573165300298	0.0419007952893021	0.0	1.5604521067265205	1.584962500721156	0.1172055824828778
SC001	05534064-8b43-4c82-95da-70fd83bd6560	df16b5d4-5e5d-455c-9c5f-a151e5864557	0.0785345495933886	0.7474060999950514	0.0865513089091599	0.0875080415024	0.0860660182942261	0.0948515853790809	1.5852844012353453	1.584962500721156	0.2487659227520614
SC001	055e9a43-3c00-4110-a303-e4407676bec0	2b2bc6f3-088e-4a84-afb3-182a4acb0652	0.0462695676558401	0.2723388812826814	0.5907328901572011	0.0906586609042772	0.050882507664121	0.6496272244090917	1.9113747987803509	2.0	0.3656175430570906
SC001	06fe7f3e-4edd-4150-981c-93787ea19b39	7873c1a9-b1ea-46cc-b787-dfbad3366494	0.0	0.0084456394437754	0.930208006862082	0.0613463536941424	0.0	0.9910023899901588	2.553107039648854	2.584962500721156	0.2977312590496457
SC001	07b5663f-9a54-4462-b6c1-6fc8116b8714	9fcabda1-ea79-4188-8b3f-7d0fd060a819	0.1016610857265394	0.828002573280768	0.0638041667353974	0.006532174257295	0.102329519982732	0.0642236870506583	1.556781877173934	1.584962500721156	0.2866758903176445
SC001	09078761-1c14-4d01-8e15-535c19a9b0f9	5711ce53-0bac-4a5d-b7ba-4e1bc0c56924	0.0002969170116952	0.224370288504363	0.6849380598122825	0.0903947346716592	0.0003264240248082	0.7530058212284424	2.034526194167702	2.0	0.3346098801143043
SC001	09918b81-4696-4cba-a45a-5fe7407c2337	01f94091-eb70-40d3-9d56-70c4f847cb4c	0.0688022697656005	0.5301453243818353	0.3109051020239843	0.0901473038285799	0.0756191304978425	0.3417092715471917	1.7149837799720222	1.584962500721156	0.3343156081374881
SC001	0a1eea76-e19a-4547-9b24-abf7051cc4db	1a954c08-6297-4c7f-ad8c-e50cb2754f7e	0.0388961285320752	0.7934612275868894	0.1103376606238556	0.0573049832571796	0.0412605644893174	0.1170449176713503	1.6240846003423592	1.584962500721156	0.2228496617319473
SC001	0a45f302-5748-48f3-9dc9-66c01843a68e	2b87b12c-5ca7-4492-a2f6-26f9644e1d5a	9.897233723174372e-05	0.2172937663922933	0.6956270722333108	0.0869801890371641	0.0001084010840108	0.7618970189701897	2.0846081910254286	2.0	0.3746353703565506
SC001	0b31dbdf-0623-48e4-a0ec-017650dceda7	49a0ab8a-f379-4394-accf-0b4b08d2dcc6	0.0127344407238176	0.2174422248981409	0.6740511027167907	0.0957722316612506	0.0140832223580276	0.74544393162705	2.058630241200066	2.0	0.3757810009054134
SC001	0c59ff96-5e4a-4664-a0b1-d057b4725483	cef2c059-5564-4d16-b57f-4bf83e2eeb95	0.08211404912327	0.7243455454200551	0.1291918908665028	0.064348514590172	0.0877613624343288	0.1380769366383414	1.5941691440033054	1.584962500721156	0.245155621194398
SC001	0d0d83d9-d558-4d38-977b-6f1b2471beda	85e8a3bf-0536-4556-a40f-8a523c04b337	0.0131303300727446	0.2871022549197499	0.6034673308810188	0.0963000841264866	0.0145295245048827	0.6677740257369718	2.006274910185766	2.0	0.3897365103304799
SC001	0d980584-4484-4063-8243-c3cd67f6f588	6e10437d-da57-4298-b082-9d7c59d09c5c	0.0599112548042822	0.8339409135146727	0.0493212147204856	0.0568266169605595	0.0635209346252055	0.0522928399034593	1.5695807890797726	1.584962500721156	0.1749090870259383
SC001	0df573ee-28f0-4244-b434-09e6ca59fbf0	b0410cd6-693d-41d6-9dad-d1b1c30bf5cb	0.0474737310921597	0.3536611517080976	0.5106312785576431	0.0882338386420995	0.0520678800159206	0.5600463147230162	1.8959359010797248	2.0	0.4094332740520411
SC001	0ea4920f-f4c8-4590-84b3-eb419824e144	cc72dc0d-9c39-4217-b5cb-8cad390d7e86	0.0252874321627105	0.3906438150536925	0.5775365785263019	0.006532174257295	0.0254537001676988	0.5813339532103542	1.8488078833399	2.0	0.3447262236043494
SC001	1070ff27-17c9-43dd-a4f6-daa643eb9123	8950ac53-1f70-46bc-a094-ec946e6e3a78	0.2534846510400343	0.6247628787753823	0.034079474786797	0.0876729953977863	0.2778440731901352	0.037354451435597	1.4406127469404348	1.584962500721156	0.2923369182309246
SC001	108a71cf-b9db-47cd-aa74-c03ec989b41b	bc0fe45c-3249-46d7-8991-c6888f0b9579	0.0	0.0	0.914026029724692	0.085973970275308	0.0	1.0	2.6938497803648067	2.807354922057604	0.2683680735882418
SC001	12c27db5-db2f-48dc-a2ca-9557b951f43e	a5bff681-5b9e-4d3e-93d8-b7ae8f2fd233	0.2064562954654174	0.6730118931758573	0.055968856704551	0.0645629546541741	0.2207057080886632	0.0598317727344865	1.4808978567298492	1.584962500721156	0.2748320089675
SC001	1427cd18-5ad3-491a-9981-908e31ae49db	9b416640-9aec-4b0d-aa88-b94287375950	0.072860135592102	0.383385843656698	0.4509344638173631	0.0928195569338369	0.0803149319950541	0.4970725143646811	1.7939768561923377	1.584962500721156	0.3731332938838281
SC001	15340dd3-84ae-49fb-989a-eb212f3e73da	a9d69d7e-298c-4ab6-b64f-1edc58832ccd	0.2353727133266252	0.6574402454513963	0.0254688814476353	0.081718159774343	0.25631859742406	0.0277353643859239	1.4448124706522911	1.584962500721156	0.2767423117180488
SC001	1575148b-0f63-44ee-86fd-93ae1a02be0b	aeb9e1bc-a9d2-4aa3-8cdd-cc4edbf5edf9	0.0107384985896441	0.5030269039803374	0.4007060026722531	0.0855285947577652	0.0117428478660846	0.4381831956419784	1.776469966781468	1.584962500721156	0.2555851516688556
SC001	16cd58db-d52c-403e-9e9c-6da2e99f6bad	5e9ed3d4-fad6-47fc-aa55-c7e710b76dc8	0.0629299110898503	0.7059861768635667	0.1493657522722399	0.081718159774343	0.0685300616141838	0.1626578526648583	1.6211625306077666	1.584962500721156	0.245503428013186
SC001	16d3c1c1-cf3a-44b6-b564-8ae5464b243d	24057913-52eb-4f50-a501-c11003b2356a	0.0246771027497814	0.2726193029048381	0.6386025105982878	0.0641010837470926	0.0263672735604631	0.6823413292912914	1.962391783086936	2.0	0.3650539565686665
SC001	17e09b0d-eab2-40ec-ae3c-be9ab63fcef0	034cf68f-79af-40f3-bb6e-26ae98b3a62f	0.0124870098807383	0.2597199082856342	0.6605083879055804	0.0672846939280471	0.013387804187889	0.7081564799094511	2.028060712411682	2.0	0.3689120940752479
SC001	18478121-f1d1-4bdd-9511-8ab22f4a0660	7dbabdaa-9fdf-4a94-815a-a493b5dac4ce	0.0465005031093809	0.4202035531069066	0.4698216848390875	0.0634742589446249	0.0496521356230735	0.501664464993395	1.8309363213973744	2.0	0.3771688463130673
SC001	195a5afb-b79f-44d2-9d12-884487630c2b	22434a49-eb8a-43ac-8c08-ae6dcbe6fbb8	0.6020322319911585	0.2967025716312291	0.0128334130610494	0.088431783316563	0.6604357424631754	0.0140783902138901	1.204475417112508	1.0	0.2892141569837952
SC001	1ab7ad70-0f80-41d8-8efa-3baebc8223cc	0bdbe623-cf95-465a-917d-87dfb6a8618e	0.0001154677267703	0.0537914652854527	0.8610923246952477	0.0850007422925292	0.0001261943392824	0.9410852713178296	2.11704775731698	2.0	0.2104016429313586
SC001	1b31cdb3-1837-49d6-a857-1830f8800299	5aa09c6e-a062-4834-aa6d-4ec1bed510d7	0.0385497253517641	0.4151559639080877	0.4600069280636062	0.0862873826765419	0.0421902079722703	0.5034481513575968	1.8149191475172763	2.0	0.3191542442943309
SC001	1b354837-4925-4480-ac32-6b44d0957314	646402af-ba5f-438c-ae63-213ebd58b16d	0.0236378932088481	0.3349058938026821	0.5466407139204592	0.0948154990680105	0.0261138952164009	0.6038997722095671	1.9249362042623852	2.0	0.366974164424881
SC001	1c58d9b8-17a2-4fc6-9898-fe6f47bd2c2a	4131da8f-3c6c-43e1-a7eb-81cb8988f524	0.024297708790393	0.3806476089932863	0.5052372861785132	0.0898173960378074	0.0266954220885135	0.5550944216898039	1.916425683922327	2.0	0.3976898882080481
SC001	1d276b62-5e64-48fb-b2ce-5192b511fe37	373c5231-b6ae-49db-ac0d-d674a0c9c100	0.3019975916731273	0.5751777378222787	0.0336835854378701	0.0891410850667238	0.3315525453195458	0.0369800249913978	1.4100087242646917	1.584962500721156	0.3093046997815389
SC001	1f0a5312-0590-4230-9da9-fd0cfe693586	49cf5040-2d73-4538-8825-7fba37379289	0.0	0.0361084077000478	0.8679049205746994	0.0959866717252528	0.0	0.9600576600248156	2.3190148759107188	2.321928094887362	0.2803203057789762
SC001	202e5df9-69f2-432c-a59d-cc5aa176e973	727baf6e-e991-426e-a823-07908aa85202	0.1364003760948814	0.704303647130627	0.0857760256008445	0.0735199511736469	0.1472242993982124	0.0925827012783534	1.5419418797430544	1.584962500721156	0.2657884977907702
SC001	2079155a-d91d-4246-a038-01934a580f32	60a9564a-c68d-4791-a093-19b144ee7717	0.0	0.9749764940699076	0.0117777081305775	0.013245797799515	0.0	0.0119358074222668	1.5899163083855672	1.584962500721156	0.0450722719079676
SC001	23069f19-eba5-4ea5-ae7d-1ee4399ce7c1	4f516204-3c17-4df0-b9bb-6b6dc9af4fd2	0.0	0.2888672616003827	0.6240205862461442	0.0871121521534731	0.0	0.6835676339850385	1.8914192492452997	2.0	0.2237019860260529
SC001	2483621a-4db3-41ab-aa33-b9427ea8a0af	13b0d336-205a-42ac-8a50-db0eb065013d	0.0061032941292908	0.2695676558401926	0.6320538409514541	0.0922752090790624	0.006723727489142	0.6963055843282633	1.9888980050003555	2.0	0.3459451529537337
SC001	258a3a41-211b-4c66-bd3b-ef03014a6967	45c17476-0525-46d2-8448-48d4de6713f1	0.04711083252231	0.9247150421457204	4.948616861587186e-05	0.0281246391633538	0.048474150514274	5.091822533011983e-05	1.556628073388901	1.584962500721156	0.1256707552388577
SC001	26a92e1b-08d8-45cd-af0c-eaf2514808a2	6f44f833-1108-4ea1-a472-f3964f2d73a8	0.0393744948286953	0.9473797073717896	0.0	0.013245797799515	0.0399030424607154	0.0	1.561620717216953	1.584962500721156	0.114496499252176
SC001	294cb595-0907-44c7-bbef-985a27c1e6e2	4a42220d-afcf-4cda-b030-f84cddd61e66	0.30328423205714	0.5378651666859113	0.0737508866271877	0.0850997146297609	0.3314943026107024	0.0806108466753209	1.4257736935531828	1.584962500721156	0.3225697678938232
SC001	294ff941-aea1-4588-9a0e-e9f5393e2bb6	c7d727b6-47c6-4339-b9dd-5baf41527bd4	0.0027712254424888	0.3308810187552579	0.5769922306715273	0.0893555251307259	0.0030431474839691	0.6336086657247401	1.939548054155445	2.0	0.3399120405456247
SC001	2b68b51f-bd4c-4bbb-b4e6-2eead53da2a4	0d1aff40-772d-436f-9802-971880a2058b	0.0146973920789139	0.0963990564637184	0.8037378552694522	0.0851656961879154	0.0160656328885683	0.8785611251352325	2.0740714686217028	2.0	0.3294977280056439
SC001	2db08267-d346-4d42-aac0-b76831903253	55f79464-e4d9-47be-8ce8-c4959e9eb753	0.0223182620457582	0.2363294459198654	0.6462398759546707	0.0951124160797057	0.0246641267294966	0.7141659223070893	2.0089482472598177	2.0	0.3639418189108925
SC001	301ca6e8-7981-4264-b4ae-38f56f7f9225	59546c0f-5f27-43bf-aa2e-90dc44c971b6	0.1757418801444996	0.6360622206093397	0.1749171106675684	0.0132787885785922	0.178106924337156	0.1772710555351232	1.5688544674768805	1.584962500721156	0.3351859724765965
SC001	30f276a8-3a4b-4de8-aea0-7f605d100401	63315e75-2b50-4b79-b553-036fa7fd024f	0.020965640103591	0.5734622173102618	0.3416360127344407	0.0639361298517064	0.0223976597881826	0.3649708354626676	1.7460389978901552	1.584962500721156	0.2671190583027633
SC001	31458638-e19c-43e5-ab13-9c64b3b3681d	a28cc4b4-4819-41ef-adf7-34ee50e29ba6	0.0056744140012866	0.569899213169919	0.3614799663494053	0.062946406479389	0.0060555917404545	0.3857623180241871	1.7602717835397863	1.584962500721156	0.2476587325429532
SC001	33c71ead-4c2a-476d-85ef-885dbbfc2cbd	79cf84b5-84ff-42e5-b438-697b35d272fc	0.1888062286590897	0.6136449862263498	0.1071870412219784	0.090361743892582	0.2075618823102729	0.1178347991658355	1.5320466075159074	1.584962500721156	0.3398423148668113
SC001	33e3f736-7990-4f7a-ac35-863247566541	0250727d-cbe6-4d03-89cc-5221ac72a065	0.048117051284166	0.5663691998086535	0.293106576711809	0.0924071721953714	0.0530161211173915	0.3229494193126261	1.7311447075396826	1.584962500721156	0.3282297887129204
SC001	349e6f38-2c67-4a69-a777-b9173a2a27cf	174e4405-4848-4e5e-93cc-0cdf2795c91a	0.3886148821404417	0.4677927519258367	0.0555729673556241	0.0880193985780974	0.4261218731347333	0.0609365673666503	1.373885835562693	1.584962500721156	0.3666527033234804
SC001	35cb7841-9b09-465a-90c5-e3b8a9faad49	3b284fc6-7dc4-46c2-8ec9-1121ef0b4308	0.0382363129505303	0.3908912458967719	0.4847830031506194	0.0860894380020784	0.041838134430727	0.5304490650494549	1.8212854549249435	2.0	0.3254066105433491
SC001	362000e4-cf7c-48fc-93cc-8f5994b442ea	36576033-1b30-4d02-977b-983220fc8f32	0.0119096712468864	0.2396120284380515	0.686010260132293	0.0624680401827689	0.0127032162713772	0.7317193328172286	2.033841458220575	2.0	0.4103309492466689
SC001	368e23f0-e573-4547-bf5a-14080baf737b	3e30dbd1-10bf-4450-8d19-6f44d3284e02	0.0042888012800422	0.8457186216452501	0.0679610048991306	0.0820315721755769	0.0046720575022461	0.0740341419586702	1.613511815077859	1.584962500721156	0.1190650157940289
SC001	369f14c4-2191-4962-a309-3e23ddc4e5fc	45021ebd-8e13-44c2-8203-aa9f72b50e6e	0.008330171717005	0.3667419956122263	0.5374362865579071	0.0874915461128614	0.009128870731575	0.5889658164464289	1.8725654780317635	2.0	0.3080050829822682
SC001	36bf02f8-c1c8-49f9-a417-adf88a205c70	0c06cf85-61eb-4e6d-ae54-b8f5cbab9b63	0.0740478036388829	0.8269468683502961	0.0166438480444715	0.0823614799663494	0.0806938702139133	0.018137695488046	1.5567687421295242	1.584962500721156	0.220591975291287
SC001	383d1253-349f-43b3-bebd-9f1d1cf14b3d	90e374aa-f02d-40dd-b306-cf392ef1026d	3.299077907724791e-05	0.2670108704617059	0.7197103409597018	0.013245797799515	3.3433634236041456e-05	0.7293714476763624	2.08201526136526	2.0	0.3894663067914815
SC001	389f78a3-fa0b-406c-9434-aa0298341a8c	3012b1da-0624-4538-8835-a701b0be5c66	0.0029856655064909	0.1777378222786731	0.7564455734622173	0.0628309387526186	0.0031858344774175	0.8071602069912346	2.128073989944778	2.0	0.3776480004805014
SC001	397d3f69-1453-4057-b177-8723eec923d1	84cb5264-6158-40ec-8b65-f96a4a7d6ce4	0.0783366049189251	0.6675354238490342	0.1614898635831285	0.0926381076489121	0.0863344665224426	0.1779773483374843	1.6569558529012132	1.584962500721156	0.3346118831163006
SC001	3a23cdb5-2327-45ac-b0b5-d4afe038c757	122aaa4f-8fd5-4c41-bff8-8a45bdfb3f81	9.897233723174372e-05	0.1022219289708526	0.8114576975735281	0.0862214011183874	0.0001083110693912	0.8880244060943029	2.151013750409524	2.0	0.3527281334112008
SC001	3b21b982-dba2-45f4-ad8d-21dc86fcaaa7	0ecbd044-0689-4395-a3d6-fb0d46fcf226	0.5112581033601108	0.3606716922620128	0.062550517130462	0.0655196872474143	0.5471041993963037	0.0669361529364	1.1401431359320664	1.0	0.613367382398395
SC001	3b89ac82-63f6-41b9-a03d-34b9ffc1550d	3e08e880-bb50-4460-b1bf-06064f12d0c2	0.0018969697969417	0.1749501014466456	0.7617076027250383	0.0614453260313742	0.0020211606734858	0.8115750993005026	2.1463595619120244	2.0	0.4003681056172268
SC001	3bd6badb-27ff-4d8d-b206-4d28dc264862	b560df97-986b-4a88-a0f1-c38a30080edb	0.0803985286112531	0.7367500783531004	0.1767480989063556	0.0061032941292908	0.0808922377309013	0.1778334688729192	1.6081662014107398	1.584962500721156	0.2937800444379674
SC001	3d2aa654-1b5f-4eb4-a1c2-af31f5760069	4b202550-9744-4c6c-ad17-97f764ea3f18	0.0013361265526285	0.2130049651122511	0.6948517889249954	0.0908071194101248	0.0014695743677201	0.7642512427881999	2.11094275244345	2.0	0.367555089964186
SC001	3e34c7d9-90fa-41e2-ba6b-4bbc332adc4e	4ddf0a0c-a1ec-4f94-b886-ad444a50be97	0.0189367071903403	0.1875855698332316	0.7299869686422645	0.0634907543341636	0.0202205234790573	0.779476520942685	2.139344783537866	2.321928094887362	0.4171410140830086
SC001	3e635902-5310-4406-8b4d-a238ce382639	1fd0b739-e037-4791-b4a4-daf75d55022b	0.0352836382231166	0.8000923741814163	0.0859574748857694	0.0786665127096976	0.0382962724245354	0.0932968095391556	1.6012822919572267	1.584962500721156	0.1700276172616769
SC001	42259aa6-c9f5-4309-a956-dbf930312f44	848cfbda-c996-41e3-ad7a-474814fd3f4e	0.0003299077907724	0.0260132293024099	0.9112712996717416	0.0623855632350758	0.0003518586935486	0.9719040833201388	2.3666896868609286	2.321928094887362	0.2286395425397737
SC001	42432463-8e92-4f25-b72a-f03953527aa5	cf14428a-1964-4f11-aa9a-d60c6631c2c6	0.0077363376936146	0.2671593289675535	0.6598485723240355	0.0652557610147963	0.0082764219034005	0.7059134946265022	2.1060016305564933	2.321928094887362	0.4063945272417763
SC001	42d208bd-cd77-4bfb-ad53-9fc072a87393	8ab7f1ee-35f0-460c-8a4f-751748de5e4a	0.00359599491942	0.1666529205087178	0.7411873381389902	0.088563746432872	0.0039454157165092	0.81320809353169	2.110027706755988	2.0	0.3333454768295434
SC001	433a32d0-93d1-4897-8e36-beb1ec1d998e	3e7cdfb1-cdeb-4c56-91aa-08930083b39d	0.0003628985698497	0.031539184797849	0.9076423139732444	0.0604556026590567	0.0003862495171881	0.9660451560799186	2.3461897514565777	2.321928094887362	0.3110645033605381
SC001	44adf4cb-2829-4153-80fd-a8b7ee0e654a	587f8383-3a48-49af-8ac4-d86e6009c96b	0.0006268248024677	0.2785411477492041	0.6312785576431388	0.0895534698051894	0.0006884806319527	0.6933724680218865	2.0026134392359696	2.0	0.3432338147021225
SC001	44d8c859-4b7a-4e9d-bffc-0de0e6afdcc4	1b856a2b-97be-4461-a496-279df908c30e	0.0008247694769311	0.1751315507315705	0.7295415931247217	0.0945020866667766	0.0009108463584362	0.8056800378912085	2.0228211461898447	2.0	0.2809766169713737
SC001	44dec838-b653-42a7-a58b-a1fd232cd68c	dacbc55d-25c6-4e86-bd1b-38345b4df7a7	0.1387592167989047	0.6763934480312752	0.0898009006482688	0.0950464345215512	0.1533329687756329	0.0992326060407211	1.5564216343297508	1.584962500721156	0.3121783383038218
SC001	46592b7b-6968-42a6-83af-0917c9f4a9a5	c0a8c73c-35ba-4724-b13a-9a9986af36c0	3.299077907724791e-05	0.4828035564059845	0.430975042475628	0.0861884103393101	3.610238636773891e-05	0.4716235243149572	1.8776357226961415	1.584962500721156	0.3321995830380113
SC001	467d96d7-4a42-4116-8c32-0e4b34f96d8a	5942f197-2b77-4a7f-8bca-763cc1902a0b	0.0106395262524124	0.1334971875360836	0.7898817280570081	0.0659815581544958	0.0113911308125673	0.845681083658584	2.1285454122247853	2.0	0.3788929114002798
SC001	47062ad2-ba82-45c8-a871-bdea84f0c405	b4c61d50-4631-442d-b518-ca666d0243f5	0.000610329412929	0.2196361117067779	0.7138544776734903	0.0658990812068027	0.0006533870170233	0.7642155823974006	2.021136559329361	2.0	0.30539054321223
SC001	474b86d9-d897-467d-85d4-51dfa26ea107	08d8f333-08f9-4268-99b7-61f7b057f542	0.0200913844580439	0.4484931461656467	0.4476848720782541	0.0837305972980552	0.0219273768160296	0.4885952436675248	1.8136642143294208	1.584962500721156	0.2939763941960877
SC001	482eb2a7-6fed-4e4c-b1b6-14d6d869f855	0382e297-1b96-433b-9440-6811d685b13b	0.014911832142916	0.1351632218794846	0.758738432608086	0.0911865133695132	0.0164080225065795	0.8348670478264816	2.174720153211866	2.321928094887362	0.3943133573122669
SC001	488646a1-0bdb-45f8-8c30-bef006924511	b24cfbec-f890-4685-9e7f-405da7eac9ad	0.0016330435643237	0.3123237055243059	0.5992115203800538	0.0868317305313165	0.0017883271012843	0.6561895988005564	1.989890479467892	2.0	0.3608603043502176
SC001	4a1d30e8-e93a-41ed-8e54-08eaff6556a7	452d513d-d9f8-40bf-a3a7-75453c875561	0.0528182373026739	0.5071837421440707	0.3748412318756907	0.0651567886775646	0.0564995676953752	0.4009669507525629	1.8116253673772669	1.584962500721156	0.4170211981701082
SC001	4b7cd595-e7f9-45a8-b736-a8c7c42d9539	83973755-fa6a-460a-a042-385b34698c39	0.0197449812777328	0.4593636078715999	0.4268017089223562	0.094089701928311	0.021795735537792	0.4711302099455561	1.848431944833091	1.584962500721156	0.3435018777755491
SC001	4b92fce2-3772-40eb-ab34-a27937b58590	12870223-d36b-4a35-ba3d-70ed75eeab1d	0.0125364960493542	0.1885423024264718	0.7043696286887815	0.0945515728353925	0.0138456213222568	0.7779235211601173	2.042311282208657	2.0	0.3401930918742969
SC001	4c31127e-d095-4978-9dac-35153c27f6ed	5bae2e45-6dbc-458c-a66f-702eb1af7357	3.299077907724791e-05	0.2348613562509278	0.6724015637629283	0.0927040892070666	3.6361653000745415e-05	0.7411050306346927	2.0457903294453628	2.0	0.3486372384269969
SC001	4cd3d483-2283-4c6a-a57a-444216119d34	b675e2fa-e96b-48a1-aff0-7d311c053d5a	0.014911832142916	0.2614684195767283	0.6329280965970011	0.0906916516833545	0.0163990929705215	0.6960544217687075	1.9667502173327445	2.0	0.3605025856245295
SC001	4d153600-81f9-44fb-b485-6355ec306d6a	785daa57-5e12-4b23-8287-384d46e55e57	0.0279431898784289	0.0708641934579285	0.8105504511489039	0.0906421655147386	0.0307284864315774	0.8913437817443042	2.16704123013178	2.0	0.4235389977352252
SC001	4efc2dac-6330-4b7a-a529-a27285f5fc23	54984e66-1d2a-4a62-a5aa-847bc12e02fc	0.0056084324431321	0.1108490176995529	0.7918446794121043	0.0916978704452105	0.0061746331541479	0.8717855586226936	2.199831953728676	2.321928094887362	0.3662313408635052
SC001	5134c56f-8286-4ec8-8348-237cee7dad5e	500910ea-f0c9-4ed9-a2c6-510f92c36e7d	0.0412054830674826	0.7610477871434934	0.111195420879864	0.0865513089091599	0.0451097948569777	0.1217314360011557	1.623035183662039	1.584962500721156	0.2411207356871773
SC001	528a0fce-0719-4b19-a69d-3f18681696c5	5de445ab-85e8-4bec-bf61-f6b4240306e1	0.2539300265575772	0.5853718885571483	0.0987743925572802	0.0619236923279943	0.2706922928133077	0.105294624487858	1.5040510832007077	1.584962500721156	0.3992977796792381
SC001	54480f58-7e63-4aed-a116-c2c2252e8364	c70ede8e-5761-434c-af09-8315bd688cd4	0.0539234284017617	0.3216436006136285	0.5569833231611765	0.0674496478234333	0.05782361057063	0.5972689001308947	1.8849480181763365	2.0	0.393888837789253
SC001	54a0e4d7-c274-4569-9c25-45bbe26d7f21	168a4a36-b73d-4c17-aaa4-1e4824a155c2	0.139798426339838	0.5849924945977599	0.1885917885950876	0.0866172904673143	0.1530556960196489	0.2064761973560644	1.5968642902267418	1.584962500721156	0.3254694361136788
SC001	54a9cc9e-3eee-4caa-9f33-4ea64a2999ba	61358ba0-7194-40f5-b239-2ed06cbaf546	0.0294442703264437	0.2984840737014004	0.5745839037988882	0.0974877521732675	0.0326247875276442	0.636649425182315	1.960039588669016	2.0	0.3841335646874147
SC001	54e90433-5218-4d83-848f-f995ecba2a63	b8f9acbf-0e4b-4967-a11b-7234b6cf83e0	0.0352176566649621	0.2904838097751678	0.611220163964172	0.063078369595698	0.0375886899417243	0.6523706403281748	1.9640856143359844	2.0	0.4213941311299575
SC001	552712d3-da16-441e-ba93-11810793d598	228443d4-e892-4ae7-88b4-a47463d4094c	0.013641687148442	0.2453029378288768	0.6522277023571912	0.0888276726654899	0.0149715775372026	0.715811578985481	2.027196666031766	2.0	0.3779602623943114
SC001	562a562b-ca03-44ac-b282-b51b457d8dae	dea6de72-0f67-44f8-aea7-28c15adf4e60	0.0871121521534731	0.7872754565099055	0.0636062220609339	0.0620061692756874	0.0928707090602138	0.0678109172763083	1.5607503623460766	1.584962500721156	0.2190000449656202
SC001	575752f8-2788-43cd-afde-f0f600f39d18	afd144f3-77bf-45fe-8d8b-eea4288c1d74	0.1251340250400013	0.6855318938356729	0.1222803226498193	0.0670537584745063	0.1341277980126595	0.1310689911241557	1.5655411906096486	1.584962500721156	0.2712587144805284
SC001	5813997a-d7dc-4f7c-8d4b-e979832168a9	07ab41e3-63a5-461b-9cf2-6bebc0e4d81e	0.1684509179684278	0.724658957821289	0.0392260363228477	0.0676640878874354	0.180676208842731	0.0420728578758337	1.4993838306467837	1.584962500721156	0.2554848877003831
SC001	58babefe-7e81-4594-ba29-50d1de92a5ab	323d4a3b-38d8-4428-9135-437a839dc8e4	0.247397852300282	0.574765353083813	0.0876070138396318	0.090229780776273	0.2719344369299947	0.0962957590702228	1.47217422267247	1.584962500721156	0.3378234229449135
SC001	5ace9608-d38a-42f2-a877-ec7c9d211808	79843244-8e55-4f0b-9282-20ffc846e690	0.0	0.9856490111013972	0.0010722003200105	0.0132787885785922	0.0	0.0010866294426426	1.5854134926876726	1.584962500721156	0.0136740012436373
SC001	5af499be-d2b9-4eaf-9a9f-435dccb51917	11e65f8b-4e48-42e7-a87c-bcf2538168c6	0.3471619682298797	0.5366280124705145	0.0318525971990828	0.0843574221005229	0.3791457241168099	0.0347871516330685	1.3728933042393685	1.584962500721156	0.3700125217930788
SC001	5c06d97f-2aaa-43de-b085-09d7829356ba	20c166c8-6e1f-44b0-81ba-c41add0e0466	0.0061362849083681	0.2336406974250696	0.6697623014367484	0.0904607162298137	0.0067465859010863	0.7363753423166906	1.9764431286233897	2.0	0.3059776967543635
SC001	5d2a9a4f-678d-4089-a8c5-81a5cb696629	78b3d4a5-8563-433d-b271-6e37385e0584	0.0952278838064761	0.1252494927667717	0.6877752668129258	0.0917473566138264	0.1048473511196672	0.7572510488367447	2.143737533557964	2.321928094887362	0.5787666739665895
SC001	5d5cc436-6e57-4d23-a164-7f5153c2e666	15321297-7110-4e79-8d6f-94c95bc83c94	0.0049321214720485	0.3165795160252709	0.5876977384820943	0.0907906240205862	0.0054246267167401	0.6463832798127688	2.0404588702585795	2.0	0.3969179305193795
SC001	5f4934be-eee3-40e1-8838-38103badc898	5a8b5291-c9c2-48a8-9d01-66b150a71eb7	0.0203883014697392	0.3022615179057453	0.6640219058773073	0.0133282747472081	0.0206637131154392	0.6729917244838252	2.1376909575700656	2.321928094887362	0.4985705382482363
SC001	5fd0f07b-8bb9-4378-bd26-28a26057e8fe	a527b0d5-599a-4ec6-9eca-bae98872f440	0.1024033782557775	0.6193523910067136	0.1777543176682117	0.1004899130692971	0.1138435018613265	0.1976123672773285	1.6207509088124483	1.584962500721156	0.3097565138471973
SC001	5fe77d4a-a8a5-4c90-8ff2-9c3bbbb309ef	091e0712-7fde-442c-aef1-5c504f91b227	0.1975652805040991	0.6876433036966167	0.055836893588242	0.058954522211042	0.2099423302774807	0.0593349576679696	1.487004605778932	1.584962500721156	0.2701305313872735
SC001	6144d666-8f77-4efe-95f1-f9e5c4e5e056	007783b3-a1b5-4e9b-8add-6d01fefb5697	0.312934034937235	0.5718786599145539	0.0246441119707041	0.0905431931775068	0.3440889469292995	0.0270976167156382	1.3949298969329589	1.584962500721156	0.2937646148547018
SC001	61c655ec-52b5-453f-a6cc-b2aba445b027	5ae9b10f-347c-48c3-90cd-9290055cfe4b	0.0325783943387823	0.7945169325173614	0.0797387130297082	0.0931659601141481	0.035925420645748	0.0879308776716689	1.6052667534396798	1.584962500721156	0.1859568294687838
SC001	645903b5-ba37-48a1-985b-a019b8db3236	4736860e-fd90-40d1-815e-e1d164123dd8	0.028949408640285	0.8351780677300694	0.0543688039193045	0.0815037197103409	0.0315182644301569	0.0591932761035882	1.5929025514118131	1.584962500721156	0.1516687872934673
SC001	656a5eb4-e4a5-4d21-a800-3586f4d6588b	8f55069f-2232-44b6-b9e8-7e12b3a268bd	0.0090559688567045	0.7401481285980569	0.1803605892153143	0.0704353133299242	0.0097421610207087	0.1940269373414015	1.6906825122265583	1.584962500721156	0.2558879637058505
SC001	659668e8-f0d9-4ff2-bbc8-9246f2ef49ab	afec3b25-c3f7-4e48-8fb0-6fb4dd581081	0.0001484585058476	0.1894165580720188	0.715619484354123	0.0948154990680105	0.0001640091116173	0.7905785876993167	2.002707167492064	2.0	0.2555964525247301
SC001	67a2bc21-7c87-4678-997d-a434de672436	42395277-99e9-40db-8fae-b91681b9fd4e	0.0439437177308942	0.803655378321759	0.0673836662652788	0.0850172376820678	0.0480268257945879	0.073644738502587	1.5922881284642851	1.584962500721156	0.1924458360773329
SC001	67fa3e41-c7c6-44c5-9e67-6bcb2715aacc	af5e9c02-8823-4c78-8238-fdc419e5d309	0.0277947313725813	0.3057585404879336	0.6530029856655065	0.0134437424739785	0.0281734884965222	0.661901417870519	2.063233184133351	2.0	0.4610612457577106
SC001	6845099a-b2c9-48d8-b856-9903d39bb92e	a236f15a-76cc-4a2d-9087-e824ad581453	0.0224502251620672	0.3107566435181367	0.6064529963875097	0.0603401349322864	0.02389186342491	0.6453962959712104	2.005112195241802	2.0	0.385312943522449
SC001	69dba721-a168-47a4-b7ff-80a448bad654	356e0f37-c095-455e-b3ea-252afa34806e	0.1661085726539432	0.6508915758045626	0.0930834831664549	0.0899163683750391	0.1825201189008917	0.1022801421010657	1.5202312828202715	1.584962500721156	0.3059662821770525
SC001	6c3655ca-8ae7-4ad7-b3e4-0c3ec293fba7	185bc9bd-1e20-467c-9c06-908c8aa27e7d	0.0053774969895914	0.0137076687065965	0.8929944080629464	0.0879204262408656	0.0058958638525672	0.9790751089649684	2.5666418270696734	2.584962500721156	0.366718591043015
SC001	6d72de06-232a-4983-a06c-eba6d82cb3f1	2885d4b3-34a6-421d-b20c-eedad721d10a	0.0030021608960295	0.2602147699717929	0.641753130000165	0.0950299391320126	0.0033174146039152	0.7091429404688127	2.054546401219663	2.0	0.3745033890327578
SC001	6dfd47d2-831a-4386-9051-f78199a16bb5	c4c061cd-e926-400b-b18c-b47c234337ca	0.1566072282796958	0.6643518136680798	0.0905596885670455	0.0884812694851789	0.1718091170669031	0.0993503320726035	1.539646954745476	1.584962500721156	0.3040104754458048
SC001	6ee9caec-65ac-46db-9426-ffaa31967ae2	1a929496-806b-42f7-a45d-5f66a73eedcd	0.0138891179915213	0.1978951882948715	0.7279250449499365	0.0602906487636705	0.0147802274961381	0.7746278612554417	2.0996582487654467	2.0	0.3859453904819315
SC001	70081320-540f-41d2-8687-ee6d011f8eb0	cca5449d-6645-4588-a0b5-c1f0b57e5c3b	0.2276693664120878	0.4635864275934876	0.2475628061956683	0.0611813997987562	0.2425062374811118	0.2636961028920828	1.5629246319967818	1.584962500721156	0.3781666026178596
SC001	706420c4-8820-4b41-80d9-f3efd1d2a4f0	b5c9beed-da9d-4110-9b6d-54a66498d5cc	0.0171881958992461	0.1489863583128515	0.7692459957441895	0.0645794500437127	0.0183748324751357	0.8223531071453763	2.037113928900159	2.0	0.3127256297137366
SC001	7093024b-cf56-4783-b973-b72573ed7f2b	0d7f5772-0319-4b56-9970-49fd21082f04	0.0282071161110469	0.3245962753410422	0.5792191082592415	0.0679775002886693	0.0302644154189232	0.6214647269123217	1.8965569433000191	2.0	0.3298173342501198
SC001	742e0e32-25b5-4d41-8bf5-364b571cfd93	2df58e78-c244-4e4e-9360-d1ce8943c01d	0.0331227421935569	0.301750160830048	0.5996733912871353	0.0654537056892598	0.0354425911217015	0.6416732856764628	1.9496622598398876	2.0	0.3969644718428757
SC001	765ad5a5-134b-4680-a6d4-1dd113dc47cc	3bce57d8-32d5-4f56-b0a4-544c3fee778f	0.2740049156260825	0.6103788990977022	0.0440591854576645	0.0715569998185507	0.2951230345562761	0.0474549169405703	1.4307933885289128	1.584962500721156	0.2985864654997817
SC001	7782ceaa-da49-4232-8b3f-534971adaad8	9fd8c73a-da18-4019-9deb-16c93fe1fce2	0.0213450340629794	0.3242498721607311	0.5670455107797371	0.0873595829965524	0.0233882191335152	0.621324127460372	1.9874279799534211	2.0	0.4243635633204159
SC001	781f40c9-c099-4c96-8269-ebe2a449c93d	597244d5-db58-435e-9ddb-98e0c2ec97fd	0.1893010903452485	0.6435676228494136	0.1031456707850155	0.0639856160203223	0.2022416466939235	0.1101966727759763	1.5147561217430174	1.584962500721156	0.2950747362233781
SC001	78ae716b-0ca5-4c01-a053-d41288385fcd	dd9c2f71-145a-4f7f-8b64-095b1fc75c3d	0.360176830575854	0.5131550731570526	0.0397868795671609	0.0868812166999323	0.394446853096322	0.0435725124647734	1.38806825749895	1.584962500721156	0.3570265170275549
SC001	793649e5-f479-4d64-8723-2ef488fe0fd9	1454406f-934b-4073-814e-387008c99a2b	0.0054929647163617	0.1245236956270722	0.8091153522590436	0.0608679873975223	0.0058489803804471	0.8615565664904361	2.179448780480312	2.321928094887362	0.3322529900456222
SC001	7a0ea814-f0de-4bc4-a81a-daa000559369	d2355f3a-e2ce-4791-b1fb-b570850681df	0.0348382627055737	0.3544859211850288	0.5194068257921911	0.0912689903172063	0.0383372662915229	0.5715737883463423	1.8911089910691927	2.0	0.3841270400236351
SC001	7b9479ff-23d6-4689-91f0-02efc94300f9	ba172f1c-7e94-41e6-8078-41079b8eeee8	0.0002474308430793	0.01078798475826	0.9249129868201836	0.0640515975784768	0.00026436376454	0.9882093761015156	2.228303304313747	2.321928094887362	0.2786851163936885
SC001	7c4ed533-ee66-48be-a84b-ff8607742818	07b7f665-383c-4cf0-a677-52bce36a674c	0.0009897233723174	0.2814278409184633	0.6570113653233921	0.0605710703858271	0.0010535372513213	0.6993731453354638	1.971860004861204	2.0	0.3272174826328837
SC001	7ca711ec-9ac0-4fa7-8a60-32ae84b8789a	07af724b-7a04-47b8-b282-662710a1c347	0.0069445589957606	0.3977368325553008	0.5340217409234119	0.0612968675255266	0.0073980353910766	0.5688931062962377	1.965458462461172	2.0	0.3914040685905262
SC001	7e7f089c-25f7-4e14-aed5-d741047b9e42	6601f037-bdf0-4171-86e4-aa4da7c9e83e	0.0044537551754284	0.2987809907130956	0.6344291770450159	0.0623360770664599	0.0047498416719442	0.6766061501653649	2.0014349498238357	2.0	0.3776000093860221
SC001	7e83f9dd-b038-497b-a113-a55605398b7b	754b78a3-43cd-467c-bcca-377f76b9038f	0.0	0.0497006086798739	0.8639460270854297	0.0863533642346964	0.0	0.9456019354372788	2.204698183569148	2.321928094887362	0.2807805950078721
SC001	7eb540b4-8dd3-4382-a488-e48b1c7213b3	763310b9-3fb9-4a22-851c-e4335a2ed21c	0.0231430315226894	0.3283407287663098	0.5600349702258219	0.0884812694851789	0.0253895293074431	0.6143976546806855	1.908463153368752	2.0	0.360014386961315
SC001	7fd03220-531e-4ef8-beca-e9703e8c0ae1	337b38b7-752e-4246-aba2-163140b1e3c7	0.027415337413193	0.6734242779143229	0.2295663362090295	0.0695940484634544	0.0294659953194808	0.246737820012765	1.7024927126352265	1.584962500721156	0.2828717885634591
SC001	81a0b2ff-a3d3-41bb-9ce6-765e6ae894af	29152789-d08a-49d2-87b2-2e2ea8ff6573	0.0073404483446876	0.2304570872441152	0.6758491001765007	0.0863533642346964	0.0080342312414241	0.7397270166823139	2.037659705714065	2.0	0.3594165796516635
SC001	83e38dbd-edab-47f2-b19f-6ea38fc6bece	56703aef-270a-4537-b9a1-c9ebbe873411	0.313857776751398	0.5707569734259275	0.0292958118205961	0.0860894380020784	0.3434228575554112	0.0320554472601256	1.397286973638234	1.584962500721156	0.2966645920744167
SC001	84c3ba70-afa7-4b69-be69-7ec8d6022c56	0e02dc1a-653b-4b16-824a-251a1aa41c2d	0.007587879187767	0.0186562855681836	0.8813981492172938	0.0923576860267555	0.0083599883687118	0.971085344576912	2.391641733696846	2.321928094887362	0.401222451456716
SC001	8504fd86-a70a-4cba-9ec8-25c9e60ca549	dab00804-e92f-43f1-9348-16f3015b5dce	0.0049651122511258	0.2631179585305907	0.6363756330105735	0.0955412962077099	0.0054895953019277	0.7035983294121938	2.1143251581515203	2.321928094887362	0.4049361024520433
SC001	851867cb-9ad0-4fdf-ac75-9bb0427ad440	9a91307f-a0b6-4baf-85be-95bfcf0d095a	0.1085891493327615	0.6198142619137951	0.2053511043663296	0.0662454843871138	0.1162930379635027	0.2199197979048527	1.6148626378681512	1.584962500721156	0.2917563008802476
SC001	86faf16c-56fd-4b7b-a6b2-b4c83bec93e1	08acba8a-143f-43e6-9562-e41dcacba681	0.0070435313329924	0.1578443824950926	0.7383666265278854	0.0967454596440294	0.0077979473318967	0.8174513313123196	2.095967040994902	2.0	0.3459761708867094
SC001	87f1b3df-4bc7-4336-b658-f30ac1c5c796	8745dbd3-cf9f-4edb-b419-5f0bd590f273	0.1942826979859129	0.6423139732444781	0.0696600300216089	0.0937432987479999	0.2143793228977066	0.076865671641791	1.4954264769479455	1.584962500721156	0.2959063625121712
SC001	8869000d-09d7-465a-ac32-54d1935c43e7	23157ce2-7257-4118-9a6e-4cdfbc6c4bf7	0.0161984725269287	0.0728766309816406	0.8241261567391914	0.0867987397522392	0.017738118892361	0.902458409349542	2.310724382490787	2.321928094887362	0.4171521151634517
SC001	8994c8c4-9ea0-46cb-b4a5-0055d7da5bfa	c0fe5ffe-c0a3-4e62-aa55-2bc18788e505	0.0	0.8691255794005576	0.0497335994589512	0.0811408211404912	0.0	0.0541253769926755	1.6248510413360326	1.584962500721156	0.1667509686161752
SC001	8b119d1c-6d21-4bbd-8a00-12da7b97d6c4	27e4accb-fbc9-4d65-93d1-169870998203	0.23555416261155	0.6410273328604655	0.0326608712864754	0.090757633241509	0.2590664175178244	0.0359209738575134	1.411702304096306	1.584962500721156	0.4214540856727795
SC001	8d535aa6-6d59-4965-b5ed-17217d8f5930	1c1c73ec-c57d-4b5b-9a17-8cd3557f21f9	0.0648598716658693	0.8050244956534649	0.070666248783465	0.0594493838972007	0.0689594696504673	0.0751328504533576	1.5758477835931437	1.584962500721156	0.1910872917121205
SC001	8f04660a-2efb-4947-9eab-375066b9eb33	752c10cd-6816-459f-9844-1775e75ad6cf	0.1269155271101727	0.7079656236082015	0.1009847747554558	0.0641340745261699	0.1356129373402661	0.107905173173526	1.565309442897231	1.584962500721156	0.2859575679588647
SC001	8f52cccd-5709-4753-9670-31a573ee27ab	2cf77e0e-8054-4ec4-97a6-247c7c881c6f	0.3222374346370189	0.5343516487141844	0.1300826419015885	0.0133282747472081	0.3265903201538075	0.1318398395051408	1.455132975509927	1.584962500721156	0.3616476133826959
SC001	923b37e4-fcf7-46a0-8cb2-9139711fec7b	32342d96-3b04-4881-9e98-9cb63918fe48	0.0207512000395889	0.0472592910281576	0.838576117975026	0.0934133909572274	0.0228893740902474	0.924981804949054	2.319383836626314	2.321928094887362	0.4064597652739479
SC001	9240d5fc-de23-4436-8099-da9bd3054860	1a40c0ef-0b6f-48c9-98cc-b64e8660f2a3	0.0164129125909308	0.1478151856556092	0.7676129521798657	0.0681589495735941	0.0176134251473686	0.823759536917385	2.092781488143843	2.321928094887362	0.3099971250402055
SC001	927fc5e0-2c14-4c20-a49b-f10d8a1175c3	5a1d5fb9-900f-4f73-bead-d67cae987a8a	0.0080332547053098	0.3470465005031093	0.5806377117595632	0.0642825330320175	0.0085851285124986	0.6205267425871734	1.9378474747504375	2.0	0.3601895500730402
SC001	93766482-2f20-4c8f-bbd8-bdd203c37d5a	39509ea1-e728-4350-b444-798c72ade33a	0.0723982646850205	0.5438035069198159	0.2951025188459825	0.088695709549181	0.0794446656771531	0.3238243492741556	1.6975854403127109	1.584962500721156	0.3142853866182515
SC001	953a908d-0993-42f6-853b-512611d19a2c	4bee0576-d35f-477b-b974-79cb89c88950	0.1009187931973013	0.7569569305379147	0.0463685399930719	0.095755736271712	0.1116056769674194	0.0512787770440366	1.540959980218051	1.584962500721156	0.2123370916665107
SC001	95fa64b0-91e1-4427-b81a-53c47a053563	63e09d3b-9462-4555-b5e7-41740faa7dde	0.0001319631163089	0.2447420945845636	0.668244725599195	0.0868812166999323	0.0001445191126526	0.7318267215839295	2.039238904418861	2.0	0.3741178299660389
SC001	962fd4e7-9199-43d9-abce-e3dfa46da62c	431c3f05-aa24-4d13-8dfe-96145289ae02	0.0165118849281625	0.3751546442769246	0.545815944443528	0.0625175263513847	0.0176130065278975	0.5822145584431581	1.899028643312885	2.0	0.3485655667702701
SC001	98ee294a-46ed-4572-bdd4-a932c3498a25	e13c84fa-e93c-42dd-874f-c1d616c72dd8	0.3864374907213433	0.5214027679263645	0.0263266417036438	0.0658330996486482	0.4136707162028535	0.0281819466026274	1.3591567308007175	1.584962500721156	0.3192263997361451
SC001	9944f46f-9fa8-4e2c-a806-776bec7f8803	21b2f32e-ccea-4b20-86d3-6647e99825cf	0.2892796463388483	0.4571862164525015	0.1707437771142965	0.0827903600943536	0.3153909790662542	0.1861556722537947	1.4869950235033722	1.584962500721156	0.3783006074793641
SC001	996a0070-e9bf-4601-8ef7-60212108258d	8e131477-b3c5-43ea-bb00-c3052e67c74b	0.0150272998696864	0.379476436336044	0.5022351252824836	0.1032611385117859	0.0167577212442286	0.5600684288946526	1.8842242855445652	2.0	0.3424722549898415
SC001	99c35245-e1c8-4805-b7a5-f703bb506030	a6db405d-97ac-4a86-880d-d81838caef14	0.6388334460518286	0.2916054962637943	0.0120911205318113	0.0574699371525658	0.6777857505381614	0.0128283659146992	1.1946862989452995	1.0	0.2896995685718552
SC001	9b132e4f-7e35-4cc5-8711-43ad62b906d0	0791e7aa-e97c-4dd0-9615-09ec7090f684	8.247694769311977e-05	0.0055919370535935	0.8996750408260891	0.0946505451726242	9.10995718320124e-05	0.9937323494579576	2.428942127297314	2.321928094887362	0.3311159074976269
SC001	9b4eeecb-6aff-435b-a244-ec362af92b7f	89aa7c0e-a004-4338-899b-b99728889969	0.7953746927733698	0.1212741038879633	0.0022763637563301	0.0810748395823367	0.8655489337258563	0.0024772025561858	1.0787076237757942	1.0	0.2059402326325679
SC001	9b93a7c5-f9b4-4461-8078-0201a725c9cf	a8db5a04-924f-4348-9bcd-24c24e2346dd	0.0003793939593883	0.9418702472658892	0.0001319631163089	0.0576183956584134	0.0004025905828811	0.000140031507089	1.584545698525681	1.584962500721156	0.026456786089659
SC001	9c7875ad-ab71-4d48-b2e3-e4c7a46393e9	357f3efe-e2c9-432a-a2b6-75a5fdbae3be	0.0	0.0236049024297708	0.8947924055226564	0.0816026920475727	0.0	0.9742977225375388	2.2254716227207925	2.321928094887362	0.2558527294401952
SC001	9cfc1519-33e7-4145-a4ad-78b5c449853a	6023ee7e-e392-4f33-a781-7af6bff1a403	0.0915164211602857	0.8326707685201986	0.005130066146512	0.0706827441730036	0.0984770492385246	0.0055202527601263	1.5294516469595445	1.584962500721156	0.1793869847929566
SC001	9dda72ec-1698-44e2-b35c-11e9a2704380	1e39a044-eed2-4c19-9cc7-4c80d21087ab	0.0227471421737624	0.542615838873035	0.3698761196245649	0.0647608993286376	0.0243222745471541	0.3954882974407817	1.792322088861213	1.584962500721156	0.3218757291135503
SC001	9e640ff7-996e-427b-b56c-519a1e23baab	d5cb5845-eb00-422d-a3d1-d3061ba078d5	0.1024528644243933	0.6004651699849892	0.2337066789832242	0.0633752866073932	0.1093851816628802	0.2495200859442419	1.6431345813326108	1.584962500721156	0.3158897837784717
SC001	9f81c602-8afa-4588-b0b6-6e5a1a128d5a	4d85772b-287e-4790-b1e8-cd1c0e88ad48	0.2401398809032875	0.6522936839153457	0.019431568876499	0.0881348663048677	0.2633502170767004	0.0213096960926193	1.448224082513766	1.584962500721156	0.2999527449153769
SC001	a1e65587-24c1-4b41-92a7-4e1f15fffd78	d809a778-d1ac-4406-ab09-67cc70f1f0c2	0.0086270887287003	0.0720188707256321	0.8251158801115088	0.0942381604341586	0.0095246767437625	0.910963394645784	2.4232905740006645	2.321928094887362	0.3739815971327702
SC001	a214a959-3b21-4f25-a615-383cda7afdff	bc4e0d7d-c267-46d7-a79b-075456fb3b68	0.0	0.1253979512726193	0.7803968790722993	0.0942051696550814	0.0	0.8615603146853147	2.07588163617819	2.0	0.2535587878639311
SC001	a250a369-e536-4a18-b7af-2911133d7bdc	48257830-1c09-4bb6-b7a4-3dd3049a42f7	0.0765386074592151	0.4460518285139304	0.4168549890305659	0.0605545749962885	0.0814721168703469	0.443724539963478	1.742960926290566	1.584962500721156	0.3342699910863883
SC001	a3f6bc1c-19ab-4eeb-a9ac-3d2fac850bde	b355e6c2-b427-40e7-92a6-2c8c942db86f	0.0114642957293436	0.3637233393266582	0.5355723075400426	0.0892400574039555	0.0125876152355423	0.5880499157807039	1.9166563685437512	2.0	0.3417143934408284
SC001	a3fd20b2-e001-44ab-9716-754e5ae70808	3c330531-cd16-4176-b67a-7997c4e518b5	0.0022928591458687	0.9396268742886364	4.948616861587186e-05	0.058030780396879	0.0024341125995972	5.253480430785395e-05	1.5835773524711294	1.584962500721156	0.0293178515974643
SC001	a52e99d6-a61a-439d-b0b1-ca7a0eabcb04	bf5d88da-2302-4b32-be0f-cc45638039c9	0.0002639262326179	0.1547762400409085	0.7583590386486977	0.0866007950777757	0.0002889494880176	0.8302602351326459	2.137167822654858	2.321928094887362	0.3310226443399721
SC001	a534b96b-1665-444a-9308-e610f2f0e510	6c2f3100-7ed8-41dd-9f8f-98b8eb245c12	0.0	0.3275159592893786	0.584728568365142	0.0877554723454794	0.0	0.6409778854673345	2.033059149842216	2.0	0.3903737623929054
SC001	a5bd7d50-9c14-49e6-89cf-6bf440c42309	ce8e86ec-52dd-45ad-b65f-ca10e5f782f4	0.0010392095409333	0.1011662240403807	0.792075614865645	0.1057189515530409	0.0011620614601394	0.8857121776662855	2.397191340619069	2.321928094887362	0.4242371341360953
SC001	a65700c2-e58c-4fd4-aeb1-5686b8f4d212	4420aae3-3f44-4852-974d-74f155b99fe4	0.155370074064299	0.6769872820546657	0.0753179486333569	0.0923246952476782	0.1711736270126849	0.0829789554029004	1.5285298285751985	1.584962500721156	0.2909201839418286
SC001	a7911bdc-13f1-434a-bfa3-f8ba55d15846	6a460559-d291-43c0-a624-25474e601e99	0.1132408491826534	0.5813800042888013	0.2105306566814575	0.0948484898470877	0.1251070654055728	0.2325916206513221	1.640196625955111	1.584962500721156	0.3550099576998395
SC001	a8d6694c-a213-4544-ac0b-63bce16d8f4e	336eb991-5705-4bc0-a167-6d7f82f81697	0.0175510944690958	0.6502317602230177	0.2421193276479224	0.090097817659964	0.019288990409891	0.2660937981544932	1.68411806921425	1.584962500721156	0.2064111452317718
SC001	a8de1beb-6296-44eb-bd63-c603f70faaf3	556bb046-bd81-4366-a167-e86d991ee732	0.0004453755175428	0.1588670966464873	0.7776916351879649	0.0629958926480048	0.0004753186395324	0.8299767621998451	2.2439524257738297	2.321928094887362	0.4274986138388487
SC001	ac0d7a82-82cb-4aec-b859-e37375f3de8b	3073311b-5b00-4fd7-b1f6-1067d2e86564	0.223974399155436	0.6222060933968956	0.0845388713854477	0.0692806360622206	0.2406465448487319	0.0908317530085248	1.4957971028983654	1.584962500721156	0.3329697120562304
SC001	ad74c0e8-8878-4efc-997d-981cd547bc5b	05c6aeef-ef6a-4176-b283-68def74d13ae	0.1234844860861389	0.6984312884548769	0.0911370272008973	0.0869471982580868	0.1352435323023558	0.0998157248157248	1.5472773746754314	1.584962500721156	0.2491036063916079
SC001	adbaba9c-5efc-4130-82f6-8055eab13795	8178f402-db5c-4343-a6f6-4d4f9d3bf4ac	0.0001319631163089	0.1040364218201012	0.8350626000032991	0.0607690150602906	0.0001405012381671	0.889091835121797	2.1676224083983686	2.0	0.3410455785840365
SC001	ae39e358-08d7-4367-ae68-82b469e791e4	1f5fa8fd-1de8-4456-8935-71b5a8b54bd2	0.0009072464246243	0.1277567919766425	0.7727100275473006	0.0986259340514326	0.0010065148964204	0.8572578874167338	2.1430835455799206	2.321928094887362	0.3019090074105749
SC001	ae702159-5b6a-41dd-868c-7540f9e1131c	745aaf77-a464-4363-b6e4-10d30ff947b8	0.0	0.0216584464642132	0.8846972271250185	0.0936443264107682	0.0	0.9761038110144504	2.622327080440567	2.807354922057604	0.3361786223024695
SC001	aea68827-dc0f-484d-a00d-06deeaa4b3ce	1e9dac94-1a10-47d0-ae92-81d38a264376	0.1510317866156409	0.7498144268676905	0.0132787885785922	0.0858749979380763	0.1652200588267138	0.0145262284136636	1.498651421751799	1.584962500721156	0.2424394589493518
SC001	afe83af5-af22-49c0-88b4-f1d0dfcbe238	54e85adb-6f45-4815-9816-a18b349cce42	0.0325289081701664	0.8045296339673061	0.0806294640647938	0.0823119937977335	0.0354465874570848	0.0878615210396707	1.6011875916309894	1.584962500721156	0.1664343092966172
SC001	b256e065-c681-4f82-8b68-a8ef7c413791	11f47c9a-6435-47fb-ace2-74f29f5f3f01	0.0049651122511258	0.2165679692525939	0.6834864655328836	0.0949804529633967	0.0054861933837601	0.7552173516813998	1.9932011611890468	2.0	0.2976752241139692
SC001	b2bc53d6-ef78-4ae9-a6b5-1c7cad9a43eb	796a6e60-2289-48e0-8a50-ddfce6ebf73b	0.0134437424739785	0.1981096283588737	0.6945383765237616	0.0939082526433861	0.0148370653559075	0.7665210267613326	2.099523975645129	2.0	0.3907963315812862
SC001	b36b7567-30d3-4d0c-84c4-b203986e0fdb	657cb9df-3597-459a-991a-2dda352e08ae	0.1023868828662388	0.6345611401613249	0.1757913663131154	0.0872606106593207	0.1121753745504491	0.192597545768348	1.63403193692494	1.584962500721156	0.3449840851737178
SC001	b89de053-d253-447f-952e-9a2edcf6bca5	2421f79c-fb83-46f6-9ae2-dd275575f568	0.0260132293024099	0.1978127113471784	0.7152235950051961	0.0609504643452155	0.0277016582349634	0.7616462900505903	2.071268199751323	2.0	0.4131091816345125
SC001	bab335f9-b241-41a7-b107-79b9676b37b8	1d8e9258-d210-4ef8-b448-65d628bb3063	0.0090064826880886	0.3056265773716246	0.6218102040479686	0.0635567358923181	0.0096177558569667	0.6640126827549763	1.925372599522199	2.0	0.3043942620029322
SC001	bbe88801-34f3-46d2-bbfd-b46c3901ed71	45885727-79fe-43d6-866e-1fe7ded4bfdc	0.0080332547053098	0.075532388697359	0.8305428632697162	0.0858914933276149	0.0087880756460228	0.9085823588855204	2.355281976695453	2.321928094887362	0.3905480510632726
SC001	bcf2e591-9dae-440f-bd03-5f27c57db741	49a4f112-f32d-4b68-989b-d761767ee973	0.1415799284100094	0.6761295217986573	0.0981805585338897	0.0841099912574435	0.1545818024637994	0.1071968878322887	1.5562313341904448	1.584962500721156	0.3005893616101172
SC001	bd4e9a9f-17f3-4d33-92fc-fcc45dd0e7b4	3e88613e-9b97-4dbc-a052-b6dfe8c09956	0.0152912261023044	0.3034326905629876	0.5979908615541956	0.0832852217805123	0.0166804620865872	0.6523194299492568	2.008946089520497	2.0	0.4175919424463536
SC001	bebd0025-74e2-451b-93b3-86f82df43573	3e11762a-faf0-489d-8985-8ede2ccabd76	0.0002474308430793	0.2250136086963693	0.7141678900747241	0.0605710703858271	0.0002633843128303	0.7602149215992695	2.020384148453657	2.0	0.3244755459984842
SC001	bf15f7ad-9d92-473b-91d1-f24aa373ab97	42208ba8-f465-4d62-9ed9-5dbfaa525913	0.0489253253715586	0.0792933375121653	0.7846032034046484	0.0871781337116276	0.0535978893346344	0.8595359427518161	2.084763226385552	2.0	0.398737966844564
SC001	bf34664d-423d-4257-99d4-797f7d366455	5d4e89c1-563b-4008-9cfd-1b3eb4fbf88a	0.1472048562426801	0.5685960773963677	0.2183824621018425	0.0658166042591095	0.1575759716066604	0.2337682976356541	1.593189378600152	1.584962500721156	0.3205131155034184
SC001	bf755bc2-b7aa-4c3c-8b3c-58b089b5cab6	88c65791-1a9c-4121-955a-9bd5ed1b0bba	0.009649802880095	0.1271959487323293	0.7641984065453705	0.0989558418422051	0.0107095782073813	0.8481253661394259	2.1627422440232684	2.0	0.3811044148612668
SC001	c0e263eb-1a83-4dc8-8abe-3dd2a59bae1b	3e8b8c83-55c0-43f7-a4c1-24386b6f4f3a	0.0016825297329396	0.4111310888606634	0.5170644804777065	0.0701219009286904	0.0018094089264173	0.5560561981125381	1.8592498544318368	2.0	0.2782553765866886
SC001	c0fdb152-25d2-404b-bec7-a43ece381f5b	25b98904-0171-403a-a66f-11f586ecf8c0	0.0015010804480147	0.0171222143410916	0.8859673721194926	0.0954093330914009	0.0016594029796312	0.9794124619340252	2.475480080163485	2.584962500721156	0.3261113842114787
SC001	c4cfa3cc-e305-42dd-be57-97efbb891659	7d86a05d-f448-4a95-9bbc-6e19338ba98c	0.0002639262326179	0.9408475331144944	0.0023753360935618	0.0565132045593256	0.0002797349511338	0.0025176145602042	1.5858437707158166	1.584962500721156	0.0229918932831247
SC001	c4d1e105-28b7-48df-abef-fbe09782fdb2	38c83b40-fba4-48d4-ad6e-93768cb6139f	0.0	0.1709582171782986	0.7377068109463405	0.0913349718753608	0.0	0.8118578223141996	2.256988357134336	2.321928094887362	0.3769441371897499
SC001	c650b1ff-8a4c-4ee9-b7c1-268c28c83827	2e0b958b-1e93-41ab-8a8a-21a2d7f99935	0.0208996585454365	0.1301981096283588	0.7552249146363591	0.0936773171898454	0.0230598427489807	0.8332847990681421	2.216611968289518	2.321928094887362	0.4334626307371567
SC001	c6d78e27-e510-4f57-abae-19efa6105a8d	7ca68089-c61f-4d31-8cc8-fb11ae70910a	0.1052240898668822	0.740494531778368	0.0672352077594312	0.0870461705953186	0.1152567484551729	0.0736457919271492	1.5671095400954775	1.584962500721156	0.2724481257676849
SC001	c8544fb3-b26e-4672-bb81-a271db724b04	5449bced-1356-4de5-9352-349725656c5c	0.0	0.0978341553535786	0.8175939824818963	0.084571862164525	0.0	0.8931274326077555	2.089039745982128	2.0	0.3017806689987902
SC001	cbbea9f1-396a-4bf3-b67c-2cac3394dceb	5e04d394-7a40-4e89-ba20-892774dcb469	0.4634214736981014	0.3965161737294426	0.0468139155106147	0.0932484370618412	0.5110787702383118	0.0516281608149899	1.3053707012378148	1.0	0.3362816754709308
SC001	cc3d9750-7ce0-489f-86d4-8017b7ebed29	68d19e88-7fbd-48cc-a09f-55c47bfaf6e7	0.1005558946274516	0.7747224650710126	0.0353496197812711	0.0893720205202645	0.1104247803640974	0.0388189475590979	1.554778422160204	1.584962500721156	0.2683390190320175
SC001	cc4bd56a-25c5-4c48-b583-ac3aeb778ca6	a74f6423-b5d3-4ae2-b61f-3ee04b1073bf	0.0016825297329396	0.0157530970093858	0.8892664500272174	0.093297923230457	0.0018556588498553	0.9807702803500282	2.5282457408227303	2.584962500721156	0.3563927472494663
SC001	cc68632c-b1e3-491b-b562-9468e2d1c101	a7347072-546c-4370-9214-96a17a713b27	0.0	0.1793873612325355	0.7351005393992379	0.0855120993682265	0.0	0.8038384530745504	2.159898739739412	2.321928094887362	0.3514851739618059
SC001	ccecce70-dd54-4c5b-bf9f-ca87d290cb00	4eaa4b4a-e9db-4e65-97d6-7fa1a205da95	0.0667898322418883	0.8519703742803886	0.0	0.0812397934777229	0.0726956084599088	0.0	1.5424382958050016	1.584962500721156	0.1518788049478696
SC001	ccfdad76-cc45-447f-bed8-ede8f6a8844d	08b21fc8-ce08-47c4-b715-6e34213edc07	0.0	0.0571400293617933	0.8548735628391865	0.0879864077990201	0.0	0.9373473927906092	2.260333386511716	2.321928094887362	0.3244560463389582
SC001	cd0dc947-b708-464e-beb7-954c9d4583e7	c35a5ed1-1821-4077-ba1e-b972dfa3233b	0.0025072992098708	0.0763571581742902	0.8264849974432146	0.0946505451726242	0.0027694269836931	0.9128905894142296	2.1807337957758284	2.321928094887362	0.2892446661518568
SC001	cd902d08-215e-4bd0-88e4-4fd01ab43cbf	1e5c2507-a7ee-4714-afdc-08a6c0f415e9	0.2062253600118767	0.6437490721343384	0.0676640878874354	0.0823614799663494	0.2247348552939061	0.0737371921625022	1.4894656417850105	1.584962500721156	0.2957233567755453
SC001	ceead734-1ce0-4385-b65a-a9c853b7308e	37dd3ded-0df0-4d10-8756-0429a6da5405	0.0031341240123385	0.0308463784372267	0.9025617339953484	0.0634577635550863	0.0033464844300408	0.963717063547978	2.3292194768520886	2.321928094887362	0.3280918158014834
SC001	d15b7b29-c5c5-41d8-b83b-7cc12fe92820	57e160f5-45fc-44ef-95c6-54e112e3b7f5	0.0003299077907724	0.0800356300414034	0.8269633637398347	0.0926710984279893	0.0003636033087901	0.9114262339787292	2.1622576833300515	2.321928094887362	0.2800821741941384
SC001	d288b69f-1e79-4429-8646-9994b7c54f8f	5a9f5ccb-635d-440e-ad03-fde8f63a2233	0.0018804744074031	0.1028322583837817	0.7971891856226184	0.0980980815861966	0.0020850098763625	0.8838978710951789	2.228286969010483	2.321928094887362	0.3803836270211725
SC001	d344dae0-adf4-4697-b703-7690c13d8331	728db9f6-58b5-4270-a494-1298809f17c0	0.1077148936872144	0.7050294442703264	0.1244082279003018	0.0628474341421572	0.1149384823895939	0.132751306919191	1.573526612533684	1.584962500721156	0.262435323118113
SC001	d3ff328c-2488-47bd-8663-366b6812c7b5	7d0017c2-db42-4758-8dc4-0250ec5fd83c	0.2306220411395015	0.637101430150273	0.0487108853075565	0.0835656434026689	0.2516514570621164	0.0531526180319311	1.460702094343498	1.584962500721156	0.2844199816403248
SC001	d45aee46-838e-44af-8422-46710b3240a8	063385d8-f8bc-4268-8219-63dc2dc7973c	1.6495389538623956e-05	0.8692410471273279	0.070138396318229	0.0606040611649044	1.755957084408857e-05	0.0746632952290646	1.616545158723682	1.584962500721156	0.1121016423281562
SC001	d6e274a0-6425-437b-bc07-1225be7808d5	64a45521-0494-45f6-b605-198e5c2c56ba	0.0172046912887847	0.6100489913069297	0.2888342708213054	0.08391204658298	0.0187806107749928	0.3152909824258139	1.7386700103178931	1.584962500721156	0.2974370502403725
SC001	d721bfe0-90e3-415e-b9f3-1a270efa5fbb	1aea8530-43fd-47ea-a2f1-377267dc9d33	0.0029526747274136	0.042723058905036	0.854807581281032	0.0995166850865183	0.0032789888257922	0.9492764242535264	2.4437072693648525	2.321928094887362	0.3844277850765811
SC001	d7ae8efb-aa4d-4807-9772-55b0a28ccd5c	493205f9-34b7-483b-885a-ace1e4894250	0.0202728337429688	0.3154743249261831	0.5956155254606338	0.0686373158702142	0.0217668520420814	0.6395097587758138	1.944511608015881	2.0	0.3649884903200571
SC001	d94fe32f-bedd-4f4c-9feb-fcb60d40f4bb	7a03048b-58b6-4cae-b143-81c0a4977ac6	0.1042508618841033	0.7819639410784686	0.0276297774771951	0.0861554195602329	0.1140794223826714	0.0302346570397111	1.535507646505132	1.584962500721156	0.2400101054691739
SC001	da345947-498b-4272-a231-a987ed4fe151	70058d0b-3a99-490d-8f3a-97611faf2326	0.0001484585058476	0.6446728139485014	0.2942282632004355	0.0609504643452155	0.0001580944350758	0.3133256042720629	1.7166875518807283	1.584962500721156	0.1977865399396862
SC001	daf0e08e-1738-43f8-874a-b37d79cbe3a7	359f80d0-faea-42ad-82c7-e34d238a3a3e	0.0255678537848671	0.3327449977731224	0.5474654833973904	0.09422166504462	0.0282274954016499	0.604414416055071	1.948527978035262	2.0	0.3984247016779098
SC001	db769d5c-a794-448d-9130-38a82d051c95	d1a83e2e-276f-4366-acd1-fe6bd3f7988f	0.0349042442637282	0.8625604143641852	0.0206027415337413	0.0819325998383451	0.0380192611757941	0.0224414259019692	1.5835203259359267	1.584962500721156	0.1806980212537237
SC001	dbd5b0de-94c9-45dd-afb3-6820a7ecaca2	3ba5f6b9-6458-44e2-a0aa-b5c7e5fcd632	0.0158355739570789	0.6731768470712436	0.224238325388054	0.0867492535836233	0.017339787587602	0.2455386171519399	1.6902522289418824	1.584962500721156	0.2296189988575932
SC001	dc9eaaa0-0bfd-46d0-994f-310826879da4	35300581-d122-4221-814e-801512df4984	0.0052455338732824	0.1907856754037246	0.713293634429177	0.0906751562938158	0.0057686028371367	0.784421144287632	2.0955399079394628	2.0	0.3390751332580415
SC001	dcd066ba-5894-453e-b1da-82092858c3db	de4bb1d0-8bd9-4614-85ca-c39d8c636bcc	6.598155815449583e-05	0.1944476518812991	0.7193969285584679	0.0860894380020784	7.219695328857122e-05	0.787163381705292	2.1047685166931727	2.0	0.3932995576033472
SC001	dd63d0fd-e24b-40a5-88c5-7d3d4106631e	6dd5d1bd-d39f-462e-9d6e-158dc08dc0af	0.0018309882387872	0.1467099945565214	0.7903106081850123	0.061148409019679	0.0019502424625764	0.8417843840044978	2.202863707650054	2.321928094887362	0.3403905467623327
SC001	e00a60d7-4253-443d-a187-680ad0931349	9f9bd43e-2204-4837-a4a1-8bba437b179b	0.0	0.0883163155897926	0.845372218464939	0.0663114659452683	0.0	0.905411373955444	2.2222956157474543	2.321928094887362	0.3147602855016952
SC001	e01e4fb3-236a-4d16-9073-555876b688e9	1c0bc537-7eb8-4bbf-b7bb-cc8e0e610277	9.897233723174372e-05	0.0894544974679577	0.8395823367368821	0.0708641934579285	0.0001065208514566	0.903616382906954	2.183163933633699	2.321928094887362	0.3058882562453746
SC001	e0acafdd-06d0-48a6-bd68-577ef666a419	d7fa3625-5e16-4211-b96b-b36b91b3d491	0.1616218266994375	0.5511769460435808	0.1952394305791531	0.0919617966778285	0.1779901177154483	0.2150123528556896	1.5867320272295602	1.584962500721156	0.3471542475204211
SC001	e1c55bac-bb41-4964-add5-ecd6ba04b58d	180eb213-0ddc-4f10-ab0e-b3af92cde3c3	3.299077907724791e-05	0.3646635765303597	0.5478613727463174	0.0874420599442455	3.615198293626405e-05	0.600357904631069	1.935359597971551	2.0	0.3402380489457153
SC001	e499069b-a16a-49e9-941a-e3e9ea62af25	b45ae61c-6377-403d-a094-2b7a245cb45d	0.0108209755373373	0.1988684162776504	0.7276281279382413	0.062682480246771	0.0115446210161378	0.7762877707970364	2.0940199687197114	2.321928094887362	0.358610007509243
SC001	e5f956dd-f49f-435c-83c3-5b1b0a2050ed	34492a58-bfc3-48a7-a1dc-a5c3f5f7d462	0.055968856704551	0.7151906042261188	0.1659106279794797	0.0629299110898503	0.0597275031685678	0.177052527812984	1.627217368302709	1.584962500721156	0.2311505294729368
SC001	e64f76e4-f748-4d9e-ba71-53e2818a7920	43b96e20-df08-4c56-915f-5d626f90c415	1.6495389538623956e-05	0.0239183148310047	0.8822724048628409	0.0937927849166158	1.8202668511203744e-05	0.9735879279902434	2.460346113848811	2.321928094887362	0.3289028969733106
SC001	e737f650-b72d-44e7-b750-558a56716803	2a675528-1abc-4220-a61a-25109850ce0d	0.0154561799976906	0.2346634115764643	0.6544050937762895	0.0954753146495554	0.0170876265159113	0.7234795294975837	2.081968312334169	2.0	0.4040460068672435
SC001	e739b4f7-ae46-45c6-9013-9571cbadaf99	cd8ff232-b36b-4ed0-a0c6-7e0e172ea390	0.2174422248981409	0.6382726028075153	0.0552595549543902	0.0890256173399534	0.2386919204722413	0.0606598341360953	1.469882809327548	1.584962500721156	0.2850216067180091
SC001	e7d30bc2-42e8-49c5-a5b3-9f58411b007a	5d0e7b83-5577-450a-b1a5-59ca03fc3bc5	0.0265410817676459	0.2182340035959949	0.6652425647031655	0.0899823499331936	0.0291654582366589	0.7310216067285383	2.002193538096704	2.0	0.3557575123309457
SC001	e8b7a103-644f-4865-92f8-80b053bd5e17	7407d705-6ec6-4143-93d2-eedcf5a22399	0.0468634016792306	0.7556537947643633	0.1128779506128037	0.0846048529436022	0.0511947237539193	0.123310628176019	1.608398472521234	1.584962500721156	0.2018659948126707
SC001	ea0b9461-0d4d-4ade-a255-1b03dd85e30e	485a7981-a812-4c8c-a288-4f5cd8a50607	0.0386651930785345	0.3283737195453871	0.6048034574336473	0.028157629942431	0.0397854572611854	0.6223267024237898	1.8236494819001945	2.0	0.2612115747414136
SC001	ebb33753-9d38-4368-9033-3e55f129d00d	89850fa4-1b8c-429b-bdfd-8a92804e289a	0.0074064299028421	0.1972023819342493	0.7020272833742969	0.0933639047886115	0.0081691319615013	0.7743209067918417	1.961303279788425	2.0	0.2524765666960211
SC001	ef03654a-dcf1-41ff-a67e-4f3fbf9ba807	7e1638d3-f134-4dc8-becc-9f4d49d83024	0.1660590864853273	0.7073552941952724	0.0438612407832011	0.0827243785361991	0.1810351028628974	0.0478168608833261	1.507226758093124	1.584962500721156	0.2792744968958807
SC001	f063ddbb-1668-40df-9ec2-b0a23ca2c389	76c0adae-eef5-459e-a4c9-397d94ebfdcc	0.0	0.0	0.9123764907708296	0.0876235092291704	0.0	1.0	2.3286627313106645	2.321928094887362	0.1279202705230788
SC001	f17d3463-af6c-42c2-a8e9-fae45f69286f	ea75499c-7bf0-47be-9b09-3c12aaa22f12	0.0062187618560612	0.1735644887254012	0.7321808554509015	0.088035893967636	0.0068190862062728	0.8028614839199797	2.1316049074014742	2.0	0.3804192540729799
SC001	f1985735-a188-4567-a88a-530f9b80291b	83d01ff9-d0a9-4606-80ed-9a417a980ef7	0.2070996156574237	0.5326361282021675	0.1601702324200386	0.1000940237203701	0.230134726422876	0.1779855192008065	1.5355581216508074	1.584962500721156	0.3521081202157
SC001	f1f80dd2-891d-46dd-a3e0-f007628cb515	6614550d-d050-4b77-9cc0-1e6a7438c675	0.0278277221516586	0.5434571037395048	0.3669069495076126	0.0618082246012239	0.0296610169491525	0.3910788381742738	1.8016082265468183	1.584962500721156	0.3557628984576476
SC001	f327dea0-2d30-482f-809c-76a148a749b7	3e2f1a0a-b097-45b4-8cf4-92a38e134bc5	0.2158421721128944	0.6242350263101463	0.0983290170397374	0.0615937845372218	0.2300093163880539	0.1047829984707061	1.4987860379214275	1.584962500721156	0.3106537610399976
SC001	f3501466-cf32-4866-b5fb-e94dd32341bc	48dd9724-8848-48c3-8628-7e78a24e3f2c	0.1574155023670884	0.7115946093066988	0.1242927601735315	0.0066971281526813	0.1584768420877825	0.1251307770230998	1.5419316459300172	1.584962500721156	0.3405610583611195
SC001	f3f024c2-52f1-400e-946c-398f5b72e6dc	91719392-76ce-479f-ba05-e43bf0201cc4	0.0129158900087425	0.3380895039836366	0.5523151279217459	0.096679478085875	0.0142982360030678	0.6114276322997699	1.9538633190644057	2.0	0.3805227420524485
SC001	f40301ba-831e-4afd-9ce8-5f3c1a05ff7e	1028d7a9-0ac0-4fd8-a34b-46f3e6e53f79	0.008594097949623	0.0147963644161456	0.96991240948155	0.0066971281526813	0.0086520417822209	0.976451832538984	2.121174053845121	2.0	0.3016949479734056
SC001	f59e5a76-f803-470b-910c-a897a149d939	194612e8-9876-4350-b54d-404db4ac27c3	0.1757088893654223	0.6787357933457598	0.0842254589842139	0.0613298583046038	0.1871891749406906	0.0897284948598541	1.5123585422428254	1.584962500721156	0.2804914290976023
SC001	f77b6930-a1ce-446e-a15d-c018cbbecfee	9a479d32-13a4-46c2-b26d-34cb6051a891	0.0	0.249723702225228	0.660178480114808	0.090097817659964	0.0	0.725548847917913	2.0591358541242464	2.0	0.3478460628723435
SC001	f77cf4d3-9829-4fd3-95a1-b29aed9e94b8	0a2d9fad-c5df-46c1-bf96-529c7c92dfba	0.0077693284726918	0.2210052290384837	0.6721376375303103	0.099087804958514	0.0086238464918705	0.7460634246374689	2.009291787458615	2.0	0.3462361219755671
SC001	f809e21d-5f2e-4f3b-a1aa-d6b8d463552a	745a2adb-7096-4c8a-a830-c627ade98da9	0.1767151081272784	0.6594856737541857	0.1031456707850155	0.0606535473335202	0.1881255926667369	0.109805780915253	1.528720684244509	1.584962500721156	0.2993466411805058
SC001	f809e7d9-a75e-41c9-ac2c-5bec6ffcb4a2	c78b35b2-7299-4fd3-88df-a40b087455e0	0.1810698909654751	0.6954126321693087	0.056364746053478	0.0671527308117381	0.1941045409534587	0.0604222662328476	1.4991083096826767	1.584962500721156	0.2694395734053361
SC001	f934ed41-090e-4313-bbc5-d1a4a9ed9ad7	6176e1f7-8dfd-4de4-8abb-3eff1839de56	0.0016495389538623	0.142866568794022	0.7943684740115138	0.0611154182406017	0.0017569134544432	0.8460768122562282	2.048174514167616	2.0	0.2542908585790341
SC001	fb6b289c-aaf9-4d8e-b6e0-5d35bce1b6e1	4bdf77d2-33cc-46e0-af34-1e66a90a213a	0.3870478201342724	0.4308760701383963	0.0829718093792784	0.0991043003480527	0.4296255607433855	0.0920992401354939	1.380219626657297	1.584962500721156	0.3648257529705843
SC001	fc79086c-af9a-4c27-b074-f7050b6f3381	284de41b-6ad8-4c29-9eca-9a841cd7c3b7	0.0745096745459644	0.4607657159823829	0.3624531943321841	0.1022714151394685	0.082997997170314	0.4037447402752512	1.75043637810038	1.584962500721156	0.3695834626899125
SC001	fcfe0b53-dfc1-42fa-9efc-2b2ff259297e	cb0017ba-aee1-4046-81da-320040863bc2	0.0224337297725285	0.3277963809115352	0.5611731521039869	0.0885967372119492	0.0246144935929921	0.6157243176717585	1.9128824318398971	2.0	0.3468904863213065
SC001	fd3fc273-c035-40ea-a459-ff4806f5d592	252c5d60-7033-44c3-8ab5-4604670a80f4	0.0145819243521435	0.3490589380268215	0.537700212790525	0.0986589248305098	0.0161780315508217	0.5965557629662165	1.9030848864873589	2.0	0.3219863148991556
SC001	fd5c44ef-ea50-4fba-9e8d-e371cf34ebdb	98038913-75d0-41a6-ac67-a9263f5ab18a	0.0270029526747274	0.4724114609966514	0.4154693763093215	0.0851162100192996	0.0295151722770135	0.4541225681986189	1.836893070182669	1.584962500721156	0.364479422032643
SC001	fe714ac0-f874-426a-924b-a2980232b5f7	2f073ffa-787e-4657-b1cd-d2db4865c809	0.0165613710967784	0.1209936822658067	0.7998779341174141	0.0625670125200006	0.0176667253211332	0.8532641210628189	2.2013333456757853	2.321928094887362	0.3980817706465585
SC001	ff07ea4b-4e50-410d-99d6-96a351dad7b1	ccfec92a-3843-4e73-9f83-746d9b2df60c	0.2206588258581726	0.6615475974465137	0.0239018194414661	0.0938917572538475	0.2435236933607616	0.0263785476324843	1.454538355409337	1.584962500721156	0.2761749783565569
SC001	ffb0c0b7-165e-4439-b3e6-62431f40b7fe	58493fd3-5923-436c-bf10-7315b007c5c0	0.0206687230918958	0.8341553535786748	0.066014548933573	0.0791613743958563	0.0224455431355689	0.0716895958727429	1.6022199221608513	1.584962500721156	0.3082619026331359
SC002	01240896-3f3f-4bf9-9799-55c87bfacf36	7c12327f-05c5-4721-8031-93a318835580	0.1126800059383402	0.7063325800438778	0.0976692014581924	0.0833182125595896	0.1229216152019002	0.1065464622471748	1.5662786514611042	1.584962500721156	0.2698187726763408
SC002	01ad5016-f691-4bca-82a0-910429d8d25b	5e797e09-26d0-42f4-838f-3b05e489e6ec	0.0	0.0784190818666182	0.8387740626494895	0.0828068554838922	0.0	0.9145010161322232	2.306960296633839	2.321928094887362	0.3008472617214638
SC002	01f493d4-229d-47a6-baa8-32a342c65d01	16acbdbc-a397-4318-b11a-244d7e1350e6	0.1426521287300199	0.712765781963941	0.0551275918380812	0.0894544974679577	0.1566666666666666	0.0605434782608695	1.5370916685836524	1.584962500721156	0.302083024082242
SC002	022f39e9-57ee-4b2b-8b3a-8929e3d69a37	418736a4-00d2-406b-a625-0d15726713ca	0.0530161819771373	0.5004701186018508	0.3536611517080976	0.0928525477129142	0.0584427392079135	0.3898607120776812	1.747891862343694	1.584962500721156	0.330035018512552
SC002	02f9668c-71e6-485f-88b1-b37dc8bdd2ab	9195e450-b568-49e9-b977-7241aeed04b9	1.6495389538623956e-05	0.0619236923279943	0.8497105059135972	0.0883493063688699	1.809398013280981e-05	0.9320571046012992	2.216793430152978	2.321928094887362	0.2963289166921004
SC002	05ff79c5-1127-4cac-8f4c-84089a3f2cde	4ea1a466-beb0-476e-8ae7-29c1f09ff7f6	0.3689193870313247	0.6033353677647098	0.0217574188014449	0.0059878264025204	0.3711417192167275	0.0218884832392963	1.3265708231399824	1.584962500721156	0.4206078744472205
SC002	0712566e-3371-4715-95f1-5b792e72d758	46fb1711-e385-49a4-bf15-7990123cbe6b	0.1201194266202596	0.8121999901027662	0.0296422150009072	0.0380383682760668	0.1248692491040348	0.0308143423015587	1.5263251532607571	1.584962500721156	0.2177654743851695
SC002	081a3dc7-45e1-457d-add0-c4686140a8d0	be63c85e-73ba-436a-aa62-c318131d1d92	0.0756148656450522	0.7525361661415634	0.0908895963578179	0.0809593718555663	0.0822758682580992	0.0988961679978461	1.6025298493725375	1.584962500721156	0.2830707637314018
SC002	091e3084-04ee-4497-893c-d46226dec78f	2fc854d7-4f80-4c39-bd92-397e94fee4a0	0.0925226399221417	0.7705656269072794	0.0515645876977384	0.0853471454728403	0.1011560172410683	0.0563761294162203	1.549103864574347	1.584962500721156	0.2079473697979425
SC002	09942e9f-c178-44bc-9cd9-f5bfa350b23f	68e7b9b7-1565-4034-91e9-9ec4e1a34b39	0.0	0.0756973425927453	0.8328357224155848	0.0914669349916698	0.0	0.916681796724645	2.204231967113871	2.321928094887362	0.2754502334159124
SC002	0a94eecf-4db2-4846-8383-c83ff02e4a9f	0152ba53-d53b-4ec8-a256-3dcad8e8d2a3	0.0255513583953285	0.1330188212394635	0.7575837553403824	0.0838460650248255	0.027889809146561	0.8269175369103349	2.0275706233346	2.0	0.3274332828500921
SC002	0c463362-7925-4d9a-9d63-098b50af2fb9	b09f0a46-e2bb-49e7-b1a6-5d684cf9a47d	0.0089734919090114	0.8598881612589281	0.0494036916681787	0.0817346551638816	0.0097722210246461	0.0538011065603219	1.6015755945982095	1.584962500721156	0.1110660456283455
SC002	0c53b010-4243-4da3-a059-7f54c9a850ec	04dd54d3-e4d1-4c72-860b-20e971609a5a	0.0447519918182867	0.8238952212856506	0.0494036916681787	0.0819490952278838	0.0487467433294403	0.0538136735243913	1.5961063097243235	1.584962500721156	0.2139720634202541
SC002	0dacc5ce-498f-4c60-9f78-7a013ffaa9ce	07a8c609-d838-4571-8d74-81e7083cbd76	0.1038384771456377	0.7509855995249328	0.0616432707058377	0.0835326526235917	0.1133029752155366	0.0672618297665544	1.5464566995506048	1.584962500721156	0.2217815150248439
SC002	0dc41cd5-0672-407c-9b4a-0f5f3970aa54	1bc0790d-1383-43a2-920a-ae5c7205e518	0.0128004222819721	0.1651683354502416	0.7316694983752041	0.090361743892582	0.0140719920210354	0.8043521624807326	2.033374627343106	2.0	0.3525048816047865
SC002	0e87e5fd-d5bb-4c0d-952d-711a6abbf336	6ab79ec9-2416-41ef-b2c4-49850a5ddf34	1.6495389538623956e-05	0.918413803341966	1.6495389538623956e-05	0.0815532058789568	1.7960092674078197e-05	1.7960092674078197e-05	1.5849594488523824	1.584962500721156	0.0030396541527348
SC002	0ec6ed47-db99-4273-9823-ffbde6a77091	844a9153-02d7-473e-a371-85b9d63c642d	6.598155815449583e-05	0.410009402372037	0.504626956765584	0.0852976593042244	7.213445863088797e-05	0.5516843396090312	1.8666858396782608	2.0	0.2945459731999588
SC002	0f008098-d8aa-46dc-8445-cca59838c582	8824fcd3-242a-47a9-933e-632d5531bd6c	0.0	0.8049585140953104	0.1132738399617307	0.0817676459429589	0.0	0.1233607588114827	1.6362336987154045	1.584962500721156	0.1369406860491231
SC002	0f74d992-00da-4728-9564-086ca1b95921	1fcb9c83-18cb-42a4-8769-fddb3541c95d	0.0109859294327235	0.1815647526516338	0.8013790145654289	0.0060703033502136	0.0110530246452576	0.8062733383121733	2.10400827353432	2.0	0.4076846011512491
SC002	131e0571-de86-415f-b3fb-dc9f971258d3	5673c112-6eb1-41b3-a797-c9ffff67632c	0.0004618709070814	0.1523349223891922	0.7604539531201029	0.0867492535836233	0.0005057438046383	0.8326891120583773	2.1290391004541647	2.321928094887362	0.3199478863212023
SC002	13ae9d83-a22f-451f-88bb-686051725cf3	133c13de-6c6b-45e2-a611-a5c5a4aebaa6	0.0001154677267703	0.918413803341966	0.0	0.0814707289312637	0.0001257093599597	0.0	1.5848530484996013	1.584962500721156	0.010997393878075
SC002	14c13b05-abfe-472e-83a9-b28f60e58ad8	a0322f55-0853-4b63-9788-4e750557bb58	0.0085611071705458	0.0887616911073355	0.8169011761212741	0.0857760256008445	0.009364343323169	0.8935460007578081	2.1441071331047503	2.0	0.37850975196215
SC002	14cc6f5b-5692-471e-98b4-ae200b3d8fed	0b6dfffe-43c7-47a7-82aa-fd9f7dec0f13	0.1534236180987414	0.6540586905959784	0.1088200847863022	0.0836976065189779	0.1674377576554033	0.1187600136816144	1.536307550380647	1.584962500721156	0.2745637146785563
SC002	15b987ba-77ab-477b-a54a-65ec5c7c399e	57733d46-9726-4cc0-825f-77185bc7bea9	0.0504593965986506	0.7047655180377085	0.1599557923560365	0.0848192930076043	0.0551359925019376	0.1747805555054883	1.661780407110828	1.584962500721156	0.3054665633077616
SC002	15d1b0fb-5c5f-4689-94f5-b33120a2bfae	4cf1fa0f-6a00-4037-94d1-d5ce2012b2f5	0.0178645068703297	0.0359929399732774	0.8537023901819442	0.0924401629744486	0.0196841091259383	0.940656863992439	2.166922163204427	2.0	0.3260533653435894
SC002	19089ae0-b590-4649-9d94-a147fa506e32	d9dc4eb1-ca9d-4f1a-8db9-46d3ab600210	0.04711083252231	0.9247315375352588	3.299077907724791e-05	0.0281246391633538	0.048474150514274	3.394548355341322e-05	1.556621029064598	1.584962500721156	0.1256575336529798
SC002	192da41f-f0a5-494e-8eb9-96bcdae56ff8	3f3abf12-32b0-493f-abea-d885f4aa0f34	0.0879204262408656	0.7943354832324365	0.0373950480840605	0.0803490424426372	0.0956019514994977	0.0406622183957526	1.5500034853172535	1.584962500721156	0.207859943545161
SC002	19d1a5fc-3ce9-4e43-a364-a4150bcf911b	510e5040-0834-4b92-9277-d60b523a22e8	0.0031836101809544	0.1334312059779291	0.7779060752519671	0.0854791085891493	0.0034811781894265	0.8506159701304089	2.0980387738801287	2.0	0.305793168956976
SC002	1a09207e-9184-4f32-bd07-a9f4dc6c825d	8b3147c8-71a9-40fb-81cf-9e23ef4b9a29	4.948616861587186e-05	0.9188096926908929	0.0	0.0811408211404912	5.385609651012495e-05	0.0	1.584930996924262	1.584962500721156	0.0042927704506249
SC002	1add38c2-df6f-47c9-9373-0bec0e40baf8	39637cb0-c222-48ce-8a6b-86cfab6a6ef4	0.0183098823878725	0.1519225376507266	0.7447998284479488	0.0849677515134519	0.0200100951831554	0.813960196134987	2.0418537321428225	2.0	0.3100267964665256
SC002	1b0b0533-7c4f-4edd-a75e-8b56f49d54ab	0f5128f0-8b2d-45cf-858b-5cd4147ae689	0.1371261732345809	0.668772578064431	0.099087804958514	0.0950134437424739	0.1515228842753768	0.1094909137305652	1.551462160318257	1.584962500721156	0.2879370472455759
SC002	1c111912-c664-42f5-9802-065b1994a2f4	a04e922f-f436-45ae-ad28-5cdf9d351c3a	0.0001979446744634	0.1502070171387097	0.7644953235570658	0.0850997146297609	0.0002163565556036	0.8356050771671715	1.9915840899947468	2.0	0.2184576645554512
SC002	1e0789d6-7efb-4807-8d36-cd9224675a0c	61715dc9-a28b-46a4-94a9-9a2b1b379831	0.2532372201969549	0.6487141843854642	0.0698249839169952	0.0282236115005855	0.2605920695274307	0.0718529331884845	1.4624796120801058	1.584962500721156	0.3441293079786882
SC002	21bdad0d-c6a2-428c-b2b4-0de282b34abc	573ce44a-ee08-4f10-8b97-35cd0454ddc7	0.0801510977681737	0.1669993236890289	0.6609867542022004	0.0918628243405968	0.0882588004504668	0.727849020961238	1.9697374876581524	2.0	0.5560639873267968
SC002	21ddbfaa-1b21-4a2b-be2c-237dd69b20ff	7ab37803-051a-4731-8d63-201f0400d435	0.1035250647444039	0.6303053296603599	0.183181300826419	0.0829883047688171	0.1128939415743272	0.199758958123471	1.6196594071796069	1.584962500721156	0.3212559236536034
SC002	227f945f-76fd-4a63-9609-d4e730a3d22a	59a3ebb6-0bc0-4790-99bf-3caf74cb5c6e	0.1358395328505682	0.6372663840456593	0.143394421259258	0.0834996618445144	0.1482154748834614	0.156458667050629	1.5737949826679012	1.584962500721156	0.3000942126708095
SC002	23252dca-e836-47a0-b294-758ad60aa259	0bf53b2c-319a-4657-901f-a2182af61352	0.0194480642660376	0.4659452682975109	0.4255975454860367	0.0890091219504148	0.0213482535716225	0.4671809078892571	1.819887671449553	1.584962500721156	0.3198934951494275
SC002	23d0681a-912a-408f-b19a-0bbcf5ffc2f3	1fddbfcc-b6a4-4f7c-aa5c-ce1e170e21bd	3.299077907724791e-05	0.2733615954340762	0.6436006136284909	0.0830048001583557	3.597704664424097e-05	0.7018582144591751	1.9364429539901151	2.0	0.265480780921667
SC002	264c0d45-078a-4207-a101-71f99bcd237e	69125f72-2011-4b8a-a450-1eae83b74266	0.0121076159213499	0.1431634858057173	0.747026706035663	0.0977021922372696	0.0134186471663619	0.8279159049360146	2.046664312775997	2.0	0.3333579029338182
SC002	26a12266-c6d8-42f9-bd4e-5093d827ac9a	1cdee84f-33d8-4836-b569-5b157aec38e5	0.1279382412615674	0.6908104184880326	0.0856605578740742	0.0955907823763258	0.1414605675932005	0.0947143795141168	1.5427185917119048	1.584962500721156	0.2588706590392769
SC002	27e2438d-bd01-4c50-9102-563276ed9922	1a8e2409-ca0b-4b53-8d28-df63f7942722	0.0103261138511785	0.1836266763439618	0.7158009336390478	0.0902462761658116	0.0113504496663765	0.7868073687264288	2.015642348275468	2.0	0.3409473521523001
SC002	28033279-cc74-4775-afdf-2497f6ddb55c	59eff44d-c532-4ea4-b8e4-e4478f5b12de	0.001138181878165	0.7132606436500998	0.2055160582617158	0.0800851162100193	0.0012372686845502	0.2234076889972744	1.6765668220338328	1.584962500721156	0.1771212599551057
SC002	2900eadd-7e27-4371-94e5-7d58cdff0138	115e6be9-dd9a-4137-8a5c-821ff7860a8f	0.0501624795869554	0.8619665803407948	0.0	0.0878709400722498	0.0549949363425925	0.0	1.5524127509256365	1.584962500721156	0.136320067952333
SC002	2c30dc20-18a8-44f9-ab10-558c1e5634dc	2300f1fc-07fa-443c-bae8-f1b6fd3705bf	0.0277122544248882	0.3875426818204311	0.495109117001798	0.0896359467528825	0.0304408487198535	0.5438583775752415	1.8880355363550343	2.0	0.376906397948579
SC002	2d02bd7a-5beb-4e43-9ccb-18d89c9d5ca2	095b4b7f-be2f-4a76-85d7-f7cc8a6d572a	0.2443627006251752	0.6348250663939429	0.0356135460138891	0.0851986869669927	0.267121064589419	0.0389303617151718	1.4448101597651135	1.584962500721156	0.2803317690002757
SC002	2dced66c-1f0d-4039-a5e5-54cca77c16e9	633afc4c-4a35-420e-9ce6-ff4670e28395	0.0	0.1297197433317387	0.7785329000544348	0.0917473566138264	0.0	0.8571765859682897	2.2224632690388493	2.321928094887362	0.2986293194081191
SC002	2e386e48-b99b-4806-a3e3-081d72a606e7	0225a318-9bb2-4340-a34a-99fcbc563e0a	0.0	0.330171717005097	0.5827656170100457	0.0870626659848572	0.0	0.6383413135784624	1.932222921721721	2.0	0.3169433246291381
SC002	300fff5a-0f61-402d-b845-3938ba7b1294	346253c0-8e8b-459b-a6d5-03da9586578f	0.0407766029394784	0.7190835161572341	0.1793708658429968	0.0607690150602906	0.0434148825936528	0.190976307978714	1.638769808920549	1.584962500721156	0.2121877044985612
SC002	303286c2-bc58-4bbb-9171-74cdb1d7f62f	66c10757-2011-40ae-8b77-2647785fd463	0.0383847714563779	0.6779110238688286	0.2023324480807614	0.0813717565940319	0.0417848805889746	0.2202549829412821	1.6861159432746209	1.584962500721156	0.297154943481298
SC002	315ef7f6-ca21-4d87-8f19-40bd455885ec	7d09112d-53f5-4b72-993a-337c55a0c902	0.0001814492849248	0.1754449631328044	0.7365026475100209	0.0878709400722498	0.0001989293981481	0.8074544270833334	2.024663881874323	2.0	0.310090160893348
SC002	31a3877d-3e82-450e-811f-3448b06f3950	41192387-8da9-4bd2-be0f-f74157e7bab9	0.0737838774062649	0.792075614865645	0.0510697260115797	0.0830707817165102	0.0804684548545523	0.0556964757947002	1.560693517705079	1.584962500721156	0.1934778862094799
SC002	31d960d7-8f5b-4d22-bf5e-fae0849c4efd	65eb6269-3250-49d1-89e3-bbee5519bd45	0.1889546871649374	0.633241508998235	0.0931164739455322	0.0846873298912953	0.2064373118996557	0.1017318747859936	1.5110003997855443	1.584962500721156	0.2981955455657509
SC002	326c1637-ea91-4006-b440-d38420af1ae5	32fc9332-a9fd-47f6-9dee-6413e58e8cce	0.0493871962786401	0.734523200765386	0.1337941045477789	0.0822954984081949	0.0538160117913506	0.1457921414962073	1.632242390176532	1.584962500721156	0.2498743338266434
SC002	32b77693-18e1-4692-8488-add1940c9e7c	09ddb59b-46b1-42d3-bb06-62e67a213394	0.0002639262326179	0.8787588868911139	0.0396549164508519	0.0813222704254161	0.0002872892464043	0.0431652092722604	1.6027096277973558	1.584962500721156	0.0849643794656406
SC002	3334201d-a3c0-45ec-a9ed-cf48cc8c38e8	0c4daf52-cc9f-4099-8825-33c484ced5b1	0.1392870692641406	0.7103739504808406	0.0597298055193573	0.0906091747356613	0.1531652457826954	0.0656811173589697	1.5262867574678145	1.584962500721156	0.2581715247110845
SC002	33e989b9-fac4-47d8-b429-269044ac772a	56dd63cb-cf0a-48c3-bccc-c5094f8d8ac0	6.598155815449583e-05	0.918413803341966	9.897233723174372e-05	0.0814212427626478	7.183005010145995e-05	0.0001077450751521	1.5849652010819724	1.584962500721156	0.0065680593876081
SC002	35c9264f-34ec-4d75-ab80-aaac86108fc8	87ffeaea-93d7-4c88-85b9-b1b29b7f8e1d	1.6495389538623956e-05	0.8713194662091945	0.0493212147204856	0.0793428236807812	1.791697274828445e-05	0.0535717485173705	1.6072093764082285	1.584962500721156	0.0936269469418712
SC002	36eaf209-c332-4321-b6aa-51a3368ecd79	9f9961f0-4ee2-4471-ae4a-a0122d630a28	0.0	0.91884268346997	0.0	0.0811573165300298	0.0	0.0	1.584962500721156	1.584962500721156	2.220465980635933e-16
SC002	381cf7f3-cd7b-4660-8175-ff8062f7bf78	9fa268c0-9e08-436b-a18b-fa9db1794296	0.1205318113587252	0.7156854659122776	0.1346848555828645	0.0290978671461326	0.124144141082927	0.1387213510253317	1.573685213549489	1.584962500721156	0.3278995355679767
SC002	384400c1-98d6-4cc3-8724-de6711f6208b	2c2efcd3-bf49-4619-80e1-bfb614ab6b23	0.0018969697969417	0.1107830361413984	0.8739587285353744	0.0133612655262854	0.0019226589537391	0.8857940581478942	2.193951149761539	2.321928094887362	0.3190082974902848
SC002	38d65618-4857-490e-86b3-0a3f772a9f60	a0d03ed1-358a-45ce-a26a-f16d6ffa6050	8.247694769311977e-05	0.9161209441960972	3.299077907724791e-05	0.0837635880771324	9.001710324961742e-05	3.6006841299846974e-05	1.5849247882807014	1.584962500721156	0.0060830746184282
SC002	39b6ae01-c97b-4234-8a28-208fdf170432	cb16e564-e613-4f02-9f74-e807a51dd512	0.0002804216221566	0.2032067037263085	0.7112152153473105	0.0852976593042244	0.0003065714491812	0.7775373295823415	2.0499008434403856	2.0	0.3254423294509229
SC002	3a785e32-7960-4c72-84c4-fb42c4dd86f1	20eccd8a-dfaf-40e4-8128-d77aa41680c4	0.2083202744832819	0.7352654932946242	0.0504758919881893	0.0059383402339046	0.2095647412176625	0.050777425617709	1.47446816854138	1.584962500721156	0.3052175859247928
SC002	3eb37b12-b8b4-40a3-bd8b-f89fc39c05fa	844a005f-471c-45d5-86de-956951d6b7d1	0.0647114131600217	0.6021641951074674	0.2481401448295201	0.0849842469029906	0.0707216383335436	0.2711867462277586	1.6827319082646592	1.584962500721156	0.314804068027524
SC002	4138aca8-e085-45fb-b353-74852efe61bf	04aede4a-8d61-4501-bdca-10ea9bc343f9	0.0	0.2407502103162166	0.6734077825247843	0.085842007158999	0.0	0.7366426676771505	1.9790762049632535	2.0	0.3276746923051565
SC002	44c2854e-3f8c-48e1-b4d5-1b5778d4fce4	5ee6076c-f966-4b12-96fb-3a9b198122d9	0.0024908038203322	0.0636227174504726	0.8528116391468584	0.0810748395823367	0.0027105622172757	0.9280534214116464	2.3555183060062737	2.321928094887362	0.3192632027094347
SC002	4563e4e0-a661-46de-ad25-9c86a621e147	98ad41d5-fd77-4f30-94b5-03bf7b9c69b9	0.0002474308430793	0.5668145753261963	0.3398050244956535	0.0931329693350708	0.0002728413700274	0.3747021481710533	1.770891407105185	1.584962500721156	0.2613759910830593
SC002	47a8e514-904c-4867-8f43-7eb573be835b	08003f93-05c8-40ed-95dc-16abf83b1e43	0.0007752833083153	0.1378024842056645	0.776372004024875	0.0850502284611451	0.0008473506769791	0.848540573674437	2.0662024133100854	2.0	0.2948971158546963
SC002	4881a390-c4e4-48b4-ae66-140c64a87614	180853ab-cdf4-431a-a88f-9bdf0602a3a9	8.247694769311977e-05	0.0117942035201161	0.9748775217326756	0.013245797799515	8.358408559010364e-05	0.9879638916750252	2.3232343070355927	2.321928094887362	0.3690731034438505
SC002	4a785dc7-f5f6-4607-a19d-e6354b2fb5a9	582f2b5d-ed8e-4f78-b116-76ec00bee2d4	0.0001814492849248	0.1302970819655906	0.7840753509394124	0.085446117810072	0.0001984019623757	0.8573309525097849	2.212981039531309	2.321928094887362	0.3245493739448054
SC002	4ad9784e-1edc-4186-9b45-4dfe0003f74b	4410c7ed-286b-4452-bf3e-782673177b97	0.1251505204295399	0.6790162149679164	0.1125480428220312	0.0832852217805123	0.1365206751358549	0.1227732392845575	1.56968894063691	1.584962500721156	0.2886758419947714
SC002	4be66108-e72a-406b-bb4b-f58ff2877336	5d1d7c40-f636-46c6-9540-4df11a466b15	0.0088910149613183	0.8753278458670801	0.0321330188212394	0.083648120350362	0.0097026209677419	0.0350662442396313	1.5938522277678195	1.584962500721156	0.0964101712684513
SC002	4f9775f2-b663-4daf-aa9e-50915cae9407	037ba047-2228-43de-8df8-32920a689eca	0.0525213202909786	0.9341339095722746	9.897233723174372e-05	0.013245797799515	0.053226345703778	0.0001003009027081	1.5538687130698603	1.584962500721156	0.1313917553821494
SC002	5116e3b4-2bac-40f5-8046-b9c1783faaa5	1eb2a255-6edd-4adb-b52d-99dcec590c5d	0.0163799218118535	0.2391996436995859	0.6571763192187784	0.0872441152697821	0.0179455669208804	0.719991325405718	1.968257471986045	2.0	0.3500023330335539
SC002	5498d5ef-ad24-4034-9750-7c996c5355e1	5b5d5baf-0350-4053-9c24-a9ad0f3d06cc	0.0	0.0572554970885637	0.8583375946422975	0.0844069082691387	0.0	0.9374662198681224	2.2711933633234493	2.321928094887362	0.2581092360576006
SC002	55697871-b9aa-4acd-8dbe-dcd5391db8f0	18c55689-4c2e-4592-867a-d7e0ba752ed7	0.0	0.9180014186035004	4.948616861587186e-05	0.0819490952278838	0.0	5.390351271224508e-05	1.5849848727002742	1.584962500721156	0.0030471095469212
SC002	565e2726-4942-4726-89d3-c5e3797f7204	81505915-6c01-4299-ae89-964dc20d93cb	0.05610081982086	0.2181680220378404	0.7197268363492404	0.0060043217920591	0.0564397019532352	0.724074412121011	2.059564017263769	2.0	0.4849354070080234
SC002	56d5b0b9-9093-4286-a2c6-7faa9a1680f5	5321bcc9-a2a0-4671-875a-b1153ff47e13	0.0	0.0822790030186562	0.8309552480081818	0.086765748973162	0.0	0.9099037263154092	2.2208956302341702	2.321928094887362	0.3245334535291975
SC002	57a2044d-20cc-4d02-b268-ce570a0fabe3	5bd478fc-a97d-413f-a4f8-7d24c305334f	0.001006218761856	0.877571218844333	0.0396549164508519	0.0817676459429589	0.0010958215068443	0.0431861459418675	1.602245356247372	1.584962500721156	0.0866919000955982
SC002	57cdaa1c-4e94-4a28-ab3b-300c0457555f	8aca008c-f55a-420a-82c7-acd2cca77d85	0.0477706481038549	0.4593306170925226	0.4854923049007802	0.0074064299028421	0.0481270980822282	0.4891149001229767	1.77336448239073	1.584962500721156	0.4801211464980654
SC002	58facedb-fcb8-4ecf-8338-2bfa4947acef	d67fc406-7974-433e-896d-57197eced52b	0.0	0.9180674001616548	0.0005113570756973	0.0814212427626478	0.0	0.0005566828882863	1.585372756856684	1.584962500721156	0.0173833763410915
SC002	5a195baa-2d05-4273-a7c4-64cc816b0406	17cce7e3-9bc7-478d-8cac-9254a1360ddb	0.3118453392276858	0.536776470976362	0.0618742061593784	0.0895039836365735	0.3425004982154827	0.0679565918437596	1.4218121216947952	1.584962500721156	0.3388144119846583
SC002	5d73b382-3da3-4220-890e-2095228bbe6c	0ad869d1-24d5-412b-8058-154b97a65853	0.0002144400640021	0.0577503587747224	0.8557148277056563	0.0863203734556191	0.0002346994042245	0.936558945658061	2.100981598911322	2.0	0.2320690656548312
SC002	5da56982-6de7-4994-aa9e-3b01200b2959	390070d8-ef9b-46fe-93ee-9cf01a642a92	0.0	0.0	0.9867542022004848	0.013245797799515	0.0	1.0	2.406304234528001	2.321928094887362	0.1779892873352087
SC002	5eed7e8a-c219-4497-a99f-bfc48faca4d8	139cd85f-9a93-421f-8782-78ac917b97e6	0.0045197367335829	0.345133035316629	0.5658908335120334	0.0844563944377546	0.004936670089905	0.6180927157090608	1.928424935490175	2.0	0.3409441232758846
SC002	605baa86-79e3-484d-82d2-4de27d405ba1	16619d78-3748-466d-a194-ea21fd8fb54c	0.0056744140012866	0.8267489236758326	0.0862708872870032	0.0813057750358774	0.0061766078931303	0.0939059862821848	1.6205429595294774	1.584962500721156	0.1316651804158361
SC002	60ad2c8a-6bbf-43fc-ae73-cc1f6d6c163c	4c8c93dd-b680-4b2e-8801-f667b7ab515b	0.0136251917589033	0.3218910314567078	0.5808686472131039	0.0836151295712848	0.0148684163156568	0.6338697483529538	1.9780889620188613	2.0	0.3928758584691988
SC002	62d39be5-f029-4eb8-8b00-46470e06a755	89fc5db9-edff-480f-8fc4-addd28c6d615	6.598155815449583e-05	0.0919288058987513	0.8207940880523894	0.0872111244907048	7.228567297961544e-05	0.8992157004481711	2.1699454386985546	2.321928094887362	0.2821767380864687
SC002	639e1050-088a-48fe-a0ef-4a01a3468cac	288c3d74-c236-4985-a01c-e39ccca065da	0.0704847994985401	0.6341322600333207	0.2117843062863929	0.0835986341817462	0.0769147691476914	0.2311043110431104	1.6489009125808742	1.584962500721156	0.2917651629890097
SC002	64b0461f-038d-4712-948e-818dc2f10eef	2ec2a1ce-591e-4e42-8f1a-7dea0b737cf2	0.0129323853982811	0.4177457400656516	0.4856407634066279	0.0836811111294393	0.0141134113411341	0.52999099909991	1.8396687208668996	2.0	0.2860755919878379
SC002	64bd568d-0509-48fe-8d0a-aef2a85d5c57	b481fc53-5b7e-4e28-bb4d-71a25efa6dad	0.0076538607459215	0.9110238688286624	0.0	0.0813222704254161	0.0083313881457274	0.0	1.5800889510769525	1.584962500721156	0.0531708854930486
SC002	654c6f5c-3e5c-49f0-b53f-87cd9797d7c9	5241539d-65ac-434d-8eaa-ae57f702c8ce	0.0004453755175428	0.9182488494465796	3.299077907724791e-05	0.0812727842568002	0.000484774490089	3.590922148807814e-05	1.5846938294966348	1.584962500721156	0.0131147691085403
SC002	65ab030d-39f2-48ab-80ac-90cb1faa823a	1a4d9d59-b0dc-4045-a832-9089d3bc1d52	0.0113653233921119	0.8155155634000297	0.0874585553337842	0.0856605578740742	0.0124300920079379	0.0956521739130434	1.6173906020774529	1.584962500721156	0.1402811072860888
SC002	67ba29e7-f294-4dcd-9630-ad768c22c588	f409f2bd-ffb1-4c13-a913-5cf348542135	0.0139880903287531	0.1508668327202547	0.7503422793329264	0.0848027976180657	0.0152842363288994	0.8198695072275693	2.044017219602568	2.0	0.3443114567039417
SC002	69fb431f-0caf-4cdd-9085-eda5b18ed15d	9932102f-50cd-42e7-be37-038df150b9db	0.0111673787176484	0.2002210382198175	0.7007901291589	0.0878214539036339	0.0122425360313929	0.7682598238666161	1.9639236103916011	2.0	0.300285199919772
SC002	6a4031c6-ee88-48be-81a5-a522720edd02	170c1926-67d9-4237-b365-fe611ed1ee7f	0.0	0.082773864704815	0.8325388054038896	0.0846873298912953	0.0	0.9095676620591469	2.1490859631157155	2.321928094887362	0.2630132619832643
SC002	6e9e0c2f-2ddb-40f1-8e8c-618119e62ec1	9f1e23db-fbf0-42ba-adf3-8a04c6e472e4	0.0163634264223149	0.2685944278574138	0.6226019827458226	0.0924401629744486	0.0180301350442574	0.6860175575710209	1.9628733763404884	2.0	0.3383284815324205
SC002	6fa41234-9077-4d05-a295-6820f3bedf5b	2151dc9e-f76a-4cff-8a20-b7c107d59c27	0.0095673259324018	0.6524586378107319	0.2498721607310756	0.0881018755257905	0.0104916609384609	0.2740132411996671	1.7027107550348803	1.584962500721156	0.2300237103644274
SC002	6fbc2b46-6762-4778-aa7e-782162c5397c	6171db74-fe5a-4495-8b6a-724be0cba79e	0.1103871467924715	0.7034788776536958	0.1035250647444039	0.0826089108094287	0.1203272498426683	0.1128472534388204	1.5672185370056255	1.584962500721156	0.2612304501465457
SC002	73448b56-a6c6-4c98-a153-ab704261e073	b0f0ea02-b1da-4613-a9b0-d18a07910010	0.0160335186315424	0.382330138726226	0.5128416607558187	0.0887946818864127	0.0175959449674149	0.5628167994207096	1.8657674595962213	2.0	0.3326933262684004
SC002	73f9681a-f9ef-4880-bd16-93624fd117c6	353ef4f3-1c2e-4f6c-a6c9-2e4404c62efe	9.897233723174372e-05	0.8697524042030252	0.0504593965986506	0.0796892268610923	0.0001075422999713	0.0548286492687123	1.621948298167935	1.584962500721156	0.1683230492115914
SC002	74a0264d-1d31-430d-9a88-e7334c8aa96c	4425892c-8c35-4f6c-b531-1ec510ad19d2	0.0257657984593306	0.1686818534219685	0.7435791696220906	0.0619731784966101	0.0274680828614637	0.792705658917455	2.020802297598841	2.0	0.38082560643481
SC002	750770db-53cf-4021-a8c2-5e0ddb97fef5	41933a62-1325-4089-80b5-06e3ebb238da	0.0049486168615871	0.7175329495406034	0.1892680995661712	0.0882503340316381	0.0054276047980026	0.2075877915076077	1.67143638609951	1.584962500721156	0.1909883221228983
SC002	75ea63a9-357b-4566-bd78-eaa67809decd	0164c63c-d3fc-48ab-88d3-c0ab821c39c4	0.0002309354535407	0.7153885489005822	0.1990003793939594	0.0853801362519176	0.0002524933720489	0.2175771457427814	1.6938956386091826	1.584962500721156	0.2192877880141916
SC002	764c97c9-01d3-45cb-86bd-f8a52b5468da	197245f6-a310-4af4-9231-0afefc547ecd	0.0003299077907724	0.8663543539580687	0.0495191593949491	0.0837965788562096	0.0003600813783915	0.0540482148965666	1.6071658984998258	1.584962500721156	0.0947606850562526
SC002	76e96b5a-b565-42c7-a651-34d5132e6dde	5b04ee05-9488-4141-9178-fb0a101492bd	0.0	0.0198604490045032	0.8938521683189549	0.0862873826765419	0.0	0.978264009243212	2.5227658154135444	2.584962500721156	0.3105309920937324
SC002	790266bc-c252-43f4-85d1-1b06ee529cf8	615fdee9-637e-45c6-8909-36b9201a8eb7	0.0077528330831532	0.8249674216056612	0.1077973706349075	0.0594823746762779	0.008243155550099	0.1146149394040373	1.626171989908102	1.584962500721156	0.1594278275654734
SC002	794131b8-f4be-4f15-b3b9-6f0b10a5a38b	7628cf2b-c65a-422c-bb64-d0361de85f20	0.0939082526433861	0.6495389538623955	0.1730531316497039	0.0834996618445144	0.1024639585320638	0.1888194956894224	1.614395166449273	1.584962500721156	0.2817751994479059
SC002	7a481097-14a3-4916-9632-d899c25fd284	9ef79e62-54d7-406b-9a15-893b2871929f	0.023555416261155	0.7760420962341026	0.1076159213499826	0.0927865661547597	0.0259645805302011	0.1186224953634677	1.6297480610757813	1.584962500721156	0.1992154018857956
SC002	7a70f061-9a6f-408e-a416-7f5295ceba3b	6605cdbc-a37f-4a41-a4b5-42708e5076a3	0.0023093545354073	0.9165333289345629	0.0	0.0811573165300298	0.00251332962318	0.0	1.583492297139644	1.584962500721156	0.0292893814510883
SC002	7d8eab0a-e6c8-4449-9ebf-50c41db94a06	0537bad8-0e85-4b05-91b3-fd965e96d0d7	0.1705953186084489	0.700443725978589	0.0443066163007439	0.0846543391122181	0.1863725649204375	0.0484042457335423	1.4982762761680968	1.584962500721156	0.2591992334855075
SC002	7dfbc0ed-e684-4966-8b59-fb6b9e80c129	27bb0162-62e9-42b4-a6fc-e11361987cdf	0.0071095128911469	0.3125051548092308	0.5975454860366528	0.0828398462629695	0.0077516591428211	0.6515170590457006	1.930900481102907	2.0	0.3386043719638296
SC002	7ea546ce-f48a-4d9c-96b4-a0124c692870	5703f0d8-db96-40ce-8009-51d2ec188abf	0.0129323853982811	0.1866123418504528	0.7149266779935008	0.0855285947577652	0.0141419243118438	0.781792272448501	2.09502356874429	2.0	0.4089545344939034
SC002	81a7184e-f9f5-4e3f-9603-5f5642386c1e	2dfb4a43-f4e9-4de6-a385-f96e754d982e	0.0018969697969417	0.107731389076753	0.8289922966530855	0.0613793444732197	0.002021018593371	0.8832026993778778	2.1875870541586524	2.321928094887362	0.3158129891372878
SC002	81e7cca8-2d71-4446-9692-872c2fe68d0a	47bf3623-a304-48a1-8651-71b6ed41d886	0.0072249806179172	0.4160962011117892	0.4856407634066279	0.0910380548636656	0.007948606271777	0.5342806329849012	1.887720368848215	2.0	0.3375081525120194
SC002	81f6b141-2195-4091-9cd3-dfb022663949	ad9a1a30-a318-4e58-96b3-7d76ab3b6e5d	0.1700014845850584	0.6523926562525774	0.0931824555036867	0.0844234036586774	0.1856769660390956	0.1017746148995586	1.5212277125789653	1.584962500721156	0.2829238430160574
SC002	8368d745-c74d-4236-ba75-16ca7aaeb3ca	01680b41-4718-4b82-80a7-851ff5518151	0.004602213681276	0.7976180657506227	0.1162924962472988	0.0814872243208023	0.0050105058994666	0.1266095576746942	1.6443543339453153	1.584962500721156	0.1771502493315407
SC002	849442d3-eb82-416e-9d36-2fc15dfac67a	49075fad-2d3b-4732-8d6f-7c61cbb76372	0.1143460402817412	0.6753212477112647	0.1250020619236923	0.0853306500833017	0.1250135256988277	0.136663660955816	1.568554820189795	1.584962500721156	0.2570027258806356
SC002	85a57cfe-f1c9-44d9-8b50-022c0d3438d1	a2252651-387d-49b8-947c-f9d1872b5822	0.0103261138511785	0.1397489401712221	0.7638190125859822	0.086105933391617	0.0112990271284948	0.8357850657906611	2.042024455959312	2.0	0.3136257715496356
SC002	85bdc1ac-a1a4-46c2-bc2d-e5fabf5c89e9	1daeeee4-4980-4424-b31a-2f6a8e7d4e55	0.0706827441730036	0.8087524536891939	0.0401992643056265	0.0803655378321759	0.0768596078994098	0.0437122204086025	1.5897107747014712	1.584962500721156	0.2893467069606259
SC002	88e64f45-adc4-4223-9838-4d7d45b8f0c0	5049aeb6-44d3-4e4a-ad30-5dc99c903039	0.1002259868366791	0.8289428104844696	0.0575689094897976	0.0132622931890536	0.1015730787876761	0.0583426670455875	1.55519059155923	1.584962500721156	0.2240006268525272
SC002	8c043ecd-2265-411f-bc3b-dc341cf56ac2	2dfa5bb3-ffde-4614-bb76-d3075819e1a3	0.0364218201012816	0.3031192781617537	0.5718951553040925	0.088563746432872	0.0399609078075795	0.6274658848228183	1.9498101079792405	2.0	0.4044913872569952
SC002	8d0fa506-3f51-4108-8427-7dabf270bcd4	c5849720-9d9f-4af4-9649-27f7a32ba779	0.0011711726572423	0.1425696517823268	0.819144549098527	0.0371146264619038	0.0012163157624244	0.8507186541723057	2.1826884761008283	2.321928094887362	0.3250548704538359
SC002	93690a96-421c-4c59-85ba-fa6dd538c721	c4543b6b-3b9a-4a7a-8273-36b832eed64b	0.0016165481747851	0.91704468601026	0.0	0.0813387658149547	0.0017596782302664	0.0	1.5839331549431146	1.584962500721156	0.0245169313053272
SC002	9382987c-b5b3-48fe-8194-4d83fe340cd0	0985b9ce-b40a-40e1-b965-c52d69bfe76b	0.127030994836943	0.7190670207676955	0.0701878824868449	0.0837141019085165	0.1386368546122272	0.0766004176568013	1.5356571853430658	1.584962500721156	0.2412547202802406
SC002	93ca8937-97c0-4f6e-bdec-66d32f2a7b3d	35aad6ca-2675-42b3-8847-e83f7f840c2b	0.0	0.6545040661135213	0.2585487356283918	0.0869471982580868	0.0	0.2831695331695332	1.7027792764192513	1.584962500721156	0.1877033137959125
SC002	95a54459-3fac-42d5-8ec1-ed66d971d64d	a519f8a7-a83e-4e07-83aa-eed4bcd37266	0.0	0.0005113570756973	0.9156425778994772	0.0838460650248255	0.0	0.9994418437162406	2.208362200599614	2.321928094887362	0.2213474460808855
SC002	95d4f0c4-5997-4ffb-b876-0ddfeee972bb	08c83da9-c037-464b-a68a-9df6e89ed861	0.0092044273625521	0.2586971941342394	0.6459759497220526	0.0861224287811556	0.0100718385617847	0.706851738204397	1.9384539809248156	2.0	0.2985735325924348
SC002	960d278c-c87d-42dc-ad28-42e010d8f0f1	0b58159a-ab85-4baa-b83e-55a8d080a3c5	0.1649044092176236	0.6776141068571334	0.0728436402025633	0.0846378437226795	0.1801520939955309	0.0795790384199524	1.5464586077597977	1.584962500721156	0.3595612808491891
SC002	96e013d9-8e89-46a7-8d07-bae95af36708	445d5e8c-db8d-44f4-b3d0-d1857cb2ef48	0.0161984725269287	0.0113818187816505	0.8873694802302756	0.0850502284611451	0.0177042205275208	0.9698559503849136	2.173601586159529	2.0	0.3165814508271997
SC002	97f6c8d3-09a0-4128-8f10-41e736648a5f	73ee34e8-422d-4ab1-b0f0-da8a5a2dd9ab	0.006664137373604	0.8396153275159592	0.0717714398825528	0.0819490952278838	0.0072590063785823	0.0781780612703261	1.6213280038009892	1.584962500721156	0.1593295344422632
SC002	99c532b0-6b42-4925-a344-fc7262c415ee	1f10d305-91ee-4008-af7b-a242f4353ec0	0.1031786615640928	0.5942299127393893	0.2169803539910595	0.0856110717054583	0.1128389226633954	0.2372954738152364	1.6409386149513605	1.584962500721156	0.3247177821010712
SC002	9b2c325c-1f03-43c7-ad5c-b49c6d205635	5ab15b14-d6c2-4900-add7-24e3b8df2680	0.1657126833050162	0.6816884680731735	0.054566748593768	0.0980321000280421	0.183723482077542	0.0604974396488661	1.5075785424491266	1.584962500721156	0.273010679098
SC002	9c34830b-4d7f-4b41-9659-fbfc36c145c9	0fbbfa5e-f2c3-4cc1-aeb3-456bd307cb85	4.948616861587186e-05	0.3726968312356696	0.5348300150108045	0.09242366758491	5.452562704471101e-05	0.5892948018902218	1.876256960309682	2.0	0.276275220087084
SC002	9cdca5d8-ea77-4df9-b2ba-0d5e8ec37bcd	732077b5-97b2-44ab-aac9-1ae94fd04887	0.0200748890685053	0.1280537089883377	0.7636870494696733	0.0881843524734836	0.0220163901803643	0.8375454529008448	2.062570738275661	2.0	0.3490059648086729
SC002	9f45a227-1fd5-478c-a194-4a5c61b68cc3	d8dce266-1073-4bf2-a714-748e7e942635	0.001534071227092	0.1204328390214934	0.8193919799416063	0.0586411098098081	0.0016296348216163	0.8704352702039672	2.0886242998482376	2.0	0.2636472155977779
SC002	a117ace8-ac5a-48d8-8aee-3024d6f0f873	9eefa52f-0f0f-4eb0-9d9a-36bb1a1c4903	0.0	0.0520594493838972	0.8557808092638107	0.092159741352292	0.0	0.942655716258449	2.166192961280261	2.0	0.2941920293476262
SC002	a123dc45-e427-461e-8d60-c51307aa498c	383f29d6-7db7-42a3-a2f3-fb69dca65f83	0.024825561255629	0.2090130808439041	0.6756016693334214	0.0905596885670455	0.027297625741389	0.7428763172691492	1.988972726663702	2.0	0.3257994663385877
SC002	a435fdf4-a89a-499e-9006-cbb5693eab26	8537633b-6426-4b66-a2a3-fa942eedf01b	4.948616861587186e-05	0.7305643072761163	0.1815482572620952	0.0878379492931725	5.425151000036168e-05	0.1990307063546602	1.6675359722673382	1.584962500721156	0.1657858289066193
SC002	a512701f-88bb-4b05-8c94-fd285b9dd13e	f1064663-1462-4901-8bf7-9f50da5ee7b1	0.0336505946587928	0.3539250779407156	0.5249492766771687	0.0874750507233228	0.0368763557483731	0.5752711496746203	1.8907798121965875	2.0	0.366498410779552
SC002	a54b322b-80d3-435c-8d14-25841b741f6c	02981f5d-786d-4bc8-9449-cede512502bc	0.0003628985698497	0.0342939148507992	0.9043927222341356	0.0609504643452155	0.0003864530635188	0.9630937324339516	2.4102638656010043	2.321928094887362	0.3055270627860818
SC002	a5e14add-1552-4606-9ffe-3a03bcf76640	b7e4daef-b24b-45c0-8f9d-21bcf46d9c9a	0.0002804216221566	0.0203883014697392	0.9188756742490474	0.0604556026590567	0.0002984655360089	0.978001334316514	2.1460002276924803	2.0	0.222205205148171
SC002	a72dd578-3a6f-4807-a843-4a942500944e	9076c2ec-bc16-49a9-b9e4-da726de4f1f5	0.2464081289279646	0.6308001913465187	0.0357125183511208	0.0870791613743958	0.2699118242266551	0.0391189650187915	1.4432558360450587	1.584962500721156	0.2813103065364286
SC002	a85e8208-a6f5-4e91-8f35-ef574f4273fc	44e7b873-77d5-463c-91d2-cea206ee4391	0.0056084324431321	0.0632103327120069	0.8469887666397242	0.0841924682051366	0.0061240296114843	0.9248545542967272	2.2558810810336505	2.321928094887362	0.3094006064830671
SC002	a94e1279-a975-480a-93e9-7b1ff05cbcbf	22996dd0-8d03-49f2-8395-738c0599339b	0.0004288801280042	0.0354485921185028	0.9275522491463636	0.0365702786071293	0.0004451597438619	0.9627606752730884	2.2138299044025387	2.321928094887362	0.2916147280447319
SC002	a9cb21d1-4c4a-4f30-ad4d-c54bed26f187	47839ff7-7da3-4160-bf1f-d8516a34bbe5	0.1092984510829223	0.6634280718539168	0.1437573198291077	0.083516157234053	0.1192584593232541	0.1568574514038876	1.607537259876842	1.584962500721156	0.3295167110370514
SC002	aa909ffb-03e1-4e3f-8888-2212b23d90b7	1e7873ce-88c4-44c2-9f8a-aeeae8c98edf	0.0062352572455998	0.6702241723438299	0.2392491298682018	0.0842914405423684	0.0068092158593482	0.2612721344549925	1.6894170980995673	1.584962500721156	0.1908549293865824
SC002	ab9cc98a-86ae-4913-bcb2-cc3aeff8abb1	83b624fe-acc8-4777-b606-e4cacdc11a82	0.1492997707140854	0.6389983999472147	0.1305280174191313	0.0811738119195684	0.1624896772108721	0.1420595310760834	1.548941518977322	1.584962500721156	0.2808119041850722
SC002	abb0d53f-f74e-45dc-8fbb-40863016f3c6	190fecab-1ef1-43fa-87a2-104014eb2ce2	0.0554080134602378	0.6403840126684591	0.2233805651320456	0.0808274087392573	0.0602803151301975	0.2430235270893526	1.6691083182720152	1.584962500721156	0.2837593735694469
SC002	ac13d568-f79e-4ba7-b7bf-18e4354e0920	5191b678-f7e1-42f4-a995-aa6abe5fd976	0.0761757088893654	0.7499958761526153	0.0893885159098032	0.084439899048216	0.0832012107235514	0.0976326030556356	1.5903531956924912	1.584962500721156	0.2475107095775833
SC002	ac6a3df9-41b1-4e5a-a15e-f44481384c23	c1ea307f-cf39-4b09-8185-da56c37ce0d9	0.2972139287069264	0.588456526400871	0.0254688814476353	0.0888606634445672	0.3262003041494677	0.0279527844159606	1.4163064548710147	1.584962500721156	0.324887826700803
SC002	ae6b315f-3f78-4695-adfa-48b0bbab2c89	4e0e61b3-003a-482d-8749-a7b33be4a4c8	0.0323969450538574	0.3095689754713557	0.5724230077693284	0.0856110717054583	0.0354301589306009	0.6260169934876337	1.86197290071998	2.0	0.3011941069825123
SC002	aec0c661-afac-4f7a-8c31-154d743f2499	9493c0b9-d2b3-4163-8a4e-ac9deb127045	0.0914339442125925	0.7261435428797651	0.0976692014581924	0.0847533114494498	0.0999008741101198	0.1067135261782463	1.5855768508246129	1.584962500721156	0.2721892472853033
SC002	aedde4a5-6520-40b9-9721-c9b826490b7a	0c749ae7-1564-4ade-847f-376d21d1753b	0.0457747059696814	0.5560760767365521	0.3117133761113769	0.0864358411823895	0.050105628080819	0.341205785168734	1.7053048303096636	1.584962500721156	0.2658947057724373
SC002	af3a0634-4292-45bd-b948-6b6bd2d58090	75a6a64e-11f0-41c8-9cba-179ae3333621	0.0788644573841611	0.7172360325289082	0.1164739455322237	0.0874255645547069	0.0864197530864197	0.1276322686766806	1.6076787063849582	1.584962500721156	0.2781636533565741
SC002	b079a153-62f9-4026-a2f8-a1390168bbb9	45dc6d68-be3d-4955-954c-46bf948054f4	0.0234894347030005	0.17273971924847	0.7903271035745509	0.0134437424739785	0.0238095238095238	0.8010968432316747	2.0070177764143997	2.0	0.305227549106719
SC002	b08b5f49-9434-4653-9772-097ec29b2ca3	201b6b48-418f-48a3-a568-6e851f85c25e	1.6495389538623956e-05	0.8582056315259885	0.0594823746762779	0.0822954984081949	1.7974619836790453e-05	0.0648164791314663	1.6118532556533698	1.584962500721156	0.1022167367022412
SC002	b3c267aa-345d-40d8-a8da-f9f08c64f9c7	617f14fe-153c-4ddc-b280-600c1fa08ad5	0.0571070385827161	0.7404450456097521	0.1141480956072777	0.088299820200254	0.0626379591098245	0.1252035462276099	1.6249491720041012	1.584962500721156	0.2753293122173122
SC002	b3fea9bb-53f9-4ddb-922d-b570562d7a7d	bb39734c-9d9c-4249-9d1b-176b28aba41c	0.0826089108094287	0.8323408607294261	0.0	0.0850502284611451	0.0902879189427948	0.0	1.5315164480481875	1.584962500721156	0.1714879203839715
SC002	b4c3cf95-a27c-4bcf-9321-38723473e83b	2104463b-9421-47f3-9974-a00080c6e937	0.0461376045395312	0.7535258895138809	0.1175626412417729	0.082773864704815	0.0503012319036057	0.1281719269849833	1.613567983795679	1.584962500721156	0.2100028231183431
SC002	b6202d8d-dd3c-4fa2-9242-6e55759846af	698584f0-726b-4a10-bc69-9b4acaed2cef	0.0129488807878198	0.336885340547317	0.5644557346221731	0.08571004404269	0.0141627726559258	0.6173705955581215	1.883172692306048	2.0	0.2911566727534737
SC002	b76d1de7-6447-474d-bf67-77e0bb2da73a	8c74f301-7976-4c15-952d-660d53f1215d	0.0216584464642132	0.4413176517163453	0.4489385216831895	0.0880853801362519	0.023750520051372	0.4923032396939384	1.8264065392181847	1.584962500721156	0.321993580558981
SC002	b89267a4-0e6b-401e-85b0-e66775858aa6	57267a5a-de07-49eb-8021-91f2c3aa8e44	0.0307144153209178	0.5842996882371377	0.2953829404681392	0.0896029559738053	0.0337373847185229	0.3244550741968799	1.7522517642747086	1.584962500721156	0.3609425713291869
SC002	b95720b1-aa00-4c6a-b202-3350d035829f	52b17bb5-0476-4d64-9865-c01309b58144	0.1018590304010029	0.710357455091302	0.1016610857265394	0.0861224287811556	0.1114580701057723	0.1112414714270243	1.5764680113910443	1.584962500721156	0.2633746932840187
SC002	bab21810-f51b-421e-a87f-1f1136cbc77a	71e604ba-4ebd-44e9-84bf-5ef09c37bb67	0.0165448757072398	0.8797980964320472	0.0225162067202217	0.0811408211404912	0.0180058882665517	0.0245045239121068	1.5846000276185472	1.584962500721156	0.1018939865556146
SC002	bce3ce45-4fb3-4d8e-9ec7-d24427c2ba4d	48cbf5b5-bea9-4d31-bc93-6122a329f3ea	0.089965854543655	0.7712914240469789	0.0481665374527819	0.0905761839565841	0.0989262134513531	0.0529637959805557	1.549076336949862	1.584962500721156	0.2041738497380146
SC002	bce5579c-08c6-48e9-853e-fac85ba8cbea	63b2b3b9-7eb1-47b3-a3fc-1d385042fdca	0.0001319631163089	0.9163188888705608	0.0019134651864803	0.0816356828266499	0.0001436936451485	0.0020835578546538	1.5858377622870048	1.584962500721156	0.0232621521044613
SC002	be85f845-b281-467c-8b97-bed7b7fdff64	7da8a1f1-5a85-4bdf-a9c4-6fe98bce5923	0.0017650066806327	0.1313362915065239	0.7843722679511077	0.0825264338617356	0.0019237684286227	0.8549262855088098	2.0387514086078693	2.0	0.2639624492258995
SC002	bf69a4ce-ec7e-4752-a86d-dcc80e3c9a57	89811300-8202-4a82-8353-5b2b2b2ecfd4	0.0070270359434538	0.8703462382264158	0.0396714118403906	0.0829553139897398	0.0076626974133899	0.0432600640356873	1.598434658875964	1.584962500721156	0.0994611500463836
SC002	c085da47-d634-491a-80ea-514e5a231f70	78eecddd-e0d2-4f8a-821a-7e412f92e754	0.0	0.159493921448955	0.7528990647114132	0.0876070138396318	0.0	0.8251916401504195	2.2023536882042314	2.321928094887362	0.3788719433846292
SC002	c113808a-773f-4179-82d6-9083518404b5	dad24abd-0eb7-4534-a1f2-ebe38ec402f9	0.016709829602626	0.8442670273658512	0.0554739950183923	0.0835491480131303	0.0182331977392994	0.0605313366211886	1.6075253591011605	1.584962500721156	0.1598594687036208
SC002	c21d2c68-920f-4526-b754-286579c049f3	41411fc2-420a-425f-94bd-01a52a0402e0	0.0	0.829668607624169	0.0778747340118437	0.0924566583639872	0.0	0.0858082809262423	1.6205761550542002	1.584962500721156	0.1162450655666796
SC002	c293a148-a88c-4fb3-b2f4-e64e918044f9	198cf746-6749-487f-a097-dd098a70949c	0.0	0.6789832241888393	0.2357686026755522	0.0852481731356086	0.0	0.2577405103236859	1.6919344775887517	1.584962500721156	0.1815350440058319
SC002	c46971a1-cbac-425d-bac2-f4142c92522e	496316ba-00b4-49ff-9b67-02273fbfa945	0.0003793939593883	0.8689606255051713	0.0495191593949491	0.0811408211404912	0.0004128967399109	0.053892000574465	1.607088172761198	1.584962500721156	0.0945258046427429
SC002	c48e2ce0-3806-4675-92f3-d38ff67c5efa	afc8d98d-6e58-461b-b771-c86486f9f012	0.0	0.0659155765963413	0.8472361974828035	0.0868482259208551	0.0	0.9278153112467936	2.120038150946401	2.0	0.2155174257105362
SC002	c594196e-49ef-4195-a6b6-4ef4a1d9ec15	3b556594-eff5-4a2a-9cbf-3f81456069f8	0.1083417184896821	0.6757996140078848	0.1320290978671461	0.0838295696352869	0.118254982805495	0.1441097567562701	1.5931595201138729	1.584962500721156	0.2962674552466488
SC002	c59d90a6-9cda-426d-b8ea-41f0a87033d5	1cd9614d-c2eb-4146-a4ff-adefcdad7315	0.1025848275407023	0.6127377398017254	0.1947775596720716	0.0898998729855005	0.1127181773693654	0.2140177260616605	1.619234942788686	1.584962500721156	0.2989135897553432
SC002	c616f95f-4ea1-4019-8c17-041878085c88	14c176f9-9197-4486-9f98-fe82991c6dc6	0.127030994836943	0.6839153456608877	0.102073470465005	0.0869801890371641	0.1391327913279132	0.1117976513098464	1.5581805438916885	1.584962500721156	0.2784811956159833
SC002	c658f35d-ceeb-4189-8e3d-03e3b9706667	076808f3-1a00-4c82-bfa3-91a325f1e73c	0.0040743612160401	0.0003299077907724	0.9006152780297907	0.0949804529633967	0.0045019593547799	0.9951335095233756	2.1689314372587907	2.321928094887362	0.2044224043206506
SC002	c6f6c032-5d4e-4028-aed0-24a587620354	5f6cb74f-1d92-4ea4-92e1-ed23f83649fe	0.0022433729772528	0.1142800587235867	0.8238952212856506	0.0595813470135097	0.0023855045517531	0.8760940871059971	2.151834918196023	2.0	0.3408080011762028
SC002	c777a777-373a-4773-9566-6c373261f00a	463d4b1e-2068-45dd-9631-fb9c7268fe6c	3.299077907724791e-05	0.1141316002177391	0.802121307094667	0.0837141019085165	3.600489666594657e-05	0.8754050550874919	2.136928114138437	2.0	0.3077042003904427
SC002	c82bbe23-0264-45a7-b1a6-82b4654108c8	2fdc7232-2319-49cf-ac47-695523741558	0.0003299077907724	0.9147848176434686	0.0036454810880358	0.0812397934777229	0.0003590793206219	0.0039678264928722	1.586422369113302	1.584962500721156	0.0288248169900229
SC002	c8d6fe73-3504-42a5-9723-e1916fba8208	25d55cf4-625f-485f-85aa-87adb72e685b	0.0277782359830427	0.6991240948154991	0.183923593355657	0.0891740758458011	0.0304978539217994	0.2019305648622706	1.6913619799429822	1.584962500721156	0.3037730040592996
SC002	c8d7eb0f-2502-4277-a8ef-435b08f3c863	14eb006d-42b2-4765-9dc2-b96f9aa03c10	0.0046187090708147	0.9140590205037692	0.0	0.0813222704254161	0.0050275618120769	0.0	1.5820036100131327	1.584962500721156	0.0418398783930808
SC002	ca5b878f-8bff-410a-8e6e-b1c133018c8d	c525d1fb-ca9e-4c69-97d9-0d00041edb01	0.0	0.0709631657951602	0.845553667749864	0.0834831664549758	0.0	0.922572981534142	2.168801180265632	2.321928094887362	0.2647831337626016
SC002	cac80259-3a26-4a99-b0d3-13454068e6ed	37ad61ea-96d1-40f1-b77a-56408e4243ea	0.007455916071458	0.1397819309502994	0.7657489731620012	0.0870131798162413	0.0081665100816651	0.838729493387295	2.158939024200118	2.321928094887362	0.3773912343219634
SC002	cbdabbcd-d8f1-4d7c-9e18-ebd83d888c51	1a4601f8-e4d6-4c3d-a846-e3186295c137	0.0	3.299077907724791e-05	0.918628243405968	0.0813387658149547	0.0	0.9999640881993824	2.356346610842212	2.321928094887362	0.0888550909105533
SC002	cbe23011-93b7-4e9f-b934-bd0122f91f54	0e53a06b-feae-46ab-9b7d-f1aeb31b499b	0.0129488807878198	0.7889249954637679	0.1162595054682216	0.0818666182801906	0.0141034854473589	0.1266259432267337	1.6292670054256329	1.584962500721156	0.1570846750821153
SC002	cc15469c-7bad-4e86-9da3-ae0c72e9d380	a545fb9a-c386-4a80-9a25-660dc4f62904	0.0	0.0113818187816505	0.9064876367055408	0.0821305445128086	0.0	0.9875997412119903	2.06593956017124	2.0	0.1573772857312694
SC002	cc1d6ad3-b60d-482e-8fa4-0af26823007d	8fa7105d-aba3-49e4-bbc0-083c547f3449	0.1379344473219735	0.6643683090576183	0.184451445820893	0.013245797799515	0.1397860247408893	0.1869274490137077	1.5878085874132908	1.584962500721156	0.2968633246924074
SC002	cc22913d-2dda-48bb-82aa-9960b73f3e44	cd591147-3d00-4f87-bd90-53dd9ff830f7	0.0005443478547745	0.9628688781485576	1.6495389538623956e-05	0.0365702786071293	0.0005650104441324	1.7121528610074307e-05	1.5846390968752408	1.584962500721156	0.014006568737181
SC002	cc53bf9e-5e27-4305-a08b-552120c10aa5	6f6820c0-beed-4944-a241-d65f58bddf9a	0.0	0.8214539036339343	0.0988238787258961	0.0797222176401695	0.0	0.1073848359921132	1.6297571915042637	1.584962500721156	0.1296520443884735
SC002	cd845618-4cc4-49c2-9055-c171d4c24ee1	1a465792-4da7-4d37-9352-73e76ecff4d2	0.0069775497748379	0.9118816290846709	0.0	0.0811408211404912	0.0075937096079276	0.0	1.580448657230472	1.584962500721156	0.0522868689412631
SC002	ce00896a-f7d2-4123-bb95-24cb6e53fc32	54cf4c36-eb20-41da-990a-2f6230d62cbf	0.0152912261023044	0.8783794929317256	0.0488923345924814	0.0574369463734886	0.0162230272483855	0.0518716858297894	1.612928610575295	1.584962500721156	0.1928660242440022
SC002	d17a2ab0-faef-40de-a87d-1291868b200d	be4bb915-7700-43e8-a640-ad77faf54f41	0.0642000560843244	0.4880985764478828	0.3630470283555746	0.0846543391122181	0.0701374997747382	0.3966228757816583	1.7469535717816578	1.584962500721156	0.343722816169085
SC002	d181c72b-843c-4b2d-b014-2a6dd1c3c1ec	b1dcd03c-3cdd-4c23-9391-c5adeebff489	0.0	0.1536545535522821	0.756676508915758	0.0896689375319598	0.0	0.831210248790476	2.087954967584233	2.0	0.3470183337322127
SC002	d259eeb2-d15e-436d-9d37-2d0b7658bc91	a73684e4-7cf1-4e9d-83b8-a6ebebd51101	0.1680715240090394	0.6008115731653003	0.1470069115682166	0.0841099912574435	0.1835062315395144	0.1605071680714646	1.5646464452278517	1.584962500721156	0.3519339837871574
SC002	d2c99bed-3446-4d12-99e0-00611faa37dc	56092e8e-a259-4178-8682-16518367d20c	0.0896359467528825	0.6519472807350346	0.1719314451610774	0.0864853273510053	0.0981220657276995	0.1882087396171903	1.6386905353771863	1.584962500721156	0.3270889450632336
SC002	d3062aac-4c42-41b4-a9f3-90aa72e6fb1e	bbb4b282-5414-4929-a9f6-08b733d14fa7	0.0258812661861009	0.732329313956749	0.1616053313098988	0.080184088547251	0.0281374412682471	0.1756931243499157	1.641422387683663	1.584962500721156	0.1915861626407863
SC002	d5619045-060a-4b60-86e4-6a5774994fd4	1ba1877d-e32e-4e04-9701-d13d07fae459	0.0002144400640021	0.0207347046500503	0.8941820761097273	0.0848687791762202	0.0002343271206604	0.9771080428277876	2.213042305570313	2.321928094887362	0.2211043982208504
SC002	d7048098-09b3-4763-ad54-9c5c6fe14bc0	010eccdb-0d4b-4808-b210-8c462ad05925	6.598155815449583e-05	0.5975454860366528	0.3106576711809049	0.0917308612242878	7.264538156986669e-05	0.3420326177763249	1.7413883506703165	1.584962500721156	0.2345400250162825
SC002	d761bc06-dee8-478a-be99-8af9c504e49c	47ddad9d-1e43-4961-a5d1-55882f68b446	0.0154726753872292	0.5770417168401432	0.3225508470382528	0.0849347607343747	0.0169088221509175	0.3524894545192342	1.7213678155573329	1.584962500721156	0.2188579474864999
SC002	d8e9ea52-ff28-4626-baa3-71350fd53ddf	52efbeb4-7b23-4c49-92f9-931a3eb99055	0.0096333074905563	0.0204047968592778	0.9078897448163238	0.0620721508338419	0.0102708406612733	0.9679739711572284	2.1579849440677945	2.0	0.3075459134195457
SC002	d9fb85c3-ade1-47bf-8159-170f81eb130f	5f925197-6100-4594-9351-99c693981f43	0.0104085907988717	0.2885868399782261	0.6136614816158884	0.0873430876070138	0.0114047137073452	0.6723901098901099	1.9314304716007884	2.0	0.3340298468801619
SC002	da21e143-dbf6-4ac7-8872-f1d9ae39512d	40dd997d-cfdf-46f9-9c0a-f238b8d6f758	0.03500321660096	0.7036933177176979	0.1751810369001864	0.0861224287811556	0.0383018663586152	0.1916898306920327	1.6865735390912118	1.584962500721156	0.3087205416384191
SC002	dbbee8f5-d83d-4195-85cf-f89d327da0a9	05711fa9-46f4-43fd-a293-4969790f1004	0.0501129934183395	0.7235867575012784	0.1418438546426274	0.0844563944377546	0.0547357800479253	0.1549285624200493	1.6290922211721568	1.584962500721156	0.2425640188561362
SC002	dca004bf-9c14-45a1-b186-ab3759f6c7fe	a2dd99bf-3a02-42cd-9aa8-80a018584ee6	0.013113834683206	0.4603368358543787	0.4411856886000362	0.0853636408623789	0.014337757899293	0.4823618525465301	1.8376402524801976	1.584962500721156	0.327609259176108
SC002	e2edbf3f-25d8-49aa-b656-2a59c3b99aeb	082def2f-4d99-4270-83e7-5a9a5c049c23	0.0010886957095491	0.1854081784141332	0.7264239645019217	0.0870791613743958	0.0011925411968777	0.7957140792136456	2.048287676278961	2.0	0.3288635353110212
SC002	e4be17c8-0855-432c-bb80-28bb24b62f32	019736e0-3672-4aa7-a00d-891bdd1f7f5c	0.0002969170116952	0.9179189416558072	0.0	0.0817841413324975	0.0003233629749393	0.0	1.5847733455066948	1.584962500721156	0.0105173625369797
SC002	e4c0d890-a634-48bd-9108-e674532b0d2e	bfb18bc1-2476-49d5-9400-d8c7ea001372	0.0	0.0021608960295597	0.9112383088926646	0.0866007950777757	0.0	0.9976342260668556	2.5663137338773265	2.584962500721156	0.266531794168396
SC002	e5921d6b-51cf-44be-b295-610cf7c3a69a	91bec9df-1d87-41e0-81f0-7b7b33a8a72a	0.0	0.0634082773864704	0.9233294294244758	0.0132622931890536	0.0	0.9357394807669804	2.408938804663066	2.321928094887362	0.333585967711434
SC002	e6c8c5fc-158a-4de4-b3f6-3b645584bbc7	2ea59e5d-2191-44f4-b70b-8b180e805b8d	8.247694769311977e-05	0.2300941886742655	0.6794121043168434	0.0904112300611978	9.067498458525262e-05	0.746944253019477	1.9837342680910173	2.0	0.2883689761646856
SC002	e7af286b-3dec-4cf2-8fbd-fa64b3efdf7f	1aba77ba-8c2c-4060-83e8-fb3bdd2270aa	0.1515926298599541	0.7253682595714498	0.040529172096399	0.082509938472197	0.1652253645205947	0.0441739630715017	1.5121386161660433	1.584962500721156	0.2559967386320259
SC002	e831369c-78c0-4c75-9cf3-f46ed669312e	3e51f010-457d-465e-b7b3-7f65761cd28c	0.1162100192996057	0.6342477277600911	0.1613084142982036	0.0882338386420995	0.1274559467380685	0.1769186235843253	1.6065162911331838	1.584962500721156	0.3225391313391532
SC002	e83e5700-f968-4978-bb78-56a83936ce8c	258dd9ce-a865-44d8-a665-f52f3cd368c1	0.1302475957969747	0.6695973475413622	0.1118222456823317	0.0883328109793312	0.1428674820872837	0.1226568719693131	1.5680854165502631	1.584962500721156	0.2971569773734244
SC002	e8841edf-e070-425b-b4d4-bbb2115f9dbd	6de71018-d57a-4b0f-a2d3-5ca317889dd1	0.117249228840539	0.711759563202085	0.0830212955478943	0.0879699124094815	0.1285585096762524	0.0910291191897268	1.563489021441737	1.584962500721156	0.2785372089941066
SC002	e8e80df9-e3ba-4dec-b8fc-a5e80d8c6798	77204666-6ad8-40b2-b121-601fd18bffdb	8.247694769311977e-05	0.0909390825264338	0.8282829949029247	0.0806954456229483	8.971667474116739e-05	0.9009886777556476	2.006252698400257	2.0	0.1806876564386508
SC002	eb191e71-4b6e-4c8d-8348-519be5a1e657	31ee769f-14d5-4cc3-b25f-76ca354bdb1b	0.1762202464411197	0.6733418009666299	0.0654702010787984	0.0849677515134519	0.1925836458032881	0.071549610614364	1.5037578777007703	1.584962500721156	0.274067181675757
SC002	ebc5a6f8-34fd-48c1-a2b9-7f60f45fbf27	849016dc-fea2-4d92-9bee-24f41fa625e0	4.948616861587186e-05	0.6102799267604705	0.3052966695808521	0.0843739174900615	5.4046263601643006e-05	0.3334294155797362	1.7540195797980067	1.584962500721156	0.2577823770999151
SC002	eecaa5cd-0b69-4af2-a782-035025f207b6	2fcfeba3-1455-43c1-b10f-1559fd0e03cf	0.0003958893489269	0.7493195651815318	0.1570526037972386	0.0932319416723025	0.0004365938403885	0.1732004147641483	1.6662969537104704	1.584962500721156	0.1863334654427376
SC002	eed7405f-f8f3-41a4-a0e7-242f23087f59	0b30934d-0c35-41a1-8a1c-8c5f6a9774d9	0.0001154677267703	0.8687791762202465	0.0496511225112581	0.081454233541725	0.0001257071024512	0.054054054054054	1.6073234262006255	1.584962500721156	0.0940973142670143
SC002	ef4bb5bf-4535-4bd1-8a74-aba920123ee2	1c565c5a-8254-48bc-9b88-c582bfc15204	0.0010557049304719	0.123171073684905	0.791729211685334	0.084044009699289	0.001152571675551	0.8643747298660135	2.143493158033392	2.0	0.3479111094472286
SC002	f2ef5afa-6191-43a1-a023-d53c0d985139	0881378b-2103-4d63-8173-430b34267eac	0.0	0.1308084390412879	0.788743546178843	0.080448014779869	0.0	0.8577476410863559	2.073619116800819	2.0	0.2969632616141965
SC002	f38d49b7-6cad-4460-abd0-3685a3b2d941	77abfd72-97d2-4abd-8633-99bedfffbe1d	0.0123715421539679	0.490061527802979	0.4121867937911354	0.0853801362519176	0.0135264306454812	0.4506645986257147	1.8084196100461305	1.584962500721156	0.3054396646621988
SC002	f4e047a5-bdb2-4bc2-aff0-e0f45bcc9062	0d1b5f70-169a-415f-93f3-efe0ccc0e4c7	0.053164640482985	0.820414694093001	0.0449664318822889	0.081454233541725	0.0578791416000718	0.0489539373260303	1.571423093038833	1.584962500721156	0.1674961305782128
SC002	f5c3bc61-1018-4351-bb23-aacc1459365f	70f388b9-4642-41d8-8a78-8f76a8f37943	0.0027217392738729	0.8659584646091417	0.0494036916681787	0.0819161044488065	0.0029645866647501	0.0538117397631924	1.6055622185952985	1.584962500721156	0.0992958014983079
SC002	f6c674bf-396d-4bfe-8d08-e7266c314be3	066aaaaf-f945-4b04-9db5-d556f0c2bc08	0.0035465087508041	0.852828134536397	0.0622206093396895	0.0814047473731092	0.0038607958626634	0.0677345209021692	1.6108337888606008	1.584962500721156	0.1110839979334672
SC002	f83b909c-da90-41ed-b532-a2ef9371cff9	a3674348-7d0c-4d1a-b825-a335f79a4b79	4.948616861587186e-05	0.8776536957920261	0.0378404236016033	0.0844563944377546	5.4051132371223176e-05	0.0413310992198619	1.6153904809297053	1.584962500721156	0.1467674936932977
SC002	f9b5e6a5-c2da-4a0d-9251-bb6f557b7b58	87cf1a20-2dc5-4c06-b0c4-16103be40ef0	0.0779077247909209	0.5777675139798426	0.2584167725120829	0.0859079887171535	0.0852296309663448	0.2827032391951637	1.672677209729096	1.584962500721156	0.3123649300678388
SC002	fa83dfb5-7386-4a35-9861-aa866478d5f1	1a058e77-7c20-4f50-ac89-185067ea7437	0.0003958893489269	0.2318756907444369	0.6800059383402339	0.0877224815664022	0.0004339571467317	0.7453937257029202	2.106076865959229	2.321928094887362	0.3626487468098848
SC002	fac2c617-8149-45bb-b766-fbe13dc3c425	18364fcc-5f9c-4e3f-8a9e-56ed18ac893e	0.0572554970885637	0.7864012008643584	0.0735364465631855	0.0828068554838922	0.0624246893153247	0.0801755300972969	1.5896777715208816	1.584962500721156	0.2160044747090869
SC002	fafd4576-0709-49e1-926f-ad1ee09907ec	c24759f8-566b-42da-a26d-bb0bf51ee15f	4.948616861587186e-05	0.0578823218910314	0.8503043399369876	0.091763852003365	5.448601525608427e-05	0.9362150381402108	2.262726817383354	2.321928094887362	0.2822834877053212
SC002	fb4cc403-694c-421f-b360-3108b6d57ad5	1f464f7c-dc4d-4dc2-8623-55233b9f994d	0.0460716229813767	0.3970605215842172	0.47242795638619	0.084439899048216	0.0503206976073796	0.515998846929951	1.815801578757952	2.0	0.3393389370392241
SC002	fd16b634-2e04-44a3-862d-fb03cd73c057	4794413c-ed92-451c-a3ce-f411fed5ca82	0.0460056414232222	0.8012800422281973	0.0688517559342163	0.0838625604143641	0.0502169646554673	0.0751543960100109	1.5937719503640306	1.584962500721156	0.1961289343896102
SC002	fdffda5f-72b2-4153-b7f1-d7043b7ca898	0cf35153-2c04-4bdd-91e0-d63cb98da5bf	0.0002474308430793	0.7279085495603979	0.1919898388400442	0.0798541807564785	0.0002689039475099	0.2086515363378867	1.6886124662984825	1.584962500721156	0.2125451652256327
SC003	001cef41-ff86-4d3f-a140-a647ac4b10a1	92058c44-a484-4e08-b1fe-dfe2f03a0aa1	0.0444055886379756	0.8451907691800142	0.0244461672962407	0.0859574748857694	0.0485815346856276	0.0267451093625929	1.578506802299572	1.584962500721156	0.1893405699197314
SC003	00a2d166-78c9-4687-a195-3d6315c27574	2e4b5ba3-ccc8-40f6-80ac-edaea1685204	0.0004453755175428	0.1697540537419791	0.7929333751216535	0.0368671956188245	0.0004624237857093	0.8232856066314996	2.1555974656548385	2.0	0.4739233335668069
SC003	00b11ca8-8540-4a3d-b602-ec754b00230b	e0630a0d-d4aa-4c20-87ea-441ea60e6cfe	0.0001979446744634	0.9383732246837008	0.004998103030203	0.0564307276116325	0.0002097828747246	0.0052970175867976	1.587038246539009	1.584962500721156	0.0313039275304953
SC003	01263518-5f7c-49dc-8d7e-84b0c03a6a63	5d1a5545-6934-41e5-b41b-8e0ee88e6ec6	0.0123880375435065	0.1058344192798113	0.7907394883130165	0.0910380548636656	0.0136287746806039	0.8699368466898955	2.117279162053413	2.0	0.3507103763147504
SC003	01674b2c-5cf2-478f-84a1-f69c39f47bd4	3d164bd9-7416-47af-a102-29954e3efe2c	0.1538689936162842	0.7575177737822278	0.0022433729772528	0.086369859624235	0.168414971022081	0.0024554498347987	1.48750889171437	1.584962500721156	0.2205145516580255
SC003	016caf42-4e19-4444-ab5d-6cf1e76c4afa	163000c7-0633-4d89-a84f-f487517248db	6.598155815449583e-05	0.5489500684558666	0.3593355657093842	0.0916483842765946	7.263878547950679e-05	0.3955908257213939	1.822456870379076	1.584962500721156	0.3276036458966627
SC003	01eef340-598c-4205-a990-cec190ac2ca5	183a47b2-1b00-4a72-adeb-f35b55692ee1	0.039390990218234	0.4013493228642594	0.5218976296125233	0.0373620573049832	0.0409198396106789	0.5421536036190411	1.8652359926396005	2.0	0.3956335451898379
SC003	01f50abf-fc15-446e-9d07-edeecc545a32	6ae685e1-cd02-4c07-839d-0f2507077955	0.185985517047985	0.7009055968856704	0.032149514210778	0.0809593718555663	0.2023692003948667	0.0349816027999641	1.49843698696216	1.584962500721156	0.3074097553363164
SC003	02e6f999-24f2-4ad2-9b92-df3ee2b082e5	3182e60d-be44-4f03-ba0c-431e0c1f1d5e	0.2475793015852069	0.5403229797271663	0.1095788727050789	0.1025188459825478	0.2758601676224084	0.1220960152918688	1.4944924680978535	1.584962500721156	0.3696468323739191
SC003	03565036-b6d3-432f-8d9a-7099818e0788	63aa7e64-3d7c-43e8-87fa-f52855faed80	0.0	0.9468188641274764	0.0399353380730085	0.013245797799515	0.0	0.0404714142427281	1.6017596552807358	1.584962500721156	0.081788852833753
SC003	035cb359-eac3-484a-9e88-3ddc739440a3	7b420e74-ed0d-416b-8355-9a80a61d6a4b	0.1197235372713326	0.6847731059168962	0.0997146297609818	0.0957887270507893	0.1324065966141272	0.1102780210157618	1.5601830958000245	1.584962500721156	0.2704014161426814
SC003	045c13ef-3db7-4adf-b0a3-23338f0479f3	14423610-4958-43f4-9a75-1a61c1293024	0.3659832076934496	0.5344836118304934	0.06281444336308	0.0367187371129769	0.3799339007140778	0.0652088292206791	1.393125651498928	1.584962500721156	0.3335586730248131
SC003	0491063c-14a7-4104-8002-1459126332f3	357e1eca-0f5c-49d6-b437-0ed0afe3b178	0.237005756890949	0.6000527852465236	0.068868251323755	0.0940732065387724	0.2616168973051712	0.076019664967225	1.4683470112488757	1.584962500721156	0.3130902071087064
SC003	058dcb78-bed1-40c3-a6c2-a0cc40065531	78f8b01e-292f-4131-a3ef-4f9faec7913a	0.0	0.0343763917984923	0.872655592761823	0.0929680154396846	0.0	0.962100132758652	2.482120710759393	2.321928094887362	0.3871892623806431
SC003	05af737d-89aa-49b6-97b2-28b8ac8bd2cf	a76bc38a-9eef-4e6c-b021-f940ff5137b8	0.0001814492849248	0.1971693911551721	0.7332695511604507	0.0693796083994523	0.0001949766914227	0.7879362603470585	2.0664083723816717	2.0	0.3102452529916812
SC003	06ef6e83-5583-45b9-a0bd-edea68943083	9de14345-b948-4929-aad7-8abc4e2d35ba	0.0564802137802484	0.9257542516866536	0.0045032413440443	0.0132622931890536	0.0572393386716595	0.004563767364884	1.553948378865531	1.584962500721156	0.1422319193368595
SC003	0741b5db-4405-42ba-b63a-c6ee4f341480	14193a12-5601-4f0c-90aa-ecd24d6ac41b	0.3240354320967289	0.5455355228213714	0.0438777361727397	0.0865513089091599	0.3547385148800924	0.0480352499277665	1.401876531601465	1.584962500721156	0.3226705610555683
SC003	0772cdbe-8b0d-452b-8df1-bd70d1306363	5a800052-150a-4273-9d5d-0ce48be4fd8a	0.0287184731867443	0.8835425498573148	0.0	0.0877389769559408	0.0314805439027918	0.0	1.5665475630357166	1.584962500721156	0.1021426782477851
SC003	077506ea-8f11-405d-bb8e-3c9924fe54d0	3e936c86-fbb5-415d-a657-f96fe5565e34	0.1434439074278739	0.7244775085363641	0.0687692789865232	0.0633093050492387	0.1531390331953861	0.0734172756890023	1.545125523985819	1.584962500721156	0.3008966945523516
SC003	084c6aec-94f7-4090-8f3f-59fa9e89721a	12ece355-f1d0-446c-84e9-0aed3e6d29f8	0.0014680896689375	0.1949755043465351	0.7108853075565379	0.0926710984279893	0.0016180347241159	0.783492409780929	2.1810308080870877	2.321928094887362	0.3641344665586756
SC003	08da7c4c-3067-4bcf-9d7a-78566df72e69	270be245-2239-4e96-a917-79cca40868ba	0.0076703561354601	0.3629315606288043	0.5923329429424475	0.037065140293288	0.007965602302316	0.6151329313416473	1.9533270193797476	2.0	0.3880657415821246
SC003	08de63a2-7b76-43c3-80dc-df748b1d81bc	58d073a2-68b8-4f48-ba5e-020258abef71	0.0602576579845933	0.7927519258367286	0.0642990284215561	0.0826913877571218	0.065689624168315	0.0700953065995324	1.591839764236291	1.584962500721156	0.2484508281685859
SC003	0930e97a-72ea-4bd5-b2f0-50c76af695f3	281f2be7-7fb2-46f2-9a4a-033db48329a1	0.0657176319218778	0.7093677317189846	0.1641456212988469	0.0607690150602906	0.0699696166072463	0.1747659776251778	1.6312531918887452	1.584962500721156	0.2628973989420724
SC003	09a5e9fd-d816-4f8c-baa9-0e40ba607b16	b1379238-cffe-492c-acaa-f8f0b0f733ff	0.0167593157712419	0.2330963495702951	0.6846906289692031	0.0654537056892598	0.017933103874327	0.7326449563145353	2.036324994712765	2.0	0.3993608282227586
SC003	0a229f95-0ea1-4d63-953e-74f5ec2f3028	6292ad22-cf2f-4e72-a95d-2441d667a147	0.3518631542483876	0.4792900384342576	0.0828728370420467	0.085973970275308	0.3849596650484561	0.0906679179224341	1.4094015435352385	1.584962500721156	0.3830452138392645
SC003	0adf59c6-581a-475d-a2f4-40aa40060b5b	8df411bb-1d82-4470-84ff-e2d335698d42	0.0159510416838493	0.0880853801362519	0.8593273180146149	0.0366362601652838	0.0165576521352008	0.8920071230437314	2.183278277559449	2.321928094887362	0.3287080140762439
SC003	0b0f9938-ce1e-4814-8821-0132d137eb9e	cb914f76-be58-463e-b9df-c7cb2811bd3c	0.0812892796463388	0.7986737706810947	0.0589875129901192	0.0610494366824472	0.0865746108710164	0.0628228101612733	1.5699609661068163	1.584962500721156	0.2377609728082296
SC003	0bc5744c-5fa3-45bb-87d0-70a02068b392	3f104cf7-8de8-4e77-8baa-bad1bbb493ac	0.1168698348811507	0.7289147683222539	0.1165399270903782	0.0376754697062171	0.1214453453093128	0.1211025214693429	1.5874187776501647	1.584962500721156	0.4303551821303032
SC003	0c23c380-363c-474d-b64c-b47f612a8225	bed56886-f4fe-4917-b32a-18b3d3f47c24	0.0360259307523547	0.2346469161869257	0.639163353842601	0.0901637992181185	0.0395960621498631	0.7025037619885055	1.9871399699060692	2.0	0.408901964541692
SC003	0cf0d67c-2f7f-42a6-94f3-407d0ec46c88	2bd0e061-f49d-4f0c-a76d-1a647860e0d0	0.0	0.1033766062385563	0.8378338254457879	0.0587895683156557	0.0	0.89016631907324	2.2582821194399587	2.321928094887362	0.2714725051383622
SC003	0d146997-cfdc-4587-888c-e876fc455c80	0201cf15-d073-447f-b96e-eca0800b8cff	0.2310674166570443	0.5979413753855797	0.1130923906768058	0.05789881728057	0.2452681526097385	0.1200427223224134	1.5032727795019651	1.584962500721156	0.3372176435328723
SC003	0dd8dbc1-c48b-4e7c-b401-57101f724967	6b4d9ae9-5776-4efa-86ac-3772b179d59f	0.0214440064002111	0.8756577536578526	0.0446860102601322	0.0582122296818039	0.0227694678950502	0.0474480680982239	1.59134618897403	1.584962500721156	0.1262478838618642
SC003	0ec70e40-07df-461d-8ff9-351240a0d454	b9eeeaf9-5a04-4f93-b2fb-897377bd57f4	0.1685004041370437	0.3776124573181795	0.3899675040826089	0.0639196344621678	0.1800063438359061	0.4165961796010432	1.7428931419954412	1.584962500721156	0.4962899556923734
SC003	0f7ab21b-1fd0-45e0-9a47-17c4691eb84f	0ac12a02-8fe3-4c1b-a885-848aa924a339	8.247694769311977e-05	0.1694406413407452	0.7655345330979991	0.0649423486135625	8.820520057862611e-05	0.8187030307306918	2.2309235454519607	2.321928094887362	0.3827421248373431
SC003	10c829ec-fd66-49c4-8afe-ad3ae567372c	312a82ee-9236-4282-b5eb-ee6063babf5a	0.3096184616399716	0.5176913052801742	0.1068901242102832	0.0658001088695709	0.331426351661546	0.1144189003072359	1.4457024967548202	1.584962500721156	0.3513655996495765
SC003	10c9be1e-2cc0-45e4-8d2c-c013ea63ef05	181ff04b-8315-4069-a4cc-e102796ecde4	0.0666413737360407	0.7909539283770186	0.0445705425333619	0.0978341553535786	0.0738682074160754	0.0494039347619395	1.5866106340132682	1.584962500721156	0.261327522547399
SC003	1111fb30-46ce-4722-98da-ec9ba2323d90	a19fbcc1-a781-4496-97ed-487aa83aae29	0.0272503835178067	0.1052900714250367	0.7754317668211734	0.092027778235983	0.0300123537533609	0.8540258702129205	2.1205246652467458	2.0	0.3975873934142621
SC003	1133b8a9-6b11-4511-b70a-f200e3b8b5db	07c938ad-70f7-418f-b6c9-ec6e4b1dae66	0.0980156046385035	0.7237682067862032	0.089569965194728	0.0886462233805651	0.1075494579087404	0.0982823218519792	1.5782481442951983	1.584962500721156	0.2681810235228834
SC003	115bc72c-116f-40c1-be9b-e3dd7650efae	0d7511fd-b57f-4bba-abc2-38b24ba4a15a	0.0008247694769311	0.4091516421160285	0.5532553651254475	0.0367682232815927	0.0008562523546939	0.5743740795287187	1.9066014009266077	2.0	0.3116380497625272
SC003	1174f6e4-ffbe-4e59-a000-8d861c968369	00f81e98-e5c3-43b2-9757-f769ec17f3f8	0.0096992890487108	0.3220229945730168	0.6313940253699091	0.0368836910083631	0.01007073492387	0.6555740147635604	2.0073223547642827	2.0	0.391459904839074
SC003	125b0a9a-6cbe-4207-9178-e7ff03487e87	146bd11a-e66a-4d8d-990a-9f1199cdf255	0.0946835359517015	0.8207446018837735	0.0003628985698497	0.0842089635946752	0.103389891566699	0.0003962678770849	1.5246477572297603	1.584962500721156	0.1783508729424188
SC003	13b860c3-8048-4dc9-9eb0-7480bc660837	78feb5be-f9d1-4cc6-baba-274136b9487c	0.0145489335730663	0.271002754730053	0.6217277271002755	0.0927205845966052	0.0160357805170721	0.6852659903276245	2.036540455706544	2.0	0.4112310020496704
SC003	1402082d-25c9-4148-8a1e-f58450b706bb	6b1c8010-d4fe-40e7-8e09-7a7dbdde6616	0.0299721227916797	0.8318789898223446	0.0383682760668393	0.0997806113191363	0.0332942426796643	0.042621028328508	1.5833979432348044	1.584962500721156	0.1378175586369755
SC003	14b95463-2108-4921-afc2-e29eef52b18f	0fcd1ba3-8461-4533-9952-2831daf6a4db	0.0	0.0887451957177968	0.8169341669003514	0.0943206373818517	0.0	0.9020125671614608	2.2329115074719765	2.321928094887362	0.3710394175392776
SC003	1549dc64-3dab-43fc-96e9-b07d520957e1	7e9145f7-ccff-4132-b2b7-9b992eebebf4	0.0173531497946324	0.4044009699289049	0.5411477492040975	0.0370981310723652	0.0180217219995203	0.5619967793880838	2.0341042499085247	2.321928094887362	0.4604966465579327
SC003	1557183c-aedd-4df6-b98a-3654667f7b69	a09a99f9-33e3-45d5-bfc2-f57ce149a527	0.0	0.1407221681540009	0.7658149547201557	0.0934628771258433	0.0	0.8447695471004604	2.216780699292783	2.321928094887362	0.3726854512834385
SC003	15ff4b02-bb69-4d24-8a07-b82f428e428d	8ba93ad6-932d-42c9-8268-ddda46802057	0.1142635633340481	0.7429853355987002	0.0521584217211289	0.0905926793461227	0.1256461881699951	0.0573543015726179	1.5447971362677069	1.584962500721156	0.2607431387807913
SC003	1783cac1-253a-40af-a9ac-48dfb20e1ab8	c75bc2c7-cf1f-482c-b615-f60b56983124	0.2434884449796281	0.6939775332794484	0.0491892516041766	0.0133447701367467	0.2467816899053733	0.0498545491022168	1.4807317628750871	1.584962500721156	0.3679627433077987
SC003	178b2c48-c07d-422e-ae17-8bcfd996ad51	d360da4b-c5b4-42e8-96d5-eac486f0ebbd	0.4997443214621513	0.3386173564488725	0.0657836134800323	0.0958547086089438	0.5527256805079179	0.0727577902649054	1.294772855410457	1.0	0.3524695720415142
SC003	17ca61a2-607a-45ff-88fa-ef72e80bf891	7ea6d404-9d2c-4b69-ac8b-d9ccd2d6cc65	0.0	0.0838130742457483	0.9029081371756594	0.0132787885785922	0.0	0.9150590123374236	2.2594702212879136	2.321928094887362	0.2055960516023018
SC003	17f275c1-a0d4-487d-8f02-ea279584b4cd	0dcfd67b-64b2-4333-af18-a2638dd82952	0.3756989921316992	0.411543473599129	0.1134222984675783	0.0993352358015934	0.4171352173037124	0.1259317594915844	1.3991727073968985	1.584962500721156	0.3717765804700798
SC003	189e1f27-7738-413a-a4d4-97d41d592a13	91d2288c-0d88-4a49-a0e4-0a7d2a95ccc6	0.0538244560645299	0.793131319796117	0.0901637992181185	0.0628804249212345	0.0574360599179736	0.0962137614194434	1.591463697999758	1.584962500721156	0.1908282338017657
SC003	195b6731-6ae6-416e-a345-0eb8874a0ca2	82371bb4-13dd-4868-9872-bd3e3e1da67d	0.0984609801560463	0.7384491034755786	0.1264866469821685	0.0366032693862065	0.1022019039791795	0.131292377234436	1.5864159309099997	1.584962500721156	0.256762950541972
SC003	197428f7-bd77-4c5f-8119-87157b5c35b9	b8c9196c-182d-4522-b487-734f9a8f9a78	0.0285040331227421	0.8796496379261997	0.0551935733962357	0.0366527555548224	0.0295885344429033	0.0572935394941867	1.6232535024954036	1.584962500721156	0.2591382777611016
SC003	1a679332-30a3-4495-a2e5-39d299e14333	468b4ab5-9750-4685-a967-184da2cfcdb4	1.6495389538623956e-05	0.0677300694455899	0.8674595450571565	0.0647938901077149	1.7638239703677574e-05	0.9275597495369962	2.168800525364919	2.0	0.2947166165862107
SC003	1b4cfad1-e353-4411-97b6-2b7b9309e95e	314e66df-0adc-4b7f-98e0-a32929192c71	0.1144120218398957	0.7958695544595286	0.0	0.0897184237005756	0.1256886053928675	0.0	1.5114393797983894	1.584962500721156	0.1939157053523793
SC003	1be375fe-5ae5-4e75-a729-69f86a661d9a	d189e6c5-830e-4624-9df4-cef3301d0fbc	0.076456130511522	0.7973376441284661	0.0646289362123286	0.0615772891476832	0.0814730181051151	0.0688697486377219	1.5803265091955168	1.584962500721156	0.2374038909487566
SC003	1c40b84e-a0e3-429f-a48c-21566cf881c0	1bab00ca-778e-48ac-ac59-ce2b99d84403	0.1184698876663972	0.3562344324761229	0.4351483760288999	0.0901473038285799	0.130207766779071	0.4782624460640342	1.7667296863396558	1.584962500721156	0.413646093603398
SC003	1d27253f-b036-44e7-a04d-8da5bbf57419	cc937913-802f-48cd-a490-e6b90f007c5d	0.0001814492849248	0.0692476452831433	0.8329181993632779	0.0976527060686538	0.0002010858636637	0.923057236349012	2.2814914345882435	2.321928094887362	0.3437301410260055
SC003	1d38d356-d126-4476-94d0-26616b9375b1	1dbb21be-290d-4c22-a6da-9eb4a0c41edf	0.0200089075103508	0.8545766458274913	0.0574699371525658	0.067944509509592	0.0214675067251875	0.0616593515503327	1.5980475203058988	1.584962500721156	0.1336761821129332
SC003	1e68e760-a4cf-4100-bf9c-e50fa8d126f6	14f380df-eda0-4593-b00f-43abc87e22d4	0.0250070105405539	0.7749039143559375	0.1116407963974069	0.0884482787061016	0.0274334521633701	0.122473353721431	1.63310990474384	1.584962500721156	0.2087148218299499
SC003	1f601832-eee3-48fb-acf5-80c4a454f26e	7f791228-dd77-4ab0-8227-d784a4c7fea1	0.0181614238820249	0.8369430744107023	0.057024561635023	0.0878709400722498	0.0199110243055555	0.0625180844907407	1.6126180991619938	1.584962500721156	0.1794535358937893
SC003	1f8f87cb-8a0b-474c-97fb-c71b4fd88d97	15c2deaa-1162-4ee8-b698-179bfd67a78d	0.1698695214687494	0.6117975025980239	0.1816307342097883	0.0367022417234383	0.1763416555361485	0.1885509777732114	1.5841783763672508	1.584962500721156	0.3796746263611422
SC003	1fef9454-b3e8-4d9d-a9aa-aa1f1a32b80c	6f68a61c-8aec-42d3-b225-22bc6da3e355	0.0349537304323441	0.8390709796611847	0.08930603896211	0.036669250944361	0.0362842465753424	0.0927054794520547	1.616306277127283	1.584962500721156	0.2095761154114336
SC003	2021ed1f-dc75-4701-b8b8-1386466e4802	69bfa6ce-ed46-4321-a107-347c49d68951	0.0092869043102452	0.1750985599524932	0.7204526334889398	0.0951619022483215	0.0102636088525905	0.796222700258869	2.1294941305995865	2.0	0.4224861007606944
SC003	20e8106b-1290-4735-abe4-7621e08e3dc8	662cc11c-da31-4e31-8e77-46011b38ea96	0.0033650594658792	0.4280058723586757	0.5317453771670818	0.0368836910083631	0.0034939284429753	0.5521092023909432	1.935988099791649	2.0	0.39743894813504
SC003	214a4507-d974-4b3e-8525-7408fccc6a0f	45c79141-a125-4305-b1b7-c838de1af8a3	0.193226993055441	0.5814294904574171	0.1371096778450423	0.0882338386420995	0.2119260411766834	0.1503781162933748	1.5345541977367003	1.584962500721156	0.3609785153920454
SC003	2199b7a1-bd47-4bb5-b36a-a3e291e3e259	3652a456-36ee-4746-b25d-a6303984b77f	0.0495356547844877	0.8117381191956848	0.0518615047094337	0.0868647213103937	0.0542478819300178	0.0567949852773813	1.5924859499683743	1.584962500721156	0.2153104080124382
SC003	22b35927-1c3f-4f98-ba42-deafc56b677a	4a4d5c63-8e41-487d-839a-f68f28ab9b82	0.0740972898074988	0.7705656269072794	0.070666248783465	0.0846708345017567	0.0809515227969003	0.0772030996575959	1.57249919573335	1.584962500721156	0.2138215579140736
SC003	22eaba28-be67-4730-9846-860bc1fca29a	860baf5b-abcf-4014-8b4b-d0a4b0d15c51	0.0001319631163089	0.0935453540735364	0.8177094502086667	0.0886132326014878	0.0001447937593889	0.8972145300537547	2.1912075737516443	2.321928094887362	0.3126590531254769
SC003	23b7aaea-1119-4b10-aa1a-0ae255d2f2a6	06239773-a7e3-4262-9b5f-0105e3b1467a	0.0303020305824522	0.8382132194051762	0.0499480395229533	0.0815367104894182	0.0329920977011494	0.0543821839080459	1.5882340063603726	1.584962500721156	0.1436892673577957
SC003	23e7a78a-1d56-4ad1-9bb4-72ec0178aff2	17bb7144-07ec-49d0-8345-2a5b4ceeeaec	0.0125694868284314	0.315127921745872	0.5824851953878891	0.0898173960378074	0.01380985175251	0.6399652035231432	1.977168707051334	2.0	0.3836604436350936
SC003	24046547-d038-4616-b190-52ac93f4965f	d2d7f976-2330-47aa-b1b3-947b3182b0b0	0.0146973920789139	0.2623756660013526	0.6305857512825165	0.0923411906372169	0.016192639709223	0.694738755111313	1.988289820082484	2.0	0.3828439939009481
SC003	241fffc8-4250-4cfa-b2e7-e68c33ae07dc	17cdb451-9b35-4aab-8bc2-b4a64ef3e3b4	0.3283737195453871	0.4751991818286789	0.1057849331111954	0.0906421655147386	0.3611050645769845	0.1163292700624002	1.4489676351357836	1.584962500721156	0.4074687413140377
SC003	24334ac1-28a3-4b61-b590-3f51e375b247	8835b20e-9343-4266-a356-e0343c657130	0.0636062220609339	0.7940220708312027	0.0456757336324497	0.0966959734754136	0.0704150764230017	0.0505651832508537	1.5898954730744277	1.584962500721156	0.261342947913326
SC003	24e39609-9645-43e5-960b-db5446eaea65	093150bc-9ea8-4729-8693-32fe1d9690d2	0.0	4.948616861587186e-05	0.900070930175016	0.099879583656368	0.0	0.9999450227239408	2.4907196744122486	2.584962500721156	0.2755542983251562
SC003	271404de-24e8-43f6-806b-fb510c1124c4	ca44a8bf-428e-48b5-ae58-614f9a3e0fd8	0.0	0.1806575062270095	0.7302673902644211	0.0890751035085693	0.0	0.8016768375495718	2.13413123903126	2.321928094887362	0.3473375998436265
SC003	27b05b15-a44b-45ed-a6e3-e7d1ca488ea9	5a9087b1-d001-4fcc-b061-f59e7026e711	0.0030351516751068	0.1552711017270673	0.7423750061857711	0.0993187404120548	0.0033698399326032	0.8242372074282993	2.091508288639488	2.0	0.3050791689273099
SC003	27c1c094-690b-4973-8900-a797ad88f98c	0f6ed829-a59b-48b7-a2ca-3aa9db40e4c2	0.0001319631163089	0.1337611137687016	0.7756462068851756	0.0904607162298137	0.0001450878688405	0.8527902210776401	2.143268937467189	2.321928094887362	0.2819076667572255
SC003	27dfb9d4-3a2c-44bc-9acf-8f638d3f3004	1142b1cf-ebf3-485b-aae2-dcf4d8793212	0.1635023011068406	0.6903815383600284	0.0436962868878148	0.1024198736453161	0.1821590031977064	0.0486823244018083	1.4993292655410777	1.584962500721156	0.2534519150598599
SC003	281f70c5-876f-44b3-84fb-f2302f85e74c	a03cd506-47aa-4333-a9a4-fa1a6815ac75	0.0195140458241921	0.2116688385596226	0.6731108655130891	0.0957062501030961	0.0215793217927436	0.7443497929625509	2.0453399616828034	2.0	0.372436322028527
SC003	28911b97-42bf-4189-9961-522fc0aeebc6	80265a56-75ca-479d-b92b-4fdaeb18ed17	0.1241278062781452	0.7507876548504693	0.038203322171453	0.0868812166999323	0.1359382903388973	0.0418382831129416	1.522825601644051	1.584962500721156	0.2233437342506463
SC003	298a1710-deb4-4064-a0f2-da32d43aa217	d9de9f71-2b39-4d21-9c93-8e199080c011	0.0002309354535407	0.1036405324711743	0.8588819424970721	0.0372465895782128	0.0002398697849738	0.8921099974299666	2.3316955665930528	2.321928094887362	0.395721163256439
SC003	2ab1b35b-9e56-475c-ac9b-15ed0a422683	796b90a8-99d6-4102-81a0-96c6954e9f26	0.0094023720370156	0.0565956815070187	0.8695214687494845	0.064480477706481	0.0100504284656345	0.9294530451035018	2.229637941728793	2.321928094887362	0.3406888840431179
SC003	2b22db1d-54a1-4b9e-a86e-a174cf51d95c	2f125802-32af-40b6-b4c8-4018740ccee9	0.0181119377134091	0.8509146693499167	0.0379229005492964	0.0930504923873777	0.0199701720563093	0.0418136844785566	1.59063494597688	1.584962500721156	0.1183391623632841
SC003	2c04a2f5-321e-4dea-8e00-268325da65cb	7b80a02f-c065-4ec2-95fc-05baf0aa3926	0.0240832687263909	0.1827029345297989	0.7051943981657127	0.0880193985780974	0.0264076546023477	0.7732559191129922	2.0861357241126752	2.321928094887362	0.3517777757504313
SC003	2c6adb12-380d-4710-a7e6-93d5a0e53289	08add75d-f706-458a-a6a8-41da7e07af19	0.0453788166207545	0.82594064958844	0.092027778235983	0.0366527555548224	0.0471053577849694	0.0955291861440728	1.629178603781875	1.584962500721156	0.2872198820034773
SC003	2d0d7ff4-7866-4ae1-9cf1-a3c7f4cbe48d	6bbd477d-699c-4988-a27b-0c3233b595eb	0.1679560562822691	0.6578196394107847	0.0833512033386668	0.0908731009682793	0.1847443480785281	0.0916826940523279	1.5195971356256652	1.584962500721156	0.2872354739361984
SC003	2d4c778c-7f77-4f0a-8261-2086accf15fd	05507d2c-3dea-4554-8f06-039fd555309a	0.0107055078105669	0.077594312389687	0.8246869999835046	0.0870131798162413	0.011725807617258	0.9032846715328468	2.2537919342849198	2.321928094887362	0.3517667019470137
SC003	2dc1cec9-925a-417f-9e21-3c2143e711b4	cee987ef-2eb6-4cdd-8094-331de8ec38ca	0.0	0.9867542022004848	0.0	0.013245797799515	0.0	0.0	1.5849625007211556	1.584962500721156	4.44092921775654e-16
SC003	2e243f0e-9d7d-4cb0-9678-70607f90430a	5ae24b78-4c64-4a08-bd13-3d58182215ad	0.0986919156095871	0.7610807779225707	0.0557379212510103	0.0844893852168319	0.1077998594619916	0.0608817859137673	1.5592875432363524	1.584962500721156	0.2488583736821354
SC003	2e538802-2a31-4774-89a8-c6e4381a887d	3596c171-86d4-48ae-80a5-847c874d4860	0.046319053824456	0.4730382857991191	0.3974399155436056	0.0832027448328192	0.0505226794292808	0.4335090591770273	1.7497456768998696	1.584962500721156	0.285558057201941
SC003	2e82e576-3095-4aee-9853-65f676647c34	1be0c409-dd2c-4d82-80c4-2a71ec4d17d4	0.1349817725945598	0.704831499595863	0.0729426125397951	0.0872441152697821	0.1478837604366212	0.0799146998228937	1.5562998054072092	1.584962500721156	0.3227580192413341
SC003	2f4cbedf-ed7e-45a2-bf34-f1d1e696bdde	27b748ba-fef9-4eaa-96b6-a8ad31b5c478	0.0	0.2375171139666463	0.6600135262194217	0.102469359813932	0.0	0.7353660105493375	2.057927078061287	2.0	0.3587869820348679
SC003	2fd36838-5a83-433e-ac80-b1f77448e5aa	371ee0d6-5c89-4d9e-b57b-d22a0b86987e	0.0150767860383022	0.1721293898355409	0.7504742424492354	0.0623195816769213	0.0160788108013017	0.8003518339343829	2.023196787955941	2.0	0.3309249173773217
SC003	2fdfd287-d13c-4910-9788-73987d45908a	0d9139aa-d829-4ac9-8a65-822dcf79971c	0.0287349685762829	0.8094782508288934	0.0767695429127558	0.0850172376820678	0.0314049288791937	0.083902720438443	1.6147225643055765	1.584962500721156	0.1991101081656908
SC003	303a1d77-a37a-4966-a4a4-9981d99ba1b4	10f2905c-6bac-4050-9327-926c5c4de29f	0.1408541312703099	0.6972271250185573	0.0712930735859327	0.0906256701252	0.1548912550563224	0.0783979393785485	1.5373681039698452	1.584962500721156	0.2866376974806052
SC003	316625b8-a217-4829-90d1-dfd9cb7e4bc3	e7008896-7348-4b14-a443-d9da1352c80e	0.1017435626742325	0.7534269171766491	0.0606370519439816	0.0841924682051366	0.1110971018930456	0.0662115672112249	1.5642503374068693	1.584962500721156	0.2622467842749659
SC003	31c31cce-1b4d-4f12-922f-84f389403170	ce2a0734-ea41-4e2c-87dd-516f6e5b83d6	0.001270144994474	0.0710456427428533	0.8294706629497055	0.098213549312967	0.0014084764674678	0.9198083008652068	2.274686804626348	2.321928094887362	0.3134149368242656
SC003	324bcba2-f6a4-45a6-807c-215bdffcca21	7fd5702e-2d7b-4b79-b2d8-5ca4ca33cf65	0.0278772083202744	0.4373422628375369	0.4454909852696171	0.0892895435725714	0.0306103966672704	0.4891686288715812	1.8855694983236024	1.584962500721156	0.4088161446548571
SC003	32861b48-83f5-43a3-bb54-45215ad2c5d6	9864f875-05af-4336-b532-a283e4dfeed6	0.0715734952080893	0.7507216732923148	0.0878709400722498	0.089833891427346	0.0786378382296971	0.096543849792486	1.5930117357556162	1.584962500721156	0.2445932356046902
SC003	32bc7cc4-d185-4594-bbee-4b96410be512	4ab5f84d-7ba2-49e2-862b-48ff8cff3c34	0.045180871946291	0.7307292611715026	0.1349487818154825	0.0891410850667238	0.0496024918959054	0.1481555261775838	1.6423755863638665	1.584962500721156	0.2733391398596857
SC003	332148f5-f070-4c20-8eb1-4d8c0673aa52	4fbe5e67-d18a-48d5-bd88-19a2f4c01c8d	0.4369463734886099	0.4513138577767513	0.018375863946027	0.0933639047886115	0.4819423976129396	0.0202681804122773	1.3115514885745316	1.584962500721156	0.3063434337220374
SC003	33919e92-4ea9-47e5-a6f4-36e51845d50f	03115606-c46f-40ef-a95f-cdc1c174797d	0.3069627039242532	0.5555317288817776	0.0472098048595417	0.0902957623344275	0.3374313224174509	0.0518957732687809	1.4097564982056765	1.584962500721156	0.3089300779071212
SC003	34126cd5-cc38-4198-8582-c14fb5db7acb	863804ba-7fcd-49ce-a544-5a98eb3f2857	0.0	0.0611649044092176	0.8792702439668113	0.0595648516239711	0.0	0.9349610608292992	2.2983482517004235	2.321928094887362	0.2488220947255286
SC003	34ab0cb8-bf19-4cbb-b4eb-3c45ee5aa60b	4c3d691c-fdf7-46e3-977e-68500c4ac358	0.2577239661514606	0.5925308876169111	0.0607195288916747	0.0890256173399534	0.2829102234454785	0.066653387897005	1.4548637487447431	1.584962500721156	0.3196847506417028
SC003	35bd694d-1dd2-466f-ab27-03320614b40e	2b8c960a-3e9a-49bf-8329-7d322da90326	0.0058888540652887	0.2463421473698101	0.6823647790442571	0.0654042195206439	0.0063009636767976	0.7301175473896008	2.0703283877408523	2.0	0.4059785683653525
SC003	37242f5a-25ae-4b1f-9ce6-09ce1dc92539	66cd1bec-0b4d-4212-ab3f-548ffcfa7dd8	0.0181119377134091	0.8072843640202564	0.0845058806063705	0.090097817659964	0.019905367922989	0.0928735882235637	1.6191248043968247	1.584962500721156	0.1732238769582293
SC003	376ffe63-efd7-42af-90e1-261255b28bb7	22ff97e9-f168-48bb-9b61-6f50aba08d27	0.0	0.8676739851211587	0.053164640482985	0.0791613743958563	0.0	0.0577350243622814	1.6089247008532803	1.584962500721156	0.0968049195815943
SC003	378778d2-b331-4867-a93b-c64028c8b4c7	3490858a-b2ef-4700-91ea-5e71c71cff67	0.0	0.1751150553420319	0.7204526334889398	0.1044323111690282	0.0	0.8044647461872836	2.244594846916244	2.321928094887362	0.4384598516449645
SC003	3828b534-908e-4953-a3fb-07d01cf49c7d	250c0ab4-ef0f-4340-a86d-628b98f8acca	0.0029691701169523	0.1814162941457862	0.7252198010656021	0.0903947346716592	0.0032642402480822	0.7972906805940917	2.079317522218156	2.0	0.3226657605140455
SC003	389e5b18-8f89-41a9-9fa5-efd4172836e2	11b582c7-95bf-4a07-8996-ef4d0d4f897e	0.0218563911386767	0.3897695594081454	0.5214852448740577	0.0668888045791201	0.0234231367557629	0.5588672040729741	1.9946007288907783	2.0	0.4617963697414547
SC003	38a4e9bd-93e9-432d-a756-3b1055b823bd	5d3af3d2-f86b-4fc5-a56e-381f82b84cd0	0.1285485706744965	0.7627468122659716	0.0504758919881893	0.0582287250713425	0.1364965932776347	0.0535967631758709	1.5272085812623344	1.584962500721156	0.2303646866194698
SC003	38a631a1-6875-4216-a335-ee93c90a86d6	4c7ed667-0015-48e5-a262-cabd54a35244	0.0040908566055787	0.3400689507282714	0.5666496214308101	0.0891905712353397	0.004491451753115	0.6221385105766445	1.9343749028840151	2.0	0.3471901043132371
SC003	38a8b734-9acc-42f9-b5b7-e51b0dfc6504	8b5c7e4d-a220-4499-9e38-7deacc1776a2	0.0139880903287531	0.2294673638717978	0.6640878874354618	0.0924566583639872	0.0154131375186302	0.731742338870915	2.068907785587507	2.0	0.4076038027371463
SC003	38dc3e09-0b0e-4a29-b318-cc0352013dae	0849aa2e-a846-4de6-8ba3-eb916dc13f35	0.0921762367418306	0.6701581907856754	0.178793527209145	0.0588720452633488	0.0979423002769306	0.1899779156588495	1.6212617805717229	1.584962500721156	0.2861951703317934
SC003	3927f736-3b5c-48c8-9d9e-83669ec44770	084b2d8f-96a8-41f1-844d-20004cd665e7	0.1490688352605446	0.704699536479554	0.0557544166405489	0.0904772116193523	0.1638978562878595	0.0613007363342885	1.5214727300720443	1.584962500721156	0.2706693586850803
SC003	39de7761-e762-4811-b95c-8216b79ae06b	38bf35cd-b2f7-4532-9bff-d95cfe2cafd5	0.1459182158586675	0.6663642511917919	0.0950629299110898	0.0926546030384507	0.1608188197651165	0.1047703886848707	1.554544683459236	1.584962500721156	0.3254660506973124
SC003	3a0775a0-61ae-43f2-b5f6-629a44355c2f	6407b3ab-d159-4700-8e6b-d460411643ac	0.0981145769757352	0.7036933177176979	0.1147914157992841	0.0834006895072827	0.1070419493584321	0.1252362013425234	1.590769028416592	1.584962500721156	0.2959473130146815
SC003	3a711140-1b89-4611-9992-3861e3d0e01a	600df455-fdf4-4955-8d65-236b7b112693	0.0134272470844399	0.1722448575623113	0.7775926628507333	0.0367352325025155	0.0139393109117062	0.8072470717172409	2.0684479679761605	2.0	0.3454237565305907
SC003	3afa1e93-1df8-4e4c-aaa4-557463f4bb77	4f441e61-6bea-4a12-841d-def270804bbe	0.0802995562740214	0.3669894264553057	0.4602213681276083	0.0924896491430645	0.0884833502980951	0.5071251999418351	1.8799954463105373	2.0	0.4655506022916144
SC003	3b01d064-8c00-4972-9f07-407eac8e7534	989c2df5-5183-4daa-a8da-fc9ab18a437c	0.0301205812975273	0.2470514491199709	0.6347425894462497	0.0880853801362519	0.0330300454027458	0.696054845069913	1.995338788952054	2.0	0.4109323837527932
SC003	3b963d72-ba5c-467b-83c9-fbdb462510a3	eda0ff5c-84cf-44cb-888f-0aab17441dfa	0.1022714151394685	0.6863731587021428	0.1169358164393052	0.0944196097190835	0.1129346618335488	0.1291280351190367	1.5993974609582378	1.584962500721156	0.3139741994808911
SC003	3bf81a9f-abb4-4495-a514-fd3865e13a03	7893162b-3d19-4c54-86ee-aa4884d84e8a	0.0696765254111475	0.7883311614403774	0.0569585800768685	0.0850337330716064	0.0761520155765486	0.062252109324295	1.5731909650242153	1.584962500721156	0.2204235284608799
SC003	3c08aabd-d5b5-4bbe-857c-38a7527b2163	0dba8c12-0f21-4489-8639-47c156ddfa5f	0.135674578955182	0.6764264388103525	0.1009187931973013	0.0869801890371641	0.1485998193315266	0.1105329719963866	1.5579441490201764	1.584962500721156	0.2989917789972323
SC003	3c275152-d04b-440c-9621-2fc05ea977b6	151a1187-e07e-4b76-b2d2-2da133b9116b	0.0477871434933935	0.6881876515513914	0.2043118948253963	0.0597133101298187	0.0508218865673736	0.2172868094661684	1.65825910669346	1.584962500721156	0.2562732235399528
SC003	3c8b5af9-c34d-43c2-b8c9-39ea11e44fa6	a0e467f8-79c1-499e-b881-669b4bd55b8c	0.2535011464295729	0.5969516520132623	0.0569585800768685	0.0925886214802962	0.2793673877476822	0.0627704053808398	1.4566017728625424	1.584962500721156	0.3254673220085631
SC003	3d676bba-154b-4d22-ab59-d4d4da051b94	0ca24149-4cc4-4ad1-b448-4cc33fef851e	0.0803820332217145	0.6336044075680847	0.2060109199478745	0.0800026392623261	0.0873720258906639	0.2239255553762573	1.6319797746670264	1.584962500721156	0.2687715984458281
SC003	3dbc8d60-3a97-47b2-91d0-c18fb46b4365	076736e4-6b47-40f4-bbd6-3868dfd1b9c5	0.0355970506243504	0.7154545304587367	0.1866783234086073	0.0622700955083054	0.0379608781311567	0.1990747255840135	1.6453802867959946	1.584962500721156	0.2088822531673382
SC003	3e25056d-d137-49f5-abaa-f68509426600	73ea6778-4dbe-4300-a80b-bf41f6ac5fd9	0.2665984857232403	0.5899576068488858	0.0522903848374379	0.0911535225904359	0.2933372052924841	0.0575348930068787	1.437791058128376	1.584962500721156	0.2987851925216251
SC003	3ea9412b-429e-4dcf-90cd-c53be06885a1	118021a5-6601-40a5-aef3-53c7fa4ed007	0.2505649670916978	0.5526780264915956	0.1600382693037296	0.0367187371129769	0.2601161018545473	0.1661386715070979	1.5154414867475965	1.584962500721156	0.3728341135999009
SC003	3f56d67f-5a9c-4353-9408-e7f60eb6477b	efea8f6e-fb7d-42f5-abca-3ff47da3c062	0.0068290912689903	0.9349751744387444	0.0001484585058476	0.0580472757864177	0.0072499299523676	0.0001576071728775	1.58083771462997	1.584962500721156	0.0504917748374226
SC003	418c11e8-2670-48d5-bbf5-95b46bff1201	03eb5ba8-0307-49b0-aa05-003007d79107	0.3679791498276232	0.4962143081008858	0.0746911238308892	0.0611154182406017	0.3919322534171967	0.0795530412171896	1.4074223650718731	1.584962500721156	0.3808726364226745
SC003	42621dfa-abfd-4c7d-8bc5-a02a09d1c2b4	238ffa7f-eecf-4f46-8831-efa0d23fa66c	0.2033221714530788	0.601042508618841	0.0966464873067977	0.0989888326212823	0.2256599904800263	0.1072644721906923	1.5229108151898705	1.584962500721156	0.3538410163105119
SC003	43029932-feb0-4658-97fa-645c1e775009	2dd17e3a-3034-4bb9-8a79-d0c89fa9ae21	0.2440327928344028	0.5835738910974383	0.0822954984081949	0.090097817659964	0.2681967331991806	0.0904443356719421	1.4914878620400138	1.584962500721156	0.3703642226695873
SC003	43b3bf47-7313-4dfb-952a-ec0b9d48e16c	8718f7f1-a95d-4245-9b00-6c061b69a1c6	0.046978869406001	0.4399485343846395	0.4514293255035217	0.0616432707058377	0.0500650423654326	0.4810849769714868	1.859849791318415	1.584962500721156	0.4153466626233245
SC003	43cc074d-b85a-4b0b-8feb-833094ffc565	65842833-68a7-4efd-a781-19b5dc6bd257	0.0004948616861587	0.943107401481286	0.0001319631163089	0.0562657737162463	0.0005243655177235	0.0001398308047262	1.584713801584132	1.584962500721156	0.0142638144112874
SC003	44954053-0b93-4577-a436-42777e442300	43f2cdb0-e5f0-4586-808a-fc0ef3313aa0	0.0288669316925919	0.2502845454695412	0.622321561123666	0.0985269617142008	0.0320219579139981	0.6903385178408051	1.975567779598017	2.0	0.3968748735656611
SC003	4510295e-8aa7-4ef1-b2b7-91cc902f8200	9d501ca9-f50d-45fc-bcc3-fee15f9771cd	0.0005608432443132	0.1826204575821058	0.7249393794434456	0.0918793197301354	0.0006175866891904	0.7982852887217772	2.0758623288479097	2.0	0.3338557996082001
SC003	451e1a67-47e6-4738-99d7-fb7771ef61a3	6f261668-4373-4bf7-940b-38acf79b97b5	1.6495389538623956e-05	0.0406281444336308	0.8622140111838741	0.0971413489929564	1.827017941316184e-05	0.9549822779259692	2.2593109174090835	2.321928094887362	0.2870062136524121
SC003	478eb8aa-50b8-4ce5-98e4-d518ede4b174	6093f268-1c3f-4fec-bde7-fc3721ecaf8e	0.162825990135757	0.6889794302492454	0.0630453788166207	0.0851492007983768	0.1779809235318512	0.0689132904202953	1.523466084226134	1.584962500721156	0.3053300642044664
SC003	4842bac3-abaa-4900-871f-f2c3ba6457f5	061e539b-4cde-4e37-bbcf-30937ce689c9	0.0163799218118535	0.1494647246094716	0.7400161654817479	0.0941391880969269	0.0180821618471847	0.8169203875009104	2.051681533333076	2.0	0.3280771235029119
SC003	48ff0420-0f19-4e9d-a75d-6c54949a461a	4c932085-e46b-4544-a32c-c38b2bac837a	0.001534071227092	0.1487224320802335	0.7901786450687033	0.0595648516239711	0.0016312355293622	0.8402266189574125	2.1213643595604927	2.0	0.3563786087161991
SC003	491d5ebb-e9ab-4b17-acb8-630ff9fef0f2	a00cc4fb-6852-4869-89a7-f9f2fc941ccc	0.0470943371327713	0.8149547201557165	0.051845009319895	0.086105933391617	0.0515315055141418	0.0567297799758135	1.5915827439668873	1.584962500721156	0.2063752048707524
SC003	4958c36f-1dc7-4f14-9dec-36e14107dbe3	429d3dc6-452e-48fc-9dce-e418317a77d3	0.1273279118486383	0.6954786137274632	0.0850667238506837	0.0921267505732147	0.1402485555434427	0.0936988989425487	1.541320341498699	1.584962500721156	0.2515782790562156
SC003	495f9eda-b9be-4eef-bae1-766a4bfbd68e	8fc813ab-c217-4fae-9189-be0a2b7e0360	0.0069610543852993	0.0589215314319647	0.8971017600580637	0.0370156541246721	0.0072286267322153	0.9315849877524452	2.5438048514567417	2.584962500721156	0.5158588807014617
SC003	49717f75-0f2d-4e1c-9a12-f1cd7877b80a	cbf66244-42c8-4df6-aca7-932e77bb5e0e	0.1531431964765847	0.5792026128697029	0.1829998515414941	0.0846543391122181	0.1673064100484763	0.1999243120506028	1.598973771848259	1.584962500721156	0.3605664047553819
SC003	49a2fd48-744d-4d88-b9b4-8c778d4f48fd	27dac66a-e5ac-41b4-95e6-4a9f209261ee	1.6495389538623956e-05	0.1958002738234663	0.7375418570509542	0.0666413737360407	1.7673152713712598e-05	0.7902020041355178	2.233464302594132	2.321928094887362	0.3930603699951545
SC003	4a032bad-e726-48f2-8f39-e3acc109cc91	55906ee0-a385-4ec9-8515-90ab613eca35	0.0	0.1325899411114593	0.7827722151658612	0.0846378437226795	0.0	0.8551502919339725	2.085092508211738	2.0	0.3026434883580081
SC003	4aa68586-6331-4795-b40c-859386640df6	3de73049-e6e7-4ed7-be98-bf174fd37c89	0.0	0.0729426125397951	0.84524025534863	0.0818171321115748	0.0	0.9205576415212978	2.237151907910801	2.321928094887362	0.2786800595608685
SC003	4aacbc42-5ac5-4339-b9fa-c6e812084837	0f0cca8e-770c-45df-a6cc-466cc9328637	0.213664780693796	0.5804232716955611	0.1128284644441878	0.0930834831664549	0.2355947617315387	0.1244088759548927	1.530523907198053	1.584962500721156	0.3875628252742935
SC003	4ac693e9-10f3-46b3-9d46-df3af7b0d259	209bcf2c-dac4-48e4-b47c-5a4c8e8797b9	0.0043052966695808	0.385662207413028	0.5184500931989509	0.0915824027184401	0.0047393364928909	0.5707178006573332	1.95900516397089	2.0	0.3937133607895133
SC003	4b0d295c-e185-4b52-9752-178e5bc1d47d	05415f21-4c6d-4cf4-924c-9c1eb769e696	0.0	0.1062138132391996	0.798310872111245	0.0954753146495554	0.0	0.882574997720434	2.194774933146125	2.321928094887362	0.3337035003848762
SC003	4b4e4ea8-6eb9-49ad-b880-c5065fe6517f	60cfca96-802d-4a36-8c14-fc0bed308bc3	0.0	0.2807350345578411	0.6301238803754351	0.0891410850667238	0.0	0.6917908690849164	1.9784709474298845	2.0	0.3053983368814998
SC003	4b620966-b4c7-4615-bf58-ca9d3226b9bd	f4d51ca6-89a6-4571-ae8d-0fad7dde4452	0.0048001583557395	0.1102716790657011	0.8005047589198819	0.0844234036586774	0.0052427709215386	0.8743176290424286	2.0701816509701	2.0	0.2704353841440179
SC003	4c313e5b-4dc3-408e-8e92-22427f74743e	083f4985-57c0-4931-ba8a-00f565430da9	0.0308298830476881	0.169407650561668	0.7023406957755307	0.097421770615113	0.0341575744284226	0.778149386845039	2.084592554395766	2.0	0.3932026148162068
SC003	4d120899-9a80-4736-b097-285e9e261bcb	26b0cf7a-584f-46e5-8f83-b6b5f7d542ba	0.1816142388202497	0.6237566600135263	0.1080612968675255	0.0865678042986985	0.1988261851015801	0.1183024830699774	1.5156472435377162	1.584962500721156	0.301524134490011
SC003	4d1bf9e6-5837-4aed-b568-92f014ed5a4b	8d84c9f4-6f19-42a6-9f55-8b4ccafc6117	1.6495389538623956e-05	0.8791877670191182	0.0396549164508519	0.0811408211404912	1.795203217004165e-05	0.0431566853367801	1.6028456901826955	1.584962500721156	0.0846133611771014
SC003	4da7abaf-ac7a-41c0-8033-5780a398545c	0c8615d8-e7a2-465a-8de3-961734941c16	0.1379179519324349	0.6903815383600284	0.0851162100192996	0.0865842996882371	0.1509914400260049	0.0931845270343482	1.541313540469779	1.584962500721156	0.2718841926806766
SC003	4dfc233b-ed03-4825-8089-e04cdee99996	9f52ae8b-7fe7-441c-9fb6-c55a9bd1a0d0	0.1410355805552348	0.6116820348712535	0.1648384276594691	0.0824439569140425	0.1537078651685393	0.1796494382022471	1.5864407346528406	1.584962500721156	0.3247602670774404
SC003	4e42fdc5-2a8b-49e9-87ef-6db7a6692d08	45c3bd72-d260-4663-9091-5058e58f352d	0.0	0.8891674776899856	0.029345297989212	0.0814872243208023	0.0	0.0319487096600398	1.598222413283645	1.584962500721156	0.0729906250644959
SC003	4f608829-ffc4-4527-886e-6bc764ab29f5	4aa1d78b-37cc-43be-b4f7-ce677992024e	0.0003628985698497	0.2576744799828448	0.6524586378107319	0.0895039836365735	0.0003985723861804	0.7165969164990851	2.0795644253616272	2.0	0.3747665581032618
SC003	53886143-c1c6-40e9-88e6-e4e5e0271fc8	0a1f4a81-38c6-407a-a33b-716a0f9a6b4d	0.0076868515249987	0.3978193095029939	0.5270771819276512	0.0674166570443561	0.0082425357294467	0.5651797085043159	1.9301304996246167	2.0	0.4029085216323322
SC003	539bbbed-43fb-4fef-9c67-6406f58b186a	02ec11f4-1d26-4d2f-babe-d576ebfff1c7	0.0155881431139996	0.2515876812430925	0.6463718390709796	0.0864523365719281	0.0170633057672167	0.7075403560723701	1.9326107924729332	2.0	0.3274141015011048
SC003	53ff5893-7d5e-4bcb-be9c-665fa34b7824	22ebe36e-3c42-4ca0-a624-c4219074bab9	0.0211140986094386	0.3642841825709714	0.5183841116407965	0.0962176071787935	0.0233619273590071	0.5735718196751232	1.9160101348599787	2.0	0.4032520853116294
SC003	54883111-d475-4515-ba3f-fece8a71e79e	0dfe13f0-e1f5-4f7e-95b5-e88f9d9e920a	0.0137571548752123	0.0529996865875987	0.8393514012833413	0.0938917572538475	0.0151826837304982	0.926325754127906	2.203353523233138	2.0	0.3683046999598872
SC003	55262fcb-1b01-4480-b322-36570430c917	0050d7c9-ece9-4b6c-8023-1ff2efcb3c9c	0.0318525971990828	0.2598023852333272	0.6457615096580506	0.0625835079095392	0.0339791303735768	0.6888736384592373	1.9902132530907224	2.0	0.3804201341181253
SC003	557cb0a3-6f1b-4faf-8296-0a15c24158f9	0d0546ad-8a51-4802-a173-96fbe5ebb124	0.0	0.0594493838972007	0.8460485294360226	0.0945020866667766	0.0	0.9343461944839144	2.280751677096429	2.321928094887362	0.2611659754661458
SC003	56033839-35d5-4d72-8b8c-400cb345263d	55e28aaf-8025-4b46-97d3-96cdf512a609	0.4071227092027778	0.3504610461376045	0.159889810797882	0.0825264338617356	0.4437432578209277	0.1742718446601942	1.4074570741865613	1.584962500721156	0.4046057767611438
SC003	566792ae-f853-4a47-856d-f02cdcfcb18a	0d2e50fa-daef-45a3-97b2-5d71ab03cfbf	0.1460171881958992	0.6596671230391106	0.0994671989179024	0.0948484898470877	0.1613179523627284	0.1098901098901098	1.5543814392004398	1.584962500721156	0.3230041259951461
SC003	56bbd282-b88d-4730-9242-ab97d08dc83a	e46b29b9-c697-4739-b292-398674a5adb9	0.0181119377134091	0.836992560579318	0.0603896211009023	0.0845058806063705	0.0197837837837837	0.0659639639639639	1.614073608986735	1.584962500721156	0.1805946695321501
SC003	5700c1b3-922a-4401-8ab8-89028908d696	1be16830-bc94-422f-b925-26a772f1ed58	0.0338980255018722	0.1206307836959569	0.7527506062055656	0.0927205845966052	0.037362277735355	0.8296789207665176	2.0609249413282837	2.0	0.3596735307394783
SC003	57af5c72-0d60-4a6b-b1b4-ec6dab90f80f	c53140b8-0058-4bb2-be77-5121cd0e5b95	0.0217409234119063	0.3894396516173729	0.5266812925787242	0.0621381323919964	0.0231813704798086	0.5615766146053187	1.921877818822742	2.0	0.3923311729063336
SC003	57cf380d-ab52-467f-b9ae-740b2f84c820	2cf478d5-5400-4724-bf36-89bf1df26284	0.0464840077198423	0.8507827062336077	0.0417828217013344	0.0609504643452155	0.0495011242270938	0.0444948004496908	1.5745071400411814	1.584962500721156	0.1566303173399942
SC003	58090433-d8d1-4499-a235-810c3e9d5b74	79a531b5-1bf5-442b-bef7-72b9fc628f5f	0.0068620820480675	0.4101908516569619	0.5162891971693911	0.0666578691255794	0.0073521614647767	0.5531617828991552	1.909090944170505	2.0	0.3491955181947976
SC003	59be60a3-e0f6-4d63-b98c-574ef92428c4	0177791d-d02d-4433-81ae-458a93fdd60f	0.004470250564967	0.2255579565511439	0.6759480725137325	0.0940237203701565	0.0049341805800848	0.7460990841723868	2.0694670563191853	2.0	0.3872889882518176
SC003	5a4b7098-1f6a-49e9-b364-29d6d34f5bd5	74f23f3b-989c-441b-8715-505378d175e3	0.0878049585140953	0.6887155040166274	0.1358560282401069	0.0876235092291704	0.0962376380828406	0.1489034730885357	1.594041872381709	1.584962500721156	0.2526363113567522
SC003	5a53ec47-e63f-44a2-8078-87659544fb04	6a6b6b80-65c6-413d-94ed-07f13e48d62c	0.0883987925374857	0.8106494234861357	0.0402157596951652	0.0607360242812134	0.094114961100086	0.042816248397464	1.5501288172172236	1.584962500721156	0.2052095748727272
SC003	5b2a4f11-ca46-4974-9420-59b4820920bf	5aeef496-2885-42d7-802e-319b76bbe215	0.0002309354535407	0.2207907889744816	0.7151246226679643	0.0638536529040133	0.0002466873414152	0.7639025937411897	2.1088914010677704	2.0	0.4152455041960228
SC003	5b9a5cd2-5ec8-48a0-b9f2-da9bede0b089	de27ccdd-56a4-44e9-89a3-ff0173026315	0.085578080926381	0.7531959817231084	0.0734704650050311	0.0877554723454794	0.0938104623618971	0.080538126322261	1.5775073302630582	1.584962500721156	0.2490785663306872
SC003	5c59028f-b8fa-4811-8314-be3eaed5f364	569dc2bf-8078-4330-afac-f3ff65903249	0.0648928624449466	0.2547218052554311	0.6178678059482374	0.0625175263513847	0.0692203473334154	0.6590713142012563	1.960297365334906	2.0	0.4448465212126543
SC003	5c8983f2-9788-4dfa-971c-3ec457b6166e	73cb9fe3-e820-42ef-af60-acbf07ed9f1d	0.0018639790178645	0.1946620919453013	0.7147452287085759	0.0887287003282582	0.0020454710013757	0.7843385707045109	2.0919767184864835	2.0	0.3679241786358192
SC003	5cd79093-1571-4f71-8136-0d84ccabdcac	081947cf-1635-4a57-9903-0c405ead6d84	0.0002144400640021	0.1180904937070088	0.8140309783415536	0.0676640878874354	0.0002300030077316	0.8731091098883601	2.216894756053696	2.321928094887362	0.3322317399129861
SC003	5dd423e8-feaa-4568-a750-500948c41d6c	2a5f4696-6e02-4fe9-b66d-8c2ae93b7c2f	0.1806245154479323	0.5649670916978704	0.166421985055177	0.0879864077990201	0.198050245075874	0.1824775271753875	1.5883340665979206	1.584962500721156	0.4071364921299868
SC003	5e4187c9-98f8-4bdb-a8da-6a914e96f47a	24eaa7eb-502d-4c9a-b390-507b51c53f96	0.0716064859871665	0.798393349058938	0.0467644293419989	0.0832357356118964	0.0781078503697572	0.0510103100203321	1.5646389679616768	1.584962500721156	0.2068110874952244
SC003	5e670fec-8992-44bf-8657-f7f9a272306b	c59fa5bd-0b6d-41d5-83ef-7766f0241d70	0.1473368193589891	0.6775151345199016	0.0859574748857694	0.0891905712353397	0.1617647058823529	0.0943748188930744	1.5295111330088185	1.584962500721156	0.2618063670488006
SC003	5f5964a8-8e07-4620-98f0-93d162dbc31e	6c05cfbf-4858-45d1-b5b8-d943a542d196	0.2608415947742606	0.6103624037081635	0.0398363657357768	0.0889596357817989	0.2863117870722433	0.0437262357414448	1.4357858823318428	1.584962500721156	0.2898841341247753
SC003	5f90d955-bbb0-4b44-a5ac-ba6fda9ca0fb	bdcd6720-fcbf-4c64-8703-b8932472ad19	0.0660475397126503	0.809098856869505	0.0412714646256371	0.0835821387922075	0.0720714234286125	0.0450356397148822	1.5759931376229546	1.584962500721156	0.2214533668151311
SC003	5fc7ff35-d3f7-4687-8759-3542bd58e988	8ba7248f-69cd-4b16-8900-ad2feec2eab8	0.0367187371129769	0.8128598056843113	0.0650413209507942	0.0853801362519176	0.0401464461557884	0.0711129547135102	1.6041342485172254	1.584962500721156	0.2178380894651637
SC003	6014a582-d22e-46e1-9000-c8e2fbad7acf	a92b6d90-f7b4-4b17-b56b-b2fb7103b55f	1.6495389538623956e-05	0.1437078336604919	0.7675634660112498	0.0887122049387196	1.810118562765861e-05	0.8422843696262106	2.0513453340668484	2.0	0.3230580199230998
SC003	6020d1b4-ee20-4cc9-82a3-340b5e3122f1	29ba933a-c5f0-4637-b741-ee9739f02cd2	0.0594823746762779	0.7941870247265889	0.063078369595698	0.0832522310014351	0.0648841226428674	0.0688066791420757	1.5870333110318966	1.584962500721156	0.2174057712153015
SC003	623befd6-0ca4-4a6c-9cf5-d9385c3b718f	5cedca81-7593-48c9-8bed-ebd294347ce7	0.0	0.9186942249641226	0.0001649538953862	0.0811408211404912	0.0	0.0001795203217004	1.585037008386544	1.584962500721156	0.0055604387216458
SC003	626b4ff0-2188-4a14-aac8-6703c624917f	6d1ce13f-530e-433f-b2a3-f30793b0b003	0.2438513435494779	0.5638289098197053	0.1021064612440822	0.0902132853867344	0.2680313304565399	0.1122312071653914	1.4877589845262151	1.584962500721156	0.3414420993194892
SC003	62d70067-ff77-4f95-8b69-f537abaf74ce	781d285c-5b2a-4d42-b35e-3840d954070b	0.4437094831994457	0.4452105636474605	0.0224007389934513	0.0886792141596423	0.4868861657646569	0.0245805202092421	1.3103115418150086	1.584962500721156	0.309090987017679
SC003	6412854a-f874-469e-9d1f-8bd3ae5bd41d	0dd8e6c7-9b41-4489-924f-bddf7d189eb3	0.075054022400739	0.3450835491480131	0.4903089586460584	0.0895534698051894	0.082436496720658	0.5385367974779868	1.898061000854078	2.0	0.4805915680107067
SC003	64d4dfae-8d91-464b-adc3-80ba7caf54ae	147a9822-8704-4a7f-b856-9a659f4717b3	0.0094023720370156	0.2429111063457763	0.661399138940666	0.0862873826765419	0.010290294627383	0.7238590410167534	2.0603150064039357	2.0	0.4296435438401144
SC003	64f67506-f2df-4f0a-b7be-29b4949e986a	5dfab1d0-fed6-47b2-a47d-402e088361ad	0.0945185820563152	0.7767349025947248	0.0444880655856688	0.0842584497632911	0.1032153472034585	0.0485814644690624	1.548349864141905	1.584962500721156	0.2172649896670161
SC003	66072c06-f251-4f0b-b6ae-12b407c52cc6	4a7e95e4-58b5-4e96-a029-98f294b3cd54	0.028817445523976	0.1286145522326509	0.7516949012750936	0.0908731009682793	0.0316979351888812	0.8268316580179265	2.1080926475774944	2.0	0.3896483049438272
SC003	6644fd4e-d2fe-4785-a73c-0f36fcc740e2	710257f0-ac05-4fee-b6a3-9c48ecc65b0e	0.2145555317288817	0.326971611434604	0.445012618972997	0.0134602378635171	0.217482903339074	0.4510843212333004	1.7061847091885762	1.584962500721156	0.4824706425380163
SC003	66af34ea-f471-4092-aff6-9ac9a5b75b11	b25afcbc-accf-4f14-acc3-2f8bb700e5d2	0.2075944773435824	0.669960246111212	0.0383682760668393	0.0840770004783662	0.2266505781075532	0.0418902856319562	1.4697664511542294	1.584962500721156	0.2673996382123126
SC003	66fa504c-4ae4-49ac-9355-1e063776dc0d	554cd9e3-7bf0-4d5b-a389-d258a8f46073	0.2235290236378932	0.6361941837256487	0.0554245088497764	0.0848522837866816	0.2442545828151192	0.0605634564429784	1.4757769330344594	1.584962500721156	0.3046558932831494
SC003	670f5022-5066-48f1-8472-5670129a1e0f	153d5e35-20a4-40f8-901a-d7208fa2d3d8	0.0	0.9862758359038648	0.0003958893489269	0.0133282747472081	0.0	0.0004012371478726	1.5851290291836266	1.584962500721156	0.0083119781002005
SC003	67c73260-a242-4bba-87c5-d2302556dff7	4ee0389f-33ec-4a69-bc02-1c458d812cb2	0.0884482787061016	0.7663593025749303	0.0579977896178018	0.0871946291011662	0.0968971935594629	0.0635379583280626	1.56945882729382	1.584962500721156	0.2473778860500344
SC003	680f23a9-fcce-493e-b908-27c1ad202e4c	0190a751-0a1f-4911-b5dd-26964b7fa5a5	0.0	0.9183808125628888	0.0003958893489269	0.0812232980881843	0.0	0.0004308874486076	1.5852800499457376	1.584962500721156	0.0152946466219042
SC003	69a68fbc-e43d-4652-85ee-693211bded47	8d122839-4167-48b2-9f3a-7ff7c3f134d8	0.1501740263596324	0.7532619632812629	0.0003958893489269	0.0961681210101776	0.1661526107349479	0.0004380121548372	1.4877687404491735	1.584962500721156	0.2188150063743499
SC003	6a186809-3422-41d0-83d2-867145830936	633ef184-2257-4cbd-90e8-64e92d91abb2	0.1914125002061923	0.6818534219685598	0.0424096465038021	0.0843244313214456	0.2090396497991389	0.0463151447460863	1.4817425362506471	1.584962500721156	0.2630706864250711
SC003	6af6d256-a753-46d2-b611-e4094ff265aa	1152ad19-6fb1-4dfe-af73-b74323a47ac7	0.0	0.0345743364729558	0.9004338287448658	0.0649918347821783	0.0	0.9630224229486796	2.405660514014484	2.321928094887362	0.3069300722860513
SC003	6c0066e3-96df-4870-bcd3-98cda64082e9	052e361c-9cf7-4a92-a77d-f3d70f9dec0b	0.0204872738069709	0.3264932451379839	0.5586988436731933	0.0943206373818517	0.0226208906292687	0.6168837082232947	1.958003677551812	2.0	0.3943158247507502
SC003	6cdc0d53-f813-4101-81e5-9bee68270536	6f26754e-8132-4612-bf6c-9301302fec2d	0.0181119377134091	0.8365801758408525	0.0574369463734886	0.0878709400722498	0.0198567708333333	0.0629701967592592	1.6128374789540971	1.584962500721156	0.1795848120090324
SC003	6d4860b2-21c6-4b7b-9093-2f32700d0612	a86dd3fc-de1f-4089-8ad1-95c683f9951f	0.0687032974283687	0.7502268116061561	0.1188327862362469	0.0622371047292281	0.0732629727352682	0.1267194371152154	1.6156445711926586	1.584962500721156	0.2774174895434701
SC003	6ddaee34-46eb-490c-bd13-f0ab963c4322	0b6ee423-04a5-4426-b397-9669feae4c44	0.0001154677267703	0.060884482787061	0.844629925935701	0.0943701235504676	0.0001274999089286	0.9326436195402718	2.3195642319354994	2.321928094887362	0.2898110985890504
SC003	6e6b7742-a562-490b-bb72-04a5653852e4	57557c6c-4927-449b-976e-127c0916763b	0.0100127014499447	0.1797832505814625	0.72272899724527	0.0874750507233228	0.0109725234996384	0.7920101229211858	2.0565278655971246	2.0	0.3417758599337294
SC003	6e7d5ec6-a469-467c-b748-237353c23416	197b76a1-a09a-4659-83aa-2c14fd1023a9	0.0321660096003167	0.3589396763604572	0.5480593174207808	0.0608349966184451	0.0342495828576446	0.5835602002283306	1.8355983986641773	2.0	0.3026364840198812
SC003	6f18f96e-c0c9-4cc4-9fb2-cba8949d5402	71ca5ed1-c8d8-4b05-aaa1-c4051976fe1c	0.0	0.0209326493245138	0.9137785988816126	0.0652887517938736	0.0	0.9776052236830496	2.646757224764695	2.584962500721156	0.3240642733164441
SC003	6f89509c-f802-482e-b4da-94553aa76fe9	c7f97f19-47ae-48d3-a90a-0162d3975747	0.0064826880886792	0.1833627501113438	0.7213928706926414	0.0887616911073355	0.0071141522754425	0.7916621411245067	2.1395039916688545	2.0	0.3928554760554991
SC003	6f959c92-b79f-4f84-9ee5-d07d3212d52d	6871927f-1488-4366-8545-439557a377aa	0.0125364960493542	0.245335928607954	0.7288652821536381	0.0132622931890536	0.0127049933967468	0.7386616292482322	2.03833931209746	2.0	0.3663489202206341
SC003	6ffd1b8c-6f0b-456a-9160-e0c8021e5897	533d59ab-89cb-485f-934d-f22d8b602ee3	0.0228131237319169	0.6948517889249954	0.2225228048760371	0.0598122824670504	0.0242644349702615	0.2366791234626384	1.6710102845583157	1.584962500721156	0.2116794039696264
SC003	70931617-b3df-4a12-8e3f-2b2307602f48	504ec583-0496-4d64-bcc9-aa52868cc9f2	0.0200089075103508	0.258103360110849	0.6290681754449632	0.0928195569338369	0.0220561495381482	0.6934322496181541	2.009422958017898	2.0	0.3973321446230333
SC003	70ab4f23-23c4-409f-a5cc-18a010c3a24e	01aeb34a-75e4-446d-97ae-6e32c47158ad	0.0100621876185606	0.2262342675222275	0.6711479141579928	0.092555630701219	0.0110884897840471	0.7396022685959427	2.096426451642784	2.0	0.3893050200597554
SC003	70f34c5c-3671-44c8-9469-99f9786efec1	a582257d-4bf7-416b-a465-29a3220bc8c3	0.0980485954175807	0.7514309750424756	0.0560513336522442	0.0944690958876993	0.1082774701253278	0.0618988633051588	1.5666316835909817	1.584962500721156	0.2638779372787698
SC003	718db047-9f32-48c4-98c9-515218441bca	5b62628a-b301-4d60-9213-396e3fc5a3ed	0.0855120993682265	0.7656500008247695	0.061626775316299	0.0872111244907048	0.0936822321815816	0.0675148185629608	1.597638699235954	1.584962500721156	0.3151922709828268
SC003	71f97b63-c970-44ee-98c2-e02e663d5a40	02f948c1-bcce-4a51-a6c1-4120a67fa544	0.0132622931890536	0.2526928723421803	0.696847731059169	0.037197103409597	0.0137746710526315	0.7237698739035088	2.197536709029559	2.321928094887362	0.5144524935821906
SC003	72e486b8-a866-4916-b2e4-8b4bb5dcd92d	02a0a874-6d4e-4e56-8d74-7952c912fed2	0.0633587912178546	0.4134404433960708	0.421589165828151	0.1016115995579235	0.0705249435396507	0.4692727172575877	1.84017997920564	1.584962500721156	0.4243317557849105
SC003	733a2a0f-b37a-4b81-b49e-3c0f30d1eb37	abff5667-7ef4-46c1-ad34-ceabc27e7992	0.1407386635435396	0.6973425927453277	0.0757468287613612	0.0861719149497715	0.1540100001805086	0.0828895828444556	1.5424571996101235	1.584962500721156	0.2960145914895543
SC003	739cb132-51e9-41be-8064-311a13da0d74	4068463b-8568-4bdb-8db0-19390ec0c7f8	0.3142536661003249	0.5506490935783449	0.0471933094700031	0.087903930851327	0.3445400947661591	0.0517415994502115	1.4049640347273171	1.584962500721156	0.3073933501924343
SC003	7451af3c-acc0-4d79-8429-6b8be96911d8	2868849c-2ba4-42de-aef2-028bf68f4cb3	0.0029856655064909	0.9145208914108508	0.0	0.0824934430826584	0.0032541080867282	0.0	1.5830589695171262	1.584962500721156	0.0333150250853288
SC003	747083ff-0703-431b-aad4-f2adff739516	3b999df5-526b-4270-a29d-a627eb64c727	0.026887484947957	0.8324728238457351	0.059086485327351	0.0815532058789568	0.0292749510587474	0.0643330519585481	1.6312357718154702	1.584962500721156	0.2662467642844631
SC003	753d5d49-3b40-4737-9d4c-b1ec29cc2692	70c927bd-ab54-4e15-8521-5e3a5035dea5	0.0056909093908252	0.9122940138231364	0.0	0.0820150767860383	0.0061993495175288	0.0	1.5813361137245376	1.584962500721156	0.0459150041464697
SC003	75b3fe55-1a63-426e-867e-2ef52f54778d	6961fffe-50b4-4296-8390-196b6070f739	0.0100621876185606	0.3240354320967289	0.5949557098790887	0.0709466704056216	0.0108305813003799	0.6403891907247612	1.9867316058881783	2.0	0.4126791069818201
SC003	75b5529b-565a-4eba-918a-910b2f441d32	159debac-79e0-4727-940c-020e120f8347	0.0011546772677036	0.4214077165432262	0.4912821866288372	0.0861554195602329	0.0012635379061371	0.5375992779783394	1.8610876853215597	2.0	0.3053287720811107
SC003	75f6e476-233a-409c-a3ef-0240be569813	659ee487-4309-4d68-a9bc-9079ee87e4a9	0.0	0.0946340497830856	0.8410009402372037	0.0643650099797106	0.0	0.898855802965392	2.2205244198412086	2.321928094887362	0.3285325294447121
SC003	76bd9bb9-9a8b-4a90-bb7c-eafe76472ee4	31e39e5f-af9c-4f34-b065-8363cf9df39c	0.0039259027101925	0.889893274829685	0.049783085627567	0.0563977368325553	0.0041605482134116	0.052758548353262	1.604373068122945	1.584962500721156	0.1012366166655819
SC003	784de7ac-8424-42eb-83d4-a1bebaa42b97	289f5433-4834-401f-9361-efc8e883e630	0.0910875410322814	0.7069923956254227	0.1031951569536314	0.0987249063886643	0.1010651927230132	0.1144990665836963	1.6022872425898098	1.584962500721156	0.3044334150969994
SC003	791c5768-f0f5-4ab6-86eb-998e5c4b49e3	09b414c4-a314-43c5-823a-d91442b6b02b	0.2565362981046797	0.5856853009583821	0.0682249311317486	0.0895534698051894	0.2817697575823459	0.0749356814146465	1.4529071589302889	1.584962500721156	0.3090220477114126
SC003	796b593f-5886-4a27-bf94-7ea8df325e1a	3c70741c-621e-434d-b98e-6561d05a1b4b	0.0004123847384655	0.1380499150487438	0.8248189630998136	0.0367187371129769	0.000428104183434	0.8562597393701731	2.3883414479114813	2.321928094887362	0.5680815497415307
SC003	7acf33e7-c386-45fd-8c9a-469600378687	6d462341-cb4a-47bf-8c1b-2ffd6cf5e9ed	0.0277452452039654	0.3029873150454448	0.579417052933705	0.0898503868168846	0.030484268522546	0.6366173698709584	1.9548931144363508	2.0	0.394784220445151
SC003	7b605fb6-d077-401e-b870-b87ddf505f82	35f3fabc-9939-43a2-8491-c3813a970d13	0.0	0.0357949952988139	0.8709235768602676	0.0932814278409184	0.0	0.9605224858099258	2.4311569646957745	2.321928094887362	0.3296415687849762
SC003	7bcf6d42-eb8f-4aa2-825b-38671d4f9e3a	21ba28ff-89f6-4f02-a135-821efc4f42f8	0.1779687577322138	0.6445408508321924	0.082509938472197	0.0949804529633967	0.1966463136790303	0.0911692335733163	1.5309730346461554	1.584962500721156	0.3318131389639127
SC003	7d9d3522-ec3b-4efe-8c8e-c0e675276ef5	a7e71eac-1768-4fc2-8eba-1576d22e0f43	4.948616861587186e-05	0.1343549477920921	0.7787308447288983	0.0868647213103937	5.4193688241776105e-05	0.8528099427353361	2.1243914978091403	2.0	0.3493964826574089
SC003	7eea2b6e-771f-44c0-9350-38f45c8dbe87	c7f909cb-2d45-4b58-90ba-180c10e78723	0.04399320389951	0.3863055276050344	0.5087672995397786	0.0609339689556768	0.046847827996276	0.5417801120694198	1.9375287413146696	2.0	0.4679476279976448
SC003	7f0bbba1-9bc3-45db-bdda-eb3319bb15d2	c73178ad-f042-47ca-af89-343a647076b4	0.1755769262491133	0.6868185342196856	0.0541048776866865	0.0834996618445144	0.1915732258238692	0.0590342146469645	1.4974007602909731	1.584962500721156	0.2608752843175316
SC003	7f97971b-2818-4e4b-9c9e-7c0246f9484c	9e163b4c-d624-4c71-9d68-8f002aee6fec	0.0181119377134091	0.7894363525394652	0.1062632994078155	0.0861884103393101	0.0198202101158886	0.116285786490487	1.634962244290131	1.584962500721156	0.1991757415407632
SC003	807b62ed-d3f7-4211-83be-754386ff2c96	4949d427-3b3c-408d-8035-c884bb41e41c	0.0032660871286475	0.1746366890454118	0.7386470481500421	0.0834501756758985	0.0035634583543301	0.8058995032755021	2.174474088137468	2.321928094887362	0.3808073825123567
SC003	80f3f48a-cc21-415c-b181-c77e7ba1c563	0856c285-b57f-47ac-be8b-865dc2ddb58f	0.0152087491546112	0.2344324761229236	0.6588258581726407	0.0915329165498243	0.0167411119584558	0.7252060863565385	1.9840290921677235	2.0	0.3376919900917289
SC003	81b70c58-4a12-448c-a594-2ade44f6a0ae	70e344f1-a29c-42c7-9fe8-da9219d45158	0.0470448509641555	0.8294046813915511	0.0378404236016033	0.08571004404269	0.051455067025096	0.0413877713027946	1.5720406931416178	1.584962500721156	0.1567473130468032
SC003	81e7a3d3-be70-4834-8018-4d2cc077a4e6	600a6f89-e714-4258-b4e7-33240123bfc6	0.0649588440031011	0.8024182241063623	0.0510697260115797	0.0815532058789568	0.0707268449505199	0.0556044469189461	1.566667879228805	1.584962500721156	0.182881124353411
SC003	8240c4ae-f878-4882-aa07-7857c7ac52cf	199c6271-b0af-489c-99b8-fc76e7e66cf2	0.1574979793147815	0.5287432162710523	0.2190587730729261	0.0947000313412401	0.1739732517036551	0.2419736890055027	1.635767992536702	1.584962500721156	0.4171455712588787
SC003	82ec33dd-e783-4c74-9a87-797a699e11df	09191482-34de-4130-afbe-dd47d481d539	0.0359929399732774	0.6938785609422167	0.1835606947858073	0.0865678042986985	0.0394040632054176	0.2009571106094808	1.6586537362078018	1.584962500721156	0.2409017266131756
SC003	8332806e-f547-4aae-89af-6d5bec831fd2	02c8bf84-4816-49a9-b5d1-0edebb8627c7	0.0181119377134091	0.8510136416871484	0.0378404236016033	0.0930339969978391	0.0199698088500081	0.0417219867959187	1.5905971004620547	1.584962500721156	0.1182736877479086
SC003	8360cec6-daf6-41c9-9a4f-7fc03c958dcc	0039a298-3369-4da5-9bfd-19792e9632be	0.0009732279827788	0.9368886396252248	0.0051465615360506	0.0569915708559457	0.001032045899804	0.0054575986565911	1.5884071628927714	1.584962500721156	0.0590627154143392
SC003	83f26720-007c-42c9-a7de-7484bf8afa89	2c66d45a-c014-4fbe-9ff2-4ca17ec59ba9	0.0163469310327763	0.1781996931857545	0.7687346386684921	0.0367187371129769	0.0169700498313269	0.7980375704231382	2.0971056831350414	2.0	0.4029013194653797
SC003	83f943c7-3975-4b4f-985d-9c057741793b	21438c0b-398e-4fe6-bd2f-cfae83292341	0.0030846378437226	0.1910166108572654	0.7173679956452171	0.0885307556537947	0.0033842478644853	0.7870457506877081	2.007916296031922	2.0	0.3035154949731974
SC003	843c8f16-5e59-40d4-9ecc-8a75375156f6	817da1b7-e485-496b-b593-2f8422545c6f	0.0013856127212444	0.2478597232073635	0.6902000890751036	0.0605545749962885	0.0014749262536873	0.7346888607950555	2.055096385141923	2.0	0.3362562935444856
SC003	844ad251-3ee4-42f6-ad00-59a7a1670eea	38ac0df0-950e-4c55-9f8a-96fd3f837ee6	0.0226976560051465	0.2393316068158949	0.6382231166388994	0.099747620540059	0.0252125476399882	0.7089379947229552	2.031737653659936	2.0	0.4144514578231139
SC003	84b7ccf2-8ab3-4b21-96de-800d231bc072	405b2b8f-7e2e-4d80-89be-299da48374ef	0.0059548356234432	0.8934727743595665	0.019035679527572	0.0815367104894182	0.0064834770114942	0.0207255747126436	1.5904097964822546	1.584962500721156	0.0824848686665555
SC003	853456d8-2367-404e-abc9-020fe8bbd209	059a543a-4408-4c82-96ef-eae1cc126763	0.1523514177787308	0.6890454118073999	0.0723817692954819	0.0862214011183874	0.1667268394829951	0.0792114954148314	1.5268287950670072	1.584962500721156	0.2788118476639571
SC003	8577ffcb-242e-40e2-98d4-2831d952be34	2fb2f7f4-2435-4ac0-a405-a342e15ef7cd	0.0181119377134091	0.7894363525394652	0.1062632994078155	0.0861884103393101	0.0198202101158886	0.116285786490487	1.634962244290131	1.584962500721156	0.1991757415407632
SC003	86cf879e-3b40-44dd-aaa7-6f49f54a15d9	3447bdbf-5177-451e-bb93-736153ea76a9	0.0005443478547745	0.8977615756396087	0.0434653514342741	0.0582287250713425	0.0005780043087593	0.0461527682903333	1.6061082865664331	1.584962500721156	0.1019002640199682
SC003	87281a89-91d2-44f7-9f80-668567ad5c72	1e20ead6-a07f-4f0d-962a-a3a240722fb6	0.4171189152631839	0.444748692740379	0.0487438760866337	0.0893885159098032	0.4580646329976088	0.0535287298021882	1.341736932782363	1.584962500721156	0.3328332374355427
SC003	8744733a-7b46-43aa-bdef-64876816adbb	990eab72-718f-4d71-aa03-892fdfdfa365	0.0449664318822889	0.3731257113636738	0.4797684047308777	0.1021394520231595	0.050081754882328	0.5343462365196303	1.8635018765536489	2.0	0.3861092386780703
SC003	8785012f-f73e-4d68-87cf-1d804af32782	79fc9ed3-4e96-4c0e-869e-1756cbdabb39	0.033073256024941	0.4479817890899493	0.4221500090724642	0.0967949458126453	0.0366176604876267	0.4673911058350835	1.9228543003401284	1.584962500721156	0.4721233173822776
SC003	878f975b-94fd-4d69-b7e7-1ed3ac2ee438	9321161b-d568-4d38-aed3-956786a06329	0.0151427675964567	0.195420879864078	0.6974085743034821	0.092027778235983	0.0166775670372792	0.7680946152169174	2.032470023475097	2.0	0.3398371311496934
SC003	887b9e5b-99db-44ac-9c30-c0dc6877b41c	48c16c0d-085f-4266-b729-13bfd7aa9dab	0.0634247727760091	0.4973194991999736	0.3471289774508025	0.0921267505732147	0.0698608234310839	0.3823540099567571	1.7705020936472418	1.584962500721156	0.3777088621554881
SC003	88cd6ccc-70f7-436e-a99c-039b9d31e335	d9e29db0-558c-4bd5-aa94-15d5d57110b1	0.1656631971364003	0.6062385563235075	0.1246556587433812	0.1034425877967108	0.1847770091256991	0.1390381218722402	1.5521311696733795	1.584962500721156	0.3276081004722002
SC003	89128dba-403f-4a96-bb3b-23ed0d5e2147	758fc615-957e-4bd0-a0c6-bcd23eb7d167	0.0974712567837289	0.396499678339904	0.4148920376754697	0.0911370272008973	0.1072452720606918	0.4564956985734509	1.7675758963163417	1.584962500721156	0.4006990723878525
SC003	89414e79-7f89-42d9-8228-101b5bf2f31f	4a299407-b9dc-4500-b6b1-27a474ab4c4a	0.11843689688732	0.7427379047556208	0.0465994754466126	0.0922257229104465	0.1304695449920046	0.051333769443233	1.5299481487129576	1.584962500721156	0.2246355052944711
SC003	89a8da07-4487-47c6-8d3c-442a87e4f632	409b906a-5e2c-4ce6-bc85-20a59fa383f4	0.0196295135509625	0.8560447354964288	0.0428385266318064	0.0814872243208023	0.0213709749833881	0.0466390101108058	1.591928067295727	1.584962500721156	0.1241970288066042
SC003	89c128b9-1c6b-4c04-a4af-7066772e783c	0c7a94a8-4802-4caa-b59a-6013ce8b3170	0.0016000527852465	0.2503010408590799	0.6815235141777873	0.0665753921778862	0.0017141746337498	0.7301323625567709	1.9933581186200944	2.0	0.3019217493558994
SC003	89e867de-d30e-4bfc-a453-0a76309dabd5	5de50617-0a03-45b7-8ffd-bcf3a0680d6b	0.0209491447140524	0.159229995216337	0.7332695511604507	0.0865513089091599	0.0229341230858133	0.8027484830973707	2.1219962039258764	2.321928094887362	0.3461268462850487
SC003	8a0ef221-8070-43fc-9d98-def90abe4871	1cb37b69-c0a9-4b5c-baf5-4107d0e029ad	0.0555234811870082	0.824538541477657	0.0339969978391039	0.0859409794962308	0.0607438687672567	0.037193438362839	1.590934602617374	1.584962500721156	0.2690646411746477
SC003	8c51bbcb-7c8d-47ad-9193-70ca157c6900	8cf391f9-d743-408f-8891-2c49db90907c	0.0977351830163469	0.2939478415782788	0.5124952575755076	0.0958217178298665	0.1080928230014229	0.5668077498449301	1.8654981153236725	2.0	0.4525293697704164
SC003	8cccf160-93e9-48a5-9b8b-54aa50153142	b16578d4-4d04-430d-8f9c-168ec0288cf1	0.1253484651040034	0.6661992972964057	0.1143625356712798	0.094089701928311	0.138367413827637	0.1262404632276625	1.5647487099688069	1.584962500721156	0.2821055014990661
SC003	8cd1ba0b-ead9-4661-a796-6c9dbf1c42cd	4b35717e-b682-4b39-a5ef-5c9c037e6304	0.0196625043300397	0.9233294294244758	0.0	0.0570080662454843	0.0208511903720678	0.0	1.5727653362580982	1.584962500721156	0.0835837018357174
SC003	8cf54607-01ce-42b0-9bd9-8627edd9f3b7	3bea8456-da16-4691-a260-5c94a83e2860	0.0287019777972056	0.223974399155436	0.7103079689226861	0.0370156541246721	0.0298052381849637	0.7376111272889224	2.121235127461694	2.0	0.5201161415268576
SC003	8cf8b620-7ab6-4b6e-84bc-ff5a83f381fa	32ed93a7-250a-4fd4-81a8-6d94a6bc9f33	0.1535060950464345	0.6117645118189466	0.14492849248635	0.0898009006482688	0.1686511172728755	0.1592272422479566	1.554122089987369	1.584962500721156	0.296386778125316
SC003	8d9b50d1-139b-4447-ae9c-e54764d9e2a7	7091b5bc-e61d-464d-8931-58d9dbec8cd5	0.0422281972188773	0.747158669151972	0.147386305527605	0.0632268281015456	0.0450783588659975	0.1573340376826906	1.6399625887589833	1.584962500721156	0.2414530480321496
SC003	8da3d6cf-381b-4d1b-93fa-41fd9d2b2e66	45319218-5bae-486a-a4aa-580ff5f0e931	0.034871253484651	0.1829833561519555	0.6898206951157152	0.0923246952476782	0.0384182023043652	0.7599861883473267	2.024723990480072	2.0	0.3871464033624159
SC003	8e11c5ec-c15a-48d4-85ac-b7b08a9ed827	25b06e67-6d9e-4051-87ca-76e1f110b418	0.0675981063292809	0.7558352440492883	0.116243010078683	0.0603236395427478	0.0719376470175192	0.1237053681143138	1.6084300912905676	1.584962500721156	0.2516412063913824
SC003	8e159b50-8136-42d4-b9c7-d579a74e4931	2666d91b-06ca-4987-84a1-4002befc4d8a	0.09781765996404	0.7628292892136648	0.0521749171106675	0.0871781337116276	0.1071596371390364	0.0571578300625248	1.5594566216582515	1.584962500721156	0.2477206666473141
SC003	8e54232d-d8bb-4612-8b0e-4feb076a60f9	9bc1887e-b3ed-4732-b8bc-ef4f4ea59258	0.1420088085380136	0.7117265724230077	0.057024561635023	0.0892400574039555	0.155923423831344	0.0626120659989495	1.5197395000926543	1.584962500721156	0.2447169991671422
SC003	8f9ad301-6699-4078-a80d-886e40894af7	112c8cdd-a187-4d9f-8c71-400848804d32	0.1798492321396169	0.6942744502911437	0.0378239282120647	0.0880523893571746	0.1972144342950167	0.0414759880618612	1.4867411900669756	1.584962500721156	0.2552220640962072
SC003	9087585f-e792-4f33-baaa-56ffe0f745be	421af19a-ae32-44b3-b91f-fed6a9b99de1	0.0331392375830955	0.4690299061412335	0.4327895353248767	0.0650413209507942	0.0354446012702893	0.4628969654199012	1.874057716920853	1.584962500721156	0.4197292392226437
SC003	90ff48c3-b14b-4a8b-94a1-98c0bab0d27b	ad431126-be1f-483f-9333-fa30b2354f43	0.0012866403840126	0.0592844300018144	0.8760371476172409	0.0633917819969318	0.0013737231419513	0.9353293413173652	2.377305708454083	2.321928094887362	0.2844738529385796
SC003	91b09291-5944-4691-a0d8-7d1ccc649b9b	2895fe68-6ad0-4e50-af50-cec91436ddd9	0.0449499364927502	0.6119954472724873	0.2798277881332168	0.0632268281015456	0.0479837999647825	0.2987145624229618	1.728037392001978	1.584962500721156	0.3279928889901798
SC003	92529232-8504-4541-b7e2-4df8f497c413	086eac10-6ea8-4cc4-a6e5-91f051e50c54	0.1008363162496082	0.7299869686422645	0.0870626659848572	0.08211404912327	0.1098571300206667	0.0948512894240273	1.56006704118814	1.584962500721156	0.2308915901019462
SC003	92b842c5-f71b-4ef7-ba86-358d28e0966f	4d7f3615-8da4-4702-a84f-efd533311291	3.299077907724791e-05	0.0878709400722498	0.8415617834815169	0.070534285667156	3.549434752515662e-05	0.9054253110192202	2.108167935613276	2.0	0.2355778732781698
SC003	93ed6066-b567-4e1c-ab81-23370f9d3452	7f00169e-2572-4158-a453-ccec33cd2159	0.0	0.1319631163089916	0.77882981706613	0.0892070666248783	0.0	0.8551118355519334	2.127023458338668	2.0	0.3398795879108671
SC003	9434687a-197c-4959-b6b8-9c05f1dd7f53	38f37f0c-75d2-4a56-b62a-9472a9c3ae13	0.0192006334229582	0.3122742193556901	0.6029559738053214	0.0655691734160302	0.0205479452054794	0.6452654992232736	1.9817627363846109	2.0	0.3963479350620288
SC003	9435447e-d65f-408b-863b-6576b1d652dd	06b3e3ca-24b9-4e19-9e59-b51cc6d6735b	0.006796100489913	0.2283951635517872	0.7280240172871683	0.0367847186711314	0.0070556402308495	0.7558268970595791	2.025345020805263	2.0	0.3444464331760775
SC003	94b95984-b2fb-4e42-8887-45e7086c3179	43993e01-588a-40de-80ec-72c1a66fe70b	0.0001979446744634	0.3296108737607838	0.5776025600844564	0.0925886214802962	0.0002181421559716	0.6365388111252499	2.045824465071476	2.0	0.4156642329198607
SC003	955d4263-61f7-42e8-8a6e-772a0d6c209d	50a70e24-2ce8-43fd-87d7-eab2c1fa9a86	0.0009897233723174	0.1210431684344225	0.7916797255167181	0.0862873826765419	0.0010831889081455	0.86644280762565	2.162772212107209	2.321928094887362	0.3271564534806722
SC003	959ff069-8a49-4c9b-85c2-5291cac0acff	668220ce-7e03-4ccf-99f9-99127ddf9806	0.0986919156095871	0.7155699981855072	0.0926051168698348	0.0931329693350708	0.1088273277916219	0.1021154300889462	1.5717476084170403	1.584962500721156	0.2528717465144601
SC003	95c53ecf-d8f1-4bcb-9b1a-c9a0542939f0	d91ec6e8-cdea-41b8-a88e-252586d3b9ae	0.0	0.9799581017105718	0.0067301189317585	0.0133117793576695	0.0	0.0068209174802728	1.5888869996099166	1.584962500721156	0.052710715639315
SC003	95c53f69-0f05-4348-822a-571f3d757001	e240d339-c042-42dc-b97a-d1effcac44b7	0.1997096811441202	0.5420385002391831	0.1738284149580192	0.0844234036586774	0.2181244932888928	0.1898567696603909	1.5566608385402465	1.584962500721156	0.3699811203919719
SC003	95e949d3-b1f3-46c6-9451-8fe92c99e4cf	464c704d-fa2e-4ec1-b77c-4441422082eb	0.0	0.0308133876581495	0.886561206142883	0.0826254061989673	0.0	0.9664113352752904	2.200573733073381	2.321928094887362	0.2668428064153683
SC003	9646160a-f1f9-437b-8c7d-efb0b57bfb97	1c0714ec-70a9-4902-bd98-8b0fb002c084	0.029213334872903	0.2821536380581627	0.587928673935635	0.1007043531332992	0.0324846839575919	0.6537657287501376	2.0217138212234143	2.0	0.4522205220228769
SC003	9676e46b-8f29-43cd-ab65-eb6a535cced4	4dda3f93-216c-41d5-b1c0-85ee571d7759	0.1594774260594164	0.7545321082757369	0.0233574715866915	0.0626329940781551	0.1701333896455847	0.0249181712596346	1.5106339791386414	1.584962500721156	0.28849483543443
SC003	96e1fc6d-693f-4f4f-b5f7-8d6e1c6c43f8	1889a2af-ae25-41ec-8a6d-0ec5c5b852cb	0.1091664879666133	0.8293057090543193	0.0023258499249459	0.0592019530541213	0.1160360486727215	0.0024722095592102	1.520053680014014	1.584962500721156	0.1983732650084479
SC003	96f02be7-f2df-483c-8968-a5bd2d887206	32915a08-0985-4232-bb08-a4b0850cb11c	0.2457977995150355	0.6354683865859492	0.0536595021691437	0.0650743117298715	0.2629062422809555	0.0573944034722467	1.4713153392411316	1.584962500721156	0.3349134296374207
SC003	96f23d8a-be0f-4925-ba00-805dc293414c	a7e04cc7-3f4c-4986-a336-8083e5653754	1.6495389538623956e-05	0.227570394074856	0.6817379542417894	0.0906751562938158	1.8140260494140692e-05	0.7497188259623409	2.028906195969744	2.0	0.3024331011468648
SC003	972447aa-4332-47e7-bddd-2eb699dbb664	2ca5fbc4-80ab-42ff-b277-36f4217ee38a	0.4669679824489055	0.3429556438975306	0.1059004008379657	0.084175972815598	0.5098883285302593	0.1156340057636887	1.3278021432221143	1.0	0.4038393847344204
SC003	97677fd7-8523-48c5-a8ce-614fd4010551	29d94e70-4462-4ff5-aa91-75d7a412083f	0.2162050706827441	0.592794813849529	0.1203173712947231	0.0706827441730036	0.2326493663246831	0.1294685647342823	1.5162928368324204	1.584962500721156	0.3556553361520586
SC003	97862b8e-9f76-4b19-a865-156a9c00fb1e	842aed9a-ef31-404a-b93a-fb8f5faa0467	0.1122841165894132	0.7545815944443528	0.0717879352720914	0.0613463536941424	0.1196225221425558	0.0764796850836496	1.550971318490901	1.584962500721156	0.2432357732303483
SC003	9848307d-1bd5-40c1-b655-a33297aaf74f	2e78b083-64df-4f0e-95ae-783209aee124	0.0381868267819144	0.2540125035052702	0.6215792685944278	0.0862214011183874	0.04179002094014	0.6802296194671096	2.006533003903974	2.0	0.4178119744436197
SC003	98e0b4de-52fc-4945-9bf5-11e29368f939	3c111956-7bcf-46a7-b64f-708ce11b9ff8	0.4303647130626989	0.3876581495472015	0.0899988453227323	0.0919782920673671	0.4739586171816811	0.0991153014696532	1.362717125354861	1.584962500721156	0.3896066481096769
SC003	9938ce5c-e74e-446e-a932-f096f85cc3b1	09d6f42c-5e9f-4adc-bd8c-e5dca597fc01	0.2563383534302162	0.571961136862247	0.0849512561239133	0.0867492535836233	0.2806878115743082	0.0930207354959901	1.458679220726543	1.584962500721156	0.3246142172358459
SC003	994ca1f5-ad10-44ec-aa21-71fc2940653b	3c2bed9f-2ab5-4623-b631-99e394d7723d	0.0216419510746746	0.0373785526945218	0.851689952658232	0.0892895435725714	0.0237638109038217	0.935192899836986	2.3336999989285725	2.321928094887362	0.3979700639744787
SC003	995fdab7-7284-4d33-befa-ec22aa7c6479	ea748969-579b-43dd-b2cd-1b0ac46b64ea	0.4737640829388186	0.3596819688896953	0.0816026920475727	0.0849512561239133	0.5177473725956772	0.0891785192796495	1.3461997308988811	1.0	0.4171923476095976
SC003	996bd3f0-d767-4eff-9c82-99fcb5a3006a	06479cfc-c43c-43f5-9d2f-44b3adc45d84	0.0231430315226894	0.5379806344126816	0.3476073437474226	0.0912689903172063	0.0254674169540751	0.3825195135233254	1.81923190901528	1.584962500721156	0.390875395511413
SC003	9ad603dc-3fd0-44f5-ae4e-64eeb1ae8d6d	7c8b0e74-bd47-4c5c-99de-8484eca2b1ad	0.0356960229615822	0.3838147237847021	0.4881480626164987	0.0923411906372169	0.0393275783734666	0.537810086324398	1.894328424176589	2.0	0.3969975724180742
SC003	9d166970-07c8-4ca3-9cfa-ed0049df9ecc	50463a25-4292-4bc7-926a-341493e68242	0.0227471421737624	0.1527308117381192	0.7354964287481649	0.0890256173399534	0.0249701227682613	0.8073733386448412	2.073635394266645	2.0	0.3918082252480728
SC003	9d876f05-5080-4c4e-9bf5-45f631d381e5	050ec96b-f110-429e-a138-4a41b38a24ae	0.0254358906685581	0.348465104003431	0.5389373670059219	0.0871616383220889	0.0278646162742369	0.5903973689441443	1.8967179925153677	2.0	0.3411589946951225
SC003	9d95a65b-e41d-4f93-92d4-99dce29ff40d	9dc315ce-3b76-4754-b103-2c2580cde4ab	0.0453293304521386	0.2489979050855286	0.6118799795457169	0.0937927849166158	0.0500209330687878	0.6752097857545917	1.9127070612561383	2.0	0.3581304104134236
SC003	9de678e5-67ed-4453-a98b-7ac351d5d0f1	1a9f7284-9770-4936-9fa4-500698184680	0.0191016610857265	0.8351615723405308	0.0578658265014928	0.0878709400722498	0.0209418402777777	0.0634403935185185	1.6123979033055509	1.584962500721156	0.1809069124654505
SC003	9f3cc92b-fa22-478e-a2e4-6b4c8afb93d6	91202959-0b44-43ba-961c-58c9de842d76	0.0770334691453738	0.7668376688715504	0.07000643320192	0.0861224287811556	0.0842929858127865	0.0766037327172304	1.58077758534343	1.584962500721156	0.2395381762091911
SC003	9f6be944-83de-42ab-8738-f0022f475e61	143fc27d-e119-48ff-a5ea-bd6aafc0404e	0.3956914042525114	0.4645266647971892	0.0516305692558929	0.0881513616944064	0.4339441740986631	0.0566218636371859	1.3556744792154778	1.584962500721156	0.3271131055005223
SC003	9fefbe7c-f66a-4940-843e-285cb7b392c1	5cdd3886-898b-4861-a748-d4164ce14a07	0.0356960229615822	0.1568216683436979	0.7146792471504214	0.0928030615442983	0.0393476007782242	0.7877884248231721	2.034347342223817	2.0	0.3806992363549841
SC003	a0576d44-9add-429b-9eeb-f7b234b7385f	1fa2d526-b5d5-47e0-87d1-6ac17add8a0b	0.0786335219306204	0.7373109215974135	0.0923741814162941	0.0916813750556719	0.0865704167801688	0.1016979932806683	1.5994707114421476	1.584962500721156	0.2854925994470037
SC003	a076f135-be82-40fa-8516-285ed355c965	3f9d6a98-182c-4297-85c5-02ce3b1a3500	0.0408920706662487	0.8166042591095789	0.0521419263315903	0.090361743892582	0.0449542116239006	0.0573216066733158	1.590064473150176	1.584962500721156	0.1956684339912631
SC003	a0963e93-b63e-4de2-86c1-81302e271d3e	0d5c5f1c-d20e-480c-a89b-8feba01caf96	6.598155815449583e-05	0.0713590551440872	0.8394668690101117	0.0891080942876466	7.243621086180982e-05	0.9215878017420908	2.3057067965114117	2.321928094887362	0.3670338666177286
SC003	a1093598-d3a8-4ffe-83fc-bc7d1faff7e5	73af0f78-cc37-43ff-8f46-524a9ba80eda	0.0021608960295597	0.3531332992428616	0.5564884614750177	0.0882173432525609	0.0023699683401175	0.6103301673450927	1.91382567368261	2.0	0.2973812809931293
SC003	a1872011-b928-4189-ac02-e87506c20bca	00d38274-8ed5-46af-9a69-91d968a050ab	0.045923164475529	0.7654025699816901	0.1032446431222473	0.0854296224205334	0.0502128273573335	0.1128886804703845	1.6024545280310247	1.584962500721156	0.19061928247918
SC003	a20fa2c4-a502-47e3-bfaa-2ec4cce3a859	0126489d-c12a-4651-8700-d7090732d7ab	0.0525708064595945	0.8023852333272851	0.057024561635023	0.0880193985780974	0.0576446542586864	0.0625282616166549	1.5905517386049306	1.584962500721156	0.214134081223579
SC003	a2934508-3daf-49e2-b14f-ed9b7693f96f	14e1cd4b-0d60-4202-981d-7e1e02a17006	0.006400211140986	0.9446579680979166	0.0117942035201161	0.0371476172409811	0.0066471364204827	0.0122492333521783	1.5894319355083697	1.584962500721156	0.0992123998528686
SC003	a2db9dd1-44d5-48b5-817c-a21a85fadb21	9ec60572-39e4-4a0d-b157-cf0ec726fb1d	0.0016990251224782	0.1830328423205714	0.722547547960345	0.0927205845966052	0.0018726591760299	0.7963892222101014	2.088333632549363	2.0	0.3374592241325238
SC003	a2efe7e1-aca3-440f-825f-ed621edca69f	040438cf-a4ba-4f06-b562-73c79738f53e	0.2231991158471207	0.5599359978885902	0.1562608250993847	0.0606040611649044	0.2375985530913624	0.166341814606051	1.5286886496007044	1.584962500721156	0.3523398614102129
SC003	a32cb96a-78bf-456e-a6ab-2d47b2c67ad4	7f7d8229-3daf-48be-bd16-ffe4314528b1	0.0097487752173267	0.2017551094469095	0.7009880738333636	0.0875080415024	0.0106836834303481	0.7682128782674718	2.135473778867564	2.321928094887362	0.3878633673557791
SC003	a381275f-8858-4793-a8a2-0ca9db7274c8	2556d93d-9252-4248-a044-91deaa7f02df	0.115583194497138	0.7264074691123831	0.0727611632548702	0.0852481731356086	0.1263547020106392	0.079541970967451	1.5573797979249688	1.584962500721156	0.2674316335601695
SC003	a45833e1-7cc9-4273-b408-620f74679a12	27bc9f32-2419-4e24-97a1-4136e7be5a39	0.0003793939593883	0.0514986061395839	0.8874354617884301	0.0606865381125975	0.0004039055914582	0.9447703006462488	2.2958485080644984	2.321928094887362	0.2043371451792948
SC003	a45d296e-efc0-479e-b2f6-bad834668cdf	ea7490bf-06ac-43e0-bb61-a2756d027836	0.0002804216221566	0.9328802599673393	0.0100786830080992	0.056760635402405	0.0002972963519988	0.0106851806512538	1.5892233441604742	1.584962500721156	0.0438656572612005
SC003	a4903de8-6cf5-4541-8ec7-065beace8b44	0c8df249-80de-4675-93e5-d06ad8ea3001	0.0001979446744634	0.2025138973656862	0.6999983504610462	0.097289807498804	0.0002192782092279	0.7754408405664687	2.0382614684127303	2.0	0.3394136942410938
SC003	a4c59287-1ad5-46a5-8040-e591e6ce064f	51e96168-f2d8-4827-9910-66264b410b4c	0.0251554690464015	0.1239298616036817	0.7567754812529898	0.0941391880969269	0.0277696846092213	0.8354213708208901	2.156444180006025	2.0	0.4136837841726425
SC003	a53dd490-e0ba-419a-90c6-b905e241a8e5	74ec0a11-f4f7-4f19-93f9-48674394a885	0.0020124375237121	0.9410289823994192	0.0001154677267703	0.0568431123500981	0.0021337250992531	0.0001224268499571	1.583765163284896	1.584962500721156	0.0273822703789084
SC003	a6502f17-6bee-4d5a-8520-06364593d39c	b22a4adb-8d8a-490a-a6f4-cc091b41f56f	0.1670488098576447	0.7203041749830922	0.0479685927783184	0.0646784223809445	0.1786004021022186	0.05128566893584	1.5001156488129292	1.584962500721156	0.2575799274540609
SC003	a6a863d9-b39d-4965-b47f-79a1bcf3c976	08044da0-8cb7-4bf7-bbb6-b80be4fddd8c	0.0816851689952658	0.7378717648417268	0.098741401778203	0.0817016643848044	0.0889527573199209	0.1075264954194359	1.5840385122440717	1.584962500721156	0.2375459640306235
SC003	a6cb373a-1604-4e25-bd81-da6c3e4f06ee	a8484534-e92a-49a7-8818-d21606d19701	0.1823400359599492	0.5923659337215248	0.1350642495422529	0.090229780776273	0.2004242742915163	0.1484597392707559	1.5673709785480785	1.584962500721156	0.3920966863611055
SC003	a6e11b30-3ae8-4dd1-b04c-a730c6a79746	65ce036f-a8ed-4e83-818c-b54c95529a2e	0.3891592299952163	0.4741434768982069	0.0489418207610972	0.0877554723454794	0.4265953022440012	0.0536498924108999	1.3717643273838274	1.584962500721156	0.3633550247041565
SC003	a6edb6ca-ae9f-4da7-8ebe-92d83d2987fb	5ce91cce-a4ac-45e1-bc3e-737494a67769	0.2672088151361694	0.4749517509855995	0.1734490209986308	0.0843904128796001	0.2918370655953303	0.1894355666852829	1.497113583405673	1.584962500721156	0.3615858237118805
SC003	a721dac6-0126-476c-b2d4-2dbf7406454b	05bf18cd-2346-4ef9-b6df-58aa8a67e8a5	0.0	0.0709136796265443	0.8476320868317305	0.081454233541725	0.0	0.9227978809374158	2.1181667487958875	2.0	0.286146450932231
SC003	a78b04b4-2380-4803-963e-e4e633cd69ab	66e4ecf2-af70-46c8-be47-783e8e3edecd	0.0001154677267703	0.0398363657357768	0.8971512462266796	0.0628969203107731	0.000123217743355	0.9573666607991552	2.51161492602442	2.584962500721156	0.3796974294353862
SC003	a8015490-9740-45c9-8bd2-eb6d1beefc2e	0ef32921-bb7a-4055-a6ed-e8ced5f824e4	0.0225162067202217	0.1819936327796381	0.7018128433102948	0.0936773171898454	0.0248434769947583	0.7743520675596971	2.0598650051047915	2.0	0.3470227105854435
SC003	a851ca14-7bbf-455b-a054-ec03979a4247	10285a0d-d8cc-4c20-a8a2-8891d9807599	0.103607541692097	0.6398561602032232	0.1630734209788364	0.0934628771258433	0.1142893534945502	0.1798860927634332	1.592530440216417	1.584962500721156	0.2656152178472425
SC003	a8b1f6e7-2bcf-460d-b1c6-1792a9801119	0c30cd0e-a2d2-42b0-9ca9-8297de64e4a8	0.0244131765171634	0.2391171667518928	0.6438810352506474	0.0925886214802962	0.0269041992365024	0.7095800763497546	2.063560351271158	2.0	0.4196811516953394
SC003	a8e7d8a4-bbf0-496b-b387-8e014cfdcea6	6fae8a0e-a96a-4895-b40d-c1eb491f0f3e	0.1551886247793741	0.6205895452221104	0.1585371888557148	0.0656846411428005	0.1660987623806077	0.169682738652213	1.5910524220421751	1.584962500721156	0.3607243938575188
SC003	a8f5c479-8685-4e2d-bb60-63f1cc651083	51fb2284-4c63-49d7-9e38-c7d213ab43a6	0.0031506194018771	0.5517542846774327	0.3795589132837372	0.0655361826369529	0.0033715798764342	0.4061782877316858	1.8092057408332771	1.584962500721156	0.3130185099969235
SC003	a9bb8159-32f0-454c-a946-b3286a52b9d5	c0c04ba3-7fdf-47f3-8750-a487639a76df	0.3215941144450126	0.5324876696963199	0.0560678290417828	0.0898503868168846	0.3533420327678701	0.0616028708133971	1.41682379246463	1.584962500721156	0.3547792772355213
SC003	aa30ac3d-4216-45dd-a314-1ae192fafcb2	5754d368-87b9-40e5-9a56-bd48ad9a80e3	0.0221038219817561	0.7697738482094255	0.1242432740049156	0.0838790558039028	0.024127624329288	0.1356188555583564	1.64411141618038	1.584962500721156	0.2289125355215181
SC003	aa60fa8d-c374-40e0-af2d-b007701e67e3	0dcb8872-8b48-4100-8ad4-4c89a0d3b9ed	0.0497171040694126	0.7581116078056184	0.1340910215594741	0.0580802665654949	0.052782739658856	0.1423592868901264	1.6182580633733252	1.584962500721156	0.2220740737558126
SC003	ab34a9a2-d72d-4106-94fb-118844b1b60b	28d6a08d-f73d-4981-882c-aac092fdebb9	0.0682414265212873	0.7856754037246589	0.057024561635023	0.0890586081190307	0.0749130812690134	0.0625995943792554	1.5804952006196629	1.584962500721156	0.2276039726314601
SC003	ab89bb2e-da84-4116-a8cd-49aad7bbfd4d	2399b5a8-f089-4a62-b75a-e6c0bd909846	0.2530557709120301	0.5226399221417614	0.1875525790541543	0.0367517278920541	0.2627108485315523	0.1947084510660159	1.5297327218103325	1.584962500721156	0.386412850163646
SC003	aba5f46a-e67a-4cd2-9c52-c0686968ff04	5a1bb598-9a38-452a-9599-365501038a88	0.0038764165415766	0.2216815400095673	0.7090213285386734	0.0654207149101826	0.0041477663836772	0.7586529466791394	2.0741601837592345	2.0	0.3656473375421293
SC003	abdc76db-f85e-4337-a57e-6d098789da03	0d5aa7a3-3488-4339-b8f1-e4971912e2bc	0.0670207676954291	0.4011678735793346	0.4421259258037378	0.0896854329214984	0.0736237451527561	0.4856847751241256	1.815489624945452	1.584962500721156	0.3994592704979116
SC003	ac68d219-5670-4ddd-8df6-8aa7ad59e5c7	684196da-0213-497f-b239-7b5e76b01d0e	0.0371641126305197	0.1664054896656384	0.7064480477706481	0.0899823499331936	0.0408388921113689	0.7763014791183295	2.1429793287944827	2.321928094887362	0.4191658900470051
SC003	ac6d3ba9-f84f-4657-aa85-4d66fb7c09da	71e87611-903b-4b9d-a506-87e58914dc81	0.1847483628325883	0.5787077511835442	0.1408871220493872	0.0956567639344803	0.2042900919305413	0.1557894352838173	1.5527775160108297	1.584962500721156	0.350332179874534
SC003	ae8c77fe-e6c8-44d5-8265-4a38c637bbef	2b721ce6-b620-4216-9846-c82543880bb3	0.1180245121488544	0.7550599607409729	0.0422446926084159	0.0846708345017567	0.128942151739052	0.0461524599026851	1.5291094385846125	1.584962500721156	0.2225298456622422
SC003	af0acaa9-a61c-4e57-bc0d-453ad5bf193a	3c8913ca-bc61-415b-9c6f-12295328022c	0.0821470399023473	0.7997789617801825	0.0574534417630272	0.060620556554443	0.0874481983563953	0.0611610592119126	1.5590805920718789	1.584962500721156	0.2003511385113719
SC003	af5453a9-cf1f-40de-aec4-0e0710908fb7	392933ed-ca0e-458d-b0b1-6ccfe71df1c3	0.1221483595335103	0.7421770615113076	0.042855022021345	0.0928195569338369	0.1346461560840788	0.0472397992581278	1.52580583669625	1.584962500721156	0.2251935378293139
SC003	af97e043-88cb-4f99-8f8b-9bcbcccdf842	061f9bb8-09f5-4788-b39d-35138a3aa019	0.0124375237121224	0.1063952625241245	0.7917786978539498	0.0893885159098032	0.0136584305485109	0.8695022099847837	2.1507304222293064	2.321928094887362	0.3446116065600075
SC003	afb9418e-91eb-4db1-aacf-12bd946c9ba0	90b93fd6-b94d-4a98-ad7d-dba3428cbb25	0.0486943899180179	0.7319004338287448	0.12922488164558	0.0901802946076571	0.0535209224744361	0.1420335049677279	1.6126039987852216	1.584962500721156	0.2049797557040103
SC003	b094e8b2-8ece-4b36-8025-18073a8b873c	2f4d3cea-30c8-4cf0-a610-33b3e20241e8	0.074262243702885	0.3968625769097537	0.4918430298731504	0.0370321495142107	0.0771180924320805	0.5107574771317962	1.882146242637632	2.0	0.4740577718901376
SC003	b09643c2-ded5-4346-b3c5-90a48f88a02e	0c61c676-2a72-4dbe-8dcb-284bd112570c	0.0655196872474143	0.7405440179469838	0.1110469623740164	0.0828893324315853	0.0714414187560703	0.12108349221195	1.6113680131880104	1.584962500721156	0.257007873603697
SC003	b0bcb829-cee0-4247-bb75-093a5bea89ee	daf94b80-d57a-4525-be1d-6ca0f83204e3	0.0905431931775068	0.003859921152038	0.8174455239760487	0.0881513616944064	0.0992962969662982	0.896470630800123	2.1198296757346142	2.321928094887362	0.7433938820380281
SC003	b0f8d698-a30e-4d8d-b0a2-a5a01fac8406	36ccb542-78a6-4960-8d49-fa02e08fd36f	0.205202645860482	0.7035778499909275	0.0546162347623839	0.0366032693862065	0.2129991096500239	0.0566913225121567	1.492122757718812	1.584962500721156	0.301044982698826
SC003	b1d44c81-747d-471f-9093-aeb262a17975	515600aa-a11b-4630-b88d-c59082ed1684	0.0706167626148491	0.5983702555135839	0.2684294739620276	0.0625835079095392	0.0753312569286807	0.2863502789068961	1.6772756640735866	1.584962500721156	0.2984084326611989
SC003	b205bba0-1870-4458-9088-8817e20389fe	035ceab2-5468-41d5-9adf-f669225be543	0.0189532025798789	0.1949755043465351	0.7011530277287498	0.0849182653448361	0.0207120324470482	0.7662190175754845	2.0827177757944595	2.0	0.3967499405721988
SC003	b205c89f-af62-4186-acad-ed23d243fa98	905c8468-92b3-4e58-8445-6692775c7fde	0.0787654850469293	0.797205681012157	0.0422941787770318	0.0817346551638816	0.0857763885894948	0.0460587770352805	1.5549782877596068	1.584962500721156	0.1939735270546134
SC003	b3264748-947a-43aa-b227-b294fbcc8447	002997ef-3b93-443a-80a3-bae63e129d99	0.0167428203817033	0.20414694093001	0.6870989558418422	0.0920112828464444	0.0184394586247615	0.7567263148333182	2.0901914131579664	2.0	0.4100308555902885
SC003	b379bfb8-284e-4300-8325-85cfd6809cb8	832b8766-0e59-4ad4-b4c9-1e39b2ce4fb1	0.0635732312818567	0.7548455206769707	0.0937432987479999	0.0878379492931725	0.0696951065137979	0.1027704437773518	1.6345262577421769	1.584962500721156	0.343321804068603
SC003	b3bb8fd6-ee54-4813-b042-2bbe70115382	18dddb4e-11d6-4fe7-b44a-48342374a5b1	0.0566121768965574	0.7984758260066311	0.057024561635023	0.0878874354617884	0.0620670946740211	0.0625192151189076	1.5879590896026743	1.584962500721156	0.2176813804010035
SC003	b43e41af-1d82-4b5f-b8f1-add0510e6b86	685fa2ea-3dff-450a-8ea6-e97dfe9000a4	0.0	0.1474192963066823	0.7598931098757897	0.092687593817528	0.0	0.8375209075703586	2.185393295930022	2.321928094887362	0.3641380739836793
SC003	b4e4fea2-b802-4a86-923e-3fcbd3c708fe	31532d08-cb6e-40fa-9dfe-d2c6d037dcb1	0.0023753360935618	0.2607591178265674	0.723471289774508	0.0133942563053626	0.0024075838892511	0.7332932069351792	2.117498185608916	2.0	0.4904481469983028
SC003	b7f74ae1-6f58-447c-be50-a7666eb19d9a	00a59c97-91b4-413e-8d9e-674753997221	0.0	0.2641406726819854	0.6367880177490391	0.0990713095689754	0.0	0.7068128970833257	2.0442293018262765	2.0	0.4010340401624765
SC003	b8a44fdf-9cb9-4123-9ab0-4bc198921fee	9e1e6f69-aece-4672-a059-d27af0352c84	0.0093528858683997	0.8817610477871435	0.0423106741665704	0.0665753921778862	0.010019969250888	0.0453284323254457	1.6121302479438575	1.584962500721156	0.1658970633557617
SC003	b8a615f9-d19b-4b09-8ec8-0674e5c648cd	3f2c52a6-d79d-407d-9c71-11a58ab4e129	0.0318031110304669	0.8369265790211636	0.0451148903881365	0.0861554195602329	0.0348014440433213	0.0493682310469314	1.6009876487113035	1.584962500721156	0.1961251523330964
SC003	b8aefc48-4a6e-4254-a57f-5f688399b582	2b7230c7-0182-4417-9861-03672629d98d	0.0399353380730085	0.8285469211355426	0.1182554476023951	0.0132622931890536	0.0404720908072685	0.119844865343787	1.6205805116277991	1.584962500721156	0.2132292306509839
SC003	b956df1b-bc77-4bdb-a5bd-5dda7b4c8da7	3f1e9bda-addf-4e24-a92f-123085bf40bc	0.0	0.1666034343401019	0.7425894462497732	0.0908071194101248	0.0	0.8167567763706955	2.207519254418266	2.321928094887362	0.3377888614495478
SC003	b97bf89a-7a85-4eef-ae7e-f787aead1f0a	3ad0093a-e57a-450a-b0ef-942c9b67a586	0.0060373125711363	0.1550566616630651	0.7434142157267044	0.095491810039094	0.0066746908852172	0.8218988218988219	2.214418499062715	2.0	0.448273659883132
SC003	ba39bfbc-5cac-4f6c-b55c-4eee3466ee93	20308c88-18f2-4373-9e93-1f1d589d97e2	0.3571581742902858	0.4300183098823879	0.1164244593636078	0.0963990564637184	0.3952609576662589	0.1288449953449314	1.4191688247708487	1.584962500721156	0.3936251341810384
SC003	ba89cb4f-cd63-47b1-9550-76fdaff89f2e	8da9c00e-1ec3-4657-9511-a2a00b8961cb	0.1403097834155353	0.6215792685944278	0.1578773732741698	0.0802335747158669	0.1525493642281963	0.1716494198246023	1.589825658773402	1.584962500721156	0.3350590270866214
SC003	bac4b268-c781-4408-96d8-43a48fec7418	6cb73e8a-b788-4efc-b60e-f33424fc93de	0.0184088547251043	0.8045956155254607	0.0905102023984296	0.0864853273510053	0.0201516793066088	0.0990790899241603	1.613971034627588	1.584962500721156	0.1543590752769648
SC003	baf2afc8-f16c-488f-947c-efc9083c6bef	5a4c0145-86eb-40ae-9983-adb13652a9a2	0.2624746383385843	0.5585833759464229	0.0710291473533147	0.1079128383616779	0.2942253286736562	0.0796213087775743	1.4469446818770562	1.584962500721156	0.3111902624299992
SC003	baf5e81f-2322-41ec-9053-b9559a7993bc	071f43e9-e416-453b-a519-c197c5aaf1d1	0.0001649538953862	0.0064826880886792	0.8836415221945466	0.1097108358213879	0.000185281256948	0.9925331653449936	2.647602519900849	2.807354922057604	0.3274139016920895
SC003	bb1de798-0c02-437e-b539-33cb556d3993	3e2102ac-0d18-4cf5-8617-863245e21b3f	0.0607855104498292	0.7067944509509592	0.1419758177589364	0.0904442208402751	0.0668298875589408	0.1560935799782372	1.6436843161336376	1.584962500721156	0.3126395795598747
SC003	bb8d42d3-ad65-4d88-ae1d-f9aadfc7962d	76f4bdbc-58c8-4424-865b-c6531d908dc3	0.0005278524652359	0.2321231215875163	0.6775976114675948	0.0897514144796529	0.0005798992425066	0.7444094088652097	2.1015948997780423	2.321928094887362	0.3613791552918041
SC003	bc0bc70f-c6cf-4dbc-9dc3-8b7bc5f381a4	5e429dd7-787c-4e7d-b672-b000b7b57929	0.0652227702357191	0.757468287613612	0.0897679098691915	0.0875410322814773	0.0714802227203702	0.0983802154891893	1.6011517273668583	1.584962500721156	0.2521260237300834
SC003	bdd08ec8-8892-4273-8f21-6fde0f23c52d	4b4ddc10-5b37-42d2-bbf8-b0cac95ae1b3	3.299077907724791e-05	0.3192187783514508	0.6201111789254903	0.0606370519439816	3.5120375085605915e-05	0.6601401302965916	2.038115282245691	2.0	0.3690341990823089
SC003	bef7b135-a727-45e8-850a-cc4cd56c49aa	008dafdd-a3d1-4801-8c0a-8714e2b58e48	0.0939247480329248	0.7672995397786319	0.0572390016990251	0.0815367104894182	0.1022629310344827	0.0623204022988505	1.5510078247763162	1.584962500721156	0.2111288625967406
SC003	bf3b1481-ae31-4406-b084-b6cc1d7163e3	0729326e-9b85-44f5-8134-28cb10805bf4	0.0	0.9863253220724808	0.0004288801280042	0.013245797799515	0.0	0.0004346372450685	1.5851428914764425	1.584962500721156	0.0086508749956133
SC003	bf88ddf5-a6d4-498c-bf7f-db9bfabff72d	bd7e34c8-d477-4caf-a44d-aa9a3a4bf7d4	0.0013031357735512	0.0830048001583557	0.8214539036339343	0.0942381604341586	0.0014387179020214	0.9069204152249136	2.198225090005269	2.321928094887362	0.311394368977622
SC003	c0427237-b476-4af4-b664-7bd479922ea5	69dbb2ae-3f19-4c29-9c24-810ae60312f3	0.0118601850782706	0.0	0.9026772017221186	0.0854626131996107	0.0129685076295948	0.9870314923704052	2.37416100098944	2.321928094887362	0.3460435095406304
SC003	c0892598-1f7b-4f23-9cd8-731f797753d5	5006c942-bc9a-41cb-8674-2341b4e66230	0.0003134124012338	0.1282021674941853	0.7836629662009469	0.0878214539036339	0.0003435866833034	0.8591113763359193	2.131168324718689	2.0	0.3304184834167605
SC003	c1442467-d618-435f-8792-b1a18f696f1a	0bbcc10c-ff75-433b-a58b-7915d27eb7d6	0.0011711726572423	0.0832192402223578	0.8785939329957277	0.0370156541246721	0.0012161907535243	0.9123657479573134	2.2685858155583216	2.321928094887362	0.3121331164166172
SC003	c2a742fe-3e8b-4210-85a6-7191a1123609	c7da9758-e55a-4ed7-984f-cd86e2f6ea20	0.0781551556340003	0.7976510565296999	0.0423601603351863	0.0818336275011134	0.0851209083396212	0.0461356041823865	1.5543179671027312	1.584962500721156	0.1900933206621581
SC003	c2b104ee-f914-4e79-9e1b-56bf88157472	2b795cb0-4f14-4312-b96b-4adfbf9f4124	0.0660475397126503	0.6939775332794484	0.1514441713541065	0.0885307556537947	0.0724627189807441	0.1661539018387143	1.6512150041101676	1.584962500721156	0.3429926841324943
SC003	c3148e68-1739-4334-abda-1dcbc2166846	5559a7ea-5db7-4af8-b491-24bb9871b89d	0.1491183214291605	0.6479718918562262	0.109397423420154	0.0935123632944592	0.164501219201514	0.1206827528478363	1.561417835029396	1.584962500721156	0.3243467881515312
SC003	c31900a4-5dcd-4022-97ac-638e86e889e4	2a532346-0008-4af8-99bc-d709585da1d6	0.0458241921382973	0.8275077115946093	0.0666578691255794	0.0600102271415139	0.0487496709660437	0.0709133982627007	1.5991885441008176	1.584962500721156	0.2195885447554417
SC003	c397e6c2-ba3a-4f5e-a258-c140611192fe	2fd1998c-1ea4-42eb-84b9-db352da9cf25	0.1198719957771802	0.6732758194084754	0.1157646437820629	0.0910875410322814	0.1318850837552857	0.1273661095079944	1.5785838841827702	1.584962500721156	0.2963029028350268
SC003	c54d5507-bba5-4a1e-8885-3c3b1eed13c1	6fe6d586-3b5d-4cd4-acb8-5691936441b9	0.0181119377134091	0.8628903221549576	0.0378404236016033	0.0811573165300298	0.0197116851875123	0.0411827011112507	1.590524269343202	1.584962500721156	0.117508526591217
SC003	c57835be-77ab-4cf5-9b23-62c11a7b2eaf	08f10bb1-6dd4-4f36-86a3-1801f9762187	0.0569915708559457	0.7963809115352259	0.0579153126701087	0.0887122049387196	0.0625395963435605	0.0635532627387093	1.5881589137579442	1.584962500721156	0.2185816992975731
SC003	c5891c7a-fd24-4891-8f51-373967e4a6dd	18bb30b2-6018-45af-9393-f7a8ea40fa04	0.0081322270425416	0.1333982151988519	0.7639839664813685	0.094485591277238	0.0089807814919391	0.8437016121686857	2.107600089669209	2.0	0.3474813077435093
SC003	c6086936-7544-4da0-8c0c-114166848483	439d2ec5-1059-4556-b886-60b42b6db1d7	0.1616383220889761	0.7287663098164063	0.0177985253121752	0.0917968427824423	0.1779759526317701	0.0195975153474517	1.4954416447124956	1.584962500721156	0.2577457274649471
SC003	c65b835a-2d38-4250-a173-0780d2c2cf58	558c43ad-12ad-42dd-94b2-80a607465fcb	0.0	0.1576134470415519	0.7566435181366808	0.0857430348217673	0.0	0.8276048714479026	2.207414122759222	2.321928094887362	0.3771865728353801
SC003	c710f4ab-fbd9-42ed-95d4-4e6d51207f38	481cdbff-1f84-4508-ad9f-21a61009d68a	0.1832802731636507	0.5673919139600482	0.1675766623228807	0.0817511505534203	0.1995976071999569	0.1824959131981245	1.5899987538995026	1.584962500721156	0.4082686892618265
SC003	c72cb184-462d-4009-9cdb-848782ff8a76	b599719f-f028-45eb-8464-ecf9ad60179f	0.0405621628754763	0.2489979050855286	0.6479389010771489	0.0625010309618461	0.0432663546468663	0.6911355878523419	2.104863061807018	2.321928094887362	0.4955547787210101
SC003	c744fc13-3aca-4245-9e24-abd368cc8bef	d3c85f76-56ed-4f64-9edb-9cdf80526e33	0.0073074575656104	0.2242053346089768	0.6810286524916286	0.0874585553337842	0.008007808969469	0.7462988738453752	2.0900651065782223	2.0	0.4397271964546403
SC003	c7c34fd9-3021-45b7-b6ff-30b4196585a8	83b570a5-08c5-4f5e-9fb3-47d1d33e8f7b	0.242663675502697	0.6490275967866981	0.0190191841380334	0.0892895435725714	0.2664553522912516	0.0208838978445933	1.4378103600458918	1.584962500721156	0.2705081947562059
SC003	c836951b-3ffb-4e20-8504-0eccb7d50dd4	d8b4969f-428d-4bf3-bbd8-883c72e8a934	0.0006268248024677	0.98297675799614	0.0031176286227999	0.0132787885785922	0.0006352602895449	0.0031595840716841	1.5859022431454477	1.584962500721156	0.0275819034048731
SC003	c85f080a-1075-41df-959f-1b514a11b3c4	6c141702-104f-4ce1-ba82-1add65f07d7f	0.0188872210217244	0.716675189284595	0.2024479158075318	0.0619896738861488	0.020135408423459	0.215826958586125	1.6946068822489464	1.584962500721156	0.2752713271235641
SC003	ca20249f-b7ea-4fd9-9ecb-34f74755ae35	1422b157-eec7-460e-96c8-9121847d283b	1.6495389538623956e-05	0.2033716576216947	0.7292446761130265	0.0673671708757402	1.7686906383204514e-05	0.7819204442950883	2.108844022686741	2.321928094887362	0.3146781965896998
SC003	ca76c6fc-ff30-4833-884d-3a94fe53ff17	2ee13ed0-cb80-4375-a329-91ff9904bb7c	0.0002474308430793	0.0968609273707998	0.8089503983636573	0.0939412434224634	0.0002730847655112	0.8928233323623653	2.2673857643107005	2.321928094887362	0.3609980660363873
SC003	cab38ea8-4555-413c-b81e-4621aac4ef85	8cc4fd25-dd8b-4983-ac21-24f3cf3e51cd	0.0	0.9188591788595089	0.0	0.0811408211404912	0.0	0.0	1.5849625007211556	1.584962500721156	4.440931960556239e-16
SC003	cb0a2055-2168-4454-8755-47dd613db36f	3ed5e5ce-12c3-4d15-9414-0b76f874e43c	0.0063507249723702	0.2558929779126734	0.6471801131583722	0.0905761839565841	0.0069832402234636	0.7116375244866865	2.012330758504571	2.0	0.3620798632649543
SC003	cc074b7f-d3b2-4880-902e-bf10e667b665	044f9b74-9a16-432e-acac-78c399c001bc	0.215116374973195	0.6379261996272042	0.0598122824670504	0.0871451429325503	0.2356523310444524	0.0655222262378026	1.4909805285429607	1.584962500721156	0.3340115558647121
SC003	cc0902fd-a2fc-4327-929e-d4219e32e1d7	7a1381f5-7106-4618-884b-7e269f003e19	0.1171007703346914	0.7591178265674744	0.0390775778170001	0.084703825280834	0.1279375720876586	0.0426939158016147	1.5288132719372465	1.584962500721156	0.2221546250077852
SC003	ccb22ecc-6e18-44b8-ad48-6ab51314b16e	530315de-d048-40f6-b0cc-3c7fb9875e46	0.3189713475083714	0.3604737475875493	0.3071771439882553	0.013377760915824	0.3232963284959539	0.3113422055774761	1.6120099744479135	1.584962500721156	0.5599390858650897
SC003	cd0c96a4-6414-4efb-879b-7408b62ed5b6	1624f434-259b-4782-afe1-7ac3d13d7807	0.1293898355409663	0.5567029015390198	0.2212031737129472	0.0927040892070666	0.1426104030689235	0.243804883369998	1.6299084942140192	1.584962500721156	0.3498630708072307
SC003	cd7fb75e-1c2e-4201-86d3-b3ba21f476bf	5b55c210-049a-4835-ac3b-bba70c72973b	0.0601421902578229	0.8151856556092573	0.061890701548917	0.0627814525840027	0.0641709347554429	0.06603657356073	1.5920669309813391	1.584962500721156	0.2378566895288401
SC003	cdab777e-62de-4d51-92af-b6eb089c111f	70d8df1b-251c-4b3d-9de8-c20facd4cad8	0.0131633208518219	0.8025501872226712	0.0992527588539003	0.0850337330716064	0.0143866733972741	0.108476959688469	1.6457612411523892	1.584962500721156	0.2326935963229249
SC003	ce887e90-0660-4f44-a3a4-b3b894cb7eda	17f2ecdd-59bb-4251-a1b3-2e0a461ea070	0.0517790277617405	0.7079161374395856	0.1411015621133893	0.0992032726852844	0.057481367540149	0.1566408467468732	1.6571898880513567	1.584962500721156	0.3281323871972796
SC003	cf0a3f38-5850-44e1-8574-808bd37d84a3	0d7c1a37-5da1-4257-a118-b7d0717f23da	0.0338320439437177	0.0952938653646305	0.7753327944839418	0.0955412962077099	0.0374058470573215	0.8572340464335868	2.0885780265572884	2.0	0.374998847222014
SC003	cf0e7e4e-b857-4db5-9ae2-551a899f77be	1359c419-d678-4a51-a50a-1cdf258bb58b	0.0	0.0526697787968262	0.8470547481978787	0.100275473005295	0.0	0.941460105602816	2.257825919144469	2.321928094887362	0.277153086675066
SC003	cf9db1af-17f0-490e-8139-142bd704763a	2d80cd9e-8906-4fc9-9645-b3c137d71dc7	0.1803935799943915	0.5943453804661597	0.1384622997872094	0.0867987397522392	0.1975397843247051	0.1516229836888784	1.5680840013346191	1.584962500721156	0.3851945186872432
SC003	d071c16b-7cee-45ed-8ec9-612418143815	54fffa7d-7d20-4ce4-8fe0-29372a6f3c82	0.0	0.1039704402619467	0.8049915048743876	0.0910380548636656	0.0	0.8856162891986062	2.1910951294680414	2.321928094887362	0.2920638935595113
SC003	d10a4887-373b-4726-a61d-126f950e4a06	8031140e-323c-472e-82d2-45c7888829aa	1.6495389538623956e-05	0.1633373472114544	0.79992742028603	0.0367187371129769	1.7124167337363222e-05	0.830419370858092	2.127574194585943	2.0	0.3784158112998844
SC003	d111c4ab-b39a-4a7c-8d8e-cb342bc10627	5c016b5f-9e0b-4b33-90a0-d8b833de27d3	0.0003299077907724	0.215726704386124	0.7472741368787424	0.036669250944361	0.0003424657534246	0.7757191780821918	2.1297878544327165	2.321928094887362	0.3317691621527945
SC003	d13fb44b-291b-4ea4-920c-142daa8d1989	049340e0-5ac8-4e7f-9c92-971b1200abae	0.0063672203619088	0.1624630915659073	0.7549115022351253	0.0762581858370585	0.0068928571428571	0.8172321428571429	2.1342357210465903	2.321928094887362	0.3376609940626163
SC003	d2694b09-7844-4496-865c-5d3d8cd03330	5faa442d-a995-48aa-a52c-a7efe6f56cab	0.0554245088497764	0.708163568282665	0.1447800339805024	0.091631888887056	0.0610154717803443	0.1593847606595482	1.615421390253141	1.584962500721156	0.217730248742024
SC003	d2f2560c-ec80-4fea-9474-c47a2e85ea95	4f5e142f-d936-469d-abaa-37baf6f045af	0.0143015027299869	0.2555960609009782	0.6395427478019894	0.0905596885670455	0.0157256089819164	0.7032267426042479	2.066976825596436	2.0	0.406261484153458
SC003	d3a75976-67d3-40fa-9f6f-cf2a3d7b773c	3f6f1066-37f9-464d-872a-f1390eb36f6e	0.3146660508387905	0.6711644095475314	0.0009237418141629	0.013245797799515	0.3188900033433634	0.0009361417586091	1.3988123408449078	1.584962500721156	0.2731826540956406
SC003	d3d4d709-ab34-4617-aa8c-51a3d0a3efe6	8b5d38fb-e9ad-445c-b5d5-f054a5eafeb1	0.0181119377134091	0.6858618016264454	0.2126255711528627	0.0834006895072827	0.0197599294545323	0.2319722137239728	1.683014755734927	1.584962500721156	0.2291040563903175
SC003	d3d545b3-457f-4389-821f-704cb24aff7f	87676c70-e2ad-4103-8bc0-3d3c1e40a790	0.0202563383534302	0.3402833907922735	0.5406363921284001	0.0988238787258961	0.0224776687655586	0.599923121979792	1.9652213561396168	2.0	0.4096094522393853
SC003	d4e7426c-9739-4585-9114-e564b13c7c02	33f49b4e-924e-4590-8afa-e17403602137	0.0466984477838444	0.7824093165960114	0.0891740758458011	0.081718159774343	0.0508541558138281	0.0971097019885394	1.6280922415363746	1.584962500721156	0.2855112573404574
SC003	d5be2ab3-f748-480d-954b-385cf01b4c81	4f69c5f3-4e8c-4b71-a5fe-3179412c17e6	0.1426026425614041	0.6371674117084275	0.1204823251901093	0.099747620540059	0.1584029610085019	0.133831720902961	1.5817584783412604	1.584962500721156	0.3665184677857998
SC003	d5d8e76e-2f2a-49bc-ba0a-d51283611b16	834d2e25-da72-413b-bb0e-3beb24d46472	0.0	0.0092869043102452	0.8882107450967455	0.1025023505930092	0.0	0.9896524472054256	2.6834218708785325	2.584962500721156	0.4790390150158716
SC003	d5f2b85a-94a9-4168-bbe8-149ec71342b0	61db743a-627f-4666-b958-2542dbf3f320	0.0075383930191511	0.2425811985550038	0.6888144763538591	0.0610659320719858	0.0080286713163858	0.733613253456545	2.008739942532592	2.0	0.3515773241462413
SC003	d67cd793-2931-429a-9084-2f3c4c8be7ad	2a3e4dbb-aaff-4b14-bbed-f2d7cf0f8fa3	0.0114642957293436	0.2560249410289824	0.6373488609933523	0.0951619022483215	0.012669996718562	0.7043788967076239	2.060346811022681	2.0	0.3919514525855115
SC003	d69e59a8-b10b-46f5-b859-b6c178d90506	5c28c3b3-1dfe-46ac-83f6-dd5cdb47d813	0.0117942035201161	0.1810369001863979	0.7118090493707009	0.095359846922785	0.0130374530469348	0.7868422012326319	2.119985264584657	2.0	0.3840807524260463
SC003	d6f7afc0-1558-43ad-acb1-2b5311ed2264	66760e17-251d-4981-bb02-82c29b315080	0.3098493970935124	0.5005361001600053	0.0967289642544908	0.0928855384919914	0.3415769566482397	0.106633692173407	1.435348386727013	1.584962500721156	0.352261624995092
SC003	d7195183-9fe4-4b17-bcfd-9367d2e539ce	1940c04b-a08a-4cce-9915-483656d5b4c3	0.0536595021691437	0.7572703429391485	0.1032941292908632	0.0857760256008445	0.0586940439889576	0.1129855836024755	1.6024792898211442	1.584962500721156	0.216758348133188
SC003	d7cac141-9269-4733-83ce-e1bc0b503254	cc620a1f-7955-43f8-aa30-12e244f89f1b	0.0374445342526763	0.8426504791910661	0.0378239282120647	0.0820810583441928	0.0407928549607346	0.0412061746365482	1.5782023179477696	1.584962500721156	0.144952539150302
SC003	d81594d9-dd6a-45c3-8bad-61960611d78d	2c9bb39c-a023-4b44-b8cd-a454e8b60b28	0.037939395938835	0.353248766969632	0.5440839285419725	0.0647279085495604	0.0405650893313815	0.5817386550027337	1.8883342022414504	2.0	0.3620317222567436
SC003	d8d7a6c2-6427-4f47-968c-6c3affba4617	1964addf-c524-4c72-b596-009235bad133	0.0	0.1627435131880639	0.7428533724823911	0.0944031143295448	0.0	0.8202914389799636	2.1410752283878725	2.0	0.3613219298705165
SC003	d8ecba6a-9fff-4993-a799-9a8d2aea524e	c236908e-4814-409b-9fcc-2bedf60aa168	0.0223182620457582	0.4037411543473599	0.4799168632367253	0.0940237203701565	0.024634488283597	0.5297234309851975	1.919930934060436	2.0	0.4141571685446663
SC003	d9627184-b972-4e00-8c11-b0b946ac357a	3d137341-f9a3-4cf0-8f26-acad49fa113e	0.1456542896260495	0.6834534747538064	0.1108490176995529	0.0600432179205911	0.1549584963936612	0.1179299089202042	1.562594405386804	1.584962500721156	0.3088150116130269
SC003	d9dc3b59-613d-469e-8b4f-6c5a557eb26a	549f03a5-3f91-4975-9eeb-aa062264a602	0.0018639790178645	0.2220939247480329	0.6791976642528413	0.0968444319812612	0.0020638515488018	0.7520273232028054	2.2123881337743243	2.321928094887362	0.4589421014387251
SC003	da1c58a7-c6bd-47d9-95c2-8d2ac70e20e4	2147c985-f4f4-441a-9142-9b76e6131435	0.2646850205367599	0.5775860646949178	0.0584101743562674	0.0993187404120548	0.2938720193399509	0.0648511043551518	1.4531131537056594	1.584962500721156	0.3558668097926915
SC003	da70cf7e-0e61-4c72-b4c5-c408569d11b8	025eac6d-539e-4e43-a6f7-4a2d2def571d	0.0	0.6532999026772017	0.2538805403889613	0.0928195569338369	0.0	0.2798567168521347	1.7011135326398534	1.584962500721156	0.1863239192033216
SC003	da9c10ea-c13f-4d88-8b94-a0cbc106d036	050e66bb-438a-49d5-a005-7967a006b3f0	0.0327268528446299	0.76312620622536	0.1168533394916121	0.0872936014383979	0.0358569337261209	0.1280294952196779	1.6389850417884433	1.584962500721156	0.2445883962501893
SC003	daf62b56-6dd2-4ab7-adaa-f296bb86a0a5	bcb6b37b-62f7-40a9-bdb9-1b6479610dd6	0.0	0.0644969730960196	0.8488527456575887	0.0866502812463916	0.0	0.929384143037746	2.191611913963399	2.0	0.3141019906816106
SC003	db55d9d9-dd56-4ca9-b1f1-0d929697b280	2969174b-856a-4ba1-97c3-9038891cf24f	0.01750160830048	0.2125101034260924	0.7085924484106693	0.0613958398627583	0.0186464209767842	0.754942795381452	2.0445447582119987	2.0	0.3527023797759002
SC003	dba9beec-5e51-48c0-9229-0ee286a02a1a	b5d03f26-66ec-4861-9635-e0ee4a6e41c9	0.0252709367731719	0.072332283126866	0.8151031786615641	0.0872936014383979	0.0276879145506135	0.8930617556162007	2.0678367201339865	2.0	0.3237763475301256
SC003	dbb2da92-99dd-400c-bc05-e87d7273656c	0edb299d-861a-4141-9d5c-132d8c970547	0.0181119377134091	0.8812331953219076	0.0109364432641076	0.0897184237005756	0.0198970716149608	0.0120143519860829	1.578309866556	1.584962500721156	0.0939885666450085
SC003	dbf6f981-15cc-40ad-91ac-a66360405fbd	3440b3eb-511e-4904-873d-7a05d88fe879	0.021229566336209	0.3847219702093264	0.5312505154809231	0.0627979479735414	0.0226520698394818	0.5668473669388905	2.001793961924752	2.0	0.4492489500535165
SC003	dc15a8ae-991e-421c-bc70-70e94f79dd17	30ce2884-2ce3-4d6a-b758-17a554d6238c	0.0975372383418834	0.7644293419989113	0.0532966035992939	0.0847368160599112	0.1065674224128609	0.0582309050931766	1.54735726305433	1.584962500721156	0.2140541103923426
SC003	dcb68327-1537-4ca6-81de-3910d0663cb8	88bfa581-96c7-4d12-b76a-630f44087833	0.1988189301090345	0.6360292298302624	0.1034095970176335	0.0617422430430694	0.2119022503516174	0.1102144866385372	1.5125118965738085	1.584962500721156	0.3074648095563343
SC003	dcd5860c-7e3a-44f3-a732-fe92fe3fe300	57aff09f-0e97-4e65-a227-3dc7a8516367	0.0	0.032149514210778	0.8850931164739455	0.0827573693152763	0.0	0.9649498255583928	2.2466833330313314	2.321928094887362	0.1851478692489099
SC003	dd0f8e5a-383d-4f03-bb71-0e115d4e442c	4874e4e2-c067-490d-9d99-8d3ca194b0a4	0.0175345990795572	0.1055869884367319	0.8396978044636524	0.0371806080200583	0.0182117219757062	0.8721239013860097	2.287044484672988	2.321928094887362	0.4858341030707235
SC003	dd3bfb26-b534-4917-9c4d-9fe7b6477762	7423f6fa-4f31-46b1-a391-b5fc45833c2b	0.0803820332217145	0.7375748478300315	0.089833891427346	0.0922092275209079	0.0885468718768738	0.0989588065342612	1.5815613764840142	1.584962500721156	0.2361607163652473
SC003	dd43ffd9-da18-4ad3-abe7-6f443c76a717	25de243d-f03e-496b-b5f0-3dd8e61303fe	0.1756099170281906	0.4740939907295911	0.2594889728320934	0.0908071194101248	0.193149243441344	0.2854058565259987	1.644498489733386	1.584962500721156	0.4383550275720883
SC003	dddd8e2f-e540-418a-b02e-698d18a12c14	7de9f347-2a8b-4647-bd46-011d74fc48fc	0.0354650875080415	0.6984972700130314	0.1792224073371492	0.0868152351417778	0.0388367052023121	0.196260838150289	1.662442278301007	1.584962500721156	0.2529471313730516
SC003	dfaabd03-2d40-4422-b210-caf112ff4229	097b9dd5-5617-48ba-8600-ec5a99c75a42	0.0040743612160401	0.152648334790426	0.7785823862230506	0.0646949177704831	0.0043561841942822	0.8324368176928096	2.215565450311264	2.0	0.4435082926838882
SC003	dfe6db17-cf45-488e-bd3c-b8433d7343ca	1e629a73-68cd-449d-a1c0-b856be4143e6	0.5538656945383765	0.3589561717499959	0.0737838774062649	0.0133942563053626	0.561385029509622	0.0747855745598635	1.2885637227811702	1.0	0.3515047459896623
SC003	e0375a8b-a135-4103-a59d-39063fcf4a6f	838f924a-989c-4642-ba15-d711df6ccb37	0.0345083549148013	0.836778120515316	0.0378404236016033	0.0908731009682793	0.0379576877018543	0.0416228181587255	1.5800337071630222	1.584962500721156	0.141895250382753
SC003	e0b1bcd2-1139-44b9-98b3-67bcf92bcc39	402aa07d-b3c1-48a6-bf27-36917a30c33d	0.0	0.9867542022004848	0.0	0.013245797799515	0.0	0.0	1.5849625007211556	1.584962500721156	4.44092921775654e-16
SC003	e112b452-8850-4353-bfed-0dbdc243290b	a4910543-8bfd-4cd9-9eab-cf16aead9537	0.004734176797585	0.1019580027382346	0.7945994094650545	0.0987084109991257	0.0052526583575834	0.8816230165266568	2.14821060793123	2.0	0.3332857276770492
SC003	e17c565c-9857-4df3-a352-903b53093c85	630613d2-682f-4a1a-b1fa-95320fb9a9b7	0.1400953433515332	0.7169556109067515	0.0507893043894231	0.092159741352292	0.1543171742132422	0.055945199505778	1.5209793132906892	1.584962500721156	0.2529012711248688
SC003	e3935ce4-64d3-4a66-ba11-d308b844b410	c677f76a-9a14-455b-b53b-1de5cd448678	0.0240007917786978	0.2285271266680962	0.6812101017765535	0.0662619797766524	0.0257039889764335	0.7295516376355863	2.0681797817913314	2.0	0.4158022477203497
SC003	e4fc0909-f284-4471-866d-d8967b6adcbc	58bfe278-a80f-4722-b286-4d966214d244	0.0700394239809973	0.4538211569866222	0.3813899015225244	0.094749517509856	0.077370214471838	0.4213086973159132	1.801078225084062	1.584962500721156	0.4353322682574793
SC003	e5aae05a-478e-4a55-a27c-12b2b4be302a	1d8f72b7-8596-40e8-afdf-244dd897758c	0.0112993418339574	0.2876795935536018	0.6060241162595055	0.0949969483529353	0.0124854184893554	0.6696376494604841	1.9614906025424832	2.0	0.3602265078426185
SC003	e663954c-05a8-479a-a623-400c1eb5efc6	5cd62b0e-902e-492c-843d-5d8aa6964dc5	0.1095128911469244	0.7648417267373769	0.0412384738465598	0.0844069082691387	0.1196086909523294	0.0450401758368464	1.5481541624254478	1.584962500721156	0.2529746828519587
SC003	e68ebfd4-3688-4caa-9e38-7764f9258c30	2dc5d195-dede-4511-9415-c7bd3070bbd3	0.0890915988981079	0.7439255728024017	0.1062962901868927	0.0606865381125975	0.0948475695420061	0.1131638100590053	1.5779799747222931	1.584962500721156	0.2318074382386012
SC003	e6b79d7a-ed6b-459a-b040-d142616e7ab4	4dc7d403-3ea7-4d02-94a7-fb33511bab09	0.3087112152153473	0.4988205796479883	0.1046467512330303	0.0878214539036339	0.3384328830539431	0.1147217852040724	1.447255340854764	1.584962500721156	0.3696565589874581
SC003	e6f527a2-38eb-457e-bb39-3c5b9c0bcbec	7e728799-4c12-451a-afa9-0b26996f5736	0.1403097834155353	0.7199742671923197	0.0509542582848093	0.0887616911073355	0.1539770464501647	0.0559175989283516	1.5288776643438906	1.584962500721156	0.2785656289000228
SC003	e7db08a7-b439-4230-8dc4-1b54af4736c4	0de093d5-c752-4e93-a783-ec262b3a3780	0.2439173251076324	0.5875162891971694	0.1016610857265394	0.0669052999686587	0.2614068273021372	0.1089504481411423	1.4998612458007732	1.584962500721156	0.3610128624193294
SC003	e8614b7d-132e-4b4e-b1ae-df8bb4f2d4d4	142d082f-444c-4384-97c0-bbc78e228470	0.0521584217211289	0.8619005987826402	0.0042228197218877	0.081718159774343	0.0568000143706551	0.0045986096391169	1.5575136523690971	1.584962500721156	0.161136817440787
SC003	e9002f4e-ba0b-4738-9368-dd9614a5da8a	34e08e44-8c58-48bd-b682-1ede7baead3c	0.0	0.0503604242614189	0.8913778598881612	0.0582617158504198	0.0	0.9465239705032316	2.32498893111544	2.321928094887362	0.3342530289474911
SC003	e9f4f373-37a5-48ad-a1a0-b0d47820111a	0c12ea89-eeb4-4865-91eb-10cf75884c21	0.2452864424393382	0.5257740461541	0.1396334724444518	0.08930603896211	0.2693401438171313	0.1533264503975801	1.5079368146598948	1.584962500721156	0.3690636690167945
SC003	ea645243-df49-4466-a255-9f3d4321e357	4d088b92-ccb7-44fe-a582-f1d9034cd643	0.0017650066806327	0.5670620061692757	0.3684410207347046	0.0627319664153869	0.0018831397395283	0.3931010207673354	1.836184005010337	1.584962500721156	0.3612711423153474
SC003	eadb0562-2165-4adb-ad58-018e73f82780	b4c869f2-6910-4d41-ae52-b08b378bf681	0.1926661498111277	0.6242515216996849	0.0964485426323342	0.086633785856853	0.2109407451554062	0.1055967925448339	1.5250007168322484	1.584962500721156	0.339080673549646
SC003	eadf8482-e60e-4307-adb7-d5c3b9fa6cae	2c619641-7849-4837-ab92-0da80342b3e9	0.1570361084077	0.330171717005097	0.4992659551655312	0.0135262194216716	0.1591893383275086	0.506111733525074	1.8795241594766676	2.0	0.6255417715017663
SC003	eb2dbb4f-66b6-4525-8323-431970f7a64e	ea7fb858-c17b-40d4-9a22-cbd9da614b65	0.0001484585058476	0.0137571548752123	0.8871055539976577	0.0989888326212823	0.0001647687744864	0.9845666581231006	2.483000895328775	2.321928094887362	0.3421967466303478
SC003	ebc460c2-df88-4dc0-a2c0-aca8072b75ad	108f6aeb-833e-45a1-81fc-4b0b8e3c7163	0.303152268940831	0.4285007340448344	0.1678405885554987	0.1005064084588357	0.3370254905556574	0.1865945351182835	1.4817090786230502	1.584962500721156	0.4020960526838809
SC003	ebd1512a-4865-4193-97b3-f599d555759a	7153d60a-43d2-4a9a-bd8d-c15cd0bd9d75	0.1029972122791679	0.7797370634907543	0.0340629793972584	0.0832027448328192	0.112344590582774	0.03715432087659	1.5388939152981664	1.584962500721156	0.218155616365291
SC003	ec0155ab-1b14-498d-8fa9-9f63e3ccb990	118fd65d-0b94-4663-a2a3-1f53b278711b	0.0449334411032116	0.171997426719232	0.6921465450406611	0.0909225871368952	0.0494275190070947	0.7613725027671426	2.0501551313467217	2.0	0.3908481261224288
SC003	ec461eaf-f5cb-4225-a9a0-59d8e6c17ea6	62246534-b42c-4d81-b09e-792e55e3cb9a	0.0	0.1428830641835607	0.7979644689309338	0.0591524668855055	0.0	0.8481336676192647	2.2048297505008927	2.321928094887362	0.3759312135273697
SC003	eda6d2d5-4199-4f76-a45b-1d0401b4e54c	5fa9998b-deff-493e-8a8e-dc2422192a48	0.3430546162347624	0.4591326724180591	0.1100407436121604	0.087771967735018	0.3760623485588225	0.1206285486962496	1.4179249749409042	1.584962500721156	0.3566040869170591
SC003	ee14e049-b891-4dda-a730-8ce99bd93baf	7fb4bff6-4385-4503-9016-f9b620af3f8c	0.00179799745971	0.8603170413869323	0.0563812414430166	0.0815037197103409	0.0019575446284257	0.0613842893574225	1.6092941924699522	1.584962500721156	0.1032076294257171
SC003	ee554215-bea2-4268-aaf9-784e68cdb969	7e598a8a-9fb8-4c2d-94e7-ae1921addcd1	0.3642841825709714	0.5088497764874718	0.0363888293222044	0.0904772116193523	0.4005223258007181	0.0400087054300119	1.3720760292799057	1.584962500721156	0.3273717025336103
SC003	ef1b3332-cd7f-41bb-a2d3-2538e7becc5c	97ad1ecf-7643-461f-b9a2-1ac953825895	0.2586806987447008	0.4786797090213285	0.1966580340794748	0.0659815581544958	0.276954594422761	0.2105504830192678	1.544545291554044	1.584962500721156	0.421985048091054
SC003	eff2360e-399a-4167-ab2b-798e27bef739	22848a4a-ed0d-4efb-850f-a49f11cd77ec	0.0	0.0699899378123814	0.8359698464279234	0.0940402157596951	0.0	0.9227449837952004	2.350675566497719	2.321928094887362	0.3403036832493927
SC003	f02931f8-d72a-481d-b532-8b141dab115f	cbc8cfce-6c77-4b2e-90a1-198eaaba6fde	0.2143575870544183	0.6191379509427115	0.0692476452831433	0.0972568167197268	0.2374513494253293	0.0767080234619109	1.509646906805032	1.584962500721156	0.3636016217496283
SC003	f04dca9e-409b-4300-b11d-12243e5d361d	155daece-cd56-4a90-9ee9-2c291c871bff	0.2430430694620853	0.667238506837339	0.0307309107104564	0.0589875129901192	0.2582782617841429	0.0326572825915473	1.4643910855963311	1.584962500721156	0.3229961834059028
SC003	f05d314c-5ec5-4e2a-b785-9a702716f111	9d39f2cf-84b5-45ba-8c40-0a42d8f303b7	0.0273823466341157	0.8683008099236263	0.0191841380334196	0.0851327054088382	0.0299304027983123	0.0209693123219501	1.5829079991672663	1.584962500721156	0.1470598684720691
SC003	f062cbd0-2426-40ac-a4be-e74ac61fa2a7	38cfb491-3a6f-41c7-88b1-62bd97dba0c5	0.2870857595302113	0.4949111723273345	0.1496131831153192	0.0683898850271349	0.3081608442374772	0.1605963489562122	1.4795797045307693	1.584962500721156	0.3683799742832932
SC003	f06f09f3-8133-4a92-ac86-fbe64295e0d8	b41b1f04-226e-466c-b5e1-f61e45ad3210	0.0216419510746746	0.389654091681375	0.5008000263926232	0.087903930851327	0.0237277100589575	0.549064998010634	1.8638997199592	2.0	0.3253752998256404
SC003	f0787165-6f58-4d67-b510-928eea2c4882	710eae35-a21d-4939-8414-d2af4ea02fdd	0.0087920426240865	0.0737508866271877	0.8153341141151048	0.1021229566336209	0.0097920340975896	0.908068783068783	2.208385661507681	2.321928094887362	0.3568186581508591
SC003	f251cb6c-d18e-4691-9c82-24ed1ac0abf9	35b5f5a8-dd85-46d3-97cc-444060b2a11b	0.0688517559342163	0.3263612820216749	0.506161027992676	0.0986259340514326	0.0763853305028914	0.5615438108484005	1.9097162651976285	2.0	0.46123261022307
SC003	f2e28af9-c40e-41c4-9e82-205cca38f26a	652c3b39-d1cb-42e8-98e1-2acb0011bd50	0.0	0.9177374923708824	0.0011216864886264	0.0811408211404912	0.0	0.0012207381875628	1.585469152845796	1.584962500721156	0.0144922981216151
SC003	f30eb65f-fb44-4062-ac39-a38d072f655f	11678ad0-81ae-4420-8976-52f99c5d7d5d	0.0064661926991405	0.3628655790706497	0.5405209244016298	0.0901473038285799	0.007106856666304	0.5940752021465608	1.9648536529036	2.0	0.4234346673089849
SC003	f3b86c02-09a5-4e97-aa7a-86f13f7cda4b	0bc7a0cb-2a16-4f63-8188-39fd4c20b8b3	0.1845339227685861	0.6847731059168962	0.0459726506441449	0.0847203206703726	0.2016147926541352	0.0502279813289599	1.4878719031924117	1.584962500721156	0.2611809712806492
SC003	f3cb557d-23e4-4fd1-81ca-db1a3f56d56e	27e8b056-063f-4742-a591-b98fb9a948a5	0.3442422842815433	0.5132375501047457	0.0607690150602906	0.0817511505534203	0.3748899707187382	0.066179244435662	1.3980126843771117	1.584962500721156	0.3326620216797268
SC003	f43d622f-eed5-4933-adc6-ae9ad1e33028	24153fe0-2c47-456a-b344-874a0e28de4d	0.0034805271926496	0.0305824522046088	0.8721442356861258	0.0937927849166158	0.0038407630558639	0.9624114895243644	2.3585792181089347	2.321928094887362	0.3448104341956912
SC003	f51af6db-2655-47fb-9ffc-83a503a728ea	6edcdb8a-80e8-42a8-86ff-3950c1f3cb89	0.0791283836167791	0.7508701317981624	0.0855615855368424	0.084439899048216	0.0864262035168636	0.0934527241279907	1.5769966328059328	1.584962500721156	0.225830991561969
SC003	f5539207-6534-4edc-a5a5-7666b5d16ba4	32b46b33-43d1-4663-bebd-f31673f18a16	0.1003084637843722	0.3717400986424294	0.4376226844596935	0.0903287531135047	0.1102689176201787	0.4810778464830362	1.792847395705395	1.584962500721156	0.4232470225094411
SC003	f5d4c2d3-cc69-4b38-8551-0917e3622a68	6ab6c7d7-a0b5-4830-94a3-f16bc11ef953	0.0788809527736997	0.7882486844926843	0.0464180261616878	0.0864523365719281	0.0863457441045827	0.0508107327290455	1.5607655553006918	1.584962500721156	0.2143302192575415
SC003	f63722c1-a0bb-4bf9-8a10-1d76a8e1a0ba	6a914b5f-5bc2-4152-b80e-fcc864a415b0	0.0435973145505831	0.723735216007126	0.1451264371608135	0.0875410322814773	0.0477800274784872	0.1590498228360691	1.649138154305575	1.584962500721156	0.2719454367439384
SC003	f7064d01-29d8-49a2-ad60-1e0c5f148f3e	2678d877-e48e-48e3-95c1-65ecce46308e	0.050047011860185	0.8314831004734177	0.0597133101298187	0.0587565775365785	0.0531711676977269	0.0634408790592523	1.5949211285324467	1.584962500721156	0.21468741202129
SC003	f7ab565c-83b5-4988-b9be-8a46f65dca8c	ae28fd1e-2445-47ad-8c01-1b47d6396694	0.0217244280223677	0.1581412995067878	0.7285023835837884	0.091631888887056	0.0239158858139028	0.8019902665795017	2.178438655746844	2.321928094887362	0.4103225204648483
SC003	f801aeed-dc43-49d7-a319-84c8851979d9	5f5cddc0-71d3-4bf4-a67c-66550596cf8d	0.0	0.0	0.9139930389456148	0.0860069610543853	0.0	1.0	2.5440103258829048	2.321928094887362	0.2798427522090665
SC003	f81ac8a2-4ce6-439e-b027-1c0bfc88ceaa	1317942a-ef03-4ed9-b418-40a27aa3d6ec	0.0976032199000379	0.7058212229681804	0.1359055144087227	0.0606700427230589	0.103907278953376	0.1446834665027658	1.6151993770443154	1.584962500721156	0.3130549037358883
SC003	f83b866b-0b2e-4bba-9367-be6dccf56232	3bc62725-ad6d-4685-bc50-0f1127363d90	0.0958712039984824	0.7498309222572291	0.0644309915378651	0.0898668822064233	0.1053375623017671	0.0707929315813321	1.5694857771405666	1.584962500721156	0.2614685565339278
SC003	f89588e9-ca73-4465-a7fb-7246edb45e3a	43623706-5604-4f3d-8746-9bfa0b92c0a9	0.0739323359121125	0.7801659436187586	0.0783036141398479	0.0675981063292809	0.0792923485183547	0.0839805395842547	1.5811387490162356	1.584962500721156	0.2431485608911263
SC003	f947d67f-4aa2-4eb9-977e-21a5ae563613	3de1ba17-00fc-462f-92a4-096e8112fd89	0.1549906801049106	0.4288636326146842	0.4094650545172624	0.0066806327631427	0.1560330798100235	0.4122189378591119	1.7687458083005116	1.584962500721156	0.5444841394317317
SC003	f954de05-1b44-4087-8933-6cc72d81028d	cc07e1f1-e1e7-4335-ab8b-b7bebef1669f	0.1133233261303465	0.7133761113768702	0.0850007422925292	0.088299820200254	0.1242988963271214	0.0932332187443459	1.5649781066977977	1.584962500721156	0.2778447552203512
SC003	f9eb88f7-9293-46bf-ace4-a746e4ff80dc	0b2e3720-4a7e-44cd-9e38-7d883f559c1c	0.0800686208204806	0.6385695198192105	0.1934249377299045	0.0879369216304043	0.087788468494538	0.2120740794328293	1.6675535701221558	1.584962500721156	0.3709121928478026
SC003	fa176764-a76f-44c7-b97a-cd6d21e052be	26f9a1ab-fa60-47f3-ac29-96acaa68fb4a	0.096679478085875	0.7978325058146248	0.0121735974795044	0.0933144186199957	0.1066295528144671	0.0134264818251282	1.5322157881225282	1.584962500721156	0.2087204613803368
SC003	fac173a8-1613-4bd4-87ba-83a2cfe8a37d	075393f6-0404-410e-9fd5-7c2c63d3fa84	0.0050640845883575	0.0677135740560513	0.8247199907625818	0.1025023505930092	0.0056424488595636	0.918910474370049	2.260976724152339	2.321928094887362	0.3094583879993005
SC003	fb356957-f620-4d99-b675-1355a1d9f932	565c78a9-ae5b-49ba-b5fa-4c26250e174a	6.598155815449583e-05	0.4020751200039589	0.5005855863286212	0.0972733121092654	7.309140079669627e-05	0.5545261849943354	1.9666638742039049	2.0	0.380580499766917
SC003	fb3607eb-858e-4ecd-8477-95140658c6d2	bf8eb507-a277-4f3a-a605-313cd37f18b4	0.0	0.0468798970687692	0.8638635501377365	0.0892565527934942	0.0	0.9485256828225748	2.2854213344062173	2.321928094887362	0.31068996196808
SC003	fbee40f1-d6d8-4156-8d42-36e09bb9f095	25b35473-484c-4908-ae47-b6e6ed2dfb99	0.0001484585058476	0.2965046269567656	0.6394932616333735	0.0638536529040133	0.0001585847194812	0.6831124894276853	2.0053623695181773	2.0	0.3544438996751415
SC003	fe2cd610-aa52-4789-ac62-7683281bb22f	64149d95-1ec6-47eb-985b-0f67252d7f26	0.0020124375237121	0.08391204658298	0.8470052620292629	0.067070253864045	0.0021571158300475	0.9078982265678872	2.173968621178359	2.321928094887362	0.2843403379697485
SC003	fe7f74b8-20f4-4471-91dc-4cca8c68e5c0	6b746708-f6ef-45cd-b877-afa1949d1d78	0.1003084637843722	0.6298929449218943	0.2103986935651485	0.0593998977285848	0.1066430500508575	0.2236855950334958	1.643361417491461	1.584962500721156	0.3307584070077577
SC003	fec0da58-1047-44d2-b6d1-c18cceed43dc	3944bcd6-1a95-4297-8cf3-7e7d38b9390e	0.0102106461244082	0.2394800653217425	0.6636425119179189	0.0866667766359302	0.0111795408983366	0.7266159764489155	2.088388180334451	2.0	0.4045581480204711
SC003	ff0f875f-113a-4c0f-8c0a-4259cd496e6d	317b72a8-0332-4db8-b9d1-9a26d9907a24	0.2220609339689556	0.6102799267604705	0.0708147072893126	0.0968444319812612	0.2458722969023962	0.0784080946814728	1.483799017135038	1.584962500721156	0.3225831472301552
SC004	005a6517-2e5a-4ea3-ab36-531522723607	ac9c5b5e-8e14-4a76-a68d-78a8349c40f7	0.3637233393266582	0.4476683766887155	0.1057024561635023	0.0829058278211239	0.3966041333165458	0.1152580175189308	1.4067915139036078	1.584962500721156	0.3681853511686984
SC004	05019013-7ea5-4905-ac79-901146ba2ee2	3385e66c-5764-4260-929f-b653a23c7afb	0.2576579845933062	0.5399105949887006	0.1115088332810979	0.0909225871368952	0.2834279907822394	0.1226615376240677	1.4810082298299396	1.584962500721156	0.3466789740681519
SC004	0724f800-e873-45d0-bc56-809d0ec4f6e9	2642249c-adc7-48e2-8493-1597e269c2c9	0.0713755505336258	0.3729607574682876	0.5189119641060324	0.0367517278920541	0.0740988098296087	0.5387105060364757	1.883952708201809	2.0	0.4444635697566394
SC004	0740321b-f8a5-4e1d-b390-ca6187598fac	6ff303cc-7d1d-41e5-a839-9f163ba04989	0.0031176286227999	0.3015522161555845	0.6557907064975339	0.0395394487240816	0.0032459725895647	0.6827877580462336	2.0768417731505444	2.321928094887362	0.4018665768206027
SC004	07fbdb3c-8337-4319-8255-f2363f8a031e	9c3d5caf-78e2-4a1c-9e08-1ca5aa1c5625	0.0055094601059004	0.1859690216584464	0.7049634627121719	0.1035580555234811	0.0061459195878185	0.7864016928880302	2.0494442688312544	2.0	0.3432445090932522
SC004	0a2d29de-869a-4dc8-ad11-6ee0d0a3a895	8a5f3650-3bfa-48f9-80c3-270b05daa00c	0.2453029378288768	0.5907163947676625	0.0725302278013295	0.0914504396021312	0.2699940086058207	0.0798307885037854	1.4626037949598565	1.584962500721156	0.3075215400474305
SC004	0aa020cb-69d2-4235-a609-c279a133d8bb	782164d9-0804-48f7-bb97-a35ebfb0c372	0.2790690002144401	0.4928822394140837	0.1442026953466506	0.0838460650248255	0.3046092906013684	0.1574000720201656	1.4880134452805358	1.584962500721156	0.3783185623588739
SC004	0c1a2e7d-e7e4-481e-a012-ef214c444497	d33fd264-13db-4642-afca-37125751cc28	0.0583441927981129	0.3792455008825033	0.5254936245319434	0.0369166817874404	0.0605806285861094	0.5456367217607262	1.9400001049572368	2.0	0.4616417273022021
SC004	0de910b1-edaf-47e4-a265-727ee12ac1c3	52f8884e-c99a-44ae-8d74-6b219070902e	0.2872342180360589	0.5017897497649407	0.1733500486613991	0.0376259835376012	0.2984642281718144	0.1801275239107332	1.5000563540281924	1.584962500721156	0.3886306323149073
SC004	0e475b3d-be3c-431a-ab12-5a867ea8f6cd	3db1f968-6db6-40c7-aacd-44921f0bf709	0.0036454810880358	0.2907972221764017	0.6688220642330469	0.0367352325025155	0.0037845057880676	0.6943283786560723	2.0382750299742747	2.0	0.3685713585511543
SC004	0f530b3e-5b6d-4892-9ebd-9138d76fdca7	22b7e0e2-334c-419c-a243-358ba22e479a	0.1871236989261501	0.5857842732956139	0.1903897860547976	0.0367022417234383	0.1942532278502688	0.1976437549231138	1.5612408947309913	1.584962500721156	0.3334341280859101
SC004	12581634-eebb-4841-8498-71dc9d78c546	a1d026c2-4d7a-4454-a8e3-30e5c243aba0	0.003727958035729	0.2943437309272058	0.6067829041782822	0.0951454068587829	0.0041199526023151	0.6705860906024975	2.008047683473706	2.0	0.4162768930912849
SC004	13319c20-02f6-4b5f-b24f-3d8f4084094c	ced18b90-cbcc-4593-9eaf-2d91daa9d756	0.2581363508899262	0.4551242927601735	0.2491793543704534	0.0375600019794467	0.2682103314708806	0.2589037808932917	1.552362203007596	1.584962500721156	0.4111440092760356
SC004	13f5814c-1f99-4ffa-84a4-3bbd8979faae	79908395-d442-44a3-8e91-97c3ae97ddd5	0.0618082246012239	0.7178463619418373	0.1299341833957409	0.0904112300611978	0.0679518334481883	0.1428493707156069	1.604576968039186	1.584962500721156	0.2180873264211271
SC004	14c58def-60ee-48e0-a74b-da4eb77ef344	1713ce6c-f182-41df-a356-b073002ca1f7	0.2902693697111657	0.5584679082196526	0.0689672236609867	0.0822954984081949	0.3162993852680016	0.0751518855376208	1.4327980755263063	1.584962500721156	0.3168033500072613
SC004	15f1a992-0724-4d76-a71a-702ac7753a41	b6eb7ad6-2676-416e-b165-0cf683116793	0.0003958893489269	0.0001979446744634	0.9049040793098329	0.0945020866667766	0.0004372062520494	0.999344190621926	2.564777167283118	2.584962500721156	0.3539205232146359
SC004	15fc17cd-d073-4f81-a4a2-2db3cb9d7069	41dbed72-2bd8-4e94-9e20-ba18211bdcbc	0.0079012915890008	0.0446860102601322	0.8585190439272223	0.0888936542236445	0.0086721946627077	0.9422819277980954	2.311715077645728	2.321928094887362	0.3254604734191015
SC004	16829472-5666-4fba-9bf9-360ec1689aa0	5de10a41-af67-4417-9152-54a184a37f68	0.0263761278722597	0.2788875509295152	0.6027415337413193	0.0919947874569058	0.0290484322203248	0.6638084511136141	1.9654807497539213	2.0	0.3524034799196689
SC004	17181157-c9e2-4bd6-8653-f5dce56f9053	cb5c8591-15ab-46b3-a819-57cbf71c6bce	0.0002309354535407	0.7727430183263778	0.1904062814443363	0.0366197647757451	0.0002397137133366	0.1976439566460627	1.6671330520970244	1.584962500721156	0.166432374432861
SC004	171f7917-69eb-4a3f-9cc0-0e1dffd412c1	58b3222f-4ac0-4920-babc-e35b64cf90c6	0.3542054995628722	0.5010474572357027	0.0626659848572324	0.0820810583441928	0.3858788434237245	0.0682696281919959	1.390070272700519	1.584962500721156	0.3298732417699865
SC004	1858b58f-fdf4-413c-9c29-96ae85b88a74	2726ed05-ac38-41d6-85f3-35ab0bcbc47a	0.3094040215759695	0.4780528842188608	0.1178100720848522	0.0947330221203173	0.3417820699708455	0.1301384839650145	1.4492766033792748	1.584962500721156	0.366849975593472
SC004	18d21132-a795-4551-83ba-66483de423a2	f66a6768-2ef9-4318-91fe-8f3498553569	0.0002639262326179	0.0042723058905036	0.9019019184138032	0.093561849463075	0.0002911684955687	0.9949955414824116	2.639747497270456	2.807354922057604	0.3536899439952052
SC004	1aea3c25-d2bc-4ff5-bc27-32e939944e9d	051e9ab0-af6a-4bd7-8673-c596dc6e78a0	0.1631888887056067	0.6989426455305742	0.051845009319895	0.0860234564439239	0.1785482240831649	0.056724660698816	1.5079085273199615	1.584962500721156	0.2642774005771
SC004	1cc02c64-a34e-46ae-9bc7-5d50f2fefb31	4725c6d3-c67d-4ce8-a4c1-68c242183ce3	0.0237863517146957	0.1960477046665457	0.7433977203371658	0.0367682232815927	0.0246943179093742	0.7717744973798678	2.037535765113865	2.0	0.3832926617221078
SC004	1d192835-524e-429d-bf74-3c4727acb446	2cd492fc-4e79-4483-a8d6-31c0156c50c9	0.0334196592052521	0.3363244973030038	0.5241245072002375	0.1061313362915065	0.0373876617025595	0.5863551643322445	1.9529902283515927	2.0	0.4322586926333098
SC004	1db60f09-7f5a-4f21-8003-06a6abc781db	4d74ff85-24e2-4e93-aa23-94d58efd22e4	0.0018969697969417	0.3043234415980733	0.657060851492008	0.0367187371129769	0.0019692792437967	0.6821069575491892	2.110033424847189	2.321928094887362	0.398901933187674
SC004	1ede8063-e0e9-466d-891c-ac8916f1b5fa	59db495c-1778-47a2-b649-968025f08821	0.0012536496049354	0.1873546343796908	0.7108193259983835	0.1005723900169902	0.0013938304661996	0.7903018743351795	2.119435547037912	2.0	0.3709665123401555
SC004	20336269-5a5b-4ba7-8fe8-665a1f9af738	170514dc-2d77-48f3-b9d0-42c216211e5b	0.081586196658034	0.3927882156937136	0.4887089058608119	0.0369166817874404	0.0847135394364991	0.5074419799606064	1.7930244132067112	2.0	0.3910201374930304
SC004	20c6be4d-7baf-4ea0-93e2-a5212f2e9b9c	0befd656-457c-4fa2-81c0-6c5a56f70196	0.0246441119707041	0.3956254226943569	0.4898800785180542	0.0898503868168846	0.0270769899956502	0.5382412643178194	1.8849069560324243	2.0	0.3828745821111973
SC004	21f6bf91-dfc6-4a59-8b76-88a0f95c7b47	cf7b9151-6479-41af-986c-d9db10e33ca6	0.0187552579054154	0.3255200171552051	0.5667156029889646	0.0890091219504148	0.0205877559889184	0.6220870226519637	1.9444967910271247	2.0	0.3699566375530049
SC004	22178c3c-6b04-46d8-8041-dc83fa195029	7c1f016a-1728-4496-acbc-97aa89c5ee58	0.0176995529749435	0.2801576959239892	0.6156079375814459	0.0865348135196212	0.0193762753489715	0.6739259981580801	1.9513085224033275	2.0	0.3452493669294519
SC004	242943fe-1fa0-4a12-8f7e-9c6c4af1194d	29d36fc7-e849-42aa-bcc8-2fd9f7c9e24e	0.0251884598254787	0.2735760354980783	0.6078221137192155	0.0934133909572274	0.0277838427947598	0.6704512372634643	1.98841223051414	2.0	0.3790984662634649
SC004	242da7d0-8c6a-4395-9a0d-aa36e7c25ce6	3231d01a-e80c-46a1-8c9c-3492dca9f250	0.0027547300529502	0.4512478762185969	0.4613925407848506	0.0846048529436022	0.0030093343424514	0.5040364724114319	1.925432039547873	2.0	0.3827386370280486
SC004	260723bf-9620-450d-bf31-f3a45543f9db	38875e85-5516-4775-a4b1-9b2b7ef4d732	0.0	0.0236543885983867	0.9138280850502284	0.0625175263513847	0.0	0.9747681804585364	2.5370908839349284	2.584962500721156	0.3786176138106871
SC004	26558703-a659-43f2-86cb-0695989bc14e	525471c8-0249-45ed-a443-db52ca6c04d9	0.0257328076802533	0.233624202035531	0.7037592992758523	0.0368836910083631	0.0267182763286348	0.7307106033877404	2.052191318633657	2.0	0.4152091349616902
SC004	2a924999-1fbf-470a-97bd-fd2276a9a366	8486f0d0-2bb2-41a0-8b21-308407ce4aba	0.0094023720370156	0.1203008759051845	0.781897959520314	0.0883987925374857	0.0103141285466126	0.8577193109438332	2.3173867998223088	2.321928094887362	0.4450971059281157
SC004	2b14123b-8fcd-402c-9399-4e7c47f20252	bbfed693-79e1-4dc7-896e-15b98fc7dbac	0.0019134651864803	0.2239414083763588	0.690134107516949	0.0840110189202118	0.0020889609220241	0.7534305780659103	2.156089340194081	2.321928094887362	0.3799761762833313
SC004	2cb82948-7cbe-4b6c-8414-c02f662de2d0	6ea4f0e4-f241-4d14-af35-a9bbcb8f4a9d	0.0056249278326707	0.2706728469392804	0.630041403427742	0.0936608218003068	0.0062062062062062	0.6951496951496952	2.031728322987473	2.0	0.3601118588033271
SC004	2dfd8a0e-e642-49b3-abd7-f0334927eebb	072ba366-b5ad-46bd-ad87-e85057ca6bf7	0.0	0.0002144400640021	0.9068175444963132	0.0929680154396846	0.0	0.9997635804826596	3.118441523942725	3.169925001442312	0.4077146262999833
SC004	2ee36d9d-128b-4761-aa1a-a637da106f3d	b1d85c32-1698-44ed-a4e2-707611a3889c	0.0231925176913052	0.2658726885835409	0.6206720221698036	0.0902627715553502	0.0254936447208572	0.6822541749016336	2.032300193324188	2.0	0.4234138871574225
SC004	32960bc7-839a-42c5-9460-3917fa578ffc	391c5d58-68fd-4e17-a095-ebb94d32bf58	0.2278673110865513	0.513798393349059	0.1719809313296933	0.0863533642346964	0.2494042030764786	0.1882357189282877	1.5266058009585466	1.584962500721156	0.3563840323768323
SC004	32d4d200-1fdf-44ed-b81f-1954a9c93926	111f607f-5b87-4595-9aa7-df9381717bee	0.0034310410240337	0.1736964518417102	0.7239001699025123	0.0989723372317437	0.0038079197407685	0.8034161433828241	2.151857651876865	2.0	0.4120447359342399
SC004	33d36b64-4688-40a7-9a4f-7cd3d4cc683d	7a1db005-662a-4df4-886a-ec3319bde99a	0.0656846411428005	0.2755719776322518	0.6214967916467348	0.0372465895782128	0.0682258202689968	0.6455409920328964	2.021336833596375	2.0	0.5116715498863392
SC004	33dc48d8-2e01-482b-944c-ac10da727ec9	74826da0-ddc4-49b0-bcb5-591691f4f8d6	0.0020454283027893	0.2353067317684707	0.6748098906355674	0.0878379492931725	0.0022423957466816	0.7397916742015986	2.124041940092529	2.0	0.4279029624919275
SC004	3445c524-5a37-40b6-8614-956d76eed939	24ffa457-5765-43c1-8cdd-b50a31dc5b56	0.0	0.1108985038681688	0.7968922686109232	0.0922092275209079	0.0	0.8778369342031145	2.3105772962340723	2.321928094887362	0.4392359511410271
SC004	34f285ab-6c31-4865-a0a7-a57af3567df0	27a6b2d1-ad0f-4193-b54c-646560930289	0.176995529749435	0.5005361001600053	0.2309684443198126	0.091499925770747	0.1948217009223618	0.2542305178299077	1.6051273356619873	1.584962500721156	0.3859527835910901
SC004	34f545ab-d420-4dd2-8db4-3159896efd23	b0b13b63-cf9d-4cb9-a3fa-217d499763f8	0.0	0.1626115500717549	0.7444039390990218	0.0929845108292232	0.0	0.8207180009456952	2.249525732059439	2.321928094887362	0.3500358979840423
SC004	36595b52-2b5f-4e87-80eb-37c29109e92a	62af5b99-db7f-4c92-97f1-92e825c15729	0.0278607129307358	0.1760717879352721	0.7593652574105537	0.0367022417234383	0.0289222233638138	0.7882975444364533	2.1239403469492224	2.0	0.4607803662023883
SC004	374ea8df-ecc4-44b0-b519-33efa5078018	d9939f44-f5d7-469f-b256-4af851190454	0.0940732065387724	0.3596159873315408	0.5093446381736305	0.0369661679560562	0.097684217738344	0.5288958925696277	1.8269578594964144	2.0	0.4630902690487405
SC004	3768d34f-1527-40db-b116-cd80cee5ec3a	4d5aaf12-a500-4709-9c99-5b9fef2c79b1	0.1497451462316282	0.6141398479125084	0.1477327087079161	0.0883822971479471	0.1642630959920383	0.162055550529268	1.565553181829046	1.584962500721156	0.3075692570097846
SC004	378f7ea2-86b4-4072-80b8-e12d67193106	38e5fc32-615e-435d-ae6e-b79701aba593	0.0383022945086848	0.2967355624103063	0.6282269105784933	0.0367352325025155	0.0397629974655798	0.6521850811699431	1.9437214878134448	2.0	0.3791666096702009
SC004	384170fc-e8be-426a-a54e-bf1ca61f2986	44f5f2b7-94ac-4bbd-8ca8-bb5be4b0fbdb	0.0527027695759035	0.290302360490243	0.557791597248569	0.0992032726852844	0.0585068395319452	0.6192202750462378	1.887222792792052	2.0	0.3604048839104287
SC004	390eed6b-50af-48a9-9fd6-3a68a2bbb7f9	a99995e3-8d0b-453a-b604-206218279b71	9.897233723174372e-05	0.112119162694027	0.7959685267967603	0.0918133381719809	0.0001089779682874	0.8764371469567902	2.1684133698474186	2.0	0.3682664712297577
SC004	41178cbc-db73-4007-b5d8-febebf7f578d	48b84b42-0a80-4429-9d6f-1a51b8aaae2e	0.263233426257361	0.5929102815762994	0.0597792916879732	0.0840770004783662	0.2873968951482188	0.0652667218960487	1.444830478000838	1.584962500721156	0.3111986918683114
SC004	4160e048-f0b0-40f5-805b-e277a5893a3b	cd43784d-8829-4cac-819f-d2960c5409cb	0.2622931890536595	0.5715982382923973	0.076192204278904	0.0899163683750391	0.2882077865583992	0.0837200029000217	1.4617136077454804	1.584962500721156	0.3401164672409804
SC004	42b3dfa3-152f-4ab7-ac9f-988c7f473bea	2b89e52a-a064-4151-87e1-20fec4eed015	0.0084951256123913	0.1057189515530409	0.848968213384359	0.0368177094502086	0.0088198523745097	0.8814200818619308	2.1823166643912755	2.0	0.3738911157162959
SC004	42ebd30b-175e-4ece-a806-e55cb7e40e96	3669f3bd-dffe-4737-bf81-07f38deceb2e	0.3222374346370189	0.564109331441862	0.0275143097504247	0.0861389241706943	0.3526109637010162	0.0301077597877294	1.3910961315142245	1.584962500721156	0.299610659681725
SC004	44e840c9-ea54-4dba-9b2a-264ef1f2c304	be6771b3-dc5e-46fb-998a-a66a6fd63c85	0.0044042690068125	0.0278277221516586	0.8770598617686357	0.0907081470728931	0.0048436252811842	0.96455264494594	2.420222578996197	2.321928094887362	0.364194145650965
SC004	46395c3d-5e51-477f-946e-e58b87cc7baa	97a91868-8a8d-4b2d-bba2-8bd187f572ac	0.0	0.0015505666166306	0.8973326955116046	0.1011167378717648	0.0	0.9982750077991668	2.6937758618217518	2.807354922057604	0.2697891064328543
SC004	48f831b0-5d91-44ae-bc4e-db57ca84fe46	1fce45c1-b4e9-40fb-b914-23ec7472aca2	0.0242317272322385	0.3195981723108391	0.5675238770763572	0.0886462233805651	0.0265887165378558	0.622726203189198	1.9565552781713464	2.0	0.3869002814357046
SC004	49bfd0fe-48ce-49db-9f76-ce2310410950	558827de-87a0-4041-89b2-fe439ac820a2	0.0185408178414133	0.7458060472098048	0.1989179024462662	0.0367352325025155	0.0192478936913487	0.2065038701280909	1.6840701007675076	1.584962500721156	0.2537435256751124
SC004	4c099644-047c-42a3-8187-bfcbfe6662e4	6ba4eb6f-f6dc-441d-879a-7e27dc903c7f	0.2445276545205615	0.5051218184517428	0.1547432492618313	0.0956072777658644	0.2703777335984095	0.1711018293906287	1.513669099285482	1.584962500721156	0.3714256707231262
SC004	4ca9c0e8-75a7-4665-9d88-6dd2bb44b1e1	5ce49570-ce22-4370-9d38-6cf43f808e81	0.0223017666562195	0.2634148755422859	0.6236741830658331	0.0906091747356613	0.0245238527117721	0.6858153455468892	1.9778442181550304	2.0	0.3477963151444665
SC004	4d71dd15-cd01-4dae-ad70-6dc325140207	5e13d3ce-ac89-4316-94a1-8395bd56fbfa	0.2766771687313396	0.5567688830971743	0.1297032479422001	0.0368507002292859	0.2872630118686738	0.1346657760879617	1.480573320790202	1.584962500721156	0.3573171449923804
SC004	4e6f88de-7624-4719-8234-4c9e5b2e2988	95522925-79b0-4ce7-8323-dce56cbf15cd	0.0002144400640021	0.1481121026673044	0.8147732708707917	0.0369001863979017	0.0002226561161922	0.8459904771691844	2.259826932777097	2.321928094887362	0.426643608074584
SC004	4eac2c98-86d2-4ee6-a1d3-157d013c78dc	77ab9685-021c-4d99-8980-79bec534828e	0.2697491051251175	0.6078056183296768	0.0420302525444138	0.0804150240007917	0.2933378775920212	0.0457056755399296	1.4354314780678843	1.584962500721156	0.3001839759193923
SC004	512de609-757b-42be-8b30-c414f71af422	b15d7b36-c394-4ba4-a896-3e8beb2f8db0	0.000742292529238	0.3182950365372878	0.641621166883856	0.0393415040496181	0.0007726913698959	0.6678972492187232	2.067605962865991	2.321928094887362	0.380863775039764
SC004	5495b18a-10ec-427b-83b8-03ef4b587b13	5df514e7-6e12-474a-92f2-067898b351ac	0.3406462893621232	0.5062435049403692	0.0652062748461805	0.087903930851327	0.3734763265453756	0.0714905776395268	1.3961641253505312	1.584962500721156	0.3232155675956989
SC004	561968ce-da9a-4d69-8bc2-bc87b9550f93	7579e91b-80df-4ab7-a775-e33418d17b1f	0.2741698695214687	0.4916780759777642	0.1424211932764792	0.0917308612242878	0.3018597217681886	0.1568050561185572	1.493709296164162	1.584962500721156	0.3861859547606625
SC004	58f5a54e-de50-4cca-afa1-cc331d8b3479	6211110a-552c-492f-b066-c3b41db7fbad	0.0852811639146858	0.3953944872408162	0.4324596275341042	0.0868647213103937	0.0933937894033274	0.4735986415448814	1.753397445615929	1.584962500721156	0.3477043687766742
SC004	5c6f3cd4-19c5-418d-b1be-d3fbf63e99db	d14005f6-55df-422b-a152-3c313b8df92f	0.0022268775877142	0.0466489616152285	0.856341652508124	0.0947825082889332	0.0024600470142318	0.9460065236802304	2.302067388264069	2.321928094887362	0.3358651399733817
SC004	5d36676e-4140-44b5-aa0e-b2af092b7dc0	b359856a-959f-4b31-9e92-ef33c591c17a	0.1639311812348448	0.6275505996074098	0.1247876218596902	0.0837305972980552	0.1789115523790663	0.1361909734099051	1.5401783205057793	1.584962500721156	0.2944692709293962
SC004	5d603bba-62e6-48fb-b8fc-401109abcaee	35817ec6-5c0c-44d7-b5a8-b6de3ab24fdd	0.0773468815466077	0.3737195453870643	0.4594790755983702	0.0894544974679577	0.084945652173913	0.5046195652173913	1.780407585425372	2.0	0.3555790359207395
SC004	5d7027f5-60a0-47ab-a79d-667c9acc0e54	20d8a43d-e1a7-4e85-8da2-2e9b5f1d3a9a	0.0147963644161456	0.2214506045560265	0.727067284693928	0.0366857463338996	0.0153598520522611	0.7547560745903183	2.0838970940924897	2.0	0.438359422129777
SC004	5e18b17d-4626-4b6d-8ac6-e560cee0376c	92d562df-4a58-43da-8811-843d3d3c9438	0.2276363756330105	0.6312950530326774	0.1039044587037923	0.0371641126305197	0.2364228199417509	0.1079150248415281	1.500597305998856	1.584962500721156	0.3566052678830109
SC004	61feee94-3ac9-42fe-aaa3-dc6a3efe563c	0918328b-5726-4429-a7dc-bb4d4869575b	0.0015505666166306	0.124969071144615	0.7797040727116771	0.0937762895270771	0.0017110196949288	0.8603880738286797	2.186311013052284	2.321928094887362	0.3500989061601799
SC004	6209e80d-a115-4f8e-bf0d-18461401a1c6	9552886e-881b-4bed-842c-596fcc8d87c3	0.3580489253253716	0.5257905415436386	0.0259142569651782	0.0902462761658116	0.3935668697418045	0.0284849144183347	1.3684387465204202	1.584962500721156	0.3095401691366573
SC004	62379be5-13f0-474b-94d3-6f944ec4ee96	411b4c26-fcc4-438a-8731-d0cf5dd6c74f	0.0377249558748329	0.371624630915659	0.495373043234416	0.0952773699750919	0.0416978139187193	0.5475413422794319	1.8533927236910224	2.0	0.3552767425763908
SC004	63a75e0b-9241-4f0e-9236-01a2e2c05b7e	4aa80346-4292-4863-9891-bb4c218880b3	0.0091054550253204	0.0733055111096448	0.8284479487983109	0.0891410850667238	0.0099965591553631	0.9095238957605172	2.243939816783612	2.321928094887362	0.3734287839584402
SC004	644a88a7-dc56-468a-af5c-60278aab7642	01a6f7cd-10cc-4f33-aa75-b29abd6c2edb	0.0345578410834171	0.4459198653976213	0.4173333553271861	0.1021889381917754	0.0384912177555669	0.4648342764753436	1.7797548545233928	1.584962500721156	0.2927983811763213
SC004	65ddccd2-70a7-48b3-88e1-9d6fd1dcd11b	27a33c2d-6704-4164-aa5b-894665dea55f	0.0498820579647988	0.7803144021246061	0.0770829553139897	0.0927205845966052	0.0549798189156757	0.084960546889204	1.5935183466807858	1.584962500721156	0.200347934542087
SC004	662d77d1-1a43-427a-813b-e11edd30868e	1b396d98-af47-49c3-bf45-9f26ed32d71c	0.033469145373868	0.4470085611071705	0.4318657935107137	0.0876565000082476	0.0366848071742392	0.4733587662044152	1.813082759983478	1.584962500721156	0.3222535789762739
SC004	66c92b9e-de3c-4d1a-bb69-46ffbc6caf33	5d4e65aa-d7d0-43ec-b395-df2f01b1a203	0.0229285914586872	0.3892417069429094	0.4984246902990614	0.0894050112993418	0.0251797909533902	0.5473615564371501	1.8932383012620293	2.0	0.3762781408416581
SC004	67f526f1-def5-43b4-bc89-154baae190fc	046c032f-69e8-4815-b7ab-28858392d6b0	0.3857776751397984	0.4542170463355492	0.0688847467132936	0.0911205318113587	0.4244541643224015	0.075790849198715	1.369135985588302	1.584962500721156	0.3366556793458462
SC004	6ad8bc89-d8e9-48c2-bc25-c8e51f972b4d	57f7a91d-c569-433f-ae21-8a22e5d187bf	0.0002144400640021	0.056628672286096	0.8524322451874701	0.0907246424624317	0.0002358362208152	0.937485260236199	2.440200166927825	2.584962500721156	0.4393793671926383
SC004	6b2a9f9a-fe96-4311-a330-925c4ad36fe7	2dc30180-9f69-4dd5-914c-1a27fcf170bd	6.598155815449583e-05	0.0694950761262227	0.8383616779110239	0.0920772644045989	7.267309823586054e-05	0.923384386184844	2.3465485131088597	2.321928094887362	0.3406238210299744
SC004	6cf9f872-2e59-45cf-bb5e-ebd7fa1b3caf	34cd279f-98ef-49de-8b13-16913f972d4e	0.0076868515249987	0.051102716790657	0.8436896887319995	0.0975207429523448	0.0085174827731169	0.9348577068596808	2.224331279547595	2.0	0.3501820983308241
SC004	6d10d4ee-6331-4bba-93bc-a7b64cc0b22a	a1ec9279-c1a6-4e58-97ed-9ec1f36187c5	0.2932880259967339	0.527522557445194	0.0929515200501459	0.086237896507926	0.3209675963534615	0.1017239823088726	1.4435850888114432	1.584962500721156	0.3354327878085694
SC004	6f25001a-f890-4fd0-a994-e62a9ea5c6f3	41b8564a-48df-44ab-9242-8d1d89697658	0.29968823713772	0.5844811375220625	0.0337660623855632	0.0820645629546541	0.3264807360552041	0.0367847901092582	1.4145807823450196	1.584962500721156	0.3121988451855146
SC004	6fb71a0c-bc50-48c8-acfa-db94be1e151a	13caa1a6-03a5-4fcf-9b54-4dfa86fb5c84	6.598155815449583e-05	0.2438678389390165	0.6596836184286492	0.0963825610741797	7.301935012778386e-05	0.730047462577583	2.133753014549318	2.321928094887362	0.4091431997771727
SC004	6fee41dc-b8a9-4347-8085-b7e05f813ad0	69617aa2-3b7b-47b5-9f34-2051339dfd34	0.264289131187833	0.5238770763571582	0.1182719429919337	0.093561849463075	0.2915688522501865	0.1304798820767592	1.4789219321804885	1.584962500721156	0.3527843249071974
SC004	70fe08bd-a0b4-4a88-b82e-813b176f8e40	91fbc26e-c049-49af-8307-22c7980079df	0.0121571020899658	0.2484205664516767	0.644161456872804	0.0952608745855533	0.0134371353558926	0.7119858518086347	2.039804295673406	2.0	0.3961220046797068
SC004	7472b3ba-9b15-4d97-8708-a2dd82ca0f45	5b6791a5-2fec-41c8-87fb-9d83a3bed4bc	0.2570311597908384	0.5393827425234647	0.1200864358411823	0.0834996618445144	0.2804485160454275	0.1310271593383848	1.489191560128369	1.584962500721156	0.3562190106240636
SC004	75f2d97a-b96c-403f-8055-5c5c8083e856	a8786e7f-5004-43c8-a5a8-fc2fb89d2ab0	0.2068026986457285	0.5270276957590353	0.1795028289593058	0.0866667766359302	0.2264263396485398	0.1965359677798046	1.557612568122617	1.584962500721156	0.3767674149073127
SC004	774ce281-96b2-467a-9170-079797ee10f7	1fa2d0a4-26a3-4b7b-818b-e20cc200a0ed	0.3773650264751002	0.5351104366329611	0.0504758919881893	0.0370486449037494	0.3918837898487418	0.0524179043116295	1.37790632920858	1.584962500721156	0.3245679912358299
SC004	78777a80-cc6c-46c9-a14a-837ac7943719	12be4fe0-391e-4bdd-9af9-33fa7a135975	0.0024248222621777	0.3034986721211421	0.5997558682348284	0.0943206373818517	0.0026773517894545	0.6622165558692287	1.998909941171362	2.0	0.3477834517470775
SC004	7ab3765f-910a-41c9-86cc-08534d2a4e4b	0230bc74-adc5-4443-ac9e-342d7f344ce7	0.0234069577553073	0.2868053379080547	0.6032693862065552	0.0865183181300826	0.0256238939651125	0.6604066596843512	2.0353183801176744	2.0	0.4252598308918391
SC004	7d03ddb6-f3fe-4b50-8bba-514aa65e7d0e	1f60c05e-f171-4815-b0da-40aa1b24f300	0.2969829932533857	0.491645085198687	0.1219834056381241	0.0893885159098032	0.3261357872617926	0.1339576842257807	1.464345727894949	1.584962500721156	0.3794515424332232
SC004	7d1e9451-7a6a-4086-af7f-3ed57505daf0	74590212-e087-46be-aaf2-43e259aef8e6	0.0565791861174801	0.3435164871418438	0.4967256651765831	0.1031786615640928	0.0630885815185403	0.5538736021188935	1.849996237649044	2.0	0.3690902440624807
SC004	7ebc776e-bde1-4563-adb1-8bd441872733	9609e049-77c8-46ea-884e-32e18d7a9602	0.0638041667353974	0.3806970951619022	0.4945317783679461	0.0609669597347541	0.0679466685404114	0.5266393802589281	1.883282106525748	2.0	0.4382018908945345
SC004	808eb134-9c7d-43bb-b86c-2f3259193954	09f0e0d8-1f35-4781-8c71-5b0843483cd7	0.0698414793065338	0.5879451693251736	0.2595549543902479	0.0826583969780446	0.0761346471984463	0.2829425303891246	1.7146530578662162	1.584962500721156	0.3694038231208862
SC004	80f85c54-e12f-4afa-8fa5-5f3e083b6f95	c8f56f7e-6b69-4276-ba97-7a70c4fa5071	0.0005608432443132	0.0034475364135724	0.9102815762994244	0.08571004404269	0.0006134194526133	0.9956158550886752	2.63881690954205	2.584962500721156	0.404372204033771
SC004	82093ed9-a3c8-4e34-931f-4ec7ae745711	92baeb34-1fa4-4ee5-8c29-5596c4a29a29	0.3478217838114247	0.4549593388647873	0.1002094914471405	0.0970093858766474	0.3851887033721822	0.1109751196521866	1.4272550443212222	1.584962500721156	0.4006976307833838
SC004	85a85a11-7200-4e96-97af-6ba26d680d59	a2530fac-9d42-4fbe-881b-e9bad5a2d793	0.0606535473335202	0.1436913382709532	0.7822443627006251	0.0134107516949012	0.0614780137100819	0.7928774452432703	2.1511720077922334	2.321928094887362	0.4884813194588995
SC004	8652ddee-98f4-4584-b450-e6f2f5c9d7ec	3d1f80f8-1033-48d9-9b97-36f025486b0a	0.0015505666166306	0.3363080019134651	0.5606288042492124	0.1015126272206918	0.0017257522627549	0.6239695973856689	2.0328135107729675	2.0	0.4229602028574529
SC004	867f9563-16c9-45a8-b519-6df61ba1b6b7	510f8684-3686-4192-b2a3-dd2499365f78	0.210596638239612	0.5832604786962045	0.1238968708246045	0.082246012239579	0.2294695975699624	0.1350000898682531	1.5113211294345663	1.584962500721156	0.3198148630585259
SC004	88d61634-913c-435a-8d25-e019c8dab7da	4ee39504-ac69-4dd7-b8a4-8d1cc3c20418	0.1984065453705689	0.5749962885373539	0.1377200072579714	0.0888771588341058	0.2177604779578166	0.1511541595003168	1.5310133837785238	1.584962500721156	0.3394862482016002
SC004	8a98a6e6-b763-4824-858b-fd2738e6c9a3	75d36397-75e8-4925-bf1e-6f73bd9293ba	0.2064398000758787	0.6120779242201805	0.0971083582138792	0.0843739174900615	0.2254629963248541	0.1060567846076241	1.5038769607463816	1.584962500721156	0.314467286798451
SC004	8cad4217-5699-4735-9be3-fc0015a8d262	b4fb23b6-d4a0-409a-9728-174c871270e3	0.0003134124012338	0.3515992280157696	0.5536842452534516	0.0944031143295448	0.0003460837887067	0.6114025500910747	1.9634848340470623	2.0	0.3748711704321461
SC004	8fac8e40-beac-4059-9d54-7ee530598cfd	1e5e8214-4132-461d-ae3e-bd1f87faa61d	0.0058393678966728	0.1189317585734787	0.784405258730185	0.0908236147996635	0.0064227008001161	0.8627646642596658	2.264647891195368	2.321928094887362	0.3996329751531946
SC004	8fe44099-b313-4bfd-a94a-27e72f2a818c	03e8c3f2-99b6-40da-862a-e8263475c434	0.2871022549197499	0.5218151526648301	0.1044982927271827	0.0865842996882371	0.3143171885722541	0.1144038718532163	1.4622990346231486	1.584962500721156	0.3589499755685607
SC004	914f84bf-578b-4f4d-93cb-378228ea58f6	4fb10554-1573-44d5-99dd-d7abef42e373	0.3500651567886775	0.4527489566666117	0.1015126272206918	0.0956732593240189	0.3871003046166755	0.1122521569414296	1.4147597098318954	1.584962500721156	0.3684356967989495
SC004	93095c36-2263-438f-a619-a4a4d6ae13c7	7f7b442a-3985-4f4a-98b1-da82670c957c	0.0483479867377068	0.6190224832159411	0.2479422001550566	0.0846873298912953	0.0528212798933121	0.2708825172556723	1.6959985106669462	1.584962500721156	0.3021145336355487
SC004	931738a7-4b5b-46dc-b69f-72600862d8af	2e1fa816-2b90-4c40-8ab5-617d19736cb0	0.3020470778417432	0.6014054071886907	0.0015010804480147	0.0950464345215512	0.3337708025737774	0.0016587375366836	1.3901705731538367	1.584962500721156	0.2776103344010051
SC004	933dbfbd-4697-403e-bd73-c17cb300c94b	97efbf70-83ef-49aa-ac3a-f0d0067a2a10	0.0454447981789089	0.3304851294063309	0.536298104679742	0.087771967735018	0.0498173664605258	0.5878991718201874	1.898324974461264	2.0	0.3913455788729365
SC004	9446e349-71e6-455a-aa8f-53ec96597146	1d568bd2-d658-40fa-a341-daa4d2a5bb22	0.0647938901077149	0.4858881942497072	0.3578179898718308	0.091499925770747	0.071319631055269	0.3938557629457477	1.7935992364377693	1.584962500721156	0.4093245934784358
SC004	94bd4c68-4bfc-4db3-9365-97c867747133	3c3da068-a62f-43c9-91c7-41ead1ca7f75	0.3746762779803045	0.432773039935338	0.0965970011381818	0.0959536809461755	0.4144436740502865	0.1068496150056563	1.3963101017804078	1.584962500721156	0.3722523806386158
SC004	94efd4f9-69b0-4efa-8a0c-61106e898fdd	121db3fb-cc6b-48bb-8bfe-a582075658fe	0.2243867838939016	0.6308166867360573	0.060224667205516	0.084571862164525	0.2451167651722646	0.0657885252991206	1.471829321326798	1.584962500721156	0.2930024561338493
SC004	99a61986-7b23-46b5-99a4-efba6bad3766	00be5ec1-3b0f-4b5a-b116-4efce25d2cc8	0.0256668261220988	0.3628490836811111	0.5226399221417614	0.0888441680550286	0.0281695240509079	0.5736010282962507	1.894720518311682	2.0	0.3460147923713678
SC004	9a30dee8-962a-49db-a85a-c39515c91b68	9b072344-31cf-471a-af4f-23ae73a98c93	0.0366197647757451	0.3382709532685614	0.5282483545848935	0.0968609273707998	0.0405472046172672	0.5849025588573725	1.9015370684785475	2.0	0.3849053103173759
SC004	9bf16a89-2fc7-4c08-93bc-3105eec5c3cc	bcd16bf3-0877-4e4b-b70b-7d6a497af7ac	0.013773650264751	0.155502037180608	0.7490886297279911	0.0816356828266499	0.0149980242123792	0.815676976685706	2.115784206479599	2.0	0.3587888408591966
SC004	9ec86cbd-8c74-4697-90da-529ab91ab835	737481f9-845a-4c7a-b12f-881d9da3998a	0.0108704617059531	0.3435164871418438	0.5571482770565627	0.0884647740956402	0.0119254433586681	0.6112196887441187	1.8864180351555973	2.0	0.3023499877642579
SC004	9fb1ba57-2007-4477-b000-2d36f163efd2	5adca90e-f8ae-4a74-9c7f-a2b64fda2b31	0.0169407650561668	0.2624746383385843	0.6308331821255959	0.0897514144796529	0.0186111413141966	0.6930339603493892	1.9805242294694487	2.0	0.3565805733437563
SC004	a36a4440-15ef-4837-904b-380a964d16f1	8ea52904-f56c-4c1f-b8a4-9906805001ff	0.0372630849677515	0.1218184517427379	0.7561156656714448	0.0848027976180657	0.0407159078620093	0.8261778594859595	2.0935608795314127	2.321928094887362	0.3675346042680183
SC004	a5030259-cf9c-4a58-8710-b9da8ee59320	8585d596-4d6b-4f6c-bb46-a2661f9ca05a	0.2467380367187371	0.5509625059795787	0.115187305148211	0.0871121521534731	0.2702829677279462	0.1261790321997759	1.4950361649498125	1.584962500721156	0.3586144587304092
SC004	a85f6f9c-1e1d-44fc-85eb-3b2d96cfbc61	22461884-5fdb-4188-a469-5dfa55a2823e	0.0348217673160351	0.4037741451264371	0.4751002094914471	0.0863038780660805	0.0381108844397104	0.5199761694138036	1.8179340386397933	2.0	0.3169133805154867
SC004	a8c4a333-6b67-44c8-9000-516f8ccea788	de9d08f5-24f5-4cdc-8f30-d05a2bea5301	0.2495257575507645	0.5705425333619254	0.0939082526433861	0.0860234564439239	0.2730111175281547	0.1027468957551256	1.4746099479577564	1.584962500721156	0.3265981281033401
SC004	a9abe7a7-4126-414b-87d2-a6d25abcf1fa	30abe357-43d0-434c-99d1-affe0fd047d8	0.0278442175411972	0.448740577008726	0.4280058723586757	0.0954093330914009	0.0307810135122814	0.4731486715658564	1.829881605695592	1.584962500721156	0.3490495057892915
SC004	a9d3a7b0-faf8-4e56-8600-d9e6882a4f23	157062b7-9451-4a83-9047-294497df3b28	0.0183923593355657	0.4133744618379163	0.4807911188822724	0.0874420599442455	0.0201547304869672	0.5268609233216441	1.887708847002316	2.0	0.364036922295807
SC004	ae914f23-87b9-4169-a7f7-a3483078c902	8832fa0d-1bd8-42a9-b002-1a02500d48eb	0.0006763109710835	0.1525823532322715	0.7579301585206935	0.0888111772759513	0.0007422292221075	0.8318036170097214	2.1613654884459352	2.0	0.3809333409986604
SC004	afd92922-b8dc-48bd-a9c0-bc8d95855eb7	aeff4cbe-7abb-449a-a6f4-65e030548f4c	0.0692311498936047	0.3024099764115929	0.6150965805057487	0.0132622931890536	0.070161654323877	0.6233638141727544	1.8724853477368917	2.0	0.3600324629337601
SC004	b120b701-c194-43d7-a491-3206fac38ec1	7d0d7e28-9530-4d03-9041-aeca61ecf42c	0.3089916368375039	0.5122643221219669	0.0917803473929036	0.0869636936476254	0.3384220700619681	0.1005221224548788	1.442061720901379	1.584962500721156	0.3598981668643586
SC004	b1c90c69-6149-4105-8182-ab9212f196be	646165d1-4eb0-4dbd-8e05-90cdb30e1d22	0.2173102617818319	0.5411312538145588	0.153176187255662	0.0883822971479471	0.2383787207093096	0.1680267800597123	1.5242105342576169	1.584962500721156	0.3452238434110504
SC004	b1e11e94-646b-4c44-9d33-1ca67d8356fb	61ef4d54-bfa5-4d62-89bc-2717eabc741b	0.0014350988898602	0.1682034871253484	0.7402141101562113	0.0901473038285799	0.001577287066246	0.8135537909278799	2.201150861859535	2.321928094887362	0.4052265030851751
SC004	b25570ed-baca-4e3f-87c6-2ef18119ba49	16220eed-5ba3-4067-9dcf-d7327a44c05d	0.0364713062698975	0.4019926430562657	0.4743084307935932	0.0872276198802434	0.0399566278124152	0.5196349507544954	1.8337111758779563	2.0	0.3563212060547145
SC004	b45c543a-40d9-423a-a7fa-98e4b325b487	595af317-cf8b-4f25-b005-426b078ffc4a	0.0248915428137835	0.138396318229055	0.7481318971347508	0.0885802418224106	0.0273107342587732	0.8208423072050386	2.1336222922608403	2.321928094887362	0.3997042190741241
SC004	b520aae5-65a6-4b27-bc2a-10b02c7b1aeb	9bc6ca0e-c74a-49f7-be04-6546e56e8ba2	0.2977747719512396	0.4750672187123699	0.1377529980370486	0.0894050112993418	0.3270112131587051	0.1512780102530659	1.466581059648752	1.584962500721156	0.3724942294407659
SC004	b6b607cd-67b8-4c04-a212-a4e8c0743f05	511be3b8-efdb-4e2e-8115-7b83e16471c1	0.0540718869076093	0.3806146182142091	0.4717846361941837	0.0935288586839978	0.0596509744690917	0.5204629410587229	1.8400109891657843	2.0	0.3871983234917348
SC004	b7715ff6-57a6-4513-9447-aa8bc93f16d4	1d8b4c59-7500-4951-80bc-bfd7a035b876	0.0375764973689853	0.2497072068356894	0.6254226943569272	0.0872936014383979	0.0411704108004554	0.6852397390251396	1.9705168387836824	2.0	0.3896774858641659
SC004	b783f33b-734a-4801-bf39-b559a2035c6f	89194b55-a658-4d67-9d3f-b1cbaa1409bc	0.2977252857826237	0.5167675634660113	0.0976032199000379	0.087903930851327	0.3264187796144247	0.1070098021485152	1.439915888454654	1.584962500721156	0.3354384054678747
SC004	b923ac70-70ea-4a82-8466-46350c5803bf	36c901d8-885d-4fc0-8cd2-69229fddc566	0.4545469541263217	0.4230407601075499	0.0358444814674298	0.0865678042986985	0.4976252821670429	0.0392415349887133	1.3124671852093528	1.584962500721156	0.3252798413167077
SC004	b9418c6d-94f7-4db4-a1e4-f384b09d54cb	05315ef9-1103-4651-b8e9-a7eb7d71702d	0.2166339508107484	0.5959784240304835	0.1005558946274516	0.0868317305313165	0.2372333315269423	0.110117596054842	1.49680192004762	1.584962500721156	0.3142519184010137
SC004	ba68f2cf-9271-41fd-9655-1fac7681f588	3e8bd387-4fda-4623-924e-314267c55eea	0.0278442175411972	0.2075944773435824	0.6657374263893242	0.0988238787258961	0.0308976424073802	0.738742861326695	2.0479129495285395	2.0	0.4065099890912659
SC004	bbad2efe-e9c7-4f8f-924b-ebbbe4c181d4	d2dd3d17-790f-4aa2-945d-db72df6ec8eb	0.0464180261616878	0.3878231034425878	0.4708279036009435	0.0949309667947808	0.0512867245024422	0.5202121455128672	1.8648835796780645	2.0	0.3922376240600173
SC004	bc4bc342-20bf-40c3-af26-2c6f942da93d	87ebfaf3-1ab2-4224-b556-0998a6ac16ff	0.0910215594741269	0.3054121373076225	0.5041155996898867	0.0994507035283638	0.1010733780268894	0.5597867897571162	1.8508902261356472	2.0	0.431447561435146
SC004	bc84c5c5-1785-4edd-b732-8987f862063e	e2d8b59b-b044-4aad-9e1b-f88c3208df3a	0.0008082740873925	0.1698365306896722	0.7657819639410784	0.0635732312818567	0.0008631471401645	0.8177702619387341	2.1194933222411385	2.0	0.358313778907075
SC004	bcb87812-94e3-4dc0-867e-d049b44a2690	9f643408-6b72-475c-acc5-76ae22fcc143	3.299077907724791e-05	0.0674991339920492	0.9190736189235108	0.0133942563053626	3.343866512848807e-05	0.9315510524819848	2.407204882790364	2.321928094887362	0.4217662179759603
SC004	bdd792e7-d75f-4aa3-b38e-f0708e112075	542c8797-ff2c-49c6-955b-ef8222194b6d	0.0223182620457582	0.3916005476469327	0.4896326476749748	0.0964485426323342	0.0247005988023952	0.541897911494085	1.8821459038965649	2.0	0.3489758828650602
SC004	c183d3fb-2eee-44f8-890e-b9bf907141e6	962bb8fd-018e-49d0-b1df-dc0192e1b2a6	0.0092704089207066	0.8110783036141398	0.0899328637645778	0.0897184237005756	0.0101841113366193	0.0987967526819367	1.6232057898328394	1.584962500721156	0.1518149930237345
SC004	c3e443b9-5dc5-4793-91e3-534f21485268	9f88d3b0-edc0-4fca-a4a9-4d8aacedf9a7	0.0007257971396994	0.1014466456625373	0.8031440212460618	0.0946835359517015	0.0008017054461308	0.8871417378787603	2.2738748316692825	2.321928094887362	0.3830250693063743
SC004	c3f9ee36-d34f-472b-ac7f-801a0d400aa4	62812cb1-e25e-4a3f-9e8e-1993b138e1a6	0.0027877208320274	0.1993302871847318	0.7046170595318608	0.0932649324513798	0.0030744601502665	0.7770925430697302	2.171322620692606	2.0	0.4543937409867233
SC004	c5355491-e1e8-46a4-a05e-bafcaf2e7459	d0021cbe-9f70-47cf-a8ae-f9e07c55f73e	0.2973293964336967	0.5472510433333884	0.0719528891674776	0.0834666710654372	0.3244065295250436	0.0785054802656444	1.4287629364787136	1.584962500721156	0.3193472431257422
SC004	c8acee1b-6854-409b-86ab-bf69dbe22ab6	4a4ec9eb-d594-449b-adfb-703ac1f25bb5	0.3147155370074064	0.5133035316629002	0.0784850634247727	0.0934958679049205	0.3471749613319989	0.086579929032845	1.4206552577592657	1.584962500721156	0.3322224584569477
SC004	c9e28934-8379-4511-817c-d787f2c4ca3a	bff12f06-dabc-4424-ac53-65ca01d0a406	0.0443066163007439	0.364828530425746	0.4985566534153704	0.0923081998581396	0.0488124011848728	0.5492576371599397	1.8293318646014225	2.0	0.325160247418248
SC004	cbc7f427-5f7b-4267-ad56-055d8880a4cc	887e9b15-4a8c-4950-8954-b9f6bff18bb1	0.0029691701169523	0.1367632746647312	0.7680583276974086	0.0922092275209079	0.0032707648138389	0.8460741736776116	2.165316647730918	2.321928094887362	0.3660315620823234
SC004	ce871097-a6e9-4139-897e-642ee24ee123	207be628-ffc8-4eb6-88b3-1705a3ee2ab5	0.0372630849677515	0.3822641571680715	0.4880160995001897	0.0924566583639872	0.0410592896870115	0.5377331055290996	1.883817669543284	2.0	0.3852314207184236
SC004	ceb19678-b453-4529-b6cb-d02f9cb101b4	43d7d5cf-e988-4b6b-925e-2b7bbd67e4fc	0.0334031638157135	0.4262243702885043	0.4507695099219768	0.0896029559738053	0.0366907647986084	0.4951350763711474	1.831957433541558	1.584962500721156	0.3397255617183579
SC004	d73a0a33-e4e8-44bd-9580-2038ab06583a	2e142ad3-0560-4e09-b5ce-ba9df578963d	0.0219388680863698	0.3386503472279498	0.5541461161605331	0.0852646685251472	0.0239838424640242	0.6057994013055866	1.9734470676852935	2.0	0.4071452493239931
SC004	d7b3156d-672a-4a55-868d-9ca6a09fcb0f	216c9136-673a-4e87-8537-daf1e4fbf394	0.0146808966893753	0.1055869884367319	0.7841083417184896	0.095623773155403	0.0162331740415131	0.8670156495093568	2.1894626144902563	2.0	0.4115952759513934
SC004	dac96910-0cb2-44ea-b108-2d6d51b07112	557f7cab-8204-4295-831e-9a8cacf72231	0.2792834402784421	0.4186694818798145	0.1996436995859657	0.1024033782557775	0.3111458237618303	0.2224202885233851	1.499145037651357	1.584962500721156	0.3770446981791912
SC004	dce71741-ccbe-40b7-a0b8-2048d07187a4	3d0f2483-ae45-4b2f-bba3-76a0eaecff4f	0.0005443478547745	0.1623806146182142	0.7412533196971447	0.0958217178298665	0.0006020359762104	0.8198088079687671	2.2023991854407146	2.321928094887362	0.3784575660526151
SC004	e1158102-06f2-47bb-9fe0-49b57f070755	3218e049-6d6a-471c-8453-d8ac52cf9d14	0.2462101842535011	0.5758870395724395	0.0866007950777757	0.0913019810962835	0.2709483009003776	0.0953020621550973	1.4714438147704494	1.584962500721156	0.3205523667071443
SC004	e35b2813-427e-4e83-95f6-4f0281f42a59	b9e88fa0-fb6d-43c1-b879-bfdc95da9be1	0.0154891707767678	0.2558434917440575	0.6638899427609983	0.0647773947181762	0.0165620149569634	0.7098737124312121	2.111168092920105	2.321928094887362	0.3980707455495064
SC004	e641aed9-1dd8-4c30-b231-f12b20a76df0	1c7e0067-e266-4967-9322-5967e112888e	0.0270854296224205	0.3275159592893786	0.5593916500338155	0.0860069610543853	0.0296341749535274	0.6120305365554333	1.8819945386625048	2.0	0.3306920861595749
SC004	e9483296-cb91-497a-b955-39a3c3289dac	18e0f4ed-43e2-451f-82bd-102260a30aaa	0.0336176038797156	0.2871022549197499	0.5904029823664286	0.0888771588341058	0.0368968950846383	0.64799493075043	1.9231812182391688	2.0	0.3581781923402962
SC004	ee0a4a13-613e-4c5d-96c3-8083a013702d	37981859-ba7a-4f93-8fcb-78615e696149	0.3617933787506392	0.4424393382049717	0.1067086749253583	0.0890586081190307	0.3971642764015645	0.1171410980733014	1.406436762592425	1.584962500721156	0.3650776798390027
SC004	eeb9d147-608d-4692-8adf-2f601d23a8ff	353b6c00-ebfe-4650-8379-f46c8fe3e9cf	0.2351912640417003	0.5295844811375221	0.1370601916764264	0.0981640631443511	0.2607916300848698	0.1519790752121744	1.5023573658790832	1.584962500721156	0.3430032990740726
SC004	ef57bc45-858f-4d4e-8407-b7eadfa43be5	70944721-dbf3-4a65-ae98-a008a48ba55e	0.0122890652062748	0.0095838213219405	0.8914273460567771	0.0866997674150075	0.0134556685390214	0.9760507161305472	2.671333679018255	2.807354922057604	0.4164849575411917
SC004	f007fa7a-7da9-4cb0-8aea-623af1a122c5	13f9890c-e405-4625-888e-496eee30dfb4	0.0337330716064859	0.2337231743727628	0.6451676756346602	0.087376078386091	0.0369627300003614	0.7069370639482341	2.0238545273589743	2.0	0.4093774663217359
SC004	f0c353fd-947c-41e2-b643-3ecc0d69796c	4c4747d9-c0bc-486e-b88c-5c1b8214d4de	0.0027217392738729	0.0989888326212823	0.8134041535390858	0.0848852745657588	0.0029742055266146	0.8888548407448131	2.326805722633155	2.321928094887362	0.403198345928089
SC004	f1cb3d48-1415-408d-89d1-dfdcc5924963	cfa92815-5221-46e2-b7a2-958c556bb390	0.004470250564967	0.0863038780660805	0.8423205714002936	0.0669052999686587	0.0047907790761397	0.9027171318966888	2.152424714005944	2.0	0.3070419282203532
SC004	f34aa3b6-e966-49c6-bc55-130545772c53	6f9a6f73-285d-4a9c-80eb-5f2ebc1787a4	0.2705243884334328	0.4908368111112944	0.1524998762845784	0.0861389241706943	0.2960235374812729	0.1668742441472175	1.485010502302711	1.584962500721156	0.3531840495577004
SC004	f3618472-32dc-4c90-a407-90050f68be85	64bb8411-d52d-4ec9-b6a7-f0c25d8a050a	0.2421688138165382	0.537700212790525	0.1525658578427329	0.0675651155502037	0.2597165956091779	0.163620924513949	1.5094001348639785	1.584962500721156	0.3493357840150625
SC004	f3af727e-b592-4828-94f5-22008666cf8c	2067e680-a491-40d4-ba54-2fb7f46698e4	0.2659056793626181	0.5192748626758821	0.1315177407914488	0.0833017171700509	0.290068918359635	0.1434689507494646	1.4797887429241543	1.584962500721156	0.3444999750661227
SC004	f5033d52-ec36-4e67-88d8-b6d898b81b2f	2179798c-4fd4-4434-b1d5-1453f6054fa2	0.2485690249575243	0.597842403048348	0.0705177902776174	0.0830707817165102	0.2710885638728479	0.0769064709374494	1.465579826275704	1.584962500721156	0.3172024323191626
SC004	f8a5547f-f1bc-4c01-8b68-25b5ee0caeab	43d20453-c167-4893-819d-754785da9a71	0.0	0.0421127294921069	0.862477937416492	0.0954093330914009	0.0	0.9534455405824322	2.3957311997844046	2.321928094887362	0.3854262421676409
SC004	fbb45305-de8d-4baf-8bd0-047b29c2e9d9	5be2767c-8f8e-4b30-a3fa-bfbcce461c5c	0.2751430975042475	0.5441334147105884	0.0871121521534731	0.0936113356316909	0.303559729198515	0.0961090485549974	1.448805706299817	1.584962500721156	0.3225073781724162
SC004	fd4740db-76a8-4362-be71-7b609479bb67	a5ad2377-7f60-4c8a-8343-4589b01dc4c5	0.0	0.0791613743958563	0.8235323227158009	0.0973063028883427	0.0	0.9123053870331116	2.3267392207940443	2.321928094887362	0.3633820306425783
SC004	fe402983-70da-44db-b7b1-c32702ddde26	832fbf68-76dc-47f7-b0ac-257d77d69bdf	0.3113339821519885	0.4948946769377959	0.100143509888986	0.0936278310212295	0.3434946402897337	0.1104882887145795	1.430692107994584	1.584962500721156	0.3403160002896194
SC004	fef1696c-a8f4-4db6-8615-e486522baaaa	67c7b4cb-5fe3-49cf-9aa3-df23717553bb	0.1916104448806558	0.6644177952262342	0.0596638239612028	0.084307935931907	0.2092520536100302	0.0651570831531921	1.500492987738414	1.584962500721156	0.3009437868769428
SC004	ff844242-7559-4b07-b09e-69ea40e5ac6b	19e1d694-4cae-4fd9-92fb-4d8395c8d75a	0.0026392623261798	0.050310938092803	0.8489517179948205	0.0980980815861966	0.0029263296510351	0.9412905113761064	2.502942821172227	2.584962500721156	0.417290354448275
SC001	009be09b-f9f6-43b7-8f45-4a648f8123ce	e4cb66f4-e847-40bf-af14-20a3867a1c35	0.0667403460732725	0.8137340613298583	0.0386816884680731	0.080843904128796	0.0726104590646423	0.0420839165859086	1.5610117720907315	1.584962500721156	0.1809421516388119
SC001	0232d299-4cdf-4fd7-9a5e-8d13c208b40c	93b55ce3-3ab0-4bc1-b1a2-3f02b13dc7b0	0.0102106461244082	0.0918298335615195	0.8118535869224551	0.086105933391617	0.0111726801797736	0.8883453964586755	2.128002280587198	2.0	0.3163692925835883
SC001	035c0b2b-c722-443b-8962-db4ee92c7532	f8a79bdf-6b97-44be-9cf1-b51faeca5d63	0.0359929399732774	0.1376705210893555	0.736370684393712	0.089965854543655	0.0395511972303286	0.8091681922818974	2.060808732188993	2.0	0.3763692183237528
SC001	03c3409a-9d16-41d0-9e26-f9fc2547a4c8	ef88b85a-61ee-44e1-bb63-1b4ce9154bfb	0.0	0.1608795341701994	0.7508206456295465	0.088299820200254	0.0	0.8235389904107111	2.034553583988288	2.0	0.2906175925313075
SC001	0780eb43-d5b5-4c3d-9825-beacba5cc723	fc511a67-5383-4877-aeef-36c0b7934b77	0.0351021889381917	0.3047028355574617	0.5623278293716906	0.0978671461326559	0.0389102212470287	0.6233315048454928	1.8767450026634296	2.0	0.3256005316558216
SC001	079ae0b3-b64b-4b8e-ab7d-225b8046568c	e63d9a32-593f-46e7-9d3b-866435cab585	0.0170892235620144	0.074526169935503	0.819276512214836	0.0891080942876466	0.0187609786132087	0.8994223212183771	2.349718909143741	2.321928094887362	0.4198740979104897
SC001	088edf89-d2b5-40c7-b066-df3bd383f7ea	d1fb0862-8d9c-4bc4-aac6-81dc4eed66c9	0.0175181036900186	0.2911931115253287	0.602576579845933	0.0887122049387196	0.0192234591365734	0.6612363109783691	1.9451954934611524	2.0	0.3376515495259207
SC001	096bd95f-9900-4db2-b1c4-103902c3b31f	bd57c86d-bb0d-40a3-9292-97d6b33db1ea	0.2610560348382627	0.6063210332712007	0.0740642990284215	0.058558632862115	0.277293991905104	0.0786711755120635	1.4560483527521808	1.584962500721156	0.3044034755288053
SC001	0b15fcb8-1fb7-497e-80b9-d3db66a3c0a2	aee334d0-5a07-4392-bf02-aca59066a68f	0.0060373125711363	0.6462398759546707	0.2635468386585949	0.084175972815598	0.0065922190201729	0.2877701729106628	1.7001454591273906	1.584962500721156	0.1985430551239064
SC001	0c0b610e-fe4c-406d-a5ed-5cc3b11dabf5	ad66185f-983d-4416-b705-25d3d4d8b5a5	0.1228411658941325	0.807300859409795	0.0030021608960295	0.0668558138000429	0.1316422131872017	0.0032172529609333	1.509292023118156	1.584962500721156	0.1996856432489107
SC001	0d66bf6c-eed0-4726-bd5b-3bf6d610b4e0	c5363830-3db9-4c0c-aa47-b32fdc888c60	0.0	0.3010408590798871	0.6119294657143328	0.0870296752057799	0.0	0.6702621641642726	2.129633217032112	2.321928094887362	0.4633944485306718
SC001	0fe909ea-d52c-4b71-816f-57f62d4a5744	f716c981-41d1-479d-962e-881d6199abce	1.6495389538623956e-05	0.390181944146611	0.5169325173613974	0.0928690431024528	1.818413252595785e-05	0.5698543450984671	1.8955325880065623	2.0	0.3238080207391997
SC001	100430c8-1446-45c8-af36-b6dbb3ddd0c1	98687adb-f8e9-4e6e-bc1b-396a3ddfac96	3.299077907724791e-05	0.0086435841182389	0.900813222704254	0.0905102023984296	3.627394080092861e-05	0.9904599535693558	2.710366782338022	2.807354922057604	0.2903614520758049
SC001	114a34c0-983b-4d90-9181-1823c9637a63	fbc17626-365c-4be6-b3a7-d282e7c19236	0.0001979446744634	0.3634264223149629	0.5483892252115534	0.0879864077990201	0.0002170413644667	0.6012950134746514	1.92988678740473	2.0	0.3333505074439106
SC001	11c2e619-8aeb-4f86-b03b-78f9a8099263	7e66ee53-b64f-452e-aeb2-00f97813c126	0.0092869043102452	0.4418949903501971	0.4563284561964931	0.0924896491430645	0.010233386651156	0.502835538752363	1.916160565834616	2.0	0.3865898266915878
SC001	127bf818-f7e5-46b5-a9de-39f6d96b8b83	eb822f95-8b15-4c86-b5e5-b0afe9c32e0c	0.03859921152038	0.6146017188195899	0.2521980106560216	0.0946010590040083	0.0426322693484914	0.2785490453286693	1.7325987253336728	1.584962500721156	0.3486455635778442
SC001	12b79b4f-c28c-418e-a1e7-e622f33fdcc2	6a27f5f8-f4ee-45c7-b953-ddd7d0291dbb	0.2428946109562377	0.6493904953565478	0.0114642957293436	0.0962505979578707	0.2687632328247061	0.0126852595458859	1.4342155896983	1.584962500721156	0.2713523909613144
SC001	12c07138-e3fa-418a-89e3-628da12bc99e	ab07da42-d065-45d5-8eee-7904295044c3	0.1446150800851162	0.6926743975058971	0.1051746036982663	0.0575359187107203	0.153443598494793	0.1115953443598494	1.5422384802049616	1.584962500721156	0.266877486192648
SC001	12ccd581-a921-41bc-bcee-4e9be54532cc	16a2d381-75a0-423b-aac2-d5710afb183b	0.2632994078155156	0.5648021378024842	0.0806789502334097	0.0912195041485904	0.2897282776396275	0.0887771586226925	1.45795386163074	1.584962500721156	0.3275279318356305
SC001	15f12d2c-b834-4bfc-b526-f03bf85bfe96	71de7aed-0fd7-4381-847b-885e1310d6ef	0.1831648054368803	0.6572423007769328	0.0950134437424739	0.0645794500437127	0.1958101149749594	0.1015729703040135	1.5312601905972998	1.584962500721156	0.3272152184887943
SC001	16e64a1e-08b0-4c27-8c69-fa64551f8ca4	cffeea21-61c8-4f86-b8d3-e67b019768cc	0.0380218728865282	0.4266862411955858	0.4686175214027679	0.066674364515118	0.0407380569449108	0.502094342623849	1.856581399145739	2.0	0.3767007667853216
SC001	193201a3-1447-47b1-bdf1-11ae0eb3b2f3	91d58448-b712-4626-82c6-a451fddf277d	0.0009237418141629	0.202085017237682	0.7088893654223645	0.0881018755257905	0.0010129879526789	0.7773778083282081	2.1382939361742523	2.0	0.4093448131252811
SC001	199386c2-bb53-4fad-a1b6-59ab216a4a50	9a7a1b22-9df6-438f-ad00-54755c7dbc7c	0.0035465087508041	0.2847599096052653	0.6241690447519919	0.0875245368919387	0.0038866894444745	0.6840392646022019	2.073584310756305	2.0	0.4064438927880077
SC001	1b110eb4-a01d-4c50-ba18-77da4dedd549	9dcb355a-c122-4341-89d7-1df471315a49	0.0420797387130297	0.8738597561981426	0.0001484585058476	0.08391204658298	0.0459341688274272	0.0001620570440795	1.5559600051796996	1.584962500721156	0.14192151800316
SC001	1c339545-c08a-4a77-b8e9-a7e49e53853f	bf8fdf82-62b4-4b5d-93e7-ce153576fe49	0.0107055078105669	0.115055342031902	0.779885521996602	0.094353628160929	0.0118208476768118	0.8611369141941242	2.103851484800985	2.0	0.3303780675695768
SC001	1d90c9f3-5025-4867-a2f0-e455b6a254fa	60d4bb1a-a25f-485e-8247-1ea42220015a	0.1382643551127459	0.749616482193227	0.0288504363030532	0.0832687263909737	0.1508232118758434	0.0314709851551956	1.512269114596825	1.584962500721156	0.2352759865233503
SC001	1f1df7ea-00b9-4432-86de-da773d1451e5	933577d0-75b1-4f9f-baa1-2dd1ab254fd2	0.1257938406215462	0.2651798822229187	0.5437375253616614	0.0652887517938736	0.1345804288361422	0.5817171093267449	1.9067472952178632	2.0	0.523431612989207
SC001	1fc81cd4-fa89-4135-8c3c-027ffae82b05	597d38ff-839c-4fe3-b889-efd0f680b715	0.0273163650759612	0.3339161704303647	0.5301783151609125	0.1085891493327615	0.0306439674315322	0.5947631384159882	1.936409133161696	2.0	0.4143322022741932
SC001	205759a6-6391-491b-9857-0080c3a5871e	73a77977-fab0-486f-8d15-be8b30c8808a	0.0212130709466704	0.1246556587433812	0.7638684987545981	0.0902627715553502	0.0233178002212108	0.8396583924135556	2.1337327370960355	2.0	0.3798771160526054
SC001	21fb46f9-4bbb-441c-af19-a687e9138344	f0a4ae58-d5bc-4ab0-b1cf-0d951ea91fc7	0.0002144400640021	0.0762251950579813	0.8355574616894578	0.0880029031885588	0.0002351323976269	0.9161843437997396	2.156126522039303	2.321928094887362	0.2728810078444648
SC001	230dc42d-681c-4e31-9d2e-c724e61829fb	b671ceeb-72d0-40e3-8279-954e6ed242dd	0.0001154677267703	0.041188987677944	0.8677564620688517	0.0909390825264338	0.0001270186898929	0.954563600072582	2.4406970157192736	2.321928094887362	0.3653819646840303
SC001	243c6fd6-5516-46e5-bcef-292d93d7b7d3	d1194f81-3244-41e2-a4ab-5fa0485ec6aa	0.2634808571004404	0.581742902858651	0.0608679873975223	0.0939082526433861	0.2907882759876206	0.0671764063353358	1.4437100063460662	1.584962500721156	0.3037058180000794
SC001	25d4ea9e-f773-4f11-bac9-64efdad73211	d2b8a9f4-7d70-43a0-b5f6-5b7365a03944	0.5717961829668607	0.322319911584712	0.0151592629859954	0.0907246424624317	0.6288482121800337	0.0166718066868639	1.2319042980985293	1.0	0.3249285414344871
SC001	27fceec1-3298-4cdd-a4e6-8f5cf34604f0	ed5b47c1-569f-492b-8d6c-155e3ba79acb	0.4274285337248239	0.4449466374148425	0.0342444286821833	0.0933804001781502	0.4714530038935992	0.0377715512535933	1.342800268214276	1.584962500721156	0.372029685834568
SC001	2923e404-38f2-437a-b57e-23401fbe0273	37901d81-dc2a-4f55-b6c5-f117274d50b8	0.0	0.0137241640961351	0.8954192303251242	0.0908566055787407	0.0	0.9849042910278508	2.570757960982706	2.584962500721156	0.3545910491748933
SC001	2a394996-809f-459f-a647-d209921ccbd2	72ca76ae-bcf6-4f98-b891-95bec77fad2d	0.0149613183115319	0.4097619715289576	0.5116210019299606	0.0636557082295498	0.015978437037559	0.5464026495666268	1.8722948942285065	2.0	0.3165729883585024
SC001	2a43e61e-2151-4c5a-b062-74ce9dfd8d4a	ef98c575-44c9-4524-8754-45250f60a5c8	0.0104085907988717	0.5328010820975537	0.3978193095029939	0.0589710176005806	0.0110608610293086	0.4227492637778712	1.8333806117871367	1.584962500721156	0.3442375169123904
SC001	2c03141e-a0bd-4e8d-91e4-9744d139ccce	e7ed1627-7ec0-48f5-983d-09b1241c28ec	3.299077907724791e-05	0.1527143163485805	0.7802319251769131	0.0670207676954291	3.536067892503536e-05	0.8362800565770863	2.1802336992236517	2.321928094887362	0.3519468285381549
SC001	2cd8ea73-cb3f-4b17-9b97-fa12eb03b85b	5d0ed8d1-6e84-4f6c-8e0e-0317aa8b0e3f	0.0	0.9188591788595089	0.0	0.0811408211404912	0.0	0.0	1.5849625007211556	1.584962500721156	4.440931960556239e-16
SC001	2de1ba51-eae1-4a54-b7cd-d6d739fdc39d	bff592ed-0ba6-44c2-b04e-0aad7b73089d	3.299077907724791e-05	0.1624136053972914	0.7460369826633456	0.0915164211602857	3.631411711302769e-05	0.8211892873354517	2.099997509797753	2.0	0.3171983623705231
SC001	2efc156c-464a-4c2f-a854-39fefe32081c	d0bfb6cc-abc4-4b09-b668-1003f3eed1a7	0.0302690398033749	0.6785048578922191	0.2056975075466407	0.0855285947577652	0.0331000396839712	0.2249359645008838	1.7071862966352334	1.584962500721156	0.3092703916458132
SC001	2f0710f4-827b-45b2-9b7e-c27385b481a7	c58243d7-77ea-4806-8298-2e322d5219a3	0.134008544611781	0.5435065899081207	0.2355211718324728	0.0869636936476254	0.1467724160358439	0.2579537858394609	1.6087606252205222	1.584962500721156	0.3115775313231098
SC001	2f09479f-87fc-4c34-8e2c-333e970a3681	efd3f14f-f785-4aec-9efd-6dd8e9c41eba	0.2001715520512016	0.4844695907493855	0.2250960856440624	0.0902627715553502	0.2200322750267447	0.2474297836847926	1.5936956723561635	1.584962500721156	0.4074405436900619
SC001	2f1a4b16-104c-40eb-8114-8245847bb716	558e3668-fbe7-4e8e-beb0-90ab33587b5a	0.001666034343401	0.4557016313940253	0.4694093001006219	0.0732230341619517	0.0017976648156058	0.506496511462338	1.875570964642861	2.0	0.3462804394347055
SC001	2fabeb98-05e3-4f55-97f5-fbc675e25a3d	ec51c45a-d518-4333-bd7e-3ae606b40d01	0.0005938340233904	0.1240453293304521	0.8011645745014269	0.0741962621447305	0.000641425389755	0.8653719376391982	2.089034061058273	2.0	0.2788928499983133
SC001	3199cfe5-3be3-43cd-a36b-5cf2c7a9929f	478cc306-6aee-4597-8834-1e5cf8b05a59	0.1178595582534681	0.6054137868465764	0.1904722630024908	0.0862543918974646	0.1289850886377586	0.2084521789363469	1.6092251141249536	1.584962500721156	0.3157719727543695
SC001	31c96e35-5e2f-429c-b12a-7bc5a497a300	da010683-c537-478f-8f95-e606b05dbc5c	0.0062682480246771	0.0247925704765518	0.8739257377562971	0.0950134437424739	0.0069263438018336	0.9656781437398612	2.469677884119244	2.584962500721156	0.3603779823400179
SC001	31ff69b5-9e58-44da-8326-bdfc7ee495c4	4b24bb00-acf5-4cf4-a84a-020baa60782d	0.2628045461293568	0.6199297296405655	0.0598122824670504	0.0574534417630272	0.2788239411970598	0.0634581729086454	1.447126617265572	1.584962500721156	0.3013283111945728
SC001	32592562-11fa-435a-b40b-2b242bae53aa	7dceaead-79bb-4e91-a724-f0fae56442ce	0.0199264305626577	0.3936294805601834	0.4863830559358659	0.1000610329412929	0.0221419799475777	0.5404622688197664	1.868267797077572	2.0	0.3396168531468321
SC001	32a7b827-c3f9-4607-ae63-dae8caa2bc97	c12f1638-214d-40f8-a553-b616a52f6933	0.3902809164838428	0.4465631855896277	0.098213549312967	0.0649423486135625	0.4173870091380587	0.1050347528490279	1.4038360123405986	1.584962500721156	0.3910440640947279
SC001	32d9935a-f5cd-43b3-88bd-09e6e2b9090d	9602a00c-a48d-455e-ab57-0e61414098fe	0.2692542434389588	0.590996816389819	0.0655526780264915	0.0741962621447305	0.2908329621380846	0.0708062360801781	1.4447773403499742	1.584962500721156	0.3047683438571127
SC001	34040b83-7e8a-4264-a551-b16621843e28	bac0b02d-ac3b-4784-b8bf-180eadd548a3	0.0094353628160929	0.0545832439833066	0.8415452880919783	0.0944361051086221	0.0104193231083099	0.9293052570221138	2.3289106752638147	2.321928094887362	0.3643785679004248
SC001	3434b91a-c05f-460f-a078-7b1bb6e7085d	cce6d71f-369e-467f-bd7e-03d20e97b7f3	0.027019448064266	0.2901374065948567	0.5900070930175016	0.0928360523233756	0.0297845258659878	0.650386398763524	1.9679592629677771	2.0	0.3816434132594667
SC001	345aef28-d49b-491b-a337-b1ac55c37d35	b572a3ea-e568-49db-8e35-a80f4a6d82e9	0.0007587879187767	0.9126569123929862	0.0259307523547168	0.0606535473335202	0.0008077828117866	0.0276050995680118	1.5961635493840982	1.584962500721156	0.078144637940838
SC001	34d8e84e-c3e1-417d-8b9b-8563d9fa0f8e	a3bf3f65-7b44-4993-a126-c76870dbbbac	0.0162314633060059	0.1567391913960048	0.7406429902842155	0.0863863550137736	0.0177662225111038	0.8106741775900047	2.142441797708575	2.321928094887362	0.3826937898960976
SC001	36470b30-a3b3-4d28-851b-918a7ff88011	a5d9be94-1204-49cb-8758-1505d853564c	0.0270359434538046	0.4676442934199891	0.4121867937911354	0.0931329693350708	0.0298124670316677	0.4545173436164214	1.835360741926776	1.584962500721156	0.3858021779529588
SC001	36ad7fc7-0cc1-4f01-aef1-f89b3cb4feac	b3585415-9ab9-4614-8b15-8edb66efd1dc	0.1939197994160632	0.6562525774046154	0.0556059581347013	0.09422166504462	0.2140918941559978	0.0613902496767496	1.490811813834254	1.584962500721156	0.2878548380876149
SC001	37c8d73a-45ae-40fc-ba9a-721b755c1160	d23900e0-0335-429c-b9b6-16fa06740f92	0.5009979710670868	0.3799218118535869	0.0365207924385134	0.0825594246408129	0.5460822036031501	0.0398072566435326	1.2829508988397944	1.0	0.3221596422626236
SC001	39ab7174-5707-498d-9959-523680e04198	8e690229-01ba-4158-ac60-256310bae644	0.0002969170116952	0.0795572637447833	0.8579087145142933	0.0622371047292281	0.0003166226912928	0.9148460861917326	2.2275907492105738	2.321928094887362	0.2974106940812505
SC001	3afa5045-a1ee-4a07-8aad-2e252b2f7d7a	8fa41683-e16d-4f46-a3db-672c9f1b7823	0.4676607888095277	0.4381835277040067	0.0264586048199528	0.0676970786665127	0.5016189246094234	0.0283798368690175	1.3031675263277556	1.0	0.3303175419440817
SC001	3bc7026f-73f2-418b-bd62-f4768582b790	e97a07a0-16bb-40c7-9df4-95dadf83b04c	0.0272998696864226	0.3797073717895848	0.5038681688468073	0.0891245896771852	0.0299710249909453	0.5531691416153568	1.8441758463546876	2.0	0.3158521935583092
SC001	3daebe75-c6df-478e-8a4c-11186fd5ead9	e88b670d-57af-4001-a9f3-0e13496b426a	0.2312653613315078	0.4156343302047078	0.2899724526994705	0.0631278557643138	0.2468483696034932	0.3095112331854356	1.5932351080266105	1.584962500721156	0.4072397506875936
SC001	3e1df30f-744a-41e9-a169-7dbbff66622e	b8a5a1e0-3095-49b6-aae7-f7621c398f59	4.948616861587186e-05	0.1033271200699404	0.8112597528990647	0.0853636408623789	5.410474678978502e-05	0.8869751839561391	2.1554048812968345	2.0	0.3415650931562863
SC001	3ed05070-6633-4de5-9f72-090f93aa2e4d	db809a73-5e5f-42f2-ab05-89bac944411d	0.0016495389538623	0.1399468848456856	0.7908879468188641	0.0675156293815878	0.001768972227136	0.8481514240226429	2.246912508426415	2.321928094887362	0.3663389051926917
SC001	3fe8f8e4-5396-4362-82f5-366e2fb69db2	a6342eed-126b-4afb-86ef-2257b1645e5e	0.0126519637761245	0.2498391699519984	0.6487306797750029	0.0887781864968741	0.0138846146883655	0.7119349758331673	2.014261594790926	2.0	0.3916946072656823
SC001	4036c6fc-c82e-47bb-a384-6f299dc30b52	adb65cdc-08c7-46e3-a74f-7fa4d0ca4e3b	0.0334196592052521	0.3763753031027828	0.5027794731372581	0.0874255645547069	0.0366212967481879	0.5509462610487501	1.8675043407151544	2.0	0.3536187356269717
SC001	41c4c704-825e-49f5-9d54-dbd7d30725e0	b32f509d-91e5-4601-b8b3-4b0a5212c22b	0.1719314451610774	0.6504297048974812	0.094485591277238	0.0831532586642033	0.187524738224605	0.1030549458457774	1.524364035938845	1.584962500721156	0.2924633915550133
SC001	44218b35-219c-4ad9-a01e-fde14067c4c0	b49eb906-19c3-4eb7-93f7-1c37bc85ce61	0.0658660904277254	0.6196658034079475	0.2167989047061346	0.0976692014581924	0.0729955029066578	0.2402654381923878	1.6554825116405716	1.584962500721156	0.2773910634298972
SC001	472337c2-a2fc-403a-8c17-69511193128b	cf53a83e-bff6-4b6b-80aa-1847866fa09b	4.948616861587186e-05	0.0913844580439767	0.8247364861521205	0.0838295696352869	5.401415170774743e-05	0.9001998523613187	2.2703140543719216	2.321928094887362	0.2541680746821739
SC001	47b749e6-e060-4aa1-8f29-976e489ba789	9e129d06-15b7-4d89-bac0-9cb62c54dc5a	0.2091285485706745	0.4964122527753493	0.2226382726028075	0.0718209260511687	0.2253105617658035	0.2398656453820043	1.5718576137419709	1.584962500721156	0.3777284856704342
SC001	497cc506-03fe-4ffa-860b-5a12adb1bc7d	40bfeee7-9932-47d6-87a8-5fd7514c2917	0.130016660343434	0.7313560859739703	0.0795737591343219	0.0590534945482737	0.1381764633697386	0.0845677821993934	1.5396210386105975	1.584962500721156	0.2458172928647529
SC001	4ad63dac-76a7-4527-abce-d7a0184e8739	81905199-81c6-4718-8bea-951bc6c810a1	0.0699899378123814	0.8354254985731489	0.0337990531646404	0.0607855104498292	0.0745196529558467	0.0359865116442446	1.5565303632451062	1.584962500721156	0.1813011312239596
SC001	4b22ad71-c585-4077-ad3c-c6e026d0c7fa	37599a47-3ab8-4b42-a227-270e8652c160	0.0045527275126602	0.1947280735034557	0.700971578443825	0.099747620540059	0.0050571679859278	0.7786389621811786	2.09251997416992	2.0	0.3425319941625644
SC001	4ef872e1-82c9-4939-9248-41ed9d3085b2	6b0b11c9-2adc-4b55-b7bb-cf67b11cab86	0.0106395262524124	0.210464675123303	0.679824489055309	0.0990713095689754	0.0118095098595675	0.754581906732336	2.06761392342241	2.0	0.3771468397833629
SC001	501c987e-d1eb-48a9-89eb-72a5062c90b4	ee0d4640-5609-430e-8b80-3058a3f313a8	0.0331062468040182	0.78781980436468	0.0928855384919914	0.0861884103393101	0.0362287447200259	0.1016462688183689	1.619287918049641	1.584962500721156	0.2099660450209323
SC001	50b2c647-aecd-4c81-af22-0d8116593552	962f85ff-1f27-49e4-8c3d-798facea122f	0.0346568134206489	0.317717697903436	0.55358527291622	0.0940402157596951	0.0382542514839226	0.6110483959069225	1.8827371338881147	2.0	0.3545723713943927
SC001	5202458b-c38a-47c0-a0ba-5f1a59a762a0	58084363-d165-44b9-9702-9a1e3732ee1b	0.0150272998696864	0.2802731636507596	0.6378107319004338	0.0668888045791201	0.0161045113845283	0.683531325130816	1.9942907256170332	2.0	0.3577974849764649
SC001	52df074f-a402-4b78-9472-f8eb268efded	fdfca85d-9c11-4f55-8f43-7e4d54afdf9e	0.4001946455965557	0.4365174933606057	0.0968774227603384	0.0664104382825	0.4286622965881584	0.1037687509938689	1.3847552302584922	1.584962500721156	0.3672934892990053
SC001	532c1852-76dd-489f-9380-36766d6e3c34	e40ad349-500b-49cb-977d-3dc18d0ccbf9	0.0448674595450571	0.8739422331458357	1.6495389538623956e-05	0.0811738119195684	0.0488312807439589	1.7952676744102546e-05	1.5564054836578145	1.584962500721156	0.1260833744750968
SC001	54254f5a-50e8-4150-a9b7-56a0470d2a56	ee72f78d-e5db-4c99-9034-0b5bbf6df849	0.0	0.0122065882585817	0.8975636309651452	0.090229780776273	0.0	0.9865827788152955	2.4421912669532677	2.321928094887362	0.3231603587409892
SC001	54775a66-08cc-4f38-98f2-e7b2b5cec994	c85ed66e-c58b-45d9-82f6-8248b9e05338	0.009649802880095	0.2919518994441054	0.6089108094287646	0.0894874882470349	0.0105982100800753	0.6687561143519692	2.023925356972585	2.0	0.3737185953016613
SC001	5510ad32-62fd-4adc-964a-ae4e997c2f4b	ee8a12e2-8827-4abe-af6f-aa39995f6b99	0.0231100407436121	0.4906718572159081	0.4238490341949425	0.0623690678455371	0.0246472678653108	0.4520425037824144	1.7767152558090102	1.584962500721156	0.2738105897317562
SC001	591c068f-bbb1-4df2-9abb-d1a2e4a58372	63d5b15a-fb94-4b8b-9e93-1dd1cc0a157f	0.0009402372037015	0.3756824967421606	0.5336918331326395	0.0896854329214984	0.001032870655601	0.5862718805494147	1.908492551461708	2.0	0.3066285701446298
SC001	595fc3ad-f603-421b-b130-52f1f617050b	ecbaf334-d86b-4316-ae93-84feff5da296	0.02960922422183	0.3658677399666793	0.5381950744766838	0.0663279613348069	0.0317126603300236	0.576428394756369	1.9469607696070463	2.0	0.4279854799693725
SC001	5a2f8140-8f90-4e94-b703-5fa5aa96be7b	ade256d3-7ad5-441c-ad53-ab635b1668e4	0.268544941688798	0.6004816653745279	0.0441086716262804	0.0868647213103937	0.2940910815253716	0.0483046407861697	1.4421929875965298	1.584962500721156	0.3187644247924123
SC001	5abd6651-69be-42f8-bdc0-308e68136d31	96bd691f-1807-456a-bef1-cb5018f5b0b1	0.0380548636656054	0.5030763901489533	0.3750886627187701	0.083780083466671	0.0415346392049546	0.4093871525277258	1.783888106073883	1.584962500721156	0.3264606160485327
SC001	5c266025-e590-457c-af86-4c2dc9797267	aafb0ebe-3fde-4cfb-a560-11e85e839dcc	0.1477986902660706	0.7582435709219273	0.034871253484651	0.059086485327351	0.1570799950912501	0.0370610613418418	1.5121606581388032	1.584962500721156	0.2431045713179009
SC001	5d7ec32a-049f-4997-9882-1b3ac157e02d	fbb7751d-75ca-45aa-af13-ed5cfb01ef41	0.0415683816373323	0.8111442851722943	0.0627484618049255	0.0845388713854477	0.0454070416951962	0.068543010558939	1.6079759464069656	1.584962500721156	0.2362251738508911
SC001	6092bd5c-e97c-4a77-a4ad-c87623b17507	d4d43ae0-2a4c-49e5-8481-fa3614dfe5c1	0.0009897233723174	0.1470069115682166	0.762466390643815	0.0895369744156508	0.0010870549868647	0.8374490442974907	2.0782065519637136	2.0	0.3325034416590328
SC001	62380447-3b94-4e7c-823a-72dd7b4ccf3a	3c17efb2-ed6c-4c73-800c-a5d896d80372	0.07180443066163	0.5382775514243768	0.3241014136548835	0.0658166042591095	0.0768633129094344	0.3469355322868292	1.7237983811136466	1.584962500721156	0.3457997527566904
SC001	63bd2175-4b7c-44c9-aef3-9efc8f79837b	fbc90b42-7d26-456b-a166-41993a1d3f0d	0.0695445622948385	0.691717664912657	0.1575474654833974	0.0811903073091071	0.0756898439884382	0.171469093912138	1.611274929716935	1.584962500721156	0.2367576901266284
SC001	646910ee-5f5d-40ac-a21a-75790f89430a	ca71bc74-8511-48b2-a84f-6dbbd01aefc3	0.0018144928492486	0.9364927502762976	0.0005278524652359	0.0611649044092176	0.001932706667838	0.0005622419397346	1.5840987111634766	1.584962500721156	0.031573182488762
SC001	66763a0c-6cda-4832-a0cc-e7b496d78eaa	a4d06d63-8da9-4c3c-a75d-4079c2238aa8	0.0	0.0555564719660854	0.8559127723801198	0.0885307556537947	0.0	0.9390473432749384	2.3764839514284866	2.321928094887362	0.353829533298921
SC001	66ed89f6-8ba2-49d0-af0f-4b6ebf2381bf	9de8d353-3442-41d8-8bfe-a08c4975eaca	0.13414050772809	0.7164442538310543	0.0661300166603434	0.0832852217805123	0.1463274192967934	0.0721380501673444	1.5294432793452215	1.584962500721156	0.2441495827845632
SC001	673493f6-975c-49e8-934c-001e9a0fff90	f65c895f-cfea-46a3-b3a0-7c8a98d7522a	0.2311498936047374	0.5751117562641241	0.102337396697623	0.0914009534335153	0.2544025271413529	0.1126320758142405	1.481033885859493	1.584962500721156	0.3212816853688441
SC001	67dbe286-edb3-4d07-8f74-9e5254f01945	c8aa8a2e-e681-4a82-9320-f35f67650581	0.0011711726572423	0.2969170116952311	0.6079705722250631	0.0939412434224634	0.0012926012234197	0.6710056801631227	1.977665464315883	2.0	0.3334385584838698
SC001	681b1176-9676-44d3-892c-1d5dba1ce25b	9cea4206-b460-433b-bf50-29c56cb8e33d	0.0	0.1230226151790574	0.7879022813123732	0.0890751035085693	0.0	0.8649475761910798	2.156829217917425	2.321928094887362	0.3025128949853415
SC001	68b86559-38b2-41f2-b66e-c3c2b628b14d	6c206676-e511-4281-91f5-bfe91b3279a4	0.068340398858519	0.7154545304587367	0.1522359500519604	0.0639691206307837	0.0730108379592915	0.1626398801656533	1.6215019873694114	1.584962500721156	0.2589039658700552
SC001	69584d55-18f7-4786-b3cc-cd528500be44	09656581-db34-4e6e-afe0-80666eb5fba6	0.0213120432839021	0.3725813635088992	0.5125117529650463	0.0935948402421523	0.0235127117872936	0.5654334018817448	1.8898633278082329	2.0	0.3553168998510618
SC001	69b23036-add9-42c9-941f-02fb74d9b08c	98bee17e-0b07-40d8-a70f-3163dbfd9c79	0.1180739983174702	0.6849710505913598	0.1139666463223529	0.0829883047688171	0.1287595337458627	0.1242804720103612	1.5612240581818608	1.584962500721156	0.2547642221542525
SC001	6bffe800-ec2b-4638-9333-97fe85dcd91c	708a8742-f6d6-411d-9340-2c6c25885d22	0.0126354683865859	0.2416904475199182	0.64336967817495	0.1023044059185457	0.0140754488157145	0.7166902482497566	2.0139405214834945	2.0	0.3766180121792033
SC001	6cf49cf0-de4c-4c90-8358-eae19c6206b0	3af63e86-157b-408c-9527-58a45107ddd2	0.2249971133068307	0.4948616861587186	0.1886907609323194	0.0914504396021312	0.2476442927431507	0.207683509141415	1.5263430789664625	1.584962500721156	0.3422480331349529
SC001	6d96a298-be5a-4e14-afe8-ca4b6ca298d6	d84e1b10-b7c6-4916-afbc-b311d2ccf19d	0.0335021361529452	0.3353347739306864	0.5393992379130034	0.091763852003365	0.036887032328369	0.5938975662913185	1.9092766720453915	2.0	0.3679035888555783
SC001	7099597a-b208-45b5-b9e0-11ab40d5e497	98e01ce5-8af3-4f2c-b5a1-36730a3c806a	0.0023753360935618	0.4223479537469277	0.5110601586856474	0.064216551473863	0.0025383395029085	0.5461307949938304	1.928296825461972	2.0	0.3908514997091194
SC001	722d6818-f1cb-49f4-b68a-fd0a31304681	07c1fce4-ec48-47a4-8391-e553936b67f2	0.0002474308430793	0.2798442835227553	0.6287052768751135	0.0912030087590518	0.0002722619522997	0.6917994699967328	2.04496519509123	2.0	0.3479094881551776
SC001	75589307-f141-4d0d-b35d-adbbc77b3dec	cba50f48-facb-4eb3-9a72-73c5b585bdc6	0.171073684905069	0.6438150536924929	0.1001270144994474	0.0849842469029906	0.1869625570117719	0.1094265472048457	1.5355895628863667	1.584962500721156	0.3259747290753328
SC001	75a0bb0b-6528-4fb8-a9e6-254905d21df4	44d07be5-4621-41a2-a574-35122a3e5fbc	0.0005773386338518	0.0259802385233327	0.9018029460765716	0.0716394767662438	0.0006218905472636	0.9713930348258708	2.403871341757971	2.321928094887362	0.3482526055246266
SC001	75dd635e-8e0c-4c0b-b21c-20f77770218d	aed669e8-23b6-4786-9398-6bb048815dfa	0.0381703313923758	0.8806888474671329	0.0	0.0811408211404912	0.0415410024414763	0.0	1.560662572050526	1.584962500721156	0.1167231986071444
SC001	762dea8a-5b41-4058-979a-b7876ed13d7e	9ded6605-39a3-4c0f-ad2e-7f6863960dbe	0.0002804216221566	0.2771060488593438	0.6276330765551028	0.0949804529633967	0.0003098514535678	0.6935022327531213	2.020389180034372	2.0	0.360575296607543
SC001	772324a5-5513-454d-ad6b-605798f69b73	0deed408-8acb-43ce-84a3-143aabd23312	0.0025732807680253	0.4378701153027728	0.4990845058806064	0.0604720980485954	0.0027389082992432	0.5312077532173394	1.804445759025928	2.0	0.2124888385423274
SC001	77828a90-8e2a-4664-b674-d837e6e34fe4	c8c5aa67-c6b9-48ba-ace2-b040170d73fc	0.000874255645547	0.0903122577239661	0.8216683436979364	0.0871451429325503	0.0009577159378388	0.9001084206722082	2.188780747632747	2.321928094887362	0.2738592152892632
SC001	77c4dbb2-eceb-4e0d-bcde-63dc817d5f35	c7c2f2f3-d5f6-4fb8-b02a-79fa39a42756	0.1569866222390842	0.6702736585124458	0.0847368160599112	0.0880029031885588	0.1721350021704529	0.0929134712776732	1.5260596386414067	1.584962500721156	0.2814907694326712
SC001	77f8c850-b4e6-46a1-ab12-a50e0044a0c8	6ea79640-5376-40fd-b9d4-e846335579d2	0.0091879319730135	0.7488741896639889	0.1539349751744387	0.0880029031885588	0.0100745188829402	0.168788887281146	1.6684445471575595	1.584962500721156	0.2277809534893239
SC001	78a24c56-576c-4245-bb42-6603b3d19897	785b0c56-bed5-4d19-b7b3-d1a0ceb5d648	9.897233723174372e-05	0.0	0.9034854758095112	0.096415551853257	0.0001095330242067	0.9998904669757932	2.5175644593683595	2.584962500721156	0.3166903053300689
SC001	7a111b4f-46e9-4e34-8024-0b9fdc5cbcd8	b574f6d5-8cd6-4e23-92ac-2a2b64eded38	0.0784355772561569	0.6992890487108853	0.1591805090477211	0.0630948649852366	0.083717736540019	0.169900348603824	1.6104184481623165	1.584962500721156	0.2561084484240695
SC001	7b0622ab-63ea-483f-ae40-d3ea587bdbba	fab452a2-a57a-4d63-80bc-2ad2b5a20f03	0.072332283126866	0.7861867608003563	0.0595813470135097	0.0818996090592679	0.0787847209745229	0.0648963311653311	1.5648944939967482	1.584962500721156	0.1993081752385472
SC001	7b89166e-c5b8-481b-aa70-495141499b91	de0e8b86-5791-4e7c-b939-30857cd7b0a8	0.0003464031803111	0.1102221928970852	0.8256602279662835	0.0637711759563202	0.0003699984142925	0.8819000299522526	2.152671274020434	2.0	0.3218279415991473
SC001	7be86a90-6da8-4c01-8a7a-bc5cfef9894f	d342edd9-680a-40d4-bb18-9cd7810bb052	0.0	0.140672681985385	0.7630272338881283	0.0963000841264866	0.0	0.8443369535456786	2.118952477667717	2.0	0.3440492437675819
SC001	7c7d777b-bf00-4c24-97fc-922580d5605f	d00051b0-6181-47be-91c4-79d9530d18a5	0.0003628985698497	0.0939247480329248	0.838576117975026	0.0671362354221995	0.0003890156136721	0.8989266705568228	2.103755076658341	2.0	0.2882299067583852
SC001	7cce924f-12a1-4895-9866-5d4b1869dde6	ce18c482-da4e-4166-a49c-29dc0bfb4472	0.6534483611830494	0.2402223578509806	0.012717945334279	0.0936113356316909	0.7209361578219408	0.0140314479143917	1.169065460034982	1.0	0.275932577301236
SC001	7f6455e8-fa3d-4452-acb2-8c9995073072	48e8bef9-85ff-4b0f-b249-a1f6c63dd100	1.6495389538623956e-05	0.0080002639262326	0.9024132754895008	0.089569965194728	1.811823963183737e-05	0.991194535538927	2.573530796543698	2.584962500721156	0.3092092180703291
SC001	807cc7d2-6e3b-4f2d-9531-0da994eeeada	97df724f-afe1-4db4-9563-853245093fbb	0.2888342708213054	0.612407832010953	0.0260627154710258	0.0726951816967157	0.3114771595275366	0.0281058773302974	1.414300515898919	1.584962500721156	0.2873485153137088
SC001	8214a0d1-5e2d-4a7a-acb1-e5580755db83	ed2389b5-16eb-43e8-87b8-a15304da629a	0.0	0.8513105586988436	0.0671857215908153	0.0815037197103409	0.0	0.0731475162530081	1.6301684754029826	1.584962500721156	0.166315449250065
SC001	82476d2d-e403-4f6b-8dd6-cc84e3329478	9ed482d9-2aea-4200-a994-107a1e88f17b	0.0079342823680781	0.4409382577569569	0.4630090889596358	0.0881183709153291	0.0087010003436985	0.5077513069589913	1.8131091219159072	2.0	0.2723086165763407
SC001	83a6ed20-b3cf-48b9-8ed3-a080cd4951fa	df25f146-a833-4bfd-adf7-b41b6a7f797e	0.3079029411279547	0.5702456163502301	0.0343104102403378	0.0875410322814773	0.3374430544507918	0.0376021404295321	1.4037000545959994	1.584962500721156	0.2997727050202096
SC001	8609edfc-119d-4d63-9188-c86aabd5ca52	a06a952f-aaea-4471-8004-26108e382a9b	4.948616861587186e-05	0.8680698744700857	0.0507233228312686	0.0811573165300298	5.385706335385886e-05	0.0552034899377053	1.6210465262216114	1.584962500721156	0.1536746777081115
SC001	86dac334-f30e-438e-810a-8e45f69dbb7e	a1283c20-bb35-40bb-91f7-e21b3307f031	0.004866139913894	0.0481500420632433	0.8723751711396664	0.0746086468831961	0.0052584670231729	0.9427094474153298	2.466234578065396	2.584962500721156	0.4185285974565252
SC001	875333ab-9048-462d-aaa2-693ad127e3cc	d994817a-474e-4f92-8a78-7586caa85d52	0.0004123847384655	0.1679890470613463	0.7413357966448377	0.0902627715553502	0.0004533009374263	0.8148900291925804	2.177311371679355	2.0	0.4158566931446311
SC001	8981f0c9-7155-4c96-bf77-7d40fe404323	a096292c-055c-4243-b625-1e2a5f31e3d6	0.0205532553651254	0.234811870082312	0.651139006647642	0.0934958679049205	0.0226730961695933	0.718296788281321	2.0138105762350174	2.0	0.3880899167911827
SC001	8a16ddb3-4861-4128-bed9-0b1f94fe8cf7	cd1bdd0b-eae2-4fc5-8da2-4d13926c7885	0.0153242168813816	0.3140392260363228	0.5848275407023736	0.0858090163799218	0.0167625990148138	0.6397214052434997	1.8995828828331955	2.0	0.3133155358025845
SC001	8c695c24-e7f9-449a-9258-a1bc8a33bf9a	82c59ef8-ba24-4538-a643-e07e604206a5	0.0004288801280042	0.1370107055078105	0.7723966151460667	0.0901637992181185	0.0004713816922602	0.8489402976956687	2.170982950126583	2.321928094887362	0.3247691169078407
SC001	8cc6bcec-65df-46a9-a88c-09762a132857	4bbc2e4d-c9c2-4142-924c-c4d939522ddd	0.2251455718126783	0.6396747109182983	0.0738333635748808	0.0613463536941424	0.2398601152818782	0.078658793757908	1.483954838951958	1.584962500721156	0.3290431638320221
SC001	8d0736fe-261c-445c-bfd2-a3ea3ceaf367	9ee35460-266a-485d-966d-b235fe620ccc	0.0008907510350856	0.2525609092258714	0.6596176368704947	0.0869307028685482	0.0009755568803858	0.7224179357939046	2.055574377795951	2.0	0.3563613921136692
SC001	8e2aca86-7cba-4631-9f25-4d14219dbc6d	e48c5428-b22b-40a8-8f42-193c68e48f07	0.3322006499183478	0.5732972634148755	0.0256503307325602	0.0688517559342163	0.3567645131003206	0.0275469893177912	1.3879099692867412	1.584962500721156	0.2971310019795758
SC001	8e41153b-9faf-45c3-8397-8a428ef5c0d5	482c1c70-ae61-45da-b1c0-4303abdda2cd	1.6495389538623956e-05	0.2396120284380515	0.662322880754829	0.0980485954175807	1.8288556849978968e-05	0.7343221346403556	2.0267772755220905	2.0	0.3376866171860231
SC001	8fdbd88f-19ae-4ab8-bcd7-6bfa1bbde742	92514fd2-a178-42e8-8929-0910558e7f87	0.311268000593834	0.5834584233706679	0.0194975504346535	0.0857760256008445	0.3404723670678238	0.0213268859498764	1.4026875113874282	1.584962500721156	0.3128923881415598
SC001	9536e32d-2707-48d2-a36d-08c521665bb9	cfe0f0e4-d8bf-40ce-99f1-2bf99ceca18b	0.010656021641951	0.0079177869785394	0.892219124754631	0.0892070666248783	0.0116997192791813	0.9796069908539348	2.3664558945880074	2.321928094887362	0.3273074897243274
SC001	9582b436-145b-4f84-8f7f-8b39b8254cc1	5e686ec3-9100-4153-9a90-8b7fb8d4ba0a	0.0001319631163089	0.3453309799910924	0.5655444303317223	0.0889926265608762	0.000144854059535	0.6207901788947635	1.9768780349060648	2.0	0.3487869117722426
SC001	967d6548-5a84-4b7e-bc3f-2e522859fce6	32c4dcd3-8cc1-4a7d-b593-b8d0b7541c1b	0.0007257971396994	0.1352127080481005	0.8056018342873167	0.0584596605248832	0.0007708614376565	0.855621156642548	2.07980459681942	2.0	0.2848288306910564
SC001	96d93e23-bb0d-46a8-9685-5ed0d6b83059	f6e030dc-ed9a-43c5-8d47-bf2f039e780d	0.2487669696319878	0.6492915230193161	0.0059713310129818	0.0959701763357141	0.2751756226621659	0.0066052367484718	1.429132227066337	1.584962500721156	0.2734139537783456
SC001	96dfa373-4597-49a5-942e-d9b4dc5d28fc	5efd5b2c-3db1-4153-b01f-8f0087d96940	0.2781617537898157	0.5169325173613974	0.1423222209392474	0.0625835079095392	0.2967323021696669	0.151823892730824	1.4763058893386651	1.584962500721156	0.3671121020450624
SC001	9759bf3a-74ff-433f-99bb-f9406f222ed2	a1733a18-9fe8-4fed-a8d4-0d9dea6cefba	0.1174471735150025	0.5741880144499613	0.2224073371492667	0.0859574748857694	0.1284920233884357	0.2433227459756009	1.6150829543402556	1.584962500721156	0.3097151578999899
SC001	97831d28-ab41-4c18-bfc2-c4c6bc757d13	96a05d4b-3731-4b98-b38f-a6b33cd6ed96	0.013113834683206	0.1206142883064183	0.7768668657110338	0.0894050112993418	0.0144013912287375	0.8531420393819177	2.1710206206693634	2.321928094887362	0.3822115277962576
SC001	98ef41fa-3015-445a-bbdc-984361c911f7	cea128ca-4e69-4bf4-be47-e0481a809727	0.1649044092176236	0.7499628853735381	0.0249245335928607	0.0602081718159774	0.1754690818457866	0.0265213346672985	1.49309463404209	1.584962500721156	0.2396277387966026
SC001	9a2a226e-9605-4214-9320-469305e664e6	58dcad42-2e30-4cb9-ada6-5e72c4bcf406	0.0023753360935618	0.2003365059465879	0.7249393794434456	0.0723487785164046	0.0025605917812116	0.7814783861159024	2.076517223459812	2.0	0.3456455153467005
SC001	9a50e7e4-831d-489f-87d2-979e987561cc	e4416303-50b0-4316-bfee-030c7b29fac6	0.0288999224716691	0.8365471850617753	0.0494531778367946	0.0850997146297609	0.0315880571181306	0.0540530794749747	1.5889187267700255	1.584962500721156	0.1417904150669461
SC001	9a63f744-4ed4-4b4d-aac6-f9bda66aa563	d845174b-1a04-4d22-b34f-c48d7ae35233	0.673770681094634	0.2033551622321561	0.0366857463338996	0.0861884103393101	0.7373190367883317	0.0401458536409256	1.145827722855895	1.0	0.3749447403209262
SC001	9a9bd705-1ef1-4a6c-bb1e-bdd346dc01c0	d1f3852d-d23c-41af-9ec0-19c4ba1b1da5	4.948616861587186e-05	0.1312538145588308	0.7773287366181152	0.091367962654438	5.4462275796964633e-05	0.8554934282187205	2.190096447005178	2.321928094887362	0.3388448727948856
SC001	9b38eded-3f46-4aaa-9991-68008d97bdbe	7f56df3f-b649-43d1-ab46-ad460233e46b	0.0034145456344951	0.0108374709268759	0.8797156194843542	0.1060323639542747	0.003819540548021	0.9840575698865208	2.4786561185908145	2.321928094887362	0.3947213108651617
SC001	9c894668-88f5-4308-a1c0-6b8acc6aaaec	7ed47e1b-1d36-4f8a-a101-3ef0756ad08f	0.3027893703709813	0.4597594972205268	0.1378519703742803	0.0995991620342114	0.3362828615920125	0.1531006686818723	1.4825814502306578	1.584962500721156	0.410140750561429
SC001	9ca1a26c-82e0-48b3-b3bb-2ed57086eeb1	ff0ad6a3-94e2-4dea-a9c8-7c790d65e56e	6.598155815449583e-05	0.1106015868564736	0.8202662355871534	0.0690661959982185	7.0876745339854e-05	0.8811219788787299	2.1728336381675946	2.0	0.3336724578395548
SC001	9e22a3af-7f28-4757-8684-ed64a2a27ad1	4ed3eaec-0085-4115-bbe7-27645b6a3a8b	0.0126354683865859	0.4578955182026623	0.4673968625769097	0.0620721508338419	0.0134716848399577	0.4983292296869504	1.8528302135530583	1.584962500721156	0.3361791922413296
SC001	9ee20c0d-a1c3-47f3-abda-131b3f190f52	bdd75bca-6224-4743-a367-cb1ff01e8121	0.0950959206901671	0.5903040100291969	0.2292364284182571	0.0853636408623789	0.1039712884143702	0.2506312220458808	1.6604401544280454	1.584962500721156	0.3489374166106883
SC001	9f4f2ff3-3c02-4281-a398-b0d0955e58eb	b2e72f91-58fb-4a15-9a13-09c93b339bc6	0.0	0.0003958893489269	0.9301255299143888	0.0694785807366841	0.0	0.999574551062736	2.2830352154118243	2.321928094887362	0.1127978625340902
SC001	9fcdccae-676e-4071-93c3-23d2d3ab0c00	f9455bbc-a475-476e-bd97-6137fb011e65	0.0515480923081998	0.8005542450884978	0.0641835606947858	0.0837141019085165	0.0562576510405415	0.070047526463599	1.5811262346979036	1.584962500721156	0.176924471345785
SC001	a046888c-f153-4f35-a1b6-23dd1691a91a	f274b7e1-4f18-4f90-851f-5c2d8b984fd3	0.3411246556587434	0.5537502268116061	0.0063672203619088	0.0987578971677416	0.3785050150084194	0.0070649388681455	1.3669166935397532	1.584962500721156	0.2893309492390047
SC001	a0e57b39-960e-4e46-8aa0-d0ee2fd9a7cc	4a1d97dd-fdd4-4c57-8dda-7b320237af36	0.0194150734869603	0.2323045708724411	0.6573082823350873	0.0909720733055111	0.0213580605356754	0.7230892066487624	1.9853316976660276	2.0	0.353759980244695
SC001	a244a99a-d7cc-4fb1-bc76-b66886481621	9ab40e48-6979-43cb-9acf-1d4f474cad4d	0.0081817132111574	0.2536825957144978	0.6501492832753245	0.0879864077990201	0.008971043064624	0.7128723615909132	1.9564656101333624	2.0	0.3023218232019692
SC001	a391d49f-a822-460b-981c-6fbe1868ee38	5d7dae28-fc9f-4160-83aa-122f999668b0	0.0133942563053626	0.3280438117546146	0.5593421638651996	0.099219768074823	0.0148696161734544	0.6209529739232347	1.9479666600461447	2.0	0.3619584719251829
SC001	a3de401d-91fe-49a2-bb07-81c1a06506e6	ed61ac6a-f21f-4b88-928a-029340d4aebd	0.0027382346634115	0.2639922141761378	0.6378437226795111	0.0954258284809395	0.0030270979977387	0.7051314781720704	2.041545664887776	2.0	0.3500375560679
SC001	a41c46da-7ed4-4192-bd16-b3cbb94a5133	e190a9e4-10ae-4060-a071-4b8b73479023	0.0015670620061692	0.2724378536199132	0.6390148953367534	0.0869801890371641	0.0017163504968383	0.6998915989159892	2.026661965831903	2.0	0.3509039530800094
SC001	a5f2576a-d628-47de-a5df-76a4f3105dcc	72218786-f74e-4746-9447-26ca882b83a5	8.247694769311977e-05	0.0001484585058476	0.9285749632977582	0.0711941012487009	8.879890599747812e-05	0.9997513630632072	2.75786244024451	2.807354922057604	0.2488349507682729
SC001	a815619f-dbba-469f-a1f7-dfbd51cd86c5	b08432a7-891a-41ee-a2c0-10a994d01e00	0.1481285980568431	0.7184566913547663	0.0757468287613612	0.0576678818270293	0.1571936212298913	0.0803823060899399	1.5254255828966357	1.584962500721156	0.2584207008317888
SC001	a816e355-be6f-4d16-b051-b6d86ed8cded	ccdde798-056a-4cc9-8aa8-63cf283691d9	0.1675931577124193	0.7216073107566435	0.0231925176913052	0.0876070138396318	0.1836852762510847	0.0254194388197859	1.48739458989998	1.584962500721156	0.2432393778909634
SC001	a905d275-9283-4fa6-bbbf-46019bd1bcb7	e3ab8511-d37d-4cec-a954-cfc616b2cefd	0.0072744667865331	0.0473582633653893	0.8810187552579054	0.064348514590172	0.0077747611156165	0.941609957335778	2.343279783603484	2.321928094887362	0.331579338733335
SC001	a9644274-13bb-4228-9b4f-14260ccc26eb	ec52b227-65eb-406f-a02b-f4cd1fdf6b3c	0.0008907510350856	0.0043877736172739	0.9013245797799516	0.0933968955676888	0.0009825148741835	0.994177689634468	2.5698223547189736	2.584962500721156	0.3343124638756309
SC001	ab8d7f84-dd71-42c7-9471-4db967a9c89c	e273b4e3-35dc-4f46-a668-70d6eb8bf4fc	0.0011216864886264	0.0920607690150602	0.8237137720007258	0.0831037724955874	0.0012233516236394	0.8983718629126562	2.1851361724218785	2.321928094887362	0.3095290394067114
SC001	ab9e6815-4d13-44db-93e5-553eb4f5bc95	5e72a9b0-5f80-462e-a586-262f573dc62c	0.0090889596357818	0.4532273229632317	0.4429012091120531	0.0947825082889332	0.010040636332161	0.4892760172749968	1.8827756505135729	1.584962500721156	0.3608684407087278
SC001	abab925c-bef3-4072-b9c4-40f808744593	51206ca4-92c3-4fab-94a7-7f38aa4e0bee	0.3606716922620128	0.5144582089306039	0.0409745476139419	0.0838955511934414	0.3937014962997641	0.0447269387975583	1.3764105644460063	1.584962500721156	0.3222064215491363
SC001	abd6647b-d2eb-404d-8283-443e92addf55	ee6445a5-22e8-42d8-a2e3-8f0058066352	0.1020899658545436	0.3637398347161968	0.4406743315243389	0.0934958679049205	0.1126194158857246	0.4861250113729415	1.7838101810265865	1.584962500721156	0.4189324184941468
SC001	aee86a89-0377-4080-b16c-408bfbe78687	e54ef0f0-38a5-4226-9a6a-c76aa12de589	0.009253913531168	0.0635237451132408	0.834056381241443	0.0931659601141481	0.0102046384720327	0.9197453387903592	2.2251167278311077	2.321928094887362	0.3557837563118579
SC001	afb91740-2668-46d7-ba01-bb26153ad1c7	bfde37f2-ab6f-4426-a33d-ef9d21772f02	0.082246012239579	0.5113240849182653	0.3221384622997872	0.0842914405423684	0.0898167996685461	0.3517914722677571	1.697209714677876	1.584962500721156	0.3226128382658235
SC001	b2285924-9813-4f46-bb8f-91a0efd8a9b6	fdbfdf52-c0cd-4fbb-a910-b747516dfef4	0.0031176286227999	0.2635303432690563	0.6438645398611088	0.0894874882470349	0.0034240371027935	0.7071451864197978	1.997015795156984	2.0	0.3348387681520933
SC001	b266cbf5-80de-4473-b16f-08c502d365ca	586803bd-5ffb-4d14-8dc9-3e540a683afe	0.0198439536149646	0.8989822344654669	1.6495389538623956e-05	0.0811573165300298	0.0215966824048974	1.7952354451286285e-05	1.5723187499201527	1.584962500721156	0.0852777281380007
SC001	b40d0849-f4ef-4a14-9732-9beb708cb46b	7ec420fc-c770-4cb8-a186-8ce94f791444	0.0353826105603483	0.8366296620094683	0.0429539943585767	0.0850337330716064	0.0386709454099661	0.0469459868753154	1.5899372508856042	1.584962500721156	0.1804325803227477
SC001	b56dad1e-2fd5-47d8-9cc7-a54be9a1bae2	98bbbf97-fbf4-4cbc-9536-f11febbf350b	0.0759117826567474	0.7560496841132903	0.0782706233607706	0.0897679098691915	0.0833982711440532	0.0859897428462695	1.5720795956615807	1.584962500721156	0.2084151094657133
SC001	b61abdfd-b7a0-4e1a-b570-d1eaecad3a9e	9edea53d-ad06-4b5d-bff0-48e834c3684f	0.0	0.4473714596770203	0.4632235290236379	0.0894050112993418	0.0	0.508704237088564	1.843038428768797	2.0	0.2855719110556337
SC001	b8475929-2d9d-4909-bd62-59684a140bd7	c7f76210-d0f2-4fb8-80f1-35098dbe03de	0.0	0.0566616630651732	0.8549230490078024	0.0884152879270244	0.0	0.937842679550513	2.211852412907963	2.0	0.3445427982512337
SC001	b86b1616-20a2-4300-8daa-03dcc9938215	43ab9d3a-9e4e-49a1-8044-280850a5cd7e	0.0431519390330402	0.782293848869241	0.095887699388021	0.0786665127096976	0.0468363948866688	0.1040749095857055	1.6082297217767978	1.584962500721156	0.2088059448660785
SC001	b87a5d92-4c09-48fe-bb08-b3c89a7c892e	7f64139d-0e81-4bbd-9719-85d0ad471ed5	0.2527588539003348	0.6059746300908896	0.0538574468436072	0.0874090691651683	0.2769684043091606	0.0590159785987998	1.4490230510823203	1.584962500721156	0.2975967747843805
SC001	b8b5ed35-b299-4c1e-9226-5ca055dc7a43	b4cff170-45a5-488f-8dbe-07e934f683d9	0.0570575524141002	0.815020701713871	0.0660475397126503	0.0618742061593784	0.0608207905471937	0.0704037136024757	1.5787014314973684	1.584962500721156	0.1865482062615812
SC001	ba49117e-dab6-4e7d-bc44-f11dcafa1318	d69112ac-842a-4ac1-82be-af6fac624ca4	0.1979611698530261	0.6558896788347657	0.0651237978984873	0.0810253534137208	0.2154152680799124	0.0708657177218143	1.4957143707447995	1.584962500721156	0.2947211264847269
SC001	bab43415-d413-40be-a4c0-2c40a52afe6a	dd9a6c68-b8b4-4168-9ff9-72a45f20c44f	0.1323260148788413	0.5857182917374594	0.2153638058162743	0.0665918875674249	0.1417665146856112	0.2307284487329021	1.6141618729010605	1.584962500721156	0.3302326227863262
SC001	bc4c4079-b449-485d-84e4-a40496e563e8	7901609b-ec53-48e1-80ee-489fa4187ebb	0.0659485673754185	0.5840687527835969	0.2838196724015637	0.0661630074394206	0.0706210697378647	0.3039284957252879	1.744975054967331	1.584962500721156	0.40211990727231
SC001	c0c879f7-c332-4d31-9f7e-a3bf361b36ee	a9c846b1-9ee0-4f96-85bf-b7dd53c4230c	0.03859921152038	0.3301057354469426	0.5640433498837075	0.0672517031489698	0.0413822374703781	0.6047112085735508	1.8959422766886675	2.0	0.3549976207252783
SC001	c1a01e8c-1f7e-4e24-bfad-90b73f88e992	d0090140-e835-484e-bef0-e83011931b66	0.4683370997806113	0.4033782557775102	0.0387971561948435	0.0894874882470349	0.514366462552991	0.0426102395014312	1.302024706636202	1.0	0.3218645623397723
SC001	c2a1de2e-6451-4c95-8ce6-263f2b7e6eff	64fb8eba-a055-4128-92ca-695a3a6f8ebd	0.0842584497632911	0.7496989591409201	0.0839780281411345	0.0820645629546541	0.0917912593444508	0.0914857676825762	1.5691482298604766	1.584962500721156	0.2170574688949069
SC001	c353f949-5f66-4a2c-b8f0-17be8bf19e0a	f9e817fa-fc13-419f-9039-ee7422f0d10d	0.0	0.0178480114807911	0.8876663972419708	0.094485591277238	0.0	0.9802896438655616	2.2483510154329025	2.321928094887362	0.2499386725213435
SC001	c497f8c7-2fb5-44d9-bc7c-69cfd0b51b54	fbce7d71-f82c-4457-a1c5-53edd05a0ea4	0.0210481170512841	0.3518301634693103	0.5663197136400376	0.0608020058393678	0.0224107346716546	0.6029822435323252	1.9267315069985795	2.0	0.3611760849369592
SC001	c4c1469d-752f-42b6-8686-714ad4a8ac97	4afc6152-819b-4e55-817d-df8a42eb0d36	0.001402108110783	0.1370436962868878	0.7705986176863566	0.0909555779159724	0.0015423977934638	0.8477018272877388	2.0544378625282893	2.0	0.27663738971452
SC001	c583fdd1-8cd2-4c15-a23e-0644261f65da	8010b0ae-f003-491e-aa81-36a9dff7de96	0.0015505666166306	0.0030021608960295	0.9064051597578476	0.0890421127294921	0.0017021276595744	0.9950022634676324	2.6860574351034185	2.807354922057604	0.2847972632096606
SC001	c6b680e3-d96e-4fc7-8053-77454b7a14fa	3d39d81b-c341-426c-b979-560c429b3af2	0.176731603516817	0.611220163964172	0.1500420632433235	0.0620061692756874	0.1884144625773776	0.1599606077658975	1.5417537265756664	1.584962500721156	0.3015681827025132
SC001	c95957a7-1a1a-4c8d-bb61-7c99b500f224	ad9a794f-52dd-4572-bf29-cd3d11ba6c24	0.0076043745773056	0.4344720650578163	0.4610131468254623	0.0969104135394157	0.0084203989186819	0.5104844012566669	1.8370777835444767	2.0	0.2873963185947237
SC001	c9c533ee-e154-4a56-bce9-b5af37574b2f	e7a733ac-55e0-4395-ad3b-7cfc5b526d01	0.021625455685136	0.2791184863830559	0.6096201111789255	0.0896359467528825	0.0237547337331714	0.6696443131783507	1.9417910667165013	2.0	0.3489723756158996
SC001	cbf1f718-6bb7-4daf-b9d6-fb294281decb	d516aff8-1bb4-4627-885a-0c247ae4ae57	0.0	0.0372630849677515	0.8718473186744305	0.0908895963578179	0.0	0.9590114854934408	2.269580009120589	2.321928094887362	0.2668090536197879
SC001	cbfef004-b437-4d51-9d88-a2db50aa6481	a6096034-3c2c-4c96-88fe-56a22c2d167c	0.0960856440624845	0.7449317915642578	0.0731240618247199	0.0858585025485376	0.1051102529863943	0.0799920603414053	1.5594599175855528	1.584962500721156	0.2293427444507251
SC001	cd9e70e4-8622-4a07-8646-63f8275c1737	21483940-2c8f-411d-b36f-fb927cfbd6d4	0.0309123599953812	0.3803836827606684	0.5290731240618247	0.0596308331821255	0.0328725792871176	0.56262278978389	1.893207107716825	2.0	0.3675082214226263
SC001	ce15f31f-2bad-4485-96fa-495bfa262e66	44b1d21c-0794-428c-ba01-82812d74da2f	0.0002309354535407	0.8873364894511984	0.0334526499843293	0.0789799251109314	0.0002507387839168	0.0363213038416763	1.6113511631313702	1.584962500721156	0.1398677338166003
SC001	d12b6930-9ae4-4fe7-ad69-d183135c91ab	55b07618-5b99-436f-a0dd-fe96a13851d6	0.2249146363591376	0.5469376309321544	0.1353446711644095	0.0928030615442983	0.2479226139607614	0.1491899558157717	1.5013837415933844	1.584962500721156	0.3233815927024783
SC001	d2824e6d-3784-45c2-9b0f-52b17356b5da	f9f9c1dd-8462-4560-82b8-aea4309854c9	0.0172541774574006	0.2175906834039885	0.6804018276891609	0.0847533114494498	0.0188519419662972	0.7434081283229702	2.001931917244306	2.0	0.3552087293287759
SC001	d28e465c-e553-4c53-8bb7-3d8199b9a8a5	f8961f5c-e28b-44a2-8e4e-b5759fe2d849	0.0153737030499975	0.030219553634759	0.8606964353463207	0.0937103079689226	0.0169633431618798	0.9496924028976012	2.40868608188928	2.321928094887362	0.4037958116210318
SC001	d2c1e896-6886-4122-bb48-5fbcd3f641f4	c9e092b2-d6c3-4161-bd9e-0fa4015bebbb	0.1253319697144648	0.710357455091302	0.0698579746960724	0.0944526004981607	0.138404648705758	0.0771444705539464	1.5350533750670503	1.584962500721156	0.2454652418832167
SC001	d31aeefc-b59b-42e9-9919-750b17a70a3d	b8e996d3-14b1-465f-b1e3-d6849b144be1	0.0117612127410388	0.1977962159576398	0.7075367434801972	0.0829058278211239	0.0128244329730021	0.7714984621472382	2.1356265024623937	2.0	0.4301042811287543
SC001	d3e23815-7f9d-48aa-9aef-3a1dd9d464d7	ddbe2867-b02a-45d6-8514-921eaf6074ea	0.0002639262326179	0.9424640812892796	9.897233723174372e-05	0.0571730201408706	0.0002799307171475	0.0001049740189303	1.5848423199031303	1.584962500721156	0.0106703783781002
SC001	d5326429-9805-47f9-97b0-fbda658e3f01	af744755-51eb-4daf-9029-5cf88730b1dc	0.0366527555548224	0.3271695561090675	0.5415931247216403	0.0945845636144697	0.0404816994297582	0.598170853905154	1.922955430653921	2.0	0.3900847384960391
SC001	d63c028b-b6d3-49ce-b63e-261eed3b86df	baa282a3-b78b-4be7-9756-4e4c6298f8a3	0.0318361018095442	0.4628936212328654	0.4424558335945103	0.06281444336308	0.0339699023145296	0.4721112382293408	1.8238245746274628	1.584962500721156	0.3399822691229794
SC001	d717fa33-3c91-4ced-89c6-79ff5542f04c	feec7fa2-1f3f-4cbe-a89c-df01d13a9299	0.1869422496412252	0.5700641670653053	0.1564092836052323	0.0865842996882371	0.2046628381550908	0.1712355979340484	1.53631160946333	1.584962500721156	0.3117097797862507
SC001	d8faa3a7-6b3f-4e69-8c88-184e41055bd7	dc242475-d2c0-4c6a-b227-f6a21a27179a	0.0676970786665127	0.3894066608382956	0.4561799976906455	0.0867162628045461	0.0741249142072752	0.4994942744644727	1.790508917012243	1.584962500721156	0.3486709290966868
SC001	db0b9e63-4272-4f29-bf0e-1ec0fe79a9d7	7b1d8b50-f3df-4aab-a654-c3810d8d576d	0.0039094073206538	0.2088811177275951	0.6874288636326147	0.0997806113191363	0.0043427273060431	0.7636237035951186	2.0460518934938947	2.0	0.3475483538784359
SC001	dd46c83e-6551-485b-b935-f3beed891244	bdab4848-dfb5-4b58-9d79-4ab0f0f80cbd	0.0037939395938835	0.0753839301915114	0.8346667106543721	0.0861554195602329	0.0041516245487364	0.9133574007220217	2.1267851864271887	2.0	0.2652668271437141
SC001	ddeacccf-0953-4952-8a4e-c2617f2e7bcc	37a8d3a5-baa0-427c-ab43-48ae4b93633b	0.0022433729772528	0.625125777345232	0.3129670257163123	0.0596638239612028	0.0023857137845139	0.3328246149528119	1.7387606376790354	1.584962500721156	0.2493541613247381
SC001	e0a19099-5d25-40df-ad73-6260df3a1b32	84e27f5e-ce0d-4bb7-9ae8-5b12162bb801	0.2001055704930472	0.6250433003975389	0.0734374742259538	0.10141365488346	0.2226893070215695	0.0817255621844883	1.497639208531463	1.584962500721156	0.3071464250713038
SC001	e10568fe-0436-43f2-9f0f-48f9903868c4	3b2ed302-d8f1-4078-95f0-3b5c5b322deb	0.0265080909885686	0.4277419461260577	0.4551077973706349	0.0906421655147386	0.0291503410245247	0.5004716296618779	1.907038514441736	2.0	0.4000550884700237
SC001	e21e2af3-dc71-41fa-94ba-7a7929f47d90	ed940a3c-39ed-4127-9174-03ffcf448505	0.1307259620935948	0.7516619104960164	0.0575524141002589	0.0600597133101298	0.1390790074058474	0.0612298620617036	1.5354210603081864	1.584962500721156	0.255917006132826
SC001	e254aaeb-012c-4d92-8a03-cce1f6a2bcd6	f0054242-3f54-41d4-9f74-94f61fefbfbc	0.0501459841974168	0.827342757699223	0.0408755752767101	0.0816356828266499	0.0546035851564464	0.0445091065847612	1.5720205956605424	1.584962500721156	0.1636778870964036
SC001	e2b0d873-4942-4483-9a88-d5c6338d0382	66e63d23-d3e7-4c6a-b099-4000ebaf8c71	0.3665770417168401	0.4758589974102238	0.0846048529436022	0.0729591079293337	0.3954270462633452	0.0912633451957295	1.3952887874845965	1.584962500721156	0.3541368099375155
SC001	e43a2b72-35c6-4466-9007-ce96caf77ea8	a08a22c9-5b3a-4748-89af-0fae50522f1b	0.4294904574171519	0.389654091681375	0.1219174240799696	0.0589380268215033	0.4563891323400526	0.1295530236634531	1.373137897185264	1.584962500721156	0.3718743352062289
SC001	e51f717f-72e8-400e-9f35-fc5dc32fdf71	97025733-075c-49a4-a587-ba54a1714207	0.0339145208914108	0.2943932170958217	0.5672269600646619	0.1044653019481055	0.0378706944188616	0.6333947319948425	1.9492735802861008	2.0	0.3909615892175165
SC001	e5cb0c86-8fe2-4cfc-b32b-e8ec3839ffc4	c52909f8-5d3f-4db2-952a-8c13814ddfb0	0.2773039935338073	0.5618989492436864	0.0715734952080893	0.0892235620144169	0.3044698808273264	0.0785851414496323	1.436631336700211	1.584962500721156	0.3192028701139649
SC001	e60a8f8a-0fe6-40e5-9f30-bcff48ac73f4	fceb89f9-c4db-42b4-84dd-06a8603c071b	0.0026887484947957	0.279596852679676	0.6510565296999489	0.0666578691255794	0.0028807748047082	0.697553992435757	1.9803411726111608	2.0	0.2990454938308523
SC001	e68219b0-a9c2-49df-8f0d-db5ea97fd2dc	8d9491e7-9b14-4988-8fa7-e6af041120bd	0.0259637431337941	0.6682942117678109	0.2243043069462085	0.0814377381521864	0.0282656322953704	0.2441906403763962	1.6866399994074517	1.584962500721156	0.2466271527431129
SC001	e6e75590-9520-4b1c-8a28-4a1d2b2218fc	b187fc64-f51c-4be1-8f97-0075472aafd4	0.0838625604143641	0.7207000643320192	0.1119377134091021	0.0834996618445144	0.0915030327027951	0.1221360306689944	1.5821508671799929	1.584962500721156	0.2288427999033403
SC001	e8060c45-451d-4779-9584-f284db47e63e	f40fdd2f-868d-4cda-952e-bd385e8cc84c	0.2936509245665836	0.6139748940171222	0.0063672203619088	0.0860069610543853	0.321283545994333	0.0069663773033261	1.400002132519364	1.584962500721156	0.2775402981729426
SC001	ebcba7f2-ce13-4bae-97cd-91a6b1dcd465	7ecb9621-7a1f-4876-9dfb-9b77cc4cb7b4	0.2611715025650331	0.5662372366923445	0.0799531530937103	0.0926381076489121	0.2878360935880888	0.0881160579562601	1.459575663745432	1.584962500721156	0.3265425393612568
SC001	edf80622-aea2-4b50-bb69-691d6708aa83	81fb5fa9-d901-4faa-b909-376b8676d2bc	0.0	0.1268330501624796	0.7773617273971924	0.0958052224403279	0.0	0.859728176593998	2.234227062256157	2.321928094887362	0.363674376925487
SC001	eeab558b-8d1e-4843-861d-dbfb06061758	74bcf2d5-fd42-423e-bd96-b2de1b0cf778	0.2823020965640103	0.5656434026689541	0.0641505699157085	0.087903930851327	0.309509169168445	0.0703331283683582	1.4354191053132537	1.584962500721156	0.3195831531181523
SC001	ef42ae4c-a108-468e-beed-437cf3cf2962	5b90379e-83f2-459a-be36-bd7ebbb6bfff	0.3452485030433994	0.5401910166108572	0.0239513056100819	0.0906091747356613	0.3796481044803192	0.0263377471431162	1.3715645197463522	1.584962500721156	0.306249760864366
SC001	f0c94f68-bfd9-45cb-b4fd-8bb1ae4e9a2b	96bdafe1-b0fb-4126-9734-1374d615ef6d	0.0708147072893126	0.8479290038434257	8.247694769311977e-05	0.0811738119195684	0.0770708412624322	8.976338372051272e-05	1.5399162038539065	1.584962500721156	0.1560734380999206
SC001	f2d8b332-2f03-46e5-a9d5-f163972e5fa7	826d2a46-4a89-4398-8a22-1ba7fefe4a7b	0.0012206588258581	0.113125381455883	0.82006829091269	0.0655856688055688	0.0013063357282821	0.877628117993892	2.2463048500795195	2.321928094887362	0.3236571207056902
SC001	f4350d9c-3f40-4829-bbc4-8acb2f3ff512	a05b004e-8a92-4520-a3e1-85ed60db14fa	0.0528182373026739	0.7582930570905432	0.0967784504231067	0.0921102551836761	0.0581769290866476	0.1065971402096695	1.6011904205692888	1.584962500721156	0.2199583834847416
SC001	f462cfef-f60a-4d3e-b92d-b8d8f50b6bb3	edba8888-6d1b-43a7-988d-5df420922c80	0.0010557049304719	0.2603467330881018	0.6496214308100886	0.0889761311713376	0.0011588114939615	0.7130674102373753	1.956526432192151	2.0	0.286475125801674
SC001	f587c9ab-2949-4410-80d6-a050865d48aa	9ce83cc4-7b9b-4ce7-98f5-5ce8a8d70902	0.0001814492849248	0.2190257822938488	0.690398033749567	0.0903947346716592	0.0001994813484939	0.7590083963513048	2.026227806007266	2.0	0.3451765146334302
SC001	f7f9f522-de88-4f9c-8ba4-7be3726faaf8	e71a1971-e1c7-4cd9-ae0a-9458a053042d	0.0640351021889382	0.4629760981805585	0.4041700344753641	0.0688187651551391	0.0687676037625551	0.4340401410072452	1.7691972772607796	1.584962500721156	0.3513787004101287
SC001	f98ecd8a-b878-4f53-b911-20cd8e17281c	8f274178-7a8e-46b6-8d2c-900338bbb946	0.0	0.2051366643023275	0.7051614073866355	0.089701928311037	0.0	0.7746489082178128	2.035879485660936	2.0	0.3189301609359284
SC001	fa0c7392-d485-41ac-bf7e-244a528209ae	b307dae9-2cc8-4afd-a268-84788309ac61	0.025221450604556	0.8222291869422497	0.0673836662652788	0.0851656961879154	0.0275694194013703	0.0736566895059502	1.5993155573556934	1.584962500721156	0.148699593728477
SC001	fe3eeeb6-0db4-46d7-a020-55604d474c12	e58e47db-7d0b-4ccc-8878-9b1e78e3b365	0.0010722003200105	0.0738168681853422	0.8295861306764759	0.0955248008181713	0.0011854391596148	0.9172016340822876	2.185447654014286	2.321928094887362	0.2891004631429361
SC002	03efbc94-a43d-4db0-9377-e397348430a6	913fecc1-d660-473e-bee1-366644b4077a	0.0389291193111525	0.7485937680418323	0.1286310476221896	0.0838460650248255	0.0424918977313647	0.1404033129276197	1.6285051600557383	1.584962500721156	0.2202170838392338
SC002	043a4745-566b-4106-b159-99cb8b394b81	de7f6b99-ea71-4c44-b412-ab20b1616c40	0.0007093017501608	0.8700658166042591	0.0492387377727925	0.0799861438727875	0.0007709685516548	0.0535195610858105	1.6067241378247583	1.584962500721156	0.0949182586314407
SC002	04d7a52f-a89b-4114-a608-a6254b4d604f	bdf6623f-2750-4141-9a68-732cf82d26e9	0.0003464031803111	0.8732164360061363	0.0449664318822889	0.0814707289312637	0.0003771280798793	0.0489548164643344	1.6050599795394698	1.584962500721156	0.0903219297103628
SC002	0687bea4-911a-4ef2-9fa2-531ef6ba7910	6483a131-0ac0-4d9d-b184-b249e1ac971f	0.014911832142916	0.1865628556818369	0.7618065750622701	0.0367187371129769	0.0154802472729763	0.7908454201414457	2.065941936320461	2.0	0.3443142017875069
SC002	07dc5a1d-64b7-42ba-928e-9753bd533c1e	7cc80938-e5a3-4bfb-a988-e4c876894bcf	0.0226481698365306	0.0931989508932253	0.8016264454085084	0.0825264338617356	0.0246853649766271	0.873732470334412	2.081180872237632	2.0	0.3142967387626884
SC002	0a815133-0edd-4422-89f2-2f067b6f2156	fb1ebc1d-d580-4754-8f48-1dfb7a1054a4	0.0936773171898454	0.8029955627402141	0.0137076687065965	0.0896194513633439	0.1028990759195506	0.0150570755571661	1.5309290548125722	1.584962500721156	0.1873003055387346
SC002	0b8de222-119a-40f3-8beb-12b9d933225b	67d6e183-9565-4e35-be64-30cfb74b2b65	4.948616861587186e-05	0.1550401662735265	0.7573693152763803	0.0875410322814773	5.423385638874828e-05	0.8300310940776628	2.0750144594219857	2.0	0.3203843459934903
SC002	0cbe9848-8eac-4ea8-a36b-fb74b4a33de7	f843e0b7-c3ca-4efb-bc6f-ab3198dcf00a	0.0071260082806855	0.7723801197565281	0.138742721409366	0.0817511505534203	0.00776043257226	0.1510949036233315	1.6431329896306142	1.584962500721156	0.1590570494694532
SC002	0f940ec0-eb0b-422a-a764-a26c8e5c216d	806186aa-fe7d-448a-9f59-c7acbe044621	1.6495389538623956e-05	0.3176352209557428	0.5944278574138528	0.0879204262408656	1.8085471940390285e-05	0.6517280668439043	1.8633326186399537	2.0	0.2094504489164297
SC002	10994156-7c2f-420e-aeb8-11d566b3d5e4	f3db9b58-d60d-41f7-a3d7-6f713272efb5	0.0821470399023473	0.5531069066195998	0.2800917143658347	0.0846543391122181	0.0897442828566794	0.3059955668486782	1.672709910690421	1.584962500721156	0.3075692433698698
SC002	1136dd50-242a-4659-aad4-c53f9e759bb3	7ce1f7c4-c7b2-4a2f-a3f1-b96bef4f6b63	0.0116457450142685	0.2010128169176715	0.7235702621117398	0.0637711759563202	0.012438994309072	0.7728562115686171	1.9709080663063236	2.0	0.2896662083882017
SC002	124b6856-f581-46da-9068-b0a49b999785	729a801d-5238-4020-bbff-73eaaa3a36d0	0.0079672731471553	0.8974316678488362	0.011051910990878	0.0835491480131303	0.0086936174808308	0.0120594693833471	1.5849285481207671	1.584962500721156	0.0714534943182119
SC002	13eff2e5-e33a-485f-9ba4-8a7ccb3c7528	ecf0f65b-bf3c-4d0e-899a-f209247cbe97	0.0033155732972634	0.0540718869076093	0.85866750243307	0.0839450373620573	0.0036194043288796	0.9373536932329743	2.1262019779311854	2.0	0.2882685845190548
SC002	143f2dd6-a280-41c5-9242-442ef91b73ec	73e8948f-809c-4fb4-8174-caaa7f202f76	0.0183428731669498	0.1580093363904788	0.7368325553007934	0.0868152351417778	0.0200867052023121	0.8068822254335261	2.036791186591099	2.0	0.3458232467019534
SC002	14efca0c-882d-4fba-b15c-64af6e213b80	8d529023-abca-4ddc-a265-d5bd1fd48708	0.0	0.1985055177078006	0.714349339359649	0.0871451429325503	0.0	0.782544271774485	2.036345076984087	2.0	0.3065502813357307
SC002	17633a60-e12b-4a7c-bd8a-c16341ddc606	d4d5deb6-6cfb-4e25-9824-8f7dc8d5b451	0.0013361265526285	0.0262441647559507	0.8904541180739983	0.0819655906174224	0.0014554209939986	0.969957235778201	2.212125160900321	2.321928094887362	0.2561201916570705
SC002	1ad0b9b9-7ded-4281-b114-9dcc6138c037	63f1b937-80c9-4399-8544-550b15e9d035	0.0825264338617356	0.8147072893126371	0.0224502251620672	0.08031605166356	0.0897334720378807	0.0244108046059475	1.542603183818522	1.584962500721156	0.1819788270277613
SC002	1fd75c4d-e74c-410c-a150-814722c6c1cc	475f161c-2f7f-43a2-b187-de6038752f39	0.0022598683667914	0.8020553255365126	0.1100242482226217	0.0856605578740742	0.0024715857838715	0.1203319502074688	1.63345898741773	1.584962500721156	0.138643727310495
SC002	20ccd267-74e5-4574-a8e1-028bcd74aaeb	b9e4c00a-fb0a-4727-992b-01bf4be1e73e	0.0347557857578806	0.3178826517988222	0.5619814261913795	0.0853801362519176	0.038000252493372	0.6144426208812018	1.913378663106504	2.0	0.364056136276139
SC002	25c3201a-3dd5-4edf-ad09-104e5c10663e	528f5c3e-6b0f-48e7-a57b-56ccd1ec2352	0.0	0.0516965508140474	0.8590963825610742	0.0892070666248783	0.0	0.94324006157747	2.3355305274516067	2.321928094887362	0.2516572334115186
SC002	269e8ca8-722d-449b-ace1-6545bd72bdd6	be361e78-868c-4c27-aa2a-5492901aee55	0.00047836629662	0.8553519291358065	0.0624350494036916	0.0817346551638816	0.0005209456060932	0.067992383415966	1.6128771558596466	1.584962500721156	0.1054103122797296
SC002	26a41625-4680-47b2-afa9-6a72b148e1c0	7a775f5c-32e5-4d88-b647-e1326ab369fd	0.006664137373604	0.1715520512016891	0.7295086023456444	0.0922752090790624	0.0073415835286848	0.803667157317051	2.017770412146446	2.0	0.2846694521594516
SC002	27d9c162-11bb-48fb-a41a-aa05fcb4c1c2	cd96dee2-5b44-4014-bfbd-4358a461497e	0.0002309354535407	0.825412797123204	0.0946505451726242	0.0797057222506309	0.0002509365309816	0.1028481296266422	1.6354632631266657	1.584962500721156	0.1566627275475807
SC002	286cbae3-8324-43b7-9b20-0f40dda1588e	82e7493d-1346-4598-91c9-a5582b337c21	0.0004453755175428	0.9178529600976528	0.0002804216221566	0.0814212427626478	0.0004848528381848	0.0003052777129312	1.5847876241784844	1.584962500721156	0.0160447481533978
SC002	28d03569-8717-40da-8989-70baf2b18f9f	74e9942c-3adb-47d1-bd92-f97095865ee1	9.897233723174372e-05	0.2550847038252808	0.6560381373406133	0.0887781864968741	0.0001086149780054	0.7199543817092378	2.0194827163092084	2.0	0.3421245268563776
SC002	2a7bbafe-d499-4241-ba3d-a52ba0a5db3c	9ec837eb-3f91-4642-8563-15c725e6424c	0.0716064859871665	0.346271217194794	0.4940369166817874	0.0880853801362519	0.0785232349908651	0.5417578640811823	1.8522954423652744	2.0	0.4200908271520032
SC002	2a971e32-b0e7-4a3f-8c40-62d69c0307d8	8aba8350-b5ee-4ca2-bc99-5c7922a886c4	0.0	0.9188591788595089	0.0	0.0811408211404912	0.0	0.0	1.5849625007211556	1.584962500721156	4.440931960556239e-16
SC002	2b94070a-21ec-457b-88af-3d2a89b97ac6	a34342d8-c1b5-4043-aaad-23d2c63a5241	0.0	0.2350263101463141	0.6723190868152351	0.0926546030384507	0.0	0.7409737119586954	2.013906126257881	2.0	0.3211035261217476
SC002	2c0a725a-e829-4d84-89d9-d0d47f6cfa37	df310e3e-d633-4f03-af1c-861e453e22cc	0.004602213681276	0.8447783844415486	0.0665918875674249	0.0840275143097504	0.0050244016639953	0.0727007509589583	1.6121969520328574	1.584962500721156	0.1161935149799642
SC002	2c9996bb-af6e-4424-881a-e81b9c9aeb78	9e071449-9392-4384-b38f-26722d2d5c51	0.0	0.0894544974679577	0.8220972238259406	0.0884482787061016	0.0	0.9018656918984456	2.274682179251841	2.321928094887362	0.311977488346923
SC002	2d3ce817-b269-4662-a92d-392bd3662399	2575e283-a731-45c4-ac86-e6f927c204e7	0.0153572076604589	0.0733714926677993	0.8283819672401563	0.0828893324315853	0.0167452066621101	0.90325191553653	2.2122980684162243	2.321928094887362	0.3355647562094392
SC002	2db3c23d-c591-4ea0-b0a8-ed9c4343c80e	ea9e7e8c-4151-4cfc-8631-5880c6f1a21f	0.0015010804480147	0.916038467248404	9.897233723174372e-05	0.0823614799663494	0.0016358080172568	0.0001078554736652	1.5840503784387554	1.584962500721156	0.024031225756879
SC002	33522271-b2ca-4da4-a942-501ab9117c51	e2843875-a4de-4d90-bda2-0fbbc929757f	0.1184204014977813	0.6070798211899774	0.1868267819144549	0.0876729953977863	0.1298003905402473	0.2047805019165401	1.6094906666273467	1.584962500721156	0.3131217127598268
SC002	3470b1af-689f-467a-9f9e-de74088f9b94	e312aa23-66f6-48b0-90ab-d5e9672dc654	0.0001814492849248	0.5828480939577388	0.3326955116045065	0.0842749451528297	0.0001981482148647	0.3633137586915012	1.743459203135363	1.584962500721156	0.2168460224381716
SC002	35620be9-3ba5-4be7-9e00-83103e6a92e6	a5945f6b-31da-4742-811e-e85f2e2e8ffc	0.0002804216221566	0.1021394520231595	0.8117051284166076	0.0858749979380763	0.0003067650720897	0.8879585686702637	2.20936244575659	2.321928094887362	0.3394173863881319
SC002	35c295c2-37d1-44b2-87a3-1039645e5bae	c71c031c-3089-44e5-a49f-5284d7d300ce	6.598155815449583e-05	0.9186117480164294	0.0	0.0813222704254161	7.182231160109888e-05	0.0	1.5849204873621543	1.584962500721156	0.0049573093185557
SC002	3758f4f7-ac2f-4f9d-bee2-526196f8129a	afc23299-5975-4ed8-b9f1-7b8fef14384b	0.0055094601059004	0.865991455388219	0.0466819523943057	0.0818171321115748	0.0060003952356143	0.0508416722059536	1.6024997992447398	1.584962500721156	0.1030562721083461
SC002	39aec099-a33e-47a4-a602-cbf65ddd3830	46f8f339-748f-4fcd-aeee-6ead28bc5010	0.0537254837272982	0.8323573561189648	0.0317206340827738	0.0821965260709631	0.0585370237239396	0.0345614665708123	1.5678472616921575	1.584962500721156	0.173511340220428
SC002	3a8ca50f-bc9f-4250-8c8d-22893763ea46	a3d5af60-a1f3-4345-ace3-c000367aecc0	0.0	0.1030302030582452	0.8042327169556109	0.0927370799861438	0.0	0.8864384283922111	2.2525767232174627	2.321928094887362	0.3251614526251892
SC002	3aae5316-6a5d-4b83-9020-ad691d4edf99	2913b2f9-5f05-4e40-a1e7-7d5f1e17d6ab	0.0083136763274664	0.2083697606518978	0.6928888375698992	0.0904277254507365	0.0091402042037685	0.7617743602763823	2.069966227557868	2.0	0.3689809164081203
SC002	3d8fd9b2-9aa2-4c81-8843-535ae66d6140	6f0e65b2-7ca0-4f10-8952-b64900009001	0.0972568167197268	0.7454596440294937	0.0757138379822839	0.0815697012684954	0.1058946082833435	0.0824383059736341	1.5741231767370512	1.584962500721156	0.2690556983404094
SC002	3e0c34cb-fca5-4bcf-a5c1-5a7d286dd072	de3d658f-5dd9-4f16-9282-e02162ee486c	0.012981871566897	0.2751595928937861	0.6238721277402965	0.0879864077990201	0.0142342961529418	0.6840601204579573	1.927778120621956	2.0	0.3261820908993262
SC002	3e1886a8-2ed2-41ee-8b58-10f5321ade6f	e56324ef-8fbe-4a0c-9515-4b2608e2cf02	0.0196295135509625	0.7074377711429656	0.1799152136977714	0.0930175016083004	0.0216426596828168	0.1983667976138513	1.6654187433329588	1.584962500721156	0.2182117258462004
SC002	401a37f3-6630-4400-a811-a262351e37de	b58fb743-7eab-4021-95fb-1981fa522ccf	0.1000610329412929	0.7889909770219223	0.0301700674661432	0.0807779225706415	0.10885403581811	0.0328213042385959	1.5397501546048382	1.584962500721156	0.2154880950522062
SC002	40c217ee-429f-41f4-adc6-db9186622b17	96ca99ae-ae8d-4325-a9b6-4c32d6cbe52c	0.1627765039671412	0.6682117348201178	0.0813387658149547	0.0876729953977863	0.1784190352209445	0.0891552759094525	1.5229339034162297	1.584962500721156	0.2862969077858522
SC002	41658cf8-0de1-4a97-bb60-0f0107c84e00	a4ce3727-4506-493b-95f4-2f11ceb09ceb	0.0	0.854939544397341	0.0602906487636705	0.0847698068389885	0.0	0.0658748468026818	1.6256132308331843	1.584962500721156	0.1582046298399821
SC002	41f8c9fd-ae52-4458-886b-faf37de77dd0	4f4d9529-09e0-4a0d-8a9f-0060b643444d	0.0515810830872771	0.7452946901341075	0.111459347112482	0.0916648796661333	0.0567864017724185	0.1227072966985072	1.6367999189802862	1.584962500721156	0.2977275391881224
SC002	490eabca-4575-4bd6-9604-6b6e23d069ce	9f5ad422-c94d-4914-b6f0-071596ecb589	0.0007257971396994	0.0003793939593883	0.933935964897811	0.0649588440031011	0.0007762194584105	0.9988180294610568	2.307345519664844	2.321928094887362	0.267188233597269
SC002	49929108-023e-4d35-b26d-50ab4d3ae581	73b6994e-c9bf-41a8-a455-17d7be309a9f	0.1272289395114065	0.8193919799416063	0.040133282747472	0.013245797799515	0.1289368104312938	0.0406720160481444	1.525994123535046	1.584962500721156	0.2208380441398966
SC002	4aadf2a2-ce1e-4f94-b146-59292e83e7fd	8983e29e-9354-4ce3-8f59-702032f1c25c	0.1693416690035135	0.6803358461310064	0.0597627962984345	0.0905596885670455	0.1862042696751492	0.0657138193096693	1.492104427107963	1.584962500721156	0.3012266042742485
SC002	4f601d7b-8db1-4c6d-9374-21dcd804980d	72930683-b2dc-4cd8-8a0b-0cf57c77b1a9	0.0002144400640021	0.9172921168533394	0.0006268248024677	0.0818666182801906	0.0002335609054976	0.0006827164929931	1.585178635281017	1.584962500721156	0.0166564225472735
SC002	4f786107-3cf5-4ab3-bba4-f399dee23f0e	fb550b01-76b0-4465-bcf5-b72a7e9a378c	0.0321000280421622	0.6167626148491496	0.2679511076654075	0.0831862494432806	0.0350125944584382	0.292263404102195	1.6857817182793091	1.584962500721156	0.228388341659505
SC002	51dcbfac-6f04-4364-877d-0bf1bd566335	cac671b1-b9d0-484b-9add-fd935d4efc93	0.2634148755422859	0.5988816125892813	0.1092984510829223	0.0284050607855104	0.2711159403066162	0.1124938456053377	1.4639463175132257	1.584962500721156	0.3426463696264214
SC002	5342e2e8-1465-4f7b-9450-ef27280f80c7	88b3045c-bb2e-4ad6-adbb-b52fabb7b917	0.0239018194414661	0.7787473401184369	0.115847120729756	0.0815037197103409	0.0260227721705398	0.1261269350957221	1.6276393823702102	1.584962500721156	0.1920470337743132
SC002	563d67a1-f1ba-4722-aa2d-9b35b1689468	5747e3d1-3c16-4c85-be2e-bfab9584d61b	0.0033815548554179	0.1480626164986886	0.7647757451792224	0.083780083466671	0.0036907676796773	0.8347076191847904	2.0420496709517555	2.0	0.272666067079905
SC002	567ddc8e-2b00-417d-a326-479cb02e08dd	a67c65a3-f80d-4532-9a32-20b2fecadb93	0.0	0.8792042624086568	0.0396549164508519	0.0811408211404912	0.0	0.0431566853367801	1.602874143480497	1.584962500721156	0.0843404065127743
SC002	568dbda7-88b5-4330-881f-dc5d6c7ce4ae	801b8d05-2d29-4f8c-8d8d-634b2e21b867	0.0003628985698497	0.1121686488626429	0.7999934018441845	0.0874750507233228	0.0003976861894432	0.8766811279826464	2.09899406535207	2.0	0.3104330727590992
SC002	56c8b812-ca8e-4eb2-b0fe-f264316789bf	baa29aee-e36f-417a-9f72-b70d9c8d47ed	0.1907856754037246	0.6221401118387411	0.09781765996404	0.0892565527934942	0.209483445627762	0.107404187495472	1.513142338331294	1.584962500721156	0.3057556157132965
SC002	56eb96a4-d2c2-42fb-b26c-1a80012bcb8e	d3daa95a-19b5-4822-bcbe-35ceec12fdf1	3.299077907724791e-05	0.1717829866552298	0.7421935569008462	0.0859904656648466	3.609456776755098e-05	0.8120194910665944	2.033747343104073	2.0	0.2723151767745177
SC002	57b0f89f-1b75-453e-922c-01cd4d44ca49	b907ab67-7a44-42a0-a79a-beb625303104	0.0001979446744634	0.0676640878874354	0.8428649192550682	0.0892730481830328	0.0002173479922479	0.9254858633243376	2.1163181609432637	2.0	0.2727811649496764
SC002	5b259d18-3976-4f44-967f-fe5fa8447c8b	a81e2e72-e4ef-4a72-8338-3e234fe412ff	0.003332068686802	0.0207841908186661	0.8882602312653614	0.0876235092291704	0.003652076440491	0.9735676447722876	2.1454775194732663	2.0	0.2661106490670201
SC002	5c24435e-8e50-42c2-80c7-919b1cad0133	b7ac160a-52a7-400f-9ff8-86eeec078b15	0.0	0.0969104135394157	0.8094452600498161	0.0936443264107682	0.0	0.8930768390783679	2.0507309090148413	2.0	0.2513569384858043
SC002	5d66191d-da49-4d7e-89a4-a382db338340	9cfcf069-f971-476c-9084-4d62a75cb3a7	0.0112498556653415	0.7947478679709021	0.1102716790657011	0.0837305972980552	0.0122778907951824	0.1203485336741858	1.6277295494760344	1.584962500721156	0.1519981254374055
SC002	5e7074a6-5011-4dc5-950c-41365dbc6d09	4d16e41a-b100-4080-a759-1f62e54c1c91	0.0067631097108358	0.9117991521369776	6.598155815449583e-05	0.0813717565940319	0.0073621835158915	7.182618064284431e-05	1.5806857099993286	1.584962500721156	0.0501330923232185
SC002	5f1399ef-8100-49e7-806f-9f532e55c0ba	e00ba2f0-aa08-4fe7-8868-59affd52eec5	0.1447140524223479	0.7200897349190901	0.046451016940765	0.0887451957177968	0.158807450717738	0.0509747841355465	1.5131501367862237	1.584962500721156	0.2410866781801288
SC002	5f6ed48b-3b5a-4d20-8fbf-c9aa3feea186	33754280-57c0-45b7-8f33-984ceb7ddffb	0.0142025303927552	0.1134717846361941	0.8081256288867261	0.0642000560843244	0.0151768874160511	0.8635666566780067	2.1295792416930848	2.0	0.3489614175225015
SC002	613aa3e8-a70b-45a9-9c08-0c2346c8bf00	f675116a-bfec-47ae-ac24-9b61dd3cc6c1	0.0147963644161456	0.9261666364251192	0.0001649538953862	0.0588720452633488	0.0157219476285624	0.0001752725488134	1.5758723506951318	1.584962500721156	0.0732557843246052
SC002	622cc1c4-d721-4b5c-a88b-216d6368660b	fe13b56a-9379-4a6f-ba76-3ea8aa5721ce	0.0	0.3221714530788644	0.5878626923774805	0.089965854543655	0.0	0.6459787199332959	1.9386199889326767	2.0	0.3441266294001843
SC002	628408ce-0691-4e0b-b4c7-aca9a0d73bb0	8ca89bdb-5e75-4432-a825-bef048fb48c2	0.0984114939874305	0.7074707619220428	0.1003249591739108	0.0937927849166158	0.1085971203378415	0.1107086298851411	1.567385490533332	1.584962500721156	0.2364787334555816
SC002	6454ff0c-26f8-4cc2-b77c-7e5abdc20acd	e9ac4856-032e-401f-b3e6-54e7f796faa4	0.0002474308430793	0.1372581363508899	0.8023357471586692	0.0601586856473615	0.0002632687447346	0.8536927829261444	2.0544589187492126	2.0	0.274605163457947
SC002	64dcf1a5-c78c-4d3f-852c-15865b3b6189	22f0ccad-11a2-4a4f-81f1-8c1c324ee86a	0.0009072464246243	0.2014581924352143	0.7113966646322353	0.086237896507926	0.0009928693925444	0.7785359689502662	2.115051137909074	2.0	0.3638890322124097
SC002	65056295-8fcd-4f82-a3c9-a5acd79521fe	a111b68c-b45c-4cfc-9733-9dd140e81419	0.0130808439041287	0.1621826699437507	0.7373439123764908	0.0873925737756297	0.0143334839584274	0.807953004970628	2.048793317214473	2.0	0.3278936214310892
SC002	6775ce57-b4cf-425c-a898-061bb9a8a1a8	e0766706-baf6-4009-833e-6c3b0b9543ce	0.0037774442043448	0.8451247876218597	0.0717549444930142	0.0793428236807812	0.0041029867593571	0.0779388314550373	1.6148920280570422	1.584962500721156	0.1182064212338707
SC002	68801d41-535f-4b38-989b-ef4fe5f00039	bfdf24b7-f635-414f-8ba4-5eb58c8c4577	0.0134932286425943	0.9041617867805948	1.6495389538623956e-05	0.0823284891872721	0.0147037676157607	1.79752660339373e-05	1.5760452536674705	1.584962500721156	0.0752138427795832
SC002	6baf61b6-ae5b-42f0-adc9-0d26fda231f7	c35cb7b2-7a85-4320-89ac-3a395ef8c1be	0.0001319631163089	0.0373950480840605	0.8732164360061363	0.0892565527934942	0.0001448960370933	0.9587951894515684	2.3322734679454777	2.321928094887362	0.3596863840247429
SC002	6cd8d2dd-5545-43b0-b796-ae0506d62eb8	9b637a29-ee08-4ab2-8160-7584c170f87b	0.0024908038203322	0.1656302063573231	0.7684542170463355	0.0634247727760091	0.002659480784811	0.8204938532530205	2.058313781197323	2.0	0.3352222021024239
SC002	6fc5e56a-1f5e-4ff1-948e-5ef636ebb48d	37dafbf4-edb7-4c00-9007-36cb0f9299f1	0.0009732279827788	0.7034128960955413	0.2069676525411147	0.0886462233805651	0.0010678926315408	0.2270991330159822	1.678592479832255	1.584962500721156	0.175267260339045
SC002	7144a65f-a63f-4b79-8fe2-cfe48696de03	7b8ece19-62ea-47d9-8541-06e232b4fc51	0.0	0.8792042624086568	0.0396549164508519	0.0811408211404912	0.0	0.0431566853367801	1.602874143480497	1.584962500721156	0.0843404065127743
SC002	73a142e1-8ac2-4cfe-b8cf-7e9dea64f488	edec4f1e-7e35-48d3-950f-9e94cec48c45	0.0544182900879204	0.7689985649011102	0.0962176071787935	0.0803655378321759	0.0591738264784488	0.1046259259923588	1.6170754920866497	1.584962500721156	0.2610539180637918
SC002	755d3bde-76c3-45c1-8427-8e4d5d686dc1	bfdf3d03-51aa-41eb-93bf-d39ff501a824	0.0002804216221566	0.9185787572373522	0.0	0.0811408211404912	0.0003051845468907	0.0	1.5847839792054248	1.584962500721156	0.0102175533522522
SC002	7570761b-c333-40df-ac8c-9b7f94c58ef9	fdff57a6-2ce6-4b58-9bbe-83c0da7f816c	0.0091054550253204	0.8821074509674546	0.0271019250119591	0.0816851689952658	0.0099153958075119	0.0295126726661996	1.5913753065072394	1.584962500721156	0.0922690854395709
SC002	75c3004d-1ef4-49f9-86e0-1bb7b9553a3d	ff1f5513-8463-4b1e-b254-72d9e0863d35	0.0129653761773584	0.7819309502993913	0.125232997377233	0.0798706761460171	0.014090819454653	0.136103691221025	1.641085840540797	1.584962500721156	0.1849117266606711
SC002	77a44132-af22-4115-9fa2-78f2f74bf687	f10f139d-1d7f-4923-8129-f103f5d3163b	0.0	0.0357455091301981	0.8782805205944938	0.085973970275308	0.0	0.9608922416126762	2.348279256286719	2.321928094887362	0.1942914933495238
SC002	79d33c28-a7e2-4fca-8be1-a16fb6d68d49	baac9aeb-b124-47bc-a454-4026847eb3e3	0.0382528083400689	0.4623822641571681	0.4077000478366296	0.0916648796661333	0.0421131006428649	0.4488432063342171	1.792314068677302	1.584962500721156	0.3372592757083502
SC002	7a6c54f1-f4e4-426b-b306-2ca3c4de12ca	a1d1c0a9-8f09-4a3b-8e3a-b898bae89a77	0.0098477475545585	0.8141959322369398	0.088167857083945	0.0877884631245566	0.0107954648198043	0.0966528634201913	1.6249513525031087	1.584962500721156	0.1704411988131121
SC002	7ad0617e-bc4a-4869-8419-744f04d9b7a3	dc23bafb-2cfb-4c1b-9e66-b9cab22ae855	8.247694769311977e-05	0.9187767019118156	0.0	0.0811408211404912	8.976016085020824e-05	0.0	1.5849099943929998	1.584962500721156	0.0055418433260666
SC002	7b47489f-c3cc-4388-b5d7-c7c02790a5f6	dc1ffda5-5b8f-4227-be04-321643f73731	1.6495389538623956e-05	0.0735859327318014	0.8407865001732016	0.0856110717054583	1.8039795789511664e-05	0.919506431187199	2.364988400460393	2.321928094887362	0.3165117403541155
SC002	7f6898e2-a840-4ad1-80f7-783f8b766fcc	eb97d34e-7333-4e9d-b559-34dd6436c14c	0.0042228197218877	0.740577008726061	0.1927816175378981	0.062418554014153	0.0045039497528105	0.2056158623480356	1.666021642166719	1.584962500721156	0.1880097019620095
SC002	80311cf5-7e18-4545-92ad-c4b7dd5c9677	11890703-2c2f-4663-aa57-cc9ff6504284	0.0008907510350856	0.2651798822229187	0.6491100737343912	0.0848192930076043	0.0009733061768893	0.7092698401254484	1.9474285477613005	2.0	0.2742767181155342
SC002	80809d79-92e1-4d6c-ba2e-0a9589997792	1e191eed-2238-450e-a384-26df9c569fd0	0.0112993418339574	0.2173927387295251	0.682018375863946	0.0892895435725714	0.0124071726136569	0.7488860713638834	1.9714680488310323	2.0	0.3163793700375949
SC002	835c3e23-ac2b-4bc9-ac65-e3e81adecf77	eee77960-898b-4e4b-926a-d6782fa9ed83	0.0181449284924863	0.2179865727529155	0.6777295745839038	0.0861389241706943	0.0198552372700853	0.741611162253389	1.98735852320625	2.0	0.3204429902862121
SC002	849031de-ac8a-4012-9362-d192512997f1	c95acbd6-8dd8-49f7-8c0e-8c2aa4f3a72c	0.0	0.0454942843475248	0.8655460798706761	0.0889596357817989	0.0	0.950063371356147	2.262472605053584	2.321928094887362	0.298870789952348
SC002	84959e50-17f5-4f2b-8e0c-5ebb139d2c3a	3d753b5b-8e33-4307-9321-e4ad4821f3bf	0.0003299077907724	0.9400227636375632	0.0021938868086369	0.0574534417630272	0.000350017500875	0.002327616380819	1.5858737407020411	1.584962500721156	0.0277419351279613
SC002	84e34cf2-b3bb-4a1a-8fb7-6c2c604c4008	5743700c-cbd3-4f87-8109-6349a96eb605	0.0732065387724131	0.7143988255282648	0.1286640384012668	0.0837305972980552	0.0798963040308207	0.1404216249302392	1.6090977910152535	1.584962500721156	0.2584882924294072
SC002	857a5889-19e7-4208-8362-f1377c408037	ed37a5c0-341c-4ecc-8fb8-4b705e76e2af	0.2657572208567705	0.621661745542121	0.0541048776866865	0.0584761559144219	0.2822628683555835	0.0574652230281369	1.4443588271499472	1.584962500721156	0.295860805192038
SC002	85e95dda-6198-464a-9187-fd0832bebb72	bb60b35b-cd5d-4f14-a7e0-c9af4f6f8c3c	0.0029526747274136	0.9154611286145522	0.0002804216221566	0.0813057750358774	0.0032139907350881	0.0003052393435558	1.5832091224372948	1.584962500721156	0.0339012185607638
SC002	8632579e-d318-4dab-9994-d3945afc42ab	2b12e104-94f6-4945-a50f-d00ef9514748	0.0019959421341734	0.8892004684690629	0.0506408458835755	0.058162743513188	0.0021192006585284	0.0537681489395239	1.6041747200139012	1.584962500721156	0.1175269956501884
SC002	86d18004-9478-4e46-83b4-4fbe445ccb70	fba03796-b9c8-4042-9720-f21660cfec28	0.0	0.7063985616020322	0.2092440162974448	0.0843574221005229	0.0	0.2285215010178529	1.6798074930350535	1.584962500721156	0.1742676188113688
SC002	89a6384e-1cea-440b-9f17-d57cb0805174	cbbd1187-e8f7-4e63-a8e2-3c19863e89f5	0.0061032941292908	0.8864622338056514	0.0255348630057898	0.0818996090592679	0.0066477415645549	0.0278127133565704	1.5926171401910765	1.584962500721156	0.0837088665841116
SC002	8a84b03a-e37e-4827-98f0-4d480ec31037	f69e80aa-237d-4e75-8d04-7c1b5ae9007b	0.0025897761575639	0.2726357982943767	0.6394437754647576	0.0853306500833017	0.0028313796212804	0.6990982867448151	1.928768952073484	2.0	0.3041028996210334
SC002	8c0894fb-5e78-40ae-be0b-329ca30f758a	40b2b04e-371d-42ef-905e-5b9006384a65	0.0001814492849248	0.918628243405968	4.948616861587186e-05	0.0811408211404912	0.0001974723538704	5.385609651012495e-05	1.5848693390988289	1.584962500721156	0.0087659030082061
SC002	8e87ddca-f43e-4c6f-9d5b-430b666a7f6c	c1a72c32-2588-4d38-a634-ed1868dc9969	0.060488593438134	0.7777906075251967	0.0766045890173696	0.0851162100192996	0.0661161495050754	0.0837314966734579	1.6006447062232032	1.584962500721156	0.2494395659753503
SC002	92554413-9ebc-4354-8e1b-9682f3a031d9	7904523e-e859-47b9-8ba0-c1a1363afa0c	0.2444121867937911	0.6162512577734524	0.0772973953779918	0.0620391600547646	0.2605782420597235	0.0824100453730083	1.4685462558752822	1.584962500721156	0.3065754858251023
SC002	92c043b6-8d53-4c1c-808a-c4be5e2926e6	f7c33a3a-f7e2-4827-97ea-b0a2921dec08	0.001402108110783	0.1897794566418686	0.7249393794434456	0.0838790558039028	0.0015304836328279	0.7913140552414563	1.9893986019809773	2.0	0.2562576699033856
SC002	93cd5d07-e0d3-40f8-ae7f-beadb1efb7c1	ca5eefe8-5841-4745-a5e5-2745fb77b74f	0.0	0.0984609801560463	0.814014482952015	0.0875245368919387	0.0	0.892094654446192	2.213687926875464	2.321928094887362	0.3429938788956538
SC002	93edb105-5dc9-4a4a-9fca-c91f0161fcc7	cabe4e1d-719b-4f82-ae86-df499e022085	0.0002309354535407	0.1290104415815779	0.7879352720914504	0.0828233508734308	0.0002517895039746	0.8590878025970289	2.1940219988349017	2.321928094887362	0.3418011860192272
SC002	94067eb7-98b7-4975-bab1-c09e1b454a25	b534999a-a60d-4da7-a152-90ce37df4ce0	0.0527027695759035	0.6175543935470036	0.2465071012651963	0.0832357356118964	0.0574878097054536	0.2688882091512676	1.696049923242255	1.584962500721156	0.3263896329415833
SC002	955464c8-9c62-430c-87b8-107db5c980a8	84353925-7847-4e40-a5a2-c5be6539261f	0.0004948616861587	0.9179849232139616	0.0002474308430793	0.0812727842568002	0.0005386383223211	0.0002693191611605	1.5847591950523023	1.584962500721156	0.0151877105566418
SC002	96ac1f4b-79b0-4517-8caf-fc05abcaaf4f	e10ca275-47db-4d0b-8cc1-6680aad968b2	0.0668228230209656	0.5875822707553239	0.2574105537502268	0.0881843524734836	0.0732854532626589	0.2823054796750909	1.6906757484720496	1.584962500721156	0.3153864745381467
SC002	9743d31a-ea8f-4847-87d2-ebf77cc5983d	e4ebbf6d-9374-4d8d-90a8-75cc4c7baeda	4.948616861587186e-05	0.8376688715504017	0.0774953400524553	0.0847863022285271	5.4070616224789575e-05	0.0846745850080204	1.6333844377790194	1.584962500721156	0.1661135075398373
SC002	9c45eaec-d854-4f51-80a3-2d80d6b4aebc	95601410-9608-4dda-ba3f-462be0e8c35f	0.103607541692097	0.7119080217079327	0.1267175824357092	0.057766854164261	0.1099595595315208	0.1344864410637068	1.5878927838862555	1.584962500721156	0.2785327047242176
SC002	9d68516e-7e5c-403e-8aca-ea1abe0d6014	289f0934-51f9-4f35-a7d1-c193142e794d	0.029081371756594	0.3927057387460205	0.5054352308529766	0.0727776586444088	0.0313639679066374	0.545106829624095	1.8357730612385093	2.0	0.3035875621133012
SC002	9d8c4693-8e36-473b-bb34-a7cdc04dd223	8ec9edae-7252-46c0-ada6-0d7998677aca	0.2168648862642891	0.6175214027679263	0.0741137851970374	0.091499925770747	0.2387065146343235	0.0815781828745733	1.4845799872384988	1.584962500721156	0.3033027856005659
SC002	9dcb4e16-b582-4cd0-87cf-04f480ec2cec	9110e2e7-fa66-476c-9421-c849d875fcb6	9.897233723174372e-05	0.1682529732939643	0.7485277864836778	0.0831202678851261	0.000107944732297	0.8163860103626943	2.098938646173253	2.0	0.3469425181268821
SC002	9fd08502-355b-4f5a-a25c-73ec7184f6d3	df80b5ed-3ce8-4b06-978e-f972f659d206	0.0309618461639971	0.534632070336341	0.3497187536083664	0.0846873298912953	0.0338265241759628	0.3820757267206113	1.7641784442244717	1.584962500721156	0.3159364171332648
SC002	a06c09a8-0951-49f4-a765-5147bbcae109	d448668c-90f3-40fa-9961-88407090da31	0.0373785526945218	0.7444369298780991	0.1355096250597957	0.0826748923675832	0.0407473341605078	0.1477225728722734	1.640961973654313	1.584962500721156	0.2460019635514093
SC002	a19cd9f8-482b-4b70-b7d7-06d6bb1b0260	e7390b8c-fc12-43f1-8c94-f5daf0d186f7	0.0530161819771373	0.4856572587961664	0.37820629134157	0.0831202678851261	0.0578223949337938	0.4124928036845135	1.7893682219546827	1.584962500721156	0.3943009164200952
SC002	a56f6562-d2af-47b9-bf81-94b3b4893173	9144c7fc-9c78-4b99-814f-4059a11ec33b	0.0244461672962407	0.7896507926034674	0.1015621133893076	0.0843409267109842	0.0266978922716627	0.1109169519005584	1.615640471254124	1.584962500721156	0.1664008113591076
SC002	a6f98ee5-9638-4ebe-804b-fba54aea9f90	559a6934-457d-44c7-a418-dff196995fcf	0.0001649538953862	0.8781815482572621	0.0397373933985451	0.0819161044488065	0.0001796719190757	0.0432829653053524	1.6028034858758626	1.584962500721156	0.0850767477745467
SC002	a782f174-241d-42c6-9bc4-61cc39f8b397	c281d8eb-0aaf-409c-b8d1-5681c8dc27be	0.0001814492849248	0.9185457664582748	0.0001319631163089	0.0811408211404912	0.0001974723538704	0.0001436162573603	1.58495282703965	1.584962500721156	0.0120654236604381
SC002	a8b4284d-cbbb-43e3-897b-d04af4bfba74	e86137c5-37af-4a47-8f29-5a947e013536	0.0003464031803111	0.6887484947957045	0.231083912046583	0.0798211899774013	0.0003764520292557	0.2511293560877671	1.689798045678198	1.584962500721156	0.1841289439628225
SC002	aa85d9e8-caa6-422c-95ce-780e4ac2a5e4	2498a44f-8b61-4cd9-80c0-35972760f361	0.004470250564967	0.1578113917160153	0.7436616465697837	0.0940567111492338	0.0049343602629231	0.8208699768758763	2.111529568977514	2.0	0.3635445030488229
SC002	abe658e0-33f9-4f57-849b-dec4d20964d6	2e058edb-ab27-4016-9240-1dc9e103894b	0.0214110156211338	0.093429886346766	0.797123204064464	0.088035893967636	0.0234779148428173	0.8740730022067069	2.0733937381544405	2.0	0.3258846754285502
SC002	acd51808-870c-4684-a2de-aa0b058729e1	6de3e241-606b-441e-9185-7e9f1cd1e61b	0.0005113570756973	0.0304504890882998	0.9079062402058624	0.0611319136301403	0.0005446527399546	0.967022155067906	2.215305920387238	2.321928094887362	0.2673959429886365
SC002	ad440651-a2de-4bb1-90da-1e5e8975ab59	cea58113-36e8-474f-89a5-604ff5188a92	0.0009732279827788	0.0999950513831384	0.8084390412879601	0.0905926793461227	0.0010701783025883	0.88897353576028	2.134136424611707	2.0	0.3223039086751522
SC002	aee20b98-df51-4ead-86cc-0d5f60a74b90	41a03a2c-133a-4d97-a7a5-f32ff8b2b697	0.0026062715471025	0.2490308958646058	0.6588258581726407	0.0895369744156508	0.0028625781320771	0.7236162695896368	1.9489764506155804	2.0	0.2711376007998106
SC002	af06cde0-c69a-4bb1-a234-8023b95e4835	a7aa065f-78f9-460a-a010-bd063ec5c851	0.1150883328109793	0.6981013806641044	0.1031456707850155	0.0836646157399007	0.1255962988965095	0.1125632301848751	1.5793760382513462	1.584962500721156	0.3054704031540522
SC002	af17788e-a562-43aa-bd36-fd3e031f483c	4b13bcc0-d9ff-4616-b6cf-543a86881828	0.1642116028570014	0.6564340266895403	0.0939412434224634	0.0854131270309948	0.1795472991252592	0.102714401659302	1.5384147264385997	1.584962500721156	0.3152282242998732
SC002	b54865b6-824e-4163-b759-21a6eacc98ce	f1b2ca40-f20a-42de-aba2-4f730d7ccc09	0.0001154677267703	0.9434043184929812	0.0002144400640021	0.0562657737162463	0.0001223519541354	0.0002272250576802	1.5849912049805617	1.584962500721156	0.0229479577501663
SC002	b612d491-7442-4119-a53c-5ebcc35c31f4	ebb1c63f-0862-4859-8ad1-5f1b86050635	0.0016000527852465	0.8934892697491051	0.0233739669762301	0.0815367104894182	0.0017420977011494	0.0254489942528735	1.602361901285621	1.584962500721156	0.1176733964021545
SC002	b718134c-5231-4f29-a423-7bad17c93fc5	faed408c-c7f8-4a40-b7ab-7713129c1211	0.0	0.7680088415287927	0.1513616944064134	0.0806294640647938	0.0	0.1646362249932717	1.6532927078330726	1.584962500721156	0.1539188297321939
SC002	b823d6e5-54b0-43d3-95e2-9be33dc6f734	8f80047b-a700-413c-b228-6d170648e168	0.1606485987166586	0.6489121290599278	0.1037889909770219	0.0866502812463916	0.1758894708325808	0.1136355427126602	1.5535966629321347	1.584962500721156	0.3306313033532438
SC002	bc02f801-081b-489b-87cb-d275c70299d5	c255e546-c53c-4225-9721-f5050c45e1b8	0.0011216864886264	0.8237632581693417	0.091763852003365	0.0833512033386668	0.0012236818427208	0.1001079719272989	1.6257952550569337	1.584962500721156	0.1264749234584431
SC002	bc42fe2d-1a33-428d-a601-b1871f4c8d9b	8c5799bf-db65-40f6-9a67-abd4da4025f2	0.0031341240123385	0.047853125051548	0.8499249459775993	0.099087804958514	0.0034788340413065	0.9434048630437968	2.1673779978898358	2.321928094887362	0.261126543377239
SC002	beb63625-d9bf-4ccd-bc53-635b53d24240	2e1b57ad-631a-4f73-92ee-06a1e5c5091f	0.1339260676640878	0.6299259357009716	0.1466770037774442	0.0894709928574963	0.1470859979347452	0.1610898748165727	1.5687053130226596	1.584962500721156	0.2865090569983575
SC002	bfb07784-693b-4c25-874e-4ad6e04a5d46	b083e3cb-0af1-44ea-854d-85fd99b75ad5	0.015307721491843	0.722547547960345	0.1797172690233079	0.0824274615245039	0.0166828461510804	0.1958616474310574	1.6732148716920898	1.584962500721156	0.2340876318192487
SC002	c0b8c55c-b993-481d-aeea-9ebfa64ee20e	85991716-6807-4f31-be63-bf80cec40cc2	0.00719198983884	0.7802649159559903	0.1247381356910743	0.0878049585140953	0.007884267631103	0.1367450271247739	1.6438368977904103	1.584962500721156	0.1765449326123057
SC002	c1e141af-bdd1-4176-8c0e-cf1ab0c1d9d3	efbe740e-5ea0-425c-8d1b-ed00a02d7576	0.2951520050145984	0.5286112531547432	0.0884482787061016	0.0877884631245566	0.3235565360481727	0.0969602719661489	1.4430808039157867	1.584962500721156	0.3495482423056749
SC002	c4d74653-d26b-4e51-aee0-82ee3d42f883	ca4388c7-69e7-42b4-81c8-48b8863264c1	0.0004948616861587	0.142256239381093	0.7719842304076011	0.0852646685251472	0.0005409889277599	0.8439427273055145	2.198234012970533	2.321928094887362	0.3460439931539407
SC002	c6ed47f4-358b-4f06-b5cd-cdf1d5c47b43	b35229f7-d11e-4357-ab86-53e9a5867f55	0.0003793939593883	0.1438068059977236	0.765847945499233	0.089965854543655	0.0004169007957367	0.8415595714984865	2.1131532470679746	2.0	0.3278762493319343
SC002	c7c5348f-5708-45bf-b40e-1bf7c9348f60	abff22c2-1021-4d1f-872e-2380a375f98f	6.598155815449583e-05	0.1580588225590947	0.7558847302179041	0.0859904656648466	7.218913553510196e-05	0.8269987366901281	2.118215447593281	2.0	0.3636850201388556
SC002	c83d38fc-e011-4f75-a100-96513611f3e9	69ef3e70-5d7a-4e30-abde-0f9f76ea3141	0.0005938340233904	0.0695280669052999	0.8675585173943883	0.0623195816769213	0.0006333010818893	0.9252176972468996	2.231606573223401	2.321928094887362	0.2816125918324826
SC002	c8de215d-53a4-4e6c-be58-5887a8094815	96319b52-d5b9-44bf-9a98-2876d911988f	8.247694769311977e-05	0.0675486201606651	0.8392359335565709	0.0931329693350708	9.094712334248868e-05	0.9254233588591592	2.216509970120857	2.321928094887362	0.278002670404626
SC002	c9e829d9-cd08-41a9-a5a4-34f2d7d619c7	9ca7e5df-f832-435f-842e-4be86c01a554	0.1102881744552397	0.7259785889843788	0.0757468287613612	0.0879864077990201	0.1209282135687026	0.0830544954692615	1.5548398113393065	1.584962500721156	0.2529976374495452
SC002	cab7bdbc-0a11-4901-97c3-26b884f79cb5	e950bc59-116f-4366-8524-f0731b1c9a3d	0.0088910149613183	0.3574221005229038	0.5518532570146644	0.0818336275011134	0.0096834465164744	0.6010384104056627	1.9013583326925372	2.0	0.3259169673744965
SC002	cee553c8-460d-436b-b55d-8f41624816cc	ef88e2b5-41f4-4d62-ac3d-d10ec8192778	0.0002474308430793	0.0896524421424212	0.82773864704815	0.0823614799663494	0.0002696386841632	0.9020312780873628	2.196395945355648	2.321928094887362	0.332632637918803
SC002	d42bc7f0-cfb2-4ece-ae47-521308635633	e29a1283-3e22-41f6-bc76-bfb244a044ae	0.0148788413638388	0.5425828480939577	0.3551457367665737	0.0873925737756297	0.0163036601897876	0.3891549932218707	1.7756372601857031	1.584962500721156	0.2956934869391786
SC002	d4da3298-3a02-44a6-bdcd-d260f38e520b	4c09ff32-902b-4d36-bdf7-f4d3399c059f	0.0448674595450571	0.8942150668888046	8.247694769311977e-05	0.0608349966184451	0.047773777114253	8.781944322472996e-05	1.5568950059558069	1.584962500721156	0.1261662337988589
SC002	d4e1472a-7b5f-46f4-acb7-b961f634e28e	e7891fe7-c65c-4b08-b2a0-71b72cf78eeb	0.0005278524652359	0.9203107731389076	0.0	0.0791613743958563	0.0005732301519059	0.0	1.5846271825780085	1.584962500721156	0.0140014146799533
SC002	d5a1f43e-25a7-47f5-b63e-43714f9f732a	babd6a62-0359-4680-a8ed-1429a1bfb6a8	0.0007752833083153	0.1307754482622107	0.8030285535192914	0.0654207149101826	0.0008295532767354	0.8592406940007413	2.1035710699117325	2.0	0.2980973279124635
SC002	d5a296ae-c165-413c-adcc-33c9e99ff873	1dc340a0-b8d0-47b3-b87b-d5546e6ee77e	0.0005278524652359	0.7355294195272422	0.1841710241987364	0.0797717038087854	0.0005736103393263	0.20013623245559	1.6677025429463157	1.584962500721156	0.1668497849868406
SC002	d651f9ba-8746-46c4-852c-6c2992c7d10e	f793e6b4-c9b9-45b5-8ebb-d151dbc7508e	0.0818171321115748	0.6585619319400228	0.1771934744238985	0.0824274615245039	0.0891669363247402	0.1931111350807176	1.6324165239891095	1.584962500721156	0.295297802028266
SC002	d655bbf6-c710-411d-aff5-ceb0fb6e6680	b0435a6b-e0e3-4959-a757-271c8238b748	0.0114642957293436	0.1115088332810979	0.7929498705111921	0.0840770004783662	0.0125166588625148	0.8657385729207938	2.126234442715513	2.0	0.3497149481477951
SC002	d71ae66e-2c8a-4fd8-8b4b-a5a2d456a21d	f80aef75-2b96-4085-b388-fab93485f809	0.1596753707338798	0.6015538656945384	0.155106147831681	0.0836646157399007	0.1742542888516858	0.1692678799661572	1.5602754399529823	1.584962500721156	0.3130333314345306
SC002	d7ba64d7-b4e5-488d-9f28-bcb7bf3c0f35	18d3b88c-852a-4782-a6b4-9e6e1a93718d	0.2789040463190538	0.613546013889118	0.0232420038599211	0.084307935931907	0.3045827929096411	0.0253818994091367	1.4213715050730684	1.584962500721156	0.2973151676906635
SC002	d976782c-90c1-421d-b83c-7fc2617e2709	aec31f5d-022d-4833-b0ce-a9c5cb1f6650	0.1076819029081371	0.7402141101562113	0.0928525477129142	0.0592514392227372	0.1144640634041135	0.0987007066332345	1.5689763404920989	1.584962500721156	0.2606755867126796
SC002	db246424-3979-4f23-b316-8d30c449ee15	5dfdd1a3-8eee-4057-a850-ad01eccba02a	0.0006433201920063	0.7735347970242318	0.1440872276198802	0.0817346551638816	0.0007005820219874	0.1569124092836099	1.6503602441504053	1.584962500721156	0.1547866897785546
SC002	dc22eba5-6fb7-4875-b30a-99fa00758301	bde9ee05-b6c2-49c7-a1d4-7fa823a087d9	4.948616861587186e-05	0.895864605842667	0.022631674446992	0.081454233541725	5.387447247912364e-05	0.0246385920804525	1.5952409646075556	1.584962500721156	0.0653906052250043
SC002	dd4be58e-da22-4bcd-bf4c-2b9e60ffda19	a4b18666-1f38-4bc8-9472-d0ea63ae5a2d	0.2493608036553783	0.5961928640944856	0.0677300694455899	0.0867162628045461	0.2730376043058917	0.0741610374598128	1.455584377164062	1.584962500721156	0.3007668582052561
SC002	dd7a53ee-cb08-40c4-9935-51d1ca17e9e8	87a57810-8b62-4af1-adb9-4715a71ed632	0.1121521534731042	0.7562311333982152	0.0691321775563729	0.0624845355723075	0.1196269904108384	0.0737397730271839	1.5461311870426824	1.584962500721156	0.2311560351351776
SC002	dde411b2-5d2b-4638-8149-89bc1eb3c7ad	c8a9e194-fbb4-4cc5-8cda-665540e8acdc	0.0	0.0587895683156557	0.8548900582287251	0.0863203734556191	0.0	0.9356562556418128	2.255129379625189	2.321928094887362	0.3301562203299198
SC002	ddf69ed9-4c53-48b8-9f01-495bd60c3425	a657afdb-5322-454f-8dd7-8397291401c5	0.0065486696468337	0.8498094782508289	0.0621051416129191	0.0815367104894182	0.0071300287356321	0.0676185344827586	1.6088559287383712	1.584962500721156	0.1162618377170592
SC002	de287a25-981d-49f8-81af-fe0300e4cd31	ba9e5603-bb1d-4aa8-93e4-40043164f143	0.0007917786978539	0.9169787044521056	0.0001649538953862	0.0820645629546541	0.0008625646923519	0.0001797009775733	1.5845440855247055	1.584962500721156	0.0184192246562357
SC002	df228c56-89ac-4122-93b3-6c0740c4ec09	ecade2c1-9de2-4b05-b30c-4c8b81c65ae1	0.0	0.5413621892680995	0.3736700592184484	0.0849677515134519	0.0	0.40836818575137	1.754450611320443	1.584962500721156	0.204006010221855
SC002	df5ab6cc-6f68-4b6b-95e2-954c6b57ba9c	f235afbb-dc2a-41dd-b373-77c0aacefb37	0.0085116210019299	0.8268973821816802	0.0801181069890965	0.0844728898272932	0.0092969622716298	0.0875103599870275	1.6158442073916404	1.584962500721156	0.1315373427603076
SC002	e17959bd-045d-4540-b43a-c3863e8ff3c0	ec60d3a7-14ff-4171-9d46-a2b6f898c5f1	0.0461211091499925	0.402157596951652	0.4619698794187025	0.0897514144796529	0.0506686963140154	0.5075205683012577	1.8376497288116191	2.0	0.386918497433859
SC002	e394e9ec-7288-4ede-9ef8-41b631d100dd	a172cf89-8820-4a84-97ef-6731e7ae71e2	0.0002969170116952	0.7807762730316876	0.1374230902462761	0.0815037197103409	0.0003232642505657	0.1496174706368305	1.657351706284824	1.584962500721156	0.1828667546409651
SC002	e3b0ee77-c419-4b2b-833f-90a221415489	f4271689-b9a3-4493-9be0-3cb059e626a7	0.0683568942480576	0.7143658347491876	0.1541659106279795	0.0631113603747752	0.0729616000845115	0.1645509445921439	1.6406138056606865	1.584962500721156	0.2990009108919526
SC002	e3b6018c-ab2c-47c5-b183-a295d0110835	7e5e20f6-5276-4cba-a73f-1580df93aa58	0.2438348481599393	0.6689870181284331	0.0026062715471025	0.084571862164525	0.2663615395704194	0.0028470520397866	1.4301704479466482	1.584962500721156	0.2608196029990111
SC002	e3ca9046-9634-4332-b19f-88b18110f941	a08a26d6-153c-4e79-a4cc-dbbe1620dc8f	0.0992527588539003	0.7372284446497204	0.0832687263909737	0.0802500701054055	0.1079127658811291	0.09053409376233	1.565266507357349	1.584962500721156	0.2427697659040351
SC002	e457344d-76fb-46bf-b362-61a6e811d131	d52f3d05-1850-473e-8e1e-ab2b4f88af2a	3.299077907724791e-05	0.9180838955511934	0.0005608432443132	0.0813222704254161	3.591115580054944e-05	0.0006104896486093	1.5851948701387493	1.584962500721156	0.0108349810276342
SC002	e588714a-7753-4c3c-abb6-eaf1aab53ab3	a2412f6f-324e-4ef2-bd46-0d33596a033b	0.052372861785131	0.6268742886363261	0.2375501047457235	0.0832027448328192	0.0571258928732075	0.2591086561471059	1.6718635328492344	1.584962500721156	0.2671140822289453
SC002	e6ec5a68-7555-4f26-bd7e-9cdb4c5f7004	86158696-60a3-45b7-8351-d800f57ef23b	0.1485079920162314	0.7182587466803029	0.0463025584349174	0.0869307028685482	0.1626470110021137	0.0507108919119108	1.529481393341008	1.584962500721156	0.3110351918081536
SC002	e703af88-c05f-4d7b-b225-d640e4d1a2a5	f1f8ef32-d706-4ac1-929b-f678491f2fd8	0.0091714365834749	0.2206753212477112	0.682150338980255	0.0880029031885588	0.0100564317754304	0.7479742439589061	1.9473228772868572	2.0	0.2600429913352416
SC002	e75985cb-357e-4072-b047-eea37965d70c	ce97b1c6-7a17-4cd3-888d-b55e4e585459	0.0450818996090592	0.8507497154545305	0.0224502251620672	0.081718159774343	0.0490937505613537	0.0244480770267114	1.574250323441153	1.584962500721156	0.1730595736869703
SC002	e76258b7-e13a-4b05-855b-d792701ffba1	6a3170a2-0064-44eb-a247-4712d6a85c9b	0.0551935733962357	0.8163238374874222	0.0460221368127608	0.0824604523035811	0.0601538904070185	0.0501582050913274	1.58226368135177	1.584962500721156	0.2089652227606699
SC002	e7dbfca1-9657-4952-8e0d-dec6373dda5b	cc8bda91-9a72-47dd-97c6-ca5e09fca229	0.0	0.9201128284644442	0.0	0.0798871715355558	0.0	0.0	1.584962500721156	1.584962500721156	2.220465953121818e-16
SC002	e8ec26bd-c88d-42b9-ac8a-ab121b8140f8	c48314ee-c778-4b82-8e5a-4923df4c8413	0.0381208452237599	0.4807746234927337	0.4182735925308876	0.0628309387526186	0.0406765937973034	0.4463160488611962	1.776567237956919	1.584962500721156	0.3200508822224177
SC002	ea923671-3903-4a79-830d-e7e4b1eabab0	73f2fc25-c775-4567-8ca1-5732aa0dd156	0.0482160236213978	0.4998267984098444	0.3621727727100275	0.0897844052587301	0.0529720913374411	0.3978977890540051	1.7510713065301649	1.584962500721156	0.3097517221234272
SC002	ec3f3f11-75df-4fcc-ba03-f19aca907645	b9e728d2-143f-44d1-b2ee-0f6eccca507f	0.0	0.9185787572373522	0.0002804216221566	0.0811408211404912	0.0	0.0003051845468907	1.5853210623368508	1.584962500721156	0.0207886214167491
SC002	eeb42912-0c7a-46bb-bd95-369b2b425727	22b0fa6d-cad9-4937-b1f6-387fc7a6614d	0.0005278524652359	0.8696204410867162	0.0366527555548224	0.0931989508932253	0.0005821039419351	0.0404198424681207	1.6093731454539475	1.584962500721156	0.1257548259991193
SC002	f1e6ce83-b4a0-4643-8e8e-a1ef8a158a27	f6ce2f9b-b631-47e7-a32b-eaeaed4cf008	0.0127839268924335	0.1342229846757831	0.7673325305577091	0.0856605578740742	0.013981598412412	0.839220638643334	2.0768188401965437	2.0	0.3333875112377382
SC002	f3b9defb-88ed-4c95-9feb-7197d869676c	5452ad7b-5c57-485b-80c4-008d922ecee6	0.0038764165415766	0.0371146264619038	0.8777691635187965	0.0812397934777229	0.0042191820173076	0.9553843944127258	2.3074110871130977	2.321928094887362	0.2148459504989107
SC002	f4a804d3-b5c4-4da5-800f-6e5757ecfa1c	76785e44-fd29-4077-8fbe-17214933e1be	0.0067796051003744	0.5568513600448675	0.3501641291259093	0.0862049057288487	0.0074191743235193	0.3831976460819178	1.747782012769305	1.584962500721156	0.2270855961197719
SC002	f87c6dcc-1a9e-4df5-962c-1f946e2611f8	bfc99c6d-7791-4037-9c74-a74be68e616a	0.0113488280025732	0.0776437985583029	0.8224601223957904	0.0885472510433333	0.0124513618677042	0.9023617772147317	2.156180295529032	2.0	0.3177266462142928
SC002	f88c0259-58ff-4bcc-a777-7705cdbd8213	3048539a-b914-4e43-b1cc-43ea707e3b3d	0.0143344935090642	0.8563251571185854	0.0473912541444666	0.0819490952278838	0.0156140508489803	0.05162159734076	1.5972537651592376	1.584962500721156	0.1186766521543127
SC002	f89bbd17-c732-4847-b71c-a8627a702747	50560725-c72d-4bab-b602-5e50e6bececd	0.0043217920591194	0.9141909836200782	0.0003464031803111	0.0811408211404912	0.0047034324285509	0.0003769926755708	1.582367635223093	1.584962500721156	0.0408370140811127
SC002	fa96d094-0165-401c-8fd5-6d1ee4ef3994	b1399cb9-c870-4c6d-9afe-a85435437ef6	0.0880853801362519	0.7947313725813635	0.0349372350428055	0.082246012239579	0.0959792943544763	0.0380681920304833	1.5491948423764843	1.584962500721156	0.208311888243497
SC002	fb9e7684-a7f7-4f17-bc5d-1f359e1b0d42	badb214a-6225-4c0c-b0aa-a8b034e236ca	0.0328588159609389	0.8860003628985699	0.0	0.0811408211404912	0.0357604480827229	0.0	1.5640439795837773	1.584962500721156	0.1086240200349472
SC002	fbb69964-f962-4b89-b59b-dd05f8faf61a	d463f9a9-109e-40a8-8ee9-d16545b0c151	0.0035135179717269	0.915032248486548	0.0	0.081454233541725	0.0038250875460177	0.0	1.58272496794476	1.584962500721156	0.0361094119428162
SC002	fce1fd5a-54d2-4260-b187-4eb7035e96e9	f954eaaa-3a62-4fe9-8568-ad2386548edd	0.1621991653332893	0.7014829355195223	0.0527522557445194	0.0835656434026689	0.1769893982756448	0.0575625033749122	1.5061678098150295	1.584962500721156	0.2563678030886429
SC002	ff1407c6-9174-4bae-a19b-d34ca71b898c	d664f620-cfee-4700-b00e-68b65387883c	0.0	0.1912310509212675	0.7244775085363641	0.0842914405423684	0.0	0.791166033181417	2.005910020504021	2.0	0.2935816876234387
SC002	ffa7e03a-4a3c-41f0-937a-4fb862fd2194	f5acd8b8-32c4-4f3c-aacd-259f8e1fdfee	0.0168912788875509	0.8781980436468008	0.0237203701565412	0.0811903073091071	0.0183838710256548	0.0258164126317301	1.5849638619155455	1.584962500721156	0.1038482024905063
SC003	0045349c-69d9-4306-a403-c9c1fa836644	f66358d4-9319-4c23-983d-ab5056daacf1	0.0017485112910941	0.917094172178876	0.0	0.0811573165300298	0.0019029495718363	0.0	1.583849346580868	1.584962500721156	0.0254936459760541
SC003	00807dae-9f4a-4fd1-aac2-82eb11bf2afb	699d9e14-0968-4773-b077-17db941f5c38	0.0189861933589561	0.2011117892549032	0.6899361628424855	0.089965854543655	0.0208631659083905	0.7581431601080317	2.0017769769234666	2.0	0.3332028995299199
SC003	011b9b2d-ebe5-42bf-9662-d922faccc7a1	d6023f30-0d07-4839-98d1-0b22b366cc51	0.0994342081388252	0.7940550616102799	0.0439107269518169	0.0626000032990779	0.1060744703315267	0.0468431055113676	1.542319364744756	1.584962500721156	0.2064567143102583
SC003	0130d616-885e-4a6c-9d03-2f17dd692a05	c216cce6-3e13-466e-942d-348f9f803ab2	0.0263761278722597	0.1029972122791679	0.7864012008643584	0.0842254589842139	0.0288019885800745	0.8587279572022984	2.1597651817868906	2.321928094887362	0.3883795739493382
SC003	029ce650-5e5a-4100-8596-cd94300e7ef5	cc3a7053-34f6-412f-85b8-de4c8b481d7e	0.0014515942793989	0.0387806608053049	0.8923675832604787	0.0674001616548174	0.0015565028211613	0.9568601093089482	2.387330703937042	2.321928094887362	0.3904449849225466
SC003	02bbb632-0f7f-439d-b8f0-c86a06237424	7e2ed541-38ee-473f-ac5d-3cae6f5d9a56	0.0830542863269716	0.795061280372136	0.0387641654157662	0.0831202678851261	0.0905836211859528	0.0422783534830166	1.5537103657204898	1.584962500721156	0.2116676376451564
SC003	02bed00f-bef7-4fb7-b243-540354990e45	c90925f3-2126-478f-b0d4-f3b2c50cfbf9	0.0137901456542896	0.1047622189598007	0.7959520314072217	0.0854956039786879	0.015079365079365	0.8703643578643578	2.143343353809448	2.0	0.3624837721036889
SC003	02bf5203-f9cd-4c5a-97b4-e5584dc22325	c6e14fab-a2a2-4102-8b70-2865757d2f48	0.0969763950975702	0.7642808834930637	0.0518615047094337	0.0868812166999323	0.1062034829106149	0.0567960112724907	1.5597508959387407	1.584962500721156	0.2466953749122956
SC003	02f5ae33-a563-4ecb-9e33-dfa500a44931	7b2cc917-cd91-486b-bb9b-4c57cf4e86e0	0.0001484585058476	0.0957227454926348	0.8125793840621546	0.0915494119393629	0.000163419461442	0.8944673433442885	2.146823209867888	2.0	0.3100793088993026
SC003	03ab1e9f-4918-404d-b178-3a4fd929c5e8	69f11430-f6f2-46bd-ba02-f09cec02e168	0.1581083087277106	0.688468073173548	0.0606700427230589	0.0927535753756824	0.1742727272727272	0.0668727272727272	1.5334594431907485	1.584962500721156	0.322076767678811
SC003	03c143e0-d8a1-4d60-a4a3-df0501fc6b6e	a3ac21e2-b92b-4597-a870-8444ddc6b4d6	0.0275637959190406	0.8379987793411742	0.0496841132903353	0.0847533114494498	0.0301162476344958	0.0542849418761827	1.5898759117173318	1.584962500721156	0.1401154437070343
SC003	03da7a65-fa2f-42cb-a709-5fe8736f21d3	e8232960-f69e-4491-9cf0-ed7bdcf20031	0.0	0.0574039555944113	0.8456526400870956	0.0969434043184929	0.0	0.936433712052022	2.287924309268656	2.321928094887362	0.2877775078796898
SC003	048549cf-d0a5-4743-a0a1-2004f7cc2b08	2fa19af2-6fa0-4164-a0bb-8524d6085d80	0.0	0.0751364993484321	0.836514194282698	0.0883493063688699	0.0	0.9175819204950512	2.223812884352339	2.321928094887362	0.2612269854230864
SC003	04af44fc-c487-4005-b3cb-cb64815824a2	476b6ab5-f108-4280-9d53-7eb75fe17e4a	0.0048331491348168	0.1439882552826485	0.7559177209969813	0.0952608745855533	0.0053420361726954	0.8355090431738623	2.1150328908160194	2.0	0.3286018251340484
SC003	05135396-df5c-49db-b34e-f4add5b65a2b	a28d9c46-4774-4167-8c1e-ee95436c7b2e	0.1940847533114494	0.6486976889959256	0.0699404516437655	0.0872771060488593	0.2126436781609195	0.0766283524904214	1.505691699767564	1.584962500721156	0.3110281091899705
SC003	05506f4c-e701-4a9d-ae06-97f066aade43	b2905a3f-810b-4e74-af5c-42d513d91746	0.3105092126750573	0.4972700130313577	0.1036240370816356	0.0885967372119492	0.3406935495547672	0.1136972417288062	1.4347864922717353	1.584962500721156	0.3581790203701332
SC003	0685edd2-ce1c-4e0e-8dda-393139af4223	dfb7fb86-5f46-4666-a008-395aa0881267	0.0009897233723174	0.8953532487669696	0.0225162067202217	0.0811408211404912	0.0010771219302024	0.0245045239121068	1.5934255991785802	1.584962500721156	0.0827973308077973
SC003	074e8b06-3929-4896-9263-3b80ad6a355b	d79df987-e362-43f5-acbd-b19522bace7d	0.0163304356432377	0.2062748461804925	0.6785048578922191	0.0988898602840506	0.0181225745039174	0.7529655121915502	2.108330307192494	2.321928094887362	0.3996755784371647
SC003	0807435a-e75e-4e04-8e45-ed0cd49a841a	ef8c35b3-bdab-4a7e-b5ab-a0a99f4db803	0.0675486201606651	0.7123533972254755	0.1339095722745492	0.0861884103393101	0.0739196360879454	0.1465395862666522	1.631956834812634	1.584962500721156	0.287398009321491
SC003	08306ede-e74b-4be9-b768-7fd98647b6ac	f05204c8-8301-4117-b826-b5fa194d28d2	0.066806327631427	0.7598106329280966	0.0862214011183874	0.0871616383220889	0.0731852762066535	0.0944541824030069	1.5813358157577455	1.584962500721156	0.2033217585930337
SC003	09765b0a-94f6-47d2-af56-93368084ac3a	69886602-a4f1-4ad4-ba56-a0e031c2e295	0.0	0.125232997377233	0.7851310558698844	0.0896359467528825	0.0	0.8624363550707569	2.156463428694416	2.321928094887362	0.31584518208669
SC003	09c2bc35-c21f-4aa4-ac30-0d8db02ad811	6f8b48ba-ef24-4d33-a0c3-bc900a6c8cd2	0.0007093017501608	0.016973755835244	0.8899262656087623	0.0923906768058327	0.0007815055795863	0.9805168841554288	2.607895386879437	2.584962500721156	0.3559543198755177
SC003	09d6e904-7184-4788-8a19-04f8c46cb13f	b884af8f-ff0c-4cac-9a26-f4f27b35f8e7	0.1049106774656483	0.7791432294673639	0.0482325190109364	0.0677135740560513	0.1125305212498673	0.0517357302098446	1.5556575248467683	1.584962500721156	0.2531788024803759
SC003	0a017f15-1c6b-45e7-8d55-e0a71df1b2e8	f4f60d69-6c0d-4a73-90fa-ee369de95fdd	0.0376424789271398	0.2779473137258136	0.5946093066987777	0.0898009006482688	0.0413563130901248	0.65327389042933	2.0275084886013044	2.0	0.474433297146027
SC003	0a2a3529-f645-4967-9a58-89ee20b8bb62	9992eeb9-901b-4a32-badc-e9be7c9ba4ba	0.0159675370733879	0.1661085726539432	0.7245269947049799	0.0933968955676888	0.017612488855734	0.7991666818289332	2.116846907648534	2.0	0.3893508728740148
SC003	0b172e29-6166-4863-803d-a0a010887c11	edf2dbbe-b055-4d90-bc41-72355621b99e	0.008462134833314	0.1706118139979875	0.7331375880441416	0.0877884631245566	0.009276504945661	0.8036925191226199	2.0215462252625493	2.0	0.2758165270586912
SC003	0bf6e772-1aa1-4f54-9a50-c1414e2f22f3	9ebe5223-7566-4026-83ae-812283a8aaeb	0.0535935206109892	0.7935272091450439	0.0677960510037444	0.0850832192402223	0.05857748129451	0.0741007842783737	1.6003957173419832	1.584962500721156	0.2440886500358666
SC003	0d03055c-186b-418a-b614-e2035757bc3b	aa5103b4-c25d-4ca4-847b-a1ece4c14aff	0.0275802913085792	0.840901967899972	0.0378404236016033	0.0936773171898454	0.030430984274898	0.0417516016307513	1.5844899963920187	1.584962500721156	0.1326837397801231
SC003	0dca98b0-f43e-45b6-9a02-00092c78678c	b7542984-1410-45e6-b936-8333ff902eb4	0.1985550038764165	0.5054022400738993	0.2068851755934216	0.0891575804562624	0.2179905103408309	0.2271360788148792	1.5858387377073606	1.584962500721156	0.3976616960527065
SC003	0ed9ad26-7fdc-4d75-93f9-d029eee94993	6bfd7e43-77e4-4666-9b28-c5d4cdcd6ad7	0.0442241393530508	0.8231529287564125	0.0509377628952707	0.0816851689952658	0.0481579278259776	0.0554687359666612	1.6036924643432982	1.584962500721156	0.2422396542653246
SC003	0f64edec-0f1f-4025-8a53-75f9534f7828	4a7c76a9-c3a2-4b57-a57a-de055152dcf8	0.2134338452402553	0.5844481467429853	0.1020569750754664	0.1000610329412929	0.2371648001173085	0.11340432941694	1.5242164560909746	1.584962500721156	0.4010119947682271
SC003	0fe1419e-a005-407c-8ae7-15c4c1579539	e70a8d1b-f29d-412f-8c90-85862a2b75ad	0.4405423684080299	0.3476073437474226	0.1239298616036817	0.0879204262408656	0.4830086991120033	0.1358761506881522	1.3632641427836294	1.584962500721156	0.3816045241658418
SC003	1026e0bf-5640-4fa5-b65f-4f11e8e76b18	ef5821f3-677a-4bd3-9d99-d9cdd533cdb5	0.0571070385827161	0.7044191148573974	0.1497451462316282	0.0887287003282582	0.0626674389979002	0.1643255376149446	1.6380525194185074	1.584962500721156	0.2788877205062991
SC003	124b693c-77dc-4fa8-b703-54e8b5054a92	daec3a82-e1f5-4d6f-87dd-90853e48bf29	0.4169374659782591	0.4196921960312093	0.076060241162595	0.0873100968279366	0.4568227001626604	0.0833363455629857	1.3537926715465758	1.584962500721156	0.3480588543628271
SC003	1285eb55-415c-494a-aa58-936f0427cdd0	96c72a6b-a6c2-4965-be92-0910312689f3	0.0900153407122709	0.7968427824423073	0.0532801082097553	0.0598617686356663	0.0957469207284977	0.0566726322068989	1.5708332466536703	1.584962500721156	0.2521779814519361
SC003	128d198e-9b22-427c-90db-3714455f3a17	eeb8b594-1bba-4af3-be80-682e261965b4	0.0006928063606222	0.5000742292529238	0.403295778829817	0.0959371855566369	0.0007663254693743	0.4460926523984163	1.9354851134574032	1.584962500721156	0.4082868028122275
SC003	1347c23d-8d6e-4c15-9461-640249838c96	b8348b74-69a1-43b1-a7f5-3ab429378ebb	0.011447800339805	0.3178991471883609	0.6055787407419626	0.0650743117298715	0.0122446099015491	0.647729277673877	2.023459707277661	2.0	0.4404388006204182
SC003	13ca97a1-75bb-4a49-b8c3-181e5b2c9e86	8b5c92b7-52d5-4859-926f-f1264e9c1650	0.1658281510317866	0.5398776042096234	0.2057964798838724	0.0884977648747175	0.1819284085562271	0.225777263020739	1.6191813031350892	1.584962500721156	0.4579332320445924
SC003	14267783-5624-4fe5-ba81-9d67f1017474	ffb838b0-db61-4dc9-aadc-41562f677f54	0.0	0.1534566088778186	0.7589528726720881	0.0875905184500932	0.0	0.8318116898378319	2.077417681699825	2.0	0.3391760701298755
SC003	14d1d84e-99e1-41ad-8892-3b4da3d4f948	6adbf536-e89b-4148-8ed6-9b9117f78c64	0.061890701548917	0.7974861026343137	0.0524718341223628	0.0881513616944064	0.067873876155502	0.0575444563034787	1.581831769363132	1.584962500721156	0.2185116348010774
SC003	1502c7d7-1535-4e56-9f34-30623acd50d5	018b2eaa-216b-4726-a26e-ac726f4b47d3	0.0	0.1412995067878528	0.7698398297675799	0.0888606634445672	0.0	0.8449199797233689	2.201225016388101	2.0	0.3899836492880394
SC003	151f3677-6854-4265-9126-d92c646c67ae	e0e00806-1aa3-441d-b22e-6ae01a8473f2	0.0305989475941474	0.8381637332365603	0.0494696732263332	0.0817676459429589	0.033323752380268	0.0538748967053497	1.619171203673614	1.584962500721156	0.2583414818963123
SC003	157ec9e0-ca6e-4da1-9233-f976cf0db433	e405d22f-86a6-4141-ae74-7098d0fdedfd	0.0113488280025732	0.3013707668706596	0.5964567903271035	0.0908236147996635	0.0124825371482482	0.656040785964403	1.9697291940937227	2.0	0.3673114517222628
SC003	161917b8-88ad-407b-ade6-d6b98478b359	9ff0477c-10cd-47d6-8d0d-4e763ea185a8	0.0633422958283159	0.789749764940699	0.0605875657753657	0.0863203734556191	0.0693265932478786	0.0663116085936089	1.571930847572247	1.584962500721156	0.1870177533759669
SC003	16368c32-2118-4fcf-8693-6c89995e49d8	c5181ae5-bd05-459f-920d-26bd31bd9088	0.2039325008660079	0.5898091483430381	0.1200204542830278	0.086237896507926	0.2231789872732196	0.1313475945482444	1.5222511110634962	1.584962500721156	0.3322855251330975
SC003	16a8d916-ad46-4690-b1a5-3b2b323f4336	75103265-c66d-4bd9-8ecf-cfcf66402918	0.0671692262012767	0.6677168731339591	0.1737294426207875	0.0913844580439767	0.0739248043861082	0.1912023673365648	1.6483823188743358	1.584962500721156	0.3135031661699733
SC003	174850b4-5ec2-462b-a890-89bd1716b3c2	caa2d510-9024-4d7d-b0ef-80fa4be1e2ee	0.41452913910562	0.489319235273741	0.032545403559705	0.0636062220609339	0.4426867722444378	0.0347561083023587	1.3346318392044412	1.584962500721156	0.3379634918215859
SC003	17baef7c-d97d-4b98-ab53-503ef856523d	c144ae50-ed29-4e27-bbee-fa81e79ac7db	0.0801510977681737	0.7305972980551936	0.1072365273905943	0.0820150767860383	0.0873119979874575	0.1168173078650877	1.614600859174832	1.584962500721156	0.320982237390968
SC003	17c1d42c-cb84-4655-a4cd-b54bae17ecaf	3a36b403-ea38-49f9-9c28-710c5d141164	0.0657176319218778	0.7577157184566914	0.0908895963578179	0.0856770532636128	0.0718757329195908	0.0994064478882895	1.600802750879489	1.584962500721156	0.2504104624219283
SC003	182c4bdf-2c58-4303-b034-459da86b9d90	4c42ec4c-0ebd-41ff-8758-1e6a69cf7eb3	0.1412335252296983	0.6295795325206605	0.1609620111178925	0.0682249311317486	0.1515746986032184	0.1727477118629065	1.622881249156872	1.584962500721156	0.4034564479987664
SC003	18d35983-ea6a-4b70-a209-9bef37595956	c0819744-0dad-4597-b9ac-9117497418a8	0.3140227306467842	0.4831664549758342	0.1031951569536314	0.09961565742375	0.348765205921149	0.1146123406126337	1.44634826911585	1.584962500721156	0.3839789136075318
SC003	18eb4dfc-556f-4bf3-a411-4780209ed1e0	fc1f0ad4-8412-4143-8ebf-fa6592f396e9	0.682282302096564	0.1919733434505056	0.0361908846477409	0.0895534698051894	0.7493930499691995	0.0397506975395876	1.166991980355942	1.0	0.3051126234226612
SC003	19015644-9c17-4ae7-a656-0fe8623c04ae	98193dab-86d9-456c-b67f-e3350327a609	0.1435923659337215	0.6754697062171123	0.1196740511027168	0.0612638767464493	0.1529635031365865	0.1274842292080338	1.5710375851702865	1.584962500721156	0.3172627732829382
SC003	197741de-a098-4f04-bb37-8ea8b3bb39bc	5dc7e339-f508-4d0d-ae4e-016a5425aba4	0.1297362387212774	0.7089883377595962	0.0766210844069082	0.0846543391122181	0.1417346957164224	0.0837072678452361	1.540948630835168	1.584962500721156	0.2612845650739849
SC003	1a18974d-967c-4727-b42e-12ae7be66589	ca3c9a05-88b7-4d99-abd5-fc557e3929a0	0.0181449284924863	0.6599475446612671	0.2282961912145555	0.0936113356316909	0.0200189269855135	0.2518744995268253	1.7053140772845752	1.584962500721156	0.2597346733888925
SC003	1b703058-e596-45bc-80fe-8b98d545c2e2	d6f5c34a-0f5c-4aed-977a-74a1e5d50915	0.0	0.4444352803391452	0.4644771786285733	0.0910875410322814	0.0	0.5110252082539337	1.9187698999410203	2.0	0.3852068132394787
SC003	1c3610f7-e0aa-48d7-9a27-0dbaf6e244f9	e1df2e78-ade5-4ff7-a636-95c79e23b942	0.216650446200287	0.3168929284265048	0.3644161456872804	0.1020404796859277	0.2412697246358175	0.4058269191909914	1.7034575142810613	1.584962500721156	0.5197566776700581
SC003	1cc30842-4a5b-4f07-b36f-5b84ceaa5662	b8e8e280-c3ea-4757-bb41-1611c95dc868	0.1984725269287234	0.6144202695346651	0.1143790310608185	0.072728172475793	0.2140392073149037	0.1233500551464048	1.518497244794118	1.584962500721156	0.3197723883735824
SC003	1d75e89d-4b01-443c-be54-749c7a667bf4	e5c7ea3c-3aaa-4409-b10b-372f2f8e30f6	0.1416129191890866	0.736849050690332	0.0619071969384557	0.0596308331821255	0.1505928992422116	0.065832865562728	1.5502272699547963	1.584962500721156	0.3138255695705919
SC003	1dafdd64-527d-4d46-bbdf-7a97774f881b	a6b12e25-7b2d-460c-876f-02a75a82d7d2	0.0	0.0	0.9066525906009272	0.0933474093990729	0.0	1.0	2.581189416159195	2.584962500721156	0.2559555777989152
SC003	1f99e4d4-4e8b-4cc1-a129-227a2a82780e	a7945d1c-35ca-4c95-98c6-ccb6e6d2b39c	0.0404796859277831	0.8169836530689673	0.057156524751332	0.0853801362519176	0.0442584810720147	0.0624921095821234	1.6051274836240397	1.584962500721156	0.2206338048824115
SC003	1ff85ada-3cdd-4afb-b311-2c7befb52702	bbe1e6e5-7c52-44aa-940e-104f07751e11	0.103607541692097	0.633109545881926	0.1647889414908533	0.0984939709351236	0.1149271755836931	0.1827929444485105	1.5938948646878992	1.584962500721156	0.2665969289217579
SC003	2192c1db-4718-4254-ba42-3ae7f30ad5a8	63792ecf-4f55-4eb5-bfbc-78accb4f104a	0.0667568414628111	0.4176302723388813	0.4310245286442439	0.0845883575540636	0.0729254887827732	0.4708532300207226	1.8065218702356425	1.584962500721156	0.3948127138424032
SC003	21ef1730-e5a7-47ce-b419-d000bb59ae15	f754aa5f-49c8-4e8b-a1fe-f370f807499a	0.0557544166405489	0.5381290929185293	0.3214291605496264	0.0846873298912953	0.0609129737425435	0.351168700102723	1.7248717849084474	1.584962500721156	0.3176253037182109
SC003	233b02f3-c4f0-4a67-9db5-e68d5cdaccb6	79763193-268d-49e7-b94c-5cb95f7271b6	0.0005443478547745	0.0047506721871236	0.8958811012322055	0.0988238787258961	0.000604041587348	0.9941243227412504	2.581583181569591	2.584962500721156	0.3580780446223456
SC003	2399caeb-ead2-4003-af38-809db4ac2e2b	993d2cba-b4f8-4a46-994b-b97bb9f10d34	0.0278442175411972	0.3822971479471487	0.5012124111310888	0.0886462233805651	0.0305525891871346	0.5499647052435338	1.914610525591144	2.0	0.3888548547704427
SC003	23c21dea-3713-408f-ba56-f7c586e9f206	9f6511cf-f17a-48b9-8e58-9c251bd5e8f4	0.0870791613743958	0.6451181894660443	0.1778862807845207	0.0899163683750391	0.0956825926194446	0.1954614659609947	1.64860908831126	1.584962500721156	0.3391822718107671
SC003	23c31c2e-336c-4878-a476-cf8d811b4875	9c531ed5-e501-4cbf-9977-202dc1c5e623	0.0123715421539679	0.364828530425746	0.5563070121900928	0.0664929152301931	0.0132527565733672	0.5959322872490811	2.0122564034166217	2.0	0.4328495436320549
SC003	23dabeef-8e3c-44bc-9a12-a9522d17be5c	750932d7-0e9d-44e0-bc5a-6031ca4b0448	0.0002969170116952	0.1148244065783613	0.7964139023143032	0.0884647740956402	0.0003257328990228	0.8737061165399927	2.2644413604336044	2.321928094887362	0.3628913280641117
SC003	23f438bd-1dbb-4d46-972f-1e8e74ddbd37	93ce6743-424b-4a1e-8748-e11756399b2b	0.0667403460732725	0.3409761971528958	0.5233492238919222	0.0689342328819095	0.0716816667847778	0.5620969456452413	1.8811506773768656	2.0	0.4183762688957551
SC003	2476dda9-da2a-4242-9642-b92b8b9b1c79	5ac66414-2c9e-45d0-837a-f620898a86e0	0.0	0.0643320192006334	0.8434257624993814	0.0922422182999851	0.0	0.9291308535189255	2.321940617834861	2.321928094887362	0.3627696149989994
SC003	2481a671-760b-428c-968d-42e25fd42ac5	ece8ab6e-9a67-440a-8f3e-c80f3820474f	0.1478646718242251	0.7271002754730053	0.0381703313923758	0.0868647213103937	0.161930740466427	0.0418013981971566	1.50778596427758	1.584962500721156	0.2385011147473286
SC003	2585edbd-3488-4100-a4ab-a161252a31ee	660954c6-51ed-4b74-8eb0-65c282da3971	0.0923906768058327	0.6840638041667354	0.1526978209590419	0.0708476980683898	0.0994354495100127	0.1643410026984803	1.6304784460558943	1.584962500721156	0.3385955464559447
SC003	26573441-eedb-4364-966c-e7f803deef19	b6702fc2-9794-466e-a2e3-a8407674d05f	0.0537914652854527	0.8291572505484717	0.0352506474440393	0.0818006367220361	0.0585836447254958	0.0383910606496119	1.5666560033611263	1.584962500721156	0.1623950667670928
SC003	2680da86-c977-4611-b75f-df015283c023	8d9f2037-1c1f-4c73-a993-dc4c2aa67d30	0.2077264404598914	0.5344176302723389	0.1609950018969698	0.0968609273707998	0.2300049314167777	0.1782615842633011	1.5503621134389478	1.584962500721156	0.3854103861654944
SC003	271e8024-a008-4bf0-9f6e-177f60096b1b	d6dcbd76-1146-4535-afd6-9a9c0e3c56a9	0.0470283555746169	0.5427972881579598	0.3134948781815482	0.096679478085875	0.0520616485884372	0.3470472225265695	1.7278828184879833	1.584962500721156	0.3129834232364329
SC003	27ba717a-5cd8-440a-9345-4ae086f6efca	3f33a14d-7797-4ade-85f7-1dbec18f774f	0.1454068587829701	0.6332580043877736	0.1286805337908054	0.0926546030384507	0.1602552448823764	0.1418208922662982	1.5650457037378436	1.584962500721156	0.3230090886928136
SC003	28e9048a-e540-42de-a1f4-4ef894fccc4c	9ff22b6b-ec23-41f5-a887-a59da1639858	0.0385662207413028	0.2639097372284446	0.6086468831961467	0.0888771588341058	0.0423282339096587	0.668018466552005	2.0433857567308213	2.0	0.4502749170333888
SC003	298d33da-15af-48cb-b30f-eaf54e7baa43	835ef481-0c0c-4621-9111-e23d63ca9d7c	0.0317866156409283	0.1810863863550137	0.6922455173778929	0.0948814806261649	0.0351187330283756	0.7648120136319732	2.007401707497225	2.0	0.3797815746207429
SC003	29df128d-ace2-40cf-88ee-3f6f2170f159	2223917e-5ff9-4726-99be-c73b19522265	0.0	0.6897547135575607	0.216650446200287	0.0935948402421523	0.0	0.2390216382463739	1.704461950196241	1.584962500721156	0.2242779033289175
SC003	29fdc464-f216-4828-b456-829f71436e27	f76e87a9-4a50-48b4-9527-eac98c38800e	1.6495389538623956e-05	0.0953103607541692	0.8128927964633885	0.0917803473929036	1.8162334949781144e-05	0.8950398663252148	2.2190625224914977	2.321928094887362	0.3064697048367311
SC003	2a84997d-ccee-4f46-bea2-752534f26416	e57574e4-7e01-4e61-bd29-ee4ec63dddd6	0.0086930702868548	0.3310294772611055	0.5713343120597792	0.0889431403922603	0.0095417428617986	0.6271115858847387	1.9262002413631647	2.0	0.3246871004670984
SC003	2b19a6b4-7a17-4452-b4aa-6fc18adc0c3c	e5053de2-2a3b-4559-a166-35df5386d644	0.0332547053098658	0.1873546343796908	0.6829091268990317	0.0964815334114115	0.0368057837660203	0.7558330594807755	2.0597242152247546	2.0	0.4109886921452083
SC003	2b36853f-34d3-47c5-ba6a-e5a93233d2b1	f472b29c-f85a-422e-8446-453468ab9cc9	0.0369001863979017	0.8100225986836679	0.0950464345215512	0.058030780396879	0.0391734524122231	0.1009018474739514	1.6051157402100995	1.584962500721156	0.1807942427130372
SC003	2bcacfd1-6a45-4b96-9b80-2ad569b1ab45	a56ee32f-1975-400f-a09e-a747383c9a46	0.0764891212905992	0.8068884746713294	0.05610081982086	0.0605215842172112	0.0814165818028584	0.0597148576043824	1.5758895606888932	1.584962500721156	0.2381021279954277
SC003	2c86c3ea-d926-4d39-a5ae-39ece4774287	9ef8142a-8627-4dcf-8c87-15b1bc2bfea2	0.0220378404236016	0.3717730894215066	0.5148376028899923	0.0913514672648994	0.0242534265226468	0.5665970772442589	1.9871366689396184	2.0	0.455472169664386
SC003	2c90d5e3-ac8c-4c86-a06f-42ccc064eb49	eadfbcf9-0058-4021-8dde-7296d441e42f	0.0080827408739257	0.1713870973063029	0.7268033584613101	0.0937268033584613	0.0089186581969749	0.8019693853406381	2.103319539407833	2.0	0.3698188609452096
SC003	2cb8c866-9296-4c70-a3ea-f9a9b707895c	e315f3f0-664e-47fb-9f3a-c55b3eda826a	0.1766821173482012	0.6666776635930257	0.0653382379624894	0.0913019810962835	0.1944343595701423	0.0719031367993029	1.500353399220838	1.584962500721156	0.2719408689475263
SC003	2cbeadff-a8a3-4787-9d4e-f6b74c3ab5d9	a869827a-f639-4cbf-8efb-1a5f00ed2d0a	0.1275423519126404	0.5097240321330189	0.2799432558599871	0.0827903600943536	0.1390547442630026	0.3052118552622113	1.6314783063864169	1.584962500721156	0.3163391873050482
SC003	2cf68894-168b-458b-af4f-53cad72989a8	b36c8878-bab6-4f61-9a4e-4dcfca21391e	0.0	0.0942876466027745	0.8185012289065207	0.0872111244907048	0.0	0.8967037733121296	2.187313017094809	2.321928094887362	0.3103342422615286
SC003	2d29a4ac-98e7-4663-9dd6-5681bc32ac2e	8318a9a4-e78e-4db8-97c7-2cc733d0c512	0.0865678042986985	0.7513979842633984	0.0678455371723603	0.0941886742655427	0.0955693551618014	0.0749002968331724	1.5801350180823424	1.584962500721156	0.2767266784258936
SC003	2e1e3bf0-1708-4b65-936c-48b89eb8966a	b09dcf83-93a7-466b-9414-12896ac7749c	0.2003859921152038	0.5393002655757716	0.172475793015852	0.0878379492931725	0.2196824478281312	0.1890845961879272	1.5614897268213863	1.584962500721156	0.3730172883971864
SC003	2e32f31f-9817-4935-b259-96c59936ee33	5854b639-f677-4ee3-9d68-61b1cdd5a647	0.0385002391831483	0.7942530062847434	0.08211404912327	0.0851327054088382	0.0420828675489524	0.089755147668674	1.5975612925917504	1.584962500721156	0.172571415766701
SC003	2e8e70f2-c781-44c2-8f12-1f8c2f536aa3	8046edc0-e5f9-42ec-85f2-6cc66596633f	0.0270524388433432	0.362370717384491	0.5123962852382759	0.0981805585338897	0.0299976221397084	0.5681805710522946	1.8609154622425188	2.0	0.3199770869513101
SC003	2fe854b4-bac9-4801-9a1c-ee99388e8082	b6359ede-df10-44b9-a2e2-bbf900eeb241	0.0	0.1904392722234135	0.7178298665522986	0.0917308612242878	0.0	0.7903272674439723	2.0761370824609413	2.0	0.3671367655743485
SC003	30047d32-0833-4aca-98d1-3b9ab7122863	dcc31bf1-9890-4fb1-9677-b5fb77e1fc37	0.0158355739570789	0.8225261039539449	0.0737508866271877	0.0878874354617884	0.0173614250836422	0.0808572203635048	1.6355607943866357	1.584962500721156	0.234618875201173
SC003	30ec8b1f-28c4-4f46-8a1b-a8d51e558c7d	50233285-5aef-412a-a225-3ed14eaa69d8	0.000742292529238	0.3279943255859987	0.5720766045890173	0.0991867772957458	0.0008240249038637	0.6350668375755356	2.062085043713055	2.0	0.4495232455196513
SC003	31427699-e27a-4035-8925-6d8d6900d097	796df715-916f-46e4-9da1-e19c94958e07	0.0215759695165201	0.8432443132144566	0.0444550748065915	0.0907246424624317	0.0237287520635669	0.0488906626997804	1.5913735289600617	1.584962500721156	0.1284540592187133
SC003	3144f1fb-4342-4079-bfe8-940da4bfd88e	78910f0b-59f1-4b4b-a7de-a6cf2402a097	0.0	0.237484123187569	0.6733418009666299	0.0891740758458011	0.0	0.7392650814060887	1.9991833116709792	2.0	0.3241149192436457
SC003	316e021c-5175-4ab3-bdb6-2bf9683f657a	b6fe1d5a-f1c0-470d-bf49-b5a13157d2c6	0.0059548356234432	0.0751364993484321	0.827920096333075	0.0909885686950497	0.0065508919012103	0.9107917324477834	2.233640203615156	2.321928094887362	0.3556843909082208
SC003	327a2395-85c8-42e1-9638-8e037a1723ed	e586a2b3-1132-45db-9283-dc318653a09f	0.125892812958778	0.6993715256585784	0.0799531530937103	0.0947825082889332	0.1390746578712393	0.0883247990961605	1.5456606343454893	1.584962500721156	0.2630772624389236
SC003	328dfcb0-b5ae-43f2-bc87-dad0ab3df9e7	47436ce0-438f-475b-ac0d-1972d0c5285e	0.0178315160912524	0.456460419312802	0.4392722234135559	0.0864358411823895	0.0195186248487803	0.4808334687539498	1.9287645536597149	1.584962500721156	0.419991079024343
SC003	32efa6e8-6b19-480a-9d04-ace02e93318a	9cd3fc34-5380-4318-87fa-ccff0dbea879	0.0030516470646454	0.193095029939132	0.7133431205977929	0.0905102023984296	0.0033553395240858	0.784333284968079	2.1664976766730217	2.321928094887362	0.3948575859367648
SC003	332423a7-8866-4ee3-b08f-3c8d7c16af80	df545b98-f81f-4e0d-a714-90b406f2a238	0.015439684608152	0.2400903947346716	0.6535968196888969	0.0908731009682793	0.0169829807308487	0.7189280400624161	1.949474431749542	2.0	0.3097808677141987
SC003	33b7bf50-53f4-4839-aa83-9665f85671d8	7295d5c2-d7bc-4d35-bdcb-17c4ec5e5de0	0.1604341586526566	0.5902050376919651	0.1643435659733104	0.0850172376820678	0.1753411815608718	0.1796138383601651	1.5785419334349278	1.584962500721156	0.3456313513486259
SC003	33cea538-4c3f-470a-972d-257c43241ab4	ddfbecf6-37e3-4015-bb24-125ccdd60d25	0.0	0.2692707388284974	0.6446398231694241	0.0860894380020784	0.0	0.7053642336293409	2.115318442320433	2.321928094887362	0.4135429142109393
SC003	33fe5833-d7a0-43d7-a03d-56985ea448a6	4a21e922-a294-43f0-89cb-862dabed4f8c	0.0036784718671131	0.2922488164558006	0.6140738663543539	0.0899988453227323	0.0040422716479054	0.674805590298548	1.9766854840412191	2.0	0.3398288726682747
SC003	34a74805-300c-4773-ab59-2085fcc2e6cc	eee3738e-89d5-41be-8f9d-564e46b4e065	0.1452748956666611	0.6502647510020949	0.1182059614337792	0.0862543918974646	0.1589883380871574	0.1293641910676246	1.5521386550378329	1.584962500721156	0.291861467110995
SC003	34d5a193-85e5-4399-8a9b-e92858eafdfe	9ae522c2-0fbf-493c-b3c7-a6ccd685c787	0.0027217392738729	0.0676310971083582	0.8299160384672484	0.0997311251505204	0.0030232515528519	0.9218535280429484	2.231037448751369	2.321928094887362	0.3056307670760588
SC003	3558dec7-eae3-4a41-a217-266c6a4535fb	55a21e0c-e8a7-43bf-8b28-0e06211114d7	1.6495389538623956e-05	0.0371311218514425	0.8731339590584432	0.0897184237005756	1.812119454914468e-05	0.9591910698753262	2.373016741903825	2.321928094887362	0.3630186242526314
SC003	359f12f9-5c41-48a4-85bc-fd7e307bf7d8	bf055644-7bca-43b6-8f5a-e21c42f7cf88	0.4851294063309305	0.3592695841512297	0.0565956815070187	0.0990053280108209	0.5384375972611267	0.0628146683510005	1.311130878732568	1.0	0.3746378584925802
SC003	35ca5e2a-861a-4dd2-a4ce-d294cf080da3	e7bb0755-d706-480d-989d-108b3e817973	0.0795077775761674	0.4415980733385019	0.4144466621579268	0.0644474869274037	0.0849848367303759	0.4429966852387333	1.7494802096102735	1.584962500721156	0.341589639137785
SC003	360d1d6d-cf3e-4c78-b36f-ef5e3160aa6b	9df5fb66-44da-4d92-899a-99c07cd23fff	0.0081982086006961	0.2922488164558006	0.6132326014878842	0.0863203734556191	0.0089727387615092	0.6711680808810254	2.0786301440052157	2.321928094887362	0.4034084010088455
SC003	36220587-1c1c-4f92-b177-3b2155e7e273	cd002b40-3caf-429b-934f-64f4ada1731d	0.1075004536232123	0.7117760585916236	0.0976692014581924	0.0830542863269716	0.1172375332805641	0.1065157947758509	1.5660263111264752	1.584962500721156	0.2725651118625458
SC003	36449392-de76-4ee9-bc09-627a07e18727	ac9318f5-9e1f-4340-8da6-3815fff8bff5	0.1284660937268033	0.6870824604523036	0.0944361051086221	0.0900153407122709	0.141173911467208	0.1037776891563644	1.5814092976858989	1.584962500721156	0.3504282080284806
SC003	36d77496-99f8-4911-ba7c-89fae32662aa	bbf837cc-d336-45bc-9024-a018a667f8ec	0.0215264833479042	0.7970572225063095	0.0966629826963363	0.0847533114494498	0.0235198702351987	0.1056141299450302	1.6459650798911365	1.584962500721156	0.2539883151102889
SC003	36fe6152-f61e-4948-9ccc-23ac01a9d77d	0a43ad98-2671-4701-9e5d-35ad63e8ad50	0.1851277567919766	0.5585833759464229	0.1602032231991158	0.0960856440624845	0.204806744771707	0.1772327457206467	1.575270472335908	1.584962500721156	0.3959992907858346
SC003	3886b4fb-ba22-4a50-b11a-a6893951f170	93324982-7cfa-477c-88a0-b6eef61f6ca2	0.0134272470844399	0.1207627468122659	0.7751348498094782	0.0906751562938158	0.0147661720422305	0.8524289808801654	2.213385377587964	2.321928094887362	0.4147013072665544
SC003	398fb71b-ca83-44e7-bf0d-b1ca464b0283	bfb67ae4-dcfe-4002-8f5a-35dbec269889	0.0495521501740263	0.5236956270722333	0.3615294525180212	0.0652227702357191	0.0530095819583899	0.3867546630432864	1.7682804221075137	1.584962500721156	0.3564313794294908
SC003	39cda4c9-e1c8-44c2-bab7-f5849c12f879	891365b0-3bb1-4f7c-b351-6191b18ee9d7	0.0394239809973112	0.8151856556092573	0.0573379740362568	0.0880523893571746	0.0432305326942208	0.0628741973410509	1.599127518726787	1.584962500721156	0.2020193339413007
SC003	39cde586-df95-435f-b9a6-73b0c0ee5e92	f93c9b46-b07e-4a5f-9b3e-d7cebe34ebed	0.0185738086204905	0.3284397011035415	0.5603318872375171	0.0926546030384507	0.0204704941279133	0.6175508126386212	1.900134317082367	2.0	0.332309428529382
SC003	3aaabc62-f5a4-4025-9b29-5adf82c86c84	b8718131-47af-4eec-b601-12fa3969ca44	0.1087046170595318	0.7179123434999918	0.0890256173399534	0.0843574221005229	0.1187194869300473	0.097227476625412	1.5662865473869618	1.584962500721156	0.2667331908827106
SC003	3af31fcf-ad0c-4fd9-a8e3-10f9176b5e9d	d7dc97c6-5819-48ee-99db-e34f117ab1a3	0.1837751348498094	0.727991026508091	0.026887484947957	0.0613463536941424	0.195785884999297	0.0286447349922676	1.48186583110614	1.584962500721156	0.2515479759082591
SC003	3b1f7e48-216d-47de-ba79-db350f52bff0	b692cb10-ff2f-456b-a2c0-706b608d4e7e	0.0003958893489269	0.2156442274384309	0.6939610378899098	0.0899988453227323	0.0004350426885638	0.762593579494988	2.113102519112166	2.321928094887362	0.3643838077106355
SC003	3c612e12-6de8-44fa-a095-805c45474821	9ad80473-9148-45a7-ad6d-9936a899e022	0.0	0.0597133101298187	0.8431618362667634	0.0971248536034178	0.0	0.9338631588563076	2.2073140625680248	2.321928094887362	0.2540518663491933
SC003	3ca67cd0-81da-4f68-a9fa-f1a8c013c28d	62d4d442-98a0-4540-b22a-4acf1fbfc40b	0.0	0.9188591788595089	0.0	0.0811408211404912	0.0	0.0	1.5849625007211556	1.584962500721156	4.440931960556239e-16
SC003	3cb06c7a-f2a8-448b-91a8-dd201bbf2ddd	49bfd2cc-fddd-4376-8e53-8008ca075779	0.0124375237121224	0.0996981343714431	0.7980634412681655	0.0898009006482688	0.0136646187861324	0.8768009568857718	2.17033887438149	2.0	0.3845657611190193
SC003	3dbe99d1-e3b8-4ee2-b6a8-2e2e12c6fbe9	3b3eab6c-c039-4c2b-ae4c-18b043d3d810	0.0	0.0820810583441928	0.8333635748808208	0.0845553667749863	0.0	0.9103374957204894	2.2216061580969844	2.321928094887362	0.3239021229926629
SC003	3e637872-f5e5-49d3-bb0d-9c16b8713382	e6142f96-4b9b-4691-8e7d-47d36bbdf37f	0.2190092869043102	0.5215347310426736	0.1935404054566748	0.0659155765963413	0.2344641248874212	0.2071979797623042	1.5819306924788938	1.584962500721156	0.4317452183460096
SC003	3e775c99-ceda-4246-8d6f-0f58ca5097c8	c6ba5d28-97b4-4f07-b91c-997b286dff03	0.3291325074641638	0.4730712765781964	0.1044158157794896	0.0933804001781502	0.3630326407335977	0.1151704814235289	1.4436454124123257	1.584962500721156	0.4057038343713909
SC003	3e9f93c0-aa79-4b4c-bd6c-b3325912362a	5b9560c4-0632-479a-835f-67d373e59206	0.2666314765023176	0.5124952575755076	0.134008544611781	0.0868647213103937	0.2919955922466897	0.1467565077587297	1.4860754606664408	1.584962500721156	0.3660765262984187
SC003	3ecb0147-276d-486c-9af0-ce437c24ba83	581cc2a6-e95c-46e1-8530-598a616e86be	0.3404648400771984	0.5097405275225575	0.053774969895914	0.09601966250433	0.376628590197438	0.0594868800408744	1.4063025399914622	1.584962500721156	0.3634489274248628
SC003	3efa245d-177d-4ef9-94f7-f554c54e345e	7d53f59e-5ae6-4325-9054-c9b1eac7983d	0.0821635352918859	0.7841578278871055	0.0378569189911419	0.0958217178298665	0.0908709453789178	0.0418688656182727	1.5491835545532584	1.584962500721156	0.1924240983393911
SC003	3f834fa7-6d7b-4b85-98c0-5c55d55b6c95	95f2fd0c-9121-47bf-b2c1-dd9ed667a146	0.1330188212394635	0.5855203470629959	0.1946950827243785	0.086765748973162	0.145656846630421	0.2131929266838863	1.6172725073314436	1.584962500721156	0.3612672468926498
SC003	3fc3755d-a3f8-4e2c-813f-ff124f2a75c1	eb2de640-6c2a-4c8a-87c3-80f9fbdc3d9b	0.0571235339722547	0.7875063919634462	0.0726786863071771	0.0826913877571218	0.0622729724869627	0.0792303542528322	1.622846815733756	1.584962500721156	0.3211410378161531
SC003	408cb583-6dc3-4698-8bd2-e284042bd5ef	6b1bb382-0103-4207-a0e8-871aa6aae81c	0.0308463784372267	0.2641406726819854	0.618808043151939	0.0862049057288487	0.0337563405960611	0.6771846850912504	2.0471763790254585	2.0	0.4562914133301377
SC003	417dea5f-f68e-4dab-940e-43ae8c67e5e6	29ac24fb-0065-47f8-b044-f4a66fad2394	0.0066146512049882	0.1928640944855912	0.6992725533213466	0.1012487009880738	0.0073598238047168	0.7780490043131137	2.1291587258584457	2.0	0.3927223839603364
SC003	4229e432-6ac5-49d2-b58a-e8713ddb79bd	e4f422a0-1142-4bf2-b848-b681295b370e	0.0054764693268231	0.7924879996041106	0.1205648021378024	0.0814707289312637	0.005962215358092	0.1312585302779972	1.6359520404810448	1.584962500721156	0.1484948022971642
SC003	42378dbc-a123-4cf9-8502-165e89fda271	86de89ef-d62d-4146-bc8a-e138c9ef7555	0.0054599739372845	0.2657737162463091	0.664780693796084	0.0639856160203223	0.0058332158466093	0.7102248695897364	2.082950153639205	2.0	0.3891017213595667
SC003	427d0648-3f77-4ffc-b52c-89855426d647	e355913a-6e4c-4d63-8a53-8be4c5b003b8	0.0094188674265542	0.0981475677548125	0.8250334031638157	0.0674001616548174	0.0100995808054902	0.8846596034455313	2.2227036825271127	2.321928094887362	0.3613014930641084
SC003	42e47f3a-dff7-41e4-8f84-146d97e8ab72	63963cdd-909a-47d8-bae5-965aa9d1cb99	0.0093528858683997	0.0186232947891064	0.8820084786302228	0.0900153407122709	0.0102780698256172	0.9692564260595294	2.28518380676034	2.321928094887362	0.2941957158026521
SC003	42f6f503-4cf6-4a8e-b5fe-b44bccf6b38b	be0c070b-a114-4bae-9409-33f216bbfd4f	0.0181119377134091	0.6994869933853488	0.1937218547415997	0.0886792141596423	0.0198743823194019	0.2125726283780114	1.6749296412973054	1.584962500721156	0.2252189491083176
SC003	433427a1-bacf-4381-91ba-5fec8a0953f9	ce3a4469-8d19-4661-9c48-1baf6e84f49c	0.0554410042393151	0.7857578806723521	0.0739818220807284	0.0848192930076043	0.0605792974171338	0.0808384852472017	1.5964706870380967	1.584962500721156	0.2235562569213311
SC003	43c0bec6-6fac-47b1-83cb-200a15a932be	c26f4fcf-bb96-46ba-80df-c8f3b926a296	0.0191181564752651	0.8057502927931643	0.1137192154792735	0.0614123352522969	0.0203690685413005	0.1211599297012302	1.6373866738146072	1.584962500721156	0.2057572335672023
SC003	43d5632e-7272-4aad-9496-7f5a99671223	dd8ebcff-9598-45db-b762-7ef446159e52	0.3461062632994078	0.4637018953202579	0.1076489121290599	0.0825429292512742	0.3772451859975907	0.1173340045667847	1.4359052135330654	1.584962500721156	0.3973915181448584
SC003	441919eb-8c9f-478c-bda3-8de4f8295e8a	e3cf8f8c-8fe6-45e2-b786-7db5590c08cb	0.0057403955594411	0.2976098180558534	0.5961598733154083	0.1004899130692971	0.0063816911481542	0.6627606315673653	2.067390935894089	2.0	0.4292038337052167
SC003	444374f8-9282-439c-af00-0f828edcbff3	f0471d79-d107-4809-976e-fe5b231f0e9d	0.0132622931890536	0.1600382693037296	0.7253022780132953	0.1013971594939214	0.0147587928629121	0.8071444305749321	2.122522749465189	2.0	0.3940796547690365
SC003	44bec761-b603-49c0-8634-f6bfe0319bb1	7ec2c455-d90f-4cd5-9bbb-aedbf21eca00	0.0059053494548273	0.1436748428814146	0.7584250202068522	0.0919947874569058	0.0065036514914798	0.8352650510482142	2.1012940019804662	2.0	0.3349792955230428
SC003	45013972-2dfd-4f82-a076-e3e4af1b43b8	0692591c-b717-4d4e-b3ce-ea1620eb127e	0.0230110684063804	0.2409646503802187	0.6675519192385728	0.068472361974828	0.024702507437314	0.7166206261510129	2.023478116776982	2.0	0.4064849012478978
SC003	452672e8-b6d9-45b5-bb02-e88e03e2dd66	af859133-ccf5-4157-a260-738c9583c17b	0.1763687049469673	0.5810171057189516	0.1527473071276578	0.0898668822064233	0.1937834164023561	0.1678296329859538	1.570938750246585	1.584962500721156	0.366559198149686
SC003	45c3975c-d333-4237-93f7-e12dc2451c38	ef196594-35dc-4ba9-8beb-1efe72d59e6a	0.0167923065503191	0.1177275951371591	0.8016099500189697	0.0638701482935519	0.0179380099029092	0.8563020915930997	2.069543298926255	2.0	0.2938747952255231
SC003	4649dee3-b668-44cd-ab97-3834de3ef8f8	4ad4076c-16c8-425e-9400-57fbf30bffee	0.0882008478630222	0.5761344704155189	0.2515876812430925	0.0840770004783662	0.0962972301264272	0.2746821308936354	1.6623127003749627	1.584962500721156	0.3114696708012022
SC003	491b6364-1223-474f-816f-e248c8c841e2	700477dc-5eb4-4efb-a301-12172a7469f7	0.176863566633126	0.6845421704633555	0.0529996865875987	0.0855945763159197	0.1934192012122524	0.0579608182703755	1.4958754341636404	1.584962500721156	0.2612149149072991
SC003	4922cddc-575c-4b8a-8245-ce5f6876760c	27c9fa1c-e5e1-40d3-8d25-81f10d27d984	0.0	0.0583771835771901	0.8507992016231464	0.0908236147996635	0.0	0.935791135221438	2.326179122831624	2.321928094887362	0.3349274985291832
SC003	49dc3e68-6206-4f16-969f-a758cc7be8ed	992d3519-cd51-4f48-880c-81fef52be1bf	0.0	0.3846724840407106	0.52085842007159	0.0944690958876993	0.0	0.5751967356455844	2.0187841950150243	2.0	0.4139300780245874
SC003	4a16429b-884f-4c95-8683-feeedf0d6a55	f71ea58f-a4b4-464c-a276-92747efcc0b9	0.0181119377134091	0.7973376441284661	0.096679478085875	0.0878709400722498	0.0198567708333333	0.1059932002314814	1.648376713475963	1.584962500721156	0.2513405569237298
SC003	4a831893-f4ca-4357-a756-b5e954e35dd7	c18a3e05-f8ee-454c-89b2-5659045ba68e	0.0139056133810599	0.2487999604110651	0.6453656203091236	0.0919288058987513	0.0153133514986376	0.7106993642143505	2.0546272553196507	2.0	0.4194436525692687
SC003	4b54e06e-a280-4981-a4e1-9aea154341b4	4530d39f-1a96-46b3-9964-cba7c03ad9c9	0.0119261666364251	0.2017881002259868	0.7191494977153885	0.0671362354221995	0.0127844676674977	0.7709051686029035	2.059688647965796	2.0	0.347677636208118
SC003	4bf50455-9ab7-4521-a791-089f66d3b877	c2300b5b-43a7-43b8-8cd1-22ff7e89a21a	0.0120416343631954	0.8532075284957854	0.049040793098329	0.08571004404269	0.0131704764825806	0.0536381186064553	1.6039640033317315	1.584962500721156	0.1378385063607151
SC003	4cf0f639-7940-48b6-8ea1-2a3494097cdb	7d3dea42-f18f-4cf6-973d-ea2bae39ba38	0.1546772677036768	0.761460171881959	0.0	0.0838625604143641	0.1688363132213399	0.0	1.48619958872666	1.584962500721156	0.2191331827888145
SC003	4cfef7f9-f1ee-401c-a2a3-c225d4adc3b6	50c357b1-a9fc-44e4-9a7b-937e6d74e081	0.2329313956749088	0.5914916780759778	0.0869801890371641	0.0885967372119492	0.2555744588431188	0.0954354593498877	1.488707018583268	1.584962500721156	0.3433322088403728
SC003	4d0fec97-e024-4608-a0cc-426a3decc7b1	30d31924-b87c-4065-a437-00d6033f2979	0.0381043498342213	0.1763027233888128	0.6867360572719925	0.0988568695049733	0.0422844590884129	0.7620721215449386	2.1158909303129074	2.321928094887362	0.4200375937247314
SC003	4d51159f-ab2f-40e3-a363-847c3654431e	de71b625-2b73-43a7-9bc0-89d6a13d0d52	0.0150108044801477	0.370222522804876	0.5225904359731455	0.0921762367418306	0.016534932315799	0.5756518579086036	1.9338164728914264	2.0	0.3851044512237841
SC003	4da999a0-ef41-4a0b-b1d1-446b39cc855a	dd38ba60-656a-46f7-b22b-bcee3b6d2f19	0.0172046912887847	0.2310344258779671	0.6536957920261287	0.0980650908071194	0.0190753136544862	0.724770474413841	2.000446627642793	2.0	0.3848988576938084
SC003	4e3699da-4367-4a43-9d66-a117d3ad460d	41dc8345-7968-42b2-af20-8501b9d2223d	0.0157695923989245	0.2750606205565544	0.6239711000775283	0.0851986869669927	0.0172382704028273	0.6820837390457644	2.026449321391293	2.0	0.4161638119479207
SC003	4e509f73-99c7-48eb-a3a4-d34e3bface33	87aae20e-c532-4d73-aab6-88befc3a2e6f	0.0694950761262227	0.7466143212971974	0.1212081223298088	0.062682480246771	0.0741425127149217	0.1293138341868609	1.602880756344023	1.584962500721156	0.2464102486217837
SC003	4e6edfe6-adcb-4c12-8ff4-38a79f5887e8	e56e785d-f9b1-4afa-bc2d-b6cebf9e64cc	0.0338650347227949	0.8566715602988965	0.02828959305874	0.0811738119195684	0.0368568453556425	0.0307888406161358	1.5761811517082422	1.584962500721156	0.1335608155541855
SC003	4f04bd10-9902-4a23-b15d-4f4409d79499	24e9d23a-1340-4074-9268-ca85896569cf	0.2083862560414364	0.6673539745641094	0.0436632961087376	0.0805964732857166	0.2266537488562355	0.0474908947377863	1.4881282948686716	1.584962500721156	0.3154917403307321
SC003	4f321d41-3255-46a4-ae0d-1cf39699e624	8c8d4bd4-3aa9-4ad1-9715-2376ee540a0c	0.1821420912854857	0.7105883905448427	0.0477541527143163	0.0595153654553552	0.1936683328948522	0.0507761115495922	1.4940519457357928	1.584962500721156	0.2617932102448311
SC003	50619f8c-10aa-464a-a227-90a7aa6ffd43	db1c378a-1974-4b79-a027-928cba385e40	0.0264421094304142	0.1916104448806558	0.6856803523415206	0.0962670933474094	0.0292587657656013	0.758720134338438	2.0076879288694465	2.0	0.3636723921742258
SC003	515b1400-e896-4f2a-81bd-70895441a0bd	dac9090c-fae9-4d99-b5d7-fc3c8b6a201a	0.1949755043465351	0.6054797684047308	0.1011662240403807	0.0983785032083532	0.2162498399165736	0.1122047604237179	1.5176848570435308	1.584962500721156	0.3259308622112304
SC003	518f231c-f5f9-4a39-a97b-7fd5666d3e50	aafc7bc4-1e57-4df9-9bad-a04a4d9edebd	0.1428995595730993	0.6356663312604127	0.133876581495472	0.0875575276710159	0.156612130525174	0.1467233119407032	1.5783619455302231	1.584962500721156	0.333740422862352
SC003	51ccbf1b-7cae-44ba-991a-11eda8b8c404	aa1037f4-1414-4e05-b11a-c558a23b7e62	0.191692921828349	0.6600135262194217	0.0504593965986506	0.0978341553535786	0.2124808015797557	0.0559313976449937	1.4980754005673642	1.584962500721156	0.3089579589546676
SC003	521e2140-ae5b-456f-8699-97398d009687	7a3b5790-35c8-473a-b952-bb603aca5aa1	0.0039423980997311	0.2720419642709862	0.6311136037477525	0.0929020338815301	0.0043461657362113	0.695750213671328	2.0053165180822323	2.0	0.3513536483267085
SC003	523e24a2-51b9-4658-be2f-42e5fccebb17	cb7c50bf-c1df-4b2d-939d-cbe1a4b7b667	0.0189532025798789	0.8811672137637531	0.0429704897481154	0.0569090939082526	0.0200968988858377	0.0455634652720689	1.5920115720761214	1.584962500721156	0.1223154669777181
SC003	5258294f-ef5b-4091-9183-6bcc545d54b2	fbf64fdd-6787-4647-b0cd-860acc8abce6	0.0229120960691486	0.2336077066459924	0.6544380845553668	0.0890421127294921	0.0251516523313716	0.7184065187867813	2.082396985257113	2.0	0.4311730711571516
SC003	52c35691-efca-42f5-a03e-02c9f872275c	ca263104-9c70-4b9f-95d1-7a886587eebd	0.0156541246721541	0.1583557395707899	0.7330881018755258	0.0929020338815301	0.0172573693877179	0.8081686094088123	2.1176782421781573	2.321928094887362	0.3574181285524425
SC003	530ad151-703d-4638-851f-0b5111ff318b	50111388-1058-413a-ac2a-3fd4f84091aa	0.0068125958794516	0.0771984230407601	0.8325388054038896	0.0834501756758985	0.007432870203729	0.9083399323302858	2.3377136209889944	2.321928094887362	0.365886136283633
SC003	5362cbc4-cd28-4afd-a8ac-1a4c2c33cad2	9e1c48c2-ce8e-4256-8cb2-31b12c523c66	0.000610329412929	0.0062187618560612	0.9291687973211488	0.0640021114098609	0.0006520628095095	0.9927039458611636	2.6051595501886395	2.584962500721156	0.3413593083436422
SC003	53d0af48-d7ea-42c9-8695-c614b89b415b	c5eb7bf2-fc4a-497e-ace9-c715fea47e5b	0.0001154677267703	0.1028982399419362	0.8091318476485823	0.0878544446827111	0.0001265891458849	0.887064397706928	2.170231732651448	2.321928094887362	0.3104124934040669
SC003	546248b0-22a0-4b70-a437-76fb0a238a0d	d09d5a48-2dc0-4d0f-8b20-d1f11a08143b	0.2955973805321412	0.4954390247925704	0.1090510202398429	0.0999125744354453	0.3284096323718066	0.1211560312282373	1.4509128842689103	1.584962500721156	0.3566155486825925
SC003	5562455d-bbb8-46eb-a510-e8c6e1e26789	cb62cd95-92ca-4b83-b8db-1cb9584befc0	0.2263332398594592	0.5939659865067713	0.0881348663048677	0.0915659073289015	0.2491465717606043	0.097018448576409	1.4928222863939176	1.584962500721156	0.3402432684753749
SC003	5580b21a-2cdb-4777-ad79-6e06654144f5	7cb99442-005b-4611-94f9-03af195ec7e3	0.0	0.1675436715438035	0.7384820942546558	0.0939742342015406	0.0	0.8150784692131231	2.1338560286932573	2.321928094887362	0.3351677152173667
SC003	56203436-8634-4fd0-96b5-ba6be9d87857	eae4c66c-03a5-4663-a484-a01612602409	0.0152252445441499	0.0295267472741368	0.8665852894116095	0.0886627187701037	0.0167064871126556	0.9508941500144802	2.3288002727061468	2.321928094887362	0.3853892847418663
SC003	56230e4a-29ca-4f37-a0f9-730dbdfb6fa2	7231d76b-0aa1-4614-bdaa-84411618c8c0	0.1844019596522771	0.6438480444715702	0.1075334444022895	0.064216551473863	0.1970562312709325	0.1149127445795875	1.5238708093481643	1.584962500721156	0.30829870072782
SC003	58959e88-54e2-4558-9664-2effda7403dc	e8eda441-d2d9-4708-bb9c-21f7da4e3094	0.171205648021378	0.670834501756759	0.0700394239809973	0.0879204262408656	0.1877091132693107	0.0767909138588971	1.5156372936314304	1.584962500721156	0.2940752813599091
SC003	599c3701-df7a-4a75-a347-fa9b510dd242	c9ec05fa-5548-4fe3-8c09-a32c9e599d90	0.0005113570756973	0.1028487537733203	0.8035729013740659	0.0930669877769163	0.0005638311416671	0.8860333569778651	2.184047197723918	2.321928094887362	0.334654124619932
SC003	59bf0ce4-715a-4017-bccb-c59916e78324	7bd968be-14ae-4a63-96d5-814d16072818	0.0597463009088959	0.4706959404846345	0.3830229450868482	0.0865348135196212	0.065406215576864	0.4193076548025353	1.8194568264317852	1.584962500721156	0.4427942893418618
SC003	59d60247-e549-4326-a672-50b05c13a291	75e9ad4a-ae3e-4331-9c35-0ce639ed3009	0.021493492568827	0.8751134058030781	0.0394239809973112	0.0639691206307837	0.0229623755396951	0.0421182483038153	1.5888506113510044	1.584962500721156	0.1249610944564694
SC003	5a17dcd9-5ced-4a69-8069-23c7fd0649d1	8caec376-1f90-4802-947f-b893c370f219	0.0168252973293964	0.0821635352918859	0.809709186282434	0.0913019810962835	0.0185158292187046	0.8910652047632879	2.3043419291535043	2.321928094887362	0.4585771256527348
SC003	5a57dc25-d252-4b22-b192-4de630d7002f	8137ffee-bb4f-4e5f-b831-acfc9c5585a8	0.2453524239974927	0.5823697276611187	0.0789964205004701	0.0932814278409184	0.2705938000291078	0.0871234172609518	1.4758268154725729	1.584962500721156	0.3376392602444458
SC003	5a5f0f48-2b13-4e78-b130-901b85d9a7f3	4bdb6c69-67b3-406b-9ac6-9cca2c15f52f	0.0769509921976807	0.7021592464906059	0.1369777147287333	0.08391204658298	0.0839995678478824	0.1495246326707001	1.624348653826588	1.584962500721156	0.3146637529199766
SC003	5aca16ca-4516-4e27-8249-6914029a7ebf	d22e0f16-8d28-467d-ab10-2dd72f7eab42	0.0659650627649572	0.7997459710011052	0.0405621628754763	0.0937268033584613	0.0727871716932709	0.0447571030742068	1.5627790178477456	1.584962500721156	0.187272552873015
SC003	5c9d8163-a68e-43ce-9cba-effb7405761e	e8811c84-1822-40cb-ba64-10939e29cd35	0.0186562855681836	0.2561074179766755	0.6643188228890026	0.0609174735661382	0.0198665027226418	0.7074126119796241	1.96953288929452	2.0	0.3596639654750827
SC003	5cbf0aea-ebb4-4005-bdd5-14ef2dc6826c	27ac43e4-c348-4f83-97f5-cc0f4a87b670	0.0008577602560084	0.2039819870346238	0.6983488115071838	0.0968114412021839	0.0009497023048544	0.7732037841984147	2.0866311665065003	2.0	0.382576635116012
SC003	5cdae21d-eee5-478f-932a-0f51fcf5f031	9eaa7f15-8a97-4a49-9e93-b5790a1fade0	0.0063672203619088	0.1093149464724609	0.79225706415057	0.0920607690150602	0.007012826568802	0.8725882053704443	2.164019113207776	2.0	0.3813530142069558
SC003	5d1d00c6-fcae-479e-ae1e-de76efd41d98	dbeeddc1-d149-46f7-91ff-d057f8c6bffb	0.2928921366478069	0.5042475628061956	0.1177275951371591	0.0851327054088382	0.3201471277631531	0.1286827016696116	1.462658341806222	1.584962500721156	0.3620285463304237
SC003	5d688049-f271-40ef-813a-d37240ffe21c	f411d1ba-697f-4759-afb1-89eaa56e6da7	0.0	0.2902693697111657	0.616663642511918	0.0930669877769163	0.0	0.6799439806478602	1.9881160905496933	2.0	0.3321378283745522
SC003	5d8ed961-a012-4b6b-bffb-9468d3953646	bf42e8ce-cd3e-46c8-92f9-ea5cda443a6f	0.0882173432525609	0.7173679956452171	0.1065767118090493	0.0878379492931725	0.096712358493978	0.1168396687041122	1.6024667681567606	1.584962500721156	0.2992793103961717
SC003	5dc1bee9-c44d-4fdc-9ae5-83426c4d6880	e8ff6081-cb82-4316-8c22-1c1cb1b6552b	8.247694769311977e-05	0.0040578658265014	0.9130528017419132	0.0828068554838922	8.99232055824326e-05	0.9954858550797618	2.346850031198136	2.321928094887362	0.2250773672965861
SC003	5e2cbc56-97f9-4b94-ade2-a3f739bcc7be	bfd30c90-9b30-4e7b-96f5-1f1b2ce23f04	0.1406561865958464	0.7220032001055705	0.044125167015819	0.0932154462827639	0.1551153314414611	0.0486611365786218	1.5189691924826505	1.584962500721156	0.2542940258320837
SC003	5ea18514-51ad-4844-abea-15e82f0b10c9	644c9a14-09da-4382-a6d1-dce67f25a4ff	0.0	0.8129587780215429	0.0955083054286327	0.0915329165498243	0.0	0.1051312779169844	1.648970684216706	1.584962500721156	0.1937040194229606
SC003	5ed024e8-d05e-4c65-9441-eda9930ccc82	f0cf4acd-6b09-4538-b58c-e86c623b6c71	0.262227207495505	0.485459314121703	0.16554772940963	0.086765748973162	0.2871412315084081	0.181276303668515	1.5026142411691608	1.584962500721156	0.3717457967711729
SC003	5f4d16aa-9cc4-4edb-b714-394e2661439a	8063e0be-03ea-4a66-8592-dbb2d9f49045	0.0672187123698926	0.7760915824027185	0.0980650908071194	0.0586246144202695	0.0714047906919693	0.1041721424941737	1.609543799292649	1.584962500721156	0.2626460328920686
SC003	5fd37868-4762-4109-9dcf-6fdbab5b645d	b0763e0d-56a7-4953-ad36-c3b218c059b3	0.0614948121999901	0.8078946934331854	0.049040793098329	0.0815697012684954	0.0669564280326161	0.0533963145227917	1.5711133798157308	1.584962500721156	0.1932495579452759
SC003	5fd9552a-c742-4388-940d-295d1107ae00	81fc993e-8f5a-4b3b-bea3-4c4c2f5e4ef2	0.3428896623393761	0.4451280866997674	0.1254804282203124	0.086501822740544	0.3753588905541812	0.1373625381462287	1.4404988720790886	1.584962500721156	0.392301749020165
SC003	5fe3c51f-65e2-4da6-8924-a6fae17c022d	d19fe184-84a8-4a49-a4d4-75891670da4d	0.0	0.0608185012289065	0.848093957738812	0.0910875410322814	0.0	0.9330865138563728	2.048568572351155	2.0	0.2003745127533615
SC003	5ff12cbe-a3e0-4ce6-8452-12b984a1baaf	d728c743-10a6-4ac4-8725-61c0d2980057	0.5300133612655263	0.3842765946917836	9.897233723174372e-05	0.0856110717054583	0.5796366785127992	0.000108238774737	1.222291530618946	1.0	0.3437300915159978
SC003	606fbc6a-b41b-441d-9401-51e54912bf5e	dcf7829e-abaa-435f-b41d-a2bcfde5d66a	0.0268379987793411	0.8418587004932121	0.0378404236016033	0.0934628771258433	0.0296049638808523	0.0417417253489091	1.5984069224389343	1.584962500721156	0.1806122791350018
SC003	60df7543-6da5-4c75-943b-5800c1e08234	a7cc9298-d6f1-48ef-a93a-9c75fc0cb800	0.0149613183115319	0.1297692295003546	0.7611467594807252	0.0941226927073882	0.0165158329843217	0.8402316222663292	2.1600844537614985	2.0	0.414819890129156
SC003	61204cdf-3b1c-44a1-bda6-0fef1ac4a333	fffbf817-1853-4783-b3e3-d05261cf2cd8	0.0386322022994573	0.8584695577586064	0.0457087244115269	0.0571895155304092	0.0409755756176079	0.0484813492896633	1.581928500878471	1.584962500721156	0.1535111600023491
SC003	632984bd-dc81-42b6-b024-476cfd0bb2ae	9ae58006-9650-4494-991a-6ee217331740	0.0423106741665704	0.3689358824208634	0.4972040314732032	0.0915494119393629	0.0465745465109945	0.5473099340874839	1.871576531228606	2.0	0.3839852700471822
SC003	636b0a90-c8c2-4ad6-a77d-6cd428a826d1	c6f8aca1-259f-48ab-a470-a1afecb8a2a9	0.000742292529238	0.1061643270705837	0.793791135377662	0.0993022450225162	0.0008241305422778	0.8813068878999323	2.362893506198997	2.321928094887362	0.4004023202317222
SC003	6397d7bc-9cb1-4a84-81ad-76954e0a8cee	ee6b71d0-3596-4669-b138-af822c2c3c6b	0.1687973211487389	0.7089883377595962	0.0557214258614717	0.0664929152301931	0.1808206106870229	0.0596904156064461	1.5037888143385412	1.584962500721156	0.2577180801795706
SC003	64089c20-939f-48b4-ae8b-904ad0597145	c2f00c0c-9ad9-4c1d-912c-52eacedcba12	0.0592019530541213	0.7414182735925309	0.1040859079887171	0.0952938653646305	0.0654377712139444	0.1150494110782919	1.6040305939367434	1.584962500721156	0.2300056195799261
SC003	6429c443-8ac3-407f-bb9c-66420b904bbf	8e324f79-8fbf-4d12-94d2-7b5a978425fc	0.0969598997080316	0.46523596654735	0.3760453953120103	0.061758738432608	0.1033421825278222	0.4007981856221101	1.7588633298534404	1.584962500721156	0.4042620103109137
SC003	6439621e-da61-4723-91cc-c5d87d0a4abc	a6cd09dc-ac7c-4bdc-9bb4-14f8cce6642d	0.0014845850584761	0.1923692327994325	0.7088068884746713	0.0973392936674199	0.0016446767296516	0.7852417674792588	2.205331275739379	2.321928094887362	0.398573723899978
SC003	64975923-d032-4182-8565-59fc37127d8d	b58f47b2-c3ce-49a2-9bd2-f4c2cbda734c	0.2951355096250598	0.4944822921993302	0.1238803754350659	0.086501822740544	0.3230827570017515	0.1356109716679607	1.464450887580313	1.584962500721156	0.376509886898774
SC003	659b0170-e914-45ff-aa55-fcb8d3dc7b8a	7adf414b-c3f7-4e2c-aa80-81d3edd9764e	0.0859904656648466	0.7849331111954209	0.0453128350626	0.0837635880771324	0.0938518318480511	0.0494553965253398	1.5505885425657788	1.584962500721156	0.1986264380740236
SC003	65cac997-4d39-4501-85ec-4fcb328a8eb5	fed3a891-21be-4196-b9ef-0bf7c8f976aa	0.3405638124144302	0.5259719908285634	0.0729591079293337	0.0605050888276726	0.362496707927311	0.0776578000175577	1.4046442349534816	1.584962500721156	0.3279224894634906
SC003	65cde5d5-1efc-4e30-b1bd-a93598794f2c	4ab470ca-b87c-448e-b4c6-48db22e39a39	0.0	0.0830377909374329	0.8273922438678389	0.089569965194728	0.0	0.9087927816933308	2.224275252618153	2.321928094887362	0.2509749735225492
SC003	6623fc5e-00be-4476-967a-cbd55f676ea6	685b5df4-0620-40e2-aa09-0dd736bb5e2b	0.0001814492849248	0.0696600300216089	0.8635996239051186	0.0665588967883476	0.0001943875026507	0.9251784830706156	2.2987558347855046	2.321928094887362	0.2662730843765462
SC003	665dd3d3-779c-4abd-b5d7-13342340451d	dba36215-670e-400f-864e-a46702d49240	0.0148293551952229	0.0136746779275192	0.8861158306253403	0.0853801362519176	0.0162136815337168	0.9688351037928112	2.175528238750279	2.0	0.2968208047887147
SC003	67526f5a-3a30-45b2-aeab-2b21a855063e	bc641d07-e041-403a-aa3a-e76279a8a1d1	0.0263761278722597	0.2825000412384738	0.6074757105389044	0.083648120350362	0.0287838421658986	0.6629284274193549	1.9914058646248989	2.0	0.4041932696287088
SC003	67c8dc41-edcb-4563-96b3-3f93f9edcbe9	da53d0eb-95fd-466a-a7aa-6251cb4ce408	0.0358279860778912	0.9071474522870856	0.0003299077907724	0.0566946538442505	0.0379813241003042	0.0003497359493582	1.562728051592244	1.584962500721156	0.1149265841748756
SC003	67eef990-5ff4-45d1-843d-d22d7848f130	f2deda2c-63c8-4b4f-a725-381f00298cd0	0.1244577140689177	0.7518763505600184	0.0400673011893175	0.0835986341817462	0.1358113581135811	0.0437224372243722	1.5352192746320938	1.584962500721156	0.259222769320824
SC003	68177e92-4784-45d9-af14-4ce0c00eae74	4c54a99b-a820-4602-9b39-deaca98034a5	0.008594097949623	0.2528413308480279	0.6485657258796167	0.0899988453227323	0.0094440516975728	0.7127086845396704	1.9966502702921844	2.0	0.3684525979950353
SC003	69054195-9e93-49e5-b820-69b0091cc2d4	3ee32152-2834-4137-a6e8-254f3cca6b6e	0.0015175758375534	0.2261517905745344	0.6808801939857809	0.0914504396021312	0.0016703280742206	0.7494144773870259	2.1222439577891854	2.0	0.3998962063277533
SC003	6951fe6a-d7d1-4f41-85af-76655b5d1f62	e24e7c7e-1cd5-4c45-b50c-a731f894cdbe	0.1686653580324299	0.7349685762829289	0.0274318328027316	0.0689342328819095	0.1811530012047339	0.0294628304159875	1.4911610831170758	1.584962500721156	0.2422068571224025
SC003	6956473b-92e5-4069-a26b-b48e280e76f2	c94232f8-2e37-46d0-b12a-b8e920e659d9	0.4098444484766508	0.4570542533361925	0.0439602131204328	0.0891410850667238	0.4499538202430322	0.048262373458411	1.3449999607791356	1.584962500721156	0.3296488846145531
SC003	69fc24fc-cfe2-487a-935f-1a954b30b709	e3a1436e-8e38-4cb9-a913-0a50512db5b3	0.2211206967652541	0.3054451280866997	0.4017946983818022	0.0716394767662438	0.23818407960199	0.4328002842928216	1.6704917132897852	1.584962500721156	0.465857005710688
SC003	6a2972e3-cca9-47e5-aac0-b770f2399eeb	e5c171ac-f700-439c-9e44-6cfed2c9cea7	0.0209821354931296	0.1779357669531366	0.705837718357719	0.0952443791960147	0.0231909424055133	0.7801418439716312	2.057085215688693	2.0	0.3679960297105705
SC003	6adca853-1b09-47ff-814c-47b732a76d96	ded3862e-9e2f-468a-8a40-d90363a2742e	0.0021938868086369	0.0717714398825528	0.8369430744107023	0.0890915988981079	0.0024084603962188	0.9188004780703344	2.2365419081645777	2.321928094887362	0.365066379220262
SC003	6b4e0262-f589-4532-b578-9f2d76c19d90	fc56be13-c3dd-4dd9-8c34-dc6c7f9d1e16	0.0067466143212971	0.8812002045428303	0.0334031638157135	0.078650017320159	0.0073225315549189	0.0362545877719094	1.5957261077974194	1.584962500721156	0.092924734563364
SC003	6b923e30-2ddc-407f-91b1-c202f1373fbb	aa21df77-6622-405a-821a-1122f9c93159	0.3031192781617537	0.5098230044702505	0.0973557890569585	0.089701928311037	0.3329890368759626	0.1069493521790341	1.4423748136315615	1.584962500721156	0.3491907188768341
SC003	6b960b58-28e1-41c6-bd6e-7e669c6aa4ef	2923c735-34a1-4db6-a248-1c5de2241dd4	0.0054599739372845	0.3558550385167345	0.5460138891179915	0.0926710984279893	0.0060176347604763	0.6017816562130716	2.0721626702810534	2.0	0.4676438578682352
SC003	6bc4c56d-aac5-49a2-9913-9538d06d898f	d1224e18-6c94-45f7-afb0-d4321150cc8f	0.0256668261220988	0.098609438661894	0.780891740758458	0.0948319944575491	0.0283558698108393	0.8627036483580567	2.2536360145691883	2.321928094887362	0.4335844332009835
SC003	6cd9baf5-bbe0-4c1e-a87f-c53b3af22890	6a1c2fdb-18ce-40ec-af79-191b489f39a7	0.0472922818072348	0.7894528479290038	0.0759447734358246	0.0873100968279366	0.0518163744803903	0.0832098319175854	1.6092962535452209	1.584962500721156	0.236556833538783
SC003	6d24e675-2fa4-4102-861f-7516650b3049	3dc0bc4f-6863-4297-8915-f29e1aa25d26	0.0111508833281097	0.3277963809115352	0.5986671725252792	0.0623855632350758	0.011892823841945	0.6385003782480956	2.0539986352398665	2.0	0.4411671685859725
SC003	6dd0dd7b-62ff-4fd1-a99a-b265f1a91dca	ae08dbd6-548a-469c-ba12-b6a87515bce7	0.0068620820480675	0.1511802451214885	0.7403295778829817	0.1016280949474621	0.007638353347288	0.8240791744702729	2.2439284764788554	2.321928094887362	0.4307570994667843
SC003	6e126b73-d3e8-4641-a128-306f3b313e40	fabfec99-220b-4a94-a8fe-01dfd71487f6	0.0421457202711842	0.793395246028735	0.079524272965706	0.0849347607343747	0.0460576125752604	0.086905577387605	1.6152073056309646	1.584962500721156	0.2459846814850191
SC003	6f4c8d30-47fb-47df-9eb7-4e5881e3711e	a14e7e3d-0593-4d69-b17b-e79dfb065a0f	0.0496346271217194	0.842831928475991	0.046846906289692	0.0606865381125975	0.0528413880303456	0.0498735599887608	1.588567547679933	1.584962500721156	0.2074429601047969
SC003	6f6afd31-b5dd-48ab-b18f-6390ba18a5f0	3b675bbd-b18e-4b72-b3c3-30527a9c157a	0.0001319631163089	0.2467380367187371	0.6598980584926513	0.0932319416723025	0.0001455312801295	0.7277473576976952	2.07524649820315	2.0	0.3770988342345082
SC003	6f6e7356-3521-4674-8eec-ad01340d4b8e	e11babda-c07c-4406-85ed-0b1d45985017	0.0765715982382923	0.7852300282071161	0.0521914125002061	0.0860069610543853	0.0837770037358551	0.0571026367557617	1.570774307003254	1.584962500721156	0.2380268557111046
SC003	6fa2a667-9c36-4526-8a58-1975e863a806	b85be663-edba-4e1e-a10c-d0297744a0e9	0.0038104349834221	0.2102832258383781	0.6900516305692559	0.0958547086089438	0.0042144056046121	0.7632087863971393	2.201044028464496	2.321928094887362	0.4523983315965346
SC003	7032ec9c-e96b-4642-a7b6-d0aee7a3add2	bf0f55ac-2f35-4f8b-a1d9-c4e283fc7365	0.008594097949623	0.0881348663048677	0.8183362750111344	0.0849347607343747	0.0093917871435266	0.8942928218624941	2.109509845606144	2.0	0.3063009118529223
SC003	70fc011c-0f22-4026-9d72-87351126203a	2b62733a-fcbd-46b9-b2be-9397c563e3bd	0.0934628771258433	0.6680632763142702	0.1403097834155353	0.0981640631443511	0.1036362306116476	0.155582382206614	1.6333300829964963	1.584962500721156	0.343240343894496
SC003	71229981-97c2-4ae1-a130-fe5de336b37d	ea0b870f-324e-4d12-be78-1737ef7f80b5	0.117909044422084	0.6853009583821322	0.1003249591739108	0.0964650380218728	0.1304974897307165	0.111036056595162	1.5833023552245993	1.584962500721156	0.335817761989955
SC003	71fc8941-4cfb-47ea-a533-873d38f8c95c	de6d4267-c1cb-4761-a539-5f83368735af	0.2598848621810204	0.5138808702967521	0.1244742094584563	0.1017600580637711	0.2893267712197451	0.1385756785543761	1.4875778024766193	1.584962500721156	0.3638010902677286
SC003	7241b3d4-31ee-4fd2-a4a5-35a9d5f37d6a	5b01ed81-2119-4797-9be9-67bc21abc7d9	0.1126470151592629	0.5788397142998531	0.219586625538162	0.0889266450027217	0.1236420915411355	0.2410196987253766	1.645860532273872	1.584962500721156	0.3561319385731604
SC003	72cd1b17-d349-4551-83f7-3062ce9db865	f549267b-0932-45f0-b7e6-c4a42cac50c8	0.0775283308315325	0.7460534780528842	0.094617554393547	0.0818006367220361	0.0844351825237137	0.1030468525438344	1.5805997159266147	1.584962500721156	0.2223226287972261
SC003	7317e605-93ba-49a9-8743-20613b02767a	ca3a64da-cebc-4451-ad48-5fdb6b9c26cc	0.1941177440905267	0.4852283786681622	0.2222423832538805	0.0984114939874305	0.215306365149935	0.2465009056479499	1.5887988915834683	1.584962500721156	0.396846548386795
SC003	738e1acc-1f0c-4a96-9c8a-222727ef5af8	fca8da49-849b-4790-a956-db7ee97c39e9	0.0548141794368474	0.8110453128350626	0.0513171568546591	0.0828233508734308	0.0597640372648465	0.0559512247760871	1.57975426706319	1.584962500721156	0.2048635325824272
SC003	73ccc949-01b7-48d3-a7c4-c4bcd261672a	423305a8-f060-44da-a053-18dd8c2b172e	0.0109529386536463	0.2510103426092407	0.6458439866057437	0.0921927321313692	0.0120652687429588	0.7114329323690809	2.0437427184125228	2.0	0.3896065593902886
SC003	7455d832-ad66-40df-85d7-3a7051c4498d	5c703f38-38a5-4543-a964-88cf1d5ba2f1	0.0430694620853471	0.8339739042937498	0.0398198703462382	0.0831367632746647	0.0469747944515409	0.0434305453106165	1.581270662139146	1.584962500721156	0.1831090097041698
SC003	7486a2b3-b09f-4e9c-9864-8b51b58d9fb3	31e5bc10-074b-4bb2-92f9-d9217c0efc3b	0.1610609834551243	0.7193144516107748	0.0610989228510631	0.0585256420830377	0.1710731493648707	0.0648970652650021	1.5218620559185232	1.584962500721156	0.2876803077132507
SC003	74f31744-0aed-4633-beec-4e203315f0b7	eb11d414-2f0e-44a1-843c-ecacc7212e91	0.0181284331029477	0.689210365702786	0.201953054121373	0.0907081470728931	0.0199368696030767	0.2220992671068863	1.6788768277846844	1.584962500721156	0.2273643436750079
SC003	75113445-d2d6-44a0-866c-c9175e6d214b	ace39ef3-1b5e-4ad2-a20d-62957e524281	0.0002639262326179	0.2083862560414364	0.6986622239084176	0.092687593817528	0.0002908879354228	0.7700349065522507	2.135034255637436	2.321928094887362	0.3676033122139666
SC003	752ad011-79e0-494f-9868-98bf6feb28f8	caa51a8b-eadc-4d87-b0f8-f6ffc17723b5	0.0168582881084736	0.4583738844992824	0.4423073750886627	0.0824604523035811	0.0183733640155328	0.4820581044153603	1.859226218191668	1.584962500721156	0.3523378410464847
SC003	752f4773-5a12-4485-a1f6-896e148ddf4d	bdc13064-e554-4a1e-9037-03187bcb3507	0.2354551902743183	0.5368424525345166	0.1438397967768009	0.0838625604143641	0.2570085885593907	0.1570067880228308	1.5339932097766318	1.584962500721156	0.4030589312612744
SC003	7588a286-6935-424a-bc5f-92e24c83eb37	9caf2f97-a056-4274-be21-cf06656116fa	0.0001814492849248	0.2180360589215314	0.6931692591920559	0.0886132326014878	0.0001990914191598	0.7605654196304139	2.0388748855398706	2.0	0.3203158343091679
SC003	76ace6aa-0505-442c-978a-f889cf2d44bb	46f79f16-4d38-4a71-ad9e-24037054966c	0.0	0.1481121026673044	0.7546970621711232	0.0971908351615723	0.0	0.8359430670004202	2.092054142245659	2.0	0.3218426772072702
SC003	77e25ae8-82ec-4dea-8e62-1176f27e47ba	ba0b6f0b-4e90-40b5-a47b-44ed4eb5dde2	0.0416343631954868	0.7839598832126421	0.1138181878165052	0.0605875657753657	0.0443195785776997	0.1211589113257243	1.6238092921640292	1.584962500721156	0.2263515515467321
SC003	7861a5f2-8910-4bcb-9c34-f79c5acd6e21	d3263082-946d-4420-8a63-8d67eeee09c5	0.0057568909489797	0.2791019909935173	0.6273691503224849	0.087771967735018	0.0063108025026219	0.6877328125565079	2.040790177279908	2.0	0.3787052709776667
SC003	786e8dbe-442e-4551-87b3-b4c333b04dd4	8ef7ad6f-a6e4-405c-b20e-d547985bd9d6	0.0415188954687164	0.2994902924632565	0.5699322039489962	0.0890586081190307	0.0455780095610604	0.625651890482399	1.9437234411584023	2.0	0.4165636011480529
SC003	7875018b-91dc-4ab1-83b0-ee3883e2816e	c1898b32-a9c5-410b-a197-572b2a6a2d7a	0.0130313577355129	0.3407782524784323	0.5489005822872507	0.097289807498804	0.0144358154408405	0.6080584741891275	2.003736068058518	2.0	0.4342577777167856
SC003	78e1da41-127c-4e9c-aaaa-77a0d94c31d0	b1de1587-febd-4e50-99ac-eb3dcb23033a	0.0181119377134091	0.5869719413423948	0.3050987249063887	0.0898173960378074	0.0198992352024357	0.3352060603863859	1.7435501826211524	1.584962500721156	0.2857125986456633
SC003	790ff5db-b7f3-4946-aaed-305f66b1dd6a	dce6cac3-6c76-4574-b7a8-c7083b12f22e	0.4068917737492371	0.362766606733418	0.1241113108886066	0.1062303086287382	0.4552534927929424	0.1388627429267482	1.399814926412534	1.584962500721156	0.4253972714752502
SC003	79126e88-9cf8-45ff-bf91-a98da3b304d7	5d7a6563-6e74-48cb-a6a9-6d860759ddac	0.0	0.9188591788595089	0.0	0.0811408211404912	0.0	0.0	1.5849625007211556	1.584962500721156	4.440931960556239e-16
SC003	7aedb46a-48ec-4e0e-8baa-c9ea4c4a7cf1	9d657232-b6b4-4100-833c-5f94059a9ba7	0.1712881249690711	0.6035333124391733	0.1335796644837767	0.0915988981079788	0.1885600145269657	0.1470492100962411	1.5362309228837052	1.584962500721156	0.2970443593514427
SC003	7b892055-c59d-4550-8688-ad039790af3d	f713031b-b8ee-4195-91b1-ac9cf63d76a4	0.0201903567952757	0.6103459083186249	0.2860960361578938	0.0833676987282054	0.0220266695459698	0.3121164678147888	1.7625925842673094	1.584962500721156	0.3268319021283826
SC003	7c2a8440-0206-4039-8474-8d62f6c7de0c	9d772786-6ac9-4e52-9899-023ffa7247d2	0.0181779192715636	0.1059498870065816	0.7872919518994441	0.0885802418224106	0.0199446183917615	0.8638083000018099	2.105986976963054	2.0	0.374724353121452
SC003	7d681cc6-689d-41c8-9e84-e13733089ec9	f6cc81c4-e7b6-462c-a97a-27c1ef62b958	0.0278277221516586	0.770582122296818	0.1130429045081899	0.0885472510433333	0.0305311736494434	0.1240249751153741	1.644736729355302	1.584962500721156	0.2484158487413894
SC003	7dcf550c-90ce-4f63-aecd-0e46897e2a3e	d7e3b628-d5fd-4e79-9c4a-6409330fb8a7	0.0139386041601372	0.0785675403724659	0.8127608333470795	0.0947330221203173	0.0153972303206997	0.8978134110787171	2.121526295707318	2.0	0.3117789467138943
SC003	7e8713bd-0b17-4f09-9696-bc29707d862b	99095138-b471-48d0-aed9-dd8afc8ded68	0.004734176797585	0.1525988486218102	0.7700707652211207	0.072596209359484	0.0051047632599338	0.8303511081071466	2.2012944451904755	2.321928094887362	0.3738080325767898
SC003	7e9c8d3c-790c-46ad-8f31-b557b7c26f69	ce4833ca-7926-4c85-9a2d-1def273d4f77	0.1025023505930092	0.7546970621711232	0.0846708345017567	0.0581297527341108	0.1088285258936233	0.0898964955603425	1.5727506804922005	1.584962500721156	0.2648466724910957
SC003	7eb18190-5a41-4637-9783-f81bbde499e4	cf2b65de-c6a1-4ebc-a62a-c652ce17d2d0	0.0045362321231215	0.2186628837239991	0.6848885736436666	0.0919123105092126	0.0049953679315543	0.7542097327932281	2.08698640385852	2.0	0.3653002496538686
SC003	7f2a63e6-64d5-4be1-9814-e8416fc9e688	9bd5963e-d8f4-4eed-b32b-2eedb00db268	0.061890701548917	0.332233640697425	0.5164211602857002	0.0894544974679577	0.0679710144927536	0.5671557971014493	1.863840481475333	2.0	0.3994886328573467
SC003	80419545-4e5d-4baf-8948-f84589b5ef3e	d36bac7b-872b-44a8-8c7f-8cb850b49603	0.0363558385431272	0.8806228659089784	0.0251554690464015	0.0578658265014928	0.0385888120458723	0.0267005165017946	1.5779534282599377	1.584962500721156	0.1546020220694871
SC003	805bfe39-3695-43c2-93e4-d66d0559b89f	d5d86fc3-a720-43b7-8125-160f3af04de0	0.0160665094106197	0.8259736403675173	0.0728766309816406	0.0850832192402223	0.0175606238168214	0.0796538357522762	1.6333923306918383	1.584962500721156	0.2166235594072134
SC003	8159ff7b-89f4-411a-9b9c-491f1cb3eb34	8d65b4ee-183b-4767-9091-dec23a17af93	0.0289329132507464	0.1635023011068406	0.7131286805337909	0.0944361051086221	0.0319501621188385	0.7874968122700281	2.1182818496784592	2.321928094887362	0.3880510948507983
SC003	8183f0fb-2303-4d7b-bccd-55e5031fc7df	d763edf9-b6f2-4814-b263-180aced12da2	0.585206934661762	0.2804711083252231	0.0728766309816406	0.0614453260313742	0.623519280115294	0.0776477204822665	1.2568355859656242	1.0	0.3745242950903983
SC003	81e32f39-3aa0-468b-87ed-dd2eb6165ddf	f2b7091e-ed85-4546-8f11-307154153d31	0.0654537056892598	0.7014004585718292	0.1457367665737426	0.0874090691651683	0.0717229412190008	0.1596956113079314	1.6567053542154155	1.584962500721156	0.343452519167397
SC003	8218119a-f68b-4ea7-9ee4-5e2edc2ae342	dc85267a-0ce1-439e-9ecf-e5a13ad06f26	0.0006928063606222	0.8800785180542039	0.037939395938835	0.0812892796463388	0.0007541071909507	0.0412963461711105	1.615028411000044	1.584962500721156	0.1481231833041531
SC003	848773a3-2f4a-4186-ab3f-de667129accf	b8e11365-4360-4db7-bfe8-a8da3ca4819b	0.2242548207775926	0.6635600349702259	0.028421556175049	0.0837635880771324	0.2447565037357097	0.0310198937798181	1.455477923952997	1.584962500721156	0.272222253887885
SC003	84a88e8d-1e65-4b88-aae6-bf4c7a7e4c33	c8426c95-e975-4a7e-9943-f5c513dd95ef	0.0091879319730135	0.4120383352852877	0.4903749402042129	0.0883987925374857	0.0100788940359004	0.5379270411117545	1.9215435350031425	2.0	0.3845664025046023
SC003	8539e15f-ba40-4219-aaeb-08d0ab101311	efddcf44-ac69-436a-ba29-261e8dc6ad55	0.1194926018177919	0.7180278112267621	0.1016445903370008	0.0608349966184451	0.1272328093439887	0.1082286818301572	1.5583447888971802	1.584962500721156	0.2575222680567324
SC003	858652b8-c4c2-41d8-be32-fdc88e1a7bb0	bea52276-596c-479e-981d-ca9132742098	0.0107549939791828	0.2126420665424014	0.6881546607723141	0.0884482787061016	0.011798555943613	0.7549266209442463	2.078638160932902	2.0	0.3591127443237853
SC003	8624354c-af25-423c-9c71-48a5dd821097	b4402906-2bfa-4b75-b479-4e660556fbe5	0.0816851689952658	0.7891889216963859	0.0425251142305725	0.0866007950777757	0.0894298665414552	0.0465569862568399	1.5519722774999054	1.584962500721156	0.1937350294157148
SC003	8631969d-4ac6-4fe1-9db3-d47db604494a	92b16015-e552-48e3-a095-0197b99b52a8	0.1734985071672467	0.6065519687247415	0.1375220625835079	0.0824274615245039	0.189084241182181	0.1498759572861611	1.5472289372869754	1.584962500721156	0.321999174988765
SC003	86a18ae0-dfb1-49c3-b5c4-67ec331d6e40	fc3fe505-f138-426f-87d3-c7ae138be02d	0.0296587103904458	0.1916764264388103	0.6906784553717236	0.0879864077990201	0.0325200311092622	0.7573115809654724	2.0078667752025745	2.0	0.3744992287796875
SC003	86b7b206-8e69-432d-acc9-bccce710955e	8e666196-bf9d-4b71-9c66-ee9272b671a5	0.2473648615212048	0.6095706250103096	0.0539729145703775	0.0890915988981079	0.2715584368548767	0.0592517474919416	1.4507085252208265	1.584962500721156	0.2917409393529246
SC003	86c6f993-327f-4525-9983-29c55625593a	8434f4a2-0ead-40f6-9b63-9c958a3fb812	0.0580637711759563	0.8403411246556587	0.043250911370272	0.0583441927981129	0.061661353046281	0.0459307010475423	1.5680235569820482	1.584962500721156	0.16971367437162
SC003	87b85935-a058-44ad-8fb6-8511130eaffe	a9d130f4-84e6-4f3c-982f-69971b5b7a46	0.0006928063606222	0.8801115088332812	0.0378899097702192	0.0813057750358774	0.000754120731138	0.0412432218910475	1.6148930826938988	1.584962500721156	0.1474310304589479
SC003	87f03d04-e651-4a6e-aea6-1c946aa46202	ce3c01d9-e8c7-4bd6-84f9-741f38b07267	0.0	0.1124325750952608	0.7926364581099583	0.0949309667947808	0.0	0.8757745862797988	2.182851495875601	2.321928094887362	0.2968661125816921
SC003	88db1340-e4bf-451a-87c0-6e9168296f5e	da9dc40b-0350-4b8c-8a7a-15100d5aeb90	0.514012833413061	0.3552776998828827	0.0444385794170529	0.0862708872870032	0.5625440037549871	0.0486343039734262	1.2804624256624295	1.0	0.3407634986688763
SC003	8ace3b8c-f23e-48a9-a137-9e046bd9549b	4c70c0b1-1566-4e39-9dec-5050f62cd0a8	0.1948435412302261	0.6578856209689392	0.0512181845174273	0.0960526532834072	0.2155474452554744	0.0566605839416058	1.4895799667796408	1.584962500721156	0.2921996138813561
SC003	8b525ec6-d24b-49d4-bfcb-b354de4dae7c	e3118dbe-9f93-45b0-81d3-2e64f06b7c74	0.0117447173515002	0.0414034277419461	0.8454052092440163	0.1014466456625373	0.013070695573954	0.9408514309841572	2.377984540760475	2.321928094887362	0.4303884682389945
SC003	8bd68696-5eeb-46d7-9dc6-c39c849029a4	c385c7fc-0e3e-4fc8-87c1-6db442e5606f	0.3273180146149151	0.4310080332547053	0.1580258317800174	0.083648120350362	0.3571968605990783	0.1724510368663594	1.452738990162252	1.584962500721156	0.3757139938326991
SC003	8c09f413-e938-4f2e-a414-84f0e7fcfe41	efe1592d-ef98-40df-b31e-545baef69207	0.0823284891872721	0.4650875080415024	0.387988057337974	0.0645959454332514	0.0880138254536476	0.4147812439381381	1.775888994027687	1.584962500721156	0.3962913755430465
SC003	8c7e74e0-71ef-49b8-9217-94b8ef740ef9	8a790c78-8ad4-4e0b-9728-0e24cadc1f98	0.0112993418339574	0.3432360655196873	0.5522821371426686	0.0931824555036867	0.0124604358423982	0.6090333612253065	2.0021869178121747	2.0	0.4357698308932084
SC003	8d5fe6e8-d2cc-481f-a6a1-9cb6e7982cde	84ff236c-bc58-4797-9a34-da53eb1620dc	0.0778912294013823	0.8268973821816802	0.009253913531168	0.0859574748857694	0.0852161986573305	0.0101241608315888	1.544879757005858	1.584962500721156	0.1969319196993985
SC003	8db69f1d-72e2-40ba-ad8a-cf228499840d	8a384d0c-be3c-4a35-8b57-2c48de743ebe	0.425449086980189	0.4602708542962242	0.0470448509641555	0.0672352077594312	0.4561161511662864	0.0504359205616566	1.348576090140392	1.584962500721156	0.3627527100864945
SC003	8f34cb4c-5798-47a0-89a1-f0ee26a8ae93	35276e2e-eb29-47be-88ab-3822b82153ea	0.1209606914867294	0.7923560364878016	0.0053774969895914	0.0813057750358774	0.1316658886055948	0.0058534132940711	1.515742546891531	1.584962500721156	0.2253053279903012
SC003	8f912a40-3251-4e1f-ae65-1f93d71f9881	ac0612f6-3d84-44d5-a224-6cbe65531505	0.0154891707767678	0.0800191346518648	0.8141629414578625	0.0903287531135047	0.017027218162366	0.8950078880084139	2.287491243441967	2.321928094887362	0.4115465529960921
SC003	910655da-2c12-4572-96b7-ded616e69b4b	764a5732-0b44-4cbe-93f2-7b84fd7d81a1	0.0040908566055787	0.0921762367418306	0.8390544842716461	0.0646784223809445	0.0043737434305668	0.8970759408839194	2.1168285645462386	2.0	0.3003612582030134
SC003	91da548b-5c64-49c3-a44a-1ef115f53311	cc10feb5-ced7-4c1e-b429-c4ac77236765	0.0435643237715058	0.8328027316365076	0.065750622700955	0.0578823218910314	0.0462408516300731	0.069790244073257	1.6003954432441938	1.584962500721156	0.2077936911480895
SC003	92654f8d-5137-4ffd-aaa3-5ae38eb88226	c685196b-c3cf-49fa-aae4-f6ccbe04779f	0.0078023192517691	0.0904607162298137	0.8047770648103855	0.0969598997080316	0.0086400584528267	0.8911864097177824	2.2119289137887965	2.321928094887362	0.367650287408866
SC003	929acc67-b8bf-4f65-9110-380e44ab66b7	a1953616-e244-4a52-b283-2e39d58f2c9a	0.1345528924665556	0.7958200682909127	0.0118601850782706	0.057766854164261	0.1428021218115929	0.0125873146478528	1.5105030050042638	1.584962500721156	0.2270532142683404
SC003	92b5de82-0221-4df1-8094-80f40c0bb4fa	e11dab7d-dc9c-416c-8200-ebdf8a64e3ea	0.0	0.0	0.9093743298748	0.0906256701252	0.0	1.0	2.163818398653582	2.0	0.1936767081278438
SC003	9416ff9b-6f29-4554-b04d-b537a3ae3969	7c44fbbe-00db-4ad7-86a9-61b5968d1a00	0.0097322798277881	0.1780677300694456	0.7136565329990268	0.0985434571037395	0.0107961719336126	0.7916704788742703	2.147734797297608	2.321928094887362	0.4000003782292844
SC003	9495f029-9882-4c9b-a557-b3aec9e91698	550f24b0-a925-41d6-be27-96c827693611	0.2059944245583359	0.6035498078287119	0.0951454068587829	0.0953103607541692	0.2276962348436502	0.1051691129546904	1.50207880718483	1.584962500721156	0.3192858483586344
SC003	94b03e1d-50ec-4680-bffd-7086d1536ff2	fe0ddcfc-f6e9-460d-b8e6-5187ffe8eb4f	0.0985434571037395	0.5578740741962621	0.2502020685218481	0.0933804001781502	0.1086932789927586	0.275972490084058	1.6836606442886848	1.584962500721156	0.3619668409396688
SC003	9536bec0-dae0-4d63-a1b3-956741835243	efbff161-d65a-4009-8e95-50d7f6cae435	0.4171354106527226	0.4916615805882255	0.0	0.0912030087590518	0.4589973499836642	0.0	1.316466263050328	1.584962500721156	0.2914987877847474
SC003	95873e61-afdb-496c-9f77-3f9beb008cda	c9e12d18-6092-499f-92ae-6fd6b16f2acd	0.0003793939593883	0.0423931511142635	0.8930768850106395	0.0641505699157085	0.0004054006415905	0.9542954841893748	2.2551117613527336	2.321928094887362	0.3229074637000439
SC003	96457ebf-ae88-41f4-97e5-cdc3163418aa	93a3fc8a-1b50-4da3-9dbb-cf9f582fc22e	0.1700014845850584	0.638767464493674	0.0990053280108209	0.0922257229104465	0.1872728594272423	0.1090638174153219	1.5457239847655464	1.584962500721156	0.3320205779772778
SC003	96b9c7db-1be1-4b60-b47c-26b654c3d64c	b4c19f4e-c5bf-4c4f-bad8-9c18128c112d	0.0182109100506408	0.7916962209062567	0.1084901769955297	0.0816026920475727	0.019829010704792	0.1181298943889647	1.6254409074272644	1.584962500721156	0.1713666553607583
SC003	97943d87-fed7-4f14-a0a7-c5bfee64c392	41af42ec-7521-4783-916e-2c982eef0f98	0.0114642957293436	0.3367863682100853	0.5585008989987299	0.0932484370618412	0.0126432599599781	0.6159359650718573	1.9711023848365252	2.0	0.3686063837804886
SC003	97b5f490-1cd9-4833-b903-5f4c6e45670d	c514a893-e085-4a67-b386-b61c3b63a22c	0.007455916071458	0.3289675535687775	0.5722745492634809	0.0913019810962835	0.0082050537322102	0.6297741794946268	1.9605611593963392	2.0	0.3698957697784011
SC003	9857be0c-aeca-4a43-90b1-0535bd08e086	571468b9-6fb4-40c6-8830-1ffad5419b60	0.0890751035085693	0.7076687065965063	0.1139501509328142	0.08930603896211	0.0978101396511438	0.1251245267981669	1.5974050906898496	1.584962500721156	0.2743897942325691
SC003	98e709e7-e195-4b37-9537-f6081affb609	4320c739-978f-4ebf-85c6-23d4735a38c1	0.399831747026706	0.4703000511357075	0.0711941012487009	0.0586741005888854	0.4247537938527319	0.0756317246696807	1.372818787778767	1.584962500721156	0.3469555481286914
SC003	991e1427-3c01-423d-abfd-4584302ca72c	9113cf96-0feb-4e13-b1d5-0ddd12c2cab7	0.1228246705045939	0.4967256651765831	0.2842815433086452	0.0961681210101776	0.1358932710382713	0.3145292281860821	1.6538372716241931	1.584962500721156	0.3412821175448504
SC003	993103b1-e5a1-4c33-8629-be53ebc41d64	a36231aa-f304-4bbf-aa86-b9547916c097	0.3414380680599772	0.5109941771274928	0.0635072497237022	0.0840605050888276	0.3727736056332955	0.0693356385181983	1.398478038439812	1.584962500721156	0.3332543559720654
SC003	9964f447-92ad-4d1e-af20-11cf84fab7b0	8518e829-4248-4f12-b32f-f4019f7ba4e2	0.0376424789271398	0.0803325470530986	0.8210085281163915	0.06101644590337	0.0400885391047712	0.874358794181716	2.098429969096689	2.0	0.3431663255281365
SC003	99927651-34be-4795-893a-128d8a1fdb30	e35fcfbe-0550-4a39-9996-5d178e3f40ef	3.299077907724791e-05	0.1359879913564158	0.7680418323078699	0.0959371855566369	3.649168901782619e-05	0.8495447661795026	2.086292110578243	2.0	0.3210758016854614
SC003	99e32c59-aa73-43fa-88c9-399ddadb2c72	72439e36-3c17-4a90-b3e1-8f6ccfd3dcd4	0.4738795506655889	0.3520446035333124	0.0838625604143641	0.0902132853867344	0.5208688399753417	0.0921782644957754	1.324727841551235	1.0	0.3708824350033909
SC003	9ac44381-5d43-4f63-aa3f-7703bfc923c9	afed1e5d-c6c1-4d95-9e57-d82f6a823543	0.0	0.3753195981723108	0.528099896079046	0.0965805057486432	0.0	0.5845566754309086	1.9337315215501696	2.0	0.3520992140765108
SC003	9b13927c-7357-44fd-8385-92ae6a656b7d	b98aa84f-5144-4062-badc-32e89368d684	0.1255794005575441	0.6537782689738219	0.1298682018375864	0.0907741286310476	0.1381168359941945	0.1428338171262699	1.5648069117090346	1.584962500721156	0.2705683918114724
SC003	9ba11ea8-97d3-464a-90a4-ec1151be9088	cb389c7a-50d4-4f2d-9c5c-c1fff17e442a	0.0	0.9434043184929812	3.299077907724791e-05	0.0565626907279415	0.0	3.4968703010805326e-05	1.5849882714521473	1.584962500721156	0.0043579593855625
SC003	9c1ceb7d-6fed-4c2f-a89a-bf3c5b15ca58	f7622b8a-b57c-42f0-bad1-c85edd41f034	0.0973887798360358	0.7634231232370552	0.0532306220411395	0.0859574748857694	0.1065473182704107	0.0582364830722587	1.5666276262950662	1.584962500721156	0.2676194907823636
SC003	9c55032f-4db7-4026-ae83-8d060dd8e3fe	be694dea-a16a-4841-9588-89bba1b37dc6	0.1207627468122659	0.6322682810154562	0.1633703379905316	0.0835986341817462	0.1317793177931779	0.1782737827378273	1.5940080227218705	1.584962500721156	0.3058342376613919
SC003	9c895825-d6f6-4d14-a662-23212200f6e5	cec6ad5e-a8d3-43cd-8a74-2199899f2422	0.058822559094733	0.5221780512346799	0.3582303746102964	0.0607690150602906	0.0626284269130121	0.3814081736595304	1.775401188080647	1.584962500721156	0.3670982400007785
SC003	9ce7ce09-4409-4fa3-9f78-b2b24716f860	7cd3890a-bac7-42d0-a615-4b0f862200b8	0.0619401877175329	0.7561156656714448	0.0868317305313165	0.0951124160797057	0.0684506990903622	0.0959585832254771	1.6013552321341873	1.584962500721156	0.2563239248727582
SC003	9ced0c70-c46c-4f98-8f48-840defe4b8b1	4584c7e2-8011-4231-a5e6-26a264f6d1b1	0.1533246457615096	0.6756841462811144	0.0803655378321759	0.0906256701252	0.1686045457018991	0.0883745397159389	1.5300055187175323	1.584962500721156	0.2871273313595529
SC003	9d8702e1-1a36-4bca-85ab-5f11d58d7953	c8e05740-9d67-4e06-a30f-4298b6523a5a	0.0478861158306253	0.8008016759315771	0.0634247727760091	0.0878874354617884	0.0525002260602224	0.0695361244235464	1.5974138458855518	1.584962500721156	0.2289910934131554
SC003	9da462b0-93c2-4305-89f6-7199a30399a7	a0de3018-8916-4e06-8ba1-beb1d218e30e	8.247694769311977e-05	0.0864688319614667	0.823482836547185	0.089965854543655	9.06306077688557e-05	0.9048922402073628	2.197526252184881	2.321928094887362	0.299715977950587
SC003	9ddc014d-9a8b-407b-845f-452a73f08e5e	e958ea52-21bc-43ce-9a24-72acda04e48d	0.0637381851772429	0.5964402949375649	0.2637117925539811	0.0761097273312109	0.0689889124962059	0.2854362691710261	1.6992900971731508	1.584962500721156	0.3185245817519807
SC003	9ddc3e7b-8b54-4a83-8335-8053940f56c1	796e565c-3841-425a-bdfb-569776d7c9ac	0.0	0.1702489154281378	0.7339788529106115	0.0957722316612506	0.0	0.8117189922834157	2.1997866622647173	2.321928094887362	0.4230945764684917
SC003	9e894662-b718-40f8-8899-b5e036cfbd76	fe23a254-a0a4-452c-a2ba-685f66738a86	3.299077907724791e-05	0.0423766557247249	0.8695874503076391	0.0880029031885588	3.617421501953408e-05	0.9534980465923888	2.2239981739624577	2.321928094887362	0.2353264652481847
SC003	9f80649b-a249-4fb5-97ad-059a30e13fea	e61873d5-bfd2-4fcc-9f9e-ca80779d36b7	0.1106180822460122	0.6079705722250631	0.194629101166224	0.0867822443627006	0.1211300169791553	0.2131245258480546	1.6107858701136666	1.584962500721156	0.2991280995642363
SC003	a06ff6ae-b0dd-4516-a75c-0db71694b46b	bfc636bb-4e93-4e8b-bcc3-c98cf820e6e7	0.0017320159015555	0.1931445161077478	0.7432327664417795	0.061890701548917	0.0018462836946774	0.7922667088674368	2.09246884140977	2.0	0.3346385198969615
SC003	a12fd22a-7f84-4b6e-b6d8-012e38eb73d7	7cfe5395-8477-405a-8260-b3b3aaf46a42	0.2565692888837569	0.4330864523365719	0.2226547679923461	0.0876894907873249	0.2812302240222756	0.2440559061239987	1.5722200388055343	1.584962500721156	0.4671243711537433
SC003	a1674d7b-787a-45c4-bf16-1b7d0efce207	62ce9f85-13d7-445b-a32a-11f6001617e4	0.1746366890454118	0.7339788529106115	0.00539399237913	0.0859904656648466	0.1910665944775311	0.0059014618299945	1.4782215845352296	1.584962500721156	0.2441390776538453
SC003	a1da9db1-db11-4f4d-a249-c738db81b87e	ee368eb1-55e1-471e-b88b-bab896e37b5c	0.0004618709070814	0.2179865727529155	0.6862576909753724	0.0952938653646305	0.000510520366116	0.7585420996973343	2.145179509054016	2.321928094887362	0.3960963130275569
SC003	a2434f47-2168-47d0-9bbb-981071597843	cde5b270-bec9-40d4-9c59-29f93ef08293	0.0385662207413028	0.2404203025254441	0.6590402982366429	0.0619731784966101	0.0411141982907185	0.7025815074033693	1.9327643746294871	2.0	0.3463581599653794
SC003	a2453bcb-90f2-4505-949d-a89cf4bfc9b8	f2a49aa7-b756-4eaa-a6fd-00f56c7e7851	0.0006928063606222	0.1935074146775976	0.7111987199577718	0.0946010590040083	0.0007651945780498	0.7855086722052179	2.11599245226095	2.321928094887362	0.3335968690359291
SC003	a272171b-44f5-47a5-89be-7520413c01ad	74fcf73e-30a7-446d-9066-07d2e29ac78f	0.6322517856259176	0.278937037098131	0.0	0.0888111772759513	0.6938757037600246	0.0	1.17907123386004	1.0	0.2696011235013321
SC003	a412b374-4d25-491f-b76f-ddaa989acf59	d5de71c5-b810-426d-a1f9-7f7ff07b775f	0.0	0.0935948402421523	0.8445969351566237	0.0618082246012239	0.0	0.9002391166748717	2.213657382964129	2.321928094887362	0.3816480921873202
SC003	a482fc4c-ff1d-46a0-a968-7df06422cc4b	7daa9124-2878-4708-ae74-28b17ef4898c	3.299077907724791e-05	0.3278953532487669	0.5864935750457747	0.085578080926381	3.607828988905926e-05	0.641381798502751	2.125208059226773	2.321928094887362	0.4562943945378012
SC003	a5b44d66-c162-46b5-9df2-86305f0385c5	dbd8fda0-bdf2-40f0-80b6-daef5ebf9c97	0.0128664038401266	0.1466110222192897	0.7581940847533114	0.0823284891872721	0.014020707506471	0.8262151279838942	2.1476866106191186	2.321928094887362	0.3659536069411191
SC003	a6e5f869-1182-4f81-b4bb-cf55261c8f3f	287b037a-c32a-49f0-bed6-7674d2e26574	0.0626164986886165	0.6363756330105735	0.2353892087161638	0.065618659584646	0.0670138582399152	0.251919851708006	1.6649404647488184	1.584962500721156	0.2789085039290955
SC003	a76774fe-7298-4d68-a2b2-c1bad93f0c31	d6e981ee-1afc-4f84-a3be-e87e0d1460cd	0.1450769509921976	0.7185226729129208	0.0514986061395839	0.0849017699552975	0.1585370250198284	0.0562765880741221	1.5194746960692946	1.584962500721156	0.2593407047723792
SC003	a824b3bd-34d5-4cc1-a92f-f9d6ac0f1814	8867f07e-0993-4c9a-96df-18e24801ba80	0.1772924467611302	0.5169325173613974	0.2062583507909539	0.0995166850865183	0.1968858765341637	0.2290529400989192	1.584294479217208	1.584962500721156	0.3758636934746747
SC003	a82d0a57-4383-473d-b334-d13b278404b1	b280103f-8732-4ee4-9e61-357a9cb3a0a9	0.0050970753674348	0.3281262887023077	0.5986176863566633	0.0681589495735941	0.005469897859836	0.6424032146713636	2.1070563249320107	2.321928094887362	0.4627206750351934
SC003	a8a199c9-d781-4e6c-af8c-c85d60c7cd40	fa3f34b7-5f69-41f8-9384-42af0260d7ec	0.0122725698167362	0.1173317057882321	0.7763884994144137	0.0940072249806179	0.0135459908236836	0.856947782390212	2.199342040135114	2.321928094887362	0.3346619584751309
SC003	a8a33ba9-0976-4e19-b0e9-fa5ba4d4eaa8	e943ba18-21be-49ec-8d2a-cfad16e37fa0	0.4179601801296537	0.4225623938109298	0.1000280421622156	0.0594493838972007	0.4443781897262316	0.1063505147407004	1.3706126439542636	1.584962500721156	0.3562538017835014
SC003	a947a945-4721-45cc-bc45-13b8ea41c10e	87845b6d-d3a0-43bf-82cf-a9429759e353	0.0228131237319169	0.1711726572423007	0.739702753080514	0.0663114659452683	0.0244333339222302	0.7922371605745279	2.0246384694688957	2.0	0.3260354081626301
SC003	a991644b-3ee6-4cda-acf0-e37de48a49fc	95c533d3-798c-4aca-8f38-dc4825f254b5	0.0	0.2107615921349982	0.6935321577619056	0.0957062501030961	0.0	0.7669323799274	2.1116238230837907	2.0	0.3856018795175657
SC003	a9b7d7fe-be31-4f71-afee-c1bfdf511888	cf11642a-eb96-4b37-b914-371c71f8e0ca	0.0157366016198472	0.2187453606716922	0.6699107599425961	0.0956072777658644	0.0174001860397249	0.7407299323326099	2.0441996829789377	2.0	0.3835533459163309
SC003	aa4244a8-0454-4247-a1c3-357fd51746fa	b32287fb-5ff5-4f5f-a9dc-0c0d514351b4	0.1109149992577074	0.4835788397142999	0.3149629678504858	0.0905431931775068	0.1219574128486959	0.3463198752131171	1.721312219696277	1.584962500721156	0.4121893783112963
SC003	aaea5f9c-b35b-47f8-93cb-bdc7b81844ff	57e65074-4dc7-4f55-9638-8d123702305c	0.1130593998977285	0.7761080777922571	0.026887484947957	0.0839450373620573	0.1234198869161234	0.0293513883386754	1.5249484218484242	1.584962500721156	0.209014376253818
SC003	ac075bc0-1b59-4557-beea-541694faee03	28e05d2f-0559-425a-accf-d5b4c1152548	0.3160186727809577	0.5402569981690117	0.0561997921580918	0.0875245368919387	0.3463311459406692	0.0615904694759296	1.4270055796947037	1.584962500721156	0.3690449263613045
SC003	ac18b3a3-8d52-4e35-8625-673171a7fd92	f45e5bb1-c07d-4869-8acd-03036629e83d	0.0496346271217194	0.8486218102040479	0.0202068521848143	0.0815367104894182	0.054040948275862	0.0220007183908045	1.570079131816027	1.584962500721156	0.1943808791619665
SC003	ad01259b-d858-40bc-a6ba-0bb06e996afb	7909743a-2bde-48c3-8254-3fbd57ac2e33	0.2126750573214786	0.6001517575837554	0.0995661712551341	0.0876070138396318	0.2330958923922476	0.1091264101822389	1.5262440255357987	1.584962500721156	0.3742086786138319
SC003	ad0fa961-c085-4f38-b3db-5fc0cbf6b64f	a189a276-126a-4357-8aea-9ac6a791a1c5	0.2194216716427758	0.5694373422628375	0.128218662883724	0.0829223232106626	0.239261817396935	0.1398122167062378	1.522862121113711	1.584962500721156	0.3576699220591064
SC003	ad18820b-a804-49c0-ba8a-86c09fa6bce2	e5a9fa79-2d0f-4cda-9fea-baab86f78b8e	0.0099137291127129	0.3017171700509707	0.6009600316711479	0.0874090691651683	0.0108632781433012	0.6585207143373581	1.9968786935269365	2.0	0.3792715733850604
SC003	ad6d26ab-6568-40db-bfb0-394d40e801cf	d32e480b-d1ee-4bae-af15-8b5b94c1cc8a	0.0901473038285799	0.5245368919387031	0.2897910034145456	0.0955248008181713	0.0996680770353078	0.320396848555588	1.6767804625352802	1.584962500721156	0.3186372877159654
SC003	ad7fcc89-82a3-48aa-8461-581c1a857677	bb83d6d7-e5e4-49cb-a533-bdf2fb330bae	1.6495389538623956e-05	0.2697491051251175	0.636441614568728	0.0937927849166158	1.8202668511203744e-05	0.702313559167774	1.9908265078846348	2.0	0.3073445282164022
SC003	ae65baeb-6b78-492a-8c63-bb7e93e83dc2	d4371446-8326-4e35-9e86-d8a48393efae	0.3607706645992445	0.5087013179816241	0.0499975256915692	0.0805304917275621	0.3923682746990545	0.0543764912721336	1.387605945257758	1.584962500721156	0.3433880465038557
SC003	aeb6a3a6-b57a-4c53-90e6-e833777dd2a1	b2921c9d-c655-46f3-86e5-2fc2bed1ed33	0.0324629266120119	0.0	0.8859013905613381	0.0816356828266499	0.0353486367065416	0.9646513632934584	2.0196144483551906	2.0	0.2877667896230534
SC003	af2a8e2f-2ae1-48bc-bba5-0e2c077c4e48	a56aa062-cc7f-4ceb-96d6-2a6c251fc9b5	0.0483149959586295	0.7622684459693516	0.1094634049783085	0.0799531530937103	0.0525136259323006	0.1189759036144578	1.6035876025678666	1.584962500721156	0.1954356642734473
SC003	af577366-0258-49e7-b6af-e70056c081a4	e2ef6df2-c375-4c59-ae1b-c8cca22a8387	0.0037114626461903	0.1752470184583409	0.7161968229879748	0.1048446959074938	0.0041461661783404	0.8000810805830431	2.231560873385825	2.321928094887362	0.4141184367613568
SC003	b0700958-5f90-4546-b35f-635cd506889b	723a715f-02aa-4708-bb61-84a36792ec83	0.2148359533510384	0.6827276776141069	0.0398858519043927	0.062550517130462	0.2291706990902852	0.0425472013513751	1.468564919539475	1.584962500721156	0.2687001632687469
SC003	b26d41cd-393b-4cd4-8925-a9488f7de576	f2eac3ac-cb30-4d6d-a85a-4ea1ad3e7301	0.0790788974481632	0.7956056282269106	0.0314732032396945	0.0938422710852316	0.0872683583937088	0.0347325881967451	1.5483291101100007	1.584962500721156	0.1857501254528289
SC003	b2aac45b-2073-4c7a-adb9-769a4fdcc111	fb0b2d84-d982-4d3a-9803-36420f2e7e46	0.0	0.0460716229813767	0.8611418108638635	0.0927865661547597	0.0	0.9492163351394596	2.2148497555548	2.321928094887362	0.288750250226622
SC003	b2ecbc0f-2c30-4200-8d5e-7b95424bcadb	e2b02d95-df95-48ad-b26f-3eb15201969d	0.0134932286425943	0.3744618379163024	0.5136499348432113	0.0983949985978918	0.0149657872589556	0.5697061729298547	1.9512144762581956	2.0	0.4058622322830675
SC003	b3354b72-2637-4edc-9a95-e55801d3ac13	6e7092aa-e92c-4d9b-8ed1-f8c32f39fe80	0.1303960543028223	0.6778450423106742	0.1053395575936525	0.0864193457928509	0.1427307525639173	0.1153040589339881	1.563142072363194	1.584962500721156	0.3012456324733926
SC003	b343bfe0-7c23-4c6a-8c84-9ee39db2ecda	c6514deb-3214-4ceb-8db6-46daca13911f	6.598155815449583e-05	0.2131864143971759	0.7028520528512281	0.0838955511934414	7.202405603471559e-05	0.7672182508957992	2.00821337224575	2.0	0.290725234621201
SC003	b5b99291-507e-4b68-a039-9a0f571f55df	d8afcb32-81d0-43b3-ad5c-e8c735710624	0.0	0.9188591788595089	0.0	0.0811408211404912	0.0	0.0	1.5849625007211556	1.584962500721156	4.440931960556239e-16
SC003	b5fba77b-1f50-4e71-95b2-566afba4bdd7	e17e273d-6f53-4419-9f0c-1e4e667c5257	0.1431799811952559	0.5900400837965789	0.1717170050970753	0.0950629299110898	0.1582209259934378	0.1897557418884433	1.6108955318813885	1.584962500721156	0.374510586742838
SC003	b63391a0-73f8-4544-9e94-f6529245ca2a	a63690bb-5761-47d7-854e-7be44d9b0b3a	0.0852151823565313	0.724873397885291	0.1030137076687066	0.0868977120894709	0.093324902899467	0.1128172703459488	1.5772524869052362	1.584962500721156	0.2266626728022245
SC003	b6b932ce-6856-4d94-9e6c-16dfbe51906f	ec76e770-ba6b-4294-a992-993183640ff8	0.3466011249855665	0.3960707982118998	0.1697375583524405	0.0875905184500932	0.3798745322076184	0.1860322166579285	1.45577568285787	1.584962500721156	0.4063727979894268
SC003	b6c286c6-2755-419b-87d3-59c7feda9653	f386bdc5-6530-400d-9f82-db2c96449a70	0.0002639262326179	0.1997756627022747	0.7088068884746713	0.0911535225904359	0.0002903969363123	0.7798972720837796	2.1284789297199738	2.0	0.3767373981730106
SC003	b7a4df9a-4e25-4550-9c10-338ca1921c2f	ea78a749-5aee-44e6-9592-b2e20eeb7ff9	0.0163304356432377	0.202612869702918	0.6946043580819161	0.0864523365719281	0.0178758441370842	0.760337293705536	2.0493229208935486	2.0	0.374606227731707
SC003	b804f7ae-da8f-4414-be11-f880f1859160	81bebbeb-bdb8-43f4-8113-b8f53425b725	0.041931280207182	0.8318295036537288	0.0387476700262276	0.0874915461128614	0.045951662177552	0.0424628066306332	1.5757622241894684	1.584962500721156	0.1517372460457511
SC003	b8b6cebc-26dc-43ae-a94a-20da6018f7ae	bc05cd4d-188f-4634-b6e4-c72a3683afed	0.0	0.9105784933111196	0.005657918611748	0.0837635880771324	0.0	0.0061751732829237	1.587531225005025	1.584962500721156	0.0326160853131217
SC003	b95eef8a-205f-4cf8-9d3c-ae51d406e1e0	6d129f34-7de2-4f8a-b150-e6111c5845cc	0.1299341833957409	0.7492535836233772	0.0355970506243504	0.0852151823565313	0.1420379753683033	0.0389130317182682	1.537330617656013	1.584962500721156	0.2912778835073671
SC003	b9c6c069-2a2b-4cc7-a398-dc45c132d979	c32e8a89-bc6b-4e8a-8719-4509412b5729	0.0135427148112102	0.0790624020586246	0.8390874750507233	0.0683074080794418	0.0145356042633051	0.9006055026380085	2.22918868856736	2.321928094887362	0.3794503871846565
SC003	ba80db4e-d899-4da4-ae49-5263d98e1530	bc4ef13b-1ab7-4929-953d-45592691394f	0.0423931511142635	0.8499744321462152	0.0425251142305725	0.0651073025089487	0.04534547251041	0.0454866257322323	1.577449762014388	1.584962500721156	0.153622489948613
SC003	baf1207d-7d1a-4cad-ba58-62c26be2415e	2f2d2e05-c6ea-4f29-8bed-040bd9c46911	0.2295168500404137	0.4362040809593718	0.2439998020553255	0.0902792669448889	0.2522937443336355	0.2682139619220308	1.563645884061401	1.584962500721156	0.3903040288232667
SC003	bb026999-0aab-4232-96d7-2c93b6c9691d	401d075c-d443-4592-8c03-e675caad2b50	0.0631278557643138	0.7088068884746713	0.1352456988271778	0.0928195569338369	0.0695868790457487	0.149083569714161	1.619572070002354	1.584962500721156	0.2525433582162369
SC003	bd5374c9-7f36-457f-b66b-7cc7ff64224e	50bd5c91-6557-4456-92d3-ae40cf7a8b9d	0.081718159774343	0.7752008313676327	0.0555564719660854	0.0875245368919387	0.0895565558508234	0.0608854420883272	1.571159241662822	1.584962500721156	0.237489111610201
SC003	be9bf36a-12e1-4386-addf-1686dc8b49de	6526e884-ca7a-4f10-9cb8-fe8fa90f1dbb	0.0001154677267703	0.0	0.9001863979017865	0.0996981343714431	0.0001282544568423	0.9998717455431576	2.635041729278506	2.584962500721156	0.2307966824280726
SC003	becedbfd-b2aa-4dde-b7f4-29e6f59ec32c	e2da00f3-fdb9-4ab4-964a-6828568e2e6e	0.0	0.9188591788595089	0.0	0.0811408211404912	0.0	0.0	1.5849625007211556	1.584962500721156	4.440931960556239e-16
SC003	bfa3dbc0-361c-400e-8c10-0aca7049fce9	e1c492c0-cf81-445d-8aa2-a8e8068ead1d	9.897233723174372e-05	0.0591524668855055	0.8538013625191759	0.0869471982580868	0.0001083971672206	0.9351062292238764	2.433029187211066	2.321928094887362	0.3892668250917034
SC003	bfd49783-1767-469b-9d79-7822301c5efc	adbf4056-e7d4-4282-8771-f2d6029386ab	0.0	0.1698365306896722	0.7404285502202135	0.0897349190901143	0.0	0.8134207998840223	2.13869924408162	2.0	0.3650441677857398
SC003	bfd55808-dddd-44c3-97d7-41600497b992	973ee776-e287-4568-a43d-7b16cc0094a9	0.0542533361925341	0.7975850749715454	0.06101644590337	0.0871451429325503	0.0594325984821105	0.0668413444163353	1.577938323723696	1.584962500721156	0.1783305362975535
SC003	c07b122e-ac50-4db2-add2-5617a5d0e976	ed47a919-be85-4d06-aee3-87b6485498cc	0.112383088926645	0.7473566138264355	0.0517130462035861	0.0885472510433333	0.1233010587277169	0.056736946882635	1.5454871967993085	1.584962500721156	0.2553534218608528
SC003	c0b7b798-3383-4a45-a455-9eca5810739e	a896cc6d-91d8-4c63-b9c6-2b049e88b8b3	0.0012206588258581	0.0880853801362519	0.8440360919123105	0.0666578691255794	0.0013078364144074	0.9043158601675444	2.239987523879114	2.321928094887362	0.2304395712940068
SC003	c0f88fc5-56b0-4255-bbd1-9a21ced8b37b	ca459603-f477-4ff4-9d47-902b3cbad196	0.0679610048991306	0.8386256041436418	0.0053610016000527	0.0880523893571746	0.0745229266527991	0.0058786289228543	1.5468841814965988	1.584962500721156	0.1733740150903432
SC003	c1e704d6-a33b-4891-90bd-992b0040c075	122305ed-ca1e-431f-a332-0ac3409cded2	0.1070880688847467	0.6531349487818154	0.1496461738943965	0.0901308084390412	0.1176961148679272	0.1644699867655323	1.6044159918009877	1.584962500721156	0.305264061049194
SC003	c2aeee6c-ba10-4cf9-b560-c739580f7bf3	5423b7f8-d2bb-47c8-9af8-3d3e1276888c	0.0574369463734886	0.8226745624597925	0.037939395938835	0.0819490952278838	0.0625640104213458	0.0413260264127212	1.5655572418494372	1.584962500721156	0.1679210306345607
SC003	c348a9b3-c901-4384-a222-144387bac0c5	438152c8-2d26-4b35-9f68-a4b6c473916e	0.02960922422183	0.3275654454579945	0.5489170776767893	0.0939082526433861	0.03267795375933	0.6058073912251957	1.890179161076526	2.0	0.3489589562714649
SC003	c364e81c-eb1e-4870-ab37-9c661f5f2e3d	d5adaf35-04b1-4198-b308-f4720b3d6417	0.1463965821552875	0.6742820381703314	0.0904112300611978	0.0889101496131831	0.1606829250629153	0.099234153495193	1.551660813425184	1.584962500721156	0.3234287729718627
SC003	c3a981c7-f148-4252-bd50-af8a49ec0df8	a4c6b7c7-739f-42e9-a9e0-9b59f1503f16	0.1517575837553403	0.7734028339079227	0.0068455866585289	0.0679939956782079	0.1628289764782924	0.0073450027433142	1.493348368823033	1.584962500721156	0.2220903370416916
SC003	c462e422-eb8d-4daf-9897-2a9c6cbd783a	81f193d9-ad19-43c2-b89f-54003a8d133e	0.1877835145076951	0.6420335516223216	0.0803490424426372	0.089833891427346	0.206317849828733	0.0882795367635065	1.5057170780615174	1.584962500721156	0.2919564147426715
SC003	c4699748-f01d-4b30-9c74-1ca77fb84ac1	bc220c5a-7255-40be-9c68-2997f0b0d319	0.0928360523233756	0.7654025699816901	0.0502944427032644	0.0914669349916698	0.1021823595628018	0.0553578561313046	1.5673025296469263	1.584962500721156	0.3012158007738555
SC003	c49e3b18-fd88-48f4-8b01-300692ceb367	8ba927e8-83e7-43d8-ba16-00d45a0f0484	3.299077907724791e-05	0.0517955231512792	0.8634511653992709	0.0847203206703726	3.604447888694649e-05	0.9433741236686072	2.351334967183281	2.321928094887362	0.3348456140693397
SC003	c5f00132-1c6b-4337-af6f-596c652665cc	a439dcc3-4377-449d-983e-f34f8e5741e3	0.3446876597990861	0.5021196575557132	0.0622536001187668	0.0909390825264338	0.3791689348575576	0.0684812193794229	1.4023931748151903	1.584962500721156	0.355384851061818
SC003	c632675e-e8af-43cd-8744-5be3754c1c14	46b0a695-f283-4623-a78b-954753e8ee62	0.1039374494828695	0.7638355079755208	0.0473582633653893	0.0848687791762202	0.1135765528678034	0.0517502433397022	1.5578251060075516	1.584962500721156	0.2761493842881718
SC003	c694615c-b1c6-499c-8058-995633ebf948	ca0d78dc-c860-4835-ad07-052f176804a4	0.0204047968592778	0.1920558203981987	0.6850040413704369	0.1025353413720865	0.0227360449942103	0.7632657562446009	2.0705209433017133	2.0	0.4191260925304232
SC003	c70ee5e1-4703-4996-bb5c-f4cca0fb53ba	fe3921db-1691-432f-b7fa-703ae8d7bfd2	0.3291984890223182	0.46523596654735	0.1138511785955825	0.0917143658347491	0.3624393876105551	0.1253473294226613	1.4469512102620443	1.584962500721156	0.3978656795482451
SC003	c7d7a770-23c0-4310-ab48-1f6152dc2849	4c6bdfb2-3438-4216-b76d-d87c386bfa96	0.0960526532834072	0.6190884647740956	0.1976972436204081	0.0871616383220889	0.1052241637904552	0.2165742062559858	1.6360392892437088	1.584962500721156	0.3189533736490318
SC003	c8f39325-5382-447c-9291-a6915fc978b8	9f40b937-e6c0-4259-bc0a-5fdcc6549b46	0.4026194678587335	0.4344885604473549	0.0901802946076571	0.0727116770862544	0.4341901627679445	0.0972516232322334	1.3871609746108629	1.584962500721156	0.3891407217776813
SC003	cc348a26-ee11-47a4-8b51-de922967e175	c6d8d136-3bd3-49d2-8305-3377240a1ce7	0.0266895402734935	0.8283159856820019	0.057024561635023	0.0879699124094815	0.0292638813528667	0.0625248688732139	1.6061203657692973	1.584962500721156	0.1948360801620073
SC003	cc510968-fe52-4109-a79f-74f216b48c78	989450c7-cf32-4ed9-a74e-259a9be428ac	0.0128993946192039	0.1323425102683799	0.7582930570905432	0.0964650380218728	0.0142765860337745	0.8392514833409402	2.172389911721469	2.321928094887362	0.3609179751691823
SC003	ccd4a24b-d8cc-4686-9dee-c98b0c5a8d21	e4dee88b-58d0-4953-ad4a-a2df876f3c95	0.0246771027497814	0.28218662883724	0.6015208749154611	0.0916153934975174	0.0271659191196498	0.6621874375783109	2.0342897230319763	2.0	0.4369746610205584
SC003	cd3faa15-743c-476f-ab0d-f205b14126b6	8a0c0515-abdd-4e78-9205-bd8f80f60397	0.1025023505930092	0.7367995645217161	0.0775118354419939	0.0831862494432806	0.1118028067650234	0.0845448002878733	1.5617001148195546	1.584962500721156	0.2516938841780415
SC003	cd781589-3820-45a2-906b-8d60cd02f3ef	f5678056-2dc2-4f1c-87e9-4fba6c78b460	0.0736354189004173	0.5336918331326395	0.2955313989739868	0.0971413489929564	0.0815580809003544	0.3273285343662074	1.7046222918560578	1.584962500721156	0.3442552523004865
SC003	cdd8c046-fd97-482a-a11f-2217b321c4d1	da3319a2-f906-495c-b0de-38cb8672e28f	0.0186562855681836	0.7814855747818484	0.1398809032875311	0.0599772363624367	0.0198466316879288	0.1488058680049836	1.6665369942244044	1.584962500721156	0.2490701038087513
SC003	ce9e0309-9756-42d2-ae94-d91264a79498	cef6023a-2fbf-44ee-a9b3-df78707bd85a	0.1791234349999175	0.6001352621942168	0.1299836695643567	0.090757633241509	0.1970029571306761	0.1429582191905081	1.5363519209063097	1.584962500721156	0.3156713959782136
SC003	cea9d8f9-e18c-4947-a461-5f712e3c1e6d	c3927b5c-d641-45e5-87ea-9cc18c7ec85e	0.1401778202992263	0.74874222654768	0.025485376837174	0.0855945763159197	0.1532994191290543	0.027870981707977	1.510952353622644	1.584962500721156	0.2399813339948434
SC003	ced2c048-b047-43ff-b0e7-cd7ad480850c	92f1452b-54af-408f-98a8-cd76191f472b	0.182653448361183	0.537172360325289	0.1943486795440674	0.0858255117694604	0.1998015156983038	0.2125947311439913	1.577942001004182	1.584962500721156	0.3737116312063398
SC003	cffe832c-8a81-4cdb-8b25-df7f35afafdc	acc566d9-9cfe-4deb-b1a0-f04b5a0449f5	0.1242927601735315	0.5506490935783449	0.2599508437391749	0.0651073025089487	0.1329486908038676	0.2780542028371797	1.6913046350299858	1.584962500721156	0.4182371114310895
SC003	d093173f-08ab-4138-bf3c-399c45a6e163	9f55d4c8-5e41-4ffe-b819-1d8bfd06927b	0.0919453012882899	0.3472939313461887	0.4657968097916632	0.0949639575738581	0.1015929719680676	0.514672110232202	1.8309861603383035	2.0	0.4823778312219151
SC003	d0b78f3f-a198-437a-ab8c-204345d3b75d	f5675b71-ed1b-4fdb-be07-d627dc98ed88	0.0160170232420038	0.2785576431387427	0.6060076208699668	0.0994177127492865	0.0177851857278921	0.6729064400322368	1.9622440304034736	2.0	0.3518617836657164
SC003	d1703dbd-5c93-4cf2-a4d1-0d90640882bd	ef0d266d-d3a7-4f80-91ae-7e275dd2f0df	0.00047836629662	0.0513171568546591	0.854411691932105	0.0937927849166158	0.0005278773868249	0.9428436208748202	2.304095895086459	2.321928094887362	0.2858697991826655
SC003	d1fd8ed2-be13-4272-b31e-df86911db3b1	d12bd5fd-838e-491b-8949-6a22f78194ad	0.1110304669844778	0.7144977978654966	0.0875740230605545	0.0868977120894709	0.1215969650438081	0.0959082287056273	1.5669795640576003	1.584962500721156	0.2705106750229124
SC003	d34471a1-b367-4f8a-b35a-c5901c4f5503	d92b4202-25d2-40b1-a704-c6bca0eb5bc3	0.1778532900054434	0.6602774524520396	0.0666248783465021	0.0952443791960147	0.1965760542580539	0.0736385348866889	1.5119204356181055	1.584962500721156	0.3095217710903141
SC003	d3b9d925-ae04-4721-8bfc-50b41225bc74	5c031f2a-0e98-4ab4-b8c5-3a296fda419d	0.0312422677861537	0.8382132194051762	0.0485789221912475	0.0819655906174224	0.0340316958349804	0.0529162324361231	1.604235844269224	1.584962500721156	0.200930163217281
SC003	d48e9f25-f083-4f88-a92d-c12d9f765ba6	3374057f-4159-464c-b6c3-276bb12a8902	0.0989558418422051	0.7485772726522937	0.0908071194101248	0.0616597660953763	0.1054583809440098	0.0967741935483871	1.563342259897522	1.584962500721156	0.2295742450374988
SC003	d4a1ecdc-399c-4f82-aa7a-68a0c82ded3f	ae72a901-e7b7-41cf-8eeb-2a7fb51e14f0	0.0160995001896969	0.3222539300265575	0.5718126783563994	0.089833891427346	0.0176885296409735	0.6282509016438008	1.946149863088725	2.0	0.3847605738276264
SC003	d5cab7f5-e4f1-40ee-a0c8-4c8004c1c9a0	d78ecfd3-1a99-47e6-bb5f-a13c57148a76	0.0587235867575012	0.7615921349982679	0.0916978704452105	0.0879864077990201	0.0643889381251243	0.100544412089204	1.6057322951024915	1.584962500721156	0.2481699560962315
SC003	d5e655fe-3fbc-47b0-ba23-1d1dd01d591c	b13ab974-e4a4-4926-bd17-17a1e9ca7ce6	0.0920442736255216	0.7655510284875378	0.078122164854923	0.0642825330320175	0.0983675915805803	0.0834890526390015	1.5621958827543927	1.584962500721156	0.2185935061510685
SC003	d5e9a403-88ce-40fc-bb85-80cf3f8ff6bc	ed00a16b-6b8e-44e4-998a-ae4dcca5a93c	0.166685911287795	0.5809841149398743	0.1569206406809296	0.0954093330914009	0.184266671529386	0.1734714345629935	1.5592507692542013	1.584962500721156	0.3322805025691531
SC003	d6f911b5-e895-43f8-8f86-0ac2f1bc6fae	d1991ebd-1cd1-4c2d-ac99-2a6ecd3f90f1	0.0	0.2146709994556521	0.6986787192979562	0.0866502812463916	0.0	0.7649629763409789	2.010594702906241	2.0	0.3066918208532287
SC003	d7308344-5bab-4073-bb4f-4d8cd8d7bd17	601e0a1b-309d-41c2-a7ba-a2282db846fa	0.4798178908994936	0.3934810220543358	0.0454942843475248	0.0812068026986457	0.522226211849192	0.0495152603231597	1.3005203031352015	1.0	0.3308371545370466
SC003	d7808cbc-4b8c-467b-b2c3-f48d05b9ecab	5af3de3e-4376-41ab-ae28-4ea9a95dce2d	0.0766210844069082	0.7775761674611946	0.0557874074196262	0.0900153407122709	0.0842004132980459	0.0613058768081789	1.5745554779204884	1.584962500721156	0.2354304600821025
SC003	d7ce6b79-f7c0-481e-9dbd-6273f01c9786	b9ae712b-823b-4ff8-bd1b-2eab4a2b5790	0.0092704089207066	0.3166784883625027	0.581000610329413	0.0930504923873777	0.0102215270452147	0.6406096540686043	2.0055840390406288	2.0	0.4004139737156623
SC003	d8492ebd-3d94-4a4b-8de7-386526691cc2	83ec5738-3a27-4100-83f2-8b30ae3b2fb7	0.1070550781056694	0.760536430067796	0.0448179733764412	0.0875905184500932	0.1173322727026196	0.0491204599280458	1.5367143539176975	1.584962500721156	0.2151351727196707
SC003	d8f8064f-02ef-4fed-942b-714cbe5e8455	8b7229cb-2578-4a81-8463-407df893b47c	0.0280091714365834	0.1204658298005707	0.7905250482490144	0.0609999505138313	0.029828722002635	0.8418796662274923	2.1611766172966616	2.321928094887362	0.4009732545113952
SC003	d9a1c06f-7b50-46b0-878e-89e8c31863ae	5012e9c0-a0f3-4f57-8840-fee059dfe671	0.0817016643848044	0.5604803457433647	0.2892961417283869	0.0685218481434439	0.0877118418955533	0.3105774849917654	1.7103337614960938	1.584962500721156	0.3674617126022622
SC003	d9fd2724-7db0-4af3-ac14-217bdfa5203f	a3afbb9f-f611-4bf7-a7f7-8db59022f66f	0.0018639790178645	0.403955594411362	0.5022846114510994	0.091895815119674	0.0020526048099978	0.5531134200392356	1.8343982084411925	2.0	0.27135224396412
SC003	da286247-e8bb-4941-a2af-2453fe61cd02	e216aa55-98fc-4d0d-a24e-cfa05778f973	0.0215264833479042	0.8432937993830725	0.0379558913283737	0.0972238259406495	0.0238447623746094	0.0420435235432768	1.5884638477656754	1.584962500721156	0.1240544393110412
SC003	da840a22-8d30-4682-bbd0-8fa87bd40528	31f45863-c419-4a07-896c-722b9724ce76	0.0591029807168896	0.7733533477393069	0.0836646157399007	0.0838790558039028	0.0645143865461485	0.091324858655335	1.6048894624754504	1.584962500721156	0.2514284114542246
SC003	db3e1ce8-4a05-4bfc-b5ae-13cf789369e1	9970c93c-8a6c-4e05-9d2f-4b6bdf087a98	0.0493871962786401	0.8447288982729327	0.0483974729063226	0.0574864325421044	0.052399453953586	0.0513493646959991	1.6047384246129464	1.584962500721156	0.2597387989149733
SC003	db4bc6aa-2e7d-4bcb-8519-a455f624d33b	f225775e-e46f-4d1d-8b13-042e9776dd72	0.0192171288124969	0.3262458142949045	0.5625092786566155	0.092027778235983	0.0211648862727999	0.6195225637671681	1.9735713175942893	2.0	0.3840950221674686
SC003	db62d9c7-8343-4771-84fc-146d2e307bb8	7f15f76b-305d-43f7-8d02-34cd0f76340e	0.0007752833083153	0.0814707289312637	0.8248849446579681	0.0928690431024528	0.00085465422872	0.9093339152255742	2.2374340314144847	2.321928094887362	0.3333264412813072
SC003	db8d38ab-cc61-49ee-863d-40060112f2af	298e1da3-0691-4675-931e-4a36f2ca858d	0.0	0.9188591788595089	0.0	0.0811408211404912	0.0	0.0	1.5849625007211556	1.584962500721156	4.440931960556239e-16
SC003	dbcad60f-86c7-41e3-b0ae-baa39c9f83dd	7a3cd962-7512-4797-864a-cf374b5cb385	0.0	0.2146050178974976	0.6869669927255332	0.0984279893769691	0.0	0.7619657494145199	2.003022273247632	2.0	0.319903586738305
SC003	dc11b1c7-1f00-4813-b4b5-ecf776b2eb37	5da663cd-e223-41ec-8b2f-796c141ec677	0.03320521914125	0.1562113389307688	0.7166586938950563	0.0939247480329248	0.0366473083434979	0.7909483150976715	2.0516700404710644	2.0	0.3658165476017525
SC003	dc657ca8-98e8-4ec4-a513-1b848be0e85d	ba869eea-6e25-4afb-a0ad-73fda57a1d88	0.2155782458802764	0.5959784240304835	0.1000940237203701	0.0883493063688699	0.2364702263556914	0.1097942714458899	1.4934466143926497	1.584962500721156	0.3055586452324441
SC003	dc696e3c-f448-468f-a576-f4429be0338a	759a1619-0432-4988-8a6f-5a0ef0956f87	0.050574864325421	0.7872754565099055	0.0717384491034755	0.0904112300611978	0.0556019005476769	0.0788691015922527	1.5887289413913706	1.584962500721156	0.1972702948632919
SC003	dcd5e079-813a-4c1a-b320-0931468d2bbc	f642ec37-b771-4b55-a133-a54f3b54ac99	0.0024413176517163	0.1875030928855384	0.7226300249080382	0.0874255645547069	0.0026751983804204	0.7918587206044503	2.1286191006713806	2.0	0.386457272527308
SC003	dcfd0b1d-5707-44a6-b225-5e8f7cea5ca1	8deb20df-b01a-40d8-a398-5dbb14786792	0.0247925704765518	0.1675601669333421	0.7163287861042839	0.0913184764858222	0.0272841142193257	0.7883166627334943	2.114849121353914	2.0	0.4088457804583512
SC003	dd67408e-46ba-4573-9415-d4814e9f84de	c1adf54e-8248-4b44-a9a1-e883fcc4f702	0.1745212213186414	0.6428088349306369	0.0967784504231067	0.0858914933276149	0.1909195900101054	0.1058719503392522	1.5439664108675366	1.584962500721156	0.3425794523683066
SC003	dd6b64a8-d546-4fd1-bbbd-ac9703791cae	a919faa8-0df6-4a94-b12d-46d99df6f26d	0.1575969516520132	0.6681787440410405	0.0940237203701565	0.0802005839367896	0.1713383906314449	0.1022219831064722	1.5382076697674645	1.584962500721156	0.2970811978654559
SC003	dd96a9c7-899c-47cd-a0f9-b149ed07a5d6	940d64bd-8c96-476f-84f9-678d1ed3500f	0.2275044125167016	0.6033353677647098	0.0744271975982712	0.0947330221203173	0.2513119533527697	0.0822157434402332	1.4725671880664093	1.584962500721156	0.2991356662221591
SC003	ddcbdac6-9e43-4146-a611-d033125eba14	723e0934-327e-46f2-94f0-20a65da1ea0e	0.0235389208716163	0.3069627039242532	0.5739405836068818	0.0955577915972485	0.0260258982308954	0.6345796097027175	1.9670583404195452	2.0	0.3960417764857378
SC003	de531604-bd1a-49df-96c2-6de3ae703f1d	be145e7b-25ee-409a-8c9c-5e17c9b6c5aa	0.0920607690150602	0.7803308975141448	0.0416673539745641	0.0859409794962308	0.1007164383808853	0.0455849710356775	1.5703548061528771	1.584962500721156	0.2793363469610068
SC003	de646f6a-6d50-4be2-b3cd-f17554b234df	f773ae1d-0ad9-42dd-9675-c8b7287fec85	0.215858667502433	0.6031374230902463	0.0889761311713376	0.092027778235983	0.237737083060824	0.0979943318072814	1.496719559437965	1.584962500721156	0.3205885244436119
SC003	de75d0b9-0f47-4732-8df5-05c350cfcd32	76c09917-15f9-4908-ab22-ea1401abcb3b	0.0149943090906091	0.1475347640334526	0.7454596440294937	0.0920112828464444	0.0165137614678899	0.821000999182487	2.1317683126521434	2.0	0.3795253095157276
SC003	deba32e4-0e68-4711-941b-3b63bd965afb	da7fe5e0-6ae0-47f0-9b32-fb6b80c4be38	0.1390561338105999	0.6142058294706629	0.1848968213384359	0.0618412153803012	0.1482223863276717	0.1970847839082884	1.6157791716908447	1.584962500721156	0.3790834190295933
SC003	dfd0b7ba-c7d3-498e-b455-346301865452	9cbd4bd6-244b-4274-a230-a7bd02e79571	0.1019250119591574	0.7169391155172129	0.0914834303812084	0.0896524421424212	0.1119627455243893	0.1004928607668333	1.58808247750425	1.584962500721156	0.3093448011346038
SC003	dfefb76a-ec6b-4cd2-9d45-2e1e4befc7ea	b9140410-1ed1-4012-9637-412b7c688d68	0.0266565494944163	0.1668013790145654	0.7056397736832555	0.1009022978077627	0.0296481121344439	0.7848310277767585	2.040752554767443	2.0	0.36248805420278
SC003	e0929c47-cff3-4518-a188-8764af01073a	aeea59ad-9570-41c9-9244-348e1c8350fd	0.0109694340431849	0.2011942662025963	0.722547547960345	0.0652887517938736	0.0117356392835083	0.7730168534368658	2.0359169300932822	2.0	0.3444957777040576
SC003	e1119732-3e97-4259-bc69-dc4269d9496d	dade6383-329a-4443-bdef-939c34d8c5a0	0.0005278524652359	0.1690447519918183	0.7320159015555152	0.0984114939874305	0.0005854693817809	0.811917961102878	2.1645211675955536	2.321928094887362	0.3664787787893125
SC003	e1786e78-ac46-46fd-8ce0-8f7456e46082	acc34a68-41a6-4c75-8f69-c0ce8727d7e7	0.0184418455041815	0.3260808603995183	0.5889183973079525	0.0665588967883476	0.019756838905775	0.6309111472396974	2.022640080375837	2.0	0.445099231645689
SC003	e36e985d-2c44-4e14-854a-7dbca4bb0304	5d1cb65a-7798-455d-8100-25871cec5a47	0.0	0.8793362255249658	0.0361908846477409	0.0844728898272932	0.0	0.0395301070231703	1.6013689774862776	1.584962500721156	0.0808718025444964
SC003	e37ae674-a107-4eb3-94d8-b86b0035a9f7	96e71b7b-d32b-48bc-858d-20f7c8b7812d	0.0754993979182818	0.7527835969846428	0.0881348663048677	0.0835821387922075	0.0823853409172726	0.096173230614155	1.5766856628070895	1.584962500721156	0.2113987589686531
SC003	e3b555aa-7f0a-49c6-9b13-182c61a144c1	81243c1f-affa-4985-ba0e-1f19db52db73	0.04579120135922	0.7661943486795441	0.1055210068785774	0.0824934430826584	0.0499083096616446	0.1150084498939268	1.6104314237594737	1.584962500721156	0.2180378815668023
SC003	e3c336f5-c32f-4c5d-81fb-e2408ae145b2	193a40b4-4410-408c-92d6-486472c1e6fb	0.0143179981195255	0.2966035992939973	0.6000527852465236	0.0890256173399534	0.0157172346358599	0.6586933690652953	1.95874088757202	2.0	0.3627771133338277
SC003	e3fcbf94-d3ef-4a37-aa45-5297f96af9eb	e53d7a9a-3db0-4a24-8dc1-6dc80428cd24	0.0469953647955396	0.8207610972733121	0.0380548636656054	0.0941886742655427	0.0518820679984703	0.042011909748147	1.5720499544439852	1.584962500721156	0.1575550428406034
SC003	e666081b-caaf-4e8b-9446-807be71201a5	63baef92-6733-4791-b897-0abe9131a5f5	0.0808768949078732	0.8332151163749731	0.001138181878165	0.0847698068389885	0.088367817749261	0.0012436017590656	1.533786782431458	1.584962500721156	0.1668339444446297
SC003	e74aea7c-ca14-49df-b5cf-dacb839ac27a	cb5043e3-c1c1-4b06-9135-1aada484ba4b	0.3161341405077281	0.499975256915692	0.0928360523233756	0.0910545502532042	0.3478032049071738	0.1021359998548173	1.426699678874906	1.584962500721156	0.3408339383080628
SC003	e7a00d67-2c26-4d1f-bd17-35f659e88bc1	8fa798fe-f032-4d77-b362-06261db78e6d	0.0001649538953862	0.1743727628127938	0.7254342411296043	0.1000280421622156	0.0001832878168588	0.8060631609816895	2.1155223112047703	2.0	0.3650672936144344
SC003	e7bae6e7-f779-449d-92b9-66996041e00d	d490330a-de38-478f-9504-a69260ab3967	0.0	0.0770994507035283	0.8338254457879023	0.0890751035085693	0.0	0.9153613530594136	2.1244639454797425	2.0	0.246741906011394
SC003	e89a9deb-6321-4e61-b412-b4993d4277dd	e5bfc024-9ee5-4e37-97ee-45e695489f8d	0.2355211718324728	0.516206720221698	0.1597248569024957	0.0885472510433333	0.2584019545742467	0.1752420595421228	1.531490163549902	1.584962500721156	0.3887611409224081
SC003	e8ea576b-eb16-44f7-b241-daefc1375388	6f1fc322-359b-49fd-ac0d-cc7626f52604	0.3609191231050921	0.5015588143113999	0.0732560249410289	0.0642660376424789	0.3857069825656213	0.0782872353552981	1.3976534493903976	1.584962500721156	0.3457687541583082
SC003	e8f3cc64-5e15-4f4d-b73e-5c9b250a664c	f9029956-e7fb-447a-9b6a-ea3dd2acadf4	0.0170892235620144	0.3685729838510136	0.5228708575953022	0.0914669349916698	0.0188096880787247	0.5755110933585097	1.9307168560548265	2.0	0.3767724613356402
SC003	e98b69bc-766a-485f-b5e8-9166b8d457b3	582b2af4-08e5-44d8-996d-d00db1e98413	0.1373736040776603	0.7134585883245633	0.0496841132903353	0.099483694307441	0.1525498241500586	0.0551729191090269	1.5321530834346249	1.584962500721156	0.2729468853203019
SC003	e9a12df9-024e-4cbc-b6bf-e4e87485fa90	cf5fda71-8fba-43fc-91f3-e4baa36571dd	0.2941457862527423	0.5103178661564093	0.1332497566930043	0.062286590897844	0.3136840994247717	0.1421007265115133	1.4617879205355162	1.584962500721156	0.344510488513479
SC003	ea8dbc7a-54c6-469c-865e-f49d00b0223d	a6c10459-25fb-486d-a027-d17f1941b5ae	0.0991537865166685	0.7988387245764809	0.0419807663757979	0.0600267225310525	0.1054857503860732	0.0446616594131686	1.5560923064910157	1.584962500721156	0.2437790745345508
SC003	eafa45a4-2fd1-4fa3-860c-9d52ed382b7d	cd17957d-1e5c-4874-8070-890c1d692a0b	0.117909044422084	0.6215957639839664	0.1686818534219685	0.0918133381719809	0.1298290862197359	0.1857347839511778	1.607169954364748	1.584962500721156	0.3216308198790403
SC003	eb93df3d-9e25-4e4c-9a5d-350f296e5acf	ae5c9a58-e3ae-420f-8f72-1e4ffdd3df24	0.0059383402339046	0.3309964864820283	0.5747983438628903	0.0882668294211767	0.0065132435953104	0.6304457953394124	2.005236707436488	2.0	0.4170392114229309
SC003	ec6930e5-2d83-435a-9a57-a2c5c22caf02	7877c9a9-2002-4d6d-9ca4-f200c1ac00e7	0.0	0.0627319664153869	0.8509146693499167	0.0863533642346964	0.0	0.9313389181772224	2.165190739652903	2.0	0.2672620923654013
SC003	ed2617c3-5d3b-4688-9283-0f8a10e0b10d	ece822af-ea84-419b-99f1-6ce53e4c1e8a	0.1538195074476683	0.6958745030763901	0.0909720733055111	0.0593339161704303	0.1635219022901834	0.0967102725072773	1.542880445903583	1.584962500721156	0.3038918283961727
SC003	ed6cef77-1bd9-4e3b-b576-550a91e4253a	af9f631b-2857-48e2-8d77-34f66c1c6149	0.0001154677267703	0.1608135526120449	0.7386305527605035	0.1004404269006812	0.000128360288994	0.8211024315106172	2.16311129754423	2.321928094887362	0.3143940404658464
SC003	ee5744c0-a8dc-43f2-abdd-0b5529a3e9fb	174435cc-64d1-4d33-953c-1ada5df46ecd	0.0515315969186612	0.8125298978935388	0.0507893043894231	0.0851492007983768	0.0563278700347992	0.0555164890643875	1.6179474503579006	1.584962500721156	0.3158533707011071
SC003	eebad74f-5961-4e91-b0eb-157a2f6f952b	91657171-7e5e-4a81-9201-d0b2d5806c04	0.0146644012998366	0.3920954093330914	0.4976659023802847	0.0955742869867871	0.0162140473107297	0.5502562512538984	1.8504106177966928	2.0	0.3066918168416557
SC003	ef4cbd38-bc79-4d60-a715-647edd2ebe9e	b462982a-4dd0-425e-bce3-0eb8f5527264	0.021625455685136	0.2022994573016841	0.6829091268990317	0.0931659601141481	0.0238472032742155	0.7530695770804912	2.026418721937781	2.0	0.3802707253279925
SC003	f0d8a1fe-e313-44f1-99cc-b965cbeeff0e	67d804d7-b6a5-4a70-92cd-f93195d928a4	0.0526697787968262	0.3844745393662471	0.4703330419147848	0.0925226399221417	0.0580397716944777	0.5182862544079688	1.8870826928725355	2.0	0.4285038098783635
SC003	f0de67ff-8967-4fce-9c12-0e07193285cd	cd8ac496-cd1b-426f-8e17-8f15ba8e94d1	1.6495389538623956e-05	0.329429424475859	0.58547086089438	0.0850832192402223	1.802938790228072e-05	0.6399170648156495	1.993748737902741	2.0	0.3570137647644221
SC003	f130f376-5801-40f9-975d-a7e2f7b5670d	e8cb34ed-67cb-48b7-83cd-621a1224e781	0.0468798970687692	0.559111228411659	0.2985005690909391	0.0955083054286327	0.0518301023106523	0.3300202432841537	1.7050828335421224	1.584962500721156	0.2750840074395194
SC003	f1692f4b-ce1b-4fc5-ac55-1022ecae0d1e	e20c3a54-2fe7-4e5e-a41c-ad4efeb97f76	0.2997872094749517	0.4847500123715421	0.1317981624136054	0.0836646157399007	0.3271588270238159	0.143831794207125	1.4623655697466604	1.584962500721156	0.3720478205653117
SC003	f2bbfa9d-9a9d-4f46-9fde-378e4c44e2ad	1acae6e0-3100-4de8-a436-e15cdbe1322b	0.1733170578823218	0.6654570047671676	0.0639361298517064	0.097289807498804	0.1919963453631795	0.0708268615806304	1.5060071594608415	1.584962500721156	0.2774268473422612
SC003	f2da1d3f-f226-4c99-a97e-9b26f67d7a5d	e61781e7-6c4e-4a6f-8f8d-22896b1243ca	0.0733714926677993	0.8117216238061462	0.0318525971990828	0.0830542863269716	0.08001726991437	0.0347377131755055	1.5525728520181936	1.584962500721156	0.1797656126998313
SC003	f31c21b6-0f7f-435b-9e24-97c909755c36	ef48e806-e31c-4a11-afe8-dcc232357329	0.0	0.0417993170908731	0.8748659749599986	0.0833347079491282	0.0	0.954400676611902	2.1554353656101206	2.0	0.2874537217573236
SC003	f357fe19-5359-4662-8ce9-aa996132283b	ddee0b07-2771-40c7-bdda-c1100958f0d8	0.022235785098065	0.8502053675997558	0.0378239282120647	0.0897349190901143	0.0244278129133972	0.0415526520848812	1.5879190550018996	1.584962500721156	0.1245310211916906
SC003	f39edd06-1016-4e8e-a42e-12f7e699ddc5	f26df76e-66bc-4e25-8a27-41b6147dc67b	0.0	0.0649918347821783	0.8389555119344143	0.0960526532834072	0.0	0.928102189781022	2.099507778621688	2.0	0.2726542268989095
SC003	f3a058b9-fb7f-4098-8f0e-83c2acfa1ed5	e29fc4e1-4c82-46d7-997c-be59470c7751	0.1542978737442884	0.656054632730152	0.1061478316810451	0.0834996618445144	0.1683555011608862	0.1158186497723223	1.5410625395031623	1.584962500721156	0.2883320737666788
SC003	f3ba71f9-25f3-4784-bf2d-3aa522a0cba8	7fa91f3b-34db-41ba-8447-d745eebac2db	0.0132622931890536	0.0369166817874404	0.850287844547449	0.0995331804760569	0.0147282419535071	0.9442744875341186	2.3961056373804754	2.321928094887362	0.4109243354153705
SC003	f45210d3-9e66-4f5e-bef1-5ee5547cc893	fb635f1d-5ee1-4e58-86ea-b1aada2de4ba	0.0022433729772528	0.1040859079887171	0.8020058393678967	0.0916648796661333	0.0024697635564595	0.8829404714342789	2.2086226223325767	2.0	0.4190942958245147
SC003	f475d460-75cd-4fe9-aa54-c90be12b4ef8	ed3f6393-6955-41af-bb3a-7723b5dbe41e	0.0198934397835804	0.3072926117150256	0.5793840621546278	0.093429886346766	0.0219436307065266	0.6390945977910806	2.0021276982631724	2.0	0.4057812369122228
SC003	f55dd73d-8c36-440b-84e5-9aae53107775	9f55d963-2c1d-4886-980e-edff099babf5	0.0	0.2299952163370338	0.6772017221186678	0.0928030615442983	0.0	0.746477080568031	2.14820871415381	2.321928094887362	0.4120164036207887
SC003	f6e1ec78-5ad9-4879-9b7e-262d17b166ad	518be2c7-fba5-47b1-8c8b-fef812fa74a4	0.0840934958679049	0.6229978720947495	0.2012437523712122	0.0916648796661333	0.0925798133149311	0.2215523190353394	1.6477397192166268	1.584962500721156	0.3205675188930866
SC003	f6eebd4b-b63a-4a9c-92d3-0d954a8a6655	9439bb31-588c-433b-a7a5-787d8b496f57	0.080975867245105	0.7308117381191956	0.103343615459479	0.0848687791762202	0.0884855257940084	0.1129276469952053	1.5834758764501102	1.584962500721156	0.235714539129216
SC003	f72c1d69-da35-459f-8542-59bfd6c09c23	f3ac7557-714a-492c-a166-246ef7298952	0.0950794253006284	0.6874288636326147	0.1332002705243884	0.0842914405423684	0.1038315349557761	0.1454614234503629	1.601835701898232	1.584962500721156	0.3381149573116715
SC003	fa4e082a-d213-412e-8d91-842a6f4bef12	930b82a6-a039-4f8f-8487-b0abb4fe7aba	0.0061857710769839	0.1594114445012619	0.7502268116061561	0.084175972815598	0.0067543227665706	0.8191822766570606	2.1183871790972475	2.321928094887362	0.3201661420807157
SC003	fb57c598-b45b-478a-9d34-ca1f050d5b7c	a99e45da-6933-4300-9c8a-e9d0f9e9c825	0.0240667733368523	0.5160087755472346	0.360836646157399	0.099087804958514	0.0267137835066647	0.4005236560714809	1.7946823183468747	1.584962500721156	0.3547606242276088
SC003	fc18d029-9be2-4fa0-9aef-6d647dc55f0b	f984e167-e005-438d-ac04-d4825043b128	0.0188542302426471	0.1994622503010408	0.6895567688830971	0.0921267505732147	0.0207674697481739	0.7595297794251245	2.058661076685802	2.0	0.3886245153971563
SC003	fcef8cb5-fb2c-4bfb-82cd-6b9f3145182c	c1e94fa4-ace1-4ee2-9cdc-ec7b13e6bc8a	0.1245401910166108	0.7163782722728997	0.074130280586576	0.0849512561239133	0.1361022479404394	0.0810123844032231	1.5393713965779083	1.584962500721156	0.2427144609996885
SC003	fd0b1b8b-1a76-480a-b61c-d176e4e02c6b	e852c16b-cd36-4551-8cc5-8b59719ca987	0.1178265674743909	0.7058542137472577	0.1157481483925242	0.0605710703858271	0.1254236097698021	0.1232111815420273	1.576925634573952	1.584962500721156	0.2836014892837096
SC003	fe15c48b-116d-461e-9b40-68514730fd18	80105f2a-438a-4d44-947d-3f5a50d6cab0	0.0595648516239711	0.8156805172954159	0.041188987677944	0.0835656434026689	0.0649963100959375	0.0449448314343827	1.5800648910325283	1.584962500721156	0.2159345345462595
SC004	01ea6354-137b-47f3-9021-a01a382b1147	d3a81bab-cce2-48b3-8eb8-9ef9766af108	1.6495389538623956e-05	0.0251884598254787	0.8812661861009847	0.0935288586839978	1.8197368660491693e-05	0.9721944206867686	2.3405635581461604	2.321928094887362	0.3502075296841613
SC004	02594e5e-8751-47c1-9245-90c66984b665	c46d2ade-620c-44a6-93ba-8edda9909c1b	0.0246441119707041	0.3267901621496791	0.5625917556043086	0.085973970275308	0.0269621555286856	0.6155095558643591	1.9495675286699417	2.0	0.3866094544602562
SC004	02d9aa2e-b16a-48ea-a420-5daed9fd51a6	93827307-1efa-43b5-aea5-380c6ce5feed	0.0354650875080415	0.2666974580604721	0.6016693334213088	0.0961681210101776	0.0392385888708411	0.6656872228204332	1.9621252678932184	2.0	0.3948928133807141
SC004	04ecaf38-0232-4dcd-9242-308a22cc1331	a047a512-409f-4293-9585-9933f1503f9d	0.0439272223413555	0.428170826254062	0.4392557280240173	0.0886462233805651	0.0481999674202248	0.4819815743271371	1.8439761862762656	1.584962500721156	0.3846638961144939
SC004	05263959-c4f5-4540-b6d2-d8c8a128861f	87b7ed22-4fe1-4539-8c37-ab085e2cb9c1	0.0423931511142635	0.2679181168863302	0.6011909671246887	0.0884977648747175	0.0465091027543523	0.6595606066089978	1.9606517175612237	2.0	0.3984893311104103
SC004	05ba5839-e00a-4a9e-8ba3-ecb490781e62	b6568556-a2fb-4eec-a953-b8b81d2fd6dd	0.0479026112201639	0.3284067103244643	0.5300133612655263	0.0936773171898454	0.052853814793244	0.584795428072219	1.9124199991036448	2.0	0.3982201223489394
SC004	062982f8-9f49-425a-99e9-008af5ed9040	e4ccc95d-79ca-49e3-8cd0-c8452c5f9aa2	0.1983240684228758	0.6022796628342378	0.1094139188096926	0.0899823499331936	0.2179343097447796	0.1202327436194895	1.5247718843663618	1.584962500721156	0.3361736787081685
SC004	077079c3-6877-467b-b9cc-5c650aae4f07	95bc63bd-436a-4ee4-91dd-95c5188fe261	0.0269864572851887	0.4609471652673078	0.4178941985714993	0.0941721788760041	0.0297920384601376	0.4613395491131588	1.8377454312060089	1.584962500721156	0.3775130159726165
SC004	08c64000-d320-4e4d-974b-da503d48890c	aefe6c18-3891-4c17-99d3-16931151d96e	0.09422166504462	0.5025320422941788	0.3088596737211949	0.0943866189400062	0.1040418207318628	0.3410502540937323	1.6829933992285715	1.584962500721156	0.3277659424739234
SC004	09820a33-80b1-42d0-8366-a0ddaf94b122	44b8b591-5dd6-4b93-bd8f-d1c3284af41f	0.0389456147006911	0.2307210134767332	0.6409448559127724	0.0893885159098032	0.0427686399536265	0.7038620389826824	1.998117516724079	2.0	0.3908996596717457
SC004	09c77947-a333-4392-b18d-a6c1f08764a1	8c53c83d-85c8-49b5-8838-cb0585c894b2	0.0136086963693647	0.1567886775646207	0.7413522920343764	0.0882503340316381	0.0149259131945072	0.8131094747887757	2.1444211961753754	2.321928094887362	0.3885374436303648
SC004	0a48873a-092a-4b25-822b-b0b3c18c08a8	a3f8dcad-c42a-4070-80c4-782627bbaca2	0.2454513963347244	0.6014713887468452	0.0608349966184451	0.0922422182999851	0.2703930511893296	0.0670167723646671	1.45453449262771	1.584962500721156	0.2953223526940772
SC004	0b2ea4b7-98bb-4190-b682-2c75b447c90a	a3d8fe02-63fa-40ff-9563-38e8d2bf04bb	0.0234399485343846	0.2884383814723785	0.595384590007093	0.0927370799861438	0.0258358938928383	0.6562426137706587	1.9646189401859973	2.0	0.3704113505009686
SC004	0ba7b6cc-e5f5-47d7-859a-24e31aa336ab	b2f596ea-10ad-4a17-aea3-88756fb0b7f9	0.2613859426290352	0.5312670108704617	0.1205977929168797	0.0867492535836233	0.2862148688678563	0.1320533198468318	1.4963688399018262	1.584962500721156	0.3967142283931191
SC004	0d5e232d-5aa2-4f6f-be58-ffd5f15ee0b8	62043d1b-2c38-4c45-abd0-97ff2f77176b	0.2226712633818847	0.5364135724065123	0.1543968460815202	0.0865183181300826	0.243761060348875	0.1690201885225179	1.534697493814751	1.584962500721156	0.3808517418914366
SC004	0e1598d8-cbe5-4113-95f1-4bcda061239b	7150c48b-144f-40f0-b4d0-e4b34e35556d	0.0245121488543951	0.2406512379789848	0.6347425894462497	0.1000940237203701	0.0272385665841811	0.7053432316011364	2.066511283194976	2.0	0.4346478974422432
SC004	15170c7f-5880-4fb6-82ce-68d3df0dfb68	8f4f9492-0d28-4747-b4bb-25ddc99e4327	0.0292298302624416	0.2423502631014631	0.6381901258598222	0.090229780776273	0.0321288053233731	0.7014849600203071	2.0072438655331712	2.0	0.4033210372408193
SC004	16ced1b8-64d5-4498-82df-4d37bfe5b310	e5e22755-8759-4349-a6ba-87fff441183c	0.0007093017501608	0.1695066228988997	0.739702753080514	0.0900813222704254	0.0007795221348029	0.812932816069033	2.121207861358411	2.160964047443681	0.3394577816363729
SC004	184aac07-44c1-47f1-8adf-50acbcc1762c	fe693f25-efb5-46d5-8bab-de5b87eef1ad	0.1709087310096828	0.5471520709961566	0.1951899444105372	0.0867492535836233	0.1871432699949425	0.2137309442959323	1.5857837298630264	1.584962500721156	0.3566803285185265
SC004	186d40cd-624c-4016-a497-b30c892d393c	dd8556f8-461a-468d-8604-c4f2366b1cd7	0.4513468485558286	0.4075680847203207	0.0585421374725764	0.0825429292512742	0.491954188316942	0.0638091299735701	1.3274218136432108	1.584962500721156	0.350143115150685
SC004	18e0e996-8f23-4f53-94a5-dde38b550863	930c3552-f960-4a57-aa35-b504807a9676	4.948616861587186e-05	0.1740593504115599	0.7287168236477904	0.0971743397720337	5.481254110940584e-05	0.8071512095300738	2.1850055273501203	2.321928094887362	0.361577343499912
SC004	19427350-619b-4b9c-a3ba-37f667bb2843	bb14a720-4899-48d9-a57b-e1fd2aa9d8ec	0.2886693169259192	0.5701466440129984	0.0436468007191989	0.0975372383418834	0.3198683970023762	0.0483641016267592	1.41781285373387	1.584962500721156	0.3004406028253409
SC004	195ecf43-06bd-4ffe-8d8b-a766f3f7179b	b40f7345-8f0c-4db7-90ba-424ae5ee22ed	0.0209986308826682	0.263233426257361	0.6254721805255431	0.0902957623344275	0.0230829208145206	0.6875555313786288	1.9747462554021016	2.0	0.3519059824736418
SC004	196f4600-b6c9-4652-9f77-65c92883f8c1	bffd965b-885f-4914-b25b-a993338acaad	0.0030021608960295	0.2328984048958316	0.6655889678834765	0.0985104663246622	0.0033302226857697	0.73832134819125	2.0630423629835213	2.0	0.3650110235672124
SC004	1d0225b5-f515-4197-bba7-3dc17e502b88	c8767fb2-1e4a-42de-b648-847d4a5df78b	0.169539613677977	0.5864110980980816	0.1520050145984197	0.0920442736255216	0.1867267409116509	0.1674145667932343	1.5625208891383064	1.584962500721156	0.3374181735097097
SC004	1d9893c8-0de3-4b07-b0ba-a53019b23eb4	effbbc75-67d0-4d2b-bef5-00ed066b0885	0.0152912261023044	0.4247397852300282	0.4726753872292694	0.0872936014383979	0.0167537185302994	0.5178832842348774	1.8411135091569084	2.0	0.3082947737816527
SC004	1e14f098-17b2-4f54-8e4f-e38088008df7	7cb799d4-b69f-4cac-b975-1df91396250a	0.1932929746135955	0.5796314929977071	0.1395674908862972	0.0875080415024	0.2118297841570555	0.1529520228497053	1.539082491018221	1.584962500721156	0.3412214023239158
SC004	2038fd65-d8f1-4b16-af90-b1c8f9a379a7	3590ce4c-2c63-42f8-ac73-8d813301ef2d	0.2525279184467941	0.5392507794071557	0.1229731290104415	0.0852481731356086	0.2760616716256424	0.1344333243170138	1.488431229358487	1.584962500721156	0.3522161248565914
SC004	206ce0ed-36a4-47ab-ac8e-f6fca6ac5c18	7fec33cd-6f46-44c7-8204-e0f42b543abe	0.0073569437342262	0.4419279811292744	0.4523035811490688	0.0984114939874305	0.0081599795085716	0.5016740765135298	1.8814423267144744	2.0	0.3520648828296389
SC004	20cf00ea-d7da-42bb-bce7-f005f0b952eb	cbdafa49-7dd7-4a42-b0a5-891aad11a802	0.0367187371129769	0.200155056661663	0.6687065965062765	0.0944196097190835	0.0405471866518515	0.7384287509790707	2.0699468015175344	2.0	0.4447133306334944
SC004	21966708-4e66-4211-add0-f1515b09e362	f1989bf4-c884-430d-a075-679f7b4a4b07	0.0064332019200633	0.2733780908236148	0.6295960279101991	0.0905926793461227	0.0070740599662621	0.6923146686981916	2.025192378781687	2.0	0.3840630937141931
SC004	219f54ef-4235-482d-b799-f2fa9930105c	d458ab44-bd23-410d-9ffa-4d469d16c62b	0.2976428088349306	0.4807911188822724	0.1206307836959569	0.1009352885868399	0.3310582709525906	0.134173638632027	1.463035996621679	1.584962500721156	0.3847352524139514
SC004	23771dab-2aab-4d2b-95e2-9af7092cee6b	f2e6f90f-6117-406d-8106-2ef4b37e19d2	0.0388466423634594	0.2786566154759745	0.5871533906273196	0.0953433515332464	0.0429407581642142	0.6490345167113396	1.9039850041542168	2.0	0.3442891713627158
SC004	23d32627-9fd2-4312-bcda-ee7409e3983f	90c52b7a-a0fb-4e5f-9c80-ee94516ab8d9	0.0347062995892648	0.2444286821833297	0.6261979776652425	0.0946670405621628	0.0383353982945849	0.6916769914729247	1.967690743257738	2.0	0.3818485805783047
SC004	2517ca7a-6057-4c19-b7e1-f6d078e9881a	fe8b3cb8-15ce-4d0c-b168-d8d3db4be176	0.0001154677267703	0.0102931230721013	0.8852745657588704	0.1043168434422578	0.0001289158179708	0.9883791598371976	2.540980974440045	2.584962500721156	0.3888833791810185
SC004	28ed2d42-5b4c-4bca-b2b2-6b2a6d3c42cf	8f515078-38de-44c1-81ce-e40d8a942fc7	0.0013196311630899	0.0170892235620144	0.8861818121834947	0.0954093330914009	0.0014588158062692	0.979649519502544	2.3953339645310874	2.321928094887362	0.3618578039247404
SC004	29949b65-2913-4c86-bbd7-b85c5df6f15e	fdb8966d-55c9-49be-80dd-369246604aad	0.1795358197383831	0.5260544677762565	0.1930785345495934	0.1013311779357669	0.1997797356828193	0.2148494860499265	1.593403548567148	1.584962500721156	0.3954754741360633
SC004	29d26e7e-f4ae-4476-9a3f-27d5ec2ccb8a	4416312b-c64f-4fb2-9819-6ccf9b8ab219	0.3595170149943091	0.4523860580967619	0.1006383715751447	0.0874585553337842	0.3939733555069503	0.1102836174328012	1.4052854801751815	1.584962500721156	0.3627238984008144
SC004	29dccd25-4c4a-463b-a353-38a193337f38	d900cebf-8795-4385-8f57-77209178ff43	0.3542384903419494	0.5173449020998631	0.0422281972188773	0.0861884103393101	0.3876493736235965	0.0462110545507058	1.3790807210197025	1.584962500721156	0.3173316221573378
SC004	2cb50c2d-e749-4172-b101-d975507435c5	8a3e4430-40be-46e0-bb38-946435911371	0.3570262111739768	0.4595285617669861	0.0939247480329248	0.0895204790261122	0.3921298644829335	0.1031596492499456	1.4020998429103146	1.584962500721156	0.3505044132976345
SC004	2ebb738c-4829-4720-931a-96c0fd117e2a	bbe4ea81-6f31-4589-8797-b140bcb35d2b	0.0170067466143213	0.3548653151444171	0.5334608976790987	0.0946670405621628	0.0187850739742001	0.5892427665622039	1.949184432107489	2.0	0.3997071796297058
SC004	3018efe7-13a1-47ae-a726-8fc967c73841	eb401991-7a9a-494a-8f7c-072f39e40ec2	0.2751595928937861	0.5279844283522755	0.1053065668145753	0.0915494119393629	0.3028888929239373	0.1159188713162529	1.4606586007738085	1.584962500721156	0.3371192980772858
SC004	3ac45a71-c463-4f0f-b030-58c475a34418	69d76e7a-e0cb-4a8d-b6cd-67d8702d2af9	0.0287844547448988	0.2806525576101479	0.5895617174999588	0.1010012701449944	0.0320183486238532	0.6557981651376147	1.9749559051208807	2.0	0.3881224245359116
SC004	3b81ec7c-0934-4649-9231-9919dd26dd15	cd81e8c8-2526-4427-a1db-6ce6bff105e6	0.0004618709070814	0.1853257014664401	0.7224155848440361	0.0917968427824423	0.0005085546151331	0.7954339060626975	2.1666813556653035	2.321928094887362	0.3641787770514162
SC004	3bc8a74f-49bd-46b6-a3a4-68ca838e83c6	efc25de9-e672-4b44-9003-5b277a47a625	0.2387542681820431	0.5337413193012553	0.1387757121884433	0.0887287003282582	0.2620013033089566	0.1522880312794149	1.5012557776604445	1.584962500721156	0.3482984827279154
SC004	3e8a51bf-7e1f-4eab-af83-3c60d04db1bf	c505b908-c303-4e98-b0c3-d4252afd01c2	0.2968015439684608	0.5374032957788298	0.079656236082015	0.0861389241706943	0.3247775310914965	0.0871644916156748	1.435971368039518	1.584962500721156	0.3560936140574467
SC004	3f917550-89a6-404b-94df-938c99121411	efe5ae48-c145-4b24-a1df-ba485d355dfa	0.0292958118205961	0.5721755769262491	0.3065833099648648	0.0919453012882899	0.032262166433541	0.3376264782284873	1.775542776780041	1.584962500721156	0.339364818790548
SC004	3fc8f799-5bd3-4f48-baf0-c458ce86ab7e	c20183e0-600b-4d1d-975f-2b6e43c35d0d	0.2922323210662619	0.5341042178711051	0.077990201738614	0.0956732593240189	0.3231490432847527	0.0862411761486967	1.4317257503392793	1.584962500721156	0.3192983444505881
SC004	4261267c-7042-4c6e-83ed-12fb401003fc	61513da0-4eb3-4cae-bfff-7b05f3362488	9.897233723174372e-05	0.2287250713425597	0.6793791135377661	0.0917968427824423	0.000108975988957	0.7480475135311853	2.004908463161318	2.0	0.3293077562847422
SC004	446ce2a3-d328-443c-a419-3344baad0e16	4a52777f-e23f-49f8-b853-be84b9a74bda	0.2405192748626758	0.6001022714151395	0.0750210316216617	0.0843574221005229	0.2626781242681367	0.0819326595687185	1.471529168733703	1.584962500721156	0.3177864466917227
SC004	45baebac-32ae-4093-9eba-488b95c1a58d	9aae154c-ffe9-4e86-9111-903b55de9228	0.2867723471289775	0.4838427659469178	0.1326559226696138	0.0967289642544908	0.3174820577439325	0.1468617030990339	1.476307851403101	1.584962500721156	0.3831617105416713
SC004	460616ec-f66f-483b-88c1-757edd86261d	7d811a29-b303-453e-9c0e-91ae12907510	0.0145489335730663	0.2931395674908863	0.6026095706250103	0.089701928311037	0.0159826039684696	0.6619914831928966	1.974967368661408	2.0	0.3625172678855543
SC004	47681e4b-01e8-4779-b966-ce57aff4b712	dfcd4fbd-4441-40aa-a36a-13383c8d7f1a	0.0159180509047721	0.3356481863319202	0.5598040347722811	0.0886297279910265	0.0174660633484162	0.6142443438914027	2.0058709962924266	2.0	0.3973344769891705
SC004	48e66676-dbed-48a4-9a7f-a6d247b15c17	e4d6fa52-fb29-47ac-aade-8f6020a5b55e	0.0246276165811655	0.514672648994606	0.3584283192847599	0.1022714151394685	0.0274332543226209	0.3992613417121438	1.7976102968142418	1.584962500721156	0.3406683699154128
SC004	499a9b57-ee1a-4012-bbab-c6ad955b5e0a	a081a22a-184f-44af-92cf-674c7d349e03	0.1681540009567325	0.5097735183016346	0.2217310261781832	0.1003414545634495	0.1869086908690869	0.2464613127979464	1.600915294788982	1.584962500721156	0.3718728314010537
SC004	49d2c0cf-a3f3-4519-a755-0a5f769df2ea	a36ab3e1-b5fb-4557-af54-88d4ada2aaaf	0.0002474308430793	0.222836217277271	0.6877092852547713	0.0892070666248783	0.0002716653083401	0.7550665580005433	2.165741074970709	2.321928094887362	0.3902826524617668
SC004	4a2ca7b8-729d-4fab-a6f3-a5d1e5d1f4f3	8e66ac32-4df0-45b2-915e-37eacd1040a2	0.3314088712204939	0.4549758342543259	0.1249855665341537	0.0886297279910265	0.3636380090497738	0.1371402714932126	1.4430778585473405	1.584962500721156	0.3842031988327793
SC004	4c18d9cf-4af4-4a86-8b1c-f78795fbbd7e	a323f2f5-b250-40a6-a318-084a3933e829	0.2651303960543028	0.5715487521237814	0.0718704122197845	0.0914504396021312	0.2918172080103124	0.0791045589062982	1.4511288311634216	1.584962500721156	0.3166777671750243
SC004	502e8d02-2953-4514-a2e1-6179dd94da73	fce7a055-f6ea-4dc3-a42f-51b8ed236ca7	0.0079837685366939	0.3297923230457087	0.5672269600646619	0.0949969483529353	0.0088218139399241	0.6267680081656459	1.8929234400663053	2.0	0.2904812255289913
SC004	52386f66-2877-4c75-894e-5c1dc03e6ef4	9347d927-3747-4f06-ab2a-672aefdf48ea	0.2034871253484651	0.5665506490935783	0.1445490985269617	0.0854131270309948	0.2224907566056452	0.1580485165479303	1.5341792619827794	1.584962500721156	0.3443866198239106
SC004	533f5ff9-466c-4cdb-9c46-b841c2626775	e134063e-745d-4c97-8d48-6f3e238daefc	0.0106395262524124	0.0562822691057849	0.841429820365208	0.0916483842765946	0.0117130041585704	0.9263261118274102	2.439978724355067	2.584962500721156	0.4281148631135054
SC004	5503b3a1-7d03-41b2-9ec8-e478c5414d67	e6751f11-2f24-426c-a34f-c03cddc999cc	0.0451643765567523	0.4415155963908088	0.425185160747571	0.0881348663048677	0.0495296671490593	0.4662807525325615	1.7890385739589634	1.584962500721156	0.3277116693235171
SC004	55153632-1673-487a-85c0-f156377db1fc	7d9f2d6d-3ec6-4fed-9d3a-52e813bd8be6	0.3186909258862148	0.5151675106807647	0.0856935486531514	0.080448014779869	0.3465719513507695	0.0931905428192157	1.420855412406145	1.584962500721156	0.3308178259622799
SC004	565d06a1-3640-4274-8fb3-8cad7e578876	981e7677-6bde-4617-8c24-732d606b81e4	0.2055985352094089	0.5912277518433597	0.1142800587235867	0.0888936542236445	0.2256581091356773	0.1254299887750298	1.510567793337083	1.584962500721156	0.3157235400250531
SC004	56a30462-2819-4c18-95be-8e73880a4921	b38f209a-000b-4cbf-a4bd-0bc6f027fce3	0.2447750853636408	0.5145076950992198	0.1535390858255117	0.0871781337116276	0.2681520835592179	0.1682026817015432	1.5055869021019788	1.584962500721156	0.3578443974046914
SC004	58427bce-6b81-4083-aeda-25f59e292bbc	fdf5e5b9-8d6c-4581-93d4-bedae0bf371d	1.6495389538623956e-05	0.3984956204740775	0.5038021872886528	0.097685696847731	1.8281201440558675e-05	0.558344454397543	1.8505437978029984	2.0	0.2847680442896307
SC004	59b3fbfe-0b7c-41e5-b756-ee7e23730df5	fcd83e7f-2210-465d-8362-3b5e2c368625	0.0081982086006961	0.1054220345413456	0.803440938257757	0.0829388186002012	0.0089396528464789	0.8761039661840093	2.0999729461453542	2.0	0.3282667545168755
SC004	5abb6d80-fc39-49a4-8db5-3db24543feb6	e14eecdb-9843-4549-917b-ee1e3d77025d	0.0340464840077198	0.3806311136037477	0.4978968378338254	0.0874255645547069	0.0373081720080255	0.5455958642879092	1.913278491016301	2.0	0.4103520357776395
SC004	5c127332-5ca0-45f1-a5ac-4876ad94e491	b5e8849b-9002-4b65-a2ea-6a46c04aba4a	0.0019959421341734	0.1824225129076423	0.7161473368193589	0.0994342081388252	0.0022163201758402	0.7952193424306255	2.15351930634502	2.0	0.4018292420867504
SC004	5c159ab5-8475-4d93-89b8-b6befed4a5b3	c084ec17-62a3-43d7-bc0d-ab806bcd35a3	0.0124210283225838	0.2029757682727677	0.6915857017963479	0.0930175016083004	0.0136948930597992	0.762512730976284	2.074185919307725	2.0	0.378090383697238
SC004	5ced5b58-fab4-4bcd-b706-d6e49ce0cfc5	afb43292-69c2-4d84-84f5-0bde9a6e9ea5	0.3001006218761856	0.5139303564653679	0.094353628160929	0.0916153934975174	0.330367357315368	0.1038696907516025	1.4419195784753127	1.584962500721156	0.3457795750802119
SC004	5d1a54fe-e0df-4c17-b623-b649a136dc82	46d32513-dc68-4261-8e1b-26d407b6546a	0.0173531497946324	0.2284611451099417	0.6578361348003233	0.0963495702951025	0.019203387974152	0.7279763425942828	2.0306830185716223	2.0	0.3758824091195361
SC004	5f60bc2d-738f-43fc-a3fb-61ec6e80e3d4	4a2528c7-eaba-46da-b1e5-431a17bff9c7	0.3935634990020289	0.448740577008726	0.0730580802665654	0.0846378437226795	0.4299538672241044	0.0798133064225474	1.3764738411850466	1.584962500721156	0.3618205303425649
SC004	602e2934-223a-44db-8c33-06eb05d72f94	a2667408-6465-4258-9e68-f88ec3cd7b7d	0.0369661679560562	0.1480791118882272	0.7162463091565907	0.0987084109991257	0.0410146598583429	0.7946887754168268	2.041836998822528	2.0	0.403463728754153
SC004	60cce7ac-d27d-44a6-9873-ecf91da5e906	ed537d83-388b-4125-8c8c-204a0bcbcde8	0.0264421094304142	0.3472774359566501	0.5367104894182076	0.089569965194728	0.0290435381298353	0.5895131629010926	1.9200231187989003	2.0	0.3845248826214307
SC004	611600a6-43ec-4029-9682-cd6d6a3312ec	ee7d5c16-fb34-4500-87f4-c920f797d9f5	0.2771720304174983	0.5037197103409597	0.1217854609636606	0.0973227982778813	0.3070555342360616	0.1349158489117921	1.463870279843322	1.584962500721156	0.3420430950945898
SC004	6264e699-d40b-4ebc-b443-0a0edcb220dc	96d1655d-0a5e-4e2e-b9eb-f422ced79483	0.011579763456114	0.2165514738630553	0.6760305494614255	0.0958382132194051	0.0128071807782825	0.7476875923594768	1.9859329254591789	2.0	0.3223698865787075
SC004	635f5335-b008-428e-b005-615776a6643f	d1a2fb08-a7b9-4920-af5a-33118478a429	0.2360655196872474	0.5419560232914901	0.1313362915065239	0.0906421655147386	0.2595958496589755	0.1444275141488898	1.50071147702982	1.584962500721156	0.3408615169746305
SC004	63c6a89b-b28c-434a-a632-5de6545db731	e66d5c81-a9e3-4642-9bcb-655372f247a5	0.291572505484717	0.5283308315325866	0.0961681210101776	0.0839285419725186	0.3182857657333213	0.1049788421716035	1.4461970077694073	1.584962500721156	0.3352936849377557
SC004	65435f50-a35d-49e3-a36e-b95d9e274ca0	b3909bea-c426-4dad-94a9-15577e9f0c09	0.0256338353430216	0.2359170611813998	0.6497698893159362	0.0886792141596423	0.0281282241569678	0.7129979908411317	2.0576676274138124	2.0	0.4376459966957349
SC004	66face4a-f35c-4364-90e5-8f28e6372606	ce884866-7563-44b2-a7b0-849512c66abf	0.000742292529238	0.2904508189960906	0.6147996634940535	0.0940072249806179	0.0008193139611098	0.6785922365450441	2.055419357440508	2.0	0.389792722041022
SC004	6746533a-8d0b-4ebc-87ec-49c8738121a8	469795c3-7cfa-4b95-9b0f-3fc7a3336f22	0.0038269303729607	0.251521699684938	0.6534978473516652	0.0911535225904359	0.0042107555765286	0.7190409641178286	2.017581722836687	2.0	0.3439412354881503
SC004	6a1be87b-c4e0-4fd4-b050-50a245b22038	6b4aff1a-568e-453f-9679-55b3442c491d	0.182785411477492	0.6660343434010194	0.0606040611649044	0.0905761839565841	0.2009903504316912	0.0666400638467677	1.498350866384316	1.584962500721156	0.2781349451727167
SC004	6b06281b-d3a9-440e-a86c-ee7db003352a	50633d92-0d7d-476e-8d4b-9a8de94771a2	0.0531151543143691	0.7537238341883443	0.1116078056183296	0.0815532058789568	0.0578314984105318	0.1215179870328131	1.6015677642459774	1.584962500721156	0.2011120499052225
SC004	6e84e89d-4f35-43b8-b47d-b1343b8c1ab9	e1eda97e-24fe-4dc8-92eb-080399b1d82d	0.0687197928179074	0.4286326971611434	0.4130445540471438	0.0896029559738053	0.0754833215560508	0.4536971607689659	1.78896895669262	1.584962500721156	0.3793158557552465
SC004	700e91bb-d675-41b2-bbbd-935767c7b447	e1be8ad9-1a52-4677-8436-3da22ad12e9a	0.2584497632911601	0.5988651171997427	0.058030780396879	0.0846543391122181	0.2823520931322196	0.0633976680903209	1.4459088271218792	1.584962500721156	0.2981084237453002
SC004	708eec28-2348-4e15-b98c-8c6f9d057b1e	fc1a6b07-e91e-47c5-bf00-80be3c167605	0.2482226217772132	0.5646866700757138	0.0920442736255216	0.0950464345215512	0.2742932137584076	0.1017115984032372	1.4700864307283408	1.584962500721156	0.3212191581970562
SC004	71faa2c1-0d5b-4dcc-bdf9-f2405f29907c	9ba8451e-7ffc-43f2-b602-8ce8764dfc14	0.0101941507348696	0.0497006086798739	0.850419807663758	0.0896854329214984	0.0111984923712535	0.9342043271844308	2.471676033898929	2.584962500721156	0.3999189510563186
SC004	7248cd60-be22-44bc-bc58-f644db0940a2	4b2b6e5e-248c-46f6-938a-95571577e02d	0.0075054022400738	0.3836332744997773	0.5140623195816769	0.0947990036784718	0.0082914206574823	0.5678985348786355	2.046276584957862	2.321928094887362	0.4510080876344181
SC004	72c40fba-f502-489b-ad87-843f52655894	ce503b11-3be6-4c58-85b6-d987033232e0	0.1382973458918232	0.7048974811540174	0.0589215314319647	0.0978836415221945	0.1533032236830075	0.0653147799374645	1.5300848294539189	1.584962500721156	0.2665990846065638
SC004	7413c891-f74e-456f-bc70-69c83fb53c70	bbfeb712-4736-49c9-9cc6-74a94c6e8195	0.0123385513748907	0.0818666182801906	0.8091153522590436	0.096679478085875	0.0136591066798144	0.8957123552828604	2.381028119973351	2.321928094887362	0.4428856931424385
SC004	74dcdfb4-a637-4111-9a22-4b4bc7bbc8f7	98675894-f21c-4dc4-b822-a6e52634d470	0.0029691701169523	0.1722943437309272	0.721145439849562	0.1035910463025584	0.0033122941317188	0.8044826380582596	2.19733150542102	2.321928094887362	0.4031464515537087
SC004	756f6768-e69a-4fe9-aa41-7c58aabe4577	c24a2f48-af41-4e1b-9e23-fbac94d02da4	0.125364960493542	0.608894314039226	0.1653332893456279	0.100407436121604	0.1393574886313627	0.1837868563884406	1.5944936562608336	1.584962500721156	0.3143457186179045
SC004	758e6b52-062e-4ca0-84d1-ea38477414ac	2892b681-6001-4124-ae86-3363be75463b	0.0301535720766045	0.1146924434620523	0.7643138742721409	0.0908401101892021	0.0331664126569417	0.8406814718049205	2.159741619817008	2.321928094887362	0.3968877061376794
SC004	7592a659-7175-486f-a16e-24a4b4365a36	ba4d22b5-f97a-413f-9cc7-30d1e5c91f7e	0.0081817132111574	0.1777378222786731	0.7145142932550352	0.0995661712551341	0.0090864125158004	0.7935222672064778	2.08918244355205	2.0	0.3615041709539329
SC004	778ce436-a825-4689-81c1-b7c965404163	b2cde517-9404-45b2-bd39-3dedb4e129fc	0.0304669844778384	0.8832621282351583	0.0	0.0862708872870032	0.0333435632661166	0.0	1.5638330125397617	1.584962500721156	0.1203700076924837
SC004	79e6e31c-22a1-481c-903b-ab5499cbd450	daabfedb-ac0a-4bc9-b145-9bef04bdd66f	0.2243867838939016	0.5369744156508256	0.1483265427313066	0.0903122577239661	0.246663523609197	0.1630521505766301	1.5217612843473054	1.584962500721156	0.3550868343927301
SC004	7a08efd0-f984-430e-a8eb-1881047214b6	d800778e-cc83-4447-9cfa-ca29adeacb8f	0.0958547086089438	0.3573396235752107	0.456460419312802	0.0903452485030434	0.1053748231966053	0.5017952344685018	1.7873184918969176	2.0	0.3962255546213818
SC004	7c466a5f-a6b4-4d1a-a0f5-ddcd7ef90ff1	146f9463-de59-4418-9099-2425a6f86a0f	0.0152747307127657	0.279332926447058	0.6108572653943223	0.0945350774458538	0.016869489178751	0.6746338264227939	1.9696691555520944	2.0	0.3551467240276035
SC004	7e34d3c1-1fab-4326-9a69-4260d2bac558	7432f954-a16f-4053-bedd-aa776f939f71	0.3041419923131485	0.5331309898883262	0.067070253864045	0.0956567639344803	0.3363125638406537	0.0741645994454983	1.427782079762025	1.584962500721156	0.342200519884456
SC004	7e4e7914-ec23-4c55-98d6-3c5eecffa8e4	96e08856-06cc-463d-b2c5-5ed29204f66e	0.0754499117496659	0.3278128763010738	0.4998762845784603	0.0968609273707998	0.083541853116838	0.5534876075322825	1.8277490508703704	2.0	0.3861506699576058
SC004	81005bae-686a-4598-8994-49d90ebac56f	6fe8f2d5-83c6-42f0-b82e-d8c532af9bbc	0.1227256981673622	0.4038071359055144	0.3774475034227933	0.09601966250433	0.1357614685595416	0.4175395058574505	1.745679754891177	1.584962500721156	0.4336935775663874
SC004	818dc159-aba4-46bc-a4ed-68ee0f8c4461	71484ed8-3496-48b2-81b8-888d04f10f0a	0.2528413308480279	0.5438364976988932	0.1125150520429539	0.0908071194101248	0.2780942704742552	0.1237526760767807	1.480822170376238	1.584962500721156	0.337483687060278
SC004	838693d5-1ae0-4d75-834b-e1b89b96b0ed	f21ac7ce-b8b2-4c44-be65-4c4abf8a86c4	0.255035217656665	0.5411807399831747	0.0985434571037395	0.1052405852564208	0.2850321700495916	0.1101340265103331	1.4725648145233785	1.584962500721156	0.3400617303588824
SC004	8449955f-42d9-46f6-919a-5cc5d59e6284	84d06f56-6611-4fa1-89fd-df8780f7f446	0.0	0.2608415947742606	0.6536133150784356	0.0855450901473038	0.0	0.7147572920612587	2.047768709882364	2.0	0.3434197031209754
SC004	85bb4987-51e7-40fe-ad59-2aa56754eca9	c9aa3e59-a10a-4e4c-b8cb-40d970f43df7	0.2284776404994803	0.5718456691354766	0.1133563169094238	0.0863203734556191	0.2500631883011374	0.1240657158331828	1.5006454955636692	1.584962500721156	0.3387458529252191
SC004	8628f1b2-3763-4ba9-a375-083874bb18f2	ccd3903e-eee6-41f0-9a07-4351a00a7dc3	0.2168318954852119	0.5881101232205599	0.1299176880062022	0.065140293288026	0.2319405723965134	0.1389702509087059	1.5302580263487624	1.584962500721156	0.359847125452953
SC004	86b513ba-df09-485d-92d4-fb9e888f7350	eae870be-bbc8-4ffe-bffc-86d87414ff4b	0.0027877208320274	0.2292364284182571	0.6764264388103525	0.0915494119393629	0.0030686543315236	0.7445935394839577	2.0560249443983656	2.0	0.3643642620885862
SC004	872d2922-7292-4681-adb7-d3b267eccbe7	88152ab3-4bbc-4d80-9e1e-34c96de3d604	0.0022433729772528	0.1626115500717549	0.7474060999950514	0.0877389769559408	0.0024591349631129	0.8192897439606538	2.0709955776368245	2.0	0.3120495964598461
SC004	88180134-710f-46ea-9b06-5e5d860d6d9f	6ae6b10a-fc2b-4c6e-a30e-0299c22ac042	0.2873991719314451	0.5464592646355344	0.0798046945878627	0.0863368688451577	0.3145570420119518	0.0873458628969651	1.4423714071774256	1.584962500721156	0.3290847373613857
SC004	8e107f4b-1912-4d3e-814a-b863e2d65ed7	f3cea00c-bc4a-450f-ae7b-cd97ab7369be	0.3035976444583739	0.5154644276924599	0.0911700179799746	0.0897679098691915	0.3335387180370054	0.1001612873996484	1.434014209365566	1.584962500721156	0.338800555775747
SC004	8e1b8811-1eb2-4337-852c-c19eaa0ee418	98f6fcfd-df24-422f-a14d-144fd1a02849	0.273806970951619	0.5430777097801165	0.0905596885670455	0.092555630701219	0.3017341670908166	0.099796408056424	1.458901136033436	1.584962500721156	0.3412253160195848
SC004	914d8613-3c25-4a10-be50-28b42f4d3a5d	c063d066-9073-4f05-8a38-601aa65dc5bf	0.0095838213219405	0.1574649885357042	0.73483661316662	0.0981145769757352	0.0106264288980338	0.8147782350251486	2.063360169580279	2.0	0.3514260671597401
SC004	91de8a74-a1e6-46b6-a06e-70aedf2c3eaf	91054520-9955-4d9b-bb06-e0bdd253c687	0.263233426257361	0.5523481187008231	0.0848687791762202	0.0995496758655955	0.292335311790137	0.0942514838426027	1.452482472207036	1.584962500721156	0.3162961679198802
SC004	94030805-8beb-441a-af73-11a80768edb5	d8ecb5e2-5af0-4a84-8b51-22c395850721	0.0014350988898602	0.3594840242152318	0.537568249674216	0.1015126272206918	0.0015972387963795	0.5983036222438451	1.9354878298949192	2.0	0.3435045237733585
SC004	94769f2c-b6fd-48ec-af34-b41165340b7c	cbfe2502-c3d1-44a5-bd1a-4a775c86d27f	0.3271530607195289	0.5142602642561404	0.0764231397324447	0.0821635352918859	0.3564393803242155	0.0832644405305344	1.4240432061348351	1.584962500721156	0.3600103614989851
SC004	955c80be-53df-4565-9303-a7abf96a2f81	d7ad6239-b56b-4762-9656-7653f308e01d	0.0121735974795044	0.2188773237880012	0.6674364515118024	0.1015126272206918	0.0135489911692889	0.7428445537828857	2.0838626136304885	2.0	0.4123389630469694
SC004	95e58015-a7c0-4bdc-bf64-7617d24d0784	c352a6f8-dee5-473c-a1a4-d85250ac8ddf	0.3001666034343401	0.4577305643072761	0.1412335252296983	0.1008693070286854	0.3338409040874734	0.157077860130623	1.4597265862505535	1.584962500721156	0.3654237691654255
SC004	97ad0360-3be4-401a-a94c-7f2800a1b519	e24b153c-001b-43a3-b0d4-2b6eec615cfd	0.0080002639262326	0.1853257014664401	0.7151741088365802	0.091499925770747	0.0088060135086062	0.7872031374827511	2.132259777264645	2.321928094887362	0.3771260567234064
SC004	9af2248a-d86a-4277-93b4-8eba5a39bd3c	c2699551-32d9-46ad-9c41-04730ef6a8a4	0.3681276083334708	0.4579944905398941	0.090361743892582	0.083516157234053	0.4016738660907127	0.0985961123110151	1.3926827189198616	1.584962500721156	0.3464667847967647
SC004	9bbc01b4-056c-4ddc-aca4-ff20718646d0	593a4322-bd6f-49d3-9fc6-0f56a1943664	0.0	0.0126684591656631	0.898140969598997	0.0891905712353397	0.0	0.9860909881193856	2.778270595485824	2.807354922057604	0.3821344804919899
SC004	9c744ff8-1cde-4176-b6d7-0ab62bf42620	b0dfa5b0-79fc-4f28-bca7-d47f54c05775	0.0070435313329924	0.3303366709004833	0.5703445886874619	0.0922752090790624	0.0077595449671991	0.6283232477420996	2.03372452670335	2.0	0.4310453827908465
SC004	9e7d3dea-5d81-4f10-819c-1c2a68ddd150	db9720f0-d7ef-469c-ae11-e8f17488126b	0.2854362205763489	0.535374362865579	0.0953928377018623	0.0837965788562096	0.31154240858434	0.1041175305619069	1.4475606332878406	1.584962500721156	0.3331821461633097
SC004	a09f0626-002a-48fd-8b2d-c66b8285cf23	5b68e68c-3cbf-4506-ac94-4b23b3daba70	0.0126519637761245	0.1511307589528726	0.7509361133563169	0.0852811639146858	0.0138315330099363	0.8209474690278253	2.0200047402608865	2.0	0.3121142999914091
SC004	a3898640-0d85-441d-a000-b5b8ff857399	5287e961-91f0-4fb0-a00a-d570377cee62	0.2332942942447586	0.569899213169919	0.1149398743051317	0.0818666182801906	0.254096298957959	0.1251886453467481	1.4948393718805844	1.584962500721156	0.3309913725341757
SC004	a6aad7f9-8444-4c2f-8e4b-b19fd453544f	702cc8d9-38f6-474a-bd7e-e56820c5a5b0	0.2581693416690035	0.5182026623558715	0.1362684129785724	0.0873595829965524	0.2828817756249209	0.149312270681584	1.5049025061269958	1.584962500721156	0.3924119824400706
SC004	a6eb0cd0-fe57-41b0-8593-776208684293	6ecade07-4c2f-4587-9c8b-589943f1c9e6	0.2909951668508652	0.4958019233624202	0.1262062253600119	0.0869966844267027	0.3187230121592079	0.1382319463766283	1.4658416309633198	1.584962500721156	0.3641729415389083
SC004	a782352e-c4bb-4c3e-ba82-456a47c3689a	c6987abb-e8cb-4701-bee2-416627c1f970	0.0284050607855104	0.2300117117265724	0.6495719446414727	0.0920112828464444	0.0312834953220092	0.7153964937778181	2.088098236673157	2.0	0.4340478657008684
SC004	ac2e88ff-8b1e-4691-9a96-5a581f98d827	a0300830-9dd9-46bc-94c0-23b2e8703e25	0.0283555746168945	0.2953334542995233	0.5791531267010871	0.0971578443824951	0.0314070122229733	0.6414777191091298	1.9424386607983983	2.0	0.3830096993535566
SC004	ad2939e6-b8b8-475a-90e2-6a369c3d3167	9ea630a2-1412-4f40-897a-38a52600a1cb	0.0	0.0380218728865282	0.866997674150075	0.0949804529633967	0.0	0.9579877882074184	2.500825078888029	2.584962500721156	0.3937064047902143
SC004	ad2b1a0a-153f-483d-b228-5763eba3f6cc	c9aa6cf0-f536-4640-8290-3e745ae2a36b	0.1884103393101628	0.6578196394107847	0.0593009253913531	0.0944690958876993	0.2080661614689594	0.0654874672107257	1.5032506532453136	1.584962500721156	0.3089111838272749
SC004	b0839f46-8c82-4619-be3d-c857a1759463	cc6a73f6-9dee-4eeb-85c3-c81f02d1adef	0.2063738185177243	0.5927453276809131	0.1150223512528248	0.0858585025485376	0.2257569742682882	0.1258255440470605	1.5133296773143388	1.584962500721156	0.3323332434475104
SC004	b31d85cc-d2e2-4bd1-9986-d6bbe30e657f	ae00d18f-7117-4cfb-a306-168f1f5d493a	0.2413275489500684	0.6218596902165845	0.0453293304521386	0.0914834303812084	0.2656281206311164	0.049893785064546	1.450647423339832	1.584962500721156	0.2874146064356421
SC004	b3511675-fd68-4745-8020-e290ca0fd115	d86b5d2b-9a8e-4bfa-9549-12fd45e8c296	0.0359929399732774	0.3633604407568084	0.5084044009699289	0.0922422182999851	0.03965037887736	0.5600661445367157	1.8607864877968412	2.0	0.3634122520940629
SC004	b4225c44-b9b6-46c5-aabf-7b0d9a9fe20b	5dbb6c5e-be66-47ca-9bb4-1845b8004286	0.0238193424937729	0.2653943222869208	0.6120614288306419	0.0987249063886643	0.0264284929902265	0.6791061166221312	1.9859032650942985	2.0	0.3830602908837283
SC004	b46263ab-c3ca-4fda-a895-74c7e6e6fe22	b8243412-b7b4-4a7b-b823-4b33488ff429	0.0694620853471454	0.2448740577008726	0.5921349982679841	0.0935288586839978	0.0766291194293305	0.6532309428056703	1.8820779509042824	2.0	0.391338941536697
SC004	b8023162-5e82-40e6-ad8c-8acf81821f01	828b6893-62cd-4248-a31b-7da875d657f1	0.0180789469343318	0.0735529419527242	0.8440855780809264	0.0642825330320175	0.0193209463032824	0.9020731234354616	2.217982180041053	2.321928094887362	0.3587405104471158
SC004	b867e933-e3e3-4491-9bb6-b18c48d6f173	f39ab685-fda1-43e8-aa70-fa3ed1566061	0.1086221401118387	0.4174488230539564	0.3745113240849183	0.0994177127492865	0.1206132317385889	0.4158546413656678	1.7631184942434153	1.584962500721156	0.4324162128620111
SC004	b8c3d99c-429b-42a3-b486-6fbcb90cc2e0	dfaf19b4-03b4-49d3-b39f-01aaeb897a2a	0.3293799383072431	0.4851459017204691	0.097553733731422	0.0879204262408656	0.3611307037057132	0.1069574810554681	1.4209742994107144	1.584962500721156	0.3480705411520286
SC004	bc2591b0-65d7-48c3-a5cc-783f67b65869	8eab6a91-e73b-4555-9915-8ac4b91d9de3	0.0336176038797156	0.4286162017716048	0.4415155963908088	0.0962505979578707	0.0371979265532598	0.4885376359786814	1.8266126062973096	1.584962500721156	0.357816865662456
SC004	bc3e0b74-ea09-46a5-9f61-16bd15ffd883	ef7f3a0d-b620-4355-8212-4bad381fe29c	0.0093198950893225	0.1345528924665556	0.7557527671015951	0.1003744453425267	0.0103597491657193	0.8400748102240639	2.1762719135261195	2.0	0.4004944263072316
SC004	c0c3caab-9277-4a31-a96c-c607e38d5ccc	424254f5-1bdf-43ed-b867-33a73a3c919f	0.0055919370535935	0.0834501756758985	0.8241261567391914	0.0868317305313165	0.0061236655286403	0.9024910132047184	2.277866595671777	2.321928094887362	0.3909180820429884
SC004	c435627c-159d-4a6d-a819-30abac24bf4d	ed9c97d8-4df2-4ed3-b455-4955d72901a8	0.0124705144911997	0.1717664912656912	0.7307787473401184	0.0849842469029906	0.0136287429467649	0.7986515476555317	2.1178930985410243	2.321928094887362	0.3503501736721177
SC004	c7cf6755-8856-435b-a443-174b22a25b07	d5cad767-265f-480f-a3bf-185bd4a75d5e	0.0001154677267703	0.0586246144202695	0.8759546706695479	0.0653052471834122	0.000123535225187	0.9371558661584074	2.4823137868292013	2.584962500721156	0.4241695149324176
SC004	c9226204-cb61-40b8-8a94-a7e71c14ea3a	389cd452-fcf0-498b-9e65-7e28dbe8d5a4	0.180195635319928	0.6625043300397538	0.0733220064991834	0.0839780281411345	0.196715407332709	0.0800439386299791	1.5061850116366418	1.584962500721156	0.2870252625694231
SC004	c9e58844-9d61-44a2-aee6-1760bc19711b	ddb8c0dd-c3df-4b78-850d-56b0644e12d7	0.2780792768421226	0.5413291984890223	0.0923741814162941	0.0882173432525609	0.3049841700587969	0.1013116236996834	1.460949559744535	1.584962500721156	0.3497985642413311
SC004	cbc5b936-ead5-4858-ab90-e639402789b0	90d6af06-579f-42a2-90f4-bf587e209d70	0.0286689870181284	0.1996766903650429	0.6806327631427016	0.0910215594741269	0.0315397876780691	0.7487886761636875	2.036780753931645	2.0	0.3740885115519217
SC004	cbcf6922-a3c0-43a1-826e-642918b0a635	b3716b9c-af9c-41cd-9ceb-f45fcda4a2d5	0.0296752057799844	0.3108886066344457	0.5664681721458852	0.0929680154396846	0.0327168239765762	0.6245294342299089	1.8879799649604736	2.0	0.3373548789824214
SC004	cd6e5d3d-1c86-40dd-9cb3-b2e2075dec56	389c632d-45cf-447e-9069-11b2fcb543f5	0.0018969697969417	0.1964765847945499	0.6966003002160897	0.1050261451924187	0.0021195812444706	0.778347095252138	2.0554968280310413	2.0	0.3519232495069563
SC004	cddce77f-21e6-4124-9f03-96fb5ca7cefa	bc979254-2b16-43ab-ba8d-7670a3b4ab3a	0.2749781436088613	0.6111706777955561	0.025485376837174	0.0883658017584085	0.3016321065392827	0.0279557051351644	1.4216794824202297	1.584962500721156	0.289716358736989
SC004	cf1e86ec-4bcb-403c-831b-d67bddef14eb	6feb1257-da6f-4a70-bbd1-f3aa843ef72a	0.1248536034178447	0.6853504445507481	0.1027992676047044	0.0869966844267027	0.1367504381289634	0.1125946268225261	1.5517228801304834	1.584962500721156	0.2551698238522679
SC004	d0673efd-3315-4dd5-8ab6-912bfa07dceb	65e5e0dc-01e3-43b1-80b5-09762432309e	0.0670207676954291	0.2971644425383105	0.5357537568249674	0.1000610329412929	0.0744725699726891	0.5953223234415382	1.9153927964091733	2.0	0.4360174982108427
SC004	d1976840-35f7-4423-8458-12fb32a52b33	a155cdf0-597c-4ddd-a184-10a29ff428e1	0.0073569437342262	0.1258598221797007	0.777295745839038	0.0894874882470349	0.0080800028986557	0.8536903510996775	2.192167222732354	2.321928094887362	0.350735164063012
SC004	d3dd5e69-9752-4b50-9b1f-814afbc2c3dd	145c1cbf-1d36-4439-896b-afabfcc8d864	0.1246886495224584	0.5289576563350543	0.2464906058756577	0.0998630882668294	0.1385218713921823	0.2738367937840165	1.6311363685609157	1.584962500721156	0.3391184364550579
SC004	d77ef9cf-f8e6-4ee9-8d4f-1106885f6b06	e370c642-1d03-4f08-8bd4-1c99dae80679	0.0332547053098658	0.3862560414364185	0.495373043234416	0.0851162100192996	0.0363485566954546	0.5414600724807529	1.894238300083165	2.0	0.4084382651408278
SC004	d7925dfc-18ce-46ab-a47b-9d06eacc96d0	7ce668a0-da92-4201-9f07-2c5b02df2c88	0.2526598815631031	0.5947412698150867	0.0671857215908153	0.0854131270309948	0.2762557489403914	0.0734601857696816	1.4583272585594211	1.584962500721156	0.3123499230422927
SC004	d8d13aa4-45d5-4e1a-a6cf-895bdf05e7b2	f6508c57-7de6-489b-9615-12c56dc8d8af	0.1075664351813668	0.3157052603797238	0.4762713821486894	0.1004569222902198	0.1195789705316047	0.5294592265233895	1.818559619228488	2.0	0.4391688515578037
SC004	da274941-3edd-420b-9262-bbd959923c67	d445f92f-5b61-4131-b474-f0ce49e52379	0.1923857281889711	0.5631690942381604	0.1601867278095772	0.0842584497632911	0.2100873637755561	0.1749256957579032	1.5483659378300467	1.584962500721156	0.3479307050101639
SC004	dc5a6ce7-01e5-408d-812e-e3e0ddc1cde5	98198891-a060-4107-b56d-61f19ac5fab5	0.2656582485195388	0.5311020569750755	0.1112119162694027	0.092027778235983	0.2925841145265606	0.1224838311169246	1.4792336521377445	1.584962500721156	0.3572936153480318
SC004	e07a61e2-bcd2-4a96-80df-97e04aafbd32	f46d6e67-40ef-4a8c-99fc-700d8e598131	0.1929300760437457	0.5946917836464708	0.130412549692361	0.0819655906174224	0.2101556042692349	0.1420562762784346	1.5407940107250773	1.584962500721156	0.3424166211014037
SC004	e294b940-2828-499c-be24-47ef6c2e9035	73a2a82b-c87c-4c04-8cfe-cc679379b28d	0.3194167230259143	0.5038846642363459	0.0914009534335153	0.0852976593042244	0.3492029142321287	0.0999242588184375	1.4293803629999369	1.584962500721156	0.349214643549356
SC004	e5a329ec-e50e-4786-901d-b58474f8ea65	7423b7ef-05e4-4b6c-bad0-bb815d6cfa9a	0.0011711726572423	0.2043448856044735	0.6998169011761213	0.0946670405621628	0.0012936374899788	0.7729939508782159	2.0611688958382706	2.0	0.3363389029031507
SC004	e732f81c-9b7d-44bd-a905-ff53fbed5009	f2b9f258-092d-4f46-a6c3-f5dc86188746	0.1362849083681111	0.4685020536759975	0.3061544298368606	0.0890586081190307	0.1496088657105606	0.3360857598145734	1.6919215389866165	1.584962500721156	0.4159571368453182
SC004	e978a457-92ff-4eab-b759-ec6e74d973e8	d10b7299-8788-4800-b0a4-e836a18d5def	0.324645761509658	0.5345495933886478	0.052768751134058	0.088035893967636	0.3559852403863546	0.0578627500633071	1.4017721667500385	1.584962500721156	0.3159310439460439
SC004	ea605be2-6578-4e01-8ec3-bbd84c0b7f1d	9236e7c0-7b03-4bed-9f19-e3cf805be49b	0.3806476089932863	0.4310410240337826	0.101809544232387	0.086501822740544	0.4166922479640297	0.1114501886996876	1.391740477001687	1.584962500721156	0.359932556802768
SC004	ea6405c4-0fe4-4f37-bef2-275072f91e39	c6045243-4072-4342-8fb1-f2bbea55fe7b	0.306269897563631	0.5297989212015242	0.079045906669086	0.0848852745657588	0.3346792364403266	0.0863781386881049	1.428222524987966	1.584962500721156	0.3328014759043648
SC004	ebe677e6-94b6-45be-a58d-eaae4cf63d12	dc3d8cea-908f-423f-976d-150bb1050063	0.2222753740329578	0.5455850089899873	0.1397324447816835	0.0924071721953714	0.2449064902491776	0.1539593973210228	1.5144570344767307	1.584962500721156	0.3420401102469527
SC004	ef5e85cf-2d82-4d52-a02c-fed5c76e4cec	3d547b69-ceaa-49c1-8ea9-03a32b3fac90	0.0325948897283209	0.364960493542055	0.504626956765584	0.09781765996404	0.0361289378896751	0.5593403177737554	1.913336894109959	2.0	0.4251250079101155
SC004	ef653772-e5d2-46ec-8610-f81d75d7353c	fb634d39-a4fe-493e-a982-2e360e69cbd2	0.2022334757435296	0.469359813932006	0.241344044339607	0.0870626659848572	0.2215195591290993	0.2643599241123859	1.5810045379170672	1.584962500721156	0.386280008747636
SC004	f2dcf4cc-609d-4532-a90d-6ae2bbb53365	f7011673-3a61-4450-b6b9-043ef33ac682	0.0336011084901769	0.2262012767431503	0.6476089932863764	0.0925886214802962	0.0370296309761861	0.7136884202872205	2.0229059535507585	2.0	0.3776828162229967
SC004	f2ec64f5-a414-4c34-99c7-d59bc4e831e0	ed59c414-e594-44c8-b920-159336d45b4f	0.0329742836877092	0.3100803325470531	0.5694538376523761	0.0874915461128614	0.0361358665196406	0.6240532186048193	1.89643432470532	2.0	0.3520590580230492
SC004	f4d95c8e-fb84-46ca-acc0-827015cc9d0a	faf406a4-d3d4-4ff5-8a3b-86ecbc6802ab	0.366626527885456	0.4545634495158603	0.0886627187701037	0.0901473038285799	0.4029515210848834	0.0974473331157765	1.396873596825507	1.584962500721156	0.3586965348222405
SC004	f50ee039-1da9-43d9-ac01-657ec77a7f32	cd341ba2-d2cf-4f44-bc52-4731d6041a0c	0.3531332992428616	0.4790755983702555	0.0809428764660277	0.0868482259208551	0.3867191733805412	0.088641208136132	1.3983451710320558	1.584962500721156	0.3425404668959654
SC004	f58e49fc-9641-4b46-be4c-766445ec70a3	f0f721b2-edab-49c9-b271-2204878c2ae5	0.2692212526598815	0.467561816472296	0.1658941325899411	0.0973227982778813	0.2982475375984503	0.1837801290133947	1.4989183875562635	1.584962500721156	0.3809340133642341
SC004	f64ebc7f-0e5a-42b4-af57-6cdb90d24f90	eaf742ea-5bdc-4f44-a390-77cba766d260	0.249723702225228	0.4651864803787341	0.1906867030664929	0.0944031143295448	0.2757559198542805	0.2105646630236794	1.517029546683718	1.584962500721156	0.3660562225416527
SC004	f65f2e78-c001-4ef3-ae88-3e4f83c7aceb	25d8f564-9ba7-4336-9b92-038fc26dcbd1	0.0852151823565313	0.3293799383072431	0.4886924104712732	0.0967124688649522	0.0943389335281227	0.5410153396639883	1.814230159352228	2.0	0.3999029052609743
SC004	f6ebf3a7-31c6-4f4c-9a0b-74cf35bfedf6	b9a63363-bd0c-496f-a375-fce0d0a370d8	0.3346749583491414	0.4881810533955759	0.0767695429127558	0.1003744453425267	0.3720158421650959	0.0853349957827569	1.412506628241592	1.584962500721156	0.3536316627471471
SC004	f7752d6e-f9cd-4dc9-ab01-3ab87acb21e4	cdaa3a57-c3e7-4858-a048-8f75b882dde7	0.1989508932253435	0.6015373703049998	0.1003249591739108	0.0991867772957458	0.2208569859000183	0.1113715436733199	1.5160567806354637	1.584962500721156	0.3323368093606287
SC004	f8e9d538-7291-4fe7-b3f2-d01676a027f9	a7e17e91-e9d2-4118-8215-86546f8e2feb	0.0016495389538623	0.1728057008066245	0.7335499727826073	0.0919947874569058	0.0018166624277876	0.8078697816371762	2.2547271184511795	2.321928094887362	0.4573143907962351
SC004	f9793a4b-c0e7-4475-bf80-69543b7ee2f6	7404e874-190e-4353-8755-1d9be35eedb7	6.598155815449583e-05	0.2124606172574765	0.6995364795539647	0.0879369216304043	7.234319612240469e-05	0.7669825652897345	2.1676980038082574	2.321928094887362	0.352850069065712
SC004	f9c835db-2ab6-4bf5-826f-48723493c0ec	fd3e7ba8-21a5-438b-82ee-482ed6905310	0.2549362453194332	0.5294525180212131	0.1254309420516965	0.0901802946076571	0.2802052360577272	0.1378635143955326	1.4842087486761666	1.584962500721156	0.3498129760295452
SC004	f9f44f86-10c7-4473-b156-5afbfa9a2ad0	fce206e4-6f50-466b-800c-7e295ea56124	0.2553156392788215	0.4788281675271761	0.1817462019365587	0.0841099912574435	0.2787623370074202	0.1984367120524457	1.5146166878556555	1.584962500721156	0.369538912572587
SC004	fe0e3851-d8cb-4533-9536-b4826cd25f87	a0a9b124-82fa-4eff-a5df-38932e8ce44a	0.0	0.0089075103508569	0.8973162001220659	0.0937762895270771	0.0	0.9901707379227492	2.6584162398081754	2.807354922057604	0.3118998507364325
SC004	feda41d8-ca56-425d-b149-4d5485328107	45893b0e-301f-474a-b390-936d7d74f57e	0.0075548884086897	0.1673787176484172	0.7410553750226812	0.0840110189202118	0.0082477939852332	0.809022150189087	2.0753722441594267	2.0	0.3346692550266401
