source	target	weight	confidence
MYC	TERT	1.0	A
GATA2	DPYSL2	1.0	A
FOXP3	CCR4	1.0	A
FOXP1	RAG1	1.0	A
FOXO4	TNFSF10	1.0	A
FOXM1	CDC25B	1.0	A
FOXL2	SIRT1	1.0	A
NFKB1	GATA3	1.0	A
FOXA2	CFTR	-1.0	A
FOXA1	RET	1.0	A
FOXA1	NF1	1.0	A
FOXA1	MYC	1.0	A
FOXA1	KRT7	1.0	A
FOXA1	CFTR	-1.0	A
FOXA1	ABCA1	-1.0	A
FOXA1	ESR1	1.0	A
FOSL2	NOS2	1.0	A
FOSL2	FOSL1	1.0	A
FOSL2	CCR4	1.0	A
FOSL2	BRCA1	1.0	A
FOSL2	BCL6	1.0	A
FOSL1	ITGB3	-1.0	A
GATA3	CDH1	1.0	A
GATA3	CDX2	1.0	A
GATA3	EPOR	1.0	A
GATA3	IL12RB2	-1.0	A
HIF1A	SOCS1	1.0	A
HIF1A	PPP1R3C	1.0	A
HIF1A	NR3C1	1.0	A
HIF1A	FAM162A	1.0	A
HIF1A	ENO1	1.0	A
HIF1A	E2F3	1.0	A
HIF1A	MIF	1.0	A
HIC1	VLDLR	-1.0	A
HHEX	HNF4A	1.0	A
HIF1A	CXCL12	1.0	A
FOS	SRR	1.0	A
HEY2	GATA6	-1.0	A
GLI2	WNT2B	1.0	A
GLI2	FST	1.0	A
GLI2	FOXA2	1.0	A
GLI2	FAS	-1.0	A
GLI1	EGR2	-1.0	A
GFI1B	MEF2C	-1.0	A
HBP1	NCF1	-1.0	A
GATA3	TCF7L2	1.0	A
RELA	GATA3	1.0	A
GATA3	NFKB1	1.0	A
HEY2	ACTA2	-1.0	A
HIF1A	TLR2	1.0	A
FOS	SPRR3	1.0	A
FOS	SMAD4	1.0	A
ETS2	CDK1	1.0	A
ETS2	CD163	1.0	A
ETS2	ANGPT2	1.0	A
ETS1	WAS	1.0	A
ETS1	TNFSF14	1.0	A
ETS1	TGFBR2	1.0	A
ETS1	TBXAS1	-1.0	A
ETS1	TAF12	1.0	A
ETS1	SPRY2	1.0	A
ETS1	SLC26A3	1.0	A
ETS1	NDRG1	-1.0	A
ETS1	MDM2	-1.0	A
ETS1	LCK	1.0	A
ETS1	IL2RB	1.0	A
ETS1	HPGD	1.0	A
ETS1	GP6	1.0	A
ETS1	FGFBP1	1.0	A
ETS1	F13A1	1.0	A
ETS1	ERG	1.0	A
ETS1	CSNK2B	1.0	A
ETS1	CSF3R	1.0	A
ETS2	CSF3R	1.0	A
ETS2	EGR1	1.0	A
ETS2	ERG	1.0	A
ETS2	MSR1	1.0	A
FOS	PLAU	1.0	A
FOS	PDHA1	1.0	A
FOS	NTS	1.0	A
FOS	NTF3	1.0	A
FOS	NFKB1	-1.0	A
FOS	NEFL	1.0	A
FOS	LRIG2	1.0	A
FOS	HSPH1	1.0	A
FOS	FOXA1	1.0	A
FOS	FAS	1.0	A
SPI1	FOS	1.0	A
FOS	DDIT3	1.0	A
FOS	BATF3	1.0	A
FOS	ACTA1	1.0	A
FLI1	ID2	1.0	A
FOXO1	RAG1	1.0	A
ETV4	TNF	1.0	A
ETV4	TIMP2	1.0	A
ETV4	BDKRB1	1.0	A
ETV3	NFKB1	-1.0	A
ETS2	VWF	1.0	A
ETS2	PDE7A	1.0	A
FOS	BCL2L1	1.0	A
HIF1A	TLR6	1.0	A
HIF1A	VEGFB	1.0	A
HIF1A	ZNF217	1.0	A
MITF	PRKCB	1.0	A
MITF	PMEL	1.0	A
MITF	HERC2	1.0	A
MITF	GPNMB	1.0	A
MITF	CDK2	1.0	A
MITF	BCL2A1	-1.0	A
MEF2D	SOST	-1.0	A
MEF2D	ATF3	1.0	A
MEF2C	SOST	-1.0	A
MEF2C	CPT1B	1.0	A
MEF2C	NR4A1	-1.0	A
LHX4	POU1F1	1.0	A
LEF1	TCF3	1.0	A
LEF1	NT5E	1.0	A
LEF1	CCL7	1.0	A
LEF1	BIRC5	1.0	A
KLF6	LTC4S	1.0	A
KLF5	NOTCH1	1.0	A
KLF4	THBD	1.0	A
KLF10	CDKN1A	1.0	A
LEF1	NRCAM	1.0	A
MITF	SERPINF1	1.0	A
MSC	IL10	1.0	A
MSC	MMP2	1.0	A
MYB	CEBPA	1.0	A
NCOA3	BCL2	1.0	A
NANOG	LAMB1	-1.0	A
NANOG	L1TD1	1.0	A
NANOG	GATA4	-1.0	A
NANOG	CDX2	-1.0	A
MYC	WRN	1.0	A
MYC	TFAP4	1.0	A
MYC	ST3GAL1	1.0	A
MYC	SHMT1	1.0	A
MYC	HLA-F	1.0	A
JUND	ITGB3	-1.0	A
MYC	HDAC2	1.0	A
MYBL2	PSG1	1.0	A
MYBL1	NCL	1.0	A
MYB	WAS	1.0	A
MYB	TK1	1.0	A
MYB	NMU	1.0	A
MZF1	MYB	1.0	A
NFKB1	COL1A1	-1.0	A
MYB	GSTM1	1.0	A
MYB	SIM2	1.0	A
MYB	COL1A1	1.0	A
MYC	ASS1	1.0	A
JUND	ITGAV	-1.0	A
JUND	IL3	1.0	A
JUN	VCAM1	1.0	A
IRF3	IRF7	1.0	A
IRF1	IL10	1.0	A
IRF1	CASP7	1.0	A
HSF2	MAPK8	-1.0	A
HSF2	MAP2K4	-1.0	A
HOXD3	ITGB3	1.0	A
HOXD3	ITGB1	1.0	A
HOXC8	TNFRSF11B	1.0	A
HOXB13	TCF4	-1.0	A
HOXA5	TH	1.0	A
IRF3	PURA	-1.0	A
HOXA4	TH	1.0	A
HNF4G	CYP2D6	1.0	A
HNF4A	TCF7L2	1.0	A
HNF4A	TBP	1.0	A
HNF4A	SERPINC1	1.0	A
HNF4A	PCSK9	1.0	A
HNF4A	LDLR	1.0	A
HNF4A	GPR39	1.0	A
HNF4A	CEACAM1	1.0	A
HNF4A	ABCG5	-1.0	A
HLF	RUNX1	-1.0	A
HOXA10	ITGB3	1.0	A
ETS1	COL1A1	1.0	A
IRF4	FCER2	1.0	A
IRF7	CXCL10	1.0	A
JUN	TXN	1.0	A
JUN	TNFRSF10A	1.0	A
JUN	TIMP2	1.0	A
JUN	SPRR3	1.0	A
JUN	RARB	1.0	A
JUN	POLD2	1.0	A
JUN	PDHA1	1.0	A
JUN	NOX5	1.0	A
JUN	NFKB2	1.0	A
JUN	RUNX2	1.0	A
IRF5	TNF	1.0	A
JUN	MGP	1.0	A
JUN	HEY1	1.0	A
JUN	ETS2	1.0	A
JUN	CTSL	1.0	A
JUN	CREM	1.0	A
JUN	CD82	1.0	A
JUN	BATF3	1.0	A
IRF9	PML	1.0	A
IRF9	IL27	-1.0	A
JUN	ACTA1	1.0	A
IRF7	IFNA2	1.0	A
JUN	LBP	-1.0	A
ETS1	CD8A	1.0	A
ETS1	EMSY	1.0	A
ESRRA	NR2F6	-1.0	A
CEBPA	STAT3	1.0	A
CEBPA	SLC10A1	1.0	A
CEBPA	SERPINC1	1.0	A
CEBPA	SAA1	1.0	A
CEBPA	PCK2	1.0	A
CEBPA	MSR1	1.0	A
CEBPA	MAD1L1	1.0	A
CEBPA	IL5	1.0	A
CEBPA	IL3	1.0	A
CEBPA	IL10	1.0	A
CEBPA	IGF1	1.0	A
CEBPA	ID1	1.0	A
CEBPA	ICAM1	1.0	A
CEBPA	HSPA4	1.0	A
CEBPA	HOMER3	1.0	A
CEBPA	CXCR2	1.0	A
CEBPA	CSF1	1.0	A
CEBPA	FN1	1.0	A
CDX2	SLC9A2	1.0	A
BCL6	IRF4	-1.0	A
BCL6	HDAC7	-1.0	A
CEBPA	VLDLR	1.0	A
CEBPB	CSF3R	1.0	A
CEBPB	CSRP1	1.0	A
CEBPB	F8	1.0	A
CREB1	SLC19A1	1.0	A
CREB1	ODC1	1.0	A
CREB1	NTS	1.0	A
CREB1	MSMB	1.0	A
CREB1	HPGD	1.0	A
CREB1	HLA-DQB1	1.0	A
CREB1	ERBB2	1.0	A
CREB1	CYP17A1	1.0	A
CREB1	CYP11B1	1.0	A
CREB1	CXCR4	1.0	A
ATF6	SRF	1.0	A
CREB1	CCL5	1.0	A
CREB1	ADRA1A	1.0	A
CEBPE	MYC	-1.0	A
CEBPE	GATA1	-1.0	A
CEBPE	CTSG	1.0	A
CEBPD	POU5F1	1.0	A
CEBPD	GADD45G	1.0	A
CEBPB	SLC10A1	1.0	A
CEBPB	IL24	1.0	A
CEBPB	GADD45G	1.0	A
CEBPB	FURIN	1.0	A
CREB1	BDKRB1	1.0	A
ATF6	RTN3	1.0	A
ATF6	DNAJC3	1.0	A
ATF6	DDIT3	1.0	A
AR	FOXA1	1.0	A
AR	CDH2	1.0	A
TCFL5	CD2	-1.0	A
NFAT5	S100A4	1.0	A
MXD4	ODC1	1.0	A
CEBPZ	SOX9	1.0	A
CEBPZ	MLH1	-1.0	A
TP63	PPARA	1.0	A
CEBPZ	COL11A1	-1.0	A
KLF11	PDX1	1.0	A
AR	KLF5	1.0	A
ZNF202	ABCA1	-1.0	A
VDR	IL10	-1.0	A
USF2	SF1	1.0	A
USF2	TGFB2	1.0	A
USF2	TCN2	1.0	A
USF2	P4HA1	1.0	A
USF2	CYP1A2	1.0	A
YY1	FDPS	-1.0	A
USF2	CEACAM1	1.0	A
USF1	SERBP1	1.0	A
USF1	TGFB2	1.0	A
ZNF143	ESCO2	1.0	A
CREB1	POLD2	1.0	A
AR	NDRG1	1.0	A
AR	PNRC1	1.0	A
ATF5	DISC1	1.0	A
ATF4	DISC1	1.0	A
ATF4	CXCL8	1.0	A
ATF2	PCK2	1.0	A
ATF2	IMPDH2	1.0	A
ATF2	CYP11B2	1.0	A
ATF2	CYP11B1	1.0	A
ATF1	TOP2A	1.0	A
ATF1	SLC20A1	1.0	A
ATF1	PLAUR	1.0	A
AR	PIGR	1.0	A
ATF1	PCSK1	1.0	A
ATF1	MAP1LC3B	1.0	A
ATF1	LDHA	1.0	A
ATF1	FLT1	1.0	A
ATF1	ERBB2	1.0	A
ATF1	CYP11B2	1.0	A
ATF1	CYP11B1	1.0	A
ATF1	CCNA1	-1.0	A
FOS	ARNT	1.0	A
ARNT	BHLHE40	1.0	A
AR	TRPS1	1.0	A
ATF1	NTS	1.0	A
NFIC	JUN	1.0	A
CREB1	RRM2B	1.0	A
CREB3L1	SLC1A4	-1.0	A
EGR1	UBE2S	1.0	A
EGR1	TOE1	1.0	A
EGR1	TFPI2	1.0	A
EGR1	TCF4	1.0	A
EGR1	PTP4A1	1.0	A
EGR1	PTGS2	1.0	A
EGR1	POR	1.0	A
EGR1	PLAUR	1.0	A
EGR1	PLAU	1.0	A
EGR1	PCSK2	1.0	A
EGR1	LMTK2	1.0	A
EGR1	IL2RB	1.0	A
EGR1	HYAL1	1.0	A
EGR1	FCER2	-1.0	A
EGR1	EP300	1.0	A
EGR1	CDK5R1	1.0	A
EGR1	IMPDH2	1.0	A
EGR1	AKR1B1	1.0	A
E2F8	E2F1	-1.0	A
E2F7	E2F1	-1.0	A
E2F5	MYC	-1.0	A
ELK1	ERBB2	1.0	A
ELK1	CITED2	1.0	A
ELK1	FUT4	1.0	A
ELK1	PDGFB	1.0	A
ETS1	IL3	-1.0	A
ESR2	TFF1	1.0	A
ESR2	PTPRC	1.0	A
ESR2	MKNK2	1.0	A
ESR2	JUN	1.0	A
ESR2	FOS	-1.0	A
ESR2	CTSD	1.0	A
ETS1	ITGB3	1.0	A
ESR2	CD68	1.0	A
ESR1	YWHAQ	1.0	A
E2F4	TOPBP1	-1.0	A
ESR1	UGT2B15	1.0	A
ESR1	CXCL12	1.0	A
ESR1	CTNNB1	-1.0	A
ESR1	CHAT	1.0	A
ESR1	JUNB	1.0	A
ESR1	CEBPB	1.0	A
ESR1	BLM	1.0	A
ERG	FGF2	-1.0	A
ERG	TMPRSS2	1.0	A
EPAS1	CA9	1.0	A
YY1	EP300	1.0	A
ESR1	MICB	1.0	A
E2F4	MCM10	-1.0	A
E2F4	LIN54	1.0	A
E2F4	HCFC1	1.0	A
E2F1	FANCA	1.0	A
E2F1	ETV4	1.0	A
E2F1	ERCC1	1.0	A
E2F1	DRAM1	1.0	A
E2F1	CUX1	1.0	A
E2F1	CTNNBIP1	1.0	A
E2F1	DNMT1	1.0	A
E2F1	CASP7	1.0	A
E2F1	AURKA	1.0	A
DNMT1	TIMP3	-1.0	A
E2F1	KDR	1.0	A
DNMT1	MSH2	1.0	A
CTCF	SLC6A4	1.0	A
CTCF	SIX5	1.0	A
CTCF	PTPRG	1.0	A
CTCF	PBXIP1	1.0	A
CTCF	ETNK2	1.0	A
CTCF	DMPK	1.0	A
CTCF	CCND1	1.0	A
CTCF	BBC3	1.0	A
CTCF	ASAP2	1.0	A
CREM	DUSP1	-1.0	A
DNMT1	SFRP5	1.0	A
CREB1	SLC20A1	1.0	A
E2F1	FHIT	-1.0	A
E2F1	GINS3	1.0	A
E2F4	CUX1	1.0	A
E2F4	CDK2	1.0	A
E2F4	AURKB	1.0	A
E2F3	PLK1	1.0	A
E2F1	WWOX	-1.0	A
E2F1	ULK1	1.0	A
E2F1	TOP2A	1.0	A
E2F1	ZNF350	-1.0	A
E2F1	RRP1B	1.0	A
E2F1	RRM2	1.0	A
E2F1	FLT1	1.0	A
E2F1	RRM1	1.0	A
E2F1	RASGEF1B	1.0	A
E2F1	PTPRO	1.0	A
E2F1	NPAT	1.0	A
E2F1	MYH10	1.0	A
E2F1	MYB	1.0	A
E2F1	MEFV	1.0	A
E2F1	MCM5	1.0	A
E2F1	MAPK8	1.0	A
E2F1	MAP1LC3A	1.0	A
E2F1	IL1B	1.0	A
E2F1	RASGRP1	1.0	A
NFATC1	IFNG	1.0	A
NFE2L2	GSTA1	1.0	A
NFE2L2	MTHFR	1.0	A
SP1	MNDA	1.0	A
SP1	MME	1.0	A
SP1	MCTS1	1.0	A
SP1	MAT2B	1.0	A
SP1	KRT5	1.0	A
SP1	KRT19	1.0	A
SP1	IMPDH2	1.0	A
SP1	HTR1A	1.0	A
SP1	HSD17B1	1.0	A
SP1	HOXB7	1.0	A
SP1	HLA-G	1.0	A
SP1	HDAC4	1.0	A
SP1	HCN2	1.0	A
SP1	IL2RB	1.0	A
SP1	GH2	1.0	A
SP1	CYP7A1	1.0	A
SP1	COL18A1	1.0	A
SP1	CD83	1.0	A
SP1	CD163	1.0	A
SP1	AREG	1.0	A
SP1	ADRA2B	1.0	A
SP1	MPG	1.0	A
SP3	MSH6	1.0	A
SP1	NFKB2	1.0	A
STAT1	CCL3	1.0	A
SP3	SLC19A3	1.0	A
SP3	RORA	1.0	A
SP3	HOXB7	1.0	A
SPI1	CD163	1.0	A
SP3	ETF1	-1.0	A
SPI1	BPI	1.0	A
SP3	CYP17A1	1.0	A
SP3	CD83	1.0	A
SP3	CD14	1.0	A
SP3	BPI	1.0	A
SP1	ADRA1A	1.0	A
SP2	DNMT3B	1.0	A
SP1	YY1	1.0	A
SP1	TNFSF14	1.0	A
SP1	TGM4	1.0	A
SP1	TFPI2	1.0	A
SPI1	MSR1	1.0	A
SP1	RORA	1.0	A
SP1	PPL	1.0	A
SPI1	CSF2RA	1.0	A
SP1	PDHA1	1.0	A
SP1	PDE6A	1.0	A
SP100	ETS1	-1.0	A
SP1	ADH6	1.0	A
SPI1	CD22	1.0	A
SP1	ADAM10	1.0	A
RUNX3	TCF4	1.0	A
RUNX3	MMP9	-1.0	A
RUNX3	ICAM3	-1.0	A
RUNX3	CFLAR	-1.0	A
RUNX3	CASP8	1.0	A
RUNX1	PIK3CD	1.0	A
RUNX1	NFKB1	1.0	A
RUNX1	MECOM	1.0	A
RUNX1	MAD2L1	-1.0	A
RUNX1	ITGB2	1.0	A
RXRA	ABCC3	-1.0	A
RORC	IL22	1.0	A
RORA	TUBA1B	1.0	A
RFX5	HLA-DRB5	1.0	A
RFX5	HLA-DRB4	1.0	A
RFX5	HLA-DRB3	1.0	A
RFX5	HLA-DRA	1.0	A
RFX5	HLA-DQB1	1.0	A
RFX5	HLA-DQA2	1.0	A
RFX5	HLA-DQA1	1.0	A
RFX5	HLA-DRB1	1.0	A
RFX5	HLA-DPB1	1.0	A
RORC	IL17A	1.0	A
SP3	SLC1A3	1.0	A
RXRA	CPT1B	1.0	A
SMAD3	ZFP36	1.0	A
SP1	ACAN	1.0	A
SOX9	PRAME	-1.0	A
SOX6	TP53	1.0	A
SOX4	HDAC8	1.0	A
SOX2	RHO	-1.0	A
SOX2	ISL1	-1.0	A
SOX10	COL11A2	1.0	A
SP1	AGT	1.0	A
SNAI2	JAG1	1.0	A
SNAI2	CXCR4	1.0	A
SALL4	ZEB1	1.0	A
SNAI1	THBS1	-1.0	A
SMAD4	ZFP36	1.0	A
SMAD4	EPO	1.0	A
SMAD4	DACH1	-1.0	A
SMAD4	COL7A1	1.0	A
SMAD4	BTRC	-1.0	A
SMAD4	AHR	1.0	A
SMAD3	FSTL3	1.0	A
SMAD3	COL7A1	1.0	A
SMAD3	AHR	1.0	A
SMAD1	TNFRSF11B	1.0	A
SNAI1	HBEGF	1.0	A
RFX5	HLA-DPA1	1.0	A
SP3	TGM4	1.0	A
SP4	ERBB2	1.0	A
TCF7L2	ABCB1	1.0	A
TCF7	SNAI2	1.0	A
TCF4	VIM	1.0	A
TCF4	NRXN1	1.0	A
TCF4	CCND1	1.0	A
TCF4	ABCB1	1.0	A
TCF3	CDK6	-1.0	A
TCF3	BBC3	-1.0	A
TBX5	CDKN2A	1.0	A
TBP	FUS	-1.0	A
TAL1	ERG	1.0	A
TAL1	CD34	-1.0	A
STAT6	FOS	1.0	A
STAT5B	IFNG	1.0	A
STAT5B	CEL	1.0	A
STAT5B	BCL6	1.0	A
STAT5B	ESR2	1.0	A
STAT5A	CEL	1.0	A
STAT4	SOCS3	-1.0	A
STAT4	PIM1	1.0	A
STAT3	ZFP36	1.0	A
TCF7L2	BIRC5	1.0	A
TCF7L2	CTNNB1	1.0	A
TCF7L2	SNAI2	1.0	A
TCF7L2	STAT3	1.0	A
TFAP2B	DRD1	1.0	A
TFAP2A	TIMP2	1.0	A
TFAP2A	SPRY2	1.0	A
TFAP2A	SNAP91	1.0	A
TFAP2A	PTGS2	1.0	A
TFAP2A	PRKCA	1.0	A
TFAP2A	POLD2	1.0	A
TFAP2A	L1CAM	1.0	A
TFAP2A	KRT5	1.0	A
TFAP2A	HTT	1.0	A
STAT3	VEGFB	1.0	A
TFAP2A	HIP1	1.0	A
TFAP2A	GPX4	1.0	A
TFAP2A	GAST	1.0	A
TFAP2A	GALNT3	1.0	A
TFAP2A	CRX	1.0	A
TFAP2A	CRABP2	1.0	A
TFAP2A	CGA	1.0	A
TFAP2A	CFTR	1.0	A
TFAP2A	CCNB1	1.0	A
TFAP2A	ADRA2B	1.0	A
TFAP2A	ADRA1A	1.0	A
TFAP2A	GUSB	1.0	A
STAT3	NOX5	1.0	A
STAT3	MYD88	1.0	A
STAT3	LTBP1	-1.0	A
STAT1	CFTR	1.0	A
STAT1	STAT2	1.0	A
STAT1	CEBPE	1.0	A
STAT1	CCR1	1.0	A
SRF	SAMD4A	1.0	A
SRF	MMP2	1.0	A
SRF	FOSL1	1.0	A
SRF	ACTA1	1.0	A
STAT1	APP	1.0	A
SPIB	IRF7	-1.0	A
STAT1	CTSB	1.0	A
SPI1	WAS	1.0	A
SPI1	SCARB2	1.0	A
SPI1	SCARB1	1.0	A
SPI1	P2RY10	1.0	A
SPI1	MNDA	1.0	A
SPI1	MACROD1	-1.0	A
SPI1	IL5	1.0	A
SPI1	ERAP2	1.0	A
SPDEF	AGR2	1.0	A
SP4	YY1	1.0	A
SP4	PDE6B	1.0	A
SPI1	STAT3	1.0	A
SP3	TIMP2	1.0	A
STAT1	CTSL	1.0	A
STAT1	FGFR3	-1.0	A
STAT3	IL2RA	1.0	A
STAT3	IFNAR1	1.0	A
STAT3	HSPB1	1.0	A
STAT3	HMOX1	1.0	A
STAT3	FAS	-1.0	A
STAT3	CSRP1	1.0	A
STAT3	CISH	1.0	A
STAT3	CFB	1.0	A
STAT3	CDK4	1.0	A
STAT3	CCND3	1.0	A
STAT1	EGFR	1.0	A
STAT1	VIP	1.0	A
TP53	STAT1	1.0	A
STAT1	TLR3	1.0	A
STAT1	TIMP1	1.0	A
STAT1	PLSCR1	1.0	A
STAT1	PIM1	1.0	A
STAT1	NOX5	1.0	A
STAT1	KRT17	1.0	A
STAT1	IL2RA	1.0	A
STAT1	IL1R1	-1.0	A
STAT1	HMOX1	1.0	A
STAT1	TP53	1.0	A
USF1	TCN2	1.0	A
RFX5	HLA-DOB	1.0	A
RFX5	HLA-DMB	1.0	A
NFKB1	SERPINA3	-1.0	A
NFKB1	RRM2B	1.0	A
NFKB1	PTPN13	1.0	A
NFKB1	PTAFR	1.0	A
NFKB1	PLAU	1.0	A
NFKB1	PDE7A	1.0	A
NFKB1	PLAUR	1.0	A
NFKB1	NOLC1	1.0	A
NFKB1	MMP2	1.0	A
NFKB1	MMP14	1.0	A
NFKB1	MICA	1.0	A
NFKB1	MAT2A	1.0	A
NFKB1	MADCAM1	1.0	A
NFKB1	LPL	1.0	A
NFKB1	KLK3	1.0	A
NFKB1	JUNB	1.0	A
NFKB1	IRF1	1.0	A
NFKB1	IL12B	-1.0	A
NFKB1	IL12A	1.0	A
NFKB1	HLA-F	1.0	A
NFKB1	GSTP1	1.0	A
NFKB1	SERPINB1	1.0	A
NFKB1	SERPINE1	1.0	A
NFKB1	SOCS3	1.0	A
NFKB1	TFF3	1.0	A
NR1H4	ABCB4	1.0	A
NFYB	FXR2	1.0	A
NFYA	FXR2	1.0	A
NFKB2	SND1	1.0	A
NFKB2	CDK6	1.0	A
NFKB2	CCND2	1.0	A
NFKB2	CCL21	1.0	A
NFKB1	XIAP	1.0	A
NFKB1	VEGFA	1.0	A
NR2F6	LHCGR	-1.0	A
NFKB1	RIPK2	1.0	A
NFKB1	TRAF1	1.0	A
NFKB1	TNFRSF10B	1.0	A
NFKB1	TNFRSF10A	1.0	A
NFKB1	TNFAIP3	1.0	A
NFKB1	TNC	1.0	A
PAX6	ITGA5	1.0	A
NFKB1	TLR2	1.0	A
NFKB1	TIMP1	-1.0	A
NFKB1	THBD	-1.0	A
NFKB1	TFPI2	1.0	A
NFKB1	TBX21	1.0	A
NFKB1	TNFSF10	1.0	A
NFKB1	GDNF	1.0	A
NFKB1	GADD45G	1.0	A
NFKB1	VEGFD	1.0	A
NFKB1	AMH	1.0	A
NFKB1	CD80	1.0	A
NFKB1	AKT1	-1.0	A
NFKB1	AGER	1.0	A
NFKB1	ADORA1	1.0	A
NFKB1	ABCB1	1.0	A
NFKB1	A2M	1.0	A
NFIC	TFPI2	1.0	A
NFIC	SLC34A2	1.0	A
NFIC	POLE2	1.0	A
NFKB1	ATF3	1.0	A
NFIC	POLD2	1.0	A
NFIC	ITGA5	-1.0	A
NFIC	HSD11B2	1.0	A
NFIC	HMGB1	1.0	A
NFIC	GUCY1B1	1.0	A
NFIC	GTF3C2	1.0	A
NFIC	GTF3C1	1.0	A
NFIC	COL1A1	1.0	A
NFIC	COL18A1	1.0	A
NFIC	ALAS1	1.0	A
NFIA	CDKN1A	-1.0	A
NFIC	MATN1	-1.0	A
NPAS2	CRY2	1.0	A
NFKB1	B2M	1.0	A
NFKB1	BIRC3	1.0	A
NFKB1	FBP1	1.0	A
NFKB1	FASLG	1.0	A
NFKB1	F8	1.0	A
NFKB1	F3	1.0	A
NFKB1	IL18	1.0	A
NFKB1	EDN1	1.0	A
NFKB1	CYP27B1	1.0	A
NFKB1	CYP19A1	-1.0	A
NFKB1	CXCL2	1.0	A
NFKB1	CTSB	1.0	A
NFKB1	BIRC2	1.0	A
NFKB1	CSNK2A1	1.0	A
NFKB1	CD69	1.0	A
NFKB1	CD58	1.0	A
NFKB1	CCR7	1.0	A
NFKB1	CCND2	1.0	A
NFKB1	CCL5	1.0	A
NFKB1	CCL4	1.0	A
NFKB1	CCL3	1.0	A
NFKB1	CCL22	1.0	A
NFKB1	CD83	1.0	A
NFKB1	BST1	1.0	A
NFKB1	CD86	1.0	A
RFX5	HLA-DOA	1.0	A
NR1H4	NR1I2	1.0	A
NR3C1	ATF2	-1.0	A
RELA	IRF4	1.0	A
RELA	IL1A	1.0	A
RELA	IL18	1.0	A
RELA	HDAC1	1.0	A
RELA	GADD45G	1.0	A
RELA	VEGFD	1.0	A
RELA	EPAS1	1.0	A
E2F1	RELA	1.0	A
RELA	XIAP	1.0	A
RELA	CTSB	1.0	A
RELA	COL2A1	-1.0	A
RELA	COL1A1	-1.0	A
RELA	CFLAR	1.0	A
RELA	CDK6	1.0	A
RELA	CDK4	1.0	A
RELA	CD83	1.0	A
RELA	CD69	1.0	A
RELA	CD58	1.0	A
RELA	PPARD	-1.0	A
RELA	CCL4	1.0	A
RELA	BIRC5	1.0	A
RELA	KLK3	1.0	A
RELA	MMP14	1.0	A
RELA	MMP2	1.0	A
RELA	NCAM1	1.0	A
RFX5	HLA-DMA	1.0	A
RFX1	MYC	-1.0	A
RELB	PIGR	1.0	A
RELB	CD40	1.0	A
RELB	CCL21	1.0	A
RELA	VEGFA	1.0	A
RELA	TRIB3	-1.0	A
RELA	TNFRSF10B	1.0	A
RELA	TNFRSF10A	-1.0	A
RELA	TNFAIP3	1.0	A
RELA	BIRC2	1.0	A
RELA	THBD	-1.0	A
RELA	TBX21	1.0	A
RELA	SNAI1	1.0	A
RELA	SLC25A27	1.0	A
RELA	RIPK2	1.0	A
RELA	PTPN13	1.0	A
RELA	PTHLH	1.0	A
RELA	PLAUR	1.0	A
RELA	PCK2	-1.0	A
RELA	OPTN	1.0	A
RELA	NOLC1	1.0	A
RELB	CCL19	1.0	A
RELA	AMH	1.0	A
RELA	AGER	1.0	A
REL	TNFAIP3	1.0	A
POU2F2	SPI1	1.0	A
POU2F2	IL5	1.0	A
POU2F1	TXNRD1	1.0	A
POU2F1	ST6GAL1	1.0	A
POU2F1	SNAPC1	1.0	A
POU2F1	RRM2B	1.0	A
POU2F1	POU2AF1	1.0	A
POU2F1	PLAU	1.0	A
POU2F1	GCM1	1.0	A
POU2F1	BDKRB1	1.0	A
POU2F2	SPP1	1.0	A
POU2F1	GNRH1	1.0	A
PKNOX1	PTPN6	1.0	A
RELA	PGR	-1.0	A
PGR	KLK3	1.0	A
PAX6	PDHX	-1.0	A
PAX5	BCL2	-1.0	A
PAX2	TP53	-1.0	A
NRF1	FXR2	1.0	A
PAX6	ITGB1	1.0	A
NR3C1	ETS1	-1.0	A
NR3C1	CDK6	-1.0	A
POU1F1	GH2	1.0	A
NR2F1	APOA2	-1.0	A
POU3F1	GNRH1	1.0	A
POU3F2	GNRH1	1.0	A
REL	CSRP1	1.0	A
RARG	ICAM1	1.0	A
ATF2	RB1	1.0	A
RARA	THBD	1.0	A
RARA	SCD	1.0	A
RARA	PRKCA	1.0	A
RARA	MACROD1	-1.0	A
RARA	ETS1	1.0	A
RARA	CCNA1	-1.0	A
PROX1	NR5A2	-1.0	A
PPARA	MMP9	-1.0	A
PPARG	TSHR	-1.0	A
PPARG	POU2F1	1.0	A
PPARG	CPT1B	1.0	A
PPARG	CD83	1.0	A
PPARG	APOBR	-1.0	A
PPARG	APOB	-1.0	A
PPARD	LPL	1.0	A
PPARA	TUBA1B	-1.0	A
PPARA	APOBR	-1.0	A
PPARA	APOB	1.0	A
POU5F1	ID2	-1.0	A
PPARG	TNFRSF11B	-1.0	A
USF1	OGN	1.0	A
USF1	CYP3A4	1.0	A
USF1	CYP1A2	1.0	A
E2F4	NUSAP1	1.0	A
E2F4	DROSHA	1.0	A
ELK1	PTPRZ1	1.0	A
E2F4	ANAPC15	1.0	A
E2F4	CBX5	1.0	A
E2F4	UBE2C	1.0	A
E2F4	PGRMC1	1.0	A
E2F4	DLEU1	1.0	A
E2F4	H2BC11	1.0	A
E2F4	YBX3	1.0	A
E2F4	SMARCA5	1.0	A
E2F4	UXT	1.0	A
E2F4	BORA	1.0	A
E2F4	H3C3	1.0	A
E2F4	TYMS	1.0	A
E2F4	TTK	-1.0	A
E2F4	RRM1	1.0	A
E2F4	RPA3	1.0	A
E2F4	RECQL	1.0	A
E2F4	RBBP5	1.0	A
E2F4	PCNA	1.0	A
ETS1	MYB	1.0	A
E2F4	CDCA4	1.0	A
E2F4	PRR11	1.0	A
E2F4	CENPO	1.0	A
ESR1	NEK6	1.0	A
ESR1	CCT6B	1.0	A
ESR1	TRIM16	1.0	A
ESR1	SPATA2	1.0	A
ESR1	TYMS	1.0	A
ESR1	TRH	1.0	A
ESR1	SPARC	1.0	A
ESR1	POR	1.0	A
ESR1	NOTCH2	1.0	A
ESR1	MB	1.0	A
E2F4	NASP	1.0	A
ESR1	LGALS8	1.0	A
ESR1	FBLN2	1.0	A
ESR1	EDN3	1.0	A
ESR1	CLDN4	1.0	A
ESR1	CEACAM3	1.0	A
ESR1	CD86	1.0	A
ESR1	CAPN2	1.0	A
ESR1	BCL9	1.0	A
FOXO1	PCK2	1.0	A
ERG	NOS3	1.0	A
E2F4	WDR76	1.0	A
ESR1	GSN	1.0	A
E2F4	MTHFD1	1.0	A
E2F4	MFAP1	1.0	A
E2F4	MAP3K5	1.0	A
CEBPB	GFER	-1.0	A
CEBPB	CSH2	1.0	A
CEBPB	BCL2L1	1.0	A
CEBPB	FASLG	1.0	A
CEBPA	SMYD2	1.0	A
E2F1	H2BC11	1.0	A
CEBPA	THOC1	1.0	A
CEBPA	STAR	1.0	A
CEBPA	IGF2	1.0	A
CEBPA	GAPDH	1.0	A
CEBPB	S100A9	1.0	A
CEBPA	F9	1.0	A
ATF3	CCL5	1.0	A
ATF1	UGT8	1.0	A
ATF1	BCL2	1.0	A
ASCL1	PCSK6	-1.0	A
ARNT	UGT1A6	1.0	A
AR	SORD	1.0	A
AR	PRKCD	1.0	A
AR	CRISP1	1.0	A
AHR	FOS	1.0	A
SPI1	TFEC	1.0	A
CEBPA	ALOX5AP	1.0	A
ESR1	SEC61B	1.0	A
CEBPD	ALOX5AP	1.0	A
CREB1	PCSK1	1.0	A
E2F4	EPAS1	1.0	A
E2F4	DHPS	1.0	A
E2F4	DDX11	1.0	A
E2F4	CDC25C	1.0	A
E2F4	CDC6	1.0	A
E2F3	MAP3K5	1.0	A
E2F4	CYP27B1	1.0	A
E2F2	MAP3K5	1.0	A
E2F1	CDCA4	1.0	A
E2F1	CBX5	1.0	A
CEBPD	GAPDH	1.0	A
E2F1	DGKI	1.0	A
E2F1	H4C6	1.0	A
E2F1	SAFB	1.0	A
GABPA	TOMM70	1.0	A
E2F1	MAP3K5	1.0	A
E2F1	MEIS1	1.0	A
E2F1	EYA2	1.0	A
E2F1	DCC	1.0	A
E2F1	BMP4	1.0	A
CREB1	UXT	1.0	A
CREB1	UGT8	1.0	A
E2F1	SMARCA5	1.0	A
TP53	SESN1	1.0	A
ESR1	NID2	1.0	A
ESR1	NBPF1	1.0	A
HNF4A	AKR1C4	1.0	A
CEBPA	HNF4A	1.0	A
HNF4A	CEBPA	1.0	A
FOXA1	IFI27	1.0	A
HNF4A	FABP2	1.0	A
FOXA1	CEBPA	1.0	A
NR3C1	RLN1	1.0	A
NR3C1	ATP1B1	-1.0	A
GATA6	APOA1	1.0	A
GATA3	ST8SIA6	1.0	A
GATA3	BPIFB1	1.0	A
GATA3	NETO1	1.0	A
GATA3	FBXO11	1.0	A
GATA3	SPEF2	1.0	A
GATA3	ZXDC	1.0	A
GATA3	FNDC3B	1.0	A
GATA3	SLC24A3	1.0	A
GATA3	GALNT10	1.0	A
GATA3	TET2	1.0	A
GATA3	GCNT4	1.0	A
GATA3	PDE7B	1.0	A
HNF4A	GFER	-1.0	A
HNF4G	AKR1C4	1.0	A
IRF8	CYBB	1.0	A
RBPJ	NFKB1	1.0	A
MYC	ACOX1	1.0	A
MYC	ACO2	1.0	A
MYC	ACADM	1.0	A
MYBL2	MYB	1.0	A
NR3C2	ATP1B1	-1.0	A
MITF	HOXB4	1.0	A
MAF	ITGB7	1.0	A
SMAD4	BGLAP	1.0	A
SMAD3	POR	1.0	A
JUND	NQO2	1.0	A
GATA3	MYRIP	1.0	A
JUND	CSTA	1.0	A
JUND	CD40LG	1.0	A
JUNB	PTGS2	1.0	A
JUN	UGT2B15	1.0	A
JUN	PPARA	1.0	A
JUN	NTRK1	1.0	A
JUN	MMP12	1.0	A
JUN	IL1A	1.0	A
JUN	CSTA	1.0	A
JUN	NAT1	1.0	A
IRF1	CYBB	1.0	A
JUND	CLU	1.0	A
GATA3	ATXN10	1.0	A
GATA3	ZNF507	1.0	A
GATA3	BLCAP	1.0	A
GATA1	NFE2	1.0	A
GATA1	CYBB	1.0	A
FOSL2	UGT2B15	1.0	A
FOSL2	PLAUR	1.0	A
FOSL2	IVL	1.0	A
FOSL2	CLU	1.0	A
FOS	LOXL4	1.0	A
NR5A2	CYP11B1	1.0	A
FOS	MAF	1.0	A
FOS	IL1A	1.0	A
GATA3	CD40LG	1.0	A
FOS	CSTA	1.0	A
FOS	NAT1	1.0	A
ETV4	AGTR1	1.0	A
ETS2	JAK3	1.0	A
ETS1	VWF	1.0	A
ETS1	JAK3	1.0	A
ETS1	EGR1	1.0	A
ESR1	NOTCH2NLA	1.0	A
ESR1	NBPF15	1.0	A
ESR1	NBPF4	1.0	A
ESR1	ARID5B	1.0	A
FOS	CD40LG	1.0	A
ESR1	POFUT1	1.0	A
GATA2	CYBB	-1.0	A
GATA2	WT1	1.0	A
GATA3	UST	1.0	A
GATA3	ARNT2	1.0	A
GATA3	SLIT2	1.0	A
GATA3	TLR5	1.0	A
GATA3	SVIL	1.0	A
GATA3	SST	1.0	A
GATA3	RBMS1	1.0	A
GATA3	PDE3A	1.0	A
GATA3	NRCAM	1.0	A
GATA3	ITPK1	1.0	A
GATA2	MYC	1.0	A
GATA3	GRM7	1.0	A
GATA3	EPHA7	1.0	A
GATA3	EGFR	1.0	A
GATA3	EDN1	1.0	A
GATA3	ABCC2	1.0	A
GATA3	SEPTIN7	1.0	A
GATA3	CD8B	1.0	A
GATA3	CD8A	1.0	A
GATA3	ATP2B1	1.0	A
GATA3	RHOH	1.0	A
GATA3	APBA1	1.0	A
GATA3	EPO	-1.0	A
MYC	ACP5	1.0	A
TFAP2A	PVR	1.0	A
USF1	APOA2	1.0	A
PAX8	WT1	1.0	A
NFKB2	CXCL8	1.0	A
CEBPA	APOB	1.0	A
CEBPA	INSR	1.0	A
TFAP2A	MYC	1.0	A
SP1	CDK1	1.0	A
ETV4	ETS1	1.0	A
ETS1	ETV4	1.0	A
JUN	IGF1	1.0	A
NR2F2	OXT	-1.0	A
NFKB1	CSF2	1.0	A
SP1	NPY	1.0	A
POU2F1	IL3	-1.0	A
AHR	CYP1A2	1.0	A
ATF2	TGFB2	1.0	A
PAX8	NCAM1	1.0	A
FOS	NQO1	1.0	A
SP1	SPN	1.0	A
JUN	NPY	1.0	A
TFAP2A	HMOX1	1.0	A
RARA	HNF4A	1.0	A
FOXA1	APOB	1.0	A
PAX8	TP53	-1.0	A
CEBPB	TOP1	1.0	A
NR2F2	CETP	1.0	A
EGR1	VAMP2	1.0	A
TFAP2A	HOXA4	-1.0	A
STAT5B	FCGR1A	1.0	A
GATA1	EPO	1.0	A
CEBPA	COMT	1.0	A
STAT3	LBP	1.0	A
SP1	MPO	1.0	A
YY1	HCFC1	1.0	A
SPI1	FES	1.0	A
PAX5	XBP1	-1.0	A
SP1	LDHA	1.0	A
IRF1	EIF2AK2	1.0	A
SPI1	CSF1	1.0	A
JUN	ITGAX	1.0	A
TP53	KRT8	1.0	A
NFKB1	AGT	1.0	A
RELA	AGT	1.0	A
TFAP2A	ACHE	-1.0	A
NFIC	C4BPB	1.0	A
CEBPA	SLC9A1	1.0	A
SP1	CCK	1.0	A
NFKB1	CXCL1	1.0	A
WT1	CCN3	1.0	A
MYB	LCK	1.0	A
RELA	IFNA1	1.0	A
REL	IFNG	1.0	A
NFKB2	SELP	1.0	A
SP1	KRT18	1.0	A
POU1F1	GHR	1.0	A
TFAP2A	OAT	1.0	A
NFKB1	SELE	1.0	A
STAT1	FOS	1.0	A
MYB	CD34	1.0	A
CEBPD	CFTR	1.0	A
CREB1	FLT1	1.0	A
TP53	CKM	1.0	A
EGR1	MYB	-1.0	A
JUN	NTS	1.0	A
JUN	PENK	1.0	A
CTCF	CELSR3	-1.0	A
MYC	BSG	1.0	A
REL	CSF2	1.0	A
STAT1	PRKCE	-1.0	A
CTCF	ANG	1.0	A
SPI1	FCER1A	1.0	A
GATA2	MS4A2	1.0	A
JUN	RHOB	1.0	A
MYC	HBA1	1.0	A
FOS	PENK	1.0	A
SP1	VAMP2	1.0	A
SPI1	CSF2	1.0	A
SP3	CDKN2B	1.0	A
NFKB1	IFNA1	1.0	A
FOS	TNFAIP6	1.0	A
RELA	F3	1.0	A
NR2F1	EPO	-1.0	A
GATA1	WT1	1.0	A
HNF1A	PROC	1.0	A
CEBPB	TNFAIP6	1.0	A
USF1	CEACAM5	1.0	A
FOXA1	TTR	1.0	A
EGR1	ACHE	1.0	A
ERF	ETS2	-1.0	A
STAT1	GBP1	1.0	A
WT1	IGF1	-1.0	A
FOXA1	SCGB1A1	1.0	A
TFDP1	PCNA	1.0	A
MYB	ERBB2	1.0	A
HNF1A	IGFBP1	1.0	A
RARA	ICAM1	1.0	A
FOS	CDH1	1.0	A
POU2F2	HLA-DRA	1.0	A
EGR1	WT1	1.0	A
GATA4	IL5	1.0	A
TFAP2A	NR3C1	1.0	A
USF2	APOA2	1.0	A
FOS	PLAUR	1.0	A
E2F4	MYBL2	-1.0	A
STAT1	A2M	1.0	A
CEBPA	S100A9	1.0	A
SP1	F7	1.0	A
USF1	TRIM25	1.0	A
LHX3	PRL	1.0	A
EGR1	BCL2	-1.0	A
USF1	GCK	1.0	A
SP3	TCN2	1.0	A
SP1	TCN2	1.0	A
SP3	LCAT	1.0	A
SP1	LCAT	1.0	A
USF1	SF1	1.0	A
THRB	CGA	-1.0	A
E2F4	CCND1	1.0	A
HOXC11	LCT	1.0	A
SPI1	ICAM1	1.0	A
ETS2	ICAM1	1.0	A
RELA	WT1	1.0	A
NFKB1	WT1	1.0	A
HLF	DBP	1.0	A
HIF1A	AQP1	1.0	A
STAT1	IDO1	1.0	A
CREB1	IL5RA	1.0	A
JUN	IL5RA	1.0	A
HIF1A	ALDOA	1.0	A
EGR1	SOD1	1.0	A
SPI1	CXCR1	1.0	A
ETS1	FOXD1	1.0	A
E2F4	CDC25A	1.0	A
RELA	CCR5	1.0	A
PAX1	PDGFRA	1.0	A
NFATC1	EGR3	1.0	A
TAL1	ALDH1A2	1.0	A
NFATC2	EGR3	1.0	A
ESR1	MYB	1.0	A
VDR	HOXA10	1.0	A
MYC	RCC1	1.0	A
MYB	ANPEP	1.0	A
ETS1	ANPEP	1.0	A
SP1	TPMT	1.0	A
ETS1	TRB	-1.0	A
ETS1	TNF	1.0	A
TP53	WRN	-1.0	A
CREB1	CD4	1.0	A
ATF2	APOC3	1.0	A
YY1	CTCF	1.0	A
SREBF1	FDFT1	1.0	A
HNF4A	AFP	1.0	A
USF1	APEX1	1.0	A
SP3	F2R	1.0	A
SPI1	RNASE2	1.0	A
EGR1	NFKB1	1.0	A
MYC	HBP1	1.0	A
GATA2	PECAM1	1.0	A
PBX1	CYP17A1	1.0	A
TP53	HGF	1.0	A
SP3	MYC	1.0	A
CEBPA	SOD1	1.0	A
FOXM1	CYP7A1	1.0	A
FOSL1	NQO1	-1.0	A
ETS2	MMP3	1.0	A
TP53	FANCC	1.0	A
ERG	MMP3	-1.0	A
NFIC	PROC	1.0	A
ETS1	MET	1.0	A
SP1	HSPB1	1.0	A
EGR1	IFNG	1.0	A
ERG	VIM	1.0	A
ETV4	VIM	1.0	A
ETS1	DNTT	1.0	A
FOS	CDK4	1.0	A
FOS	MELTF	1.0	A
TFDP1	MYBL2	1.0	A
AR	ORM1	1.0	A
SREBF1	FDPS	1.0	A
JUN	SELE	1.0	A
RELA	TNC	1.0	A
IRF1	IL15	1.0	A
CEBPB	ADM	1.0	A
ETS2	CHRNE	1.0	A
TFAP2A	MIP	1.0	A
SP1	MIP	1.0	A
CEBPA	ITGAX	1.0	A
CREB1	DBH	1.0	A
STAT5A	IRF1	-1.0	A
SP3	IGFBP1	1.0	A
SP3	CHRNB4	1.0	A
JUN	TNC	1.0	A
SPI1	ITGA2B	1.0	A
MYC	DNPH1	1.0	A
TP53	TYMS	-1.0	A
HIF1A	TF	1.0	A
EGR1	CD19	1.0	A
TFAP2A	HSD17B1	-1.0	A
THRB	POR	1.0	A
JUN	ICAM1	1.0	A
STAT2	IRF1	1.0	A
PPARA	APOC3	-1.0	A
SP1	IL2	1.0	A
SPI1	MYB	-1.0	A
TFAP2C	CRABP2	1.0	A
MYC	ACP3	1.0	A
MYC	ACYP2	1.0	A
MYOG	ACACB	1.0	A
MYCN	MCM8	1.0	A
MYCN	MCM7	1.0	A
MYCN	MCM6	1.0	A
MYCN	MCM5	1.0	A
MYCN	MCM4	1.0	A
MYCN	MCM3	1.0	A
MYCN	MCM2	1.0	A
MYCN	CTSD	1.0	A
MYC	C9orf43	1.0	A
MYC	WDR36	1.0	A
MYC	DPY30	1.0	A
MYC	ARFGAP2	1.0	A
MYC	PCBD2	1.0	A
MYC	BCL2L12	1.0	A
MYC	SLC25A28	1.0	A
MYC	SFXN3	1.0	A
MYC	GOLPH3	1.0	A
MYC	KIAA1586	1.0	A
MYC	ZNF304	1.0	A
MYC	ENTPD7	1.0	A
NFIC	CSH1	1.0	A
NFIL3	IL1B	-1.0	A
NFKB1	ALOX5AP	1.0	A
NFKB1	BCL2A1	1.0	A
POU2F1	LCT	1.0	A
POU2F1	CXCR5	1.0	A
PLAG1	ABCC6	1.0	A
POU2F1	MS4A2	1.0	A
PGR	RLN2	1.0	A
PGR	RLN1	1.0	A
PLAGL1	ABCC6	1.0	A
OTX2	RBP3	1.0	A
YBX1	AGT	1.0	A
NFKB1	VWF	1.0	A
MYC	PRDM8	1.0	A
NFKB1	CXCL5	1.0	A
NFKB1	PIGR	1.0	A
NFKB1	MMP3	1.0	A
NFKB1	IRF7	1.0	A
NFKB1	FCGRT	1.0	A
NFKB1	NQO1	1.0	A
NFKB1	CRMP1	1.0	A
NFKB1	COL1A2	-1.0	A
NFKB1	CD74	1.0	A
NFKB1	CD40LG	1.0	A
NFKB1	BRCA2	1.0	A
NFKB1	CCL11	1.0	A
MYC	SMARCAD1	1.0	A
MYC	EIF5A2	1.0	A
MYC	CMAS	1.0	A
MYC	TCIRG1	1.0	A
MYC	DLEU1	-1.0	A
MYC	RIDA	1.0	A
MYC	PQBP1	1.0	A
MYC	CASP8AP2	1.0	A
MYC	HNRNPDL	1.0	A
MYC	THRAP3	1.0	A
MYC	RBM8A	1.0	A
MYC	TOMM20	1.0	A
MYC	AQR	1.0	A
MYC	AKR1A1	1.0	A
MYC	HERPUD1	1.0	A
MYC	NUP155	1.0	A
MYC	RBM39	1.0	A
MYC	NR1D1	1.0	A
MYC	CRIPT	1.0	A
MYC	NHERF2	1.0	A
MYC	COX7A2L	1.0	A
MYC	SLC28A2	1.0	A
MYC	SYNGR2	1.0	A
MYC	DDX18	1.0	A
MYC	SQSTM1	1.0	A
MYC	CLINT1	1.0	A
POU2F1	VWF	1.0	A
MYC	NOD1	1.0	A
MYC	SEC23B	1.0	A
MYC	NAT10	1.0	A
MYC	SFMBT1	1.0	A
MYC	NOL7	1.0	A
MYC	CXXC1	1.0	A
MYC	ALG5	1.0	A
MYC	NXT1	1.0	A
MYC	TUBG2	1.0	A
MYC	DMAC2L	1.0	A
MYC	CLUL1	1.0	A
MYC	GNL3	1.0	A
MYC	PFDN6	1.0	A
MYC	ZNF451	1.0	A
MYC	SIRT1	1.0	A
MYC	EXOSC8	1.0	A
MYC	CBX3	1.0	A
MYC	UBE2C	1.0	A
MYC	ATF7	1.0	A
MYC	CLP1	1.0	A
MYC	CCT5	1.0	A
MYC	ZNF234	1.0	A
MYC	KLF1	1.0	A
MYC	PAICS	1.0	A
MYC	CBX5	1.0	A
MYC	HDAC3	1.0	A
POU4F2	CCND1	1.0	A
RARA	HSD17B2	1.0	A
TAL1	CDH23	1.0	A
TAL1	NBAS	1.0	A
TAL1	PLEKHO1	1.0	A
TAL1	CHST11	1.0	A
TAL1	USP34	1.0	A
TAL1	PPP3CA	1.0	A
TAL1	BRF1	1.0	A
STAT6	CCL17	1.0	A
STAT3	ESR1	1.0	A
STAT1	NR1H4	-1.0	A
STAT1	TRIM25	1.0	A
STAT3	KLF11	1.0	A
SREBF2	MTTP	-1.0	A
SPI1	LSP1	1.0	A
SPI1	NR3C1	1.0	A
SP3	TPMT	1.0	A
SP3	NKX2-1	1.0	A
SP3	TIMP1	1.0	A
SP3	SCTR	1.0	A
SP3	ITGA2	1.0	A
SP3	LTC4S	1.0	A
TCF3	CR2	1.0	A
TAL1	SSH2	1.0	A
TBP	APP	1.0	A
TBP	FN1	1.0	A
TP53	MRPL27	1.0	A
USF1	P4HA1	1.0	A
TP53	HNRNPUL1	1.0	A
TP53	ASCC3	1.0	A
TP53	TCEAL1	1.0	A
TP53	CCNK	1.0	A
NKX2-1	SFTPA1	1.0	A
TP53	GPX1	1.0	A
NR2F2	PPARA	-1.0	A
NR2F1	APOC3	-1.0	A
SP1	NOL7	1.0	A
TFAP2A	SMPD1	1.0	A
TFAP2A	NME3	1.0	A
TFAP2A	CSH1	1.0	A
TEAD1	MSLN	1.0	A
ZEB1	SPRR1B	1.0	A
ZEB1	LAMC2	-1.0	A
TCF7L2	GLCE	1.0	A
TCF7L2	MYC	1.0	A
HNF1A	SLC22A10	1.0	A
HNF1A	CYP3A4	1.0	A
ZEB1	ITGB4	-1.0	A
TFAP2A	SERPINE1	1.0	A
SP1	H4C6	1.0	A
SP1	THBD	1.0	A
SP1	SMPD1	1.0	A
RELA	CXCL5	1.0	A
RELA	PTX3	1.0	A
RELA	PIGR	1.0	A
RELA	MAT2A	1.0	A
RELA	IRF7	1.0	A
RELA	NR4A1	1.0	A
RELA	FCGRT	1.0	A
RELA	CYP3A4	-1.0	A
RELA	COL1A2	-1.0	A
RELA	CD74	1.0	A
RFX1	COL1A2	1.0	A
RELA	BRCA2	1.0	A
RELA	CR2	1.0	A
REL	CD40LG	1.0	A
RARB	PLAT	1.0	A
RARB	ADH5	1.0	A
RARA	NR1I3	1.0	A
RARA	GPRC5A	1.0	A
RARA	NRIP1	1.0	A
RARA	TPO	1.0	A
RARA	TNFAIP2	1.0	A
RARA	PLAT	1.0	A
RELA	BCL2A1	1.0	A
PPARD	SAT1	1.0	A
RXRA	CXCR5	1.0	A
SP1	HSD3B1	1.0	A
SP1	SLC19A1	1.0	A
SP1	SKP2	1.0	A
SP1	PTK6	1.0	A
SP1	PTGIR	1.0	A
SP1	FURIN	1.0	A
SP1	LTC4S	1.0	A
SP1	IGFBP1	1.0	A
SP1	HPR	1.0	A
SP1	GFER	1.0	A
SP1	F10	1.0	A
RXRA	CYP3A4	1.0	A
SP1	CYP3A5	1.0	A
SP1	CD19	1.0	A
SP1	CD9	1.0	A
SP1	C1QBP	1.0	A
SP1	ADRB3	1.0	A
SKI	SMAD7	1.0	A
SATB1	CD8B	1.0	A
RXRA	NOL7	1.0	A
TAL1	C3AR1	1.0	A
RXRA	HNF1A	1.0	A
RXRA	HSD17B2	1.0	A
SP1	COL7A1	1.0	A
MYC	ACTG1	1.0	A
MYC	CTSF	1.0	A
MYC	PSMG1	1.0	A
MYC	HNRNPA2B1	1.0	A
MYC	HNRNPA1	1.0	A
MYC	HMGN2	1.0	A
MYC	HMBS	1.0	A
MYC	MNX1	1.0	A
MYC	HINT1	1.0	A
MYC	ICAM1	1.0	A
MYC	GTF2H2	-1.0	A
MYC	GSTP1	1.0	A
MYC	GSK3B	1.0	A
MYC	CXCL2	1.0	A
MYC	GPR4	1.0	A
MYC	GLA	1.0	A
MYC	GAS8	1.0	A
MYC	GAPDH	1.0	A
MYC	GALT	1.0	A
MYC	FUT1	1.0	A
MYC	FXN	1.0	A
MYC	FPGS	1.0	A
MYC	FGFR4	1.0	A
MYC	FGF9	1.0	A
MYC	HOXD3	1.0	A
MYC	HOXD13	1.0	A
MYC	HSD11B2	1.0	A
MYC	HSPA8	1.0	A
MYC	MBD1	1.0	A
MYC	MAN2A2	1.0	A
MYC	MAGEA3	1.0	A
MYC	LTB	1.0	A
MYC	LTA4H	1.0	A
MYC	LMX1B	1.0	A
MYC	LMNA	1.0	A
MYC	LBR	1.0	A
MYC	STMN1	1.0	A
MYC	LAMB2	1.0	A
MYC	FECH	1.0	A
MYC	LAIR2	1.0	A
MYC	ISG20	1.0	A
MYC	IRF3	1.0	A
MYC	IRF2	1.0	A
MYC	ITGA6	-1.0	A
MYC	INSR	1.0	A
MYC	INSM1	1.0	A
MYC	IMPA2	1.0	A
MYC	IL13	1.0	A
MYC	IL11RA	1.0	A
MYC	HSPE1	1.0	A
MYC	LAIR1	1.0	A
MYC	FASN	1.0	A
MYC	FAH	1.0	A
MYC	ESD	1.0	A
MYC	CASP8	-1.0	A
MYC	ZFP36L1	-1.0	A
MYC	BRCA2	1.0	A
MYC	BMP4	1.0	A
MYC	BLK	1.0	A
MYC	BCL3	1.0	A
MYC	AVP	1.0	A
MYC	ATP6V1G2	1.0	A
MYC	ATP1A2	1.0	A
MYC	ASCL2	1.0	A
MYC	CASP9	1.0	A
MYC	ARSB	1.0	A
MYC	ARF4	1.0	A
MYC	ARF1	1.0	A
MYC	APP	1.0	A
MYC	APEX1	1.0	A
MYC	AMPD3	1.0	A
MYC	AMPD2	1.0	A
MYC	AMD1	1.0	A
MYC	ALDH9A1	-1.0	A
MYC	AHSG	1.0	A
MYC	ADCY9	1.0	A
MYC	RHOG	1.0	A
MYC	MCM7	1.0	A
MYC	CBS	1.0	A
MYC	CCNB1	1.0	A
MYC	EPHX1	1.0	A
MYC	EPB42	1.0	A
MYC	ELK1	1.0	A
MYC	EIF4EBP2	1.0	A
MYC	EIF4B	1.0	A
MYC	EIF4A1	1.0	A
MYC	EGR3	1.0	A
MYC	DKC1	1.0	A
MYC	DDX11	1.0	A
MYC	ACE	1.0	A
MYC	CCKBR	1.0	A
MYC	DCK	1.0	A
MYC	CST5	1.0	A
MYC	CRAT	1.0	A
MYC	COL4A1	1.0	A
MYC	CLCN6	1.0	A
MYC	CHRNB1	1.0	A
MYC	CEACAM5	1.0	A
MYC	CDC25C	1.0	A
MYC	CD79B	1.0	A
MYC	CD63	1.0	A
MYC	TNFRSF8	1.0	A
MYC	CSTB	1.0	A
MYC	EIF3C	1.0	A
MYC	MEIS2	1.0	A
MYC	MET	1.0	A
MYC	VAMP2	1.0	A
MYC	SURF6	1.0	A
MYC	STAT6	1.0	A
MYC	SRD5A1	1.0	A
MYC	SPAST	1.0	A
MYC	SNRPB2	1.0	A
MYC	SNRPB	1.0	A
MYC	SMN1	1.0	A
MYC	SLIT1	1.0	A
MYC	SLC4A2	1.0	A
MYC	SLC2A4	1.0	A
MYC	SLA	1.0	A
MYC	SIM2	1.0	A
MYC	RPS19	1.0	A
MYC	SLC19A1	1.0	A
MYC	RPS16	1.0	A
MYC	RPS15	1.0	A
MYC	RPS6	1.0	A
MYC	RPL27A	1.0	A
MYC	RPL27	1.0	A
MYC	RPL26	1.0	A
MYC	TCF12	1.0	A
MYC	TGFB1	1.0	A
MYC	TGFB2	1.0	A
MYC	TGFB3	1.0	A
MYC	YBX3	1.0	A
MYC	PEX3	1.0	A
MYC	UXT	1.0	A
MYC	H4C6	1.0	A
MYC	AKAP1	1.0	A
MYC	FXR1	1.0	A
MYC	FOSL1	1.0	A
MYC	MTERF1	1.0	A
MYC	SLBP	1.0	A
MYC	CSDE1	-1.0	A
MYC	RPL22	1.0	A
MYC	ZSCAN9	1.0	A
MYC	WNT10B	1.0	A
MYC	UROD	1.0	A
MYC	UCP3	1.0	A
MYC	UCP1	1.0	A
MYC	UBA52	1.0	A
MYC	TYMS	1.0	A
MYC	TXN	1.0	A
MYC	TPM2	1.0	A
MYC	TOP1	1.0	A
MYC	THBS4	1.0	A
MYC	ZNF146	1.0	A
MYC	RPL19	1.0	A
MYC	RPL10	1.0	A
MYC	RPL3	1.0	A
MYC	OCA2	1.0	A
MYC	NTN3	1.0	A
MYC	NTHL1	1.0	A
MYC	NRAS	1.0	A
MYC	NOTCH4	1.0	A
MYC	NIT1	1.0	A
MYC	NID1	1.0	A
MYC	NFKBIL1	1.0	A
MYC	NFIL3	1.0	A
MYC	NEFM	1.0	A
MYC	PDHA1	1.0	A
MYC	NAP1L1	1.0	A
MYC	MUC1	1.0	A
MYC	MTHFR	1.0	A
MYC	MTHFD1	1.0	A
MYC	MST1	-1.0	A
MYC	MSN	-1.0	A
MYC	MPO	1.0	A
MYC	MGST1	1.0	A
MYC	MELTF	1.0	A
MYC	MFAP1	1.0	A
MYC	METTL1	1.0	A
MYC	MYCL	1.0	A
MYC	MEN1	1.0	A
MYC	PER1	1.0	A
MYC	PHB1	1.0	A
MYC	RGS2	1.0	A
MYC	RFC2	1.0	A
MYC	RBBP4	1.0	A
MYC	RARB	-1.0	A
MYC	QDPR	1.0	A
MYC	PTGER2	1.0	A
MYC	PSMB1	1.0	A
MYC	PSEN2	1.0	A
MYC	PRTN3	1.0	A
MYC	KLK10	1.0	A
MYC	PEX14	1.0	A
MYC	PRKDC	1.0	A
MYC	PPP1R7	1.0	A
MYC	PPID	1.0	A
MYC	PPAT	1.0	A
MYC	POLD2	1.0	A
MYC	POLB	1.0	A
MYC	PLA2G4A	1.0	A
MYC	PKP1	1.0	A
MYC	PIK3C3	1.0	A
MYC	PIGF	1.0	A
MYC	SLC25A3	1.0	A
MYC	PTPA	-1.0	A
SOX9	RGR	1.0	A
TFAP2C	MMP2	1.0	A
TFDP1	CAV1	1.0	A
E2F4	SUV39H1	1.0	A
E2F4	STAM	1.0	A
E2F4	SS18L1	1.0	A
E2F4	SRSF8	1.0	A
E2F4	SRRM2	1.0	A
E2F4	SRPRA	1.0	A
E2F4	SMARCA4	1.0	A
E2F4	SLCO4A1	1.0	A
E2F4	SLC44A4	1.0	A
E2F4	SLC25A4	1.0	A
E2F4	SKP1	1.0	A
E2F4	SIRPA	1.0	A
E2F4	SH3BGR	1.0	A
E2F4	SAYSD1	1.0	A
E2F4	RPS6	1.0	A
E2F4	RPS4X	1.0	A
E2F4	RPS15	1.0	A
E2F4	RPL23A	1.0	A
E2F4	RFC2	1.0	A
E2F4	REL	1.0	A
E2F4	RAD54L	1.0	A
E2F4	TFAM	1.0	A
E2F4	TFRC	1.0	A
E2F4	THOP1	1.0	A
E2F4	TMPO	1.0	A
EGR1	FGF13	1.0	A
EGR1	FASN	1.0	A
EGR1	EPX	1.0	A
EGR1	CRABP2	1.0	A
EGR1	CEBPB	1.0	A
EGR1	CDK5	1.0	A
EGR1	CDH13	1.0	A
EGR1	CD9	1.0	A
EGR1	ANGPTL4	1.0	A
E2F6	DEPDC5	-1.0	A
E2F4	RABIF	1.0	A
E2F4	ZNF267	1.0	A
E2F4	VPS4A	1.0	A
E2F4	VHL	1.0	A
E2F4	VCP	1.0	A
E2F4	VARS2	1.0	A
E2F4	USP25	1.0	A
E2F4	UNG	1.0	A
E2F4	UMPS	1.0	A
E2F4	TSNAX	1.0	A
E2F4	TRAF2	1.0	A
E2F4	TOP2A	1.0	A
E2F4	YWHAH	1.0	A
EGR1	FGFR3	1.0	A
E2F4	PTGS2	1.0	A
E2F4	PRIM2	1.0	A
E2F4	ITGB3BP	1.0	A
E2F4	IKBKG	-1.0	A
E2F4	IFNAR2	1.0	A
E2F4	HNRNPD	1.0	A
E2F4	HMMR	1.0	A
E2F4	HMGB3	1.0	A
E2F4	HAGHL	1.0	A
E2F4	H2BC21	1.0	A
E2F4	H2AZ1	1.0	A
E2F4	GPANK1	1.0	A
E2F4	GNPTG	1.0	A
E2F4	GNAS	1.0	A
E2F4	GINS1	1.0	A
E2F4	GADD45A	1.0	A
E2F4	GABPA	1.0	A
E2F4	FST	1.0	A
E2F4	FANCC	1.0	A
E2F4	FAM210B	1.0	A
E2F4	EIF4H	1.0	A
E2F4	EIF2B2	1.0	A
E2F4	E2F8	1.0	A
E2F4	KATNAL1	-1.0	A
E2F4	KDM6A	1.0	A
E2F4	KLF10	1.0	A
E2F4	LGALS1	1.0	A
E2F4	PPIA	1.0	A
E2F4	POLR2D	1.0	A
E2F4	POLD2	1.0	A
E2F4	PLSCR1	1.0	A
E2F4	PLCG1	1.0	A
E2F4	PKN2	1.0	A
E2F4	PIM2	1.0	A
E2F4	PIGQ	1.0	A
E2F4	PDXP	1.0	A
E2F4	PDXK	1.0	A
E2F4	PRKCSH	1.0	A
E2F4	PCLAF	-1.0	A
E2F4	OGFR	1.0	A
E2F4	NXT1	1.0	A
E2F4	NFKB2	1.0	A
E2F4	NCL	1.0	A
E2F4	MYCL	1.0	A
E2F4	MSH2	1.0	A
E2F4	MCM6	1.0	A
E2F4	MBP	1.0	A
E2F4	MAPRE1	1.0	A
E2F4	LUC7L	-1.0	A
E2F4	ORC1	1.0	A
EGR1	FOSL1	1.0	A
EGR1	KCNH8	1.0	A
EGR1	SLC1A4	1.0	A
ETS1	SURF1	1.0	A
ETS1	SMAD4	1.0	A
ETS1	SLC19A1	1.0	A
ETS1	POR	1.0	A
ETS1	POLD1	1.0	A
ETS1	PCSK6	1.0	A
ETS1	OAS2	1.0	A
ETS1	NFKB1	1.0	A
ETS1	MGAT5B	1.0	A
ETS1	LTF	1.0	A
ETS1	ITGA4	1.0	A
ETS1	IL12B	1.0	A
ETS1	IER5	1.0	A
HIF1A	ETS1	1.0	A
ETS1	GZMB	1.0	A
ETS1	GABPA	1.0	A
ETS1	FOSL1	1.0	A
ETS1	EGR2	1.0	A
ETS1	DAD1	1.0	A
ETS1	COPS2	1.0	A
ETS1	CIP2A	1.0	A
ETS1	TCEAL1	1.0	A
ETS1	TNFRSF10A	1.0	A
ETS1	TNFRSF10B	1.0	A
ETS1	TOM1	1.0	A
FOS	STIM1	1.0	A
FOS	RUNX2	1.0	A
FOS	PPARD	1.0	A
FOS	PLA2G4A	1.0	A
FOS	PDGFB	1.0	A
FOS	NOS1	1.0	A
FOS	MMP2	1.0	A
FOS	ITGA5	1.0	A
FOS	IL4R	1.0	A
FOS	IL12A	1.0	A
ETS1	CDKN1B	1.0	A
FOS	HSPA1A	1.0	A
FOS	GATA3	1.0	A
FOS	FASLG	1.0	A
FOS	CTSL	1.0	A
FOS	BCL2L11	1.0	A
FLI1	FOS	1.0	A
ETS2	FOSL1	1.0	A
ETS2	FOS	1.0	A
ETS1	VEGFA	1.0	A
ETS1	TTYH3	1.0	A
ETS1	TRA	1.0	A
FOS	HLA-DRA	1.0	A
ETS1	CDK4	1.0	A
ETS1	CDH13	1.0	A
ETS1	CDC37	1.0	A
ESR1	CRYZ	1.0	A
ESR1	B4GALNT2	1.0	A
ESR1	AXIN2	1.0	A
ESR1	ATP2B4	1.0	A
ESR1	ATP2B2	1.0	A
ESR1	ATP2B1	1.0	A
ESR1	ANGPTL4	1.0	A
ERG	MMP9	1.0	A
ESR1	ERG	1.0	A
EPAS1	SLC11A2	1.0	A
ESR1	EBAG9	1.0	A
ELK1	VIL1	1.0	A
ELK1	MMP13	1.0	A
ELK1	MDM4	1.0	A
ELK1	LY96	1.0	A
ELK1	JUNB	1.0	A
ELK1	IER2	1.0	A
ELK1	F2	1.0	A
ELK1	CDKN1B	1.0	A
ELK1	ACTA2	1.0	A
EGR1	TPO	1.0	A
EGR1	SOS1	1.0	A
ELK1	SLU7	1.0	A
E2F4	DUT	1.0	A
ESR1	GADD45G	1.0	A
ESR1	KRT18	1.0	A
ETS1	CD53	1.0	A
ETS1	CD5	1.0	A
ETS1	BIRC2	1.0	A
ETS1	BID	1.0	A
ETS1	B3GAT3	1.0	A
ETS1	ATP5F1B	1.0	A
ETS1	ASAP1	1.0	A
ETS1	ABCC1	1.0	A
ESR2	TMSB4X	1.0	A
ESR2	IL1RAP	1.0	A
ESR1	ITGB1	1.0	A
ESR2	EBAG9	1.0	A
ESR1	WNT7A	1.0	A
ESR1	SMARCA2	1.0	A
ESR1	SLC8A3	1.0	A
ESR1	SLC8A2	1.0	A
ESR1	SLC8A1	1.0	A
ESR1	REN	1.0	A
ESR1	PSG1	1.0	A
ESR1	PPARD	1.0	A
ESR1	NOL3	1.0	A
ESR1	KRT37	1.0	A
ESR2	COLEC12	1.0	A
E2F4	DERL2	1.0	A
E2F4	DBF4	1.0	A
E2F4	CUTC	1.0	A
E2F1	GPR158	1.0	A
E2F1	GNL3	1.0	A
E2F1	GATA3	1.0	A
E2F1	GALC	1.0	A
E2F1	FOXA2	1.0	A
E2F1	FH	1.0	A
E2F1	FAM184A	1.0	A
E2F1	ERCC8	1.0	A
E2F1	ENPEP	1.0	A
E2F1	EIF3A	1.0	A
E2F1	EGFR	1.0	A
E2F1	DYNC1I2	1.0	A
E2F1	DPF2	1.0	A
E2F1	DIRAS2	1.0	A
E2F1	DDIT4	1.0	A
E2F1	DCLRE1C	1.0	A
E2F1	CUL5	1.0	A
E2F1	CSRNP3	1.0	A
E2F1	COX15	1.0	A
E2F1	COQ2	1.0	A
E2F1	CNIH4	1.0	A
E2F1	GRIK5	1.0	A
E2F1	HAT1	1.0	A
E2F1	HBA1	1.0	A
E2F1	HERPUD1	1.0	A
E2F1	MAP2K6	1.0	A
E2F1	LYPLAL1	1.0	A
E2F1	LMO1	1.0	A
E2F1	LINGO1	1.0	A
E2F1	KRT75	1.0	A
E2F1	KLF10	1.0	A
E2F1	KIF24	1.0	A
E2F1	KDM4C	1.0	A
E2F1	KCNK10	1.0	A
E2F1	KCNJ2	1.0	A
E2F1	CLDN5	1.0	A
E2F1	KCNJ16	1.0	A
E2F1	JPH2	1.0	A
E2F1	ITGAL	1.0	A
E2F1	IRF4	1.0	A
E2F1	IQCK	1.0	A
E2F1	IL12RB1	1.0	A
E2F1	IFT80	1.0	A
E2F1	IER3	1.0	A
E2F1	HSPD1	1.0	A
E2F1	HIVEP1	1.0	A
E2F1	HFE	1.0	A
E2F1	KCNG4	1.0	A
E2F1	CLDN23	1.0	A
E2F1	CLASP2	1.0	A
E2F1	CHKA	1.0	A
CTCF	ZNF462	-1.0	A
CTCF	TRO	-1.0	A
CTCF	TBC1D14	1.0	A
CTCF	STAB2	-1.0	A
CTCF	S100Z	-1.0	A
CTCF	RBMS3	-1.0	A
CTCF	RBM39	-1.0	A
CTCF	PRNT	-1.0	A
CTCF	PAGE4	-1.0	A
CTCF	NT5C3A	-1.0	A
CTCF	ZNF763	-1.0	A
CTCF	NPC1	-1.0	A
CTCF	HAUS7	-1.0	A
CTCF	GPR156	-1.0	A
CTCF	ESRP2	-1.0	A
CTCF	EPX	1.0	A
CTCF	DEFB123	1.0	A
CTCF	CT45A5	1.0	A
CTCF	COMMD2	-1.0	A
CTCF	BCL2L14	-1.0	A
CTCF	BATF2	1.0	A
CTCF	ATN1	1.0	A
CTCF	MMP10	-1.0	A
E2F1	MAP3K14	1.0	A
CTCF	ZNHIT2	-1.0	A
E2F1	ABCA1	1.0	A
E2F1	CELF1	1.0	A
E2F1	CDH5	1.0	A
E2F1	CDH20	1.0	A
E2F1	CD72	1.0	A
E2F1	CCDC7	1.0	A
E2F1	CBS	1.0	A
E2F1	CASR	1.0	A
E2F1	BRD2	1.0	A
E2F1	BLVRA	1.0	A
E2F1	BHLHE40	1.0	A
E2F1	AARS1	1.0	A
E2F1	BDH1	1.0	A
E2F1	ARMC8	1.0	A
E2F1	ARL10	1.0	A
E2F1	ARHGEF17	1.0	A
E2F1	ANKRD16	1.0	A
E2F1	AMPD3	1.0	A
E2F1	ALOX5AP	1.0	A
E2F1	AK3	1.0	A
E2F1	ADH6	1.0	A
E2F1	ACTR2	1.0	A
E2F1	ACSL1	1.0	A
E2F1	ASCC2	1.0	A
FOS	UBP1	1.0	A
E2F1	MCM9	1.0	A
E2F1	MEMO1	1.0	A
E2F1	UBP1	1.0	A
E2F1	UBN1	1.0	A
E2F1	TXNDC15	1.0	A
E2F1	TSNARE1	1.0	A
E2F1	TRPM2	1.0	A
E2F1	TRIT1	1.0	A
E2F1	TRERF1	1.0	A
E2F1	TOR1B	1.0	A
E2F1	TMEM47	1.0	A
E2F1	TMEM132A	1.0	A
E2F1	TMCO5A	1.0	A
E2F1	TMBIM1	1.0	A
E2F1	THOC5	1.0	A
E2F1	TBC1D16	1.0	A
E2F1	TAF5L	1.0	A
E2F1	SYNE2	1.0	A
E2F1	SUCLG1	1.0	A
E2F1	STX11	1.0	A
E2F1	STAM	1.0	A
E2F1	ST13	1.0	A
E2F1	SSTR1	1.0	A
E2F1	UTRN	1.0	A
E2F1	VCP	1.0	A
E2F1	VMP1	1.0	A
E2F1	VPS35L	1.0	A
E2F4	CTH	1.0	A
E2F4	CSE1L	1.0	A
E2F4	CREG1	1.0	A
E2F4	CIB2	1.0	A
E2F4	CENPE	1.0	A
E2F4	CDC45	1.0	A
E2F4	CDC37L1	1.0	A
E2F4	CAV1	1.0	A
E2F4	CALR	1.0	A
E2F4	BCL11A	1.0	A
E2F1	SPOCK1	1.0	A
E2F4	BACH1	1.0	A
E2F4	ANTKMT	1.0	A
E2F4	ANLN	1.0	A
E2F4	ALDH5A1	1.0	A
E2F4	ACTR5	1.0	A
E2F1	ZNF654	1.0	A
E2F1	ZNF616	1.0	A
E2F1	ZNF292	1.0	A
E2F1	ZMYM2	1.0	A
E2F1	YME1L1	1.0	A
E2F1	WDR25	1.0	A
E2F4	APRT	1.0	A
E2F1	SP110	1.0	A
E2F1	SOCS2	1.0	A
E2F1	SNTB2	1.0	A
E2F1	PIK3R5	1.0	A
E2F1	PIGU	1.0	A
E2F1	PHLDB1	1.0	A
E2F1	PEG3	1.0	A
E2F1	PDXK	1.0	A
E2F1	PCBD2	1.0	A
E2F1	PAX2	1.0	A
E2F1	PALD1	1.0	A
E2F1	OSR1	1.0	A
E2F1	OCA2	1.0	A
E2F1	PLAUR	1.0	A
E2F1	NTNG2	1.0	A
E2F1	NEK4	1.0	A
E2F1	NDUFAF6	1.0	A
E2F1	NDUFAB1	1.0	A
E2F1	NDC1	1.0	A
E2F1	MXI1	1.0	A
E2F1	MT1X	1.0	A
E2F1	MRAS	1.0	A
E2F1	MPST	1.0	A
E2F1	MPPED2	1.0	A
E2F1	MIPEP	1.0	A
E2F1	NLRP5	1.0	A
E2F1	MCMDC2	1.0	A
E2F1	PLEKHB1	1.0	A
E2F1	POLR3A	1.0	A
E2F1	SLX4	1.0	A
E2F1	SLC6A19	1.0	A
E2F1	SLC35G1	1.0	A
E2F1	SLC35F3	1.0	A
E2F1	SLC14A2	1.0	A
E2F1	SEZ6L2	1.0	A
E2F1	SEPHS1	1.0	A
E2F1	SCN8A	1.0	A
E2F1	SCARF1	1.0	A
E2F1	RXRG	1.0	A
E2F1	PLEKHF2	1.0	A
E2F1	RTN4	1.0	A
E2F1	RFC2	1.0	A
E2F1	RASSF8	1.0	A
E2F1	RALGDS	1.0	A
E2F1	RAD18	1.0	A
E2F1	RAB40C	1.0	A
E2F1	PRKDC	1.0	A
E2F1	PRIM2	1.0	A
E2F1	PRDM1	1.0	A
E2F1	PPP2R2D	1.0	A
E2F1	POU2AF1	1.0	A
E2F1	RNF128	1.0	A
FOS	VDR	1.0	A
FOXA1	APOA1	1.0	A
FOXA1	CYP7A1	1.0	A
STAT1	ZNF184	1.0	A
STAT1	ZNF175	1.0	A
STAT1	ZNF169	1.0	A
STAT1	ZNF157	1.0	A
STAT1	ZNF155	1.0	A
STAT1	ZNF140	1.0	A
STAT1	ZNF124	1.0	A
STAT1	ZNF12	1.0	A
STAT1	ZNF114	1.0	A
STAT1	ZNF112	1.0	A
STAT1	ZNF107	1.0	A
STAT1	ZFP30	1.0	A
STAT1	ZFP1	1.0	A
STAT1	WARS1	1.0	A
STAT1	VEGFD	1.0	A
STAT1	VEGFC	1.0	A
STAT1	VEGFA	1.0	A
STAT1	TNFRSF8	1.0	A
STAT1	TH	1.0	A
STAT1	TFF1	1.0	A
STAT1	SOCS7	1.0	A
STAT1	ZNF19	1.0	A
STAT1	ZNF200	1.0	A
STAT1	ZNF205	1.0	A
STAT1	ZNF222	1.0	A
STAT1	ZNF417	1.0	A
STAT1	ZNF41	1.0	A
STAT1	ZNF398	1.0	A
STAT1	ZNF367	-1.0	A
STAT1	ZNF354A	1.0	A
STAT1	ZNF343	1.0	A
STAT1	ZNF33B	1.0	A
STAT1	ZNF337	1.0	A
STAT1	ZNF333	1.0	A
STAT1	ZNF331	1.0	A
STAT1	SOCS6	1.0	A
STAT1	ZNF311	1.0	A
STAT1	ZNF273	1.0	A
STAT1	ZNF268	1.0	A
STAT1	ZNF267	1.0	A
STAT1	ZNF254	1.0	A
STAT1	ZNF251	1.0	A
STAT1	ZNF25	1.0	A
STAT1	ZNF235	1.0	A
STAT1	ZNF23	1.0	A
STAT1	ZNF227	1.0	A
STAT1	ZNF226	1.0	A
STAT1	ZNF282	1.0	A
STAT1	SOCS5	1.0	A
STAT1	SOCS4	1.0	A
STAT1	SLC2A2	1.0	A
STAT1	HLA-DMA	1.0	A
STAT1	HCFC1	-1.0	A
STAT1	GCK	1.0	A
STAT1	FCGR3A	1.0	A
STAT1	ESR2	1.0	A
STAT1	ELF5	1.0	A
STAT1	EIF2AK3	1.0	A
STAT1	EIF2AK1	1.0	A
STAT1	DUOX2	1.0	A
STAT1	CYP19A1	1.0	A
STAT1	HLA-DMB	1.0	A
STAT1	COL1A1	1.0	A
STAT1	CISH	1.0	A
STAT1	CDC7	-1.0	A
STAT1	CCR5	1.0	A
STAT1	CCND3	1.0	A
STAT1	CCND2	1.0	A
STAT1	BCL2	1.0	A
STAT1	B3GAT3	1.0	A
STAT1	APOL4	1.0	A
STAT1	APOE	1.0	A
STAT1	AOX1	1.0	A
STAT1	CLC	1.0	A
STAT1	ZNF418	1.0	A
STAT1	HLA-DQA2	1.0	A
STAT1	IFITM3	1.0	A
STAT1	RPS24	-1.0	A
STAT1	RNF213	1.0	A
STAT1	RIPK1	1.0	A
STAT1	REV3L	1.0	A
STAT1	RBAK	1.0	A
STAT1	PTTG1IP	1.0	A
STAT1	PTGFR	1.0	A
STAT1	PROS1	1.0	A
STAT1	PLAU	1.0	A
STAT1	PARP14	1.0	A
STAT1	HLA-DRB1	1.0	A
STAT1	OASL	1.0	A
STAT1	OAS2	1.0	A
STAT1	NAA35	-1.0	A
STAT1	MYC	1.0	A
STAT1	MAT2A	1.0	A
STAT1	JUNB	1.0	A
STAT1	IL17D	1.0	A
STAT1	IL12RB2	1.0	A
STAT1	IL12RB1	1.0	A
STAT1	IGFBP3	1.0	A
STAT1	IGF1	1.0	A
STAT1	OAS3	1.0	A
STAT1	AGFG2	-1.0	A
STAT1	ZNF419	1.0	A
STAT1	ZNF460	1.0	A
TP53	UBE2L3	1.0	A
TP53	TSC2	1.0	A
TP53	TENT4A	1.0	A
TP53	TBC1D31	1.0	A
TP53	TAP1	1.0	A
TP53	SYK	1.0	A
TP53	SMPD3	1.0	A
TP53	SCN3B	1.0	A
TP53	RPS27L	1.0	A
TP53	RHOA	1.0	A
TP53	RABGGTA	1.0	A
TP53	PLK2	1.0	A
TP53	NINJ1	1.0	A
TP53	LIG1	1.0	A
TP53	JAK2	1.0	A
TP53	IL1B	1.0	A
TP53	GHR	1.0	A
TP53	GADD45G	1.0	A
TP53	FBLN2	1.0	A
TP53	FBLN1	1.0	A
TP53	CYP24A1	1.0	A
TWIST1	CD24	1.0	A
TWIST1	CLDN7	1.0	A
TWIST1	MDM2	1.0	A
VDR	ELL	1.0	A
YY1	TTC17	-1.0	A
YY1	SRP68	-1.0	A
YY1	SPNS1	-1.0	A
YY1	SNX27	-1.0	A
YY1	RPRD2	-1.0	A
YY1	RAVER1	-1.0	A
YY1	RANBP10	-1.0	A
YY1	PSMD8	-1.0	A
YY1	PPP2R1A	-1.0	A
YY1	PBDC1	-1.0	A
TP53	CDH13	1.0	A
YY1	MRPS18B	-1.0	A
YY1	MKLN1	-1.0	A
YY1	MICU2	-1.0	A
YY1	KAT6A	-1.0	A
YY1	IRAK1	-1.0	A
YY1	HNRNPL	-1.0	A
YY1	DNAJA3	-1.0	A
YY1	CEP43	-1.0	A
YY1	ATP13A1	-1.0	A
YY1	AFG1L	-1.0	A
VDR	PTK2B	1.0	A
YY1	MRPS10	-1.0	A
TP53	BTG1	1.0	A
TP53	BIRC8	1.0	A
TP53	BCL2L14	1.0	A
STAT1	ZNF764	1.0	A
STAT1	ZNF746	1.0	A
STAT1	ZNF721	1.0	A
STAT1	ZNF713	1.0	A
STAT1	ZNF689	1.0	A
STAT1	ZNF680	1.0	A
STAT1	ZNF670	1.0	A
STAT1	ZNF669	1.0	A
STAT1	ZNF630	1.0	A
STAT1	ZNF619	1.0	A
STAT1	ZNF777	1.0	A
STAT1	ZNF613	1.0	A
STAT1	ZNF596	1.0	A
STAT1	ZNF589	1.0	A
STAT1	ZNF585A	1.0	A
STAT1	ZNF567	1.0	A
STAT1	ZNF550	1.0	A
STAT1	ZNF546	1.0	A
STAT1	ZNF529	1.0	A
STAT1	ZNF519	1.0	A
STAT1	ZNF510	1.0	A
STAT1	ZNF490	1.0	A
STAT1	ZNF599	1.0	A
STAT1	ZNF425	1.0	A
STAT1	ZNF778	1.0	A
STAT1	ZNF786	1.0	A
TP53	ALDH1A3	1.0	A
TP53	ACTA2	1.0	A
TFAP2C	MYC	1.0	A
TCF7	AXIN2	1.0	A
TAL1	ELMO1	1.0	A
TAL1	DOCK9	1.0	A
TAL1	CDH13	1.0	A
STAT5B	PIM1	1.0	A
STAT5B	CCND3	1.0	A
STAT3	RORA	1.0	A
STAT1	ZNF782	1.0	A
STAT3	REG1A	1.0	A
STAT2	OAS2	1.0	A
STAT2	MX1	1.0	A
STAT2	BST2	1.0	A
STAT1	ZNF879	1.0	A
STAT1	ZNF878	1.0	A
STAT1	ZNF875	1.0	A
STAT1	ZNF860	1.0	A
STAT1	ZNF81	1.0	A
STAT1	ZNF8	1.0	A
STAT1	ZNF84	1.0	A
STAT3	IGF1	1.0	A
CTCF	ARL2	-1.0	A
SPI1	VIP	1.0	A
SPI1	REL	1.0	A
HIF1A	ERCC6	1.0	A
HIF1A	ENG	1.0	A
HIF1A	COX4I2	1.0	A
HIF1A	ADAM17	1.0	A
HIF1A	ABCG2	1.0	A
GATA3	TFF1	1.0	A
GATA3	SH3KBP1	1.0	A
PAX8	GATA3	1.0	A
GATA3	MDM2	1.0	A
GATA3	MAF	1.0	A
GATA3	IL4R	1.0	A
GATA3	IL2RA	1.0	A
GATA3	FN1	1.0	A
GATA2	TGFB2	-1.0	A
GATA2	SGK1	-1.0	A
GATA2	PNPLA8	-1.0	A
GATA2	GULP1	-1.0	A
GATA2	ELMO1	1.0	A
GATA2	EFCAB2	-1.0	A
GATA2	CCM2	-1.0	A
GATA2	ACKR1	1.0	A
HIF1A	FHL1	1.0	A
HIF1A	GFPT1	1.0	A
HIF1A	GPX3	1.0	A
HIF1A	HK1	1.0	A
HNF4A	BPHL	1.0	A
HNF4A	ANK3	1.0	A
HNF4A	ALDH6A1	1.0	A
HNF4A	ADAMTS1	1.0	A
HNF4A	ACOT13	1.0	A
HIF1A	VEGFD	1.0	A
HIF1A	SLC16A4	1.0	A
HIF1A	RNF7	1.0	A
HIF1A	PPIA	1.0	A
HIF1A	POLI	1.0	A
FOXP1	TCF4	1.0	A
HIF1A	PLA2G4A	1.0	A
HIF1A	NTRK1	1.0	A
HIF1A	NTN1	1.0	A
HIF1A	NR4A3	1.0	A
HIF1A	NOS3	1.0	A
HIF1A	MUC5AC	1.0	A
HIF1A	MMP14	1.0	A
HIF1A	ITGB1	1.0	A
HIF1A	ILK	1.0	A
HIF1A	IGFBP1	1.0	A
HIF1A	HMGCR	1.0	A
HIF1A	PFKP	1.0	A
FOXP1	CDKN1A	1.0	A
FOXO4	SPRY2	1.0	A
FOXO4	SCP2	1.0	A
FOXL2	IFNL1	1.0	A
FOXL2	IER3	1.0	A
FOXL2	FOS	1.0	A
FOXL2	CXCL3	1.0	A
FOXL2	CXCL2	1.0	A
FOXL2	CH25H	1.0	A
FOXL2	CCL3L1	1.0	A
FOXL2	CCL3	1.0	A
FOXL2	CCL20	1.0	A
FOXL2	BCL2A1	1.0	A
FOXL2	IL11	1.0	A
FOXL2	ATF3	1.0	A
FOXA3	CYP2C9	1.0	A
FOXA3	CYP2C8	1.0	A
FOXA3	CYP2C19	1.0	A
FOXA2	MUC4	1.0	A
FOXA2	G6PC1	1.0	A
FOXA2	CYP7A1	1.0	A
FOXA1	MUC4	1.0	A
FOXA1	KLK3	1.0	A
FOXA1	G6PC1	1.0	A
FOXA1	ERBB3	1.0	A
FOXL2	AMH	1.0	A
HNF4A	CLDN4	1.0	A
FOXL2	NR5A2	1.0	A
FOXL2	TNFAIP3	1.0	A
FOXO4	PCK2	1.0	A
FOXO4	G6PC1	1.0	A
FOXO4	CDKN1A	1.0	A
FOXO3	G6PC1	1.0	A
FOXO3	DUSP6	1.0	A
FOXO3	DUSP5	1.0	A
FOXO1	SCP2	1.0	A
FOXO1	EIF4EBP1	1.0	A
FOXO1	ALPI	1.0	A
FOXM1	SKP2	1.0	A
FOXL2	PPARGC1A	1.0	A
FOXM1	PECAM1	1.0	A
FOXM1	LAMA2	1.0	A
FOXM1	ITGB1	1.0	A
FOXM1	FOS	1.0	A
FOXM1	CKS1B	1.0	A
FOXM1	CENPF	1.0	A
FOXM1	CENPB	1.0	A
FOXM1	CENPA	1.0	A
FOXM1	CDX2	1.0	A
FOXM1	CDK1	1.0	A
FOXM1	CCND2	1.0	A
FOXM1	ONECUT1	1.0	A
SPI1	TBXAS1	1.0	A
HNF4A	CYP26A1	1.0	A
HNF4A	EFHD1	1.0	A
RXRA	NR1H3	1.0	A
RUNX1	SMAD3	1.0	A
RUNX1	RORC	1.0	A
RUNX1	HIVEP3	1.0	A
RUNX1	FYB1	1.0	A
RUNX1	ARHGAP10	1.0	A
RFX5	CD74	1.0	A
RELB	TNFAIP3	1.0	A
RARG	HAS2	1.0	A
RARB	RXRG	1.0	A
RARA	PLAAT4	1.0	A
RARA	IER3	1.0	A
RARA	HOXB4	1.0	A
RARA	HOXA7	1.0	A
PPARG	CYP27A1	1.0	A
PPARD	CPT1B	1.0	A
PPARA	MYC	1.0	A
PPARA	MMP12	1.0	A
PPARA	HMGCS1	1.0	A
PPARA	ACOX2	1.0	A
POU2F2	TRA	1.0	A
SOX10	ASCL1	1.0	A
SOX10	PDGFRA	1.0	A
SOX10	PLP1	1.0	A
SOX10	SOX6	1.0	A
SPI1	PTPRE	1.0	A
SPI1	PDGFRB	1.0	A
SPI1	MCM3AP	1.0	A
SPI1	LCP2	1.0	A
SPI1	KCNMA1	1.0	A
SPI1	ITGB1	1.0	A
SPI1	IL5RA	1.0	A
SPI1	FPR1	-1.0	A
SPI1	FLII	1.0	A
SPI1	ERG	1.0	A
POU2F1	TSC22D3	1.0	A
SPI1	CXCR2	1.0	A
SPI1	CD58	1.0	A
SPI1	CD53	1.0	A
SPI1	CD47	1.0	A
SPI1	B2M	1.0	A
SPI1	APBB1IP	1.0	A
SP3	CDKN2D	1.0	A
SP1	TNNC1	1.0	A
SP1	CDKN2D	1.0	A
SOX8	CLDN23	1.0	A
SOX2	DLGAP1	1.0	A
SPI1	CREBBP	1.0	A
POU2F1	TRA	1.0	A
POU2F1	MYC	1.0	A
POU2F1	H2BC21	1.0	A
LHX4	PRL	1.0	A
LHX4	FSHB	1.0	A
LHX3	TSHB	1.0	A
KMT2A	HOXC8	1.0	A
KMT2A	HOXA13	1.0	A
KMT2A	HOXA11	1.0	A
KMT2A	HOXA10	1.0	A
KMT2A	HOXA1	1.0	A
KMT2A	FOXC2	1.0	A
KMT2A	FOXC1	1.0	A
LHX4	TSHB	1.0	A
JUN	IER5	1.0	A
HNF4G	SERPINA1	1.0	A
HNF4A	UGT1A6	1.0	A
HNF4A	TGFA	1.0	A
HNF4A	TASP1	1.0	A
HNF4A	PCK2	1.0	A
HNF4A	NELL2	1.0	A
HNF4A	MME	1.0	A
HNF4A	G6PC3	1.0	A
HNF4A	EPS15L1	1.0	A
HNF4A	EPHX2	1.0	A
IRF1	IL5	1.0	A
HNF4A	DSC2	1.0	A
MAX	NPRL3	-1.0	A
MITF	ITPR1	1.0	A
PAX6	NECAB2	1.0	A
NR2F2	TF	1.0	A
NR2F2	PENK	1.0	A
NR2F2	MYOG	1.0	A
NR2F2	MYH6	1.0	A
NR2F2	F9	1.0	A
NR2F2	APOC2	1.0	A
NR2F2	ACTA1	1.0	A
NR2E1	PLCE1	-1.0	A
NR2E1	PAX2	-1.0	A
MEF2C	KLF2	1.0	A
NFKB1	VEGFC	1.0	A
NFKB1	GADD45A	1.0	A
NFKB1	BRCA1	1.0	A
NFIC	TP53	1.0	A
MYC	PKM	1.0	A
NFIC	MYC	1.0	A
MYC	CLUH	1.0	A
MYC	ATAD3B	1.0	A
MITF	TBC1D1	1.0	A
MITF	STARD13	1.0	A
MITF	MAPRE2	1.0	A
NFKB1	IL5	1.0	A
CTCF	ALDH1A3	-1.0	A
CTCF	AKT1	-1.0	A
CTCF	ACTR3	-1.0	A
E2F2	PLK1	1.0	A
E2F2	MCM7	1.0	A
E2F2	MCM6	1.0	A
E2F2	MCM10	1.0	A
E2F4	JUN	1.0	A
E2F2	E2F1	1.0	A
E2F2	CDT1	1.0	A
E2F2	CDCA4	1.0	A
E2F2	ASF1B	1.0	A
MITF	GPR143	1.0	A
MITF	APEX1	1.0	A
E2F6	RBBP8	-1.0	A
FOXO4	IGFBP1	1.0	A
FOXO4	RBL2	1.0	A
FOXO4	PPARGC1A	1.0	A
ETS1	PTPA	1.0	A
ETS1	LCP1	1.0	A
ETS1	ZNF175	1.0	A
ETS1	RUNX1	1.0	A
ETS1	GP5	1.0	A
ETS1	FAS	1.0	A
E2F2	PLK4	1.0	A
E2F3	MCM5	1.0	A
E2F3	MCM6	1.0	A
E2F3	MCM7	1.0	A
STAT1	IFI6	1.0	A
STAT1	EIF2AK2	1.0	A
STAT1	ADAR	1.0	A
STAT1	PRF1	1.0	A
STAT1	IL6ST	1.0	A
STAT1	BCL6	1.0	A
TCF7	LEF1	1.0	A
TCF7	BIRC5	1.0	A
TCF7	BCL2	1.0	A
E2F4	TOP1	1.0	A
ETS1	COX4I1	1.0	A
E2F4	RBL1	1.0	A
E2F4	CALM1	1.0	A
E2F4	TK1	1.0	A
E2F4	POLD1	1.0	A
E2F4	NPAT	1.0	A
E2F4	MCM7	1.0	A
E2F4	MCM5	1.0	A
E2F4	GMNN	1.0	A
E2F4	CDT1	1.0	A
E2F4	CDKN2C	1.0	A
E2F4	ASF1B	1.0	A
E2F4	CKS2	1.0	A
ETS1	CDK11A	1.0	A
ETS1	CD3D	1.0	A
ETS1	CASP8	1.0	A
E2F1	MCM10	1.0	A
E2F1	MAPK1	1.0	A
E2F1	MAP1LC3B	1.0	A
E2F1	JUN	1.0	A
E2F1	H2AC16	1.0	A
E2F1	HELLS	1.0	A
E2F1	GMNN	1.0	A
E2F1	FBXO5	1.0	A
E2F1	FBXO43	1.0	A
E2F1	FANCD2	1.0	A
E2F1	MCM6	1.0	A
E2F1	YBX3	1.0	A
E2F1	CDC45	1.0	A
E2F1	CDC25A	1.0	A
E2F1	B4GALT1	1.0	A
E2F1	AXIN2	1.0	A
E2F1	ATG10	1.0	A
YY1	ADA	1.0	A
YY1	PTPA	1.0	A
NFYA	ACTB	1.0	A
NFYA	FDPS	1.0	A
JUN	TFPI2	1.0	A
E2F1	CDT1	1.0	A
STAT1	IFIT1	1.0	A
E2F1	MCM7	1.0	A
E2F1	POLD1	1.0	A
STAT5B	PRF1	1.0	A
STAT5B	OSM	1.0	A
STAT5B	MUC1	1.0	A
STAT5B	IL6ST	1.0	A
STAT5B	IL2RA	1.0	A
STAT5A	MYD88	1.0	A
STAT5A	MUC1	1.0	A
STAT5A	LONP1	1.0	A
STAT5A	IL6ST	1.0	A
FOXO3	RBL2	1.0	A
E2F1	POLA1	1.0	A
FOXO3	PINK1	1.0	A
FOXO3	JAK1	1.0	A
FOXO3	HBP1	1.0	A
FOXO3	CDKN2D	1.0	A
FOXO3	CBLB	1.0	A
FOXO3	BNIP3L	1.0	A
E2F1	POLA2	1.0	A
E2F1	ZEB1	1.0	A
E2F1	TOP1	1.0	A
E2F1	TK1	1.0	A
E2F1	POLE2	1.0	A
FOXO3	KLF4	1.0	A
JUN	PTX3	1.0	A
STAT1	IFITM1	1.0	A
STAT1	ISG20	1.0	A
TFAP2C	FOXC1	1.0	A
TFAP2C	FOXA1	1.0	A
STAT1	GREB1	1.0	A
RARA	HOXA1	1.0	A
HIF1A	ANKRD37	1.0	A
GATA3	ZNF217	1.0	A
GATA3	VAPB	1.0	A
GATA3	NCOA3	1.0	A
GATA3	KMT2E	1.0	A
GATA3	GREB1	1.0	A
GATA3	BCAS3	1.0	A
FOXA1	FOXC1	1.0	A
FOS	GREB1	1.0	A
ESR1	ZMYND8	1.0	A
ESR1	TNIP1	1.0	A
ESR1	NFIB	1.0	A
ESR1	FOXC1	1.0	A
ELK1	NR4A1	1.0	A
ETS1	BCL2	1.0	A
SPI1	CD33	1.0	A
TBP	PMF1	1.0	A
TFAP2C	FREM2	1.0	A
HIF1A	KDM4B	1.0	A
PAX6	POU5F1	1.0	A
TP53	MLH1	1.0	A
FOXM1	CDC25C	-1.0	A
FOXL2	PTGS2	-1.0	A
ETS1	ITGA5	1.0	A
ETS1	ETS2	1.0	A
ESR1	CAV2	1.0	A
ESR1	TNFRSF11B	1.0	A
EGR1	TIMP3	1.0	A
EGR1	TIMP2	1.0	A
E2F4	MCM8	1.0	A
E2F4	E2F2	1.0	A
SRF	ACTC1	1.0	A
E2F1	EGF	1.0	A
CEBPA	FASN	1.0	A
CEBPA	EDN1	-1.0	A
E2F1	TGFB2	1.0	A
STAT1	CX3CL1	1.0	A
RELA	CXCL3	1.0	A
BMAL1	NR1D2	1.0	A
STAT1	IL12B	1.0	A
SPI1	EGR2	1.0	A
PAX6	NANOG	1.0	A
TP53	PMS2	1.0	A
CREB1	PDYN	1.0	A
NFYB	ACTB	1.0	A
NFIA	TP53	1.0	A
NFIA	ALDOA	1.0	A
ESR1	PPARG	-1.0	A
SPI1	TAL1	-1.0	A
SPI1	PPBP	1.0	A
SPI1	NCF1	1.0	A
SPI1	CTSE	1.0	A
HBP1	RUNX1	1.0	A
ATF6	SEL1L	1.0	A
ATF6	HSP90B1	1.0	A
ATF6	CALR	1.0	A
AR	SNAI2	1.0	A
SMAD1	CDKN1A	1.0	A
AR	SMS	1.0	A
AR	SCNN1A	1.0	A
AR	PGC	1.0	A
AR	MT2A	1.0	A
AR	KRT18	1.0	A
AR	KIAA1217	-1.0	A
AR	DHX15	1.0	A
AR	DDT	1.0	A
AR	DBI	1.0	A
STAT1	MX1	1.0	A
STAT1	MET	1.0	A
SPI1	NCF4	1.0	A
STAT1	ISG15	1.0	A
SMAD1	ID2	1.0	A
STAT2	CFB	1.0	A
FOXP1	IL2	1.0	A
FOXP1	CSF1R	-1.0	A
FOS	SP3	1.0	A
POU2F1	TFAP2A	1.0	A
RARA	HOXD4	1.0	A
RARA	HOXA4	1.0	A
RARA	CRABP2	1.0	A
RARA	BTG2	1.0	A
TFAP4	PENK	1.0	A
MYOD1	ACTC1	1.0	A
SMAD1	ID3	1.0	A
FOSL2	MMP13	1.0	A
IRF9	IRF7	1.0	A
GLI3	PTCH2	1.0	A
NFIC	SLC2A4	1.0	A
ATF3	GCLC	-1.0	A
SMAD5	ID3	1.0	A
NR2F2	APOA1	-1.0	A
TFAP2A	PENK	1.0	A
TFAP2A	S100B	1.0	A
CDX1	ADA	1.0	A
STAT2	IRF7	1.0	A
MAF	LALBA	1.0	A
GATA3	MYC	1.0	A
JUN	CHGA	1.0	A
HNF4A	F10	1.0	A
GLI1	CCND2	1.0	A
RBPJ	FCER2	1.0	A
ZNF382	HMGA2	-1.0	A
ZNF202	POMGNT1	-1.0	A
ZEB2	MEOX2	-1.0	A
ZBTB7A	PFKP	-1.0	A
YY1	TNFRSF10B	-1.0	A
YY1	EPAS1	-1.0	A
YY1	CREBBP	-1.0	A
YBX1	SUMO1	-1.0	A
YBX1	RBBP8	-1.0	A
YBX1	KPNA2	-1.0	A
WT1	UBE2I	-1.0	A
WT1	NR5A1	-1.0	A
WT1	IL2RB	1.0	A
WT1	CIAO1	-1.0	A
VDR	CALB1	1.0	A
VDR	BHLHE40	1.0	A
VDR	ASAP2	1.0	A
USF2	SLC19A1	1.0	A
USF2	PTPN6	1.0	A
GLI1	SLIT2	-1.0	A
STAT3	BIRC3	1.0	A
STAT3	IL6ST	1.0	A
STAT3	VIP	1.0	A
SREBF1	HMGCS1	1.0	A
CEBPA	CFTR	1.0	A
CEBPA	APOC3	1.0	A
CEBPA	APOA1	1.0	A
CEBPA	SCD	1.0	A
CEBPA	GLS2	1.0	A
SREBF2	STARD4	1.0	A
SREBF2	PCYT2	1.0	A
SREBF2	INSIG1	1.0	A
SREBF2	EBP	1.0	A
USF2	PDX1	1.0	A
SP3	HSD17B1	1.0	A
GLI2	UGCG	-1.0	A
GLI2	PCNA	1.0	A
GLI2	LUM	-1.0	A
GLI2	IFNGR1	-1.0	A
GLI2	FGF13	1.0	A
GLI2	EFEMP1	-1.0	A
GLI2	COL5A2	1.0	A
GLI2	CCND1	1.0	A
CREB1	RARB	1.0	A
CREB1	CDK11A	1.0	A
NR1H2	BHLHE40	1.0	A
USF2	MYH9	1.0	A
USF2	LIPC	1.0	A
USF2	FCER1A	1.0	A
TWIST1	FOS	1.0	A
TP73	CABLES1	1.0	A
TP63	TCF4	1.0	A
TP53	TP53I3	1.0	A
TP53	TCF7L2	-1.0	A
TP53	TBXAS1	-1.0	A
TP53	SSTR2	-1.0	A
TP53	RAD51B	1.0	A
TP53	PRG3	1.0	A
TP53	PTPA	-1.0	A
USF1	CTSD	1.0	A
TP53	PLK3	1.0	A
TP53	FGF2	-1.0	A
TP53	E2F7	1.0	A
TP53	E2F3	-1.0	A
TP53	CABLES1	1.0	A
TP53	ADGRB1	1.0	A
TP53	APCS	1.0	A
TP53	ANTXR1	1.0	A
TFDP1	TYMS	1.0	A
TFDP1	RRM1	1.0	A
TFDP1	CDK1	1.0	A
TP53	GML	1.0	A
SREBF1	INSIG1	1.0	A
TWIST1	MMP2	1.0	A
TWIST1	SRPX	-1.0	A
USF2	FBP1	1.0	A
USF2	CXCR4	1.0	A
USF2	CTSD	1.0	A
USF2	CEACAM5	1.0	A
USF2	CD2	1.0	A
USF1	TYMS	1.0	A
USF1	SLC1A3	1.0	A
USF1	PTPN6	1.0	A
USF1	MYH9	1.0	A
USF1	LIPC	1.0	A
TWIST1	NR2F1	1.0	A
USF1	ISG20	1.0	A
USF2	BRCA1	1.0	A
USF1	FCER1A	1.0	A
USF1	FBP1	1.0	A
USF1	B2M	1.0	A
TWIST2	SRPX	-1.0	A
USF2	B2M	1.0	A
TWIST2	NR2F1	1.0	A
USF2	ATP5F1A	1.0	A
TWIST2	MMP2	1.0	A
TWIST1	TIMP1	-1.0	A
USF1	ID4	1.0	A
JUN	BDKRB1	1.0	A
SREBF1	PCYT2	1.0	A
SREBF1	SQLE	1.0	A
MYC	SCARB1	1.0	A
MYC	RPS20	1.0	A
MYC	RPS15A	1.0	A
MYC	RPL6	1.0	A
MYC	RPL32	1.0	A
MYC	RPL23	1.0	A
MYC	RPL13	1.0	A
MYC	PPIF	1.0	A
MYC	NOP56	1.0	A
MYC	MSH2	1.0	A
MYC	LDHB	1.0	A
MYC	LAMP1	-1.0	A
MYC	HSPA9	1.0	A
MYC	HERC5	1.0	A
MYC	DUSP1	-1.0	A
MYC	DDX5	1.0	A
MYC	CKS2	1.0	A
MYC	AIMP2	1.0	A
TP53	SERTAD1	1.0	A
TP53	RRM1	1.0	A
TP53	DCC	1.0	A
MYC	SNRPD3	1.0	A
MYC	TRAP1	1.0	A
NR2F1	AGT	-1.0	A
HNF1A	FGL1	1.0	A
HNF4A	EBP	1.0	A
NR5A1	CYP21A2	1.0	A
NFKB2	BCL2L1	1.0	A
SMAD4	TNFRSF11B	1.0	A
SMAD4	PTHLH	1.0	A
SMAD4	NKX2-5	1.0	A
SMAD4	MET	1.0	A
SMAD4	IHH	1.0	A
SMAD4	CCN1	1.0	A
LEF1	TBXT	1.0	A
TP53	CX3CL1	1.0	A
LEF1	DSP	-1.0	A
GATA4	ADA	1.0	A
SMAD3	TIMP1	1.0	A
SMAD3	MET	1.0	A
SMAD3	COL6A3	1.0	A
SMAD3	COL6A1	1.0	A
SMAD3	COL3A1	1.0	A
SMAD3	COL1A1	1.0	A
SMAD3	ITGA11	1.0	A
SMAD3	ANKRD1	1.0	A
HNF1A	MIA2	1.0	A
PDX1	ADA	1.0	A
TP53	TYRP1	1.0	A
TP53	TP53INP1	1.0	A
TP53	PIDD1	1.0	A
SP1	CDC25C	1.0	A
RELB	ABCB1	1.0	A
NFKB1	VIM	1.0	A
NFKB1	PDGFB	1.0	A
NFKB1	MYB	1.0	A
NFKB1	CXCL3	1.0	A
HIF1A	TFF3	1.0	A
HIF1A	BHLHE40	1.0	A
HIF1A	PFKL	1.0	A
HIF1A	APH1A	1.0	A
SP1	HSPA1A	1.0	A
FOXO1	TMEM47	1.0	A
FOXO1	MCM5	-1.0	A
FOXO1	DUSP4	-1.0	A
FOXO1	DAPK1	1.0	A
FOXO1	DAAM1	1.0	A
FOXO1	CNOT8	1.0	A
FOXO1	CDKN2D	1.0	A
FOXO1	CDKN2B	1.0	A
FOXO1	CCNG2	1.0	A
FOXO1	CCNB2	-1.0	A
FOXO1	CCNB1	-1.0	A
FOXO1	RPS6KA3	1.0	A
SREBF1	PIK3R3	1.0	A
SP1	PCNA	1.0	A
SP1	PROC	1.0	A
TP53	TP53TG5	1.0	A
TP53	PEG3	1.0	A
TP53	NFATC4	-1.0	A
TCF7L2	VIM	1.0	A
TCF7L2	TNFRSF11B	1.0	A
TCF7L2	TCF7	1.0	A
TCF7L2	SP5	1.0	A
TCF7L2	MMP7	1.0	A
TCF7L2	LEF1	1.0	A
TCF7L2	CXCL8	1.0	A
SP1	PIM1	1.0	A
TCF7L2	GLI2	1.0	A
TCF7L2	DKK1	1.0	A
TCF7L2	CD44	1.0	A
TCF7L2	AXIN2	1.0	A
SP1	SMAD4	1.0	A
SP1	ACTC1	1.0	A
SP1	ACTA1	1.0	A
SP1	UNG	1.0	A
SP1	TAL1	1.0	A
SP1	SCNN1G	1.0	A
SP1	TPI1	1.0	A
TCF7L2	FGF18	1.0	A
TFAP2C	SULT1E1	1.0	A
HIF1A	SLC11A1	1.0	A
HIF1A	CDKN1B	1.0	A
GATA2	PSD4	1.0	A
GATA2	PPP1R15A	1.0	A
GATA2	PLSCR2	1.0	A
GATA2	LYL1	1.0	A
GATA2	ICAM4	1.0	A
GATA2	HTR5A	1.0	A
GATA2	HMGB1	1.0	A
GATA2	GPR146	1.0	A
GATA2	FOXO3	1.0	A
GATA2	FDPS	1.0	A
GATA2	CTSH	1.0	A
GATA2	CCRL2	1.0	A
GATA2	ARRDC4	1.0	A
HIF1A	PPP5C	1.0	A
HIF1A	PPP1R10	1.0	A
HIF1A	PKM	1.0	A
HIF1A	PGAM1	1.0	A
HIF1A	GBE1	1.0	A
HIF1A	ERRFI1	1.0	A
HIF1A	ENO2	1.0	A
HIF1A	CDH13	1.0	A
GATA2	TNFAIP8L1	1.0	A
GATA2	VWA5A	1.0	A
HNF4G	APOA4	1.0	A
MAX	SERF2	1.0	A
AR	ESRRA	1.0	A
AR	EIF3I	1.0	A
AR	EEF1AKMT3	1.0	A
AR	CYCS	1.0	A
AR	CPT2	1.0	A
AR	COASY	1.0	A
AR	CD4	1.0	A
AR	BANF1	1.0	A
AR	BABAM2	1.0	A
AR	ATM	1.0	A
HIF1A	ADORA2B	1.0	A
AR	APPBP2	1.0	A
AR	ALPG	1.0	A
AR	AHSG	1.0	A
AR	ACAD10	1.0	A
ZNF148	RNLS	1.0	A
USF1	NUP188	1.0	A
TWIST1	GLI1	1.0	A
RUNX1	PRR5L	1.0	A
RUNX1	LCP2	1.0	A
SP3	SCGB2A1	1.0	A
NFIC	TFAP2A	1.0	A
AR	AP2M1	1.0	A
STAT1	ZNF79	1.0	A
STAT1	ZNF655	1.0	A
STAT1	ZNF302	1.0	A
STAT1	ELP3	1.0	A
STAT1	DCLRE1C	1.0	A
STAT1	CREM	1.0	A
STAT1	CLIC2	1.0	A
STAT1	BST2	1.0	A
STAT1	BRD8	1.0	A
STAT1	ATG4C	1.0	A
STAT1	AIM2	1.0	A
STAT1	IRF2	1.0	A
ETS1	TNFRSF8	1.0	A
STAT1	DDX50	1.0	A
E2F4	ZFP36L1	1.0	A
E2F4	WEE1	1.0	A
E2F4	SUZ12	1.0	A
E2F4	SP1	1.0	A
E2F4	SMC4	1.0	A
E2F4	SMC2	1.0	A
E2F4	SLC35F6	1.0	A
E2F4	SLC2A13	1.0	A
E2F4	SLC25A14	1.0	A
E2F4	SFPQ	1.0	A
E2F4	RPS8	1.0	A
E2F4	XRCC2	1.0	A
AR	H2BC21	1.0	A
STAT1	DIMT1	1.0	A
STAT1	EDEM2	1.0	A
STAT1	ZNF230	1.0	A
STAT1	ZNF181	1.0	A
STAT1	ZC3HAV1	1.0	A
STAT1	VPS33B	1.0	A
STAT1	UBR1	1.0	A
STAT1	SNRNP27	1.0	A
STAT1	SEMA4B	1.0	A
STAT1	SBNO2	1.0	A
STAT1	PWP2	1.0	A
STAT1	PPIP5K2	1.0	A
STAT1	EARS2	1.0	A
STAT1	NMI	1.0	A
STAT1	MED16	1.0	A
STAT1	MAN1A1	1.0	A
STAT1	LAP3	1.0	A
STAT1	KIF2A	1.0	A
STAT1	INO80	1.0	A
STAT1	IGFLR1	1.0	A
STAT1	IFI35	1.0	A
STAT1	HDAC7	1.0	A
STAT1	GSTK1	1.0	A
STAT1	FBXO5	1.0	A
STAT1	MTMR9	1.0	A
E2F4	RIPK2	1.0	A
AR	GNL1	1.0	A
AR	HLA-E	1.0	A
CEBPA	KCNMA1	1.0	A
CEBPA	KCNH8	1.0	A
CEBPA	KAT7	1.0	A
CEBPA	ITGB2	1.0	A
CEBPA	ITGAL	1.0	A
CEBPA	ITGA2	1.0	A
CEBPA	IRS1	1.0	A
CEBPA	IL1A	1.0	A
CEBPA	IL12B	1.0	A
CEBPA	IGFBP1	1.0	A
CEBPA	HPX	1.0	A
CEBPA	HMGB1	1.0	A
CEBPA	GUCY2C	1.0	A
CEBPA	GSK3B	1.0	A
CEBPA	GSK3A	1.0	A
CEBPA	GDNF	1.0	A
CEBPA	GADD45A	1.0	A
CEBPA	FGL2	1.0	A
CEBPA	FGA	1.0	A
CEBPA	FAS	1.0	A
CEBPA	F3	1.0	A
CEBPA	LBP	1.0	A
CEBPA	LDLR	1.0	A
CEBPA	LIPC	1.0	A
CEBPA	MAT2A	1.0	A
CTCF	ACKR3	1.0	A
CREB1	UCP1	1.0	A
CREB1	PCK2	1.0	A
CLOCK	NR1D2	1.0	A
CEBPA	XDH	1.0	A
CEBPA	UHRF1	1.0	A
CEBPA	UBE2L3	1.0	A
CEBPA	TSC22D3	1.0	A
CEBPA	TOP2A	1.0	A
CEBPA	TNFAIP3	1.0	A
CEBPA	EPX	1.0	A
CEBPA	TK1	1.0	A
CEBPA	SREBF2	1.0	A
CEBPA	SPIDR	1.0	A
CEBPA	RNASE2	1.0	A
CEBPA	RB1	1.0	A
CEBPA	PCNA	1.0	A
CEBPA	NR5A1	1.0	A
CEBPA	NFYC	1.0	A
CEBPA	MYBL1	1.0	A
CEBPA	MMP11	1.0	A
CEBPA	MME	1.0	A
CEBPA	TIMP2	1.0	A
CEBPA	EPO	1.0	A
CEBPA	ENPP3	1.0	A
CEBPA	ELN	1.0	A
ARID3A	IGHV3-23	1.0	A
ARID3A	IGHV1-69	1.0	A
AR	ZNF559	1.0	A
AR	ZCCHC9	1.0	A
AR	TESK1	1.0	A
AR	SUOX	1.0	A
AR	STXBP2	1.0	A
AR	SLC25A11	1.0	A
AR	SERPINI1	1.0	A
AR	SDF2	1.0	A
ARNT	LDHA	1.0	A
AR	RNASE4	1.0	A
AR	PPP2R5D	1.0	A
AR	PNPLA4	1.0	A
AR	PIN1	1.0	A
AR	PEX6	1.0	A
AR	ORM2	1.0	A
AR	NPAT	1.0	A
AR	MMP13	1.0	A
AR	KCNH2	1.0	A
AR	IL1R1	1.0	A
AR	IFI35	1.0	A
AR	PRAME	1.0	A
AR	HES1	1.0	A
BMAL1	AVP	1.0	A
CDX2	SLC9A3	1.0	A
CEBPA	EHHADH	1.0	A
CEBPA	E2F3	1.0	A
CEBPA	E2F2	1.0	A
CEBPA	CYP3A7	1.0	A
CEBPA	CSRP1	1.0	A
CEBPA	CSN2	1.0	A
CEBPA	CREB1	1.0	A
CEBPA	CETP	1.0	A
CEBPA	CDK2	1.0	A
CEBPA	CDH13	1.0	A
ATF2	FOS	1.0	A
CEBPA	CCNE1	1.0	A
CEBPA	CCNB1	1.0	A
CEBPA	C8orf76	1.0	A
CEBPA	APBB1IP	1.0	A
CEBPA	AGXT	1.0	A
CEBPA	AEBP1	1.0	A
CEBPA	ACE	1.0	A
CEBPA	ACACB	1.0	A
CEBPA	ACACA	1.0	A
CEBPA	ABCC1	1.0	A
CEBPA	ABCB1	1.0	A
CEBPA	CCND1	1.0	A
HIF1A	DDIT4	1.0	A
E2F4	RFC4	1.0	A
E2F4	PRPSAP1	1.0	A
ESR1	PTPRG	1.0	A
ESR1	ITGA2	1.0	A
ESR1	IGFBP4	1.0	A
CTCF	ACVR1C	1.0	A
AR	ZFHX4	1.0	A
AR	XPA	1.0	A
AR	VAPA	1.0	A
AR	UBE2D3	1.0	A
CTCF	COL27A1	1.0	A
AR	TNFRSF1A	1.0	A
AR	THRA	1.0	A
AR	SUSD6	1.0	A
AR	STK39	1.0	A
AR	SOX4	1.0	A
AR	SMARCA2	1.0	A
AR	RBPMS	1.0	A
AR	RBMX	1.0	A
AR	QSOX1	1.0	A
AR	PTPRM	1.0	A
AR	PTPN9	1.0	A
AR	PRPS1	1.0	A
TP53	ADGRB2	1.0	A
CTCF	AHCYL1	1.0	A
TP53	EDN2	1.0	A
TP53	NHLH2	1.0	A
CTCF	FBXO7	1.0	A
CTCF	NFE2L2	1.0	A
CTCF	EPHB1	1.0	A
CTCF	ELP5	1.0	A
CTCF	DMKN	1.0	A
CTCF	DIP2B	1.0	A
CTCF	CIDEB	1.0	A
CTCF	CHRNA6	1.0	A
CTCF	CEP135	1.0	A
CTCF	CD80	1.0	A
AR	NUP214	1.0	A
CTCF	CCL16	1.0	A
CTCF	C1R	1.0	A
CTCF	BICD2	1.0	A
CTCF	B4GALNT1	1.0	A
CTCF	ANKRD46	1.0	A
CTCF	ABCA2	1.0	A
EPAS1	PDGFB	1.0	A
EPAS1	ADORA2A	1.0	A
EPAS1	BHLHE40	1.0	A
STAT3	RNLS	1.0	A
TP53	PPM1J	1.0	A
CTCF	CNIH1	1.0	A
AR	NPEPPS	1.0	A
AR	NME7	1.0	A
AR	NLGN4X	1.0	A
TP53	P2RX6	1.0	A
TP53	PCBP4	1.0	A
TP53	RNF144B	1.0	A
TP53	DDIT4	1.0	A
TP53	STEAP3	1.0	A
TP53	BNIP3L	1.0	A
TP53	ZMAT3	1.0	A
TP53	RCHY1	1.0	A
TFAP2C	TFF1	1.0	A
STAT1	HSPB1	1.0	A
TP53	CHMP4C	1.0	A
STAT1	SOCS2	1.0	A
STAT1	MCL1	1.0	A
SP1	REL	1.0	A
PPARG	GSTA2	1.0	A
NR2F2	MYOD1	1.0	A
KMT2A	MEIS1	1.0	A
HIF1A	BNIP3L	1.0	A
HIF1A	IL20	1.0	A
HIF1A	PDK3	1.0	A
HIF1A	BCL2L1	1.0	A
HIF1A	COX4I1	1.0	A
STAT1	CD274	1.0	A
CTCF	GALNT6	1.0	A
TWIST1	VEGFA	1.0	A
SOX2	GLI3	1.0	A
AR	MRPS27	1.0	A
AR	LIFR	1.0	A
AR	HSD17B11	1.0	A
AR	HNRNPA1	1.0	A
AR	HK2	1.0	A
AR	GRB10	1.0	A
AR	GLRX	1.0	A
AR	FXYD3	1.0	A
AR	FAM13A	1.0	A
AR	EYA2	1.0	A
STAT1	IRF9	1.0	A
AR	DDC	1.0	A
AR	FAM174B	1.0	A
AR	CDKL5	1.0	A
AR	CCNG2	1.0	A
AR	BTD	1.0	A
AR	ATP2B4	1.0	A
AR	ATF6	1.0	A
AR	ANAPC10	1.0	A
AR	ACP3	1.0	A
AR	ABCE1	1.0	A
HIF1A	GYS1	1.0	A
AR	CITED2	1.0	A
E2F4	RFC3	1.0	A
CTCF	GALT	1.0	A
CTCF	GRIN3A	1.0	A
E2F4	FOXM1	1.0	A
E2F4	FEN1	1.0	A
E2F4	FDFT1	1.0	A
E2F4	EXOSC9	1.0	A
E2F4	CHEK1	1.0	A
E2F4	CFAP20	1.0	A
E2F4	BUB3	1.0	A
E2F4	BARD1	1.0	A
E2F4	AKR7A2	1.0	A
E2F4	ADARB1	1.0	A
E2F4	ACTG1	1.0	A
SP1	UGT1A6	1.0	A
SP1	RNLS	1.0	A
E2F1	WRAP73	1.0	A
E2F1	PDPN	1.0	A
E2F1	NOL9	1.0	A
E2F1	HOXB9	1.0	A
YY1	ZNF615	1.0	A
YY1	WDR82	1.0	A
YY1	RNF40	1.0	A
YY1	RNF26	1.0	A
E2F4	HLTF	1.0	A
E2F4	HMGB1	1.0	A
E2F4	HMGN2	1.0	A
E2F4	ID3	1.0	A
E2F4	PRC1	1.0	A
E2F4	POLE2	1.0	A
HNF4G	SHBG	1.0	A
E2F4	POLA2	1.0	A
E2F4	PCNT	1.0	A
E2F4	PARK7	1.0	A
E2F4	P4HA2	-1.0	A
E2F4	NFE2L1	1.0	A
E2F4	NEK2	1.0	A
E2F4	NDC80	1.0	A
YY1	RAB3GAP1	1.0	A
E2F4	NAP1L4	1.0	A
E2F4	MLH1	1.0	A
E2F4	MKI67	1.0	A
E2F4	METTL3	1.0	A
E2F4	MCM3	1.0	A
STAT1	ETV7	1.0	A
E2F4	MAP3K7	1.0	A
E2F4	MAD2L1	1.0	A
E2F4	KLHL21	1.0	A
E2F4	KHDRBS1	1.0	A
E2F4	INSIG1	1.0	A
GATA2	AMOTL1	1.0	A
YY1	PAK4	1.0	A
YY1	NARS1	1.0	A
YY1	MRPS24	1.0	A
CTCF	PPRC1	1.0	A
CTCF	PPARD	1.0	A
E2F4	E2F3	1.0	A
CTCF	POU1F1	1.0	A
CTCF	POMT2	1.0	A
CTCF	PMPCB	1.0	A
CTCF	PLXNB3	1.0	A
CTCF	NES	1.0	A
CTCF	NCBP3	1.0	A
CTCF	NBN	1.0	A
CTCF	PRSS35	1.0	A
CTCF	MYD88	1.0	A
CTCF	MCM10	1.0	A
CTCF	MB	1.0	A
CTCF	LRRC59	1.0	A
CTCF	LPIN3	1.0	A
CTCF	KSR1	1.0	A
CTCF	IL19	1.0	A
CTCF	HSPA5	1.0	A
CTCF	HS1BP3	1.0	A
CTCF	HMCN1	1.0	A
CTCF	HEBP2	1.0	A
CTCF	MRPL17	1.0	A
CTCF	GAS7	1.0	A
CTCF	PTPA	1.0	A
CTCF	RPP30	1.0	A
YY1	MRPL46	1.0	A
YY1	MANF	1.0	A
YY1	HSF1	1.0	A
YY1	HACD2	1.0	A
YY1	DLG1	1.0	A
YY1	CPSF2	1.0	A
YY1	COQ9	1.0	A
YY1	COQ5	1.0	A
YY1	CDK5RAP2	1.0	A
YY1	CCDC43	1.0	A
CTCF	RPL39L	1.0	A
YY1	ATXN10	1.0	A
CTCF	ZNF804B	1.0	A
CTCF	ZNF613	1.0	A
CTCF	ZNF20	1.0	A
CTCF	TYSND1	1.0	A
CTCF	TSPAN16	1.0	A
CTCF	TSFM	1.0	A
CTCF	TRAPPC6A	1.0	A
CTCF	TNFRSF18	-1.0	A
CTCF	TMBIM6	1.0	A
CTCF	SMIM7	1.0	A
YY1	ACTR5	1.0	A
GATA2	FCER1A	1.0	A
GATA2	APEX1	-1.0	A
FOXM1	CDC6	1.0	A
CEBPA	LTF	1.0	A
IRF1	IL12A	1.0	A
HNF4A	CYP3A4	1.0	A
ZEB2	CDH1	-1.0	A
PPARG	RETN	-1.0	A
TP53	MGMT	-1.0	A
CEBPA	CDKN1A	1.0	A
HOXA10	IGFBP1	1.0	A
HES1	PTGDS	-1.0	A
YY1	DEK	1.0	A
SP1	GAST	1.0	A
IRF1	IL4	1.0	A
GATA4	NPPA	1.0	A
RARB	RARG	-1.0	A
RARG	RARB	1.0	A
JUN	CCL5	1.0	A
ETS1	CSF2	1.0	A
NFKB1	EGFR	1.0	A
E2F1	PCNA	1.0	A
SP1	TBXA2R	1.0	A
SP3	SLC9A3	1.0	A
E2F1	ATM	1.0	A
SP1	RPS3A	1.0	A
MAZ	MMP1	1.0	A
SP1	CAT	1.0	A
TP53	THBS1	1.0	A
RELA	CCL5	1.0	A
TP53	BRCA2	-1.0	A
HNF4A	MYC	1.0	A
KLF6	NOS2	1.0	A
TLX1	ALDH1A1	-1.0	A
YY1	IFNB1	-1.0	A
RELA	CD86	1.0	A
CEBPB	IL3	1.0	A
FOS	MYC	1.0	A
GATA1	HBG1	-1.0	A
MXD1	ODC1	1.0	A
MAX	ODC1	1.0	A
EGR1	ABCA2	1.0	A
NFATC1	IL2	1.0	A
ATF1	CFTR	1.0	A
EGR1	IL2	1.0	A
CDX2	MUC2	1.0	A
SMAD4	FSHB	1.0	A
PITX2	FSHB	1.0	A
CEBPA	CYP3A4	1.0	A
CREB1	STAR	1.0	A
EGR1	CHGA	1.0	A
NFATC2	CDK4	-1.0	A
TP53	SFN	1.0	A
EGR1	RET	1.0	A
CDX2	CDH17	1.0	A
STAT1	CXCL9	1.0	A
SP1	PTTG1	1.0	A
TP53	PTTG1	-1.0	A
TP53	BID	1.0	A
SOX9	COL9A1	1.0	A
CLOCK	BHLHE41	1.0	A
BMAL1	BHLHE40	1.0	A
STAT3	BIRC5	1.0	A
ATF1	CIITA	1.0	A
CLOCK	BHLHE40	1.0	A
POU2F1	CCND1	1.0	A
JUN	SERPINE1	1.0	A
STAT1	CCL2	1.0	A
MYC	BBC3	1.0	A
SP1	ADIPOQ	1.0	A
TP53	MUC2	1.0	A
STAT4	PRF1	1.0	A
ESR1	GRIN2D	1.0	A
TP53	FDXR	1.0	A
REL	SELE	1.0	A
E2F2	CDC6	1.0	A
E2F3	CDC6	1.0	A
E2F1	CDC6	1.0	A
MYC	ID2	1.0	A
E2F4	STMN1	1.0	A
LEF1	CDX1	1.0	A
FOS	PGR	1.0	A
RELA	CD40	1.0	A
RELA	IFNG	1.0	A
ETS2	PSEN1	1.0	A
NFKB1	CR2	1.0	A
MITF	SNAI2	1.0	A
JUN	PGR	-1.0	A
AR	KLK3	1.0	A
ETS1	TFRC	-1.0	A
E2F3	MYCN	1.0	A
E2F2	MYCN	1.0	A
E2F1	MYCN	1.0	A
FOS	CSF2	1.0	A
SMAD4	CDKN2B	1.0	A
ESR1	SP3	1.0	A
NFKB1	IL1RN	1.0	A
HES1	DBF4	1.0	A
IRF1	IL12B	-1.0	A
REL	BIRC3	1.0	A
TP53	VCAN	1.0	A
HIF1A	NT5E	1.0	A
ETS1	PF4	1.0	A
E2F1	CCND3	1.0	A
MITF	MLANA	1.0	A
SP1	ATP2A2	1.0	A
TFAP2A	PLAUR	1.0	A
HSF2	HSPA4	1.0	A
PPARG	SERPINE1	-1.0	A
SP1	PTH	1.0	A
NR1H4	UGT2B4	-1.0	A
SP1	STARD3	1.0	A
SP1	CYP1B1	1.0	A
DNMT1	ESR1	-1.0	A
NFKB1	MYC	1.0	A
PPARG	SLC2A4	-1.0	A
HNF4A	NR1I2	1.0	A
TP53	PRKAB1	1.0	A
SREBF1	ACACB	1.0	A
PPARG	SCARB1	1.0	A
NFKB1	IFNG	1.0	A
EGR1	TP53	1.0	A
TP53	EGR1	1.0	A
SP1	FGL2	1.0	A
RUNX2	IBSP	1.0	A
FOXO1	PDK4	1.0	A
TP53	ESR1	1.0	A
STAT3	PRF1	1.0	A
NFKB2	BCL2	1.0	A
E2F6	BRCA1	-1.0	A
JUN	TP53	-1.0	A
ESR1	EGFR	1.0	A
PGR	HLTF	1.0	A
INSM1	NEUROD1	1.0	A
TP53	DUSP1	1.0	A
EGR1	AR	-1.0	A
PPARA	APOA1	1.0	A
ATF3	ASNS	1.0	A
TP53	MAD1L1	-1.0	A
RELA	S100A6	1.0	A
USF2	IGF2R	1.0	A
ETV4	MUC4	1.0	A
KLF4	GPA33	1.0	A
JUN	MYC	1.0	A
MYC	JUN	1.0	A
CEBPB	IL10	1.0	A
ETS1	TFAP2A	1.0	A
TFAP2A	ETS1	1.0	A
PPARG	RARB	1.0	A
ATF2	IFNG	1.0	A
IRF1	OGN	1.0	A
ESR1	TP53	-1.0	A
ETS2	MDM2	1.0	A
ESR1	MDM2	1.0	A
CEBPB	INSR	1.0	A
SP1	FASLG	1.0	A
NFE2L2	TXN	1.0	A
NR0B1	NR1H4	-1.0	A
ESR1	CCN5	1.0	A
POU2F1	SPP1	1.0	A
AR	GTF2F1	1.0	A
ETS2	CSF2	1.0	A
STAT1	S100A10	1.0	A
MYOD1	ACACB	1.0	A
TP63	SFN	1.0	A
EGR1	COL2A1	-1.0	A
ETS2	BRCA1	-1.0	A
ESR1	NCOA1	1.0	A
E2F1	CDK1	1.0	A
ETS2	PTHLH	1.0	A
JUN	IFNG	1.0	A
POU2F3	SPRR2A	1.0	A
JUN	FASLG	1.0	A
SP3	CA9	1.0	A
ETS1	NRP1	1.0	A
SP1	INSR	1.0	A
FOS	CCL2	1.0	A
TP53	NME1	1.0	A
EGR1	CD44	1.0	A
ELK1	PSEN1	1.0	A
NFKB1	ELF3	1.0	A
RELA	ELF3	1.0	A
ESR1	CAD	1.0	A
ETS1	CDKN1A	1.0	A
AR	IGHG1	1.0	A
IRF1	CDK2	-1.0	A
ESR1	CDH1	1.0	A
NR5A1	AMHR2	1.0	A
RARA	CYP26A1	1.0	A
GATA1	PF4	1.0	A
PPARA	APOA5	1.0	A
TP53	ARID3A	1.0	A
RELA	CXCR4	1.0	A
SP1	WT1	1.0	A
SP1	UGDH	1.0	A
EHF	SPRR1B	1.0	A
IRF8	CD68	-1.0	A
SPI1	CD68	-1.0	A
IRF4	CD68	-1.0	A
E2F1	TP53	1.0	A
TP53	E2F1	-1.0	A
SP3	DNASE2	1.0	A
E2F6	RBBP4	-1.0	A
MAFA	INS	1.0	A
SP1	TAF7	1.0	A
TP53	CTSD	1.0	A
HNF4A	G6PC1	1.0	A
CREB1	CYP11A1	1.0	A
USF2	ABCA1	1.0	A
USF1	ABCA1	1.0	A
SP1	TYMS	1.0	A
TP53	SIAH1	1.0	A
STAT3	BCL2L1	1.0	A
NR2F1	CYP19A1	-1.0	A
CREB1	CYP19A1	1.0	A
IRF7	IFNB1	1.0	A
SP1	ABCC3	1.0	A
ESR1	FBLN1	1.0	A
TP53	IER3	1.0	A
SP1	IER3	1.0	A
USF1	APOC3	1.0	A
SPI1	VAV1	1.0	A
EGR1	EGFR	1.0	A
CREB1	NR4A3	1.0	A
ETS1	MMP1	1.0	A
PDX1	GCK	1.0	A
ESR1	RARA	1.0	A
SPI1	DAB2	1.0	A
SP1	CYP27A1	1.0	A
SP3	CYP27A1	1.0	A
ETS1	FASLG	1.0	A
USF2	PTGS2	1.0	A
VDR	EGFR	-1.0	A
ATF4	ASNS	1.0	A
MAF	IL4	1.0	A
EGR1	JUN	1.0	A
SP1	ITGAX	1.0	A
SNAI2	CDH1	-1.0	A
FOS	STAR	1.0	A
SP1	MET	1.0	A
CREB1	IFNG	1.0	A
SREBF1	ACACA	1.0	A
ATF2	PTGS2	1.0	A
CREB1	NR4A2	1.0	A
E2F3	CDKN2A	1.0	A
STAT1	IRF7	1.0	A
SP1	UBC	1.0	A
PPARG	GK	1.0	A
EGR1	DMRT1	1.0	A
PPARG	MMP1	-1.0	A
PPARA	CD36	1.0	A
HNF4A	CYP27A1	1.0	A
TP53	HNF4A	-1.0	A
SP1	BSG	1.0	A
SP1	CDKN2B	1.0	A
SOX10	MBP	1.0	A
JUN	FAS	1.0	A
JUN	NGF	1.0	A
PAX6	KRT12	1.0	A
PPARA	PCK1	1.0	A
ESR1	FOS	1.0	A
ETS1	ECE1	1.0	A
WT1	PODXL	1.0	A
MEF2A	SLC2A4	1.0	A
TP53	BIRC5	-1.0	A
TP53	MKI67	-1.0	A
TP53	BCL2L1	-1.0	A
EGR1	ACE	1.0	A
NR1H4	NR0B2	1.0	A
EGR1	LHB	1.0	A
FOS	TP53	1.0	A
CREB1	IL6	1.0	A
TP53	PTPN13	1.0	A
SMAD3	MYC	-1.0	A
E2F4	MYC	-1.0	A
STAT3	FOS	1.0	A
SOX10	GJB1	-1.0	A
JUN	FOS	1.0	A
RBPJ	HEY2	1.0	A
SP1	CHRNB4	1.0	A
CLOCK	PER2	1.0	A
CLOCK	CRY2	1.0	A
CLOCK	CRY1	1.0	A
BMAL1	CRY2	1.0	A
TP53	MMP2	1.0	A
MITF	ACP5	1.0	A
TP53	KLK3	-1.0	A
PPARA	FADS2	1.0	A
POU2F1	IL4	1.0	A
POU2F1	IL2	1.0	A
GATA3	IFNG	1.0	A
EGR1	PTEN	1.0	A
REST	BDNF	-1.0	A
FOXO4	BCL6	1.0	A
ESR1	NCOA3	1.0	A
CEBPA	CSF3R	1.0	A
HNF4A	CYP2D6	1.0	A
RELA	CCL20	1.0	A
CEBPB	IL5	1.0	A
EGR1	FASLG	1.0	A
HIF1A	PFKFB3	1.0	A
SP3	CTSL	1.0	A
SP3	AGTR1	1.0	A
E2F4	TERT	-1.0	A
TP53	DDB2	1.0	A
ESR1	CYP19A1	1.0	A
CEBPA	HAMP	1.0	A
TFAP2A	SP1	1.0	A
VDR	CYP3A4	1.0	A
BCL6	PRDM1	-1.0	A
TP53	SLC6A6	-1.0	A
ESR1	CRH	-1.0	A
TP53	ATF3	1.0	A
HIF1A	CA9	1.0	A
MAFK	NQO1	1.0	A
MAFG	NQO1	1.0	A
STAT3	CCND1	1.0	A
PITX1	FSHB	1.0	A
POU2F1	VCAM1	-1.0	A
ESR1	CAV1	-1.0	A
CREB1	FOS	1.0	A
SP1	CDKN2A	1.0	A
ESR1	TERT	1.0	A
ETS1	ATP2A3	1.0	A
SPI1	FCGR1A	1.0	A
NR1I3	UGT1A1	1.0	A
ATF2	NR4A2	1.0	A
GATA1	HBB	1.0	A
E2F4	PPARG	-1.0	A
ESR2	RARA	1.0	A
STAT1	CASP4	1.0	A
RELA	IER3	1.0	A
NFKB1	IER3	1.0	A
MYC	IER3	-1.0	A
REL	IER3	1.0	A
GATA1	GP6	1.0	A
FLI1	GP6	1.0	A
BACH1	HMOX1	-1.0	A
HIF1A	BHLHE41	1.0	A
FOXO1	TNFSF10	1.0	A
FOXO3	TNFSF10	1.0	A
LEF1	RAG2	1.0	A
TP53	XPC	1.0	A
USF1	SERPINE1	1.0	A
EGR1	LDLR	1.0	A
TFAP2A	SLC19A1	1.0	A
PITX1	PRL	1.0	A
STAT1	JAK2	1.0	A
NFKB1	IRF4	1.0	A
HIF1A	LEP	1.0	A
SP1	CD14	1.0	A
SP3	LORICRIN	-1.0	A
NFKB1	NOD2	1.0	A
E2F1	PPARG	1.0	A
CREB1	CPT1A	1.0	A
FOXA2	APOA1	1.0	A
NFKB1	CXCL8	1.0	A
ETS1	MMP3	1.0	A
SP1	BCL2	1.0	A
RARA	CEBPE	1.0	A
CEBPE	SPI1	-1.0	A
CEBPA	SPI1	1.0	A
LEF1	DCT	1.0	A
RELA	IL2	1.0	A
PPARG	DBI	1.0	A
MYC	PRDX3	1.0	A
EGR1	PPARG	-1.0	A
RELA	IFNB1	1.0	A
NFKB1	IFNB1	1.0	A
CEBPD	CYP19A1	-1.0	A
CEBPB	CYP19A1	-1.0	A
ETS1	FLI1	1.0	A
E2F1	TP73	1.0	A
PPARA	NFKBIA	1.0	A
HNF4A	PPARA	1.0	A
NR2F2	HNF4A	-1.0	A
TP53	IRF5	1.0	A
LEF1	EDA	1.0	A
ETS1	MMP2	1.0	A
USF1	TERT	1.0	A
ESR1	OXT	-1.0	A
EGR1	APOA1	1.0	A
SP1	MMP14	-1.0	A
TP53	CASP6	1.0	A
USF2	PKLR	1.0	A
MITF	BCL2	1.0	A
SREBF2	SQLE	1.0	A
SP1	MUC5AC	1.0	A
SP1	CDKN2C	1.0	A
E2F1	CDKN2C	1.0	A
CEBPA	HP	1.0	A
PPARG	MYC	-1.0	A
JUN	DDIT3	1.0	A
PBX2	UGT2B17	-1.0	A
JUN	GJA1	1.0	A
E2F1	E2F3	1.0	A
E2F3	E2F1	1.0	A
AR	AKT1	1.0	A
SP1	PNOC	1.0	A
MEF2D	JUN	1.0	A
PAX5	PRDM1	-1.0	A
FOXO4	GADD45A	1.0	A
FOXO3	GADD45A	1.0	A
SP1	KDR	-1.0	A
HNF4A	F2	1.0	A
SP3	F2	1.0	A
FOXO3	BCL2L11	1.0	A
AR	ZBTB16	1.0	A
CREM	FOS	-1.0	A
FOS	CREM	1.0	A
REST	OPRM1	-1.0	A
FOSL1	MMP9	1.0	A
HIF1A	FECH	1.0	A
NR1D1	BMAL1	-1.0	A
BMAL1	NR1D1	1.0	A
HIF1A	NPM1	1.0	A
FOS	NPPA	-1.0	A
FOXO3	SOD2	1.0	A
SPI1	CTSK	1.0	A
ETS1	GRPR	1.0	A
ELK1	TLR9	1.0	A
NR1H2	ABCG1	1.0	A
NR1H2	ABCA1	1.0	A
YY1	HSD3B2	1.0	A
TP53	TNFRSF10A	1.0	A
WT1	MYC	-1.0	A
MYC	WT1	1.0	A
PGR	CCND1	1.0	A
ESR1	TSC22D3	-1.0	A
GATA1	GFI1B	1.0	A
SP1	GCLC	1.0	A
SREBF2	ABCA1	-1.0	A
FLI1	MPL	1.0	A
FOXP3	IL2RA	1.0	A
TP53	MDM2	1.0	A
NFKB1	IL10	1.0	A
E2F1	ISYNA1	1.0	A
SP1	SREBF1	1.0	A
SP1	MUC4	1.0	A
TP53	CCNA1	1.0	A
SP1	NQO2	1.0	A
STAT1	OPRM1	1.0	A
E2F4	CCNA2	1.0	A
CREB1	G6PC1	1.0	A
NR4A1	MDM2	-1.0	A
CEBPB	ASNS	-1.0	A
EGR1	SYN1	1.0	A
TP53	SH2D1A	1.0	A
IRF8	NF1	1.0	A
MYC	CFLAR	-1.0	A
HNF1A	UGT1A8	1.0	A
CDX2	UGT1A8	1.0	A
GLI2	FOXE1	1.0	A
ESR1	CRHBP	1.0	A
FLI1	IGFBP3	-1.0	A
TBP	CDKN1A	1.0	A
TP53	AIFM2	1.0	A
ESR1	CXCL8	-1.0	A
USF1	CDK4	1.0	A
MYC	CDK4	1.0	A
NR4A1	HSD3B2	1.0	A
PROX1	CYP7A1	-1.0	A
JUN	F3	1.0	A
STAT6	SOCS1	1.0	A
ETS1	SOCS1	-1.0	A
STAT1	JUN	1.0	A
HIF1A	FLT1	1.0	A
EPAS1	FLT1	1.0	A
PPARG	ANGPTL4	1.0	A
PPARD	ANGPTL4	1.0	A
PPARA	ANGPTL4	1.0	A
FOS	IL12B	1.0	A
USF2	PF4	1.0	A
USF1	PF4	1.0	A
USF2	THBS1	1.0	A
ETS1	NOS3	1.0	A
NFATC2	IL2	1.0	A
RBPJ	HES1	1.0	A
TP53	EZH2	-1.0	A
E2F3	TP73	1.0	A
JUN	MMP2	1.0	A
ESR2	SERPINE1	-1.0	A
E2F1	BIRC5	1.0	A
LHX3	FSHB	1.0	A
JUND	MYB	1.0	A
JUN	MYB	1.0	A
HIF1A	RORA	1.0	A
SP1	NKX2-1	1.0	A
SP1	BRCA1	1.0	A
HIF1A	ID2	1.0	A
ETS1	PLAU	1.0	A
EGR1	PDGFC	1.0	A
ETS1	GP9	1.0	A
SP1	PDGFC	1.0	A
USF2	HMOX1	1.0	A
USF1	HMOX1	1.0	A
IRF1	TNFSF10	1.0	A
SMAD4	BAMBI	1.0	A
SMAD3	BAMBI	1.0	A
JUN	REN	1.0	A
HIF1A	ITGB2	1.0	A
STAT3	ETV6	1.0	A
JUN	GNRHR	1.0	A
ESR1	SERPINE1	1.0	A
EGR1	FGF2	1.0	A
STAT3	IL21	1.0	A
ETS1	MPL	1.0	A
HES1	E2F1	-1.0	A
SP1	MACROD1	1.0	A
ESR1	MACROD1	1.0	A
SP1	TIMP2	1.0	A
MBD1	SETDB1	-1.0	A
FOXO1	CNR1	-1.0	A
JUN	CYP19A1	-1.0	A
FOSL1	CDKN2A	1.0	A
ELK3	FOS	-1.0	A
USF1	APOA5	1.0	A
SP1	APOE	1.0	A
ATF3	GDF15	1.0	A
CTCF	IRAK2	1.0	A
TP53	IGFBP3	1.0	A
NFKB1	HSD11B2	1.0	A
EGR1	HSD11B2	-1.0	A
DDIT3	CXCL8	1.0	A
REST	TUBB3	-1.0	A
CEBPB	SLC19A1	1.0	A
SP1	HNF4A	1.0	A
TP73	BBC3	1.0	A
MYCN	MDM2	1.0	A
ETS1	BMP4	1.0	A
ETS2	CGA	1.0	A
SP3	KLK3	1.0	A
KLF2	NOS3	1.0	A
KLF11	INS	1.0	A
E2F1	CCNE2	1.0	A
FOS	PTGS2	1.0	A
HOXA5	PTN	1.0	A
RELA	NFKB2	1.0	A
WT1	MYB	-1.0	A
MYB	WT1	1.0	A
CEBPA	CES1	1.0	A
ELK1	DDIT4	1.0	A
TFAP2B	PTGDS	1.0	A
EGR1	VEGFA	1.0	A
E2F1	MT1G	1.0	A
TP53	TRIAP1	1.0	A
TP73	TERT	-1.0	A
PPARG	NR1D1	1.0	A
E2F3	TP53BP2	1.0	A
E2F1	PPP1R13B	1.0	A
RELA	EBI3	1.0	A
NFKB1	EBI3	1.0	A
RELA	CXCL2	1.0	A
KLF2	THBD	1.0	A
STAT5A	BCL6	-1.0	A
PPARA	SERPINE1	1.0	A
SREBF1	HK2	1.0	A
STAT1	CSF1	1.0	A
NME2	MYC	1.0	A
MYC	NME2	1.0	A
STAT5A	IFNG	1.0	A
GLI2	BCL2	1.0	A
FOXL2	CYP19A1	1.0	A
FOS	FOSL1	1.0	A
IRF1	TP53	1.0	A
JUN	SPRR1A	1.0	A
FOXO3	BCL6	1.0	A
FOXO3	CCND2	-1.0	A
BCL6	CCND2	-1.0	A
WT1	NPHS1	1.0	A
RELA	MICA	1.0	A
TP53	BAK1	1.0	A
IRF8	IL12A	1.0	A
GATA3	ZEB1	1.0	A
JUN	STMN1	1.0	A
TP53	CCNB1	-1.0	A
HIF1A	PFKFB4	1.0	A
HNF4A	UGT1A9	1.0	A
ETS1	CHUK	1.0	A
ELK1	SRF	1.0	A
SP1	CAV1	1.0	A
RELA	CCL11	1.0	A
ESR1	TFF1	1.0	A
MITF	CDKN2A	-1.0	A
HIF1A	HSP90B1	1.0	A
RELA	EGR1	-1.0	A
EGR1	RELA	-1.0	A
NR5A1	HSD3B2	1.0	A
FOXO1	CCND2	-1.0	A
HIF1A	FURIN	1.0	A
FOXO3	SIRT1	1.0	A
VDR	CYP24A1	1.0	A
JUN	RELB	1.0	A
STAT5A	CCND1	1.0	A
E2F1	TP53BP2	1.0	A
MYC	NPM1	1.0	A
JUN	IVL	1.0	A
TP53	NLRC4	1.0	A
TP53	PMAIP1	1.0	A
ETS1	CCND1	1.0	A
JUN	SMAD7	1.0	A
FOS	SMAD7	1.0	A
IRF1	DST	-1.0	A
POU5F1	SOX2	1.0	A
SP3	TFF1	1.0	A
ETS1	HMOX1	1.0	A
TP53	S100B	1.0	A
HIF1A	CYGB	1.0	A
USF1	FMR1	1.0	A
USF1	CTSB	1.0	A
PGR	VEGFA	-1.0	A
EGR1	GDF15	1.0	A
AR	NCOA2	-1.0	A
STAT4	IL2RA	1.0	A
TP53	ADA	1.0	A
NR5A1	CYP11B2	-1.0	A
SP3	MYCN	1.0	A
USF1	PIGR	1.0	A
NFIC	SMUG1	1.0	A
ESR2	TGFA	1.0	A
TP53	TNFRSF10C	1.0	A
ESR1	SERPINB9	1.0	A
TP53	KAT2B	1.0	A
HIF1A	GCK	1.0	A
FLI1	TERT	1.0	A
HOXD3	ITGA5	1.0	A
STAT1	FAS	1.0	A
LEF1	ELANE	1.0	A
EGR1	PSEN2	-1.0	A
NFKB1	AR	-1.0	A
USF2	CTSB	1.0	A
RELA	NOS3	1.0	A
REL	IL1B	1.0	A
NR3C1	NR1I3	1.0	A
ESR1	MYC	1.0	A
EGR1	PTGES	1.0	A
TP53	PML	1.0	A
CEBPA	SPP1	1.0	A
SP1	ALOX15B	1.0	A
PPARG	NR1H3	1.0	A
SP1	APP	1.0	A
TFAP2A	BACE1	1.0	A
EGR2	IGF2	1.0	A
STAT5A	PIM1	1.0	A
GATA2	GATA1	1.0	A
TP53	CASP10	1.0	A
RELA	IL4	1.0	A
NFKB1	IL4	1.0	A
STAT3	PTGS2	1.0	A
JUND	NOS2	1.0	A
FOS	IL1B	1.0	A
FOS	CXCL8	1.0	A
ESR1	JUN	1.0	A
NFIC	CYP17A1	1.0	A
E2F1	BBC3	1.0	A
PPARG	PLIN2	1.0	A
NFKB1	NOS3	1.0	A
FOS	NOS2	1.0	A
SP1	CTSL	1.0	A
CREB1	NPY	1.0	A
JUN	PLAT	1.0	A
SP1	KRT16	1.0	A
JUN	KRT16	1.0	A
ATF6	XBP1	1.0	A
CEBPA	ELANE	1.0	A
NR4A1	E2F1	1.0	A
HNF1A	UGT1A6	1.0	A
REST	GLRA1	1.0	A
TP53	DUSP5	1.0	A
USF2	TERT	1.0	A
CEBPA	TF	1.0	A
POU2F2	HLA-DOB	1.0	A
CREB1	HLA-DOB	1.0	A
MYC	CCNA2	1.0	A
RUNX1	ITGAX	1.0	A
TP53	IFI16	1.0	A
USF1	CD2	1.0	A
USF2	CYP19A1	-1.0	A
USF1	CYP19A1	-1.0	A
CEBPA	PTGS2	1.0	A
RFX5	COL1A2	-1.0	A
CEBPA	BCL2	1.0	A
NR2F1	LHCGR	-1.0	A
SP1	F2R	1.0	A
RUNX1	PRKCB	1.0	A
SP1	TNFRSF10B	1.0	A
GLI1	BCL2	1.0	A
SP3	NOS3	1.0	A
GATA4	NOS3	1.0	A
JUN	MAT2A	1.0	A
SOX10	RET	1.0	A
PPARA	PANK1	1.0	A
CREB1	HMOX1	1.0	A
TFAP2A	EGFR	1.0	A
HNF4A	GUCY2C	1.0	A
SP1	DCK	1.0	A
HIF1A	PTGS2	1.0	A
TBP	MYC	1.0	A
STAT5A	BCL2	1.0	A
JUN	CDKN1A	1.0	A
CEBPA	AFP	1.0	A
JUND	FOSL1	1.0	A
JUN	FOSL1	1.0	A
CREB1	VIP	1.0	A
WT1	PDGFA	-1.0	A
FOS	NR3C1	-1.0	A
ETS2	ANPEP	1.0	A
CEBPD	C3	1.0	A
SP1	KLK3	1.0	A
HIF1A	NR4A1	1.0	A
LEF1	CD1D	-1.0	A
MYC	EIF4E	1.0	A
ESR1	PELP1	1.0	A
GLI2	PTCH1	1.0	A
GLI1	PTCH1	1.0	A
NFKB1	IL2	1.0	A
FOS	NFATC1	1.0	A
FOS	ACP5	1.0	A
STAT3	CYP19A1	1.0	A
SP1	CYP19A1	1.0	A
PPARG	BCL2	1.0	A
VDR	CDKN1B	1.0	A
TP53	SLC2A1	-1.0	A
STAT1	CXCL8	-1.0	A
TP53	HSP90AB1	-1.0	A
HIF1A	TIMP1	1.0	A
JUN	CCND1	1.0	A
PAX6	GCK	1.0	A
ESR1	HOXA10	1.0	A
NFATC2	IL4	1.0	A
CEBPB	ABCB1	1.0	A
TP53	COP1	1.0	A
TP53	SIVA1	1.0	A
MYB	DHRS2	1.0	A
MYBL1	DHRS2	1.0	A
NRF1	FMR1	1.0	A
GLI2	GLI1	1.0	A
EGR3	NAB2	1.0	A
ESR1	MTA3	1.0	A
HIF1A	EGLN3	1.0	A
EPAS1	EGLN3	1.0	A
RELA	SIRT1	1.0	A
CEBPA	NFYA	1.0	A
CTCF	IGF2	-1.0	A
AR	SCAP	1.0	A
MYB	NR3C1	1.0	A
GFI1	GFI1B	1.0	A
ESR1	TAC3	1.0	A
CEBPA	CPS1	1.0	A
SP1	SCT	1.0	A
ATF2	CCND1	1.0	A
SP3	SCT	1.0	A
MYCN	NES	1.0	A
SP3	KDR	1.0	A
FOXO3	FBXO32	1.0	A
SP3	CNMD	1.0	A
E2F4	PLK1	-1.0	A
SREBF1	NR0B2	1.0	A
STAT5B	ESR1	1.0	A
TP53	CHEK2	-1.0	A
ESR1	BMP6	1.0	A
SP1	NR3C1	1.0	A
CEBPB	ALB	1.0	A
MYBL2	MYC	1.0	A
MYC	MYBL2	1.0	A
STAT3	TRH	1.0	A
USF2	TGFB1	1.0	A
USF1	TGFB1	1.0	A
CREB1	ETV3	1.0	A
LEF1	CLDN2	1.0	A
PPARG	SAT1	1.0	A
ATF4	VEGFA	1.0	A
SP1	PCK1	1.0	A
MITF	TRPM1	1.0	A
SP1	EPO	1.0	A
SMAD3	EPO	1.0	A
HNF4A	EPO	1.0	A
RBPJ	HEY1	1.0	A
MITF	FOS	1.0	A
IRF1	TAP1	1.0	A
ETS1	TNC	1.0	A
MYB	ELANE	1.0	A
ESR1	ABCG2	1.0	A
SPI1	TGFBR2	1.0	A
ETV4	TGFBR2	1.0	A
MITF	BEST1	1.0	A
JUND	PLAUR	1.0	A
EPAS1	SERPINE1	1.0	A
TP53	TP53AIP1	1.0	A
SP1	IVL	1.0	A
CREM	CCNA2	-1.0	A
NR4A1	CYP17A1	1.0	A
SP1	TGFA	1.0	A
TP53	PLK1	-1.0	A
RELA	GSTP1	1.0	A
RARA	SFTPB	1.0	A
PPARG	CDKN1A	1.0	A
ZNF148	MMP3	1.0	A
SMAD3	TNC	1.0	A
SREBF1	LDLR	1.0	A
RARA	CXCR5	1.0	A
TFAP4	MDM2	-1.0	A
JUN	SPP1	1.0	A
SP1	CYP17A1	1.0	A
GATA6	CYP17A1	1.0	A
GATA4	CYP17A1	1.0	A
ETV4	WT1	1.0	A
HNF1A	APOH	1.0	A
SMAD4	TNC	1.0	A
STAT5A	ESR2	1.0	A
STAT5A	ESR1	1.0	A
ESR1	STAT5A	1.0	A
HIF1A	TP53	1.0	A
JUN	GCLC	1.0	A
RELA	IL6	1.0	A
SPI1	ITGB2	1.0	A
HNF1A	ALB	1.0	A
POU2F1	HPGDS	1.0	A
SMAD4	APOC3	1.0	A
SMAD3	APOC3	1.0	A
ZIC2	DRD1	-1.0	A
EGR1	TGFBR2	-1.0	A
SP1	ESR1	1.0	A
ESR1	SP1	1.0	A
USF1	CCNB1	1.0	A
AR	MYC	1.0	A
CEBPB	CDKN1A	1.0	A
TP53	RRM2B	1.0	A
TP53	PIAS3	-1.0	A
SP1	F3	1.0	A
ATF2	ATF3	1.0	A
JUN	ATF3	1.0	A
SP1	CD44	1.0	A
TFAP2A	VEGFA	1.0	A
NFKB1	ICAM1	1.0	A
CEBPB	IL4	1.0	A
ESR1	APOA1	1.0	A
ZIC2	APOE	1.0	A
ZIC1	APOE	1.0	A
NFE2L2	NQO1	1.0	A
JUN	NQO1	1.0	A
NFKB1	IL1B	1.0	A
NFKB1	CRP	1.0	A
E2F4	CDK1	1.0	A
SP1	POLB	-1.0	A
ESR1	NOS3	1.0	A
ESR1	AKT1	1.0	A
STAT1	IRF1	1.0	A
EPAS1	VEGFA	1.0	A
ESR1	KRT19	1.0	A
SPI1	GATA1	-1.0	A
BMAL2	SERPINE1	1.0	A
ATF1	IL10	1.0	A
ESR2	PGR	1.0	A
CEBPB	FOS	1.0	A
CREB1	CGA	1.0	A
ATF1	CGA	1.0	A
NR5A1	CYP11B1	1.0	A
CREB1	IL10	1.0	A
CREB1	TG	1.0	A
NFKB1	VCAM1	1.0	A
NFKB1	IL6	1.0	A
SP1	PTN	1.0	A
FOXO1	G6PC1	1.0	A
ERG	ICAM2	1.0	A
SP1	MYBL1	1.0	A
SP1	NOS3	1.0	A
ZEB1	CDH1	-1.0	A
ETS1	PSEN1	1.0	A
JUN	IL24	1.0	A
SOX10	MITF	1.0	A
ESR1	PTMA	-1.0	A
CTCF	APP	1.0	A
FOS	MMP9	1.0	A
IRF7	IFNA1	1.0	A
SOX10	MPZ	1.0	A
HIF1A	BNIP3	1.0	A
NFKB1	CSF1	1.0	A
SP1	STAR	1.0	A
JUN	CCL2	1.0	A
JUN	SPRR1B	1.0	A
NFKB1	BCL2L1	1.0	A
E2F1	MDM2	-1.0	A
EGR1	TP73	1.0	A
IRF8	NCF2	1.0	A
MYC	CAD	1.0	A
ATF1	TGFB2	1.0	A
RELA	ICAM1	1.0	A
RELA	VCAM1	1.0	A
TP53	ING1	1.0	A
ETS1	FLT1	1.0	A
CEBPE	LTF	1.0	A
IRF2	CIITA	1.0	A
STAT1	TAP1	1.0	A
USF1	BRCA2	1.0	A
ELF1	BRCA2	1.0	A
WT1	CCN2	-1.0	A
ATF2	PCK1	1.0	A
USF2	BRCA2	1.0	A
SP1	TNF	1.0	A
SMAD3	SMAD7	1.0	A
SMAD4	SMAD7	1.0	A
FOSL1	ELN	-1.0	A
JUN	ELN	-1.0	A
RELA	EDN1	1.0	A
HIF1A	CDKN1A	1.0	A
TFAP2A	MPG	1.0	A
ATF6	HSPA5	1.0	A
ATF3	SELE	-1.0	A
SP1	ALOX12	1.0	A
E2F1	TYMS	1.0	A
WT1	VDR	1.0	A
FOXA1	SFTPB	1.0	A
RARA	MUC5AC	1.0	A
GATA2	EPO	-1.0	A
SP1	CTSD	1.0	A
ESR1	CTSD	1.0	A
SP1	IGF2	1.0	A
CEBPB	IGF2	1.0	A
REL	CRP	1.0	A
REL	IL6	-1.0	A
STAT5A	CCND2	1.0	A
SP1	CCND2	1.0	A
STAT3	MCL1	1.0	A
ETV4	MMP7	1.0	A
TFDP1	DHFR	1.0	A
E2F4	DHFR	-1.0	A
NKX2-1	SFTPB	1.0	A
TP53	CHEK1	-1.0	A
NR1H3	ABCG1	1.0	A
NR1H3	APOE	1.0	A
TFAP2A	TH	1.0	A
TFAP2A	DBH	1.0	A
ESR1	TGFA	1.0	A
PPARA	CPT1A	1.0	A
JUN	IL1B	1.0	A
PPARG	UCP1	1.0	A
CREB1	NF1	1.0	A
TP53	NDRG1	1.0	A
JUN	PLAUR	1.0	A
FOSL1	PLAUR	1.0	A
ETS2	CDKN2A	1.0	A
TP53	MAP4	-1.0	A
ETS1	CDKN2A	1.0	A
SP1	CDKN1B	1.0	A
HNF4A	APOC3	1.0	A
HNF4A	APOB	1.0	A
EGR1	PDGFB	1.0	A
SP1	PDGFB	1.0	A
POU2F1	GADD45A	1.0	A
SP3	MUC2	1.0	A
SP1	MUC2	1.0	A
NR5A1	SRY	1.0	A
JUN	VEGFA	1.0	A
HNF1A	UGT2B17	1.0	A
PPARA	UCP1	1.0	A
ATF2	PLAT	1.0	A
CREB1	PLAT	-1.0	A
ETV4	ERBB2	-1.0	A
ESR1	HSPB1	1.0	A
CREB1	TRH	1.0	A
STAT1	COL1A2	1.0	A
TP53	NOS2	-1.0	A
CREB1	PTGS2	1.0	A
ESR1	AVP	1.0	A
TFAP2A	CDH1	1.0	A
IRF1	HLA-G	1.0	A
USF2	HOXB4	1.0	A
USF1	HOXB4	1.0	A
RELA	PTGS2	1.0	A
NFKB1	PTGS2	1.0	A
MYF6	ACACB	1.0	A
MITF	KIT	1.0	A
SP3	ALPL	1.0	A
WT1	EGFR	-1.0	A
STAT6	IRF1	1.0	A
TBX2	CDKN2A	-1.0	A
SP1	MMP9	1.0	A
RELA	NFKBIA	1.0	A
RELA	MMP9	1.0	A
NFKB1	NFKBIA	1.0	A
NFKB1	MMP9	1.0	A
REL	F3	1.0	A
HES1	ASCL1	-1.0	A
GATA3	IL4	1.0	A
TFAP2C	CSTA	1.0	A
MYB	RAG2	1.0	A
TP53	PPM1D	1.0	A
TP53	HRAS	1.0	A
STAT3	BCL6	1.0	A
HIF1A	SLC2A1	1.0	A
USF1	S100A6	1.0	A
NFE2L2	GCLC	1.0	A
SP1	TP53	1.0	A
CREB1	REN	1.0	A
CREB1	PSEN1	1.0	A
MYB	MAT2A	1.0	A
RELA	MYC	1.0	A
SP1	IL1A	1.0	A
AHR	MYC	1.0	A
RELA	IL1B	1.0	A
RELA	CFTR	1.0	A
NFKB1	CFTR	1.0	A
SP1	CXCL1	1.0	A
SREBF2	FDFT1	1.0	A
ATF1	TH	1.0	A
TP53	FAS	1.0	A
MEF2C	JUN	1.0	A
MYC	BAX	1.0	A
PRDM1	CIITA	-1.0	A
SPI1	PTPRC	1.0	A
JUN	MMP1	1.0	A
FOSL1	MMP1	1.0	A
ELK1	TNF	1.0	A
IRF1	IFNB1	1.0	A
ARNT	VEGFA	1.0	A
STAT4	MYC	1.0	A
ESR2	TERT	1.0	A
MYC	IL2	1.0	A
JUNB	EGFR	1.0	A
KLF12	TFAP2A	-1.0	A
JUN	EGFR	1.0	A
CEBPA	DEFA3	1.0	A
REL	ICAM1	1.0	A
SMAD3	TGFB1	1.0	A
SREBF2	ACLY	1.0	A
GATA2	NOS3	1.0	A
PRDM1	MYC	-1.0	A
YY1	MYC	-1.0	A
SREBF1	ACLY	1.0	A
IRF1	CCL5	1.0	A
SP1	RELA	1.0	A
SP1	IGF1R	1.0	A
POU2F1	HBG1	-1.0	A
CEBPD	TNF	1.0	A
STAT3	SOCS1	1.0	A
SP3	ITGAD	1.0	A
SP3	CTSB	1.0	A
SP1	VEGFA	1.0	A
TP53	CAV1	1.0	A
FOS	MMP1	1.0	A
ESR1	PRL	1.0	A
STAT1	ICAM1	1.0	A
SP1	PLAUR	1.0	A
E2F1	SERPINE1	-1.0	A
TP53	SERPINB5	1.0	A
MYB	BCL2	1.0	A
TP53	CD82	1.0	A
SP1	PTGS2	1.0	A
SPIB	CD40	1.0	A
SPI1	CD40	1.0	A
STAT1	SOCS1	1.0	A
IRF1	SOCS1	1.0	A
STAT1	FCGR1A	1.0	A
NR5A1	POU5F1	1.0	A
JUN	CXCL8	1.0	A
STAT1	MMP9	-1.0	A
EGR1	CHRNA7	1.0	A
SP3	VEGFA	1.0	A
PAX8	TPO	1.0	A
ETS1	CTSB	1.0	A
SP1	ITGAD	1.0	A
SP1	TNFRSF8	1.0	A
TP53	PERP	1.0	A
EGR2	FASLG	-1.0	A
TFDP1	CCNE1	1.0	A
NEUROG3	NEUROD1	1.0	A
TBX21	IFNG	1.0	A
IRF1	PSMB9	1.0	A
STAT1	PSMB9	1.0	A
HNF1A	G6PC1	1.0	A
SP1	TGFBR2	1.0	A
FOXA2	HHEX	1.0	A
NR5A1	MC2R	1.0	A
HNF1A	UGT2B7	1.0	A
SP1	COL1A2	1.0	A
STAT1	CD86	1.0	A
SP1	AR	1.0	A
GABPA	BRCA1	1.0	A
ELF3	SPRR2A	1.0	A
TP53	DKK1	1.0	A
SP1	TERT	1.0	A
TP53	TERT	-1.0	A
SP1	VIM	1.0	A
HIF1A	CP	1.0	A
CEBPB	TNF	1.0	A
WT1	CDH1	-1.0	A
POU2F1	UGT2B7	1.0	A
JUN	MMP13	1.0	A
MYC	FASLG	1.0	A
TP53	ABCC1	1.0	A
HNF4A	PKLR	1.0	A
SPI1	TLR4	1.0	A
STAT3	GFAP	1.0	A
ESR1	LTF	1.0	A
WT1	AMH	1.0	A
LEF1	MITF	1.0	A
STAT3	VEGFA	1.0	A
FOXO4	CDKN1B	1.0	A
HIF1A	NOS2	1.0	A
PPARA	CYP7A1	-1.0	A
HNF1A	SLC2A2	1.0	A
TP53	BDKRB2	1.0	A
EGR1	TGFB1	1.0	A
CEBPA	IL6	1.0	A
EGR1	SERPINE1	1.0	A
EGR1	FN1	1.0	A
KLF4	CDKN1A	1.0	A
ESR1	IGF1	1.0	A
CREB1	BCL2	1.0	A
JUND	MMP13	1.0	A
TP53	ABCB1	-1.0	A
VDR	BGLAP	1.0	A
NR5A1	AMH	1.0	A
SPI1	PRTN3	1.0	A
CEBPA	PPARG	1.0	A
SPI1	SERPINB1	1.0	A
TFAP2A	HGF	-1.0	A
NR1H3	ABCA1	1.0	A
JUNB	CDKN2A	1.0	A
MITF	TYR	1.0	A
TP53	MAPK8	1.0	A
SP1	CSNK2A1	1.0	A
ETS1	CSNK2A1	1.0	A
HIF1A	SERPINE1	1.0	A
JUN	IFNB1	1.0	A
IRF3	IFNB1	-1.0	A
ATF2	IFNB1	1.0	A
MYB	CCNA1	1.0	A
BMAL1	DBP	1.0	A
E2F1	CDKN2A	1.0	A
CLOCK	PER1	1.0	A
E2F1	CCNA2	1.0	A
BMAL1	PER1	1.0	A
STAT1	NOS2	1.0	A
HIF1A	ADM	1.0	A
CREM	IL2	1.0	A
ESR1	VEGFA	1.0	A
SREBF1	FASN	1.0	A
SPI1	MMP2	-1.0	A
MYC	GADD45A	-1.0	A
TP53	VEGFA	-1.0	A
CREB1	INS	1.0	A
ATF2	INS	1.0	A
STAT3	IL10	1.0	A
PGR	ESR1	1.0	A
ESR1	PGR	1.0	A
SP1	PGR	1.0	A
TP53	CASP3	1.0	A
PAX4	INS	-1.0	A
SP1	VDR	1.0	A
RELA	BCL2L1	1.0	A
CDX2	GUCY2C	1.0	A
SP1	SERPINE1	1.0	A
CEBPB	CRP	1.0	A
STAT3	CRP	1.0	A
ESR1	EGF	1.0	A
HOXA5	PGR	1.0	A
PAX3	BCL2L1	1.0	A
SP1	UTRN	1.0	A
MZF1	TERT	-1.0	A
MYC	THBS1	-1.0	A
FOS	CDKN1A	-1.0	A
MITF	TYRP1	1.0	A
SP1	LTF	1.0	A
EGR1	TH	1.0	A
NEUROD1	INS	1.0	A
REST	GRIN1	-1.0	A
SP1	CCL2	1.0	A
TFAP2A	ERBB2	1.0	A
CEBPB	PRL	1.0	A
RELA	FN1	1.0	A
NFKB1	FN1	1.0	A
PGR	MYC	-1.0	A
STAT1	CIITA	1.0	A
ETS1	PRL	1.0	A
FOXA2	PDX1	1.0	A
JUN	CD44	1.0	A
SNAI1	CDH1	-1.0	A
SP1	IL10	1.0	A
STAT6	ALOX15	1.0	A
JUN	PTGS2	1.0	A
EGR1	FLT1	1.0	A
SP1	SOD2	1.0	A
SP1	CETP	-1.0	A
HNF4A	GH1	-1.0	A
CDX2	LCT	1.0	A
PPARA	LPL	1.0	A
CEBPB	PTGS2	1.0	A
RARA	RARB	1.0	A
HNF4A	CYP7A1	-1.0	A
CEBPD	PTGS2	1.0	A
RELA	SERPINE1	1.0	A
TP53	TNFRSF10B	1.0	A
TP53	BRCA1	-1.0	A
WT1	TERT	-1.0	A
SP1	EGFR	-1.0	A
MYC	HMOX1	1.0	A
SMAD3	CDKN1A	1.0	A
FOS	IL2	1.0	A
AR	CDKN1A	1.0	A
SMAD4	TGFB1	1.0	A
TP53	TP63	-1.0	A
WT1	IGF2	-1.0	A
MYC	NCL	1.0	A
ETS1	PTHLH	1.0	A
SP1	FMR1	1.0	A
TFAP2A	FMR1	1.0	A
TP53	TGFB1	1.0	A
TP53	GDF15	1.0	A
SP1	SRC	1.0	A
SMAD1	SPP1	1.0	A
CTCF	MYC	-1.0	A
EGR1	IGF2	1.0	A
ATF4	TRIB3	1.0	A
SP3	UTRN	1.0	A
CREB1	IL2	1.0	A
WT1	THBS1	1.0	A
SP1	IGFBP4	1.0	A
MYC	TP53	1.0	A
TP53	MYC	-1.0	A
NFKB1	TP53	1.0	A
SP1	IGFBP3	1.0	A
TP53	RELA	1.0	A
RELA	TP53	1.0	A
FOXO1	IGFBP1	1.0	A
STAT5A	CSN2	1.0	A
SP3	IGFBP3	1.0	A
SOX9	CDKN1A	1.0	A
MYC	CCNE1	1.0	A
AR	JUN	1.0	A
EGR1	CDKN1A	1.0	A
AHR	CYP1A1	1.0	A
SP1	PLAU	1.0	A
STAT1	SOCS3	1.0	A
EGR1	CCND1	1.0	A
STAT3	SOCS3	1.0	A
SP1	CYP3A7	1.0	A
E2F1	DHFR	1.0	A
SP1	CYP3A4	1.0	A
RFX1	PCNA	-1.0	A
HNF1A	INS	1.0	A
IRF1	IFNA1	1.0	A
IRF1	IRF2	1.0	A
TP53	LITAF	1.0	A
TP53	BTG2	1.0	A
SP3	CDKN1A	1.0	A
TP53	PCNA	1.0	A
STAT1	IFNB1	-1.0	A
ATF2	JUN	1.0	A
EGR1	F3	1.0	A
SRF	EGR1	1.0	A
HNF4A	SERPINA1	1.0	A
JUN	CSF2	1.0	A
TP53	HIPK2	1.0	A
NFATC2	CSF2	1.0	A
MEF2A	JUN	1.0	A
RUNX2	MMP13	1.0	A
CDX2	KLF4	1.0	A
YBX1	MMP13	-1.0	A
PDX1	INS	1.0	A
HNF1A	HNF4A	1.0	A
HNF4A	HNF1A	1.0	A
STAT5B	IGF1	1.0	A
SP3	CYP3A7	1.0	A
POU2F1	IL5	1.0	A
YY1	IL5	1.0	A
MYC	ODC1	1.0	A
SP1	MYC	1.0	A
FOXO1	PCK1	1.0	A
TP53	BBC3	1.0	A
MYC	PTMA	1.0	A
MYCN	NDRG1	-1.0	A
MYC	NDRG1	-1.0	A
TP63	CDKN1A	1.0	A
SP1	CYP11A1	1.0	A
ESR1	F12	1.0	A
PAX8	BCL2	1.0	A
SP3	COL2A1	-1.0	A
SP1	COL2A1	1.0	A
NPAS2	PER2	1.0	A
MAZ	MYC	1.0	A
NPAS2	PER1	1.0	A
NPAS2	CRY1	1.0	A
BMAL1	PER2	1.0	A
BMAL1	CRY1	1.0	A
POU1F1	GH1	1.0	A
E2F1	TERT	1.0	A
NR5A1	CYP19A1	1.0	A
MYC	BRCA1	1.0	A
SP1	ODC1	1.0	A
CEBPA	SP1	1.0	A
RARA	PLAU	1.0	A
LEF1	MMP7	1.0	A
NFAT5	TNF	1.0	A
NFYA	SP3	1.0	A
SPI1	BTK	1.0	A
SP1	BTK	1.0	A
SP3	BTK	1.0	A
SP3	CYP3A5	1.0	A
SP1	SP3	1.0	A
TFAP2C	ERBB2	1.0	A
PPARG	ADIPOQ	1.0	A
ETS1	ABCB1	1.0	A
EGR1	CAT	1.0	A
STAT6	IL4	1.0	A
EGR1	PDGFA	1.0	A
SP1	IFNGR1	1.0	A
JUN	ABCB1	-1.0	A
SMAD3	PTHLH	1.0	A
NFKB1	FAS	1.0	A
TP53	SERPINE1	1.0	A
RELA	CD40LG	1.0	A
SP1	CYP7B1	1.0	A
SP1	GSTP1	1.0	A
STAT3	BCL2	1.0	A
SOX9	MIA	1.0	A
SOX10	DCT	-1.0	A
FOS	FGF2	1.0	A
ELK1	FOS	1.0	A
USF2	TOP3A	1.0	A
TBX5	NPPA	1.0	A
TP53	FOS	-1.0	A
TP53	CHUK	-1.0	A
SP1	FOS	1.0	A
SP1	EGR1	1.0	A
MYC	ENO1	1.0	A
TP53	CCND1	-1.0	A
CREB1	PCK1	1.0	A
RELA	NOS2	1.0	A
NFKB1	NOS2	1.0	A
ATF4	DDIT3	1.0	A
ATF4	ATF3	1.0	A
ATF3	DDIT3	1.0	A
SMAD4	SERPINE1	1.0	A
SMAD3	SERPINE1	1.0	A
STAT1	IRF8	1.0	A
TP53	S100A2	1.0	A
TP53	BAX	1.0	A
HNF4A	PCK1	1.0	A
TP53	CCNG1	1.0	A
E2F1	BCL2	1.0	A
SP1	CXCL5	1.0	A
JUN	APP	1.0	A
SP3	OPRM1	1.0	A
SP1	OPRM1	1.0	A
TP53	TGFA	1.0	A
TP53	EPHA2	1.0	A
CEBPB	SFTPD	1.0	A
CEBPA	SFTPD	1.0	A
CEBPG	SFTPD	1.0	A
ATF6	ATP2A2	1.0	A
TP73	CDK1	-1.0	A
GATA3	IL13	-1.0	A
TWIST1	CDKN1A	-1.0	A
SP1	PAX6	1.0	A
SP1	MMP28	1.0	A
PAX8	SLC5A5	1.0	A
FOXM1	CCND1	1.0	A
FOXM1	CCNB1	1.0	A
TP53	AFP	-1.0	A
SMAD4	FSTL3	1.0	A
NFKB1	BCL2	1.0	A
ZNF148	CXCL5	1.0	A
SP1	HRAS	1.0	A
TP53	GADD45A	1.0	A
STAT4	IFNG	1.0	A
PPARG	LPL	1.0	A
REL	IL2RA	1.0	A
SP1	LDLR	1.0	A
KLF4	LAMA3	1.0	A
YY1	LDLR	-1.0	A
CEBPA	PCK1	1.0	A
WT1	CDKN1A	1.0	A
FOS	ERCC1	1.0	A
YY1	CXCR4	-1.0	A
MYC	CXCR4	1.0	A
USF1	CXCR4	1.0	A
NR5A1	LHB	1.0	A
ATF2	TNF	1.0	A
JUN	TNF	1.0	A
LEF1	CCND1	1.0	A
TP53	EGFR	1.0	A
TP53	PTEN	1.0	A
CEBPB	STAR	1.0	A
NR5A1	STAR	1.0	A
SRF	FOS	1.0	A
MYC	CDKN1A	-1.0	A
JUN	IL2	1.0	A
JUN	OXTR	1.0	A
SP1	TGFB1	1.0	A
ETS1	IL5	1.0	A
GATA3	IL5	1.0	A
NR5A1	CYP17A1	1.0	A
FOXO3	FASLG	1.0	A
ELK1	SOD1	1.0	A
FLI1	GP9	1.0	A
USF1	FASN	1.0	A
FLI1	ITGA2B	1.0	A
EGR1	ELK1	1.0	A
ELK1	EGR1	1.0	A
POU1F1	PRL	1.0	A
CEBPA	ALB	1.0	A
HNF4A	CYP8B1	1.0	A
CREB1	CCND1	1.0	A
JUN	IL6	1.0	A
HIF1A	EPO	1.0	A
MYC	CDC25A	1.0	A
ARNT	EPO	1.0	A
TP73	MDM2	1.0	A
TP53	TP73	1.0	A
TP73	CDKN1A	1.0	A
E2F4	E2F1	-1.0	A
SP1	CDKN1A	1.0	A
ETS2	IL5	1.0	A
STAT1	IFNG	1.0	A
SP1	CA9	1.0	A
CREB1	EGR1	1.0	A
SP1	MAT2A	1.0	A
JUN	MMP9	1.0	A
SP3	ITGAV	1.0	A
JUN	CYP11A1	1.0	A
E2F1	CCNE1	1.0	A
JUN	NR3C1	-1.0	A
STAT3	A2M	1.0	A
E2F1	CCND1	1.0	A
TFAP2A	KIT	1.0	A
YY1	TP53	1.0	A
TFAP2A	FAS	1.0	A
TFAP2A	F2R	-1.0	A
MITF	DCT	1.0	A
TP53	DNMT1	-1.0	A
WT1	AR	-1.0	A
SP1	CDK6	-1.0	A
MYB	CD4	1.0	A
FOS	CCND1	-1.0	A
PPARG	CCND1	-1.0	A
IRF1	CIITA	1.0	A
NR1H3	SREBF1	1.0	A
NR1H2	SREBF1	1.0	A
USF1	TOP3A	1.0	A
SP3	SLC9A2	1.0	A
SP1	ITGAV	1.0	A
WT1	IGF1R	-1.0	A
WT1	MYCN	-1.0	A
CREB1	JUN	-1.0	A
SP1	HMGA2	1.0	A
SMAD3	BGLAP	1.0	A
SP3	HMGA2	1.0	A
RELA	CXCL8	1.0	A
PAX3	MITF	1.0	A
NRL	RHO	1.0	A
RELA	TNF	1.0	A
NFKB1	TNF	1.0	A
NFIC	CYP1A1	-1.0	A
E2F1	RB1	1.0	A
SP1	LHCGR	1.0	A
ESRRA	CYP19A1	1.0	A
USF1	PKLR	1.0	A
STAT3	JUNB	1.0	A
SP1	CCND1	1.0	A
ESR1	TFAP2C	1.0	A
TFAP2C	ESR1	1.0	A
YY1	TOP3A	1.0	A
PAX8	TG	1.0	A
ESR1	CCND1	1.0	A
SP1	SLC9A2	1.0	A
SP1	MMP2	1.0	A
HNF1A	AKR1C4	1.0	A
ESR1	CDKN1A	1.0	A
NFE2L2	HMOX1	1.0	A
ETV4	PTGS2	1.0	A
USF1	CYP1A1	-1.0	A
NR3C1	SCNN1A	1.0	A
FOS	CD69	1.0	A
SP1	MAOB	1.0	A
SP3	MAOB	-1.0	A
SRF	DMD	1.0	A
SOX9	AMH	1.0	A
NR1H4	FABP6	1.0	A
SP1	GJA1	1.0	A
JUND	IVL	1.0	A
TP53	CDKN1B	1.0	A
REL	IL2	1.0	A
SPI1	IL12B	1.0	A
JUN	NOS2	1.0	A
USF2	APC	1.0	A
USF1	APC	1.0	A
SPI1	CYBB	1.0	A
ETV4	PLAUR	-1.0	A
TP53	CASP1	1.0	A
TP53	CDK1	-1.0	A
PPARG	PTGS2	-1.0	A
POU2F1	CDX2	1.0	A
PPARA	FABP1	1.0	A
SP3	MMP2	1.0	A
MYC	CDKN2B	-1.0	A
TFAP2A	MMP2	1.0	A
ETV4	MMP2	1.0	A
ZBTB17	CDKN2B	1.0	A
E4F1	CCNA2	-1.0	A
ATF2	CDKN1A	1.0	A
CDX2	SI	1.0	A
MYC	CCND2	1.0	A
MITF	CTSK	1.0	A
EGR1	FAS	-1.0	A
JUN	IL12B	1.0	A
CEBPB	IL12B	1.0	A
FLI1	TGFBR2	1.0	A
SP1	BAX	1.0	A
ETS2	TP53	1.0	A
ETS1	TP53	1.0	A
EGR1	NAB2	1.0	A
HIF1A	EDN1	1.0	A
SP1	APOA1	1.0	A
HNF1A	PDX1	1.0	A
SRF	TAGLN	1.0	A
TP53	MDM4	1.0	A
RELA	CCL2	1.0	A
REL	CCL2	1.0	A
TP53	APAF1	1.0	A
E2F1	APAF1	1.0	A
JUN	SPI1	1.0	A
SMAD4	CDKN1A	1.0	A
ESR1	C3	1.0	A
RELA	BCL3	1.0	A
NR1H4	ABCB11	1.0	A
EGR1	TNF	1.0	A
SP1	FN1	1.0	A
PPARG	FABP4	1.0	A
STAT5A	BCL2L1	1.0	A
SP1	LEP	1.0	A
PPARG	PTEN	1.0	A
CREB1	BDNF	1.0	A
HNF4A	GHR	1.0	A
STAT5A	OSM	1.0	A
EGR1	MMP14	1.0	A
TP53	POLD1	-1.0	A
PPARG	CD36	1.0	A
STAT6	BCL2L1	1.0	A
SP1	CD99	1.0	A
HIF1A	VEGFA	1.0	A
SP1	ABCB1	1.0	A
ETS1	CSNK2A2	1.0	A
ESR2	OXT	1.0	A
SPI1	ACP5	1.0	A
HSF1	HSPA1B	1.0	A
EGR1	ABCB1	1.0	A
WT1	ABCB1	1.0	A
TFAP2A	CDKN1A	1.0	A
YY1	CETP	1.0	A
SREBF1	CETP	1.0	A
SREBF1	SCD5	1.0	A
SP1	AGTR1	1.0	A
PPARG	PCK1	1.0	A
STAT1	PTGS2	1.0	A
STAT1	CD40	1.0	A
NR1I2	CYP3A4	1.0	A
HNF1A	CYP7A1	1.0	A
JUNB	CLU	1.0	A
STAT1	IFNA1	1.0	A
WT1	BCL2	1.0	A
RELA	CSF2	1.0	A
FOS	CLU	-1.0	A
FOSL1	CLU	1.0	A
CREB1	TH	1.0	A
SP3	TNF	-1.0	A
TP53	CDC25C	-1.0	A
IRF1	TAP2	1.0	A
AHR	UGT1A6	1.0	A
PAX5	CD79A	1.0	A
SP1	SPI1	1.0	A
SP1	PLAT	1.0	A
SP1	CD28	1.0	A
CEBPA	MYC	-1.0	A
SP3	PLAT	1.0	A
SPI1	IL1B	1.0	A
MYC	CEBPA	-1.0	A
PGR	IGFBP1	1.0	A
CEBPA	LEP	1.0	A
PAX5	BLK	1.0	A
SREBF2	LDLR	1.0	A
NR5A1	CYP11A1	1.0	A
CEBPB	CXCL8	1.0	A
HNF1A	UGT1A1	1.0	A
NFKB1	CCND1	1.0	A
TFAP2A	TAF7	1.0	A
SP1	CES1	1.0	A
JUND	IL6	1.0	A
RELA	CCND1	1.0	A
CEBPB	IL1B	1.0	A
RELA	PLAU	1.0	A
EGR1	CD28	1.0	A
SP1	COL1A1	-1.0	A
TFAP2A	CYP11A1	1.0	A
SP1	TIMP1	1.0	A
ETS1	PARP1	1.0	A
POU2F1	HLA-DRA	-1.0	A
ETS1	MGAT5	1.0	A
STAT1	HSP90AA1	-1.0	A
HSF1	HSPA4	1.0	A
CEBPB	HP	1.0	A
HIF1A	TFRC	1.0	A
RELA	NFKB1	1.0	A
PAX5	CD19	1.0	A
FOXP1	SFTPC	1.0	A
CEBPB	IL6	-1.0	A
MYC	HSPA4	1.0	A
NR0B1	NR5A1	-1.0	A
NR5A1	NR0B1	1.0	A
SP1	SLC25A5	1.0	A
HIF1A	HMOX1	1.0	A
ESR1	E2F1	1.0	A
USF1	PTGS2	-1.0	A
FOS	IL6	-1.0	A
SP1	E2F1	1.0	A
FOS	VEGFA	1.0	A
TP53	MSH2	1.0	A
SP1	PSEN1	1.0	A
DDIT3	TRIB3	1.0	A
PPARA	ACSL1	1.0	A
MYC	HIF1A	-1.0	A
FOXO3	CAT	1.0	A
NFATC1	IL5	1.0	A
BACH2	IL2	1.0	A
RELA	IL10	1.0	A
EGR1	THBS1	-1.0	A
KLF6	ATF3	1.0	A
SP1	FES	1.0	A
FOXO1	SELL	1.0	A
RARA	PCK1	1.0	A
SP1	TNFSF10	1.0	A
NFE2	TBXA2R	1.0	A
GATA1	TBXA2R	1.0	A
ETS1	TBXA2R	1.0	A
EGR1	TBXA2R	1.0	A
HNF1A	MTTP	1.0	A
TP53	PDGFRB	1.0	A
RELA	IRF1	1.0	A
NR3C1	CALD1	1.0	A
AR	EGFR	-1.0	A
KLF5	FASN	1.0	A
USF2	FMR1	1.0	A
NFKB1	CFLAR	1.0	A
ESR1	ZFHX3	1.0	A
FOXP2	CNTNAP2	-1.0	A
FOXM1	VEGFA	1.0	A
HNF4A	SELENOP	1.0	A
SMAD3	VEGFA	1.0	A
ESR1	KRT13	1.0	A
EGR1	IL3	1.0	A
SOX2	GLI2	1.0	A
HIF1A	HSPA1B	1.0	A
E2F1	HSPA5	-1.0	A
CDX1	DSC2	1.0	A
CDX2	DSC2	1.0	A
SP1	ADA	1.0	A
EGR1	CTNNB1	1.0	A
SOX9	CEACAM1	1.0	A
JUN	CCL4	1.0	A
E2F3	AURKA	1.0	A
IRF1	CD40	1.0	A
E2F1	PDK4	1.0	A
TP53	AKT1	-1.0	A
STAT1	FCGRT	-1.0	A
HIF1A	AURKA	1.0	A
E2F1	E2F6	1.0	A
E2F6	E2F1	-1.0	A
SPIB	PRDM1	-1.0	A
SPIB	XBP1	-1.0	A
AR	CDC6	1.0	A
ATF3	ID1	-1.0	A
HIF1A	KDM3A	1.0	A
CEBPA	CRMP1	1.0	A
SP1	CRMP1	-1.0	A
SREBF2	PON1	1.0	A
GATA3	PPARG	-1.0	A
GATA2	PPARG	-1.0	A
E2F1	DAPK2	1.0	A
KLF6	DAPK2	1.0	A
SOX9	CLDN7	-1.0	A
ATF2	FN1	1.0	A
STAT3	MUC4	1.0	A
SP1	SOD1	1.0	A
MYC	ETS2	1.0	A
PPARA	PTGS2	-1.0	A
FOXO3	PIK3CA	1.0	A
IRF1	FOXP3	-1.0	A
FOXP1	KLK3	-1.0	A
ETS1	MMP13	1.0	A
PAX8	TERT	1.0	A
JUN	PPARD	1.0	A
EGR1	ATP2A2	-1.0	A
NFKB1	LTA	1.0	A
AR	VEGFA	1.0	A
USF1	CIITA	1.0	A
JUN	MMP7	1.0	A
GATA1	HEMGN	1.0	A
NR4A1	STAR	1.0	A
SP3	EAPP	-1.0	A
SP1	EAPP	1.0	A
EGR1	EAPP	1.0	A
ETS2	MYC	1.0	A
FOXO1	TRIM63	1.0	A
NFKB1	TRAF2	1.0	A
ATF2	DUSP1	1.0	A
CDX2	ABCB1	1.0	A
SPI1	PARG	-1.0	A
CEBPA	FOXA2	1.0	A
WT1	TBXA2R	-1.0	A
STAT5B	BCL2L1	1.0	A
EN1	UTRN	-1.0	A
KMT2A	HOXA9	1.0	A
RELA	IL17C	1.0	A
SP1	KIT	1.0	A
NFKB1	IL17C	1.0	A
PGR	CYP19A1	-1.0	A
SP3	CD2AP	1.0	A
CDX1	PPARG	1.0	A
VDR	AMH	1.0	A
STAT1	IL18BP	1.0	A
YY1	ZNF175	1.0	A
FOXD3	ZNF175	1.0	A
NR1H3	BHLHE40	1.0	A
MYC	MNT	1.0	A
STAT3	COPS5	1.0	A
STAT3	CD274	1.0	A
HIF1A	FOXM1	1.0	A
NFIC	FABP7	1.0	A
ETS1	THBS1	-1.0	A
ZEB1	GRHL2	-1.0	A
STAT3	MMP3	1.0	A
HOXA10	EMX2	-1.0	A
ESR1	RET	1.0	A
SP1	SLC19A3	1.0	A
ATF4	CHAC1	1.0	A
PAX8	E2F1	1.0	A
SP1	TINF2	1.0	A
STAT3	IRF1	1.0	A
CREB1	DIO2	1.0	A
SPI1	CLEC4G	1.0	A
HIF1A	GRIN1	1.0	A
RXRA	CYP7A1	-1.0	A
CTCF	ATXN7	1.0	A
MEF2A	KLF2	1.0	A
GATA1	COPS5	1.0	A
MYC	BRD7	-1.0	A
EGR1	HIF1A	1.0	A
KLF4	PFKP	1.0	A
MYC	HSPD1	1.0	A
LYL1	ERG	1.0	A
SP1	SOCS1	1.0	A
GATA3	ERG	1.0	A
FLI1	ERG	1.0	A
FOXO4	SOD2	1.0	A
FOXO3	TXNIP	1.0	A
FOXO3	CCNG2	1.0	A
ETS1	IL2	1.0	A
TFAP2C	ECM1	1.0	A
SPI1	DAPK2	1.0	A
E2F2	MCM5	1.0	A
ESR1	CYP2C19	-1.0	A
MYC	CDK6	1.0	A
MYB	KLF1	1.0	A
MYB	LMO2	1.0	A
SOX2	ABCC6	1.0	A
STAT3	ROR1	1.0	A
ELK4	FOS	1.0	A
MYC	TFRC	1.0	A
TFAP2C	GREB1	1.0	A
FOXA1	UGT2B17	1.0	A
RELA	TRAF2	1.0	A
MYC	HES1	1.0	A
RUNX1	LGALS3	1.0	A
STAT1	LY96	1.0	A
E2F1	RACGAP1	1.0	A
E2F1	KIF23	1.0	A
CUX1	RACGAP1	1.0	A
AR	ERBB3	1.0	A
TP53	EI24	1.0	A
FOXL2	SOD2	1.0	A
IRF2	TAP1	1.0	A
HNF4A	ABCC2	1.0	A
STAT3	ESR2	1.0	A
ELF1	MEIS1	1.0	A
SMAD4	RUNX1T1	1.0	A
HSF1	BAG3	-1.0	A
HNF4A	C1QTNF5	1.0	A
ESR1	NQO1	-1.0	A
CEBPA	HSD17B11	1.0	A
EGR1	CACNA1H	1.0	A
CTCF	BCL6	-1.0	A
E2F4	BIRC5	-1.0	A
STAT1	MYD88	1.0	A
SMAD4	POR	1.0	A
FOXO3	CDKN1A	1.0	A
STAT1	SCARB1	-1.0	A
HNF4A	SHBG	1.0	A
YY1	OPRM1	1.0	A
FOXO1	CDKN1C	1.0	A
ETS2	TERT	1.0	A
FOXO1	SELENOP	1.0	A
EGR1	SLC5A5	1.0	A
HNF4A	SLC2A2	1.0	A
RARA	CDKN1A	1.0	A
FOXM1	CDKN1B	-1.0	A
YY1	TP73	1.0	A
TP53	UHRF1	-1.0	A
TP53	RASSF1	-1.0	A
SNAI1	FN1	1.0	A
JUN	PLA2G4A	1.0	A
STAT1	CXCL10	1.0	A
RELA	BAX	-1.0	A
HIF1A	PMAIP1	1.0	A
ESR1	ESRRA	1.0	A
FOXO3	CITED2	1.0	A
SMAD3	FOXP3	1.0	A
PBX1	IL10	1.0	A
E2F1	BNIP3	1.0	A
ESR1	KAT2B	1.0	A
KMT2A	HOXA7	1.0	A
TP53	DDR1	1.0	A
SREBF2	NPC1L1	1.0	A
HNF4A	NPC1L1	1.0	A
JUND	CCR4	1.0	A
TWIST1	CDH1	-1.0	A
MYC	TSC2	1.0	A
HIF1A	SPHK1	1.0	A
EPAS1	SPHK1	1.0	A
ESR1	NRF1	1.0	A
MYC	PMAIP1	1.0	A
SP1	MIF	1.0	A
WT1	SMAD3	1.0	A
FOXO3	GALT	1.0	A
HNF4A	PROZ	1.0	A
ATOH1	HES6	1.0	A
E2F1	PCSK6	1.0	A
VDR	IL12B	1.0	A
SMAD3	CYP17A1	-1.0	A
AR	MUC1	-1.0	A
MYC	VEGFA	1.0	A
PGR	BCL2	1.0	A
NFKB1	IL2RA	1.0	A
CLOCK	PER3	1.0	A
HNF4A	SLC26A3	1.0	A
PPARA	CYP1A1	1.0	A
TFAP2A	ADM	1.0	A
FOXP2	PLAUR	1.0	A
NR1H4	ABCC4	-1.0	A
ATF3	LDLR	-1.0	A
FOXO3	CCND1	-1.0	A
STAT3	CCL2	1.0	A
TP53	BCL3	-1.0	A
TP53	TRIM22	1.0	A
SPI1	TYROBP	1.0	A
CTCF	RBL2	1.0	A
NFE2L2	TXNRD1	1.0	A
WT1	WTAP	1.0	A
YY1	LSS	1.0	A
TBX21	CXCR3	1.0	A
STAT3	NNMT	1.0	A
SREBF2	PCSK9	1.0	A
STAT3	TWIST1	1.0	A
RELA	HIF1A	1.0	A
GTF2I	SIRT1	1.0	A
NFKB1	HIF1A	1.0	A
MYC	CCND1	1.0	A
HIF1A	APLN	1.0	A
HIF1A	GAPDH	1.0	A
SP3	PADI1	1.0	A
PAX5	TP53	1.0	A
SP1	PADI1	1.0	A
TP53	GPNMB	1.0	A
TP53	PAX5	1.0	A
HNF4A	CDKN1A	1.0	A
HIF1A	TUBB3	1.0	A
HNF1A	SLC22A9	1.0	A
ETS1	MCL1	1.0	A
PURA	AR	-1.0	A
SREBF1	HMGCR	1.0	A
HIF1A	EDNRB	1.0	A
FOXM1	BMI1	1.0	A
ESR1	CD24	-1.0	A
HNF4A	PRPF3	1.0	A
HIF1A	STC2	1.0	A
YY1	EGFR	1.0	A
FOXO1	ABCB1	1.0	A
SP1	ATF2	1.0	A
E2F1	TNFSF11	1.0	A
RELA	IL23A	1.0	A
NFKB1	IL23A	1.0	A
NFKB1	BCL3	1.0	A
STAT3	EGFR	1.0	A
E2F1	KIR3DL1	1.0	A
MYC	PCNA	1.0	A
INSM1	INS	1.0	A
RUNX2	LGALS3	1.0	A
CEBPA	IL4	1.0	A
E2F1	PLK4	1.0	A
E2F1	DBF4	1.0	A
E2F4	PLK4	-1.0	A
E2F1	PLK1	1.0	A
MYC	DFFA	1.0	A
CREB1	AQP3	1.0	A
YY1	PRDM2	1.0	A
FOXA2	TTR	1.0	A
SNAI2	VDR	-1.0	A
SPI1	TNF	1.0	A
REST	CARTPT	-1.0	A
FOXA1	UGT2B15	1.0	A
SOX2	CCND1	1.0	A
TP53	BCL6	1.0	A
MITF	BIRC7	1.0	A
FOXO1	CAV1	1.0	A
SP1	KIF2C	1.0	A
E2F1	KIF2C	1.0	A
E2F4	FBXO5	1.0	A
SP1	CCN2	1.0	A
TP53	GSTP1	1.0	A
SP1	KLF8	1.0	A
FOXO3	ABCB1	1.0	A
NRF1	CAPNS1	1.0	A
SPI1	CD14	1.0	A
NFATC2	IL5	1.0	A
MYC	MEIS1	1.0	A
TP53	INTS7	-1.0	A
GATA3	TGFBR3	1.0	A
E2F1	DTL	1.0	A
WT1	ETS1	1.0	A
ETS1	WT1	1.0	A
TFCP2	TF	1.0	A
VDR	IGFBP3	-1.0	A
SP1	APEX1	-1.0	A
TP53	ELF4	-1.0	A
YY1	APH1A	1.0	A
ERG	CDH5	1.0	A
FOXO3	PRDX3	1.0	A
STAT6	CISH	1.0	A
FOXO3	PLAU	-1.0	A
TP53	CTNNB1	-1.0	A
SP1	PRKCE	-1.0	A
RELA	CDKN1A	1.0	A
E2F1	XRCC1	1.0	A
HIC1	ATOH1	-1.0	A
ESR1	AR	1.0	A
E2F1	SP3	-1.0	A
HIF1A	KITLG	1.0	A
SP1	DBH	1.0	A
STAT1	TNFSF13B	1.0	A
SP1	ADGRE5	1.0	A
E2F1	BIN1	1.0	A
SP3	ADGRE5	1.0	A
E2F1	CTNND2	1.0	A
AR	UGT2B15	1.0	A
FOXO1	TXNIP	1.0	A
HIF1A	TWIST1	1.0	A
EGR1	IL6	-1.0	A
MITF	RAB27A	1.0	A
SREBF1	NPC1	1.0	A
EGR1	WNT4	-1.0	A
EGR1	CYP2B6	1.0	A
STAT1	IL1B	1.0	A
CREB1	AQP2	1.0	A
HNF4A	RNASE2	1.0	A
CEBPA	TNFRSF1A	1.0	A
PBX1	NANOG	1.0	A
KLF4	NANOG	1.0	A
HIC1	E2F1	-1.0	A
E2F1	HIC1	1.0	A
HIF1A	ANGPT2	1.0	A
CEBPB	XBP1	1.0	A
RBPJ	CR2	1.0	A
FOXA1	HSPA1A	1.0	A
HNF4A	ACAT2	1.0	A
SPI1	JCHAIN	1.0	A
JUN	ETS1	1.0	A
ETS1	FOS	1.0	A
ETS1	CD6	1.0	A
ATF4	DDIT4	1.0	A
PPARA	APOA4	1.0	A
IRF1	HLA-A	1.0	A
HIC1	ACKR3	-1.0	A
TP53	CCNG2	1.0	A
STAT3	PGF	-1.0	A
SP1	UGT1A4	1.0	A
REL	EPHB2	-1.0	A
MYC	HSP90AA2P	1.0	A
E2F1	MYC	1.0	A
MYC	E2F1	1.0	A
STAT1	EGLN3	1.0	A
HSF1	NAT1	1.0	A
SP1	CENPW	1.0	A
RELA	AKT1	-1.0	A
E2F1	SIAH1	1.0	A
CEBPA	AGT	1.0	A
PAX6	PCSK1	1.0	A
EGR1	SPP1	1.0	A
STAT1	TNFSF11	1.0	A
SPI1	FLI1	1.0	A
SP1	SCTR	1.0	A
GATA1	AGGF1	1.0	A
FOXL2	CYP17A1	-1.0	A
HNF4A	UGT2B7	1.0	A
HIF1A	MCL1	1.0	A
FOXO3	CDKN2B	1.0	A
ETS2	MMP9	1.0	A
FOXM1	PLK1	1.0	A
HNF4A	ALDOB	1.0	A
AR	IGF1R	1.0	A
JUND	TGFB1	1.0	A
HIF1A	AGT	1.0	A
RUNX1	SPI1	1.0	A
SPI1	RUNX1	1.0	A
MYC	PARP1	1.0	A
EGR1	MYC	1.0	A
SPI1	ITGAX	1.0	A
JUN	EDN1	1.0	A
HIF1A	PLAUR	1.0	A
AR	TMPRSS2	1.0	A
FOS	EZR	1.0	A
JUN	EZR	1.0	A
SP1	EZR	1.0	A
ESR1	BCL2	1.0	A
GATA4	ERBB2	-1.0	A
FOXO1	KLF2	1.0	A
HNF1A	CRP	1.0	A
NR3C1	RLN2	1.0	A
RARA	MAOB	1.0	A
PAX2	WT1	1.0	A
WT1	PAX2	-1.0	A
RELA	TRAF1	1.0	A
CTCF	RAD21	1.0	A
SP1	IL3	1.0	A
KLF4	BIRC5	-1.0	A
LEF1	CTNNB1	1.0	A
RELA	CXCL10	1.0	A
NFATC1	ICAM1	1.0	A
E2F1	CDAN1	1.0	A
CEBPA	SOCS3	1.0	A
FOXM1	CDC25A	1.0	A
BMAL1	PER3	1.0	A
SOX9	NKX3-2	1.0	A
HIF1A	ADIPOQ	1.0	A
E2F1	FGFR1	1.0	A
STAT1	EDN1	1.0	A
IRF1	CXCL10	1.0	A
SPI1	LY96	1.0	A
NFKB1	CXCL10	1.0	A
HIF1A	CD36	1.0	A
IRF9	IFIT3	1.0	A
ESR1	AKT2	1.0	A
ZEB1	AR	-1.0	A
STAT2	IFIT3	1.0	A
CDX2	REG4	1.0	A
ETS1	CD4	1.0	A
FOXA1	RPRM	-1.0	A
FOS	FASN	1.0	A
MYC	PTEN	1.0	A
TP53	LIF	1.0	A
SP1	CDH3	1.0	A
ZNF148	IRS2	1.0	A
NR2F2	POU5F1	-1.0	A
SP1	IRS2	1.0	A
RARA	MYC	1.0	A
MYC	RARA	1.0	A
NFATC2	TERT	1.0	A
ESR1	ADORA1	1.0	A
ATF4	NUPR1	1.0	A
ATF4	HRK	1.0	A
HIF1A	TLR4	1.0	A
PAX3	MET	1.0	A
MAF	MMP13	1.0	A
RELA	PPARA	-1.0	A
SOX4	NCAM1	1.0	A
FOXA1	AGR2	1.0	A
SP1	ITGA2	1.0	A
CREB1	CYP11B2	1.0	A
SP1	ETS2	1.0	A
ETV4	SYN2	1.0	A
TAL1	UBE2H	1.0	A
SP1	HTT	1.0	A
ETS1	DUSP6	1.0	A
EGR1	AREG	1.0	A
MYC	SRM	1.0	A
FLI1	GATA1	1.0	A
EGR1	SLC4A2	1.0	A
HIF1A	HEY1	1.0	A
STAT6	RHOA	1.0	A
SPI1	NCF2	1.0	A
CTCF	CSF2	1.0	A
EGR1	SYN2	1.0	A
ETS2	FLI1	1.0	A
FOS	VEGFD	1.0	A
PPARA	HMGCS2	1.0	A
REL	IL12B	-1.0	A
PPARG	VLDLR	1.0	A
SP1	CD151	1.0	A
STAT1	IL6	-1.0	A
JUN	VEGFD	1.0	A
HIF1A	HK2	1.0	A
FOSL1	IL6	1.0	A
GATA3	TEK	1.0	A
KLF5	FGFBP1	1.0	A
FOXO1	IL1B	1.0	A
FOXA2	CDH1	1.0	A
PAX6	MET	1.0	A
MYC	MDM2	1.0	A
ESR1	SRC	1.0	A
TP73	PMAIP1	1.0	A
MYCN	TP53	1.0	A
EGR1	GDNF	1.0	A
SP3	UBC	1.0	A
STAT5A	CCND3	1.0	A
JUND	CCL5	1.0	A
FOS	CCL5	1.0	A
E2F1	IRF3	-1.0	A
RELA	IL2RA	1.0	A
EGR1	STMN1	1.0	A
SP1	LRP5	1.0	A
SMAD3	GLI2	1.0	A
HOXA10	PHGDH	-1.0	A
IRF1	IFIT3	1.0	A
SP1	ADAM17	1.0	A
CREB1	MUC4	1.0	A
CEBPB	SAA1	1.0	A
NFKB1	HMOX1	1.0	A
STAT3	IL6	1.0	A
SPI1	ITGAM	1.0	A
SP1	TMPO	1.0	A
EGR1	TMPO	1.0	A
GLI1	IGFBP6	1.0	A
KLF15	LRP5	1.0	A
RELA	SOCS3	1.0	A
AR	KLK4	1.0	A
FOXA1	PDX1	1.0	A
RELA	CCL3	1.0	A
HIC1	EPHA2	-1.0	A
HNF4A	EPHX1	1.0	A
SP1	CERS2	1.0	A
HNF4A	SOAT2	1.0	A
E2F1	MCPH1	1.0	A
ATF4	MCL1	1.0	A
SP1	ABCC1	-1.0	A
ESR1	PBX1	1.0	A
HIF1A	CCN2	1.0	A
GATA3	FOXC1	-1.0	A
PCGF2	HOXA7	1.0	A
SP1	FAS	1.0	A
FOS	MMP7	1.0	A
NFE2L2	SQSTM1	1.0	A
SPI1	ZNF300	1.0	A
RELA	IL12A	1.0	A
PPARG	MMP9	-1.0	A
ESR1	PMAIP1	1.0	A
SP1	MMP11	1.0	A
ATF4	FGF21	1.0	A
YY1	NOS2	-1.0	A
STAT2	OAS1	1.0	A
STAT1	OAS1	1.0	A
STAT1	IL10	1.0	A
TWIST1	CDKN2A	-1.0	A
MYC	VHL	1.0	A
HNF4A	APOA1	1.0	A
STAT3	PIM1	1.0	A
POU5F1	CDX2	-1.0	A
FOXO1	CCND1	-1.0	A
SOX2	NTRK3	1.0	A
CEBPA	PER2	1.0	A
SP3	CCND1	1.0	A
HMGA1	CDC25A	1.0	A
SP4	CCND1	1.0	A
PPARG	ATP2A2	1.0	A
IRF1	IL27	1.0	A
MITF	OCA2	1.0	A
NFIC	VWF	1.0	A
CDX2	MEP1A	1.0	A
TWIST1	ESR1	-1.0	A
CTCF	CDKN2A	-1.0	A
AR	IGFBP3	1.0	A
SPI1	PTGIR	1.0	A
ESR1	FOXP1	1.0	A
RELA	CSF1	-1.0	A
SOX9	MATN1	1.0	A
E2F1	ECT2	1.0	A
NFKB1	MMP13	1.0	A
CUX1	ECT2	1.0	A
FOXP2	MET	-1.0	A
KLF4	CCND1	-1.0	A
POU2F1	PTGIR	1.0	A
TP53	MET	-1.0	A
EGR1	SPRY1	1.0	A
ESR1	GREB1	1.0	A
GATA3	SLCO4C1	1.0	A
STAT6	SLC26A4	1.0	A
ESR1	BTG2	-1.0	A
NFKB1	CTCF	-1.0	A
TP53	DUSP11	1.0	A
NFKB1	BIRC5	1.0	A
SREBF2	HMGCR	1.0	A
RORA	NR1D1	1.0	A
JUN	CCND2	1.0	A
TCF7L2	CCND1	1.0	A
TP53	PLAGL1	1.0	A
GATA1	ALAS2	1.0	A
HIF1A	LGALS1	-1.0	A
STAT1	ESR1	1.0	A
SPI1	HCK	1.0	A
MYC	H2AZ1	1.0	A
STAT1	IL12A	1.0	A
JUNB	IVL	1.0	A
STAT1	UPP1	1.0	A
GCM2	PTH	1.0	A
TP53	EEF1A1	1.0	A
ATF4	DDR2	1.0	A
HNF1A	CDH17	1.0	A
E2F1	NELL2	1.0	A
STAT3	CHI3L1	1.0	A
BCL6	LITAF	-1.0	A
EPAS1	TERT	1.0	A
KLF4	RARA	-1.0	A
SP1	STK11	1.0	A
JUN	MMP3	1.0	A
FOS	MMP3	1.0	A
MYC	ATF4	1.0	A
TP53	FRMD5	1.0	A
EGR1	BAX	1.0	A
FOXL2	FSHB	1.0	A
ETS1	ATXN2	1.0	A
NR1I2	CYP4F12	1.0	A
MYC	APC	1.0	A
THRA	CGA	-1.0	A
FOXA1	BCL2	-1.0	A
TAL1	MYB	1.0	A
CTCF	IPO13	1.0	A
E2F1	CD2AP	1.0	A
TFAP2C	RET	1.0	A
GATA2	IL1RL1	1.0	A
FOXO3	STK11	1.0	A
AR	AKR1C3	-1.0	A
FOXO1	CDKN1A	1.0	A
SPI1	MPO	1.0	A
VDR	PODXL	1.0	A
HIF1A	MUC1	1.0	A
PPARG	EGFR	-1.0	A
NANOG	CDK6	-1.0	A
RELA	CRHR1	1.0	A
RELA	EGFR	1.0	A
CDX2	AXIN2	1.0	A
CEBPA	SREBF1	1.0	A
SALL4	ABCA3	1.0	A
STAT1	FOXP3	1.0	A
AR	ELF3	1.0	A
NANOG	CDC25A	-1.0	A
TP53	EPCAM	1.0	A
MITF	PPARGC1A	1.0	A
JUND	SOX4	1.0	A
TBP	LIN28B	1.0	A
ESR1	KRT15	1.0	A
E2F1	CTSV	1.0	A
RXRA	ABCB11	1.0	A
SOX9	HAPLN1	1.0	A
E2F1	HMGA1	1.0	A
STAT1	GATA3	1.0	A
E2F1	FOXM1	1.0	A
STAT1	PML	1.0	A
TFAP2A	FOXA1	1.0	A
STAT1	IFNLR1	1.0	A
HBP1	MIF	-1.0	A
NR3C1	BGLAP	-1.0	A
MYC	ID3	1.0	A
MYC	SRSF1	1.0	A
E2F1	MUC4	1.0	A
REST	LIN28A	-1.0	A
ESR1	FOSL1	1.0	A
RELA	MCL1	1.0	A
NR2F2	BGLAP	-1.0	A
STAT1	GLS	1.0	A
SP1	NFKB1	1.0	A
EGR1	RBL2	1.0	A
EGR1	BCAR1	1.0	A
CTCF	CFTR	1.0	A
FOXA1	CCNG2	1.0	A
TP53	SESN2	-1.0	A
CTCF	RARRES1	1.0	A
USF1	GATA5	1.0	A
E2F1	RBM38	1.0	A
GATA2	ANGPT2	1.0	A
KLF4	CDH1	1.0	A
HNF4A	C3	1.0	A
E2F1	ATAD2	1.0	A
FOXM1	AURKB	1.0	A
STAT3	USP7	-1.0	A
ETS1	LTB	1.0	A
HNF4A	SLC22A6	1.0	A
STAT4	S100A4	1.0	A
SP1	HBZ	1.0	A
STAT1	STAT3	1.0	A
RELA	MMP3	1.0	A
STAT3	STAT1	1.0	A
CEBPA	CXCL8	1.0	A
KLF4	VDR	-1.0	A
SPI1	CIITA	1.0	A
CDX2	CFTR	1.0	A
FLI1	EYA3	1.0	A
SP3	COL1A1	1.0	A
FOXA1	GREB1	1.0	A
HIF1A	TERT	1.0	A
FOS	GSTP1	1.0	A
RUNX3	RUNX1	-1.0	A
PAX6	CTNND2	1.0	A
VDR	DDIT4	1.0	A
E2F4	CDCA7	1.0	A
IRF3	CXCL10	1.0	A
HNF4A	ABCC6	1.0	A
STAT1	PPARA	1.0	A
SP1	ALOX5	1.0	A
HNF1A	UGT1A10	1.0	A
E2F4	BRCA1	-1.0	A
HIF1A	VHL	1.0	A
EGR1	ALOX5	1.0	A
E2F1	BMI1	1.0	A
TP53	DDB1	1.0	A
POU2F1	SPI1	1.0	A
TP53	VDR	1.0	A
E2F4	RAD51	-1.0	A
RELA	TIMP1	-1.0	A
REST	KCNQ2	-1.0	A
FOXO1	CDKN1B	1.0	A
TP53	ALOX5	1.0	A
SREBF2	ACOT7	1.0	A
FOXO3	FOXO1	1.0	A
FOXM1	BIRC5	-1.0	A
HIF1A	CITED2	1.0	A
SP1	PTHLH	1.0	A
HNF4A	CYP2C8	1.0	A
FOXO1	ANGPT2	1.0	A
STAT3	CCND2	1.0	A
SPI1	CD86	1.0	A
POU5F1	LEFTY1	1.0	A
FOXO1	BCL2L11	1.0	A
HIC1	SIRT1	-1.0	A
PAX6	OLFM3	1.0	A
HOXB7	FGF2	1.0	A
SP1	CREM	1.0	A
TFAP2C	CDKN1A	-1.0	A
FOS	NGF	1.0	A
SKIL	SMAD7	-1.0	A
RXRA	SREBF1	1.0	A
MYC	ITGB1	-1.0	A
JUN	IL5	1.0	A
SREBF1	SCD	1.0	A
JUN	IL12A	1.0	A
SP1	FXR2	1.0	A
PPARG	TP53	1.0	A
SPI1	CTSS	1.0	A
STAT3	OSM	1.0	A
PAX8	TSHR	-1.0	A
STAT3	TP53	-1.0	A
CTCF	NF1	1.0	A
TP53	STAT3	-1.0	A
KLF5	BIRC5	1.0	A
E2F1	NCOA3	1.0	A
FOXO3	NOS3	-1.0	A
PPARA	CCND1	-1.0	A
FOXO1	NOS3	-1.0	A
NANOG	KDR	1.0	A
ESR1	MMP13	1.0	A
STAT3	TIMP1	1.0	A
SPI1	IFIT3	1.0	A
TRPS1	RUNX2	-1.0	A
PPARG	LIPE	1.0	A
TP53	HTT	1.0	A
E2F1	CDCA7	1.0	A
E2F1	BRCA1	1.0	A
SP3	CYP2F1	1.0	A
KLF4	ATF3	1.0	A
SPI1	CSF1R	1.0	A
JUN	VDR	1.0	A
SP1	XIAP	1.0	A
E2F1	SKP2	1.0	A
EPAS1	EPO	1.0	A
ETS1	TIMP1	1.0	A
SP1	BIRC5	1.0	A
HIF1A	ALAS2	1.0	A
FOXO3	ID1	-1.0	A
MITF	CLCN7	1.0	A
FOS	ERCC4	1.0	A
LEF1	MYC	1.0	A
STAT1	MUC1	1.0	A
STAT3	MUC1	1.0	A
SP1	CYP2F1	1.0	A
ESR1	CDKN1B	-1.0	A
SPI1	MME	1.0	A
SOX2	NANOG	1.0	A
EGR1	ATF3	1.0	A
STAT5A	IGF1	1.0	A
E2F1	AR	-1.0	A
STAT1	MMP13	-1.0	A
ESR1	KDR	1.0	A
MITF	DIAPH1	1.0	A
SMAD4	MYC	-1.0	A
USF2	PIGR	1.0	A
FOXM1	XRCC1	1.0	A
FOXM1	BRCA2	1.0	A
SP1	EPOR	1.0	A
SPI1	CDKN2A	1.0	A
HIF1A	MET	1.0	A
ETS1	MMP9	1.0	A
E2F2	CDCA7	1.0	A
ESR1	NR5A2	1.0	A
FOXP3	IL2	-1.0	A
SP1	BLMH	1.0	A
PAX6	MMP2	1.0	A
SREBF1	IRS2	-1.0	A
VDR	CYP7A1	-1.0	A
STAT3	PTPN13	1.0	A
YY1	ERBB2	1.0	A
HNF4A	PROS1	1.0	A
STAT2	PML	1.0	A
KLF6	MMP9	-1.0	A
SP2	MMP9	-1.0	A
ELK1	TBP	1.0	A
TP53	HIC1	1.0	A
ATF2	MMP2	1.0	A
RELA	BNIP3	-1.0	A
ELK1	FOSL1	1.0	A
FOXM1	FOXF1	1.0	A
CREB1	MITF	1.0	A
JUND	GADD45A	1.0	A
NFKB1	SOD2	1.0	A
VDR	PTH	-1.0	A
FOXA1	TFF1	1.0	A
RELA	BCL2	1.0	A
FOXA1	BRCA1	1.0	A
SP1	JUN	1.0	A
RELA	SOD2	1.0	A
POU5F1	CRIPTO	1.0	A
FOXO1	PRL	1.0	A
RELA	DEFB4B	1.0	A
NFKB1	DEFB4B	1.0	A
STAT1	SMARCA4	1.0	A
FOXO1	TIMP3	1.0	A
STAT3	SAA1	1.0	A
E2F1	PNRC2	-1.0	A
HNF4A	CYP2C9	1.0	A
SREBF2	LRP1	-1.0	A
NFATC2	IFNG	1.0	A
EGR1	LTB	1.0	A
CREM	CD247	-1.0	A
NR2E1	PTEN	-1.0	A
PRDM14	POU5F1	1.0	A
LEF1	SNAI2	1.0	A
KMT2A	CDKN1B	1.0	A
SOX10	EDNRB	1.0	A
REL	CCL5	1.0	A
SPI1	ELANE	1.0	A
CTCF	WT1	1.0	A
SPI1	CCL5	1.0	A
RARA	CASP9	1.0	A
DDIT3	ASNS	-1.0	A
USF1	IFNG	-1.0	A
TP53	PYCARD	1.0	A
CREB1	HLA-DRA	1.0	A
CREB1	FN1	1.0	A
SP1	AHR	-1.0	A
RUNX1	KLK3	1.0	A
HIF1A	ABCA1	1.0	A
HIC1	FGFBP1	1.0	A
SP1	CCNA1	1.0	A
MYCN	MXI1	-1.0	A
CEBPA	ADH1B	1.0	A
MYC	RAD51	1.0	A
SMAD3	TERT	-1.0	A
SMAD3	MMP9	1.0	A
SREBF1	LRP1	-1.0	A
STAT3	S100A11	1.0	A
YBX1	EGFR	1.0	A
STAT1	MVP	1.0	A
FOXO1	PPARG	-1.0	A
TP53	FLT1	1.0	A
AR	PMEPA1	1.0	A
GATA2	AR	1.0	A
STAT5A	IL2RA	1.0	A
SP1	PADI3	1.0	A
SP3	ABCA1	-1.0	A
FOXM1	CDKN1A	1.0	A
JUN	PTN	1.0	A
HIF1A	BAX	1.0	A
RELA	CXCL1	1.0	A
NFYA	ABCB1	1.0	A
USF1	SLC19A1	1.0	A
CDX2	SLC15A1	1.0	A
SP3	PADI3	1.0	A
LHX3	GNRHR	1.0	A
RELA	FGF8	1.0	A
JUN	BRCA1	1.0	A
TP53	TNFRSF10D	1.0	A
HNF4A	VEGFD	1.0	A
ERG	VWF	1.0	A
HIF1A	BIRC5	1.0	A
SP1	OXTR	1.0	A
MYC	POLE3	1.0	A
MYC	NME1	1.0	A
NFKB1	CDK4	1.0	A
HNF4A	APOA4	1.0	A
SP1	SIGIRR	1.0	A
SP1	HSD17B2	1.0	A
GATA2	ADH1A	1.0	A
NR2F2	APOB	1.0	A
SP3	HSD17B2	1.0	A
NR2F2	APOA2	1.0	A
MYB	MYC	1.0	A
FOXM1	ESR1	1.0	A
HNF4A	LIPC	1.0	A
CREB1	CIITA	1.0	A
SP1	BRD7	1.0	A
SOX10	GJC2	1.0	A
PPARA	ACOX1	1.0	A
JUN	VIM	1.0	A
ONECUT2	SYTL4	-1.0	A
E2F1	VEGFA	-1.0	A
STAT3	HAMP	1.0	A
ETS1	CXCR4	1.0	A
HIF1A	CXCR4	1.0	A
ZNF224	ALDOA	-1.0	A
STAT1	CCND1	1.0	A
HNF4A	APOA2	1.0	A
SP1	RB1	1.0	A
SP1	DRG2	1.0	A
YY1	FAS	-1.0	A
HIF1A	NAMPT	1.0	A
SREBF1	SLC2A4	1.0	A
AR	RELA	-1.0	A
PPARG	ABCG2	1.0	A
NRF1	PRDX5	1.0	A
E2F4	RB1	-1.0	A
HIF1A	FGF2	1.0	A
IRF1	CEACAM1	1.0	A
ETS1	RAD51	1.0	A
TP53	MCM7	-1.0	A
E2F4	DIRAS3	-1.0	A
ELK1	TAGLN	-1.0	A
ELK1	MYLK	-1.0	A
SP1	MYBL2	1.0	A
STAT1	IFIT3	1.0	A
YY1	HSPA5	1.0	A
VDR	CDKN1A	1.0	A
E2F1	RAD51	1.0	A
E2F1	UHRF1	1.0	A
NR2F2	APOC3	1.0	A
POU2F1	RPTOR	1.0	A
RARA	RPTOR	1.0	A
FOXF1	GH2	1.0	A
E2F1	DIRAS3	-1.0	A
HIF1A	EGLN1	1.0	A
SP3	PLAUR	-1.0	A
USF1	HOXB7	1.0	A
SPI1	BCL6	-1.0	A
TAL1	NFKB1	-1.0	A
HEY1	KDR	-1.0	A
STAT5B	CCND1	1.0	A
ESR1	PLAC1	1.0	A
FOXO1	AGRP	1.0	A
HIF1A	TGFB3	1.0	A
TBX21	IL4	1.0	A
E2F1	CDKN1C	1.0	A
SP4	KDR	1.0	A
NFKB1	PTHLH	1.0	A
MYB	CTSG	1.0	A
AR	AKR1B1	1.0	A
HSF1	HSPA1A	1.0	A
SP1	ATM	1.0	A
ESR1	CYP1A1	-1.0	A
USF1	PTGDS	1.0	A
STAT4	TBX21	1.0	A
PPARA	FABP3	1.0	A
AR	PMAIP1	1.0	A
FOXO3	ESR1	1.0	A
E2F1	MCM8	1.0	A
STAT1	HLA-E	1.0	A
ELK1	PRKCA	1.0	A
E2F1	MYBL2	1.0	A
RUNX1	CSF1R	1.0	A
ERG	ENG	1.0	A
ESR1	CYP1B1	1.0	A
HNF4A	SULT2A1	1.0	A
CREB1	SPRY2	1.0	A
SP1	SPRY2	1.0	A
E2F6	APAF1	-1.0	A
SP1	RARA	1.0	A
STAT1	FGF2	1.0	A
E2F7	SP1	-1.0	A
RREB1	KLK3	-1.0	A
SMAD3	JUN	1.0	A
GATA1	CCR3	1.0	A
ATF4	PTGS2	1.0	A
TP53	IGF1R	-1.0	A
MAFF	OXTR	1.0	A
ETS1	PTGS2	1.0	A
SRF	ACTB	1.0	A
AR	KLK2	1.0	A
SPI1	CTSG	1.0	A
SP1	ALDOA	1.0	A
NFKB1	CD40	1.0	A
HNF4A	CYP2B6	1.0	A
STAT5A	PRF1	1.0	A
NFKB1	IL1A	-1.0	A
IRF1	RIGI	1.0	A
TP63	KLF4	-1.0	A
HIF1A	LOX	1.0	A
LEF1	MYCBP	1.0	A
VDR	CDH1	1.0	A
CDX2	UGT1A10	1.0	A
USF1	CEBPA	1.0	A
SOX10	TYR	1.0	A
TFAP2A	BCL2	-1.0	A
NFKB1	CCL2	1.0	A
FOS	IL2RA	1.0	A
FOXO3	AR	1.0	A
SMAD4	JUN	1.0	A
STAT1	MUC4	1.0	A
CREB1	PPP2CA	1.0	A
SOX2	HHAT	1.0	A
SOX9	COMP	1.0	A
RUNX1	PRKCQ	1.0	A
TBX21	GATA3	1.0	A
E2F1	DUSP1	1.0	A
CREB1	MUC5AC	1.0	A
TFAP2A	APP	1.0	A
CREB1	NOLC1	1.0	A
SP1	B4GALT1	1.0	A
RELA	AR	-1.0	A
HIF1A	CEACAM5	1.0	A
LHX4	CGA	1.0	A
HIF1A	PGK1	1.0	A
HIF1A	LDHA	1.0	A
MECP2	ESR1	-1.0	A
HIF1A	NPPB	1.0	A
TP53	BTG3	1.0	A
STAT3	MYC	1.0	A
EGR1	APEX1	1.0	A
HOXA11	HOXA10	-1.0	A
RARA	RARG	1.0	A
AR	SERPINB5	-1.0	A
ERG	HMOX1	1.0	A
ERG	ICAM1	-1.0	A
SP1	SPP1	1.0	A
YY1	DNAJB4	1.0	A
MEF2A	SOST	-1.0	A
FLI1	HMOX1	1.0	A
HIF1A	IL1B	1.0	A
MYC	BCL2	1.0	A
EPAS1	POU5F1	-1.0	A
HIF1A	CCND1	1.0	A
LHX4	GH1	1.0	A
GATA3	ESR1	1.0	A
ELK1	NR1H2	1.0	A
JUN	CYP2J2	1.0	A
CEBPA	GPX4	1.0	A
ELK1	MCL1	1.0	A
STAT3	HIF1A	1.0	A
FOXO4	BCL2L11	1.0	A
MITF	HIF1A	1.0	A
STAT1	TBX21	1.0	A
VDR	CAMP	1.0	A
AR	FKBP5	1.0	A
RELA	IL12B	-1.0	A
SP1	ITGA5	1.0	A
SP1	IL12B	1.0	A
TP53	RAD51	1.0	A
FOXM1	LAMA4	1.0	A
MYC	LDHA	1.0	A
AR	PTGS2	-1.0	A
FOSL1	GCLC	-1.0	A
RELA	SAA2	1.0	A
SP1	ATP1A3	1.0	A
NFATC2	FOXP3	1.0	A
NFKB1	SAA2	1.0	A
TP53	PRODH	1.0	A
CEBPB	SAA2	1.0	A
ATF2	NOS3	-1.0	A
ETS2	IL12B	1.0	A
AR	SPDEF	1.0	A
SP1	EDNRB	1.0	A
AR	MED1	1.0	A
USF1	CEACAM1	1.0	A
RBPJ	PTEN	-1.0	A
NFKB1	NOS1	1.0	A
TP53	PRDM1	1.0	A
YY1	NR3C1	1.0	A
EGR1	GGPS1	1.0	A
SMAD3	CCND2	1.0	A
HNF1A	UGT1A9	1.0	A
SOX9	HES1	1.0	A
DDIT3	TNFRSF10B	1.0	A
SP1	PRSS50	1.0	A
ETS1	ANGPT2	1.0	A
E2F3	CDKN1A	1.0	A
AR	KRT8	1.0	A
SPI1	CSF3R	1.0	A
E2F1	CDKN1A	1.0	A
RELA	BIRC3	1.0	A
INSM1	NEUROG3	1.0	A
LEF1	AR	1.0	A
TP53	RB1	-1.0	A
E2F4	CCNB1	1.0	A
ATF4	CEBPB	1.0	A
USF1	SLC22A2	1.0	A
NKX2-5	GATA4	1.0	A
JUN	TFF1	1.0	A
TP53	OGG1	1.0	A
SOX10	MAG	1.0	A
ZNF267	MMP10	-1.0	A
E2F1	ASF1B	1.0	A
REL	NFKBIA	1.0	A
EGR1	SLC9A3	1.0	A
ESR1	SOCS3	1.0	A
HNF1A	IGF1	1.0	A
VDR	TRPV6	1.0	A
POU5F1	NANOG	1.0	A
AHR	CYP1B1	1.0	A
GLI1	SFRP1	1.0	A
JUN	TGFB1	1.0	A
CTCF	TERT	-1.0	A
NFYA	DDIT3	1.0	A
E2F1	THBS1	1.0	A
IRF3	IFNA1	1.0	A
WT1	ODC1	1.0	A
TFAP2A	IGFBP5	1.0	A
SP1	MCL1	1.0	A
PBX1	VCP	1.0	A
AR	NKX3-1	1.0	A
FOSL1	IVL	1.0	A
STAT4	IRF1	1.0	A
ETS1	BAX	-1.0	A
TP53	BCL2	-1.0	A
GFI1	BAX	-1.0	A
SP1	FOSL1	1.0	A
TP53	COL18A1	1.0	A
ARNT	CYP1B1	1.0	A
TP63	VDR	1.0	A
IRF8	TLR3	-1.0	A
NFATC2	CD40LG	1.0	A
NANOG	POU5F1	1.0	A
MYC	JUNB	-1.0	A
EGR1	STIM1	1.0	A
TP53	CCNA2	-1.0	A
NFIC	GFAP	1.0	A
SREBF1	HMOX1	1.0	A
SMAD3	EDN1	1.0	A
STAT3	CDKN1A	1.0	A
RELA	SELE	1.0	A
VDR	PLD1	1.0	A
ETS1	IL10	1.0	A
RUNX1	IL2	1.0	A
ZEB1	PKP3	-1.0	A
RXRA	PLD1	1.0	A
HIF1A	ABCB1	1.0	A
SNAI1	VDR	-1.0	A
RELA	ABCB1	1.0	A
TP53	CDKN1A	1.0	A
SP3	NOX4	1.0	A
HIF1A	KLK3	1.0	A
ZFHX3	MUC5AC	-1.0	A
AR	UBC	1.0	A
HNF4A	ABCG8	-1.0	A
FOXM1	MMP2	1.0	A
PPARA	CYP4A11	1.0	A
CREB1	VEGFA	1.0	A
STAT1	CDKN1A	1.0	A
E2F1	DUSP4	1.0	A
SOX10	EGR2	1.0	A
TWIST1	AKT2	1.0	A
ZBTB16	CCNA2	-1.0	A
ESR1	FOXO1	1.0	A
RUNX1	IL3	-1.0	A
MYC	FOXM1	1.0	A
FOXM1	MYC	1.0	A
STAT1	BAX	1.0	A
ESR1	RUNX2	1.0	A
MITF	MET	1.0	A
HIF1A	CCL2	1.0	A
ZEB2	VIM	1.0	A
ELF2	VCP	1.0	A
ETS1	TERT	1.0	A
SP3	CDKN2A	1.0	A
RUNX2	ESR1	-1.0	A
MYB	SP3	1.0	A
ZNF263	SDK2	0.5	B
ZNF263	RYR1	0.5	B
MITF	ARHGEF10L	0.5	B
GATA3	IL1R1	0.5	B
GATA3	GMDS	0.5	B
GATA3	GABBR2	0.5	B
MITF	ARSG	0.5	B
GATA3	GHR	0.5	B
MITF	ARID1A	0.5	B
MITF	AP1S2	0.5	B
MITF	ARHGAP42	0.5	B
ZNF263	SDC3	0.5	B
GATA3	GLIS3	0.5	B
GATA3	IGF1R	0.5	B
MITF	ARHGAP26	0.5	B
GATA3	GLI3	0.5	B
MITF	APP	0.5	B
MITF	ARID1B	0.5	B
MITF	BCAR3	0.5	B
MITF	ATP2B2	0.5	B
ZNF263	SBNO2	0.5	B
GATA3	HECW2	0.5	B
GATA3	HIVEP1	0.5	B
GATA3	ITGB5	0.5	B
GATA3	IMMP2L	0.5	B
ZNF263	RXRA	0.5	B
GATA3	IQCJ	0.5	B
GATA3	INPP4B	0.5	B
MITF	ASAP1	0.5	B
MITF	BHLHE40	0.5	B
GATA3	HMCN1	0.5	B
MITF	BCOR	0.5	B
GATA3	HIVEP2	0.5	B
MITF	ARHGAP24	0.5	B
GATA3	HIVEP3	0.5	B
GATA3	HDAC9	0.5	B
GATA3	HDAC4	0.5	B
GATA3	GULP1	0.5	B
MITF	ARHGEF7	0.5	B
GATA3	GPATCH2	0.5	B
GATA3	GRAMD2B	0.5	B
ZNF263	SARDH	0.5	B
ZNF263	RTN4R	0.5	B
ZNF263	RUNX1	0.5	B
GATA3	GRHL2	0.5	B
MITF	ASAP2	0.5	B
GATA3	GNAQ	0.5	B
MITF	BBC3	0.5	B
ZNF263	SCARB1	0.5	B
GATA3	ITGB6	0.5	B
MITF	ARFGEF2	0.5	B
MITF	ARHGEF3	0.5	B
MITF	BRI3	0.5	B
GATA3	IER5	0.5	B
MITF	BNC2	0.5	B
GATA3	GSE1	0.5	B
MITF	BAIAP2	0.5	B
HNF4A	VPS13D	0.5	B
GATA3	ITPR2	0.5	B
GATA3	PDE4D	0.5	B
GATA3	PDLIM5	0.5	B
GATA3	PDZRN3	0.5	B
GATA3	PHACTR1	0.5	B
GATA3	PHLDB2	0.5	B
GATA3	PIK3R1	0.5	B
ZNF263	RASGEF1A	0.5	B
GATA3	PIP4K2A	0.5	B
GATA3	PDE4B	0.5	B
GATA3	PLCB1	0.5	B
GATA3	PLCL1	0.5	B
GATA3	PLD1	0.5	B
GATA3	PLXNA2	0.5	B
GATA3	PMEPA1	0.5	B
GATA3	PPFIBP2	0.5	B
GATA3	PPM1H	0.5	B
ZNF263	RAP1GAP	0.5	B
ZNF263	RALGPS1	0.5	B
GATA3	PLCB4	0.5	B
GATA3	PCNX2	0.5	B
GATA3	PCDH9	0.5	B
GATA3	PBX3	0.5	B
MITF	AK2	0.5	B
GATA3	NRP2	0.5	B
GATA3	OFCC1	0.5	B
GATA3	OSBPL10	0.5	B
GATA3	OSBPL3	0.5	B
GATA3	OSBPL9	0.5	B
GATA3	P3H2	0.5	B
ZNF263	RGS12	0.5	B
GATA3	PACS1	0.5	B
GATA3	PACSIN2	0.5	B
ZNF263	RET	0.5	B
GATA3	PALLD	0.5	B
GATA3	PAM	0.5	B
GATA3	PARD3	0.5	B
ZNF263	RBM19	0.5	B
GATA3	PARD3B	0.5	B
GATA3	PARD6B	0.5	B
ZNF263	RBFOX3	0.5	B
GATA3	PBX1	0.5	B
GATA3	PPP3CA	0.5	B
GATA3	NRP1	0.5	B
GATA3	PREX1	0.5	B
GATA3	PRKAG2	0.5	B
GATA3	RBPMS	0.5	B
GATA3	RCAN3	0.5	B
GATA3	RERE	0.5	B
GATA3	RFTN1	0.5	B
GATA3	RFX3	0.5	B
ZNF263	RAB11FIP3	0.5	B
GATA3	RGS6	0.5	B
GATA3	RHOBTB3	0.5	B
GATA3	RBMS3	0.5	B
GATA3	RIMS2	0.5	B
GATA3	RNF150	0.5	B
GATA3	ROBO1	0.5	B
GATA3	RPH3A	0.5	B
GATA3	RTN4	0.5	B
GATA3	RXRA	0.5	B
GATA3	SAMD4A	0.5	B
GATA3	SASH1	0.5	B
GATA3	SBF2	0.5	B
GATA3	RND3	0.5	B
GATA3	RBM47	0.5	B
GATA3	RBFOX2	0.5	B
ZNF263	RADIL	0.5	B
GATA3	PRKCE	0.5	B
GATA3	PRKCH	0.5	B
GATA3	PRKCQ	0.5	B
GATA3	PRLR	0.5	B
MITF	AHCYL1	0.5	B
ZNF263	RALGDS	0.5	B
GATA3	PSD3	0.5	B
GATA3	PTK2	0.5	B
GATA3	PTK2B	0.5	B
GATA3	PTPN7	0.5	B
GATA3	PTPRJ	0.5	B
GATA3	PTPRK	0.5	B
GATA3	RAD23B	0.5	B
GATA3	RAD51B	0.5	B
GATA3	RAPGEF1	0.5	B
GATA3	RAPGEF4	0.5	B
GATA3	RAPGEF5	0.5	B
GATA3	RARA	0.5	B
GATA3	RASEF	0.5	B
GATA3	PRICKLE2	0.5	B
GATA3	ITPR1	0.5	B
GATA3	NPAS3	0.5	B
GATA3	NFIB	0.5	B
GATA3	LHFPL2	0.5	B
GATA3	LIMA1	0.5	B
GATA3	LIMCH1	0.5	B
GATA3	LMBR1	0.5	B
GATA3	LPP	0.5	B
GATA3	LRBA	0.5	B
GATA3	LRCH1	0.5	B
GATA3	LRIG1	0.5	B
MITF	AK5	0.5	B
GATA3	LRP1B	0.5	B
GATA3	LTBP1	0.5	B
GATA3	LYPD6B	0.5	B
GATA3	LYZL1	0.5	B
GATA3	MACROD2	0.5	B
GATA3	MAGI1	0.5	B
GATA3	MALRD1	0.5	B
GATA3	MAML2	0.5	B
GATA3	MAML3	0.5	B
GATA3	LSAMP	0.5	B
GATA3	LAMC1	0.5	B
GATA3	KIF21A	0.5	B
GATA3	KIAA1217	0.5	B
MITF	ANXA5	0.5	B
MITF	ANXA4	0.5	B
MITF	ANXA2	0.5	B
MITF	ANKS1B	0.5	B
GATA3	JARID2	0.5	B
GATA3	KALRN	0.5	B
MITF	ANKRD6	0.5	B
GATA3	KAT2B	0.5	B
MITF	ANK3	0.5	B
GATA3	KCNK1	0.5	B
MITF	ALK	0.5	B
GATA3	KCNK2	0.5	B
ZNF263	KSR1	0.5	B
GATA3	KCNMA1	0.5	B
GATA3	KCTD3	0.5	B
GATA3	KDM4C	0.5	B
ZNF263	RPTOR	0.5	B
MITF	AKAP6	0.5	B
MITF	AK9	0.5	B
GATA3	MAP2	0.5	B
GATA3	NIBAN1	0.5	B
GATA3	MAP4K4	0.5	B
GATA3	MAPKAP1	0.5	B
GATA3	MYLK	0.5	B
ZNF263	ROR2	0.5	B
ZNF263	RNF220	0.5	B
GATA3	MYO1B	0.5	B
GATA3	MYOF	0.5	B
ZNF263	RGS3	0.5	B
GATA3	NAALADL2	0.5	B
GATA3	NACA2	0.5	B
GATA3	MTUS1	0.5	B
GATA3	NAV2	0.5	B
GATA3	NCALD	0.5	B
GATA3	NCAM2	0.5	B
GATA3	NCOR2	0.5	B
GATA3	NDUFAF6	0.5	B
GATA3	NEDD4L	0.5	B
GATA3	NEDD9	0.5	B
GATA3	NEK7	0.5	B
GATA3	NFIA	0.5	B
GATA3	NAV3	0.5	B
GATA3	MTSS1	0.5	B
GATA3	MSI2	0.5	B
ZNF263	RPH3AL	0.5	B
ZNF263	RPS6KA2	0.5	B
GATA3	MARCHF10	0.5	B
GATA3	MAST4	0.5	B
GATA3	MB21D2	0.5	B
GATA3	MBNL1	0.5	B
GATA3	MCC	0.5	B
GATA3	MCF2L2	0.5	B
ZNF263	RPS6KA1	0.5	B
GATA3	ME3	0.5	B
GATA3	MECOM	0.5	B
GATA3	MED13L	0.5	B
GATA3	MICAL2	0.5	B
GATA3	MID1	0.5	B
GATA3	MIDEAS	0.5	B
GATA3	MITF	0.5	B
GATA3	MLLT3	0.5	B
GATA3	MME	0.5	B
GATA3	MPDZ	0.5	B
GATA3	FYN	0.5	B
GATA3	MAPK10	0.5	B
GATA3	FYB1	0.5	B
MITF	CLEC16A	0.5	B
GATA3	FSIP1	0.5	B
GATA2	SIK3	0.5	B
GATA2	SIL1	0.5	B
GATA2	SIPA1L1	0.5	B
GATA2	SIPA1L2	0.5	B
GATA2	SLC22A23	0.5	B
GATA2	SLIT3	0.5	B
GATA2	SLX4IP	0.5	B
MITF	CTNND2	0.5	B
GATA2	SMAD3	0.5	B
GATA2	SMYD3	0.5	B
GATA2	SND1	0.5	B
GATA2	SNX25	0.5	B
GATA2	SORBS1	0.5	B
GATA2	SORBS2	0.5	B
GATA2	SOX6	0.5	B
GATA2	SOX9	0.5	B
GATA2	SPATS2L	0.5	B
GATA2	SPECC1L	0.5	B
GATA2	SPIRE1	0.5	B
GATA2	SHROOM3	0.5	B
GATA2	SH3RF1	0.5	B
GATA2	SGMS1	0.5	B
ZNF263	SH3TC1	0.5	B
GATA2	RIT2	0.5	B
MITF	CYTH3	0.5	B
GATA2	RNF150	0.5	B
GATA2	ROBO1	0.5	B
MITF	CYTH1	0.5	B
GATA2	RPS6KA2	0.5	B
GATA2	RTN4	0.5	B
GATA2	RTTN	0.5	B
GATA2	RYR2	0.5	B
GATA2	SPOCK1	0.5	B
MITF	CUX1	0.5	B
GATA2	SASH1	0.5	B
GATA2	SBF2	0.5	B
GATA2	SCAPER	0.5	B
MITF	CUBN	0.5	B
GATA2	SCMH1	0.5	B
GATA2	SEC14L1	0.5	B
MITF	CTSB	0.5	B
GATA2	SEMA3C	0.5	B
GATA2	SEMA6A	0.5	B
MITF	CUEDC1	0.5	B
GATA2	RIMS1	0.5	B
GATA2	SPTBN1	0.5	B
GATA2	SSBP3	0.5	B
GATA2	TIAM1	0.5	B
GATA2	TIAM2	0.5	B
GATA2	TJP2	0.5	B
MITF	CTNNA2	0.5	B
GATA2	TLK1	0.5	B
GATA2	TLN2	0.5	B
GATA2	TMEM204	0.5	B
GATA2	TMTC2	0.5	B
MITF	CTNNA1	0.5	B
GATA2	TNFAIP8	0.5	B
GATA2	TNIK	0.5	B
GATA2	TNRC6B	0.5	B
GATA2	TNS3	0.5	B
GATA2	TPD52	0.5	B
GATA2	TPD52L1	0.5	B
GATA2	TPRG1	0.5	B
GATA2	TRAPPC9	0.5	B
GATA2	TRIO	0.5	B
GATA2	TRPS1	0.5	B
GATA2	THSD7A	0.5	B
GATA2	THADA	0.5	B
GATA2	TGFBR3	0.5	B
ZNF263	SEC14L1	0.5	B
GATA2	ST6GAL1	0.5	B
GATA2	ST7	0.5	B
GATA2	STARD13	0.5	B
GATA2	STIM1	0.5	B
GATA2	STK39	0.5	B
GATA2	STXBP5	0.5	B
GATA2	STXBP6	0.5	B
GATA2	SVIL	0.5	B
GATA2	SYNE1	0.5	B
GATA2	SSBP2	0.5	B
ZNF263	SEPTIN9	0.5	B
GATA2	TACC2	0.5	B
GATA2	TANC1	0.5	B
GATA2	TAOK3	0.5	B
GATA2	TBC1D5	0.5	B
GATA2	TBL1XR1	0.5	B
GATA2	TCF12	0.5	B
GATA2	TCF4	0.5	B
GATA2	TEAD1	0.5	B
GATA2	TENM4	0.5	B
GATA2	SYT1	0.5	B
GATA2	RFX3	0.5	B
GATA2	RERE	0.5	B
GATA2	RELN	0.5	B
GATA2	NRXN3	0.5	B
GATA2	NSMAF	0.5	B
GATA2	OFCC1	0.5	B
GATA2	OSBPL10	0.5	B
GATA2	OSBPL3	0.5	B
GATA2	OSBPL8	0.5	B
GATA2	OSBPL9	0.5	B
GATA2	P3H2	0.5	B
GATA2	PACRG	0.5	B
MITF	DIP2C	0.5	B
GATA2	PACSIN2	0.5	B
GATA2	PAG1	0.5	B
GATA2	PARD3	0.5	B
GATA2	PARD3B	0.5	B
GATA2	PBX1	0.5	B
GATA2	PCDH15	0.5	B
GATA2	PCLO	0.5	B
GATA2	PCNX1	0.5	B
GATA2	PCNX2	0.5	B
GATA2	NRG3	0.5	B
GATA2	NRCAM	0.5	B
GATA2	NR3C2	0.5	B
GATA2	NPAS3	0.5	B
MITF	DOCK10	0.5	B
GATA2	NAV2	0.5	B
GATA2	NAV3	0.5	B
GATA2	NBAS	0.5	B
GATA2	NCOA1	0.5	B
GATA2	NEDD4L	0.5	B
GATA2	NEDD9	0.5	B
GATA2	NEK7	0.5	B
GATA2	NEO1	0.5	B
ZNF263	SLC12A7	0.5	B
GATA2	NFASC	0.5	B
GATA2	NFATC2	0.5	B
GATA2	NFIA	0.5	B
GATA2	NFIB	0.5	B
GATA2	NFKB1	0.5	B
MITF	DLGAP4	0.5	B
GATA2	NIBAN1	0.5	B
GATA2	NLGN1	0.5	B
GATA2	NME7	0.5	B
MITF	DLEU1	0.5	B
MITF	DNAJB12	0.5	B
MITF	DGKG	0.5	B
MITF	DENND2B	0.5	B
GATA2	PDE10A	0.5	B
GATA2	PRKAR2B	0.5	B
GATA2	PRKCE	0.5	B
GATA2	PRKCH	0.5	B
GATA2	PRKD1	0.5	B
GATA2	PRUNE2	0.5	B
GATA2	PSD3	0.5	B
GATA2	PTK2	0.5	B
GATA2	PTK2B	0.5	B
GATA2	PTPRM	0.5	B
GATA2	PRKAG2	0.5	B
GATA2	RAD51B	0.5	B
GATA2	RAPGEF2	0.5	B
GATA2	RAPGEF4	0.5	B
GATA2	RAPGEF5	0.5	B
GATA2	RASAL2	0.5	B
GATA2	RBMS1	0.5	B
GATA2	RBMS3	0.5	B
MITF	DAB2IP	0.5	B
GATA2	RBPMS	0.5	B
MITF	DAAM1	0.5	B
GATA2	RALGAPA2	0.5	B
GATA2	TUSC3	0.5	B
GATA2	PPP3CA	0.5	B
GATA2	PPFIBP2	0.5	B
GATA2	PDE4B	0.5	B
ZNF263	SKI	0.5	B
GATA2	PDE4D	0.5	B
GATA2	PDLIM5	0.5	B
GATA2	PDZRN3	0.5	B
MITF	DENND2A	0.5	B
GATA2	PHACTR1	0.5	B
GATA2	PHACTR2	0.5	B
GATA2	PHLDB2	0.5	B
GATA2	PPM1H	0.5	B
GATA2	PHLPP1	0.5	B
GATA2	PIK3R1	0.5	B
GATA2	PIP4K2A	0.5	B
GATA2	PLCB1	0.5	B
GATA2	PLCB4	0.5	B
GATA2	PLD1	0.5	B
GATA2	PLEKHA7	0.5	B
GATA2	PLXNA2	0.5	B
GATA2	PPFIA2	0.5	B
MITF	DENND1A	0.5	B
GATA2	PIEZO2	0.5	B
GATA2	TXNRD1	0.5	B
GATA2	UBE2H	0.5	B
GATA2	UBR3	0.5	B
GATA3	CYRIB	0.5	B
GATA3	DAAM1	0.5	B
GATA3	DAB2IP	0.5	B
GATA3	DCLK1	0.5	B
GATA3	DENND1A	0.5	B
GATA3	DIP2C	0.5	B
GATA3	DLC1	0.5	B
GATA3	DLEU1	0.5	B
GATA3	DLG1	0.5	B
GATA3	DLG2	0.5	B
GATA3	DMD	0.5	B
GATA3	DNAJC5B	0.5	B
GATA3	DNMBP	0.5	B
MITF	CCDC171	0.5	B
GATA3	DOCK10	0.5	B
GATA3	DOCK4	0.5	B
MITF	CAPN2	0.5	B
GATA3	DOCK5	0.5	B
GATA3	DPYD	0.5	B
GATA3	CYP24A1	0.5	B
GATA3	CUX1	0.5	B
GATA3	CUEDC1	0.5	B
GATA3	CTNND2	0.5	B
GATA3	CDYL	0.5	B
GATA3	CEMIP2	0.5	B
GATA3	CEP112	0.5	B
MITF	CFAP61	0.5	B
GATA3	CEP128	0.5	B
GATA3	CHN2	0.5	B
GATA3	CHST9	0.5	B
GATA3	CLEC16A	0.5	B
GATA3	CLMN	0.5	B
GATA3	DSCAM	0.5	B
MITF	CDYL	0.5	B
MITF	CDH4	0.5	B
GATA3	COL21A1	0.5	B
GATA3	COL5A1	0.5	B
GATA3	CPNE4	0.5	B
GATA3	CRADD	0.5	B
GATA3	CREB5	0.5	B
GATA3	CRIM1	0.5	B
GATA3	CSGALNACT1	0.5	B
GATA3	CTNNA1	0.5	B
GATA3	CNTNAP2	0.5	B
GATA3	DST	0.5	B
GATA3	DTNB	0.5	B
GATA3	DUSP10	0.5	B
GATA3	FAM13A	0.5	B
MITF	CABLES1	0.5	B
GATA3	ARB2A	0.5	B
GATA3	FAT1	0.5	B
GATA3	FBXW11	0.5	B
GATA3	FERMT2	0.5	B
GATA3	FGD5	0.5	B
GATA3	FGGY	0.5	B
GATA3	FHL2	0.5	B
GATA3	EYS	0.5	B
GATA3	FHOD3	0.5	B
GATA3	FILIP1L	0.5	B
GATA3	FLNB	0.5	B
GATA3	FMN1	0.5	B
GATA3	FMN2	0.5	B
GATA3	FNIP2	0.5	B
GATA3	FOXJ3	0.5	B
GATA3	FOXO3	0.5	B
GATA3	FRMD3	0.5	B
GATA3	FRMD4B	0.5	B
GATA3	FIGN	0.5	B
GATA3	CDKAL1	0.5	B
MITF	CACNB4	0.5	B
GATA3	EXT1	0.5	B
MITF	CALD1	0.5	B
MITF	CADPS	0.5	B
GATA3	ECE1	0.5	B
GATA3	EFHC1	0.5	B
GATA3	EFNA5	0.5	B
GATA3	EGLN3	0.5	B
GATA3	EHF	0.5	B
GATA3	ELAPOR1	0.5	B
GATA3	ELMO1	0.5	B
GATA3	EYA2	0.5	B
GATA3	EML4	0.5	B
GATA3	EPAS1	0.5	B
GATA3	ERBB4	0.5	B
GATA3	ERC1	0.5	B
GATA3	ERC2	0.5	B
GATA3	ESRRG	0.5	B
GATA3	ETV6	0.5	B
GATA3	EVL	0.5	B
GATA3	EXOC4	0.5	B
GATA3	EXOC6B	0.5	B
GATA3	ENPP2	0.5	B
GATA3	FTO	0.5	B
GATA3	CDK6	0.5	B
GATA3	CDH18	0.5	B
GATA2	ZNF608	0.5	B
GATA2	ZNRF1	0.5	B
GATA2	ZPLD1	0.5	B
GATA3	ABCA4	0.5	B
MITF	CRADD	0.5	B
MITF	CORO2B	0.5	B
GATA3	ABLIM1	0.5	B
GATA3	ADAM12	0.5	B
GATA3	ADAMTSL1	0.5	B
MITF	CORO1C	0.5	B
GATA3	ADGRG6	0.5	B
MITF	COMMD9	0.5	B
GATA3	ADGRL2	0.5	B
GATA3	ADGRV1	0.5	B
GATA3	AFAP1	0.5	B
GATA3	AFF1	0.5	B
MITF	COLGALT2	0.5	B
GATA3	AFF3	0.5	B
GATA3	AGAP1	0.5	B
GATA2	ZNF407	0.5	B
GATA2	ZNF385D	0.5	B
GATA2	ZMYND8	0.5	B
MITF	CRTAC1	0.5	B
GATA2	UNC5C	0.5	B
GATA2	UNC5D	0.5	B
GATA2	UST	0.5	B
GATA2	UTRN	0.5	B
GATA2	UVRAG	0.5	B
GATA2	VAV3	0.5	B
GATA2	VEPH1	0.5	B
GATA2	VGLL4	0.5	B
GATA2	VPS13A	0.5	B
GATA3	AHNAK	0.5	B
GATA2	VPS13B	0.5	B
GATA2	VPS8	0.5	B
GATA2	WDFY3	0.5	B
MITF	CSMD1	0.5	B
GATA2	XXYLT1	0.5	B
GATA2	ZBTB16	0.5	B
GATA2	ZBTB20	0.5	B
GATA2	ZEB2	0.5	B
GATA2	ZFPM2	0.5	B
GATA2	ZMIZ1	0.5	B
GATA2	VPS13D	0.5	B
GATA3	AKAP6	0.5	B
GATA3	ALCAM	0.5	B
MITF	COL22A1	0.5	B
GATA3	BCAR3	0.5	B
GATA3	BCOR	0.5	B
MITF	CHN2	0.5	B
MITF	CHD9	0.5	B
GATA3	BMPER	0.5	B
GATA3	BMPR1B	0.5	B
GATA3	BRIP1	0.5	B
GATA3	CACNA2D1	0.5	B
GATA3	CADM1	0.5	B
GATA3	BANK1	0.5	B
GATA3	CAMK2D	0.5	B
GATA3	CAPN2	0.5	B
GATA3	CAST	0.5	B
GATA3	CBLB	0.5	B
GATA3	CCDC12	0.5	B
GATA3	CCDC88C	0.5	B
MITF	CHCHD6	0.5	B
GATA3	CCDC91	0.5	B
GATA3	CCSER1	0.5	B
GATA3	CDC42EP3	0.5	B
GATA3	CAMKMT	0.5	B
MITF	CFL2	0.5	B
GATA3	BACH2	0.5	B
GATA3	ATXN7	0.5	B
GATA3	ALK	0.5	B
GATA3	AMOTL1	0.5	B
GATA3	ANK3	0.5	B
GATA3	ANKFN1	0.5	B
GATA3	ANKRD28	0.5	B
GATA3	ANKRD44	0.5	B
GATA3	ANKS1B	0.5	B
GATA3	ANO6	0.5	B
GATA3	APP	0.5	B
GATA3	AUTS2	0.5	B
GATA3	ARHGAP15	0.5	B
GATA3	ARHGAP25	0.5	B
GATA3	ARHGAP26	0.5	B
GATA3	ARHGAP32	0.5	B
GATA3	ARHGEF3	0.5	B
GATA3	ARID1B	0.5	B
GATA3	ARSG	0.5	B
GATA3	ASAP1	0.5	B
MITF	COL13A1	0.5	B
GATA3	ATRNL1	0.5	B
GATA3	ARHGAP24	0.5	B
GATA3	SCAPER	0.5	B
HIF1A	RAD51B	0.5	B
GATA3	SEMA3C	0.5	B
HNF4A	PLCB1	0.5	B
HNF4A	PLD1	0.5	B
HNF4A	PLEC	0.5	B
LYL1	PTK2B	0.5	B
HNF4A	PLEKHA6	0.5	B
HNF4A	PLEKHA7	0.5	B
HNF4A	PLEKHG3	0.5	B
LYL1	EGFL7	0.5	B
LYL1	CBFA2T3	0.5	B
HNF4A	PLEKHG6	0.5	B
HNF4A	PLEKHM3	0.5	B
HNF4A	PLPP3	0.5	B
HNF4A	PLXNA2	0.5	B
HNF4A	POR	0.5	B
HNF4A	PPFIBP2	0.5	B
HNF4A	PPP3CA	0.5	B
HNF4A	PPTC7	0.5	B
HNF4A	PRKAG2	0.5	B
HNF4A	PRKCE	0.5	B
MAF	FRMD4B	0.5	B
HNF4A	PLA2G4F	0.5	B
HNF4A	PIM1	0.5	B
HNF4A	PIK3R1	0.5	B
HNF4A	OSBPL10	0.5	B
HNF4A	OSBPL3	0.5	B
HNF4A	PACSIN2	0.5	B
HNF4A	PALM2AKAP2	0.5	B
HNF4A	PCBP1	0.5	B
ZNF263	NOTCH1	0.5	B
ZNF263	NOL4L	0.5	B
HNF4A	PCSK6	0.5	B
HNF4A	PDE4D	0.5	B
HNF4A	PRKCH	0.5	B
HNF4A	PDE8A	0.5	B
HNF4A	PEMT	0.5	B
HNF4A	PEPD	0.5	B
HNF4A	PER2	0.5	B
HNF4A	PHACTR2	0.5	B
HNF4A	PHF3	0.5	B
HNF4A	PHLDB2	0.5	B
HNF4A	PHLPP1	0.5	B
HNF4A	PIK3AP1	0.5	B
ZNF263	NFIX	0.5	B
HNF4A	PDLIM5	0.5	B
HNF4A	PRLR	0.5	B
HNF4A	PRR5	0.5	B
ZNF263	NFIC	0.5	B
LEF1	AXIN2	0.5	B
ZNF263	LINC00322	0.5	B
HNF4A	RHOBTB3	0.5	B
HNF4A	RIN2	0.5	B
HNF4A	RNF43	0.5	B
HNF4A	RRBP1	0.5	B
HNF4A	RREB1	0.5	B
HNF4A	RUNX1	0.5	B
HNF4A	SAMD4A	0.5	B
HNF4A	RHO	0.5	B
HNF4A	SARDH	0.5	B
ZNF263	NEDD4L	0.5	B
HNF4A	SEC14L1	0.5	B
HNF4A	SEC23A	0.5	B
ZNF263	LINGO1	0.5	B
ZNF263	LMNA	0.5	B
HNF4A	SEMA4B	0.5	B
HNF4A	SEPTIN9	0.5	B
HNF4A	SERINC5	0.5	B
HNF4A	SERTAD2	0.5	B
HNF4A	SCAP	0.5	B
HNF4A	NUP210	0.5	B
HNF4A	RGS3	0.5	B
HNF4A	RERE	0.5	B
HNF4A	PSD3	0.5	B
HNF4A	PSD4	0.5	B
HNF4A	PTK2	0.5	B
HNF4A	PTK2B	0.5	B
ZNF263	NFASC	0.5	B
HNF4A	PTP4A1	0.5	B
ZNF263	LGR6	0.5	B
HNF4A	PTPRF	0.5	B
HNF4A	PTPRM	0.5	B
LEF1	CTIF	0.5	B
HNF4A	PXN	0.5	B
HNF4A	RAD51B	0.5	B
HNF4A	RALGPS1	0.5	B
ZNF263	LHFPL2	0.5	B
HNF4A	RAPGEF1	0.5	B
HNF4A	RAPGEF2	0.5	B
ZNF263	LHX3	0.5	B
HNF4A	RAPGEF5	0.5	B
HNF4A	RBM47	0.5	B
HNF4A	RBPMS	0.5	B
HNF4A	RABGAP1L	0.5	B
HNF4A	SFXN5	0.5	B
HNF4A	NRP1	0.5	B
MAF	IL2RA	0.5	B
HNF4A	MAD1L1	0.5	B
HNF4A	MAGI1	0.5	B
ZNF263	PFKP	0.5	B
ZNF263	PFKL	0.5	B
HNF4A	MAML2	0.5	B
HNF4A	MAOA	0.5	B
HNF4A	MAP4K4	0.5	B
HNF4A	MARK2	0.5	B
HNF4A	MAST4	0.5	B
HNF4A	MBNL2	0.5	B
HNF4A	MBNL3	0.5	B
HNF4A	MCF2L	0.5	B
HNF4A	ME3	0.5	B
HNF4A	MET	0.5	B
MAX	CDK6	0.5	B
HNF4A	TMT1B	0.5	B
HNF4A	MGRN1	0.5	B
HNF4A	MICAL2	0.5	B
HNF4A	MICAL3	0.5	B
HNF4A	MACF1	0.5	B
HNF4A	LSM4	0.5	B
ZNF263	PGBD5	0.5	B
HNF4A	LRRFIP1	0.5	B
HNF4A	KCNMA1	0.5	B
HNF4A	KDM4C	0.5	B
HNF4A	KHDRBS3	0.5	B
ZNF263	PI4KA	0.5	B
HNF4A	KIAA1217	0.5	B
HNF4A	KRT8	0.5	B
HNF4A	KSR1	0.5	B
HNF4A	LAMA5	0.5	B
HNF4A	LARGE1	0.5	B
ZNF263	PDXK	0.5	B
HNF4A	LEKR1	0.5	B
HNF4A	LHFPL2	0.5	B
HNF4A	LHPP	0.5	B
HNF4A	LINC00299	0.5	B
HNF4A	LMNA	0.5	B
HNF4A	LMO7	0.5	B
HNF4A	LPP	0.5	B
HNF4A	LRIG1	0.5	B
HNF4A	LRP5	0.5	B
HNF4A	LRRC8D	0.5	B
HNF4A	LGALS2	0.5	B
HNF4A	MIDEAS	0.5	B
HNF4A	MIDN	0.5	B
ZNF263	PDGFRB	0.5	B
ZNF263	OBSCN	0.5	B
HNF4A	NDST1	0.5	B
HNF4A	NDUFAF6	0.5	B
HNF4A	NEDD4L	0.5	B
HNF4A	NEDD9	0.5	B
HNF4A	NEK6	0.5	B
ZNF263	NUP210	0.5	B
MAFB	TBC1D14	0.5	B
ZNF263	NTRK1	0.5	B
MAFF	RAPGEF5	0.5	B
HNF4A	NFASC	0.5	B
MAF	IL4R	0.5	B
HNF4A	NFIA	0.5	B
HNF4A	NFIB	0.5	B
ZNF263	NTNG2	0.5	B
HNF4A	NFKBIZ	0.5	B
ZNF263	NRXN2	0.5	B
HNF4A	NHSL1	0.5	B
HNF4A	NOL4L	0.5	B
HNF4A	NPAS2	0.5	B
MAFB	DSE	0.5	B
HNF4A	NR2F6	0.5	B
HNF4A	NCOR2	0.5	B
HNF4A	NAV2	0.5	B
HNF4A	MSI2	0.5	B
ZNF263	PDE2A	0.5	B
HNF4A	MTARC2	0.5	B
HNF4A	MTMR12	0.5	B
HNF4A	MTSS1	0.5	B
HNF4A	MTUS1	0.5	B
MAFG	EIF4G3	0.5	B
HNF4A	MUC13	0.5	B
HNF4A	MVK	0.5	B
HNF4A	NCOA4	0.5	B
ZNF263	PCSK6	0.5	B
HNF4A	MYBPC1	0.5	B
ZNF263	PACSIN1	0.5	B
HNF4A	MYH9	0.5	B
HNF4A	MYLK	0.5	B
HNF4A	MYO18A	0.5	B
HNF4A	MYO1B	0.5	B
ZNF263	OSBPL5	0.5	B
HNF4A	MYOM1	0.5	B
HNF4A	N4BP1	0.5	B
ZNF263	PCBP3	0.5	B
HNF4A	KAZN	0.5	B
HNF4A	SH3BP4	0.5	B
HNF4A	SH3PXD2A	0.5	B
HNF4A	TEX2	0.5	B
HNF4A	TFR2	0.5	B
ZNF263	MTCL1	0.5	B
HNF4A	TGFBR3	0.5	B
HSF1	DNAH17	0.5	B
HNF4A	THADA	0.5	B
HNF4A	TJP2	0.5	B
HNF4G	WWC1	0.5	B
HNF4A	TJP3	0.5	B
HNF4A	TLE1	0.5	B
HNF4A	TLE3	0.5	B
HNF4A	TLN2	0.5	B
ZNF263	MSI2	0.5	B
HNF4A	TM4SF5	0.5	B
ZNF263	MLXIPL	0.5	B
HNF4G	DOK4	0.5	B
HNF4A	ZNRF3	0.5	B
HNF4A	ZNF608	0.5	B
HNF4A	TMBIM1	0.5	B
HSF1	HPCAL1	0.5	B
HNF4A	TERF2	0.5	B
ZNF263	MAD1L1	0.5	B
HNF4A	TEF	0.5	B
IRF2	CASP7	0.5	B
HNF4A	TACC2	0.5	B
HNF4A	TANK	0.5	B
ZNF263	MYO15B	0.5	B
IRF2	APOL3	0.5	B
IRF2	ADAR	0.5	B
HNF4A	TBC1D1	0.5	B
HNF4A	TBC1D14	0.5	B
IRF1	ZNFX1	0.5	B
HNF4A	ZMYND8	0.5	B
IRF1	PLAAT4	0.5	B
HNF4A	TBC1D8	0.5	B
HNF4A	TBL1X	0.5	B
HNF4A	TEAD1	0.5	B
IRF1	IFIT2	0.5	B
IRF1	ETV6	0.5	B
IRF1	APOL2	0.5	B
HSF1	NADK	0.5	B
HSF1	MKNK2	0.5	B
HNF4A	TECTB	0.5	B
HNF4A	TBC1D2B	0.5	B
HNF4A	TMEM241	0.5	B
HNF4A	TMEM245	0.5	B
HNF4A	ZMIZ1	0.5	B
ZNF263	MCF2L	0.5	B
HNF4A	TSPAN8	0.5	B
HNF4A	TTC7A	0.5	B
HNF4A	TTYH3	0.5	B
HNF4A	ZBTB20	0.5	B
HNF4A	ZBTB16	0.5	B
HNF4A	YAP1	0.5	B
HNF4A	USP7	0.5	B
HNF4A	XXYLT1	0.5	B
HNF4A	TSPAN14	0.5	B
HNF4A	UTRN	0.5	B
ZNF263	MEGF11	0.5	B
ZNF263	MED15	0.5	B
HNF4A	VAV2	0.5	B
HNF4A	WWP2	0.5	B
HNF4A	VGLL4	0.5	B
HNF4A	WWC1	0.5	B
HNF4A	VMP1	0.5	B
HNF4A	WNK2	0.5	B
HNF4A	WDFY1	0.5	B
ZNF263	MDGA1	0.5	B
IRF2	NMI	0.5	B
HNF4A	TRIO	0.5	B
ZNF263	MEGF6	0.5	B
HNF4A	TMEM37	0.5	B
ZNF263	MKNK2	0.5	B
HNF4A	ZFP36L2	0.5	B
HNF4A	TMIGD1	0.5	B
HNF4A	TNS1	0.5	B
HNF4A	TNS3	0.5	B
ZNF263	MAP2K2	0.5	B
HNF4A	ZFHX3	0.5	B
ZNF263	MICALL2	0.5	B
HNF4A	TRIM31	0.5	B
HNF4A	TPCN1	0.5	B
HNF4A	TRAK1	0.5	B
ZNF263	MICAL3	0.5	B
HNF4A	TRAPPC9	0.5	B
HNF4A	TRIM2	0.5	B
HNF4A	ZFAT	0.5	B
HNF4A	ZFAND3	0.5	B
HNF4A	ZCCHC2	0.5	B
HNF4A	ZBTB38	0.5	B
ZNF263	MGAT3	0.5	B
HNF4A	TPRG1	0.5	B
HNF4A	SH3D19	0.5	B
IRF2	NR3C1	0.5	B
HNF4A	SYNE1	0.5	B
HNF4A	SLC35D2	0.5	B
HNF4A	SLC39A11	0.5	B
JUND	LMNA	0.5	B
JUNB	PIM1	0.5	B
ZNF263	NACC2	0.5	B
HNF4A	SLC40A1	0.5	B
ZNF263	LTBP4	0.5	B
HNF4A	SLC44A1	0.5	B
JUN	HRH1	0.5	B
JUN	DUSP10	0.5	B
HNF4A	SLC44A4	0.5	B
HNF4A	SLC7A5	0.5	B
JUN	DMD	0.5	B
JUN	ACSL3	0.5	B
IRF9	SAMD9L	0.5	B
ZNF263	MYT1L	0.5	B
IRF9	RSAD2	0.5	B
ZNF263	MYOM3	0.5	B
IRF9	OAS3	0.5	B
ZNF263	LTBP3	0.5	B
HNF4A	SLC30A10	0.5	B
HNF4A	SLC2A9	0.5	B
JUND	MAFK	0.5	B
HNF4A	SHANK2	0.5	B
ZNF263	NDST1	0.5	B
ZNF263	NCS1	0.5	B
HNF4A	SIL1	0.5	B
ZNF263	NCOR2	0.5	B
HNF4A	SIPA1L3	0.5	B
HNF4A	SKI	0.5	B
HNF4A	SLC13A3	0.5	B
ZNF263	NADK	0.5	B
HNF4A	SLCO2B1	0.5	B
KMT2A	CDKN2C	0.5	B
KLF5	LAMB3	0.5	B
KLF5	JUP	0.5	B
ZNF263	LPCAT1	0.5	B
HNF4A	SLC13A5	0.5	B
HNF4A	SLC20A2	0.5	B
KLF5	FOXQ1	0.5	B
HNF4A	SLC22A23	0.5	B
KLF4	NDRG1	0.5	B
KLF1	OSBP2	0.5	B
KLF5	PTK6	0.5	B
IRF9	OAS2	0.5	B
HNF4A	SMAD3	0.5	B
HNF4A	SMAD7	0.5	B
HNF4A	ST3GAL1	0.5	B
HNF4A	ST3GAL6	0.5	B
HNF4A	ST6GAL1	0.5	B
IRF4	ELF4	0.5	B
HNF4A	STAT6	0.5	B
IRF4	CFLAR	0.5	B
IRF4	BLK	0.5	B
HNF4A	STIM1	0.5	B
HNF4A	STK24	0.5	B
IRF4	FCRL5	0.5	B
HNF4A	STX18	0.5	B
HNF4A	STXBP6	0.5	B
HNF4A	SULF2	0.5	B
IRF3	APOBEC3D	0.5	B
HNF4A	SUSD6	0.5	B
HNF4A	SVIL	0.5	B
HNF4A	SYBU	0.5	B
HNF4A	SYN3	0.5	B
ZNF263	MYO18A	0.5	B
IRF3	ABCA7	0.5	B
IRF3	APOBEC3F	0.5	B
HNF4A	SYNJ2	0.5	B
HNF4A	ST18	0.5	B
HNF4A	SSBP3	0.5	B
ZNF263	MACF1	0.5	B
HNF4A	SMOC1	0.5	B
IRF9	MX1	0.5	B
HNF4A	SMURF1	0.5	B
HNF4A	SNTB1	0.5	B
HNF4A	SOD2	0.5	B
HNF4A	SORBS1	0.5	B
IRF9	KSR1	0.5	B
HNF4A	SORBS2	0.5	B
IRF4	ITGB7	0.5	B
ZNF263	MYO7A	0.5	B
HNF4A	SOX13	0.5	B
IRF9	ISG15	0.5	B
HNF4A	SOX6	0.5	B
HNF4A	SPAG9	0.5	B
HNF4A	SPATS2L	0.5	B
HNF4A	SPIDR	0.5	B
HNF4A	SPRED2	0.5	B
IRF9	ADAR	0.5	B
HNF4A	SPTBN1	0.5	B
HNF4A	SORL1	0.5	B
GATA3	SEMA3A	0.5	B
HNF4A	KALRN	0.5	B
HNF4A	ITPR1	0.5	B
ZNF263	PRKAG2	0.5	B
ZNF263	PRDM16	0.5	B
HIF1A	GRB10	0.5	B
MITF	ADAMTS17	0.5	B
ZNF263	PPM1F	0.5	B
HIF1A	INHBA	0.5	B
ZNF263	PPIL2	0.5	B
MITF	ADAM12	0.5	B
ZNF263	PPARGC1B	0.5	B
HIF1A	MRTFB	0.5	B
HIF1A	MSI2	0.5	B
ZNF263	POR	0.5	B
HIF1A	NAV1	0.5	B
HIF1A	NEK7	0.5	B
ZNF263	POLE	0.5	B
MITF	ACOT7	0.5	B
MITF	ABLIM2	0.5	B
HIF1A	PDE4D	0.5	B
ZNF263	PNPLA7	0.5	B
ZNF263	PRKAR1B	0.5	B
HIF1A	FCHSD2	0.5	B
HIF1A	FAM210A	0.5	B
MITF	ADCY2	0.5	B
GATA6	SEMA6A	0.5	B
GATA6	SVIL	0.5	B
GRHL2	NHSL3	0.5	B
GRHL2	LAD1	0.5	B
GRHL2	LIPH	0.5	B
HIF1A	ADAMTS20	0.5	B
ZNF263	PRKCE	0.5	B
HIF1A	AGPAT5	0.5	B
HIF1A	ARFGEF2	0.5	B
MITF	ABLIM1	0.5	B
HIF1A	ARID1B	0.5	B
HIF1A	CACNA1C	0.5	B
HIF1A	CHSY1	0.5	B
HIF1A	DDX18	0.5	B
HIF1A	DENND1A	0.5	B
HIF1A	DLGAP4	0.5	B
HIF1A	DSCAM	0.5	B
HIF1A	EGFR	0.5	B
MITF	ADCY9	0.5	B
ZNF263	LAMA5	0.5	B
HIF1A	CACNA1A	0.5	B
ZNF263	PLXND1	0.5	B
MEIS2	TGFBR3	0.5	B
HIF1A	PRKCH	0.5	B
HNF4A	ABCA4	0.5	B
HNF4A	ABCC11	0.5	B
HNF4A	ABCC3	0.5	B
HNF4A	ABLIM1	0.5	B
HNF4A	ABLIM3	0.5	B
HNF4A	ACACB	0.5	B
NFATC1	MEF2C	0.5	B
HNF4A	ACOT7	0.5	B
HNF4A	ACOX2	0.5	B
HNF1B	WDR72	0.5	B
HNF4A	ACTN1	0.5	B
HNF4A	ACY3	0.5	B
ZNF263	LAMC3	0.5	B
HNF4A	ADCY9	0.5	B
HNF4A	ADGRA3	0.5	B
HNF4A	ADGRF1	0.5	B
HNF4A	ADGRG6	0.5	B
HNF4A	ADGRV1	0.5	B
MEF2C	HDAC9	0.5	B
HNF4A	AFDN	0.5	B
HNF4A	ACTN4	0.5	B
GATA3	ZPLD1	0.5	B
HMBOX1	PDE8A	0.5	B
HIF1A	ZMYND8	0.5	B
HIF1A	RAD23B	0.5	B
HIF1A	RERE	0.5	B
ZNF263	PLXNA2	0.5	B
HIF1A	RGS6	0.5	B
HIF1A	RUNX1	0.5	B
MEIS2	NCALD	0.5	B
HIF1A	SEPTIN9	0.5	B
HIF1A	SHANK2	0.5	B
HIF1A	SIPA1L1	0.5	B
HMBOX1	NCOA4	0.5	B
ZNF263	PLEKHG5	0.5	B
HIF1A	TNS1	0.5	B
HIF1A	TNS3	0.5	B
MEIS2	MCC	0.5	B
HIF1A	UNC5D	0.5	B
HIF1A	USP6NL	0.5	B
MEF2C	TCF4	0.5	B
MEF2C	PLCL2	0.5	B
HIF1A	XXYLT1	0.5	B
HIF1A	ZFAT	0.5	B
HIF1A	SLC41A2	0.5	B
HNF4A	AFF1	0.5	B
GATA3	ZNRF1	0.5	B
GATA3	ZNF462	0.5	B
GATA3	SPTBN1	0.5	B
GATA3	SSBP2	0.5	B
GATA3	ST3GAL1	0.5	B
GATA3	ST6GAL1	0.5	B
MITF	AFF3	0.5	B
GATA3	STARD13	0.5	B
GATA3	STK3	0.5	B
GATA3	STK39	0.5	B
GATA3	STXBP5	0.5	B
GATA3	SUMO1P1	0.5	B
GATA3	SYBU	0.5	B
GATA3	SYNE1	0.5	B
GATA3	SYNE2	0.5	B
GATA3	SYNJ2	0.5	B
GATA3	SYT1	0.5	B
MITF	ADGRG1	0.5	B
GATA3	SYTL2	0.5	B
GATA3	TACC1	0.5	B
GATA3	TANC1	0.5	B
GATA3	SPRED2	0.5	B
GATA3	SPOCK1	0.5	B
GATA3	SPECC1L	0.5	B
GATA3	SPATS2L	0.5	B
GATA3	SEMA6A	0.5	B
GATA3	SEPTIN9	0.5	B
MITF	AGAP1	0.5	B
GATA3	SGPL1	0.5	B
ZNF263	PXN	0.5	B
GATA3	SH3RF1	0.5	B
GATA3	SHANK2	0.5	B
GATA3	SHROOM3	0.5	B
GATA3	SIL1	0.5	B
GATA3	TAOK3	0.5	B
GATA3	SIPA1L1	0.5	B
GATA3	SLC38A1	0.5	B
GATA3	SLC44A1	0.5	B
GATA3	SLC8A1	0.5	B
GATA3	SLIT3	0.5	B
GATA3	SMAD3	0.5	B
ZNF263	PTPRU	0.5	B
GATA3	SMYD3	0.5	B
ZNF263	PTPRF	0.5	B
GATA3	SND1	0.5	B
GATA3	SIPA1L2	0.5	B
GATA3	TBC1D1	0.5	B
GATA3	TBL1XR1	0.5	B
GATA3	TCF12	0.5	B
GATA3	TSC22D2	0.5	B
GATA3	TTC28	0.5	B
GATA3	TXNRD1	0.5	B
ZNF263	PRR5	0.5	B
GATA3	UBE2H	0.5	B
GATA3	UNC5C	0.5	B
GATA3	UTRN	0.5	B
ZNF263	PRKCZ	0.5	B
GATA3	VAV3	0.5	B
GATA3	TRPS1	0.5	B
GATA3	VMP1	0.5	B
GATA3	WWC1	0.5	B
GATA3	WWTR1	0.5	B
GATA3	XYLT1	0.5	B
GATA3	ZBTB7C	0.5	B
GATA3	ZFAND3	0.5	B
GATA3	ZFPM2	0.5	B
GATA3	ZMIZ1	0.5	B
GATA3	ZMYND8	0.5	B
GATA3	ZNF365	0.5	B
GATA3	VPS13D	0.5	B
GATA3	ZNF608	0.5	B
GATA3	TRIO	0.5	B
GATA3	TRAPPC9	0.5	B
GATA3	TEAD1	0.5	B
GATA3	TENM4	0.5	B
ZNF263	PTK7	0.5	B
GATA3	TGFB2	0.5	B
GATA3	THADA	0.5	B
GATA3	THSD4	0.5	B
GATA3	THSD7B	0.5	B
GATA3	TIAM1	0.5	B
GATA3	TLE1	0.5	B
GATA3	TRIM37	0.5	B
GATA3	TLE3	0.5	B
GATA3	TLK1	0.5	B
GATA3	TLN2	0.5	B
GATA3	TMSB4X	0.5	B
GATA3	TMTC2	0.5	B
GATA3	TNS3	0.5	B
GATA3	TPD52	0.5	B
GATA3	TPD52L1	0.5	B
ZNF263	PSD4	0.5	B
GATA3	TPRG1	0.5	B
GATA3	TLE4	0.5	B
HNF4A	ITPR2	0.5	B
HNF4A	AGAP1	0.5	B
HNF4A	AGPAT3	0.5	B
HNF4A	ERGIC1	0.5	B
HNF4A	ERI3	0.5	B
HNF4A	ERN1	0.5	B
HNF4A	ETV4	0.5	B
HNF4A	ETV6	0.5	B
HNF4A	EXT1	0.5	B
HNF4A	F5	0.5	B
HNF4A	FAH	0.5	B
HNF4A	EEIG1	0.5	B
HNF4A	FAM107B	0.5	B
HNF4A	FAM13A	0.5	B
HNF4A	FAM222A	0.5	B
HNF4A	FARP1	0.5	B
HNF4A	FAT1	0.5	B
HNF4A	FERMT2	0.5	B
HNF4A	FGA	0.5	B
HNF4A	FGFR3	0.5	B
HNF4A	FGGY	0.5	B
HNF4A	FHAD1	0.5	B
HNF4A	EPS8	0.5	B
MAZ	PRR12	0.5	B
ZNF263	PIP5K1C	0.5	B
HNF4A	EPHA10	0.5	B
HNF4A	DOCK4	0.5	B
HNF4A	DOCK5	0.5	B
HNF4A	DPYSL2	0.5	B
ZNF263	PITPNM3	0.5	B
HNF4A	DST	0.5	B
HNF4A	ECE1	0.5	B
HNF4A	EEPD1	0.5	B
HNF4A	EFHC1	0.5	B
HNF4A	EGFR	0.5	B
HNF4A	FHL2	0.5	B
HNF4A	EGLN3	0.5	B
ZNF263	PITPNM2	0.5	B
HNF4A	EHF	0.5	B
HNF4A	ELL	0.5	B
HNF4A	ELMO1	0.5	B
HNF4A	EML6	0.5	B
HNF4A	ENC1	0.5	B
HNF4A	ENTPD8	0.5	B
HNF4A	EPAS1	0.5	B
HNF4A	EPB41L2	0.5	B
HNF4A	EHD1	0.5	B
HNF4A	FLNB	0.5	B
HNF4A	FNDC3B	0.5	B
HNF4A	FNIP2	0.5	B
HNF4A	GRAMD4	0.5	B
HNF4A	GRB10	0.5	B
HNF4A	GSE1	0.5	B
HNF4A	GSN	0.5	B
HNF4A	GTF2IRD1	0.5	B
HNF4A	HDAC4	0.5	B
HNF4A	HIPK2	0.5	B
HNF4A	HIVEP2	0.5	B
HNF4A	HLF	0.5	B
HNF4A	GRAMD2B	0.5	B
MAZ	KCTD15	0.5	B
HNF4A	HSD17B2	0.5	B
MAZ	CTDSP1	0.5	B
HNF4A	IGF2BP3	0.5	B
HNF4A	IL1R1	0.5	B
HNF4A	IL1RAP	0.5	B
HNF4A	INSR	0.5	B
ZNF263	LDLRAP1	0.5	B
HNF4A	IQGAP2	0.5	B
HNF4A	ITGB5	0.5	B
HNF4A	HPCAL1	0.5	B
HNF4A	DNAJB12	0.5	B
HNF4A	GPRIN2	0.5	B
HNF4A	GNA12	0.5	B
HNF4A	FOXN3	0.5	B
HNF4A	FOXP1	0.5	B
HNF4A	FOXQ1	0.5	B
HNF4A	FRMD4B	0.5	B
HNF4A	FRY	0.5	B
HNF4A	FTO	0.5	B
HNF4A	FYN	0.5	B
IRF1	STAT1	0.5	B
HNF4A	GALNT2	0.5	B
HNF4A	GPRC5C	0.5	B
HNF4A	GCLC	0.5	B
HNF4A	GDF15	0.5	B
HNF4A	GFOD1	0.5	B
MAZ	PPP1R9B	0.5	B
HNF4A	GGT6	0.5	B
HNF4A	GIPC2	0.5	B
ZNF263	PIEZO1	0.5	B
MAZ	MARK2	0.5	B
HNF4A	GLIS3	0.5	B
HNF4A	GMDS	0.5	B
HNF4A	GDA	0.5	B
ZNF263	PLEC	0.5	B
HNF4A	DMD	0.5	B
HNF4A	DLEU1	0.5	B
HNF4A	ASAP2	0.5	B
HNF4A	ASS1	0.5	B
HNF4A	ATP2B2	0.5	B
HNF4A	ATP7B	0.5	B
HNF4A	ATP8B1	0.5	B
HNF4A	ATXN7L1	0.5	B
HNF4A	AUTS2	0.5	B
HNF4A	BCAR3	0.5	B
HNF4A	BCAS3	0.5	B
HNF4A	BCL3	0.5	B
HNF4A	BCL9L	0.5	B
HNF4A	BCOR	0.5	B
HNF4A	BCR	0.5	B
HNF4A	BICC1	0.5	B
HNF4A	BRD4	0.5	B
HNF4A	BTNL8	0.5	B
HNF4A	C1orf210	0.5	B
HNF4A	C8B	0.5	B
MEF2A	SYNE1	0.5	B
HNF4A	ARSG	0.5	B
HNF4A	ARID5B	0.5	B
HNF4A	ARID1A	0.5	B
HNF4A	ARHGEF3	0.5	B
HNF4A	AGXT	0.5	B
MEF2C	CLIC5	0.5	B
HNF4A	AHCY	0.5	B
HNF4A	AHNAK	0.5	B
HNF4A	AIG1	0.5	B
HNF4A	AK2	0.5	B
MEF2B	KLF2	0.5	B
ZNF263	PLCH2	0.5	B
HNF4A	AKAP1	0.5	B
HNF4A	CALD1	0.5	B
HNF4A	AKAP13	0.5	B
HNF4A	ALDH3A2	0.5	B
HNF4A	AMBRA1	0.5	B
HNF4A	AMPD3	0.5	B
HNF4A	ANXA2	0.5	B
HNF4A	ANXA4	0.5	B
HNF4A	ARHGAP12	0.5	B
HNF4A	ARHGAP18	0.5	B
HNF4A	ARHGAP26	0.5	B
HNF4A	ARHGEF10L	0.5	B
HNF4A	ALDH1A1	0.5	B
HNF4A	CAMK2D	0.5	B
HNF4A	CAMK2N1	0.5	B
HNF4A	CAPZA2	0.5	B
ZNF263	PLA2G6	0.5	B
HNF4A	CTNND1	0.5	B
HNF4A	CTSB	0.5	B
MEF2A	GTDC1	0.5	B
HNF4A	CTSE	0.5	B
MBD3	ESR1	0.5	B
HNF4A	CUEDC1	0.5	B
HNF4A	CUX1	0.5	B
HNF4A	CYP4F3	0.5	B
HNF4A	CTNNA1	0.5	B
HNF4A	DAAM1	0.5	B
MAZ	RNF220	0.5	B
HNF4A	DAB2IP	0.5	B
HNF4A	DCBLD1	0.5	B
HNF4A	DENND1A	0.5	B
HNF4A	DENND2B	0.5	B
HNF4A	DGKG	0.5	B
HNF4A	DHRS3	0.5	B
HNF4A	DIP2C	0.5	B
HNF4A	DLC1	0.5	B
HNF4A	DAB1	0.5	B
HNF4A	DLGAP4	0.5	B
HNF4A	CRACD	0.5	B
HNF4A	CORO2A	0.5	B
HNF4A	CAST	0.5	B
HNF4A	CCDC57	0.5	B
ZNF263	PLCG2	0.5	B
HNF4A	CCDC85C	0.5	B
HNF4A	CCNY	0.5	B
HNF4A	CDC42EP4	0.5	B
HNF4A	CDH23	0.5	B
HNF4A	CDK5RAP2	0.5	B
HNF4A	CHD2	0.5	B
HNF4A	CPLX2	0.5	B
HNF4A	CHD9	0.5	B
HNF4A	CLASP1	0.5	B
MEF2A	SCHIP1	0.5	B
HNF4A	CLEC16A	0.5	B
HNF4A	CLMN	0.5	B
HNF4A	CLRN3	0.5	B
HNF4A	CNKSR3	0.5	B
HNF4A	COBL	0.5	B
HNF4A	COL27A1	0.5	B
HNF4A	CORO1C	0.5	B
HNF4A	CHN2	0.5	B
HNF4A	MOGAT2	0.5	B
FOXP1	CHD2	0.5	B
GATA2	MYRIP	0.5	B
ZNF263	TNS3	0.5	B
FOS	IMMP2L	0.5	B
ZNF263	TNS1	0.5	B
FOS	ITGB5	0.5	B
FOS	ITGB6	0.5	B
FOS	ITPR1	0.5	B
FOS	ITPR2	0.5	B
FOS	JCAD	0.5	B
FOS	KALRN	0.5	B
FOS	KAZN	0.5	B
ZNF263	TOP3B	0.5	B
FOS	KCNJ15	0.5	B
FOS	KCNMA1	0.5	B
FOS	KDM4C	0.5	B
FOS	KIAA1217	0.5	B
FOS	KIF13A	0.5	B
FOS	KLF6	0.5	B
FOS	KLF9	0.5	B
FOS	KSR1	0.5	B
FOS	LAMA3	0.5	B
FOS	LAMC1	0.5	B
FOS	LHFPL2	0.5	B
FOS	KCNK1	0.5	B
FOS	LIMS1	0.5	B
FOS	IGF1R	0.5	B
FOS	HRH1	0.5	B
FOS	FILIP1L	0.5	B
FOS	FLNB	0.5	B
FOS	FNDC3B	0.5	B
FOS	FOXP1	0.5	B
FOS	FRMD4B	0.5	B
FOS	FSIP1	0.5	B
FOS	FTO	0.5	B
FOS	GABBR2	0.5	B
FOS	GADD45A	0.5	B
FOS	GALNT15	0.5	B
FOS	IFNGR2	0.5	B
FOS	GALNT2	0.5	B
FOS	GFOD1	0.5	B
FOS	GLIS3	0.5	B
FOS	GMDS	0.5	B
FOS	GNA12	0.5	B
FOS	GSE1	0.5	B
FOS	GTDC1	0.5	B
FOS	HDAC9	0.5	B
FOS	HECW2	0.5	B
FOS	HIVEP3	0.5	B
FOS	HMCN1	0.5	B
FOS	GBE1	0.5	B
FOS	FHL2	0.5	B
FOS	LINC00299	0.5	B
FOS	LPP	0.5	B
FOS	MYLK	0.5	B
FOS	MYO1B	0.5	B
FOS	NAALADL2	0.5	B
FOS	NABP1	0.5	B
FOS	NAV1	0.5	B
FOS	NAV2	0.5	B
FOS	NCALD	0.5	B
FOS	NCOA7	0.5	B
FOS	NEDD4L	0.5	B
FOS	NEDD9	0.5	B
FOS	MYH9	0.5	B
FOS	NEK7	0.5	B
FOS	NFIA	0.5	B
FOS	NFIB	0.5	B
FOS	NIBAN2	0.5	B
FOS	NPAS3	0.5	B
FOS	NRCAM	0.5	B
FOS	NRP1	0.5	B
FOS	NSMCE2	0.5	B
FOS	OSBPL10	0.5	B
FOS	OSBPL3	0.5	B
FOS	OSBPL6	0.5	B
FOS	NFATC2	0.5	B
FOS	LMNA	0.5	B
FOS	MYEOV	0.5	B
FOS	MTHFD2L	0.5	B
FOS	LRBA	0.5	B
FOS	LTBP1	0.5	B
FOS	MACF1	0.5	B
FOS	MACROD2	0.5	B
FOS	MAML2	0.5	B
FOS	MAML3	0.5	B
FOS	MAP2	0.5	B
FOS	MAP3K13	0.5	B
FOS	MARCHF3	0.5	B
FOS	MAST4	0.5	B
FOS	MTSS1	0.5	B
FOS	MBNL1	0.5	B
FOS	MCC	0.5	B
FOS	MCF2L2	0.5	B
FOS	ME3	0.5	B
FOS	MET	0.5	B
FOS	MGLL	0.5	B
FOS	MICAL2	0.5	B
FOS	MID1	0.5	B
FOS	MIDEAS	0.5	B
FOS	MPZL1	0.5	B
FOS	MSI2	0.5	B
FOS	MBNL2	0.5	B
FOS	OSBPL9	0.5	B
FOS	FHAD1	0.5	B
FOS	FGD6	0.5	B
FOS	ARID5B	0.5	B
FOS	ASAP1	0.5	B
FOS	ATP6AP1L	0.5	B
FOS	ATP8B1	0.5	B
FOS	ATP8B4	0.5	B
FOS	ATXN1	0.5	B
FOS	B4GALT5	0.5	B
FOS	BACH2	0.5	B
FOS	BBX	0.5	B
FOS	BCAR3	0.5	B
FOS	ARID1B	0.5	B
FOS	BHLHE40	0.5	B
FOS	CACNA1A	0.5	B
FOS	CAMK2D	0.5	B
FOS	CAPN2	0.5	B
FOS	CAST	0.5	B
FOS	CBLB	0.5	B
FOS	CCDC91	0.5	B
FOS	CCNY	0.5	B
FOS	CDH18	0.5	B
FOS	CDK5RAP2	0.5	B
FOS	CDK6	0.5	B
FOS	BMPR1B	0.5	B
FOS	CDYL	0.5	B
FOS	ARHGEF3	0.5	B
FOS	ARHGAP26	0.5	B
FOS	ACVR1	0.5	B
FOS	ADGRF1	0.5	B
FOS	ADGRG6	0.5	B
FOS	ADGRV1	0.5	B
FOS	AFF1	0.5	B
FOS	AGAP1	0.5	B
FOS	AHNAK	0.5	B
FOS	AKAP6	0.5	B
FOS	ALDH1A2	0.5	B
FOS	AMPD3	0.5	B
FOS	ARHGAP42	0.5	B
FOS	ANGPT1	0.5	B
FOS	ANK3	0.5	B
FOS	ANKS1B	0.5	B
FOS	ANO6	0.5	B
FOS	ANTXR2	0.5	B
FOS	ANXA1	0.5	B
FOS	ANXA2	0.5	B
FOS	ANXA3	0.5	B
FOS	AOAH	0.5	B
FOS	ARHGAP18	0.5	B
FOS	ARHGAP24	0.5	B
FOS	ANK1	0.5	B
FOS	FGGY	0.5	B
FOS	CEMIP2	0.5	B
FOS	CHD9	0.5	B
FOS	DOCK5	0.5	B
FOS	DPF3	0.5	B
FOS	DST	0.5	B
FOS	DTNA	0.5	B
FOS	DTNB	0.5	B
FOS	DUSP10	0.5	B
FOS	DYRK1A	0.5	B
FOS	ECE1	0.5	B
FOS	EFHC1	0.5	B
FOS	EGLN3	0.5	B
FOS	DOCK4	0.5	B
FOS	ENAH	0.5	B
FOS	ERC2	0.5	B
FOS	ERGIC1	0.5	B
FOS	EXOC4	0.5	B
FOS	EXOC6B	0.5	B
FOS	EXT1	0.5	B
FOS	EXTL3	0.5	B
FOS	FAM107B	0.5	B
FOS	FAM13A	0.5	B
ZNF263	TP73	0.5	B
FOS	FAT1	0.5	B
FOS	ENPP2	0.5	B
FOS	CEP112	0.5	B
FOS	DOCK2	0.5	B
FOS	DMD	0.5	B
FOS	CHN2	0.5	B
FOS	CLEC16A	0.5	B
FOS	CLIP2	0.5	B
FOS	CLVS1	0.5	B
FOS	CNIH3	0.5	B
FOS	COL14A1	0.5	B
FOS	COL21A1	0.5	B
FOS	COL25A1	0.5	B
FOS	CRADD	0.5	B
FOS	CREB5	0.5	B
FOS	DNAJC5B	0.5	B
FOS	CRIM1	0.5	B
FOS	CSGALNACT1	0.5	B
FOS	CTNNA1	0.5	B
FOS	CUBN	0.5	B
FOS	CUX1	0.5	B
FOS	CYRIB	0.5	B
FOS	CYTH4	0.5	B
FOS	DAAM1	0.5	B
FOS	DDX60L	0.5	B
FOS	DENND2B	0.5	B
FOS	DLEU1	0.5	B
FOS	CRYBG1	0.5	B
FOS	ACSL3	0.5	B
FOS	PACSIN2	0.5	B
FOS	PAPPA	0.5	B
FOS	ZNF365	0.5	B
FOS	ZNF438	0.5	B
FOS	ZNF608	0.5	B
FOSL1	ANXA2	0.5	B
FOSL1	LMNA	0.5	B
FOSL1	TRIB1	0.5	B
FOSL2	MAFK	0.5	B
FOSL2	NDRG1	0.5	B
FOSL2	TGIF1	0.5	B
FOXA1	ABCC4	0.5	B
FOS	ZMYND8	0.5	B
FOXA1	ABLIM1	0.5	B
FOXA1	ADAMTSL1	0.5	B
FOXA1	ADGRF1	0.5	B
FOXA1	ADGRG6	0.5	B
FOXA1	ADGRL2	0.5	B
FOXA1	ADGRV1	0.5	B
FOXA1	AFDN	0.5	B
ZNF263	TFEB	0.5	B
FOXA1	AFF1	0.5	B
FOXA1	AFF3	0.5	B
FOXA1	AGAP1	0.5	B
FOXA1	ACOXL	0.5	B
FOXA1	AKAP13	0.5	B
FOS	ZMIZ1	0.5	B
FOS	ZBTB38	0.5	B
FOS	TPD52L1	0.5	B
FOS	TRAPPC9	0.5	B
FOS	TRIB1	0.5	B
FOS	TRIM2	0.5	B
FOS	TRIO	0.5	B
FOS	TRPS1	0.5	B
FOS	TSC22D2	0.5	B
FOS	TSPAN14	0.5	B
FOS	TTC7A	0.5	B
FOS	TULP4	0.5	B
FOS	ZFPM2	0.5	B
FOS	UBASH3B	0.5	B
ZNF263	TLE3	0.5	B
FOS	UQCC1	0.5	B
FOS	UST	0.5	B
FOS	UTRN	0.5	B
FOS	VAV3	0.5	B
FOS	VMP1	0.5	B
FOS	WWTR1	0.5	B
FOS	YAP1	0.5	B
FOS	ZBTB16	0.5	B
FOS	ZBTB20	0.5	B
FOS	UBE2H	0.5	B
FOS	TNS3	0.5	B
FOXA1	AKAP6	0.5	B
FOXA1	ALCAM	0.5	B
FOXA1	ATP8B1	0.5	B
FOXA1	ATP8B4	0.5	B
FOXA1	ATRNL1	0.5	B
ZNF263	TBX1	0.5	B
FOXA1	ATXN7	0.5	B
FOXA1	AUTS2	0.5	B
FOXA1	BANK1	0.5	B
FOXA1	BBX	0.5	B
FOXA1	BCAR3	0.5	B
ZNF263	TBCD	0.5	B
FOXA1	ASAP1	0.5	B
FOXA1	BCAS3	0.5	B
FOXA1	BICC1	0.5	B
FOXA1	BIRC6	0.5	B
FOXA1	BMPER	0.5	B
FOXA1	BMPR1B	0.5	B
FOXA1	BRIP1	0.5	B
FOXA1	CACNA2D1	0.5	B
FOXA1	CACNA2D3	0.5	B
ZNF263	TANGO2	0.5	B
FOXA1	CACNB2	0.5	B
FOXA1	CADM1	0.5	B
FOXA1	BCKDHB	0.5	B
FOXA1	AKAP9	0.5	B
FOXA1	ARID5B	0.5	B
FOXA1	ARID1B	0.5	B
FOXA1	ALDH1A2	0.5	B
FOXA1	AMOTL1	0.5	B
FOXA1	ANGPT1	0.5	B
FOXA1	ANK3	0.5	B
FOXA1	ANKRD28	0.5	B
FOXA1	ANKRD50	0.5	B
FOXA1	ANKS1B	0.5	B
FOXA1	ANO6	0.5	B
FOXA1	APBB2	0.5	B
ZNF263	TESC	0.5	B
ZNF263	TCERG1L	0.5	B
FOXA1	APP	0.5	B
FOXA1	ARHGAP10	0.5	B
FOXA1	ARHGAP12	0.5	B
FOXA1	ARHGAP15	0.5	B
FOXA1	ARHGAP24	0.5	B
FOXA1	ARHGAP26	0.5	B
FOXA1	ARHGAP32	0.5	B
FOXA1	ARHGAP42	0.5	B
FOXA1	ARHGAP6	0.5	B
ZNF263	TCF3	0.5	B
FOXA1	ARHGEF3	0.5	B
FOXA1	ARAP2	0.5	B
FOS	PALM2AKAP2	0.5	B
FOS	TNS1	0.5	B
FOS	TNIP1	0.5	B
FOS	PTPRM	0.5	B
FOS	RABGAP1L	0.5	B
FOS	RAD51B	0.5	B
FOS	RALGPS1	0.5	B
FOS	RAPGEF1	0.5	B
FOS	RAPGEF4	0.5	B
FOS	RAPGEF5	0.5	B
FOS	RB1CC1	0.5	B
FOS	RBM47	0.5	B
FOS	RERE	0.5	B
FOS	PTPN4	0.5	B
FOS	RGS3	0.5	B
FOS	RND3	0.5	B
FOS	RNF217	0.5	B
FOS	RTN4	0.5	B
FOS	SAMD12	0.5	B
FOS	SAMD4A	0.5	B
FOS	SASH1	0.5	B
FOS	SDK1	0.5	B
FOS	SEC14L1	0.5	B
FOS	SEMA3A	0.5	B
FOS	SEMA3C	0.5	B
FOS	RGS9	0.5	B
FOS	SEPTIN9	0.5	B
FOS	PTK2B	0.5	B
FOS	PSD3	0.5	B
FOS	PARD3	0.5	B
FOS	PARD3B	0.5	B
FOS	PCCA	0.5	B
FOS	PCNX2	0.5	B
FOS	PDE1C	0.5	B
FOS	PDE4B	0.5	B
FOS	PDHX	0.5	B
FOS	PDLIM5	0.5	B
FOS	PHLPP1	0.5	B
FOS	PIP4K2A	0.5	B
FOS	PTK2	0.5	B
ZNF263	TMEM201	0.5	B
FOS	PLCB1	0.5	B
FOS	PLCB4	0.5	B
FOS	PLD1	0.5	B
FOS	PLXNA2	0.5	B
FOS	PPP1R15A	0.5	B
FOS	PPP3CA	0.5	B
FOS	PRICKLE2	0.5	B
FOS	PRKAG2	0.5	B
FOS	PRKCH	0.5	B
FOS	PRPF31	0.5	B
FOS	PLB1	0.5	B
FOS	TNRC6B	0.5	B
FOS	SGMS1	0.5	B
FOS	SH3KBP1	0.5	B
FOS	TANC1	0.5	B
FOS	TBC1D1	0.5	B
FOS	TBC1D5	0.5	B
FOS	TBXAS1	0.5	B
FOS	TCF12	0.5	B
FOS	TEAD1	0.5	B
FOS	TENM2	0.5	B
FOS	TENM4	0.5	B
FOS	TGFBI	0.5	B
FOS	TGFBR3	0.5	B
FOS	TACC2	0.5	B
FOS	THADA	0.5	B
FOS	TIAM1	0.5	B
FOS	TIAM2	0.5	B
FOS	TJP1	0.5	B
FOS	TJP2	0.5	B
FOS	TLN2	0.5	B
FOS	TMC1	0.5	B
FOS	TMEM241	0.5	B
FOS	TMEM245	0.5	B
FOS	TNFAIP8	0.5	B
FOS	TNIK	0.5	B
FOS	THSD4	0.5	B
FOS	SH3BP4	0.5	B
FOS	SYNJ2	0.5	B
FOS	STPG1	0.5	B
FOS	SH3PXD2B	0.5	B
FOS	SIK3	0.5	B
FOS	SLC22A23	0.5	B
FOS	SLC25A37	0.5	B
ZNF263	TMEM132B	0.5	B
FOS	SLC39A11	0.5	B
FOS	SLC44A3	0.5	B
FOS	SLCO3A1	0.5	B
FOS	SLX4IP	0.5	B
FOS	SMYD3	0.5	B
FOS	STXBP5	0.5	B
FOS	SND1	0.5	B
FOS	SORBS1	0.5	B
FOS	SORBS2	0.5	B
FOS	SPATS2L	0.5	B
FOS	SPIDR	0.5	B
FOS	SPIRE1	0.5	B
FOS	SPOCK1	0.5	B
FOS	ST18	0.5	B
FOS	STARD13	0.5	B
FOS	STK17A	0.5	B
FOS	STK40	0.5	B
FOS	SNX9	0.5	B
FOS	ABTB2	0.5	B
FOS	ABR	0.5	B
FOS	ABLIM3	0.5	B
ETS1	GABBR2	0.5	B
ZNF263	ZBTB16	0.5	B
ETS1	GADD45B	0.5	B
ETS1	GALNT10	0.5	B
ETS1	GATA3	0.5	B
GATA3	ETS1	0.5	B
ETS1	GATAD2A	0.5	B
ETS1	GDPD5	0.5	B
ETS1	GNA12	0.5	B
ETS1	GPAA1	0.5	B
ETS1	G3BP2	0.5	B
ETS1	GPR137	0.5	B
ETS1	GSE1	0.5	B
ETS1	GSN	0.5	B
ETS1	HDAC7	0.5	B
ETS1	HDGF	0.5	B
ETS1	HIVEP2	0.5	B
ETS1	HJV	0.5	B
ETS1	HK1	0.5	B
ETS1	HMGN4	0.5	B
ETS1	HNRNPF	0.5	B
ETS1	HNRNPL	0.5	B
ETS1	GRAMD1A	0.5	B
ETS1	HNRNPUL1	0.5	B
ETS1	FYN	0.5	B
ETS1	FOXK1	0.5	B
ETS1	EEF2	0.5	B
ETS1	EFHC1	0.5	B
ETS1	EHD1	0.5	B
ETS1	EIF4G2	0.5	B
ETS1	ELK3	0.5	B
ETS1	EMP3	0.5	B
ETS1	EPAS1	0.5	B
ETS1	EPHA2	0.5	B
ETS1	ERCC1	0.5	B
ETS1	ERGIC1	0.5	B
ETS1	FOXP1	0.5	B
ETS1	ETV6	0.5	B
ETS1	FADS2	0.5	B
ETS1	FAM78A	0.5	B
ETS1	FASN	0.5	B
ETS1	FBXL19	0.5	B
ETS1	FKBP1A	0.5	B
ETS1	FLNA	0.5	B
ETS1	FLNB	0.5	B
ETS1	FMNL3	0.5	B
ETS1	FNDC3B	0.5	B
ZNF263	ZBTB7C	0.5	B
ETS1	FAAP20	0.5	B
ETS1	EEF1A1	0.5	B
ETS1	HOOK2	0.5	B
ETS1	IARS1	0.5	B
ETS1	KMT2A	0.5	B
ETS1	KPNB1	0.5	B
ETS1	KSR1	0.5	B
ETS1	LAMA4	0.5	B
ETS1	LASP1	0.5	B
ETS1	LDLR	0.5	B
ETS1	LEMD2	0.5	B
ETS1	LHFPL2	0.5	B
ETS1	LMNA	0.5	B
ETS1	LRP5	0.5	B
ETS1	KLF6	0.5	B
ETS1	LRRC8A	0.5	B
ETS1	LTBP4	0.5	B
ETS1	MACF1	0.5	B
ETS1	MAD1L1	0.5	B
ETS1	MAML3	0.5	B
ETS1	MAP3K11	0.5	B
ETS1	MAT2A	0.5	B
ETS1	MED15	0.5	B
ETS1	MEF2D	0.5	B
ETS1	MFSD3	0.5	B
ETS1	MGAT1	0.5	B
ETS1	LRRFIP1	0.5	B
ETS1	HPCAL1	0.5	B
ETS1	KLF10	0.5	B
ETS1	KIAA1671	0.5	B
ETS1	ID1	0.5	B
ETS1	ID3	0.5	B
ZNF263	YEATS2	0.5	B
ETS1	IGF1R	0.5	B
ETS1	IGF2BP3	0.5	B
ETS1	ING1	0.5	B
ETS1	IRF2BP2	0.5	B
ZNF263	XXYLT1	0.5	B
ETS1	ITGB1	0.5	B
ETS1	ITGB5	0.5	B
ETS1	KLC1	0.5	B
ETS1	ITPR1	0.5	B
ETS1	JAK1	0.5	B
ETS1	JCAD	0.5	B
ETS1	JMJD1C	0.5	B
ETS1	JUP	0.5	B
ETS1	KAZALD1	0.5	B
ETS1	KCNAB2	0.5	B
ETS1	KCTD10	0.5	B
ETS1	KCTD2	0.5	B
ETS1	KDM2B	0.5	B
ETS1	KDM6B	0.5	B
ETS1	JADE2	0.5	B
CEBPD	IL6	0.5	B
ETS1	E2F3	0.5	B
ETS1	DUSP5	0.5	B
ETS1	ARAP1	0.5	B
ETS1	ARHGAP22	0.5	B
ETS1	ARHGAP26	0.5	B
ETS1	ARHGAP31	0.5	B
ETS1	ARHGDIA	0.5	B
ETS1	ARHGEF17	0.5	B
ETS1	ARHGEF2	0.5	B
ETS1	ARHGEF3	0.5	B
ETS1	ARHGEF7	0.5	B
ZNF384	PANK2	0.5	B
ETS1	APBB2	0.5	B
ETS1	ARID1A	0.5	B
ETS1	ARID3A	0.5	B
ETS1	ARPC5L	0.5	B
ETS1	ARRB1	0.5	B
ZNF274	ZNF577	0.5	B
ETS1	ATP6V0A1	0.5	B
ETS1	BAHCC1	0.5	B
ETS1	BAZ2A	0.5	B
ETS1	BBC3	0.5	B
ETS1	BCAR3	0.5	B
ETS1	BCL3	0.5	B
ETS1	ARID1B	0.5	B
ETS1	BCL9L	0.5	B
ZNF740	MBD6	0.5	B
ETS1	AMPD3	0.5	B
ESRRA	ACSS2	0.5	B
ESRRA	RAP1GAP	0.5	B
ESRRA	RBM47	0.5	B
ESRRA	SLC22A23	0.5	B
ESRRA	SLC9A1	0.5	B
ETS1	ABCB9	0.5	B
ZNF740	SETD1B	0.5	B
ETS1	ABCG1	0.5	B
ETS1	ABL1	0.5	B
ETS1	ACLY	0.5	B
ETS1	ANKRD11	0.5	B
ETS1	ACTB	0.5	B
ETS1	ACTN1	0.5	B
ETS1	ACTN4	0.5	B
ETS1	ADAM10	0.5	B
ETS1	ADORA2A	0.5	B
ETS1	AFAP1	0.5	B
ETS1	AGAP3	0.5	B
ETS1	AHDC1	0.5	B
ETS1	AHNAK	0.5	B
ETS1	ALDOA	0.5	B
ETS1	AMOTL2	0.5	B
ETS1	ACTG1	0.5	B
ETS1	DYNC1H1	0.5	B
ETS1	BCOR	0.5	B
ETS1	BHLHE40	0.5	B
ETS1	CSRP1	0.5	B
ETS1	CTDSP1	0.5	B
ETS1	CTIF	0.5	B
ETS1	CTNNA1	0.5	B
ETS1	CUEDC1	0.5	B
ETS1	DAB2IP	0.5	B
ZNF263	ZC3H18	0.5	B
ETS1	DALRD3	0.5	B
ETS1	DCAKD	0.5	B
ETS1	DDIT4	0.5	B
ETS1	CSGALNACT2	0.5	B
ETS1	DENND3	0.5	B
ETS1	DLG4	0.5	B
ETS1	DNAJB12	0.5	B
ETS1	DNAJB6	0.5	B
ETS1	DNM2	0.5	B
ETS1	DNMT1	0.5	B
ETS1	DOCK4	0.5	B
ETS1	DOCK9	0.5	B
ETS1	DPP9	0.5	B
ETS1	DPYSL2	0.5	B
ETS1	DUSP1	0.5	B
ETS1	DHX9	0.5	B
ETS1	BCR	0.5	B
ZNF263	ZFYVE28	0.5	B
ETS1	CNOT1	0.5	B
ETS1	BICRAL	0.5	B
ZNF274	TNFRSF10B	0.5	B
ZNF263	ZNF608	0.5	B
ETS1	BTBD19	0.5	B
ETS1	CCDC12	0.5	B
ETS1	CCDC85C	0.5	B
ETS1	CCDC88C	0.5	B
ETS1	CCDC97	0.5	B
ZNF263	ZNF469	0.5	B
ETS1	CD9	0.5	B
ETS1	COA1	0.5	B
ETS1	CDC42EP3	0.5	B
ETS1	CDK6	0.5	B
ETS1	CENPT	0.5	B
ETS1	CFLAR	0.5	B
ETS1	CHD2	0.5	B
ETS1	CHD9	0.5	B
ETS1	CIC	0.5	B
ETS1	CIRBP	0.5	B
ETS1	CITED2	0.5	B
ETS1	CLASP1	0.5	B
ETS1	CNIH3	0.5	B
ZNF263	ZMIZ1	0.5	B
ETS1	MICAL2	0.5	B
ETS1	MICAL3	0.5	B
ETS1	MIDEAS	0.5	B
ETS1	TACC1	0.5	B
TAL1	ETS1	0.5	B
ETS1	TBC1D14	0.5	B
ETS1	TCF4	0.5	B
ETS1	TFAP4	0.5	B
ETS1	TGIF1	0.5	B
ETS1	TGIF2	0.5	B
ETS1	THOC6	0.5	B
ETS1	TK2	0.5	B
ETS1	TLE3	0.5	B
ETS1	SYNJ2	0.5	B
ETS1	TLN1	0.5	B
ETS1	TMEM91	0.5	B
ETS1	TMSB4X	0.5	B
ZNF263	UBAC1	0.5	B
ZNF263	TXNRD2	0.5	B
ETS1	TNFRSF1A	0.5	B
ETS1	TNK2	0.5	B
ETS1	TNRC18	0.5	B
ETS1	TNS1	0.5	B
ZNF263	TTYH3	0.5	B
ETS1	TPM4	0.5	B
ETS1	TMEM184B	0.5	B
ETS1	TPR	0.5	B
ETS1	SVIL	0.5	B
ETS1	STK10	0.5	B
ETS1	SLC25A37	0.5	B
ETS1	SLC38A2	0.5	B
ETS1	SLC3A2	0.5	B
ETS1	SLC6A6	0.5	B
ETS1	SMAD3	0.5	B
ZNF263	UNC5A	0.5	B
SMAD4	ETS1	0.5	B
ETS1	SMAD7	0.5	B
ETS1	SMG6	0.5	B
ETS1	SMOX	0.5	B
ETS1	STK40	0.5	B
ETS1	MTCL2	0.5	B
ETS1	SPRED2	0.5	B
ETS1	SPTAN1	0.5	B
ETS1	SPTBN1	0.5	B
ETS1	SPTLC2	0.5	B
ETS1	SREBF1	0.5	B
ETS1	SSBP3	0.5	B
ETS1	SSBP4	0.5	B
ETS1	ST3GAL1	0.5	B
ETS1	ST3GAL2	0.5	B
ETS1	STAT3	0.5	B
SPI1	ETS1	0.5	B
ETS1	SKI	0.5	B
ZNF263	TTC7A	0.5	B
ETS1	TRAPPC9	0.5	B
ETS1	WDR37	0.5	B
ETS1	WNK1	0.5	B
ETS1	WRAP53	0.5	B
ETS1	XXYLT1	0.5	B
ETS1	YY1	0.5	B
ETS1	ZBTB38	0.5	B
ETS1	ZBTB7B	0.5	B
ETS1	ZFP36	0.5	B
ETS1	ZFP36L1	0.5	B
ETS1	ZFP36L2	0.5	B
ETS1	WDR1	0.5	B
ETS1	ZMIZ1	0.5	B
ETS1	ZNF131	0.5	B
ETS1	ZNF213	0.5	B
ETS1	ZNF263	0.5	B
ETS1	ZNF423	0.5	B
ETS2	FLT1	0.5	B
ETV4	PCSK6	0.5	B
ETV4	SHMT2	0.5	B
FLI1	CCND3	0.5	B
FOS	ABCA13	0.5	B
FOS	ABLIM1	0.5	B
ETS1	ZMYND8	0.5	B
ETS1	TRAM2	0.5	B
ETS1	VRK3	0.5	B
ZNF263	TRAPPC9	0.5	B
ETS1	TRIB1	0.5	B
ETS1	TRIM41	0.5	B
ETS1	TRIM8	0.5	B
ETS1	TRRAP	0.5	B
ETS1	TSPAN14	0.5	B
ETS1	TSPAN18	0.5	B
ETS1	TSPAN4	0.5	B
ETS1	TTC7A	0.5	B
ZNF263	TSNARE1	0.5	B
ZNF263	TRIO	0.5	B
ETS1	VGLL4	0.5	B
ETS1	TUBA1C	0.5	B
ETS1	TXNRD1	0.5	B
ETS1	TXNRD2	0.5	B
ETS1	UBAC1	0.5	B
ETS1	UBAP2L	0.5	B
ETS1	UBC	0.5	B
ETS1	UBE2D3	0.5	B
ETS1	UBR4	0.5	B
ETS1	USP39	0.5	B
ETS1	UTRN	0.5	B
ETS1	VASP	0.5	B
ETS1	TUBB4B	0.5	B
ETS1	SIN3A	0.5	B
ETS1	SHC1	0.5	B
ETS1	SH3GL1	0.5	B
ETS1	NOL4L	0.5	B
ETS1	NR4A2	0.5	B
ZNF263	WNT4	0.5	B
ETS1	NRP2	0.5	B
ETS1	NTMT1	0.5	B
ETS1	NUCB1	0.5	B
ETS1	NUP214	0.5	B
ZNF263	WNK2	0.5	B
ETS1	OSBPL3	0.5	B
ETS1	PALM2AKAP2	0.5	B
NFKB1	ETS1	0.5	B
ETS1	PCBP1	0.5	B
ZNF263	WDR86	0.5	B
ETS1	PDE4B	0.5	B
ETS1	PDE4D	0.5	B
ETS1	PER1	0.5	B
ETS1	PEX14	0.5	B
ETS1	PFKFB3	0.5	B
ETS1	PFKP	0.5	B
ETS1	PFN1	0.5	B
ETS1	PGF	0.5	B
ETS1	PGS1	0.5	B
ETS1	PCDH1	0.5	B
ETS1	PHF12	0.5	B
ETS1	NFIC	0.5	B
ETS1	NFIA	0.5	B
ETS1	MIDN	0.5	B
ETS1	MKNK2	0.5	B
ETS1	MNT	0.5	B
ETS1	MRPL36	0.5	B
ETS1	MTHFD1L	0.5	B
ETS1	MTSS1	0.5	B
ETS1	MUS81	0.5	B
ETS1	MYC	0.5	B
ETS1	MYEOV	0.5	B
ETS1	MYH9	0.5	B
ETS1	NFIB	0.5	B
ETS1	MYO1C	0.5	B
ETS1	NARF	0.5	B
ETS1	NAV2	0.5	B
ETS1	NCOR2	0.5	B
ETS1	NDUFV3	0.5	B
ETS1	NEDD9	0.5	B
ZNF263	WNT7A	0.5	B
ETS1	NEK6	0.5	B
ETS1	NEMP2	0.5	B
ETS1	NFATC1	0.5	B
ETS1	NFE2L2	0.5	B
ETS1	MYOF	0.5	B
ETS1	PHF19	0.5	B
ETS1	PIEZO1	0.5	B
ETS1	PIK3C2B	0.5	B
ETS1	RARG	0.5	B
ETS1	RASA3	0.5	B
ETS1	RBM39	0.5	B
ETS1	RERE	0.5	B
ETS1	RGS3	0.5	B
ETS1	RHOF	0.5	B
ETS1	RIPOR1	0.5	B
ETS1	RNASE4	0.5	B
ETS1	RNF213	0.5	B
ETS1	RNF220	0.5	B
ETS1	RAPGEF1	0.5	B
ETS1	RPL3	0.5	B
ETS1	RSRC2	0.5	B
ETS1	SAP30BP	0.5	B
ETS1	SASH1	0.5	B
ETS1	SEC14L1	0.5	B
ETS1	SEPTIN11	0.5	B
ETS1	SEPTIN9	0.5	B
ETS1	SERTAD2	0.5	B
ETS1	SETD5	0.5	B
ETS1	SGK1	0.5	B
ETS1	SH3BP2	0.5	B
ETS1	RPS6KA2	0.5	B
ETS1	RALGDS	0.5	B
ETS1	RAI14	0.5	B
ETS1	RAI1	0.5	B
ETS1	PKM	0.5	B
ETS1	PLEC	0.5	B
ETS1	PLEKHG5	0.5	B
ETS1	PLEKHO1	0.5	B
ETS1	PLXNA2	0.5	B
ETS1	PLXND1	0.5	B
ETS1	PNPLA6	0.5	B
ETS1	PPP1R13L	0.5	B
ETS1	PPP1R9B	0.5	B
ETS1	PREX1	0.5	B
ETS1	PRKAG2	0.5	B
ETS1	PRKCE	0.5	B
ETS1	PRKCH	0.5	B
ETS1	PRPF31	0.5	B
ETS1	PRRC2B	0.5	B
ETS1	PTBP1	0.5	B
ETS1	PTCH1	0.5	B
ETS1	PTK2	0.5	B
ETS1	PTMA	0.5	B
ETS1	PTPRE	0.5	B
ZNF263	VAV2	0.5	B
ETS1	PXN	0.5	B
ETS1	RAD51B	0.5	B
FOXA1	CADPS2	0.5	B
GATA2	NAALADL2	0.5	B
FOXA1	CALD1	0.5	B
FOXA1	CAST	0.5	B
FOXP1	RAD51B	0.5	B
FOXP1	RAPGEF1	0.5	B
FOXP1	RAPGEF4	0.5	B
FOXP1	RAPGEF5	0.5	B
FOXP1	RBPJ	0.5	B
FOXP1	RBPMS	0.5	B
FOXP1	RERE	0.5	B
FOXP1	RFTN1	0.5	B
FOXP1	RIN2	0.5	B
FOXP1	ROCK1	0.5	B
FOXP1	RABGAP1L	0.5	B
FOXP1	ROR2	0.5	B
RUNX1	FOXP1	0.5	B
FOXP1	RUNX1	0.5	B
FOXP1	SDK2	0.5	B
FOXP1	SEPTIN9	0.5	B
FOXP1	SHANK2	0.5	B
FOXP1	SLC22A23	0.5	B
FOXP1	SMARCC1	0.5	B
FOXP1	SND1	0.5	B
FOXP1	SNX25	0.5	B
FOXP1	SORL1	0.5	B
FOXP1	RPTOR	0.5	B
FOXP1	SPAG9	0.5	B
FOXP1	PTCH1	0.5	B
FOXP1	PRKCB	0.5	B
FOXP1	MPZL1	0.5	B
FOXP1	MSI2	0.5	B
FOXP1	MTA3	0.5	B
FOXP1	NAV2	0.5	B
FOXP1	NCOR2	0.5	B
FOXP1	NPAS3	0.5	B
FOXP1	NRP2	0.5	B
FOXP1	NRXN3	0.5	B
FOXP1	NUP98	0.5	B
FOXP1	PACS1	0.5	B
FOXP1	PRPF31	0.5	B
FOXP1	PARP1	0.5	B
FOXP1	PDS5B	0.5	B
FOXP1	PHLPP1	0.5	B
FOXP1	PHTF2	0.5	B
FOXP1	PIK3R1	0.5	B
FOXP1	PIP4K2A	0.5	B
FOXP1	PLCB1	0.5	B
FOXP1	PMAIP1	0.5	B
FOXP1	POU2F1	0.5	B
FOXP1	PPP1R12A	0.5	B
FOXP1	PREX1	0.5	B
FOXP1	PDE4B	0.5	B
FOXP1	MIPOL1	0.5	B
FOXP1	SPIDR	0.5	B
FOXP1	STAG1	0.5	B
FOXP1	ZFAT	0.5	B
FOXP1	ZFP36L1	0.5	B
FOXP1	ZMYM2	0.5	B
FOXP1	ZNF608	0.5	B
GABPA	CDK13	0.5	B
GATA1	GRAP2	0.5	B
GATA2	ABCC4	0.5	B
GATA2	ABLIM1	0.5	B
GATA2	ACER3	0.5	B
GATA2	ADAMTSL1	0.5	B
FOXP1	ZBTB16	0.5	B
GATA2	ADD3	0.5	B
GATA2	ADGRL2	0.5	B
GATA2	ADGRV1	0.5	B
GATA2	AFF1	0.5	B
GATA2	AFF3	0.5	B
GATA2	AGAP1	0.5	B
GATA2	AHI1	0.5	B
GATA2	AKAP13	0.5	B
GATA2	AKAP6	0.5	B
GATA2	ALCAM	0.5	B
GATA2	ALDH1A2	0.5	B
GATA2	ADGRG6	0.5	B
FOXP1	SSBP2	0.5	B
FOXP1	YPEL3	0.5	B
FOXP1	WNK1	0.5	B
FOXP1	STAG2	0.5	B
STAT1	FOXP1	0.5	B
FOXP1	STAT3	0.5	B
FOXP1	STIM2	0.5	B
FOXP1	SVIL	0.5	B
FOXP1	TBC1D2B	0.5	B
FOXP1	TBXAS1	0.5	B
FOXP1	TCF12	0.5	B
FOXP1	TENM4	0.5	B
FOXP1	THADA	0.5	B
FOXP1	XXYLT1	0.5	B
FOXP1	TPD52	0.5	B
FOXP1	TRAPPC9	0.5	B
FOXP1	TXNRD1	0.5	B
FOXP1	U2SURP	0.5	B
FOXP1	UBE3C	0.5	B
FOXP1	UST	0.5	B
FOXP1	UTRN	0.5	B
FOXP1	VGLL4	0.5	B
FOXP1	VPS13A	0.5	B
FOXP1	VPS13C	0.5	B
FOXP1	VPS41	0.5	B
FOXP1	TPP2	0.5	B
GATA2	AMBRA1	0.5	B
FOXP1	MECOM	0.5	B
FOXP1	MCTP1	0.5	B
FOXP1	AFF3	0.5	B
FOXP1	AGAP1	0.5	B
FOXP1	AMPD3	0.5	B
FOXP1	ANGPT1	0.5	B
FOXP1	ANKRD28	0.5	B
FOXP1	AP3B1	0.5	B
FOXP1	ARHGAP32	0.5	B
FOXP1	ARID1A	0.5	B
FOXP1	ARID5B	0.5	B
FOXP1	AUTS2	0.5	B
FOXP1	AFF1	0.5	B
FOXP1	AZIN1	0.5	B
FOXP1	BCAS3	0.5	B
FOXP1	BIRC6	0.5	B
FOXP1	BNC2	0.5	B
FOXP1	CAB39	0.5	B
FOXP1	CACNA2D3	0.5	B
FOXP1	CADM1	0.5	B
FOXP1	CAMK2D	0.5	B
FOXP1	CASZ1	0.5	B
FOXP1	CDK6	0.5	B
FOXP1	CEP112	0.5	B
FOXP1	BBC3	0.5	B
MITF	DOCK2	0.5	B
FOXP1	ADGRL2	0.5	B
FOXP1	ACSL3	0.5	B
FOS	CD44	0.5	B
ZNF263	SSBP3	0.5	B
ZNF263	SRC	0.5	B
ZNF263	SPSB1	0.5	B
ZNF263	SPEG	0.5	B
ZNF263	SORCS2	0.5	B
FOXM1	FAM83D	0.5	B
ZNF263	MTCL2	0.5	B
ZNF263	SND1	0.5	B
FOXM1	MBP	0.5	B
FOXP1	ACTR3	0.5	B
ZNF263	SMOC2	0.5	B
ZNF263	SMARCD3	0.5	B
FOXO1	ARHGAP10	0.5	B
FOXO1	FYN	0.5	B
FOXO1	OSBPL9	0.5	B
FOXO1	PIP4K2A	0.5	B
ZNF263	SMAD7	0.5	B
ZNF263	SMAD3	0.5	B
ZNF263	SLC9A1	0.5	B
ZNF263	SLC6A6	0.5	B
ZNF263	SLC6A18	0.5	B
FOXM1	PPFIBP2	0.5	B
FOXP1	MCTP2	0.5	B
FOXP1	CHD9	0.5	B
FOXP1	CHN2	0.5	B
FOXP1	GSE1	0.5	B
FOXP1	GTDC1	0.5	B
FOXP1	HECTD1	0.5	B
FOXP1	HIVEP2	0.5	B
FOXP1	IGF1R	0.5	B
FOXP1	ITGA4	0.5	B
FOXP1	ITPR1	0.5	B
FOXP1	JADE2	0.5	B
FOXP1	KDM4C	0.5	B
FOXP1	KIAA1217	0.5	B
FOXP1	GPBP1L1	0.5	B
FOXP1	LAMC1	0.5	B
FOXP1	LIMCH1	0.5	B
FOXP1	LIMS1	0.5	B
FOXP1	LNX1	0.5	B
FOXP1	LRIG1	0.5	B
FOXP1	LSAMP	0.5	B
FOXP1	LTBP1	0.5	B
FOXP1	MAD1L1	0.5	B
FOXP1	MAGI1	0.5	B
FOXP1	MAML3	0.5	B
FOXP1	MAP2	0.5	B
FOXP1	LARGE1	0.5	B
FOXP1	CHN1	0.5	B
FOXP1	GLIS3	0.5	B
GATA3	FOXP1	0.5	B
FOXP1	CLASP2	0.5	B
FOXP1	CREB5	0.5	B
FOXP1	CRYBG1	0.5	B
FOXP1	CUL3	0.5	B
FOXP1	DIP2B	0.5	B
FOXP1	DLGAP1	0.5	B
FOXP1	DOCK4	0.5	B
FOXP1	DST	0.5	B
FOXP1	EFNA5	0.5	B
FOXP1	EGLN3	0.5	B
FOXP1	GBE1	0.5	B
FOXP1	EIF3H	0.5	B
FOXP1	ELF2	0.5	B
FOXP1	EPB41L2	0.5	B
FOXP1	EPRS1	0.5	B
FOXP1	ERC2	0.5	B
FOXP1	FAM13A	0.5	B
FOXP1	FAT1	0.5	B
FOXP1	FCHSD2	0.5	B
FOXP1	FNDC3B	0.5	B
FOXP1	FOCAD	0.5	B
FOXP1	FOXN3	0.5	B
FOXP1	EIF4G3	0.5	B
ZNF263	SSPOP	0.5	B
GATA2	AMPD3	0.5	B
GATA2	ANK3	0.5	B
GATA2	GRB10	0.5	B
GATA2	GRIK2	0.5	B
GATA2	GRM7	0.5	B
GATA2	GSE1	0.5	B
GATA2	GTDC1	0.5	B
RUNX1	ETV6	0.5	B
GATA2	HDAC4	0.5	B
GATA2	HDAC9	0.5	B
GATA2	HERC1	0.5	B
GATA2	HIVEP1	0.5	B
GATA2	GPATCH2	0.5	B
GATA2	HIVEP2	0.5	B
GATA2	HIVEP3	0.5	B
GATA2	HMCN1	0.5	B
GATA2	IGF1R	0.5	B
GATA2	IL1R1	0.5	B
GATA2	IMMP2L	0.5	B
GATA2	INPP4B	0.5	B
GATA2	IQGAP2	0.5	B
GATA2	ITGA8	0.5	B
GATA2	ITPR1	0.5	B
GATA2	ITPR2	0.5	B
ZNF263	SLC22A23	0.5	B
GATA2	ITSN1	0.5	B
GATA2	GNAQ	0.5	B
GATA2	GLIS3	0.5	B
GATA2	FHIT	0.5	B
GATA2	FHOD3	0.5	B
GATA2	FILIP1L	0.5	B
GATA2	FLNB	0.5	B
GATA2	FLT1	0.5	B
GATA2	FNDC3B	0.5	B
GATA2	FNIP2	0.5	B
GATA2	FOCAD	0.5	B
GATA2	FOXJ3	0.5	B
GATA2	FOXN3	0.5	B
GATA2	GMDS	0.5	B
GATA2	FOXP1	0.5	B
GATA2	FRMD4B	0.5	B
GATA2	FRY	0.5	B
GATA2	FRYL	0.5	B
GATA2	FSTL5	0.5	B
GATA2	FTO	0.5	B
GATA2	FYN	0.5	B
GATA2	GABBR2	0.5	B
GATA2	GALNT10	0.5	B
GATA2	GALNT2	0.5	B
GATA2	GLI3	0.5	B
GATA2	FRMD3	0.5	B
GATA2	FGGY	0.5	B
GATA2	JARID2	0.5	B
GATA2	KALRN	0.5	B
GATA2	MAP2	0.5	B
GATA2	MAP4K4	0.5	B
GATA2	MAPKAP1	0.5	B
GATA2	MARCHF3	0.5	B
GATA2	MAST4	0.5	B
GATA2	MBNL1	0.5	B
GATA2	MCC	0.5	B
GATA2	MCF2L2	0.5	B
GATA2	MEF2C	0.5	B
GATA2	MET	0.5	B
GATA2	MAML3	0.5	B
GATA2	MICAL2	0.5	B
GATA2	MIPOL1	0.5	B
GATA2	MITF	0.5	B
GATA2	MLLT3	0.5	B
GATA2	MRPS27	0.5	B
GATA2	MSI2	0.5	B
GATA2	MTHFD1L	0.5	B
GATA2	MTSS1	0.5	B
GATA2	MYCBP2	0.5	B
GATA2	MYLK	0.5	B
GATA2	MYO1B	0.5	B
GATA2	MID1	0.5	B
GATA2	JMJD1C	0.5	B
GATA2	MAGI1	0.5	B
GATA2	MACROD2	0.5	B
GATA2	KAT6B	0.5	B
GATA2	KAZN	0.5	B
GATA2	KCNK1	0.5	B
GATA2	KCNMA1	0.5	B
GATA2	KCNMB2	0.5	B
GATA2	KDM4C	0.5	B
GATA2	KDM6A	0.5	B
GATA2	KIAA1217	0.5	B
GATA2	LARGE1	0.5	B
GATA2	LDB2	0.5	B
GATA2	MAD1L1	0.5	B
GATA2	LHFPL2	0.5	B
GATA2	LMBR1	0.5	B
GATA2	LPP	0.5	B
GATA2	LRBA	0.5	B
GATA2	LRCH1	0.5	B
GATA2	LRIG1	0.5	B
GATA2	LRP1B	0.5	B
GATA2	LSAMP	0.5	B
GATA2	LTBP1	0.5	B
GATA2	LUZP2	0.5	B
GATA2	MACF1	0.5	B
GATA2	LIMCH1	0.5	B
GATA2	ANGPT1	0.5	B
GATA2	FBXW11	0.5	B
GATA2	ARB2A	0.5	B
GATA2	CAST	0.5	B
GATA2	CBLB	0.5	B
GATA2	CCDC91	0.5	B
ZNF263	SLC38A10	0.5	B
GATA2	CCNY	0.5	B
GATA2	CCSER1	0.5	B
GATA2	CD34	0.5	B
GATA2	CDC42BPA	0.5	B
GATA2	CDH18	0.5	B
GATA2	CDK14	0.5	B
GATA2	CALD1	0.5	B
GATA2	CDKAL1	0.5	B
GATA2	CEMIP2	0.5	B
GATA2	CEP128	0.5	B
GATA2	CHN2	0.5	B
GATA2	CLEC16A	0.5	B
GATA2	CNBD1	0.5	B
GATA2	CNIH3	0.5	B
GATA2	CNTN3	0.5	B
GATA2	COL14A1	0.5	B
GATA2	COL25A1	0.5	B
GATA2	CPEB4	0.5	B
GATA2	CDYL	0.5	B
GATA2	CRADD	0.5	B
GATA2	CACHD1	0.5	B
GATA2	BMPR1B	0.5	B
GATA2	ANKFN1	0.5	B
GATA2	ANKRD28	0.5	B
GATA2	ANKS1B	0.5	B
GATA2	ANO6	0.5	B
GATA2	APP	0.5	B
GATA2	ARHGAP10	0.5	B
GATA2	ARHGAP15	0.5	B
ZNF263	SLC66A1	0.5	B
GATA2	ARHGAP24	0.5	B
GATA2	ARHGAP26	0.5	B
GATA2	BNC2	0.5	B
GATA2	ARHGAP32	0.5	B
GATA2	ARHGAP6	0.5	B
GATA2	ARHGEF3	0.5	B
GATA2	ARID1B	0.5	B
GATA2	ARID5B	0.5	B
GATA2	ASAP1	0.5	B
GATA2	ATP8B4	0.5	B
GATA2	AUTS2	0.5	B
GATA2	BCAR3	0.5	B
GATA2	BCAS3	0.5	B
GATA2	BCOR	0.5	B
GATA2	ARHGAP42	0.5	B
GATA2	FBXL17	0.5	B
GATA2	CREB5	0.5	B
GATA2	CTBS	0.5	B
GATA2	EFHC1	0.5	B
GATA2	EFNA5	0.5	B
GATA2	EGFR	0.5	B
GATA2	EGLN3	0.5	B
GATA2	EHF	0.5	B
GATA2	EIF3H	0.5	B
GATA2	ELAPOR2	0.5	B
ZNF263	SLC25A10	0.5	B
GATA2	ENAH	0.5	B
GATA2	EPB41L2	0.5	B
GATA2	DYRK1A	0.5	B
GATA2	EPS8	0.5	B
GATA2	ERC1	0.5	B
GATA2	ERC2	0.5	B
GATA2	ETV6	0.5	B
GATA2	EVL	0.5	B
GATA2	EXOC4	0.5	B
GATA2	EXOC6	0.5	B
GATA2	EXT1	0.5	B
GATA2	FAF1	0.5	B
GATA2	FAM13A	0.5	B
GATA2	FAM171A1	0.5	B
GATA2	ERBB4	0.5	B
GATA2	CSGALNACT1	0.5	B
GATA2	DYNC2H1	0.5	B
GATA2	DUSP10	0.5	B
GATA2	CTNNA1	0.5	B
GATA2	CUBN	0.5	B
GATA2	CUX1	0.5	B
GATA2	DAAM1	0.5	B
GATA2	DENND1A	0.5	B
GATA2	DENND1B	0.5	B
GATA2	DGKB	0.5	B
GATA2	DIPK2B	0.5	B
GATA2	DIS3L2	0.5	B
GATA2	DLC1	0.5	B
GATA2	DYM	0.5	B
GATA2	DLEU1	0.5	B
GATA2	DLG2	0.5	B
GATA2	DNAH11	0.5	B
GATA2	DOCK10	0.5	B
GATA2	DOCK4	0.5	B
GATA2	DOCK5	0.5	B
GATA2	DPYD	0.5	B
GATA2	DST	0.5	B
GATA2	DTNA	0.5	B
GATA2	DTNB	0.5	B
GATA2	DTNBP1	0.5	B
GATA2	DLG1	0.5	B
FOXJ2	SUN1	0.5	B
ZNF263	STK32C	0.5	B
FOXA2	WWC1	0.5	B
FOXA1	ICA1	0.5	B
FOXA1	IGF1R	0.5	B
FOXA1	IL1R1	0.5	B
FOXA1	IMMP2L	0.5	B
FOXA1	INPP4B	0.5	B
FOXA1	IQGAP2	0.5	B
FOXA1	ITPR1	0.5	B
FOXA1	ITPR2	0.5	B
FOXA1	ITSN1	0.5	B
FOXA1	JARID2	0.5	B
FOXA1	HMCN1	0.5	B
FOXA1	JAZF1	0.5	B
FOXA1	KALRN	0.5	B
FOXA1	KAT6B	0.5	B
FOXA1	KCNMA1	0.5	B
FOXA1	KCNMB2	0.5	B
FOXA1	KDM4C	0.5	B
FOXA1	KDM6A	0.5	B
FOXA1	KIAA1217	0.5	B
FOXA1	KIAA1328	0.5	B
FOXA1	KIF12	0.5	B
FOXA1	KIF21A	0.5	B
FOXA1	JMJD1C	0.5	B
FOXA1	KTN1	0.5	B
FOXA1	HIVEP3	0.5	B
FOXA1	HERC1	0.5	B
FOXA1	FUT8	0.5	B
ZNF263	SYNJ2	0.5	B
FOXA1	GALNTL6	0.5	B
FOXA1	GHR	0.5	B
FOXA1	GLI3	0.5	B
FOXA1	GLIS3	0.5	B
FOXA1	GMDS	0.5	B
FOXA1	GNAQ	0.5	B
FOXA1	GPATCH2	0.5	B
FOXA1	GPD2	0.5	B
FOXA1	HIVEP2	0.5	B
FOXA1	GRAMD2B	0.5	B
FOXA1	GRHL2	0.5	B
FOXA1	GRID2	0.5	B
FOXA1	GRIK2	0.5	B
FOXA1	GRIP1	0.5	B
FOXA1	GRM7	0.5	B
FOXA1	GSE1	0.5	B
FOXA1	GTDC1	0.5	B
FOXA1	GULP1	0.5	B
FOXA1	HDAC4	0.5	B
FOXA1	HDAC9	0.5	B
FOXA1	GRB10	0.5	B
FOXA1	FTO	0.5	B
FOXA1	LARGE1	0.5	B
FOXA1	LIMCH1	0.5	B
FOXA1	MED13L	0.5	B
FOXA1	MEF2C	0.5	B
FOXA1	MET	0.5	B
FOXA1	MGAT4C	0.5	B
FOXA1	MID1	0.5	B
FOXA1	MIPEP	0.5	B
FOXA1	MIPOL1	0.5	B
FOXA1	MITF	0.5	B
FOXA1	MLLT3	0.5	B
FOXA1	MSI2	0.5	B
FOXA1	MECOM	0.5	B
FOXA1	MTUS1	0.5	B
FOXA1	MYCBP2	0.5	B
FOXA1	MYO1B	0.5	B
FOXA1	MYRIP	0.5	B
FOXA1	NAALADL2	0.5	B
FOXA1	NAV2	0.5	B
FOXA1	NAV3	0.5	B
FOXA1	NBAS	0.5	B
FOXA1	NBEA	0.5	B
FOXA1	NCALD	0.5	B
FOXA1	NCAM2	0.5	B
ZNF263	STX1A	0.5	B
FOXA1	LHFPL2	0.5	B
FOXA1	MCTP1	0.5	B
FOXA1	MBNL1	0.5	B
FOXA1	LMBR1	0.5	B
FOXA1	LMO7	0.5	B
FOXA1	LNX1	0.5	B
FOXA1	LPP	0.5	B
FOXA1	LRBA	0.5	B
FOXA1	LRCH1	0.5	B
FOXA1	LRIG1	0.5	B
FOXA1	LRP1B	0.5	B
FOXA1	LSAMP	0.5	B
FOXA1	LTBP1	0.5	B
FOXA1	MCF2L2	0.5	B
FOXA1	LUZP2	0.5	B
FOXA1	MACROD2	0.5	B
FOXA1	MAD1L1	0.5	B
FOXA1	MAGI1	0.5	B
FOXA1	MAML3	0.5	B
FOXA1	MAP2	0.5	B
FOXA1	MAP4K4	0.5	B
FOXA1	MAPK10	0.5	B
FOXA1	MAPKAP1	0.5	B
FOXA1	MAST4	0.5	B
FOXA1	MBD5	0.5	B
FOXA1	MACF1	0.5	B
FOXA1	NCOA2	0.5	B
FOXA1	FSTL5	0.5	B
FOXA1	FRYL	0.5	B
FOXA1	CRIM1	0.5	B
FOXA1	CSGALNACT1	0.5	B
FOXA1	CTNNA1	0.5	B
FOXA1	CTNND2	0.5	B
FOXA1	CYP2C18	0.5	B
ZNF263	TACC2	0.5	B
FOXA1	DAAM1	0.5	B
FOXA1	DCLK1	0.5	B
FOXA1	DENND1A	0.5	B
FOXA1	DENND1B	0.5	B
FOXA1	CREB5	0.5	B
FOXA1	DGKB	0.5	B
FOXA1	DIP2C	0.5	B
FOXA1	DLEU1	0.5	B
FOXA1	DLG1	0.5	B
FOXA1	DLG2	0.5	B
FOXA1	DNAH11	0.5	B
FOXA1	DOCK10	0.5	B
FOXA1	DOCK4	0.5	B
FOXA1	DOCK5	0.5	B
FOXA1	DPYD	0.5	B
FOXA1	DST	0.5	B
FOXA1	DIO2	0.5	B
FOXA1	DTNA	0.5	B
FOXA1	CPNE4	0.5	B
FOXA1	COL28A1	0.5	B
FOXA1	CASZ1	0.5	B
FOXA1	CBFA2T2	0.5	B
FOXA1	CBLB	0.5	B
FOXA1	CCDC91	0.5	B
FOXA1	CCSER1	0.5	B
FOXA1	CD36	0.5	B
FOXA1	CDH18	0.5	B
FOXA1	CDK14	0.5	B
FOXA1	CDK5RAP2	0.5	B
FOXA1	CDKAL1	0.5	B
ZNF263	TACC3	0.5	B
FOXA1	CDS1	0.5	B
FOXA1	CEP112	0.5	B
FOXA1	CEP128	0.5	B
FOXA1	CHN2	0.5	B
FOXA1	CLASP1	0.5	B
FOXA1	CNBD1	0.5	B
FOXA1	CNTN5	0.5	B
FOXA1	CNTNAP2	0.5	B
FOXA1	COBL	0.5	B
FOXA1	COL14A1	0.5	B
FOXA1	COL21A1	0.5	B
FOXA1	CEMIP2	0.5	B
FOXA1	FSIP1	0.5	B
FOXA1	DYM	0.5	B
FOXA1	DYRK1A	0.5	B
FOXA1	FAM13A	0.5	B
FOXA1	ARB2A	0.5	B
FOXA1	ATOSA	0.5	B
FOXA1	FAT1	0.5	B
FOXA1	FBXL17	0.5	B
FOXA1	FBXW11	0.5	B
FOXA1	FERMT2	0.5	B
FOXA1	FGF12	0.5	B
FOXA1	FGFR2	0.5	B
FOXA1	FGGY	0.5	B
FOXA1	EYA2	0.5	B
FOXA1	FHIT	0.5	B
FOXA1	FIGN	0.5	B
FOXA1	FILIP1L	0.5	B
FOXA1	FLNB	0.5	B
FOXA1	FNDC3B	0.5	B
FOXA1	FOCAD	0.5	B
FOXA1	FOXN3	0.5	B
FOXA1	FOXP1	0.5	B
FOXA1	FOXP2	0.5	B
FOXA1	FRMD4B	0.5	B
FOXA1	FRY	0.5	B
FOXA1	FHOD3	0.5	B
FOXA1	DYNC2H1	0.5	B
FOXA1	EXT1	0.5	B
FOXA1	EXOC6	0.5	B
FOXA1	EEFSEC	0.5	B
FOXA1	EFNA5	0.5	B
FOXA1	EGFR	0.5	B
FOXA1	EGLN3	0.5	B
FOXA1	EHF	0.5	B
FOXA1	EIF3H	0.5	B
FOXA1	ELAPOR2	0.5	B
FOXA1	EMCN	0.5	B
FOXA1	ENAH	0.5	B
FOXA1	EPB41L2	0.5	B
FOXA1	EXOC6B	0.5	B
FOXA1	EPHA6	0.5	B
ZNF263	SYNPO	0.5	B
FOXA1	ERBB4	0.5	B
FOXA1	ERC1	0.5	B
FOXA1	ERC2	0.5	B
FOXA1	ERG	0.5	B
FOXA1	ESRP1	0.5	B
FOXA1	ESRRG	0.5	B
FOXA1	ETV6	0.5	B
FOXA1	EVL	0.5	B
FOXA1	EXOC4	0.5	B
FOXA1	EPS8	0.5	B
FOXA1	NDUFAF6	0.5	B
FOXA1	NEDD4L	0.5	B
FOXA1	NEDD9	0.5	B
FOXA1	ST7	0.5	B
FOXA1	STAG1	0.5	B
FOXA1	STARD13	0.5	B
FOXA1	STK3	0.5	B
FOXA1	STXBP6	0.5	B
FOXA1	SVIL	0.5	B
FOXA1	SYBU	0.5	B
FOXA1	SYNE1	0.5	B
FOXA1	SYNE2	0.5	B
FOXA1	SYT1	0.5	B
FOXA1	ST18	0.5	B
FOXA1	TACC2	0.5	B
FOXA1	TAOK3	0.5	B
FOXA1	TBC1D1	0.5	B
FOXA1	TBC1D5	0.5	B
FOXA1	TBC1D8	0.5	B
FOXA1	TBL1XR1	0.5	B
FOXA1	TCF12	0.5	B
FOXA1	TEAD1	0.5	B
FOXA1	TENM4	0.5	B
FOXA1	TFPI	0.5	B
FOXA1	TGFBR3	0.5	B
FOXA1	TANK	0.5	B
FOXA1	THADA	0.5	B
FOXA1	SSBP2	0.5	B
FOXA1	SPRED2	0.5	B
FOXA1	SIL1	0.5	B
FOXA1	SIPA1L1	0.5	B
FOXA1	SIPA1L2	0.5	B
FOXA1	SKAP2	0.5	B
FOXA1	SLC22A23	0.5	B
FOXA1	SLC38A1	0.5	B
FOXA1	SLC38A9	0.5	B
FOXA1	SLC44A1	0.5	B
FOXA1	SLC8A1	0.5	B
FOXA1	SLX4IP	0.5	B
FOXA1	SPTBN1	0.5	B
FOXA1	SMCHD1	0.5	B
FOXA1	SND1	0.5	B
FOXA1	SORBS1	0.5	B
FOXA1	SORBS2	0.5	B
FOXA1	SOX5	0.5	B
FOXA1	SOX6	0.5	B
FOXA1	SOX9	0.5	B
FOXA1	SPAG17	0.5	B
FOXA1	SPATS2L	0.5	B
FOXA1	SPIDR	0.5	B
FOXA1	SPOCK1	0.5	B
FOXA1	SMYD3	0.5	B
FOXA1	SIK3	0.5	B
FOXA1	THSD4	0.5	B
FOXA1	TIAM1	0.5	B
FOXA1	UST	0.5	B
FOXA1	UTRN	0.5	B
FOXA1	UVRAG	0.5	B
FOXA1	VAV3	0.5	B
FOXA1	VGLL4	0.5	B
FOXA1	VMP1	0.5	B
FOXA1	VPS13B	0.5	B
FOXA1	VPS13D	0.5	B
FOXA1	WDFY3	0.5	B
FOXA1	WWC1	0.5	B
FOXA1	USP25	0.5	B
FOXA1	WWC2	0.5	B
FOXA1	ZBTB20	0.5	B
FOXA1	ZFAND3	0.5	B
FOXA1	ZFPM2	0.5	B
FOXA1	ZMIZ1	0.5	B
FOXA1	ZMYND8	0.5	B
FOXA1	ZNF385B	0.5	B
FOXA1	ZNF385D	0.5	B
FOXA1	ZNF407	0.5	B
FOXA1	ZNF608	0.5	B
FOXA1	ZPLD1	0.5	B
FOXA1	ZBTB16	0.5	B
FOXA1	THSD7A	0.5	B
FOXA1	USP10	0.5	B
FOXA1	UBR5	0.5	B
FOXA1	TIAM2	0.5	B
FOXA1	TLE1	0.5	B
FOXA1	TLE3	0.5	B
FOXA1	TLK1	0.5	B
FOXA1	TLN2	0.5	B
FOXA1	TMC1	0.5	B
FOXA1	TMTC2	0.5	B
FOXA1	TNS3	0.5	B
FOXA1	TPD52L1	0.5	B
FOXA1	TP63	0.5	B
FOXA1	UNC5C	0.5	B
FOXA1	TPD52	0.5	B
FOXA1	TPRG1	0.5	B
FOXA1	TRAPPC9	0.5	B
FOXA1	TRIO	0.5	B
FOXA1	TRIP12	0.5	B
FOXA1	TRPS1	0.5	B
FOXA1	TSC22D2	0.5	B
FOXA1	TSPAN8	0.5	B
FOXA1	TTC6	0.5	B
FOXA1	TUSC3	0.5	B
FOXA1	TXNRD1	0.5	B
FOXA1	TPK1	0.5	B
FOXA1	SHROOM3	0.5	B
FOXA1	SHANK2	0.5	B
FOXA1	SH3RF1	0.5	B
FOXA1	PAPSS1	0.5	B
FOXA1	PARD3	0.5	B
FOXA1	PARD3B	0.5	B
FOXA1	PAWR	0.5	B
FOXA1	PBX1	0.5	B
FOXA1	PBX3	0.5	B
FOXA1	PCLO	0.5	B
FOXA1	PCNX1	0.5	B
FOXA1	PDE4B	0.5	B
FOXA1	PDE4D	0.5	B
FOXA1	PAPPA2	0.5	B
FOXA1	PDE8B	0.5	B
FOXA1	PDS5B	0.5	B
FOXA1	PDZRN3	0.5	B
FOXA1	PHACTR1	0.5	B
FOXA1	PHACTR2	0.5	B
FOXA1	PHLDB2	0.5	B
FOXA1	PHLPP1	0.5	B
FOXA1	PIAS1	0.5	B
FOXA1	PIEZO2	0.5	B
FOXA1	PIP4K2A	0.5	B
FOXA1	PKIB	0.5	B
FOXA1	PDLIM5	0.5	B
FOXA1	PKP4	0.5	B
FOXA1	PAM	0.5	B
FOXA1	PACS1	0.5	B
FOXA1	NEK10	0.5	B
FOXA1	NEK7	0.5	B
FOXA1	NFIA	0.5	B
FOXA1	NFIB	0.5	B
FOXA1	NIBAN1	0.5	B
FOXA1	NIPBL	0.5	B
FOXA1	NLGN1	0.5	B
FOXA1	NPAS3	0.5	B
FOXA1	NR3C2	0.5	B
FOXA1	NRCAM	0.5	B
FOXA1	PAG1	0.5	B
FOXA1	NRG3	0.5	B
FOXA1	NRP1	0.5	B
FOXA1	NRXN1	0.5	B
FOXA1	NRXN3	0.5	B
FOXA1	NUMB	0.5	B
FOXA1	NXPH1	0.5	B
FOXA1	OFCC1	0.5	B
FOXA1	OSBPL10	0.5	B
FOXA1	OSBPL8	0.5	B
FOXA1	OSBPL9	0.5	B
FOXA1	P3H2	0.5	B
FOXA1	NRG4	0.5	B
FOXA1	PLCB1	0.5	B
FOXA1	PLCB4	0.5	B
FOXA1	PLD1	0.5	B
FOXA1	RASEF	0.5	B
FOXA1	RBM47	0.5	B
FOXA1	RBMS1	0.5	B
FOXA1	RBMS3	0.5	B
FOXA1	RBPJ	0.5	B
FOXA1	RBPMS	0.5	B
FOXA1	RELN	0.5	B
FOXA1	RERE	0.5	B
FOXA1	RFX3	0.5	B
FOXA1	RGS6	0.5	B
FOXA1	RASAL2	0.5	B
FOXA1	RIMS1	0.5	B
FOXA1	RNF43	0.5	B
FOXA1	ROBO1	0.5	B
FOXA1	RPS6KC1	0.5	B
FOXA1	RUNX1	0.5	B
FOXA1	SAMD4A	0.5	B
FOXA1	SASH1	0.5	B
FOXA1	SBF2	0.5	B
FOXA1	SCAPER	0.5	B
FOXA1	SEMA3A	0.5	B
FOXA1	SEMA3C	0.5	B
FOXA1	RIMS2	0.5	B
FOXA1	RAPGEF5	0.5	B
FOXA1	RAPGEF4	0.5	B
FOXA1	RALGAPA2	0.5	B
FOXA1	PLXNA2	0.5	B
FOXA1	POU2F1	0.5	B
FOXA1	PPFIA2	0.5	B
FOXA1	PPFIBP2	0.5	B
FOXA1	PPP1R12A	0.5	B
FOXA1	PPP3CA	0.5	B
FOXA1	PREX1	0.5	B
FOXA1	PRICKLE2	0.5	B
FOXA1	PRKAG2	0.5	B
FOXA1	PRKCE	0.5	B
FOXA1	PRKCH	0.5	B
FOXA1	PRKD1	0.5	B
FOXA1	PRLR	0.5	B
FOXA1	PRR15L	0.5	B
FOXA1	PRUNE2	0.5	B
FOXA1	PSD3	0.5	B
FOXA1	PTK2	0.5	B
FOXA1	PTPN4	0.5	B
FOXA1	PTPRM	0.5	B
FOXA1	PTPRR	0.5	B
FOXA1	RABGAP1L	0.5	B
FOXA1	RAD51B	0.5	B
FOXA1	RALGAPA1	0.5	B
FOXA1	CAMK2D	0.5	B
MITF	DOCK4	0.5	B
ZNF263	KCNN3	0.5	B
MITF	DST	0.5	B
TAL1	NLK	0.5	B
TAL1	NME7	0.5	B
TAL1	NPAS3	0.5	B
TAL1	NRCAM	0.5	B
TAL1	NRG1	0.5	B
TAL1	NRP2	0.5	B
TAL1	NRXN1	0.5	B
TAL1	PACSIN2	0.5	B
TAL1	PALM2AKAP2	0.5	B
TAL1	PAM	0.5	B
TAL1	PARD3B	0.5	B
TAL1	PARVB	0.5	B
TAL1	PDE4B	0.5	B
TAL1	PDE4D	0.5	B
TAL1	PHACTR1	0.5	B
TAL1	PHLPP1	0.5	B
TAL1	PIK3C2B	0.5	B
TAL1	PIK3R1	0.5	B
TAL1	PIP4K2A	0.5	B
TAL1	PITPNM2	0.5	B
TAL1	PLA2G6	0.5	B
TAL1	NFIB	0.5	B
TAL1	NFIA	0.5	B
TAL1	NEK7	0.5	B
TAL1	NEK6	0.5	B
TAL1	MAML3	0.5	B
TAL1	MAP3K5	0.5	B
TAL1	MAST4	0.5	B
TAL1	MBD5	0.5	B
TAL1	MBNL1	0.5	B
TAL1	MBP	0.5	B
TAL1	MCF2L2	0.5	B
TAL1	MCTP1	0.5	B
TAL1	MECOM	0.5	B
TAL1	MGLL	0.5	B
TAL1	PLCB1	0.5	B
TAL1	MIDEAS	0.5	B
TAL1	MRPS27	0.5	B
TAL1	MSI2	0.5	B
TAL1	MSN	0.5	B
TAL1	MTSS1	0.5	B
TAL1	MYCBP2	0.5	B
TAL1	MYLK	0.5	B
TAL1	MYOF	0.5	B
TAL1	NAV2	0.5	B
TAL1	NCOR2	0.5	B
TAL1	NEDD9	0.5	B
TAL1	MRPS22	0.5	B
TAL1	PLCL2	0.5	B
TAL1	PLEKHA7	0.5	B
TAL1	PREX1	0.5	B
TAL1	RTTN	0.5	B
TAL1	RYR3	0.5	B
TAL1	SASH1	0.5	B
TAL1	SBF2	0.5	B
TAL1	SEPTIN9	0.5	B
TAL1	SERINC5	0.5	B
TAL1	SH3BP5	0.5	B
TAL1	SH3KBP1	0.5	B
TAL1	SH3TC1	0.5	B
TAL1	SIK3	0.5	B
TAL1	RTN4	0.5	B
TAL1	SIL1	0.5	B
TAL1	SLC37A1	0.5	B
TAL1	SLC9A1	0.5	B
TAL1	SLX4IP	0.5	B
TAL1	SMAD3	0.5	B
TAL1	SMG6	0.5	B
TAL1	SMOX	0.5	B
TAL1	SMYD3	0.5	B
TAL1	SND1	0.5	B
TAL1	SORBS1	0.5	B
TAL1	SPRY1	0.5	B
TAL1	SIPA1L2	0.5	B
TAL1	MACF1	0.5	B
TAL1	RREB1	0.5	B
TAL1	RPS6KA2	0.5	B
TAL1	PRKAG2	0.5	B
TAL1	PRKAR2B	0.5	B
TAL1	PRKCB	0.5	B
TAL1	PRKCE	0.5	B
TAL1	PRKCH	0.5	B
TAL1	PRR5L	0.5	B
TAL1	PRUNE2	0.5	B
TAL1	PTK2	0.5	B
TAL1	PTPRE	0.5	B
TAL1	PTPRM	0.5	B
TAL1	RPTOR	0.5	B
TAL1	RAB27B	0.5	B
TAL1	RAP1GAP2	0.5	B
TAL1	RAPGEF1	0.5	B
TAL1	RAPGEF2	0.5	B
TAL1	RBMS1	0.5	B
TAL1	RBMS3	0.5	B
TAL1	RERE	0.5	B
TAL1	RGS6	0.5	B
TAL1	RIN3	0.5	B
TAL1	RNF217	0.5	B
TAL1	RNF220	0.5	B
TAL1	RAD51B	0.5	B
TAL1	LYN	0.5	B
TAL1	LTBP1	0.5	B
TAL1	LRRFIP1	0.5	B
TAL1	DDX60L	0.5	B
TAL1	DENND1A	0.5	B
TAL1	DENND3	0.5	B
TAL1	DIS3L2	0.5	B
TAL1	DMD	0.5	B
TAL1	DNAJB12	0.5	B
TAL1	DNAJC6	0.5	B
TAL1	DOCK10	0.5	B
TAL1	DOCK2	0.5	B
TAL1	DST	0.5	B
TAL1	DAPK1	0.5	B
TAL1	DUSP10	0.5	B
TAL1	EMCN	0.5	B
TAL1	EPAS1	0.5	B
TAL1	EPS15L1	0.5	B
TAL1	ERC1	0.5	B
TAL1	ERGIC1	0.5	B
TAL1	ETV6	0.5	B
TAL1	EVL	0.5	B
TAL1	FAM107B	0.5	B
TAL1	FAM117A	0.5	B
TAL1	FAM13A	0.5	B
TAL1	EGLN3	0.5	B
TAL1	FBXW11	0.5	B
TAL1	DAAM1	0.5	B
TAL1	CUX1	0.5	B
TAL1	CBLB	0.5	B
TAL1	CCDC88C	0.5	B
TAL1	CCDC91	0.5	B
TAL1	CCND3	0.5	B
TAL1	CDC42SE2	0.5	B
TAL1	CDK5RAP2	0.5	B
TAL1	CDK6	0.5	B
TAL1	CDKAL1	0.5	B
TAL1	CDYL	0.5	B
TAL1	CEMIP2	0.5	B
TAL1	CYTH1	0.5	B
TAL1	CHD9	0.5	B
TAL1	CLEC16A	0.5	B
TAL1	CNIH3	0.5	B
TAL1	CNKSR3	0.5	B
TAL1	COL25A1	0.5	B
TAL1	CORO1C	0.5	B
TAL1	CREB3L2	0.5	B
TAL1	CRIM1	0.5	B
TAL1	CTIF	0.5	B
TAL1	CTNNBL1	0.5	B
TAL1	CUBN	0.5	B
TAL1	CHN2	0.5	B
TAL1	SPTBN1	0.5	B
TAL1	FCHSD2	0.5	B
TAL1	FGGY	0.5	B
TAL1	INPP4B	0.5	B
TAL1	IQGAP2	0.5	B
TAL1	ITGB5	0.5	B
TAL1	ITPR1	0.5	B
TAL1	ITPR2	0.5	B
TAL1	JARID2	0.5	B
TAL1	JCAD	0.5	B
TAL1	KALRN	0.5	B
TAL1	KCNMA1	0.5	B
TAL1	KCNMB2	0.5	B
TAL1	IL1R1	0.5	B
TAL1	KDM4B	0.5	B
TAL1	KIAA1217	0.5	B
TAL1	KSR1	0.5	B
TAL1	LDLRAD4	0.5	B
TAL1	LHFPL2	0.5	B
TAL1	LIMCH1	0.5	B
TAL1	LIMD1	0.5	B
TAL1	LIMS1	0.5	B
TAL1	LINC00299	0.5	B
TAL1	LPP	0.5	B
TAL1	LRCH1	0.5	B
TAL1	KDM4C	0.5	B
TAL1	FGD4	0.5	B
TAL1	IER5	0.5	B
TAL1	HIVEP3	0.5	B
TAL1	FHL2	0.5	B
TAL1	FNIP2	0.5	B
TAL1	FOXN3	0.5	B
TAL1	FOXP1	0.5	B
TAL1	FRMD4A	0.5	B
TAL1	FRMD4B	0.5	B
TAL1	FRYL	0.5	B
TAL1	GALNT2	0.5	B
TAL1	GALNT6	0.5	B
TAL1	GFOD1	0.5	B
TAL1	HPCAL1	0.5	B
TAL1	GMDS	0.5	B
TAL1	GNAQ	0.5	B
TAL1	GRAMD4	0.5	B
TAL1	GRB10	0.5	B
TAL1	GRM7	0.5	B
TAL1	GSE1	0.5	B
TAL1	GTDC1	0.5	B
TAL1	HBS1L	0.5	B
TAL1	HDAC9	0.5	B
TAL1	HERC1	0.5	B
TAL1	HIVEP2	0.5	B
TAL1	GNA12	0.5	B
TAL1	SSBP2	0.5	B
TAL1	ST3GAL1	0.5	B
TAL1	STARD13	0.5	B
TFAP2C	ANKRD11	0.5	B
TFAP2C	ANO6	0.5	B
TFAP2C	APBB2	0.5	B
TFAP2C	ARFGEF2	0.5	B
TFAP2C	ARHGAP22	0.5	B
TFAP2C	ARHGAP26	0.5	B
TFAP2C	ARHGEF10L	0.5	B
TFAP2C	ARHGEF3	0.5	B
TFAP2C	ARHGEF4	0.5	B
TFAP2C	ARID1B	0.5	B
TFAP2C	ANKFN1	0.5	B
TFAP2C	ARID5B	0.5	B
TFAP2C	ARSG	0.5	B
TFAP2C	ASAP1	0.5	B
TFAP2C	ASAP2	0.5	B
TFAP2C	ASCC2	0.5	B
TFAP2C	ATP2B2	0.5	B
TFAP2C	ATP2B4	0.5	B
TFAP2C	ATP2C2	0.5	B
TFAP2C	ATP9A	0.5	B
TFAP2C	ATXN7L1	0.5	B
TFAP2C	AUTS2	0.5	B
TFAP2C	ARRB1	0.5	B
TFAP2C	AXIN2	0.5	B
TFAP2C	ANK3	0.5	B
TFAP2C	AHNAK	0.5	B
TFAP2A	HK2	0.5	B
TFAP2A	HSPB1	0.5	B
TFAP2A	IGF1R	0.5	B
TFAP2A	ITPR1	0.5	B
TFAP2A	JUP	0.5	B
TFAP2A	LAMB1	0.5	B
TFAP2A	MYB	0.5	B
TFAP2A	PPL	0.5	B
TFAP2A	SLC25A21	0.5	B
TFAP2C	ABCA4	0.5	B
TFAP2C	AKAP6	0.5	B
TFAP2C	ABCG1	0.5	B
TFAP2C	ACOT7	0.5	B
TFAP2C	ACTN4	0.5	B
TFAP2C	ADAMTS17	0.5	B
TFAP2C	ADCY5	0.5	B
TFAP2C	ADGRB1	0.5	B
TFAP2C	ADORA1	0.5	B
TFAP2C	AFAP1	0.5	B
TFAP2C	AGAP1	0.5	B
TFAP2C	AGPAT3	0.5	B
TFAP2C	AHDC1	0.5	B
TFAP2C	ABLIM2	0.5	B
TFAP2A	GCLC	0.5	B
TFAP2C	BAIAP2	0.5	B
TFAP2C	BCAR3	0.5	B
TFAP2C	CDYL	0.5	B
TFAP2C	CELSR1	0.5	B
TFAP2C	CEP112	0.5	B
TFAP2C	CFAP46	0.5	B
TFAP2C	CHCHD6	0.5	B
TFAP2C	CHN2	0.5	B
TFAP2C	CHST15	0.5	B
TFAP2C	CLEC16A	0.5	B
TFAP2C	CLIP2	0.5	B
TFAP2C	CLMN	0.5	B
TFAP2C	CDK6	0.5	B
TFAP2C	CNIH3	0.5	B
TFAP2C	COL22A1	0.5	B
TFAP2C	COL23A1	0.5	B
TFAP2C	COL27A1	0.5	B
TFAP2C	COL4A2	0.5	B
TFAP2C	COL5A1	0.5	B
TFAP2C	CPNE5	0.5	B
TFAP2C	CREB5	0.5	B
TFAP2C	CREBBP	0.5	B
TFAP2C	CRISPLD2	0.5	B
TFAP2C	CRTC1	0.5	B
TFAP2C	COBL	0.5	B
TFAP2C	BCAR1	0.5	B
TFAP2C	CDK5RAP2	0.5	B
TFAP2C	CDH23	0.5	B
TFAP2C	BCAS1	0.5	B
TFAP2C	BCAS3	0.5	B
TFAP2C	BCOR	0.5	B
TFAP2C	BMP7	0.5	B
TFAP2C	BMPER	0.5	B
TFAP2C	BNC1	0.5	B
TFAP2C	BRD4	0.5	B
TFAP2C	BRF1	0.5	B
TFAP2C	BRIP1	0.5	B
TFAP2C	CABLES1	0.5	B
TFAP2C	CDHR3	0.5	B
TFAP2C	CACNA1A	0.5	B
TFAP2C	CACNA1D	0.5	B
TFAP2C	CACNA1I	0.5	B
TFAP2C	CAMK2B	0.5	B
TFAP2C	CAPN2	0.5	B
TFAP2C	CAPN8	0.5	B
TFAP2C	CASZ1	0.5	B
TFAP2C	CCDC57	0.5	B
TFAP2C	CCDC85C	0.5	B
TFAP2C	CCDC88C	0.5	B
TFAP2C	CDH22	0.5	B
TFAP2C	CACNA1C	0.5	B
TAL1	CAST	0.5	B
TEAD2	RIN3	0.5	B
TEAD1	TACC1	0.5	B
TAL1	TLE4	0.5	B
TAL1	TLK1	0.5	B
TAL1	TMEM131L	0.5	B
TAL1	TMEM163	0.5	B
TAL1	TMEM164	0.5	B
TAL1	TMEM241	0.5	B
TAL1	TNFAIP8	0.5	B
TAL1	TNIK	0.5	B
TAL1	TNRC6B	0.5	B
TAL1	TNRC6C	0.5	B
TAL1	TIAM2	0.5	B
TAL1	TNS3	0.5	B
TAL1	TPCN1	0.5	B
TAL1	TRAPPC9	0.5	B
TAL1	TRIM2	0.5	B
TAL1	TRIO	0.5	B
TAL1	TRPS1	0.5	B
TAL1	TTC7A	0.5	B
TAL1	TTC7B	0.5	B
TAL1	UBASH3B	0.5	B
TAL1	UBE2F	0.5	B
TAL1	UBR4	0.5	B
TAL1	TOX2	0.5	B
TAL1	UMODL1	0.5	B
TAL1	THADA	0.5	B
TAL1	TFPI	0.5	B
TAL1	STAT3	0.5	B
TAL1	STIM1	0.5	B
TAL1	STK10	0.5	B
TAL1	STK32B	0.5	B
TAL1	SUSD1	0.5	B
TAL1	SVIL	0.5	B
TAL1	SYN3	0.5	B
TAL1	SYNE1	0.5	B
TAL1	SYNJ2	0.5	B
TAL1	TACC1	0.5	B
TAL1	TG	0.5	B
TAL1	TANC1	0.5	B
TAL1	TBC1D1	0.5	B
TAL1	TBC1D14	0.5	B
TAL1	TBC1D5	0.5	B
TAL1	TBXAS1	0.5	B
TAL1	TCF4	0.5	B
TAL1	TCF7L2	0.5	B
TAL1	TEAD1	0.5	B
TAL1	TEC	0.5	B
TAL1	TET3	0.5	B
TAL1	TEX2	0.5	B
TAL1	TAOK3	0.5	B
TEAD2	CCND2	0.5	B
TAL1	UTRN	0.5	B
TAL1	VCL	0.5	B
TCF3	CIITA	0.5	B
TCF3	KDM2B	0.5	B
TCF3	MAD1L1	0.5	B
TCF3	MED15	0.5	B
TCF3	NUP210	0.5	B
TCF3	PIEZO1	0.5	B
TCF3	PSTPIP1	0.5	B
TCF3	RALGDS	0.5	B
TCF3	SLC37A1	0.5	B
TCF3	VAV2	0.5	B
TCF3	AXIN1	0.5	B
TCF4	HDAC7	0.5	B
TCF4	SPTBN1	0.5	B
TCF7	CCND2	0.5	B
TCF7	KIAA1217	0.5	B
TCF7	TCF3	0.5	B
TEAD1	ADGRL2	0.5	B
TEAD1	AMOTL2	0.5	B
TEAD1	GTDC1	0.5	B
TEAD1	ITGA1	0.5	B
TEAD1	OSBPL9	0.5	B
TEAD1	SORBS2	0.5	B
TCF4	NOL4L	0.5	B
TAL1	VAV3	0.5	B
TCF3	ANP32A	0.5	B
TCF12	PPP3CA	0.5	B
TAL1	VEPH1	0.5	B
TAL1	VGLL4	0.5	B
TAL1	VPS13D	0.5	B
TAL1	WWTR1	0.5	B
TAL1	XXYLT1	0.5	B
TAL1	ZBTB16	0.5	B
TAL1	ZBTB20	0.5	B
TAL1	ZEB2	0.5	B
TAL1	ZFPM2	0.5	B
TAL1	ZMIZ1	0.5	B
TCF12	WWTR1	0.5	B
TAL1	ZMYND8	0.5	B
TAL1	ZNF608	0.5	B
TAL1	ZNRF1	0.5	B
TAL1	ZPLD1	0.5	B
TBP	ACTB	0.5	B
TBX21	AKNA	0.5	B
TBX21	IL12RB2	0.5	B
TBX21	IL21R	0.5	B
TBX21	SEMA4D	0.5	B
TBX21	SLAMF7	0.5	B
TCF12	ERC1	0.5	B
TAL1	ZNF521	0.5	B
TAL1	CARMIL1	0.5	B
TAL1	CAPZB	0.5	B
TAL1	CAP1	0.5	B
STAT1	PGS1	0.5	B
STAT1	PHACTR2	0.5	B
STAT1	PIK3AP1	0.5	B
STAT1	PIK3R5	0.5	B
STAT1	PIP4K2A	0.5	B
STAT1	PKIG	0.5	B
STAT1	PLAC8	0.5	B
ZNF263	EPHA2	0.5	B
STAT1	PLB1	0.5	B
STAT1	PLCB1	0.5	B
STAT1	PFKFB3	0.5	B
STAT1	PLCG2	0.5	B
STAT1	PLEKHA2	0.5	B
STAT1	PLEKHG3	0.5	B
STAT1	PLEKHO1	0.5	B
STAT1	PLXNC1	0.5	B
STAT1	PMAIP1	0.5	B
STAT1	POLA1	0.5	B
STAT1	POLR1A	0.5	B
STAT1	PPFIBP2	0.5	B
STAT1	PPM1H	0.5	B
STAT1	PRDM16	0.5	B
STAT1	PLEC	0.5	B
STAT1	PREX1	0.5	B
STAT1	PDE4D	0.5	B
STAT1	PACSIN2	0.5	B
STAT1	MYOF	0.5	B
STAT1	N4BP1	0.5	B
STAT1	NABP1	0.5	B
STAT1	NCF2	0.5	B
STAT1	NCOA7	0.5	B
STAT1	NCOR2	0.5	B
STAT1	NEDD4L	0.5	B
STAT1	NEDD9	0.5	B
STAT1	NEK6	0.5	B
STAT1	NFE2L2	0.5	B
STAT1	PDE4B	0.5	B
STAT1	NFKB1	0.5	B
STAT1	NIBAN1	0.5	B
STAT1	NIBAN2	0.5	B
STAT1	NLRC5	0.5	B
STAT1	NLRP3	0.5	B
STAT1	NR4A2	0.5	B
ZNF263	EPHB2	0.5	B
STAT1	NRP1	0.5	B
STAT1	NRP2	0.5	B
STAT1	OSBPL3	0.5	B
STAT1	P2RY6	0.5	B
STAT1	NFKBIZ	0.5	B
STAT1	MYO9B	0.5	B
STAT1	PRKAG2	0.5	B
STAT1	PRKCD	0.5	B
STAT1	RBPJ	0.5	B
STAT1	RCN1	0.5	B
STAT1	RERE	0.5	B
STAT1	RFTN1	0.5	B
STAT1	RFX3	0.5	B
STAT1	RGS12	0.5	B
STAT1	RHBDD2	0.5	B
STAT1	RHBDF2	0.5	B
STAT1	RHOF	0.5	B
STAT1	RIN2	0.5	B
STAT1	RBMS1	0.5	B
STAT1	RIN3	0.5	B
STAT1	RPGR	0.5	B
STAT1	RREB1	0.5	B
STAT1	RTN4	0.5	B
STAT1	RUNX1	0.5	B
STAT1	RXYLT1	0.5	B
STAT1	S100A11	0.5	B
STAT1	SAMD4A	0.5	B
STAT1	SAMSN1	0.5	B
STAT1	SEC14L1	0.5	B
STAT1	SEMA4D	0.5	B
STAT1	RIPOR2	0.5	B
STAT1	PRKCB	0.5	B
STAT1	RBM47	0.5	B
STAT1	RASSF5	0.5	B
STAT1	PRKCH	0.5	B
STAT1	PRPF31	0.5	B
STAT1	PRUNE2	0.5	B
STAT1	PSMD1	0.5	B
STAT1	PSTPIP2	0.5	B
STAT1	PTK2B	0.5	B
STAT1	PTP4A2	0.5	B
STAT1	PTPN2	0.5	B
STAT1	PTPRE	0.5	B
STAT1	PTPRJ	0.5	B
STAT1	RBFOX3	0.5	B
STAT1	RAB31	0.5	B
STAT1	RAD51B	0.5	B
STAT1	RALGDS	0.5	B
STAT1	RAP1GAP2	0.5	B
STAT1	RAPGEF1	0.5	B
STAT1	RAPGEF2	0.5	B
STAT1	RASA3	0.5	B
STAT1	RASGEF1B	0.5	B
ZNF263	EPB41L1	0.5	B
STAT1	RASSF2	0.5	B
STAT1	RASSF4	0.5	B
STAT1	RAB3GAP2	0.5	B
STAT1	SEPTIN9	0.5	B
STAT1	MYO18A	0.5	B
ZNF263	EPHB4	0.5	B
STAT1	HOOK2	0.5	B
STAT1	HPCAL1	0.5	B
STAT1	IDO2	0.5	B
STAT1	IER5	0.5	B
STAT1	IFNGR2	0.5	B
STAT1	IGF1R	0.5	B
STAT1	IGF2R	0.5	B
STAT1	IL15	0.5	B
STAT1	IL16	0.5	B
STAT1	IL21R	0.5	B
ZNF263	FAM178B	0.5	B
STAT1	IL4R	0.5	B
STAT1	IL7R	0.5	B
STAT1	INPP4A	0.5	B
STAT1	INPP5D	0.5	B
STAT1	IPCEF1	0.5	B
STAT1	IQGAP2	0.5	B
STAT1	IQSEC1	0.5	B
ZNF263	EEIG1	0.5	B
STAT1	ITGB2	0.5	B
STAT1	ITPR1	0.5	B
STAT1	JADE2	0.5	B
STAT1	IL6R	0.5	B
STAT1	JMJD1C	0.5	B
STAT1	HNRNPR	0.5	B
STAT1	HLX	0.5	B
STAT1	GNA12	0.5	B
ZNF263	FBLN2	0.5	B
STAT1	GNAI2	0.5	B
STAT1	GPCPD1	0.5	B
STAT1	GPD2	0.5	B
STAT1	GPR107	0.5	B
STAT1	GPR132	0.5	B
STAT1	GPR141	0.5	B
STAT1	GRAMD1A	0.5	B
STAT1	GRAMD1B	0.5	B
STAT1	HM13	0.5	B
STAT1	GRB2	0.5	B
STAT1	GSAP	0.5	B
STAT1	GSE1	0.5	B
STAT1	GSN	0.5	B
STAT1	HDAC4	0.5	B
STAT1	HDAC9	0.5	B
STAT1	HIVEP2	0.5	B
STAT1	HIVEP3	0.5	B
STAT1	HK1	0.5	B
STAT1	HK2	0.5	B
ZNF263	FAM78A	0.5	B
STAT1	GRK2	0.5	B
STAT1	MYH9	0.5	B
ZNF263	FADS2	0.5	B
STAT1	KCNMA1	0.5	B
STAT1	MAP3K5	0.5	B
STAT1	MAP3K8	0.5	B
STAT1	MAPKAPK3	0.5	B
STAT1	MARCHF1	0.5	B
STAT1	MARK3	0.5	B
STAT1	MBNL1	0.5	B
STAT1	MBP	0.5	B
STAT1	MCF2L	0.5	B
STAT1	MCF2L2	0.5	B
STAT1	MCTP1	0.5	B
STAT1	MAML3	0.5	B
STAT1	MED15	0.5	B
STAT1	METTL9	0.5	B
STAT1	MGAT1	0.5	B
STAT1	MGLL	0.5	B
STAT1	MGRN1	0.5	B
STAT1	MIDEAS	0.5	B
STAT1	MNT	0.5	B
STAT1	MPZL1	0.5	B
STAT1	MRTFA	0.5	B
STAT1	MSN	0.5	B
STAT1	MTSS1	0.5	B
STAT1	MEF2D	0.5	B
STAT1	KCNJ15	0.5	B
STAT1	MAD1L1	0.5	B
STAT1	LYN	0.5	B
ZNF263	ERGIC1	0.5	B
STAT1	KLF6	0.5	B
STAT1	KLF7	0.5	B
STAT1	KLF9	0.5	B
STAT1	KLHL6	0.5	B
STAT1	KYNU	0.5	B
STAT1	LAMA3	0.5	B
STAT1	LAPTM4B	0.5	B
STAT1	LAPTM5	0.5	B
STAT1	LCP2	0.5	B
STAT1	MACF1	0.5	B
STAT1	LDLR	0.5	B
STAT1	LIMD1	0.5	B
STAT1	LIMS1	0.5	B
STAT1	LINC00299	0.5	B
STAT1	LIPA	0.5	B
STAT1	LITAF	0.5	B
STAT1	LMNA	0.5	B
STAT1	LMO2	0.5	B
STAT1	LPP	0.5	B
STAT1	LRCH1	0.5	B
STAT1	LRRFIP1	0.5	B
STAT1	LHFPL2	0.5	B
TFAP2C	CTBP2	0.5	B
STAT1	SGK1	0.5	B
STAT1	SH2B3	0.5	B
STAT2	DTX3L	0.5	B
STAT2	EPSTI1	0.5	B
STAT2	FAM111A	0.5	B
STAT2	IFI35	0.5	B
STAT2	ISG15	0.5	B
STAT2	MOV10	0.5	B
STAT2	MYD88	0.5	B
STAT2	OAS3	0.5	B
STAT2	OASL	0.5	B
STAT2	PARP10	0.5	B
STAT2	DHX58	0.5	B
STAT2	PARP14	0.5	B
STAT2	PIM1	0.5	B
STAT2	PSMB8	0.5	B
STAT2	SAMD9	0.5	B
STAT2	SOCS1	0.5	B
STAT2	SP110	0.5	B
STAT2	SP140L	0.5	B
STAT2	TAP2	0.5	B
STAT2	TRIM21	0.5	B
STAT2	TRIM56	0.5	B
STAT2	USF1	0.5	B
STAT2	PARP9	0.5	B
STAT2	XAF1	0.5	B
STAT2	DDX60L	0.5	B
STAT2	ATP13A1	0.5	B
ZNF263	DENND1A	0.5	B
ZNF263	DCAKD	0.5	B
STAT1	ZNF365	0.5	B
ZNF263	CXXC5	0.5	B
ZNF263	CUX2	0.5	B
ZNF263	CUX1	0.5	B
ZNF263	CTNNA1	0.5	B
STAT1	ZNF496	0.5	B
ZNF263	CSNK1D	0.5	B
ZNF263	CRTC1	0.5	B
STAT2	CMTR1	0.5	B
ZNF263	CPNE5	0.5	B
ZNF263	COL26A1	0.5	B
ZNF263	COL18A1	0.5	B
ZNF263	COL16A1	0.5	B
ZNF263	COL13A1	0.5	B
ZNF263	CLTCL1	0.5	B
ZNF263	CLIP2	0.5	B
FOS	RUNX1	0.5	B
ZNF263	CHST8	0.5	B
STAT1	ZSWIM6	0.5	B
STAT2	ADAR	0.5	B
ZNF263	COL27A1	0.5	B
ZNF263	DGCR8	0.5	B
STAT3	AKAP13	0.5	B
STAT3	GLIS3	0.5	B
TAL1	ANO2	0.5	B
TAL1	ANTXR2	0.5	B
TAL1	ANXA4	0.5	B
TAL1	APP	0.5	B
TAL1	ARHGAP15	0.5	B
TAL1	ARHGAP18	0.5	B
TAL1	ARHGAP22	0.5	B
TAL1	ARHGAP25	0.5	B
TAL1	ARHGAP26	0.5	B
TAL1	ARHGAP6	0.5	B
TAL1	ANKRD44	0.5	B
TAL1	ARHGEF3	0.5	B
TAL1	ARSG	0.5	B
TAL1	ATP2B4	0.5	B
TAL1	ATP6V0A1	0.5	B
TAL1	AUTS2	0.5	B
TAL1	BACH2	0.5	B
TAL1	BCAR3	0.5	B
TAL1	BCAT1	0.5	B
TAL1	BCR	0.5	B
TAL1	BHLHE40	0.5	B
TAL1	CACNA1C	0.5	B
TAL1	ARID1B	0.5	B
STAT3	DUSP22	0.5	B
TAL1	ANK3	0.5	B
TAL1	AMPD3	0.5	B
STAT3	MTHFD1L	0.5	B
STAT3	MYH9	0.5	B
STAT3	PTTG1IP	0.5	B
ZNF263	CHD5	0.5	B
STAT3	SPIDR	0.5	B
STAT4	CCND2	0.5	B
STAT5A	CD40	0.5	B
STAT5A	ETV6	0.5	B
STAT5A	RERE	0.5	B
ZNF263	CFAP46	0.5	B
TAL1	ANGPT1	0.5	B
STAT5B	IL4R	0.5	B
STAT5B	WIPF1	0.5	B
TAL1	ABCA4	0.5	B
TAL1	ABCC4	0.5	B
TAL1	ABLIM1	0.5	B
TAL1	ADD3	0.5	B
TAL1	ADGRG6	0.5	B
TAL1	ADGRV1	0.5	B
TAL1	AFF1	0.5	B
TAL1	AHI1	0.5	B
TAL1	AKAP13	0.5	B
STAT5B	SVIL	0.5	B
STAT1	SGMS1	0.5	B
ZNF263	DGKZ	0.5	B
ZNF263	DISP3	0.5	B
STAT1	SOD2	0.5	B
STAT1	SP110	0.5	B
STAT1	SPIDR	0.5	B
STAT1	SQOR	0.5	B
STAT1	SRC	0.5	B
STAT1	SRGN	0.5	B
ZNF263	DPP6	0.5	B
STAT1	ST3GAL1	0.5	B
STAT1	ST3GAL2	0.5	B
STAT1	ST6GAL1	0.5	B
ZNF263	DYSF	0.5	B
STAT1	STAG1	0.5	B
STAT1	STK40	0.5	B
STAT1	SUB1	0.5	B
STAT1	SUSD1	0.5	B
STAT1	SUSD6	0.5	B
STAT1	SYK	0.5	B
STAT1	TACC1	0.5	B
STAT1	TAF1B	0.5	B
STAT1	TAOK3	0.5	B
STAT1	TBC1D1	0.5	B
STAT1	TBC1D14	0.5	B
STAT1	STK10	0.5	B
STAT1	TBC1D2B	0.5	B
STAT1	SNX8	0.5	B
STAT1	SNX10	0.5	B
STAT1	SH3BP2	0.5	B
STAT1	SH3BP5	0.5	B
STAT1	SH3KBP1	0.5	B
STAT1	SH3TC1	0.5	B
STAT1	SHANK2	0.5	B
STAT1	SIK3	0.5	B
STAT1	SKI	0.5	B
STAT1	SLA	0.5	B
STAT1	SLC12A8	0.5	B
STAT1	SLC1A2	0.5	B
STAT1	SNX30	0.5	B
STAT1	SLC1A3	0.5	B
SPI1	UTRN	0.5	B
STAT1	SLC44A3	0.5	B
STAT1	SLC6A6	0.5	B
STAT1	SLC7A7	0.5	B
ZNF263	ELL	0.5	B
ZNF263	EHD1	0.5	B
STAT1	SLC8A1	0.5	B
STAT1	SLCO3A1	0.5	B
STAT1	SMCO4	0.5	B
STAT1	SMG6	0.5	B
STAT1	SLC25A37	0.5	B
ZNF263	DIP2C	0.5	B
STAT1	TBXAS1	0.5	B
STAT1	TCF7L2	0.5	B
STAT1	USP10	0.5	B
STAT1	UTP14A	0.5	B
STAT1	UTRN	0.5	B
ZNF263	DNM1	0.5	B
ZNF263	DNAJB6	0.5	B
STAT1	VMP1	0.5	B
STAT1	VOPP1	0.5	B
STAT1	VPS53	0.5	B
STAT1	VRK2	0.5	B
STAT1	VSIR	0.5	B
STAT1	UBC	0.5	B
STAT1	WIPF1	0.5	B
STAT1	XYLT1	0.5	B
STAT1	ZBTB7B	0.5	B
STAT1	ZCCHC2	0.5	B
STAT1	ZEB2	0.5	B
STAT1	ZFP36L1	0.5	B
STAT1	ZMIZ1	0.5	B
ZNF263	DNAJB12	0.5	B
ZNF263	DNAH17	0.5	B
ZNF263	DLGAP4	0.5	B
ZNF263	DLG5	0.5	B
STAT1	XXYLT1	0.5	B
STAT1	TCF4	0.5	B
STAT1	TUBGCP5	0.5	B
STAT1	TTC7B	0.5	B
STAT1	TFEB	0.5	B
STAT1	TG	0.5	B
STAT1	TGFBI	0.5	B
STAT1	TGM2	0.5	B
STAT1	THADA	0.5	B
STAT1	TIAM1	0.5	B
STAT1	TLE4	0.5	B
STAT1	TMX3	0.5	B
STAT1	TNFAIP3	0.5	B
STAT1	TNFAIP8	0.5	B
STAT1	TUBA1C	0.5	B
STAT1	TNFSF8	0.5	B
STAT1	TNS1	0.5	B
STAT1	TNS3	0.5	B
STAT1	TPCN1	0.5	B
STAT1	TRAF1	0.5	B
STAT1	TRAPPC9	0.5	B
STAT1	TRIM69	0.5	B
STAT1	TRIO	0.5	B
STAT1	TRPS1	0.5	B
STAT1	TSPAN14	0.5	B
STAT1	TTC7A	0.5	B
STAT1	TNIP1	0.5	B
TFAP2C	CTIF	0.5	B
TFAP2C	CTNNA1	0.5	B
TFAP2C	CTNND2	0.5	B
TP53	MACF1	0.5	B
TP53	MAGI2	0.5	B
TP53	MARCHF10	0.5	B
TP53	MAST4	0.5	B
TP53	MCC	0.5	B
ZBTB33	PURA	0.5	B
TP53	MDS2	0.5	B
TP53	MECOM	0.5	B
TP53	MED4	0.5	B
TP53	METTL8	0.5	B
ZBTB33	RBM15	0.5	B
TP53	MGRN1	0.5	B
TP53	MICALL1	0.5	B
TP53	MSGN1	0.5	B
TP53	MSI2	0.5	B
TP53	MTHFD1L	0.5	B
TP53	MYEOV	0.5	B
TP53	MYO3B	0.5	B
TP53	NAV3	0.5	B
TP53	NCOR2	0.5	B
TP53	NDST1	0.5	B
TP53	NECTIN1	0.5	B
TP53	MICAL2	0.5	B
TP53	NEDD4L	0.5	B
TP53	LRIG3	0.5	B
TP53	LINC00474	0.5	B
TP53	FST	0.5	B
TP53	GAS6	0.5	B
TP53	GAS7	0.5	B
TP53	GDNF	0.5	B
TP53	GLI3	0.5	B
TP53	GNAI1	0.5	B
TP53	GPC1	0.5	B
TP53	GPC6	0.5	B
TP53	HHAT	0.5	B
TP53	HS1BP3	0.5	B
TP53	LMNA	0.5	B
TP53	IER5	0.5	B
TP53	ITGAM	0.5	B
TP53	KALRN	0.5	B
TP53	KAZN	0.5	B
TP53	KCNMA1	0.5	B
TP53	KCNN3	0.5	B
TP53	KCTD1	0.5	B
TP53	KDM4C	0.5	B
TP53	KIAA1217	0.5	B
TP53	KMT5B	0.5	B
TP53	KRT80	0.5	B
TP53	IRF2BP2	0.5	B
TP53	FRMD6	0.5	B
TP53	NFYC	0.5	B
TP53	NRG1	0.5	B
TP53	PLXNB2	0.5	B
YY1	USP7	0.5	B
TP53	PPL	0.5	B
TP53	PPP4R3A	0.5	B
TP53	PRKAG2	0.5	B
TP53	PRKCE	0.5	B
TP53	PRKCH	0.5	B
TP53	PRPF40A	0.5	B
TP53	PRR5	0.5	B
TP53	PSD3	0.5	B
ZBTB33	CUL3	0.5	B
TP53	PTPRF	0.5	B
TP53	PXDN	0.5	B
TP53	RAPGEF1	0.5	B
TP53	RASA3	0.5	B
TP53	RBFOX3	0.5	B
TP53	RBM19	0.5	B
TP53	RBMS1	0.5	B
TP53	RBMS3	0.5	B
TP53	RCC2	0.5	B
TP53	RGS12	0.5	B
TP53	RGS20	0.5	B
TP53	PTPRU	0.5	B
ZBTB33	NANP	0.5	B
TP53	PLXNA2	0.5	B
ZBTB33	GTF2A1	0.5	B
TP53	NRP2	0.5	B
TP53	NRXN1	0.5	B
TP53	NTM	0.5	B
TP53	NXN	0.5	B
TP53	OSBPL3	0.5	B
TP53	P3H2	0.5	B
TP53	PALLD	0.5	B
TP53	PANK2	0.5	B
TP53	PCBP3	0.5	B
TP53	PCNX1	0.5	B
TP53	PLXNA1	0.5	B
TP53	PDE4D	0.5	B
ZBTB33	LSM14A	0.5	B
TP53	PGF	0.5	B
ZBTB33	IREB2	0.5	B
TP53	PGPEP1	0.5	B
TP53	PHACTR4	0.5	B
TP53	PLAC8	0.5	B
TP53	PLB1	0.5	B
TP53	PLCB1	0.5	B
TP53	PLCG2	0.5	B
TP53	PLD1	0.5	B
TP53	PDGFC	0.5	B
TP53	RNF216	0.5	B
TP53	FOXP1	0.5	B
TP53	FOXK1	0.5	B
TP53	CHN2	0.5	B
ZNF263	AP2A2	0.5	B
TP53	CIC	0.5	B
TP53	COBL	0.5	B
ZNF263	ANO7	0.5	B
TP53	COL1A1	0.5	B
TP53	COL22A1	0.5	B
TP53	COL27A1	0.5	B
ZNF263	ANKRD11	0.5	B
ZNF263	ANK1	0.5	B
ZNF263	APBA2	0.5	B
TP53	CSMD1	0.5	B
ZNF263	AHRR	0.5	B
ZNF263	AHDC1	0.5	B
ZNF263	AGRN	0.5	B
TP53	CSMD3	0.5	B
TP53	CTBS	0.5	B
ZNF263	AGPAT3	0.5	B
TP53	CUEDC1	0.5	B
ZNF263	AGPAT2	0.5	B
ZNF263	AGAP3	0.5	B
ZNF263	AGAP1	0.5	B
ZNF263	AKT2	0.5	B
ZNF263	ADGRG1	0.5	B
ZNF263	ARAP1	0.5	B
TP53	CHD9	0.5	B
ZNF263	BIN1	0.5	B
TP53	CAPN2	0.5	B
ZNF263	BCR	0.5	B
ZNF263	BCOR	0.5	B
ZNF263	BAIAP2	0.5	B
ZNF263	BAHCC1	0.5	B
TP53	CCDC57	0.5	B
TP53	CDC42BPB	0.5	B
TP53	CDC42EP3	0.5	B
ZNF263	ATP2B2	0.5	B
ZNF263	ARHGAP22	0.5	B
ZNF263	ATP11A	0.5	B
ZNF263	ASAP2	0.5	B
ZNF263	ASAP1	0.5	B
TP53	CDH8	0.5	B
TP53	CEP85L	0.5	B
TP53	CHD2	0.5	B
ZNF263	ARID1B	0.5	B
ZNF263	ARHGEF17	0.5	B
ZNF263	ARHGEF16	0.5	B
ZNF263	ARHGEF1	0.5	B
ZNF263	ARHGAP23	0.5	B
ZNF263	ASS1	0.5	B
TP53	FOXN3	0.5	B
TP53	CUX1	0.5	B
ZNF263	ADGRB1	0.5	B
TP53	DST	0.5	B
TP53	DTWD1	0.5	B
TP53	DUSP7	0.5	B
TP53	EFCAB5	0.5	B
TP53	EFNA5	0.5	B
TP53	EML2	0.5	B
TP53	ERBB4	0.5	B
TP53	ERCC6L2	0.5	B
TP53	ESYT2	0.5	B
TP53	ETV6	0.5	B
TP53	DSE	0.5	B
TP53	EXT1	0.5	B
TP53	FAF1	0.5	B
TP53	FAM13C	0.5	B
TP53	CFAP144	0.5	B
TP53	FAT1	0.5	B
ZBTB33	UBE2D3	0.5	B
ZBTB33	SLC39A9	0.5	B
TP53	FGGY	0.5	B
TP53	FHOD3	0.5	B
ZBTB33	RMI1	0.5	B
TP53	FMN1	0.5	B
ZBTB33	YOD1	0.5	B
ZNF263	ADGRD1	0.5	B
ZBTB33	ZZZ3	0.5	B
TP53	DLEU1	0.5	B
ZNF263	ADCY3	0.5	B
ZNF263	ACTRT2	0.5	B
ZNF263	ACSF3	0.5	B
TP53	DCDC1	0.5	B
TP53	DCP1B	0.5	B
TP53	DCUN1D3	0.5	B
ZNF263	ACOT7	0.5	B
ZNF263	ABR	0.5	B
ZNF263	ABCA7	0.5	B
ZNF263	AATK	0.5	B
ZBTB7A	PNPLA6	0.5	B
ZEB1	TECR	0.5	B
ZEB1	SLC25A10	0.5	B
ZEB1	PXN	0.5	B
ZEB1	PHLDB1	0.5	B
TP53	DHRS2	0.5	B
ZEB1	LAD1	0.5	B
ZEB1	ITGB1	0.5	B
ZEB1	FLNA	0.5	B
ZEB1	CSRP1	0.5	B
ZBTB7A	SEPTIN9	0.5	B
TP53	DLC1	0.5	B
TP53	DERA	0.5	B
TP53	CAMK2D	0.5	B
TP53	RPL39L	0.5	B
TP53	RPTOR	0.5	B
TP53	ZBTB7C	0.5	B
VDR	LRRC8A	0.5	B
VDR	LRIG1	0.5	B
TP53	ZCCHC2	0.5	B
TP53	ZDHHC14	0.5	B
TP53	ZMYND8	0.5	B
TP63	FOXN1	0.5	B
TP63	KCTD1	0.5	B
TP63	KIAA1671	0.5	B
VDR	LPP	0.5	B
VDR	LTO1	0.5	B
TP63	THSD4	0.5	B
TP73	ADGRV1	0.5	B
TP73	HIPK2	0.5	B
VDR	LNX1	0.5	B
VDR	KPNB1	0.5	B
VDR	KANSL3	0.5	B
TWIST1	DLC1	0.5	B
VDR	ITGB5	0.5	B
USF1	ASPSCR1	0.5	B
USF2	ARAP1	0.5	B
USF2	ASPSCR1	0.5	B
TP63	VAV3	0.5	B
VDR	IRF2BP2	0.5	B
VDR	MYEOV	0.5	B
VDR	MYH9	0.5	B
VDR	PHLPP1	0.5	B
TP53	UQCC1	0.5	B
VDR	PHC2	0.5	B
VDR	PDE4D	0.5	B
TP53	USP34	0.5	B
TP53	USP9X	0.5	B
TP53	UTRN	0.5	B
TP53	VAC14	0.5	B
TP53	VAV2	0.5	B
VDR	PCBP2	0.5	B
TP53	YBX3	0.5	B
TP53	VMP1	0.5	B
VDR	PABPC1	0.5	B
VDR	OSR2	0.5	B
VDR	NFIX	0.5	B
VDR	NFATC2	0.5	B
VDR	NDRG1	0.5	B
VDR	NCOR2	0.5	B
VDR	NCAM2	0.5	B
VDR	NADK	0.5	B
TP53	XXYLT1	0.5	B
VDR	MYO18A	0.5	B
VDR	PCBP1	0.5	B
VDR	PKIG	0.5	B
USF2	DUSP1	0.5	B
VDR	INSIG1	0.5	B
VDR	BAIAP2	0.5	B
VDR	BCAT1	0.5	B
VDR	FOXO3	0.5	B
VDR	FOXK1	0.5	B
VDR	FGGY	0.5	B
VDR	BMPER	0.5	B
VDR	EHBP1L1	0.5	B
VDR	CAP1	0.5	B
VDR	EFCAB14	0.5	B
VDR	EEF1A1	0.5	B
VDR	FOXP1	0.5	B
VDR	CBX4	0.5	B
VDR	CCDC97	0.5	B
VDR	CDK6	0.5	B
VDR	DOCK5	0.5	B
VDR	DNAJB12	0.5	B
VDR	CIRBP	0.5	B
VDR	COL16A1	0.5	B
VDR	DLEU1	0.5	B
VDR	CYTH4	0.5	B
VDR	CUEDC1	0.5	B
VDR	COX5A	0.5	B
VDR	DPP9	0.5	B
USF2	WDR81	0.5	B
VDR	FTO	0.5	B
VDR	B3GNT2	0.5	B
VDR	ABL1	0.5	B
VDR	ACTB	0.5	B
VDR	HSPA8	0.5	B
VDR	HNRNPF	0.5	B
VDR	HNRNPA1	0.5	B
VDR	ACTN4	0.5	B
VDR	HIVEP3	0.5	B
VDR	ADGRG6	0.5	B
VDR	HIVEP2	0.5	B
VDR	HBEGF	0.5	B
VDR	BAG3	0.5	B
VDR	ADGRV1	0.5	B
VDR	ALDOA	0.5	B
VDR	APRT	0.5	B
VDR	GPT2	0.5	B
VDR	ARHGDIA	0.5	B
VDR	GLI3	0.5	B
VDR	ARHGEF2	0.5	B
VDR	BMAL1	0.5	B
VDR	GAS7	0.5	B
VDR	ATF4	0.5	B
VDR	ATG5	0.5	B
VDR	GSE1	0.5	B
TP53	RPS19	0.5	B
VDR	PLEC	0.5	B
VDR	PLEKHA2	0.5	B
VDR	TRAK1	0.5	B
TP53	SMYD3	0.5	B
TP53	SNAP47	0.5	B
VDR	TPX2	0.5	B
TP53	SORCS2	0.5	B
VDR	TNS3	0.5	B
VDR	TNFRSF1A	0.5	B
VDR	THADA	0.5	B
VDR	TGIF1	0.5	B
TP53	SPATS2L	0.5	B
VDR	TRIM41	0.5	B
TP53	SRC	0.5	B
VDR	SYNJ2	0.5	B
TP53	SSH1	0.5	B
VDR	ST3GAL1	0.5	B
VDR	SREBF1	0.5	B
VDR	SP100	0.5	B
TP53	STAT6	0.5	B
VDR	SLX4IP	0.5	B
TP53	STK17A	0.5	B
VDR	SLC27A2	0.5	B
VDR	SLC22A23	0.5	B
VDR	TBP	0.5	B
VDR	SHC1	0.5	B
VDR	TRIM56	0.5	B
VDR	UBALD2	0.5	B
YY1	KDM2A	0.5	B
TP53	RTN4	0.5	B
TP53	SASH1	0.5	B
TP53	SBF2	0.5	B
YY1	CELF1	0.5	B
TP53	SCHIP1	0.5	B
TP53	SDK1	0.5	B
VDR	ZMIZ1	0.5	B
TP53	SEC14L1	0.5	B
VDR	ZFP36L2	0.5	B
VDR	TSPAN14	0.5	B
VDR	XXYLT1	0.5	B
TP53	SERTAD2	0.5	B
VDR	VPS51	0.5	B
VDR	VMP1	0.5	B
TP53	SFSWAP	0.5	B
TP53	SH3BP4	0.5	B
TP53	SHANK2	0.5	B
TP53	SIPA1L1	0.5	B
TP53	SLC12A4	0.5	B
TP53	SMOC1	0.5	B
VDR	UTRN	0.5	B
VDR	VRK3	0.5	B
TP53	UBE2F	0.5	B
TP53	SUGCT	0.5	B
VDR	SH3RF2	0.5	B
TP53	TGFBI	0.5	B
TP53	THSD4	0.5	B
TP53	TLE1	0.5	B
TP53	TLN2	0.5	B
TP53	TMEM217	0.5	B
TP53	TMEM30A	0.5	B
TP53	TNFAIP8	0.5	B
TP53	TNS3	0.5	B
TP53	TOX2	0.5	B
TP53	TPD52	0.5	B
VDR	PRKCH	0.5	B
TP53	TPRG1	0.5	B
TP53	TRIM55	0.5	B
VDR	PRKCE	0.5	B
VDR	PRKAG2	0.5	B
VDR	PPP3CA	0.5	B
TP53	TSNARE1	0.5	B
VDR	PPCDC	0.5	B
TP53	TSPAN14	0.5	B
TP53	TSPAN9	0.5	B
VDR	PLXNA2	0.5	B
VDR	PLEKHA6	0.5	B
TP53	TRAPPC9	0.5	B
TP53	SUSD1	0.5	B
TP53	TENM4	0.5	B
TP53	TBCA	0.5	B
TP53	SVIL	0.5	B
VDR	SH3PXD2A	0.5	B
TP53	SYNE1	0.5	B
VDR	SH2D4A	0.5	B
TP53	SYNE2	0.5	B
VDR	SH2B3	0.5	B
VDR	SERINC2	0.5	B
VDR	SEPTIN9	0.5	B
VDR	SCOC	0.5	B
VDR	SCARB1	0.5	B
TP53	TCF12	0.5	B
VDR	RUNX1	0.5	B
VDR	RPL3	0.5	B
VDR	RELT	0.5	B
VDR	RAB26	0.5	B
VDR	PTPRE	0.5	B
VDR	PTP4A2	0.5	B
TP53	TAB2	0.5	B
TP53	TAFA2	0.5	B
VDR	PTMA	0.5	B
VDR	PSMA6	0.5	B
VDR	PRMT9	0.5	B
TP53	SYT8	0.5	B
STAT1	GM2A	0.5	B
ZNF263	BLACE	0.5	B
ZNF263	C2CD2	0.5	B
TFAP2C	MAD1L1	0.5	B
TFAP2C	MAGI1	0.5	B
TFAP2C	MAN1C1	0.5	B
TFAP2C	MAPKAP1	0.5	B
TFAP2C	MARCHF10	0.5	B
TFAP2C	MAST4	0.5	B
TFAP2C	MATN2	0.5	B
TFAP2C	MCF2L	0.5	B
TFAP2C	MCF2L2	0.5	B
TFAP2C	MDGA1	0.5	B
TFAP2C	MACROD2	0.5	B
TFAP2C	ME3	0.5	B
TFAP2C	MEGF6	0.5	B
TFAP2C	MGLL	0.5	B
TFAP2C	MICAL2	0.5	B
TFAP2C	MICAL3	0.5	B
TFAP2C	MIDEAS	0.5	B
TFAP2C	MLPH	0.5	B
TFAP2C	MSI2	0.5	B
TFAP2C	MTCL1	0.5	B
TFAP2C	MTSS1	0.5	B
TFAP2C	MTUS1	0.5	B
TFAP2C	MED15	0.5	B
TFAP2C	MVB12B	0.5	B
TFAP2C	MACF1	0.5	B
TFAP2C	LRRFIP1	0.5	B
TFAP2C	KCTD15	0.5	B
TFAP2C	KDF1	0.5	B
TFAP2C	KDM4B	0.5	B
TFAP2C	KIAA1217	0.5	B
TFAP2C	KIF16B	0.5	B
TFAP2C	KLF9	0.5	B
TFAP2C	KLHL29	0.5	B
TFAP2C	KLK11	0.5	B
TFAP2C	KRT8	0.5	B
TFAP2C	KSR1	0.5	B
TFAP2C	LYPD6B	0.5	B
TFAP2C	LARGE1	0.5	B
TFAP2C	LHFPL2	0.5	B
TFAP2C	LINGO1	0.5	B
TFAP2C	LITAF	0.5	B
TFAP2C	LLGL2	0.5	B
TFAP2C	LMNA	0.5	B
TFAP2C	LMTK3	0.5	B
TFAP2C	LPP	0.5	B
TFAP2C	LRCH1	0.5	B
TFAP2C	LRIG1	0.5	B
TFAP2C	LRP5	0.5	B
TFAP2C	LDLRAD4	0.5	B
TFAP2C	KCNT1	0.5	B
TFAP2C	MYEOV	0.5	B
TFAP2C	MYLK	0.5	B
TFAP2C	PACS2	0.5	B
TFAP2C	PACSIN2	0.5	B
TFAP2C	PBX1	0.5	B
TFAP2C	PCBP1	0.5	B
TFAP2C	PCBP3	0.5	B
TFAP2C	PCNX2	0.5	B
TFAP2C	PDE4B	0.5	B
TFAP2C	PDE4D	0.5	B
TFAP2C	PDZD2	0.5	B
TFAP2C	PHACTR3	0.5	B
TFAP2C	PACS1	0.5	B
TFAP2C	PIK3C2B	0.5	B
TFAP2C	PITPNM2	0.5	B
TFAP2C	PKD1L2	0.5	B
TFAP2C	PKP1	0.5	B
TFAP2C	PKP4	0.5	B
TFAP2C	PLB1	0.5	B
TFAP2C	PLCB1	0.5	B
TFAP2C	PLCB4	0.5	B
TFAP2C	PLCH2	0.5	B
TFAP2C	PLEC	0.5	B
TFAP2C	PLEKHA6	0.5	B
TFAP2C	PIP4K2A	0.5	B
TFAP2C	MYH9	0.5	B
TFAP2C	OSBPL5	0.5	B
TFAP2C	NTRK3	0.5	B
TFAP2C	MYO10	0.5	B
TFAP2C	MYO18A	0.5	B
TFAP2C	MYO1B	0.5	B
TFAP2C	NAALADL2	0.5	B
TFAP2C	NACC2	0.5	B
TFAP2C	NAV1	0.5	B
TFAP2C	NAV2	0.5	B
TFAP2C	NCALD	0.5	B
TFAP2C	NCOR2	0.5	B
TFAP2C	NDST1	0.5	B
TFAP2C	OSBPL10	0.5	B
TFAP2C	NDUFAF6	0.5	B
TFAP2C	NEDD9	0.5	B
TFAP2C	NFASC	0.5	B
TFAP2C	NFATC2	0.5	B
TFAP2C	NFIC	0.5	B
TFAP2C	NIBAN2	0.5	B
TFAP2C	NMNAT2	0.5	B
TFAP2C	NOL4L	0.5	B
TFAP2C	NPAS3	0.5	B
TFAP2C	NRCAM	0.5	B
TFAP2C	NRP2	0.5	B
TFAP2C	NEDD4L	0.5	B
TFAP2C	PLEKHA7	0.5	B
TFAP2C	KCNN3	0.5	B
TFAP2C	KCNB1	0.5	B
TFAP2C	EFNA5	0.5	B
ZNF263	CDH23	0.5	B
TFAP2C	EGLN3	0.5	B
TFAP2C	EHMT1	0.5	B
TFAP2C	ELAPOR1	0.5	B
TFAP2C	ELL	0.5	B
TFAP2C	EML1	0.5	B
TFAP2C	EPHB1	0.5	B
TFAP2C	EPHB3	0.5	B
TFAP2C	ERGIC1	0.5	B
TFAP2C	EFHC1	0.5	B
TFAP2C	ESRRG	0.5	B
TFAP2C	EVL	0.5	B
TFAP2C	EXT1	0.5	B
TFAP2C	EYA2	0.5	B
TFAP2C	EEIG1	0.5	B
TFAP2C	FAM107B	0.5	B
TFAP2C	FAM174B	0.5	B
TFAP2C	FAM178B	0.5	B
TFAP2C	FARP1	0.5	B
TFAP2C	FBLN1	0.5	B
TFAP2C	FBLN2	0.5	B
TFAP2C	ETV6	0.5	B
TFAP2C	FGD5	0.5	B
TFAP2C	EEFSEC	0.5	B
TFAP2C	ECE1	0.5	B
TFAP2C	CUEDC1	0.5	B
TFAP2C	CUX1	0.5	B
TFAP2C	CYRIB	0.5	B
TFAP2C	CYTH1	0.5	B
TFAP2C	DAAM1	0.5	B
TFAP2C	DAB2IP	0.5	B
TFAP2C	DAPK1	0.5	B
TFAP2C	DAPK2	0.5	B
TFAP2C	DENND1A	0.5	B
TFAP2C	DENND2B	0.5	B
TFAP2C	EEF2K	0.5	B
TFAP2C	DENND3	0.5	B
TFAP2C	DIS3L2	0.5	B
TFAP2C	DLEU1	0.5	B
TFAP2C	DLG2	0.5	B
TFAP2C	DLGAP4	0.5	B
TFAP2C	DNM2	0.5	B
TFAP2C	DOCK4	0.5	B
TFAP2C	DOK5	0.5	B
TFAP2C	DPF3	0.5	B
TFAP2C	DST	0.5	B
TFAP2C	DYSF	0.5	B
TFAP2C	DIP2C	0.5	B
TFAP2C	KCNMA1	0.5	B
TFAP2C	FHOD3	0.5	B
TFAP2C	FNDC3B	0.5	B
TFAP2C	HDAC4	0.5	B
TFAP2C	HIVEP2	0.5	B
TFAP2C	HIVEP3	0.5	B
TFAP2C	HK1	0.5	B
TFAP2C	HK2	0.5	B
TFAP2C	HMCN2	0.5	B
TFAP2C	HPCAL1	0.5	B
TFAP2C	HS6ST1	0.5	B
TFAP2C	IER5	0.5	B
TFAP2C	IFFO2	0.5	B
TFAP2C	GTF2IRD1	0.5	B
TFAP2C	IGF1R	0.5	B
TFAP2C	INPP5A	0.5	B
TFAP2C	IQSEC1	0.5	B
TFAP2C	ISG20	0.5	B
TFAP2C	ITGB5	0.5	B
TFAP2C	ITGB6	0.5	B
TFAP2C	ITPR1	0.5	B
TFAP2C	KALRN	0.5	B
TFAP2C	KATNIP	0.5	B
TFAP2C	KAZN	0.5	B
TFAP2C	KCNAB2	0.5	B
TFAP2C	IL1R1	0.5	B
TFAP2C	FLNB	0.5	B
TFAP2C	GSN	0.5	B
TFAP2C	GRM4	0.5	B
TFAP2C	FOXK1	0.5	B
TFAP2C	FOXK2	0.5	B
TFAP2C	FOXP1	0.5	B
TFAP2C	FRMD4A	0.5	B
TFAP2C	FRMD4B	0.5	B
TFAP2C	FTO	0.5	B
TFAP2C	GABBR2	0.5	B
TFAP2C	GALNT10	0.5	B
TFAP2C	GALNT14	0.5	B
TFAP2C	GALNT9	0.5	B
TFAP2C	GSE1	0.5	B
TFAP2C	GARNL3	0.5	B
TFAP2C	GATAD2A	0.5	B
TFAP2C	GDPD5	0.5	B
TFAP2C	GLI3	0.5	B
TFAP2C	GMDS	0.5	B
TFAP2C	GNA12	0.5	B
TFAP2C	GRAMD4	0.5	B
TFAP2C	GRB10	0.5	B
TFAP2C	GRHL2	0.5	B
TFAP2C	GRIK3	0.5	B
TFAP2C	GRIK4	0.5	B
TFAP2C	GAS7	0.5	B
TP53	CAB39	0.5	B
TFAP2C	PLXNA1	0.5	B
TFAP2C	PLXNA4	0.5	B
TFAP2C	TRAK1	0.5	B
TFAP2C	TRAPPC9	0.5	B
TFAP2C	TRIM2	0.5	B
TFAP2C	TRIO	0.5	B
TFAP2C	TRPS1	0.5	B
TFAP2C	TRPV6	0.5	B
TFAP2C	TSNARE1	0.5	B
TFAP2C	TSPAN14	0.5	B
TFAP2C	TSPAN9	0.5	B
TFAP2C	TTC7A	0.5	B
TFAP2C	TPRG1	0.5	B
TFAP2C	TTC7B	0.5	B
TFAP2C	UNC5A	0.5	B
TFAP2C	USP10	0.5	B
ZNF263	CBFA2T3	0.5	B
TFAP2C	UST	0.5	B
TFAP2C	UTRN	0.5	B
ZNF263	CASZ1	0.5	B
TFAP2C	VANGL1	0.5	B
TFAP2C	VAV2	0.5	B
TFAP2C	VAV3	0.5	B
TFAP2C	VGLL4	0.5	B
TFAP2C	UMODL1	0.5	B
TFAP2C	VPS13D	0.5	B
TFAP2C	TPD52L1	0.5	B
ZNF263	CBX8	0.5	B
ZNF263	CCNY	0.5	B
TFAP2C	TBC1D1	0.5	B
TFAP2C	TBC1D14	0.5	B
TFAP2C	TBC1D8	0.5	B
TFAP2C	TBCD	0.5	B
TFAP2C	TBL1XR1	0.5	B
TFAP2C	TBX4	0.5	B
TFAP2C	TEAD1	0.5	B
TFAP2C	TECPR2	0.5	B
TFAP2C	TENM4	0.5	B
TFAP2C	TOM1L2	0.5	B
TFAP2C	TEX2	0.5	B
TFAP2C	THADA	0.5	B
TFAP2C	THSD4	0.5	B
TFAP2C	TIAM1	0.5	B
TFAP2C	TLE3	0.5	B
TFAP2C	TLN2	0.5	B
TFAP2C	TMEM164	0.5	B
TFAP2C	TMEM241	0.5	B
TFAP2C	TNK1	0.5	B
TFAP2C	TNS1	0.5	B
TFAP2C	TNS3	0.5	B
TFAP2C	TG	0.5	B
TFAP2C	TANC1	0.5	B
TFAP2C	WNK2	0.5	B
TFAP2C	WWC1	0.5	B
TP53	ABCB9	0.5	B
TP53	ACTB	0.5	B
TP53	ADGRL2	0.5	B
TP53	ADORA2B	0.5	B
TP53	AEBP2	0.5	B
TP53	AEN	0.5	B
TP53	AGAP1	0.5	B
TP53	AKAP6	0.5	B
ZNF263	CACNA1A	0.5	B
TP53	AMOTL1	0.5	B
THAP11	TMEM115	0.5	B
TP53	ANK3	0.5	B
TP53	ARHGAP22	0.5	B
TP53	ARHGAP26	0.5	B
TP53	ARHGEF3	0.5	B
TP53	ARID1B	0.5	B
TP53	ASAP1	0.5	B
TP53	ATL1	0.5	B
TP53	ATP2A2	0.5	B
TP53	AUTS2	0.5	B
TP53	BCAS3	0.5	B
TP53	BMPER	0.5	B
TP53	ANXA2	0.5	B
TFAP2C	WNT5B	0.5	B
THAP11	SNX17	0.5	B
THAP11	PRPF31	0.5	B
TFAP2C	XXYLT1	0.5	B
ZNF263	CAMK2B	0.5	B
TFAP2C	XYLT1	0.5	B
TFAP2C	ZBTB38	0.5	B
TFAP2C	ZBTB7C	0.5	B
ZNF263	CACNA1I	0.5	B
TFAP2C	ZFAT	0.5	B
TFAP2C	ZFHX3	0.5	B
TFAP2C	ZFP36L1	0.5	B
TFAP2C	ZMIZ1	0.5	B
THAP11	SLC4A2	0.5	B
TFAP2C	ZMYND8	0.5	B
TFAP2C	ZNRF1	0.5	B
TFAP2C	ZPLD1	0.5	B
TFAP4	ZNF395	0.5	B
TFDP1	CCNE2	0.5	B
TFDP1	CKAP2L	0.5	B
TFDP1	HNRNPUL1	0.5	B
TFDP1	PTMA	0.5	B
THAP1	FAM20B	0.5	B
THAP11	CNIH4	0.5	B
THAP11	LSM10	0.5	B
TFAP2C	ZNF217	0.5	B
TFAP2C	PLXNA2	0.5	B
TFAP2C	TACC2	0.5	B
TFAP2C	SYNE2	0.5	B
TFAP2C	RAPGEF5	0.5	B
TFAP2C	RARA	0.5	B
TFAP2C	RASA3	0.5	B
TFAP2C	RBFOX3	0.5	B
TFAP2C	RBM47	0.5	B
TFAP2C	RBPJ	0.5	B
TFAP2C	RERE	0.5	B
TFAP2C	RFTN1	0.5	B
TFAP2C	RFX2	0.5	B
TFAP2C	RGS3	0.5	B
TFAP2C	RAPGEF4	0.5	B
TFAP2C	RGS6	0.5	B
TFAP2C	RIN3	0.5	B
TFAP2C	RIPOR3	0.5	B
TFAP2C	ARK2C	0.5	B
TFAP2C	RPTOR	0.5	B
TFAP2C	RREB1	0.5	B
TFAP2C	RXRA	0.5	B
TFAP2C	SAMD4A	0.5	B
TFAP2C	SCARB1	0.5	B
TFAP2C	SCIN	0.5	B
TFAP2C	SCNN1B	0.5	B
TFAP2C	RGS9	0.5	B
TFAP2C	SDK1	0.5	B
TFAP2C	RAPGEF1	0.5	B
TFAP2C	RALGPS1	0.5	B
TFAP2C	PMEPA1	0.5	B
TFAP2C	PPARGC1B	0.5	B
TFAP2C	PPFIBP2	0.5	B
TFAP2C	PPP2R2C	0.5	B
TFAP2C	PRDM11	0.5	B
TFAP2C	PRDM16	0.5	B
TFAP2C	PREX1	0.5	B
TFAP2C	PRICKLE2	0.5	B
TFAP2C	PRKAG2	0.5	B
TFAP2C	PRKCE	0.5	B
TFAP2C	RAP1GAP2	0.5	B
TFAP2C	PRKCH	0.5	B
TFAP2C	PRRC2B	0.5	B
TFAP2C	PTK2	0.5	B
TFAP2C	PTPRF	0.5	B
TFAP2C	PTPRJ	0.5	B
TFAP2C	PXDN	0.5	B
TFAP2C	RAB31	0.5	B
TFAP2C	RAD23B	0.5	B
TFAP2C	RAD51B	0.5	B
TFAP2C	RAI1	0.5	B
TFAP2C	RALGDS	0.5	B
TFAP2C	PRLR	0.5	B
TFAP2C	SYNJ2	0.5	B
TFAP2C	SDK2	0.5	B
TFAP2C	SEPTIN9	0.5	B
TFAP2C	SOX13	0.5	B
TFAP2C	SPATS2L	0.5	B
TFAP2C	SPOCK1	0.5	B
TFAP2C	SPRED2	0.5	B
TFAP2C	SPSB1	0.5	B
TFAP2C	SPTB	0.5	B
TFAP2C	SPTBN1	0.5	B
TFAP2C	SRGAP3	0.5	B
TFAP2C	SSBP3	0.5	B
TFAP2C	ST3GAL5	0.5	B
TFAP2C	SORCS2	0.5	B
TFAP2C	ST6GAL1	0.5	B
TFAP2C	STARD13	0.5	B
TFAP2C	STK10	0.5	B
TFAP2C	STK3	0.5	B
TFAP2C	STXBP1	0.5	B
TFAP2C	SULF2	0.5	B
TFAP2C	SUMO1P1	0.5	B
TFAP2C	SVIL	0.5	B
TFAP2C	SYN3	0.5	B
TFAP2C	SYNE1	0.5	B
ZNF263	CDC42EP4	0.5	B
TFAP2C	STAP2	0.5	B
TFAP2C	SEMA4B	0.5	B
TFAP2C	SNX29	0.5	B
TFAP2C	SMYD3	0.5	B
TFAP2C	SH2D3A	0.5	B
TFAP2C	SH3BP4	0.5	B
TFAP2C	SH3BP5	0.5	B
TFAP2C	SH3PXD2A	0.5	B
TFAP2C	SH3PXD2B	0.5	B
TFAP2C	SHANK2	0.5	B
TFAP2C	SHROOM3	0.5	B
TFAP2C	SIL1	0.5	B
TFAP2C	SIPA1L1	0.5	B
TFAP2C	SIPA1L2	0.5	B
TFAP2C	SND1	0.5	B
TFAP2C	SIPA1L3	0.5	B
TFAP2C	SLC22A23	0.5	B
TFAP2C	SLC38A1	0.5	B
TFAP2C	SLC39A11	0.5	B
TFAP2C	SLC6A6	0.5	B
TFAP2C	SLC9A1	0.5	B
TFAP2C	SLCO2A1	0.5	B
TFAP2C	SLCO3A1	0.5	B
TFAP2C	SMAD3	0.5	B
ZNF263	CDH22	0.5	B
TFAP2C	SMOC1	0.5	B
TFAP2C	SKI	0.5	B
MITF	DPYSL2	0.5	B
STAT1	GLIS3	0.5	B
STAT1	GCNT2	0.5	B
PRDM14	PTMA	0.5	B
PRDM14	PTPRU	0.5	B
PRDM14	RAB25	0.5	B
PRDM14	RAI1	0.5	B
PRDM14	RASGRF1	0.5	B
PRDM14	RCOR2	0.5	B
PRDM14	RFX4	0.5	B
PRDM14	RGMA	0.5	B
PRDM14	RNF220	0.5	B
PRDM14	RPS6KA2	0.5	B
PRDM14	RPTOR	0.5	B
PRDM14	RSPO1	0.5	B
PRDM14	RUNX1	0.5	B
PRDM14	RUNX3	0.5	B
PRDM14	SDK2	0.5	B
ZNF263	KCNH2	0.5	B
PRDM14	SEMA4A	0.5	B
PRDM14	SEPTIN9	0.5	B
PRDM14	SFXN5	0.5	B
PRDM14	SH3BP4	0.5	B
PRDM14	SHANK2	0.5	B
PRDM14	PTH1R	0.5	B
PRDM14	PTCH1	0.5	B
PRDM14	PRMT8	0.5	B
PRDM14	PREX1	0.5	B
PRDM14	NFATC2	0.5	B
PRDM14	NFIA	0.5	B
PRDM14	NFIC	0.5	B
PRDM14	NGEF	0.5	B
PRDM14	NOL4L	0.5	B
PRDM14	NR4A1	0.5	B
PRDM14	NRP2	0.5	B
PRDM14	NTF3	0.5	B
PRDM14	NTN1	0.5	B
PRDM14	NTRK1	0.5	B
PRDM14	SIM2	0.5	B
PRDM14	NXN	0.5	B
PRDM14	PADI2	0.5	B
PRDM14	PAX7	0.5	B
PRDM14	PDGFRB	0.5	B
PRDM14	PEAR1	0.5	B
PRDM14	PHC2	0.5	B
PRDM14	PHLDB1	0.5	B
PRDM14	PKDCC	0.5	B
PRDM14	PKNOX2	0.5	B
PRDM14	PLEKHG5	0.5	B
PRDM14	PLXNA2	0.5	B
PRDM14	OTX1	0.5	B
PRDM14	SLC12A5	0.5	B
PRDM14	SLC22A23	0.5	B
PRDM14	SLIT3	0.5	B
PRDM14	WNT4	0.5	B
PRDM14	WNT5B	0.5	B
PRDM14	WWC1	0.5	B
PRDM14	XXYLT1	0.5	B
PRDM14	ZBTB17	0.5	B
PRDM14	ZBTB7B	0.5	B
PRDM14	ZDHHC14	0.5	B
PRDM14	ZMIZ1	0.5	B
PRDM14	ZMYND8	0.5	B
PRDM14	ZNF423	0.5	B
PRDM14	WNT3A	0.5	B
RARA	HDAC7	0.5	B
RARA	LMNA	0.5	B
RARA	PNRC1	0.5	B
RUNX1	RARA	0.5	B
RARA	SEPTIN9	0.5	B
RARA	SLC16A3	0.5	B
RARA	SMARCA2	0.5	B
RARA	SOS1	0.5	B
STAT5B	RARA	0.5	B
ZNF263	KCNAB2	0.5	B
ZNF263	ITPR1	0.5	B
RARA	KHSRP	0.5	B
PRDM14	NECTIN1	0.5	B
PRDM14	UNC5A	0.5	B
PRDM14	TSPAN9	0.5	B
PRDM14	SMAD6	0.5	B
PRDM14	SOX13	0.5	B
PRDM14	SOX9	0.5	B
PRDM14	SREBF1	0.5	B
PRDM14	STUM	0.5	B
PRDM14	SYNDIG1	0.5	B
PRDM14	TACC2	0.5	B
PRDM14	TAL1	0.5	B
PRDM14	TBC1D16	0.5	B
PRDM14	TBCD	0.5	B
PRDM14	TTC7A	0.5	B
PRDM14	TCF7L1	0.5	B
PRDM14	TENT5B	0.5	B
PRDM14	TFAP2A	0.5	B
PRDM14	TMCO4	0.5	B
PRDM14	TMEM59L	0.5	B
PRDM14	TNS1	0.5	B
PRDM14	TNS3	0.5	B
PRDM14	TP53I11	0.5	B
PRDM14	TRIM2	0.5	B
PRDM14	TRIO	0.5	B
PRDM14	TSPAN18	0.5	B
PRDM14	TENM4	0.5	B
PRDM14	NADK	0.5	B
PRDM14	MNT	0.5	B
PRDM14	MGAT5B	0.5	B
PRDM14	CCDC57	0.5	B
PRDM14	CCND2	0.5	B
PRDM14	CD6	0.5	B
PRDM14	CD9	0.5	B
PRDM14	CDC42BPG	0.5	B
PRDM14	CDC42EP4	0.5	B
PRDM14	CDH23	0.5	B
PRDM14	CDYL	0.5	B
PRDM14	COBL	0.5	B
PRDM14	COL2A1	0.5	B
PRDM14	CCDC33	0.5	B
PRDM14	CORO2B	0.5	B
PRDM14	CPLX2	0.5	B
PRDM14	CROCC	0.5	B
PRDM14	CSMD2	0.5	B
PRDM14	CXCL12	0.5	B
PRDM14	CYP26B1	0.5	B
PRDM14	DAB2IP	0.5	B
PRDM14	DGKG	0.5	B
PRDM14	DGKZ	0.5	B
PRDM14	DLGAP4	0.5	B
PRDM14	DLL4	0.5	B
PRDM14	CPAMD8	0.5	B
PRDM14	DNMT3A	0.5	B
PRDM14	CACNA1G	0.5	B
PRDM14	CA4	0.5	B
PRDM14	AGAP3	0.5	B
PRDM14	AGPAT3	0.5	B
PRDM14	AHDC1	0.5	B
PRDM14	AHNAK	0.5	B
PRDM14	AJAP1	0.5	B
PRDM14	ALK	0.5	B
PRDM14	AMPD3	0.5	B
PRDM14	ANO1	0.5	B
PRDM14	ARHGEF10L	0.5	B
PRDM14	ARHGEF17	0.5	B
PRDM14	CACNA1C	0.5	B
PRDM14	ARHGEF2	0.5	B
PRDM14	ARID1B	0.5	B
PRDM14	ARID5A	0.5	B
PRDM14	ASS1	0.5	B
PRDM14	ATP13A2	0.5	B
PRDM14	AUTS2	0.5	B
PRDM14	AXIN2	0.5	B
PRDM14	BCAR3	0.5	B
PRDM14	BCL11A	0.5	B
PRDM14	BCOR	0.5	B
PRDM14	BMP7	0.5	B
PRDM14	ARID1A	0.5	B
RBPJ	FNDC3B	0.5	B
PRDM14	DPYSL5	0.5	B
PRDM14	ECE1	0.5	B
PRDM14	INHBB	0.5	B
PRDM14	ISLR2	0.5	B
PRDM14	ITGA11	0.5	B
PRDM14	ITPKB	0.5	B
PRDM14	KAZN	0.5	B
PRDM14	KCNAB2	0.5	B
PRDM14	KDM4B	0.5	B
PRDM14	KDM6B	0.5	B
PRDM14	KIRREL1	0.5	B
PRDM14	KIRREL3	0.5	B
PRDM14	IGF2R	0.5	B
PRDM14	KLHDC7A	0.5	B
PRDM14	LINGO1	0.5	B
PRDM14	LRRK1	0.5	B
PRDM14	MACF1	0.5	B
PRDM14	MAD1L1	0.5	B
PRDM14	MAP7D1	0.5	B
PRDM14	MATN1	0.5	B
PRDM14	MCF2L	0.5	B
PRDM14	MEF2D	0.5	B
PRDM14	MEGF6	0.5	B
PRDM14	MEIS1	0.5	B
PRDM14	LHX2	0.5	B
PRDM14	DYSF	0.5	B
PRDM14	IGF1R	0.5	B
PRDM14	HES2	0.5	B
PRDM14	EFNB1	0.5	B
PRDM14	EPB41L1	0.5	B
PRDM14	EPHB3	0.5	B
PRDM14	EVA1B	0.5	B
PRDM14	FAM131C	0.5	B
PRDM14	FAM174B	0.5	B
PRDM14	FHAD1	0.5	B
PRDM14	FOSL2	0.5	B
PRDM14	FOXO6	0.5	B
PRDM14	GATA2	0.5	B
PRDM14	IGDCC4	0.5	B
PRDM14	GATAD2A	0.5	B
PRDM14	GMDS	0.5	B
PRDM14	GPC1	0.5	B
PRDM14	GPRC5C	0.5	B
PRDM14	GRAMD1B	0.5	B
PRDM14	GRB10	0.5	B
PRDM14	GRHL3	0.5	B
PRDM14	GRIK4	0.5	B
PRDM14	GRK2	0.5	B
PRDM14	GSE1	0.5	B
PRDM14	HDAC5	0.5	B
PRDM14	GLI2	0.5	B
RBPJ	WIPF1	0.5	B
RELA	ALCAM	0.5	B
RELA	CMIP	0.5	B
RUNX1	MGRN1	0.5	B
RUNX1	MSI2	0.5	B
RUNX1	MTSS1	0.5	B
RUNX1	MVB12B	0.5	B
RUNX1	NBAS	0.5	B
RUNX1	NCK2	0.5	B
RUNX1	NCOR2	0.5	B
RUNX1	NEDD9	0.5	B
RUNX1	NEK7	0.5	B
RUNX1	NOL4L	0.5	B
RUNX1	MCTP2	0.5	B
RUNX1	NUP210	0.5	B
RUNX1	PAG1	0.5	B
RUNX1	PAM	0.5	B
RUNX1	PARD3B	0.5	B
RUNX1	PARVB	0.5	B
RUNX1	PCNX2	0.5	B
RUNX1	PDE1C	0.5	B
RUNX1	PHACTR1	0.5	B
RUNX1	PHC2	0.5	B
RUNX1	PHLPP1	0.5	B
RUNX1	PIK3R1	0.5	B
RUNX1	OSBPL3	0.5	B
RUNX1	PIP4K2A	0.5	B
RUNX1	MCTP1	0.5	B
RUNX1	MBNL1	0.5	B
RUNX1	IQGAP2	0.5	B
RUNX1	IQSEC1	0.5	B
RUNX1	ITGA9	0.5	B
RUNX1	ITGAE	0.5	B
RUNX1	ITPR2	0.5	B
RUNX1	JCAD	0.5	B
RUNX1	JMJD1C	0.5	B
RUNX1	KAT6B	0.5	B
RUNX1	KCNMA1	0.5	B
RUNX1	KDM4B	0.5	B
RUNX1	MBP	0.5	B
RUNX1	LDLRAD4	0.5	B
RUNX1	LINC00299	0.5	B
RUNX1	LMO2	0.5	B
RUNX1	LPP	0.5	B
RUNX1	MACF1	0.5	B
RUNX1	MAD1L1	0.5	B
RUNX1	MAML3	0.5	B
RUNX1	MAN1C1	0.5	B
RUNX1	MAP3K5	0.5	B
RUNX1	MAP4K4	0.5	B
RUNX1	MAST4	0.5	B
RUNX1	LIMCH1	0.5	B
RUNX1	INPP5A	0.5	B
RUNX1	PKIG	0.5	B
RUNX1	PLCL2	0.5	B
ZNF263	IQSEC2	0.5	B
RUNX1	RPTOR	0.5	B
RUNX1	SAMD4A	0.5	B
RUNX1	SCARB1	0.5	B
RUNX1	SEMA4D	0.5	B
RUNX1	SEPTIN9	0.5	B
RUNX1	SERINC5	0.5	B
RUNX1	SGMS1	0.5	B
RUNX1	SH3BP5	0.5	B
RUNX1	SH3KBP1	0.5	B
RUNX1	RNASEH2B	0.5	B
RUNX1	SH3TC1	0.5	B
RUNX1	SIL1	0.5	B
RUNX1	SIPA1L1	0.5	B
RUNX1	SIPA1L2	0.5	B
RUNX1	SLA	0.5	B
RUNX1	SLC38A1	0.5	B
RUNX1	SLC39A11	0.5	B
RUNX1	SLCO3A1	0.5	B
RUNX1	SLX4IP	0.5	B
RUNX1	SMARCA2	0.5	B
RUNX1	SMG6	0.5	B
RUNX1	SHANK2	0.5	B
RUNX1	PLCB1	0.5	B
RUNX1	RIN3	0.5	B
RUNX1	RGS9	0.5	B
RUNX1	PLEC	0.5	B
RUNX1	PLXNA2	0.5	B
RUNX1	POLR1A	0.5	B
RUNX1	PPM1H	0.5	B
RUNX1	PREX1	0.5	B
RUNX1	PRKCE	0.5	B
RUNX1	PRKCH	0.5	B
RUNX1	PSMA1	0.5	B
RUNX1	PTK2	0.5	B
RUNX1	PTK2B	0.5	B
ZNF263	ITGB2	0.5	B
RUNX1	PTP4A2	0.5	B
RUNX1	RAB27B	0.5	B
RUNX1	RABGAP1L	0.5	B
RUNX1	RAD51B	0.5	B
RUNX1	RAI1	0.5	B
RUNX1	RAP1GAP2	0.5	B
RUNX1	RASSF5	0.5	B
RUNX1	RERE	0.5	B
RUNX1	RGS12	0.5	B
RUNX1	RGS3	0.5	B
RUNX1	RGS6	0.5	B
RUNX1	PTPRE	0.5	B
PRDM14	AGAP1	0.5	B
RUNX1	INPP4B	0.5	B
RUNX1	IGF2R	0.5	B
RUNX1	ADRB1	0.5	B
RUNX1	AFF3	0.5	B
RUNX1	AGPAT3	0.5	B
RUNX1	AHI1	0.5	B
RUNX1	AKAP13	0.5	B
RUNX1	AKNA	0.5	B
RUNX1	ALDH1A2	0.5	B
RUNX1	AMPD3	0.5	B
RUNX1	ANKRD28	0.5	B
RUNX1	ANKS1A	0.5	B
RUNX1	ADD3	0.5	B
RUNX1	ARHGAP25	0.5	B
RUNX1	ARL4C	0.5	B
RUNX1	ARSG	0.5	B
RUNX1	ASAP1	0.5	B
RUNX1	ATG13	0.5	B
RUNX1	ATP6V0A1	0.5	B
RUNX1	AUTS2	0.5	B
RUNX1	BAHCC1	0.5	B
RUNX1	BCAR3	0.5	B
RUNX1	CACNB4	0.5	B
RUNX1	CCDC88C	0.5	B
RUNX1	ARHGEF3	0.5	B
RUNX1	CD226	0.5	B
RUNX1	ABLIM1	0.5	B
RFX5	PSMB8	0.5	B
RELA	DUSP22	0.5	B
RELA	ENTPD1	0.5	B
RELA	ETV6	0.5	B
RELA	HIVEP2	0.5	B
RELA	PFKFB3	0.5	B
RELA	SMAD3	0.5	B
RELA	TNIP1	0.5	B
RELA	TRAF3	0.5	B
RELB	CD44	0.5	B
ZNF263	ITPKB	0.5	B
RFX5	TSPAN3	0.5	B
RELB	IL15	0.5	B
RELB	TNIP1	0.5	B
RFX1	FBRS	0.5	B
RFX1	MZF1	0.5	B
RFX1	STK32C	0.5	B
RFX1	VRK3	0.5	B
RFX5	BTN2A1	0.5	B
RFX5	BTN2A2	0.5	B
RFX5	BTN3A1	0.5	B
RFX5	BTN3A2	0.5	B
RFX5	MR1	0.5	B
RELB	IRF1	0.5	B
RUNX1	IL6R	0.5	B
RUNX1	CD82	0.5	B
RUNX1	CHI3L2	0.5	B
RUNX1	FCMR	0.5	B
RUNX1	FGGY	0.5	B
RUNX1	FGR	0.5	B
RUNX1	FHIT	0.5	B
RUNX1	FKBP5	0.5	B
RUNX1	FLT1	0.5	B
RUNX1	FNDC3B	0.5	B
RUNX1	FNIP2	0.5	B
RUNX1	FOXJ3	0.5	B
RUNX1	FOXN3	0.5	B
RUNX1	FCHSD2	0.5	B
RUNX1	FRYL	0.5	B
RUNX1	GAS7	0.5	B
RUNX1	GATAD2A	0.5	B
RUNX1	GMDS	0.5	B
RUNX1	GSAP	0.5	B
RUNX1	GSE1	0.5	B
RUNX1	GTDC1	0.5	B
RUNX1	HBS1L	0.5	B
RUNX1	HDAC4	0.5	B
ZNF263	ITPK1	0.5	B
RUNX1	HOMER2	0.5	B
RUNX1	GALNT2	0.5	B
RUNX1	CDH23	0.5	B
RUNX1	FBXW11	0.5	B
RUNX1	EXOC4	0.5	B
RUNX1	CHN2	0.5	B
RUNX1	CLEC16A	0.5	B
RUNX1	CLNK	0.5	B
RUNX1	CREB5	0.5	B
RUNX1	CSGALNACT1	0.5	B
RUNX1	CTNNA1	0.5	B
RUNX1	CTNND2	0.5	B
RUNX1	CYTH1	0.5	B
RUNX1	CYTH4	0.5	B
RUNX1	DAB2IP	0.5	B
RUNX1	FAM107B	0.5	B
RUNX1	DAPK1	0.5	B
RUNX1	DIS3L2	0.5	B
RUNX1	DLEU1	0.5	B
RUNX1	DNAJB12	0.5	B
RUNX1	DNAJB6	0.5	B
RUNX1	DOCK5	0.5	B
RUNX1	DUSP10	0.5	B
RUNX1	ELMO1	0.5	B
RUNX1	EPS15L1	0.5	B
RUNX1	ESYT2	0.5	B
RUNX1	EVL	0.5	B
RUNX1	DENND1A	0.5	B
PRDM14	ADAMTS2	0.5	B
PRDM14	ABCA4	0.5	B
PPARG	SUSD1	0.5	B
MITF	NFATC2	0.5	B
MITF	NFIA	0.5	B
MITF	NFIB	0.5	B
MITF	NOL4L	0.5	B
MITF	NPAS3	0.5	B
MITF	NPC1	0.5	B
MITF	NRG3	0.5	B
MITF	NRP2	0.5	B
MITF	NRXN1	0.5	B
MITF	NSMAF	0.5	B
MITF	NEK6	0.5	B
MITF	NSMCE2	0.5	B
MITF	OGDH	0.5	B
MITF	OSBPL3	0.5	B
MITF	OSBPL9	0.5	B
MITF	OTUD7B	0.5	B
MITF	PACRG	0.5	B
MITF	PACSIN2	0.5	B
MITF	PARVA	0.5	B
MITF	PCBP1	0.5	B
MITF	PDE4B	0.5	B
MITF	PDE4D	0.5	B
MITF	NUP93	0.5	B
MITF	PDE8A	0.5	B
MITF	NEDD9	0.5	B
MITF	NDUFAF6	0.5	B
MITF	MICAL2	0.5	B
MITF	MICAL3	0.5	B
MITF	MID1	0.5	B
MITF	MIDEAS	0.5	B
MITF	MLPH	0.5	B
MITF	MME	0.5	B
MITF	MPZL1	0.5	B
MITF	MRTFB	0.5	B
MITF	MSI2	0.5	B
MITF	MTSS1	0.5	B
MITF	NEDD4L	0.5	B
MITF	MTUS1	0.5	B
MITF	MYLK	0.5	B
MITF	MYO16	0.5	B
MITF	MYO1E	0.5	B
MITF	MYO5A	0.5	B
MITF	NARF	0.5	B
MITF	NAV2	0.5	B
MITF	NCALD	0.5	B
MITF	NCK2	0.5	B
MITF	NCOR2	0.5	B
MITF	NDST1	0.5	B
MITF	MYH10	0.5	B
MITF	MGLL	0.5	B
MITF	PDZD2	0.5	B
MITF	PHACTR1	0.5	B
MITF	PTPRM	0.5	B
MITF	RAD51B	0.5	B
MITF	RAP1GAP	0.5	B
MITF	RAPGEF1	0.5	B
MITF	RASA3	0.5	B
MITF	RASGRF1	0.5	B
MITF	RBFOX1	0.5	B
MITF	RBMS1	0.5	B
MITF	RBPJ	0.5	B
MITF	RELN	0.5	B
MITF	PTPRJ	0.5	B
MITF	RERE	0.5	B
MITF	RGS3	0.5	B
MITF	RNF115	0.5	B
MITF	RNF144A	0.5	B
MITF	RNF146	0.5	B
MITF	RNF220	0.5	B
MITF	RPGR	0.5	B
MITF	RPS6KA2	0.5	B
MITF	RPTOR	0.5	B
MITF	RREB1	0.5	B
MITF	RTN4	0.5	B
MITF	RGL1	0.5	B
MITF	PFKFB3	0.5	B
MITF	PTCH1	0.5	B
MITF	PRUNE2	0.5	B
MITF	PHACTR3	0.5	B
MITF	PHC2	0.5	B
MITF	PHGDH	0.5	B
MITF	PIP4K2A	0.5	B
MITF	PLA2G6	0.5	B
MITF	PLB1	0.5	B
MITF	PLD1	0.5	B
MITF	PLEKHA7	0.5	B
MITF	PLEKHG3	0.5	B
MITF	PLXNA2	0.5	B
MITF	PSAP	0.5	B
MITF	PLXNC1	0.5	B
MITF	POU6F2	0.5	B
MITF	PPM1H	0.5	B
MITF	PPP2R5C	0.5	B
MITF	PPP6R3	0.5	B
MITF	PREX1	0.5	B
MITF	PRKAG2	0.5	B
MITF	PRKCE	0.5	B
MITF	PRKCH	0.5	B
MITF	PRKN	0.5	B
MITF	PRRC2B	0.5	B
MITF	POLR1A	0.5	B
MITF	RUNX1	0.5	B
MITF	MGA	0.5	B
MITF	MDGA2	0.5	B
MITF	FNIP2	0.5	B
MITF	FOXK1	0.5	B
MITF	FOXN3	0.5	B
MITF	FOXO3	0.5	B
MITF	FOXP1	0.5	B
MITF	FRMD4A	0.5	B
MITF	FRMD4B	0.5	B
MITF	FTO	0.5	B
MITF	FYN	0.5	B
MITF	GABBR2	0.5	B
MITF	FNDC3B	0.5	B
MITF	GARNL3	0.5	B
MITF	GATAD2A	0.5	B
MITF	GLMP	0.5	B
MITF	GMDS	0.5	B
MITF	GMPR	0.5	B
MITF	GPAT4	0.5	B
MITF	GPR137B	0.5	B
MITF	GRAP2	0.5	B
MITF	GRB10	0.5	B
MITF	GRIK3	0.5	B
MITF	GSE1	0.5	B
MITF	GAS7	0.5	B
MITF	GSN	0.5	B
MITF	FMN1	0.5	B
MITF	FHAD1	0.5	B
MITF	DTNB	0.5	B
MITF	DTNBP1	0.5	B
MITF	DYM	0.5	B
MITF	DYRK1A	0.5	B
MITF	ECE1	0.5	B
MITF	EEF2K	0.5	B
MITF	EFCAB6	0.5	B
MITF	EGFR	0.5	B
MITF	EGLN3	0.5	B
MITF	EMP1	0.5	B
MITF	FKBP5	0.5	B
MITF	EPG5	0.5	B
MITF	ERG	0.5	B
MITF	ETS1	0.5	B
MITF	ETV4	0.5	B
MITF	ETV5	0.5	B
MITF	ETV6	0.5	B
MITF	EEIG1	0.5	B
MITF	FAM13A	0.5	B
MITF	FAM178B	0.5	B
MITF	FARP1	0.5	B
MITF	FGGY	0.5	B
MITF	EPHB1	0.5	B
MITF	MED15	0.5	B
MITF	GTDC1	0.5	B
MITF	HHAT	0.5	B
MITF	LHFPL2	0.5	B
MITF	LHFPL3	0.5	B
MITF	LIMD1	0.5	B
MITF	LINC00322	0.5	B
MITF	LINGO1	0.5	B
MITF	LITAF	0.5	B
MITF	LMNA	0.5	B
MITF	LNPK	0.5	B
MITF	LPP	0.5	B
MITF	LRCH1	0.5	B
MITF	LDLRAD3	0.5	B
MITF	LSAMP	0.5	B
MITF	MACROD2	0.5	B
MITF	MAD1L1	0.5	B
MITF	MAEA	0.5	B
MITF	MAN1C1	0.5	B
MITF	MAP4K4	0.5	B
ZNF263	KIF1A	0.5	B
MITF	MBP	0.5	B
MITF	MCC	0.5	B
MITF	MCF2L	0.5	B
MITF	MCF2L2	0.5	B
MITF	MACF1	0.5	B
MITF	HDAC4	0.5	B
MITF	LARP1	0.5	B
MITF	KLHDC4	0.5	B
MITF	HIVEP2	0.5	B
MITF	HIVEP3	0.5	B
MITF	HPCAL1	0.5	B
MITF	ICA1	0.5	B
MITF	IGF1R	0.5	B
MITF	IGF2BP2	0.5	B
MITF	IGF2R	0.5	B
MITF	IL16	0.5	B
MITF	INPP4B	0.5	B
MITF	IQSEC1	0.5	B
MITF	LARGE1	0.5	B
MITF	ITGB5	0.5	B
MITF	ITPKB	0.5	B
ZNF263	KLHL29	0.5	B
MITF	JARID2	0.5	B
MITF	JAZF1	0.5	B
MITF	KCNAB2	0.5	B
MITF	KDM4B	0.5	B
MITF	KDM4C	0.5	B
MITF	KIAA0930	0.5	B
MITF	KIAA1671	0.5	B
MITF	KIF6	0.5	B
MITF	ITGB6	0.5	B
RUNX1	SMYD3	0.5	B
MITF	SAMD4A	0.5	B
MITF	SCARB1	0.5	B
NFE2L2	TGIF1	0.5	B
NFIC	APP	0.5	B
NFIC	ARID1A	0.5	B
NFIC	MBP	0.5	B
NFIC	NDST1	0.5	B
NFIC	TNS1	0.5	B
TP53	NFIC	0.5	B
NFKB1	ARID1A	0.5	B
NFKB1	CCL17	0.5	B
NFKB1	CD274	0.5	B
NFE2L1	PARVA	0.5	B
NFKB1	CD44	0.5	B
TFAP2A	ESR1	0.5	B
NFKB1	GATAD2A	0.5	B
NFKB1	HNRNPL	0.5	B
NFKB1	IL15RA	0.5	B
NFKB1	IL1R1	0.5	B
NFKB1	IL4R	0.5	B
NFKB1	KCNMA1	0.5	B
NFKB2	BCL3	0.5	B
NFKB2	CD58	0.5	B
NFKB2	NEURL3	0.5	B
NFKB1	FSCN1	0.5	B
NFKB2	RARA	0.5	B
NFATC1	NEDD9	0.5	B
NFATC1	CREB5	0.5	B
MNT	PLEC	0.5	B
MNT	SH3BP2	0.5	B
MXI1	CAST	0.5	B
MXI1	CTBP2	0.5	B
MXI1	DST	0.5	B
MXI1	FAM13A	0.5	B
MXI1	SSBP3	0.5	B
MYB	KCNMA1	0.5	B
ZNF263	KIAA0513	0.5	B
MYC	CMIP	0.5	B
NFATC1	FYN	0.5	B
MYC	GMDS	0.5	B
MYC	PTPRF	0.5	B
MYC	RAB11A	0.5	B
MYC	RPS6KA2	0.5	B
ZNF263	KDM2B	0.5	B
MYC	SLC1A5	0.5	B
MYC	TRIB1	0.5	B
MYC	UBE2D3	0.5	B
MYC	ZFP36L2	0.5	B
MYCN	PRR5	0.5	B
NEUROD1	GRM4	0.5	B
MYC	IER2	0.5	B
MNT	GATAD2A	0.5	B
NFKB2	TNFAIP3	0.5	B
NFKB2	TRAF1	0.5	B
NRF1	OTUD5	0.5	B
RUNX3	PAX5	0.5	B
PBX2	PHF21A	0.5	B
PBX3	MEIS2	0.5	B
PBX3	PBX1	0.5	B
PGR	ADD3	0.5	B
ZNF263	KCNQ1	0.5	B
PGR	UST	0.5	B
POU2F1	ERVW-1	0.5	B
POU2F1	H2BC5	0.5	B
NRF1	KDM2A	0.5	B
POU2F2	LRRK1	0.5	B
POU2F2	POU2AF1	0.5	B
STAT1	POU2F2	0.5	B
POU2F2	STK10	0.5	B
KLF1	HBB	0.5	B
PPARA	PDHA1	0.5	B
PPARG	ACACB	0.5	B
PPARG	ACSL3	0.5	B
PPARG	ACSL5	0.5	B
PPARG	CPT1A	0.5	B
PPARG	SORBS1	0.5	B
POU2F2	LYN	0.5	B
NFKB2	TNIP1	0.5	B
NRF1	CRTC1	0.5	B
NR3C1	GTDC1	0.5	B
NFYA	AP3M2	0.5	B
NFYA	CD74	0.5	B
NFYA	ZNF608	0.5	B
NFYB	CCNB1	0.5	B
NFYB	CREBRF	0.5	B
NFYB	CRYZL1	0.5	B
NFYB	PCNA	0.5	B
NR1H2	FASN	0.5	B
NR1H2	PPARG	0.5	B
NR2C2	ASXL1	0.5	B
NR3C1	ZBTB38	0.5	B
NR2C2	GCC2	0.5	B
NR2C2	TAF2	0.5	B
NR2F2	ARHGEF2	0.5	B
NR2F2	LTBP4	0.5	B
ZNF263	KCP	0.5	B
ZNF263	KCNQ2	0.5	B
NR2F2	RFTN1	0.5	B
NR2F2	TNS1	0.5	B
NR2F6	AGPAT3	0.5	B
NR2F6	RAB11FIP4	0.5	B
NR3C1	ASAP2	0.5	B
NR2C2	SNRNP200	0.5	B
MITF	SASH1	0.5	B
MITF	ZNRF1	0.5	B
MITF	ZNF608	0.5	B
MITF	SOD2	0.5	B
MITF	SORBS1	0.5	B
MITF	SORBS2	0.5	B
MITF	SOX6	0.5	B
MITF	SPART	0.5	B
MITF	SPIRE1	0.5	B
MITF	SPOCK1	0.5	B
MITF	SPTBN1	0.5	B
MITF	SSBP3	0.5	B
MITF	SSH1	0.5	B
MITF	SNX9	0.5	B
MITF	ST3GAL6	0.5	B
ZNF263	NHSL3	0.5	B
MITF	STAT3	0.5	B
MITF	STK10	0.5	B
MITF	STK32B	0.5	B
MITF	STXBP1	0.5	B
MITF	STXBP5	0.5	B
MITF	SVIL	0.5	B
MITF	SYN3	0.5	B
MITF	SYNE2	0.5	B
MITF	TACC1	0.5	B
MITF	ST6GAL1	0.5	B
MITF	TAFA5	0.5	B
MITF	SNX8	0.5	B
MITF	SND1	0.5	B
MITF	SCRN1	0.5	B
MITF	SDK1	0.5	B
MITF	SEMA5A	0.5	B
MITF	SEPTIN9	0.5	B
MITF	SERINC5	0.5	B
MITF	SH3KBP1	0.5	B
MITF	SH3PXD2B	0.5	B
MITF	SHANK2	0.5	B
MITF	SIL1	0.5	B
MITF	SIPA1L2	0.5	B
MITF	SNX29	0.5	B
MITF	SIPA1L3	0.5	B
MITF	SLC23A2	0.5	B
MITF	SLC25A26	0.5	B
MITF	SLC39A11	0.5	B
MITF	SLC44A1	0.5	B
MITF	SLC44A3	0.5	B
MITF	SLC7A1	0.5	B
MITF	SLC8A1	0.5	B
MITF	SLC9A1	0.5	B
MITF	SLCO3A1	0.5	B
MITF	SLIT3	0.5	B
MITF	SLC22A23	0.5	B
MITF	ZNF704	0.5	B
MITF	TBC1D14	0.5	B
MITF	TEX2	0.5	B
MITF	USP48	0.5	B
MITF	USP6NL	0.5	B
MITF	UST	0.5	B
MITF	UTP25	0.5	B
MITF	VAC14	0.5	B
MITF	VAPA	0.5	B
MITF	VAV3	0.5	B
MITF	VGLL4	0.5	B
MITF	VPS13D	0.5	B
MITF	VPS53	0.5	B
MITF	ULK4	0.5	B
MITF	WDFY1	0.5	B
MITF	XPNPEP1	0.5	B
MITF	XXYLT1	0.5	B
MITF	XYLT1	0.5	B
MITF	ZBTB38	0.5	B
MITF	ZHX3	0.5	B
MITF	ZMIZ1	0.5	B
MITF	ZMYND8	0.5	B
MITF	ZNF131	0.5	B
MITF	ZNF365	0.5	B
MITF	ZNF521	0.5	B
MITF	WWP2	0.5	B
MITF	TENM4	0.5	B
MITF	UBE4B	0.5	B
MITF	TSPAN9	0.5	B
MITF	THADA	0.5	B
MITF	TIAM1	0.5	B
MITF	TLE3	0.5	B
MITF	TLN2	0.5	B
MITF	TMCC2	0.5	B
MITF	TMEM131	0.5	B
MITF	TMEM132B	0.5	B
MITF	TMEM163	0.5	B
MITF	TMEM229B	0.5	B
MITF	TNRC6B	0.5	B
MITF	TTLL4	0.5	B
MITF	TNS3	0.5	B
MITF	TPCN2	0.5	B
MITF	TRAK1	0.5	B
MITF	TRAPPC9	0.5	B
MITF	TRIB1	0.5	B
MITF	TRIM2	0.5	B
MITF	TRIO	0.5	B
MITF	TRPM8	0.5	B
MITF	TRPS1	0.5	B
MITF	TSC22D2	0.5	B
MITF	TSPAN14	0.5	B
MITF	TOM1	0.5	B
RUNX1	SND1	0.5	B
RUNX1	SPIDR	0.5	B
RUNX1	SPRED2	0.5	B
SPI1	PLA2G4A	0.5	B
SPI1	PLCB1	0.5	B
SPI1	PLCG2	0.5	B
SPI1	PLCL1	0.5	B
SPI1	PLCL2	0.5	B
SPI1	PLD1	0.5	B
SPI1	PLEKHA2	0.5	B
SPI1	PLXNA2	0.5	B
SPI1	PLXNC1	0.5	B
SPI1	POLD4	0.5	B
SPI1	PIK3R5	0.5	B
SPI1	PPCDC	0.5	B
SPI1	PPIB	0.5	B
SPI1	PPM1H	0.5	B
SPI1	PPP3CA	0.5	B
SPI1	PRKAG2	0.5	B
SPI1	PRKCB	0.5	B
SPI1	PRKCE	0.5	B
SPI1	PRKCH	0.5	B
SPI1	PRR5L	0.5	B
SPI1	PSD4	0.5	B
SPI1	PSMB3	0.5	B
SPI1	PPFIBP2	0.5	B
SPI1	PTK2	0.5	B
SPI1	PIK3R1	0.5	B
SPI1	PICALM	0.5	B
SPI1	NEDD4L	0.5	B
SPI1	NEDD9	0.5	B
SPI1	NEK7	0.5	B
SPI1	NFKB1	0.5	B
SPI1	NIBAN1	0.5	B
SPI1	NOD2	0.5	B
SPI1	NRCAM	0.5	B
SPI1	NRXN2	0.5	B
SPI1	NSMCE2	0.5	B
SPI1	NUP210	0.5	B
SPI1	PIK3CG	0.5	B
SPI1	OSBPL3	0.5	B
SPI1	PAM	0.5	B
SPI1	PCNX2	0.5	B
SPI1	PDE4B	0.5	B
SPI1	PDE4D	0.5	B
SPI1	PDE8A	0.5	B
SPI1	PHACTR1	0.5	B
SPI1	PHACTR2	0.5	B
SPI1	PHC2	0.5	B
SPI1	PHLPP1	0.5	B
SPI1	PHTF2	0.5	B
SPI1	PACSIN2	0.5	B
SPI1	NCOR2	0.5	B
SPI1	PTK2B	0.5	B
SPI1	RAB31	0.5	B
SPI1	SH3BP2	0.5	B
SPI1	SH3BP5	0.5	B
SPI1	SIK3	0.5	B
SPI1	SIL1	0.5	B
SPI1	SIPA1L1	0.5	B
SPI1	SIPA1L3	0.5	B
SPI1	SLC6A6	0.5	B
SPI1	SLC8A1	0.5	B
SPI1	SLC9A1	0.5	B
ZNF263	GNAO1	0.5	B
SPI1	SGMS1	0.5	B
SPI1	SLCO3A1	0.5	B
SPI1	SMAD3	0.5	B
SPI1	SMYD3	0.5	B
SPI1	SND1	0.5	B
SPI1	SNX10	0.5	B
SPI1	SORL1	0.5	B
SPI1	SPAG9	0.5	B
SPI1	SPATS2L	0.5	B
SPI1	SPIDR	0.5	B
SPI1	SPRED2	0.5	B
SPI1	SPTBN1	0.5	B
SPI1	SMAD2	0.5	B
SPI1	PTPRJ	0.5	B
SPI1	SEPTIN9	0.5	B
SPI1	SEC14L1	0.5	B
SPI1	RABGAP1L	0.5	B
SPI1	RAD51B	0.5	B
SPI1	RAP1GAP2	0.5	B
SPI1	RAPGEF1	0.5	B
SPI1	RAPGEF6	0.5	B
SPI1	RASA3	0.5	B
SPI1	RASSF2	0.5	B
SPI1	RBM47	0.5	B
SPI1	RBMS1	0.5	B
SPI1	RCAN1	0.5	B
SPI1	SEMA4D	0.5	B
ZNF263	GNAZ	0.5	B
SPI1	RFTN1	0.5	B
SPI1	RFX3	0.5	B
SPI1	RGS12	0.5	B
SPI1	RIN3	0.5	B
SPI1	RPS6KA1	0.5	B
SPI1	RPS6KA2	0.5	B
SPI1	RREB1	0.5	B
SPI1	RTN4	0.5	B
SPI1	SAMD4A	0.5	B
SPI1	SAMSN1	0.5	B
SPI1	RERE	0.5	B
SPI1	ST14	0.5	B
SPI1	NCOA1	0.5	B
SPI1	NCALD	0.5	B
SPI1	FNBP1	0.5	B
SPI1	FNDC3B	0.5	B
SPI1	FOXN3	0.5	B
SPI1	FOXP1	0.5	B
SPI1	FRMD4B	0.5	B
SPI1	FTO	0.5	B
SPI1	FYB1	0.5	B
SPI1	FYN	0.5	B
SPI1	GALNT10	0.5	B
SPI1	GALNT2	0.5	B
SPI1	FLT1	0.5	B
SPI1	GAS7	0.5	B
SPI1	GFOD1	0.5	B
SPI1	GNAQ	0.5	B
SPI1	GSAP	0.5	B
SPI1	GTDC1	0.5	B
SPI1	HDAC4	0.5	B
SPI1	HDAC9	0.5	B
SPI1	HERC1	0.5	B
SPI1	HIP1	0.5	B
SPI1	HIVEP3	0.5	B
SPI1	HPCAL1	0.5	B
SPI1	GATAD2A	0.5	B
SPI1	IER5	0.5	B
SPI1	FLNB	0.5	B
SPI1	FILIP1L	0.5	B
SPI1	DUSP10	0.5	B
SPI1	DUSP22	0.5	B
SPI1	ECE1	0.5	B
ZNF263	GSE1	0.5	B
SPI1	EGLN3	0.5	B
SPI1	EHMT1	0.5	B
SPI1	EIF4G3	0.5	B
SPI1	ELMO1	0.5	B
SPI1	ENTPD1	0.5	B
SPI1	EPB41L1	0.5	B
ZNF263	GRIP2	0.5	B
SPI1	ERC1	0.5	B
SPI1	EVI2B	0.5	B
SPI1	EXOC4	0.5	B
SPI1	FAM13A	0.5	B
SPI1	FBXW11	0.5	B
SPI1	FCGR2B	0.5	B
SPI1	FCHSD2	0.5	B
SPI1	FGD2	0.5	B
SPI1	FGGY	0.5	B
ZNF263	GRM4	0.5	B
SPI1	FHIT	0.5	B
SPI1	ETV6	0.5	B
SPI1	NCKAP1L	0.5	B
SPI1	IGF1R	0.5	B
SPI1	IL16	0.5	B
SPI1	LYN	0.5	B
SPI1	MACF1	0.5	B
SPI1	MAP3K5	0.5	B
SPI1	MAP4K4	0.5	B
SPI1	MAPKAPK2	0.5	B
SPI1	MARCHF1	0.5	B
SPI1	MARCHF3	0.5	B
SPI1	MBNL1	0.5	B
SPI1	MCF2L2	0.5	B
ZNF263	GRIN1	0.5	B
SPI1	LRRFIP1	0.5	B
SPI1	MCTP1	0.5	B
SPI1	MEF2C	0.5	B
SPI1	MGAT5	0.5	B
SPI1	MGLL	0.5	B
SPI1	MRTFA	0.5	B
SPI1	MTSS1	0.5	B
SPI1	MYCBP2	0.5	B
SPI1	MYH9	0.5	B
SPI1	MYO1B	0.5	B
SPI1	MYOF	0.5	B
SPI1	NBAS	0.5	B
SPI1	MCTP2	0.5	B
SPI1	IGF2R	0.5	B
SPI1	LRCH1	0.5	B
SPI1	LIMS1	0.5	B
SPI1	INPP4A	0.5	B
SPI1	INPP5A	0.5	B
SPI1	INPP5D	0.5	B
SPI1	IPCEF1	0.5	B
SPI1	IQGAP2	0.5	B
SPI1	IQSEC1	0.5	B
SPI1	IRF5	0.5	B
SPI1	ITPKB	0.5	B
SPI1	ITPR1	0.5	B
SPI1	ITPR2	0.5	B
SPI1	LPP	0.5	B
SPI1	JARID2	0.5	B
SPI1	KDM4C	0.5	B
SPI1	KIAA0930	0.5	B
SPI1	KIF18B	0.5	B
SPI1	KLF9	0.5	B
SPI1	KMO	0.5	B
SPI1	LCP1	0.5	B
SPI1	LDLRAD4	0.5	B
SPI1	LHFPL2	0.5	B
SPI1	LHPP	0.5	B
SPI1	LILRA2	0.5	B
SPI1	JMJD1C	0.5	B
SPI1	DTNB	0.5	B
SPI1	ST6GAL1	0.5	B
SPI1	STARD13	0.5	B
STAT1	CEMIP2	0.5	B
STAT1	CFAP46	0.5	B
STAT1	CFB	0.5	B
STAT1	CFLAR	0.5	B
STAT1	CHD9	0.5	B
STAT1	CHN2	0.5	B
STAT1	CHST15	0.5	B
STAT1	CLIP2	0.5	B
STAT1	CMKLR1	0.5	B
STAT1	CMTM7	0.5	B
STAT1	CELF1	0.5	B
STAT1	CPQ	0.5	B
STAT1	CUEDC1	0.5	B
STAT1	CUX1	0.5	B
STAT1	CYBB	0.5	B
ZNF263	GABBR2	0.5	B
STAT1	CYRIB	0.5	B
STAT1	CYTH1	0.5	B
STAT1	CYTH4	0.5	B
STAT1	DAPK1	0.5	B
STAT1	DENND3	0.5	B
STAT1	DGKG	0.5	B
STAT1	CRYBG1	0.5	B
STAT1	DIAPH1	0.5	B
STAT1	CDK6	0.5	B
STAT1	CDK19	0.5	B
STAT1	ATXN1	0.5	B
STAT1	BANP	0.5	B
STAT1	BCAR3	0.5	B
STAT1	BCAT1	0.5	B
STAT1	BCL11A	0.5	B
STAT1	BCL3	0.5	B
STAT1	BCOR	0.5	B
STAT1	BIN1	0.5	B
STAT1	BLVRA	0.5	B
STAT1	BTBD1	0.5	B
STAT1	CDK5RAP2	0.5	B
STAT1	CACNA1A	0.5	B
STAT1	CAST	0.5	B
STAT1	CCDC12	0.5	B
STAT1	CCDC88C	0.5	B
STAT1	CD180	0.5	B
STAT1	CD44	0.5	B
STAT1	CD82	0.5	B
STAT1	CD83	0.5	B
STAT1	CDC42EP3	0.5	B
STAT1	CDC42SE2	0.5	B
STAT1	CDH23	0.5	B
STAT1	CASP7	0.5	B
STAT1	ATR	0.5	B
STAT1	DLEU1	0.5	B
STAT1	DNAJB12	0.5	B
ZNF263	FLNC	0.5	B
STAT1	ERN1	0.5	B
STAT1	ETV6	0.5	B
STAT1	FAM78A	0.5	B
ZNF263	FIBCD1	0.5	B
STAT1	FCHSD2	0.5	B
STAT1	FGGY	0.5	B
STAT1	FHAD1	0.5	B
STAT1	FKBP5	0.5	B
STAT1	FNBP1	0.5	B
STAT1	ERGIC1	0.5	B
STAT1	FNDC3B	0.5	B
STAT1	FOXK1	0.5	B
ZNF263	FGFR3	0.5	B
ZNF263	FBRSL1	0.5	B
STAT1	FOXN3	0.5	B
ZNF263	FBRS	0.5	B
STAT1	FRMD4B	0.5	B
STAT1	FYB1	0.5	B
STAT1	FYN	0.5	B
STAT1	GAB2	0.5	B
STAT1	GAS7	0.5	B
STAT1	FNIP2	0.5	B
STAT1	DMXL2	0.5	B
STAT1	ERCC1	0.5	B
STAT1	EPB41L3	0.5	B
STAT1	DNM2	0.5	B
STAT1	DNMT1	0.5	B
STAT1	DOCK10	0.5	B
STAT1	DOCK4	0.5	B
STAT1	DOCK8	0.5	B
STAT1	DPYSL2	0.5	B
STAT1	DSE	0.5	B
STAT1	DTNB	0.5	B
STAT1	DTNBP1	0.5	B
STAT1	DUSP10	0.5	B
STAT1	ERC2	0.5	B
STAT1	DUSP22	0.5	B
ZNF263	FTCD	0.5	B
STAT1	EEF2K	0.5	B
STAT1	EHD1	0.5	B
ZNF263	FRMD1	0.5	B
STAT1	EIF4E	0.5	B
STAT1	ELF1	0.5	B
STAT1	ELL	0.5	B
STAT1	ELMO1	0.5	B
STAT1	EMC2	0.5	B
STAT1	ENPP2	0.5	B
STAT1	ECE1	0.5	B
SPI1	ST8SIA1	0.5	B
STAT1	ATP8B4	0.5	B
STAT1	ATP11C	0.5	B
SPI1	TRAK1	0.5	B
SPI1	TRAPPC9	0.5	B
SPI1	TRIO	0.5	B
SPI1	TSPAN14	0.5	B
SPI1	UBE2E1	0.5	B
SPI1	UCP2	0.5	B
SPI1	USP10	0.5	B
SPI1	UST	0.5	B
SPI1	UVRAG	0.5	B
SPI1	VAV3	0.5	B
SPI1	TNS3	0.5	B
SPI1	VCL	0.5	B
SPI1	VPS13B	0.5	B
SPI1	VPS13D	0.5	B
SPI1	WIPF1	0.5	B
SPI1	WNK1	0.5	B
SPI1	XYLT1	0.5	B
SPI1	ZBTB16	0.5	B
SPI1	ZBTB20	0.5	B
SPI1	ZDHHC14	0.5	B
SPI1	ZEB2	0.5	B
SPI1	ZMIZ1	0.5	B
SPI1	VNN2	0.5	B
SPI1	ZNF365	0.5	B
SPI1	TNS1	0.5	B
SPI1	TNFAIP8	0.5	B
SPI1	STIM1	0.5	B
SPI1	STK10	0.5	B
SPI1	SVIL	0.5	B
SPI1	SYNE1	0.5	B
SPI1	SYNJ2	0.5	B
SPI1	TACC1	0.5	B
SPI1	TAOK3	0.5	B
SPI1	TBC1D1	0.5	B
SPI1	TBC1D5	0.5	B
SPI1	TBL1XR1	0.5	B
SPI1	TNRC6B	0.5	B
SPI1	TCF12	0.5	B
SPI1	TCF7L2	0.5	B
SPI1	THADA	0.5	B
SPI1	TIAM1	0.5	B
SPI1	TIAM2	0.5	B
SPI1	TLE3	0.5	B
SPI1	TLE4	0.5	B
SPI1	TLK1	0.5	B
SPI1	TMEM131	0.5	B
SPI1	TMEM131L	0.5	B
SPI1	TMEM163	0.5	B
SPI1	TCF4	0.5	B
STAT1	ATP6V0A1	0.5	B
SPIB	KLHL6	0.5	B
SREBF1	MID1IP1	0.5	B
STAT1	AHNAK	0.5	B
STAT1	AK2	0.5	B
STAT1	AKAP13	0.5	B
STAT1	ALCAM	0.5	B
STAT1	ALDH1A2	0.5	B
STAT1	AMPD3	0.5	B
STAT1	ANKRD44	0.5	B
STAT1	ANXA1	0.5	B
ZNF263	GAK	0.5	B
STAT1	AP3D1	0.5	B
ZNF263	GLI2	0.5	B
STAT1	AP3S2	0.5	B
STAT1	ARHGAP15	0.5	B
STAT1	ARHGAP25	0.5	B
STAT1	ARHGAP26	0.5	B
STAT1	ARHGEF10L	0.5	B
STAT1	ARHGEF2	0.5	B
STAT1	ARHGEF3	0.5	B
STAT1	ARID1A	0.5	B
STAT1	ARID5B	0.5	B
STAT1	ARSG	0.5	B
STAT1	ASAP1	0.5	B
STAT1	APOL6	0.5	B
SREBF1	ARFIP2	0.5	B
STAT1	AFF1	0.5	B
STAT1	ACTB	0.5	B
SREBF2	DNM2	0.5	B
SREBF2	DPP9	0.5	B
SREBF2	TKT	0.5	B
SREBF2	TRAPPC9	0.5	B
SRF	ACTN1	0.5	B
SRF	ASB2	0.5	B
SRF	EGR2	0.5	B
SRF	KCNH2	0.5	B
SRF	KLF7	0.5	B
SRF	LPP	0.5	B
STAT1	ADCY7	0.5	B
SRF	MYH9	0.5	B
SRF	PRUNE2	0.5	B
SRF	SORBS1	0.5	B
SRF	SVIL	0.5	B
SRF	TPM1	0.5	B
SRF	TPM4	0.5	B
SRF	VCL	0.5	B
SRF	WDR1	0.5	B
SRF	WWTR1	0.5	B
STAT1	AAK1	0.5	B
STAT1	ACSL5	0.5	B
SRF	PPP1R12A	0.5	B
STAT1	GLIPR2	0.5	B
SPI1	DST	0.5	B
SPI1	DOCK4	0.5	B
SOX2	DPP10	0.5	B
SOX2	DPYD	0.5	B
SOX2	DTNA	0.5	B
SOX2	EBF1	0.5	B
SOX2	EFNA5	0.5	B
SOX2	EGFEM1P	0.5	B
SOX2	EGLN3	0.5	B
SOX2	EIF4G3	0.5	B
SOX2	ELMO1	0.5	B
SOX2	ELP4	0.5	B
SOX2	DOCK4	0.5	B
SOX2	EMSY	0.5	B
SOX2	EPB41L2	0.5	B
SOX2	EPHA4	0.5	B
SOX2	EPHB1	0.5	B
SOX2	ERBB4	0.5	B
SOX2	ERC1	0.5	B
SOX2	ESRRG	0.5	B
SOX2	ETV1	0.5	B
SOX2	ETV6	0.5	B
SOX2	EXOC4	0.5	B
SOX2	EXOC6B	0.5	B
SOX2	ENAH	0.5	B
SOX2	EXT1	0.5	B
SOX2	DOCK10	0.5	B
SOX2	DMD	0.5	B
SOX2	CLIC5	0.5	B
SOX2	CNTN4	0.5	B
SOX2	CNTNAP2	0.5	B
SOX2	COL12A1	0.5	B
SOX2	COL14A1	0.5	B
SOX2	COL25A1	0.5	B
SOX2	CPNE4	0.5	B
SOX2	CREB5	0.5	B
SOX2	CSMD1	0.5	B
SOX2	CSMD3	0.5	B
SOX2	DNAH14	0.5	B
SOX2	CTNNA2	0.5	B
SOX2	DAAM1	0.5	B
SOX2	DAB1	0.5	B
SOX2	DCC	0.5	B
SOX2	DCLK2	0.5	B
SOX2	DENND1A	0.5	B
SOX2	DGKB	0.5	B
SOX2	DIAPH3	0.5	B
SOX2	DIS3L2	0.5	B
SOX2	DLG1	0.5	B
SOX2	DLG2	0.5	B
SOX2	CTNND2	0.5	B
SOX2	CLASP2	0.5	B
SOX2	FAM13A	0.5	B
SOX2	FGD4	0.5	B
SOX2	LARGE1	0.5	B
SOX2	LDB2	0.5	B
SOX2	LPP	0.5	B
SOX2	LRBA	0.5	B
SOX2	LRIG1	0.5	B
SOX2	LRP1B	0.5	B
SOX2	LRRC7	0.5	B
SOX2	LSAMP	0.5	B
SOX2	MACROD2	0.5	B
SOX2	MAGI1	0.5	B
SOX2	KDM4C	0.5	B
SOX2	MAGI2	0.5	B
SOX2	MAP1B	0.5	B
SOX2	MAPK10	0.5	B
SOX2	MBD5	0.5	B
SOX2	MCC	0.5	B
SOX2	MCTP1	0.5	B
SOX2	MECOM	0.5	B
SOX2	MEGF10	0.5	B
SOX2	MMRN1	0.5	B
SOX2	MSI2	0.5	B
SOX2	MYO10	0.5	B
SOX2	MAML2	0.5	B
SOX2	ARB2A	0.5	B
SOX2	KCNMB2	0.5	B
SOX2	KALRN	0.5	B
SOX2	FGGY	0.5	B
SOX2	FHOD3	0.5	B
SOX2	FILIP1L	0.5	B
SOX2	FNDC3B	0.5	B
SOX2	FOXP1	0.5	B
SOX2	FOXP2	0.5	B
SOX2	FRMD4A	0.5	B
SOX2	GALNTL6	0.5	B
SOX2	GRIA1	0.5	B
SOX2	GRIK2	0.5	B
SOX2	KCNIP4	0.5	B
SOX2	GTDC1	0.5	B
SOX2	HDAC4	0.5	B
SOX2	HDAC9	0.5	B
SOX2	HIVEP2	0.5	B
SOX2	HIVEP3	0.5	B
SOX2	HMCN1	0.5	B
SOX2	IMMP2L	0.5	B
SOX2	INPP4B	0.5	B
SOX2	IQCH	0.5	B
SOX2	ITPR2	0.5	B
SOX2	JMJD1C	0.5	B
ZNF263	HSPG2	0.5	B
SOX2	NAALADL2	0.5	B
SOX2	CLASP1	0.5	B
SOX2	CHD9	0.5	B
RUNX1	VPS13D	0.5	B
RUNX1	XYLT1	0.5	B
RUNX1	ZBTB16	0.5	B
RUNX1	ZBTB7C	0.5	B
RUNX1	ZEB2	0.5	B
RUNX1	ZMIZ1	0.5	B
RUNX1	ZNRF1	0.5	B
RUNX2	ITGBL1	0.5	B
RUNX2	PSD3	0.5	B
RUNX3	CIITA	0.5	B
RUNX1	VAV3	0.5	B
RUNX3	CYTIP	0.5	B
RUNX3	FYN	0.5	B
RUNX3	TCF7	0.5	B
RXRA	CPT1A	0.5	B
RXRA	PLIN2	0.5	B
RXRA	RARB	0.5	B
ZNF263	IGSF21	0.5	B
RXRA	SORBS1	0.5	B
RXRA	UBC	0.5	B
SIX2	ZNF423	0.5	B
SMAD1	GDF15	0.5	B
RUNX3	DOCK2	0.5	B
SMAD1	ZEB2	0.5	B
RUNX1	UST	0.5	B
RUNX1	TTC7A	0.5	B
RUNX1	SPTBN1	0.5	B
RUNX1	SRC	0.5	B
RUNX1	SRSF5	0.5	B
RUNX1	SSBP2	0.5	B
RUNX1	STIM1	0.5	B
RUNX1	STIM2	0.5	B
RUNX1	STON2	0.5	B
RUNX1	SYK	0.5	B
RUNX1	TBC1D1	0.5	B
RUNX1	TBC1D14	0.5	B
ZNF263	IQSEC1	0.5	B
RUNX1	TBXAS1	0.5	B
RUNX1	THADA	0.5	B
RUNX1	TIAM1	0.5	B
RUNX1	TIAM2	0.5	B
RUNX1	TLE4	0.5	B
RUNX1	TLK1	0.5	B
RUNX1	TMEM163	0.5	B
RUNX1	TNFSF8	0.5	B
RUNX1	TNRC18	0.5	B
RUNX1	TOX2	0.5	B
RUNX1	TPRG1	0.5	B
TFAP2C	RUNX1	0.5	B
SOX2	CHN2	0.5	B
SMAD3	CMIP	0.5	B
SMAD3	GPRC5A	0.5	B
SOX2	APP	0.5	B
SOX2	ARHGAP24	0.5	B
SOX2	ARHGAP26	0.5	B
SOX2	ARHGAP32	0.5	B
SOX2	ARID5B	0.5	B
SOX2	ASAP1	0.5	B
SOX2	ATRNL1	0.5	B
SOX2	BBS9	0.5	B
SOX2	BHLHE40	0.5	B
SOX2	BMPR1B	0.5	B
SOX2	AP3B1	0.5	B
SOX2	CACNA2D1	0.5	B
SOX2	CADPS2	0.5	B
SOX2	CCDC171	0.5	B
SOX2	CCDC91	0.5	B
SOX2	CDH11	0.5	B
SOX2	CDH18	0.5	B
SOX2	CDH2	0.5	B
SOX2	CDK5RAP2	0.5	B
SOX2	CDKAL1	0.5	B
SOX2	CEMIP2	0.5	B
SOX2	CEP112	0.5	B
SOX2	CACNA2D3	0.5	B
SMAD3	GLIS3	0.5	B
SOX2	ANO2	0.5	B
SOX2	ANKFN1	0.5	B
SMAD3	KIAA1217	0.5	B
SMAD3	MAP4K4	0.5	B
SMAD4	DIP2C	0.5	B
SMAD4	PITX2	0.5	B
SMAD4	SBF2	0.5	B
SMAD4	SMAD6	0.5	B
ZNF263	IGF1R	0.5	B
SOX13	GSN	0.5	B
SOX13	LRP5	0.5	B
SOX2	ABCA13	0.5	B
SOX2	ANKS1B	0.5	B
SOX2	ABCC4	0.5	B
SOX2	ADAMTSL1	0.5	B
SOX2	ADGRB3	0.5	B
SOX2	ADGRL2	0.5	B
SOX2	ADGRL3	0.5	B
SOX2	AFF3	0.5	B
SOX2	AGAP1	0.5	B
SOX2	AKAP6	0.5	B
SOX2	ALCAM	0.5	B
SOX2	ALK	0.5	B
SOX2	ANGPT1	0.5	B
SOX2	ABI3BP	0.5	B
SPI1	DPYSL2	0.5	B
SOX2	NAV2	0.5	B
SOX2	NBEA	0.5	B
SPI1	AFF1	0.5	B
SPI1	AHCYL2	0.5	B
SPI1	AIF1	0.5	B
SPI1	AK5	0.5	B
SPI1	AKAP13	0.5	B
SPI1	ALOX5AP	0.5	B
SPI1	AMPD3	0.5	B
SPI1	ANK3	0.5	B
SPI1	ANKRD11	0.5	B
SPI1	ANO10	0.5	B
SPI1	ADRB2	0.5	B
SPI1	ARAP1	0.5	B
SPI1	ARHGAP22	0.5	B
SPI1	ARHGAP24	0.5	B
SPI1	ARHGAP25	0.5	B
SPI1	ARHGAP26	0.5	B
SPI1	ARHGEF3	0.5	B
SPI1	ARID5B	0.5	B
ESR2	ZBTB40	0.5	B
SPI1	ASAP1	0.5	B
SPI1	ATP6V0D1	0.5	B
SPI1	ATP8B4	0.5	B
SPI1	ARHGAP15	0.5	B
SPI1	ATXN1	0.5	B
SPI1	ADD3	0.5	B
SPI1	ADAP2	0.5	B
SOX2	ZFPM2	0.5	B
SOX2	ZMIZ1	0.5	B
SOX2	ZNF385B	0.5	B
SOX2	ZNF407	0.5	B
SOX2	ZNF536	0.5	B
SOX6	CPED1	0.5	B
TAL1	SOX6	0.5	B
ZNF263	HPCAL1	0.5	B
SP1	CPS1	0.5	B
SP1	HOOK2	0.5	B
SPI1	ADCY7	0.5	B
SP1	ITGB1	0.5	B
SP1	KCNMA1	0.5	B
SP1	MXI1	0.5	B
SP1	RUNX1	0.5	B
SP1	TBC1D14	0.5	B
ZNF263	HK1	0.5	B
SP2	RFX1	0.5	B
SP2	ZNF213	0.5	B
SP4	RNF38	0.5	B
SP4	ZNF131	0.5	B
SPI1	AAK1	0.5	B
SP1	JUP	0.5	B
SOX2	ZFAND3	0.5	B
SPI1	AUTS2	0.5	B
SPI1	BCAR3	0.5	B
ZNF263	HDAC4	0.5	B
SPI1	CRYBG1	0.5	B
SPI1	CTIF	0.5	B
SPI1	CUEDC1	0.5	B
SPI1	CUX1	0.5	B
SPI1	CUX2	0.5	B
ZNF263	GSN	0.5	B
SPI1	CYRIA	0.5	B
SPI1	CYRIB	0.5	B
SPI1	CYTH1	0.5	B
SPI1	CREB5	0.5	B
SPI1	CYTH4	0.5	B
SPI1	DAAM1	0.5	B
SPI1	DAPK1	0.5	B
SPI1	DENND3	0.5	B
SPI1	DGKG	0.5	B
SPI1	DHRS9	0.5	B
SPI1	DMXL2	0.5	B
SPI1	DNAJB12	0.5	B
SPI1	DNM2	0.5	B
SPI1	DOCK10	0.5	B
SPI1	DOCK2	0.5	B
SPI1	CYTIP	0.5	B
SPI1	BAZ2B	0.5	B
SPI1	CREB1	0.5	B
SPI1	CORO1A	0.5	B
SPI1	BCL2A1	0.5	B
SPI1	BCOR	0.5	B
SPI1	CAMK2D	0.5	B
SPI1	CAP1	0.5	B
SPI1	CAPZB	0.5	B
SPI1	CBLB	0.5	B
SPI1	CCDC88C	0.5	B
SPI1	CD180	0.5	B
SPI1	CD37	0.5	B
ZNF263	HDAC5	0.5	B
SPI1	CORO1C	0.5	B
SPI1	CD82	0.5	B
SPI1	CDC42EP3	0.5	B
SPI1	CDK5RAP2	0.5	B
SPI1	CDYL	0.5	B
SPI1	CEMIP2	0.5	B
SPI1	CHD9	0.5	B
SPI1	CHN2	0.5	B
SPI1	CHST11	0.5	B
SPI1	CHST15	0.5	B
SPI1	CMKLR1	0.5	B
SPI1	COLGALT2	0.5	B
SPI1	CD84	0.5	B
SOX2	NAV3	0.5	B
SOX2	ZEB2	0.5	B
SOX2	ZBTB20	0.5	B
SOX2	PLCL1	0.5	B
SOX2	PLXNA2	0.5	B
SOX2	PMP2	0.5	B
SOX2	POLR3B	0.5	B
SOX2	PPARGC1A	0.5	B
SOX2	PRDM5	0.5	B
SOX2	PRKG1	0.5	B
SOX2	PRR16	0.5	B
SOX2	PRUNE2	0.5	B
SOX2	PTPRD	0.5	B
SOX2	PLCB4	0.5	B
SOX2	PTPRM	0.5	B
SOX2	RAD51B	0.5	B
SOX2	RALGAPA2	0.5	B
SOX2	RANBP17	0.5	B
SOX2	RAPGEF2	0.5	B
SOX2	RBMS3	0.5	B
SOX2	RERE	0.5	B
SOX2	ROBO1	0.5	B
SOX2	ROBO2	0.5	B
SOX2	RORB	0.5	B
SOX2	RPS6KC1	0.5	B
SOX2	RABGAP1L	0.5	B
SOX2	RYR3	0.5	B
SOX2	PLCB1	0.5	B
SOX2	PHLPP1	0.5	B
SOX2	NEDD4L	0.5	B
SOX2	NLGN1	0.5	B
SOX2	NPAS3	0.5	B
SOX2	NRG1	0.5	B
SOX2	NRP2	0.5	B
SOX2	NRXN1	0.5	B
SOX2	NRXN3	0.5	B
SOX2	NTM	0.5	B
SOX2	NTNG1	0.5	B
SOX2	OFCC1	0.5	B
SOX2	PIEZO2	0.5	B
SOX2	OLA1	0.5	B
SOX2	PACRG	0.5	B
SOX2	PALLD	0.5	B
SOX2	PAM	0.5	B
SOX2	PARD3B	0.5	B
SOX2	PBX3	0.5	B
SOX2	PCLO	0.5	B
SOX2	PDE4B	0.5	B
SOX2	PDE4D	0.5	B
SOX2	PDLIM5	0.5	B
SOX2	PHACTR1	0.5	B
SOX2	OPCML	0.5	B
SOX2	ZCCHC7	0.5	B
SOX2	RUNX1	0.5	B
SOX2	SAMD12	0.5	B
SOX2	TENM4	0.5	B
SOX2	THADA	0.5	B
SOX2	THSD7A	0.5	B
SOX2	THSD7B	0.5	B
SOX2	TLE4	0.5	B
SOX2	TLK1	0.5	B
SOX2	TMTC2	0.5	B
SOX2	TNS3	0.5	B
SOX2	TRAPPC9	0.5	B
SOX2	TRIM2	0.5	B
SOX2	TENM3	0.5	B
SOX2	TRIO	0.5	B
SOX2	TRPC4	0.5	B
SOX2	TRPM3	0.5	B
SOX2	TRPS1	0.5	B
SOX2	TTC28	0.5	B
SOX2	VGLL4	0.5	B
SOX2	VMP1	0.5	B
SOX2	VPS13B	0.5	B
SOX2	VPS13D	0.5	B
SOX2	WDFY3	0.5	B
SOX2	XPR1	0.5	B
SOX2	TRIP12	0.5	B
SOX2	RYR2	0.5	B
SOX2	TEAD1	0.5	B
SOX2	SYT1	0.5	B
SOX2	SBF2	0.5	B
SOX2	SDC2	0.5	B
SOX2	SDK1	0.5	B
SOX2	SEMA3A	0.5	B
SOX2	SEMA3C	0.5	B
SOX2	SEMA3D	0.5	B
SOX2	SHANK2	0.5	B
SOX2	SIPA1L2	0.5	B
SOX2	SKAP2	0.5	B
SOX2	SLC22A23	0.5	B
SOX2	TBCK	0.5	B
SOX2	SLC44A3	0.5	B
SOX2	SLCO3A1	0.5	B
SOX2	SLIT3	0.5	B
SOX2	SORBS1	0.5	B
SOX2	SORBS2	0.5	B
SOX2	SORCS1	0.5	B
SOX2	SOX5	0.5	B
SOX2	SOX6	0.5	B
SOX2	SPAG9	0.5	B
SOX2	SPOCK1	0.5	B
SOX2	STXBP6	0.5	B
SOX2	SLC8A1	0.5	B
SPI1	BMAL1	0.5	B
HIF1A	VGLL4	0.5	B
AR	TPRG1	0.5	B
EGR1	PATZ1	0.5	B
EGR1	PARD6B	0.5	B
ARNT	ANGPT1	0.5	B
EGR1	PACSIN2	0.5	B
EGR1	P3H3	0.5	B
CUX1	EEF2	0.5	B
EPAS1	CUX1	0.5	B
FOXA1	CUX1	0.5	B
EGR1	OLFM2	0.5	B
EGR1	OAZ1	0.5	B
EGR1	NUMBL	0.5	B
EGR1	PC	0.5	B
EGR1	NTMT1	0.5	B
EGR1	NRARP	0.5	B
RUNX1	CUX1	0.5	B
EGR1	NR4A2	0.5	B
EGR1	NPAS1	0.5	B
EGR1	NOTCH3	0.5	B
EGR1	NOL4L	0.5	B
EGR1	NINJ1	0.5	B
EGR1	NFYA	0.5	B
CREM	GPCPD1	0.5	B
EGR1	NFKB2	0.5	B
EGR1	NFIC	0.5	B
CREM	PDE4A	0.5	B
EGR1	PCBP1	0.5	B
EGR1	PDE4A	0.5	B
EGR1	PDE8A	0.5	B
CTCF	ZNF185	0.5	B
CTCF	ZNF329	0.5	B
CTCF	ZNF365	0.5	B
CTCF	ZNF398	0.5	B
EGR1	PPP1R18	0.5	B
CTCF	ZNF407	0.5	B
CTCF	ZNF423	0.5	B
MYB	PDCD4	0.5	B
EGR1	PPM1B	0.5	B
EGR1	PPFIA3	0.5	B
CTCF	ABCA13	0.5	B
EGR1	PNPLA6	0.5	B
EGR1	PNKD	0.5	B
EGR1	PLXNB2	0.5	B
EGR1	PLEKHG5	0.5	B
EGR1	PLEC	0.5	B
EGR1	PKMYT1	0.5	B
EGR1	PKM	0.5	B
EGR1	PISD	0.5	B
EGR1	PIEZO1	0.5	B
EGR1	PHLDB1	0.5	B
EGR1	PHF21A	0.5	B
EGR1	PHF19	0.5	B
EGR1	PFKFB3	0.5	B
EGR1	PDXK	0.5	B
EGR1	NFIB	0.5	B
EGR1	NFIA	0.5	B
EGR1	NFE2L2	0.5	B
EGR1	NFATC1	0.5	B
EGR1	MED15	0.5	B
EGR1	MDGA1	0.5	B
EGR1	MCRIP1	0.5	B
CREB1	SLC9A1	0.5	B
EGR1	MCF2L2	0.5	B
CREB1	RUNX1	0.5	B
EGR1	MAP3K6	0.5	B
EGR1	MAP3K14	0.5	B
EGR1	MAP3K11	0.5	B
EGR1	MAP1LC3B	0.5	B
CREB1	LYN	0.5	B
EGR1	MAD1L1	0.5	B
CREB1	KCNN3	0.5	B
EGR1	MACF1	0.5	B
EGR1	LY6E	0.5	B
EGR1	LTBP4	0.5	B
EGR1	LTBP3	0.5	B
EGR1	LSS	0.5	B
EGR1	LSR	0.5	B
CREB1	CD74	0.5	B
EGR1	LRRC8A	0.5	B
EGR1	LRRC14	0.5	B
EGR1	LMO4	0.5	B
EGR1	LMNA	0.5	B
EGR1	LIG1	0.5	B
EGR1	MEF2D	0.5	B
AR	ZNF407	0.5	B
E2F1	AP2A1	0.5	B
EGR1	MEX3B	0.5	B
EGR1	NEURL1	0.5	B
EGR1	NEDD4L	0.5	B
EGR1	NDUFA4L2	0.5	B
EGR1	NDST1	0.5	B
EGR1	NCOR2	0.5	B
CREB3L1	VEGFA	0.5	B
EGR1	NADK	0.5	B
EGR1	MYO1C	0.5	B
CREB3	PRPF31	0.5	B
CREB3	HM13	0.5	B
EGR1	MROH1	0.5	B
EGR1	MRC2	0.5	B
EGR1	MOV10	0.5	B
EGR1	MNT	0.5	B
EGR1	MKNK2	0.5	B
EGR1	MIDN	0.5	B
EGR1	MIDEAS	0.5	B
EGR1	MICAL3	0.5	B
E2F1	ACAP3	0.5	B
E2F1	AFF1	0.5	B
EGR1	MGRN1	0.5	B
E2F1	ANAPC5	0.5	B
E2F1	ANO10	0.5	B
E2F1	ANXA2	0.5	B
EGR1	MEX3C	0.5	B
E2F1	ANXA2R	0.5	B
EGR1	LFNG	0.5	B
CTCF	ZMIZ1	0.5	B
AR	ZMIZ1	0.5	B
CTCF	TFEB	0.5	B
FOS	STAT3	0.5	B
CTCF	THADA	0.5	B
CTCF	THSD4	0.5	B
AR	CUX2	0.5	B
CTCF	TIAM1	0.5	B
CTCF	TIAM2	0.5	B
AR	DLG2	0.5	B
CTCF	TIPRL	0.5	B
CTCF	TLE3	0.5	B
CTCF	TLL2	0.5	B
CTCF	TENM4	0.5	B
CTCF	TLN2	0.5	B
CTCF	TMEM132B	0.5	B
CTCF	TMEM163	0.5	B
CTCF	TMEM260	0.5	B
CTCF	TNR	0.5	B
AR	ITPR2	0.5	B
AR	ITSN1	0.5	B
CTCF	TNS1	0.5	B
CTCF	TNS3	0.5	B
CTCF	TOM1L2	0.5	B
EGR1	RALGDS	0.5	B
EGR1	RAI1	0.5	B
CTCF	TMEM131L	0.5	B
CTCF	TDRD7	0.5	B
CTCF	TCF7L1	0.5	B
MYC	SMAD3	0.5	B
CTCF	ST3GAL1	0.5	B
EGR1	RARG	0.5	B
EGR1	RARA	0.5	B
EGR1	RAPGEFL1	0.5	B
CTCF	STAG1	0.5	B
CTCF	STK10	0.5	B
CTCF	STK11	0.5	B
CTCF	STK39	0.5	B
CTCF	ABCA4	0.5	B
CTCF	SULF1	0.5	B
CTCF	SULF2	0.5	B
CTCF	SV2B	0.5	B
CTCF	SVIL	0.5	B
CTCF	SYN3	0.5	B
CTCF	SYNE1	0.5	B
CTCF	SYNE2	0.5	B
CTCF	TACC1	0.5	B
CTCF	TACC2	0.5	B
CTCF	TACC3	0.5	B
EGR1	RAP1GAP	0.5	B
CTCF	TAFA5	0.5	B
AHR	VGLL4	0.5	B
CTCF	TBC1D1	0.5	B
AR	AKAP13	0.5	B
CTCF	TCF4	0.5	B
CTCF	TOX2	0.5	B
EGR1	RAD23B	0.5	B
EGR1	RAB40C	0.5	B
CTCF	TPD52	0.5	B
EGR1	PRKCD	0.5	B
AR	PRLR	0.5	B
CTCF	VAV2	0.5	B
EGR1	PRDM15	0.5	B
AR	RUNX1	0.5	B
CTCF	VGLL4	0.5	B
SP1	GRIN1	0.5	B
CTCF	VPS13D	0.5	B
AR	SPIDR	0.5	B
CTCF	WFS1	0.5	B
CTCF	WIPF1	0.5	B
AR	ST3GAL1	0.5	B
CTCF	WIPF2	0.5	B
CTCF	WNK2	0.5	B
CTCF	WNT5B	0.5	B
CTCF	WWC1	0.5	B
CTCF	XXYLT1	0.5	B
EGR1	PPP1R9B	0.5	B
AR	TG	0.5	B
CTCF	XYLT1	0.5	B
CTCF	ZBTB16	0.5	B
CEBPA	C8B	0.5	B
CTCF	ZBTB20	0.5	B
EGR1	PPP1R37	0.5	B
CTCF	ZBTB7C	0.5	B
CTCF	USP7	0.5	B
CTCF	ZFAT	0.5	B
EGR1	PRKCZ	0.5	B
EGR1	PRPSAP1	0.5	B
CTCF	TPRG1	0.5	B
EGR1	RAB11A	0.5	B
AR	KDM4B	0.5	B
EGR1	PTPRE	0.5	B
EGR1	PTP4A2	0.5	B
EGR1	PTOV1	0.5	B
CTCF	TRAPPC9	0.5	B
AR	LARS2	0.5	B
CTCF	TRIM2	0.5	B
CTCF	TRIO	0.5	B
EGR1	BCR	0.5	B
CTCF	TRPC6	0.5	B
CTCF	TSPAN14	0.5	B
EGR1	PTMA	0.5	B
EGR1	PTK2B	0.5	B
EGR1	PTCH1	0.5	B
CTCF	TSPAN18	0.5	B
EGR1	PSD	0.5	B
CTCF	TTC7A	0.5	B
CTCF	TTLL5	0.5	B
ETS1	SERPINE1	0.5	B
CTCF	UBASH3B	0.5	B
EGR1	PRRC2B	0.5	B
AR	MYLK	0.5	B
AR	NEDD9	0.5	B
AR	NFIB	0.5	B
CTCF	ST18	0.5	B
ATF1	BRCA1	0.5	B
E2F1	APOLD1	0.5	B
ATF4	MTHFD1L	0.5	B
E2F1	BFSP1	0.5	B
EGR1	COLGALT1	0.5	B
EGR1	CLIP2	0.5	B
EGR1	CLEC16A	0.5	B
EGR1	CLASP1	0.5	B
EGR1	CIRBP	0.5	B
EGR1	CIC	0.5	B
EGR1	CHRM4	0.5	B
EGR1	CHRAC1	0.5	B
EGR1	CHFR	0.5	B
EGR1	CPLX2	0.5	B
EGR1	CHD9	0.5	B
EGR1	CHD2	0.5	B
EGR1	CFL1	0.5	B
EGR1	CDK19	0.5	B
EGR1	CDC42EP4	0.5	B
EGR1	CDC42BPB	0.5	B
ATF4	PCK2	0.5	B
EGR1	CBX8	0.5	B
EGR1	CBX4	0.5	B
EGR1	CBFA2T3	0.5	B
EGR1	CASZ1	0.5	B
EGR1	CARS2	0.5	B
EGR1	CHD4	0.5	B
EGR1	CPNE7	0.5	B
SP1	SMAD7	0.5	B
EGR1	CREB5	0.5	B
EGR1	DNM1	0.5	B
EGR1	DNAJC22	0.5	B
EGR1	DNAJB12	0.5	B
EGR1	DLGAP4	0.5	B
EGR1	DLG4	0.5	B
EGR1	DHX30	0.5	B
EGR1	DGKZ	0.5	B
EGR1	DGKH	0.5	B
EGR1	DENND1A	0.5	B
EGR1	DDX5	0.5	B
EGR1	DDX3X	0.5	B
E2F1	B9D1	0.5	B
EGR1	DBN1	0.5	B
EGR1	DAB2IP	0.5	B
E2F1	BCOR	0.5	B
EGR1	CXXC5	0.5	B
EGR1	CUX1	0.5	B
EGR1	CUEDC1	0.5	B
EGR1	CTDSP2	0.5	B
EGR1	CTDSP1	0.5	B
EGR1	CTBP1	0.5	B
EGR1	CRYBG1	0.5	B
EGR1	CRTC1	0.5	B
ATF4	MARS1	0.5	B
EGR1	CRIP2	0.5	B
EGR1	CARM1	0.5	B
EGR1	CAMSAP1	0.5	B
EGR1	CAMK2B	0.5	B
EGR1	CA11	0.5	B
EGR1	ARHGEF17	0.5	B
EGR1	ARHGEF1	0.5	B
EGR1	ARHGAP45	0.5	B
EGR1	ARHGAP26	0.5	B
CEBPA	ZNF385B	0.5	B
EGR1	APC2	0.5	B
EGR1	AP3D1	0.5	B
CEBPA	ZMYND8	0.5	B
EGR1	ANP32B	0.5	B
CEBPA	ZMIZ1	0.5	B
EGR1	ANKRD11	0.5	B
CEBPA	ZFP36L2	0.5	B
CEBPA	ZFAT	0.5	B
CEBPA	ZBTB38	0.5	B
EGR1	AIDA	0.5	B
EGR1	AHRR	0.5	B
EGR1	AHNAK	0.5	B
EGR1	AHDC1	0.5	B
EGR1	AGRN	0.5	B
EGR1	AGPAT3	0.5	B
EGR1	AGAP3	0.5	B
EGR1	ADGRV1	0.5	B
EGR1	ADAR	0.5	B
EGR1	ACTN1	0.5	B
EGR1	ACTG1	0.5	B
EGR1	ARHGEF2	0.5	B
EGR1	DNMT3A	0.5	B
EGR1	ARID1A	0.5	B
EGR1	ARID3A	0.5	B
E2F1	BICRAL	0.5	B
EGR1	C11orf96	0.5	B
EGR1	BTBD2	0.5	B
EGR1	BSG	0.5	B
EGR1	BRD4	0.5	B
EGR1	BRD2	0.5	B
EGR1	BICRAL	0.5	B
EGR1	BHLHE40	0.5	B
EGR1	BCOR	0.5	B
EGR1	BBC3	0.5	B
EGR1	BAIAP3	0.5	B
EGR1	BAIAP2	0.5	B
EGR1	BAHD1	0.5	B
EGR1	BAHCC1	0.5	B
EGR1	BAG6	0.5	B
CEBPB	DLC1	0.5	B
EGR1	AXIN2	0.5	B
EGR1	ATP1A1	0.5	B
EGR1	ATAD2	0.5	B
EGR1	ASPSCR1	0.5	B
CEBPA	ZNRF3	0.5	B
EGR1	ARVCF	0.5	B
EGR1	ARSG	0.5	B
EGR1	ARRDC2	0.5	B
EGR1	ARPC5L	0.5	B
EGR1	ARID1B	0.5	B
EGR1	LASP1	0.5	B
EGR1	DOT1L	0.5	B
EGR1	DUSP22	0.5	B
EGR1	JUP	0.5	B
EGR1	JSRP1	0.5	B
CEBPD	NFIL3	0.5	B
EGR1	JARID2	0.5	B
EGR1	JADE2	0.5	B
E2F1	ARPC5L	0.5	B
EGR1	ITPK1	0.5	B
E2F1	ARRDC3	0.5	B
CEBPD	GRAMD1A	0.5	B
EGR1	ITGB2	0.5	B
EGR1	IRF1	0.5	B
EGR1	KCNAB2	0.5	B
EGR1	IQSEC1	0.5	B
EGR1	INPPL1	0.5	B
EGR1	INKA2	0.5	B
EGR1	ING5	0.5	B
EGR1	ING2	0.5	B
EGR1	IGF2BP3	0.5	B
EGR1	IFT140	0.5	B
EGR1	IER2	0.5	B
EGR1	HSP90AB1	0.5	B
EGR1	HPCAL1	0.5	B
EGR1	HOOK2	0.5	B
EGR1	HNRNPUL1	0.5	B
EGR1	INSR	0.5	B
EGR1	KCNC3	0.5	B
EGR1	KCNH2	0.5	B
EGR1	KCNIP2	0.5	B
ATF1	GOLPH3	0.5	B
ATF1	IPO11	0.5	B
NR1H3	FASN	0.5	B
E2F1	ARID1A	0.5	B
E2F1	ARID1B	0.5	B
ATF1	STAT3	0.5	B
ATF1	TEAD1	0.5	B
ATF1	TFRC	0.5	B
EGR1	KPNB1	0.5	B
ATF1	TSPAN31	0.5	B
ATF1	UBE2D3	0.5	B
EGR1	KLHL21	0.5	B
EGR1	KLF9	0.5	B
EGR1	KLF2	0.5	B
EGR1	KLF16	0.5	B
EGR1	KLF13	0.5	B
EGR1	KLF10	0.5	B
EGR1	KLC1	0.5	B
EGR1	NHSL3	0.5	B
EGR1	KDM6B	0.5	B
EGR1	KDM4B	0.5	B
ATF1	ZNF184	0.5	B
EGR1	KDM2B	0.5	B
EGR1	KDM2A	0.5	B
EGR1	KCNN1	0.5	B
EGR1	HNRNPL	0.5	B
EGR1	HNRNPF	0.5	B
EGR1	HMGA1	0.5	B
E2F1	ATG16L2	0.5	B
ATF3	STAT3	0.5	B
EGR1	FAAP20	0.5	B
EGR1	EXOC6	0.5	B
EGR1	EXD3	0.5	B
EGR1	EVI5L	0.5	B
EGR1	ETV4	0.5	B
EGR1	ERICH1	0.5	B
EGR1	ERGIC1	0.5	B
EGR1	ERF	0.5	B
ATF4	AARS1	0.5	B
EGR1	ERCC1	0.5	B
EGR1	EPHA2	0.5	B
EGR1	EPAS1	0.5	B
EGR1	ELL	0.5	B
EGR1	ELF2	0.5	B
EGR1	ELF1	0.5	B
EGR1	EHMT1	0.5	B
EGR1	EHD1	0.5	B
EGR1	EHBP1L1	0.5	B
EGR1	EFNA3	0.5	B
ATF4	CEBPG	0.5	B
EGR1	EEF1A1	0.5	B
EGR1	ECE1	0.5	B
ATF4	DCUN1D5	0.5	B
ATF4	DXO	0.5	B
EGR1	FAM117A	0.5	B
CEBPB	SMAD3	0.5	B
EGR1	FAM118A	0.5	B
EGR1	FAM222B	0.5	B
EGR1	HIVEP2	0.5	B
EGR1	HIVEP1	0.5	B
EGR1	HIP1R	0.5	B
EGR1	HES3	0.5	B
EGR1	HDAC4	0.5	B
EGR1	HDAC11	0.5	B
EGR1	HBP1	0.5	B
EGR1	GTF2I	0.5	B
EGR1	GSE1	0.5	B
EGR1	GRK6	0.5	B
EGR1	GPX4	0.5	B
EGR1	GPR153	0.5	B
EGR1	GIPR	0.5	B
E2F1	ATOX1	0.5	B
EGR1	GGA1	0.5	B
EGR1	GATAD2A	0.5	B
EGR1	GATA2	0.5	B
EGR1	FSCN1	0.5	B
EGR1	FOXK1	0.5	B
EGR1	FKBP5	0.5	B
EGR1	FKBP2	0.5	B
EGR1	FGFRL1	0.5	B
EGR1	FCHO1	0.5	B
EGR1	FBXO31	0.5	B
EGR1	FBRSL1	0.5	B
EGR1	FAM13A	0.5	B
CEBPA	ZBTB20	0.5	B
CTCF	SRPK2	0.5	B
CTCF	SRC	0.5	B
GATA3	RBPJ	0.5	B
SPI1	RBPJ	0.5	B
CREB1	STAT3	0.5	B
RUNX1	TIMP1	0.5	B
SREBF2	FASN	0.5	B
RUNX1	CCND3	0.5	B
USF1	BHLHE40	0.5	B
TP53	PHLDA3	0.5	B
STAT1	LGALS3	0.5	B
CTCF	PRKCH	0.5	B
NFYA	PNRC2	0.5	B
CEBPA	RBPJ	0.5	B
CTCF	PRKCZ	0.5	B
GATA2	TAL1	0.5	B
GATA1	TAL1	0.5	B
STAT2	EIF2AK2	0.5	B
SMAD4	GADD45B	0.5	B
EGR1	UBC	0.5	B
USF1	IGF2R	0.5	B
E2F4	RRM2	-0.5	B
GATA3	RUNX1	0.5	B
SPI1	CDK6	0.5	B
CTCF	PRRC2B	0.5	B
CTCF	ADGRV1	0.5	B
E2F1	IGF1R	0.5	B
CEBPA	ZBTB16	0.5	B
YY1	SMAD7	0.5	B
YY1	GNAS	0.5	B
CTCF	ANK3	0.5	B
ELK1	CHERP	0.5	B
CTCF	AMPD3	0.5	B
ETS1	CDH5	0.5	B
CTCF	ALK	0.5	B
CTCF	ALDH1A2	0.5	B
CTCF	ALAD	0.5	B
CTCF	AKAP1	0.5	B
ELK1	ARHGAP1	0.5	B
CTCF	AHRR	0.5	B
ELK1	ACTG1	0.5	B
TCF4	CD44	0.5	B
TCF7L2	WWC1	0.5	B
RUNX1	TLE3	0.5	B
CTCF	AHDC1	0.5	B
TP53	SMAD3	0.5	B
SP1	DPYSL2	0.5	B
E2F4	TRIM28	0.5	B
HHEX	TLE1	0.5	B
SP1	DDIT4	0.5	B
CTCF	AGAP3	0.5	B
CTCF	PRKCE	0.5	B
CTCF	AGAP1	0.5	B
CTCF	AFAP1	0.5	B
KLF6	IGF1R	0.5	B
ELF3	ITGB6	0.5	B
IRF1	NOD1	0.5	B
FOS	PRKCE	0.5	B
TP53	TRAF4	0.5	B
E2F1	EZH2	0.5	B
CTCF	PTK2B	0.5	B
HIF1A	CREBBP	0.5	B
EGR1	EGR3	0.5	B
ERG	AR	-0.5	B
PPARG	SMAD3	0.5	B
TAL1	FLI1	0.5	B
GATA2	FLI1	0.5	B
FOS	MRTFA	0.5	B
CTCF	ADGRB1	0.5	B
CTCF	PTMA	0.5	B
CTCF	ADCY5	0.5	B
CTCF	PTPN3	0.5	B
HIF1A	ANGPT1	-0.5	B
RUNX1	IKZF1	0.5	B
EPAS1	HIF1A	0.5	B
MITF	SMAD3	-0.5	B
PPARG	AQP7	0.5	B
TP53	RBPJ	0.5	B
RELB	BCL2	0.5	B
ESR1	RXRA	0.5	B
FOS	SMAD3	0.5	B
ESR1	SMAD3	0.5	B
SRF	ACTG1	0.5	B
CEBPA	STAT5A	0.5	B
CTCF	GRB10	0.5	B
CTCF	ANKRD11	0.5	B
CREB1	PDE4D	0.5	B
CEBPA	ARID5B	0.5	B
RUNX1	TRPS1	0.5	B
SPI1	MBP	0.5	B
PAX6	MITF	0.5	B
SP1	SQSTM1	0.5	B
SP1	ETS1	0.5	B
CTCF	PSD3	0.5	B
SPI1	ALDH1A2	0.5	B
ETS1	NR4A1	0.5	B
MITF	ZEB2	0.5	B
FOS	FOXO3	0.5	B
NR2C2	NR2C1	0.5	B
KDM5B	DNAJB12	0.5	B
CTCF	PSMB7	0.5	B
TCF7L2	TGIF1	0.5	B
ATF4	CARS1	0.5	B
MYC	SLC2A1	0.5	B
TP53	ANKRD11	0.5	B
CEBPA	FTO	0.5	B
TAL1	MEF2C	0.5	B
ESR1	KDM4B	0.5	B
TAL1	ARID5B	0.5	B
GATA3	ARID5B	0.5	B
RUNX1	ARID5B	0.5	B
HSF1	HSPA6	0.5	B
STAT1	CXCL11	0.5	B
CEBPA	PTK2	0.5	B
TP53	EPHB4	-0.5	B
CTCF	ANKS1B	0.5	B
CTCF	ANO2	0.5	B
CTCF	CTIF	0.5	B
CTCF	CSMD2	0.5	B
CTCF	CSMD1	0.5	B
CTCF	CSK	0.5	B
CTCF	CSGALNACT1	0.5	B
CTCF	CREB5	0.5	B
BCL6	FOXO3	0.5	B
CTCF	CREB3L1	0.5	B
CTCF	CPNE4	0.5	B
CTCF	CORO2B	0.5	B
CTCF	COL5A1	0.5	B
CTCF	CTNNA1	0.5	B
CTCF	COL22A1	0.5	B
CTCF	PRKAG2	0.5	B
CTCF	COL13A1	0.5	B
CTCF	COIL	0.5	B
CTCF	COBL	0.5	B
CTCF	CNTNAP2	0.5	B
CTCF	CLYBL	0.5	B
CTCF	CLIP2	0.5	B
CTCF	CLEC16A	0.5	B
CTCF	CHD5	0.5	B
CTCF	CHD2	0.5	B
CTCF	CHCHD6	0.5	B
CTCF	COL16A1	0.5	B
CTCF	CTNND2	0.5	B
CTCF	CUEDC1	0.5	B
CTCF	CUX1	0.5	B
CTCF	DPP6	0.5	B
SP1	NR4A1	0.5	B
EGR1	GADD45B	0.5	B
SP1	SLC7A5	0.5	B
SP1	ST6GAL1	0.5	B
RARA	VEGFA	-0.5	B
CTCF	DOCK4	0.5	B
CTCF	DNMBP	0.5	B
CTCF	PRICKLE2	0.5	B
CTCF	DNAJB12	0.5	B
CTCF	DLGAP4	0.5	B
CTCF	DLGAP1	0.5	B
CTCF	DLG2	0.5	B
CTCF	DIS3L2	0.5	B
CTCF	DIAPH1	0.5	B
SRF	MYL9	0.5	B
CTCF	DGKG	0.5	B
CTCF	DGKD	0.5	B
CTCF	DENND3	0.5	B
CTCF	DCTPP1	0.5	B
CTCF	DCHS2	0.5	B
CTCF	DCDC1	0.5	B
CTCF	DAPK1	0.5	B
CTCF	DAB2IP	0.5	B
CTCF	CYFIP2	0.5	B
CTCF	CFAP46	0.5	B
CTCF	PRKCB	0.5	B
CTCF	CELF4	0.5	B
CTCF	CDYL	0.5	B
CTCF	BCAR3	0.5	B
STAT3	EPAS1	0.5	B
CTCF	BBX	0.5	B
CTCF	BANP	0.5	B
CTCF	AUTS2	0.5	B
CTCF	ATRNL1	0.5	B
CTCF	ATP8B4	0.5	B
CTCF	ATP8B3	0.5	B
CTCF	ATP2B2	0.5	B
CTCF	ASAP1	0.5	B
CTCF	BMAL1	0.5	B
CTCF	ARL8B	0.5	B
CTCF	ARID5B	0.5	B
CTCF	ARID1B	0.5	B
CTCF	ARHGEF3	0.5	B
CTCF	ARHGEF17	0.5	B
CTCF	ARHGEF10L	0.5	B
CTCF	ARHGEF1	0.5	B
CTCF	ARHGAP26	0.5	B
CTCF	ARHGAP22	0.5	B
CTCF	ARHGAP15	0.5	B
CTCF	ARHGAP10	0.5	B
CTCF	APBB2	0.5	B
CTCF	APBA2	0.5	B
ELK1	EGR2	0.5	B
CTCF	BCL11A	0.5	B
CTCF	ANO10	0.5	B
CTCF	BCR	0.5	B
CTCF	BMPER	0.5	B
TAL1	FLT1	0.5	B
CTCF	CDK5RAP2	0.5	B
CTCF	CDH4	0.5	B
CTCF	CDH23	0.5	B
CTCF	CDC37	0.5	B
CTCF	CD276	0.5	B
CTCF	CCDC88C	0.5	B
ELK1	ZNF787	0.5	B
CTCF	CASZ1	0.5	B
CTCF	CARS2	0.5	B
CTCF	CAPN5	0.5	B
CTCF	CAPN2	0.5	B
STAT2	STAT1	0.5	B
CTCF	CAMK2B	0.5	B
CTCF	CADPS	0.5	B
CTCF	CACNB4	0.5	B
CTCF	CACNA1D	0.5	B
E2F1	HES1	0.5	B
CTCF	CACNA1C	0.5	B
TP63	SERPINB5	0.5	B
CTCF	CACNA1A	0.5	B
CTCF	CABIN1	0.5	B
ELK1	PSMD12	0.5	B
CTCF	BRF1	0.5	B
CTCF	BRD4	0.5	B
CTCF	BDNF	0.5	B
CTCF	SRGAP3	0.5	B
TP53	KITLG	0.5	B
JUN	ERCC1	0.5	B
EGR1	SLC16A3	0.5	B
CTCF	ROR2	0.5	B
CTCF	ACAP3	0.5	B
EGR1	SKIL	0.5	B
EGR1	SKIDA1	0.5	B
EGR1	SKI	0.5	B
EGR1	SIPA1	0.5	B
CTCF	RP1	0.5	B
EGR1	SIN3A	0.5	B
CTCF	RPL3	0.5	B
EGR1	SIAH1	0.5	B
EGR1	SLC17A7	0.5	B
CTCF	ABR	0.5	B
EGR1	SH3BP2	0.5	B
EGR1	SH3BGRL3	0.5	B
EGR1	SH2B3	0.5	B
CTCF	RPS6KA2	0.5	B
CTCF	RPTOR	0.5	B
EGR1	SERTAD2	0.5	B
CTCF	RRBP1	0.5	B
EGR1	SEPTIN9	0.5	B
EGR1	SEPTIN11	0.5	B
EGR1	SEMA4B	0.5	B
CTCF	RYR3	0.5	B
EGR1	SH3BP5	0.5	B
CTCF	ROBO1	0.5	B
EGR1	SLC19A1	0.5	B
CTCF	RNF220	0.5	B
EGR1	SRGAP1	0.5	B
EGR1	SREBF2	0.5	B
EGR1	SRCIN1	0.5	B
CTCF	ACOT7	0.5	B
EGR1	SQSTM1	0.5	B
EGR1	SPTBN4	0.5	B
EGR1	SPTAN1	0.5	B
EGR1	SPRED2	0.5	B
CTCF	RDX	0.5	B
EGR1	SPHK1	0.5	B
EGR1	SPAG9	0.5	B
CTCF	RERE	0.5	B
EGR1	SP3	0.5	B
EGR1	SOX12	0.5	B
STAT3	ICAM1	0.5	B
CTCF	RGS9	0.5	B
EGR1	SOCS2	0.5	B
CTCF	RHCG	0.5	B
CTCF	RIN3	0.5	B
EGR1	SMAD3	0.5	B
EGR1	NHERF2	0.5	B
EGR1	SLC8A2	0.5	B
CTCF	RIPOR1	0.5	B
EGR1	SLC38A10	0.5	B
EGR1	SLC2A1	0.5	B
CTCF	SAMD4A	0.5	B
EGR1	SEC14L1	0.5	B
CTCF	SARDH	0.5	B
EGR1	SBNO2	0.5	B
EGR1	RERE	0.5	B
CTCF	SLC44A3	0.5	B
CTCF	SLC4A8	0.5	B
EGR1	RASSF5	0.5	B
CTCF	SLC6A6	0.5	B
EGR1	RASGRP2	0.5	B
CTCF	SLC9A1	0.5	B
CTCF	SLCO3A1	0.5	B
CTCF	SLIT1	0.5	B
CTCF	SMARCA2	0.5	B
CTCF	SMARCC2	0.5	B
CTCF	SMG6	0.5	B
CTCF	SMYD2	0.5	B
CTCF	SMYD3	0.5	B
CTCF	SNX18	0.5	B
CTCF	SORBS1	0.5	B
CTCF	SORCS1	0.5	B
CTCF	SORCS2	0.5	B
EGR1	RASA3	0.5	B
CTCF	SORL1	0.5	B
CTCF	SPEG	0.5	B
CTCF	SPIN1	0.5	B
CTCF	SPOCK1	0.5	B
CTCF	SPTB	0.5	B
CTCF	SPTBN4	0.5	B
EGR1	RFX2	0.5	B
EGR1	SRRM3	0.5	B
CTCF	SLC29A3	0.5	B
CTCF	SLC22A23	0.5	B
EGR1	SATB2	0.5	B
EGR1	SAMD4A	0.5	B
EGR1	SAMD11	0.5	B
CTCF	SCN5A	0.5	B
CTCF	SDK1	0.5	B
CTCF	SDK2	0.5	B
CTCF	SEC14L1	0.5	B
EGR1	RUNX1	0.5	B
EGR1	RUFY3	0.5	B
CTCF	SEMA4B	0.5	B
EGR1	RPS6KA2	0.5	B
CTCF	SEMA5B	0.5	B
EGR1	RPN1	0.5	B
CTCF	SEMA6B	0.5	B
EGR1	RNH1	0.5	B
CTCF	SEPTIN9	0.5	B
CTCF	SERGEF	0.5	B
CTCF	SEZ6L	0.5	B
EGR1	RNF220	0.5	B
CTCF	SH3KBP1	0.5	B
CTCF	SH3PXD2A	0.5	B
CTCF	SH3PXD2B	0.5	B
CTCF	SHANK2	0.5	B
EGR1	RHOF	0.5	B
CTCF	SIPA1L3	0.5	B
EGR1	RGS3	0.5	B
TP53	CALD1	0.5	B
CTCF	RBPJ	0.5	B
EGR1	SSBP3	0.5	B
EGR1	ZBTB7A	0.5	B
EGR1	ZBTB17	0.5	B
EGR1	ZBTB14	0.5	B
EGR1	YWHAZ	0.5	B
HNF4A	NR2F2	0.5	B
NFE2	TBXAS1	0.5	B
EGR1	XXYLT1	0.5	B
CTCF	PTPRE	0.5	B
EGR1	WNT10A	0.5	B
EGR1	WDR82	0.5	B
HNF4A	AXIN2	0.5	B
EGR1	ZBTB7B	0.5	B
EGR1	WBP4	0.5	B
HNF4A	ALDH2	-0.5	B
EGR1	VPS9D1	0.5	B
EGR1	VOPP1	0.5	B
EGR1	VASP	0.5	B
EGR1	USP39	0.5	B
EGR1	USP3	0.5	B
CREB1	BRCA1	0.5	B
EGR1	UNC13A	0.5	B
EGR1	UCKL1	0.5	B
EGR1	UBTF	0.5	B
AHR	ASAP1	0.5	B
MITF	CDH1	0.5	B
CREB1	PER1	0.5	B
SPI1	RARA	0.5	B
EGR1	ZCCHC2	0.5	B
EHF	KRT15	0.5	B
CEBPA	SMARCA2	0.5	B
CTCF	PTPN5	0.5	B
EGR1	ZSWIM6	0.5	B
EGR1	ZNF846	0.5	B
GATA2	ERG	0.5	B
E2F1	MECOM	0.5	B
SOX2	JAG1	0.5	B
EGR1	ZNF638	0.5	B
CTCF	ADARB1	0.5	B
GATA2	DIO2	0.5	B
MYB	RUNX1	-0.5	B
EGR1	ZNF423	0.5	B
EGR1	ZNF385A	0.5	B
STAT1	IFI27	0.5	B
SMAD4	ID1	0.5	B
EGR1	ZMIZ2	0.5	B
EGR1	ZMIZ1	0.5	B
EGR1	ZFYVE28	0.5	B
EGR1	ZFPM1	0.5	B
EGR1	ZFP36L1	0.5	B
EGR1	ZFP36	0.5	B
EGR1	ZFAND3	0.5	B
RELA	GADD45B	0.5	B
EGR1	ZCCHC24	0.5	B
CTCF	ADAMTS1	0.5	B
EGR1	TUBA1C	0.5	B
AHR	ERG	0.5	B
EGR1	TTYH3	0.5	B
EGR1	SYTL1	0.5	B
EGR1	SYT5	0.5	B
EGR1	SYNGAP1	0.5	B
CTCF	ACOXL	0.5	B
EGR1	SYNCRIP	0.5	B
CTCF	RABGAP1L	0.5	B
CTCF	RAD51B	0.5	B
EGR1	SUN2	0.5	B
CTCF	RAI1	0.5	B
CTCF	RALGPS1	0.5	B
CTCF	RAP1GAP2	0.5	B
CTCF	RAPGEF1	0.5	B
EGR1	STMN3	0.5	B
EGR1	STK32C	0.5	B
EGR1	STK11	0.5	B
EGR1	STK10	0.5	B
EGR1	STIM2	0.5	B
CTCF	RAPGEF4	0.5	B
CTCF	RASGEF1A	0.5	B
CTCF	RASGRF1	0.5	B
CTCF	RBFOX3	0.5	B
CTCF	RBM19	0.5	B
EGR1	ST3GAL2	0.5	B
EGR1	SSBP4	0.5	B
CTCF	RBMS1	0.5	B
EGR1	TBC1D14	0.5	B
EGR1	SS18L1	0.5	B
EGR1	TBC1D22A	0.5	B
EGR1	TCF3	0.5	B
EGR1	TTC3	0.5	B
EGR1	TSPOAP1	0.5	B
CTCF	ACTL8	0.5	B
CTCF	PTPRM	0.5	B
EGR1	TSGA10	0.5	B
EGR1	TSEN54	0.5	B
EGR1	TSC22D2	0.5	B
EGR1	TRIO	0.5	B
CTCF	PTPRS	0.5	B
EGR1	TRIM2	0.5	B
EGR1	TRIB3	0.5	B
CTCF	PXN	0.5	B
EGR1	TNS3	0.5	B
EGR1	TNFRSF18	0.5	B
EGR1	TMEM91	0.5	B
CTCF	RAB11FIP4	0.5	B
EGR1	TMC6	0.5	B
EGR1	TLE5	0.5	B
EGR1	TLE3	0.5	B
EGR1	TLE2	0.5	B
EGR1	TJP3	0.5	B
EGR1	TGIF1	0.5	B
EGR1	TFAP2A	0.5	B
EGR1	TENT5A	0.5	B
EGR1	TECR	0.5	B
EGR1	TBCD	0.5	B
EGR1	ACTB	0.5	B
CEBPA	YAP1	0.5	B
EGR1	ACAP3	0.5	B
E2F4	CCT5	0.5	B
E2F4	CCNG2	0.5	B
E2F4	CCNF	0.5	B
CEBPA	FBXW11	0.5	B
E2F4	CCNE2	0.5	B
E2F4	CCND3	0.5	B
CEBPA	FBXO38	0.5	B
CEBPA	FBXO27	0.5	B
E2F4	CBX3	0.5	B
HNF4A	RXRA	0.5	B
E2F4	CARS1	0.5	B
CEBPA	FCHSD2	0.5	B
E2F4	CAND1	0.5	B
CEBPA	FAM47E	0.5	B
E2F4	BRIP1	0.5	B
E2F4	BRD2	0.5	B
E2F4	BRCA2	0.5	B
E2F4	BHLHE40	0.5	B
E2F4	BCR	0.5	B
E2F4	BCOR	0.5	B
E2F4	BCL2L12	0.5	B
E2F4	BCL2L11	0.5	B
CEBPA	FAM13A	0.5	B
CEBPA	FAM107B	0.5	B
CEBPA	FARP1	0.5	B
E2F4	CDCA2	0.5	B
E2F4	CDCA5	0.5	B
CEBPA	FERMT2	0.5	B
CEBPA	FRY	0.5	B
CEBPA	FRMD4B	0.5	B
CEBPA	FOXP1	0.5	B
CEBPA	FOXO3	0.5	B
CEBPA	FOXN3	0.5	B
E2F1	FAM81A	0.5	B
CEBPA	FNIP2	0.5	B
E2F4	CLK3	0.5	B
CEBPA	FNDC3B	0.5	B
E2F4	CKAP5	0.5	B
E2F4	CIC	0.5	B
E2F4	CIT	0.5	B
CEBPA	FLNB	0.5	B
E2F4	CHD9	0.5	B
E2F4	CGGBP1	0.5	B
CEBPA	FILIP1L	0.5	B
E2F4	CEP57	0.5	B
CEBPA	FGGY	0.5	B
E2F4	CEP152	0.5	B
E2F4	CENPU	0.5	B
E2F4	CENPM	0.5	B
E2F4	CPAP	0.5	B
E2F4	CENPA	0.5	B
E2F4	CDK19	0.5	B
CEBPA	FGD4	0.5	B
E2F4	ATG16L1	0.5	B
E2F4	ATAD2	0.5	B
E2F4	ASPM	0.5	B
CEBPA	EXT1	0.5	B
BHLHE40	NR4A1	0.5	B
CEBPA	ECE1	0.5	B
E2F1	ZNF280D	0.5	B
CEBPA	DUSP22	0.5	B
E2F1	ZNF217	0.5	B
E2F1	ZNF131	0.5	B
CEBPA	DUSP10	0.5	B
E2F1	ZMIZ1	0.5	B
CEBPA	DST	0.5	B
CEBPA	DPYS	0.5	B
E2F1	ZCWPW1	0.5	B
E2F1	ZBTB7B	0.5	B
E2F1	ZBTB14	0.5	B
E2F1	YWHAZ	0.5	B
E2F1	WNK1	0.5	B
CEBPA	DOCK5	0.5	B
CEBPA	DOCK4	0.5	B
CEBPA	DOCK10	0.5	B
E2F1	VPS26C	0.5	B
CEBPA	DNAH14	0.5	B
E2F1	VGLL4	0.5	B
CEBPA	DMXL2	0.5	B
E2F1	VEPH1	0.5	B
E2F1	VAV2	0.5	B
E2F1	USP39	0.5	B
CEBPA	EFHC1	0.5	B
E2F4	CNOT8	0.5	B
CEBPA	EFNA5	0.5	B
CEBPA	EHF	0.5	B
E2F4	ARID1A	0.5	B
E2F4	ARHGEF39	0.5	B
E2F4	ARHGAP21	0.5	B
CEBPA	EXOC4	0.5	B
CEBPA	ETV6	0.5	B
CEBPA	ESR1	0.5	B
E2F4	ANP32B	0.5	B
E2F4	ANAPC5	0.5	B
E2F4	ALDOA	0.5	B
E2F4	AGPAT3	0.5	B
CEBPA	ERN1	0.5	B
E2F4	AGFG2	0.5	B
CEBPA	ERC2	0.5	B
E2F4	ACTB	0.5	B
CEBPA	ERC1	0.5	B
CEBPA	EPB41L2	0.5	B
E2F4	ABCA7	0.5	B
CEBPA	EPAS1	0.5	B
CEBPA	ENTPD1	0.5	B
CEBPA	EML6	0.5	B
E2F2	FOXM1	0.5	B
CEBPA	EML4	0.5	B
CEBPA	EMCN	0.5	B
E2F1	FKBP5	0.5	B
CEBPA	ELMO1	0.5	B
CEBPA	EGFR	0.5	B
E2F1	UIMC1	0.5	B
E2F4	CNOT9	0.5	B
E2F1	EVI5L	0.5	B
CEBPA	IPCEF1	0.5	B
E2F4	GTF2A1	0.5	B
E2F4	GSE1	0.5	B
CEBPA	IMPA2	0.5	B
CEBPA	IL1RAP	0.5	B
E2F4	GPR137	0.5	B
CEBPA	IL1R1	0.5	B
E2F4	GGH	0.5	B
E2F4	GEN1	0.5	B
E2F4	FSCN1	0.5	B
E2F4	FOXO3	0.5	B
E2F4	GTPBP3	0.5	B
CEBPA	IGF2R	0.5	B
E2F1	EGLN3	0.5	B
CEBPA	IFNGR1	0.5	B
E2F4	FLAD1	0.5	B
CEBPA	HTT	0.5	B
E2F4	FIZ1	0.5	B
E2F1	ELF2	0.5	B
CEBPA	HSD17B2	0.5	B
CEBPA	HPCAL1	0.5	B
E2F4	FHOD1	0.5	B
E2F4	FKBP5	0.5	B
E2F4	FDXR	0.5	B
CEBPA	IGF1R	0.5	B
E2F4	H1-2	0.5	B
ESR1	IGF1R	0.5	B
E2F4	H2BC15	0.5	B
CEBPA	LIMD1	0.5	B
CEBPA	LGR4	0.5	B
CEBPA	LARS2	0.5	B
CEBPA	LARGE1	0.5	B
CEBPA	LAMB1	0.5	B
CEBPA	LAMA3	0.5	B
E2F1	DSE	0.5	B
E2F4	HES1	0.5	B
CEBPA	KIAA1217	0.5	B
CEBPA	KIAA0319L	0.5	B
CEBPA	KDM4B	0.5	B
CEBPA	KCNJ15	0.5	B
E2F1	EEF1A1	0.5	B
CEBPA	KALRN	0.5	B
E2F1	EFNA5	0.5	B
CEBPA	JMJD1C	0.5	B
CEBPA	JAZF1	0.5	B
CEBPA	ITPR2	0.5	B
CEBPA	ITPR1	0.5	B
CEBPA	ITM2B	0.5	B
CEBPA	IRX6	0.5	B
CEBPA	IQSEC1	0.5	B
E2F4	HELLS	0.5	B
E2F4	HAUS3	0.5	B
E2F4	H2BC17	0.5	B
CEBPA	HNMT	0.5	B
E2F4	FBXL5	0.5	B
E2F4	FBXL20	0.5	B
E2F4	FBXL19	0.5	B
CEBPA	GPC6	0.5	B
E2F4	DST	0.5	B
E2F4	DSCC1	0.5	B
E2F4	DNA2	0.5	B
CEBPA	GNA12	0.5	B
CEBPA	GMDS	0.5	B
CEBPA	GLIS3	0.5	B
E2F4	DLGAP5	0.5	B
CEBPA	GHR	0.5	B
E2F4	DIP2A	0.5	B
CEBPA	GFOD1	0.5	B
CEBPA	GCLC	0.5	B
E2F4	DHX15	0.5	B
CEBPA	GATA4	0.5	B
CEBPA	GAS7	0.5	B
E2F4	DEPDC1B	0.5	B
CEBPA	GALNT2	0.5	B
E2F4	DDX3X	0.5	B
E2F1	ERI2	0.5	B
E2F4	DDX39A	0.5	B
CEBPA	FYN	0.5	B
E2F4	CXXC5	0.5	B
CEBPA	FST	0.5	B
E2F4	CTDSPL2	0.5	B
E2F4	CRYBG1	0.5	B
CEBPA	GPT2	0.5	B
E2F4	COMTD1	0.5	B
E2F4	E4F1	0.5	B
CEBPA	GRB10	0.5	B
E2F4	FASN	0.5	B
E2F4	FANCA	0.5	B
E2F4	FAM53C	0.5	B
CEBPA	HIVEP3	0.5	B
CEBPA	HIVEP2	0.5	B
E2F4	FAM111A	0.5	B
E2F4	FADS2	0.5	B
E2F4	FAAP100	0.5	B
CEBPA	HIPK2	0.5	B
CEBPA	HIP1	0.5	B
E2F4	EXOSC8	0.5	B
E2F4	EXO1	0.5	B
E2F4	ESYT1	0.5	B
E2F4	ERI2	0.5	B
E2F4	ERGIC1	0.5	B
E2F4	EML2	0.5	B
CEBPA	HCAR1	0.5	B
E2F4	EMC3	0.5	B
E2F4	ELP5	0.5	B
CEBPA	GXYLT2	0.5	B
E2F4	ELF2	0.5	B
CEBPA	GSE1	0.5	B
CEBPA	GSAP	0.5	B
E2F4	EHD1	0.5	B
E2F4	EFHD2	0.5	B
CEBPA	GRAMD2B	0.5	B
CEBPA	LINC00299	0.5	B
E2F1	UCK2	0.5	B
CEBPA	DLG2	0.5	B
CEBPA	ARSG	0.5	B
E2F1	HERC3	0.5	B
CEBPA	CDK6	0.5	B
CEBPA	ASAP1	0.5	B
CEBPA	ASCC2	0.5	B
E2F1	PFKFB3	0.5	B
E2F1	HIVEP2	0.5	B
E2F1	PER1	0.5	B
E2F1	HMGB1	0.5	B
CEBPA	CDK5RAP2	0.5	B
EGR1	PIK3R1	0.5	B
E2F1	HDLBP	0.5	B
E2F1	PDGFA	0.5	B
E2F1	HOOK2	0.5	B
E2F1	PDE8A	0.5	B
CEBPA	ATP2A2	0.5	B
CEBPA	CDH23	0.5	B
CEBPA	ATP2C1	0.5	B
E2F1	PCBP1	0.5	B
CEBPA	CDC14B	0.5	B
CEBPA	ATP9B	0.5	B
CEBPA	ATXN1	0.5	B
CEBPA	CD44	0.5	B
E2F1	ID3	0.5	B
CEBPA	ATG10	0.5	B
CEBPA	CELF1	0.5	B
E2F1	PKMYT1	0.5	B
CEBPA	CEMIP2	0.5	B
E2F1	RAI1	0.5	B
E2F1	RAET1E	0.5	B
CEBPA	CLASP1	0.5	B
E2F1	RAB27A	0.5	B
E2F1	GDAP1	0.5	B
CEBPA	ARHGAP17	0.5	B
CEBPA	ARHGAP18	0.5	B
E2F1	GINS1	0.5	B
CEBPA	ARHGAP24	0.5	B
E2F1	QSER1	0.5	B
E2F1	PTCH1	0.5	B
E2F1	PRPSAP1	0.5	B
CEBPA	ARHGAP25	0.5	B
CEBPA	ARHGAP26	0.5	B
CEBPA	CHN2	0.5	B
E2F1	GLI3	0.5	B
E2F1	PPAT	0.5	B
CEBPA	ARHGEF10L	0.5	B
CEBPA	ARHGEF12	0.5	B
TAL1	TCF12	0.5	B
CEBPA	ARHGEF3	0.5	B
E2F1	GSE1	0.5	B
E2F1	PLEC	0.5	B
CEBPA	ARID1B	0.5	B
E2F1	PKP4	0.5	B
CEBPA	ATXN7	0.5	B
E2F1	NUP153	0.5	B
E2F1	NRSN2	0.5	B
E2F1	NR4A2	0.5	B
E2F1	JADE2	0.5	B
CEBPA	CBFA2T2	0.5	B
E2F1	JMJD1C	0.5	B
E2F1	JUND	0.5	B
E2F1	MICAL3	0.5	B
E2F1	MIB1	0.5	B
E2F1	KBTBD2	0.5	B
E2F1	MGRN1	0.5	B
E2F1	MGAT1	0.5	B
CEBPA	CAST	0.5	B
E2F1	KCTD15	0.5	B
E2F1	NHSL3	0.5	B
E2F1	MEIS2	0.5	B
E2F1	MCMBP	0.5	B
E2F1	MCM2	0.5	B
E2F1	KIF18A	0.5	B
E2F1	MAN2A1	0.5	B
E2F1	MACF1	0.5	B
CEBPA	CAMK2D	0.5	B
CEBPA	C2	0.5	B
CEBPA	CALD1	0.5	B
E2F1	LTBP4	0.5	B
E2F1	LTBP3	0.5	B
E2F1	LNPEP	0.5	B
E2F1	LMNB1	0.5	B
E2F1	MYO10	0.5	B
CEBPA	CLEC16A	0.5	B
E2F1	MYO1C	0.5	B
CEBPA	CCDC12	0.5	B
E2F1	IGF2BP2	0.5	B
E2F1	NR3C1	0.5	B
E2F1	IQCJ	0.5	B
E2F1	NQO2	0.5	B
CEBPA	AUTS2	0.5	B
CEBPA	BAZ2B	0.5	B
E2F1	IRS1	0.5	B
E2F1	NKIRAS1	0.5	B
E2F1	NIPBL	0.5	B
E2F1	NIBAN2	0.5	B
CEBPA	BBX	0.5	B
E2F1	NFIC	0.5	B
E2F1	NFIB	0.5	B
E2F1	NFIA	0.5	B
E2F1	NFE2L2	0.5	B
NFYB	CD74	0.5	B
E2F1	NEK2	0.5	B
E2F1	ITGB1	0.5	B
AR	MME	0.5	B
E2F1	NDRG1	0.5	B
E2F1	NDC80	0.5	B
E2F1	NCAPG2	0.5	B
CEBPA	BCAR3	0.5	B
CEBPA	BCAS3	0.5	B
E2F1	N4BP2	0.5	B
CEBPA	BHLHE40	0.5	B
CEBPA	DLGAP1	0.5	B
CEBPA	ANO10	0.5	B
E2F1	RCC1	0.5	B
CEBPA	DAB2IP	0.5	B
E2F1	TFAP4	0.5	B
E2F1	TEAD1	0.5	B
E2F1	TBC1D8	0.5	B
E2F1	TAF1D	0.5	B
CEBPA	DAB1	0.5	B
CEBPA	DAAM1	0.5	B
E2F1	TAF15	0.5	B
CEBPA	CYTH1	0.5	B
CEBPA	CUX2	0.5	B
CEBPA	CUX1	0.5	B
CEBPA	DAPK1	0.5	B
CEBPA	CUEDC1	0.5	B
CEBPA	CTBS	0.5	B
CDX2	HNF4G	0.5	B
E2F1	SSBP4	0.5	B
CEBPA	CRYBG1	0.5	B
CEBPA	CRTC3	0.5	B
E2F1	FNDC3B	0.5	B
CEBPA	CRIM1	0.5	B
E2F1	SPTBN1	0.5	B
CEBPA	CRADD	0.5	B
CEBPA	CPNE4	0.5	B
E2F1	FUT8	0.5	B
CEBPA	CTNNBL1	0.5	B
E2F1	TGIF1	0.5	B
E2F1	TIPIN	0.5	B
E2F1	TLE3	0.5	B
E2F1	TUSC1	0.5	B
CEBPA	DLG1	0.5	B
CEBPA	DLEU1	0.5	B
E2F1	TTF2	0.5	B
E2F1	TTC7A	0.5	B
STAT3	BHLHE40	0.5	B
E2F1	TSGA10	0.5	B
TP53	FHL2	0.5	B
CEBPA	DLC1	0.5	B
E2F1	TRIO	0.5	B
E2F1	TRAPPC9	0.5	B
E2F1	TRAF3IP2	0.5	B
E2F1	TRABD2A	0.5	B
E2F1	TPRA1	0.5	B
CEBPA	DENND3	0.5	B
E2F1	TPM1	0.5	B
CEBPA	DENND2B	0.5	B
E2F1	TOB2	0.5	B
CEBPA	DENND1A	0.5	B
E2F1	TNRC18	0.5	B
E2F1	TNPO1	0.5	B
CEBPA	DENND10	0.5	B
E2F1	TMPO	0.5	B
E2F1	TMEM187	0.5	B
E2F1	TMBIM6	0.5	B
E2F1	SPECC1	0.5	B
CEBPA	CPM	0.5	B
E2F1	SPAG1	0.5	B
CEBPA	CPED1	0.5	B
CEBPA	ADD3	0.5	B
E2F1	SEPTIN9	0.5	B
CEBPA	ADGRG6	0.5	B
E2F1	SEC22C	0.5	B
E2F1	SDC1	0.5	B
CEBPA	ADGRV1	0.5	B
CEBPA	AFF1	0.5	B
E2F1	SCAF11	0.5	B
E2F1	SATB2	0.5	B
CEBPA	CNGB1	0.5	B
CEBPA	AK4	0.5	B
CEBPA	AKAP13	0.5	B
CEBPA	AKAP6	0.5	B
E2F1	SAMD11	0.5	B
CEBPA	ALDH1A1	0.5	B
E2F1	RPRD2	0.5	B
CEBPA	ALDH1A2	0.5	B
CEBPA	AMPD3	0.5	B
E2F1	RNF38	0.5	B
E2F1	GATAD2A	0.5	B
CEBPA	ANK3	0.5	B
CEBPA	ANKH	0.5	B
E2F1	RERE	0.5	B
E2F1	RCC2	0.5	B
CEBPA	CLMN	0.5	B
E2F1	SERBP1	0.5	B
CEBPA	CLIP1	0.5	B
E2F1	SERF2	0.5	B
E2F1	SERTAD2	0.5	B
E2F1	SOX12	0.5	B
E2F1	SOD2	0.5	B
E2F1	SNX8	0.5	B
CEBPA	ABCA4	0.5	B
E2F1	SMARCA2	0.5	B
E2F1	SMAD6	0.5	B
E2F1	SMAD3	0.5	B
CEBPA	ABCC11	0.5	B
CEBPA	ABCC3	0.5	B
E2F1	SLC3A2	0.5	B
E2F1	SLC38A2	0.5	B
CEBPA	ABLIM1	0.5	B
E2F1	SLC38A1	0.5	B
E2F1	SLC25A25	0.5	B
E2F1	SLC25A12	0.5	B
CEBPA	ABLIM3	0.5	B
E2F1	SLC1A5	0.5	B
CEBPA	COL14A1	0.5	B
CEBPA	ACOX2	0.5	B
E2F1	SGSM2	0.5	B
E2F1	SGMS1	0.5	B
E2F1	SGK3	0.5	B
E2F1	SETD7	0.5	B
CEBPA	ACSL3	0.5	B
CEBPA	ACSS3	0.5	B
E2F1	SERP1	0.5	B
CEBPA	LITAF	0.5	B
CEBPA	LMBR1	0.5	B
CEBPA	LNX1	0.5	B
CEBPA	RAPGEF4	0.5	B
CEBPA	RAPGEF2	0.5	B
CEBPA	RAPGEF1	0.5	B
ATF4	TARS1	0.5	B
E2F4	UNKL	0.5	B
E2F4	UIMC1	0.5	B
E2F4	UHRF1	0.5	B
CEBPA	RALGAPA2	0.5	B
E2F4	UBE2T	0.5	B
E2F4	UBE2M	0.5	B
CEBPA	RAD51B	0.5	B
E2F4	USP5	0.5	B
CEBPA	RABGAP1L	0.5	B
CEBPA	RAB3D	0.5	B
E2F4	TTLL4	0.5	B
E2F4	TTF2	0.5	B
E2F4	TRIP13	0.5	B
CEBPA	PYGL	0.5	B
CEBPA	PTPRG	0.5	B
ATF4	TIMM44	0.5	B
CEBPA	PTPN12	0.5	B
CEBPA	PTP4A2	0.5	B
CEBPA	PTP4A1	0.5	B
CEBPA	PTK2B	0.5	B
E2F4	TULP3	0.5	B
CEBPA	RBM47	0.5	B
CEBPA	RBMS1	0.5	B
E2F4	WDR18	0.5	B
E2F4	ZNF846	0.5	B
CEBPA	RTN4	0.5	B
CEBPA	RREB1	0.5	B
E2F4	ZNF367	0.5	B
E2F4	ZNF331	0.5	B
E2F4	ZNF263	0.5	B
CEBPA	ROCK2	0.5	B
CEBPA	RIN3	0.5	B
CEBPA	RIN2	0.5	B
E2F4	ZNF131	0.5	B
E2F4	ZFYVE21	0.5	B
E2F4	ZDHHC5	0.5	B
CEBPA	RHOBTB3	0.5	B
CEBPA	RHO	0.5	B
CEBPA	RERE	0.5	B
E2F4	XPO1	0.5	B
E2F4	WRAP53	0.5	B
E2F1	CDC42EP4	0.5	B
E2F1	CDCA7L	0.5	B
E2F1	CFL1	0.5	B
E2F1	CHD9	0.5	B
CEBPA	RCAN1	0.5	B
CEBPA	RBPMS	0.5	B
CEBPA	RBMS3	0.5	B
E2F1	CLASP1	0.5	B
E2F4	TRAPPC9	0.5	B
CEBPA	PSMA1	0.5	B
CEBPA	PSD3	0.5	B
CEBPA	PRRC2B	0.5	B
CEBPA	PLIN2	0.5	B
E2F4	SRCAP	0.5	B
CEBPA	PLEKHM3	0.5	B
E2F4	SQSTM1	0.5	B
E2F4	SPC24	0.5	B
CEBPA	PLCL2	0.5	B
E2F4	SPAG5	0.5	B
CEBPA	PLCB1	0.5	B
E2F4	SOD2	0.5	B
E2F4	SOCS2	0.5	B
E2F4	SNRNP25	0.5	B
E2F4	SNIP1	0.5	B
E2F4	SMG9	0.5	B
E2F4	SMC1A	0.5	B
E2F4	SMARCA2	0.5	B
CEBPA	PIP4K2A	0.5	B
CEBPA	PIM1	0.5	B
CEBPA	PIK3R1	0.5	B
CEBPA	PIK3AP1	0.5	B
E2F4	SLC3A2	0.5	B
CEBPA	PIGU	0.5	B
CEBPA	PHLPP1	0.5	B
E2F4	SLC38A1	0.5	B
CEBPA	PHLDB2	0.5	B
CEBPA	PHC2	0.5	B
E2F4	SSBP4	0.5	B
CEBPA	RUFY3	0.5	B
CEBPA	PLPP3	0.5	B
E2F4	STK3	0.5	B
E2F4	TRAF3	0.5	B
E2F4	TPRA1	0.5	B
E2F4	TPD52L2	0.5	B
CEBPB	PPARG	0.5	B
E2F4	TNPO1	0.5	B
CEBPA	PROX1	0.5	B
E2F4	TLE4	0.5	B
E2F4	TLCD1	0.5	B
E2F4	TIMM21	0.5	B
E2F4	TIAL1	0.5	B
E2F4	TICRR	0.5	B
EGR1	KLF5	0.5	B
E2F4	TFAP4	0.5	B
E2F4	TEAD4	0.5	B
CEBPA	PRLR	0.5	B
E2F4	TDP1	0.5	B
CEBPA	PRKCH	0.5	B
CEBPA	PRKCE	0.5	B
CEBPA	PRKAG2	0.5	B
E2F4	TBC1D31	0.5	B
E2F4	TAF5	0.5	B
CEBPA	PREX1	0.5	B
E2F4	SYCE2	0.5	B
CEBPA	PPARGC1A	0.5	B
CEBPA	POR	0.5	B
E2F4	STAT1	0.5	B
E2F4	SKIDA1	0.5	B
ATF4	STK40	0.5	B
CEBPA	SASH1	0.5	B
CEBPA	TLE3	0.5	B
EBF1	DENND3	0.5	B
CEBPA	TLE1	0.5	B
CEBPA	TJP2	0.5	B
E2F1	BRD4	0.5	B
CEBPA	TIAM2	0.5	B
ATF4	SHMT2	0.5	B
CEBPA	THADA	0.5	B
CEBPA	TGM3	0.5	B
CEBPA	TGM2	0.5	B
CEBPA	TGFBR3	0.5	B
CEBPA	TLK1	0.5	B
CEBPA	TGFBI	0.5	B
CEBPA	TEX2	0.5	B
CEBPA	TENM4	0.5	B
CEBPA	TECTB	0.5	B
CEBPA	TCF7L2	0.5	B
CEBPA	TBXAS1	0.5	B
CEBPA	TBC1D8	0.5	B
CEBPA	TBC1D5	0.5	B
CEBPA	TBC1D4	0.5	B
CEBPA	TBC1D2B	0.5	B
CEBPA	TBC1D14	0.5	B
CEBPA	TBC1D1	0.5	B
CEBPA	TG	0.5	B
CEBPA	TLN2	0.5	B
EBF1	FLI1	0.5	B
CEBPA	TMEM131L	0.5	B
EGR1	ABR	0.5	B
CEBPA	WWC1	0.5	B
E2F1	BLM	0.5	B
CEBPA	VPS13D	0.5	B
CEBPA	VMP1	0.5	B
CEBPA	VCL	0.5	B
CEBPA	UTRN	0.5	B
CEBPA	USP6NL	0.5	B
ATF4	RSL24D1	0.5	B
CEBPA	USP47	0.5	B
CEBPA	USP10	0.5	B
CEBPA	UBASH3B	0.5	B
CEBPA	TTC28	0.5	B
CEBPA	TSPAN14	0.5	B
CEBPA	TRIO	0.5	B
CEBPA	TRIM2	0.5	B
CEBPA	TRIB1	0.5	B
CEBPA	TRAK1	0.5	B
EBF1	LPP	0.5	B
CEBPA	RUNX1	0.5	B
CEBPA	TNS3	0.5	B
CEBPA	TNS1	0.5	B
CEBPA	TNKS	0.5	B
CEBPA	TNIK	0.5	B
CEBPA	TNFSF8	0.5	B
CEBPA	TACC2	0.5	B
CEBPA	TACC1	0.5	B
E2F7	UHRF1	0.5	B
CEBPA	SYNE2	0.5	B
CEBPA	SLC39A11	0.5	B
CEBPA	SLC38A4	0.5	B
CEBPA	SLC2A9	0.5	B
E2F1	CAST	0.5	B
E2F1	CBR3	0.5	B
CEBPA	SLC24A4	0.5	B
CEBPA	SLC22A23	0.5	B
CEBPA	SLC13A5	0.5	B
CEBPA	SIPA1L1	0.5	B
CEBPA	SIL1	0.5	B
CEBPA	SIK3	0.5	B
CEBPA	SHANK2	0.5	B
CEBPA	SH3KBP1	0.5	B
CEBPA	SH3BP5	0.5	B
CEBPA	SH3BP4	0.5	B
CEBPA	SGK1	0.5	B
CEBPA	SETD7	0.5	B
CEBPA	SERINC5	0.5	B
CEBPA	SERGEF	0.5	B
CEBPA	SEPTIN9	0.5	B
CEBPA	SEMA4D	0.5	B
CEBPA	SELENOP	0.5	B
CEBPA	SDC2	0.5	B
CEBPA	SCN8A	0.5	B
CEBPA	SCARB1	0.5	B
CEBPA	SLC44A1	0.5	B
CEBPA	SAMD4A	0.5	B
E2F1	CANX	0.5	B
CEBPA	SLX4IP	0.5	B
CEBPA	SYNE1	0.5	B
CEBPA	SYK	0.5	B
CEBPA	SVIL	0.5	B
CEBPA	SUSD1	0.5	B
CEBPA	STXBP6	0.5	B
CEBPA	STXBP5	0.5	B
CEBPA	STK39	0.5	B
CEBPA	STIM1	0.5	B
CEBPA	STARD13	0.5	B
CEBPA	ST6GAL1	0.5	B
CEBPA	ST3GAL6	0.5	B
CEBPA	ST3GAL5	0.5	B
E2F7	E2F8	0.5	B
CEBPA	ST3GAL1	0.5	B
CEBPA	SPTBN1	0.5	B
E2F6	ZNF131	0.5	B
CEBPA	SPATS2L	0.5	B
CEBPA	SPAG9	0.5	B
CEBPA	SORL1	0.5	B
CEBPA	SORBS2	0.5	B
CEBPA	SORBS1	0.5	B
CEBPA	SNTB1	0.5	B
CEBPA	SMYD3	0.5	B
CEBPA	SMAP2	0.5	B
CEBPA	SMAD3	0.5	B
CEBPA	SLC8A1	0.5	B
CEBPA	PHACTR2	0.5	B
CEBPA	PHACTR1	0.5	B
CEBPA	PGM1	0.5	B
CEBPA	NCOA2	0.5	B
BACH2	RIPOR2	0.5	B
CEBPA	NCEH1	0.5	B
CEBPA	NAV3	0.5	B
CEBPA	NAV2	0.5	B
CEBPA	NABP1	0.5	B
CEBPA	NAALADL2	0.5	B
E2F4	MAEA	0.5	B
CEBPA	MYOM1	0.5	B
CEBPA	MYO1F	0.5	B
E2F4	MAD2L2	0.5	B
CEBPA	NDEL1	0.5	B
E2F4	MAD2L1BP	0.5	B
CEBPA	MYLK	0.5	B
E2F1	CRYBG1	0.5	B
CEBPA	MYBPC1	0.5	B
CEBPA	MVB12B	0.5	B
E2F4	LRRC14	0.5	B
E2F4	LRP4	0.5	B
E2F1	CTBP2	0.5	B
CEBPA	MTUS1	0.5	B
E2F4	LMNB1	0.5	B
E2F4	LIG1	0.5	B
CEBPA	MTSS1	0.5	B
CEBPA	MYO1B	0.5	B
CEBPA	NDST1	0.5	B
CEBPA	NDUFAF6	0.5	B
CEBPA	NEDD4L	0.5	B
BACH1	SMARCA4	0.5	B
E2F4	MED15	0.5	B
E2F4	MCM4	0.5	B
BACH1	SQSTM1	0.5	B
BACH1	SSC4D	0.5	B
BACH1	SYNJ2	0.5	B
BACH1	TNFAIP2	0.5	B
BACH1	TRIM56	0.5	B
CEBPA	NUMB	0.5	B
CEBPA	NSMCE2	0.5	B
CEBPA	NRP1	0.5	B
CEBPA	NR2F2	0.5	B
CEBPA	NPC1	0.5	B
CEBPA	NPAS2	0.5	B
FOXP1	BACH2	0.5	B
CEBPA	NNMT	0.5	B
CEBPA	NIBAN1	0.5	B
CEBPA	NHSL1	0.5	B
CEBPA	NFIL3	0.5	B
CEBPA	NFIB	0.5	B
E2F1	CPT1A	0.5	B
CEBPA	NFIA	0.5	B
CEBPA	NEK6	0.5	B
CEBPA	NEK10	0.5	B
CEBPA	NEDD9	0.5	B
E2F4	KPNB1	0.5	B
CEBPA	MTMR7	0.5	B
E2F4	KMT5C	0.5	B
E2F4	KLHL25	0.5	B
CEBPA	MBNL2	0.5	B
E2F4	IGF2BP2	0.5	B
CEBPA	MBNL1	0.5	B
E2F4	IER5	0.5	B
CEBPA	MAST4	0.5	B
E2F4	ICAM5	0.5	B
CEBPA	MAPK3	0.5	B
E2F4	HNRNPUL1	0.5	B
CEBPA	MAP4K4	0.5	B
E2F4	HNRNPL	0.5	B
E2F4	HNRNPF	0.5	B
CEBPA	MAP3K5	0.5	B
CEBPA	MAML3	0.5	B
E2F4	HNRNPAB	0.5	B
E2F4	HNRNPA0	0.5	B
E2F4	HMGB2	0.5	B
E2F4	HMBS	0.5	B
CEBPA	MAGI1	0.5	B
CEBPA	MACROD2	0.5	B
CEBPA	MACF1	0.5	B
CEBPA	LYRM4	0.5	B
CEBPA	LYRM1	0.5	B
CEBPA	LRIG1	0.5	B
CEBPA	LRCH1	0.5	B
CEBPA	LPP	0.5	B
E2F1	DLG4	0.5	B
BACH1	SLX4IP	0.5	B
E2F4	ING2	0.5	B
CEBPA	MBNL3	0.5	B
CEBPA	MTMR12	0.5	B
E2F4	KIF20A	0.5	B
E2F4	KIF18B	0.5	B
E2F4	KIF11	0.5	B
E2F1	CXXC5	0.5	B
CEBPA	MIDEAS	0.5	B
CEBPA	MGLL	0.5	B
CEBPA	MEIS1	0.5	B
BATF	TNFRSF8	0.5	B
CEBPA	MED13L	0.5	B
E2F4	KCNAB2	0.5	B
E2F4	KAZALD1	0.5	B
E2F1	CYRIB	0.5	B
E2F4	JADE2	0.5	B
E2F4	JADE1	0.5	B
E2F1	DCAKD	0.5	B
CEBPA	MCF2L2	0.5	B
E2F1	DENND2B	0.5	B
E2F4	IRF2BP2	0.5	B
CEBPA	MCC	0.5	B
E2F1	DLEU1	0.5	B
CEBPA	MBP	0.5	B
FOXP1	BCL11A	0.5	B
E2F4	IQGAP3	0.5	B
E2F4	IPO11	0.5	B
E2F4	ING5	0.5	B
BACH1	SLC7A11	0.5	B
BACH1	SLC48A1	0.5	B
BACH1	RFFL	0.5	B
E2F4	RAB35	0.5	B
E2F4	RAB11FIP5	0.5	B
E2F4	QSER1	0.5	B
E2F4	PUSL1	0.5	B
E2F4	PTMA	0.5	B
E2F4	PTCH1	0.5	B
E2F4	PTBP1	0.5	B
CEBPA	PDS5A	0.5	B
E2F4	PSTK	0.5	B
E2F4	PSMG3	0.5	B
E2F4	PSMC3IP	0.5	B
E2F4	PRKDC	0.5	B
E2F4	POU2F1	0.5	B
E2F4	POC1A	0.5	B
E2F4	PNPLA8	0.5	B
E2F4	PNKP	0.5	B
E2F4	PLEC	0.5	B
HNF4A	SRC	0.5	B
E2F4	PLA2G6	0.5	B
E2F4	PKMYT1	0.5	B
E2F4	PKM	0.5	B
E2F4	PIMREG	0.5	B
E2F4	PFKFB3	0.5	B
CEBPA	PDLIM5	0.5	B
CEBPA	PDE4D	0.5	B
E2F4	RACGAP1	0.5	B
E2F4	PC	0.5	B
E2F4	RAD21	0.5	B
E2F4	RAD9A	0.5	B
E2F4	SHC1	0.5	B
E2F4	SGO2	0.5	B
E2F4	SGO1	0.5	B
E2F4	SGMS1	0.5	B
E2F4	SFXN5	0.5	B
E2F4	SETD5	0.5	B
E2F4	SERTAD2	0.5	B
E2F4	SERBP1	0.5	B
E2F4	SEPTIN9	0.5	B
E2F4	SEMA4B	0.5	B
E2F4	SAMD4A	0.5	B
E2F4	SAE1	0.5	B
E2F4	RUSC1	0.5	B
E2F4	RTTN	0.5	B
E2F4	RTKN2	0.5	B
E2F4	RMI2	0.5	B
E2F4	RHOF	0.5	B
E2F4	RFX2	0.5	B
E2F4	RFWD3	0.5	B
E2F4	RCCD1	0.5	B
E2F4	RBM15	0.5	B
E2F4	RAVER1	0.5	B
E2F4	RASSF1	0.5	B
E2F1	CLIP1	0.5	B
E2F4	RALGDS	0.5	B
E2F4	RAD54B	0.5	B
HNF4A	SLC22A7	0.5	B
E2F4	PBK	0.5	B
E2F4	ORC6	0.5	B
E2F4	MGRN1	0.5	B
E2F4	MFSD12	0.5	B
CEBPA	PCBP1	0.5	B
CEBPA	PARD3	0.5	B
BACH1	ALDOA	0.5	B
BACH1	ASAP1	0.5	B
BACH1	BICDL1	0.5	B
BACH1	CDK6	0.5	B
CEBPA	PAG1	0.5	B
BACH1	CLIP4	0.5	B
BACH1	DPH6	0.5	B
FOXP1	BACH1	0.5	B
CEBPA	PACSIN2	0.5	B
BACH1	GCLC	0.5	B
BACH1	IFRD1	0.5	B
BACH1	KCTD20	0.5	B
BACH1	LBR	0.5	B
BACH1	MAFG	0.5	B
BACH1	MAPT	0.5	B
BACH1	ME1	0.5	B
BACH1	MSANTD3	0.5	B
BACH1	NQO2	0.5	B
BACH1	PHLDA2	0.5	B
BACH1	PIK3CD	0.5	B
BACH1	PSAP	0.5	B
CEBPA	PCCA	0.5	B
E2F4	PAXX	0.5	B
E2F4	MIDEAS	0.5	B
E2F4	MLLT1	0.5	B
E2F4	ORC3	0.5	B
E2F4	ODF2	0.5	B
GATA1	SPTB	0.5	B
E2F4	NUP214	0.5	B
E2F4	NUP205	0.5	B
E2F4	NUP155	0.5	B
E2F4	NUDT2	0.5	B
E2F4	NSD2	0.5	B
E2F4	NR4A2	0.5	B
E2F4	NR3C1	0.5	B
E2F4	NOLC1	0.5	B
E2F4	NFIC	0.5	B
E2F4	NFATC2IP	0.5	B
E2F4	NET1	0.5	B
E2F4	NEMP1	0.5	B
E2F4	NCAPD3	0.5	B
E2F4	NCAPD2	0.5	B
E2F4	MYO9B	0.5	B
E2F4	MYO18A	0.5	B
CEBPA	PDE4B	0.5	B
E2F4	MYBL1	0.5	B
E2F4	MXI1	0.5	B
CEBPA	PCSK6	0.5	B
E2F4	MNT	0.5	B
E2F4	MMS22L	0.5	B
E2F4	MIDN	0.5	B
NFIC	AFP	0.5	B
E2F1	LIG1	0.5	B
CTCF	DPYSL2	0.5	B
CTCF	KDM4B	0.5	B
CTCF	KDM2B	0.5	B
ESR1	HDAC11	0.5	B
CTCF	KCNQ3	0.5	B
CTCF	KCNN3	0.5	B
ESR1	GSE1	0.5	B
ESR1	GRHL2	0.5	B
CTCF	KCNMA1	0.5	B
ESR1	GMDS	0.5	B
ESR1	GLI3	0.5	B
CTCF	KCNC1	0.5	B
CTCF	KCNAB2	0.5	B
CTCF	KAZN	0.5	B
CTCF	KANSL1	0.5	B
CTCF	KALRN	0.5	B
ESR1	GHR	0.5	B
CTCF	JPH3	0.5	B
ESR1	HDAC4	0.5	B
CTCF	MACF1	0.5	B
ESR1	HIPK2	0.5	B
ESR1	HIVEP3	0.5	B
CTCF	LINGO1	0.5	B
ESR1	IQSEC1	0.5	B
CTCF	LHPP	0.5	B
CTCF	LHFPL2	0.5	B
ESR1	IPPK	0.5	B
ESR1	INPP5A	0.5	B
ESR1	INPP4B	0.5	B
CTCF	LGR6	0.5	B
CTCF	JAZF1	0.5	B
CTCF	LDB2	0.5	B
ESR1	IFT122	0.5	B
CTCF	KLHL29	0.5	B
ESR1	HS6ST1	0.5	B
ESR1	HMCN1	0.5	B
CTCF	KIRREL1	0.5	B
ESR1	HK2	0.5	B
ESR1	HK1	0.5	B
CTCF	KIAA1217	0.5	B
CTCF	LARGE1	0.5	B
CTCF	JARID2	0.5	B
ESR1	GALNT10	0.5	B
CTCF	JADE2	0.5	B
CTCF	HDAC9	0.5	B
CTCF	HDAC7	0.5	B
CTCF	HDAC4	0.5	B
CTCF	GSN	0.5	B
CTCF	GSE1	0.5	B
CTCF	GRM4	0.5	B
CTCF	GRK5	0.5	B
CTCF	GRIP1	0.5	B
CTCF	HECW2	0.5	B
CTCF	GRIK4	0.5	B
CTCF	GRIK3	0.5	B
ESR1	FSIP1	0.5	B
CTCF	GRID1	0.5	B
CTCF	GRAMD1B	0.5	B
CTCF	GMPR	0.5	B
CTCF	GMDS	0.5	B
CTCF	GLIS3	0.5	B
CTCF	GLI3	0.5	B
CTCF	OTOF	0.5	B
CTCF	LMBR1	0.5	B
CTCF	HIVEP3	0.5	B
CTCF	HLCS	0.5	B
CTCF	ITPR2	0.5	B
CTCF	ITPR1	0.5	B
CTCF	IQSEC2	0.5	B
CTCF	IQSEC1	0.5	B
CTCF	IQGAP2	0.5	B
ESR1	GABBR2	0.5	B
CTCF	IQCJ	0.5	B
ESR1	FTO	0.5	B
CTCF	OSBPL3	0.5	B
CTCF	IQCA1	0.5	B
CTCF	INPP4A	0.5	B
CTCF	OSBP2	0.5	B
CTCF	IL16	0.5	B
CTCF	IGSF21	0.5	B
CTCF	IGF1R	0.5	B
CTCF	HOOK2	0.5	B
CTCF	HMCN2	0.5	B
CTCF	HM13	0.5	B
CTCF	INPP5A	0.5	B
CTCF	PAH	0.5	B
CTCF	LMNA	0.5	B
ESR1	ITGB5	0.5	B
RELA	CD44	0.5	B
CTCF	MAST4	0.5	B
TP53	PTP4A1	0.5	B
CEBPB	ALDH1A1	0.5	B
ESR1	LRP5	0.5	B
ESR1	LRP2	0.5	B
ESR1	LRP1B	0.5	B
CTCF	MAP4K4	0.5	B
SREBF1	CIC	0.5	B
CTCF	MAN1C1	0.5	B
RELA	NFATC1	0.5	B
ESR1	LRIG1	0.5	B
SP1	CIC	0.5	B
TAL1	PTK2B	0.5	B
ESR1	LPP	0.5	B
ESR1	LMCD1	0.5	B
CTCF	MAGI2	0.5	B
ESR1	LRRFIP1	0.5	B
CTCF	MCF2L	0.5	B
ESR1	LYPD6B	0.5	B
ESR1	LYZL1	0.5	B
CTCF	MED13L	0.5	B
ESR1	MED13L	0.5	B
ETV4	VEGFA	0.5	B
ESR1	MECOM	0.5	B
ESR1	MCF2L2	0.5	B
ESR1	MCF2L	0.5	B
ESR1	MAST4	0.5	B
ESR1	MARCHF10	0.5	B
TP53	REV3L	0.5	B
ESR1	MAPKAP1	0.5	B
ATF4	S100P	0.5	B
ESR1	MAML3	0.5	B
ESR1	MALRD1	0.5	B
CTCF	MECOM	0.5	B
CTCF	MEAF6	0.5	B
CTCF	MDGA1	0.5	B
ESR1	MAD1L1	0.5	B
CTCF	MCTP1	0.5	B
RARA	SMAD3	0.5	B
ESR1	LMBR1	0.5	B
CTCF	MAGI1	0.5	B
ESR1	LLGL2	0.5	B
ESR1	KCTD3	0.5	B
ESR1	KCNQ5	0.5	B
CEBPA	MPO	0.5	B
CTCF	LTBP2	0.5	B
ESR1	KCNMA1	0.5	B
ESR1	KCNK1	0.5	B
ESR1	KCNH7	0.5	B
CTCF	LRRK1	0.5	B
ESR1	KIAA0232	0.5	B
ESR1	KAZN	0.5	B
CTCF	LRRFIP1	0.5	B
E2F4	DTL	0.5	B
CTCF	EPAS1	0.5	B
ESR1	KAT6B	0.5	B
CEBPB	MAD1L1	0.5	B
ESR1	KALRN	0.5	B
CTCF	LRP5	0.5	B
ESR1	ITGB6	0.5	B
CEBPA	CD36	0.5	B
CTCF	LMO1	0.5	B
ESR1	KIAA1217	0.5	B
ATF4	TNFRSF10B	0.5	B
TP53	BHLHE40	0.5	B
ESR1	LHFPL2	0.5	B
TP63	BMAL1	0.5	B
TP63	GRB10	0.5	B
ESR1	LDLRAD4	0.5	B
CTCF	MAD1L1	0.5	B
TP63	SYN3	0.5	B
TP63	RGS20	0.5	B
SMAD4	ID3	0.5	B
RUNX1	TCF12	0.5	B
ESR1	LARGE1	0.5	B
EGR1	YY1	0.5	B
ESR1	KSR1	0.5	B
ARNT	ESR1	0.5	B
CTCF	LTBP4	0.5	B
ESR1	KRT8	0.5	B
RUNX1	ANGPT1	0.5	B
ATF2	DUSP10	0.5	B
AR	MID1	0.5	B
CTCF	PALLD	0.5	B
CTCF	PARP1	0.5	B
CTCF	GALNT16	0.5	B
ESR1	BMPER	0.5	B
ESR1	BMP7	0.5	B
ESR1	BHLHE40	0.5	B
ESR1	BCR	0.5	B
HNF4A	CITED2	0.5	B
ESR1	BCL3	0.5	B
ESR1	BCAS4	0.5	B
ESR1	BCAS1	0.5	B
ESR1	BCAR3	0.5	B
EPAS1	CITED2	0.5	B
ESR1	BANK1	0.5	B
TP53	PTK2	0.5	B
SP1	SCARB1	0.5	B
RUNX1	CD44	0.5	B
ESR1	AUTS2	0.5	B
ESR1	ATXN7L1	0.5	B
ESR1	ATXN7	0.5	B
CTCF	ESRRB	0.5	B
ESR1	BRIP1	0.5	B
ESR1	CACNA1D	0.5	B
ESR1	CACNA1I	0.5	B
ESR1	CEMIP2	0.5	B
ESR1	CDHR3	0.5	B
ESR1	CDH18	0.5	B
CTCF	EXTL3	0.5	B
ESR1	CCR7	0.5	B
CTCF	EXT2	0.5	B
ESR1	CCDC88C	0.5	B
ESR1	CCDC85C	0.5	B
ESR1	ATP8B4	0.5	B
ESR1	CCDC57	0.5	B
ESR1	CCDC12	0.5	B
ESR1	CBR3	0.5	B
CTCF	EXOC6	0.5	B
ESR1	CASZ1	0.5	B
CTCF	PHACTR3	0.5	B
ESR1	CALML5	0.5	B
CTCF	EXOC4	0.5	B
ESR1	CACNG4	0.5	B
CTCF	PDZD2	0.5	B
ESR1	ATP8B1	0.5	B
FOS	EGFR	0.5	B
ESR1	ASCC2	0.5	B
ESR1	ANKFN1	0.5	B
ESR1	ANK3	0.5	B
ESR1	AMZ1	0.5	B
CTCF	PLB1	0.5	B
ESR1	AMOTL1	0.5	B
ESR1	AKAP6	0.5	B
ESR1	AKAP1	0.5	B
ESR1	AGAP1	0.5	B
ESR1	ANKRD11	0.5	B
ESR1	AFF3	0.5	B
ESR1	ADRB1	0.5	B
CTCF	PLCG2	0.5	B
ESR1	ADAMTS9	0.5	B
ESR1	ADAMTS16	0.5	B
ESR1	ADAM12	0.5	B
ESR1	ACTN1	0.5	B
ESR1	ACSS1	0.5	B
ESR1	ABLIM2	0.5	B
ESR1	AFF1	0.5	B
ESR1	CEP112	0.5	B
CTCF	ERGIC1	0.5	B
CTCF	PITPNC1	0.5	B
GATA3	TP63	0.5	B
EGR1	ID2	0.5	B
ESR1	ASAP1	0.5	B
ESR1	ARSG	0.5	B
ESR1	ARID1B	0.5	B
TP53	ZMIZ1	0.5	B
ESR1	ARHGEF10L	0.5	B
CTCF	PIGC	0.5	B
CTCF	PKNOX2	0.5	B
ESR1	ARHGAP35	0.5	B
CTCF	PIK3C2B	0.5	B
ESR1	ARHGAP24	0.5	B
ESR1	ARHGAP10	0.5	B
ESR1	ARFGEF2	0.5	B
ESR1	AP1B1	0.5	B
STAT1	CASP8	0.5	B
ESR1	ANO6	0.5	B
ESR1	ANKS1B	0.5	B
ESR1	ARHGAP26	0.5	B
CTCF	PDS5B	0.5	B
ESR1	CHN2	0.5	B
CTCF	FAM171A1	0.5	B
TAL1	RUNX1	0.5	B
ESR1	FAT1	0.5	B
STAT1	CREB5	0.5	B
ESR1	FARP1	0.5	B
ESR1	FAM174B	0.5	B
ESR1	EEIG1	0.5	B
CTCF	FBXW11	0.5	B
CTCF	PDE1C	0.5	B
CTCF	FGD5	0.5	B
ESR1	EYA2	0.5	B
CTCF	PDE4A	0.5	B
ESR1	ETV6	0.5	B
EGR1	CCND3	0.5	B
ESR1	EPS15L1	0.5	B
ESR1	EMP2	0.5	B
ESR1	ELAPOR1	0.5	B
ESR1	EHF	0.5	B
ESR1	EGLN3	0.5	B
ESR1	EVL	0.5	B
ESR1	EFNA5	0.5	B
ESR1	FGD5	0.5	B
ESR1	FLNB	0.5	B
CTCF	GALNT14	0.5	B
CTCF	GALNT10	0.5	B
CTCF	GADD45G	0.5	B
CTCF	GABBR2	0.5	B
ESR1	FRMD3	0.5	B
CTCF	FYN	0.5	B
CTCF	FTO	0.5	B
CTCF	FRMD4B	0.5	B
ESR1	FGFR2	0.5	B
CTCF	FRMD4A	0.5	B
CTCF	FOXK1	0.5	B
ESR1	FOXK1	0.5	B
CTCF	FNDC3B	0.5	B
CTCF	PAX5	0.5	B
CTCF	FMN1	0.5	B
CTCF	FHOD3	0.5	B
CTCF	FHAD1	0.5	B
ESR1	FNDC3B	0.5	B
CTCF	FOXP1	0.5	B
ESR1	MICAL2	0.5	B
CTCF	FBRSL1	0.5	B
ESR1	ECE1	0.5	B
CTCF	PDE4D	0.5	B
ESR1	CXXC5	0.5	B
ESR1	CUX1	0.5	B
ESR1	CUEDC1	0.5	B
ESR1	CTPS2	0.5	B
ESR1	CTNND2	0.5	B
ESR1	CTBP2	0.5	B
NFE2L2	ABCC1	0.5	B
ESR1	CYP24A1	0.5	B
ESR1	CRISPLD2	0.5	B
ESR1	COL5A1	0.5	B
ESR1	COL14A1	0.5	B
ESR1	CNBD1	0.5	B
CTCF	ARB2A	0.5	B
ESR1	CLMN	0.5	B
ESR1	CLASP2	0.5	B
ESR1	CHST8	0.5	B
ESR1	CHST15	0.5	B
ESR1	CPT1A	0.5	B
ESR1	EEFSEC	0.5	B
ESR1	DAAM1	0.5	B
ESR1	DAPK1	0.5	B
CTCF	FARP1	0.5	B
ESR1	DTNA	0.5	B
ESR1	DST	0.5	B
ESR1	DSCAM	0.5	B
CTCF	FANCC	0.5	B
ESR1	DPP9	0.5	B
ESR1	DOK7	0.5	B
ESR1	DOK5	0.5	B
ESR1	DAB2IP	0.5	B
ESR1	DOCK4	0.5	B
ESR1	DNAJC5B	0.5	B
CUX1	FTO	0.5	B
ESR1	DLG2	0.5	B
CTCF	FAM220A	0.5	B
FOS	PPARG	0.5	B
ESR1	DIS3L2	0.5	B
CTCF	PDE4B	0.5	B
ESR1	DIP2C	0.5	B
ESR1	DOCK1	0.5	B
EGR1	FYN	0.5	B
MYC	AXIN2	0.5	B
CTCF	MED15	0.5	B
ESR1	SULT2B1	0.5	B
ESR1	SULF2	0.5	B
ESR1	STARD13	0.5	B
ESR1	STARD10	0.5	B
ESR1	ST7	0.5	B
ESR1	SRGAP3	0.5	B
VDR	CYP19A1	0.5	B
TP53	CASZ1	0.5	B
ESR1	SPSB1	0.5	B
ESR1	TRPS1	0.5	B
ESR1	SPRED2	0.5	B
MEF2A	MEF2D	0.5	B
ATF4	PPARGC1A	-0.5	B
RELA	BHLHE40	0.5	B
ESR1	SPINK4	0.5	B
ESR1	SPECC1L	0.5	B
ESR1	SPDEF	0.5	B
ESR1	SUMO1P1	0.5	B
VDR	GADD45A	0.5	B
CTCF	NUP210	0.5	B
ESR1	SVIL	0.5	B
ESR1	MPPED2	0.5	B
TP53	AXL	0.5	B
ESR1	TANC1	0.5	B
ESR1	TACC2	0.5	B
CTCF	NIBAN2	0.5	B
CTCF	NHSL1	0.5	B
TP53	RUNX1	0.5	B
STAT1	IFNGR1	0.5	B
TP53	CAMK4	0.5	B
ESR1	SYTL2	0.5	B
ESR1	SYT8	0.5	B
ESR1	SYT12	0.5	B
ESR1	SYPL1	0.5	B
CTCF	NFIX	0.5	B
ESR1	SYNJ2	0.5	B
EGR1	SRC	0.5	B
CTCF	NFIA	0.5	B
ESR1	SYBU	0.5	B
NFKB1	NFKB2	0.5	B
ESR1	SPATS2L	0.5	B
ESR1	SOX9	0.5	B
ESR1	SORBS2	0.5	B
ESR1	SHROOM3	0.5	B
ESR1	SHANK2	0.5	B
GATA3	ALDH1A2	0.5	B
ESR1	SH3BP5	0.5	B
ESR1	SFI1	0.5	B
HNF4A	GATA4	0.5	B
SPI1	SYK	0.5	B
ESR1	FOXN1	0.5	B
PGR	EGFR	0.5	B
TFAP2A	RAD51B	0.5	B
ESR1	SEPTIN9	0.5	B
EGR1	HES1	0.5	B
ESR1	PRSS23	0.5	B
ESR1	SEMA4B	0.5	B
ESR1	SEMA3C	0.5	B
SPI1	IKZF1	0.5	B
HNF4A	SCARB1	0.5	B
ESR1	SDK2	0.5	B
TP63	ZNF750	0.5	B
SRF	EGR3	0.5	B
ESR1	SIL1	0.5	B
ESR1	SIPA1L2	0.5	B
ESR1	FHL2	0.5	B
SRF	CALD1	0.5	B
ESR1	SND1	0.5	B
ESR1	SMYD3	0.5	B
NFKB2	IL6	0.5	B
ESR1	SMOX	0.5	B
ATF4	F7	0.5	B
ESR1	SLCO2A1	0.5	B
ESR1	SIPA1L1	0.5	B
ESR1	RAB31	0.5	B
RUNX2	RUNX1	-0.5	B
RUNX1	RUNX2	0.5	B
SMAD4	SKIL	-0.5	B
ESR1	SLC38A1	0.5	B
EPAS1	LDHA	0.5	B
ESR1	SLC22A23	0.5	B
CEBPA	GPAM	0.5	B
ESR1	SIPA1L3	0.5	B
ESR1	SLC6A6	0.5	B
STAT1	TNFRSF1A	0.5	B
ESR1	TBC1D1	0.5	B
CTCF	NKAIN1	0.5	B
ESR1	WNK2	0.5	B
ESR1	VWA3B	0.5	B
ESR1	VPS13D	0.5	B
CTCF	NTRK3	0.5	B
ESR1	VMP1	0.5	B
ESR1	VGLL4	0.5	B
ESR1	VAV3	0.5	B
ESR1	VAV2	0.5	B
ESR1	WWC1	0.5	B
ESR1	UST	0.5	B
CTCF	RUNX1	-0.5	B
RELB	TRAF3	0.5	B
ESR1	USP31	0.5	B
ESR1	USP10	0.5	B
ESR1	UNC5A	0.5	B
ESR1	UMODL1	0.5	B
ESR1	TTC7A	0.5	B
ESR1	TTC6	0.5	B
NFKB2	IL2RA	0.5	B
ESR1	TTC39A	0.5	B
ESR1	XXYLT1	0.5	B
RELA	STAT1	0.5	B
ESR1	ME3	0.5	B
CTCF	NRXN3	0.5	B
CTCF	NRXN2	0.5	B
CTCF	NRXN1	0.5	B
CTCF	NRP2	0.5	B
CTCF	NRG1	0.5	B
CTCF	NTM	0.5	B
CTCF	NRCAM	0.5	B
ESR1	XYLT1	0.5	B
CTCF	NTMT1	0.5	B
ESR1	ZPLD1	0.5	B
ESR1	ZNRF1	0.5	B
ESR1	ZNF462	0.5	B
ESR1	ZNF385B	0.5	B
ESR1	ZNF217	0.5	B
ESR1	ZMIZ1	0.5	B
ESR1	ZBTB7C	0.5	B
ESR1	ZBTB40	0.5	B
CTCF	NTNG2	0.5	B
ESR1	SCNN1B	0.5	B
IRF4	CIITA	0.5	B
ESR1	TSPAN14	0.5	B
E2F4	LTBP4	0.5	B
ESR1	TMEM120B	0.5	B
ESR1	TMCC1	0.5	B
ESR1	TLN2	0.5	B
ESR1	TLE3	0.5	B
ESR1	TJP3	0.5	B
GATA3	EBF1	0.5	B
EGR1	NR4A1	0.5	B
ESR1	TMEM164	0.5	B
MYB	IGF1R	0.5	B
ESR1	THSD4	0.5	B
ESR1	THADA	0.5	B
STAT3	FCGR1A	0.5	B
ESR1	TENM4	0.5	B
ESR1	TEAD1	0.5	B
ESR1	TBX4	0.5	B
CTCF	NLGN1	0.5	B
ESR1	TBCD	0.5	B
ESR1	TIAM1	0.5	B
FOS	SPTBN1	0.5	B
SP1	LTBP4	0.5	B
ESR1	ABCC3	0.5	B
ESR1	TSNARE1	0.5	B
STAT1	KDM6B	0.5	B
NFIC	COL1A2	0.5	B
ESR1	TRPC6	0.5	B
ESR1	TRIO	0.5	B
ESR1	TRIM37	0.5	B
ESR1	TRAPPC9	0.5	B
ESR1	TPRG1	0.5	B
ESR1	TMEM229B	0.5	B
TP53	PER2	0.5	B
ESR1	TPD52L1	0.5	B
ESR1	TP63	0.5	B
ESR1	TOM1L2	0.5	B
MAX	CCND1	-0.5	B
ESR1	TNS3	0.5	B
USF1	CCND1	0.5	B
CEBPD	TF	0.5	B
ESR1	TMPRSS3	0.5	B
HNF4A	RARA	0.5	B
ESR1	ABLIM1	0.5	B
CTCF	NFATC2	0.5	B
CTCF	NFASC	0.5	B
CTCF	MTF1	0.5	B
ESR1	OFCC1	0.5	B
HNF4A	ABCB1	0.5	B
CTCF	MTERF1	0.5	B
VDR	NFKBIA	0.5	B
GATA3	MBNL2	0.5	B
ESR1	NRP1	0.5	B
ESR1	NRCAM	0.5	B
CTCF	MSI2	0.5	B
IRF1	BBC3	0.5	B
CTCF	MRPS22	0.5	B
ESR1	NPAS3	0.5	B
PPARG	TXNIP	-0.5	B
EGR1	GCLC	0.5	B
CTCF	MROH1	0.5	B
HNF4A	CDX2	0.5	B
ESR1	NKAIN1	0.5	B
CEBPA	PLD1	0.5	B
ESR1	OSBPL9	0.5	B
STAT1	SMAD3	0.5	B
GATA3	SATB1	0.5	B
CEBPD	CCND1	0.5	B
ESR1	PDLIM5	0.5	B
ESR1	PDE4D	0.5	B
CTCF	MYO1H	0.5	B
NFKB2	CD44	0.5	B
CTCF	MYO1D	0.5	B
ESR1	PARD6B	0.5	B
CTCF	MYO18A	0.5	B
RELB	IL6	-0.5	B
CTCF	MYO15B	0.5	B
ESR1	PAK4	0.5	B
CTCF	MYLK	0.5	B
MYC	SMAD7	0.5	B
ESR1	PACS1	0.5	B
CTCF	MYH9	0.5	B
CTCF	MVB12B	0.5	B
CTCF	MTUS2	0.5	B
ESR1	P3H2	0.5	B
ESR1	PALLD	0.5	B
ESR1	NIBAN2	0.5	B
EGR1	PER1	0.5	B
ESR1	NFATC2	0.5	B
CREM	CD86	0.5	B
ESR1	MYO18A	0.5	B
MYCN	EGFR	0.5	B
RUNX1	BCR	0.5	B
ESR1	MYLK	0.5	B
ESR1	MYEOV	0.5	B
TP53	SULF2	0.5	B
ESR1	MTUS1	0.5	B
ESR1	MYO1B	0.5	B
MYCN	PDGFRB	0.5	B
MYCN	MAD1L1	0.5	B
MYCN	CREB5	0.5	B
MYCN	WWC1	0.5	B
ESR1	MSI2	0.5	B
CTCF	MEGF11	0.5	B
ESR1	MLPH	0.5	B
TAL1	LMO2	0.5	B
ESR1	MIDEAS	0.5	B
ESR1	MTSS1	0.5	B
CTCF	MYT1L	0.5	B
MITF	ATP6V1B2	0.5	B
REST	CACNA1H	-0.5	B
ESR1	NEDD9	0.5	B
CTCF	MIPEP	0.5	B
ESR1	NEDD4L	0.5	B
ESR1	NDUFAF6	0.5	B
ESR1	ITPR1	0.5	B
ESR1	NDST1	0.5	B
ESR1	NCAM2	0.5	B
RUNX1	FOXO3	0.5	B
ESR1	MYOF	0.5	B
ESR1	NAV2	0.5	B
CTCF	MIDEAS	0.5	B
ESR1	NAALADL2	0.5	B
ETS1	JUN	0.5	B
FOS	ETS1	0.5	B
CTCF	MICAL3	0.5	B
TP53	FBXW7	0.5	B
CTCF	MICAL2	0.5	B
CTCF	MGLL	0.5	B
ESR1	NACA2	0.5	B
ESR1	PFDN4	0.5	B
ESR1	PGS1	0.5	B
ESR1	PHACTR1	0.5	B
ESR1	RERE	0.5	B
ESR2	PBX1	0.5	B
ESR1	RBPMS	0.5	B
CTCF	PLCB1	0.5	B
ESR1	RBM47	0.5	B
HIF1A	ESR1	0.5	B
ESR1	RBM20	0.5	B
SPI1	LIMD1	0.5	B
ESR1	RERG	0.5	B
ESR1	RASEF	0.5	B
ESR1	RASA3	0.5	B
TP53	LRP1	0.5	B
SMAD4	ID2	0.5	B
ESR1	RAPGEF4	0.5	B
ESR1	RAPGEF1	0.5	B
ESR1	RAP1GAP	0.5	B
SPI1	CD44	0.5	B
TP53	STK11	0.5	B
TP53	ANXA4	0.5	B
TP63	BHLHE40	0.5	B
ESR2	NIPSNAP2	0.5	B
ESR2	CAPN2	0.5	B
ETS1	CCND3	-0.5	B
ESR1	SASH1	0.5	B
ESR1	SCARB1	0.5	B
ESR1	RUNX1	0.5	B
ESR1	RREB1	0.5	B
E2F4	OIP5	0.5	B
TP53	GSN	0.5	B
SMAD3	CDH1	-0.5	B
ESR1	RGS3	0.5	B
STAT1	RARA	0.5	B
MBD2	ADGRB1	0.5	B
ESR1	RIPOR3	0.5	B
ESR1	STK11	-0.5	B
GATA2	EMCN	0.5	B
ESR1	RHOBTB3	0.5	B
ESR1	TLE1	0.5	B
ESR1	RGS9	0.5	B
ESR2	BCL9	0.5	B
ESR1	ROBO1	0.5	B
GATA1	RUNX1	0.5	B
ESR1	RAI1	0.5	B
HNF4A	RCAN1	0.5	B
SOX2	RBPJ	0.5	B
JUN	MET	0.5	B
RELA	STAT3	0.5	B
SP1	SMAD3	0.5	B
HNF4A	AGT	0.5	B
CTCF	NDST1	0.5	B
ESR1	PLEC	0.5	B
CTCF	NCOR2	0.5	B
CTCF	NECTIN1	0.5	B
ESR1	PLCB1	0.5	B
TP53	DHRS3	0.5	B
CTCF	NAV3	0.5	B
ESR1	PKP4	0.5	B
ESR1	PITPNM2	0.5	B
CTCF	NAV2	0.5	B
ESR1	PIP4K2A	0.5	B
SREBF2	FDPS	0.5	B
ESR1	PIEZO2	0.5	B
CTCF	NCOA7	0.5	B
ESR1	RAD51B	0.5	B
CTCF	NEDD4L	0.5	B
ESR1	PMEPA1	0.5	B
ESR1	RAD23B	0.5	B
GATA3	VGLL4	0.5	B
ESR1	RAB30	0.5	B
ESR1	PXDN	0.5	B
PGR	PLD1	0.5	B
ESR1	PTPRJ	0.5	B
ESR1	PTK2	0.5	B
ESR1	PRKCH	0.5	B
ESR1	PLXNA4	0.5	B
ESR1	PRKCE	0.5	B
ESR1	PRICKLE2	0.5	B
ESR1	PREX1	0.5	B
ESR1	PPP2R2C	0.5	B
ESR1	PKIB	0.5	B
GATA2	PRKN	0.5	B
ESR1	PPFIBP2	0.5	B
MITF	KCNMA1	0.5	B
CTCF	NEO1	0.5	B
ESR1	PRKAG2	0.5	B
ESR1	ABHD2	0.5	B
CTCF	PACSIN2	0.5	B
IRF8	TLR4	0.5	B
EPAS1	HILPDA	0.5	B
CTCF	PRDM11	0.5	B
EPAS1	SCARB1	0.5	B
EPAS1	GBE1	0.5	B
EPAS1	SH3BP4	0.5	B
ESR1	BCAS3	0.5	B
MYCN	ID2	0.5	B
CTCF	PRDM16	0.5	B
ETS1	SQSTM1	0.5	B
CTCF	PLXNA4	0.5	B
IRF2	CASP8	0.5	B
FOS	EPAS1	0.5	B
E2F1	FOXO3	0.5	B
RARA	NCOR2	0.5	B
NFE2	GCLC	0.5	B
CTCF	DST	0.5	B
ERG	ASAP1	0.5	B
EPAS1	AHDC1	0.5	B
CEBPA	EBF1	0.5	B
TP53	MAP4K4	0.5	B
CTCF	DTNA	0.5	B
EPAS1	FAM13A	0.5	B
EPAS1	FGD5	0.5	B
ESR1	PRLR	0.5	B
E2F1	NR2F2	0.5	B
ERG	VAV2	0.5	B
CTCF	EML1	0.5	B
PAX5	PRKCE	0.5	B
CTCF	PREX1	0.5	B
ERG	ZBTB16	0.5	B
E2F1	PURA	0.5	B
IRF1	PSMB10	0.5	B
STAT5B	BCL2	0.5	B
CTCF	PPARGC1B	0.5	B
CTCF	ELMO1	0.5	B
STAT1	FOXO3	0.5	B
IRF1	ERAP2	0.5	B
EPAS1	RAD51B	0.5	B
PAX5	FCER2	0.5	B
KLF6	CDH1	0.5	B
CTCF	ERC2	0.5	B
HSF1	UBB	0.5	B
HSF1	STIP1	0.5	B
ONECUT1	MITF	0.5	B
ERG	DAB2IP	0.5	B
EPAS1	INHBA	0.5	B
ERG	CUX2	0.5	B
STAT1	NR3C1	0.5	B
SP1	SLC3A2	0.5	B
RUNX1	CDK6	0.5	B
CTCF	PLXNA2	0.5	B
EPAS1	ALDOA	0.5	B
NFE2L2	NQO2	0.5	B
EPAS1	DNM2	0.5	B
CTCF	EGLN3	0.5	B
E2F1	NRP1	0.5	B
EPAS1	SLC7A5	0.5	B
CTCF	DUSP7	0.5	B
CTCF	EFHC1	0.5	B
CTCF	ELL	0.5	B
RELA	POU2F2	0.5	B
CTCF	PLEKHA7	0.5	B
FOXA2	TCF7L2	0.5	B
NFKB1	NCOR2	0.5	B
REST	VGF	-0.5	B
REST	PCSK1	-0.5	B
FOXM1	BRIP1	0.5	B
CTCF	DYNC1I1	0.5	B
EPAS1	DDIT4	0.5	B
CTCF	DYSF	0.5	B
REST	CHGA	-0.5	B
CTCF	EBF4	0.5	B
NFKB1	SQSTM1	0.5	B
GATA2	MECOM	0.5	B
CTCF	ECE1	0.5	B
CTCF	ERCC1	0.5	B
EPAS1	SLC6A6	0.5	B
EPAS1	IRF2BP2	0.5	B
EPAS1	CCN4	0.5	B
ATF2	BCL2	0.5	B
EPAS1	ARHGAP26	0.5	B
IRF1	CD274	0.5	B
TP63	TP73	0.5	B
NFKB1	TNIP3	0.5	B
NFKB1	ERAP1	0.5	B
ESR1	NCOR2	0.5	B
EPAS1	SLC2A1	0.5	B
NR2F6	APOB	0.5	B
EPAS1	SLC44A3	0.5	B
CTCF	PLEKHG5	0.5	B
NFKB1	HDAC7	0.5	B
AR	NCOR2	0.5	B
EPAS1	ZNF292	0.5	B
EPAS1	XXYLT1	0.5	B
NFKB1	KDM2A	0.5	B
EPAS1	TLE1	0.5	B
RELA	KDM2A	0.5	B
EPAS1	TGFBI	0.5	B
CREB1	SOX9	0.5	B
CTCF	EHMT1	0.5	B
EPAS1	DYNLL1	0.5	B
ESR1	FOXA1	0.5	B
RELA	NFKBIZ	0.5	B
RELA	NCOR2	0.5	B
CTCF	EPB41L1	0.5	B
ERG	NDRG1	0.5	B
ERG	FKBP5	0.5	B
ESR1	ERBB4	0.5	B
SOX2	POU2F1	0.5	B
ERG	FAM174B	0.5	B
STAT1	BHLHE40	0.5	B
CTCF	POU2F3	0.5	B
CTCF	PRDM2	0.5	B
ESR1	A4GALT	0.5	B
CTCF	POU2F2	0.5	B
GATA2	RUNX1	0.5	B
EPAS1	P4HA1	0.5	B
CTCF	PPP2R2C	0.5	B
EPAS1	LOXL2	0.5	B
EPAS1	MAB21L3	0.5	B
EPAS1	KCNMA1	0.5	B
ETS1	RARA	0.5	B
CTCF	POLR1A	0.5	B
EPAS1	NCOR2	0.5	B
CTCF	PLEC	0.5	B
EPAS1	NIBAN2	0.5	B
EPAS1	PKM	0.5	B
PRDM14	ATXN7L1	0.3333333333333333	C
SREBF2	SPTBN2	0.3333333333333333	C
RUNX1	STAT3	0.3333333333333333	C
STAT3	RUNX1	0.3333333333333333	C
SREBF2	SMARCA4	0.3333333333333333	C
SREBF2	SLC19A1	0.3333333333333333	C
STAT1	CARHSP1	0.3333333333333333	C
SREBF2	SLC16A5	0.3333333333333333	C
CTCF	AP5S1	0.3333333333333333	C
SREBF2	SLC16A3	0.3333333333333333	C
CTCF	BEND3	0.3333333333333333	C
SREBF2	SLC67A1	0.3333333333333333	C
CTCF	B3GLCT	0.3333333333333333	C
SREBF2	SBNO2	0.3333333333333333	C
SREBF2	SEPTIN9	0.3333333333333333	C
SREBF2	PDE2A	0.3333333333333333	C
CTCF	AP2A2	0.3333333333333333	C
PRDM14	BBS5	0.3333333333333333	C
SREBF2	PITPNM1	0.3333333333333333	C
SREBF2	PKN1	0.3333333333333333	C
SREBF2	PML	0.3333333333333333	C
SREBF2	PRRC2B	0.3333333333333333	C
SREBF2	PTPRF	0.3333333333333333	C
STAT1	CCDC102B	0.3333333333333333	C
SREBF2	SHANK2	0.3333333333333333	C
CTCF	AP4E1	0.3333333333333333	C
SREBF2	RAB3IL1	0.3333333333333333	C
SREBF2	RALGDS	0.3333333333333333	C
SREBF2	RAPSN	0.3333333333333333	C
SREBF2	RXRA	0.3333333333333333	C
STAT1	CBLIF	0.3333333333333333	C
SREBF2	SARDH	0.3333333333333333	C
SREBF2	ST6GALNAC6	0.3333333333333333	C
SREBF2	SEC16A	0.3333333333333333	C
PRDM14	BAZ2A	0.3333333333333333	C
SREBF2	RAB26	0.3333333333333333	C
CEBPA	PDE4C	0.3333333333333333	C
SREBF2	TOR4A	0.3333333333333333	C
PRDM14	ATP6V0A1	0.3333333333333333	C
STAT1	C4orf33	0.3333333333333333	C
STAT1	C2CD4A	0.3333333333333333	C
SRF	ATP6V0A1	0.3333333333333333	C
CTCF	AQP6	0.3333333333333333	C
SRF	BCL9L	0.3333333333333333	C
SRF	CAP1	0.3333333333333333	C
SRF	CAPN13	0.3333333333333333	C
STAT1	C2CD3	0.3333333333333333	C
CTCF	MYO5B	0.3333333333333333	C
STAT1	C1S	0.3333333333333333	C
SRF	CAPN2	0.3333333333333333	C
SRF	CAPZB	0.3333333333333333	C
CTCF	MYO7A	0.3333333333333333	C
SRF	CCDC9	0.3333333333333333	C
SRF	CFL1	0.3333333333333333	C
STAT1	C1QTNF6	0.3333333333333333	C
SRF	CORO1C	0.3333333333333333	C
SRF	CTIF	0.3333333333333333	C
SRF	DAPK3	0.3333333333333333	C
CEBPA	PCNX1	0.3333333333333333	C
SRF	ARHGEF17	0.3333333333333333	C
STAT1	C6orf47	0.3333333333333333	C
SRF	ANKRD40	0.3333333333333333	C
STAT1	CALHM3	0.3333333333333333	C
STAT1	CACNA2D4	0.3333333333333333	C
SREBF2	TNK2	0.3333333333333333	C
CTCF	ANTXR1	0.3333333333333333	C
STAT1	CACNA2D3	0.3333333333333333	C
PRDM14	ATF7	0.3333333333333333	C
SREBF2	UNC13D	0.3333333333333333	C
SREBF2	VEGFA	0.3333333333333333	C
STAT1	CACNA2D1	0.3333333333333333	C
STAT1	CAPN11	0.3333333333333333	C
SREBF2	WDR90	0.3333333333333333	C
STAT1	CABLES2	0.3333333333333333	C
SREBF2	WIZ	0.3333333333333333	C
SREBF2	ZBTB7B	0.3333333333333333	C
STAT1	CA13	0.3333333333333333	C
STAT1	QNG1	0.3333333333333333	C
STAT1	C9orf153	0.3333333333333333	C
SRF	ABLIM1	0.3333333333333333	C
PRDM14	BMAL1	0.3333333333333333	C
SRF	ACTN4	0.3333333333333333	C
RFX5	SOX12	0.3333333333333333	C
PRDM1	NR3C1	0.3333333333333333	C
SREBF2	NFIX	0.3333333333333333	C
RUNX1	RBMS1	0.3333333333333333	C
SREBF1	TMEM53	0.3333333333333333	C
CTCF	ANKRD2	0.3333333333333333	C
SREBF1	TOP3B	0.3333333333333333	C
SREBF1	TRAPPC9	0.3333333333333333	C
RUNX1	RAB27A	0.3333333333333333	C
SREBF1	TULP3	0.3333333333333333	C
SREBF1	VASP	0.3333333333333333	C
SREBF1	ZDHHC8	0.3333333333333333	C
CTCF	KCNJ5-AS1	0.3333333333333333	C
CEBPA	MTUS2	0.3333333333333333	C
SREBF1	ZMYND8	0.3333333333333333	C
SREBF2	ABTB1	0.3333333333333333	C
CTCF	BTBD17	0.3333333333333333	C
SREBF2	ADAP1	0.3333333333333333	C
SREBF2	ALOXE3	0.3333333333333333	C
SREBF2	AMPD2	0.3333333333333333	C
SREBF2	ARHGEF11	0.3333333333333333	C
SREBF2	BCAR1	0.3333333333333333	C
CTCF	BRSK1	0.3333333333333333	C
SREBF2	BRF1	0.3333333333333333	C
SREBF2	CAPN5	0.3333333333333333	C
STAT1	CDC14B	0.3333333333333333	C
SREBF2	CCDC88B	0.3333333333333333	C
RUNX1	TFDP2	0.3333333333333333	C
RUNX1	PTTG1IP	0.3333333333333333	C
SREBF1	MVD	0.3333333333333333	C
SREBF1	NRL	0.3333333333333333	C
RUNX1	TLDC2	0.3333333333333333	C
RFX5	NXPH4	0.3333333333333333	C
RUNX1	TIMM23B	0.3333333333333333	C
SREBF1	PARK7	0.3333333333333333	C
PRDM1	MID1	0.3333333333333333	C
SREBF1	PDP2	0.3333333333333333	C
SREBF1	PLEKHG5	0.3333333333333333	C
RFX5	PALM2AKAP2	0.3333333333333333	C
SREBF1	POR	0.3333333333333333	C
CTCF	ANKRD10	0.3333333333333333	C
SREBF1	RAB26	0.3333333333333333	C
PRDM1	MYO1E	0.3333333333333333	C
SREBF1	RALGDS	0.3333333333333333	C
SREBF1	RETSAT	0.3333333333333333	C
SREBF1	SLC12A4	0.3333333333333333	C
CTCF	NMES1	0.3333333333333333	C
PRDM1	NFIX	0.3333333333333333	C
SREBF1	STX4	0.3333333333333333	C
CTCF	MTMR6	0.3333333333333333	C
SREBF1	TMEM134	0.3333333333333333	C
SREBF2	NIBAN2	0.3333333333333333	C
STAT1	CD59	0.3333333333333333	C
PRDM14	CALCB	0.3333333333333333	C
SREBF2	KLF13	0.3333333333333333	C
SREBF2	LCN12	0.3333333333333333	C
PRDM14	C12orf42	0.3333333333333333	C
RUNX1	RAPGEF4	0.3333333333333333	C
STAT1	CCDC9	0.3333333333333333	C
SREBF2	LCN9	0.3333333333333333	C
CTCF	MUC1	0.3333333333333333	C
SREBF2	METRNL	0.3333333333333333	C
RFX5	PARD6B	0.3333333333333333	C
RUNX1	TASOR	0.3333333333333333	C
PRDM14	BCAT2	0.3333333333333333	C
SREBF2	MIB2	0.3333333333333333	C
CEBPA	MYO18B	0.3333333333333333	C
SREBF2	MICALL2	0.3333333333333333	C
STAT1	CCDC7	0.3333333333333333	C
SREBF2	MVD	0.3333333333333333	C
STAT1	CCDC51	0.3333333333333333	C
SREBF2	MYO1C	0.3333333333333333	C
SREBF2	MYRF	0.3333333333333333	C
CTCF	MYRF	0.3333333333333333	C
RUNX1	SVIL	0.3333333333333333	C
CTCF	ANKS6	0.3333333333333333	C
SREBF2	CDC42BPG	0.3333333333333333	C
RFX5	SULT2B1	0.3333333333333333	C
SREBF2	JADE2	0.3333333333333333	C
RFX5	SYBU	0.3333333333333333	C
SREBF2	CELSR2	0.3333333333333333	C
SREBF2	CIAO3	0.3333333333333333	C
SREBF2	DNAH1	0.3333333333333333	C
PRDM14	CACNG7	0.3333333333333333	C
RUNX1	TCP11L1	0.3333333333333333	C
SREBF2	DYNC1H1	0.3333333333333333	C
CTCF	MTSS1	0.3333333333333333	C
SREBF2	FADS1	0.3333333333333333	C
SREBF2	FADS2	0.3333333333333333	C
CTCF	BRINP2	0.3333333333333333	C
STAT1	CD109	0.3333333333333333	C
SREBF2	FAM83G	0.3333333333333333	C
CEBPA	MYL10	0.3333333333333333	C
CTCF	MTSS2	0.3333333333333333	C
STAT1	CCR3	0.3333333333333333	C
SREBF2	FOXK2	0.3333333333333333	C
RUNX1	TCF7	0.3333333333333333	C
SREBF2	GCN1	0.3333333333333333	C
CEBPA	MYL4	0.3333333333333333	C
SREBF2	GIPC1	0.3333333333333333	C
SREBF2	JUP	0.3333333333333333	C
SRF	DENND1A	0.3333333333333333	C
SOX11	RUNX1	0.3333333333333333	C
SRF	DUSP5	0.3333333333333333	C
STAT1	ATXN7	0.3333333333333333	C
STAT1	ADA	0.3333333333333333	C
PRDM1	S100A16	0.3333333333333333	C
STAT1	ADAMTSL3	0.3333333333333333	C
STAT1	ADARB2	0.3333333333333333	C
CEBPA	OR1G1	0.3333333333333333	C
STAT1	ADGRF5	0.3333333333333333	C
STAT1	ADGRG1	0.3333333333333333	C
STAT1	ADPGK	0.3333333333333333	C
STAT1	ACTR3C	0.3333333333333333	C
STAT1	ADRB3	0.3333333333333333	C
CTCF	ARTN	0.3333333333333333	C
CEBPA	OPN3	0.3333333333333333	C
CEBPA	NEBL	0.3333333333333333	C
CTCF	NECAB2	0.3333333333333333	C
RFX5	RAB4B	0.3333333333333333	C
CEBPA	OLR1	0.3333333333333333	C
CTCF	ATMIN	0.3333333333333333	C
STAT1	AGGF1	0.3333333333333333	C
RUNX1	SH3BP2	0.3333333333333333	C
STAT1	ADTRP	0.3333333333333333	C
RFX5	RHNO1	0.3333333333333333	C
CEBPA	OR1M1	0.3333333333333333	C
STAT1	B4GALT4	0.3333333333333333	C
STAT1	ABCA10	0.3333333333333333	C
PRDM1	PLXNA2	0.3333333333333333	C
STAT1	ABCA13	0.3333333333333333	C
STAT1	ABCC1	0.3333333333333333	C
PRDM1	PRKCH	0.3333333333333333	C
STAT1	ABCC11	0.3333333333333333	C
RFX5	PPP2R1B	0.3333333333333333	C
STAT1	ACACA	0.3333333333333333	C
STAT1	ACBD6	0.3333333333333333	C
STAT1	BBS2	0.3333333333333333	C
STAT1	ACE2	0.3333333333333333	C
CTCF	ARMC7	0.3333333333333333	C
STAT1	ACOT7	0.3333333333333333	C
STAT1	BARX1	0.3333333333333333	C
CEBPA	NDFIP2	0.3333333333333333	C
CEBPA	OR2S2	0.3333333333333333	C
RUNX1	SHPRH	0.3333333333333333	C
STAT1	ACSS3	0.3333333333333333	C
CTCF	NDUFA4L2	0.3333333333333333	C
STAT1	ACTA2	0.3333333333333333	C
STAT1	BACH2	0.3333333333333333	C
STAT1	AGO2	0.3333333333333333	C
STAT1	AGTPBP1	0.3333333333333333	C
CTCF	ELF3	0.3333333333333333	C
CTCF	NELFA	0.3333333333333333	C
PRDM14	ABCA12	0.3333333333333333	C
STAT1	ANKS6	0.3333333333333333	C
STAT1	ANO6	0.3333333333333333	C
CEBPA	NRG4	0.3333333333333333	C
STAT1	ANXA10	0.3333333333333333	C
STAT1	ANXA2R	0.3333333333333333	C
RUNX1	SCRN1	0.3333333333333333	C
CEBPA	NPLOC4	0.3333333333333333	C
CEBPA	NPHS1	0.3333333333333333	C
STAT1	APBB2	0.3333333333333333	C
PRDM1	TEAD1	0.3333333333333333	C
STAT1	APC	0.3333333333333333	C
STAT1	ARHGEF7	0.3333333333333333	C
PRDM1	ZSCAN31	0.3333333333333333	C
PRDM1	ZHX1	0.3333333333333333	C
CEBPA	NOL4	0.3333333333333333	C
PRDM1	ZFP36L1	0.3333333333333333	C
PRDM1	TNIK	0.3333333333333333	C
CEBPA	NLRC5	0.3333333333333333	C
PRDM1	TNFSF8	0.3333333333333333	C
RFX5	PSMD3	0.3333333333333333	C
STAT1	ANK3	0.3333333333333333	C
PRDM14	ALOX12	0.3333333333333333	C
STAT1	ANAPC4	0.3333333333333333	C
STAT1	ALPK2	0.3333333333333333	C
RUNX1	RNF43	0.3333333333333333	C
PRDM14	ADIRF	0.3333333333333333	C
STAT1	AGTRAP	0.3333333333333333	C
CEBPA	OLIG1	0.3333333333333333	C
STAT1	AHRR	0.3333333333333333	C
STAT1	AIMP1	0.3333333333333333	C
STAT1	ATP1A2	0.3333333333333333	C
CEBPA	OGDH	0.3333333333333333	C
STAT1	ATP10D	0.3333333333333333	C
STAT1	ASGR1	0.3333333333333333	C
CTCF	NEMF	0.3333333333333333	C
PRDM14	ACTL6B	0.3333333333333333	C
PRDM1	SLC37A1	0.3333333333333333	C
CEBPA	NEU3	0.3333333333333333	C
STAT1	AK9	0.3333333333333333	C
CEBPA	NEXN	0.3333333333333333	C
RUNX1	RPS3A	0.3333333333333333	C
STAT1	AKR1B15	0.3333333333333333	C
CEBPA	NUCB2	0.3333333333333333	C
STAT1	ALDH1A1	0.3333333333333333	C
CEBPA	NUBPL	0.3333333333333333	C
RFX5	PSMB9	0.3333333333333333	C
CEBPA	OR5B21	0.3333333333333333	C
SRF	ZSWIM4	0.3333333333333333	C
PRDM1	PAQR5	0.3333333333333333	C
SRF	KCNMA1	0.3333333333333333	C
SRF	KIAA1217	0.3333333333333333	C
CTCF	ARHGAP12	0.3333333333333333	C
SRF	KSR1	0.3333333333333333	C
STAT1	BMP7	0.3333333333333333	C
SRF	LMNA	0.3333333333333333	C
CEBPA	PBX4	0.3333333333333333	C
SRF	MACF1	0.3333333333333333	C
SRF	MEIS1	0.3333333333333333	C
SRF	MGRN1	0.3333333333333333	C
SRF	MIDEAS	0.3333333333333333	C
SRF	MNT	0.3333333333333333	C
SRF	MTHFR	0.3333333333333333	C
CEBPA	NADK	0.3333333333333333	C
RFX5	PC	0.3333333333333333	C
SRF	NAV2	0.3333333333333333	C
SRF	NR2F6	0.3333333333333333	C
STAT1	BLCAP	0.3333333333333333	C
SRF	PALLD	0.3333333333333333	C
SRF	PDLIM7	0.3333333333333333	C
SRF	PHLDB2	0.3333333333333333	C
CEBPA	PCBP2	0.3333333333333333	C
SRF	PICALM	0.3333333333333333	C
SRF	KALRN	0.3333333333333333	C
SRF	ITPR1	0.3333333333333333	C
RFX5	PARN	0.3333333333333333	C
SRF	EHD1	0.3333333333333333	C
RFX5	PTPN13	0.3333333333333333	C
SRF	ELF2	0.3333333333333333	C
SRF	ELL2	0.3333333333333333	C
SRF	ESYT1	0.3333333333333333	C
STAT1	C1QTNF1	0.3333333333333333	C
RUNX1	SORL1	0.3333333333333333	C
SRF	FBXW7	0.3333333333333333	C
SRF	FERMT2	0.3333333333333333	C
SRF	FLNA	0.3333333333333333	C
SRF	FLNB	0.3333333333333333	C
STAT1	C11orf91	0.3333333333333333	C
CTCF	BCO2	0.3333333333333333	C
STAT1	BRINP3	0.3333333333333333	C
SRF	GADD45G	0.3333333333333333	C
SRF	GRB2	0.3333333333333333	C
SRF	HPCAL1	0.3333333333333333	C
SRF	HSPB1	0.3333333333333333	C
STAT1	BOD1	0.3333333333333333	C
SRF	INPP5A	0.3333333333333333	C
STAT1	BNC2	0.3333333333333333	C
CTCF	ARAP1	0.3333333333333333	C
CEBPA	PAQR8	0.3333333333333333	C
SRF	PPP1R12C	0.3333333333333333	C
SRF	TNRC18	0.3333333333333333	C
SRF	TNS1	0.3333333333333333	C
PRDM14	ANXA3	0.3333333333333333	C
PRDM14	ANP32B	0.3333333333333333	C
SRF	TPM3	0.3333333333333333	C
CEBPA	P4HA3	0.3333333333333333	C
SRF	VASP	0.3333333333333333	C
STAT1	BCL2L1	0.3333333333333333	C
CEBPA	OTUD3	0.3333333333333333	C
RFX5	PIK3R2	0.3333333333333333	C
CEBPA	OTC	0.3333333333333333	C
RFX5	PNRC1	0.3333333333333333	C
SRF	WEE1	0.3333333333333333	C
SRF	WIZ	0.3333333333333333	C
CEBPA	OR9G4	0.3333333333333333	C
RUNX1	SLC25A46	0.3333333333333333	C
SRF	YARS1	0.3333333333333333	C
SRF	ZNF140	0.3333333333333333	C
CEBPA	NBEAL2	0.3333333333333333	C
RUNX1	RNASE10	0.3333333333333333	C
RUNX1	SLC25A24	0.3333333333333333	C
SRF	TMEM183A	0.3333333333333333	C
SRF	PPP1R12B	0.3333333333333333	C
SRF	TLN1	0.3333333333333333	C
SRF	TBC1D1	0.3333333333333333	C
SRF	PRKAG2	0.3333333333333333	C
CEBPA	PANK1	0.3333333333333333	C
RFX5	PDE4A	0.3333333333333333	C
SREBF1	MMAB	0.3333333333333333	C
RFX5	PER1	0.3333333333333333	C
SRF	SAE1	0.3333333333333333	C
SRF	SEPTIN9	0.3333333333333333	C
SRF	SERTAD1	0.3333333333333333	C
SRF	SIPA1L1	0.3333333333333333	C
SRF	SLC20A2	0.3333333333333333	C
CTCF	ARHGAP39	0.3333333333333333	C
CTCF	NAE1	0.3333333333333333	C
SRF	SLC25A25	0.3333333333333333	C
SMAD3	RUNX1	0.3333333333333333	C
SRF	SUN2	0.3333333333333333	C
CEBPA	PADI1	0.3333333333333333	C
PRDM14	ARHGAP44	0.3333333333333333	C
SRF	SYNJ2	0.3333333333333333	C
CEBPA	NAGPA	0.3333333333333333	C
PRDM1	OLR1	0.3333333333333333	C
SRF	TACC1	0.3333333333333333	C
RFX5	RHOF	0.3333333333333333	C
SREBF1	MKNK2	0.3333333333333333	C
SPIB	WSCD2	0.3333333333333333	C
SREBF1	MIIP	0.3333333333333333	C
CEBPA	SCFD1	0.3333333333333333	C
RUNX2	PTK2	0.3333333333333333	C
SPI1	RASA4	0.3333333333333333	C
SPI1	RASSF1	0.3333333333333333	C
RFX5	CDNF	0.3333333333333333	C
SPI1	RBBP8	0.3333333333333333	C
RUNX2	PLCB1	0.3333333333333333	C
CEBPA	RXRB	0.3333333333333333	C
RFX5	CEP120	0.3333333333333333	C
CEBPA	RUSF1	0.3333333333333333	C
SPI1	RCBTB2	0.3333333333333333	C
CTCF	LYRM9	0.3333333333333333	C
RFX5	COMMD1	0.3333333333333333	C
CEBPA	RRP1B	0.3333333333333333	C
RFX5	DDIT4	0.3333333333333333	C
SPI1	RGL2	0.3333333333333333	C
CEBPA	RPL5	0.3333333333333333	C
CEBPA	RP1	0.3333333333333333	C
SPI1	RIPOR2	0.3333333333333333	C
SPI1	RNF20	0.3333333333333333	C
SPI1	RPL27A	0.3333333333333333	C
PRDM14	GPR50	0.3333333333333333	C
PRDM14	GPR157	0.3333333333333333	C
SPI1	RAPGEF4	0.3333333333333333	C
CEBPA	SCHIP1	0.3333333333333333	C
RFX5	CDK2AP2	0.3333333333333333	C
CEBPA	SCUBE2	0.3333333333333333	C
CTCF	LSM11	0.3333333333333333	C
RUNX2	SEMA5A	0.3333333333333333	C
CEBPA	SIGLEC11	0.3333333333333333	C
CEBPA	SHTN1	0.3333333333333333	C
SPI1	PPARD	0.3333333333333333	C
RUNX2	RFTN1	0.3333333333333333	C
CTCF	LTBP1	0.3333333333333333	C
CEBPA	SH3D19	0.3333333333333333	C
RUNX2	RBMS3	0.3333333333333333	C
SPI1	PREX1	0.3333333333333333	C
SPI1	PRIM2	0.3333333333333333	C
CTCF	LZTS2	0.3333333333333333	C
CEBPA	SH2B3	0.3333333333333333	C
RUNX2	PTPRM	0.3333333333333333	C
CEBPA	SETD5	0.3333333333333333	C
SPI1	PRKCQ	0.3333333333333333	C
CEBPA	SERPINB8	0.3333333333333333	C
CTCF	ELN	0.3333333333333333	C
RFX5	BTN3A3	0.3333333333333333	C
SPI1	PSMB8	0.3333333333333333	C
CEBPA	SEPTIN2	0.3333333333333333	C
CEBPA	SEPTIN11	0.3333333333333333	C
RFX5	CABIN1	0.3333333333333333	C
SPI1	RAB3GAP2	0.3333333333333333	C
CTCF	ELOVL2	0.3333333333333333	C
RUNX2	SVIL	0.3333333333333333	C
SPI1	RPL35	0.3333333333333333	C
RUNX2	PIP4K2A	0.3333333333333333	C
SPI1	SLC12A8	0.3333333333333333	C
CEBPA	RBM45	0.3333333333333333	C
CEBPA	RBM25	0.3333333333333333	C
RUNX2	MYOF	0.3333333333333333	C
CEBPA	RBBP6	0.3333333333333333	C
PRDM14	FOXA1	0.3333333333333333	C
RUNX2	MRPS27	0.3333333333333333	C
SPI1	SMAP2	0.3333333333333333	C
CEBPA	RANBP6	0.3333333333333333	C
RUNX2	MID1	0.3333333333333333	C
CTCF	MAGIX	0.3333333333333333	C
SPI1	SNCA	0.3333333333333333	C
RUNX2	MICAL2	0.3333333333333333	C
CEBPA	RALGAPB	0.3333333333333333	C
RUNX2	MET	0.3333333333333333	C
RFX5	GATAD2A	0.3333333333333333	C
CEBPA	RADIL	0.3333333333333333	C
PRDM14	FAM24B	0.3333333333333333	C
RUNX2	MAPKAP1	0.3333333333333333	C
CEBPA	RABGEF1	0.3333333333333333	C
RUNX2	LRIG1	0.3333333333333333	C
CTCF	MAPK8IP3	0.3333333333333333	C
RUNX2	KIAA1217	0.3333333333333333	C
PRDM14	FOXN4	0.3333333333333333	C
RFX5	EML2	0.3333333333333333	C
CEBPA	RBMS2	0.3333333333333333	C
PRDM14	FREM2	0.3333333333333333	C
SPI1	RRBP1	0.3333333333333333	C
RUNX2	PAPPA	0.3333333333333333	C
SPI1	RRP12	0.3333333333333333	C
PRDM14	GLIS3	0.3333333333333333	C
CEBPA	RIMS2	0.3333333333333333	C
SPI1	RXRA	0.3333333333333333	C
RUNX2	PACSIN2	0.3333333333333333	C
CTCF	MAFA	0.3333333333333333	C
CEBPA	RHOBTB2	0.3333333333333333	C
SPI1	SCAMP4	0.3333333333333333	C
RUNX2	OSBPL3	0.3333333333333333	C
SPI1	RPRD2	0.3333333333333333	C
CEBPA	RFWD3	0.3333333333333333	C
SPI1	SF1	0.3333333333333333	C
RUNX2	NRG1	0.3333333333333333	C
PRDM14	GATAD2B	0.3333333333333333	C
RFX5	DPCD	0.3333333333333333	C
RUNX2	NEDD4L	0.3333333333333333	C
CEBPA	RCC1	0.3333333333333333	C
CTCF	MAGEA8	0.3333333333333333	C
RFX5	EML1	0.3333333333333333	C
PRDM14	FXR2	0.3333333333333333	C
RUNX2	NABP1	0.3333333333333333	C
PRDM14	FTO	0.3333333333333333	C
PRDM14	GJB6	0.3333333333333333	C
CEBPA	R3HDM1	0.3333333333333333	C
CEBPA	SLAIN1	0.3333333333333333	C
CEBPA	SLC17A1	0.3333333333333333	C
CEBPA	STX1A	0.3333333333333333	C
SPI1	MARCHF8	0.3333333333333333	C
RUNX3	AFF3	0.3333333333333333	C
SPI1	MBTD1	0.3333333333333333	C
SPI1	MCCC1	0.3333333333333333	C
PRDM14	JDP2	0.3333333333333333	C
RFX5	ALDOA	0.3333333333333333	C
RUNX2	WNT5B	0.3333333333333333	C
RFX5	AP2S1	0.3333333333333333	C
CTCF	LIMS2	0.3333333333333333	C
SPI1	MED15	0.3333333333333333	C
RFX5	ARAP1	0.3333333333333333	C
SPI1	MEIS2	0.3333333333333333	C
SPI1	TMT1A	0.3333333333333333	C
CEBPA	SSX2IP	0.3333333333333333	C
CEBPA	SRSF10	0.3333333333333333	C
SPI1	MLXIP	0.3333333333333333	C
SPI1	MMP8	0.3333333333333333	C
SPI1	MMRN1	0.3333333333333333	C
SPI1	MON2	0.3333333333333333	C
SPI1	MPV17	0.3333333333333333	C
CEBPA	SRGAP3	0.3333333333333333	C
SPI1	MTF1	0.3333333333333333	C
RUNX3	AMPD3	0.3333333333333333	C
CTCF	LGI4	0.3333333333333333	C
CEBPA	SULT1C3	0.3333333333333333	C
SPI1	MADD	0.3333333333333333	C
CEBPA	TARBP2	0.3333333333333333	C
RUNX3	ARID1A	0.3333333333333333	C
SPI1	KIFAP3	0.3333333333333333	C
PRDM14	KLHL26	0.3333333333333333	C
CEBPA	SYT11	0.3333333333333333	C
SPI1	LDB3	0.3333333333333333	C
CEBPA	SYPL1	0.3333333333333333	C
CEBPA	SYNPO	0.3333333333333333	C
CEBPA	SYNJ1	0.3333333333333333	C
SPI1	LDLRAP1	0.3333333333333333	C
CTCF	LCAT	0.3333333333333333	C
RFX5	ARVCF	0.3333333333333333	C
SPI1	LHFPL6	0.3333333333333333	C
CEBPA	SYNCRIP	0.3333333333333333	C
RUNX3	ARHGAP10	0.3333333333333333	C
SPI1	LMNB1	0.3333333333333333	C
CEBPA	SYCP2L	0.3333333333333333	C
SPI1	LPXN	0.3333333333333333	C
CEBPA	SYBU	0.3333333333333333	C
CTCF	LGI1	0.3333333333333333	C
SPI1	LSM5	0.3333333333333333	C
SPI1	LTB4R	0.3333333333333333	C
PRDM14	KCNQ3	0.3333333333333333	C
CEBPA	SUMF2	0.3333333333333333	C
CTCF	LCP2	0.3333333333333333	C
CEBPA	SLC12A6	0.3333333333333333	C
SPI1	MX2	0.3333333333333333	C
CEBPA	SPHK1	0.3333333333333333	C
CEBPA	SLC4A5	0.3333333333333333	C
CEBPA	SLC4A4	0.3333333333333333	C
CEBPA	SLC44A3	0.3333333333333333	C
CTCF	LRP5L	0.3333333333333333	C
CEBPA	SLC44A2	0.3333333333333333	C
RUNX2	TENM2	0.3333333333333333	C
SPI1	PGAP1	0.3333333333333333	C
RFX5	BCAT2	0.3333333333333333	C
PRDM14	HCRTR1	0.3333333333333333	C
CEBPA	SLC2A4RG	0.3333333333333333	C
SPI1	PHF14	0.3333333333333333	C
PRDM14	GUCY1A1	0.3333333333333333	C
RFX5	BRD2	0.3333333333333333	C
CEBPA	SLC25A36	0.3333333333333333	C
RUNX2	TCF4	0.3333333333333333	C
CEBPA	SLC22A9	0.3333333333333333	C
SPI1	PIK3AP1	0.3333333333333333	C
RUNX2	TBXAS1	0.3333333333333333	C
CEBPA	SLC22A12	0.3333333333333333	C
CEBPA	SLC22A10	0.3333333333333333	C
SPI1	PKN1	0.3333333333333333	C
CEBPA	SLC1A3	0.3333333333333333	C
SPI1	PLB1	0.3333333333333333	C
CEBPA	SLC5A11	0.3333333333333333	C
SPI1	OTULINL	0.3333333333333333	C
CEBPA	SLC6A13	0.3333333333333333	C
CEBPA	SLC7A2	0.3333333333333333	C
RFX5	B2M	0.3333333333333333	C
CEBPA	SPATS2	0.3333333333333333	C
CEBPA	SPATA6	0.3333333333333333	C
SPI1	NABP1	0.3333333333333333	C
RUNX2	TSPAN5	0.3333333333333333	C
SPI1	NBEA	0.3333333333333333	C
CEBPA	SP140L	0.3333333333333333	C
PRDM14	HOXB3	0.3333333333333333	C
PRDM14	HNF1B	0.3333333333333333	C
SPI1	NDRG1	0.3333333333333333	C
CEBPA	SNX6	0.3333333333333333	C
RUNX2	WIPF1	0.3333333333333333	C
CEBPA	SNX27	0.3333333333333333	C
PRDM14	HIVEP1	0.3333333333333333	C
RUNX2	TPRG1	0.3333333333333333	C
SPI1	NFYC	0.3333333333333333	C
PRDM14	HGF	0.3333333333333333	C
RUNX2	TNS1	0.3333333333333333	C
SPI1	NPAS3	0.3333333333333333	C
RUNX2	TLE4	0.3333333333333333	C
SPI1	NRXN1	0.3333333333333333	C
RUNX2	TIAM2	0.3333333333333333	C
CEBPA	SLC7A7	0.3333333333333333	C
SPI1	NTS	0.3333333333333333	C
SPI1	NEK6	0.3333333333333333	C
RFX5	MVK	0.3333333333333333	C
RFX5	GNL1	0.3333333333333333	C
SPI1	SPTLC1	0.3333333333333333	C
PRDM14	COLGALT1	0.3333333333333333	C
SPIB	IL21R	0.3333333333333333	C
SPIB	IRAG2	0.3333333333333333	C
SPIB	ITGAX	0.3333333333333333	C
SPIB	ITPR1	0.3333333333333333	C
SPIB	KDM4C	0.3333333333333333	C
CEBPA	PDZD2	0.3333333333333333	C
SPIB	NDRG1	0.3333333333333333	C
SPIB	NUP210	0.3333333333333333	C
CTCF	MPLKIP	0.3333333333333333	C
SPIB	PARP15	0.3333333333333333	C
PRDM14	COL16A1	0.3333333333333333	C
SPIB	PDCD1LG2	0.3333333333333333	C
CTCF	MRO	0.3333333333333333	C
SPIB	PIK3AP1	0.3333333333333333	C
RUNX1	TRAF3IP3	0.3333333333333333	C
SPIB	PPFIBP2	0.3333333333333333	C
PRDM14	CLIP4	0.3333333333333333	C
SPIB	RAPGEF1	0.3333333333333333	C
SPIB	RASSF2	0.3333333333333333	C
SPIB	RASSF5	0.3333333333333333	C
SPIB	RFX3	0.3333333333333333	C
RUNX1	TRABD2A	0.3333333333333333	C
SPIB	IL16	0.3333333333333333	C
SPIB	IKZF1	0.3333333333333333	C
SPIB	GSDME	0.3333333333333333	C
CTCF	MLLT1	0.3333333333333333	C
SPIB	BBS9	0.3333333333333333	C
SPIB	BCL11A	0.3333333333333333	C
RUNX1	UMODL1	0.3333333333333333	C
RUNX1	ULK4	0.3333333333333333	C
RUNX1	UBE3D	0.3333333333333333	C
SPIB	BHLHE40	0.3333333333333333	C
SPIB	CAMK4	0.3333333333333333	C
SPIB	CCDC88C	0.3333333333333333	C
SPIB	CD86	0.3333333333333333	C
SPIB	CDYL	0.3333333333333333	C
SPIB	CHL1	0.3333333333333333	C
SPIB	RUBCNL	0.3333333333333333	C
SPIB	CIITA	0.3333333333333333	C
SPIB	DLGAP1	0.3333333333333333	C
SPIB	DOCK10	0.3333333333333333	C
SPIB	DTNB	0.3333333333333333	C
SPIB	ECE1	0.3333333333333333	C
RUNX1	UBASH3B	0.3333333333333333	C
CTCF	MLF2	0.3333333333333333	C
SPIB	ELMO1	0.3333333333333333	C
SPIB	GMDS	0.3333333333333333	C
SPIB	GRAMD2B	0.3333333333333333	C
SPIB	GRM7	0.3333333333333333	C
RFX5	MKNK2	0.3333333333333333	C
SPIB	CNTN4	0.3333333333333333	C
SPIB	BANK1	0.3333333333333333	C
SPIB	SLC12A3	0.3333333333333333	C
CTCF	ALG13	0.3333333333333333	C
RUNX1	TMEM182	0.3333333333333333	C
SREBF1	ASPSCR1	0.3333333333333333	C
CTCF	ALPL	0.3333333333333333	C
CTCF	MSL3	0.3333333333333333	C
SREBF1	CCDC57	0.3333333333333333	C
SREBF1	CPEB4	0.3333333333333333	C
PRDM14	CD300LG	0.3333333333333333	C
SREBF1	CSNK1G2	0.3333333333333333	C
SREBF1	DDR1	0.3333333333333333	C
SREBF1	DPYSL2	0.3333333333333333	C
SREBF1	DUS3L	0.3333333333333333	C
SREBF1	FKBP5	0.3333333333333333	C
CTCF	AMMECR1L	0.3333333333333333	C
SREBF1	HCFC1R1	0.3333333333333333	C
SREBF1	KIF3C	0.3333333333333333	C
SREBF1	LYL1	0.3333333333333333	C
SREBF1	LZTFL1	0.3333333333333333	C
SREBF1	MAST1	0.3333333333333333	C
SREBF1	MCRIP2	0.3333333333333333	C
SREBF1	MED15	0.3333333333333333	C
SREBF1	MFSD3	0.3333333333333333	C
SREBF1	MICAL3	0.3333333333333333	C
CEBPA	PDPR	0.3333333333333333	C
SREBF1	ARFGAP2	0.3333333333333333	C
RFX5	MRPS27	0.3333333333333333	C
SREBF1	ANO10	0.3333333333333333	C
SPIB	ZNF608	0.3333333333333333	C
SPIB	SP140	0.3333333333333333	C
SPIB	ST14	0.3333333333333333	C
SPIB	SYNE2	0.3333333333333333	C
PRDM14	CLIC5	0.3333333333333333	C
SPIB	TBC1D4	0.3333333333333333	C
SPIB	TENM4	0.3333333333333333	C
PRDM14	CES1	0.3333333333333333	C
RUNX1	TOX	0.3333333333333333	C
RUNX1	TOP1MT	0.3333333333333333	C
RUNX1	TNS1	0.3333333333333333	C
SPIB	TNFAIP8	0.3333333333333333	C
SPIB	SP110	0.3333333333333333	C
PRDM14	CDX4	0.3333333333333333	C
SPIB	UCP2	0.3333333333333333	C
SPIB	VOPP1	0.3333333333333333	C
CTCF	ALKBH2	0.3333333333333333	C
PRDM14	CDK13	0.3333333333333333	C
SPIB	WNK1	0.3333333333333333	C
SPIB	WNT5B	0.3333333333333333	C
CTCF	MRPL38	0.3333333333333333	C
CTCF	MRPL39	0.3333333333333333	C
PRDM1	MECOM	0.3333333333333333	C
SPIB	ZC3H12D	0.3333333333333333	C
RUNX1	KRT10-AS1	0.3333333333333333	C
SPIB	TRABD2A	0.3333333333333333	C
PRDM14	EYS	0.3333333333333333	C
CTCF	AJM1	0.3333333333333333	C
RFX5	MCM7	0.3333333333333333	C
CEBPA	PRMT7	0.3333333333333333	C
CEBPA	PRM2	0.3333333333333333	C
RFX5	HAUS5	0.3333333333333333	C
RUNX2	CUEDC1	0.3333333333333333	C
RUNX2	CSGALNACT1	0.3333333333333333	C
PRDM14	DNAH5	0.3333333333333333	C
SPI1	TEK	0.3333333333333333	C
SPI1	TENM4	0.3333333333333333	C
SPI1	TENT2	0.3333333333333333	C
RUNX2	COL14A1	0.3333333333333333	C
RUNX2	CHN2	0.3333333333333333	C
RUNX2	CDH11	0.3333333333333333	C
RUNX2	CBLB	0.3333333333333333	C
CTCF	MED12	0.3333333333333333	C
RUNX2	CACNA1C	0.3333333333333333	C
RUNX2	ATP8B4	0.3333333333333333	C
RUNX2	APP	0.3333333333333333	C
RFX5	HNRNPUL2	0.3333333333333333	C
PRDM14	DLEC1	0.3333333333333333	C
CEBPA	PPP3CC	0.3333333333333333	C
CEBPA	PPL	0.3333333333333333	C
CEBPA	PPIB	0.3333333333333333	C
SPI1	TMEM144	0.3333333333333333	C
CEBPA	PRODH2	0.3333333333333333	C
RUNX2	DOCK10	0.3333333333333333	C
CEBPA	PRPSAP2	0.3333333333333333	C
RUNX2	DOCK2	0.3333333333333333	C
SPI1	SRGAP3	0.3333333333333333	C
CTCF	MAST1	0.3333333333333333	C
RUNX2	ITPR1	0.3333333333333333	C
RFX5	GSTCD	0.3333333333333333	C
CTCF	ADRA2A	0.3333333333333333	C
CEBPA	PTPRA	0.3333333333333333	C
RUNX2	HMCN1	0.3333333333333333	C
CTCF	MC3R	0.3333333333333333	C
RUNX2	GULP1	0.3333333333333333	C
SPI1	STK4	0.3333333333333333	C
SPI1	SUSD1	0.3333333333333333	C
RUNX2	ANKRD44	0.3333333333333333	C
RUNX2	GRAMD2B	0.3333333333333333	C
CEBPA	PSMA6	0.3333333333333333	C
RFX5	GTF2I	0.3333333333333333	C
SPI1	SYNPO2	0.3333333333333333	C
RUNX2	GLI3	0.3333333333333333	C
SPI1	TBC1D4	0.3333333333333333	C
CEBPA	PRR27	0.3333333333333333	C
RUNX2	FAT1	0.3333333333333333	C
RUNX2	FARP1	0.3333333333333333	C
RUNX2	DPYD	0.3333333333333333	C
PRDM14	DNAJC6	0.3333333333333333	C
SPI1	TBCC	0.3333333333333333	C
CEBPA	PTCHD4	0.3333333333333333	C
SPIB	ARHGAP24	0.3333333333333333	C
SPI1	TMPRSS3	0.3333333333333333	C
SPI1	TNFSF8	0.3333333333333333	C
RFX5	MAP4K4	0.3333333333333333	C
CTCF	MELTF	0.3333333333333333	C
CEBPA	PKD1L1	0.3333333333333333	C
SPI1	VIPR2	0.3333333333333333	C
CEBPA	PIP5K1A	0.3333333333333333	C
CTCF	AGFG1	0.3333333333333333	C
PRDM14	DAB1	0.3333333333333333	C
SPI1	VPS26A	0.3333333333333333	C
SPI1	WDR91	0.3333333333333333	C
RUNX1	YIPF7	0.3333333333333333	C
RFX5	MAPK10	0.3333333333333333	C
SPI1	ZBTB18	0.3333333333333333	C
RUNX1	XXYLT1	0.3333333333333333	C
SPI1	ZBTB38	0.3333333333333333	C
SPI1	ZBTB44	0.3333333333333333	C
PRDM14	CUZD1	0.3333333333333333	C
XBP1	RUNX1	0.3333333333333333	C
RUNX1	WNT5B	0.3333333333333333	C
PRDM14	CRYBB1	0.3333333333333333	C
RUNX1	WDR27	0.3333333333333333	C
RFX5	MAPRE2	0.3333333333333333	C
RFX5	MARCHF10	0.3333333333333333	C
SPI1	ZSCAN9	0.3333333333333333	C
RFX5	MAP2K3	0.3333333333333333	C
CEBPA	PKD1L2	0.3333333333333333	C
CEBPA	PLA2G4C	0.3333333333333333	C
CEBPA	PLA2G5	0.3333333333333333	C
RUNX2	AMPD3	0.3333333333333333	C
SPI1	TNK2	0.3333333333333333	C
RUNX2	ALCAM	0.3333333333333333	C
CEBPA	POM121	0.3333333333333333	C
CEBPA	POLR3B	0.3333333333333333	C
CEBPA	POLE3	0.3333333333333333	C
SPI1	TRAF3IP3	0.3333333333333333	C
CEBPA	PMPCB	0.3333333333333333	C
RFX5	KDM6B	0.3333333333333333	C
SPI1	TRIM44	0.3333333333333333	C
CEBPA	PLK5	0.3333333333333333	C
RFX5	IQCG	0.3333333333333333	C
RFX5	LMNA	0.3333333333333333	C
PRDM14	DDR1	0.3333333333333333	C
SPI1	UBASH3B	0.3333333333333333	C
RUNX2	AFF3	0.3333333333333333	C
RUNX1	ZPLD1	0.3333333333333333	C
SPI1	UBE2O	0.3333333333333333	C
CEBPA	PLEKHA1	0.3333333333333333	C
CTCF	ADSS1	0.3333333333333333	C
PRDM14	DCAF5	0.3333333333333333	C
SPI1	USP4	0.3333333333333333	C
RUNX1	ZNF827	0.3333333333333333	C
RFX5	MACF1	0.3333333333333333	C
SPI1	TSC22D3	0.3333333333333333	C
PRDM1	MBNL3	0.3333333333333333	C
RFX5	TAP2	0.3333333333333333	C
STAT1	CDH11	0.3333333333333333	C
POU5F1	CNTNAP2	0.3333333333333333	C
CEBPA	DAPK3	0.3333333333333333	C
CTCF	DTD1	0.3333333333333333	C
STAT1	PTK6	0.3333333333333333	C
POU5F1	CLASP2	0.3333333333333333	C
CEBPA	DAND5	0.3333333333333333	C
CEBPA	DAGLB	0.3333333333333333	C
POU5F1	CADPS	0.3333333333333333	C
POU5F1	CACNA1C	0.3333333333333333	C
POU5F1	BCR	0.3333333333333333	C
RUNX1	CLDN10	0.3333333333333333	C
POU5F1	BCAR3	0.3333333333333333	C
POU5F1	ANKS1B	0.3333333333333333	C
POU5F1	ANK3	0.3333333333333333	C
POU5F1	ANK2	0.3333333333333333	C
STAT1	RAB40C	0.3333333333333333	C
CEBPA	CYP24A1	0.3333333333333333	C
RUNX1	CHL1	0.3333333333333333	C
STAT1	RAP1GAP	0.3333333333333333	C
POU5F1	ANK1	0.3333333333333333	C
CTCF	DNPH1	0.3333333333333333	C
CEBPA	CTPS1	0.3333333333333333	C
POU5F1	ANGPT1	0.3333333333333333	C
CEBPA	DBNDD1	0.3333333333333333	C
CEBPA	DDX39A	0.3333333333333333	C
CEBPA	DEFB1	0.3333333333333333	C
STAT1	PSMA2	0.3333333333333333	C
CTCF	DHX34	0.3333333333333333	C
CTCF	DUSP13A	0.3333333333333333	C
CEBPA	DIXDC1	0.3333333333333333	C
POU5F1	EPB41L2	0.3333333333333333	C
RUNX1	CYP4X1	0.3333333333333333	C
STAT1	PRICKLE1	0.3333333333333333	C
STAT1	PRKACB	0.3333333333333333	C
CTCF	DTWD2	0.3333333333333333	C
CEBPA	DHRS2	0.3333333333333333	C
RUNX1	ASB1	0.3333333333333333	C
CEBPA	DHPS	0.3333333333333333	C
POU5F1	ADGRV1	0.3333333333333333	C
POU5F1	EBF1	0.3333333333333333	C
STAT1	PRKD3	0.3333333333333333	C
RUNX1	COL4A3	0.3333333333333333	C
POU5F1	DNMBP	0.3333333333333333	C
POU5F1	DENND2B	0.3333333333333333	C
POU5F1	CPNE4	0.3333333333333333	C
RUNX1	CMTM7	0.3333333333333333	C
RUNX1	CMIP	0.3333333333333333	C
CTCF	DNAH2	0.3333333333333333	C
STAT1	PRSS3	0.3333333333333333	C
CEBPA	DEGS1	0.3333333333333333	C
POU5F1	COBL	0.3333333333333333	C
POU5F1	DPYSL2	0.3333333333333333	C
POU5F1	ADGRL2	0.3333333333333333	C
STAT1	RASIP1	0.3333333333333333	C
CEBPA	CSNK1G1	0.3333333333333333	C
CEBPA	COPS8	0.3333333333333333	C
POU4F2	KCNIP4	0.3333333333333333	C
STAT1	RGS4	0.3333333333333333	C
RUNX1	CDKAL1	0.3333333333333333	C
POU4F2	ITSN1	0.3333333333333333	C
POU4F2	INPP4B	0.3333333333333333	C
RUNX1	CDK5RAP2	0.3333333333333333	C
POU4F2	FOXP2	0.3333333333333333	C
POU4F2	FAM13A	0.3333333333333333	C
CEBPA	COL28A1	0.3333333333333333	C
CTCF	DRD1	0.3333333333333333	C
STAT1	RGMA	0.3333333333333333	C
RUNX1	CDH20	0.3333333333333333	C
POU4F2	DST	0.3333333333333333	C
CTCF	DPYSL3	0.3333333333333333	C
RUNX1	BDH1	0.3333333333333333	C
CEBPA	COL21A1	0.3333333333333333	C
STAT1	RHOB	0.3333333333333333	C
POU4F2	DOCK10	0.3333333333333333	C
POU4F2	CUBN	0.3333333333333333	C
POU4F2	CTNND2	0.3333333333333333	C
POU4F2	CNTN5	0.3333333333333333	C
POU4F2	CHN2	0.3333333333333333	C
POU4F2	BBX	0.3333333333333333	C
RUNX1	BARD1	0.3333333333333333	C
STAT1	PRDM11	0.3333333333333333	C
POU4F2	MYT1L	0.3333333333333333	C
STAT1	RFX4	0.3333333333333333	C
CEBPA	CSMD2	0.3333333333333333	C
POU4F2	ZNF385B	0.3333333333333333	C
CEBPA	CS	0.3333333333333333	C
POU4F2	ZMIZ1	0.3333333333333333	C
POU4F2	ZBTB20	0.3333333333333333	C
RUNX1	CFAP61	0.3333333333333333	C
STAT1	RBM11	0.3333333333333333	C
STAT1	RBM42	0.3333333333333333	C
CEBPA	CRPPA	0.3333333333333333	C
POU4F2	SYNE1	0.3333333333333333	C
CEBPA	CREB5	0.3333333333333333	C
POU4F2	NCOA1	0.3333333333333333	C
CEBPA	CRCP	0.3333333333333333	C
POU4F2	STARD13	0.3333333333333333	C
STAT1	REPS1	0.3333333333333333	C
POU4F2	SPIDR	0.3333333333333333	C
POU4F2	SORBS2	0.3333333333333333	C
POU4F2	ROBO1	0.3333333333333333	C
STAT1	REXO1	0.3333333333333333	C
POU4F2	RABGAP1L	0.3333333333333333	C
POU4F2	PDE4B	0.3333333333333333	C
RUNX1	CEMIP2	0.3333333333333333	C
POU4F2	NLGN1	0.3333333333333333	C
POU4F2	NEB	0.3333333333333333	C
STAT1	RCSD1	0.3333333333333333	C
RUNX1	CDC16	0.3333333333333333	C
STAT1	PPP2R3A	0.3333333333333333	C
RUNX1	CYTIP	0.3333333333333333	C
POU5F1	RUNX1T1	0.3333333333333333	C
RUNX1	ELL	0.3333333333333333	C
RUNX1	EFNA5	0.3333333333333333	C
CEBPA	EIF4A2	0.3333333333333333	C
STAT1	NSFL1C	0.3333333333333333	C
STAT1	NXT1	0.3333333333333333	C
CEBPA	EIF3M	0.3333333333333333	C
POU5F1	RABGAP1L	0.3333333333333333	C
POU5F1	PATJ	0.3333333333333333	C
STAT1	OPN5	0.3333333333333333	C
POU5F1	OSBPL10	0.3333333333333333	C
POU5F1	NRXN3	0.3333333333333333	C
CEBPA	EFCAB5	0.3333333333333333	C
STAT1	PALLD	0.3333333333333333	C
STAT1	PAM	0.3333333333333333	C
STAT1	PAPPA2	0.3333333333333333	C
CEBPA	EDIL3	0.3333333333333333	C
STAT1	PCP4	0.3333333333333333	C
RUNX1	DTHD1	0.3333333333333333	C
CEBPA	DYNC2H1	0.3333333333333333	C
STAT1	PDE4DIP	0.3333333333333333	C
RUNX1	DOCK9	0.3333333333333333	C
STAT1	PDE6B	0.3333333333333333	C
STAT1	NPTN	0.3333333333333333	C
STAT1	NPRL2	0.3333333333333333	C
STAT1	NLRP6	0.3333333333333333	C
POU5F1	SASH1	0.3333333333333333	C
CTCF	DAPK2	0.3333333333333333	C
POU5F1	SORBS2	0.3333333333333333	C
STAT1	NDST1	0.3333333333333333	C
STAT1	NDST2	0.3333333333333333	C
STAT1	NDUFA12	0.3333333333333333	C
STAT1	NDUFA9	0.3333333333333333	C
STAT1	NDUFAF6	0.3333333333333333	C
RUNX1	ERCC6L2	0.3333333333333333	C
CTCF	DVL1	0.3333333333333333	C
CEBPA	EPS15L1	0.3333333333333333	C
CEBPA	EPS15	0.3333333333333333	C
POU5F1	NEDD4L	0.3333333333333333	C
STAT1	NET1	0.3333333333333333	C
STAT1	NFATC3	0.3333333333333333	C
STAT1	NFATC4	0.3333333333333333	C
POU5F1	SNRPN	0.3333333333333333	C
RUNX1	EPHA6	0.3333333333333333	C
STAT1	NFIA	0.3333333333333333	C
POU5F1	SMAD3	0.3333333333333333	C
CEBPA	ENTPD6	0.3333333333333333	C
POU5F1	SHROOM3	0.3333333333333333	C
STAT1	NLK	0.3333333333333333	C
POU5F1	SBF2	0.3333333333333333	C
CEBPA	EML5	0.3333333333333333	C
STAT1	NEURL3	0.3333333333333333	C
STAT1	PGK1	0.3333333333333333	C
POU5F1	NAV1	0.3333333333333333	C
POU5F1	MAP2K5	0.3333333333333333	C
POU5F1	INPP5D	0.3333333333333333	C
POU5F1	IGF2BP3	0.3333333333333333	C
CEBPA	DNAH1	0.3333333333333333	C
POU5F1	GRIP1	0.3333333333333333	C
POU5F1	GPC6	0.3333333333333333	C
POU5F1	GCNT2	0.3333333333333333	C
CTCF	DGAT1	0.3333333333333333	C
CEBPA	DMTF1	0.3333333333333333	C
STAT1	PLPP4	0.3333333333333333	C
CEBPA	DMD	0.3333333333333333	C
CEBPA	DMBX1	0.3333333333333333	C
STAT1	PLCL1	0.3333333333333333	C
POU5F1	GAS7	0.3333333333333333	C
POU5F1	GALNT10	0.3333333333333333	C
STAT1	PNPLA4	0.3333333333333333	C
STAT1	POGZ	0.3333333333333333	C
RUNX1	DGCR8	0.3333333333333333	C
RUNX1	DENND3	0.3333333333333333	C
STAT1	POLR3C	0.3333333333333333	C
RUNX1	ARPP21	0.3333333333333333	C
CTCF	DGKZ	0.3333333333333333	C
POU5F1	FAT1	0.3333333333333333	C
POU5F1	EPHA4	0.3333333333333333	C
STAT1	PPP1R12A	0.3333333333333333	C
STAT1	PNISR	0.3333333333333333	C
STAT1	PPP2R1B	0.3333333333333333	C
CEBPA	DNAJC5B	0.3333333333333333	C
CEBPA	DNM2	0.3333333333333333	C
POU5F1	MAGI2	0.3333333333333333	C
CEBPA	DTNA	0.3333333333333333	C
STAT1	PHB1	0.3333333333333333	C
STAT1	PHGDH	0.3333333333333333	C
CTCF	DDX20	0.3333333333333333	C
STAT1	PHYKPL	0.3333333333333333	C
STAT1	PIH1D2	0.3333333333333333	C
POU5F1	MACF1	0.3333333333333333	C
CEBPA	DSE	0.3333333333333333	C
RUNX1	DOCK10	0.3333333333333333	C
POU5F1	LRRK1	0.3333333333333333	C
POU5F1	KIAA1217	0.3333333333333333	C
STAT1	PITPNB	0.3333333333333333	C
POU5F1	LIMCH1	0.3333333333333333	C
STAT1	PIWIL2	0.3333333333333333	C
STAT1	PIWIL3	0.3333333333333333	C
CTCF	DUSP13B	0.3333333333333333	C
CEBPA	DOT1L	0.3333333333333333	C
CTCF	DEXI	0.3333333333333333	C
STAT1	PLA2G3	0.3333333333333333	C
STAT1	PLAAT3	0.3333333333333333	C
POU5F1	LDLRAD3	0.3333333333333333	C
RUNX1	DLC1	0.3333333333333333	C
POU5F1	KIFC3	0.3333333333333333	C
CTCF	DENND1C	0.3333333333333333	C
CEBPA	ERG	0.3333333333333333	C
POU4F2	ARHGAP15	0.3333333333333333	C
CEBPA	COCH	0.3333333333333333	C
STAT1	SLC4A8	0.3333333333333333	C
POU2F1	RORA	0.3333333333333333	C
STAT1	SLC5A12	0.3333333333333333	C
STAT1	SLC6A1	0.3333333333333333	C
POU2F1	RICTOR	0.3333333333333333	C
POU2F1	RABGAP1L	0.3333333333333333	C
CEBPA	CCR4	0.3333333333333333	C
POU2F1	PTPRH	0.3333333333333333	C
CEBPA	CCNG2	0.3333333333333333	C
POU2F1	PPFIA2	0.3333333333333333	C
POU2F1	PIEZO2	0.3333333333333333	C
POU2F1	OXR1	0.3333333333333333	C
POU2F1	NAA25	0.3333333333333333	C
CTCF	DPP3	0.3333333333333333	C
POU2F1	LYN	0.3333333333333333	C
POU2F1	HNF1B	0.3333333333333333	C
CEBPA	CCL28	0.3333333333333333	C
RUNX1	CD1A	0.3333333333333333	C
RUNX1	CCM2	0.3333333333333333	C
STAT1	SLC9A5	0.3333333333333333	C
CEBPA	CCDC88B	0.3333333333333333	C
POU2F1	GAPVD1	0.3333333333333333	C
POU2F1	FCHO1	0.3333333333333333	C
POU2F1	RPS6KC1	0.3333333333333333	C
CEBPA	CCSER2	0.3333333333333333	C
STAT1	SLC44A2	0.3333333333333333	C
POU2F1	SCAPER	0.3333333333333333	C
POU2F2	CD226	0.3333333333333333	C
POU2F2	CACNB4	0.3333333333333333	C
POU2F2	BBX	0.3333333333333333	C
POU2F2	ARHGEF3	0.3333333333333333	C
POU2F2	ARHGAP25	0.3333333333333333	C
STAT1	SLC16A3	0.3333333333333333	C
POU2F2	APP	0.3333333333333333	C
STAT1	SLC17A6	0.3333333333333333	C
CEBPA	CDCP2	0.3333333333333333	C
POU2F2	ANKS1B	0.3333333333333333	C
POU2F2	ANKRD44	0.3333333333333333	C
STAT1	SMC4	0.3333333333333333	C
POU2F2	ANK1	0.3333333333333333	C
CEBPA	CDA	0.3333333333333333	C
POU2F1	UGGT2	0.3333333333333333	C
STAT1	SLC35C1	0.3333333333333333	C
TP73	MDM4	0.3333333333333333	C
POU2F1	TRIO	0.3333333333333333	C
RUNX1	C6orf118	0.3333333333333333	C
POU2F1	TOP1	0.3333333333333333	C
STAT1	SLC35D2	0.3333333333333333	C
POU2F1	TNRC6C	0.3333333333333333	C
POU2F1	SLC25A36	0.3333333333333333	C
POU2F1	SIPA1L1	0.3333333333333333	C
POU2F2	ABR	0.3333333333333333	C
RUNX1	CACNA1C	0.3333333333333333	C
CEBPA	CCDC61	0.3333333333333333	C
POU2F1	ENPP2	0.3333333333333333	C
CEBPA	CASS4	0.3333333333333333	C
PKNOX1	SPRED2	0.3333333333333333	C
PKNOX1	SLC25A25	0.3333333333333333	C
CEBPA	CAMK2G	0.3333333333333333	C
PKNOX1	SIL1	0.3333333333333333	C
PKNOX1	SEPTIN9	0.3333333333333333	C
PKNOX1	RPS6KC1	0.3333333333333333	C
STAT1	SPAG4	0.3333333333333333	C
PKNOX1	RNF220	0.3333333333333333	C
PKNOX1	PRKCB	0.3333333333333333	C
PKNOX1	MICAL3	0.3333333333333333	C
RUNX1	CASS4	0.3333333333333333	C
STAT1	SPIN1	0.3333333333333333	C
STAT1	SPNS3	0.3333333333333333	C
PKNOX1	MCC	0.3333333333333333	C
PKNOX1	MARCHF8	0.3333333333333333	C
PKNOX1	LYRM9	0.3333333333333333	C
CEBPA	CACNB2	0.3333333333333333	C
PKNOX1	LIMS1	0.3333333333333333	C
STAT1	SREBF1	0.3333333333333333	C
STAT1	SREK1IP1	0.3333333333333333	C
PKNOX1	KIAA0513	0.3333333333333333	C
CEBPA	CA8	0.3333333333333333	C
STAT1	SSBP4	0.3333333333333333	C
PKNOX1	MCF2L2	0.3333333333333333	C
POU2F2	CDK14	0.3333333333333333	C
PKNOX1	SPTB	0.3333333333333333	C
PKNOX1	TCF4	0.3333333333333333	C
POU2F1	DNAH5	0.3333333333333333	C
STAT1	SMG1	0.3333333333333333	C
CEBPA	CCDC159	0.3333333333333333	C
POU2F1	DCDC1	0.3333333333333333	C
POU2F1	CTNND2	0.3333333333333333	C
POU2F1	CDH12	0.3333333333333333	C
STAT1	SNAPIN	0.3333333333333333	C
STAT1	SND1	0.3333333333333333	C
POU2F1	ARFGEF2	0.3333333333333333	C
STAT1	SNX29	0.3333333333333333	C
CEBPA	CC2D2B	0.3333333333333333	C
PKNOX1	TBPL1	0.3333333333333333	C
POU2F1	ALB	0.3333333333333333	C
POU2F1	ATG2B	0.3333333333333333	C
POU2F1	ABI3BP	0.3333333333333333	C
CEBPA	CBL	0.3333333333333333	C
PKNOX1	WSCD2	0.3333333333333333	C
PKNOX1	WNT3	0.3333333333333333	C
PKNOX1	TUSC3	0.3333333333333333	C
CEBPA	CATSPERZ	0.3333333333333333	C
PKNOX1	TNS1	0.3333333333333333	C
CEBPA	CASTOR3P	0.3333333333333333	C
PKNOX1	THADA	0.3333333333333333	C
PKNOX1	TECR	0.3333333333333333	C
POU2F1	AKR1C3	0.3333333333333333	C
STAT1	RIMS3	0.3333333333333333	C
POU2F2	CHD9	0.3333333333333333	C
RUNX1	C1QTNF9B	0.3333333333333333	C
RUNX3	POU2F2	0.3333333333333333	C
POU2F2	RUNX3	0.3333333333333333	C
STAT1	ROBO1	0.3333333333333333	C
RUNX1	POU2F2	0.3333333333333333	C
POU2F2	RHOH	0.3333333333333333	C
POU2F2	RHBDF2	0.3333333333333333	C
POU2F2	REL	0.3333333333333333	C
POU2F2	RABGAP1L	0.3333333333333333	C
STAT1	RPAP1	0.3333333333333333	C
CEBPA	CLN6	0.3333333333333333	C
POU2F2	PTPRJ	0.3333333333333333	C
STAT1	RPS16	0.3333333333333333	C
POU2F2	PRKCB	0.3333333333333333	C
POU2F2	PREX1	0.3333333333333333	C
STAT1	RPS6KA2	0.3333333333333333	C
STAT1	RPS9	0.3333333333333333	C
CTCF	NPY1R	0.3333333333333333	C
POU2F2	PLEK	0.3333333333333333	C
POU2F2	PIK3R6	0.3333333333333333	C
STAT1	RSAD2	0.3333333333333333	C
CEBPA	CLGN	0.3333333333333333	C
STAT1	RUNDC1	0.3333333333333333	C
POU2F2	PIK3R5	0.3333333333333333	C
POU2F2	RYR1	0.3333333333333333	C
STAT1	RNF220	0.3333333333333333	C
POU2F2	SBNO2	0.3333333333333333	C
POU2F2	SCAPER	0.3333333333333333	C
CEBPA	COBLL1	0.3333333333333333	C
POU3F2	KCNN3	0.3333333333333333	C
POU2F2	ZNF532	0.3333333333333333	C
NR5A2	CYP7A1	-0.3333333333333333	C
POU2F2	ZCCHC2	0.3333333333333333	C
STAT1	RIPK3	0.3333333333333333	C
RUNX1	CDC14A	0.3333333333333333	C
POU2F2	VWA3B	0.3333333333333333	C
POU2F2	TRAF3	0.3333333333333333	C
CTCF	NOS2	0.3333333333333333	C
POU2F2	TNFRSF13B	0.3333333333333333	C
POU2F2	PDZD2	0.3333333333333333	C
CEBPA	CNOT1	0.3333333333333333	C
POU2F2	TMC6	0.3333333333333333	C
POU2F2	TCF4	0.3333333333333333	C
STAT1	RNF130	0.3333333333333333	C
STAT1	RNF145	0.3333333333333333	C
POU2F2	TBXAS1	0.3333333333333333	C
STAT1	RNF186	0.3333333333333333	C
CTCF	NOS3	0.3333333333333333	C
CTCF	NOXA1	0.3333333333333333	C
POU2F2	SORBS2	0.3333333333333333	C
POU2F2	SMAD3	0.3333333333333333	C
POU2F2	SEMA4D	0.3333333333333333	C
POU2F2	TNFAIP8	0.3333333333333333	C
CEBPA	CLCN5	0.3333333333333333	C
POU2F2	P2RY8	0.3333333333333333	C
POU2F2	OSBPL3	0.3333333333333333	C
CEBPA	CFB	0.3333333333333333	C
POU2F2	IL21R	0.3333333333333333	C
CEBPA	CFAP161	0.3333333333333333	C
CEBPA	CEP350	0.3333333333333333	C
POU2F2	HIVEP3	0.3333333333333333	C
CEBPA	CEP250	0.3333333333333333	C
CEBPA	CEP128	0.3333333333333333	C
POU2F2	H2BC5	0.3333333333333333	C
POU2F2	GSE1	0.3333333333333333	C
POU2F2	GRIP1	0.3333333333333333	C
POU2F2	GPR15	0.3333333333333333	C
POU2F2	INPP4A	0.3333333333333333	C
POU2F2	GPCPD1	0.3333333333333333	C
POU2F2	EGR2	0.3333333333333333	C
CEBPA	CDKL5	0.3333333333333333	C
POU2F2	EGLN3	0.3333333333333333	C
STAT1	SHFL	0.3333333333333333	C
POU2F2	DST	0.3333333333333333	C
POU2F2	DPYSL2	0.3333333333333333	C
POU2F2	DOCK9	0.3333333333333333	C
POU2F2	DOCK2	0.3333333333333333	C
POU2F2	DOCK10	0.3333333333333333	C
POU2F2	DLGAP4	0.3333333333333333	C
POU2F2	COTL1	0.3333333333333333	C
POU2F2	EHMT1	0.3333333333333333	C
POU2F2	CIITA	0.3333333333333333	C
POU2F2	INPP5D	0.3333333333333333	C
STAT1	SGCZ	0.3333333333333333	C
STAT1	SAFB	0.3333333333333333	C
POU2F2	NLRC5	0.3333333333333333	C
CEBPA	CHRNA6	0.3333333333333333	C
CEBPA	CHPT1	0.3333333333333333	C
POU2F2	NEDD9	0.3333333333333333	C
POU2F2	NEDD4L	0.3333333333333333	C
POU2F2	MYH9	0.3333333333333333	C
STAT1	SCAMP2	0.3333333333333333	C
POU2F2	MAP3K8	0.3333333333333333	C
CTCF	NR6A1	0.3333333333333333	C
CTCF	DPEP2	0.3333333333333333	C
POU2F2	IPCEF1	0.3333333333333333	C
STAT1	SCHIP1	0.3333333333333333	C
POU2F2	LAT2	0.3333333333333333	C
POU2F2	KIAA1217	0.3333333333333333	C
POU2F2	KDM4B	0.3333333333333333	C
POU2F2	KDM2B	0.3333333333333333	C
CEBPA	CHEK2	0.3333333333333333	C
STAT1	SEPTIN8	0.3333333333333333	C
POU2F2	KCNN3	0.3333333333333333	C
CEBPA	CHD9	0.3333333333333333	C
STAT1	SERTAD3	0.3333333333333333	C
STAT1	SFTPB	0.3333333333333333	C
POU2F2	IRAG2	0.3333333333333333	C
POU2F2	LCP1	0.3333333333333333	C
POU5F1	SPATS2L	0.3333333333333333	C
POU5F1	SPTBN1	0.3333333333333333	C
STAT1	NAV2	0.3333333333333333	C
STAT1	FCRL5	0.3333333333333333	C
STAT1	FDCSP	0.3333333333333333	C
CEBPA	JAGN1	0.3333333333333333	C
CEBPA	IWS1	0.3333333333333333	C
STAT1	FIG4	0.3333333333333333	C
CEBPA	ITPR3	0.3333333333333333	C
STAT1	FLOT1	0.3333333333333333	C
PPARG	PXDN	0.3333333333333333	C
STAT1	FNDC1	0.3333333333333333	C
RFX5	TTC7A	0.3333333333333333	C
RUNX1	NEDD4L	0.3333333333333333	C
STAT1	FOLR1	0.3333333333333333	C
CEBPA	ITGB5	0.3333333333333333	C
CTCF	CD8A	0.3333333333333333	C
STAT1	FRAS1	0.3333333333333333	C
CEBPA	IRF2	0.3333333333333333	C
STAT1	FRYL	0.3333333333333333	C
STAT1	FSIP2	0.3333333333333333	C
STAT1	FUT5	0.3333333333333333	C
STAT1	FUT8	0.3333333333333333	C
PPARG	PTPRM	0.3333333333333333	C
CEBPA	IQCE	0.3333333333333333	C
STAT1	FZD5	0.3333333333333333	C
RUNX1	NEK6	0.3333333333333333	C
CTCF	CCDC9B	0.3333333333333333	C
STAT1	FBXW7	0.3333333333333333	C
STAT1	FBXL5	0.3333333333333333	C
CEBPA	KIF27	0.3333333333333333	C
ATF1	EGR1	0.3333333333333333	C
PPARG	RGS3	0.3333333333333333	C
CEBPA	MATCAP2	0.3333333333333333	C
RUNX1	PACS1	0.3333333333333333	C
CEBPA	KDM8	0.3333333333333333	C
CTCF	CCDC175	0.3333333333333333	C
CTCF	CCDC83	0.3333333333333333	C
CEBPA	KCNIP4	0.3333333333333333	C
CEBPA	KBTBD3	0.3333333333333333	C
CEBPA	KANK1	0.3333333333333333	C
CEBPA	IPO7	0.3333333333333333	C
STAT1	ERP27	0.3333333333333333	C
RUNX1	NFYC	0.3333333333333333	C
STAT1	EXO1	0.3333333333333333	C
STAT1	EXPH5	0.3333333333333333	C
STAT1	VCF1	0.3333333333333333	C
STAT1	FAM120A	0.3333333333333333	C
STAT1	FAM120C	0.3333333333333333	C
STAT1	GARIN5B	0.3333333333333333	C
PPARG	RAD51B	0.3333333333333333	C
CEBPA	KAAG1	0.3333333333333333	C
STAT1	FBLN5	0.3333333333333333	C
STAT1	FBP1	0.3333333333333333	C
EGR1	ATF1	0.3333333333333333	C
STAT1	GAK	0.3333333333333333	C
CTCF	CDC73	0.3333333333333333	C
RUNX1	NAV2	0.3333333333333333	C
CTCF	CDK14	0.3333333333333333	C
CEBPA	IKZF2	0.3333333333333333	C
STAT1	GNG12	0.3333333333333333	C
STAT1	GNS	0.3333333333333333	C
CTCF	CDK9	0.3333333333333333	C
RUNX1	MCC	0.3333333333333333	C
STAT1	GOLGA2	0.3333333333333333	C
STAT1	GP5	0.3333333333333333	C
STAT1	GPATCH4	0.3333333333333333	C
PPARG	PDHA1	0.3333333333333333	C
PPARG	PDE4B	0.3333333333333333	C
RUNX1	MICAL2	0.3333333333333333	C
PPARG	PCCA	0.3333333333333333	C
RFX5	WIPF2	0.3333333333333333	C
CEBPA	IDH3A	0.3333333333333333	C
RFX5	ZNF672	0.3333333333333333	C
STAT1	GPR68	0.3333333333333333	C
CEBPA	HSPB1	0.3333333333333333	C
CEBPA	HSPA8	0.3333333333333333	C
PPARG	PALMD	0.3333333333333333	C
CTCF	CELF5	0.3333333333333333	C
RUNX1	AAK1	0.3333333333333333	C
STAT1	GRIN2B	0.3333333333333333	C
PPARG	PALM2AKAP2	0.3333333333333333	C
RFX5	VPS26C	0.3333333333333333	C
CTCF	CCDC149	0.3333333333333333	C
STAT1	GMPPB	0.3333333333333333	C
PPARG	PLEKHA7	0.3333333333333333	C
PPARG	PRKCH	0.3333333333333333	C
STAT1	GALNT10	0.3333333333333333	C
PPARG	PPP3CA	0.3333333333333333	C
STAT1	GALNT13	0.3333333333333333	C
STAT1	GALNT3	0.3333333333333333	C
STAT1	GAS1	0.3333333333333333	C
CEBPA	IPO5	0.3333333333333333	C
RUNX1	MYO3B	0.3333333333333333	C
STAT1	GBF1	0.3333333333333333	C
CTCF	CDH24	0.3333333333333333	C
STAT1	GCLM	0.3333333333333333	C
CEBPA	IL1R2	0.3333333333333333	C
RUNX1	MTA3	0.3333333333333333	C
STAT1	GDF15	0.3333333333333333	C
STAT1	GEN1	0.3333333333333333	C
PPARG	PLXNA2	0.3333333333333333	C
STAT1	GGPS1	0.3333333333333333	C
STAT1	GGT1	0.3333333333333333	C
STAT1	GKN1	0.3333333333333333	C
RFX5	TTC9C	0.3333333333333333	C
RUNX1	MPZL1	0.3333333333333333	C
STAT1	GLRA3	0.3333333333333333	C
STAT1	GLUD1	0.3333333333333333	C
STAT1	GLYAT	0.3333333333333333	C
CEBPA	INSIG2	0.3333333333333333	C
PPARG	NRP1	0.3333333333333333	C
PPARG	RTN4	0.3333333333333333	C
PPARG	SLC25A20	0.3333333333333333	C
PRDM14	KLHL35	0.3333333333333333	C
RFX5	THADA	0.3333333333333333	C
STAT1	CIB1	0.3333333333333333	C
CEBPA	ME3	0.3333333333333333	C
STAT1	CITED4	0.3333333333333333	C
PRDM1	FXR2	0.3333333333333333	C
STAT1	CLASP1	0.3333333333333333	C
RFX5	TMEM231	0.3333333333333333	C
PRDM1	FSTL5	0.3333333333333333	C
STAT1	CLIP1	0.3333333333333333	C
RFX5	TOP2B	0.3333333333333333	C
STAT1	CLIP4	0.3333333333333333	C
RFX5	TPP1	0.3333333333333333	C
CTCF	CALB2	0.3333333333333333	C
RUNX1	PLA2G4E	0.3333333333333333	C
STAT1	CMTM2	0.3333333333333333	C
PRDM1	EVI5L	0.3333333333333333	C
STAT1	COA4	0.3333333333333333	C
PRDM1	ERG	0.3333333333333333	C
STAT1	COL14A1	0.3333333333333333	C
RFX5	TRAK1	0.3333333333333333	C
PRDM1	DMD	0.3333333333333333	C
STAT1	COMMD7	0.3333333333333333	C
PRDM1	IFIT2	0.3333333333333333	C
PRDM1	IL18	0.3333333333333333	C
CTCF	INTS15	0.3333333333333333	C
CTCF	C5orf47	0.3333333333333333	C
STAT1	CDH16	0.3333333333333333	C
CTCF	CFAP276	0.3333333333333333	C
CEBPA	MRPL3	0.3333333333333333	C
CEBPA	MOB1A	0.3333333333333333	C
PRDM1	LMO7	0.3333333333333333	C
CEBPA	MMD	0.3333333333333333	C
PRDM1	LGR4	0.3333333333333333	C
CEBPA	MLLT10	0.3333333333333333	C
STAT1	CDKL3	0.3333333333333333	C
CEBPA	MIIP	0.3333333333333333	C
PRDM1	KCNK1	0.3333333333333333	C
PRDM1	DLG2	0.3333333333333333	C
CTCF	C1orf52	0.3333333333333333	C
STAT1	CEP162	0.3333333333333333	C
STAT1	CEP250	0.3333333333333333	C
STAT1	CEP57L1	0.3333333333333333	C
STAT1	CFAP298	0.3333333333333333	C
PRDM1	IL24	0.3333333333333333	C
CEBPA	MGAT3	0.3333333333333333	C
CEBPA	METTL25	0.3333333333333333	C
STAT1	CGN	0.3333333333333333	C
RUNX1	PTCH1	0.3333333333333333	C
CTCF	C1QBP	0.3333333333333333	C
CEBPA	MEF2A	0.3333333333333333	C
STAT1	CENPF	0.3333333333333333	C
CEBPA	MBD3L1	0.3333333333333333	C
STAT1	CRYGC	0.3333333333333333	C
STAT1	CT83	0.3333333333333333	C
PPARG	TSPAN14	0.3333333333333333	C
CEBPA	LUC7L	0.3333333333333333	C
STAT1	DNAJB14	0.3333333333333333	C
CEBPA	LTBP4	0.3333333333333333	C
CEBPA	LRRTM4	0.3333333333333333	C
CEBPA	LRRC36	0.3333333333333333	C
CEBPA	LRP4	0.3333333333333333	C
RUNX1	PDE4B	0.3333333333333333	C
TCF4	PPARG	0.3333333333333333	C
STAT1	DRAM1	0.3333333333333333	C
STAT1	DRC7	0.3333333333333333	C
RUNX1	PDZK1	0.3333333333333333	C
CTCF	CBL	0.3333333333333333	C
STAT1	DST	0.3333333333333333	C
CTCF	CBX4	0.3333333333333333	C
PPARG	TACC1	0.3333333333333333	C
CTCF	CCBE1	0.3333333333333333	C
CTCF	ODAD1	0.3333333333333333	C
CTCF	CCDC144A	0.3333333333333333	C
RUNX1	PALLD	0.3333333333333333	C
STAT1	EFCC1	0.3333333333333333	C
PPARG	SLC8A1	0.3333333333333333	C
EGR1	CREB1	0.3333333333333333	C
PPARG	SLC44A1	0.3333333333333333	C
STAT1	DSP	0.3333333333333333	C
STAT1	ELAVL4	0.3333333333333333	C
STAT1	DICER1	0.3333333333333333	C
STAT1	DHRS7B	0.3333333333333333	C
RUNX1	PIM1	0.3333333333333333	C
STAT1	CTAGE1	0.3333333333333333	C
PRDM1	CRYBG1	0.3333333333333333	C
STAT1	CUTA	0.3333333333333333	C
RUNX1	PIK3AP1	0.3333333333333333	C
PRDM1	CRISPLD1	0.3333333333333333	C
STAT1	CWH43	0.3333333333333333	C
PRDM1	CREB1	0.3333333333333333	C
STAT1	CYBC1	0.3333333333333333	C
CEBPA	MAP4	0.3333333333333333	C
PRDM1	ARHGAP26	0.3333333333333333	C
RUNX1	PFKP	0.3333333333333333	C
PRDM1	ARAP2	0.3333333333333333	C
CTCF	CARM1	0.3333333333333333	C
CEBPA	MAP3K12	0.3333333333333333	C
PRDM1	APOL2	0.3333333333333333	C
PRDM1	AOAH	0.3333333333333333	C
PRDM1	ANO10	0.3333333333333333	C
RFX5	TRIM26	0.3333333333333333	C
PRDM1	ACSS2	0.3333333333333333	C
PPARG	ZEB2	0.3333333333333333	C
STAT1	DDX55	0.3333333333333333	C
CEBPA	MAD2L1	0.3333333333333333	C
CTCF	EIF4E3	0.3333333333333333	C
STAT1	CYP1B1	0.3333333333333333	C
RUNX1	MARF1	0.3333333333333333	C
STAT1	GRM7	0.3333333333333333	C
CEBPA	HOXD11	0.3333333333333333	C
CEBPA	FHIT	0.3333333333333333	C
CEBPA	FHAD1	0.3333333333333333	C
CTCF	CREM	0.3333333333333333	C
CTCF	CRHR1	0.3333333333333333	C
STAT1	MAP2K5	0.3333333333333333	C
PPARG	ABCB11	0.3333333333333333	C
RUNX1	GRHL3	0.3333333333333333	C
CEBPA	FGFR4	0.3333333333333333	C
CEBPA	FGFR1	0.3333333333333333	C
CTCF	NIPSNAP2	0.3333333333333333	C
RUNX1	GPR12	0.3333333333333333	C
RUNX1	GPR107	0.3333333333333333	C
RUNX1	GM2A	0.3333333333333333	C
RUNX1	GLIPR1L2	0.3333333333333333	C
CTCF	CSHL1	0.3333333333333333	C
CTCF	NMUR1	0.3333333333333333	C
CTCF	EEA1	0.3333333333333333	C
CEBPA	FCHO2	0.3333333333333333	C
CEBPA	FCGRT	0.3333333333333333	C
CTCF	ECT2	0.3333333333333333	C
PPARA	LIPA	0.3333333333333333	C
CTCF	NOL9	0.3333333333333333	C
PPARA	ACSL3	0.3333333333333333	C
PPARG	ABLIM1	0.3333333333333333	C
STAT1	LYPD5	0.3333333333333333	C
PPARG	ABLIM3	0.3333333333333333	C
STAT1	LTB4R	0.3333333333333333	C
STAT1	LCN12	0.3333333333333333	C
CTCF	COX8C	0.3333333333333333	C
CEBPA	FSCN1	0.3333333333333333	C
RUNX1	IL1RAP	0.3333333333333333	C
CTCF	CPD	0.3333333333333333	C
RUNX1	IFNGR1	0.3333333333333333	C
STAT1	LIMCH1	0.3333333333333333	C
RUNX1	HNRNPUL1	0.3333333333333333	C
CTCF	CRABP2	0.3333333333333333	C
RUNX1	HHLA2	0.3333333333333333	C
RUNX1	HGD	0.3333333333333333	C
CTCF	NOM1	0.3333333333333333	C
RUNX1	HECTD1	0.3333333333333333	C
PPARG	ADGRF5	0.3333333333333333	C
CEBPA	FMNL1	0.3333333333333333	C
CTCF	CRBN	0.3333333333333333	C
CTCF	NFKB2	0.3333333333333333	C
CEBPA	FLT1	0.3333333333333333	C
RUNX1	H6PD	0.3333333333333333	C
CTCF	EEF2K	0.3333333333333333	C
STAT1	LRATD2	0.3333333333333333	C
CEBPA	FKBP9	0.3333333333333333	C
CEBPA	FJX1	0.3333333333333333	C
STAT1	LRRN4	0.3333333333333333	C
RUNX1	HDAC9	0.3333333333333333	C
RUNX1	FYN	0.3333333333333333	C
CEBPA	FBXO32	0.3333333333333333	C
POU5F1	ZNF532	0.3333333333333333	C
POU5F1	TACC2	0.3333333333333333	C
STAT1	PALS1	0.3333333333333333	C
CEBPA	FAM153B	0.3333333333333333	C
STAT1	MRPL32	0.3333333333333333	C
STAT1	MRPS18A	0.3333333333333333	C
CEBPA	FAM135A	0.3333333333333333	C
STAT1	MTHFD1L	0.3333333333333333	C
STAT1	MTMR1	0.3333333333333333	C
STAT1	MTUS1	0.3333333333333333	C
CEBPA	FADS1	0.3333333333333333	C
CTCF	EARS2	0.3333333333333333	C
STAT1	MPHOSPH8	0.3333333333333333	C
SP1	SIN3A	0.3333333333333333	C
CTCF	CUL5	0.3333333333333333	C
STAT1	MYO1B	0.3333333333333333	C
POU5F1	SYNE2	0.3333333333333333	C
CTCF	CXorf58	0.3333333333333333	C
STAT1	MYO5B	0.3333333333333333	C
CTCF	CYREN	0.3333333333333333	C
CEBPA	EXOC3L4	0.3333333333333333	C
POU5F1	SYNE1	0.3333333333333333	C
POU5F1	STK10	0.3333333333333333	C
CEBPA	ERRFI1	0.3333333333333333	C
CTCF	DAO	0.3333333333333333	C
STAT1	MYO15A	0.3333333333333333	C
STAT1	LCMT2	0.3333333333333333	C
STAT1	MOXD1	0.3333333333333333	C
STAT1	MOB3C	0.3333333333333333	C
POU5F1	WNT5B	0.3333333333333333	C
STAT1	MECOM	0.3333333333333333	C
POU5F1	TRIM2	0.3333333333333333	C
CEBPA	FBLN5	0.3333333333333333	C
CEBPA	FBLIM1	0.3333333333333333	C
POU5F1	TNRC6B	0.3333333333333333	C
POU5F1	TMEM131L	0.3333333333333333	C
CEBPA	FANCI	0.3333333333333333	C
CTCF	CSMD3	0.3333333333333333	C
CEBPA	FAM234B	0.3333333333333333	C
CEBPA	FAM193B	0.3333333333333333	C
POU5F1	TCF4	0.3333333333333333	C
RUNX1	FRMD6	0.3333333333333333	C
CTCF	CSNK1G2	0.3333333333333333	C
STAT1	MIIP	0.3333333333333333	C
STAT1	MKNK1	0.3333333333333333	C
STAT1	MLN	0.3333333333333333	C
STAT1	MMP2	0.3333333333333333	C
CTCF	CT45A1	0.3333333333333333	C
STAT1	MN1	0.3333333333333333	C
POU5F1	TIAM2	0.3333333333333333	C
CTCF	CT62	0.3333333333333333	C
CEBPA	FAM181A	0.3333333333333333	C
STAT1	MOB3A	0.3333333333333333	C
POU5F1	TJP2	0.3333333333333333	C
PPARG	DDX60L	0.3333333333333333	C
STAT1	LARGE1	0.3333333333333333	C
CTCF	COL8A2	0.3333333333333333	C
CEBPA	HECTD2	0.3333333333333333	C
CEBPA	HEATR5A	0.3333333333333333	C
CEBPA	HDAC5	0.3333333333333333	C
RUNX1	LINC02693	0.3333333333333333	C
PPARG	KALRN	0.3333333333333333	C
CEBPA	H6PD	0.3333333333333333	C
CTCF	CISD3	0.3333333333333333	C
CEBPA	H4C6	0.3333333333333333	C
PPARG	ITSN1	0.3333333333333333	C
PPARG	IGF2BP2	0.3333333333333333	C
CEBPA	GTF2B	0.3333333333333333	C
CTCF	CHRNE	0.3333333333333333	C
STAT1	HOXA1	0.3333333333333333	C
STAT1	HSD17B12	0.3333333333333333	C
STAT1	ICE2	0.3333333333333333	C
STAT1	IDNK	0.3333333333333333	C
PPARG	IFRD1	0.3333333333333333	C
RUNX1	LIMS1	0.3333333333333333	C
CEBPA	GRIPAP1	0.3333333333333333	C
CEBPA	GRIP2	0.3333333333333333	C
STAT1	IFT43	0.3333333333333333	C
ESR1	NRIP1	0.3333333333333333	C
PPARG	IFNGR1	0.3333333333333333	C
CEBPA	GRIP1	0.3333333333333333	C
CEBPA	GSG1L	0.3333333333333333	C
CEBPA	GRID2	0.3333333333333333	C
PPARG	LAMA4	0.3333333333333333	C
PPARG	LIPA	0.3333333333333333	C
PPARG	NNMT	0.3333333333333333	C
CTCF	CERCAM	0.3333333333333333	C
PPARG	NEDD9	0.3333333333333333	C
STAT1	GSK3A	0.3333333333333333	C
CEBPA	HMGCL	0.3333333333333333	C
PPARG	NEDD4L	0.3333333333333333	C
PPARG	MYO1B	0.3333333333333333	C
PPARG	MME	0.3333333333333333	C
CEBPA	HJV	0.3333333333333333	C
STAT1	HCK	0.3333333333333333	C
PPARG	MMD	0.3333333333333333	C
CTCF	CHIT1	0.3333333333333333	C
PPARG	MGLL	0.3333333333333333	C
STAT1	HECTD1	0.3333333333333333	C
STAT1	HELZ	0.3333333333333333	C
RUNX1	ABCA4	0.3333333333333333	C
STAT1	HERC2	0.3333333333333333	C
RUNX1	ABCB4	0.3333333333333333	C
STAT1	HIKESHI	0.3333333333333333	C
RUNX1	LYN	0.3333333333333333	C
PPARG	MAOA	0.3333333333333333	C
CEBPA	HGSNAT	0.3333333333333333	C
PPARG	LNX1	0.3333333333333333	C
CEBPA	HELQ	0.3333333333333333	C
CTCF	CGRRF1	0.3333333333333333	C
CTCF	ARK2N	0.3333333333333333	C
CEBPA	GRIA1	0.3333333333333333	C
RUNX1	LCP1	0.3333333333333333	C
STAT1	JAKMIP3	0.3333333333333333	C
PPARG	EMP1	0.3333333333333333	C
PPARG	DTX4	0.3333333333333333	C
CEBPA	GAPDHS	0.3333333333333333	C
STAT1	KCNIP4	0.3333333333333333	C
RUNX1	ABTB2	0.3333333333333333	C
CEBPA	GADD45B	0.3333333333333333	C
CTCF	EHD2	0.3333333333333333	C
STAT1	KIAA0040	0.3333333333333333	C
STAT1	BLTP1	0.3333333333333333	C
STAT1	KIF21A	0.3333333333333333	C
PPARG	EPS8	0.3333333333333333	C
STAT1	KIT	0.3333333333333333	C
CEBPA	GABRR1	0.3333333333333333	C
RUNX1	ITGA6	0.3333333333333333	C
CEBPA	FYB1	0.3333333333333333	C
STAT1	KLHDC4	0.3333333333333333	C
STAT1	KLHDC8B	0.3333333333333333	C
CEBPA	FXYD2	0.3333333333333333	C
STAT1	KTN1	0.3333333333333333	C
CEBPA	FUT5	0.3333333333333333	C
STAT1	LAMA2	0.3333333333333333	C
CEBPA	FSTL5	0.3333333333333333	C
CEBPA	FSIP2	0.3333333333333333	C
STAT1	KLF1	0.3333333333333333	C
STAT1	IKZF4	0.3333333333333333	C
STAT1	IZUMO1	0.3333333333333333	C
RUNX1	JKAMP	0.3333333333333333	C
PPARG	HMGCS2	0.3333333333333333	C
PPARG	GNG12	0.3333333333333333	C
CEBPA	GRAMD1A	0.3333333333333333	C
PPARG	GBE1	0.3333333333333333	C
RUNX1	KRR1	0.3333333333333333	C
RUNX1	KLHL29	0.3333333333333333	C
CEBPA	GPAT3	0.3333333333333333	C
CEBPA	GNB4	0.3333333333333333	C
RUNX1	KDM8	0.3333333333333333	C
CEBPA	GNAL	0.3333333333333333	C
RUNX1	ABCC1	0.3333333333333333	C
CEBPA	GATAD2A	0.3333333333333333	C
RUNX1	KCNN3	0.3333333333333333	C
STAT1	ILF3	0.3333333333333333	C
STAT1	INCA1	0.3333333333333333	C
CTCF	CMTM3	0.3333333333333333	C
PPARG	GALNT15	0.3333333333333333	C
STAT1	INTS8	0.3333333333333333	C
CEBPA	GJB1	0.3333333333333333	C
STAT1	IPO8	0.3333333333333333	C
CTCF	CNPY2	0.3333333333333333	C
CTCF	EIF3C	0.3333333333333333	C
PPARG	FEZ2	0.3333333333333333	C
PPARG	FAR2	0.3333333333333333	C
STAT1	ILDR1	0.3333333333333333	C
PRDM14	LAMB1	0.3333333333333333	C
RXRA	TNS3	0.3333333333333333	C
CTCF	KLHDC9	0.3333333333333333	C
SOX10	PDE4D	0.3333333333333333	C
RBPJ	MKNK2	0.3333333333333333	C
SOX10	PLCG1	0.3333333333333333	C
CTCF	AAAS	0.3333333333333333	C
RBPJ	MARCHF1	0.3333333333333333	C
SOX10	SLC2A9	0.3333333333333333	C
RBPJ	LYST	0.3333333333333333	C
RBPJ	LPP	0.3333333333333333	C
SOX10	SORBS1	0.3333333333333333	C
RFX1	MAPRE2	0.3333333333333333	C
SOX10	SORBS2	0.3333333333333333	C
SOX10	NEDD4L	0.3333333333333333	C
CREM	ZDHHC14	0.3333333333333333	C
SOX10	TRAF3IP2	0.3333333333333333	C
SOX10	TRIM2	0.3333333333333333	C
SOX10	UNC5C	0.3333333333333333	C
SOX10	VPS13D	0.3333333333333333	C
SOX10	ZFC3H1	0.3333333333333333	C
RBPJ	LIMS1	0.3333333333333333	C
SOX11	AFF3	0.3333333333333333	C
SOX11	ANK2	0.3333333333333333	C
SOX11	ATP10B	0.3333333333333333	C
SOX11	CACHD1	0.3333333333333333	C
SOX11	CDH11	0.3333333333333333	C
SOX10	SPTBN1	0.3333333333333333	C
SOX11	CHODL	0.3333333333333333	C
SOX10	MYO1E	0.3333333333333333	C
SOX10	MBNL2	0.3333333333333333	C
RBPJ	NSMCE2	0.3333333333333333	C
RXRA	ATP2B2	0.3333333333333333	C
SNAPC4	TBCD	0.3333333333333333	C
SNAPC4	TECPR1	0.3333333333333333	C
SNAPC4	TMEM259	0.3333333333333333	C
SNAPC4	WDR59	0.3333333333333333	C
SNAPC4	WDR74	0.3333333333333333	C
SNAPC4	ZBTB48	0.3333333333333333	C
SNAPC4	ZNF335	0.3333333333333333	C
SOX10	AFF3	0.3333333333333333	C
SOX10	ANK3	0.3333333333333333	C
SOX10	MDGA2	0.3333333333333333	C
SOX10	ANKRD28	0.3333333333333333	C
SOX10	ARNT2	0.3333333333333333	C
CTCF	ABCA3	0.3333333333333333	C
SOX10	BCAR3	0.3333333333333333	C
SOX10	BNC2	0.3333333333333333	C
SOX10	CCN3	0.3333333333333333	C
SOX10	CPVL	0.3333333333333333	C
SOX10	FGGY	0.3333333333333333	C
SOX10	GAS7	0.3333333333333333	C
SOX10	GHR	0.3333333333333333	C
SOX10	HDAC9	0.3333333333333333	C
SOX10	IGF1R	0.3333333333333333	C
RBPJ	NIN	0.3333333333333333	C
SOX11	COL28A1	0.3333333333333333	C
SOX11	DMD	0.3333333333333333	C
RXRA	APOA5	0.3333333333333333	C
SOX13	CBX2	0.3333333333333333	C
SOX13	CFLAR	0.3333333333333333	C
RBPJ	HEYL	0.3333333333333333	C
SOX13	CLMN	0.3333333333333333	C
SOX13	CTDSP1	0.3333333333333333	C
SOX13	DAB2IP	0.3333333333333333	C
SOX13	DUSP6	0.3333333333333333	C
SOX13	EPS8	0.3333333333333333	C
SOX13	FRY	0.3333333333333333	C
SOX13	GPRC5C	0.3333333333333333	C
CREM	USP9X	0.3333333333333333	C
SOX13	CARD10	0.3333333333333333	C
SOX13	HLF	0.3333333333333333	C
SOX13	KIAA1217	0.3333333333333333	C
SOX13	KYAT1	0.3333333333333333	C
RBPJ	GSN	0.3333333333333333	C
SOX13	LIMD1	0.3333333333333333	C
CREM	UBE2H	0.3333333333333333	C
RBPJ	GPCPD1	0.3333333333333333	C
SOX13	MAP4K4	0.3333333333333333	C
SOX13	MTSS1	0.3333333333333333	C
SOX13	MYOM1	0.3333333333333333	C
SOX13	NID1	0.3333333333333333	C
SOX13	NKD1	0.3333333333333333	C
SOX13	JAG1	0.3333333333333333	C
SOX13	BMF	0.3333333333333333	C
RBPJ	IFNGR1	0.3333333333333333	C
SOX13	AXIN2	0.3333333333333333	C
SOX11	DOCK4	0.3333333333333333	C
SOX11	DST	0.3333333333333333	C
SOX11	EPHA7	0.3333333333333333	C
RBPJ	IRF8	0.3333333333333333	C
RXRA	ANK3	0.3333333333333333	C
SOX11	ERC1	0.3333333333333333	C
SOX11	GRIA2	0.3333333333333333	C
SOX11	MAP4K4	0.3333333333333333	C
SOX11	MECOM	0.3333333333333333	C
SOX11	MID1	0.3333333333333333	C
SOX11	NEDD4L	0.3333333333333333	C
SOX11	PCLO	0.3333333333333333	C
RBPJ	INPP4A	0.3333333333333333	C
SOX11	PTK2	0.3333333333333333	C
RBPJ	IL16	0.3333333333333333	C
SOX11	RAPGEF4	0.3333333333333333	C
SOX11	RAPGEF5	0.3333333333333333	C
SOX11	RIMS1	0.3333333333333333	C
SOX11	RIMS2	0.3333333333333333	C
SOX11	RP1	0.3333333333333333	C
SOX11	SOX5	0.3333333333333333	C
SOX11	TANC1	0.3333333333333333	C
SOX11	TEAD1	0.3333333333333333	C
SOX11	ZBTB20	0.3333333333333333	C
SOX13	AFF1	0.3333333333333333	C
RBPJ	NUMB	0.3333333333333333	C
SOX13	NR2F2	0.3333333333333333	C
SNAPC4	TAB1	0.3333333333333333	C
RFX1	LY6G5C	0.3333333333333333	C
SNAI2	MPRIP	0.3333333333333333	C
SNAI2	NADSYN1	0.3333333333333333	C
RELA	BCOR	0.3333333333333333	C
SNAI2	NEDD4L	0.3333333333333333	C
RELA	BBC3	0.3333333333333333	C
SNAI2	NSD2	0.3333333333333333	C
RELA	ATP8B4	0.3333333333333333	C
RELA	ARID1A	0.3333333333333333	C
SNAI2	NTMT1	0.3333333333333333	C
SNAI2	NUDT14	0.3333333333333333	C
SNAI2	PARVB	0.3333333333333333	C
SNAI2	MKNK2	0.3333333333333333	C
SNAI2	PIEZO1	0.3333333333333333	C
SNAI2	RBCK1	0.3333333333333333	C
RELA	ARHGAP24	0.3333333333333333	C
SNAI2	SEMA4B	0.3333333333333333	C
SNAI2	SERINC2	0.3333333333333333	C
SNAI2	SH3PXD2B	0.3333333333333333	C
RELA	ANK3	0.3333333333333333	C
RXRA	CYP27A1	0.3333333333333333	C
SNAI2	SKI	0.3333333333333333	C
SNAI2	SLC25A10	0.3333333333333333	C
SNAI2	SPIDR	0.3333333333333333	C
REL	CXCL3	0.3333333333333333	C
SNAI2	PRKAG2	0.3333333333333333	C
SNAI2	SULT2B1	0.3333333333333333	C
SNAI2	MED15	0.3333333333333333	C
RELA	CHD9	0.3333333333333333	C
RXRA	GSE1	0.3333333333333333	C
RELA	FLT1	0.3333333333333333	C
RELA	FCHSD2	0.3333333333333333	C
SNAI2	KIFC3	0.3333333333333333	C
RXRA	GALNT2	0.3333333333333333	C
CTCF	FAF2	0.3333333333333333	C
SNAI2	LAMA3	0.3333333333333333	C
CTCF	FAM13A	0.3333333333333333	C
RXRA	FOXP1	0.3333333333333333	C
RELA	EHD1	0.3333333333333333	C
SNAI2	LONP1	0.3333333333333333	C
RELA	CCDC57	0.3333333333333333	C
CTCF	FHIP2A	0.3333333333333333	C
RELA	DST	0.3333333333333333	C
RELA	DENND1A	0.3333333333333333	C
RELA	CYTH1	0.3333333333333333	C
RXRA	DHRS3	0.3333333333333333	C
SNAI2	LRP1	0.3333333333333333	C
RELA	CTNNA1	0.3333333333333333	C
RELA	CSRP1	0.3333333333333333	C
SNAI2	LRRFIP1	0.3333333333333333	C
SNAI2	MAFK	0.3333333333333333	C
SNAI2	MBP	0.3333333333333333	C
CTCF	FAM167A	0.3333333333333333	C
RFX1	EHD1	0.3333333333333333	C
SNAI2	SUN1	0.3333333333333333	C
RFX1	FHAD1	0.3333333333333333	C
SNAI2	TACC2	0.3333333333333333	C
SNAPC4	MBD3	0.3333333333333333	C
RBPJ	SEMA4D	0.3333333333333333	C
RBPJ	RUNX1	0.3333333333333333	C
RFX1	ITFG2	0.3333333333333333	C
SNAPC4	MYO9B	0.3333333333333333	C
RBPJ	RFX3	0.3333333333333333	C
SNAPC4	NUP85	0.3333333333333333	C
RFX1	KATNIP	0.3333333333333333	C
RBPJ	PMAIP1	0.3333333333333333	C
SNAPC4	PARP2	0.3333333333333333	C
RBPJ	PLEC	0.3333333333333333	C
RBPJ	SH3KBP1	0.3333333333333333	C
RBPJ	PIP4K2A	0.3333333333333333	C
SNAPC4	PELP1	0.3333333333333333	C
SNAPC4	PRPF31	0.3333333333333333	C
SNAPC4	PRR19	0.3333333333333333	C
RBPJ	PIK3AP1	0.3333333333333333	C
SNAPC4	QTRT1	0.3333333333333333	C
SNAPC4	RAB40C	0.3333333333333333	C
SNAPC4	RINT1	0.3333333333333333	C
SNAPC4	SCAP	0.3333333333333333	C
SNAPC4	SH2D3A	0.3333333333333333	C
SNAPC4	SPG7	0.3333333333333333	C
RBPJ	PEX5L	0.3333333333333333	C
SNAPC4	PASK	0.3333333333333333	C
RBPJ	SIPA1L1	0.3333333333333333	C
RXRA	C20orf204	0.3333333333333333	C
RBPJ	SLC12A8	0.3333333333333333	C
RXRA	CTDSP1	0.3333333333333333	C
REL	CXCL1	0.3333333333333333	C
RBPJ	ZBTB38	0.3333333333333333	C
SNAI2	TTYH3	0.3333333333333333	C
SNAI2	VASP	0.3333333333333333	C
RBPJ	WWTR1	0.3333333333333333	C
SNAI2	VGLL4	0.3333333333333333	C
SNAI2	WSCD1	0.3333333333333333	C
SNAPC4	ANAPC7	0.3333333333333333	C
SNAPC4	BRF1	0.3333333333333333	C
SNAPC4	CACTIN	0.3333333333333333	C
RFX1	GPR137	0.3333333333333333	C
SNAPC4	DLK2	0.3333333333333333	C
SNAPC4	DNMT1	0.3333333333333333	C
RXRA	CPT1C	0.3333333333333333	C
RFX1	IP6K2	0.3333333333333333	C
RBPJ	TNIP1	0.3333333333333333	C
CTCF	ADAMTSL5	0.3333333333333333	C
RBPJ	THADA	0.3333333333333333	C
RFX1	IQCH	0.3333333333333333	C
RBPJ	TCF4	0.3333333333333333	C
SNAPC4	ELAC2	0.3333333333333333	C
SNAPC4	FBXL19	0.3333333333333333	C
RBPJ	SNX25	0.3333333333333333	C
SNAPC4	LRSAM1	0.3333333333333333	C
RBPJ	PAG1	0.3333333333333333	C
SNAI2	KDM4B	0.3333333333333333	C
RBPJ	GPATCH2L	0.3333333333333333	C
SOX13	PIK3R1	0.3333333333333333	C
CREB3	ST3GAL2	0.3333333333333333	C
SOX2	DPF1	0.3333333333333333	C
CREB3	SRGN	0.3333333333333333	C
CREB3	RUNX1	0.3333333333333333	C
SOX2	DSG4	0.3333333333333333	C
CREB3	PTTG1IP	0.3333333333333333	C
RARA	TNRC18	0.3333333333333333	C
CREB3	PCNA	0.3333333333333333	C
CREB3	PCBP1	0.3333333333333333	C
CREB3	NEBL	0.3333333333333333	C
SOX2	EHBP1	0.3333333333333333	C
CREB3	STAT3	0.3333333333333333	C
CREB3	MTHFR	0.3333333333333333	C
CREB3	MAD2L1BP	0.3333333333333333	C
CREB3	LAMTOR5	0.3333333333333333	C
RARA	TNK2	0.3333333333333333	C
CREB3	GALNT2	0.3333333333333333	C
RUNX3	TCTN1	0.3333333333333333	C
SOX2	EPB41L1	0.3333333333333333	C
CREB3	FAAP20	0.3333333333333333	C
RARA	TLE3	0.3333333333333333	C
CREB3	ESYT2	0.3333333333333333	C
RARA	TFEB	0.3333333333333333	C
CREB3	DTNBP1	0.3333333333333333	C
SOX2	ELAVL4	0.3333333333333333	C
CREB3	DNAJB12	0.3333333333333333	C
CREB3	STON2	0.3333333333333333	C
CREB3	UTP11	0.3333333333333333	C
CREB3L1	STARD10	0.3333333333333333	C
CREB3L1	STAR	0.3333333333333333	C
CREB3L1	SERPINH1	0.3333333333333333	C
SOX2	CRYL1	0.3333333333333333	C
CREB3L1	RUNX1	0.3333333333333333	C
CREB3L1	PLEC	0.3333333333333333	C
SOX2	CTAGE1	0.3333333333333333	C
CREB3L1	PARVB	0.3333333333333333	C
CREB3L1	NRSN2	0.3333333333333333	C
CREB3L1	MTDH	0.3333333333333333	C
CREB3L1	MAD2L1BP	0.3333333333333333	C
CREB3	SUB1	0.3333333333333333	C
CREB3L1	KCNK1	0.3333333333333333	C
RARA	TNS1	0.3333333333333333	C
CREB3L1	HMGB1	0.3333333333333333	C
SOX2	DCX	0.3333333333333333	C
CREB3L1	FNDC3B	0.3333333333333333	C
SOX2	DEPDC5	0.3333333333333333	C
CREB3L1	CERCAM	0.3333333333333333	C
CREB3L1	BCAR1	0.3333333333333333	C
CREB3L1	ASPH	0.3333333333333333	C
CREB3L1	ARID1A	0.3333333333333333	C
RFX1	PDE4A	0.3333333333333333	C
CREB3L1	ARHGEF1	0.3333333333333333	C
SOX2	DCDC1	0.3333333333333333	C
CREB3	CHCHD6	0.3333333333333333	C
SOX2	ERCC4	0.3333333333333333	C
CREB3	CAP1	0.3333333333333333	C
SOX2	FMNL3	0.3333333333333333	C
SOX2	FNDC3A	0.3333333333333333	C
RARA	SH2B3	0.3333333333333333	C
CREB1	SPAG9	0.3333333333333333	C
RARA	SH2B1	0.3333333333333333	C
CREB1	SND1	0.3333333333333333	C
RUNX3	ST8SIA4	0.3333333333333333	C
CREB1	SLC25A25	0.3333333333333333	C
RUNX3	ST6GAL1	0.3333333333333333	C
SOX2	FSIP1	0.3333333333333333	C
SOX2	FSTL5	0.3333333333333333	C
RARA	SIGIRR	0.3333333333333333	C
SOX2	FTO	0.3333333333333333	C
RFX1	SWSAP1	0.3333333333333333	C
SOX2	GHR	0.3333333333333333	C
SOX2	GLIS3	0.3333333333333333	C
SOX2	GNAS	0.3333333333333333	C
SOX2	GNG2	0.3333333333333333	C
SOX2	GNG8	0.3333333333333333	C
RARA	SEC14L1	0.3333333333333333	C
SOX2	GPM6B	0.3333333333333333	C
CTCF	FBXO34	0.3333333333333333	C
RUNX3	SP140	0.3333333333333333	C
SOX2	GPT2	0.3333333333333333	C
SOX2	GADD45A	0.3333333333333333	C
CTCF	EPN2	0.3333333333333333	C
RFX1	SREK1	0.3333333333333333	C
RFX1	SPATA2	0.3333333333333333	C
RARA	TAGLN2	0.3333333333333333	C
CREB3	BHLHE40	0.3333333333333333	C
CREB3	ANO10	0.3333333333333333	C
CREB1	ZC3H4	0.3333333333333333	C
CREB1	ZBTB38	0.3333333333333333	C
CREB1	VASP	0.3333333333333333	C
RARA	SYTL1	0.3333333333333333	C
RFX1	PSMB7	0.3333333333333333	C
RUNX3	SYNE1	0.3333333333333333	C
RARA	STIM2	0.3333333333333333	C
SOX2	EYA2	0.3333333333333333	C
SOX2	FABP6	0.3333333333333333	C
CREB1	UTRN	0.3333333333333333	C
CTCF	FAM83D	0.3333333333333333	C
CREB1	UBE2H	0.3333333333333333	C
RARA	SPHK1	0.3333333333333333	C
CREB1	UBC	0.3333333333333333	C
CTCF	FAM98C	0.3333333333333333	C
CREB1	TRAK1	0.3333333333333333	C
CREB1	THADA	0.3333333333333333	C
RFX1	RFX2	0.3333333333333333	C
CREB1	TEAD1	0.3333333333333333	C
RFX1	RIIAD1	0.3333333333333333	C
RARA	SMAD7	0.3333333333333333	C
RUNX3	STK10	0.3333333333333333	C
SOX2	COL22A1	0.3333333333333333	C
RBPJ	GNA12	0.3333333333333333	C
SOX2	COL15A1	0.3333333333333333	C
CREB3L1	UBC	0.3333333333333333	C
CREM	SUB1	0.3333333333333333	C
RBPJ	CXCR4	0.3333333333333333	C
SOX2	ADGRG6	0.3333333333333333	C
CREM	ST7	0.3333333333333333	C
CREM	SND1	0.3333333333333333	C
SOX2	AFAP1	0.3333333333333333	C
CREM	SLC25A25	0.3333333333333333	C
CREM	SH3BP5	0.3333333333333333	C
CREM	SH2B3	0.3333333333333333	C
CREM	RREB1	0.3333333333333333	C
SOX2	ALDH1A2	0.3333333333333333	C
TCF7	CREM	0.3333333333333333	C
RBPJ	CEP85L	0.3333333333333333	C
CREM	RARA	0.3333333333333333	C
CREM	PTPRU	0.3333333333333333	C
SOX2	ANK3	0.3333333333333333	C
CREM	PTPRS	0.3333333333333333	C
CREM	PTP4A2	0.3333333333333333	C
CREM	PTMA	0.3333333333333333	C
CREM	PRKCZ	0.3333333333333333	C
SOX2	APLNR	0.3333333333333333	C
RBPJ	CDK17	0.3333333333333333	C
CREM	PRKCE	0.3333333333333333	C
CREM	PLCL2	0.3333333333333333	C
SOX2	ALG6	0.3333333333333333	C
RXRA	ADAP1	0.3333333333333333	C
SOX2	ACKR3	0.3333333333333333	C
RBPJ	DPYSL2	0.3333333333333333	C
SOX13	PIM1	0.3333333333333333	C
RBPJ	GAS7	0.3333333333333333	C
CTCF	FAM178B	0.3333333333333333	C
SOX13	PTP4A1	0.3333333333333333	C
SOX13	RCAN1	0.3333333333333333	C
RXRA	AHNAK	0.3333333333333333	C
SOX13	RERE	0.3333333333333333	C
SOX13	RGS12	0.3333333333333333	C
SOX13	SCARB1	0.3333333333333333	C
SOX13	SERPINA1	0.3333333333333333	C
SOX13	SMOC1	0.3333333333333333	C
CREM	TGIF1	0.3333333333333333	C
SOX13	SORBS3	0.3333333333333333	C
RBPJ	FMNL2	0.3333333333333333	C
SOX13	SOX6	0.3333333333333333	C
SOX13	SYN3	0.3333333333333333	C
SOX13	TGIF1	0.3333333333333333	C
SOX13	TTLL4	0.3333333333333333	C
CREM	TRIM69	0.3333333333333333	C
SOX2	ABCB5	0.3333333333333333	C
SOX2	ABCC12	0.3333333333333333	C
RBPJ	FCHSD2	0.3333333333333333	C
RBPJ	FAM167A	0.3333333333333333	C
CREM	THADA	0.3333333333333333	C
SOX13	SOX5	0.3333333333333333	C
CREM	PDE4B	0.3333333333333333	C
RXRA	ACTN1	0.3333333333333333	C
SOX2	ARHGEF10L	0.3333333333333333	C
CREM	GADD45A	0.3333333333333333	C
CREM	FSCN1	0.3333333333333333	C
RARG	SERPINF1	0.3333333333333333	C
RARG	MAPK1	0.3333333333333333	C
CREM	FOXP1	0.3333333333333333	C
RARB	SERPINF1	0.3333333333333333	C
RUNX3	UXS1	0.3333333333333333	C
CREM	ESYT2	0.3333333333333333	C
CREM	ERN1	0.3333333333333333	C
CTCF	FAM3C	0.3333333333333333	C
RARA	XXYLT1	0.3333333333333333	C
CREM	GATA2	0.3333333333333333	C
CREM	CREB5	0.3333333333333333	C
SOX2	CHAT	0.3333333333333333	C
CREM	CMIP	0.3333333333333333	C
RUNX3	TIAM2	0.3333333333333333	C
CREM	ATF3	0.3333333333333333	C
RARA	VPS13D	0.3333333333333333	C
CREM	ARID5B	0.3333333333333333	C
CREM	ARID1A	0.3333333333333333	C
CREB5	POU1F1	0.3333333333333333	C
CREB3L2	CPT1C	0.3333333333333333	C
RARA	VGLL4	0.3333333333333333	C
RARA	TRIOBP	0.3333333333333333	C
CREM	CREB3L2	0.3333333333333333	C
SOX2	CCDC88A	0.3333333333333333	C
RARG	SMARCA2	0.3333333333333333	C
SOX2	CCDC57	0.3333333333333333	C
CREM	NR4A2	0.3333333333333333	C
RUNX3	XXYLT1	0.3333333333333333	C
RBPJ	CBLB	0.3333333333333333	C
RBPJ	CASP8	0.3333333333333333	C
CREM	NAV2	0.3333333333333333	C
SOX2	ATL1	0.3333333333333333	C
CREM	MSI2	0.3333333333333333	C
SOX2	BANF2	0.3333333333333333	C
RBPJ	BCAT1	0.3333333333333333	C
CREM	LPCAT1	0.3333333333333333	C
RUNX3	WIPF1	0.3333333333333333	C
CREM	LITAF	0.3333333333333333	C
CREM	LIMS1	0.3333333333333333	C
SOX2	BNC2	0.3333333333333333	C
SOX2	C1orf87	0.3333333333333333	C
RBPJ	ASAP1	0.3333333333333333	C
SOX2	C2CD2	0.3333333333333333	C
SOX2	SPATA31G1	0.3333333333333333	C
SOX2	CACHD1	0.3333333333333333	C
RBPJ	ARHGEF3	0.3333333333333333	C
CREM	KDM4C	0.3333333333333333	C
CREM	HIVEP2	0.3333333333333333	C
CREM	HDAC4	0.3333333333333333	C
RBPJ	ANKRD44	0.3333333333333333	C
RBPJ	AMPD3	0.3333333333333333	C
CREB3L1	TXNDC5	0.3333333333333333	C
CREB1	RREB1	0.3333333333333333	C
RELA	FNDC3B	0.3333333333333333	C
RELA	HECW2	0.3333333333333333	C
REST	SLC8A2	0.3333333333333333	C
SMAD1	IGF2R	0.3333333333333333	C
RELB	WNT10A	0.3333333333333333	C
RELB	UBTF	0.3333333333333333	C
SMAD1	LYN	0.3333333333333333	C
RELB	UBR5	0.3333333333333333	C
RELB	UBE2Z	0.3333333333333333	C
SMAD1	MRPS27	0.3333333333333333	C
SMAD1	STK32B	0.3333333333333333	C
RELB	TRPV3	0.3333333333333333	C
TAL1	SMAD1	0.3333333333333333	C
RXRA	SKI	0.3333333333333333	C
SMAD1	TANC1	0.3333333333333333	C
CTCF	ERMN	0.3333333333333333	C
RELB	TMTC2	0.3333333333333333	C
SMAD1	XPO7	0.3333333333333333	C
ESR1	ADA	0.3333333333333333	C
REST	MTCL3	0.3333333333333333	C
SMAD1	ZNF521	0.3333333333333333	C
SMAD3	ABCA4	0.3333333333333333	C
SMAD3	AFAP1	0.3333333333333333	C
RELB	TAGLN2	0.3333333333333333	C
SMAD3	ANK3	0.3333333333333333	C
RXRA	SCAP	0.3333333333333333	C
RXRA	SEPTIN9	0.3333333333333333	C
RXRA	RHO	0.3333333333333333	C
RXRA	SLC25A6	0.3333333333333333	C
SMAD1	ARID1A	0.3333333333333333	C
SIX5	SH2B1	0.3333333333333333	C
RXRA	SMAD3	0.3333333333333333	C
SIX5	SLC4A2	0.3333333333333333	C
REST	CNTNAP2	0.3333333333333333	C
REST	CHST8	0.3333333333333333	C
SIX5	SPHK2	0.3333333333333333	C
SIX5	TBC1D17	0.3333333333333333	C
SIX5	TCEA2	0.3333333333333333	C
SIX5	THAP11	0.3333333333333333	C
REST	CHD9	0.3333333333333333	C
SIX5	TSPAN4	0.3333333333333333	C
SMAD1	CTNNB1	0.3333333333333333	C
SIX5	ZNF219	0.3333333333333333	C
REST	CDH23	0.3333333333333333	C
REST	CADPS	0.3333333333333333	C
SIX5	ZNF524	0.3333333333333333	C
REST	BBC3	0.3333333333333333	C
REST	SH2D3C	0.3333333333333333	C
REST	BARHL1	0.3333333333333333	C
REST	AP3B2	0.3333333333333333	C
REST	ACSL6	0.3333333333333333	C
REST	ACAP3	0.3333333333333333	C
SIX5	ZNF837	0.3333333333333333	C
SMAD1	ARHGEF3	0.3333333333333333	C
SIX5	ZNF500	0.3333333333333333	C
RXRA	RERE	0.3333333333333333	C
SMAD3	ARHGAP42	0.3333333333333333	C
SMAD3	ARHGEF3	0.3333333333333333	C
SMAD3	HRH1	0.3333333333333333	C
REST	SYNDIG1L	0.3333333333333333	C
SMAD3	IGF2BP2	0.3333333333333333	C
SMAD3	IL12RB1	0.3333333333333333	C
SMAD3	KCNJ15	0.3333333333333333	C
RELB	PDE4B	0.3333333333333333	C
SMAD3	KDM4C	0.3333333333333333	C
RELB	PARP12	0.3333333333333333	C
CTCF	ADAMTS13	0.3333333333333333	C
SMAD3	MACF1	0.3333333333333333	C
CTCF	ABLIM3	0.3333333333333333	C
SMAD3	HIVEP2	0.3333333333333333	C
RXRA	PLCB1	0.3333333333333333	C
RXRA	PHACTR2	0.3333333333333333	C
RXRA	PDGFC	0.3333333333333333	C
RELB	NOL4L	0.3333333333333333	C
SMAD3	MED15	0.3333333333333333	C
SMAD3	MID1	0.3333333333333333	C
SMAD3	MPRIP	0.3333333333333333	C
RELB	NFKBIA	0.3333333333333333	C
RELB	NEURL3	0.3333333333333333	C
SMAD3	MYLK	0.3333333333333333	C
RXRA	NREP	0.3333333333333333	C
SMAD3	NABP1	0.3333333333333333	C
SMAD3	MBP	0.3333333333333333	C
RXRA	PLIN5	0.3333333333333333	C
RELB	PDE5A	0.3333333333333333	C
RXRA	PLXNA2	0.3333333333333333	C
SMAD3	CAMK2D	0.3333333333333333	C
RELB	STAT3	0.3333333333333333	C
RXRA	RBPJ	0.3333333333333333	C
REST	SPTBN4	0.3333333333333333	C
RXRA	RAI14	0.3333333333333333	C
SMAD3	CHD2	0.3333333333333333	C
SMAD3	CHST15	0.3333333333333333	C
RELB	SLC39A14	0.3333333333333333	C
RELB	SKIL	0.3333333333333333	C
CTCF	ACHE	0.3333333333333333	C
SMAD3	EMP1	0.3333333333333333	C
RXRA	PTPRF	0.3333333333333333	C
RELB	SHANK2	0.3333333333333333	C
RELB	SEMA4B	0.3333333333333333	C
SMAD3	ETS2	0.3333333333333333	C
SMAD3	FNDC3B	0.3333333333333333	C
RELB	RPS6KA1	0.3333333333333333	C
RELB	RASGRP1	0.3333333333333333	C
RELB	PLEC	0.3333333333333333	C
SMAD3	GFPT2	0.3333333333333333	C
CTCF	ACBD4	0.3333333333333333	C
RXRA	PLXNB2	0.3333333333333333	C
RELB	PFKM	0.3333333333333333	C
REST	STMN3	0.3333333333333333	C
RELB	PDZD2	0.3333333333333333	C
SIX5	SCRIB	0.3333333333333333	C
SMAD3	NFATC2	0.3333333333333333	C
SIX5	RFX1	0.3333333333333333	C
REST	DENND1A	0.3333333333333333	C
SATB1	SAMD12	0.3333333333333333	C
SATB1	TMEM245	0.3333333333333333	C
SATB1	ZBTB44	0.3333333333333333	C
SATB1	ZNF827	0.3333333333333333	C
SIX2	CABLES1	0.3333333333333333	C
SIX2	CCDC80	0.3333333333333333	C
SIX2	CLDN14	0.3333333333333333	C
SIX2	CLVS1	0.3333333333333333	C
SIX2	CNTN5	0.3333333333333333	C
SIX2	COL13A1	0.3333333333333333	C
SIX2	CPNE4	0.3333333333333333	C
SATB1	NUMA1	0.3333333333333333	C
SIX2	CTNNA2	0.3333333333333333	C
SIX2	DOCK9	0.3333333333333333	C
REST	PRSS27	0.3333333333333333	C
REST	PLEC	0.3333333333333333	C
REST	NXPH1	0.3333333333333333	C
RXRA	TFEB	0.3333333333333333	C
SIX2	DPP6	0.3333333333333333	C
SIX2	ETV1	0.3333333333333333	C
SIX2	ETV6	0.3333333333333333	C
SIX2	FBLN1	0.3333333333333333	C
REST	NRXN1	0.3333333333333333	C
SIX2	FGFR2	0.3333333333333333	C
SIX2	DCLK1	0.3333333333333333	C
SIX2	FRMD4B	0.3333333333333333	C
SATB1	JMY	0.3333333333333333	C
REST	RNF213	0.3333333333333333	C
RXRA	TP53INP2	0.3333333333333333	C
CTCF	ACTB	0.3333333333333333	C
REST	RBFOX3	0.3333333333333333	C
RXRA	VMP1	0.3333333333333333	C
RXRA	VPS54	0.3333333333333333	C
REST	PTK2B	0.3333333333333333	C
RXRA	ZBTB7B	0.3333333333333333	C
RXRA	ZMIZ1	0.3333333333333333	C
RXRA	ZNF395	0.3333333333333333	C
RXRB	ANGPTL4	0.3333333333333333	C
RXRB	APOA5	0.3333333333333333	C
SATB1	FRYL	0.3333333333333333	C
RXRB	CPT1C	0.3333333333333333	C
RXRA	TLN2	0.3333333333333333	C
RXRB	PLIN5	0.3333333333333333	C
RXRB	SORBS1	0.3333333333333333	C
RXRG	ANGPTL4	0.3333333333333333	C
RXRG	APOA5	0.3333333333333333	C
RXRG	APOC3	0.3333333333333333	C
RXRG	CPT1C	0.3333333333333333	C
RXRG	PCK1	0.3333333333333333	C
RXRG	PLIN5	0.3333333333333333	C
RXRG	SORBS1	0.3333333333333333	C
SATB1	FOXP2	0.3333333333333333	C
RXRB	CYP27A1	0.3333333333333333	C
SIX2	GALNT10	0.3333333333333333	C
SIX2	GSE1	0.3333333333333333	C
SIX2	ITPR1	0.3333333333333333	C
REST	KCNMA1	0.3333333333333333	C
RXRA	SULT2B1	0.3333333333333333	C
REST	HPCA	0.3333333333333333	C
SIX5	APBA3	0.3333333333333333	C
SIX5	BAHCC1	0.3333333333333333	C
SIX5	BCAT2	0.3333333333333333	C
SIX5	BOLA1	0.3333333333333333	C
REST	GSN	0.3333333333333333	C
REST	GPRIN1	0.3333333333333333	C
SIX5	FAM168A	0.3333333333333333	C
SIX5	FUZ	0.3333333333333333	C
SIX2	ZMIZ1	0.3333333333333333	C
RXRA	SPATS2	0.3333333333333333	C
SIX5	IRF2BP1	0.3333333333333333	C
SIX5	MAF1	0.3333333333333333	C
REST	SCRT1	0.3333333333333333	C
SIX5	MAMSTR	0.3333333333333333	C
REST	ELAVL3	0.3333333333333333	C
SIX5	MED25	0.3333333333333333	C
REST	DNM1	0.3333333333333333	C
SIX5	MGRN1	0.3333333333333333	C
REST	SEC14L1	0.3333333333333333	C
SIX5	NME4	0.3333333333333333	C
REST	SEZ6	0.3333333333333333	C
REST	EPAS1	0.3333333333333333	C
SIX2	ZBTB7C	0.3333333333333333	C
SIX2	TTC39B	0.3333333333333333	C
REST	LHX3	0.3333333333333333	C
SIX2	KANK1	0.3333333333333333	C
SIX2	KAZN	0.3333333333333333	C
SIX2	KIAA1217	0.3333333333333333	C
SIX2	LTBP1	0.3333333333333333	C
SIX2	MTSS1	0.3333333333333333	C
SIX2	MYCBP2	0.3333333333333333	C
REST	NPDC1	0.3333333333333333	C
SIX2	NEDD4L	0.3333333333333333	C
REST	NLRP1	0.3333333333333333	C
SIX2	NRG1	0.3333333333333333	C
REST	RPH3A	0.3333333333333333	C
SIX2	NRXN1	0.3333333333333333	C
REST	NFATC2	0.3333333333333333	C
SIX2	PRKCH	0.3333333333333333	C
SIX2	RIMS2	0.3333333333333333	C
REST	RYR1	0.3333333333333333	C
SIX2	SIX1	0.3333333333333333	C
SIX2	SYNE1	0.3333333333333333	C
SIX2	TBC1D1	0.3333333333333333	C
RXRA	TCEA2	0.3333333333333333	C
REST	NFASC	0.3333333333333333	C
SIX2	THSD4	0.3333333333333333	C
REST	LTBP4	0.3333333333333333	C
SIX2	TRAPPC9	0.3333333333333333	C
REST	SCAMP5	0.3333333333333333	C
REST	CYP4F8	0.3333333333333333	C
RELA	GRAMD1A	0.3333333333333333	C
SMAD3	PACS1	0.3333333333333333	C
RELB	NEK6	0.3333333333333333	C
RELA	TANC1	0.3333333333333333	C
RELA	SYNPO	0.3333333333333333	C
RELA	ST3GAL2	0.3333333333333333	C
RFX1	CFAP20	0.3333333333333333	C
RELA	SPIDR	0.3333333333333333	C
SMAD4	ZNF846	0.3333333333333333	C
RFX1	CRIP2	0.3333333333333333	C
SMAD5	ARID1B	0.3333333333333333	C
RELA	SLC3A2	0.3333333333333333	C
RELA	RNF145	0.3333333333333333	C
RELA	RBMS1	0.3333333333333333	C
SMAD4	ZNF664	0.3333333333333333	C
RELA	RARA	0.3333333333333333	C
SMAD5	DMTF1	0.3333333333333333	C
SMAD5	HMGB1	0.3333333333333333	C
RELA	RAPGEF4	0.3333333333333333	C
SMAD5	HNRNPA3	0.3333333333333333	C
SMAD5	NR3C1	0.3333333333333333	C
SMAD5	REV1	0.3333333333333333	C
SMAD5	RHOBTB3	0.3333333333333333	C
RELA	RALGDS	0.3333333333333333	C
SMAD5	SMC4	0.3333333333333333	C
RELA	PTP4A2	0.3333333333333333	C
SMAD5	SP3	0.3333333333333333	C
SMAD5	ATXN2	0.3333333333333333	C
SNAI2	ACOT7	0.3333333333333333	C
SMAD4	ULK2	0.3333333333333333	C
RELA	TBL1XR1	0.3333333333333333	C
SMAD4	PHACTR2	0.3333333333333333	C
CTCF	ABHD14A	0.3333333333333333	C
RELA	WWTR1	0.3333333333333333	C
SMAD4	PLCB1	0.3333333333333333	C
RELA	UBE2D3	0.3333333333333333	C
CTCF	EXD3	0.3333333333333333	C
RFX1	CBX8	0.3333333333333333	C
SMAD4	PTBP2	0.3333333333333333	C
RELA	TNS3	0.3333333333333333	C
SMAD4	PXN	0.3333333333333333	C
SMAD4	RHO	0.3333333333333333	C
SMAD4	TRIM13	0.3333333333333333	C
SMAD4	SAMD11	0.3333333333333333	C
RFX1	CEP112	0.3333333333333333	C
CTCF	ABCC12	0.3333333333333333	C
RELA	TMC1	0.3333333333333333	C
SMAD4	SLC13A3	0.3333333333333333	C
RXRA	KLF13	0.3333333333333333	C
SMAD4	SPIN1	0.3333333333333333	C
SMAD4	STAG1	0.3333333333333333	C
SMAD4	SYNJ1	0.3333333333333333	C
SMAD4	TEAD1	0.3333333333333333	C
SMAD4	TMTC1	0.3333333333333333	C
RELA	TJP2	0.3333333333333333	C
RXRA	KSR1	0.3333333333333333	C
SNAI2	ADAM8	0.3333333333333333	C
SNAI2	ADAP1	0.3333333333333333	C
SNAI2	ADGRB2	0.3333333333333333	C
RFX1	DSE	0.3333333333333333	C
SNAI2	DLGAP4	0.3333333333333333	C
SNAI2	DOCK9	0.3333333333333333	C
RELA	MIDEAS	0.3333333333333333	C
SNAI2	EGFR	0.3333333333333333	C
SNAI2	EPS8L2	0.3333333333333333	C
SNAI2	FAM110C	0.3333333333333333	C
RELA	MED15	0.3333333333333333	C
RELA	MAML2	0.3333333333333333	C
RELA	LITAF	0.3333333333333333	C
SNAI2	FHIP1A	0.3333333333333333	C
RELA	MKNK2	0.3333333333333333	C
RELA	LIMS1	0.3333333333333333	C
RELA	KSR1	0.3333333333333333	C
SNAI2	FARP1	0.3333333333333333	C
SNAI2	FGD2	0.3333333333333333	C
SNAI2	FKBP5	0.3333333333333333	C
RELA	KDM6B	0.3333333333333333	C
RELA	IRAK2	0.3333333333333333	C
RELA	IL4I1	0.3333333333333333	C
RELA	HOOK2	0.3333333333333333	C
RELA	HIVEP1	0.3333333333333333	C
SNAI2	HPCAL1	0.3333333333333333	C
SNAI2	JAG2	0.3333333333333333	C
RELA	LIMCH1	0.3333333333333333	C
RELA	MTSS1	0.3333333333333333	C
SNAI2	DAB2IP	0.3333333333333333	C
SNAI2	CROCC	0.3333333333333333	C
RFX1	DIS3L2	0.3333333333333333	C
SNAI2	AGPAT3	0.3333333333333333	C
SNAI2	ANK1	0.3333333333333333	C
SNAI2	ARHGEF16	0.3333333333333333	C
SNAI2	ARHGEF3	0.3333333333333333	C
RELA	PTMA	0.3333333333333333	C
RELA	POLA2	0.3333333333333333	C
RELA	PLLP	0.3333333333333333	C
RXRA	KAZN	0.3333333333333333	C
SNAI2	BRI3	0.3333333333333333	C
RXRA	JADE2	0.3333333333333333	C
SNAI2	C1QTNF1	0.3333333333333333	C
RELA	PLCG2	0.3333333333333333	C
RXRA	HPCAL1	0.3333333333333333	C
RELA	PCBP1	0.3333333333333333	C
SNAI2	CCDC187	0.3333333333333333	C
RELA	PALLD	0.3333333333333333	C
RELA	PACSIN2	0.3333333333333333	C
SNAI2	CCDC57	0.3333333333333333	C
SNAI2	CCDC88C	0.3333333333333333	C
SNAI2	CLSTN1	0.3333333333333333	C
RELA	NEK6	0.3333333333333333	C
RELA	MYH9	0.3333333333333333	C
RELA	MYB	0.3333333333333333	C
SNAI2	CRISPLD2	0.3333333333333333	C
RELA	ZC3H12A	0.3333333333333333	C
SMAD3	PHLDB2	0.3333333333333333	C
RELA	ZFP36L2	0.3333333333333333	C
SMAD4	NCOA2	0.3333333333333333	C
SMAD3	TJP2	0.3333333333333333	C
RELB	MAP2K3	0.3333333333333333	C
SMAD3	TLE3	0.3333333333333333	C
SMAD3	TNFRSF1A	0.3333333333333333	C
RXRA	NDST1	0.3333333333333333	C
RELB	MAML2	0.3333333333333333	C
RELB	LTBP4	0.3333333333333333	C
SMAD3	TNIP1	0.3333333333333333	C
REST	TMEM181	0.3333333333333333	C
SMAD3	TPCN1	0.3333333333333333	C
RELB	LTA	0.3333333333333333	C
RXRA	NFIA	0.3333333333333333	C
RELB	LMNA	0.3333333333333333	C
RXRA	NACC2	0.3333333333333333	C
RXRA	MYLK	0.3333333333333333	C
RELB	KCNB2	0.3333333333333333	C
CTCF	ESCO1	0.3333333333333333	C
RELB	IL4R	0.3333333333333333	C
SMAD3	ZBTB20	0.3333333333333333	C
SMAD3	ZFP36L1	0.3333333333333333	C
CTCF	ESR2	0.3333333333333333	C
SMAD3	ZFP36L2	0.3333333333333333	C
RELB	IKZF1	0.3333333333333333	C
SMAD3	ZSWIM6	0.3333333333333333	C
RELB	KDM2B	0.3333333333333333	C
SMAD4	AFF1	0.3333333333333333	C
SMAD3	TIAM2	0.3333333333333333	C
TCF7L2	SMAD3	0.3333333333333333	C
RELB	NCF2	0.3333333333333333	C
SMAD3	PLCB4	0.3333333333333333	C
SMAD3	PLEKHA7	0.3333333333333333	C
SMAD3	PXN	0.3333333333333333	C
SMAD3	RBMS1	0.3333333333333333	C
SMAD3	RPGR	0.3333333333333333	C
RELB	MYO1C	0.3333333333333333	C
SMAD3	SAMD4A	0.3333333333333333	C
SMAD3	SH3KBP1	0.3333333333333333	C
SMAD3	SLC25A37	0.3333333333333333	C
REST	TKT	0.3333333333333333	C
SMAD3	TGIF1	0.3333333333333333	C
RELB	MIDN	0.3333333333333333	C
RELB	MICAL2	0.3333333333333333	C
SMAD3	SMAD6	0.3333333333333333	C
SMAD3	SMURF1	0.3333333333333333	C
SMAD3	SYNJ2	0.3333333333333333	C
REST	TMEM178B	0.3333333333333333	C
SMAD3	SYTL2	0.3333333333333333	C
RXRA	NFIC	0.3333333333333333	C
SMAD3	TACC2	0.3333333333333333	C
SMAD3	TBC1D1	0.3333333333333333	C
SMAD3	TCF7L2	0.3333333333333333	C
RELB	METTL21A	0.3333333333333333	C
CTCF	ADAMTS7	0.3333333333333333	C
RXRA	MTUS1	0.3333333333333333	C
RXRA	MOB3A	0.3333333333333333	C
RELB	HIVEP3	0.3333333333333333	C
RELB	COL22A1	0.3333333333333333	C
RELB	CLASP1	0.3333333333333333	C
SMAD4	FOXP1	0.3333333333333333	C
RFX1	BTBD3	0.3333333333333333	C
SMAD4	FOXP3	0.3333333333333333	C
SMAD4	GPR176	0.3333333333333333	C
SMAD4	IL23R	0.3333333333333333	C
SMAD4	KIFC3	0.3333333333333333	C
SMAD4	MAGI2	0.3333333333333333	C
RXRA	MAD1L1	0.3333333333333333	C
RELB	CCL2	0.3333333333333333	C
SMAD4	FLNB	0.3333333333333333	C
RELB	BCL3	0.3333333333333333	C
RELB	BATF3	0.3333333333333333	C
RELB	B4GALT5	0.3333333333333333	C
SMAD4	MAP3K3	0.3333333333333333	C
SMAD4	MCC	0.3333333333333333	C
RELB	ANKRD33B	0.3333333333333333	C
RFX1	CAMK2A	0.3333333333333333	C
RXRA	LRP5	0.3333333333333333	C
RELA	ZNF438	0.3333333333333333	C
SMAD4	MCTP2	0.3333333333333333	C
SMAD4	MYO5B	0.3333333333333333	C
SMAD4	NCOA1	0.3333333333333333	C
RELB	BBC3	0.3333333333333333	C
SMAD4	FER	0.3333333333333333	C
CTCF	ABHD14B	0.3333333333333333	C
SMAD4	DCDC1	0.3333333333333333	C
RELB	HIVEP1	0.3333333333333333	C
REST	XXYLT1	0.3333333333333333	C
RXRA	MKNK2	0.3333333333333333	C
SMAD4	ARID1B	0.3333333333333333	C
RELB	HECW2	0.3333333333333333	C
RELB	GFPT2	0.3333333333333333	C
SMAD4	BCAS3	0.3333333333333333	C
RELB	FNDC3B	0.3333333333333333	C
SMAD4	BNIP2	0.3333333333333333	C
SMAD4	BRWD1	0.3333333333333333	C
SMAD4	C8B	0.3333333333333333	C
RELB	FAM167A	0.3333333333333333	C
RXRA	MET	0.3333333333333333	C
RXRA	MBNL3	0.3333333333333333	C
REST	ZNF638	0.3333333333333333	C
RFX1	ARMC9	0.3333333333333333	C
RELB	EPB41L2	0.3333333333333333	C
SMAD4	CACHD1	0.3333333333333333	C
SMAD4	CGGBP1	0.3333333333333333	C
RELB	EMX1	0.3333333333333333	C
RELB	DUSP22	0.3333333333333333	C
RELB	DLGAP4	0.3333333333333333	C
RFX1	BAIAP3	0.3333333333333333	C
RELB	CSF2RB	0.3333333333333333	C
RXRA	MAPKAP1	0.3333333333333333	C
RELA	ZMIZ1	0.3333333333333333	C
RUNX3	ARID5B	0.3333333333333333	C
CREB1	PTPRS	0.3333333333333333	C
SOX2	H6PD	0.3333333333333333	C
SP4	MUS81	0.3333333333333333	C
PRDM14	SIRPA	0.3333333333333333	C
SP4	MXI1	0.3333333333333333	C
SP4	MYADM	0.3333333333333333	C
CTCF	GRK2	0.3333333333333333	C
SP4	NECTIN2	0.3333333333333333	C
SP4	NFYC	0.3333333333333333	C
RUNX3	INPP5D	0.3333333333333333	C
SP4	NMT2	0.3333333333333333	C
SP4	NR1H2	0.3333333333333333	C
SP4	NUDT8	0.3333333333333333	C
RUNX3	IQSEC1	0.3333333333333333	C
SP4	PCM1	0.3333333333333333	C
SP4	PSIP1	0.3333333333333333	C
RUNX3	IL21R	0.3333333333333333	C
SP4	PTPN4	0.3333333333333333	C
SP4	RABEP2	0.3333333333333333	C
SP4	RERE	0.3333333333333333	C
CEBPB	RND3	0.3333333333333333	C
SP4	RTBDN	0.3333333333333333	C
SP4	SAP130	0.3333333333333333	C
SP4	SEPTIN9	0.3333333333333333	C
RUNX3	IL16	0.3333333333333333	C
CTCF	GSTT2B	0.3333333333333333	C
SP4	PPFIA3	0.3333333333333333	C
SP4	SLC12A5	0.3333333333333333	C
RFX2	KIAA0753	0.3333333333333333	C
RUNX3	IRAG2	0.3333333333333333	C
SP4	DDX54	0.3333333333333333	C
SP4	DLC1	0.3333333333333333	C
SP4	FCHO1	0.3333333333333333	C
SP4	GPR137	0.3333333333333333	C
SP4	GTF2A1	0.3333333333333333	C
SP4	HNRNPA3	0.3333333333333333	C
RUNX3	KCNN3	0.3333333333333333	C
SP4	HYOU1	0.3333333333333333	C
CTCF	GRAMD1C	0.3333333333333333	C
SP4	ILF3	0.3333333333333333	C
RUNX3	JARID2	0.3333333333333333	C
SP4	MGA	0.3333333333333333	C
RUNX3	ITPR1	0.3333333333333333	C
SP4	KANSL1	0.3333333333333333	C
SP4	KCNC3	0.3333333333333333	C
RUNX3	ITK	0.3333333333333333	C
SP4	KCNIP2	0.3333333333333333	C
SP4	LTBP4	0.3333333333333333	C
SP4	MAD2L2	0.3333333333333333	C
PRDM14	SLC6A12	0.3333333333333333	C
SP4	MAN2A1	0.3333333333333333	C
PRDM14	SLC40A1	0.3333333333333333	C
SP4	MAT2B	0.3333333333333333	C
PRDM14	SLC39A8	0.3333333333333333	C
SP4	JADE1	0.3333333333333333	C
SP4	SLC1A5	0.3333333333333333	C
SP4	SNX8	0.3333333333333333	C
CTCF	HBQ1	0.3333333333333333	C
CEBPB	IL1R1	0.3333333333333333	C
RUNX3	IKZF1	0.3333333333333333	C
RUNX3	HDAC9	0.3333333333333333	C
CTCF	HIF3A	0.3333333333333333	C
PRDM14	RING1	0.3333333333333333	C
CEBPB	HK1	0.3333333333333333	C
CTCF	HINT3	0.3333333333333333	C
SPI1	AMPD2	0.3333333333333333	C
CEBPB	FYN	0.3333333333333333	C
SPI1	ANK2	0.3333333333333333	C
RUNX3	HDAC4	0.3333333333333333	C
CEBPB	ITGB5	0.3333333333333333	C
CEBPB	FOXO3	0.3333333333333333	C
CTCF	HLA-DMA	0.3333333333333333	C
PRDM14	RBFOX3	0.3333333333333333	C
SPI1	ANKRD28	0.3333333333333333	C
RFX2	MAPK10	0.3333333333333333	C
CEBPB	ECE1	0.3333333333333333	C
SPI1	ANTXR2	0.3333333333333333	C
CEBPB	DPYSL2	0.3333333333333333	C
PRDM14	RAP1GAP	0.3333333333333333	C
RFX2	MAPRE2	0.3333333333333333	C
CEBPB	DOCK5	0.3333333333333333	C
RUNX3	GRAP2	0.3333333333333333	C
CEBPB	FLNB	0.3333333333333333	C
RUNX3	IKZF3	0.3333333333333333	C
PRDM14	RTL4	0.3333333333333333	C
CEBPB	LRP1B	0.3333333333333333	C
PRDM14	SDC2	0.3333333333333333	C
SP4	SPTBN4	0.3333333333333333	C
SP4	STAG2	0.3333333333333333	C
SP4	SYDE2	0.3333333333333333	C
PRDM14	SCAP	0.3333333333333333	C
PRDM14	S100A6	0.3333333333333333	C
SP4	THRA	0.3333333333333333	C
SP4	TMEM18	0.3333333333333333	C
SP4	TRPM7	0.3333333333333333	C
SP4	TSPAN9	0.3333333333333333	C
CEBPB	RIN3	0.3333333333333333	C
CTCF	HCN1	0.3333333333333333	C
CEBPB	POR	0.3333333333333333	C
RUNX3	IL10RA	0.3333333333333333	C
SPI1	ABCG1	0.3333333333333333	C
SPI1	ACOX3	0.3333333333333333	C
CEBPB	PDLIM5	0.3333333333333333	C
CEBPB	NAALADL2	0.3333333333333333	C
CEBPB	MYLK	0.3333333333333333	C
PRDM14	RTN4	0.3333333333333333	C
SPI1	ADPGK	0.3333333333333333	C
CEBPB	MIDEAS	0.3333333333333333	C
CEBPB	MAGI1	0.3333333333333333	C
SPI1	AFTPH	0.3333333333333333	C
CEBPB	MACF1	0.3333333333333333	C
PRDM14	SPATS2	0.3333333333333333	C
SPI1	ARHGAP1	0.3333333333333333	C
CTCF	GNPTAB	0.3333333333333333	C
SP4	CFL1	0.3333333333333333	C
CTCF	FXYD7	0.3333333333333333	C
SP1	PPFIA3	0.3333333333333333	C
SP1	PPP2R5C	0.3333333333333333	C
RUNX3	NRCAM	0.3333333333333333	C
SP1	PTCH1	0.3333333333333333	C
PRDM14	UHRF2	0.3333333333333333	C
SP1	RERE	0.3333333333333333	C
CEBPB	SYNE1	0.3333333333333333	C
SP1	SBNO2	0.3333333333333333	C
SP1	SEPTIN9	0.3333333333333333	C
SP1	SH3KBP1	0.3333333333333333	C
SP1	PPARD	0.3333333333333333	C
SP1	SLC6A6	0.3333333333333333	C
PRDM14	UBXN10	0.3333333333333333	C
SP1	TBC1D8	0.3333333333333333	C
SP1	TBCD	0.3333333333333333	C
CEBPB	SEMA3C	0.3333333333333333	C
PRDM14	TTPA	0.3333333333333333	C
SP1	TRIP10	0.3333333333333333	C
RUNX3	NEDD4L	0.3333333333333333	C
CTCF	GAD1	0.3333333333333333	C
SP1	TTYH3	0.3333333333333333	C
SP1	USP3	0.3333333333333333	C
SP1	VPS13D	0.3333333333333333	C
RUNX3	NFATC2	0.3333333333333333	C
SP1	ZFP36	0.3333333333333333	C
SP1	PLEC	0.3333333333333333	C
CEBPB	SYNE2	0.3333333333333333	C
SP1	HNRNPF	0.3333333333333333	C
PRDM14	ZC3H6	0.3333333333333333	C
CEBPD	APRT	0.3333333333333333	C
SP1	HPCAL1	0.3333333333333333	C
SP1	IFT81	0.3333333333333333	C
CEBPD	AFF1	0.3333333333333333	C
RUNX3	P2RY8	0.3333333333333333	C
SP1	ITPR2	0.3333333333333333	C
CEBPD	ADAP1	0.3333333333333333	C
CEBPD	ACOT7	0.3333333333333333	C
SP1	KDM2A	0.3333333333333333	C
SP1	MYLK	0.3333333333333333	C
SP1	MACF1	0.3333333333333333	C
RUNX3	OSBPL3	0.3333333333333333	C
PRDM14	ZBTB14	0.3333333333333333	C
PRDM14	YPEL2	0.3333333333333333	C
PRDM14	YAP1	0.3333333333333333	C
RFX2	CFAP61	0.3333333333333333	C
CTCF	FRMD6	0.3333333333333333	C
SP1	MKNK2	0.3333333333333333	C
SP1	MNT	0.3333333333333333	C
PRDM14	WNT8A	0.3333333333333333	C
RFX2	DPCD	0.3333333333333333	C
CTCF	FUCA1	0.3333333333333333	C
SP1	MIDN	0.3333333333333333	C
RFX2	ENDOV	0.3333333333333333	C
RUNX3	NAV2	0.3333333333333333	C
SP2	ARHGEF1	0.3333333333333333	C
SP2	ZNF768	0.3333333333333333	C
PRDM14	TMEM131L	0.3333333333333333	C
SP2	ZSCAN25	0.3333333333333333	C
CTCF	GGACT	0.3333333333333333	C
CTCF	GLI1	0.3333333333333333	C
HSF1	HSP90AA1	0.3333333333333333	C
SP4	APOE	0.3333333333333333	C
RUNX3	LEF1	0.3333333333333333	C
RUNX1	CAP1	0.3333333333333333	C
SP4	ASAH1	0.3333333333333333	C
RUNX3	LAPTM5	0.3333333333333333	C
PRDM14	TMEM273	0.3333333333333333	C
CTCF	GLRA2	0.3333333333333333	C
RUNX3	KLRD1	0.3333333333333333	C
SP4	ATP8B3	0.3333333333333333	C
PRDM14	TBC1D9	0.3333333333333333	C
CTCF	GMIP	0.3333333333333333	C
SP4	BAZ2B	0.3333333333333333	C
RUNX3	KLHL6	0.3333333333333333	C
SP4	BICRAL	0.3333333333333333	C
CTCF	GNAI2	0.3333333333333333	C
CTCF	GNAS	0.3333333333333333	C
SP4	ODAD1	0.3333333333333333	C
SP4	CDC42EP4	0.3333333333333333	C
PRDM14	TCEAL9	0.3333333333333333	C
CEBPB	RPGR	0.3333333333333333	C
SP2	USP16	0.3333333333333333	C
SP2	SOD2	0.3333333333333333	C
PRDM14	TRIM33	0.3333333333333333	C
RUNX3	MLLT3	0.3333333333333333	C
SP2	BCAS3	0.3333333333333333	C
RUNX3	METTL8	0.3333333333333333	C
SP2	CHD8	0.3333333333333333	C
SP2	HNRNPUL1	0.3333333333333333	C
SP2	JUP	0.3333333333333333	C
SP2	MIA3	0.3333333333333333	C
RUNX3	MAPKAP1	0.3333333333333333	C
RFX2	ENKUR	0.3333333333333333	C
SP2	MON1B	0.3333333333333333	C
SP2	NFYC	0.3333333333333333	C
SP2	NRL	0.3333333333333333	C
SP2	NUP214	0.3333333333333333	C
PRDM14	TOM1L1	0.3333333333333333	C
SP2	RERE	0.3333333333333333	C
SP2	RFWD3	0.3333333333333333	C
CTCF	GAS8	0.3333333333333333	C
RUNX3	LYN	0.3333333333333333	C
CEBPB	RTN4	0.3333333333333333	C
CTCF	GCLM	0.3333333333333333	C
SP2	SAP130	0.3333333333333333	C
PRDM14	TMEM62	0.3333333333333333	C
SP2	SCAF8	0.3333333333333333	C
CTCF	GFI1B	0.3333333333333333	C
CTCF	GNAZ	0.3333333333333333	C
SP1	GAS7	0.3333333333333333	C
CEBPB	DMD	0.3333333333333333	C
CTCF	ADCK5	0.3333333333333333	C
SPI1	FBXO34	0.3333333333333333	C
PRDM14	NAALADL2	0.3333333333333333	C
CEBPA	TTC22	0.3333333333333333	C
CEBPA	TSPAN33	0.3333333333333333	C
PRDM14	MYO9B	0.3333333333333333	C
CEBPA	TSGA10IP	0.3333333333333333	C
CEBPA	TRPM8	0.3333333333333333	C
SPI1	FIG4	0.3333333333333333	C
RFX2	TBCEL	0.3333333333333333	C
PRDM14	MSX1	0.3333333333333333	C
CEBPA	TREM1	0.3333333333333333	C
CEBPA	TTC3	0.3333333333333333	C
PRDM14	MS4A5	0.3333333333333333	C
CEBPA	TRAFD1	0.3333333333333333	C
SPI1	FNTA	0.3333333333333333	C
CEBPA	TRAF3IP3	0.3333333333333333	C
CEBPA	TPX2	0.3333333333333333	C
PRDM14	MPP7	0.3333333333333333	C
CEBPA	TP53INP2	0.3333333333333333	C
PRDM14	MOBP	0.3333333333333333	C
RUNX3	CACNB4	0.3333333333333333	C
RUNX3	CACNA1E	0.3333333333333333	C
SPI1	FUT6	0.3333333333333333	C
CEBPA	TNKS1BP1	0.3333333333333333	C
SPI1	FNBP1L	0.3333333333333333	C
PRDM14	TMT1A	0.3333333333333333	C
CEBPA	TTC7B	0.3333333333333333	C
CEBPA	TUT7	0.3333333333333333	C
PRDM14	NAV3	0.3333333333333333	C
CEBPA	USP31	0.3333333333333333	C
SPI1	DNAJC13	0.3333333333333333	C
SPI1	DNASE1L1	0.3333333333333333	C
SPI1	DNASE2	0.3333333333333333	C
CEBPA	USP22	0.3333333333333333	C
PRDM14	NASP	0.3333333333333333	C
CEBPA	URAD	0.3333333333333333	C
CEBPA	UPP2	0.3333333333333333	C
CEBPA	UPF1	0.3333333333333333	C
CEBPA	UNC80	0.3333333333333333	C
CEBPA	TUBB3	0.3333333333333333	C
CEBPA	UNC5D	0.3333333333333333	C
CEBPA	UMOD	0.3333333333333333	C
CEBPA	BLTP3B	0.3333333333333333	C
CEBPA	UBXN4	0.3333333333333333	C
SPI1	EHHADH	0.3333333333333333	C
CEBPA	UBXN10	0.3333333333333333	C
CEBPA	UBR2	0.3333333333333333	C
CEBPA	UBQLN1	0.3333333333333333	C
CEBPA	UBN2	0.3333333333333333	C
RUNX3	CAMK4	0.3333333333333333	C
CEBPA	UAP1	0.3333333333333333	C
CEBPA	TYW1B	0.3333333333333333	C
CEBPA	UMODL1	0.3333333333333333	C
SPI1	GABBR1	0.3333333333333333	C
SPI1	GABPA	0.3333333333333333	C
CTCF	KCNT1	0.3333333333333333	C
RFX2	TXNDC17	0.3333333333333333	C
SPI1	IFNAR1	0.3333333333333333	C
SPI1	IFNGR1	0.3333333333333333	C
SPI1	IFT122	0.3333333333333333	C
PRDM14	MALL	0.3333333333333333	C
PRDM14	MAGI2	0.3333333333333333	C
SPI1	IKZF3	0.3333333333333333	C
SPI1	IL10RA	0.3333333333333333	C
RXRA	TNIP1	0.3333333333333333	C
CTCF	KIF1B	0.3333333333333333	C
RUNX3	BMAL1	0.3333333333333333	C
PRDM14	MAMLD1	0.3333333333333333	C
CEBPA	TFRC	0.3333333333333333	C
CEBPA	SAXO5	0.3333333333333333	C
RFX5	ABAT	0.3333333333333333	C
PRDM14	LTBP4	0.3333333333333333	C
CTCF	KLHDC8B	0.3333333333333333	C
SPI1	IRF7	0.3333333333333333	C
SPI1	ITFG2	0.3333333333333333	C
PRDM14	LRRC7	0.3333333333333333	C
PRDM14	LRBA	0.3333333333333333	C
PRDM14	LLGL2	0.3333333333333333	C
RFX5	ABCC1	0.3333333333333333	C
SPI1	JAKMIP2	0.3333333333333333	C
CEBPA	TFEB	0.3333333333333333	C
RFX2	IFT70B	0.3333333333333333	C
SPI1	HNRNPUL1	0.3333333333333333	C
SPI1	HK2	0.3333333333333333	C
CEBPA	TNFSF4	0.3333333333333333	C
CEBPA	TMEM89	0.3333333333333333	C
SPI1	GBF1	0.3333333333333333	C
RFX2	THAP10	0.3333333333333333	C
RUNX3	BTLA	0.3333333333333333	C
SPI1	GGA1	0.3333333333333333	C
SPI1	GID4	0.3333333333333333	C
SPI1	GIMAP4	0.3333333333333333	C
SPI1	GLS	0.3333333333333333	C
RUNX3	BLK	0.3333333333333333	C
SPI1	GPCPD1	0.3333333333333333	C
SPI1	GRAMD1C	0.3333333333333333	C
CEBPA	TLK2	0.3333333333333333	C
PRDM14	MED12L	0.3333333333333333	C
SPI1	H2BC12	0.3333333333333333	C
CTCF	KHK	0.3333333333333333	C
RUNX3	BCR	0.3333333333333333	C
RUNX3	BATF	0.3333333333333333	C
SPI1	HEPACAM2	0.3333333333333333	C
RFX2	TTC23L	0.3333333333333333	C
SPI1	HERC2	0.3333333333333333	C
PRDM14	MARCHF6	0.3333333333333333	C
SPI1	HERPUD1	0.3333333333333333	C
CEBPA	TINAGL1	0.3333333333333333	C
NR4A1	TG	0.3333333333333333	C
RUNX3	CCDC88C	0.3333333333333333	C
CEBPB	DLGAP1	0.3333333333333333	C
SPI1	DHX32	0.3333333333333333	C
PRDM14	NDRG2	0.3333333333333333	C
CEBPA	ZNF709	0.3333333333333333	C
PRDM14	PPFIA2	0.3333333333333333	C
PRDM14	PLXNA3	0.3333333333333333	C
CEBPA	ZNF680	0.3333333333333333	C
SPI1	CAPN3	0.3333333333333333	C
CEBPA	ZNF638	0.3333333333333333	C
SPI1	CARD8	0.3333333333333333	C
RFX2	MAPRE3	0.3333333333333333	C
SPI1	CASP7	0.3333333333333333	C
SPI1	CAST	0.3333333333333333	C
RUNX3	CYTH1	0.3333333333333333	C
SPI1	FIRRM	0.3333333333333333	C
RUNX3	CXCR4	0.3333333333333333	C
RUNX3	CMTM7	0.3333333333333333	C
CEBPA	ZNF549	0.3333333333333333	C
RUNX3	CLNK	0.3333333333333333	C
CEBPA	ZNF407	0.3333333333333333	C
PRDM14	PHOX2A	0.3333333333333333	C
SPI1	CCR3	0.3333333333333333	C
CEBPA	ZNF391	0.3333333333333333	C
SPI1	CD244	0.3333333333333333	C
CEBPA	ZNF334	0.3333333333333333	C
CEBPA	ZNF281	0.3333333333333333	C
RFX2	PACRGL	0.3333333333333333	C
PRDM14	PKM	0.3333333333333333	C
PRDM14	PEMT	0.3333333333333333	C
SPI1	BNIP3L	0.3333333333333333	C
CTCF	INKA2	0.3333333333333333	C
CEBPB	CUEDC1	0.3333333333333333	C
CEBPB	CREB5	0.3333333333333333	C
CTCF	HSD3B7	0.3333333333333333	C
SPI1	ARHGAP6	0.3333333333333333	C
CEBPB	COL21A1	0.3333333333333333	C
CEBPB	CNGB1	0.3333333333333333	C
SPI1	ARMH3	0.3333333333333333	C
CEBPB	CLEC16A	0.3333333333333333	C
SPI1	ARSB	0.3333333333333333	C
CEBPB	CACNB2	0.3333333333333333	C
CEBPB	BRD4	0.3333333333333333	C
SPI1	BNC2	0.3333333333333333	C
CEBPB	BCR	0.3333333333333333	C
CEBPB	ARHGEF28	0.3333333333333333	C
CEBPB	ARHGAP21	0.3333333333333333	C
SPI1	B4GALT6	0.3333333333333333	C
CEBPB	AFF1	0.3333333333333333	C
SPI1	BBS10	0.3333333333333333	C
SPI1	BBS9	0.3333333333333333	C
RUNX3	ERN1	0.3333333333333333	C
CEBPA	ZSCAN18	0.3333333333333333	C
PRDM14	PRPF6	0.3333333333333333	C
RUNX3	DOCK10	0.3333333333333333	C
CEBPA	ZNF766	0.3333333333333333	C
CEBPB	ATP2A2	0.3333333333333333	C
CEBPA	ZNF14	0.3333333333333333	C
RFX2	PDE4A	0.3333333333333333	C
CEBPA	ZMIZ2	0.3333333333333333	C
CEBPA	ZAN	0.3333333333333333	C
RUNX3	CD86	0.3333333333333333	C
PRDM14	NOSTRIN	0.3333333333333333	C
CEBPA	XRCC2	0.3333333333333333	C
CEBPA	XBP1	0.3333333333333333	C
RUNX3	CD44	0.3333333333333333	C
PRDM14	NLK	0.3333333333333333	C
RUNX3	CD226	0.3333333333333333	C
SPI1	CTNND1	0.3333333333333333	C
CEBPA	WNK2	0.3333333333333333	C
SPI1	CUL1	0.3333333333333333	C
SPI1	COX16	0.3333333333333333	C
CEBPA	WDR90	0.3333333333333333	C
CTCF	KATNBL1	0.3333333333333333	C
CEBPA	WDFY4	0.3333333333333333	C
CEBPA	WDFY3	0.3333333333333333	C
CEBPA	VWA3A	0.3333333333333333	C
CEBPA	VPS45	0.3333333333333333	C
RFX2	POLL	0.3333333333333333	C
CEBPA	VN1R1	0.3333333333333333	C
RFX2	POLRMT	0.3333333333333333	C
RFX2	PRKCG	0.3333333333333333	C
CEBPA	VAMP5	0.3333333333333333	C
SPI1	DENND4B	0.3333333333333333	C
CEBPA	WDR25	0.3333333333333333	C
CEBPA	ZBTB18	0.3333333333333333	C
PRDM14	NPR1	0.3333333333333333	C
RUNX3	CDC42SE2	0.3333333333333333	C
CTCF	IRX6	0.3333333333333333	C
PRDM14	PDCD5	0.3333333333333333	C
PRDM14	PCDH9	0.3333333333333333	C
SPI1	CDC7	0.3333333333333333	C
CEBPA	ZFX	0.3333333333333333	C
SPI1	CDKL3	0.3333333333333333	C
CTCF	ITGA10	0.3333333333333333	C
PRDM14	PANK2	0.3333333333333333	C
SPI1	CERS6	0.3333333333333333	C
CEBPA	ZC3H12C	0.3333333333333333	C
CEBPA	ZC3H11B	0.3333333333333333	C
CEBPA	ZBTB7C	0.3333333333333333	C
CEBPA	ZBTB46	0.3333333333333333	C
CTCF	ITGA9	0.3333333333333333	C
PRDM14	P2RX4	0.3333333333333333	C
PRDM14	OXCT1	0.3333333333333333	C
CTCF	ITPK1	0.3333333333333333	C
RFX2	PICK1	0.3333333333333333	C
CTCF	ADGRD1	0.3333333333333333	C
RUNX3	CDYL	0.3333333333333333	C
RUNX3	CDKAL1	0.3333333333333333	C
SPI1	CMTM7	0.3333333333333333	C
SPI1	COL14A1	0.3333333333333333	C
PRDM14	NRXN3	0.3333333333333333	C
CEBPA	ZBTB24	0.3333333333333333	C
RFX2	STRN4	0.3333333333333333	C
CREB1	PDE7A	0.3333333333333333	C
SP1	FAAP20	0.3333333333333333	C
CEBPD	ATF7IP2	0.3333333333333333	C
SOX2	PTPRG	0.3333333333333333	C
CEBPG	NFIL3	0.3333333333333333	C
SOX2	PTPRT	0.3333333333333333	C
SOX2	PTPRZ1	0.3333333333333333	C
SOX2	PYROXD2	0.3333333333333333	C
CEBPG	NFIB	0.3333333333333333	C
CEBPG	MTHFD1L	0.3333333333333333	C
CEBPG	MIDEAS	0.3333333333333333	C
CEBPG	MICAL2	0.3333333333333333	C
SOX2	RANGAP1	0.3333333333333333	C
RARA	NPLOC4	0.3333333333333333	C
CEBPG	PHF3	0.3333333333333333	C
CEBPG	MAP4	0.3333333333333333	C
SOX2	RELN	0.3333333333333333	C
CEBPG	HK1	0.3333333333333333	C
SOX2	RIC3	0.3333333333333333	C
SOX2	RIMS1	0.3333333333333333	C
CEBPG	HDAC9	0.3333333333333333	C
CEBPG	GRHL2	0.3333333333333333	C
CEBPG	FYN	0.3333333333333333	C
CEBPG	FRYL	0.3333333333333333	C
SOX2	RRAS2	0.3333333333333333	C
SOX2	RTL6	0.3333333333333333	C
CEBPG	FGGY	0.3333333333333333	C
CEBPG	LIPC	0.3333333333333333	C
CEBPG	EPS15	0.3333333333333333	C
CEBPG	PIK3R1	0.3333333333333333	C
CEBPG	ROCK2	0.3333333333333333	C
CLOCK	CDH22	0.3333333333333333	C
SOX2	PDIA4	0.3333333333333333	C
CLOCK	ATP9B	0.3333333333333333	C
SOX2	PEG3	0.3333333333333333	C
SOX2	PGAP2	0.3333333333333333	C
CLOCK	ACOXL	0.3333333333333333	C
SOX2	PHEX	0.3333333333333333	C
CEBPG	WDR64	0.3333333333333333	C
CEBPG	VAV3	0.3333333333333333	C
SOX2	PKHD1	0.3333333333333333	C
CEBPG	TRIB3	0.3333333333333333	C
CEBPG	PTP4A2	0.3333333333333333	C
RARA	PITPNC1	0.3333333333333333	C
CEBPG	TCF4	0.3333333333333333	C
SOX2	PLPP1	0.3333333333333333	C
SOX2	PLPP7	0.3333333333333333	C
CEBPG	TBC1D31	0.3333333333333333	C
SOX2	PLXNB1	0.3333333333333333	C
CEBPG	SOX6	0.3333333333333333	C
CEBPG	SLC9A1	0.3333333333333333	C
CEBPG	SLC38A1	0.3333333333333333	C
RARA	PHLDB1	0.3333333333333333	C
CEBPG	RP1	0.3333333333333333	C
SOX2	PRG2	0.3333333333333333	C
CEBPG	TRIB1	0.3333333333333333	C
RARA	NOL4L	0.3333333333333333	C
CEBPG	EPAS1	0.3333333333333333	C
SOX2	S100A10	0.3333333333333333	C
CEBPD	UBALD2	0.3333333333333333	C
RUNX3	PTK2	0.3333333333333333	C
RARA	MIDEAS	0.3333333333333333	C
CEBPD	TRIB1	0.3333333333333333	C
RARA	MBNL3	0.3333333333333333	C
RARA	MBD6	0.3333333333333333	C
RARA	MAP3K12	0.3333333333333333	C
CEBPD	TNFRSF1A	0.3333333333333333	C
CEBPD	TGM2	0.3333333333333333	C
CEBPD	TGIF1	0.3333333333333333	C
RARA	MAN1C1	0.3333333333333333	C
RARA	MRTFA	0.3333333333333333	C
RARA	LZTS2	0.3333333333333333	C
RUNX3	PRR5L	0.3333333333333333	C
CEBPD	TFRC	0.3333333333333333	C
RARA	LPIN1	0.3333333333333333	C
RUNX3	PRKCB	0.3333333333333333	C
RUNX3	PREX1	0.3333333333333333	C
RARA	LDLR	0.3333333333333333	C
SOX2	SRPRB	0.3333333333333333	C
SOX2	STMN3	0.3333333333333333	C
CEBPD	TFEB	0.3333333333333333	C
RFX1	ZDHHC1	0.3333333333333333	C
SOX2	SYNE1	0.3333333333333333	C
SOX2	SPEG	0.3333333333333333	C
CEBPD	ZFP36L1	0.3333333333333333	C
RUNX3	PTK2B	0.3333333333333333	C
SOX2	SMO	0.3333333333333333	C
CEBPG	EDEM1	0.3333333333333333	C
CEBPG	DST	0.3333333333333333	C
CEBPG	DPYSL2	0.3333333333333333	C
SOX2	SDC3	0.3333333333333333	C
CEBPG	CYP19A1	0.3333333333333333	C
CEBPG	CRYZL1	0.3333333333333333	C
CEBPG	CREB5	0.3333333333333333	C
CEBPG	CPQ	0.3333333333333333	C
CEBPG	CLIP1	0.3333333333333333	C
CEBPG	CHN2	0.3333333333333333	C
CEBPG	CECR2	0.3333333333333333	C
SOX2	SLC14A2	0.3333333333333333	C
CEBPG	BRD4	0.3333333333333333	C
SOX2	SLC29A3	0.3333333333333333	C
RARA	NECAB3	0.3333333333333333	C
RARA	MYO18A	0.3333333333333333	C
SOX2	SLC35F1	0.3333333333333333	C
RUNX3	RIN3	0.3333333333333333	C
RARA	MYH9	0.3333333333333333	C
SOX2	SLC44A2	0.3333333333333333	C
CEBPG	ATP2A2	0.3333333333333333	C
CEBPG	ARHGAP25	0.3333333333333333	C
RUNX3	RHOH	0.3333333333333333	C
CEBPG	AIG1	0.3333333333333333	C
CEBPD	ZFP36L2	0.3333333333333333	C
CLOCK	CDH23	0.3333333333333333	C
CEBPD	SRCIN1	0.3333333333333333	C
SOX2	PDE2A	0.3333333333333333	C
SOX2	PDCD1LG2	0.3333333333333333	C
RUNX3	SKAP1	0.3333333333333333	C
SOX2	KLHL3	0.3333333333333333	C
SOX2	KMT2C	0.3333333333333333	C
SOX2	LANCL2	0.3333333333333333	C
RUNX3	SEMA4D	0.3333333333333333	C
RFX1	TRIT1	0.3333333333333333	C
CREB1	CALCR	0.3333333333333333	C
SOX2	LDLRAD4	0.3333333333333333	C
SOX2	LGALS12	0.3333333333333333	C
CREB1	BRD4	0.3333333333333333	C
RARA	RBMS1	0.3333333333333333	C
RARA	RFX2	0.3333333333333333	C
CREB1	B3GAT3	0.3333333333333333	C
CLOCK	ZDHHC14	0.3333333333333333	C
CLOCK	TRAPPC9	0.3333333333333333	C
CLOCK	TNS3	0.3333333333333333	C
SOX2	LTF	0.3333333333333333	C
CTCF	EPB41L4B	0.3333333333333333	C
CLOCK	TNS1	0.3333333333333333	C
RARA	RABL6	0.3333333333333333	C
SOX2	MAFB	0.3333333333333333	C
CLOCK	TIAM1	0.3333333333333333	C
CLOCK	SPTBN4	0.3333333333333333	C
CLOCK	SMOC2	0.3333333333333333	C
CLOCK	ZNF331	0.3333333333333333	C
CLOCK	SIPA1L1	0.3333333333333333	C
SOX2	KIF26B	0.3333333333333333	C
SOX2	KIAA1217	0.3333333333333333	C
CREB1	NEK7	0.3333333333333333	C
CREB1	NCOA2	0.3333333333333333	C
SOX2	HIPK3	0.3333333333333333	C
CREB1	MYH10	0.3333333333333333	C
CREB1	MSI2	0.3333333333333333	C
RUNX3	SMG6	0.3333333333333333	C
SOX2	HNRNPR	0.3333333333333333	C
RUNX3	SMAD3	0.3333333333333333	C
SOX2	IKBIP	0.3333333333333333	C
CREB1	KIAA1217	0.3333333333333333	C
RUNX3	SLAMF1	0.3333333333333333	C
SOX2	BRD10	0.3333333333333333	C
RFX1	SYNGAP1	0.3333333333333333	C
CREB1	FAAP20	0.3333333333333333	C
SOX2	JAKMIP2	0.3333333333333333	C
CREB1	CTNNA1	0.3333333333333333	C
CREB1	CREB3L2	0.3333333333333333	C
RFX1	TP53BP1	0.3333333333333333	C
RARA	RIPOR1	0.3333333333333333	C
CREB1	CMIP	0.3333333333333333	C
RARA	RHBDF2	0.3333333333333333	C
CREB1	CLCN3	0.3333333333333333	C
CREB1	CHD9	0.3333333333333333	C
SOX2	KIAA0319L	0.3333333333333333	C
CREB1	FAT1	0.3333333333333333	C
RARA	PRKAG2	0.3333333333333333	C
SOX2	MAP2	0.3333333333333333	C
SOX2	MAP4K3	0.3333333333333333	C
SOX2	NMNAT2	0.3333333333333333	C
SOX2	NOD2	0.3333333333333333	C
CLOCK	IQSEC1	0.3333333333333333	C
SOX2	NPVF	0.3333333333333333	C
SOX2	NRCAM	0.3333333333333333	C
RARA	PRKACA	0.3333333333333333	C
SOX2	NREP	0.3333333333333333	C
CLOCK	INPP5A	0.3333333333333333	C
CLOCK	GLI3	0.3333333333333333	C
CLOCK	GET4	0.3333333333333333	C
CLOCK	GAS7	0.3333333333333333	C
CLOCK	ITGB2	0.3333333333333333	C
CLOCK	FAM91A1	0.3333333333333333	C
CLOCK	DLGAP1	0.3333333333333333	C
CLOCK	DENND3	0.3333333333333333	C
CLOCK	CREB5	0.3333333333333333	C
CLOCK	CORO2B	0.3333333333333333	C
CLOCK	COL6A1	0.3333333333333333	C
CLOCK	CMIP	0.3333333333333333	C
CLOCK	CHCHD6	0.3333333333333333	C
SOX2	PARVG	0.3333333333333333	C
CLOCK	CFAP251	0.3333333333333333	C
SOX2	PCBP3	0.3333333333333333	C
CLOCK	CELSR1	0.3333333333333333	C
CLOCK	DNAAF5	0.3333333333333333	C
SOX2	NKAIN2	0.3333333333333333	C
SOX2	NFIB	0.3333333333333333	C
SOX2	NEXN	0.3333333333333333	C
CLOCK	SEC14L1	0.3333333333333333	C
SOX2	MARF1	0.3333333333333333	C
RUNX3	SAMSN1	0.3333333333333333	C
CLOCK	RGS6	0.3333333333333333	C
CLOCK	RGS12	0.3333333333333333	C
CLOCK	RBFOX1	0.3333333333333333	C
CLOCK	PTK2	0.3333333333333333	C
CLOCK	PRKAG2	0.3333333333333333	C
SOX2	MID1	0.3333333333333333	C
CLOCK	PREX1	0.3333333333333333	C
SOX2	MPDZ	0.3333333333333333	C
SOX2	MPHOSPH6	0.3333333333333333	C
CLOCK	PPFIA1	0.3333333333333333	C
SOX2	MTCL1	0.3333333333333333	C
CLOCK	PKD1L1	0.3333333333333333	C
SOX2	MYO1E	0.3333333333333333	C
SOX2	MYOM3	0.3333333333333333	C
CLOCK	PCYT1A	0.3333333333333333	C
CLOCK	MICAL2	0.3333333333333333	C
CLOCK	MAGI1	0.3333333333333333	C
CLOCK	LARP1	0.3333333333333333	C
SOX2	NDUFA4L2	0.3333333333333333	C
SOX2	NECTIN1	0.3333333333333333	C
CLOCK	JCAD	0.3333333333333333	C
SOX2	NEK2	0.3333333333333333	C
CTCF	FEM1A	0.3333333333333333	C
SP1	ERGIC1	0.3333333333333333	C
SOX2	TADA3	0.3333333333333333	C
CEBPD	SOD2	0.3333333333333333	C
SOX9	EEIG1	0.3333333333333333	C
PROX1	PLCB4	0.3333333333333333	C
SOX9	FBXL19	0.3333333333333333	C
SOX9	FOXP1	0.3333333333333333	C
SOX9	GFOD1	0.3333333333333333	C
SOX9	GIPR	0.3333333333333333	C
PROX1	PCYT1A	0.3333333333333333	C
PROX1	OSBPL10	0.3333333333333333	C
SOX9	GRHL2	0.3333333333333333	C
SOX9	JUP	0.3333333333333333	C
SOX9	KIAA0319L	0.3333333333333333	C
PROX1	PLEKHA7	0.3333333333333333	C
SOX9	KMT2B	0.3333333333333333	C
PROX1	NRP2	0.3333333333333333	C
SOX9	KRT8	0.3333333333333333	C
PROX1	NEDD4L	0.3333333333333333	C
SOX9	LLGL2	0.3333333333333333	C
SOX9	MAL2	0.3333333333333333	C
SOX9	MAP3K11	0.3333333333333333	C
SOX9	MARCKSL1	0.3333333333333333	C
SOX9	MYH14	0.3333333333333333	C
SOX9	NAALADL2	0.3333333333333333	C
SOX9	NADK	0.3333333333333333	C
SOX9	NDUFAF6	0.3333333333333333	C
SOX9	KRT18	0.3333333333333333	C
PROX1	MAPKAPK3	0.3333333333333333	C
SOX9	ESRP2	0.3333333333333333	C
SOX9	ERBB2	0.3333333333333333	C
CEBPD	BBC3	0.3333333333333333	C
RARA	ANKRD11	0.3333333333333333	C
SOX9	ADGRG1	0.3333333333333333	C
RARA	ANGPTL4	0.3333333333333333	C
PROX1	ZNF608	0.3333333333333333	C
SOX9	ARHGEF16	0.3333333333333333	C
SOX9	BCAR3	0.3333333333333333	C
PROX1	TNS3	0.3333333333333333	C
SOX9	CHD2	0.3333333333333333	C
PROX1	SPRED2	0.3333333333333333	C
SOX9	CHD8	0.3333333333333333	C
PROX1	SAP30BP	0.3333333333333333	C
PROX1	SOX13	0.3333333333333333	C
SOX9	CLDN4	0.3333333333333333	C
PROX1	SEPTIN9	0.3333333333333333	C
SOX9	CTNND1	0.3333333333333333	C
SOX9	DCUN1D4	0.3333333333333333	C
PROX1	SEMA3A	0.3333333333333333	C
SOX9	EFNA5	0.3333333333333333	C
SOX9	EHF	0.3333333333333333	C
SOX9	ELF3	0.3333333333333333	C
SOX9	ENC1	0.3333333333333333	C
SOX9	EPB41	0.3333333333333333	C
SOX9	EPB41L1	0.3333333333333333	C
SOX9	CLCN3	0.3333333333333333	C
SOX9	NEDD4L	0.3333333333333333	C
PROX1	IGF1R	0.3333333333333333	C
PROX1	GRIN2B	0.3333333333333333	C
SOX9	WWC1	0.3333333333333333	C
PRDM14	ZNF433	0.3333333333333333	C
SOX9	ZBTB7C	0.3333333333333333	C
SP1	ABR	0.3333333333333333	C
RFX1	ZNF398	0.3333333333333333	C
SP1	AHNAK	0.3333333333333333	C
RUNX3	PIK3R5	0.3333333333333333	C
RFX2	BAIAP3	0.3333333333333333	C
SP1	ARID1A	0.3333333333333333	C
SP1	ARID3A	0.3333333333333333	C
SP1	ATF7IP	0.3333333333333333	C
SOX9	WEE1	0.3333333333333333	C
SP1	BAZ2A	0.3333333333333333	C
PRDM14	ZFP90	0.3333333333333333	C
SP1	BCL9	0.3333333333333333	C
RUNX3	PDE4B	0.3333333333333333	C
PRDM14	ZEB1	0.3333333333333333	C
SP1	BICRAL	0.3333333333333333	C
RUNX3	PACSIN2	0.3333333333333333	C
CEBPD	ATP2A2	0.3333333333333333	C
SP1	CDYL	0.3333333333333333	C
SP1	CHD9	0.3333333333333333	C
SP1	CHRNA7	0.3333333333333333	C
SP1	CMIP	0.3333333333333333	C
CTCF	FNDC5	0.3333333333333333	C
SOX9	UBR4	0.3333333333333333	C
PRDM14	ZSCAN9	0.3333333333333333	C
SOX9	TRAF4	0.3333333333333333	C
SOX9	NFIB	0.3333333333333333	C
SOX9	NMT1	0.3333333333333333	C
PROX1	FZD10	0.3333333333333333	C
SOX9	PPFIA3	0.3333333333333333	C
PROX1	DNM2	0.3333333333333333	C
SOX9	PTK6	0.3333333333333333	C
PROX1	ATP1A1	0.3333333333333333	C
SOX9	PTMA	0.3333333333333333	C
SOX9	RBM47	0.3333333333333333	C
SOX9	RGS3	0.3333333333333333	C
PROX1	ARHGEF2	0.3333333333333333	C
SOX9	SCNN1A	0.3333333333333333	C
SOX9	SEPTIN9	0.3333333333333333	C
SOX9	SERP1	0.3333333333333333	C
PROX1	ARHGAP42	0.3333333333333333	C
SOX9	SH2D6	0.3333333333333333	C
SOX9	SH3KBP1	0.3333333333333333	C
PROX1	AFAP1L2	0.3333333333333333	C
SOX9	SPINT1	0.3333333333333333	C
PROX1	ADD3	0.3333333333333333	C
SOX9	SUN1	0.3333333333333333	C
SOX9	SYBU	0.3333333333333333	C
SOX9	SYT7	0.3333333333333333	C
PROX1	ABCB1	0.3333333333333333	C
SOX9	SYTL2	0.3333333333333333	C
SOX6	ZFPM2	0.3333333333333333	C
CEBPD	SOS1	0.3333333333333333	C
SOX6	ZEB2	0.3333333333333333	C
SOX6	UTRN	0.3333333333333333	C
CEBPD	ITGB5	0.3333333333333333	C
CEBPD	IL1R1	0.3333333333333333	C
CEBPD	ID2	0.3333333333333333	C
RARA	HNRNPF	0.3333333333333333	C
SOX2	TSN	0.3333333333333333	C
SOX2	TST	0.3333333333333333	C
CTCF	FLT3LG	0.3333333333333333	C
CEBPD	HNRNPF	0.3333333333333333	C
SOX2	USP47	0.3333333333333333	C
CEBPD	H6PD	0.3333333333333333	C
RARA	HDAC5	0.3333333333333333	C
RUNX3	PLCG2	0.3333333333333333	C
RARA	GSE1	0.3333333333333333	C
CEBPD	FYN	0.3333333333333333	C
SOX2	VSNL1	0.3333333333333333	C
CEBPD	FLNB	0.3333333333333333	C
SOX2	XPO1	0.3333333333333333	C
CEBPD	FLNA	0.3333333333333333	C
SOX2	YLPM1	0.3333333333333333	C
SOX2	YPEL1	0.3333333333333333	C
CEBPD	FADS1	0.3333333333333333	C
RARA	GRAMD1A	0.3333333333333333	C
CEBPD	EXOC3L4	0.3333333333333333	C
CEBPD	ECE1	0.3333333333333333	C
CEBPD	GFOD1	0.3333333333333333	C
CEBPD	DNM2	0.3333333333333333	C
CEBPD	KYAT1	0.3333333333333333	C
CEBPD	LMO4	0.3333333333333333	C
CEBPD	SLC16A3	0.3333333333333333	C
RUNX3	POU2AF1	0.3333333333333333	C
RARA	KPNB1	0.3333333333333333	C
CEBPD	SERPINE1	0.3333333333333333	C
CTCF	FGF8	0.3333333333333333	C
RARA	KEAP1	0.3333333333333333	C
SOX2	TGIF1	0.3333333333333333	C
CEBPD	RRBP1	0.3333333333333333	C
RUNX3	PMAIP1	0.3333333333333333	C
CEBPD	RPGR	0.3333333333333333	C
CEBPD	RCC1	0.3333333333333333	C
RUNX3	PLCL2	0.3333333333333333	C
RARA	IL4R	0.3333333333333333	C
SOX2	TJP1	0.3333333333333333	C
CEBPD	PHC2	0.3333333333333333	C
CEBPD	NUMB	0.3333333333333333	C
SOX2	TMEM178A	0.3333333333333333	C
RARA	IGF1R	0.3333333333333333	C
SOX2	TNFRSF8	0.3333333333333333	C
CTCF	FGFBP2	0.3333333333333333	C
SOX2	TNPO3	0.3333333333333333	C
CEBPD	MIDEAS	0.3333333333333333	C
CEBPD	MACF1	0.3333333333333333	C
CEBPD	LONP1	0.3333333333333333	C
SOX2	TIAM1	0.3333333333333333	C
CEBPD	DHRS2	0.3333333333333333	C
RARA	GATD3	0.3333333333333333	C
CEBPD	DDIT4	0.3333333333333333	C
SOX6	PARD3B	0.3333333333333333	C
SOX6	PDE11A	0.3333333333333333	C
SOX6	PIP5K1B	0.3333333333333333	C
RARA	DBN1	0.3333333333333333	C
SOX6	PLLP	0.3333333333333333	C
RARA	CRTC3	0.3333333333333333	C
RARA	COTL1	0.3333333333333333	C
SOX6	PPFIBP2	0.3333333333333333	C
SOX6	SCARB1	0.3333333333333333	C
RARA	CLK3	0.3333333333333333	C
SOX6	SEPTIN9	0.3333333333333333	C
SOX6	NFASC	0.3333333333333333	C
SOX6	SMAD3	0.3333333333333333	C
SOX6	SOX5	0.3333333333333333	C
SOX6	STXBP5	0.3333333333333333	C
RARA	CHSY1	0.3333333333333333	C
RARA	CDR2	0.3333333333333333	C
CEBPD	BCL3	0.3333333333333333	C
RARA	BCOR	0.3333333333333333	C
RARA	BCL3	0.3333333333333333	C
SOX6	TBC1D14	0.3333333333333333	C
RARA	BANP	0.3333333333333333	C
SOX6	TGIF1	0.3333333333333333	C
RARA	APOA1	0.3333333333333333	C
RARA	CIC	0.3333333333333333	C
RARA	DNMT1	0.3333333333333333	C
SOX6	NEK5	0.3333333333333333	C
SOX6	MAGI1	0.3333333333333333	C
RARA	GATAD2A	0.3333333333333333	C
RARA	GAS7	0.3333333333333333	C
CEBPD	CUEDC1	0.3333333333333333	C
RARA	GNAI2	0.3333333333333333	C
RARA	FERMT3	0.3333333333333333	C
RARA	ETS2	0.3333333333333333	C
CEBPD	CLEC16A	0.3333333333333333	C
SOX2	ZNF532	0.3333333333333333	C
CEBPD	CHPT1	0.3333333333333333	C
SOX6	ANK3	0.3333333333333333	C
SOX6	APLF	0.3333333333333333	C
SOX6	ATP2B4	0.3333333333333333	C
SOX6	BCOR	0.3333333333333333	C
CEBPD	CCM2	0.3333333333333333	C
SOX6	CYRIB	0.3333333333333333	C
SOX6	DNAJC6	0.3333333333333333	C
SOX6	DUSP10	0.3333333333333333	C
SOX6	ELAPOR2	0.3333333333333333	C
SOX6	EPB41L2	0.3333333333333333	C
SOX6	GTDC1	0.3333333333333333	C
RARA	ERF	0.3333333333333333	C
SOX6	LDLR	0.3333333333333333	C
RARA	ELMO1	0.3333333333333333	C
SOX6	LYN	0.3333333333333333	C
RARA	ECE1	0.3333333333333333	C
ZEB2	SOX6	0.3333333333333333	C
ESR2	WWC1	0.3333333333333333	C
BCL11A	SLC12A8	0.3333333333333333	C
CEBPA	C5AR1	0.3333333333333333	C
TP63	DAAM1	0.3333333333333333	C
TP63	DDX59	0.3333333333333333	C
TP63	DLGAP4	0.3333333333333333	C
TP63	CLXN	0.3333333333333333	C
TP63	EHF	0.3333333333333333	C
TP63	FAT2	0.3333333333333333	C
TP63	FAT3	0.3333333333333333	C
TP63	FERMT1	0.3333333333333333	C
TP63	FGFR2	0.3333333333333333	C
STAT6	SIDT1	0.3333333333333333	C
TP63	FSCN1	0.3333333333333333	C
TP63	GAS7	0.3333333333333333	C
TP63	GLIS3	0.3333333333333333	C
TP63	GRAMD4	0.3333333333333333	C
TP63	GRHL3	0.3333333333333333	C
TP63	INPP4B	0.3333333333333333	C
TP63	ITGB6	0.3333333333333333	C
TP63	PKP1	0.3333333333333333	C
TP63	PFKFB3	0.3333333333333333	C
TP63	PDE4D	0.3333333333333333	C
TP63	NECTIN1	0.3333333333333333	C
TP63	NDST1	0.3333333333333333	C
TP63	MYO5A	0.3333333333333333	C
TP63	CELSR1	0.3333333333333333	C
TP63	MID1	0.3333333333333333	C
TP63	LRP1	0.3333333333333333	C
STAT6	CYSLTR1	0.3333333333333333	C
FOS	STAT6	0.3333333333333333	C
TP63	KCNJ15	0.3333333333333333	C
TP63	KALRN	0.3333333333333333	C
TP63	JUP	0.3333333333333333	C
TP63	MEGF6	0.3333333333333333	C
TP63	PLCH2	0.3333333333333333	C
TP63	CAMSAP1	0.3333333333333333	C
TP63	ABTB3	0.3333333333333333	C
GLI3	PTCH1	0.3333333333333333	C
TCF7	RBPJ	0.3333333333333333	C
TP53	TMEM182	0.3333333333333333	C
TP53	TMEM68	0.3333333333333333	C
POU5F1	ZEB2	0.3333333333333333	C
ZEB1	COL4A3	-0.3333333333333333	C
TP53	TRAF3IP2	0.3333333333333333	C
YY1	INO80	0.3333333333333333	C
TP53	TRIM32	0.3333333333333333	C
XBP1	PRNP	0.3333333333333333	C
JUN	BCR	0.3333333333333333	C
IRF9	IFIT1	0.3333333333333333	C
TP53	UBASH3B	0.3333333333333333	C
ESR1	FLT1	-0.3333333333333333	C
STAT1	IFIT2	0.3333333333333333	C
FOS	F3	0.3333333333333333	C
TP53	VAV3	0.3333333333333333	C
TP63	BCAR3	0.3333333333333333	C
TP63	ARHGEF10L	0.3333333333333333	C
TP63	AHDC1	0.3333333333333333	C
TP63	AGAP3	0.3333333333333333	C
TP63	ACOT7	0.3333333333333333	C
TP63	ABLIM2	0.3333333333333333	C
TP63	C2CD2	0.3333333333333333	C
TP53	ZNF561	0.3333333333333333	C
TP53	ZMIZ2	0.3333333333333333	C
TP53	ZFP36L1	0.3333333333333333	C
JUN	TCF4	0.3333333333333333	C
TCF4	WNT4	0.3333333333333333	C
TP53	ZBTB38	0.3333333333333333	C
HSF1	HSP90AB1	0.3333333333333333	C
HSF1	CLU	0.3333333333333333	C
TP53	TEPSIN	0.3333333333333333	C
TP63	PLEKHG3	0.3333333333333333	C
TP63	PPP2R2C	0.3333333333333333	C
TP73	LGR6	0.3333333333333333	C
TP73	MEGF6	0.3333333333333333	C
TP73	MVB12B	0.3333333333333333	C
TP73	MYO5A	0.3333333333333333	C
TP73	NDST1	0.3333333333333333	C
TP73	OSBPL9	0.3333333333333333	C
TP73	PLAC8	0.3333333333333333	C
TP73	POU2AF1	0.3333333333333333	C
TP73	RAPGEF4	0.3333333333333333	C
TP73	RBM47	0.3333333333333333	C
TP73	RIN3	0.3333333333333333	C
TP73	SASH1	0.3333333333333333	C
TP73	SBF2	0.3333333333333333	C
TP73	SPIDR	0.3333333333333333	C
TP73	SYNE1	0.3333333333333333	C
TP73	TCF4	0.3333333333333333	C
TP73	TLE4	0.3333333333333333	C
TWIST1	CREB5	0.3333333333333333	C
TWIST1	CREB3L2	0.3333333333333333	C
TWIST1	COL16A1	0.3333333333333333	C
TWIST1	CDH18	0.3333333333333333	C
TWIST1	CCDC33	0.3333333333333333	C
TWIST1	CBFA2T2	0.3333333333333333	C
TP73	KCNJ15	0.3333333333333333	C
TWIST1	CAST	0.3333333333333333	C
TWIST1	BCAR3	0.3333333333333333	C
TWIST1	ANK3	0.3333333333333333	C
TWIST1	ABL1	0.3333333333333333	C
TP73	VAV3	0.3333333333333333	C
TP73	VAC14	0.3333333333333333	C
TP73	UBASH3B	0.3333333333333333	C
TWIST1	CABLES1	0.3333333333333333	C
TP63	PLXNA1	0.3333333333333333	C
TP73	FRMD6	0.3333333333333333	C
TP73	FHOD3	0.3333333333333333	C
TP63	RBFOX3	0.3333333333333333	C
TP63	RIN3	0.3333333333333333	C
TP63	RIPK4	0.3333333333333333	C
TP63	RND3	0.3333333333333333	C
TP63	RNF43	0.3333333333333333	C
TP63	SASH1	0.3333333333333333	C
TP63	SDC1	0.3333333333333333	C
TP63	SEC16B	0.3333333333333333	C
TP63	SH3RF2	0.3333333333333333	C
TP63	SIPA1L1	0.3333333333333333	C
TP63	SLC19A1	0.3333333333333333	C
TP63	STON2	0.3333333333333333	C
TP63	SVIL	0.3333333333333333	C
TP63	SYNE1	0.3333333333333333	C
TP63	SYT8	0.3333333333333333	C
TP63	TENM2	0.3333333333333333	C
STAT4	NOX4	0.3333333333333333	C
TP73	DGKZ	0.3333333333333333	C
TP73	CLIP1	0.3333333333333333	C
TP73	CEP68	0.3333333333333333	C
TP73	CCDC88C	0.3333333333333333	C
TP73	CARMIL1	0.3333333333333333	C
NR3C1	TAT	0.3333333333333333	C
TP73	FOXK2	0.3333333333333333	C
TP73	ADGRG1	0.3333333333333333	C
TP63	WNT7B	0.3333333333333333	C
TP63	WNT10A	0.3333333333333333	C
STAT3	NLK	0.3333333333333333	C
TP63	USP40	0.3333333333333333	C
TP63	UBASH3B	0.3333333333333333	C
TP63	TRIM29	0.3333333333333333	C
TP73	ABCA13	0.3333333333333333	C
TWIST1	CSRNP3	0.3333333333333333	C
TP53	TEP1	0.3333333333333333	C
CEBPG	RTN4	0.3333333333333333	C
TP53	KCNJ12	0.3333333333333333	C
TP53	KCNJ15	0.3333333333333333	C
NR4A1	FOXP1	0.3333333333333333	C
IRF2	IL4	0.3333333333333333	C
NFIC	NFIA	0.3333333333333333	C
MYB	BCL2L1	0.3333333333333333	C
TP53	KEL	0.3333333333333333	C
TP53	KIAA1671	0.3333333333333333	C
TP53	KPNA1	0.3333333333333333	C
KLF1	SLC4A1	0.3333333333333333	C
TP53	LCE1E	0.3333333333333333	C
TP53	LDLRAD4	0.3333333333333333	C
KLF1	SPTB	0.3333333333333333	C
TP53	LIMCH1	0.3333333333333333	C
JUN	CAST	0.3333333333333333	C
HNF4G	HNF1A	0.3333333333333333	C
NR4A1	SERPINE1	0.3333333333333333	C
TP53	MVB12B	0.3333333333333333	C
EPAS1	NDRG1	0.3333333333333333	C
EPAS1	ENO1	0.3333333333333333	C
FOS	ALOX12	0.3333333333333333	C
CEBPA	FOSL2	0.3333333333333333	C
FOXA1	NR3C1	-0.3333333333333333	C
TP53	KCNH8	0.3333333333333333	C
FOXO1	INSR	0.3333333333333333	C
GATA3	BCL2L1	0.3333333333333333	C
TP53	MAST2	0.3333333333333333	C
MYB	GFI1	0.3333333333333333	C
TP53	MAPK10	0.3333333333333333	C
TP53	MAP3K9	0.3333333333333333	C
TP53	MAP2K6	0.3333333333333333	C
TP53	MCAT	0.3333333333333333	C
TP53	MYH13	0.3333333333333333	C
RUNX2	PBX1	0.3333333333333333	C
TP53	IZUMO1R	0.3333333333333333	C
CEBPD	LEP	0.3333333333333333	C
TP53	EYS	0.3333333333333333	C
ZEB1	LLGL2	-0.3333333333333333	C
EGR1	ADAMTS13	0.3333333333333333	C
JUN	BBC3	0.3333333333333333	C
TP53	FAT3	0.3333333333333333	C
JUN	GNLY	0.3333333333333333	C
TP53	FCHO2	0.3333333333333333	C
TP53	BMP4	0.3333333333333333	C
STAT3	SBNO2	0.3333333333333333	C
NFKB2	EGFR	0.3333333333333333	C
TP53	FRMPD2	0.3333333333333333	C
STAT1	CD14	0.3333333333333333	C
STAT1	TP53BP1	0.3333333333333333	C
TP53	GALNT10	0.3333333333333333	C
TCF3	PAX5	0.3333333333333333	C
TP53	GATC	0.3333333333333333	C
PPARG	APOA1	0.3333333333333333	C
RARA	MUC4	0.3333333333333333	C
TP53	INPP5B	0.3333333333333333	C
SREBF1	FABP6	0.3333333333333333	C
TP53	IDO2	0.3333333333333333	C
TP53	HSF2BP	0.3333333333333333	C
POU2F2	POU2F1	0.3333333333333333	C
TP53	HCRTR2	0.3333333333333333	C
GATA2	SMAD1	0.3333333333333333	C
SMAD4	SMAD2	0.3333333333333333	C
TP53	GNA12	0.3333333333333333	C
SREBF1	MLXIPL	0.3333333333333333	C
SREBF1	MVK	0.3333333333333333	C
TP53	GBE1	0.3333333333333333	C
TP53	GTDC1	0.3333333333333333	C
SREBF2	ACSS2	0.3333333333333333	C
TP53	MYO5A	0.3333333333333333	C
PPARG	LRP1	0.3333333333333333	C
ATF3	HSPB1	0.3333333333333333	C
HNF1B	B3GALT5	0.3333333333333333	C
NFYA	NFYC	0.3333333333333333	C
JUNB	UBC	0.3333333333333333	C
RUNX1	ETS1	0.3333333333333333	C
TP53	SDK2	0.3333333333333333	C
TP53	SEPTIN9	0.3333333333333333	C
TP53	SH2D4B	0.3333333333333333	C
MEF2A	MB	0.3333333333333333	C
POU2F1	LPL	0.3333333333333333	C
TP53	SLC39A14	0.3333333333333333	C
SP1	MGMT	-0.3333333333333333	C
CEBPB	CD44	0.3333333333333333	C
HBP1	FOXO3	0.3333333333333333	C
YY1	HDLBP	-0.3333333333333333	C
GATA1	INHA	0.3333333333333333	C
HNF4A	SLC27A5	0.3333333333333333	C
TP53	TENM2	0.3333333333333333	C
TP53	CRIPTO	0.3333333333333333	C
SREBF1	SREBF2	0.3333333333333333	C
SREBF2	SREBF1	0.3333333333333333	C
REST	VIP	-0.3333333333333333	C
TP53	TANC2	0.3333333333333333	C
GATA1	BACE1	0.3333333333333333	C
FOXO1	ELK3	-0.3333333333333333	C
MYC	HSP90AA1	0.3333333333333333	C
TP53	TCF4	-0.3333333333333333	C
NR1H3	PPARG	0.3333333333333333	C
ZNF143	TALDO1	0.3333333333333333	C
HNF1A	DDC	0.3333333333333333	C
HNF4A	GCK	0.3333333333333333	C
IRF1	CASP8	0.3333333333333333	C
TP53	MYOM2	0.3333333333333333	C
TP53	RNASE7	0.3333333333333333	C
TP53	RBM47	0.3333333333333333	C
TP53	NBEA	0.3333333333333333	C
CEBPA	PROS1	0.3333333333333333	C
TP53	NEK10	0.3333333333333333	C
TP53	NPFFR2	0.3333333333333333	C
REL	CXCL2	0.3333333333333333	C
FOXM1	TEAD1	0.3333333333333333	C
SRF	CNN1	0.3333333333333333	C
TP63	SUN1	0.3333333333333333	C
DEAF1	RAC3	0.3333333333333333	C
TP53	PDE4C	0.3333333333333333	C
FOS	CYP19A1	0.3333333333333333	C
NR3C1	FOXO3	0.3333333333333333	C
TP53	PI4K2A	0.3333333333333333	C
TP53	PKM	0.3333333333333333	C
ATF4	IARS1	0.3333333333333333	C
HIF1A	KDM4C	0.3333333333333333	C
RARG	GREB1	0.3333333333333333	C
PPARG	EBF1	0.3333333333333333	C
TP53	RAPGEF4	0.3333333333333333	C
GATA1	MYB	0.3333333333333333	C
ARNT	TFRC	0.3333333333333333	C
NFE2L2	GCLM	0.3333333333333333	C
REST	CHRNB2	-0.3333333333333333	C
TP53	RIC3	0.3333333333333333	C
REST	STMN2	-0.3333333333333333	C
PAX6	GLIS3	0.3333333333333333	C
TBX21	TOX2	0.3333333333333333	C
TEAD1	YAP1	0.3333333333333333	C
TP53	PPP2R3A	0.3333333333333333	C
TP53	POLD3	0.3333333333333333	C
JUN	GREB1	0.3333333333333333	C
SNAI2	NOTCH1	0.3333333333333333	C
TCF7	CCND1	0.3333333333333333	C
TWIST1	DCLK1	0.3333333333333333	C
TWIST1	DOCK9	0.3333333333333333	C
VDR	C4orf36	0.3333333333333333	C
VDR	CALR	0.3333333333333333	C
USF1	SLC16A1	-0.3333333333333333	C
VDR	CD274	0.3333333333333333	C
SOX4	DICER1	0.3333333333333333	C
VDR	CDV3	0.3333333333333333	C
VDR	CETN2	0.3333333333333333	C
VDR	CHST11	0.3333333333333333	C
BACH1	NQO1	-0.3333333333333333	C
VDR	CLDN4	0.3333333333333333	C
VDR	CLSTN1	0.3333333333333333	C
FOS	SMARCA4	0.3333333333333333	C
VDR	COL2A1	0.3333333333333333	C
RORA	APOA5	0.3333333333333333	C
VDR	CPNE5	0.3333333333333333	C
VDR	CRTC1	0.3333333333333333	C
VDR	CSNK1D	0.3333333333333333	C
SRF	CSRP1	0.3333333333333333	C
RELA	SLC9A2	0.3333333333333333	C
RELA	TAPBP	0.3333333333333333	C
VDR	FOXE1	0.3333333333333333	C
VDR	FHOD3	0.3333333333333333	C
VDR	EPRS1	0.3333333333333333	C
SP1	FGFR3	0.3333333333333333	C
VDR	EHF	0.3333333333333333	C
VDR	EFL1	0.3333333333333333	C
E2F3	CCNB1	0.3333333333333333	C
HNF4A	ALPI	0.3333333333333333	C
VDR	ABCC3	0.3333333333333333	C
RUNX1	BPI	0.3333333333333333	C
TP63	PERP	0.3333333333333333	C
REST	GABRB3	-0.3333333333333333	C
VDR	FUS	0.3333333333333333	C
RELA	NFKBIE	0.3333333333333333	C
VDR	ATP6V0D1	0.3333333333333333	C
USF2	TCEA2	0.3333333333333333	C
USF2	TGFBRAP1	0.3333333333333333	C
USF2	TSNARE1	0.3333333333333333	C
USF2	TTLL11	0.3333333333333333	C
USF2	UCKL1	0.3333333333333333	C
USF2	UNC79	0.3333333333333333	C
USF2	UNC93B1	0.3333333333333333	C
USF2	YAP1	0.3333333333333333	C
USF2	ZBTB40	0.3333333333333333	C
USF2	ZC3H18	0.3333333333333333	C
USF2	ZDHHC7	0.3333333333333333	C
USF2	ZNF362	0.3333333333333333	C
USF2	ZNF507	0.3333333333333333	C
SREBF2	LIPC	0.3333333333333333	C
SREBF2	FABP6	0.3333333333333333	C
GATA6	MYLK	-0.3333333333333333	C
NFE2L2	MAFG	0.3333333333333333	C
VDR	ATP6V0B	0.3333333333333333	C
NR5A2	CYP11A1	0.3333333333333333	C
VDR	ARHGEF10L	0.3333333333333333	C
SRF	FHL2	0.3333333333333333	C
VDR	ARHGAP45	0.3333333333333333	C
RELB	NFKB1	0.3333333333333333	C
EGR1	GADD45A	0.3333333333333333	C
VDR	APEX1	0.3333333333333333	C
VDR	ALKBH2	0.3333333333333333	C
SP3	CYP46A1	0.3333333333333333	C
VDR	AHRR	0.3333333333333333	C
VDR	AGTRAP	0.3333333333333333	C
VDR	AGFG2	0.3333333333333333	C
SP3	FGFR3	0.3333333333333333	C
VDR	ANXA2	0.3333333333333333	C
USF2	SUB1	0.3333333333333333	C
VDR	GLS	0.3333333333333333	C
RELA	MADCAM1	0.3333333333333333	C
VDR	OSCAR	0.3333333333333333	C
REST	HES1	0.3333333333333333	C
NFKB1	TNFSF14	0.3333333333333333	C
VDR	PDE2A	0.3333333333333333	C
NFKB1	OLR1	0.3333333333333333	C
NFKB1	NPPB	0.3333333333333333	C
VDR	PHF10	0.3333333333333333	C
VDR	PIEZO1	0.3333333333333333	C
SPI1	POU2F1	0.3333333333333333	C
VDR	PKM	0.3333333333333333	C
VDR	PLA2G2C	0.3333333333333333	C
VDR	PLCB1	0.3333333333333333	C
AR	NCOR1	0.3333333333333333	C
VDR	PPP1R10	0.3333333333333333	C
VDR	PRKACA	0.3333333333333333	C
NFKB1	ADORA2A	0.3333333333333333	C
VDR	PRR5L	0.3333333333333333	C
VDR	SALL1	0.3333333333333333	C
VDR	RUNX1T1	0.3333333333333333	C
GATA3	MYB	0.3333333333333333	C
VDR	RNF5	0.3333333333333333	C
VDR	RNF40	0.3333333333333333	C
VDR	RFTN1	0.3333333333333333	C
VDR	NUP93	0.3333333333333333	C
VDR	REEP4	0.3333333333333333	C
VDR	RBM15	0.3333333333333333	C
VDR	PTPRM	0.3333333333333333	C
NANOG	CCND1	0.3333333333333333	C
NFIC	HGF	0.3333333333333333	C
VDR	PTAFR	0.3333333333333333	C
ESR1	CLIP1	0.3333333333333333	C
VDR	RBM47	0.3333333333333333	C
VDR	GNA12	0.3333333333333333	C
VDR	NIBAN2	0.3333333333333333	C
NKX2-5	LYL1	0.3333333333333333	C
RELA	ERAP1	0.3333333333333333	C
VDR	HIC2	0.3333333333333333	C
JUN	PTK2	0.3333333333333333	C
RELA	CSNK2A1	0.3333333333333333	C
RELA	COL7A1	0.3333333333333333	C
MYC	STAT3	0.3333333333333333	C
VDR	ID3	0.3333333333333333	C
PPARG	CDKN2B	0.3333333333333333	C
RELA	ALOX5AP	0.3333333333333333	C
VDR	IRF4	0.3333333333333333	C
TP53	CSNK1A1	0.3333333333333333	C
VDR	ITGB6	0.3333333333333333	C
VDR	KANK2	0.3333333333333333	C
VDR	KIAA0319L	0.3333333333333333	C
VDR	KIAA1217	0.3333333333333333	C
VDR	KRT8	0.3333333333333333	C
VDR	KYAT1	0.3333333333333333	C
RELA	SAA1	0.3333333333333333	C
NR1H4	FGF19	0.3333333333333333	C
VDR	MTF1	0.3333333333333333	C
VDR	MLF2	0.3333333333333333	C
VDR	MED15	0.3333333333333333	C
VDR	MAPK13	0.3333333333333333	C
NFYC	FDPS	0.3333333333333333	C
PBX2	MEIS1	0.3333333333333333	C
PKNOX1	MEIS1	0.3333333333333333	C
POU2F2	ID2	0.3333333333333333	C
FOXO1	FOXO3	0.3333333333333333	C
VDR	LHFPL2	0.3333333333333333	C
VDR	LASP1	0.3333333333333333	C
VDR	LAMB3	0.3333333333333333	C
GATA6	LMCD1	0.3333333333333333	C
TWIST1	DDR2	0.3333333333333333	C
USF2	STIP1	0.3333333333333333	C
USF2	SMYD4	0.3333333333333333	C
TWIST1	TTYH3	0.3333333333333333	C
TWIST1	VPS13D	0.3333333333333333	C
TWIST1	ZFP36L2	0.3333333333333333	C
USF1	ABLIM2	0.3333333333333333	C
USF1	ARFGEF2	0.3333333333333333	C
USF1	BRI3	0.3333333333333333	C
USF1	CALD1	0.3333333333333333	C
USF1	CCDC57	0.3333333333333333	C
USF1	CDH23	0.3333333333333333	C
USF1	CEACAM6	0.3333333333333333	C
USF1	DHX34	0.3333333333333333	C
USF1	DLG1	0.3333333333333333	C
USF1	DNAH17	0.3333333333333333	C
USF1	DNAJB12	0.3333333333333333	C
USF1	DNM2	0.3333333333333333	C
USF1	DNMT3A	0.3333333333333333	C
USF1	FIS1	0.3333333333333333	C
USF1	PTCH1	0.3333333333333333	C
USF1	PRPF31	0.3333333333333333	C
USF1	PLXDC1	0.3333333333333333	C
USF1	PKN1	0.3333333333333333	C
USF1	PHC2	0.3333333333333333	C
USF1	PDE8A	0.3333333333333333	C
TWIST1	TRAPPC9	0.3333333333333333	C
USF1	NARF	0.3333333333333333	C
USF1	MED15	0.3333333333333333	C
USF1	MAPRE2	0.3333333333333333	C
USF1	LZTS2	0.3333333333333333	C
USF1	KCNAB2	0.3333333333333333	C
USF1	HDAC4	0.3333333333333333	C
USF1	GH2	0.3333333333333333	C
USF1	NADK	0.3333333333333333	C
USF1	PTDSS2	0.3333333333333333	C
TWIST1	TNS1	0.3333333333333333	C
TWIST1	TIMP2	0.3333333333333333	C
TWIST1	DPYSL2	0.3333333333333333	C
TWIST1	EXOC4	0.3333333333333333	C
TWIST1	FBLN1	0.3333333333333333	C
TWIST1	FYN	0.3333333333333333	C
TWIST1	HDAC9	0.3333333333333333	C
TWIST1	HPCAL1	0.3333333333333333	C
TWIST1	IGFBP4	0.3333333333333333	C
TWIST1	KDM4B	0.3333333333333333	C
TWIST1	LAMB1	0.3333333333333333	C
TWIST1	MAGI1	0.3333333333333333	C
TWIST1	MAP4K4	0.3333333333333333	C
TWIST1	MCC	0.3333333333333333	C
STAT1	NOX4	0.3333333333333333	C
TWIST1	MGAT4C	0.3333333333333333	C
TWIST1	MYLK	0.3333333333333333	C
TWIST1	MYOF	0.3333333333333333	C
TWIST1	NRP2	0.3333333333333333	C
TWIST1	TGFBI	0.3333333333333333	C
TWIST1	TANC1	0.3333333333333333	C
TWIST1	SRRM3	0.3333333333333333	C
TWIST1	SORBS2	0.3333333333333333	C
TWIST1	SEMA6A	0.3333333333333333	C
TWIST1	SEMA3A	0.3333333333333333	C
TWIST1	TLN2	0.3333333333333333	C
TWIST1	ROR2	0.3333333333333333	C
TWIST1	RAPGEF1	0.3333333333333333	C
TWIST1	RABGAP1L	0.3333333333333333	C
TWIST1	PLXND1	0.3333333333333333	C
TWIST1	PLCB4	0.3333333333333333	C
TWIST1	PDGFRB	0.3333333333333333	C
TWIST1	PBX1	0.3333333333333333	C
TWIST1	RBMS3	0.3333333333333333	C
USF2	SPTBN4	0.3333333333333333	C
USF1	RHBDF2	0.3333333333333333	C
USF1	SEPTIN9	0.3333333333333333	C
USF2	MAX	0.3333333333333333	C
USF2	MRPL36	0.3333333333333333	C
USF2	MTDH	0.3333333333333333	C
USF2	NAA40	0.3333333333333333	C
USF2	NAA60	0.3333333333333333	C
USF2	NAGLU	0.3333333333333333	C
USF2	NAGPA	0.3333333333333333	C
USF2	NCOA6	0.3333333333333333	C
USF2	NFX1	0.3333333333333333	C
USF2	NPRL3	0.3333333333333333	C
USF2	NPTN	0.3333333333333333	C
USF2	NRL	0.3333333333333333	C
USF2	PCGF2	0.3333333333333333	C
USF2	PHC2	0.3333333333333333	C
USF2	PLBD2	0.3333333333333333	C
USF2	PLEKHA6	0.3333333333333333	C
USF2	PLIN2	0.3333333333333333	C
USF2	SLC35F6	0.3333333333333333	C
USF2	SLC12A7	0.3333333333333333	C
USF2	SERPINE2	0.3333333333333333	C
USF2	RITA1	0.3333333333333333	C
USF2	RELB	0.3333333333333333	C
USF2	RBCK1	0.3333333333333333	C
USF2	MARCHF8	0.3333333333333333	C
USF2	RAD9A	0.3333333333333333	C
USF2	PTDSS2	0.3333333333333333	C
USF2	PTCH1	0.3333333333333333	C
USF2	PRPF31	0.3333333333333333	C
USF2	PPP1R37	0.3333333333333333	C
USF2	PPFIBP2	0.3333333333333333	C
USF2	PNPLA7	0.3333333333333333	C
USF2	RAB31	0.3333333333333333	C
USF1	RTN4	0.3333333333333333	C
USF2	MAFF	0.3333333333333333	C
USF2	KLF15	0.3333333333333333	C
USF1	SMYD4	0.3333333333333333	C
USF1	SPTBN4	0.3333333333333333	C
USF1	STARD13	0.3333333333333333	C
USF1	TBC1D1	0.3333333333333333	C
USF1	TOM1L2	0.3333333333333333	C
USF1	UNC79	0.3333333333333333	C
USF1	VAV1	0.3333333333333333	C
USF1	WWP2	0.3333333333333333	C
USF1	XXYLT1	0.3333333333333333	C
USF1	ZMYND8	0.3333333333333333	C
USF2	ALG1	0.3333333333333333	C
SREBF2	SCARB1	0.3333333333333333	C
SP1	BBC3	0.3333333333333333	C
USF2	ATF4	0.3333333333333333	C
USF2	ATPAF2	0.3333333333333333	C
USF2	BORCS6	0.3333333333333333	C
USF2	BRD2	0.3333333333333333	C
USF2	HTATIP2	0.3333333333333333	C
USF2	HSD17B14	0.3333333333333333	C
USF2	HMGN2	0.3333333333333333	C
USF2	HDAC4	0.3333333333333333	C
USF2	GNA13	0.3333333333333333	C
USF2	GLT8D2	0.3333333333333333	C
USF2	LTBP3	0.3333333333333333	C
USF2	GET4	0.3333333333333333	C
USF2	DNAAF1	0.3333333333333333	C
USF2	DDX54	0.3333333333333333	C
USF2	DBP	0.3333333333333333	C
USF2	ZFTRAF1	0.3333333333333333	C
USF2	COA7	0.3333333333333333	C
USF2	CEACAM6	0.3333333333333333	C
USF2	FIS1	0.3333333333333333	C
FOXP1	MYC	0.3333333333333333	C
TP53	ELAPOR1	0.3333333333333333	C
RUNX1	IL7R	0.3333333333333333	C
TFAP2C	WDR81	0.3333333333333333	C
TFAP2C	WDR90	0.3333333333333333	C
AR	ANKS1B	0.3333333333333333	C
TFAP2C	WTAP	0.3333333333333333	C
AR	ANGPT1	0.3333333333333333	C
TFAP2C	WWC2	0.3333333333333333	C
AR	ADGRL2	0.3333333333333333	C
AR	ADCY2	0.3333333333333333	C
AR	ACSL1	0.3333333333333333	C
TFAP2C	ZC3H12D	0.3333333333333333	C
AHR	ZNF385D	0.3333333333333333	C
AHR	ZNF217	0.3333333333333333	C
TFAP2C	ZKSCAN2	0.3333333333333333	C
AHR	UTRN	0.3333333333333333	C
TFAP2C	ZMYM2	0.3333333333333333	C
TFAP2C	ZMYM5	0.3333333333333333	C
AHR	TSHZ2	0.3333333333333333	C
TFAP4	ATP2B2	0.3333333333333333	C
TFAP4	ARHGEF10L	0.3333333333333333	C
TFAP4	AGPAT3	0.3333333333333333	C
TFAP4	ABTB2	0.3333333333333333	C
AHR	TRIM37	0.3333333333333333	C
AHR	TRIO	0.3333333333333333	C
TFAP2C	WDR53	0.3333333333333333	C
TFAP2C	ZNF583	0.3333333333333333	C
TFAP2C	ZNF526	0.3333333333333333	C
TFAP2C	ZNF469	0.3333333333333333	C
TFAP2C	ZNF423	0.3333333333333333	C
TFAP2C	ZNF385A	0.3333333333333333	C
TFAP2C	ZNF318	0.3333333333333333	C
AHR	TRPS1	0.3333333333333333	C
TFAP2C	ZNF576	0.3333333333333333	C
TFAP4	BCAR1	0.3333333333333333	C
TFAP2C	WDR1	0.3333333333333333	C
AR	ARAP2	0.3333333333333333	C
AR	HDAC9	0.3333333333333333	C
TFAP2C	TRPM5	0.3333333333333333	C
AR	GTDC1	0.3333333333333333	C
AR	GHR	0.3333333333333333	C
TFAP2C	TRRAP	0.3333333333333333	C
TFAP2C	TSKU	0.3333333333333333	C
AR	FTO	0.3333333333333333	C
AR	FAM13C	0.3333333333333333	C
TFAP2C	TSPAN31	0.3333333333333333	C
AR	FAM107B	0.3333333333333333	C
TFAP2C	TTC39B	0.3333333333333333	C
AR	EXOC4	0.3333333333333333	C
AR	ELMO1	0.3333333333333333	C
TFAP2C	TTLL3	0.3333333333333333	C
TFAP2C	TTLL4	0.3333333333333333	C
TFAP2C	TUBB3	0.3333333333333333	C
TFAP2C	TXNRD1	0.3333333333333333	C
TFAP2C	VILL	0.3333333333333333	C
AR	ARHGAP6	0.3333333333333333	C
TFAP2C	VEGFB	0.3333333333333333	C
AR	ARID1B	0.3333333333333333	C
AR	ATRNL1	0.3333333333333333	C
AR	CAPN2	0.3333333333333333	C
TFAP2C	VWCE	0.3333333333333333	C
AR	CASZ1	0.3333333333333333	C
TFAP2C	USP44	0.3333333333333333	C
TFAP2C	USF3	0.3333333333333333	C
TFAP2C	UPK3A	0.3333333333333333	C
TFAP2C	UPF1	0.3333333333333333	C
AR	ELAPOR2	0.3333333333333333	C
TFAP2C	UBE3C	0.3333333333333333	C
TFAP2C	USP45	0.3333333333333333	C
AR	HERC3	0.3333333333333333	C
TFAP4	CRTC1	0.3333333333333333	C
TFAP4	CYTH1	0.3333333333333333	C
TFDP1	CARHSP1	0.3333333333333333	C
TFDP1	CBX3	0.3333333333333333	C
TFDP1	CBX5	0.3333333333333333	C
AHR	SLCO3A1	0.3333333333333333	C
TFDP1	CENPU	0.3333333333333333	C
AHR	SIPA1L2	0.3333333333333333	C
TFDP1	CUX1	0.3333333333333333	C
TFDP1	DHX9	0.3333333333333333	C
TFDP1	DNMT1	0.3333333333333333	C
TFDP1	DPYSL2	0.3333333333333333	C
TFDP1	EBNA1BP2	0.3333333333333333	C
TFDP1	ENOPH1	0.3333333333333333	C
TFDP1	FBXO5	0.3333333333333333	C
TFDP1	GAPDH	0.3333333333333333	C
TFDP1	GORASP2	0.3333333333333333	C
TFDP1	H3-3B	0.3333333333333333	C
TFDP1	HNRNPA2B1	0.3333333333333333	C
TFDP1	POLD1	0.3333333333333333	C
TFDP1	PIGW	0.3333333333333333	C
TFDP1	PFKFB3	0.3333333333333333	C
TFDP1	PDIA4	0.3333333333333333	C
TFDP1	PCLAF	0.3333333333333333	C
TFDP1	OPA1	0.3333333333333333	C
TFDP1	CALM2	0.3333333333333333	C
TFDP1	NOL4L	0.3333333333333333	C
TFDP1	NCAPH	0.3333333333333333	C
TFDP1	MIB2	0.3333333333333333	C
TFDP1	LMNB1	0.3333333333333333	C
TFDP1	KPNB1	0.3333333333333333	C
TFDP1	KLF10	0.3333333333333333	C
AHR	RUNX1	0.3333333333333333	C
TFDP1	NFE2L2	0.3333333333333333	C
TFAP4	CSNK1D	0.3333333333333333	C
TFDP1	AP2A2	0.3333333333333333	C
TFDP1	AGFG2	0.3333333333333333	C
TFAP4	DENND1A	0.3333333333333333	C
TFAP4	DENND3	0.3333333333333333	C
TFAP4	EGFR	0.3333333333333333	C
TFAP4	ELAPOR1	0.3333333333333333	C
TFAP4	ELL	0.3333333333333333	C
TFAP4	FGFR3	0.3333333333333333	C
TFAP4	GNA12	0.3333333333333333	C
TFAP4	GREB1	0.3333333333333333	C
TFAP4	HDAC5	0.3333333333333333	C
TFAP4	JADE2	0.3333333333333333	C
TFAP4	JUP	0.3333333333333333	C
TFAP4	KIAA1217	0.3333333333333333	C
TFAP4	KRT8	0.3333333333333333	C
TFAP4	MED15	0.3333333333333333	C
TFAP4	MICAL2	0.3333333333333333	C
TFAP4	MYOM1	0.3333333333333333	C
TFAP4	PEMT	0.3333333333333333	C
TFDP1	ACOT7	0.3333333333333333	C
AHR	SULF2	0.3333333333333333	C
TFAP4	TRIO	0.3333333333333333	C
TFAP4	TPM4	0.3333333333333333	C
TFAP4	TIAM2	0.3333333333333333	C
TFAP4	TBC1D2B	0.3333333333333333	C
TFDP1	ANP32E	0.3333333333333333	C
TFAP4	SYNJ2	0.3333333333333333	C
TFAP4	SRGAP3	0.3333333333333333	C
TFAP4	RGS3	0.3333333333333333	C
TFAP4	PRKCZ	0.3333333333333333	C
TFAP4	PLXNA2	0.3333333333333333	C
TFAP4	PLEKHG5	0.3333333333333333	C
TFAP4	PLEKHA7	0.3333333333333333	C
TFAP4	SVIL	0.3333333333333333	C
TFDP1	PPIA	0.3333333333333333	C
TFAP2C	TPTE2	0.3333333333333333	C
TFAP2C	TPRA1	0.3333333333333333	C
ARID2	CPSF6	0.3333333333333333	C
ARID2	CHD9	0.3333333333333333	C
ARID2	CHD2	0.3333333333333333	C
ARID2	CDK17	0.3333333333333333	C
ARID2	CACUL1	0.3333333333333333	C
TFAP2C	SLC12A4	0.3333333333333333	C
TFAP2C	SLC13A3	0.3333333333333333	C
TFAP2C	SLC16A3	0.3333333333333333	C
TFAP2C	SLC19A1	0.3333333333333333	C
TFAP2C	SLC67A1	0.3333333333333333	C
ARID2	BBX	0.3333333333333333	C
TFAP2C	SLC23A3	0.3333333333333333	C
TFAP2C	SLC25A22	0.3333333333333333	C
TFAP2C	SLC25A25	0.3333333333333333	C
ARID2	BAZ2A	0.3333333333333333	C
ARID2	ATXN7	0.3333333333333333	C
TFAP2C	SLC4A1AP	0.3333333333333333	C
TFAP2C	SOX6	0.3333333333333333	C
AR	TLN2	0.3333333333333333	C
AR	TMSB10	0.3333333333333333	C
AR	TNS3	0.3333333333333333	C
AR	WWC2	0.3333333333333333	C
TFAP2C	SMC2	0.3333333333333333	C
TFAP2C	SIK1	0.3333333333333333	C
TFAP2C	SMARCD2	0.3333333333333333	C
TFAP2C	SLCO4A1	0.3333333333333333	C
AR	ZMYND8	0.3333333333333333	C
AR	ZNF385B	0.3333333333333333	C
TFAP2C	SLC7A5	0.3333333333333333	C
ARID2	AGTPBP1	0.3333333333333333	C
TFAP2C	SLC6A19	0.3333333333333333	C
TFAP2C	SMAD6	0.3333333333333333	C
TFAP2C	SPATA13	0.3333333333333333	C
TFAP2C	SHTN1	0.3333333333333333	C
TFAP2C	SHROOM2	0.3333333333333333	C
TFAP2C	RTBDN	0.3333333333333333	C
TFAP2C	RTN4R	0.3333333333333333	C
TFAP2C	RUSC1	0.3333333333333333	C
TFAP2C	RUVBL1	0.3333333333333333	C
ARID2	SIAH1	0.3333333333333333	C
TFAP2C	S100A7	0.3333333333333333	C
TFAP2C	S100A7A	0.3333333333333333	C
TFAP2C	SAFB	0.3333333333333333	C
ARID2	RCOR3	0.3333333333333333	C
TFAP2C	SARM1	0.3333333333333333	C
ARID2	RBPJ	0.3333333333333333	C
ARID2	PAWR	0.3333333333333333	C
ARID2	NFAT5	0.3333333333333333	C
ARID2	NCOA2	0.3333333333333333	C
ARID2	MSI2	0.3333333333333333	C
TFAP2C	SEC16A	0.3333333333333333	C
ARID2	MLLT10	0.3333333333333333	C
TFAP2C	SHB	0.3333333333333333	C
ARID2	FOXJ3	0.3333333333333333	C
FOXP1	ARID2	0.3333333333333333	C
ARID2	HNRNPH1	0.3333333333333333	C
TFAP2C	SH3KBP1	0.3333333333333333	C
ARID2	HNRNPL	0.3333333333333333	C
FOXA1	ARID2	0.3333333333333333	C
ARID2	JMJD1C	0.3333333333333333	C
ARID2	LRP6	0.3333333333333333	C
TFAP2C	SGK1	0.3333333333333333	C
TFAP2C	SERTAD3	0.3333333333333333	C
TFAP2C	SERGEF	0.3333333333333333	C
ARID2	MAP4K5	0.3333333333333333	C
TFAP2C	SEMA5A	0.3333333333333333	C
TFAP2C	SH3BP2	0.3333333333333333	C
AR	JAZF1	0.3333333333333333	C
TFAP2C	SPATC1	0.3333333333333333	C
TFAP2C	SPIN1	0.3333333333333333	C
TFAP2C	TCERG1L	0.3333333333333333	C
TFAP2C	TCIRG1	0.3333333333333333	C
TFAP2C	TDRKH	0.3333333333333333	C
AR	MTSS1	0.3333333333333333	C
AR	MPZL1	0.3333333333333333	C
AR	MICAL2	0.3333333333333333	C
TFAP2C	TFEB	0.3333333333333333	C
AR	MAPK10	0.3333333333333333	C
AR	MAP2	0.3333333333333333	C
TFAP2C	THBS3	0.3333333333333333	C
AR	MACROD2	0.3333333333333333	C
AR	LTBP4	0.3333333333333333	C
TFAP2C	TIGD6	0.3333333333333333	C
AR	LMBR1	0.3333333333333333	C
AR	LIPA	0.3333333333333333	C
TFAP2C	TMED8	0.3333333333333333	C
AR	LIMCH1	0.3333333333333333	C
AR	JRKL	0.3333333333333333	C
TFAP2C	TOPAZ1	0.3333333333333333	C
TFAP2C	TOP3A	0.3333333333333333	C
TFAP2C	TOP2B	0.3333333333333333	C
TFAP2C	TOP2A	0.3333333333333333	C
TFAP2C	TOMM40	0.3333333333333333	C
AR	NCALD	0.3333333333333333	C
AR	KALRN	0.3333333333333333	C
TFAP2C	TNS2	0.3333333333333333	C
AR	LAMA3	0.3333333333333333	C
TFAP2C	TNIP1	0.3333333333333333	C
TFAP2C	TMEM92	0.3333333333333333	C
TFAP2C	LHFPL7	0.3333333333333333	C
TFAP2C	TMEM201	0.3333333333333333	C
AR	KCNH8	0.3333333333333333	C
AR	TENM4	0.3333333333333333	C
AR	NFIA	0.3333333333333333	C
TFAP2C	TARS3	0.3333333333333333	C
AR	TACC1	0.3333333333333333	C
AR	SUGCT	0.3333333333333333	C
AR	STARD13	0.3333333333333333	C
AR	SPOCK1	0.3333333333333333	C
TFAP2C	SPX	0.3333333333333333	C
TFAP2C	SRD5A1	0.3333333333333333	C
TFAP2C	SREBF1	0.3333333333333333	C
TFAP2C	SRSF4	0.3333333333333333	C
AR	SOX6	0.3333333333333333	C
TFAP2C	SSH3	0.3333333333333333	C
TFAP2C	SSPOP	0.3333333333333333	C
TFAP2C	SSUH2	0.3333333333333333	C
AR	SORBS2	0.3333333333333333	C
AR	SIPA1L2	0.3333333333333333	C
AR	SIPA1L1	0.3333333333333333	C
TFAP2C	STC2	0.3333333333333333	C
AR	RIN2	0.3333333333333333	C
AR	NUMB	0.3333333333333333	C
TFAP2C	TADA3	0.3333333333333333	C
REST	MAPK8IP1	-0.3333333333333333	C
TFAP2C	SYT3	0.3333333333333333	C
TFAP2C	SYT12	0.3333333333333333	C
AR	PBX1	0.3333333333333333	C
AR	NOL3	0.3333333333333333	C
AR	PDZRN3	0.3333333333333333	C
AR	PPARGC1A	0.3333333333333333	C
AR	PPP2R2C	0.3333333333333333	C
TFAP2C	SUSD2	0.3333333333333333	C
AR	PTK2B	0.3333333333333333	C
AR	RBMS3	0.3333333333333333	C
TFAP2C	STX16	0.3333333333333333	C
AR	PLAAT4	0.3333333333333333	C
TFDP1	PPP1R18	0.3333333333333333	C
TFDP1	PTBP3	0.3333333333333333	C
AHR	RBMS1	0.3333333333333333	C
THAP11	SIRT2	0.3333333333333333	C
THAP11	SKP2	0.3333333333333333	C
THAP11	SLC25A19	0.3333333333333333	C
THAP11	SLC35B4	0.3333333333333333	C
AHR	NFATC2	0.3333333333333333	C
THAP11	SMARCAL1	0.3333333333333333	C
THAP11	SMIM13	0.3333333333333333	C
THAP11	SNAP47	0.3333333333333333	C
THAP11	SNX16	0.3333333333333333	C
AHR	NCOR2	0.3333333333333333	C
THAP11	SNX27	0.3333333333333333	C
THAP11	SOX6	0.3333333333333333	C
THAP11	SWT1	0.3333333333333333	C
THAP11	SYMPK	0.3333333333333333	C
THAP11	TBC1D31	0.3333333333333333	C
THAP11	THRAP3	0.3333333333333333	C
THAP11	TMEM109	0.3333333333333333	C
THAP11	ZNF444	0.3333333333333333	C
THAP11	ZCCHC8	0.3333333333333333	C
THAP11	WNK1	0.3333333333333333	C
THAP11	WBP2	0.3333333333333333	C
THAP11	VPS50	0.3333333333333333	C
THAP11	VPS41	0.3333333333333333	C
THAP11	SH2D6	0.3333333333333333	C
THAP11	USP48	0.3333333333333333	C
THAP11	UBA1	0.3333333333333333	C
THAP11	IFT70B	0.3333333333333333	C
THAP11	TRMT1L	0.3333333333333333	C
THAP11	TRAPPC3	0.3333333333333333	C
THAP11	TMEM208	0.3333333333333333	C
AHR	MYO1B	0.3333333333333333	C
THAP11	UBR2	0.3333333333333333	C
THAP11	ZNF605	0.3333333333333333	C
THAP11	SEL1L	0.3333333333333333	C
THAP11	RIDA	0.3333333333333333	C
THAP11	LMBRD2	0.3333333333333333	C
THAP11	LMNA	0.3333333333333333	C
AHR	PHACTR3	0.3333333333333333	C
THAP11	LYSMD1	0.3333333333333333	C
THAP11	MAD2L1BP	0.3333333333333333	C
THAP11	MED11	0.3333333333333333	C
THAP11	MITF	0.3333333333333333	C
THAP11	MRPL24	0.3333333333333333	C
THAP11	MRPL42	0.3333333333333333	C
THAP11	MRPL50	0.3333333333333333	C
THAP11	MTR	0.3333333333333333	C
THAP11	NDC1	0.3333333333333333	C
THAP11	NMT1	0.3333333333333333	C
THAP11	NOP14	0.3333333333333333	C
THAP11	NUDCD1	0.3333333333333333	C
THAP11	NUP153	0.3333333333333333	C
THAP11	NUTF2	0.3333333333333333	C
THAP11	RANGAP1	0.3333333333333333	C
AHR	NRP2	0.3333333333333333	C
THAP11	PRCC	0.3333333333333333	C
THAP11	PPP2R5B	0.3333333333333333	C
THAP11	PPP1R12B	0.3333333333333333	C
THAP11	PPCDC	0.3333333333333333	C
THAP11	RPGRIP1L	0.3333333333333333	C
THAP11	POP1	0.3333333333333333	C
THAP11	PNKD	0.3333333333333333	C
THAP11	PHF23	0.3333333333333333	C
THAP11	PHB1	0.3333333333333333	C
THAP11	PEMT	0.3333333333333333	C
THAP11	PDCD10	0.3333333333333333	C
THAP11	PCM1	0.3333333333333333	C
THAP11	PNPLA6	0.3333333333333333	C
THAP11	IZUMO1	0.3333333333333333	C
THAP11	ZSCAN22	0.3333333333333333	C
AHR	MID1	0.3333333333333333	C
TP53	CCDC60	0.3333333333333333	C
TP53	CCK	0.3333333333333333	C
TP53	CDH11	0.3333333333333333	C
RBPJ	HES5	0.3333333333333333	C
TP53	CEP68	0.3333333333333333	C
YY1	NDUFS8	0.3333333333333333	C
TP53	CFAP61	0.3333333333333333	C
TP53	CFLAR	0.3333333333333333	C
FLI1	ETS1	0.3333333333333333	C
HSF1	SERPINH1	0.3333333333333333	C
CEBPA	CPB2	0.3333333333333333	C
PPARA	DBI	0.3333333333333333	C
NFE2L2	GSTP1	0.3333333333333333	C
TP53	CRMP1	0.3333333333333333	C
CREB1	CRH	0.3333333333333333	C
AR	RARA	0.3333333333333333	C
EBF1	TCF3	0.3333333333333333	C
SOX9	MECOM	0.3333333333333333	C
GLI3	WNT7B	0.3333333333333333	C
TCF3	POU2F2	0.3333333333333333	C
EGR1	MAP3K1	0.3333333333333333	C
EGR1	DRD2	0.3333333333333333	C
ETS1	PRF1	0.3333333333333333	C
SREBF1	FADS2	0.3333333333333333	C
NFE2L2	KEAP1	0.3333333333333333	C
TP53	DDX31	0.3333333333333333	C
GATA2	CYP19A1	0.3333333333333333	C
TP53	DAB1	0.3333333333333333	C
TP53	CYTL1	0.3333333333333333	C
TP53	CYP4F3	0.3333333333333333	C
RELA	NOD2	0.3333333333333333	C
TP53	DENND3	0.3333333333333333	C
THRB	ATP2A2	0.3333333333333333	C
STAT5B	CDKN1A	0.3333333333333333	C
FOXO1	IGF1R	0.3333333333333333	C
EGR1	NR2F1	0.3333333333333333	C
AHR	MAST4	0.3333333333333333	C
AHR	MAP4K4	0.3333333333333333	C
AHR	LHFPL2	0.3333333333333333	C
TP53	ADRB2	0.3333333333333333	C
AHR	KDM4C	0.3333333333333333	C
AHR	KAZN	0.3333333333333333	C
AHR	GAS7	0.3333333333333333	C
TP53	AHDC1	0.3333333333333333	C
AHR	FRMD4A	0.3333333333333333	C
AHR	EPB41L2	0.3333333333333333	C
AHR	DOCK4	0.3333333333333333	C
TP53	ANKRD37	0.3333333333333333	C
TP53	ANKUB1	0.3333333333333333	C
AHR	CTNNA2	0.3333333333333333	C
TP53	APOBEC1	0.3333333333333333	C
TP53	APOBEC3H	0.3333333333333333	C
THRB	MYH6	0.3333333333333333	C
TP53	BRD1	0.3333333333333333	C
STAT5A	CISH	0.3333333333333333	C
PITX1	LHB	0.3333333333333333	C
ADNP	ATF7IP	0.3333333333333333	C
ADNP	DYRK1A	0.3333333333333333	C
GABPA	UTRN	0.3333333333333333	C
ADNP	TLK1	0.3333333333333333	C
TP53	ASTN2	0.3333333333333333	C
AHR	ARHGAP15	0.3333333333333333	C
AHR	ARID5B	0.3333333333333333	C
TP53	ARID1A	0.3333333333333333	C
AHR	CREB5	0.3333333333333333	C
AHR	CTNNA1	0.3333333333333333	C
ADNP	ZMYM4	0.3333333333333333	C
THAP11	ITPR1	0.3333333333333333	C
THAP11	ITCH	0.3333333333333333	C
THAP11	INVS	0.3333333333333333	C
TGIF2	SMOX	0.3333333333333333	C
TGIF2	TCIRG1	0.3333333333333333	C
TGIF2	ZBTB2	0.3333333333333333	C
TGIF2	ZSCAN2	0.3333333333333333	C
THAP1	ACAP3	0.3333333333333333	C
THAP1	ARHGDIA	0.3333333333333333	C
THAP1	BCOR	0.3333333333333333	C
THAP1	CELF5	0.3333333333333333	C
THAP1	COL18A1	0.3333333333333333	C
THAP1	CORO2A	0.3333333333333333	C
THAP1	CSNK1D	0.3333333333333333	C
THAP1	CYFIP1	0.3333333333333333	C
THAP1	DOCK6	0.3333333333333333	C
THAP1	EPS8L2	0.3333333333333333	C
THAP1	FAAP100	0.3333333333333333	C
AHR	RAPGEF4	0.3333333333333333	C
THAP1	FAM78A	0.3333333333333333	C
THAP1	LTBP3	0.3333333333333333	C
THAP1	IQSEC1	0.3333333333333333	C
THAP1	IER2	0.3333333333333333	C
THAP1	HSP90AA1	0.3333333333333333	C
THAP1	HOOK2	0.3333333333333333	C
THAP1	HDAC11	0.3333333333333333	C
TGIF2	SEPTIN9	0.3333333333333333	C
THAP1	GRAMD1A	0.3333333333333333	C
THAP1	GNB1	0.3333333333333333	C
THAP1	GALE	0.3333333333333333	C
THAP1	GAK	0.3333333333333333	C
THAP1	FNDC10	0.3333333333333333	C
THAP1	FGFRL1	0.3333333333333333	C
THAP1	FGFR3	0.3333333333333333	C
THAP1	GPT2	0.3333333333333333	C
THAP1	LYSMD2	0.3333333333333333	C
TGIF2	RPL3	0.3333333333333333	C
TGIF2	OGFR	0.3333333333333333	C
TFDP1	RAB27A	0.3333333333333333	C
TFDP1	RALGDS	0.3333333333333333	C
TFDP1	RBPJ	0.3333333333333333	C
TFDP1	RCC1	0.3333333333333333	C
TFDP1	SEPTIN7	0.3333333333333333	C
TFDP1	SGMS1	0.3333333333333333	C
TFDP1	SMARCA4	0.3333333333333333	C
TFDP1	SPHK1	0.3333333333333333	C
TFDP1	STK11	0.3333333333333333	C
TFDP1	SUMO3	0.3333333333333333	C
TFDP1	TACC3	0.3333333333333333	C
TFDP1	TCHP	0.3333333333333333	C
TFDP1	TLCD1	0.3333333333333333	C
TFDP1	TMCO1	0.3333333333333333	C
TFDP1	TMPO	0.3333333333333333	C
TFDP1	TRIB3	0.3333333333333333	C
TFDP1	VAPA	0.3333333333333333	C
TGIF2	NFKB2	0.3333333333333333	C
TGIF2	NELFA	0.3333333333333333	C
TGIF2	MSH6	0.3333333333333333	C
TGIF2	IST1	0.3333333333333333	C
TGIF2	HMGXB3	0.3333333333333333	C
TGIF2	EEIG1	0.3333333333333333	C
TGIF2	PRR3	0.3333333333333333	C
TGIF2	DPAGT1	0.3333333333333333	C
TGIF2	ASXL1	0.3333333333333333	C
TGIF2	AKAP1	0.3333333333333333	C
TGIF2	AHCY	0.3333333333333333	C
TFDP1	ZNF367	0.3333333333333333	C
TFDP1	ZBTB45	0.3333333333333333	C
TFDP1	XXYLT1	0.3333333333333333	C
TGIF2	COQ8A	0.3333333333333333	C
THAP1	MAST3	0.3333333333333333	C
THAP1	METRNL	0.3333333333333333	C
THAP1	MTCL1	0.3333333333333333	C
THAP11	CEP128	0.3333333333333333	C
THAP11	CHCHD3	0.3333333333333333	C
THAP11	CHCHD4	0.3333333333333333	C
THAP11	CHRNB1	0.3333333333333333	C
THAP11	CLDN12	0.3333333333333333	C
THAP11	CLP1	0.3333333333333333	C
AHR	PLCB1	0.3333333333333333	C
THAP11	CNPY2	0.3333333333333333	C
THAP11	COPS7B	0.3333333333333333	C
THAP11	DCAKD	0.3333333333333333	C
THAP11	DESI2	0.3333333333333333	C
THAP11	DFFA	0.3333333333333333	C
THAP11	DNAJC17	0.3333333333333333	C
THAP11	DNAJC18	0.3333333333333333	C
THAP11	DNM1L	0.3333333333333333	C
THAP11	DPM3	0.3333333333333333	C
THAP11	EIF1B	0.3333333333333333	C
THAP11	HSPH1	0.3333333333333333	C
THAP11	HSP90B1	0.3333333333333333	C
THAP11	HSD11B1L	0.3333333333333333	C
THAP11	HEXIM2	0.3333333333333333	C
THAP11	HCFC1R1	0.3333333333333333	C
THAP11	GPKOW	0.3333333333333333	C
THAP11	CCDC90B	0.3333333333333333	C
THAP11	FYCO1	0.3333333333333333	C
THAP11	FBXL19	0.3333333333333333	C
THAP11	FAM168A	0.3333333333333333	C
THAP11	ERP44	0.3333333333333333	C
THAP11	ENY2	0.3333333333333333	C
THAP11	EIF2S2	0.3333333333333333	C
THAP11	EIF2B4	0.3333333333333333	C
THAP11	FTO	0.3333333333333333	C
THAP11	CCDC191	0.3333333333333333	C
THAP11	CALCOCO1	0.3333333333333333	C
THAP11	BUB3	0.3333333333333333	C
THAP1	SRCIN1	0.3333333333333333	C
THAP1	SKI	0.3333333333333333	C
THAP1	SGMS1	0.3333333333333333	C
THAP1	RXRA	0.3333333333333333	C
THAP1	RREB1	0.3333333333333333	C
THAP1	RASGEF1A	0.3333333333333333	C
THAP1	STIP1	0.3333333333333333	C
THAP1	PPP6R1	0.3333333333333333	C
THAP1	PLEC	0.3333333333333333	C
THAP1	PIEZO1	0.3333333333333333	C
THAP1	PIDD1	0.3333333333333333	C
THAP1	NKD2	0.3333333333333333	C
THAP1	NCOR2	0.3333333333333333	C
THAP1	MYO1C	0.3333333333333333	C
THAP1	PPM1F	0.3333333333333333	C
VDR	SAXO2	0.3333333333333333	C
THAP1	SYMPK	0.3333333333333333	C
THAP1	TLE5	0.3333333333333333	C
THAP11	BUB1B	0.3333333333333333	C
THAP11	BOLA1	0.3333333333333333	C
THAP11	BANP	0.3333333333333333	C
THAP11	BABAM1	0.3333333333333333	C
THAP11	ATL3	0.3333333333333333	C
THAP11	ARPP19	0.3333333333333333	C
THAP1	TCF25	0.3333333333333333	C
THAP11	AP2S1	0.3333333333333333	C
THAP1	ZNF276	0.3333333333333333	C
THAP1	YWHAZ	0.3333333333333333	C
THAP1	USF2	0.3333333333333333	C
THAP1	UNKL	0.3333333333333333	C
THAP1	UBTF	0.3333333333333333	C
THAP1	TRABD	0.3333333333333333	C
THAP11	AFG1L	0.3333333333333333	C
TFAP2C	RRM2B	0.3333333333333333	C
CEBPA	MYB	-0.3333333333333333	C
VDR	SEMA4B	0.3333333333333333	C
ATF4	NFE2L2	0.3333333333333333	C
ZNF263	GRK3	0.3333333333333333	C
RFX1	FGF1	0.3333333333333333	C
RARA	TFAP2A	0.3333333333333333	C
CDX2	SHH	-0.3333333333333333	C
CEBPB	TNFSF11	0.3333333333333333	C
ZNF263	HDDC2	0.3333333333333333	C
ZNF263	HIVEP2	0.3333333333333333	C
SRF	LIMA1	0.3333333333333333	C
ZNF263	HMGB2	0.3333333333333333	C
TP63	FGFR3	0.3333333333333333	C
ZNF263	ID2	0.3333333333333333	C
NR2F2	NRP2	0.3333333333333333	C
ZNF263	IGF2BP3	0.3333333333333333	C
ESR1	PTTG1IP	0.3333333333333333	C
SP1	HSD11B2	0.3333333333333333	C
FLI1	INPP5D	0.3333333333333333	C
GRHL2	CDH1	0.3333333333333333	C
AHR	SOS1	0.3333333333333333	C
HBP1	SQSTM1	0.3333333333333333	C
ZNF263	BLTP2	0.3333333333333333	C
FLI1	LMO2	0.3333333333333333	C
STAT6	ITGA2B	0.3333333333333333	C
NR3C1	S100P	0.3333333333333333	C
RUNX2	PPARG	0.3333333333333333	C
ZNF263	KCMF1	0.3333333333333333	C
ZNF263	JPH3	0.3333333333333333	C
ZNF263	JARID2	0.3333333333333333	C
ZNF263	ITPRID2	0.3333333333333333	C
PRDM1	PCNA	-0.3333333333333333	C
REST	SYN1	-0.3333333333333333	C
SP1	KCTD11	0.3333333333333333	C
GRHL2	CLDN4	0.3333333333333333	C
GABPA	LIG4	0.3333333333333333	C
ZNF263	GLI3	0.3333333333333333	C
ZNF263	DDR1	0.3333333333333333	C
ESR1	DNAAF4	0.3333333333333333	C
BACH1	IL6	-0.3333333333333333	C
ESR2	CYP1B1	0.3333333333333333	C
STAT3	SOD2	0.3333333333333333	C
SPIB	PAX5	0.3333333333333333	C
SREBF1	LPIN1	0.3333333333333333	C
NR3C2	SCNN1A	0.3333333333333333	C
ZNF263	DUSP16	0.3333333333333333	C
ZNF263	DUSP29	0.3333333333333333	C
ESR1	GAD2	0.3333333333333333	C
TCF3	NOTCH1	0.3333333333333333	C
ZNF263	ELFN2	0.3333333333333333	C
NFYA	SREBF1	0.3333333333333333	C
PPARA	SLC25A20	0.3333333333333333	C
ZNF263	ERG	0.3333333333333333	C
ZNF263	ERICH6	0.3333333333333333	C
ZNF263	GAS6	0.3333333333333333	C
GATA1	FLI1	0.3333333333333333	C
ZNF263	GABBR1	0.3333333333333333	C
CTCF	FXN	0.3333333333333333	C
ZNF263	FOXA2	0.3333333333333333	C
MYC	PSAP	0.3333333333333333	C
RELA	CREB1	-0.3333333333333333	C
ZNF263	FGGY	0.3333333333333333	C
RUNX3	ETS1	0.3333333333333333	C
CEBPE	MMP2	0.3333333333333333	C
ZNF263	NALF1	0.3333333333333333	C
ZNF263	FAM149B1	0.3333333333333333	C
ZNF263	FAM13A	0.3333333333333333	C
NFATC1	IL17A	0.3333333333333333	C
TBX21	IKZF1	0.3333333333333333	C
ZNF263	DCHS2	0.3333333333333333	C
NFKB2	LTA	0.3333333333333333	C
RUNX3	IRF4	0.3333333333333333	C
TP63	BNC1	0.3333333333333333	C
HNF4A	SULT1E1	0.3333333333333333	C
CTCF	MGAT5B	0.3333333333333333	C
E2F4	FOXD3	0.3333333333333333	C
ZNF263	P2RX5	0.3333333333333333	C
ZNF263	PBX1	0.3333333333333333	C
ZNF263	PBX2	0.3333333333333333	C
IRF1	PMAIP1	0.3333333333333333	C
E2F4	GAS2L1	0.3333333333333333	C
RUNX1	LITAF	0.3333333333333333	C
BHLHE40	RARA	0.3333333333333333	C
TFAP2A	DRD1	0.3333333333333333	C
SOX10	SH3KBP1	0.3333333333333333	C
ZEB1	ESRP2	-0.3333333333333333	C
IRF1	IFNL1	0.3333333333333333	C
MYB	ITK	0.3333333333333333	C
NFYB	IER5	0.3333333333333333	C
EGR1	CSF1R	0.3333333333333333	C
ZNF263	QKI	0.3333333333333333	C
TCF3	LITAF	0.3333333333333333	C
ZNF263	PTPN4	0.3333333333333333	C
ZNF263	PRRT3	0.3333333333333333	C
CREB1	FOSB	0.3333333333333333	C
E2F6	ZNF451	0.3333333333333333	C
ZNF263	PRPF31	0.3333333333333333	C
IRF4	IKZF1	0.3333333333333333	C
ZNF263	PRDM12	0.3333333333333333	C
ZNF263	PPP3CA	0.3333333333333333	C
PPARG	MECOM	0.3333333333333333	C
JUN	SERPINB2	0.3333333333333333	C
ZNF263	PLPP2	0.3333333333333333	C
EGR1	PPP1R1B	0.3333333333333333	C
NFE2L2	PPARGC1B	0.3333333333333333	C
ZNF263	NR2F2	0.3333333333333333	C
TEAD4	CCN2	0.3333333333333333	C
ZNF263	LHX2	0.3333333333333333	C
ZNF263	LHX6	0.3333333333333333	C
CREB1	RAB25	0.3333333333333333	C
JUNB	FOSL1	0.3333333333333333	C
IRF2	CEACAM1	0.3333333333333333	C
NFKB1	TANK	0.3333333333333333	C
ZNF263	LRRC8B	0.3333333333333333	C
GATA3	XKR3	0.3333333333333333	C
RUNX1	ERG	0.3333333333333333	C
ZNF263	MAN1A2	0.3333333333333333	C
SRF	MCL1	0.3333333333333333	C
ZNF263	MARK1	0.3333333333333333	C
CREM	NFATC1	0.3333333333333333	C
ZNF263	MCTP1	0.3333333333333333	C
ZNF263	MEF2C	0.3333333333333333	C
ZNF263	MLLT1	0.3333333333333333	C
STAT3	MAD1L1	0.3333333333333333	C
ZNF263	NOC2L	0.3333333333333333	C
ZNF263	NFATC2	0.3333333333333333	C
ESR1	ODF2	0.3333333333333333	C
ZNF263	NCOA2	0.3333333333333333	C
ZNF263	NCAN	0.3333333333333333	C
MYC	TOP1MT	0.3333333333333333	C
ZNF263	NPAS2	0.3333333333333333	C
PAX6	PLCB1	0.3333333333333333	C
ZNF263	MYB	0.3333333333333333	C
REL	FOXP3	0.3333333333333333	C
ZNF263	MSRB3	0.3333333333333333	C
ZNF263	MPHOSPH6	0.3333333333333333	C
ZNF263	PALS2	0.3333333333333333	C
ZNF263	MPP3	0.3333333333333333	C
KMT2A	AFF1	0.3333333333333333	C
ZNF263	RALA	0.3333333333333333	C
NCOA2	NCOA3	0.3333333333333333	C
MYCN	PPP2R2C	0.3333333333333333	C
ZNF143	PRKN	0.3333333333333333	C
ZNF143	PRPF31	0.3333333333333333	C
ZNF143	RABGAP1L	0.3333333333333333	C
ZNF143	RPTOR	0.3333333333333333	C
ZNF143	SLC38A1	0.3333333333333333	C
ZNF143	SPTBN1	0.3333333333333333	C
ZNF143	SYN3	0.3333333333333333	C
ZNF143	TARBP1	0.3333333333333333	C
ZNF143	TPD52L1	0.3333333333333333	C
ZNF143	USP7	0.3333333333333333	C
ZNF143	VASP	0.3333333333333333	C
ZNF143	WWC1	0.3333333333333333	C
ZNF143	ZMIZ1	0.3333333333333333	C
ZNF165	SPAG1	0.3333333333333333	C
ZNF197	RTF1	0.3333333333333333	C
ZNF197	TMTC3	0.3333333333333333	C
ZNF197	TNKS	0.3333333333333333	C
ZNF217	VAV3	0.3333333333333333	C
ZNF217	USP32	0.3333333333333333	C
ZNF217	TET3	0.3333333333333333	C
ZNF217	SERINC5	0.3333333333333333	C
ZNF217	OSBPL8	0.3333333333333333	C
ZNF217	IQGAP1	0.3333333333333333	C
ZNF143	PRKCE	0.3333333333333333	C
ZNF217	IL1R1	0.3333333333333333	C
ZNF217	FMN1	0.3333333333333333	C
ZNF217	CEMIP2	0.3333333333333333	C
ZNF217	ARID5B	0.3333333333333333	C
ZNF197	ZC3H7A	0.3333333333333333	C
ZNF197	VCPIP1	0.3333333333333333	C
ZNF197	UBXN4	0.3333333333333333	C
ZNF217	FNDC3B	0.3333333333333333	C
ZNF24	ADCK1	0.3333333333333333	C
ZNF143	PRDM11	0.3333333333333333	C
ZNF143	PLEC	0.3333333333333333	C
ZNF143	CDYL	0.3333333333333333	C
ZNF143	CEP162	0.3333333333333333	C
ZNF143	CTIF	0.3333333333333333	C
ZNF143	DENND1A	0.3333333333333333	C
ZNF143	DGKI	0.3333333333333333	C
ZNF143	DIP2C	0.3333333333333333	C
ZNF143	DLG4	0.3333333333333333	C
ZNF143	DNAJB6	0.3333333333333333	C
ZNF143	DOCK4	0.3333333333333333	C
ZNF143	DPYSL5	0.3333333333333333	C
ZNF143	FBXL19	0.3333333333333333	C
ZNF143	FNDC3B	0.3333333333333333	C
ZNF143	FRMD4A	0.3333333333333333	C
ZNF143	FTO	0.3333333333333333	C
ZNF143	GATAD2A	0.3333333333333333	C
ZNF143	ITPR1	0.3333333333333333	C
ZNF143	KCNN3	0.3333333333333333	C
ZNF143	PDE4A	0.3333333333333333	C
ZNF143	PCBP1	0.3333333333333333	C
ZNF143	PARD3	0.3333333333333333	C
ZNF143	PACRG	0.3333333333333333	C
ZNF143	OSBP2	0.3333333333333333	C
ZNF143	NUCB1	0.3333333333333333	C
ZNF143	PNPLA6	0.3333333333333333	C
ZNF143	NCOA1	0.3333333333333333	C
ZNF143	MRPS22	0.3333333333333333	C
ZNF143	MIDEAS	0.3333333333333333	C
ZNF143	MGRN1	0.3333333333333333	C
ZNF143	MED13L	0.3333333333333333	C
ZNF143	MAP4K4	0.3333333333333333	C
ZNF143	LMNA	0.3333333333333333	C
ZNF143	MSI2	0.3333333333333333	C
JUND	F3	0.3333333333333333	C
ZNF24	AKAP9	0.3333333333333333	C
ZNF24	CRTC1	0.3333333333333333	C
USF2	CDK4	0.3333333333333333	C
TP53	KBTBD7	0.3333333333333333	C
ZNF263	ATCAY	0.3333333333333333	C
TP53	ITFG1	0.3333333333333333	C
ZNF263	ATXN1	0.3333333333333333	C
ZNF263	AVL9	0.3333333333333333	C
ZNF263	AXIN1	0.3333333333333333	C
ZNF263	BARHL2	0.3333333333333333	C
ZNF263	BAG3	0.3333333333333333	C
ZNF263	BCAN	0.3333333333333333	C
ATF3	KLF6	0.3333333333333333	C
NFE2L2	SRXN1	0.3333333333333333	C
ZNF263	BMI1	0.3333333333333333	C
ZNF263	HAPSTR1	0.3333333333333333	C
NR2F2	NRP1	0.3333333333333333	C
ZNF263	CA11	0.3333333333333333	C
ZNF263	CACTIN	0.3333333333333333	C
ZNF263	CNTNAP2	0.3333333333333333	C
MYCN	GALNT14	0.3333333333333333	C
ZNF263	CIC	0.3333333333333333	C
ZNF263	CHRD	0.3333333333333333	C
ZNF263	CHD3	0.3333333333333333	C
ZNF263	CDK18	0.3333333333333333	C
ZNF143	VAMP7	0.3333333333333333	C
HIF1A	APP	0.3333333333333333	C
ZNF263	CCT6B	0.3333333333333333	C
RELA	BDNF	0.3333333333333333	C
SALL4	POU5F1	0.3333333333333333	C
RELA	MIA	0.3333333333333333	C
RXRA	CYP1A1	0.3333333333333333	C
ZNF263	CAPN1	0.3333333333333333	C
ZNF263	CDC14A	0.3333333333333333	C
ZNF24	CLEC16A	0.3333333333333333	C
TP63	B4GALT1	0.3333333333333333	C
TP63	MARK3	0.3333333333333333	C
ZNF24	CSMD2	0.3333333333333333	C
ZNF24	DNAJC6	0.3333333333333333	C
ZNF24	FCHO1	0.3333333333333333	C
ZNF24	KCNB1	0.3333333333333333	C
ZNF24	MUC4	0.3333333333333333	C
ZNF24	MYEOV	0.3333333333333333	C
ZNF24	NCS1	0.3333333333333333	C
ZNF24	OTUD3	0.3333333333333333	C
ZNF24	RB1CC1	0.3333333333333333	C
ZNF24	SGK1	0.3333333333333333	C
ZNF24	SNX8	0.3333333333333333	C
ZNF24	SULT2B1	0.3333333333333333	C
ZNF24	TBXAS1	0.3333333333333333	C
ZNF24	TRPV4	0.3333333333333333	C
ZNF24	USP31	0.3333333333333333	C
ZNF24	ZNF131	0.3333333333333333	C
SP1	SNAP25	0.3333333333333333	C
NR1I2	VAMP7	0.3333333333333333	C
NR1I2	ARAP3	0.3333333333333333	C
NR1I2	TTC21A	0.3333333333333333	C
ZNF263	ALMS1	0.3333333333333333	C
ASCL1	CHRNB4	0.3333333333333333	C
ZNF263	AEBP2	0.3333333333333333	C
ZNF263	ARHGAP6	0.3333333333333333	C
ZNF263	ADGRG3	0.3333333333333333	C
AR	UGT2B17	-0.3333333333333333	C
TP63	TPRG1	0.3333333333333333	C
ZNF263	ACVR1	0.3333333333333333	C
TFAP2A	TFAP2C	0.3333333333333333	C
ZNF263	ACIN1	0.3333333333333333	C
FOXO3	SOD1	0.3333333333333333	C
STAT5A	IRF8	0.3333333333333333	C
ZKSCAN1	WHRN	0.3333333333333333	C
HSF1	DNAJB1	0.3333333333333333	C
ZNF263	RAP1A	0.3333333333333333	C
ZNF584	BLOC1S4	0.3333333333333333	C
ZNF584	DNAJB12	0.3333333333333333	C
ZNF584	PCYT1A	0.3333333333333333	C
ZNF584	PRPF8	0.3333333333333333	C
ZNF584	SLC35F6	0.3333333333333333	C
ZNF584	SUPV3L1	0.3333333333333333	C
ZNF584	TRMT12	0.3333333333333333	C
ZNF584	UTP11	0.3333333333333333	C
ZNF589	GALM	0.3333333333333333	C
ZNF592	AHDC1	0.3333333333333333	C
ZNF592	BCL9L	0.3333333333333333	C
ZNF592	FBXL18	0.3333333333333333	C
ZNF592	FTSJ3	0.3333333333333333	C
ZNF592	LRRC41	0.3333333333333333	C
ZNF592	PCIF1	0.3333333333333333	C
ZNF592	PHF8	0.3333333333333333	C
ZNF592	PREX1	0.3333333333333333	C
ZNF639	MAPK9	0.3333333333333333	C
ZNF639	HMGB1	0.3333333333333333	C
ZNF639	HIPK3	0.3333333333333333	C
ZNF639	EPM2A	0.3333333333333333	C
ZNF639	DNM1L	0.3333333333333333	C
ZNF639	CTBS	0.3333333333333333	C
ZNF384	ZMYND8	0.3333333333333333	C
ZNF639	CSDE1	0.3333333333333333	C
ZNF592	ZNF646	0.3333333333333333	C
ZNF592	WIPF2	0.3333333333333333	C
ZNF592	VPS26C	0.3333333333333333	C
ZNF592	STRIP1	0.3333333333333333	C
ZNF592	SART3	0.3333333333333333	C
ZNF592	PRPF8	0.3333333333333333	C
ZNF639	AHCTF1	0.3333333333333333	C
ZNF639	MEF2A	0.3333333333333333	C
ZNF384	VEGFA	0.3333333333333333	C
ZNF384	USP34	0.3333333333333333	C
ZNF384	MAP4K4	0.3333333333333333	C
ZNF384	MARF1	0.3333333333333333	C
ZNF384	MED15	0.3333333333333333	C
ZNF384	MEIS2	0.3333333333333333	C
ZNF384	NDE1	0.3333333333333333	C
ZNF384	NFAT5	0.3333333333333333	C
ZNF384	NFIX	0.3333333333333333	C
RFX1	ADGRG1	0.3333333333333333	C
ZNF384	PHACTR4	0.3333333333333333	C
ZNF384	PHF21A	0.3333333333333333	C
ZNF384	PI4KA	0.3333333333333333	C
ZNF384	PRPF31	0.3333333333333333	C
ZNF384	PRRC2B	0.3333333333333333	C
ZNF384	PTK2	0.3333333333333333	C
ZNF384	RACGAP1	0.3333333333333333	C
ZNF384	SAMD4A	0.3333333333333333	C
ZNF384	SEPTIN9	0.3333333333333333	C
ZNF384	UBE2V1	0.3333333333333333	C
ZNF384	TRAPPC9	0.3333333333333333	C
ZNF384	TNRC18	0.3333333333333333	C
ZNF384	TLE2	0.3333333333333333	C
ZNF384	THRAP3	0.3333333333333333	C
ZNF384	TGIF1	0.3333333333333333	C
ZNF384	USP7	0.3333333333333333	C
ZNF384	TCF4	0.3333333333333333	C
ZNF384	TAOK3	0.3333333333333333	C
ZNF384	SRPK2	0.3333333333333333	C
ZNF384	SPEN	0.3333333333333333	C
ZNF384	SOX6	0.3333333333333333	C
ZNF384	SORBS1	0.3333333333333333	C
ZNF384	SMAD7	0.3333333333333333	C
ZNF384	TBC1D14	0.3333333333333333	C
ZNF384	KPNA6	0.3333333333333333	C
ZNF639	MTDH	0.3333333333333333	C
ZNF639	PHF10	0.3333333333333333	C
ZNF740	HNRNPL	0.3333333333333333	C
ZNF740	JUP	0.3333333333333333	C
ZNF740	KDM2B	0.3333333333333333	C
ZNF740	LARP1	0.3333333333333333	C
ZNF740	MAP1A	0.3333333333333333	C
NFKB2	ATF3	0.3333333333333333	C
ZNF740	MECP2	0.3333333333333333	C
ZNF740	MEPCE	0.3333333333333333	C
ZNF740	NFIA	0.3333333333333333	C
ZNF740	NOL4L	0.3333333333333333	C
ZNF740	PCBP4	0.3333333333333333	C
ZNF740	PDGFA	0.3333333333333333	C
ZNF740	PPFIA3	0.3333333333333333	C
ZNF740	PPP2R1A	0.3333333333333333	C
ZNF740	PRAME	0.3333333333333333	C
ZNF740	PRR12	0.3333333333333333	C
ZNF740	RHOF	0.3333333333333333	C
ZNF83	PCBP1	0.3333333333333333	C
ZNF83	CUBN	0.3333333333333333	C
ZNF766	MARF1	0.3333333333333333	C
ZNF766	CDK19	0.3333333333333333	C
ZNF766	CCDC174	0.3333333333333333	C
ZNF766	ARID4A	0.3333333333333333	C
ZNF740	HMX3	0.3333333333333333	C
ZNF740	ZNF687	0.3333333333333333	C
ZNF740	ZNF385A	0.3333333333333333	C
ZNF740	ZFP91	0.3333333333333333	C
ZNF740	ZBTB7A	0.3333333333333333	C
ZNF740	WNK1	0.3333333333333333	C
ZNF740	VAPB	0.3333333333333333	C
ZNF740	TAOK1	0.3333333333333333	C
ZNF740	ZNF512B	0.3333333333333333	C
ZNF639	PDS5B	0.3333333333333333	C
ZNF740	HMGA1	0.3333333333333333	C
ZNF740	DNMT1	0.3333333333333333	C
ZNF639	PPP2R5C	0.3333333333333333	C
ZNF639	PPP4R3A	0.3333333333333333	C
ZNF639	PTP4A2	0.3333333333333333	C
ZNF639	PTPN11	0.3333333333333333	C
ZNF639	RHEB	0.3333333333333333	C
ZNF639	RNF38	0.3333333333333333	C
ZNF639	RO60	0.3333333333333333	C
ZNF639	SAMD8	0.3333333333333333	C
ZNF639	SEC22C	0.3333333333333333	C
ZNF639	SEPTIN2	0.3333333333333333	C
ZNF639	SIN3A	0.3333333333333333	C
ZNF639	SLC30A5	0.3333333333333333	C
ZNF639	UBE3A	0.3333333333333333	C
ZNF639	URI1	0.3333333333333333	C
ZNF639	ZC3H7A	0.3333333333333333	C
ZNF639	ZNF143	0.3333333333333333	C
ZNF639	ZZZ3	0.3333333333333333	C
ZNF740	CUX1	0.3333333333333333	C
ZNF740	CREBBP	0.3333333333333333	C
ZNF740	CIRBP	0.3333333333333333	C
ZNF740	CASZ1	0.3333333333333333	C
ZNF740	BRD2	0.3333333333333333	C
ZNF740	ANKRD11	0.3333333333333333	C
ZNF740	FBXL19	0.3333333333333333	C
ZNF740	ADNP	0.3333333333333333	C
ZNF644	STXBP5	0.3333333333333333	C
ZNF644	SDE2	0.3333333333333333	C
ZNF644	PKNOX1	0.3333333333333333	C
ZNF644	NR3C1	0.3333333333333333	C
ZNF644	FBXW11	0.3333333333333333	C
ZNF644	EPC1	0.3333333333333333	C
ZNF644	ZNF280D	0.3333333333333333	C
MAFB	PRDM1	0.3333333333333333	C
ZNF384	KEAP1	0.3333333333333333	C
ZNF384	KANSL1	0.3333333333333333	C
ZNF263	SPRY2	0.3333333333333333	C
CREB1	LAPTM4B	0.3333333333333333	C
FOS	ITGAX	0.3333333333333333	C
ZNF263	SRGAP1	0.3333333333333333	C
SOX2	KIT	0.3333333333333333	C
E2F4	KIFBP	-0.3333333333333333	C
ZNF263	STT3B	0.3333333333333333	C
USF2	AGTRAP	0.3333333333333333	C
ZNF263	SUSD4	0.3333333333333333	C
ZNF263	SYNGAP1	0.3333333333333333	C
TP53	TKT	0.3333333333333333	C
CEBPB	OTC	0.3333333333333333	C
ZNF263	TBC1D1	0.3333333333333333	C
SMAD3	LTBP4	0.3333333333333333	C
ZNF263	TCF4	0.3333333333333333	C
ZNF263	TCL1B	0.3333333333333333	C
ZNF263	TFAP2A	0.3333333333333333	C
ZNF263	TRIM33	0.3333333333333333	C
ZNF263	TRIM29	0.3333333333333333	C
ZNF263	TRAF2	0.3333333333333333	C
ZNF263	TPM4	0.3333333333333333	C
TEAD1	NAIP	0.3333333333333333	C
STAT2	IRF9	0.3333333333333333	C
FOSL1	EGFR	0.3333333333333333	C
ESR2	NRIP1	0.3333333333333333	C
HOXB13	ESR1	0.3333333333333333	C
YY1	UBC	0.3333333333333333	C
ZNF263	TMEM119	0.3333333333333333	C
ZNF263	TLR5	0.3333333333333333	C
ZNF263	THRB	0.3333333333333333	C
ZNF263	TFE3	0.3333333333333333	C
ZNF263	TMEM164	0.3333333333333333	C
TP53	SLC5A5	0.3333333333333333	C
ZNF263	SP3	0.3333333333333333	C
TP63	TFAP2A	0.3333333333333333	C
HOXB3	OTX2	0.3333333333333333	C
LYL1	TAL1	0.3333333333333333	C
ZNF263	RCSD1	0.3333333333333333	C
VDR	HLA-DRB1	0.3333333333333333	C
FOS	KLK6	0.3333333333333333	C
ZNF263	RNASEH2C	0.3333333333333333	C
E2F1	STMN1	0.3333333333333333	C
RELA	BCR	0.3333333333333333	C
ZNF263	RPS25	0.3333333333333333	C
TFDP1	STMN1	0.3333333333333333	C
ATF4	INHBE	0.3333333333333333	C
ZNF263	RREB1	0.3333333333333333	C
RELA	THOC1	0.3333333333333333	C
JUN	KLF6	0.3333333333333333	C
ELF3	KRT8	0.3333333333333333	C
SP1	CIRBP	0.3333333333333333	C
MBD2	CHD4	-0.3333333333333333	C
ETS1	DAXX	0.3333333333333333	C
RARG	FGFR1	0.3333333333333333	C
EGR1	RPS6KA1	0.3333333333333333	C
FOS	NF1	0.3333333333333333	C
USF2	MAPRE2	0.3333333333333333	C
SRF	ITGB1	0.3333333333333333	C
ZNF263	SOWAHD	0.3333333333333333	C
ZNF263	SLC29A4	0.3333333333333333	C
ZNF263	SHOX2	0.3333333333333333	C
ZNF263	SHOC2	0.3333333333333333	C
ZNF263	SHISA7	0.3333333333333333	C
ZNF263	SFXN2	0.3333333333333333	C
ZNF263	SETD7	0.3333333333333333	C
ZNF263	SETD1B	0.3333333333333333	C
NFKB2	NFKB1	0.3333333333333333	C
ZNF384	KDM4C	0.3333333333333333	C
ZNF263	TRPM2	0.3333333333333333	C
ZNF263	TSC22D4	0.3333333333333333	C
ZNF274	ZNF529	0.3333333333333333	C
ZNF274	ZNF567	0.3333333333333333	C
ZNF274	ZNF84	0.3333333333333333	C
ZNF274	ZNF841	0.3333333333333333	C
ZNF274	ZSCAN18	0.3333333333333333	C
ZNF384	ANKRD11	0.3333333333333333	C
ZNF384	AP3D1	0.3333333333333333	C
ZNF384	ARID1A	0.3333333333333333	C
ZNF384	ATXN2	0.3333333333333333	C
ZNF384	BRD4	0.3333333333333333	C
ZNF384	CACNA1A	0.3333333333333333	C
ZNF384	CDKAL1	0.3333333333333333	C
ZNF384	CNOT1	0.3333333333333333	C
ZNF384	CREBBP	0.3333333333333333	C
ZNF384	CTSB	0.3333333333333333	C
ZNF384	DENND5A	0.3333333333333333	C
ZNF384	DYRK1A	0.3333333333333333	C
ZNF384	JMJD1C	0.3333333333333333	C
ZNF384	IGF2R	0.3333333333333333	C
ZNF384	IGF2BP3	0.3333333333333333	C
ZNF384	HM13	0.3333333333333333	C
ZNF384	HERPUD1	0.3333333333333333	C
ZNF384	GTF2I	0.3333333333333333	C
ZNF274	ZNF397	0.3333333333333333	C
ZNF384	GON4L	0.3333333333333333	C
ZNF384	FDFT1	0.3333333333333333	C
ZNF384	ETFBKMT	0.3333333333333333	C
ZNF384	ELF1	0.3333333333333333	C
ZNF384	EIF4G3	0.3333333333333333	C
ZNF384	EHBP1	0.3333333333333333	C
ZNF384	EGLN3	0.3333333333333333	C
ZNF384	FLNB	0.3333333333333333	C
ZNF263	TSPOAP1	0.3333333333333333	C
ZNF274	ZNF317	0.3333333333333333	C
ZNF274	ZNF26	0.3333333333333333	C
NFKB1	ELF4	0.3333333333333333	C
HIF1A	RBMS1	0.3333333333333333	C
ZNF263	TYRO3	0.3333333333333333	C
CREB1	SIK1	0.3333333333333333	C
SP1	PER1	0.3333333333333333	C
ZNF263	USP24	0.3333333333333333	C
HNF1B	FXYD2	0.3333333333333333	C
ZNF263	VCAN	0.3333333333333333	C
ZNF263	VSTM2L	0.3333333333333333	C
ZNF263	WDR26	0.3333333333333333	C
MZF1	CD34	0.3333333333333333	C
CEBPD	KLF9	0.3333333333333333	C
E2F1	UNG	0.3333333333333333	C
STAT1	PDGFB	0.3333333333333333	C
ZNF263	ZC3H4	0.3333333333333333	C
ZNF263	ZFHX2	0.3333333333333333	C
FOS	PADI4	0.3333333333333333	C
ZNF274	ZNF121	0.3333333333333333	C
ZNF274	ZNF12	0.3333333333333333	C
MEF2D	ATM	0.3333333333333333	C
ZNF274	TNFAIP8	0.3333333333333333	C
ZNF274	TJP2	0.3333333333333333	C
ZNF274	SLC25A37	0.3333333333333333	C
ZNF274	ZNF263	0.3333333333333333	C
ZNF274	NAT1	0.3333333333333333	C
ZNF263	ZNF837	0.3333333333333333	C
TP53	UGT2B7	0.3333333333333333	C
PAX6	PBX1	0.3333333333333333	C
ZNF263	ZNF148	0.3333333333333333	C
ATF4	GPT2	0.3333333333333333	C
ZNF263	ZIC2	0.3333333333333333	C
ZNF274	CACNA1D	0.3333333333333333	C
ZKSCAN1	UBE2V1	0.3333333333333333	C
ZKSCAN1	UBE2L3	0.3333333333333333	C
ZKSCAN1	TTC7B	0.3333333333333333	C
ZBTB33	NFYC	0.3333333333333333	C
ZBTB33	NPTN	0.3333333333333333	C
ZBTB33	PAXBP1	0.3333333333333333	C
ZBTB33	PDS5A	0.3333333333333333	C
ZBTB33	QRICH1	0.3333333333333333	C
ZBTB33	RAPGEF6	0.3333333333333333	C
ZBTB33	RBM39	0.3333333333333333	C
ZBTB33	RBPJ	0.3333333333333333	C
ZBTB33	RELCH	0.3333333333333333	C
ZBTB33	RICTOR	0.3333333333333333	C
ZBTB33	RNF167	0.3333333333333333	C
ZBTB33	RPL12	0.3333333333333333	C
ZBTB33	RPL26	0.3333333333333333	C
ZBTB33	RPL7A	0.3333333333333333	C
ZBTB33	SCAMP5	0.3333333333333333	C
ZBTB33	SLC15A4	0.3333333333333333	C
MYOD1	DES	0.3333333333333333	C
ZBTB33	UBE2D2	0.3333333333333333	C
ZBTB33	TUBGCP5	0.3333333333333333	C
ZBTB33	TOPORS	0.3333333333333333	C
ZBTB33	TLCD1	0.3333333333333333	C
ZBTB33	THAP1	0.3333333333333333	C
ZBTB33	SUV39H1	0.3333333333333333	C
ZBTB33	NCOA4	0.3333333333333333	C
ZBTB33	SUPT5H	0.3333333333333333	C
ZBTB33	SPDL1	0.3333333333333333	C
ZBTB33	SNX5	0.3333333333333333	C
ZBTB33	SMG7	0.3333333333333333	C
ZBTB33	SMC4	0.3333333333333333	C
ZBTB33	SMARCD2	0.3333333333333333	C
ZBTB33	SMARCA5	0.3333333333333333	C
ZBTB33	STYXL1	0.3333333333333333	C
AR	FHL2	0.3333333333333333	C
ZBTB33	MTFR1L	0.3333333333333333	C
ZBTB33	MMS22L	0.3333333333333333	C
ZBTB33	CDK12	0.3333333333333333	C
ZBTB33	CENPB	0.3333333333333333	C
ZBTB33	CENPT	0.3333333333333333	C
ZBTB33	CHST12	0.3333333333333333	C
ZBTB33	CSDE1	0.3333333333333333	C
ZBTB33	DARS1	0.3333333333333333	C
ZBTB33	DDX3X	0.3333333333333333	C
ZBTB33	DMXL1	0.3333333333333333	C
ZBTB33	DNAJB4	0.3333333333333333	C
ZBTB33	EHD1	0.3333333333333333	C
ZBTB33	ELK4	0.3333333333333333	C
ZBTB33	ERGIC2	0.3333333333333333	C
ZBTB33	ERH	0.3333333333333333	C
ZBTB33	FAM200B	0.3333333333333333	C
ZBTB33	FANCC	0.3333333333333333	C
ZBTB33	FUBP1	0.3333333333333333	C
ZBTB33	GAS8	0.3333333333333333	C
ZBTB33	MICOS10	0.3333333333333333	C
ZBTB33	MED1	0.3333333333333333	C
ZBTB33	MDH2	0.3333333333333333	C
ZBTB33	MBTPS1	0.3333333333333333	C
ZBTB33	MAPK14	0.3333333333333333	C
ZBTB33	MAD1L1	0.3333333333333333	C
ZBTB33	PALS1	0.3333333333333333	C
ZBTB33	LRSAM1	0.3333333333333333	C
ZBTB33	ITGAE	0.3333333333333333	C
ZBTB33	IFT74	0.3333333333333333	C
ZBTB33	HSPA4	0.3333333333333333	C
ZBTB33	HNRNPK	0.3333333333333333	C
ZBTB33	GGNBP2	0.3333333333333333	C
ZBTB33	GGA3	0.3333333333333333	C
ZBTB33	LPXN	0.3333333333333333	C
ZBTB33	CAMK2D	0.3333333333333333	C
ZBTB33	UHRF2	0.3333333333333333	C
ZBTB33	USP53	0.3333333333333333	C
ZBTB7A	EML2	0.3333333333333333	C
ZBTB7A	EPS8L2	0.3333333333333333	C
ZBTB7A	FBXL16	0.3333333333333333	C
ZBTB7A	FMNL1	0.3333333333333333	C
ZBTB7A	GATAD2A	0.3333333333333333	C
ZBTB7A	HS6ST1	0.3333333333333333	C
ZBTB7A	IGF2BP1	0.3333333333333333	C
ZBTB7A	KAZN	0.3333333333333333	C
ZBTB7A	KHSRP	0.3333333333333333	C
ZBTB7A	NHSL3	0.3333333333333333	C
ZBTB7A	KRT8	0.3333333333333333	C
ZBTB7A	LAMA5	0.3333333333333333	C
ZBTB7A	LMNA	0.3333333333333333	C
ZBTB7A	LTBP3	0.3333333333333333	C
ZBTB7A	MARK4	0.3333333333333333	C
ZBTB7A	METRNL	0.3333333333333333	C
ZBTB7A	MGRN1	0.3333333333333333	C
ZBTB7A	PALM	0.3333333333333333	C
ZBTB7A	OBSL1	0.3333333333333333	C
ZBTB7A	NR2F6	0.3333333333333333	C
ZBTB7A	NPAS1	0.3333333333333333	C
ZBTB7A	NOTCH1	0.3333333333333333	C
ZBTB7A	NIBAN2	0.3333333333333333	C
ZBTB7A	EHD1	0.3333333333333333	C
ZBTB7A	NFIC	0.3333333333333333	C
ZBTB7A	NCOR2	0.3333333333333333	C
ZBTB7A	NACC2	0.3333333333333333	C
ZBTB7A	MXRA8	0.3333333333333333	C
ZBTB7A	MSLN	0.3333333333333333	C
ZBTB7A	MNT	0.3333333333333333	C
ZBTB7A	MKNK2	0.3333333333333333	C
ZBTB7A	NDRG2	0.3333333333333333	C
ZBTB33	UPF3A	0.3333333333333333	C
ZBTB7A	EFNA2	0.3333333333333333	C
ZBTB7A	DNMT3A	0.3333333333333333	C
ZBTB33	USP9X	0.3333333333333333	C
E2F1	RNF2	0.3333333333333333	C
ZBTB33	YY1	0.3333333333333333	C
ZBTB33	ZBTB25	0.3333333333333333	C
ZBTB33	ZDHHC5	0.3333333333333333	C
ZBTB33	ZFP91	0.3333333333333333	C
GATA3	ICOS	0.3333333333333333	C
ZBTB7A	ABR	0.3333333333333333	C
ZBTB7A	ACAP3	0.3333333333333333	C
ZBTB7A	ACTB	0.3333333333333333	C
ZBTB7A	ADAM8	0.3333333333333333	C
ZBTB7A	AGRN	0.3333333333333333	C
ZBTB7A	AHDC1	0.3333333333333333	C
ZBTB7A	AHRR	0.3333333333333333	C
ZBTB7A	AKT1	0.3333333333333333	C
ZBTB7A	AP3D1	0.3333333333333333	C
ZBTB7A	ARHGAP23	0.3333333333333333	C
ZBTB7A	DAB2IP	0.3333333333333333	C
ZBTB7A	CUX1	0.3333333333333333	C
ZBTB7A	COMT	0.3333333333333333	C
ZBTB7A	CIC	0.3333333333333333	C
ZBTB7A	CDC42EP4	0.3333333333333333	C
ZBTB7A	CDC42BPG	0.3333333333333333	C
ZBTB7A	ECE1	0.3333333333333333	C
ZBTB7A	BHLHE40	0.3333333333333333	C
ZBTB7A	BCL9L	0.3333333333333333	C
ZBTB7A	BCAR1	0.3333333333333333	C
ZBTB7A	BAIAP3	0.3333333333333333	C
ZBTB7A	ATP2B2	0.3333333333333333	C
ZBTB7A	ASPSCR1	0.3333333333333333	C
ZBTB7A	ARHGAP45	0.3333333333333333	C
ZBTB7A	BCR	0.3333333333333333	C
ZBTB7A	PCBP1	0.3333333333333333	C
ZBTB33	BCAS3	0.3333333333333333	C
ZBTB33	ANKRD17	0.3333333333333333	C
MEF2A	MEF2C	0.3333333333333333	C
VDR	ZBTB7C	0.3333333333333333	C
MEF2A	ATF3	0.3333333333333333	C
MEF2A	HDAC9	0.3333333333333333	C
VDR	ZNF516	0.3333333333333333	C
VDR	ZNF521	0.3333333333333333	C
VDR	ZNF555	0.3333333333333333	C
VDR	ZNF84	0.3333333333333333	C
XBP1	AMOTL1	0.3333333333333333	C
XBP1	CACNB2	0.3333333333333333	C
XBP1	CTNNA1	0.3333333333333333	C
XBP1	DOCK1	0.3333333333333333	C
XBP1	DTNA	0.3333333333333333	C
XBP1	FANCC	0.3333333333333333	C
XBP1	FRMD4B	0.3333333333333333	C
XBP1	JCAD	0.3333333333333333	C
XBP1	MYT1L	0.3333333333333333	C
YY1	ELL	0.3333333333333333	C
GATA1	FURIN	0.3333333333333333	C
YY1	DIDO1	0.3333333333333333	C
YY1	CUX1	0.3333333333333333	C
GATA1	PPOX	-0.3333333333333333	C
ESR1	GAS6	0.3333333333333333	C
VDR	WWC1	0.3333333333333333	C
YY1	AP3D1	0.3333333333333333	C
FOS	HDAC1	0.3333333333333333	C
XBP1	ZZEF1	0.3333333333333333	C
XBP1	SPEF2	0.3333333333333333	C
XBP1	SND1	0.3333333333333333	C
XBP1	RAPGEF4	0.3333333333333333	C
XBP1	PRPF31	0.3333333333333333	C
YY1	AGAP1	0.3333333333333333	C
YY1	EXTL3	0.3333333333333333	C
VDR	WDR24	0.3333333333333333	C
VDR	VPS13D	0.3333333333333333	C
TBX21	EGR2	0.3333333333333333	C
STAT3	BCL3	0.3333333333333333	C
HOXA5	MLH1	0.3333333333333333	C
MEF2C	CDKL5	0.3333333333333333	C
VDR	SH3TC1	0.3333333333333333	C
LYL1	LMO2	0.3333333333333333	C
VDR	SLC12A8	0.3333333333333333	C
LEF1	PRL	0.3333333333333333	C
NFE2L2	GPX2	0.3333333333333333	C
VDR	SLC34A3	0.3333333333333333	C
VDR	SLC7A1	0.3333333333333333	C
STAT3	PROS1	0.3333333333333333	C
VDR	SNRPN	0.3333333333333333	C
HNF4A	NUMB	0.3333333333333333	C
VDR	STAP2	0.3333333333333333	C
VDR	STK10	0.3333333333333333	C
VDR	TBC1D20	0.3333333333333333	C
VDR	VOPP1	0.3333333333333333	C
VDR	UHRF2	0.3333333333333333	C
VDR	TRPM2	0.3333333333333333	C
REST	NPPB	-0.3333333333333333	C
E2F1	IRF1	0.3333333333333333	C
IRF3	IFNL1	0.3333333333333333	C
HIF1A	PPARA	0.3333333333333333	C
VDR	TNRC18	0.3333333333333333	C
VDR	TNC	0.3333333333333333	C
VDR	TLE4	0.3333333333333333	C
VDR	TGOLN2	0.3333333333333333	C
STAT1	BCL2L14	0.3333333333333333	C
VDR	TCF4	0.3333333333333333	C
IRF8	CFLAR	0.3333333333333333	C
EGR1	GNAQ	0.3333333333333333	C
ZBTB33	ARF3	0.3333333333333333	C
YY1	FOXN3	0.3333333333333333	C
YY1	GLG1	0.3333333333333333	C
ZBED1	SQSTM1	0.3333333333333333	C
ZBED1	SRSF7	0.3333333333333333	C
ZBED1	TANGO2	0.3333333333333333	C
ZBED1	TCF3	0.3333333333333333	C
ZBED1	TGIF1	0.3333333333333333	C
ZBED1	USP48	0.3333333333333333	C
ZBED1	ZC3H4	0.3333333333333333	C
ZBED1	ZNF276	0.3333333333333333	C
ZBTB11	ADAM17	0.3333333333333333	C
ZBTB11	AP1AR	0.3333333333333333	C
ZBTB11	AZIN1	0.3333333333333333	C
ZBTB11	CEPT1	0.3333333333333333	C
ZBTB11	CGGBP1	0.3333333333333333	C
ZBTB11	ELK4	0.3333333333333333	C
ZBTB11	ERBIN	0.3333333333333333	C
ZBTB11	FBXO28	0.3333333333333333	C
ZBTB11	GABPA	0.3333333333333333	C
ZBTB33	AFF4	0.3333333333333333	C
ZBTB11	ZNF131	0.3333333333333333	C
ZBTB11	YY1	0.3333333333333333	C
ZBTB11	VCPIP1	0.3333333333333333	C
ZBTB11	USPL1	0.3333333333333333	C
ZBTB11	UCHL5	0.3333333333333333	C
ZBED1	SLC1A4	0.3333333333333333	C
ZBTB11	UBE2D3	0.3333333333333333	C
ZBTB11	RO60	0.3333333333333333	C
ZBTB11	PPP4R2	0.3333333333333333	C
ZBTB11	PPP1R15B	0.3333333333333333	C
ZBTB11	KDM5A	0.3333333333333333	C
ZBTB11	GTF3C3	0.3333333333333333	C
ZBTB11	GNA13	0.3333333333333333	C
ZBTB11	SEC22B	0.3333333333333333	C
YY1	GADD45GIP1	0.3333333333333333	C
ZBED1	RPL6	0.3333333333333333	C
ZBED1	RBM15	0.3333333333333333	C
GABPA	ERBB2	0.3333333333333333	C
YY1	KAT6B	0.3333333333333333	C
YY1	LARP1	0.3333333333333333	C
RELB	CFLAR	0.3333333333333333	C
JUND	BGLAP	0.3333333333333333	C
YY1	MTX3	0.3333333333333333	C
FLI1	CCK	0.3333333333333333	C
YY1	PHLPP1	0.3333333333333333	C
JUN	IL7R	0.3333333333333333	C
YY1	PTK2	0.3333333333333333	C
YY1	PTP4A2	0.3333333333333333	C
CEBPD	MYC	0.3333333333333333	C
YY1	RERE	0.3333333333333333	C
YY1	SIN3A	0.3333333333333333	C
YY1	SKI	0.3333333333333333	C
HNF1A	GPR39	0.3333333333333333	C
HNF1A	NR1H4	0.3333333333333333	C
ZBED1	PTMA	0.3333333333333333	C
ZBED1	PARN	0.3333333333333333	C
ZBED1	NAA25	0.3333333333333333	C
ZBED1	MTFR2	0.3333333333333333	C
ZBED1	MSH6	0.3333333333333333	C
ZBED1	MAD1L1	0.3333333333333333	C
ZBED1	RFFL	0.3333333333333333	C
ZBED1	GATAD2B	0.3333333333333333	C
ZBED1	ECE1	0.3333333333333333	C
ZBED1	CIRBP	0.3333333333333333	C
YY1	ZBTB38	0.3333333333333333	C
POU5F1	JMJD1C	0.3333333333333333	C
YY1	TBC1D14	0.3333333333333333	C
ERG	ETS1	0.3333333333333333	C
ZBED1	ETV6	0.3333333333333333	C
ZBTB7A	PCDH1	0.3333333333333333	C
ZBTB7A	PDGFB	0.3333333333333333	C
ZBTB7A	PIAS4	0.3333333333333333	C
ZFX	ERBIN	0.3333333333333333	C
ZFX	FBXL5	0.3333333333333333	C
ZFX	FCHSD2	0.3333333333333333	C
ZFX	GABPA	0.3333333333333333	C
ZFX	HNRNPF	0.3333333333333333	C
ZFX	IFRD1	0.3333333333333333	C
ZFX	KLHL21	0.3333333333333333	C
ZFX	MAN2A2	0.3333333333333333	C
ZFX	MCM7	0.3333333333333333	C
ZFX	MRPL36	0.3333333333333333	C
ZFX	MSH6	0.3333333333333333	C
ZFX	MYADM	0.3333333333333333	C
ZFX	MYO1C	0.3333333333333333	C
ZFX	NAA38	0.3333333333333333	C
ZFX	NELFA	0.3333333333333333	C
ZFX	NIPBL	0.3333333333333333	C
ZFX	NSD2	0.3333333333333333	C
ZFX	TEAD3	0.3333333333333333	C
ZFX	SMCHD1	0.3333333333333333	C
ZFX	SMAD2	0.3333333333333333	C
ZFX	SETD5	0.3333333333333333	C
ZFX	SEC22C	0.3333333333333333	C
ZFX	RPL22	0.3333333333333333	C
ZFX	DGCR8	0.3333333333333333	C
ZFX	RNF4	0.3333333333333333	C
ZFX	QRICH1	0.3333333333333333	C
ZFX	PUM2	0.3333333333333333	C
ZFX	POGK	0.3333333333333333	C
ZFX	PHF12	0.3333333333333333	C
ZFX	PCGF5	0.3333333333333333	C
ZFX	NUP210	0.3333333333333333	C
ZFX	RBM33	0.3333333333333333	C
ZFX	TENT4A	0.3333333333333333	C
ZFX	DERL2	0.3333333333333333	C
ZFX	CREB1	0.3333333333333333	C
ZEB2	NFIA	0.3333333333333333	C
ZEB2	NSMAF	0.3333333333333333	C
ZEB2	PICALM	0.3333333333333333	C
ZEB2	PIK3CG	0.3333333333333333	C
ZEB2	PIP4K2A	0.3333333333333333	C
ZEB2	PRKAR2B	0.3333333333333333	C
ZEB2	PRKCB	0.3333333333333333	C
ZEB2	QKI	0.3333333333333333	C
ZEB2	RAB31	0.3333333333333333	C
ZEB2	RAB8B	0.3333333333333333	C
ZEB2	RELN	0.3333333333333333	C
ZEB2	SCN9A	0.3333333333333333	C
ZEB2	SERTAD2	0.3333333333333333	C
ZEB2	SGMS1	0.3333333333333333	C
ZEB2	SPTBN1	0.3333333333333333	C
ZEB2	ST3GAL2	0.3333333333333333	C
ZEB2	SUSD1	0.3333333333333333	C
ZFX	CGGBP1	0.3333333333333333	C
ZFX	CELF1	0.3333333333333333	C
ZFX	CDK13	0.3333333333333333	C
ZFX	CARS2	0.3333333333333333	C
ZFX	ATG16L2	0.3333333333333333	C
ZFX	ASH2L	0.3333333333333333	C
ZFX	DDX6	0.3333333333333333	C
ZFX	ARID1B	0.3333333333333333	C
ZFX	ADD1	0.3333333333333333	C
ZEB2	ZFPM2	0.3333333333333333	C
ZEB2	UTRN	0.3333333333333333	C
ZEB2	TCF4	0.3333333333333333	C
ZEB2	TBL1XR1	0.3333333333333333	C
ZEB2	TBC1D5	0.3333333333333333	C
ZFX	ANP32B	0.3333333333333333	C
ZEB2	MEF2C	0.3333333333333333	C
ZFX	UBE2D3	0.3333333333333333	C
ZFX	USF2	0.3333333333333333	C
ZKSCAN1	CYTH1	0.3333333333333333	C
ZKSCAN1	DAB2IP	0.3333333333333333	C
ZKSCAN1	EGLN3	0.3333333333333333	C
ZKSCAN1	ELAVL1	0.3333333333333333	C
ZKSCAN1	EPHB4	0.3333333333333333	C
ZKSCAN1	EPOP	0.3333333333333333	C
ZKSCAN1	FHAD1	0.3333333333333333	C
ZKSCAN1	GABBR2	0.3333333333333333	C
ZKSCAN1	GAS2L1	0.3333333333333333	C
ZKSCAN1	HOOK2	0.3333333333333333	C
ZKSCAN1	IQCG	0.3333333333333333	C
ZKSCAN1	LTBP3	0.3333333333333333	C
ZKSCAN1	MED15	0.3333333333333333	C
ZKSCAN1	MSI2	0.3333333333333333	C
ZKSCAN1	MYEOV	0.3333333333333333	C
ZKSCAN1	NFASC	0.3333333333333333	C
ZKSCAN1	PEDS1	0.3333333333333333	C
ZKSCAN1	TICAM1	0.3333333333333333	C
ZKSCAN1	SULT2B1	0.3333333333333333	C
ZKSCAN1	SPAG9	0.3333333333333333	C
ZKSCAN1	SMOX	0.3333333333333333	C
ZKSCAN1	SEPTIN9	0.3333333333333333	C
ZKSCAN1	RIPOR1	0.3333333333333333	C
ZKSCAN1	CYRIB	0.3333333333333333	C
ZKSCAN1	RHOD	0.3333333333333333	C
ZKSCAN1	RALGDS	0.3333333333333333	C
ZKSCAN1	RAI1	0.3333333333333333	C
ZKSCAN1	RAB11FIP5	0.3333333333333333	C
ZKSCAN1	PTPRF	0.3333333333333333	C
ZKSCAN1	PRR5	0.3333333333333333	C
ZKSCAN1	PIP5KL1	0.3333333333333333	C
ZKSCAN1	RAPGEF3	0.3333333333333333	C
ZFX	UBXN2A	0.3333333333333333	C
ZKSCAN1	CRB2	0.3333333333333333	C
ZKSCAN1	CAPZB	0.3333333333333333	C
ZFX	USP37	0.3333333333333333	C
ZFX	ZBTB7A	0.3333333333333333	C
ZFX	ZMYND8	0.3333333333333333	C
ZFX	ZNF143	0.3333333333333333	C
ZFX	ZNF398	0.3333333333333333	C
ZHX1	ATF1	0.3333333333333333	C
ZHX1	CAST	0.3333333333333333	C
ZHX1	CHD9	0.3333333333333333	C
ZHX1	MGA	0.3333333333333333	C
ZHX1	NEK7	0.3333333333333333	C
ZHX1	NFE2L2	0.3333333333333333	C
ZHX1	NR3C1	0.3333333333333333	C
ZHX1	SOS1	0.3333333333333333	C
ZHX1	STAG2	0.3333333333333333	C
ZHX2	ARID1B	0.3333333333333333	C
ZHX2	FOXP1	0.3333333333333333	C
ZHX2	HIVEP2	0.3333333333333333	C
ZKSCAN1	BICRA	0.3333333333333333	C
ZKSCAN1	BAZ2A	0.3333333333333333	C
ZKSCAN1	ARHGEF19	0.3333333333333333	C
ZKSCAN1	ARHGAP22	0.3333333333333333	C
ZKSCAN1	ALDH3B1	0.3333333333333333	C
ZKSCAN1	ADGRG1	0.3333333333333333	C
ZKSCAN1	CHD9	0.3333333333333333	C
ZKSCAN1	ACTB	0.3333333333333333	C
ZHX2	ZBTB4	0.3333333333333333	C
ZHX2	ZBTB38	0.3333333333333333	C
ZHX2	SQSTM1	0.3333333333333333	C
ZHX2	NXN	0.3333333333333333	C
ZHX2	NDRG1	0.3333333333333333	C
ZHX2	IST1	0.3333333333333333	C
ZKSCAN1	ABLIM2	0.3333333333333333	C
ZEB2	MBNL1	0.3333333333333333	C
ZEB2	MAP4	0.3333333333333333	C
ZEB2	LTBP4	0.3333333333333333	C
ZEB1	AGPAT2	0.3333333333333333	C
ZEB1	AHNAK	0.3333333333333333	C
ZEB1	AMZ1	0.3333333333333333	C
ZEB1	ANXA11	0.3333333333333333	C
ZEB1	ARHGEF16	0.3333333333333333	C
ZEB1	BCAT1	0.3333333333333333	C
ZEB1	BCL2	0.3333333333333333	C
ZEB1	BCR	0.3333333333333333	C
ZEB1	CCDC88C	0.3333333333333333	C
ZEB1	CHST15	0.3333333333333333	C
ZEB1	CLEC16A	0.3333333333333333	C
ZEB1	COL4A2	0.3333333333333333	C
ZEB1	CSNK1D	0.3333333333333333	C
ZEB1	CTNND1	0.3333333333333333	C
ZEB1	CYTH4	0.3333333333333333	C
ZEB1	DDIT4	0.3333333333333333	C
ZEB1	DGKZ	0.3333333333333333	C
ZEB1	HSPG2	0.3333333333333333	C
ZEB1	HMGN4	0.3333333333333333	C
ZEB1	HELZ2	0.3333333333333333	C
ZEB1	HDAC4	0.3333333333333333	C
ZEB1	GSN	0.3333333333333333	C
ZEB1	GSE1	0.3333333333333333	C
ZEB1	AFAP1	0.3333333333333333	C
ZEB1	GPRC5C	0.3333333333333333	C
ZEB1	FAAP20	0.3333333333333333	C
ZEB1	EPS8L2	0.3333333333333333	C
ZEB1	DST	0.3333333333333333	C
ZEB1	DPYSL2	0.3333333333333333	C
ZEB1	DOCK6	0.3333333333333333	C
ZEB1	DLGAP4	0.3333333333333333	C
ZEB1	FHAD1	0.3333333333333333	C
ZEB1	INPP5A	0.3333333333333333	C
ZEB1	ADAP1	0.3333333333333333	C
ZEB1	ABCA7	0.3333333333333333	C
ZBTB7A	PIEZO1	0.3333333333333333	C
ZBTB7A	PLEC	0.3333333333333333	C
ZBTB7A	PLXNB2	0.3333333333333333	C
NR1H3	AKR1C4	0.3333333333333333	C
ZBTB7A	PPP1R9B	0.3333333333333333	C
ZBTB7A	PTBP1	0.3333333333333333	C
ZBTB7A	PTCH1	0.3333333333333333	C
ZBTB7A	PWWP2B	0.3333333333333333	C
ZBTB7A	RAI1	0.3333333333333333	C
ZBTB7A	RNF220	0.3333333333333333	C
ZBTB7A	RXRA	0.3333333333333333	C
ZBTB7A	SIGIRR	0.3333333333333333	C
ZBTB7A	SKI	0.3333333333333333	C
ZBTB7A	SLC19A1	0.3333333333333333	C
ZBTB7A	SLC22A23	0.3333333333333333	C
ZBTB7A	SRC	0.3333333333333333	C
ZBTB7A	SRCIN1	0.3333333333333333	C
ZC3H8	UQCC1	0.3333333333333333	C
ZC3H8	TSEN2	0.3333333333333333	C
ZC3H8	PDCD11	0.3333333333333333	C
ZC3H8	NAT10	0.3333333333333333	C
ZC3H8	MDM4	0.3333333333333333	C
ZC3H8	HAS3	0.3333333333333333	C
ZEB1	ACAP3	0.3333333333333333	C
ZBTB7A	ZNF710	0.3333333333333333	C
ZBTB7A	ZBTB7B	0.3333333333333333	C
ZBTB7A	TRIM8	0.3333333333333333	C
ZBTB7A	TLE5	0.3333333333333333	C
ZBTB7A	THRA	0.3333333333333333	C
ZBTB7A	SYNPO	0.3333333333333333	C
ZBTB7A	STAT6	0.3333333333333333	C
ZBTB7A	ZFPM1	0.3333333333333333	C
CUX1	CR2	0.3333333333333333	C
ZEB1	JUP	0.3333333333333333	C
ZEB1	KDM6B	0.3333333333333333	C
ZEB1	TCF7	0.3333333333333333	C
ZEB1	TMC6	0.3333333333333333	C
ZEB1	TMEM134	0.3333333333333333	C
ZEB1	TNK2	0.3333333333333333	C
ZEB1	WWC1	0.3333333333333333	C
ZEB1	WWTR1	0.3333333333333333	C
ZEB1	ZBTB38	0.3333333333333333	C
ZEB1	ZBTB7B	0.3333333333333333	C
ZEB1	ZFP36L1	0.3333333333333333	C
ZEB2	ACVR1	0.3333333333333333	C
ZEB2	ADGRB3	0.3333333333333333	C
ZEB2	ANXA4	0.3333333333333333	C
ZEB2	ARHGEF2	0.3333333333333333	C
ZEB2	ASAP1	0.3333333333333333	C
ZEB2	ATP2B4	0.3333333333333333	C
ZEB2	CPED1	0.3333333333333333	C
ZEB2	CREB3L2	0.3333333333333333	C
ZEB2	LTBP1	0.3333333333333333	C
ZEB2	LIMS1	0.3333333333333333	C
ZEB2	LHFPL2	0.3333333333333333	C
ZEB2	ITPR1	0.3333333333333333	C
ZEB2	HIP1	0.3333333333333333	C
ZEB2	GTDC1	0.3333333333333333	C
ZEB1	TBC1D1	0.3333333333333333	C
ZEB2	GAB2	0.3333333333333333	C
ZEB2	FNDC3B	0.3333333333333333	C
ZEB2	EPB41L2	0.3333333333333333	C
ZEB2	DOCK11	0.3333333333333333	C
ZEB2	DMXL2	0.3333333333333333	C
ZEB2	DENND1A	0.3333333333333333	C
ZEB2	CREG1	0.3333333333333333	C
ZEB2	FYN	0.3333333333333333	C
ZEB1	STARD10	0.3333333333333333	C
ZEB1	SPTBN1	0.3333333333333333	C
ZEB1	SPINT1	0.3333333333333333	C
ZEB1	PKN1	0.3333333333333333	C
ZEB1	PIP4K2A	0.3333333333333333	C
ZEB1	PFKP	0.3333333333333333	C
ZEB1	PDE4A	0.3333333333333333	C
ZEB1	OLFM2	0.3333333333333333	C
ZEB1	NSD2	0.3333333333333333	C
ZEB1	PLCG2	0.3333333333333333	C
ZEB1	NOL4L	0.3333333333333333	C
ZEB1	MBP	0.3333333333333333	C
ZEB1	MARK2	0.3333333333333333	C
ZEB1	MACF1	0.3333333333333333	C
ZEB1	LRRC1	0.3333333333333333	C
ZEB1	LAMC1	0.3333333333333333	C
CEBPB	SMARCA2	0.3333333333333333	C
ZEB1	MX2	0.3333333333333333	C
VDR	SCUBE3	0.3333333333333333	C
ZEB1	PLEC	0.3333333333333333	C
ZEB1	PLXNB2	0.3333333333333333	C
ZEB1	SNX8	0.3333333333333333	C
ZEB1	SLC7A7	0.3333333333333333	C
ZEB1	SKI	0.3333333333333333	C
ZEB1	SH2B3	0.3333333333333333	C
ZEB1	SEPTIN9	0.3333333333333333	C
ZEB1	SECTM1	0.3333333333333333	C
ZEB1	PLEKHG5	0.3333333333333333	C
ZEB1	SCNN1A	0.3333333333333333	C
ZEB1	RBM47	0.3333333333333333	C
ZEB1	RAB11FIP4	0.3333333333333333	C
LYL1	CCND3	0.3333333333333333	C
ZEB1	PTPN6	0.3333333333333333	C
ZEB1	PTK6	0.3333333333333333	C
ZEB1	PTK2B	0.3333333333333333	C
ZEB1	SAMD4A	0.3333333333333333	C
ARID2	SOS1	0.3333333333333333	C
TFAP2C	RRBP1	0.3333333333333333	C
ARID2	TIAL1	0.3333333333333333	C
BACH1	TMEM37	0.3333333333333333	C
BACH1	TEX19	0.3333333333333333	C
BACH1	TDRD7	0.3333333333333333	C
BACH1	TANC1	0.3333333333333333	C
BACH1	TALDO1	0.3333333333333333	C
BACH1	SOD2	0.3333333333333333	C
TAL1	S100Z	0.3333333333333333	C
BACH1	SMYD3	0.3333333333333333	C
TAL1	SEMA4D	0.3333333333333333	C
TAL1	SH2B3	0.3333333333333333	C
BACH1	SH3TC1	0.3333333333333333	C
TAL1	SH3PXD2A	0.3333333333333333	C
TAL1	SH3RF2	0.3333333333333333	C
BACH1	SH3BP5	0.3333333333333333	C
TAL1	SHANK2	0.3333333333333333	C
BACH1	SH2D6	0.3333333333333333	C
BACH1	RUNX1	0.3333333333333333	C
TAL1	ST7	0.3333333333333333	C
TAL1	ST6GAL1	0.3333333333333333	C
BACH1	MIDN	0.3333333333333333	C
BACH1	NDUFAF4	0.3333333333333333	C
TAL1	SPTB	0.3333333333333333	C
BACH1	NRDC	0.3333333333333333	C
TAL1	REEP3	0.3333333333333333	C
TAL1	SNAI1	0.3333333333333333	C
BACH1	PRR5	0.3333333333333333	C
BACH1	RASSF2	0.3333333333333333	C
TAL1	SLC40A1	0.3333333333333333	C
BACH1	RGS3	0.3333333333333333	C
TAL1	SLC27A6	0.3333333333333333	C
BACH1	RNF24	0.3333333333333333	C
BACH1	PIEZO1	0.3333333333333333	C
BACH1	MIDEAS	0.3333333333333333	C
BACH1	UBC	0.3333333333333333	C
TAL1	RBM18	0.3333333333333333	C
BACH2	KLHL21	0.3333333333333333	C
TAL1	PI16	0.3333333333333333	C
TAL1	PIEZO2	0.3333333333333333	C
TAL1	PIK3AP1	0.3333333333333333	C
BACH2	KCTD20	0.3333333333333333	C
BACH2	JMJD1C	0.3333333333333333	C
BACH2	ITPKB	0.3333333333333333	C
BACH2	IFRD1	0.3333333333333333	C
BACH2	HIVEP2	0.3333333333333333	C
TAL1	PLAAT3	0.3333333333333333	C
BACH2	GSTP1	0.3333333333333333	C
BACH2	FOXP1	0.3333333333333333	C
TAL1	PLSCR2	0.3333333333333333	C
BACH2	FOXO3	0.3333333333333333	C
BACH2	ETS1	0.3333333333333333	C
BACH2	ERCC1	0.3333333333333333	C
BACH2	EPS15L1	0.3333333333333333	C
BACH1	VMP1	0.3333333333333333	C
BACH1	VOPP1	0.3333333333333333	C
BACH1	ZBTB20	0.3333333333333333	C
BACH1	ZMIZ1	0.3333333333333333	C
BACH1	ZNF217	0.3333333333333333	C
TAL1	RAB10	0.3333333333333333	C
BACH1	UNKL	0.3333333333333333	C
BACH1	ZNF3	0.3333333333333333	C
BACH2	AP1B1	0.3333333333333333	C
BACH2	ARHGEF3	0.3333333333333333	C
BACH2	COQ8B	0.3333333333333333	C
TAL1	PRR5	0.3333333333333333	C
BACH2	DAAM1	0.3333333333333333	C
BACH2	EGLN3	0.3333333333333333	C
BACH1	ZSCAN31	0.3333333333333333	C
BACH2	LBR	0.3333333333333333	C
BACH1	MAPRE3	0.3333333333333333	C
BACH1	LRP1B	0.3333333333333333	C
TAL1	TSPAN7	0.3333333333333333	C
TAL1	TTC3	0.3333333333333333	C
ATF7	TP53BP1	0.3333333333333333	C
ATF7	TNRC6B	0.3333333333333333	C
ATF7	TEAD1	0.3333333333333333	C
ATF7	TCF12	0.3333333333333333	C
TAL1	UBR3	0.3333333333333333	C
ATF7	SND1	0.3333333333333333	C
ATF7	PTPRS	0.3333333333333333	C
TAL1	UTP25	0.3333333333333333	C
ATF7	PHF21A	0.3333333333333333	C
TAL1	UVRAG	0.3333333333333333	C
ATF7	NFIA	0.3333333333333333	C
ATF7	MSI2	0.3333333333333333	C
ATF7	MOV10L1	0.3333333333333333	C
ATF7	KPNA6	0.3333333333333333	C
ATF7	KDM4C	0.3333333333333333	C
TBP	ABT1	0.3333333333333333	C
ATF7	ARID1B	0.3333333333333333	C
ATF7	CMIP	0.3333333333333333	C
TAL1	ZNHIT6	0.3333333333333333	C
ATF7	CREB3L2	0.3333333333333333	C
ATF7	CREBBP	0.3333333333333333	C
TAL1	TSPAN18	0.3333333333333333	C
ATF7	DEPDC5	0.3333333333333333	C
ATF7	EML2	0.3333333333333333	C
ATF7	EXOC4	0.3333333333333333	C
ATF7	FAAP20	0.3333333333333333	C
ATF7	PABIR3	0.3333333333333333	C
ATF7	IGF1	0.3333333333333333	C
ATF7	KANSL1	0.3333333333333333	C
ATF7	DST	0.3333333333333333	C
BACH1	MAPK6	0.3333333333333333	C
TAL1	TSPAN14	0.3333333333333333	C
ATF7	XPO7	0.3333333333333333	C
BACH1	LHFPL2	0.3333333333333333	C
BACH1	KLHL21	0.3333333333333333	C
TAL1	SYNRG	0.3333333333333333	C
BACH1	KDM2A	0.3333333333333333	C
TAL1	TANC2	0.3333333333333333	C
BACH1	HTATIP2	0.3333333333333333	C
BACH1	HMGA1	0.3333333333333333	C
BACH1	GATAD2A	0.3333333333333333	C
BACH1	GADD45A	0.3333333333333333	C
BACH1	GABARAPL1	0.3333333333333333	C
BACH1	FNDC3B	0.3333333333333333	C
BACH1	FHAD1	0.3333333333333333	C
BACH1	EPB41L1	0.3333333333333333	C
BACH1	EGLN3	0.3333333333333333	C
BACH1	DST	0.3333333333333333	C
TAL1	TGFB2	0.3333333333333333	C
BACH1	CORO1C	0.3333333333333333	C
ATF7	ZFP36L1	0.3333333333333333	C
BACH1	ACAP2	0.3333333333333333	C
BACH1	ACAP3	0.3333333333333333	C
TAL1	TOX4	0.3333333333333333	C
BACH1	AHCYL1	0.3333333333333333	C
BACH1	ASXL1	0.3333333333333333	C
ATF7	UBE2H	0.3333333333333333	C
BACH1	ATP6V0A1	0.3333333333333333	C
BACH1	BCAT2	0.3333333333333333	C
TAL1	TNC	0.3333333333333333	C
BACH1	CDYL	0.3333333333333333	C
BACH1	CHSY1	0.3333333333333333	C
TAL1	TMBIM1	0.3333333333333333	C
BACH1	CLIP1	0.3333333333333333	C
TAL1	TNFSF10	0.3333333333333333	C
ATF7	ARID1A	0.3333333333333333	C
BACH2	LRRK2	0.3333333333333333	C
TAL1	PCNX2	0.3333333333333333	C
BCL11A	CNTNAP2	0.3333333333333333	C
BCL11A	CDYL	0.3333333333333333	C
TAL1	FYN	0.3333333333333333	C
BCL11A	CCDC88C	0.3333333333333333	C
BCL11A	CACNA1E	0.3333333333333333	C
TAL1	GBP5	0.3333333333333333	C
TAL1	GCNT2	0.3333333333333333	C
BCL11A	AMPD3	0.3333333333333333	C
BATF	VOPP1	0.3333333333333333	C
BATF	TRIM2	0.3333333333333333	C
BATF	TBXAS1	0.3333333333333333	C
TAL1	GRAP2	0.3333333333333333	C
BATF	STK10	0.3333333333333333	C
BATF	ST7	0.3333333333333333	C
BATF	ST6GAL1	0.3333333333333333	C
BATF	ST3GAL1	0.3333333333333333	C
BATF	SLAMF1	0.3333333333333333	C
BATF	PRKCB	0.3333333333333333	C
BATF	PRKCH	0.3333333333333333	C
TAL1	ITGA9	0.3333333333333333	C
BATF	PTPN2	0.3333333333333333	C
BATF	RABGAP1L	0.3333333333333333	C
TAL1	IL7	0.3333333333333333	C
BCL11A	DTNB	0.3333333333333333	C
BATF	RAPGEF1	0.3333333333333333	C
BATF	RHOH	0.3333333333333333	C
TAL1	HOXB3	0.3333333333333333	C
BATF	RIN3	0.3333333333333333	C
BATF	RIPOR2	0.3333333333333333	C
BATF	RUNX1	0.3333333333333333	C
BATF	SAMSN1	0.3333333333333333	C
BATF	RBM47	0.3333333333333333	C
BATF	PITPNC1	0.3333333333333333	C
BCL11A	ELMO1	0.3333333333333333	C
ETS1	BCL11A	0.3333333333333333	C
BCL11A	TRAK1	0.3333333333333333	C
BCL11A	TLE4	0.3333333333333333	C
TAL1	DEPDC5	0.3333333333333333	C
BCL11A	TBC1D4	0.3333333333333333	C
BCL11A	SYNE2	0.3333333333333333	C
BCL11A	SP140	0.3333333333333333	C
BCL11A	SORL1	0.3333333333333333	C
PKNOX1	JARID2	0.3333333333333333	C
BCL11A	RUNX3	0.3333333333333333	C
RUNX3	BCL11A	0.3333333333333333	C
TAL1	DPYD	0.3333333333333333	C
BCL11A	PRKCB	0.3333333333333333	C
BCL11A	PPP2R5C	0.3333333333333333	C
TAL1	EDN1	0.3333333333333333	C
BCL11A	PIK3AP1	0.3333333333333333	C
BCL11A	PDE1C	0.3333333333333333	C
BCL11A	PAX5	0.3333333333333333	C
BCL11A	ETV6	0.3333333333333333	C
BCL11A	GDI2	0.3333333333333333	C
BCL11A	GPR15	0.3333333333333333	C
BCL11A	IGF1R	0.3333333333333333	C
BCL11A	JARID2	0.3333333333333333	C
BCL11A	KDM2B	0.3333333333333333	C
BCL11A	EPHB1	0.3333333333333333	C
BCL11A	KLHL6	0.3333333333333333	C
BCL11A	MAP3K8	0.3333333333333333	C
TAL1	ETV1	0.3333333333333333	C
BCL11A	NFIC	0.3333333333333333	C
BCL11A	OBSCN	0.3333333333333333	C
BCL11A	PARP15	0.3333333333333333	C
PAX5	BCL11A	0.3333333333333333	C
BCL11A	LCP1	0.3333333333333333	C
BACH2	MAFG	0.3333333333333333	C
BATF	PIK3R5	0.3333333333333333	C
BATF	NRCAM	0.3333333333333333	C
TAL1	MLC1	0.3333333333333333	C
BACH2	TNFSF9	0.3333333333333333	C
BACH2	TMSB4X	0.3333333333333333	C
BACH2	TEX19	0.3333333333333333	C
BACH2	TCF4	0.3333333333333333	C
BACH2	TBK1	0.3333333333333333	C
TAL1	MX2	0.3333333333333333	C
BACH2	SWAP70	0.3333333333333333	C
TAL1	MYH13	0.3333333333333333	C
BACH2	SQSTM1	0.3333333333333333	C
BACH2	SNX25	0.3333333333333333	C
BACH2	SLC7A7	0.3333333333333333	C
BACH2	SLC6A6	0.3333333333333333	C
BACH2	SLC16A6	0.3333333333333333	C
BACH2	SIAH2	0.3333333333333333	C
BACH2	SEMA4D	0.3333333333333333	C
BACH2	RP1	0.3333333333333333	C
BACH2	MGAT5	0.3333333333333333	C
BACH2	MYBPC1	0.3333333333333333	C
BACH2	OSBPL10	0.3333333333333333	C
BACH2	PLXND1	0.3333333333333333	C
BACH2	PRDM10	0.3333333333333333	C
TAL1	OR1E2	0.3333333333333333	C
BACH2	TUBA4A	0.3333333333333333	C
TAL1	NUP153	0.3333333333333333	C
BACH2	PSAP	0.3333333333333333	C
BACH2	PURB	0.3333333333333333	C
BACH2	RASAL3	0.3333333333333333	C
BACH2	RASSF2	0.3333333333333333	C
BACH2	RFFL	0.3333333333333333	C
BACH2	RGS3	0.3333333333333333	C
BACH2	PRDM2	0.3333333333333333	C
BATF	PIK3AP1	0.3333333333333333	C
BACH2	TXLNB	0.3333333333333333	C
BATF	APBB1IP	0.3333333333333333	C
BATF	NFKB1	0.3333333333333333	C
NFKB1	BATF	0.3333333333333333	C
TAL1	KCNN3	0.3333333333333333	C
BATF	NEK6	0.3333333333333333	C
BATF	NCOA1	0.3333333333333333	C
BATF	NABP1	0.3333333333333333	C
TAL1	KLRG1	0.3333333333333333	C
BATF	MAP3K5	0.3333333333333333	C
TAL1	LATS1	0.3333333333333333	C
TAL1	LDB2	0.3333333333333333	C
BATF	LAPTM5	0.3333333333333333	C
BATF	LAMC1	0.3333333333333333	C
BATF	KCNMA1	0.3333333333333333	C
BATF	IL1R2	0.3333333333333333	C
BATF	IL1R1	0.3333333333333333	C
BATF	IKZF3	0.3333333333333333	C
BATF	IKZF1	0.3333333333333333	C
BATF	ARHGAP25	0.3333333333333333	C
BATF	CACNB4	0.3333333333333333	C
BATF	CCR7	0.3333333333333333	C
BATF	CTSC	0.3333333333333333	C
BATF	CYRIB	0.3333333333333333	C
BATF	DENND1A	0.3333333333333333	C
BACH2	ZHX2	0.3333333333333333	C
BATF	DMD	0.3333333333333333	C
BATF	DOCK2	0.3333333333333333	C
BATF	ELF1	0.3333333333333333	C
TAL1	LTF	0.3333333333333333	C
BATF	FGGY	0.3333333333333333	C
BATF	GSAP	0.3333333333333333	C
BATF	IER5	0.3333333333333333	C
TAL1	MAGI1	0.3333333333333333	C
BCL11A	ZMIZ1	0.3333333333333333	C
TBP	ANXA2	0.3333333333333333	C
TBP	CFLAR	0.3333333333333333	C
ATF4	ULBP1	0.3333333333333333	C
TCF12	ZBTB38	0.3333333333333333	C
TCF12	ZDHHC14	0.3333333333333333	C
TCF12	ZFHX3	0.3333333333333333	C
TCF12	ZNF608	0.3333333333333333	C
TCF3	ADGRB1	0.3333333333333333	C
TCF3	ADGRD1	0.3333333333333333	C
TCF3	AGRN	0.3333333333333333	C
TCF3	AHDC1	0.3333333333333333	C
TCF3	AMPD3	0.3333333333333333	C
ATF4	UBB	0.3333333333333333	C
TCF3	ARAP1	0.3333333333333333	C
TCF3	ARHGAP22	0.3333333333333333	C
TCF3	ARHGEF1	0.3333333333333333	C
TCF3	ARHGEF7	0.3333333333333333	C
TCF3	ATG16L2	0.3333333333333333	C
TCF3	ATP11A	0.3333333333333333	C
ATF4	TSPAN1	0.3333333333333333	C
TCF3	CDHR2	0.3333333333333333	C
TCF3	CCM2	0.3333333333333333	C
TCF3	CCDC97	0.3333333333333333	C
TCF3	CCDC12	0.3333333333333333	C
TCF3	CBFA2T3	0.3333333333333333	C
TCF12	WWC1	0.3333333333333333	C
TCF3	CASZ1	0.3333333333333333	C
TCF3	CABIN1	0.3333333333333333	C
TCF3	C2CD2	0.3333333333333333	C
TCF3	BRF1	0.3333333333333333	C
ATF4	TTLL4	0.3333333333333333	C
TCF3	ATP9B	0.3333333333333333	C
TCF3	ATP2A3	0.3333333333333333	C
TCF3	CACNA2D4	0.3333333333333333	C
TCF3	CLIP2	0.3333333333333333	C
TCF12	WIPF1	0.3333333333333333	C
TCF12	TNRC6B	0.3333333333333333	C
TCF12	MACF1	0.3333333333333333	C
TCF12	MBNL1	0.3333333333333333	C
TCF12	MED15	0.3333333333333333	C
TCF12	NFIB	0.3333333333333333	C
TCF12	NRP2	0.3333333333333333	C
TCF12	PALLD	0.3333333333333333	C
TCF12	PARD3B	0.3333333333333333	C
TCF12	PC	0.3333333333333333	C
TCF12	PDE4D	0.3333333333333333	C
TCF12	PLCB1	0.3333333333333333	C
TCF12	PLXNA2	0.3333333333333333	C
ATF4	VLDLR	0.3333333333333333	C
TCF12	PRICKLE2	0.3333333333333333	C
TCF12	PRKCE	0.3333333333333333	C
TCF12	PRRC2B	0.3333333333333333	C
TCF12	PTK2	0.3333333333333333	C
TCF12	PTPRK	0.3333333333333333	C
TCF12	TIAM2	0.3333333333333333	C
TCF12	THADA	0.3333333333333333	C
TCF12	TEAD1	0.3333333333333333	C
TCF12	TCF4	0.3333333333333333	C
TCF12	TBC1D1	0.3333333333333333	C
TCF12	SVIL	0.3333333333333333	C
TCF12	VGLL4	0.3333333333333333	C
TCF12	SPATS2L	0.3333333333333333	C
TCF12	SH3RF1	0.3333333333333333	C
TCF12	SERTAD2	0.3333333333333333	C
TCF12	SBNO2	0.3333333333333333	C
TCF12	RBPJ	0.3333333333333333	C
TCF12	RBMS3	0.3333333333333333	C
TCF12	RAPGEF4	0.3333333333333333	C
TCF12	SLC37A1	0.3333333333333333	C
TCF12	LTBP1	0.3333333333333333	C
TCF3	CRB2	0.3333333333333333	C
TCF3	CTBP1	0.3333333333333333	C
TCF3	NCOR2	0.3333333333333333	C
ATF4	TMEM150B	0.3333333333333333	C
TCF3	PACS1	0.3333333333333333	C
TCF3	PDE4A	0.3333333333333333	C
TCF3	PFKL	0.3333333333333333	C
ATF4	TMEM114	0.3333333333333333	C
TCF3	PIK3CD	0.3333333333333333	C
TCF3	PIP5K1C	0.3333333333333333	C
TCF3	PISD	0.3333333333333333	C
TCF3	PLCG2	0.3333333333333333	C
TCF3	PLXNB2	0.3333333333333333	C
TCF3	PLXNC1	0.3333333333333333	C
TCF3	PRKAG2	0.3333333333333333	C
TCF3	PRKCZ	0.3333333333333333	C
TCF3	PRR5	0.3333333333333333	C
TCF3	PRRC2B	0.3333333333333333	C
TCF3	PTK2B	0.3333333333333333	C
TCF3	SPRED2	0.3333333333333333	C
TCF3	SPHK1	0.3333333333333333	C
TCF3	SLC19A1	0.3333333333333333	C
TCF3	SLC16A3	0.3333333333333333	C
TCF3	SIPA1L3	0.3333333333333333	C
TCF3	SH3TC1	0.3333333333333333	C
TCF3	NCK2	0.3333333333333333	C
TCF3	SEMA4D	0.3333333333333333	C
TCF3	SBNO2	0.3333333333333333	C
TCF3	RNF44	0.3333333333333333	C
TCF3	RNF213	0.3333333333333333	C
TCF3	RGS12	0.3333333333333333	C
ATF4	TBL1X	0.3333333333333333	C
TCF3	RAI1	0.3333333333333333	C
TCF3	SCAMP4	0.3333333333333333	C
TCF3	CSK	0.3333333333333333	C
TCF3	MTSS1	0.3333333333333333	C
TCF3	MICAL2	0.3333333333333333	C
TCF3	CXXC5	0.3333333333333333	C
TCF3	CYTH1	0.3333333333333333	C
TCF3	DAB2IP	0.3333333333333333	C
TCF3	DGKZ	0.3333333333333333	C
TCF3	EHMT1	0.3333333333333333	C
TCF3	EIPR1	0.3333333333333333	C
TCF3	ELF4	0.3333333333333333	C
TCF3	ELL	0.3333333333333333	C
TCF3	EPS15L1	0.3333333333333333	C
TCF3	FKBP5	0.3333333333333333	C
TCF3	GAK	0.3333333333333333	C
TCF3	GAS7	0.3333333333333333	C
TCF3	GATAD2A	0.3333333333333333	C
TCF3	GRAMD4	0.3333333333333333	C
TCF3	GRK2	0.3333333333333333	C
TCF3	HPCAL1	0.3333333333333333	C
TCF3	IQGAP2	0.3333333333333333	C
ATF4	TMEM268	0.3333333333333333	C
TCF3	MCTP1	0.3333333333333333	C
TCF3	MBP	0.3333333333333333	C
ATF4	TMPRSS3	0.3333333333333333	C
TCF3	LMNA	0.3333333333333333	C
TCF3	LIMD1	0.3333333333333333	C
TCF3	MOB3A	0.3333333333333333	C
TCF3	LCK	0.3333333333333333	C
ATF4	TSEN15	0.3333333333333333	C
TCF3	KCNN4	0.3333333333333333	C
TCF3	JARID2	0.3333333333333333	C
TCF3	ITGB2	0.3333333333333333	C
TCF3	ITGAE	0.3333333333333333	C
TCF3	IRF4	0.3333333333333333	C
TCF3	KIAA0930	0.3333333333333333	C
TBP	BSG	0.3333333333333333	C
TCF12	LRCH1	0.3333333333333333	C
TCF12	LIMS1	0.3333333333333333	C
ATF4	ZNF460	0.3333333333333333	C
TBX21	ANK3	0.3333333333333333	C
TBX21	ARHGAP25	0.3333333333333333	C
TBX21	AUTS2	0.3333333333333333	C
TBX21	CCDC88C	0.3333333333333333	C
TBX21	CD226	0.3333333333333333	C
TBX21	CHN2	0.3333333333333333	C
TBX21	CIITA	0.3333333333333333	C
TBX21	CLMN	0.3333333333333333	C
TBX21	CRTAM	0.3333333333333333	C
TBX21	CXCR4	0.3333333333333333	C
TBX21	CYTH1	0.3333333333333333	C
TBX21	CYTIP	0.3333333333333333	C
TBX21	DENND3	0.3333333333333333	C
TBX21	DOCK10	0.3333333333333333	C
TBX21	DOCK2	0.3333333333333333	C
TBX21	EBF1	0.3333333333333333	C
ATF4	YARS1	0.3333333333333333	C
TBX21	IL1R1	0.3333333333333333	C
ATF4	ZBED3	0.3333333333333333	C
TBX21	IL10RA	0.3333333333333333	C
TBX21	IKZF3	0.3333333333333333	C
TBX21	HIVEP1	0.3333333333333333	C
TBX21	ADD3	0.3333333333333333	C
TBX21	GRAP2	0.3333333333333333	C
TBX21	GFI1	0.3333333333333333	C
TBX21	GAS7	0.3333333333333333	C
TBX21	GALNT10	0.3333333333333333	C
TBX21	FYN	0.3333333333333333	C
TBX21	EVL	0.3333333333333333	C
TBX21	ERN1	0.3333333333333333	C
TBX21	GRAMD1B	0.3333333333333333	C
TBX21	INPP5D	0.3333333333333333	C
TBP	ZMYND8	0.3333333333333333	C
TBP	USP3	0.3333333333333333	C
TBP	CYRIB	0.3333333333333333	C
TBP	DES	0.3333333333333333	C
TBP	DIO2	0.3333333333333333	C
TBP	DNAJB12	0.3333333333333333	C
TBP	FBXL5	0.3333333333333333	C
TBP	HBP1	0.3333333333333333	C
TBP	HIVEP1	0.3333333333333333	C
TBP	IER5	0.3333333333333333	C
TBP	IL10	0.3333333333333333	C
TBP	IL13	0.3333333333333333	C
TBP	ITPR1	0.3333333333333333	C
TBP	KDM2A	0.3333333333333333	C
TBP	NHSL3	0.3333333333333333	C
TBP	KLF6	0.3333333333333333	C
TBP	LIMA1	0.3333333333333333	C
TBP	LUC7L2	0.3333333333333333	C
TBP	MB	0.3333333333333333	C
TBP	THUMPD3	0.3333333333333333	C
TBP	TGIF1	0.3333333333333333	C
TBP	ST6GAL1	0.3333333333333333	C
TBP	SMTN	0.3333333333333333	C
TBP	SERPINE1	0.3333333333333333	C
TBP	SEC22C	0.3333333333333333	C
TBP	USP45	0.3333333333333333	C
TBP	SAMD4A	0.3333333333333333	C
TBP	RABGAP1L	0.3333333333333333	C
TBP	PRRC2B	0.3333333333333333	C
TBP	PRPF31	0.3333333333333333	C
TBP	PNKP	0.3333333333333333	C
TBP	PICALM	0.3333333333333333	C
TBP	NCOR2	0.3333333333333333	C
TBP	RUNX1	0.3333333333333333	C
TCF12	LPP	0.3333333333333333	C
TBX21	IRF4	0.3333333333333333	C
TBX21	KDM2B	0.3333333333333333	C
TCF12	ABR	0.3333333333333333	C
TCF12	ADGRL2	0.3333333333333333	C
TCF12	ANTXR2	0.3333333333333333	C
TCF12	ARHGAP23	0.3333333333333333	C
TCF12	ARHGEF3	0.3333333333333333	C
TCF12	ARID1B	0.3333333333333333	C
TCF12	BNC2	0.3333333333333333	C
TCF12	CAST	0.3333333333333333	C
TCF12	CCDC12	0.3333333333333333	C
TCF12	CEMIP2	0.3333333333333333	C
TCF12	CHD9	0.3333333333333333	C
TCF12	CLIP2	0.3333333333333333	C
TCF12	CNIH3	0.3333333333333333	C
TCF12	CRIM1	0.3333333333333333	C
TCF12	CTNNA1	0.3333333333333333	C
TCF12	CUEDC1	0.3333333333333333	C
TCF12	DAAM1	0.3333333333333333	C
TCF12	LIMCH1	0.3333333333333333	C
TCF12	KLF13	0.3333333333333333	C
TCF12	KDM2B	0.3333333333333333	C
TCF12	JAZF1	0.3333333333333333	C
TCF12	JARID2	0.3333333333333333	C
TCF12	ITPR2	0.3333333333333333	C
TCF12	ABLIM1	0.3333333333333333	C
TCF12	IQGAP2	0.3333333333333333	C
TCF12	GAS7	0.3333333333333333	C
TCF12	FTO	0.3333333333333333	C
TCF12	FNDC3B	0.3333333333333333	C
ATF4	VPS45	0.3333333333333333	C
TCF12	DPYSL2	0.3333333333333333	C
TCF12	DIP2C	0.3333333333333333	C
TCF12	HIVEP3	0.3333333333333333	C
TBX21	ITK	0.3333333333333333	C
TBX21	TNFRSF8	0.3333333333333333	C
TBX21	TMC6	0.3333333333333333	C
TBX21	BRD10	0.3333333333333333	C
TBX21	KLHL6	0.3333333333333333	C
TBX21	KSR1	0.3333333333333333	C
TBX21	LRIG1	0.3333333333333333	C
TBX21	MTSS1	0.3333333333333333	C
TBX21	NLRC5	0.3333333333333333	C
TBX21	PAH	0.3333333333333333	C
TBX21	PARP15	0.3333333333333333	C
TBX21	PDE4D	0.3333333333333333	C
TBX21	PLAC8	0.3333333333333333	C
TBX21	PLEC	0.3333333333333333	C
TBX21	PRKCQ	0.3333333333333333	C
TBX21	PRLR	0.3333333333333333	C
TBX21	PSTPIP1	0.3333333333333333	C
TBX21	RAB27A	0.3333333333333333	C
TBX21	RAC2	0.3333333333333333	C
TBX21	RASGRP1	0.3333333333333333	C
TBX21	TIAM1	0.3333333333333333	C
TBX21	TCF7	0.3333333333333333	C
TBX21	TBC1D14	0.3333333333333333	C
TBX21	SYNE2	0.3333333333333333	C
TBX21	STK17B	0.3333333333333333	C
TBX21	SMYD3	0.3333333333333333	C
TBX21	TMEM131	0.3333333333333333	C
ATF4	WARS1	0.3333333333333333	C
TBX21	SEPTIN9	0.3333333333333333	C
ATF4	XPOT	0.3333333333333333	C
TBX21	RREB1	0.3333333333333333	C
TBX21	RHOH	0.3333333333333333	C
TBX21	RGS3	0.3333333333333333	C
TBX21	RASSF5	0.3333333333333333	C
TBX21	SH3BP5	0.3333333333333333	C
BCL11A	ZMYND8	0.3333333333333333	C
BCL11A	ZNF365	0.3333333333333333	C
BCL6	AHRR	0.3333333333333333	C
TCF3	BHLHE40	0.3333333333333333	C
BHLHE40	SYNJ2	0.3333333333333333	C
BHLHE40	SUB1	0.3333333333333333	C
STAT2	APOBEC3C	0.3333333333333333	C
STAT2	APOL1	0.3333333333333333	C
STAT2	APOL2	0.3333333333333333	C
STAT2	APOL6	0.3333333333333333	C
STAT2	ARHGAP22	0.3333333333333333	C
BHLHE40	SRCIN1	0.3333333333333333	C
STAT2	CASC3	0.3333333333333333	C
STAT2	CFLAR	0.3333333333333333	C
STAT2	CHMP5	0.3333333333333333	C
STAT2	CMPK2	0.3333333333333333	C
BHLHE40	SRC	0.3333333333333333	C
STAT2	DBF4B	0.3333333333333333	C
STAT2	DCLRE1C	0.3333333333333333	C
STAT2	RIGI	0.3333333333333333	C
BHLHE40	SH3BP2	0.3333333333333333	C
STAT2	HBD	0.3333333333333333	C
STAT2	GSDMB	0.3333333333333333	C
BHLHE40	SLC16A3	0.3333333333333333	C
STAT2	ETV6	0.3333333333333333	C
STAT2	ERC1	0.3333333333333333	C
BHLHE40	TLE3	0.3333333333333333	C
BHLHE40	SLC37A1	0.3333333333333333	C
BHLHE40	SLC7A5	0.3333333333333333	C
STAT2	DRAP1	0.3333333333333333	C
STAT2	DNAJA1	0.3333333333333333	C
BHLHE40	SMAD7	0.3333333333333333	C
BHLHE40	SNAP47	0.3333333333333333	C
STAT2	DDX60	0.3333333333333333	C
STAT2	EHBP1L1	0.3333333333333333	C
STAT2	IFI6	0.3333333333333333	C
PAX6	GCG	0.3333333333333333	C
BHLHE40	TRAPPC9	0.3333333333333333	C
CDX2	NFIA	0.3333333333333333	C
CDX2	MYLK	0.3333333333333333	C
CDX2	MID1	0.3333333333333333	C
CDX2	MEF2C	0.3333333333333333	C
STAT1	ZNF524	0.3333333333333333	C
STAT1	ZNF544	0.3333333333333333	C
CDX2	GPA33	0.3333333333333333	C
TP73	TP53	0.3333333333333333	C
CDX2	FOXP1	0.3333333333333333	C
STAT1	ZNF582	0.3333333333333333	C
CDX2	FAM3D	0.3333333333333333	C
CDX2	ERC1	0.3333333333333333	C
CDX2	EPS8	0.3333333333333333	C
CDX2	DPYSL2	0.3333333333333333	C
CDX2	DLGAP1	0.3333333333333333	C
CDX2	DLG2	0.3333333333333333	C
CDX2	CLIC5	0.3333333333333333	C
BHLHE40	UBE2D3	0.3333333333333333	C
BHLHE40	VGLL4	0.3333333333333333	C
BHLHE40	XXYLT1	0.3333333333333333	C
BHLHE40	ZFP36L1	0.3333333333333333	C
CDX2	ADGRL3	0.3333333333333333	C
CDX2	ADGRV1	0.3333333333333333	C
BHLHE40	TNFSF9	0.3333333333333333	C
CDX2	AGR2	0.3333333333333333	C
CDX2	ATP10B	0.3333333333333333	C
CDX2	CALD1	0.3333333333333333	C
CDX2	CAPZA2	0.3333333333333333	C
CDX2	CBLB	0.3333333333333333	C
ELK4	EGR1	0.3333333333333333	C
CDX2	CDC42BPA	0.3333333333333333	C
CDX2	AKAP13	0.3333333333333333	C
CDX2	NSMCE2	0.3333333333333333	C
STAT2	IFIH1	0.3333333333333333	C
STAT2	IFIT1	0.3333333333333333	C
BHLHE40	MIDEAS	0.3333333333333333	C
STAT2	SP100	0.3333333333333333	C
BHLHE40	MICAL3	0.3333333333333333	C
BHLHE40	MAP2K3	0.3333333333333333	C
STAT2	STX16	0.3333333333333333	C
STAT2	TAP1	0.3333333333333333	C
BHLHE40	LDLR	0.3333333333333333	C
STAT2	TMEM140	0.3333333333333333	C
STAT2	TRANK1	0.3333333333333333	C
STAT2	TRIM14	0.3333333333333333	C
BHLHE40	JMJD1C	0.3333333333333333	C
STAT2	TRIM22	0.3333333333333333	C
STAT2	TRIM25	0.3333333333333333	C
STAT2	TRIM34	0.3333333333333333	C
BHLHE40	IRF2BP2	0.3333333333333333	C
STAT2	UBE2L6	0.3333333333333333	C
BHLHE40	ID2	0.3333333333333333	C
STAT3	ANXA2	0.3333333333333333	C
STAT3	AMPD3	0.3333333333333333	C
BHLHE40	GNA12	0.3333333333333333	C
STAT3	ABLIM1	0.3333333333333333	C
STAT2	ZNFX1	0.3333333333333333	C
STAT2	ZNF862	0.3333333333333333	C
STAT2	SMARCA5	0.3333333333333333	C
STAT2	ZNF83	0.3333333333333333	C
STAT2	ZNF33B	0.3333333333333333	C
STAT2	ZNF263	0.3333333333333333	C
STAT2	ZNF177	0.3333333333333333	C
STAT2	ZFP37	0.3333333333333333	C
STAT2	ZC3HAV1	0.3333333333333333	C
BHLHE40	HES1	0.3333333333333333	C
STAT2	ZNF620	0.3333333333333333	C
STAT2	INPP4A	0.3333333333333333	C
STAT2	SLFN12L	0.3333333333333333	C
STAT2	SLC7A8	0.3333333333333333	C
STAT2	IFIT5	0.3333333333333333	C
STAT2	IFITM1	0.3333333333333333	C
BHLHE40	SEMA4B	0.3333333333333333	C
STAT2	KSR1	0.3333333333333333	C
STAT2	LAP3	0.3333333333333333	C
STAT2	LIPA	0.3333333333333333	C
STAT2	LRCH3	0.3333333333333333	C
BHLHE40	RGS9	0.3333333333333333	C
BHLHE40	RASSF5	0.3333333333333333	C
BHLHE40	RALGDS	0.3333333333333333	C
STAT2	NCOA7	0.3333333333333333	C
STAT2	NLRC5	0.3333333333333333	C
BHLHE40	PLEC	0.3333333333333333	C
BHLHE40	PIM1	0.3333333333333333	C
BHLHE40	PFKFB3	0.3333333333333333	C
STAT2	ORC2	0.3333333333333333	C
STAT2	OTUD5	0.3333333333333333	C
STAT2	SHISA5	0.3333333333333333	C
STAT2	SAMD9L	0.3333333333333333	C
BHLHE40	NEMP1	0.3333333333333333	C
STAT2	RTP4	0.3333333333333333	C
STAT2	RNF213	0.3333333333333333	C
STAT2	RIPOR3	0.3333333333333333	C
STAT2	SLFN12	0.3333333333333333	C
NFIC	BHLHE40	0.3333333333333333	C
STAT2	PNPT1	0.3333333333333333	C
BHLHE40	NR1D1	0.3333333333333333	C
STAT2	PHF11	0.3333333333333333	C
NR4A1	BHLHE40	0.3333333333333333	C
STAT2	PARP12	0.3333333333333333	C
BHLHE40	PARVB	0.3333333333333333	C
STAT2	PPP2R2A	0.3333333333333333	C
STAT3	ARHGAP24	0.3333333333333333	C
CDX2	PDLIM5	0.3333333333333333	C
CDX2	RUNX1	0.3333333333333333	C
STAT1	TEX19	0.3333333333333333	C
CEBPA	BBOX1	0.3333333333333333	C
CEBPA	BBC3	0.3333333333333333	C
STAT1	TGDS	0.3333333333333333	C
CEBPA	B3GNTL1	0.3333333333333333	C
CEBPA	AXIN2	0.3333333333333333	C
STAT1	THBS1	0.3333333333333333	C
STAT1	THOC7	0.3333333333333333	C
CEBPA	ATXN7L1	0.3333333333333333	C
STAT1	TIAM2	0.3333333333333333	C
STAT1	TICAM1	0.3333333333333333	C
STAT1	TIMP2	0.3333333333333333	C
STAT1	TMEFF2	0.3333333333333333	C
STAT1	TMEM216	0.3333333333333333	C
STAT1	TMEM33	0.3333333333333333	C
STAT1	TMOD3	0.3333333333333333	C
CEBPA	ATP5IF1	0.3333333333333333	C
CEBPA	BMAL1	0.3333333333333333	C
STAT1	TRIML2	0.3333333333333333	C
STAT1	TRIM40	0.3333333333333333	C
STAT1	TRIM29	0.3333333333333333	C
STAT1	TRIM17	0.3333333333333333	C
STAT1	TPRN	0.3333333333333333	C
STAT1	TESK2	0.3333333333333333	C
STAT1	TPK1	0.3333333333333333	C
STAT1	TOX3	0.3333333333333333	C
STAT1	TNS2	0.3333333333333333	C
STAT1	TNK2	0.3333333333333333	C
STAT1	TNIP2	0.3333333333333333	C
CEBPA	ATP2C2	0.3333333333333333	C
CEBPA	ATP4A	0.3333333333333333	C
CEBPA	ATF7IP2	0.3333333333333333	C
STAT1	TRPM3	0.3333333333333333	C
STAT1	TESC	0.3333333333333333	C
STAT1	TEAD4	0.3333333333333333	C
STAT1	ST3GAL5	0.3333333333333333	C
CEBPA	SLC19A4P	0.3333333333333333	C
STAT1	ST6GALNAC2	0.3333333333333333	C
STAT1	ST8SIA6	0.3333333333333333	C
CEBPA	C2CD2	0.3333333333333333	C
STAT1	STEAP4	0.3333333333333333	C
CEBPA	C1QTNF9B	0.3333333333333333	C
CEBPA	C18orf21	0.3333333333333333	C
CEBPA	C15orf61	0.3333333333333333	C
CEBPA	BTG1	0.3333333333333333	C
STAT1	SVIP	0.3333333333333333	C
CEBPA	BTBD8	0.3333333333333333	C
STAT1	SYMPK	0.3333333333333333	C
STAT1	SYNDIG1	0.3333333333333333	C
STAT1	SYS1	0.3333333333333333	C
CEBPA	BST1	0.3333333333333333	C
STAT1	TACC2	0.3333333333333333	C
STAT1	TEAD1	0.3333333333333333	C
STAT1	CRIPTO	0.3333333333333333	C
STAT1	TDG	0.3333333333333333	C
STAT1	TCF3	0.3333333333333333	C
STAT1	TCAF2	0.3333333333333333	C
CEBPA	BCL2A1	0.3333333333333333	C
STAT1	TEP1	0.3333333333333333	C
STAT1	TBRG1	0.3333333333333333	C
CEBPA	BMF	0.3333333333333333	C
CEBPA	BNC2	0.3333333333333333	C
CEBPA	BRD4	0.3333333333333333	C
CEBPA	BRDT	0.3333333333333333	C
STAT1	TAF15	0.3333333333333333	C
STAT1	TADA3	0.3333333333333333	C
STAT1	TBC1D5	0.3333333333333333	C
CDX2	PLCB4	0.3333333333333333	C
CEBPA	ARIH2	0.3333333333333333	C
STAT1	TTC17	0.3333333333333333	C
STAT1	ZMYM3	0.3333333333333333	C
CEBPA	AGPAT3	0.3333333333333333	C
CEBPA	AGMO	0.3333333333333333	C
CEBPA	ADRM1	0.3333333333333333	C
CEBPA	ADPGK	0.3333333333333333	C
STAT1	ZNF17	0.3333333333333333	C
CEBPA	ADAT2	0.3333333333333333	C
CEBPA	ADAM17	0.3333333333333333	C
CEBPA	ACSL5	0.3333333333333333	C
STAT1	ZNF224	0.3333333333333333	C
STAT1	ZNF225	0.3333333333333333	C
CEBPA	ACOT7	0.3333333333333333	C
CEBPA	ACAT2	0.3333333333333333	C
STAT1	ZNF24	0.3333333333333333	C
CEBPA	ABCC6	0.3333333333333333	C
CEBPA	ABCA5	0.3333333333333333	C
STAT1	ZNF283	0.3333333333333333	C
CDX2	SH3D19	0.3333333333333333	C
CDX2	SIPA1L1	0.3333333333333333	C
CDX2	SVIL	0.3333333333333333	C
CDX2	TACC2	0.3333333333333333	C
CDX2	TSPAN8	0.3333333333333333	C
CDX2	UGT8	0.3333333333333333	C
CEBPA	ALMS1	0.3333333333333333	C
CDX2	USP54	0.3333333333333333	C
CDX2	VPS13D	0.3333333333333333	C
CDX2	VPS8	0.3333333333333333	C
CDX2	ZNRF3	0.3333333333333333	C
STAT1	ZNF320	0.3333333333333333	C
CEBPA	ABCA10	0.3333333333333333	C
STAT1	ZNF284	0.3333333333333333	C
CDX2	VAV3	0.3333333333333333	C
STAT1	TSTD2	0.3333333333333333	C
STAT1	ZFAND4	0.3333333333333333	C
STAT1	ZBED5	0.3333333333333333	C
STAT1	IFT56	0.3333333333333333	C
STAT1	TTC32	0.3333333333333333	C
STAT1	TTC34	0.3333333333333333	C
CEBPA	ARHGEF28	0.3333333333333333	C
CEBPA	ARHGEF18	0.3333333333333333	C
STAT1	UBE2R2	0.3333333333333333	C
STAT1	UBR4	0.3333333333333333	C
STAT1	UBXN8	0.3333333333333333	C
STAT1	UNC45A	0.3333333333333333	C
STAT1	UPK1B	0.3333333333333333	C
STAT1	UQCRFS1	0.3333333333333333	C
CEBPA	ARHGAP28	0.3333333333333333	C
STAT1	USP48	0.3333333333333333	C
STAT1	VCL	0.3333333333333333	C
CEBPA	ARHGAP21	0.3333333333333333	C
CEBPA	ARHGAP20	0.3333333333333333	C
STAT1	VPS13C	0.3333333333333333	C
STAT1	ZAN	0.3333333333333333	C
STAT1	YOD1	0.3333333333333333	C
STAT1	YJU2	0.3333333333333333	C
STAT1	YAP1	0.3333333333333333	C
CEBPA	ANKRD13C	0.3333333333333333	C
STAT1	WIZ	0.3333333333333333	C
CEBPA	ANKRD1	0.3333333333333333	C
CEBPA	AOPEP	0.3333333333333333	C
STAT1	WDR59	0.3333333333333333	C
STAT1	WDR17	0.3333333333333333	C
CEBPA	APOC2	0.3333333333333333	C
CEBPA	AQP8	0.3333333333333333	C
CEBPA	ARAP1	0.3333333333333333	C
CEBPA	ARHGAP11A	0.3333333333333333	C
STAT1	WDR64	0.3333333333333333	C
STAT3	ARID5B	0.3333333333333333	C
STAT3	B4GALT1	0.3333333333333333	C
STAT3	B4GALT5	0.3333333333333333	C
STAT5B	RIPOR2	0.3333333333333333	C
STAT5B	SEC14L1	0.3333333333333333	C
STAT5B	SIPA1L1	0.3333333333333333	C
STAT5B	SKI	0.3333333333333333	C
STAT5B	SMAD3	0.3333333333333333	C
STAT5B	SNAP47	0.3333333333333333	C
BHLHE40	ANKRD11	0.3333333333333333	C
STAT5B	SYNE1	0.3333333333333333	C
STAT5B	TBC1D2B	0.3333333333333333	C
STAT5B	TGFBR1	0.3333333333333333	C
STAT5B	TGFBR3	0.3333333333333333	C
STAT5B	TRIO	0.3333333333333333	C
STAT5B	TULP3	0.3333333333333333	C
BHLHE40	ACTB	0.3333333333333333	C
STAT5B	ZMIZ1	0.3333333333333333	C
STAT5B	ZNF438	0.3333333333333333	C
BHLHE40	ACAP3	0.3333333333333333	C
BHLHE22	IGF1R	0.3333333333333333	C
BHLHE22	KCNN3	0.3333333333333333	C
BHLHE22	LSP1	0.3333333333333333	C
BHLHE22	MYLK	0.3333333333333333	C
BHLHE22	PACS1	0.3333333333333333	C
BHLHE22	PCDHGC3	0.3333333333333333	C
STAT5B	RIN3	0.3333333333333333	C
BHLHE22	PLCL2	0.3333333333333333	C
BHLHE22	PTPRJ	0.3333333333333333	C
BHLHE22	SH3KBP1	0.3333333333333333	C
BHLHE22	SPON2	0.3333333333333333	C
TAL1	ADCY7	0.3333333333333333	C
BHLHE22	SYNE2	0.3333333333333333	C
BHLHE40	ABCC1	0.3333333333333333	C
TAL1	ADTRP	0.3333333333333333	C
BHLHE22	GAS7	0.3333333333333333	C
STAT5B	RERE	0.3333333333333333	C
STAT5B	RBMS1	0.3333333333333333	C
STAT5B	CSGALNACT1	0.3333333333333333	C
STAT5B	DENND4A	0.3333333333333333	C
STAT5B	DGKD	0.3333333333333333	C
STAT5B	DUSP22	0.3333333333333333	C
STAT5B	ECE1	0.3333333333333333	C
STAT5B	EIPR1	0.3333333333333333	C
STAT5B	FAM107B	0.3333333333333333	C
STAT5B	FCHSD2	0.3333333333333333	C
STAT5B	FOXP1	0.3333333333333333	C
STAT5B	FYCO1	0.3333333333333333	C
STAT5B	FYN	0.3333333333333333	C
STAT5B	HDAC4	0.3333333333333333	C
STAT5B	IGFALS	0.3333333333333333	C
BHLHE40	BCL3	0.3333333333333333	C
STAT5B	INPP4A	0.3333333333333333	C
STAT5B	ITPR1	0.3333333333333333	C
STAT5B	LPP	0.3333333333333333	C
STAT5B	RASA3	0.3333333333333333	C
STAT5B	RAPGEF1	0.3333333333333333	C
STAT5B	PTPN4	0.3333333333333333	C
STAT5B	PRDM8	0.3333333333333333	C
STAT5B	PIP4K2A	0.3333333333333333	C
BHLHE40	ARHGEF3	0.3333333333333333	C
STAT5B	RBPJ	0.3333333333333333	C
STAT5B	PIK3CD	0.3333333333333333	C
STAT5B	PACSIN2	0.3333333333333333	C
STAT5B	PACS1	0.3333333333333333	C
STAT5B	NIBAN1	0.3333333333333333	C
STAT5B	MBNL1	0.3333333333333333	C
STAT5B	MACF1	0.3333333333333333	C
STAT5B	LYST	0.3333333333333333	C
STAT5B	PGS1	0.3333333333333333	C
STAT5B	CRTC3	0.3333333333333333	C
BHLHE22	ELF4	0.3333333333333333	C
BHLHE22	BAZ2A	0.3333333333333333	C
BCL6	MAP3K8	0.3333333333333333	C
TAL1	CCNJL	0.3333333333333333	C
BCL6	LPP	0.3333333333333333	C
BCL6	LDLR	0.3333333333333333	C
BCL6	JADE1	0.3333333333333333	C
BCL6	IL4R	0.3333333333333333	C
BCL6	HDAC4	0.3333333333333333	C
BCL6	GPCPD1	0.3333333333333333	C
TAL1	CELF2	0.3333333333333333	C
BCL6	GMDS	0.3333333333333333	C
TAL1	CEP70	0.3333333333333333	C
BCL6	GFOD1	0.3333333333333333	C
FOXO1	BCL6	0.3333333333333333	C
TAL1	CHSY1	0.3333333333333333	C
BCL6	EIPR1	0.3333333333333333	C
TAL1	CLIC5	0.3333333333333333	C
TAL1	CLU	0.3333333333333333	C
TAL1	CYB561	0.3333333333333333	C
BCL6	ANK3	0.3333333333333333	C
BCL6	ARHGAP26	0.3333333333333333	C
BCL6	ARID5B	0.3333333333333333	C
BCL6	BRD4	0.3333333333333333	C
TAL1	CSGALNACT1	0.3333333333333333	C
BCL6	MAPKAPK3	0.3333333333333333	C
BCL6	CABIN1	0.3333333333333333	C
BCL6	CBFA2T3	0.3333333333333333	C
BCL6	CCND3	0.3333333333333333	C
BCL6	CFLAR	0.3333333333333333	C
TAL1	COL21A1	0.3333333333333333	C
BCL6	DENND3	0.3333333333333333	C
BCL6	DUSP22	0.3333333333333333	C
TAL1	CRHBP	0.3333333333333333	C
BHLHE22	CDYL	0.3333333333333333	C
BCL6	NCOA7	0.3333333333333333	C
BCL6	PLCG2	0.3333333333333333	C
BHLHE22	ARSB	0.3333333333333333	C
BHLHE22	AP3D1	0.3333333333333333	C
TAL1	ARHGAP21	0.3333333333333333	C
BHLHE22	ALDH1A2	0.3333333333333333	C
BHLHE22	AEBP1	0.3333333333333333	C
BHLHE22	ADGRA2	0.3333333333333333	C
TAL1	ARHGAP27	0.3333333333333333	C
BHLHE22	ADAM33	0.3333333333333333	C
BCL6	ZFAT	0.3333333333333333	C
TAL1	ARID1A	0.3333333333333333	C
BCL6	UMODL1	0.3333333333333333	C
TAL1	ARID3B	0.3333333333333333	C
BCL6	UBALD2	0.3333333333333333	C
TAL1	ASAP1	0.3333333333333333	C
TAL1	ATP2A3	0.3333333333333333	C
BCL6	TPM4	0.3333333333333333	C
TAL1	ATP2C1	0.3333333333333333	C
TAL1	CASP8	0.3333333333333333	C
BCL6	RHOQ	0.3333333333333333	C
BCL6	RNF213	0.3333333333333333	C
BCL6	SEMA4B	0.3333333333333333	C
BCL6	SLA	0.3333333333333333	C
TAL1	CA10	0.3333333333333333	C
BCL6	OSBPL10	0.3333333333333333	C
BCL6	ST3GAL1	0.3333333333333333	C
BCL6	SYPL1	0.3333333333333333	C
BCL6	TCF3	0.3333333333333333	C
BCL6	TLE3	0.3333333333333333	C
TAL1	BAALC	0.3333333333333333	C
BCL6	TNK2	0.3333333333333333	C
BCL6	TNS3	0.3333333333333333	C
BCL6	SYNE2	0.3333333333333333	C
STAT5B	CFLAR	0.3333333333333333	C
STAT5B	CD180	0.3333333333333333	C
BHLHE40	BCOR	0.3333333333333333	C
STAT3	LDLR	0.3333333333333333	C
STAT3	LHCGR	0.3333333333333333	C
STAT3	LITAF	0.3333333333333333	C
STAT3	LPP	0.3333333333333333	C
STAT3	LYN	0.3333333333333333	C
STAT3	MACF1	0.3333333333333333	C
STAT3	MAP3K5	0.3333333333333333	C
STAT3	MOB3A	0.3333333333333333	C
STAT3	MPZL1	0.3333333333333333	C
STAT3	MSN	0.3333333333333333	C
BHLHE40	FKBP5	0.3333333333333333	C
BHLHE40	EGLN3	0.3333333333333333	C
STAT3	NAV2	0.3333333333333333	C
STAT3	NCOA7	0.3333333333333333	C
STAT3	NEDD4	0.3333333333333333	C
STAT3	NEK6	0.3333333333333333	C
STAT3	NIBAN2	0.3333333333333333	C
STAT3	RPGR	0.3333333333333333	C
BHLHE40	CTTN	0.3333333333333333	C
STAT3	RND3	0.3333333333333333	C
STAT3	RGS12	0.3333333333333333	C
STAT3	RERE	0.3333333333333333	C
BHLHE40	CUX1	0.3333333333333333	C
STAT3	IL4R	0.3333333333333333	C
BHLHE40	DLGAP1	0.3333333333333333	C
STAT3	PTP4A2	0.3333333333333333	C
STAT3	PLEC	0.3333333333333333	C
STAT3	PGS1	0.3333333333333333	C
STAT3	PDE4D	0.3333333333333333	C
STAT3	PCBP1	0.3333333333333333	C
STAT3	NRP1	0.3333333333333333	C
STAT3	PTPRE	0.3333333333333333	C
STAT3	SCHIP1	0.3333333333333333	C
STAT3	IL1RAP	0.3333333333333333	C
STAT3	IGF2R	0.3333333333333333	C
STAT3	BCR	0.3333333333333333	C
STAT3	BRD4	0.3333333333333333	C
STAT3	CAST	0.3333333333333333	C
STAT3	CD44	0.3333333333333333	C
STAT3	CD55	0.3333333333333333	C
STAT3	CDC42EP4	0.3333333333333333	C
STAT3	CDK5RAP2	0.3333333333333333	C
STAT3	CEMIP2	0.3333333333333333	C
STAT3	CRISPLD2	0.3333333333333333	C
STAT3	CTNNA1	0.3333333333333333	C
STAT3	CTSB	0.3333333333333333	C
STAT3	CYTH1	0.3333333333333333	C
STAT3	DIAPH1	0.3333333333333333	C
STAT3	DST	0.3333333333333333	C
BHLHE40	GFOD1	0.3333333333333333	C
STAT3	ELL	0.3333333333333333	C
STAT3	ERGIC1	0.3333333333333333	C
BHLHE40	FLNB	0.3333333333333333	C
STAT3	HRH1	0.3333333333333333	C
STAT3	HIVEP2	0.3333333333333333	C
STAT3	HDAC7	0.3333333333333333	C
STAT3	HDAC4	0.3333333333333333	C
BHLHE40	GDF15	0.3333333333333333	C
STAT3	IL1R1	0.3333333333333333	C
STAT3	GALNT2	0.3333333333333333	C
STAT3	FRMD4B	0.3333333333333333	C
STAT3	FNDC3B	0.3333333333333333	C
STAT3	FKBP5	0.3333333333333333	C
STAT3	FHL2	0.3333333333333333	C
STAT3	FGGY	0.3333333333333333	C
STAT3	EXTL3	0.3333333333333333	C
STAT3	GALNT10	0.3333333333333333	C
STAT3	SEMA4B	0.3333333333333333	C
STAT3	SH3PXD2B	0.3333333333333333	C
STAT3	SH3RF2	0.3333333333333333	C
STAT5A	MED15	0.3333333333333333	C
STAT5A	MLXIP	0.3333333333333333	C
STAT5A	PCIF1	0.3333333333333333	C
STAT5A	PDLIM1	0.3333333333333333	C
STAT5A	PIK3R5	0.3333333333333333	C
STAT5A	PIP4K2A	0.3333333333333333	C
STAT5A	PRKAR2B	0.3333333333333333	C
STAT5A	PTK2B	0.3333333333333333	C
BHLHE40	CCDC57	0.3333333333333333	C
STAT5A	RIN3	0.3333333333333333	C
STAT5A	RTTN	0.3333333333333333	C
STAT5A	SPTBN1	0.3333333333333333	C
STAT5A	STK10	0.3333333333333333	C
STAT5A	TANK	0.3333333333333333	C
STAT5A	TBC1D5	0.3333333333333333	C
STAT5A	TCF3	0.3333333333333333	C
STAT5A	TIAM2	0.3333333333333333	C
STAT5B	CBLB	0.3333333333333333	C
STAT5B	ASAP1	0.3333333333333333	C
STAT5B	ARHGAP26	0.3333333333333333	C
STAT5B	ANTXR2	0.3333333333333333	C
STAT5B	ANKRD44	0.3333333333333333	C
STAT5B	ALOX5AP	0.3333333333333333	C
STAT5A	MDM4	0.3333333333333333	C
STAT5B	AKAP13	0.3333333333333333	C
STAT5A	ZNF365	0.3333333333333333	C
STAT5A	USP48	0.3333333333333333	C
STAT5A	TXNIP	0.3333333333333333	C
STAT5A	TNIP1	0.3333333333333333	C
STAT5A	TNFRSF8	0.3333333333333333	C
STAT5A	TNFAIP8	0.3333333333333333	C
STAT5B	AFAP1	0.3333333333333333	C
STAT5A	MCF2L2	0.3333333333333333	C
STAT5A	MARCHF3	0.3333333333333333	C
STAT5A	LPCAT1	0.3333333333333333	C
STAT4	CISH	0.3333333333333333	C
STAT4	CDKN1A	0.3333333333333333	C
BHLHE40	CREB5	0.3333333333333333	C
STAT3	ZMIZ1	0.3333333333333333	C
STAT3	VMP1	0.3333333333333333	C
STAT3	VGLL4	0.3333333333333333	C
STAT5A	ADAMTSL4	0.3333333333333333	C
STAT3	TNS3	0.3333333333333333	C
STAT3	TGM2	0.3333333333333333	C
STAT3	TGIF1	0.3333333333333333	C
STAT3	TACC2	0.3333333333333333	C
STAT3	SYNE2	0.3333333333333333	C
BHLHE40	CSK	0.3333333333333333	C
STAT3	SORCS2	0.3333333333333333	C
STAT3	TLE3	0.3333333333333333	C
TCF3	SSBP4	0.3333333333333333	C
STAT5A	AHRR	0.3333333333333333	C
STAT5A	CCR7	0.3333333333333333	C
STAT5A	LITAF	0.3333333333333333	C
STAT5A	IQGAP2	0.3333333333333333	C
STAT5A	GAK	0.3333333333333333	C
STAT5A	FNBP1	0.3333333333333333	C
STAT5A	FCHSD2	0.3333333333333333	C
BHLHE40	CD83	0.3333333333333333	C
STAT5A	ANK3	0.3333333333333333	C
STAT5A	ECE1	0.3333333333333333	C
STAT5A	DENND3	0.3333333333333333	C
STAT5A	DEK	0.3333333333333333	C
STAT5A	CTSB	0.3333333333333333	C
STAT5A	CTIF	0.3333333333333333	C
STAT5A	CHST11	0.3333333333333333	C
BHLHE40	CDKN1A	0.3333333333333333	C
STAT5A	DUSP22	0.3333333333333333	C
TCF3	ST3GAL2	0.3333333333333333	C
TCF3	STK10	0.3333333333333333	C
TCF3	STK11	0.3333333333333333	C
ATF1	PER1	0.3333333333333333	C
ATF1	PDXK	0.3333333333333333	C
ATF1	OSBPL9	0.3333333333333333	C
TFAP2C	GATA2	0.3333333333333333	C
TFAP2C	GATAD1	0.3333333333333333	C
ATF1	NTRK3	0.3333333333333333	C
TFAP2C	GCN1	0.3333333333333333	C
ATF1	NSD2	0.3333333333333333	C
TFAP2C	GGT1	0.3333333333333333	C
TFAP2C	GJA5	0.3333333333333333	C
TFAP2C	GJC2	0.3333333333333333	C
ATF1	NDUFV3	0.3333333333333333	C
ATF1	MYH10	0.3333333333333333	C
ATF1	MVK	0.3333333333333333	C
TFAP2C	GNAI2	0.3333333333333333	C
TFAP2C	GNG12	0.3333333333333333	C
TFAP2C	GOLIM4	0.3333333333333333	C
TFAP2C	H4C6	0.3333333333333333	C
ATF1	ING3	0.3333333333333333	C
ATF1	ISG20L2	0.3333333333333333	C
ATF1	KRBA1	0.3333333333333333	C
TFAP2C	GRK4	0.3333333333333333	C
TFAP2C	GRK3	0.3333333333333333	C
TFAP2C	GALNT2	0.3333333333333333	C
ATF1	LUC7L2	0.3333333333333333	C
ATF1	MLXIP	0.3333333333333333	C
ATF1	MSI2	0.3333333333333333	C
ATF1	MTHFR	0.3333333333333333	C
TFAP2C	GPRC5B	0.3333333333333333	C
TFAP2C	GPRC5A	0.3333333333333333	C
TFAP2C	GPR63	0.3333333333333333	C
ATF1	MCF2L	0.3333333333333333	C
ATF1	IGF1	0.3333333333333333	C
ATF1	PRR3	0.3333333333333333	C
ATF1	R3HDM2	0.3333333333333333	C
TFAP2C	EPPK1	0.3333333333333333	C
ATF1	ZDHHC7	0.3333333333333333	C
TFAP2C	ESPN	0.3333333333333333	C
TFAP2C	ESRRA	0.3333333333333333	C
ATF1	ZC3H4	0.3333333333333333	C
TFAP2C	ETF1	0.3333333333333333	C
ATF1	VASP	0.3333333333333333	C
ATF1	UBE2H	0.3333333333333333	C
ATF1	UBC	0.3333333333333333	C
TFAP2C	FADS1	0.3333333333333333	C
TFAP2C	FADS3	0.3333333333333333	C
ATF1	TSC22D2	0.3333333333333333	C
ATF1	TRAK1	0.3333333333333333	C
ATF1	THADA	0.3333333333333333	C
TFAP2C	FAS	0.3333333333333333	C
TFAP2C	FBXO32	0.3333333333333333	C
TFAP2C	FDFT1	0.3333333333333333	C
TFAP2C	GAA	0.3333333333333333	C
TFAP2C	FZR1	0.3333333333333333	C
ATF1	RAB11B	0.3333333333333333	C
ATF1	RCE1	0.3333333333333333	C
ATF1	RREB1	0.3333333333333333	C
ATF1	SECISBP2	0.3333333333333333	C
ATF1	PSME3	0.3333333333333333	C
ATF1	SIRT2	0.3333333333333333	C
ATF1	SLC25A37	0.3333333333333333	C
ATF1	SND1	0.3333333333333333	C
TFAP2C	FLII	0.3333333333333333	C
ATF1	SNX5	0.3333333333333333	C
ATF1	ST7	0.3333333333333333	C
TFAP2C	FGD1	0.3333333333333333	C
ATF1	SLC25A25	0.3333333333333333	C
ATF1	ZZEF1	0.3333333333333333	C
TFAP2C	HEXD	0.3333333333333333	C
TFAP2C	HIF3A	0.3333333333333333	C
ATF1	BRD4	0.3333333333333333	C
TFAP2C	ITSN1	0.3333333333333333	C
TFAP2C	JADE2	0.3333333333333333	C
TFAP2C	JAG2	0.3333333333333333	C
TFAP2C	JDP2	0.3333333333333333	C
ATF1	BIN3	0.3333333333333333	C
ATF1	BCR	0.3333333333333333	C
TFAP2C	KAZALD1	0.3333333333333333	C
ATF1	ATG5	0.3333333333333333	C
ATF1	ARG2	0.3333333333333333	C
ATF1	APLF	0.3333333333333333	C
TFAP2C	KCNH2	0.3333333333333333	C
ATF1	APEX1	0.3333333333333333	C
ATF1	AP2B1	0.3333333333333333	C
TFAP2C	KCNN4	0.3333333333333333	C
TFAP2C	KCNQ1	0.3333333333333333	C
TFAP2C	KCNQ2	0.3333333333333333	C
ASCL1	TP73	0.3333333333333333	C
TFAP2C	KLF3	0.3333333333333333	C
TFAP2C	KLF16	0.3333333333333333	C
TFAP2C	KIFC3	0.3333333333333333	C
TFAP2C	KIF21B	0.3333333333333333	C
ASCL1	TRIO	0.3333333333333333	C
ATF1	CDC14B	0.3333333333333333	C
TFAP2C	NHSL3	0.3333333333333333	C
ASCL1	WSCD1	0.3333333333333333	C
ASCL1	ZDHHC14	0.3333333333333333	C
ATF1	ACOX3	0.3333333333333333	C
TFAP2C	KCTD1	0.3333333333333333	C
ATF1	ANKRD11	0.3333333333333333	C
TFAP2C	KCNQ5	0.3333333333333333	C
ASCL1	VAV2	0.3333333333333333	C
TFAP2C	HGFAC	0.3333333333333333	C
ATF1	CMIP	0.3333333333333333	C
TFAP2C	IRAG1	0.3333333333333333	C
TFAP2C	HIPK3	0.3333333333333333	C
ATF1	HDGF	0.3333333333333333	C
ATF1	HBS1L	0.3333333333333333	C
ATF1	GNL1	0.3333333333333333	C
TFAP2C	HM13	0.3333333333333333	C
ATF1	FYN	0.3333333333333333	C
TFAP2C	HNRNPC	0.3333333333333333	C
TFAP2C	HNRNPF	0.3333333333333333	C
TFAP2C	HNRNPH1	0.3333333333333333	C
ATF1	FSCN1	0.3333333333333333	C
TFAP2C	HRAS	0.3333333333333333	C
ATF1	FOSB	0.3333333333333333	C
TFAP2C	HSF4	0.3333333333333333	C
TFAP2C	HSH2D	0.3333333333333333	C
TFAP2C	HYLS1	0.3333333333333333	C
TFAP2C	IBA57	0.3333333333333333	C
ATF1	FMC1	0.3333333333333333	C
ATF1	CREB3L2	0.3333333333333333	C
TFAP2C	INPP5F	0.3333333333333333	C
ATF1	DSTYK	0.3333333333333333	C
TFAP2C	IL22RA2	0.3333333333333333	C
ATF1	ESYT2	0.3333333333333333	C
TFAP2C	IL10RA	0.3333333333333333	C
TFAP2C	IRGQ	0.3333333333333333	C
TFAP2C	IHO1	0.3333333333333333	C
TFAP2C	IGF2BP2	0.3333333333333333	C
ATF1	FAAP20	0.3333333333333333	C
TFAP2C	IFT43	0.3333333333333333	C
TFAP2C	IFT140	0.3333333333333333	C
TFAP2C	IFITM10	0.3333333333333333	C
ATF1	PABIR3	0.3333333333333333	C
TFAP2C	IGFALS	0.3333333333333333	C
TFAP2C	KLHL26	0.3333333333333333	C
TFAP2C	EPB41L2	0.3333333333333333	C
TFAP2C	ENO2	0.3333333333333333	C
TFAP2C	CHRNA7	0.3333333333333333	C
ATF3	MAPKAP1	0.3333333333333333	C
TFAP2C	CIAO3	0.3333333333333333	C
TFAP2C	CINP	0.3333333333333333	C
TFAP2C	CLDND2	0.3333333333333333	C
ATF3	KDM6B	0.3333333333333333	C
ATF3	KDM4C	0.3333333333333333	C
ATF3	GNA12	0.3333333333333333	C
ATF3	GLIS3	0.3333333333333333	C
TFAP2C	CNOT11	0.3333333333333333	C
TFAP2C	CNR1	0.3333333333333333	C
ATF3	ETS2	0.3333333333333333	C
TFAP2C	COL16A1	0.3333333333333333	C
ATF3	CYRIB	0.3333333333333333	C
ATF3	CREB5	0.3333333333333333	C
ATF3	COA7	0.3333333333333333	C
ATF3	BHLHE40	0.3333333333333333	C
ATF2	UBE2H	0.3333333333333333	C
TFAP2C	CSNK1D	0.3333333333333333	C
TFAP2C	CSK	0.3333333333333333	C
TFAP2C	CSE1L	0.3333333333333333	C
ATF2	USP9X	0.3333333333333333	C
TFAP2C	CROCC	0.3333333333333333	C
TFAP2C	CHRDL2	0.3333333333333333	C
ATF2	ZBTB38	0.3333333333333333	C
ATF2	ZCCHC7	0.3333333333333333	C
ATF2	ZNF462	0.3333333333333333	C
TFAP2C	CPNE8	0.3333333333333333	C
ATF3	AKAP13	0.3333333333333333	C
TFAP2C	COL5A2	0.3333333333333333	C
ATF3	ANXA1	0.3333333333333333	C
TFAP2C	CRHR1	0.3333333333333333	C
TFAP2C	CTDSP1	0.3333333333333333	C
ATF3	MAPRE2	0.3333333333333333	C
ATF3	MED15	0.3333333333333333	C
TFAP2C	CAPN3	0.3333333333333333	C
ATF3	SPAG9	0.3333333333333333	C
TFAP2C	CAPRIN2	0.3333333333333333	C
TFAP2C	CARD10	0.3333333333333333	C
TFAP2C	CARM1	0.3333333333333333	C
ATF3	SND1	0.3333333333333333	C
TFAP2C	CAV3	0.3333333333333333	C
TFAP2C	CBFA2T3	0.3333333333333333	C
TFAP2C	CBX7	0.3333333333333333	C
TFAP2C	CCDC136	0.3333333333333333	C
TFAP2C	CCDC184	0.3333333333333333	C
ATF3	SMOX	0.3333333333333333	C
ATF3	RUNX1	0.3333333333333333	C
ATF3	RCAN1	0.3333333333333333	C
TFAP2C	CCNF	0.3333333333333333	C
TFAP2C	CCNG2	0.3333333333333333	C
TFAP2C	CCS	0.3333333333333333	C
ATF3	MIDEAS	0.3333333333333333	C
ATF3	MYO18A	0.3333333333333333	C
ATF3	NFIA	0.3333333333333333	C
ATF3	PCBP1	0.3333333333333333	C
ATF3	PDE4B	0.3333333333333333	C
ATF3	PER1	0.3333333333333333	C
TFAP2C	CHD7	0.3333333333333333	C
TFAP2C	CDK2AP1	0.3333333333333333	C
ATF3	PTP4A1	0.3333333333333333	C
ATF3	RAD9A	0.3333333333333333	C
TFAP2C	CDCA7L	0.3333333333333333	C
TFAP2C	CDC16	0.3333333333333333	C
TFAP2C	CDC14B	0.3333333333333333	C
TFAP2C	CD8B	0.3333333333333333	C
ATF3	PRPF31	0.3333333333333333	C
TFAP2C	EPB41L1	0.3333333333333333	C
ATF2	UBE2E1	0.3333333333333333	C
ATF2	THADA	0.3333333333333333	C
ATF2	NUMB	0.3333333333333333	C
ATF2	NCOA7	0.3333333333333333	C
TFAP2C	DOK4	0.3333333333333333	C
ATF2	MSI2	0.3333333333333333	C
TFAP2C	DOK7	0.3333333333333333	C
ATF2	MBNL1	0.3333333333333333	C
TFAP2C	DPT	0.3333333333333333	C
TFAP2C	DRD1	0.3333333333333333	C
TFAP2C	DRD2	0.3333333333333333	C
TFAP2C	DSCC1	0.3333333333333333	C
ATF2	LYST	0.3333333333333333	C
ATF2	KIAA1217	0.3333333333333333	C
TFAP2C	E2F2	0.3333333333333333	C
ATF2	HMGB1	0.3333333333333333	C
ATF2	GTDC1	0.3333333333333333	C
ATF2	GNG2	0.3333333333333333	C
ATF2	GNAS	0.3333333333333333	C
TFAP2C	ENG	0.3333333333333333	C
TFAP2C	EMP3	0.3333333333333333	C
TFAP2C	EML2	0.3333333333333333	C
ATF2	ARID1A	0.3333333333333333	C
TFAP2C	ELMO3	0.3333333333333333	C
TFAP2C	ELMO2	0.3333333333333333	C
TFAP2C	DNAJC6	0.3333333333333333	C
ATF2	AZIN1	0.3333333333333333	C
TFAP2C	EIF4E3	0.3333333333333333	C
ATF2	DMTF1	0.3333333333333333	C
TFAP2C	EHBP1L1	0.3333333333333333	C
ATF2	FNDC3B	0.3333333333333333	C
TFAP2C	EGFL7	0.3333333333333333	C
ATF2	FOXP1	0.3333333333333333	C
ATF2	CDK14	0.3333333333333333	C
ATF2	UBC	0.3333333333333333	C
TFAP2C	DMRT2	0.3333333333333333	C
TFAP2C	DLST	0.3333333333333333	C
TFAP2C	CTSF	0.3333333333333333	C
TFAP2C	CTSL	0.3333333333333333	C
ATF2	TERF1	0.3333333333333333	C
ATF2	TEAD1	0.3333333333333333	C
TFAP2C	CX3CL1	0.3333333333333333	C
TFAP2C	CXXC5	0.3333333333333333	C
TFAP2C	CYFIP2	0.3333333333333333	C
TFAP2C	CYLD	0.3333333333333333	C
TFAP2C	CYP46A1	0.3333333333333333	C
ATF2	TCF4	0.3333333333333333	C
ATF2	TCF12	0.3333333333333333	C
ATF2	TBL1XR1	0.3333333333333333	C
ATF2	STAT1	0.3333333333333333	C
TFAP2C	DAO	0.3333333333333333	C
ATF2	SND1	0.3333333333333333	C
ATF2	SLC39A10	0.3333333333333333	C
TFAP2C	DCST1	0.3333333333333333	C
ATF2	OXR1	0.3333333333333333	C
ATF2	PSIP1	0.3333333333333333	C
ATF2	PTK2	0.3333333333333333	C
TFAP2C	DIXDC1	0.3333333333333333	C
ATF2	RAB12	0.3333333333333333	C
ATF2	RABGAP1L	0.3333333333333333	C
TFAP2C	DMPK	0.3333333333333333	C
TFAP2C	DHX35	0.3333333333333333	C
ATF2	RBPJ	0.3333333333333333	C
ATF2	RPS29	0.3333333333333333	C
ATF2	SGMS1	0.3333333333333333	C
TFAP2C	DEDD2	0.3333333333333333	C
TFAP2C	DDX3X	0.3333333333333333	C
TFAP2C	DDX17	0.3333333333333333	C
TFAP2C	DGKG	0.3333333333333333	C
ASCL1	TNR	0.3333333333333333	C
ASCL1	TMEM163	0.3333333333333333	C
TFAP2C	KMT2A	0.3333333333333333	C
ARNT	NFASC	0.3333333333333333	C
ARNT	NBEA	0.3333333333333333	C
TFAP2C	PIWIL4	0.3333333333333333	C
ARNT	MID1	0.3333333333333333	C
ARNT	MED13L	0.3333333333333333	C
ARNT	MACROD2	0.3333333333333333	C
ARNT	LPP	0.3333333333333333	C
TFAP2C	PLBD1	0.3333333333333333	C
ARNT	IQSEC1	0.3333333333333333	C
ARNT	GTDC1	0.3333333333333333	C
TFAP2C	PLCG1	0.3333333333333333	C
ARNT	GLI3	0.3333333333333333	C
TFAP2C	PLD5	0.3333333333333333	C
ARNT	FNDC3B	0.3333333333333333	C
ARNT	EXOC6B	0.3333333333333333	C
ARNT	ERC1	0.3333333333333333	C
TFAP2C	PLEKHM1	0.3333333333333333	C
TFAP2C	PPM1E	0.3333333333333333	C
TFAP2C	PPIL2	0.3333333333333333	C
ARNT	DOCK1	0.3333333333333333	C
TFAP2C	PPFIA4	0.3333333333333333	C
ARNT	DOCK4	0.3333333333333333	C
TFAP2C	PPARA	0.3333333333333333	C
TFAP2C	PIK3R2	0.3333333333333333	C
TFAP2C	POR	0.3333333333333333	C
TFAP2C	PNP	0.3333333333333333	C
ARNT	DST	0.3333333333333333	C
TFAP2C	PLXNC1	0.3333333333333333	C
ARNT	DYNC2H1	0.3333333333333333	C
ARNT	EIF3H	0.3333333333333333	C
ARNT	ENO1	0.3333333333333333	C
TFAP2C	POLK	0.3333333333333333	C
TFAP2C	PPM1F	0.3333333333333333	C
TFAP2C	PIK3CB	0.3333333333333333	C
TFAP2C	PIGQ	0.3333333333333333	C
ARNT	SORL1	0.3333333333333333	C
ARNT	SLC22A23	0.3333333333333333	C
ARNT	RREB1	0.3333333333333333	C
TFAP2C	PADI4	0.3333333333333333	C
TFAP2C	PALM	0.3333333333333333	C
TFAP2C	PARP10	0.3333333333333333	C
TFAP2C	PAX2	0.3333333333333333	C
TFAP2C	PBK	0.3333333333333333	C
ARNT	RBPJ	0.3333333333333333	C
ARNT	RBMS3	0.3333333333333333	C
ARNT	RBMS1	0.3333333333333333	C
TFAP2C	PCMTD2	0.3333333333333333	C
ARNT	PTPRR	0.3333333333333333	C
TFAP2C	PDE4A	0.3333333333333333	C
ARNT	PTPRD	0.3333333333333333	C
ARNT	PTK2	0.3333333333333333	C
TFAP2C	PDE4DIP	0.3333333333333333	C
TFAP2C	PI4K2A	0.3333333333333333	C
TFAP2C	PI16	0.3333333333333333	C
TFAP2C	PHLDB2	0.3333333333333333	C
TFAP2C	PHF21B	0.3333333333333333	C
ARNT	NLGN1	0.3333333333333333	C
TFAP2C	PGPEP1L	0.3333333333333333	C
ARNT	NFIA	0.3333333333333333	C
TFAP2C	PEX16	0.3333333333333333	C
TFAP2C	PDZD9	0.3333333333333333	C
ARNT	PIP4K2A	0.3333333333333333	C
TFAP2C	PDLIM1	0.3333333333333333	C
TFAP2C	PDIA6	0.3333333333333333	C
TFAP2C	PDE7A	0.3333333333333333	C
TFAP2C	PDE6B	0.3333333333333333	C
TFAP2C	PERM1	0.3333333333333333	C
TFAP2C	P4HTM	0.3333333333333333	C
TFAP2C	PPP1R12C	0.3333333333333333	C
TFAP2C	PPP1R16A	0.3333333333333333	C
ARID3A	GRK6	0.3333333333333333	C
ARID3A	GAB2	0.3333333333333333	C
ARID3A	FOXK1	0.3333333333333333	C
TFAP2C	RAPSN	0.3333333333333333	C
ARID3A	ERN1	0.3333333333333333	C
TFAP2C	RARG	0.3333333333333333	C
ARID3A	DENND3	0.3333333333333333	C
TFAP2C	RASA4	0.3333333333333333	C
TFAP2C	RASSF3	0.3333333333333333	C
TFAP2C	RASSF4	0.3333333333333333	C
ARID3A	DDIT4	0.3333333333333333	C
ARID3A	CYTH1	0.3333333333333333	C
TFAP2C	RBMXL1	0.3333333333333333	C
ARID3A	CIC	0.3333333333333333	C
ARID3A	CCR7	0.3333333333333333	C
ARID3A	BCAT1	0.3333333333333333	C
ARID3A	BAZ2A	0.3333333333333333	C
TFAP2C	ROBO3	0.3333333333333333	C
TFAP2C	RNF2	0.3333333333333333	C
ARID2	TNPO1	0.3333333333333333	C
TFAP2C	RNF152	0.3333333333333333	C
ARID2	USP3	0.3333333333333333	C
TFAP2C	RIPOR1	0.3333333333333333	C
ARID3A	KCNAB2	0.3333333333333333	C
ARID2	WAC	0.3333333333333333	C
ARID2	ZCCHC2	0.3333333333333333	C
TFAP2C	RGS7	0.3333333333333333	C
ARID2	ZNF131	0.3333333333333333	C
ARID3A	ACKR2	0.3333333333333333	C
TFAP2C	RGMA	0.3333333333333333	C
TFAP2C	RGCC	0.3333333333333333	C
TFAP2C	RHOBTB2	0.3333333333333333	C
TFAP2C	PPP1R14B	0.3333333333333333	C
TFAP2C	RAMP3	0.3333333333333333	C
ARID3A	MNT	0.3333333333333333	C
ARNT	DAAM1	0.3333333333333333	C
TFAP2C	PPP6R1	0.3333333333333333	C
ARNT	CTNNA2	0.3333333333333333	C
ARNT	CDH4	0.3333333333333333	C
ARNT	ASAP1	0.3333333333333333	C
TFAP2C	PRICKLE1	0.3333333333333333	C
ARNT	ARID5B	0.3333333333333333	C
TFAP2C	PRICKLE3	0.3333333333333333	C
ARNT	ARID1B	0.3333333333333333	C
ARNT	ANK3	0.3333333333333333	C
ARNT	ALDOA	0.3333333333333333	C
TFAP2C	PRR25	0.3333333333333333	C
ARNT	AFF1	0.3333333333333333	C
TFAP2C	PRSS23	0.3333333333333333	C
TFAP2C	PSTPIP2	0.3333333333333333	C
TFAP2C	PTAFR	0.3333333333333333	C
TFAP2C	PTDSS2	0.3333333333333333	C
ARID3A	PLIN2	0.3333333333333333	C
ARID3A	PTK2B	0.3333333333333333	C
ARID3A	SEC14L1	0.3333333333333333	C
ARID3A	ST3GAL1	0.3333333333333333	C
TFAP2C	PYROXD2	0.3333333333333333	C
ARID3A	STK10	0.3333333333333333	C
ARID3A	MKNK2	0.3333333333333333	C
TFAP2C	PWWP2B	0.3333333333333333	C
TFAP2C	PTTG1IP	0.3333333333333333	C
TFAP2C	PTPRN2	0.3333333333333333	C
ARID3A	TGIF1	0.3333333333333333	C
ARID3A	ZBTB7B	0.3333333333333333	C
TFAP2C	PTMA	0.3333333333333333	C
ARID3A	ZC3H3	0.3333333333333333	C
TFAP2C	PVALB	0.3333333333333333	C
TFAP2C	P2RY2	0.3333333333333333	C
TFAP2C	OXA1L	0.3333333333333333	C
ARNT	SOX5	0.3333333333333333	C
ASCL1	PKP1	0.3333333333333333	C
ASCL1	PGS1	0.3333333333333333	C
ASCL1	NOL4L	0.3333333333333333	C
TFAP2C	MAG	0.3333333333333333	C
ASCL1	NIBAN2	0.3333333333333333	C
ASCL1	NCOR2	0.3333333333333333	C
TFAP2C	TRAPPC14	0.3333333333333333	C
TFAP2C	MAP4K5	0.3333333333333333	C
TFAP2C	MAP7	0.3333333333333333	C
ASCL1	MYO7A	0.3333333333333333	C
TFAP2C	MAPKBP1	0.3333333333333333	C
ASCL1	MPRIP	0.3333333333333333	C
ASCL1	LGR6	0.3333333333333333	C
ASCL1	LFNG	0.3333333333333333	C
TFAP2C	MBD1	0.3333333333333333	C
TFAP2C	MCAM	0.3333333333333333	C
ASCL1	KALRN	0.3333333333333333	C
ASCL1	CCNY	0.3333333333333333	C
ASCL1	CPLX2	0.3333333333333333	C
ASCL1	DLGAP4	0.3333333333333333	C
TFAP2C	MIB2	0.3333333333333333	C
ASCL1	FAM13A	0.3333333333333333	C
TFAP2C	MGAT5B	0.3333333333333333	C
TFAP2C	MAB21L4	0.3333333333333333	C
TFAP2C	MESP1	0.3333333333333333	C
TFAP2C	MEF2A	0.3333333333333333	C
ASCL1	FHL2	0.3333333333333333	C
ASCL1	GOLM1	0.3333333333333333	C
TFAP2C	ME1	0.3333333333333333	C
ASCL1	HPCAL1	0.3333333333333333	C
ASCL1	IQSEC1	0.3333333333333333	C
ASCL1	FARP1	0.3333333333333333	C
ASCL1	CCDC88C	0.3333333333333333	C
TFAP2C	LZIC	0.3333333333333333	C
ASCL1	PLA2G6	0.3333333333333333	C
TFAP2C	KRT78	0.3333333333333333	C
ASCL1	TMEM132D	0.3333333333333333	C
ASCL1	TLE5	0.3333333333333333	C
ASCL1	TIAM1	0.3333333333333333	C
TFAP2C	LCNL1	0.3333333333333333	C
TFAP2C	LDAH	0.3333333333333333	C
ASCL1	TCF20	0.3333333333333333	C
TFAP2C	LETM1	0.3333333333333333	C
TFAP2C	LGI3	0.3333333333333333	C
ASCL1	TACC2	0.3333333333333333	C
TFAP2C	LHX3	0.3333333333333333	C
TFAP2C	LHX8	0.3333333333333333	C
TFAP2C	LIG3	0.3333333333333333	C
ASCL1	ST18	0.3333333333333333	C
ASCL1	SPOCK1	0.3333333333333333	C
ASCL1	SMPD3	0.3333333333333333	C
ASCL1	RUNX1	0.3333333333333333	C
TFAP2C	LTBP3	0.3333333333333333	C
TFAP2C	LSP1	0.3333333333333333	C
ASCL1	PLXNA2	0.3333333333333333	C
TFAP2C	LRRC20	0.3333333333333333	C
ASCL1	PPM1H	0.3333333333333333	C
TFAP2C	LRP10	0.3333333333333333	C
TFAP2C	LYST	0.3333333333333333	C
ASCL1	PTPRD	0.3333333333333333	C
ASCL1	RBFOX3	0.3333333333333333	C
TFAP2C	LPIN1	0.3333333333333333	C
TFAP2C	LPCAT4	0.3333333333333333	C
TFAP2C	LOXHD1	0.3333333333333333	C
ASCL1	ARK2C	0.3333333333333333	C
TFAP2C	LMO1	0.3333333333333333	C
ASCL1	PTPRT	0.3333333333333333	C
TFAP2C	MLX	0.3333333333333333	C
TFAP2C	MLXIP	0.3333333333333333	C
TFAP2C	MMP11	0.3333333333333333	C
TFAP2C	NEMP2	0.3333333333333333	C
ARNT	VGLL4	0.3333333333333333	C
ARNT	UVRAG	0.3333333333333333	C
TFAP2C	NFATC4	0.3333333333333333	C
ARNT	TTLL5	0.3333333333333333	C
TFAP2C	NHLRC3	0.3333333333333333	C
TFAP2C	NHLRC4	0.3333333333333333	C
ARNT	TRIO	0.3333333333333333	C
TFAP2C	NISCH	0.3333333333333333	C
TFAP2C	NKAIN1	0.3333333333333333	C
TFAP2C	NKAIN2	0.3333333333333333	C
TFAP2C	NKX3-2	0.3333333333333333	C
TFAP2C	NMNAT1	0.3333333333333333	C
ARNT	THSD7A	0.3333333333333333	C
TFAP2C	NNT	0.3333333333333333	C
ARNT	TENM2	0.3333333333333333	C
TFAP2C	NPAS2	0.3333333333333333	C
ARNT	SPAG9	0.3333333333333333	C
TFAP2C	OSBP2	0.3333333333333333	C
TFAP2C	OPLAH	0.3333333333333333	C
TFAP2C	OGFOD3	0.3333333333333333	C
TFAP2C	NUMA1	0.3333333333333333	C
ARNT	SPOCK1	0.3333333333333333	C
TFAP2C	NELFA	0.3333333333333333	C
TFAP2C	NT5DC3	0.3333333333333333	C
ARNT	TBC1D5	0.3333333333333333	C
ARNT	TCF12	0.3333333333333333	C
TFAP2C	NR4A3	0.3333333333333333	C
TFAP2C	NR4A2	0.3333333333333333	C
TFAP2C	NR2F6	0.3333333333333333	C
ARNT	TCF4	0.3333333333333333	C
TFAP2C	NT5DC1	0.3333333333333333	C
ARNT	VPS13B	0.3333333333333333	C
ARNT	VPS13D	0.3333333333333333	C
ARNT	WSCD1	0.3333333333333333	C
ASCL1	AGBL4	0.3333333333333333	C
ASCL1	ANK1	0.3333333333333333	C
TFAP2C	MYADM	0.3333333333333333	C
ASCL1	ARHGEF10L	0.3333333333333333	C
TFAP2C	MUC5B	0.3333333333333333	C
ASCL1	ATP11A	0.3333333333333333	C
ASCL1	ADGRG1	0.3333333333333333	C
ASCL1	BAHCC1	0.3333333333333333	C
TFAP2C	MTA1	0.3333333333333333	C
TFAP2C	MSRB3	0.3333333333333333	C
TFAP2C	MSMO1	0.3333333333333333	C
TFAP2C	MSLN	0.3333333333333333	C
ASCL1	CCDC88B	0.3333333333333333	C
TFAP2C	MORF4L1	0.3333333333333333	C
ASCL1	CCDC57	0.3333333333333333	C
ATF3	SPRED2	0.3333333333333333	C
ASCL1	ADCY5	0.3333333333333333	C
BMAL1	VPS13D	0.3333333333333333	C
BMAL1	ACAP2	0.3333333333333333	C
TFAP2C	NDRG2	0.3333333333333333	C
BMAL1	ACOXL	0.3333333333333333	C
TFAP2C	NCKIPSD	0.3333333333333333	C
BMAL1	BBC3	0.3333333333333333	C
TFAP2C	NBEAL2	0.3333333333333333	C
TFAP2C	MYLK3	0.3333333333333333	C
BMAL1	CERK	0.3333333333333333	C
TFAP2C	NADK	0.3333333333333333	C
BMAL1	PI4KA	0.3333333333333333	C
BMAL1	RPGR	0.3333333333333333	C
TFAP2C	MYOZ1	0.3333333333333333	C
BMAL1	SAMD4A	0.3333333333333333	C
BMAL1	SEMA4D	0.3333333333333333	C
BMAL1	GAS7	0.3333333333333333	C
STAT1	SSTR1	0.3333333333333333	C
TFAP2C	CAPN15	0.3333333333333333	C
ATF3	SREBF1	0.3333333333333333	C
TCF7L2	ZFHX3	0.3333333333333333	C
TCF7L2	ZMIZ1	0.3333333333333333	C
TCF7L2	ZNF703	0.3333333333333333	C
TCF7L2	ZNRF3	0.3333333333333333	C
ATF4	SLC1A5	0.3333333333333333	C
TEAD1	AFAP1	0.3333333333333333	C
TEAD1	AHNAK	0.3333333333333333	C
ATF4	SIAH1	0.3333333333333333	C
TEAD1	ANK3	0.3333333333333333	C
TEAD1	ANO6	0.3333333333333333	C
TEAD1	APBB2	0.3333333333333333	C
TEAD1	ARHGAP24	0.3333333333333333	C
TEAD1	ARHGAP29	0.3333333333333333	C
TEAD1	ARHGAP35	0.3333333333333333	C
TEAD1	ARNT2	0.3333333333333333	C
TEAD1	ASAP1	0.3333333333333333	C
TEAD1	ASAP2	0.3333333333333333	C
TEAD1	DGKB	0.3333333333333333	C
TEAD1	DENND2B	0.3333333333333333	C
TEAD1	DAAM1	0.3333333333333333	C
TEAD1	CTNNA1	0.3333333333333333	C
TEAD1	CRIM1	0.3333333333333333	C
TEAD1	CNOT1	0.3333333333333333	C
TCF7L2	WWTR1	0.3333333333333333	C
TEAD1	CLIP4	0.3333333333333333	C
TEAD1	CAST	0.3333333333333333	C
TEAD1	CAPN2	0.3333333333333333	C
TEAD1	CAMK2D	0.3333333333333333	C
TEAD1	CALD1	0.3333333333333333	C
TEAD1	CACNA2D1	0.3333333333333333	C
TEAD1	BCAR3	0.3333333333333333	C
TEAD1	CLIC5	0.3333333333333333	C
TEAD1	DLC1	0.3333333333333333	C
TCF7L2	TLE3	0.3333333333333333	C
TCF7L2	TIAM2	0.3333333333333333	C
TCF7L2	ETV1	0.3333333333333333	C
TCF7L2	FAT1	0.3333333333333333	C
TCF7L2	FHAD1	0.3333333333333333	C
TCF7L2	GSN	0.3333333333333333	C
TCF7L2	GULP1	0.3333333333333333	C
TCF7L2	INPP4B	0.3333333333333333	C
TCF7L2	ITPRIP	0.3333333333333333	C
TCF7L2	KCNMA1	0.3333333333333333	C
TCF7L2	LGR6	0.3333333333333333	C
TCF7L2	LHX4	0.3333333333333333	C
TCF7L2	MBNL1	0.3333333333333333	C
TCF7L2	MEIS2	0.3333333333333333	C
TCF7L2	MID1	0.3333333333333333	C
TCF7L2	MKNK2	0.3333333333333333	C
TCF7L2	NFIA	0.3333333333333333	C
TCF7L2	NKD1	0.3333333333333333	C
TCF7L2	OSBPL9	0.3333333333333333	C
TCF7L2	TGFBR3	0.3333333333333333	C
TCF7L2	TBL1XR1	0.3333333333333333	C
TCF7L2	STXBP5	0.3333333333333333	C
TCF7L2	STARD13	0.3333333333333333	C
TCF7L2	SLC39A11	0.3333333333333333	C
TCF7L2	SIL1	0.3333333333333333	C
TCF7L2	TIMP2	0.3333333333333333	C
TCF7L2	SEPTIN9	0.3333333333333333	C
TCF7L2	RHOBTB3	0.3333333333333333	C
TCF7L2	RBPJ	0.3333333333333333	C
TCF7L2	PSD3	0.3333333333333333	C
TCF7L2	PLPP3	0.3333333333333333	C
TCF7L2	PLCB4	0.3333333333333333	C
TCF7L2	PHLDB2	0.3333333333333333	C
TCF7L2	SBF2	0.3333333333333333	C
TCF7L2	DMD	0.3333333333333333	C
TEAD1	DLGAP1	0.3333333333333333	C
TEAD1	DST	0.3333333333333333	C
TEAD1	NDST1	0.3333333333333333	C
TEAD1	NEK7	0.3333333333333333	C
TEAD1	NRP2	0.3333333333333333	C
TEAD1	NRXN3	0.3333333333333333	C
ATF4	SARS1	0.3333333333333333	C
TEAD1	PALLD	0.3333333333333333	C
TEAD1	PAM	0.3333333333333333	C
TEAD1	PARD3B	0.3333333333333333	C
TEAD1	PBX1	0.3333333333333333	C
TEAD1	PCYT1A	0.3333333333333333	C
TEAD1	PDE4B	0.3333333333333333	C
TEAD1	PDE4D	0.3333333333333333	C
TEAD1	PDGFC	0.3333333333333333	C
TEAD1	PDLIM5	0.3333333333333333	C
TEAD1	PRICKLE2	0.3333333333333333	C
TEAD1	PRKAG2	0.3333333333333333	C
TEAD1	PRKCH	0.3333333333333333	C
TEAD1	SCHIP1	0.3333333333333333	C
TEAD1	SASH1	0.3333333333333333	C
TEAD1	SAMD4A	0.3333333333333333	C
TEAD1	RTN4	0.3333333333333333	C
TEAD1	RERE	0.3333333333333333	C
TEAD1	RBMS3	0.3333333333333333	C
TEAD1	NAV2	0.3333333333333333	C
TEAD1	RBMS1	0.3333333333333333	C
TEAD1	RASAL2	0.3333333333333333	C
TEAD1	RARB	0.3333333333333333	C
TEAD1	RAPGEF2	0.3333333333333333	C
TEAD1	PTPRM	0.3333333333333333	C
TEAD1	PTPN14	0.3333333333333333	C
TEAD1	PRUNE2	0.3333333333333333	C
TEAD1	RB1CC1	0.3333333333333333	C
TEAD1	DNMBP	0.3333333333333333	C
TEAD1	MYLK	0.3333333333333333	C
TEAD1	MBNL2	0.3333333333333333	C
TEAD1	EGFR	0.3333333333333333	C
TEAD1	EML1	0.3333333333333333	C
TEAD1	EPS8	0.3333333333333333	C
TEAD1	EXT1	0.3333333333333333	C
TEAD1	FHIP1A	0.3333333333333333	C
TEAD1	FAT1	0.3333333333333333	C
TEAD1	FEZ2	0.3333333333333333	C
TEAD1	FHL2	0.3333333333333333	C
TEAD1	FLNB	0.3333333333333333	C
TEAD1	FMN2	0.3333333333333333	C
TEAD1	FRMD6	0.3333333333333333	C
TEAD1	FTO	0.3333333333333333	C
TEAD1	GMDS	0.3333333333333333	C
TEAD1	GULP1	0.3333333333333333	C
TEAD1	HDAC9	0.3333333333333333	C
TEAD1	INPP4B	0.3333333333333333	C
ATF4	SECISBP2	0.3333333333333333	C
TEAD1	MBNL1	0.3333333333333333	C
TEAD1	MAML2	0.3333333333333333	C
TEAD1	MACF1	0.3333333333333333	C
TEAD1	LPP	0.3333333333333333	C
TEAD1	LIMCH1	0.3333333333333333	C
TEAD1	LAMC2	0.3333333333333333	C
TEAD1	MICAL2	0.3333333333333333	C
TEAD1	LAMC1	0.3333333333333333	C
TEAD1	KIF13A	0.3333333333333333	C
TEAD1	KDM4C	0.3333333333333333	C
TEAD1	KCNMA1	0.3333333333333333	C
TEAD1	JCAD	0.3333333333333333	C
TEAD1	ITSN1	0.3333333333333333	C
TEAD1	ITGB1	0.3333333333333333	C
TEAD1	KTN1	0.3333333333333333	C
TEAD1	SEMA3C	0.3333333333333333	C
TCF7L2	CRIM1	0.3333333333333333	C
TCF7L2	CACHD1	0.3333333333333333	C
ATF4	STS	0.3333333333333333	C
TCF4	IL33	0.3333333333333333	C
TCF4	NHSL3	0.3333333333333333	C
TCF4	LIMA1	0.3333333333333333	C
TCF4	LIMCH1	0.3333333333333333	C
TCF4	LNX1	0.3333333333333333	C
TCF4	MAML2	0.3333333333333333	C
TCF4	NAALADL2	0.3333333333333333	C
TCF4	NR3C2	0.3333333333333333	C
TCF4	OXR1	0.3333333333333333	C
TCF4	PCDH1	0.3333333333333333	C
TCF4	PHACTR2	0.3333333333333333	C
TCF4	PLCB1	0.3333333333333333	C
TCF4	PLEKHG1	0.3333333333333333	C
TCF4	PRKCH	0.3333333333333333	C
TCF4	PRR5L	0.3333333333333333	C
TCF4	SLC25A28	0.3333333333333333	C
TCF4	UTRN	0.3333333333333333	C
TCF4	USP3	0.3333333333333333	C
TCF4	TRPS1	0.3333333333333333	C
TCF4	TRPC6	0.3333333333333333	C
TCF4	TRIO	0.3333333333333333	C
TCF4	TMEM131	0.3333333333333333	C
TCF4	GOLIM4	0.3333333333333333	C
TCF4	TGIF1	0.3333333333333333	C
TCF4	TEAD1	0.3333333333333333	C
TCF4	TBL1XR1	0.3333333333333333	C
TCF4	SULT1C4	0.3333333333333333	C
TCF4	ST14	0.3333333333333333	C
ATF4	WHR1	0.3333333333333333	C
TCF4	SPRED2	0.3333333333333333	C
TEAD1	TCF4	0.3333333333333333	C
TCF4	YAP1	0.3333333333333333	C
TCF4	GLS	0.3333333333333333	C
TCF4	FGD5	0.3333333333333333	C
TCF3	TBC1D1	0.3333333333333333	C
TCF3	TBC1D14	0.3333333333333333	C
TCF3	TBCD	0.3333333333333333	C
TCF3	TFEB	0.3333333333333333	C
TCF3	TMC6	0.3333333333333333	C
TCF3	TNK2	0.3333333333333333	C
TCF3	TNRC18	0.3333333333333333	C
TCF3	TOP1MT	0.3333333333333333	C
TCF3	TPM4	0.3333333333333333	C
TCF3	TRABD	0.3333333333333333	C
TCF3	TTC7A	0.3333333333333333	C
TCF3	UMODL1	0.3333333333333333	C
TCF3	UPF1	0.3333333333333333	C
ATF4	SYBU	0.3333333333333333	C
TCF3	VOPP1	0.3333333333333333	C
TCF3	ZNF395	0.3333333333333333	C
TCF4	ADD3	0.3333333333333333	C
TCF4	ERI3	0.3333333333333333	C
TCF4	EPHA6	0.3333333333333333	C
TCF4	EPB41L2	0.3333333333333333	C
TCF4	EPB41L1	0.3333333333333333	C
TCF4	EHBP1	0.3333333333333333	C
TCF4	DAAM1	0.3333333333333333	C
TCF4	FRMD3	0.3333333333333333	C
TCF4	CHN2	0.3333333333333333	C
TCF4	CDK6	0.3333333333333333	C
TCF4	CD9	0.3333333333333333	C
TCF4	ATP8B1	0.3333333333333333	C
TCF4	ASAP2	0.3333333333333333	C
TCF4	ARID5B	0.3333333333333333	C
TCF4	AREG	0.3333333333333333	C
TCF4	CEP112	0.3333333333333333	C
TCF7L2	CHD2	0.3333333333333333	C
TCF4	ZBTB7B	0.3333333333333333	C
TCF7	ANKRD28	0.3333333333333333	C
TCF7	QPCT	0.3333333333333333	C
TCF7	RGS6	0.3333333333333333	C
TCF7	RHOH	0.3333333333333333	C
TCF7	RIN3	0.3333333333333333	C
TCF7	RTN4	0.3333333333333333	C
TCF7	SKAP1	0.3333333333333333	C
TCF7	SOX6	0.3333333333333333	C
TCF7	SP100	0.3333333333333333	C
TCF7	SP140	0.3333333333333333	C
ATF4	SLC38A1	0.3333333333333333	C
TCF7	TGFBR3	0.3333333333333333	C
TCF7	TNFRSF11B	0.3333333333333333	C
TCF7	TNFRSF19	0.3333333333333333	C
TCF7	TRIO	0.3333333333333333	C
TCF7	USP48	0.3333333333333333	C
TCF7	WNK1	0.3333333333333333	C
TCF7	ZBTB20	0.3333333333333333	C
TCF7L2	BIRC3	0.3333333333333333	C
TCF7L2	ASAP1	0.3333333333333333	C
TCF7L2	ARHGAP32	0.3333333333333333	C
TCF7L2	ARHGAP29	0.3333333333333333	C
TCF7L2	ANKRD28	0.3333333333333333	C
TCF7L2	ALCAM	0.3333333333333333	C
TCF7	PTPRC	0.3333333333333333	C
TCF7L2	ADGRV1	0.3333333333333333	C
TCF7L1	NKD1	0.3333333333333333	C
TCF7L1	MITF	0.3333333333333333	C
TCF7L1	CCND1	0.3333333333333333	C
TCF7L1	BIRC3	0.3333333333333333	C
TCF7L1	AXIN2	0.3333333333333333	C
TCF7	ZFPM2	0.3333333333333333	C
TCF7L2	ABR	0.3333333333333333	C
TCF4	ZNF608	0.3333333333333333	C
TCF7	PRR5L	0.3333333333333333	C
TCF7	PHACTR1	0.3333333333333333	C
TCF7	ANTXR2	0.3333333333333333	C
TCF7	ARHGAP15	0.3333333333333333	C
ATF4	SLC6A9	0.3333333333333333	C
TCF7	BIRC3	0.3333333333333333	C
TCF7	CAMK4	0.3333333333333333	C
ATF4	SLC44A3	0.3333333333333333	C
TCF7	CD86	0.3333333333333333	C
TCF7	CDK17	0.3333333333333333	C
TCF7	CDYL	0.3333333333333333	C
TCF7	CORO1C	0.3333333333333333	C
TCF7	CPPED1	0.3333333333333333	C
TCF7	DMD	0.3333333333333333	C
TCF7	DOCK10	0.3333333333333333	C
TCF7	DST	0.3333333333333333	C
TCF7	DTNB	0.3333333333333333	C
TCF7	ERAP2	0.3333333333333333	C
TCF7	FYB1	0.3333333333333333	C
TCF7	PDE7A	0.3333333333333333	C
TCF7	NUMB	0.3333333333333333	C
TCF7	NKD1	0.3333333333333333	C
TCF7	MMP20	0.3333333333333333	C
TCF7	MARCHF8	0.3333333333333333	C
TCF7	MAP3K1	0.3333333333333333	C
TCF7	PLEC	0.3333333333333333	C
ATF4	SLC3A2	0.3333333333333333	C
TCF7	IKZF3	0.3333333333333333	C
TCF7	IKZF1	0.3333333333333333	C
TCF7	HBS1L	0.3333333333333333	C
TCF7	GTF2F2	0.3333333333333333	C
TCF7	GRM7	0.3333333333333333	C
TCF7	GPR15	0.3333333333333333	C
TCF7	KCNK1	0.3333333333333333	C
TEAD1	SEMA3D	0.3333333333333333	C
TEAD1	SH3BP4	0.3333333333333333	C
TEAD1	SHROOM3	0.3333333333333333	C
TFAP2A	SYT12	0.3333333333333333	C
TFAP2A	TIAM1	0.3333333333333333	C
TFAP2A	TNS3	0.3333333333333333	C
TFAP2A	TTC6	0.3333333333333333	C
TFAP2A	UMODL1	0.3333333333333333	C
TFAP2A	UNC5A	0.3333333333333333	C
TFAP2A	WNT5B	0.3333333333333333	C
TFAP2A	ZBTB7B	0.3333333333333333	C
TFAP2C	A2ML1	0.3333333333333333	C
ATF4	NCOA7	0.3333333333333333	C
TFAP2C	ABCB10	0.3333333333333333	C
TFAP2C	ABCG2	0.3333333333333333	C
ATF4	MRPS15	0.3333333333333333	C
TFAP2C	ABR	0.3333333333333333	C
TFAP2C	ACADVL	0.3333333333333333	C
ATF4	MRPL33	0.3333333333333333	C
ATF4	MFAP4	0.3333333333333333	C
TFAP2C	AIPL1	0.3333333333333333	C
TFAP2C	AHNAK2	0.3333333333333333	C
ATF4	GZF1	0.3333333333333333	C
ATF4	HDLBP	0.3333333333333333	C
ATF4	HERPUD1	0.3333333333333333	C
ATF4	HSPB6	0.3333333333333333	C
TFAP2A	SYNE2	0.3333333333333333	C
ATF4	INPP5B	0.3333333333333333	C
TFAP2C	ADORA2A	0.3333333333333333	C
ATF4	JDP2	0.3333333333333333	C
TFAP2C	ADGRB3	0.3333333333333333	C
ATF4	LARP1	0.3333333333333333	C
ATF4	LRIF1	0.3333333333333333	C
TFAP2C	ADAMTSL5	0.3333333333333333	C
TFAP2C	ADTRP	0.3333333333333333	C
TFAP2C	AJAP1	0.3333333333333333	C
TFAP2A	STK10	0.3333333333333333	C
TFAP2A	SREBF1	0.3333333333333333	C
ATF4	RAB37	0.3333333333333333	C
TFAP2A	GNAI2	0.3333333333333333	C
TFAP2A	GRB7	0.3333333333333333	C
ATF4	PYCR1	0.3333333333333333	C
TFAP2A	HRAS	0.3333333333333333	C
ATF4	PROSER2	0.3333333333333333	C
ATF4	PPP1R15B	0.3333333333333333	C
TFAP2A	ITGB4	0.3333333333333333	C
ATF4	PLEKHH3	0.3333333333333333	C
ATF4	PHGDH	0.3333333333333333	C
TFAP2A	KCMF1	0.3333333333333333	C
TFAP2A	KIAA1217	0.3333333333333333	C
ATF4	PDAP1	0.3333333333333333	C
TFAP2A	LLGL2	0.3333333333333333	C
TFAP2A	LPIN1	0.3333333333333333	C
TFAP2A	MARCHF10	0.3333333333333333	C
TFAP2A	MTA1	0.3333333333333333	C
ATF4	NOX3	0.3333333333333333	C
TFAP2A	SDC1	0.3333333333333333	C
TFAP2A	SCNN1B	0.3333333333333333	C
TFAP2A	RARG	0.3333333333333333	C
TFAP2A	RAPGEF1	0.3333333333333333	C
TFAP2A	PTK6	0.3333333333333333	C
TFAP2A	SRMS	0.3333333333333333	C
ATF4	P4HB	0.3333333333333333	C
TFAP2A	PPFIA3	0.3333333333333333	C
TFAP2A	POU2F3	0.3333333333333333	C
TFAP2A	PLEC	0.3333333333333333	C
TFAP2A	PACSIN2	0.3333333333333333	C
TFAP2A	PA2G4	0.3333333333333333	C
TFAP2A	NFASC	0.3333333333333333	C
TFAP2A	PPFIBP2	0.3333333333333333	C
TFAP2A	FGFR4	0.3333333333333333	C
ATF4	GPAM	0.3333333333333333	C
TFAP2C	ALX4	0.3333333333333333	C
ATF4	C5	0.3333333333333333	C
TFAP2C	ATP9B	0.3333333333333333	C
TFAP2C	ATXN2	0.3333333333333333	C
ATF4	BTF3L4	0.3333333333333333	C
ATF4	APLF	0.3333333333333333	C
ATF4	ANP32B	0.3333333333333333	C
TFAP2C	B4GALNT1	0.3333333333333333	C
TFAP2C	BACE2	0.3333333333333333	C
TFAP2C	BACH1	0.3333333333333333	C
ATF4	ANK2	0.3333333333333333	C
ATF4	ANGPTL8	0.3333333333333333	C
ATF4	ALG13	0.3333333333333333	C
ATF4	ALDH2	0.3333333333333333	C
ATF4	ADM2	0.3333333333333333	C
TFAP2C	BCL6	0.3333333333333333	C
ATF4	ABCG1	0.3333333333333333	C
TFAP2C	BICRA	0.3333333333333333	C
TFAP2C	CALM1	0.3333333333333333	C
ATF3	SYTL2	0.3333333333333333	C
ATF3	TOM1L2	0.3333333333333333	C
ATF3	TRIB1	0.3333333333333333	C
ATF3	TSC22D2	0.3333333333333333	C
TFAP2C	FREY1	0.3333333333333333	C
TFAP2C	ATP8A2	0.3333333333333333	C
TFAP2C	SMAP	0.3333333333333333	C
TFAP2C	BTBD1	0.3333333333333333	C
ATF3	UBC	0.3333333333333333	C
ATF3	VGLL4	0.3333333333333333	C
ATF3	VMP1	0.3333333333333333	C
ATF3	ZBTB20	0.3333333333333333	C
ATF3	ZFP36L1	0.3333333333333333	C
TFAP2C	C10orf105	0.3333333333333333	C
TFAP2C	AKAP8L	0.3333333333333333	C
ATF4	CBX4	0.3333333333333333	C
ATF4	CCDC9	0.3333333333333333	C
TFAP2C	AMMECR1L	0.3333333333333333	C
TFAP2C	AMOTL2	0.3333333333333333	C
TFAP2C	AMPD2	0.3333333333333333	C
ATF4	GOT1	0.3333333333333333	C
ATF4	GHITM	0.3333333333333333	C
ATF4	FUT1	0.3333333333333333	C
TFAP2C	ANKRD13A	0.3333333333333333	C
TFAP2C	ANKRD55	0.3333333333333333	C
TFAP2C	ANKRD6	0.3333333333333333	C
ATF4	FGG	0.3333333333333333	C
TFAP2C	ANXA11	0.3333333333333333	C
ATF4	ETFDH	0.3333333333333333	C
TFAP2C	APCDD1	0.3333333333333333	C
TFAP2C	APLP2	0.3333333333333333	C
ATF4	EPS15	0.3333333333333333	C
TFAP2C	ARFRP1	0.3333333333333333	C
ATF4	EIF4G3	0.3333333333333333	C
TFAP2C	ATG2B	0.3333333333333333	C
TFAP2C	ASNS	0.3333333333333333	C
ATF4	CHN2	0.3333333333333333	C
ATF4	CLPB	0.3333333333333333	C
ATF4	CNOT1	0.3333333333333333	C
ATF4	CSTA	0.3333333333333333	C
ATF4	CC2D2A	0.3333333333333333	C
TFAP2C	ARMCX3	0.3333333333333333	C
ATF4	DDX19B	0.3333333333333333	C
ATF4	EIF1	0.3333333333333333	C
TFAP2C	ARHGEF16	0.3333333333333333	C
ATF4	EIF2S2	0.3333333333333333	C
TFAP2C	ARHGAP40	0.3333333333333333	C
ATF4	EIF2S3	0.3333333333333333	C
TFAP2C	ARMCX1	0.3333333333333333	C
TFAP2A	EHF	0.3333333333333333	C
TFAP2A	DOK7	0.3333333333333333	C
TFAP2A	DENND3	0.3333333333333333	C
TEAD2	JMJD1C	0.3333333333333333	C
TEAD2	LAMB2	0.3333333333333333	C
TEAD2	LSM10	0.3333333333333333	C
TEAD2	MAP1S	0.3333333333333333	C
TEAD2	MPZ	0.3333333333333333	C
TEAD2	MYL12A	0.3333333333333333	C
TEAD2	PLEKHA4	0.3333333333333333	C
TEAD2	RHBDF1	0.3333333333333333	C
ATF4	RGS3	0.3333333333333333	C
TEAD2	SNRPC	0.3333333333333333	C
TEAD2	SPEG	0.3333333333333333	C
TEAD2	ST3GAL2	0.3333333333333333	C
TEAD2	TBC1D25	0.3333333333333333	C
TEAD2	TRAF4	0.3333333333333333	C
TEAD2	TRIP6	0.3333333333333333	C
TEAD2	VPS37B	0.3333333333333333	C
TEAD4	ABLIM2	0.3333333333333333	C
TEAD4	ETV6	0.3333333333333333	C
TEAD4	DLGAP1	0.3333333333333333	C
TEAD4	DGKB	0.3333333333333333	C
TEAD4	DENND2B	0.3333333333333333	C
TEAD4	DENND1A	0.3333333333333333	C
TEAD4	DAB2IP	0.3333333333333333	C
TEAD2	GALNT2	0.3333333333333333	C
TEAD4	CMIP	0.3333333333333333	C
TEAD4	BCR	0.3333333333333333	C
TEAD4	BCAR3	0.3333333333333333	C
TEAD4	ANXA2	0.3333333333333333	C
TEAD4	ALK	0.3333333333333333	C
TEAD4	ADGRL2	0.3333333333333333	C
TEAD4	ADAMTSL1	0.3333333333333333	C
TEAD4	CEMIP2	0.3333333333333333	C
TEAD4	EXT1	0.3333333333333333	C
TEAD2	FAM89A	0.3333333333333333	C
TEAD2	DNAJB5	0.3333333333333333	C
TEAD1	SMYD3	0.3333333333333333	C
TEAD1	SORBS1	0.3333333333333333	C
ATF4	S100PBP	0.3333333333333333	C
TEAD1	SORCS2	0.3333333333333333	C
TEAD1	SPIDR	0.3333333333333333	C
TEAD1	SPTBN1	0.3333333333333333	C
TEAD1	STARD13	0.3333333333333333	C
TEAD1	SVIL	0.3333333333333333	C
ATF4	RTP3	0.3333333333333333	C
TEAD1	TANC1	0.3333333333333333	C
TEAD1	TENM3	0.3333333333333333	C
TEAD1	TGFB2	0.3333333333333333	C
TEAD1	TGFBR3	0.3333333333333333	C
TEAD1	TIAM2	0.3333333333333333	C
TEAD1	TLN2	0.3333333333333333	C
TEAD1	TMEM245	0.3333333333333333	C
TEAD1	TRIO	0.3333333333333333	C
TEAD2	DLGAP4	0.3333333333333333	C
TEAD2	DHRSX	0.3333333333333333	C
TEAD2	CYBRD1	0.3333333333333333	C
TEAD2	CTDSP2	0.3333333333333333	C
TEAD2	CFI	0.3333333333333333	C
TEAD2	ATP8B2	0.3333333333333333	C
TEAD2	DTNBP1	0.3333333333333333	C
TEAD2	ATP6V1A	0.3333333333333333	C
TEAD2	AJUBA	0.3333333333333333	C
TEAD1	WWTR1	0.3333333333333333	C
TEAD1	WWC2	0.3333333333333333	C
TEAD1	VPS13D	0.3333333333333333	C
TEAD1	UBE2H	0.3333333333333333	C
TEAD1	UACA	0.3333333333333333	C
TEAD2	ASAP3	0.3333333333333333	C
TEAD4	FGFR2	0.3333333333333333	C
TEAD4	FNDC3B	0.3333333333333333	C
TEAD4	FOXO3	0.3333333333333333	C
TEAD4	RIPOR3	0.3333333333333333	C
TEAD4	RND3	0.3333333333333333	C
TEAD4	SIK3	0.3333333333333333	C
TEAD4	SORBS2	0.3333333333333333	C
TEAD4	SPIDR	0.3333333333333333	C
TEAD4	SPTB	0.3333333333333333	C
TEAD4	STK10	0.3333333333333333	C
TEAD4	TACC2	0.3333333333333333	C
TEAD4	TCF4	0.3333333333333333	C
TEAD4	TGFBI	0.3333333333333333	C
TEAD4	TGM2	0.3333333333333333	C
TEAD4	TIAM2	0.3333333333333333	C
TEAD4	TJP2	0.3333333333333333	C
TEAD4	TLE4	0.3333333333333333	C
TEAD4	TRIM2	0.3333333333333333	C
TEAD4	VMP1	0.3333333333333333	C
TEAD4	ZMYND8	0.3333333333333333	C
TFAP2A	CYP46A1	0.3333333333333333	C
TFAP2A	COL9A3	0.3333333333333333	C
TFAP2A	CELSR2	0.3333333333333333	C
TFAP2A	CALML5	0.3333333333333333	C
TFAP2A	BMP7	0.3333333333333333	C
TFAP2A	BICDL1	0.3333333333333333	C
TEAD4	RIN3	0.3333333333333333	C
TFAP2A	AUTS2	0.3333333333333333	C
TFAP2A	ATF2	0.3333333333333333	C
TFAP2A	ARHGEF10L	0.3333333333333333	C
TFAP2A	ANXA11	0.3333333333333333	C
TFAP2A	ANK3	0.3333333333333333	C
TFAP2A	AMPH	0.3333333333333333	C
TFAP2A	ABCB1	0.3333333333333333	C
TFAP2A	ATP2C2	0.3333333333333333	C
TEAD4	RBPMS	0.3333333333333333	C
TEAD4	RAI14	0.3333333333333333	C
TEAD4	RABGAP1L	0.3333333333333333	C
TEAD4	LITAF	0.3333333333333333	C
TEAD4	KRT18	0.3333333333333333	C
TEAD4	KDM4C	0.3333333333333333	C
TEAD4	KAZN	0.3333333333333333	C
TEAD4	ITPR1	0.3333333333333333	C
TEAD4	IQSEC1	0.3333333333333333	C
TEAD4	MACF1	0.3333333333333333	C
TEAD4	IL1R1	0.3333333333333333	C
TEAD4	HIVEP3	0.3333333333333333	C
TEAD4	HDAC9	0.3333333333333333	C
TEAD4	GTDC1	0.3333333333333333	C
TEAD4	GMDS	0.3333333333333333	C
TEAD4	GLIS3	0.3333333333333333	C
TEAD4	GALNT2	0.3333333333333333	C
TEAD4	HSPG2	0.3333333333333333	C
TFAP2C	CAPN12	0.3333333333333333	C
TEAD4	MAML2	0.3333333333333333	C
TEAD4	MID1	0.3333333333333333	C
TEAD4	PTPRJ	0.3333333333333333	C
TEAD4	PRKCH	0.3333333333333333	C
TEAD4	PLXNA2	0.3333333333333333	C
TEAD4	PLCL1	0.3333333333333333	C
TEAD4	PICALM	0.3333333333333333	C
TEAD4	PHLPP1	0.3333333333333333	C
TEAD4	MAP4K4	0.3333333333333333	C
TEAD4	PHLDB2	0.3333333333333333	C
TEAD4	PDGFC	0.3333333333333333	C
TEAD4	PDE4B	0.3333333333333333	C
TEAD4	NIBAN2	0.3333333333333333	C
TEAD4	NEK6	0.3333333333333333	C
TEAD4	MYH9	0.3333333333333333	C
TEAD4	MPZL1	0.3333333333333333	C
TEAD4	PDLIM1	0.3333333333333333	C
PKNOX1	HIP1	0.3333333333333333	C
NR2C2	SMARCD2	0.3333333333333333	C
PKNOX1	GATAD2A	0.3333333333333333	C
EGR1	KCNMB4	0.3333333333333333	C
GATA2	AP2B1	0.3333333333333333	C
GATA2	AP4E1	0.3333333333333333	C
ZNF83	SND1	0.3333333333333333	C
EGR1	KCNK13	0.3333333333333333	C
EGR1	KCNJ11	0.3333333333333333	C
GATA2	ARHGAP25	0.3333333333333333	C
GATA2	ARHGAP36	0.3333333333333333	C
EGR1	KBTBD2	0.3333333333333333	C
EGR1	JUND	0.3333333333333333	C
GATA2	ARID1A	0.3333333333333333	C
EGR1	JPH3	0.3333333333333333	C
EGR1	JDP2	0.3333333333333333	C
GATA2	ATF3	0.3333333333333333	C
GATA2	ATP11C	0.3333333333333333	C
GATA2	ATP2C1	0.3333333333333333	C
GATA2	ATP8B2	0.3333333333333333	C
GATA2	BTBD3	0.3333333333333333	C
GATA2	BPGM	0.3333333333333333	C
EGR1	ITM2B	0.3333333333333333	C
GATA2	BMP6	0.3333333333333333	C
GATA2	BMP10	0.3333333333333333	C
GATA2	BMERB1	0.3333333333333333	C
EGR1	KCNQ1	0.3333333333333333	C
GATA2	BHLHE40	0.3333333333333333	C
EGR1	JAKMIP1	0.3333333333333333	C
GATA2	BCAR1	0.3333333333333333	C
GATA2	BBS9	0.3333333333333333	C
GATA2	BABAM2	0.3333333333333333	C
GATA2	BAALC	0.3333333333333333	C
EGR1	JAZF1	0.3333333333333333	C
EGR1	JADE1	0.3333333333333333	C
EGR1	KCTD11	0.3333333333333333	C
EGR1	KDELR3	0.3333333333333333	C
GATA2	AMIGO2	0.3333333333333333	C
GATA1	XPO7	0.3333333333333333	C
GATA1	UVRAG	0.3333333333333333	C
GATA1	USP6NL	0.3333333333333333	C
GATA1	UBR3	0.3333333333333333	C
GATA1	TRPS1	0.3333333333333333	C
GATA1	TNR	0.3333333333333333	C
GATA2	ABCA8	0.3333333333333333	C
GATA1	TANC2	0.3333333333333333	C
GATA1	SLC40A1	0.3333333333333333	C
GATA1	SKAP1	0.3333333333333333	C
GATA1	SEMA4D	0.3333333333333333	C
GATA1	SCMH1	0.3333333333333333	C
GATA1	RGS3	0.3333333333333333	C
GATA1	RABGAP1L	0.3333333333333333	C
GATA1	STON2	0.3333333333333333	C
GATA2	BUD13	0.3333333333333333	C
GATA2	ABCC1	0.3333333333333333	C
GATA2	ABHD4	0.3333333333333333	C
GATA2	ALDH1L1	0.3333333333333333	C
EGR1	KDM7A	0.3333333333333333	C
GATA2	AICDA	0.3333333333333333	C
EGR1	KLC3	0.3333333333333333	C
GATA2	AHCYL2	0.3333333333333333	C
GATA2	ADORA1	0.3333333333333333	C
GATA2	ABCC5	0.3333333333333333	C
EGR1	KLHDC7B	0.3333333333333333	C
GATA2	ADAMTS18	0.3333333333333333	C
GATA2	ACSS2	0.3333333333333333	C
GATA2	ACRBP	0.3333333333333333	C
EGR1	KLHL32	0.3333333333333333	C
EGR1	KMT2B	0.3333333333333333	C
EGR1	KNCN	0.3333333333333333	C
EGR1	KLHL22	0.3333333333333333	C
GATA2	FIRRM	0.3333333333333333	C
GATA2	EPCIP	0.3333333333333333	C
GATA2	C5orf58	0.3333333333333333	C
GATA2	DNHD1	0.3333333333333333	C
GATA2	DNAJC9	0.3333333333333333	C
EGR1	HES6	0.3333333333333333	C
EGR1	HIPK2	0.3333333333333333	C
EGR1	HLF	0.3333333333333333	C
GATA2	DIP2A	0.3333333333333333	C
GATA2	DNMBP	0.3333333333333333	C
GATA2	DEPDC5	0.3333333333333333	C
GATA2	DDX20	0.3333333333333333	C
GATA2	DCAF8L1	0.3333333333333333	C
GATA2	CYTL1	0.3333333333333333	C
GATA2	CYB561	0.3333333333333333	C
EGR1	HOXB13	0.3333333333333333	C
GATA2	CSRNP3	0.3333333333333333	C
EGR1	HMGB1	0.3333333333333333	C
EGR1	HRAS	0.3333333333333333	C
EGR1	HES2	0.3333333333333333	C
GATA2	DOCK9	0.3333333333333333	C
GATA2	EML1	0.3333333333333333	C
EGR1	GKAP1	0.3333333333333333	C
GATA2	ELF1	0.3333333333333333	C
EGR1	GMIP	0.3333333333333333	C
EGR1	GNG4	0.3333333333333333	C
EGR1	GNG7	0.3333333333333333	C
EGR1	HECW1	0.3333333333333333	C
EGR1	GPR157	0.3333333333333333	C
EGR1	GRIN2C	0.3333333333333333	C
EGR1	GRINA	0.3333333333333333	C
EGR1	GRTP1	0.3333333333333333	C
GATA2	DUS2	0.3333333333333333	C
EGR1	H6PD	0.3333333333333333	C
EGR1	HBM	0.3333333333333333	C
EGR1	GPRC5B	0.3333333333333333	C
GATA1	PACSIN2	0.3333333333333333	C
GATA2	CRIP1	0.3333333333333333	C
GATA2	CPOX	0.3333333333333333	C
EGR1	INTS10	0.3333333333333333	C
GATA2	CCL5	0.3333333333333333	C
GATA2	CCL1	0.3333333333333333	C
GATA2	CCKBR	0.3333333333333333	C
GATA2	CCIN	0.3333333333333333	C
GATA2	CCDC80	0.3333333333333333	C
EGR1	INPP5J	0.3333333333333333	C
GATA2	CBY2	0.3333333333333333	C
GATA2	CASZ1	0.3333333333333333	C
EGR1	ITGAV	0.3333333333333333	C
GATA2	CAPN1	0.3333333333333333	C
GATA2	CALML3	0.3333333333333333	C
EGR1	ITGB1	0.3333333333333333	C
GATA2	CADM2	0.3333333333333333	C
EGR1	IRGC	0.3333333333333333	C
EGR1	HSP90AA1	0.3333333333333333	C
EGR1	INCENP	0.3333333333333333	C
EGR1	IMPDH1	0.3333333333333333	C
EGR1	HSPG2	0.3333333333333333	C
GATA2	COL21A1	0.3333333333333333	C
EGR1	IFT88	0.3333333333333333	C
GATA2	CNDP1	0.3333333333333333	C
EGR1	IGF2R	0.3333333333333333	C
GATA2	CMPK2	0.3333333333333333	C
GATA2	CELF2	0.3333333333333333	C
GATA2	CLIP4	0.3333333333333333	C
GATA2	CLDN14	0.3333333333333333	C
GATA2	CHSY1	0.3333333333333333	C
EGR1	IGLON5	0.3333333333333333	C
GATA2	CFLAR	0.3333333333333333	C
GATA2	CETN2	0.3333333333333333	C
EGR1	IL1R1	0.3333333333333333	C
EGR1	IGFBP4	0.3333333333333333	C
EGR1	GJA3	0.3333333333333333	C
GATA1	MXI1	0.3333333333333333	C
GATA1	KAZN	0.3333333333333333	C
FOXP2	CDKN1A	0.3333333333333333	C
FOXP2	DIP2C	0.3333333333333333	C
FOXP2	FOXO3	0.3333333333333333	C
FOXP2	FOXP1	0.3333333333333333	C
FOXP2	FYN	0.3333333333333333	C
FOXP2	GNAS	0.3333333333333333	C
FOXP2	HIVEP3	0.3333333333333333	C
FOXP2	IGF1R	0.3333333333333333	C
FOXP2	KLHL23	0.3333333333333333	C
FOXP2	MEIS2	0.3333333333333333	C
FOXP2	MGAT1	0.3333333333333333	C
FOXP2	MXI1	0.3333333333333333	C
FOXP2	NECTIN2	0.3333333333333333	C
FOXP2	NETO1	0.3333333333333333	C
FOXP2	NR3C1	0.3333333333333333	C
FOXP2	PBX1	0.3333333333333333	C
FOXP2	PLEKHA5	0.3333333333333333	C
FOXP2	ZNF395	0.3333333333333333	C
FOXP2	ZBTB4	0.3333333333333333	C
FOXP2	TRIO	0.3333333333333333	C
FOXP2	TGIF1	0.3333333333333333	C
FOXP2	TFAP4	0.3333333333333333	C
FOXP2	TCF4	0.3333333333333333	C
FOXP2	ARHGEF4	0.3333333333333333	C
FOXP2	STAT1	0.3333333333333333	C
FOXP2	SLC1A5	0.3333333333333333	C
FOXP2	RUNX1	0.3333333333333333	C
FOXP2	RORA	0.3333333333333333	C
FOXP2	RIPOR1	0.3333333333333333	C
FOXP2	RBFOX2	0.3333333333333333	C
FOXP2	PTCH1	0.3333333333333333	C
FOXP2	SLC8A2	0.3333333333333333	C
FOXP2	ACOT7	0.3333333333333333	C
FOXP1	ZSWIM4	0.3333333333333333	C
FOXP1	ZNRF1	0.3333333333333333	C
EGR1	LRRC27	0.3333333333333333	C
FOXP1	VCAN	0.3333333333333333	C
FOXP1	VARS2	0.3333333333333333	C
EGR1	LRRC4C	0.3333333333333333	C
FOXP1	USP25	0.3333333333333333	C
FOXP1	UCHL3	0.3333333333333333	C
EGR1	LRFN5	0.3333333333333333	C
FOXP1	UBR2	0.3333333333333333	C
FOXP1	TTN	0.3333333333333333	C
FOXP1	TTC21B	0.3333333333333333	C
FOXP1	TRPC4AP	0.3333333333333333	C
FOXP1	TRIO	0.3333333333333333	C
FOXP1	TRIB2	0.3333333333333333	C
FOXP1	TRERF1	0.3333333333333333	C
EGR1	LSM14B	0.3333333333333333	C
GABPA	AAK1	0.3333333333333333	C
FOXP1	VPS13D	0.3333333333333333	C
EGR1	LRATD2	0.3333333333333333	C
ZNF740	FOXP1	0.3333333333333333	C
FOXP1	ZNF638	0.3333333333333333	C
ZNF384	FOXP1	0.3333333333333333	C
FOXP1	ZNF329	0.3333333333333333	C
EGR1	LHX2	0.3333333333333333	C
FOXP1	ZFYVE9	0.3333333333333333	C
FOXP1	VPS35L	0.3333333333333333	C
FOXP1	ZFHX4	0.3333333333333333	C
EGR1	LMBR1	0.3333333333333333	C
EGR1	LMF1	0.3333333333333333	C
FOXP1	YIPF4	0.3333333333333333	C
FOXP1	XPO7	0.3333333333333333	C
FOXP1	WBP1L	0.3333333333333333	C
FOXP1	VPS4A	0.3333333333333333	C
EGR1	LIMS2	0.3333333333333333	C
GABPA	ACTB	0.3333333333333333	C
GABPA	ARHGEF4	0.3333333333333333	C
GABPA	ARHGEF7	0.3333333333333333	C
GATA1	ARID5B	0.3333333333333333	C
GATA1	ARID1A	0.3333333333333333	C
GATA1	ARHGAP21	0.3333333333333333	C
GATA1	ANK1	0.3333333333333333	C
GATA1	AMOTL1	0.3333333333333333	C
GATA1	AMBRA1	0.3333333333333333	C
GATA1	BHLHE40	0.3333333333333333	C
GABPA	ZNF280D	0.3333333333333333	C
GABPA	VPS53	0.3333333333333333	C
GABPA	VPS13B	0.3333333333333333	C
GABPA	UBR4	0.3333333333333333	C
GABPA	TSNARE1	0.3333333333333333	C
GABPA	TRAPPC10	0.3333333333333333	C
GABPA	TM9SF3	0.3333333333333333	C
GABPA	WDR37	0.3333333333333333	C
GABPA	TCF12	0.3333333333333333	C
GATA1	CAST	0.3333333333333333	C
GATA1	DEPDC5	0.3333333333333333	C
GATA1	INPP5D	0.3333333333333333	C
GATA1	HERC1	0.3333333333333333	C
EGR1	LAMA1	0.3333333333333333	C
GATA1	GNA12	0.3333333333333333	C
GATA1	GCLC	0.3333333333333333	C
GATA1	GALNT2	0.3333333333333333	C
GATA1	CLEC16A	0.3333333333333333	C
GATA1	FYN	0.3333333333333333	C
GATA1	FLNB	0.3333333333333333	C
GATA1	FHL2	0.3333333333333333	C
GATA1	ELMO1	0.3333333333333333	C
GATA1	ELF1	0.3333333333333333	C
GATA1	DYRK1A	0.3333333333333333	C
GATA1	DST	0.3333333333333333	C
GATA1	FOXP1	0.3333333333333333	C
GATA1	MTSS1	0.3333333333333333	C
GABPA	TBC1D5	0.3333333333333333	C
GABPA	SEC31A	0.3333333333333333	C
GABPA	IPO11	0.3333333333333333	C
GABPA	FRYL	0.3333333333333333	C
GABPA	EXOC6	0.3333333333333333	C
GABPA	ERCC1	0.3333333333333333	C
GABPA	ELOVL6	0.3333333333333333	C
GABPA	EFR3A	0.3333333333333333	C
GABPA	LARP4B	0.3333333333333333	C
GABPA	DOCK4	0.3333333333333333	C
GABPA	CCDC171	0.3333333333333333	C
GABPA	CBX8	0.3333333333333333	C
GABPA	CAP1	0.3333333333333333	C
GABPA	BICRAL	0.3333333333333333	C
GABPA	ASPSCR1	0.3333333333333333	C
GABPA	ARPC5L	0.3333333333333333	C
GABPA	DLG1	0.3333333333333333	C
GABPA	STIM2	0.3333333333333333	C
GABPA	LSM4	0.3333333333333333	C
GABPA	MARK2	0.3333333333333333	C
GABPA	RNF38	0.3333333333333333	C
GABPA	RABGEF1	0.3333333333333333	C
GABPA	PTTG1IP	0.3333333333333333	C
GABPA	PTPN12	0.3333333333333333	C
GABPA	PTK2B	0.3333333333333333	C
GABPA	PNKP	0.3333333333333333	C
GABPA	MAD2L1BP	0.3333333333333333	C
GABPA	OXR1	0.3333333333333333	C
GABPA	NIPBL	0.3333333333333333	C
GABPA	NFIB	0.3333333333333333	C
GABPA	NEK7	0.3333333333333333	C
GABPA	NCOA2	0.3333333333333333	C
GABPA	MED15	0.3333333333333333	C
GABPA	MBNL1	0.3333333333333333	C
GABPA	NSD3	0.3333333333333333	C
FOXP1	TPRG1L	0.3333333333333333	C
GATA2	EPG5	0.3333333333333333	C
EGR1	GGN	0.3333333333333333	C
EGR1	CAMKK2	0.3333333333333333	C
GATA2	PRKCQ	0.3333333333333333	C
EGR1	CACNA2D1	0.3333333333333333	C
EGR1	CACNA1A	0.3333333333333333	C
EGR1	CABLES1	0.3333333333333333	C
GATA2	PSEN1	0.3333333333333333	C
EGR1	DNAAF9	0.3333333333333333	C
GATA2	PTPN7	0.3333333333333333	C
EGR1	C1QL4	0.3333333333333333	C
GATA2	RAB30	0.3333333333333333	C
GATA2	RABEP2	0.3333333333333333	C
GATA2	RABGAP1L	0.3333333333333333	C
EGR1	C14orf132	0.3333333333333333	C
EGR1	C10orf53	0.3333333333333333	C
EGR1	BZW1	0.3333333333333333	C
EGR1	BMP8B	0.3333333333333333	C
EGR1	BICDL1	0.3333333333333333	C
GATA2	SCN8A	0.3333333333333333	C
EGR1	B3GALT5	0.3333333333333333	C
EGR1	B3GAT1	0.3333333333333333	C
EGR1	B4GALNT3	0.3333333333333333	C
EGR1	BACE2	0.3333333333333333	C
GATA2	RUSF1	0.3333333333333333	C
EGR1	CAMSAP2	0.3333333333333333	C
GATA2	RTN1	0.3333333333333333	C
GATA2	RRAGC	0.3333333333333333	C
GATA2	RPS27A	0.3333333333333333	C
GATA2	RNASE4	0.3333333333333333	C
EGR1	BCAS4	0.3333333333333333	C
GATA2	RHOBTB1	0.3333333333333333	C
GATA2	RGS3	0.3333333333333333	C
GATA2	RRP12	0.3333333333333333	C
GATA2	PPP6R3	0.3333333333333333	C
EGR1	CAPZB	0.3333333333333333	C
GATA2	PPP1R3A	0.3333333333333333	C
GATA2	PGAP1	0.3333333333333333	C
GATA2	PFDN1	0.3333333333333333	C
GATA2	PEX7	0.3333333333333333	C
EGR1	CDC42BPG	0.3333333333333333	C
EGR1	CDH24	0.3333333333333333	C
EGR1	CEP72	0.3333333333333333	C
EGR1	CD276	0.3333333333333333	C
EGR1	CFAP300	0.3333333333333333	C
EGR1	CHD5	0.3333333333333333	C
EGR1	CHID1	0.3333333333333333	C
GATA2	P2RY2	0.3333333333333333	C
EGR1	CHST2	0.3333333333333333	C
EGR1	CHST9	0.3333333333333333	C
EGR1	CHTF18	0.3333333333333333	C
EGR1	CHAF1B	0.3333333333333333	C
GATA2	SCN9A	0.3333333333333333	C
EGR1	CCNT1	0.3333333333333333	C
EGR1	CCK	0.3333333333333333	C
GATA2	PPM1L	0.3333333333333333	C
EGR1	CASP9	0.3333333333333333	C
GATA2	PPA2	0.3333333333333333	C
ETV6	RUNX1	0.3333333333333333	C
GATA2	PLEKHA6	0.3333333333333333	C
GATA2	PLEKHA5	0.3333333333333333	C
EGR1	CCM2	0.3333333333333333	C
EGR1	CBX2	0.3333333333333333	C
GATA2	PKIB	0.3333333333333333	C
GATA2	PISD	0.3333333333333333	C
EGR1	CCDC180	0.3333333333333333	C
EGR1	CCDC78	0.3333333333333333	C
GATA2	PIK3CB	0.3333333333333333	C
EGR1	CCDC92	0.3333333333333333	C
GATA2	PKNOX2	0.3333333333333333	C
GATA2	SEC24D	0.3333333333333333	C
GATA2	SEC62	0.3333333333333333	C
EGR1	AXIN1	0.3333333333333333	C
EGR1	AEBP2	0.3333333333333333	C
EGR1	AIG1	0.3333333333333333	C
GATA2	TBC1D22A	0.3333333333333333	C
GATA2	TASP1	0.3333333333333333	C
EGR1	AKAP12	0.3333333333333333	C
GATA2	TANC2	0.3333333333333333	C
EGR1	ADD3	0.3333333333333333	C
EGR1	AKT2	0.3333333333333333	C
EGR1	ALPL	0.3333333333333333	C
GATA2	SYNRG	0.3333333333333333	C
GATA2	SYNE2	0.3333333333333333	C
EGR1	ANK1	0.3333333333333333	C
EGR1	ANKRD50	0.3333333333333333	C
GATA2	STON2	0.3333333333333333	C
EGR1	ALKBH6	0.3333333333333333	C
EGR1	ANXA5	0.3333333333333333	C
EGR1	ADAMTSL2	0.3333333333333333	C
GATA2	TMBIM1	0.3333333333333333	C
GATA2	TPM4	0.3333333333333333	C
EBF1	UTRN	0.3333333333333333	C
EBF1	WNT5B	0.3333333333333333	C
GATA2	TNS4	0.3333333333333333	C
EGR1	ABCB4	0.3333333333333333	C
EGR1	ABCC12	0.3333333333333333	C
GATA2	TLR2	0.3333333333333333	C
EGR1	ABHD6	0.3333333333333333	C
GATA2	TNFSF10	0.3333333333333333	C
GATA2	TMPRSS6	0.3333333333333333	C
GATA2	TMEM91	0.3333333333333333	C
GATA2	TMEM87B	0.3333333333333333	C
GATA2	TMEM140	0.3333333333333333	C
GATA2	TMCO5A	0.3333333333333333	C
GATA2	TNFSF4	0.3333333333333333	C
GATA2	OBI1	0.3333333333333333	C
GATA2	STK32C	0.3333333333333333	C
EGR1	APLP2	0.3333333333333333	C
EGR1	ATL2	0.3333333333333333	C
EGR1	ATP1B1	0.3333333333333333	C
GATA2	SHPRH	0.3333333333333333	C
GATA2	SHANK2	0.3333333333333333	C
GATA2	SH3RF2	0.3333333333333333	C
EGR1	ATP6V0A1	0.3333333333333333	C
GATA2	SLC14A1	0.3333333333333333	C
GATA2	SH3PXD2A	0.3333333333333333	C
EGR1	AUNIP	0.3333333333333333	C
GATA2	SERPINE2	0.3333333333333333	C
GATA2	SEPTIN9	0.3333333333333333	C
EGR1	AUTS2	0.3333333333333333	C
GATA2	SEMA4D	0.3333333333333333	C
GATA2	SEMA3D	0.3333333333333333	C
EGR1	ATP9A	0.3333333333333333	C
EGR1	APH1B	0.3333333333333333	C
GATA2	SLC14A2	0.3333333333333333	C
GATA2	SLC40A1	0.3333333333333333	C
EGR1	ARHGAP20	0.3333333333333333	C
EGR1	ARHGAP22	0.3333333333333333	C
GATA2	SPTB	0.3333333333333333	C
EGR1	ARHGAP42	0.3333333333333333	C
GATA2	SPIDR	0.3333333333333333	C
EGR1	ARHGEF16	0.3333333333333333	C
GATA2	SLC26A4	0.3333333333333333	C
GATA2	MTCL3	0.3333333333333333	C
EGR1	ARID3B	0.3333333333333333	C
GATA2	SNAI1	0.3333333333333333	C
EGR1	ARID4B	0.3333333333333333	C
GATA2	SMCHD1	0.3333333333333333	C
GATA2	SLC9C2	0.3333333333333333	C
GATA2	SLC41A2	0.3333333333333333	C
GATA2	SOCS6	0.3333333333333333	C
EGR1	GH2	0.3333333333333333	C
GATA2	NUDT3	0.3333333333333333	C
GATA2	NRK	0.3333333333333333	C
EGR1	EEIG1	0.3333333333333333	C
EGR1	FAIM	0.3333333333333333	C
GATA2	GNA12	0.3333333333333333	C
EGR1	FAAP100	0.3333333333333333	C
GATA2	GP6	0.3333333333333333	C
GATA2	GPR137	0.3333333333333333	C
GATA2	GRAMD1C	0.3333333333333333	C
GATA2	GRB14	0.3333333333333333	C
GATA2	GRM8	0.3333333333333333	C
EGR1	ETV2	0.3333333333333333	C
GATA2	GSR	0.3333333333333333	C
EGR1	ESPN	0.3333333333333333	C
EGR1	ERG	0.3333333333333333	C
GATA2	HHAT	0.3333333333333333	C
GATA2	HINT1	0.3333333333333333	C
EGR1	ERBIN	0.3333333333333333	C
EGR1	EPS8L3	0.3333333333333333	C
EGR1	ENOPH1	0.3333333333333333	C
GATA2	IPCEF1	0.3333333333333333	C
EGR1	EPB41L1	0.3333333333333333	C
GATA2	IL6R	0.3333333333333333	C
EGR1	EPC1	0.3333333333333333	C
GATA2	IL16	0.3333333333333333	C
GATA2	GCNT2	0.3333333333333333	C
GATA2	IDS	0.3333333333333333	C
GATA2	ICE1	0.3333333333333333	C
GATA2	HS6ST2	0.3333333333333333	C
GATA2	HNRNPL	0.3333333333333333	C
GATA2	HNRNPH3	0.3333333333333333	C
EGR1	EPHB1	0.3333333333333333	C
GATA2	HKDC1	0.3333333333333333	C
GATA2	ICOS	0.3333333333333333	C
GATA2	GASK1B	0.3333333333333333	C
GATA2	GAPVD1	0.3333333333333333	C
EGR1	FAM114A1	0.3333333333333333	C
GATA2	FDFT1	0.3333333333333333	C
EGR1	FNDC5	0.3333333333333333	C
EGR1	FNDC7	0.3333333333333333	C
EGR1	FOXF1	0.3333333333333333	C
GATA2	FAM149B1	0.3333333333333333	C
GATA2	FAM114A2	0.3333333333333333	C
GATA2	FFAR4	0.3333333333333333	C
EGR1	FXYD7	0.3333333333333333	C
EGR1	FZD2	0.3333333333333333	C
EGR1	GAN	0.3333333333333333	C
EGR1	GFOD1	0.3333333333333333	C
GATA2	ETV1	0.3333333333333333	C
GATA2	ERV3-1	0.3333333333333333	C
EGR1	GFRA3	0.3333333333333333	C
GATA2	EXT2	0.3333333333333333	C
GATA2	ITGA1	0.3333333333333333	C
EGR1	FNDC3A	0.3333333333333333	C
GATA2	FHL2	0.3333333333333333	C
GATA2	GADL1	0.3333333333333333	C
GATA2	GAB1	0.3333333333333333	C
EGR1	FAM131A	0.3333333333333333	C
EGR1	FHIP1A	0.3333333333333333	C
GATA2	FSTL4	0.3333333333333333	C
EGR1	ATOSB	0.3333333333333333	C
EGR1	FLT4	0.3333333333333333	C
GATA2	FRMD5	0.3333333333333333	C
EGR1	FANCE	0.3333333333333333	C
EGR1	FBXL4	0.3333333333333333	C
EGR1	FBXO34	0.3333333333333333	C
EGR1	FGF22	0.3333333333333333	C
EGR1	FGF3	0.3333333333333333	C
GATA2	FIGNL1	0.3333333333333333	C
EGR1	FAM47E	0.3333333333333333	C
EGR1	EMID1	0.3333333333333333	C
GATA2	ITGB6	0.3333333333333333	C
EGR1	ELP5	0.3333333333333333	C
GATA2	MX2	0.3333333333333333	C
GATA2	MSN	0.3333333333333333	C
EGR1	CYB561	0.3333333333333333	C
GATA2	MPP4	0.3333333333333333	C
GATA2	MPDZ	0.3333333333333333	C
EGR1	CYLD	0.3333333333333333	C
GATA2	MXI1	0.3333333333333333	C
GATA2	MKLN1	0.3333333333333333	C
EGR1	DCHS1	0.3333333333333333	C
GATA2	MGAT4A	0.3333333333333333	C
GATA2	METTL15	0.3333333333333333	C
GATA2	MCFD2	0.3333333333333333	C
EGR1	DDX6	0.3333333333333333	C
GATA2	MBOAT7	0.3333333333333333	C
EGR1	DAP	0.3333333333333333	C
EGR1	DERL3	0.3333333333333333	C
EGR1	CTDNEP1	0.3333333333333333	C
EGR1	CRMP1	0.3333333333333333	C
GATA2	NRDE2	0.3333333333333333	C
GATA2	NR5A2	0.3333333333333333	C
EGR1	CLMN	0.3333333333333333	C
GATA2	NR1H3	0.3333333333333333	C
EGR1	CNOT2	0.3333333333333333	C
GATA2	NOX5	0.3333333333333333	C
EGR1	CROCC	0.3333333333333333	C
EGR1	COL23A1	0.3333333333333333	C
GATA2	NHSL2	0.3333333333333333	C
EGR1	COTL1	0.3333333333333333	C
EGR1	COX5A	0.3333333333333333	C
EGR1	CPLX1	0.3333333333333333	C
EGR1	CPPED1	0.3333333333333333	C
EGR1	CREB3L2	0.3333333333333333	C
EGR1	COMMD6	0.3333333333333333	C
GATA2	NUCB2	0.3333333333333333	C
GATA2	MBIP	0.3333333333333333	C
EGR1	DHCR24	0.3333333333333333	C
GATA2	KLHL3	0.3333333333333333	C
GATA2	KLF8	0.3333333333333333	C
GATA2	KIFAP3	0.3333333333333333	C
GATA2	KIF21B	0.3333333333333333	C
GATA2	KIAA1671	0.3333333333333333	C
GATA2	KIAA1328	0.3333333333333333	C
GATA2	KMT2C	0.3333333333333333	C
EGR1	DYNLL2	0.3333333333333333	C
GATA2	KCNS1	0.3333333333333333	C
GATA2	KCNN3	0.3333333333333333	C
GATA2	KCNN2	0.3333333333333333	C
EGR1	EFHD2	0.3333333333333333	C
GATA2	KCNIP4	0.3333333333333333	C
EGR1	EGFLAM	0.3333333333333333	C
EGR1	ECI2	0.3333333333333333	C
GATA2	MAT2B	0.3333333333333333	C
GATA2	KTN1	0.3333333333333333	C
GATA2	LATS1	0.3333333333333333	C
GATA2	MAP4K5	0.3333333333333333	C
EGR1	DHTKD1	0.3333333333333333	C
GATA2	MAP2K6	0.3333333333333333	C
EGR1	DIDO1	0.3333333333333333	C
EGR1	DMWD	0.3333333333333333	C
EGR1	DNAJC5	0.3333333333333333	C
EGR1	DUSP23	0.3333333333333333	C
EGR1	DNALI1	0.3333333333333333	C
GATA2	LRRC49	0.3333333333333333	C
EGR1	DOC2A	0.3333333333333333	C
EGR1	DPF1	0.3333333333333333	C
EGR1	DPP6	0.3333333333333333	C
EGR1	DPYSL4	0.3333333333333333	C
EGR1	DSE	0.3333333333333333	C
GATA2	LRRIQ1	0.3333333333333333	C
FOXP1	TOP2B	0.3333333333333333	C
FOXP1	TLE5	0.3333333333333333	C
FOXP1	TIAM2	0.3333333333333333	C
FOXM1	ADGRG6	0.3333333333333333	C
FOXM1	AFF3	0.3333333333333333	C
FOXM1	AMPD3	0.3333333333333333	C
FOXM1	ANLN	0.3333333333333333	C
FOXM1	ANO6	0.3333333333333333	C
FOXM1	ASPM	0.3333333333333333	C
FOXM1	ATF7IP	0.3333333333333333	C
FOXM1	CAST	0.3333333333333333	C
FOXM1	CCDC88C	0.3333333333333333	C
EGR1	PSIP1	0.3333333333333333	C
EGR1	PRUNE2	0.3333333333333333	C
FOXM1	CENPU	0.3333333333333333	C
FOXM1	CIT	0.3333333333333333	C
EGR1	PRSS12	0.3333333333333333	C
FOXM1	DAAM1	0.3333333333333333	C
FOXM1	DTNB	0.3333333333333333	C
FOXM1	ECT2	0.3333333333333333	C
FOXM1	KPNA2	0.3333333333333333	C
FOXM1	KIF23	0.3333333333333333	C
FOXM1	KIF14	0.3333333333333333	C
FOXM1	KIF11	0.3333333333333333	C
FOXM1	JARID2	0.3333333333333333	C
FOXM1	HMMR	0.3333333333333333	C
EGR1	PTMS	0.3333333333333333	C
FOXM1	HMGB2	0.3333333333333333	C
FOXM1	HDAC9	0.3333333333333333	C
FOXM1	H2AC16	0.3333333333333333	C
FOXM1	GSN	0.3333333333333333	C
EGR1	PRR14L	0.3333333333333333	C
FOXM1	FMN1	0.3333333333333333	C
FOXM1	FAM110A	0.3333333333333333	C
FOXM1	HJURP	0.3333333333333333	C
EGR1	QRICH1	0.3333333333333333	C
EGR1	QSOX2	0.3333333333333333	C
EGR1	RAB11FIP4	0.3333333333333333	C
FOXK2	STAT3	0.3333333333333333	C
STAT3	FOXK2	0.3333333333333333	C
FOXK2	ST7	0.3333333333333333	C
FOXK2	SNAP23	0.3333333333333333	C
FOXK2	SMURF1	0.3333333333333333	C
FOXK2	SEMA4B	0.3333333333333333	C
FOXK2	TLE3	0.3333333333333333	C
FOXK2	PTP4A2	0.3333333333333333	C
FOXK2	PICALM	0.3333333333333333	C
FOXK2	PI4KA	0.3333333333333333	C
FOXK2	PHF12	0.3333333333333333	C
FOXK2	PCBP1	0.3333333333333333	C
FOXK2	OSBPL9	0.3333333333333333	C
FOXK2	NSUN4	0.3333333333333333	C
FOXK2	POR	0.3333333333333333	C
EGR1	PRPF39	0.3333333333333333	C
FOXK2	TLK1	0.3333333333333333	C
FOXK2	TRAPPC10	0.3333333333333333	C
EGR1	RAB1A	0.3333333333333333	C
EGR1	RAB20	0.3333333333333333	C
AR	LCP1	0.3333333333333333	C
EGR1	RAD54L	0.3333333333333333	C
FOXK2	ZSCAN31	0.3333333333333333	C
FOXK2	ZNF131	0.3333333333333333	C
FOXK2	TPM3	0.3333333333333333	C
FOXK2	XXYLT1	0.3333333333333333	C
FOXK2	WEE1	0.3333333333333333	C
FOXK2	VPS13D	0.3333333333333333	C
FOXK2	USP42	0.3333333333333333	C
FOXK2	UBE2D3	0.3333333333333333	C
FOXK2	TXNIP	0.3333333333333333	C
FOXK2	TSC22D2	0.3333333333333333	C
FOXK2	XPO7	0.3333333333333333	C
FOXM1	LMNB1	0.3333333333333333	C
FOXM1	MYB	0.3333333333333333	C
FOXM1	NCAPD2	0.3333333333333333	C
FOXO1	LAMC1	0.3333333333333333	C
FOXO1	KLF9	0.3333333333333333	C
FOXO1	KCNMB2	0.3333333333333333	C
FOXO1	ITSN1	0.3333333333333333	C
FOXO1	ITPR2	0.3333333333333333	C
FOXO1	IL1R1	0.3333333333333333	C
FOXO1	LRIG1	0.3333333333333333	C
FOXO1	IL16	0.3333333333333333	C
FOXO1	GBE1	0.3333333333333333	C
FOXO1	FRMD4A	0.3333333333333333	C
FOXP1	FOXO1	0.3333333333333333	C
FOXO1	FOXN3	0.3333333333333333	C
FOXO1	FAM13A	0.3333333333333333	C
FOXO1	EXOC6B	0.3333333333333333	C
FOXO1	HDAC9	0.3333333333333333	C
FOXO1	EPS8	0.3333333333333333	C
FOXO1	MACF1	0.3333333333333333	C
FOXO1	MEF2C	0.3333333333333333	C
FOXO1	PLEKHA5	0.3333333333333333	C
FOXO1	PIAS1	0.3333333333333333	C
FOXO1	PDE4D	0.3333333333333333	C
FOXO1	PARD3	0.3333333333333333	C
FOXO1	PALLD	0.3333333333333333	C
FOXO1	NRG1	0.3333333333333333	C
FOXO1	MAP3K5	0.3333333333333333	C
FOXO1	NEGR1	0.3333333333333333	C
FOXO1	NCOR2	0.3333333333333333	C
FOXO1	NCALD	0.3333333333333333	C
FOXO1	MYCBP2	0.3333333333333333	C
FOXO1	MTSS1	0.3333333333333333	C
FOXO1	MIPEP	0.3333333333333333	C
FOXO1	MET	0.3333333333333333	C
FOXO1	NEDD9	0.3333333333333333	C
FOXK2	NEDD4L	0.3333333333333333	C
FOXO1	EHMT1	0.3333333333333333	C
FOXO1	DENND2A	0.3333333333333333	C
FOXM1	UBE2S	0.3333333333333333	C
FOXM1	TRPS1	0.3333333333333333	C
FOXM1	TRIM2	0.3333333333333333	C
FOXM1	TMPO	0.3333333333333333	C
FOXM1	TGIF1	0.3333333333333333	C
FOXM1	RBM47	0.3333333333333333	C
FOXM1	UBE2T	0.3333333333333333	C
FOXM1	RAB30	0.3333333333333333	C
FOXM1	PRR11	0.3333333333333333	C
EGR1	PRKACA	0.3333333333333333	C
EGR1	PRKAG2	0.3333333333333333	C
FOXM1	PAK4	0.3333333333333333	C
FOXM1	NEDD9	0.3333333333333333	C
FOXM1	NCAPH	0.3333333333333333	C
FOXM1	PTK2	0.3333333333333333	C
FOXO1	EGFR	0.3333333333333333	C
FOXM1	UHRF1	0.3333333333333333	C
FOXO1	AFF1	0.3333333333333333	C
FOXO1	CTIF	0.3333333333333333	C
FOXO1	CSGALNACT1	0.3333333333333333	C
FOXO1	CRIM1	0.3333333333333333	C
FOXO1	CDYL	0.3333333333333333	C
FOXO1	CALD1	0.3333333333333333	C
FOXO1	ARID5B	0.3333333333333333	C
FOXM1	WWC1	0.3333333333333333	C
FOXO1	ARHGEF3	0.3333333333333333	C
FOXO1	ARHGAP22	0.3333333333333333	C
EGR1	PPP2R3A	0.3333333333333333	C
FOXO1	ANTXR2	0.3333333333333333	C
FOXO1	ANKRD28	0.3333333333333333	C
EGR1	PPP4R4	0.3333333333333333	C
FOXO1	AKAP13	0.3333333333333333	C
FOXO1	ARHGAP26	0.3333333333333333	C
FOXO1	PRKAG2	0.3333333333333333	C
FOXK2	MTHFR	0.3333333333333333	C
FOXK2	MNT	0.3333333333333333	C
FOXA2	DOCK4	0.3333333333333333	C
FOXA2	EGFR	0.3333333333333333	C
FOXA2	ELAPOR1	0.3333333333333333	C
FOXA2	EPAS1	0.3333333333333333	C
FOXA2	FAM13A	0.3333333333333333	C
FOXA2	FNDC3B	0.3333333333333333	C
FOXA2	FOXP1	0.3333333333333333	C
FOXA2	FOXP2	0.3333333333333333	C
EGR1	RASA4	0.3333333333333333	C
FOXA2	GALNT10	0.3333333333333333	C
FOXA2	GRM7	0.3333333333333333	C
FOXA2	HDAC9	0.3333333333333333	C
FOXA2	KIAA1217	0.3333333333333333	C
FOXA2	LMO7	0.3333333333333333	C
FOXA2	MAML3	0.3333333333333333	C
FOXA2	MAPK10	0.3333333333333333	C
FOXA2	MET	0.3333333333333333	C
FOXA2	SYNE2	0.3333333333333333	C
FOXA2	SYNE1	0.3333333333333333	C
FOXA2	SVIL	0.3333333333333333	C
FOXA2	RBM47	0.3333333333333333	C
FOXA2	RAPGEF4	0.3333333333333333	C
FOXA2	PTK2	0.3333333333333333	C
FOXA2	DLC1	0.3333333333333333	C
FOXA2	PPFIBP2	0.3333333333333333	C
FOXA2	PDE1C	0.3333333333333333	C
FOXA2	NRXN1	0.3333333333333333	C
FOXA2	NEDD4L	0.3333333333333333	C
FOXA2	NAV2	0.3333333333333333	C
FOXA2	MYO16	0.3333333333333333	C
FOXA2	MITF	0.3333333333333333	C
FOXA2	PLOD2	0.3333333333333333	C
FOXA2	DAAM1	0.3333333333333333	C
EGR1	RASGEF1A	0.3333333333333333	C
FOXA2	CAST	0.3333333333333333	C
EGR1	RNF145	0.3333333333333333	C
FOXA1	WEE1	0.3333333333333333	C
FOXA1	WDR90	0.3333333333333333	C
EGR1	RNFT1	0.3333333333333333	C
FOXA1	WBP1L	0.3333333333333333	C
FOXA1	VPS53	0.3333333333333333	C
FOXA1	WWP2	0.3333333333333333	C
FOXA1	VPS4A	0.3333333333333333	C
EGR1	RPS2	0.3333333333333333	C
EGR1	RPUSD1	0.3333333333333333	C
EGR1	RTN4RL2	0.3333333333333333	C
EGR1	RXRA	0.3333333333333333	C
FOXA1	UNC80	0.3333333333333333	C
EGR1	S100A4	0.3333333333333333	C
EGR1	ROGDI	0.3333333333333333	C
FOXA2	TBC1D1	0.3333333333333333	C
FOXA1	YAE1	0.3333333333333333	C
FOXA1	YY1AP1	0.3333333333333333	C
FOXA2	ADGRL2	0.3333333333333333	C
FOXA1	ZSWIM4	0.3333333333333333	C
FOXA1	ZNF655	0.3333333333333333	C
FOXA1	ZNF462	0.3333333333333333	C
EGR1	RELB	0.3333333333333333	C
EGR1	REV1	0.3333333333333333	C
FOXA1	YTHDC2	0.3333333333333333	C
EGR1	RFLNA	0.3333333333333333	C
FOXA1	ZHX3	0.3333333333333333	C
EGR1	RGS12	0.3333333333333333	C
FOXA1	ZC3H12C	0.3333333333333333	C
EGR1	RHOD	0.3333333333333333	C
FOXA1	ZBTB2	0.3333333333333333	C
FOXA1	ZBTB14	0.3333333333333333	C
FOXA1	ZMYM2	0.3333333333333333	C
FOXA2	TLK1	0.3333333333333333	C
FOXA2	TLN2	0.3333333333333333	C
FOXA2	TRPS1	0.3333333333333333	C
FOXK2	ARID5B	0.3333333333333333	C
FOXK2	ANKRD11	0.3333333333333333	C
FOXK2	AKT2	0.3333333333333333	C
FOXK1	TIPIN	0.3333333333333333	C
FOXK1	TFAP4	0.3333333333333333	C
FOXK1	STK11	0.3333333333333333	C
FOXK2	ATF7IP2	0.3333333333333333	C
FOXK1	STAG2	0.3333333333333333	C
FOXK1	CSDE1	0.3333333333333333	C
FOXK1	CALD1	0.3333333333333333	C
FOXK1	ATP5PF	0.3333333333333333	C
FOXJ2	ZBTB20	0.3333333333333333	C
FOXJ2	WEE1	0.3333333333333333	C
FOXJ2	TRA2A	0.3333333333333333	C
FOXK1	MNT	0.3333333333333333	C
FOXJ2	TNXB	0.3333333333333333	C
FOXK2	CLEC16A	0.3333333333333333	C
FOXK2	CTTN	0.3333333333333333	C
FOXK2	MGRN1	0.3333333333333333	C
FOXK2	MED15	0.3333333333333333	C
FOXK2	MARK2	0.3333333333333333	C
FOXK2	MARCHF3	0.3333333333333333	C
FOXK2	LDLR	0.3333333333333333	C
FOXK2	KDM6B	0.3333333333333333	C
FOXK2	CMBL	0.3333333333333333	C
FOXK2	ITPR1	0.3333333333333333	C
FOXK2	GATAD2A	0.3333333333333333	C
FOXK2	FOXK1	0.3333333333333333	C
FOXK2	FDFT1	0.3333333333333333	C
FOXK2	DPP9	0.3333333333333333	C
FOXK2	DNAJB6	0.3333333333333333	C
FOXK2	DIXDC1	0.3333333333333333	C
FOXK2	HNRNPF	0.3333333333333333	C
MNT	FOXK2	0.3333333333333333	C
FOXJ2	TNRC18	0.3333333333333333	C
FOXJ2	SELENOP	0.3333333333333333	C
FOXJ2	ERMN	0.3333333333333333	C
FOXJ2	DNAJC16	0.3333333333333333	C
FOXJ2	CWC27	0.3333333333333333	C
FOXJ2	CRB1	0.3333333333333333	C
FOXJ2	DNAI7	0.3333333333333333	C
FOXJ2	CFAP69	0.3333333333333333	C
FOXJ2	FAM13A	0.3333333333333333	C
FOXJ2	CC2D2A	0.3333333333333333	C
FOXJ2	AZI2	0.3333333333333333	C
FOXJ2	ARID4A	0.3333333333333333	C
FOXJ2	ANTXR2	0.3333333333333333	C
FOXA2	ZFP36L2	0.3333333333333333	C
FOXA2	WWP2	0.3333333333333333	C
EGR1	RASA2	0.3333333333333333	C
FOXJ2	BFSP1	0.3333333333333333	C
FOXJ2	STAG2	0.3333333333333333	C
FOXJ2	FAM81B	0.3333333333333333	C
FOXJ2	FOXP1	0.3333333333333333	C
FOXJ2	SAMSN1	0.3333333333333333	C
FOXJ2	RHOBTB1	0.3333333333333333	C
FOXJ2	QTRT2	0.3333333333333333	C
FOXJ2	PRPF8	0.3333333333333333	C
FOXJ2	PIK3CA	0.3333333333333333	C
FOXJ2	PER1	0.3333333333333333	C
FOXJ2	FHL1	0.3333333333333333	C
FOXJ2	PCGF5	0.3333333333333333	C
FOXJ2	OSR2	0.3333333333333333	C
FOXJ2	MAK	0.3333333333333333	C
FOXJ2	LRBA	0.3333333333333333	C
FOXJ2	JAK1	0.3333333333333333	C
FOXJ2	HIBADH	0.3333333333333333	C
FOXJ2	HBP1	0.3333333333333333	C
FOXJ2	OTUD5	0.3333333333333333	C
FOXO1	PRKCE	0.3333333333333333	C
FOXO1	PTPRM	0.3333333333333333	C
FOXO1	RABGAP1L	0.3333333333333333	C
EGR1	NCAM2	0.3333333333333333	C
FOXP1	NDRG1	0.3333333333333333	C
FOXP1	NDUFC1	0.3333333333333333	C
FOXP1	NEDD4L	0.3333333333333333	C
FOXP1	NFASC	0.3333333333333333	C
FOXP1	NFIA	0.3333333333333333	C
FOXP1	NFIB	0.3333333333333333	C
FOXP1	NFIX	0.3333333333333333	C
EGR1	NANS	0.3333333333333333	C
FOXP1	NPIPB5	0.3333333333333333	C
FOXP1	NR3C1	0.3333333333333333	C
FOXP1	NRXN1	0.3333333333333333	C
EGR1	NAB1	0.3333333333333333	C
FOXP1	NUMB	0.3333333333333333	C
EGR1	NAA10	0.3333333333333333	C
FOXP1	NXPH1	0.3333333333333333	C
FOXP1	OSBPL10	0.3333333333333333	C
EGR1	MTERF2	0.3333333333333333	C
FOXP1	PHLDB2	0.3333333333333333	C
FOXP1	PHF21A	0.3333333333333333	C
FOXP1	PHC2	0.3333333333333333	C
EGR1	MTX3	0.3333333333333333	C
FOXP1	PDE4D	0.3333333333333333	C
FOXP1	NBPF20	0.3333333333333333	C
EGR1	MX2	0.3333333333333333	C
FOXP1	PCBP3	0.3333333333333333	C
FOXP1	PBX3	0.3333333333333333	C
EGR1	MXRA7	0.3333333333333333	C
FOXP1	PALM2AKAP2	0.3333333333333333	C
FOXP1	OSR2	0.3333333333333333	C
FOXP1	OSBPL9	0.3333333333333333	C
FOXP1	PCM1	0.3333333333333333	C
EGR1	NCOA4	0.3333333333333333	C
FOXP1	MYO3B	0.3333333333333333	C
FOXP1	MYO18A	0.3333333333333333	C
FOXP1	LRIG3	0.3333333333333333	C
FOXP1	LRCH1	0.3333333333333333	C
FOXP1	LPP	0.3333333333333333	C
EGR1	NFYC	0.3333333333333333	C
EGR1	NIBAN2	0.3333333333333333	C
FOXP1	LCP1	0.3333333333333333	C
FOXP1	LRRC23	0.3333333333333333	C
EGR1	NKX2-1	0.3333333333333333	C
FOXP1	KIF6	0.3333333333333333	C
EGR1	NOS1AP	0.3333333333333333	C
FOXP1	KCTD15	0.3333333333333333	C
FOXP1	KCNQ1	0.3333333333333333	C
FOXP1	KAT6A	0.3333333333333333	C
EGR1	NOVA2	0.3333333333333333	C
KMT2A	FOXP1	0.3333333333333333	C
EGR1	MSTO1	0.3333333333333333	C
FOXP1	LRRFIP1	0.3333333333333333	C
FOXP1	MAFF	0.3333333333333333	C
FOXP1	MYLK	0.3333333333333333	C
FOXP1	MXI1	0.3333333333333333	C
FOXP1	MTF2	0.3333333333333333	C
EGR1	NCS1	0.3333333333333333	C
FOXP1	MRPS27	0.3333333333333333	C
FOXP1	MRPL49	0.3333333333333333	C
EGR1	NFIX	0.3333333333333333	C
FOXP1	MRPL20	0.3333333333333333	C
FOXP1	METTL3	0.3333333333333333	C
MEIS2	FOXP1	0.3333333333333333	C
FOXP1	MEF2C	0.3333333333333333	C
MEF2C	FOXP1	0.3333333333333333	C
EGR1	NEURL4	0.3333333333333333	C
FOXP1	MAST2	0.3333333333333333	C
FOXP1	MOB4	0.3333333333333333	C
FOXP1	PI4K2A	0.3333333333333333	C
EGR1	MSMO1	0.3333333333333333	C
EGR1	MSL3	0.3333333333333333	C
EGR1	MAPK1	0.3333333333333333	C
SOX13	FOXP1	0.3333333333333333	C
EGR1	MAPK3	0.3333333333333333	C
EGR1	MAPK8	0.3333333333333333	C
EGR1	MAT2B	0.3333333333333333	C
EGR1	MAZ	0.3333333333333333	C
FOXP1	SPRED2	0.3333333333333333	C
FOXP1	SMARCA2	0.3333333333333333	C
EGR1	MCAM	0.3333333333333333	C
FOXP1	SLC13A3	0.3333333333333333	C
FOXP1	SH3KBP1	0.3333333333333333	C
FOXP1	SH3GL1	0.3333333333333333	C
FOXP1	SH2B3	0.3333333333333333	C
FOXP1	SEPTIN7	0.3333333333333333	C
FOXP1	SLC39A1	0.3333333333333333	C
FOXP1	SCAF11	0.3333333333333333	C
EGR1	MANEAL	0.3333333333333333	C
STAT3	FOXP1	0.3333333333333333	C
EGR1	LYSMD2	0.3333333333333333	C
FOXP1	TFAP4	0.3333333333333333	C
TCF7L2	FOXP1	0.3333333333333333	C
EGR1	MACIR	0.3333333333333333	C
TCF4	FOXP1	0.3333333333333333	C
TCF12	FOXP1	0.3333333333333333	C
FOXP1	STAT1	0.3333333333333333	C
EGR1	MAD2L2	0.3333333333333333	C
FOXP1	TAB1	0.3333333333333333	C
FOXP1	SYNE2	0.3333333333333333	C
EGR1	MALSU1	0.3333333333333333	C
FOXP1	STK32B	0.3333333333333333	C
EGR1	MAMLD1	0.3333333333333333	C
EGR1	MAN1C1	0.3333333333333333	C
EGR1	MAGEA10	0.3333333333333333	C
FOXP1	IPPK	0.3333333333333333	C
FOXP1	RYR2	0.3333333333333333	C
EGR1	METTL16	0.3333333333333333	C
FOXP1	PSMD6	0.3333333333333333	C
EGR1	MOCOS	0.3333333333333333	C
FOXP1	PRPF18	0.3333333333333333	C
FOXP1	PRMT8	0.3333333333333333	C
EGR1	MOCS2	0.3333333333333333	C
FOXP1	PRDM7	0.3333333333333333	C
FOXP1	PTGES2	0.3333333333333333	C
FOXP1	PPFIA4	0.3333333333333333	C
EGR1	MRPL30	0.3333333333333333	C
FOXP1	PLXNC1	0.3333333333333333	C
FOXP1	PLCL2	0.3333333333333333	C
FOXP1	PLCB4	0.3333333333333333	C
EGR1	MSANTD3	0.3333333333333333	C
FOXP1	PLA2G4E	0.3333333333333333	C
FOXP1	PPFIA2	0.3333333333333333	C
FOXP1	RSRP1	0.3333333333333333	C
FOXP1	PTK2	0.3333333333333333	C
FOXP1	RAB37	0.3333333333333333	C
FOXP1	RNF220	0.3333333333333333	C
FOXP1	RNF19A	0.3333333333333333	C
EGR1	MEX3D	0.3333333333333333	C
FOXP1	RIMS1	0.3333333333333333	C
FOXP1	RICTOR	0.3333333333333333	C
FOXP1	RGPD6	0.3333333333333333	C
FOXP1	PTPRC	0.3333333333333333	C
EGR1	MGAT3	0.3333333333333333	C
EGR1	MIA3	0.3333333333333333	C
EGR1	MICAL1	0.3333333333333333	C
RBPJ	FOXP1	0.3333333333333333	C
FOXP1	RBMS1	0.3333333333333333	C
FOXP1	RBAK	0.3333333333333333	C
EGR1	MMP28	0.3333333333333333	C
FOXP1	RCAN3	0.3333333333333333	C
FOXP1	IKZF2	0.3333333333333333	C
EGR1	NPAS4	0.3333333333333333	C
EGR1	NR2F6	0.3333333333333333	C
FOXP1	ATP8B4	0.3333333333333333	C
FOXP1	ASGR1	0.3333333333333333	C
FOXP1	ARNT2	0.3333333333333333	C
FOXP1	ARL14EP	0.3333333333333333	C
FOXP1	ARIH1	0.3333333333333333	C
EGR1	PKD1	0.3333333333333333	C
EGR1	PHOX2A	0.3333333333333333	C
FOXP1	ARFGEF1	0.3333333333333333	C
EGR1	PKP2	0.3333333333333333	C
FOXP1	AMOTL2	0.3333333333333333	C
FOXP1	AMOTL1	0.3333333333333333	C
FOXP1	AKAP13	0.3333333333333333	C
EGR1	PLAGL1	0.3333333333333333	C
EGR1	PLCD1	0.3333333333333333	C
EGR1	PKDCC	0.3333333333333333	C
EGR1	PLD5	0.3333333333333333	C
FOXP1	AXIN2	0.3333333333333333	C
FOXP1	BBX	0.3333333333333333	C
FOXP1	CAPN13	0.3333333333333333	C
EGR1	PDZD4	0.3333333333333333	C
FOXP1	CALD1	0.3333333333333333	C
EGR1	PEX10	0.3333333333333333	C
FOXP1	CABLES1	0.3333333333333333	C
EGR1	PFKP	0.3333333333333333	C
FOXP1	B4GALNT3	0.3333333333333333	C
FOXP1	C1QTNF7	0.3333333333333333	C
FOXP1	BTBD8	0.3333333333333333	C
FOXP1	BRINP1	0.3333333333333333	C
EGR1	PGD	0.3333333333333333	C
EGR1	PHETA1	0.3333333333333333	C
FOXP1	BICDL2	0.3333333333333333	C
FOXP1	BICC1	0.3333333333333333	C
FOXP1	LAS2	0.3333333333333333	C
FOXP1	CBLB	0.3333333333333333	C
FOXP1	ADPGK	0.3333333333333333	C
EGR1	PLEKHA7	0.3333333333333333	C
FOXO1	TEAD1	0.3333333333333333	C
FOXO1	TBC1D14	0.3333333333333333	C
FOXO1	TACC1	0.3333333333333333	C
FOXO1	SPSB1	0.3333333333333333	C
FOXO1	SPOCK1	0.3333333333333333	C
FOXO1	SMARCA2	0.3333333333333333	C
FOXO1	TEX2	0.3333333333333333	C
FOXO1	SLC44A1	0.3333333333333333	C
FOXO1	SIPA1L1	0.3333333333333333	C
FOXO1	SASH1	0.3333333333333333	C
FOXO1	RIPOR2	0.3333333333333333	C
FOXO1	RGS3	0.3333333333333333	C
FOXO1	RBMS3	0.3333333333333333	C
FOXO1	RAPGEF4	0.3333333333333333	C
FOXO1	SLC12A8	0.3333333333333333	C
FOXP1	ADGRB2	0.3333333333333333	C
FOXO1	TGFBR3	0.3333333333333333	C
FOXO1	UVRAG	0.3333333333333333	C
EGR1	PLEKHF1	0.3333333333333333	C
FOXP1	ACOT7	0.3333333333333333	C
FOXP1	ABR	0.3333333333333333	C
FOXP1	ABCC4	0.3333333333333333	C
FOXP1	AATF	0.3333333333333333	C
FOXO6	FBXO25	0.3333333333333333	C
FOXO1	TNS1	0.3333333333333333	C
EGR1	PLIN5	0.3333333333333333	C
FOXO3	HSPA1B	0.3333333333333333	C
EGR1	PODXL	0.3333333333333333	C
EGR1	PPA1	0.3333333333333333	C
EGR1	PPARGC1B	0.3333333333333333	C
FOXO1	ZBTB16	0.3333333333333333	C
FOXO1	XYLT1	0.3333333333333333	C
FOXO4	FBXO25	0.3333333333333333	C
EBF1	UST	0.3333333333333333	C
FOXP1	CBR4	0.3333333333333333	C
FOXP1	CCNH	0.3333333333333333	C
FOXP1	FLT3	0.3333333333333333	C
FOXP1	FHAD1	0.3333333333333333	C
FOXP1	FGD5	0.3333333333333333	C
EGR1	ODC1	0.3333333333333333	C
FOXP1	FBXO38	0.3333333333333333	C
FOXP1	FBXO16	0.3333333333333333	C
FOXP1	FNBP1	0.3333333333333333	C
EGR1	OLFM1	0.3333333333333333	C
FOXP1	F8	0.3333333333333333	C
FOXP1	EYA2	0.3333333333333333	C
FOXP1	ESRRB	0.3333333333333333	C
FOXP1	ESRP2	0.3333333333333333	C
EGR1	OLIG2	0.3333333333333333	C
EGR1	OSBPL2	0.3333333333333333	C
FOXP1	FAM120B	0.3333333333333333	C
FOXP1	EPB41L3	0.3333333333333333	C
FOXP1	FNDC1	0.3333333333333333	C
FOXP1	FOXJ3	0.3333333333333333	C
FOXP1	HDAC9	0.3333333333333333	C
FOXP1	GSTP1	0.3333333333333333	C
EGR1	NTF4	0.3333333333333333	C
FOXP1	GPR19	0.3333333333333333	C
FOXP1	GPCPD1	0.3333333333333333	C
FOXP1	GORASP2	0.3333333333333333	C
EGR1	NYAP1	0.3333333333333333	C
EGR1	NTN1	0.3333333333333333	C
FOXP1	GAB1	0.3333333333333333	C
FOXP1	FYN	0.3333333333333333	C
FOXP1	FTO	0.3333333333333333	C
FOXP1	FRY	0.3333333333333333	C
FOXP1	FRMPD4	0.3333333333333333	C
EGR1	NXNL2	0.3333333333333333	C
EGR1	NUP210	0.3333333333333333	C
FOXP1	CCDC88A	0.3333333333333333	C
EGR1	OTUB2	0.3333333333333333	C
FOXP1	EML5	0.3333333333333333	C
FOXP1	CMTR2	0.3333333333333333	C
FOXP1	CLUAP1	0.3333333333333333	C
EGR1	PDE10A	0.3333333333333333	C
FOXP1	CKAP5	0.3333333333333333	C
EGR1	PDE4C	0.3333333333333333	C
FOXP1	CHFR	0.3333333333333333	C
FOXP1	CRBN	0.3333333333333333	C
EGR1	PDLIM4	0.3333333333333333	C
FOXP1	CEP192	0.3333333333333333	C
FOXP1	CEP135	0.3333333333333333	C
EGR1	PDLIM7	0.3333333333333333	C
EGR1	PDP1	0.3333333333333333	C
EGR1	PDSS2	0.3333333333333333	C
FOXP1	CD5L	0.3333333333333333	C
FOXP1	CEP290	0.3333333333333333	C
FOXP1	EMP1	0.3333333333333333	C
EGR1	PCSK4	0.3333333333333333	C
FOXP1	DHX8	0.3333333333333333	C
FOXP1	ELMO1	0.3333333333333333	C
EGR1	OTUD6A	0.3333333333333333	C
EGR1	P3H1	0.3333333333333333	C
FOXP1	EIF3J	0.3333333333333333	C
FOXP1	EIF2D	0.3333333333333333	C
EGR1	PAK4	0.3333333333333333	C
FOXP1	DAAM1	0.3333333333333333	C
FOXP1	EAPP	0.3333333333333333	C
EGR1	PALD1	0.3333333333333333	C
FOXP1	DRG1	0.3333333333333333	C
EGR1	PANK4	0.3333333333333333	C
FOXP1	DNM1L	0.3333333333333333	C
FOXP1	DNAJB2	0.3333333333333333	C
FOXP1	DNAAF4	0.3333333333333333	C
FOXP1	DUSP11	0.3333333333333333	C
EBF1	TNFRSF8	0.3333333333333333	C
EBF1	THEMIS2	0.3333333333333333	C
GATA2	TRIQK	0.3333333333333333	C
GRHL2	SPINT2	0.3333333333333333	C
GRHL2	ST14	0.3333333333333333	C
GRHL2	SULT2B1	0.3333333333333333	C
GRHL2	TAF1B	0.3333333333333333	C
GRHL2	TGFA	0.3333333333333333	C
GRHL2	TIAM2	0.3333333333333333	C
GRHL2	TMC1	0.3333333333333333	C
GRHL2	TNS3	0.3333333333333333	C
GRHL2	UMODL1	0.3333333333333333	C
GRHL2	WWC1	0.3333333333333333	C
GRHL2	ZNF608	0.3333333333333333	C
HBP1	AFF1	0.3333333333333333	C
HBP1	ARID1B	0.3333333333333333	C
HBP1	ARID5B	0.3333333333333333	C
HBP1	ATAD2	0.3333333333333333	C
HBP1	CDK19	0.3333333333333333	C
HBP1	CITED2	0.3333333333333333	C
HBP1	MAP1LC3B	0.3333333333333333	C
HBP1	LRCH1	0.3333333333333333	C
HBP1	KLHDC2	0.3333333333333333	C
HBP1	KANK1	0.3333333333333333	C
HBP1	JMJD1C	0.3333333333333333	C
HBP1	HERC3	0.3333333333333333	C
GRHL2	SPIDR	0.3333333333333333	C
HBP1	HECTD1	0.3333333333333333	C
HBP1	GNA13	0.3333333333333333	C
HBP1	GABARAPL2	0.3333333333333333	C
HBP1	ERCC1	0.3333333333333333	C
HBP1	ELF2	0.3333333333333333	C
HBP1	EHD1	0.3333333333333333	C
HBP1	CLN6	0.3333333333333333	C
HBP1	GTF2I	0.3333333333333333	C
GRHL2	SLCO3A1	0.3333333333333333	C
GRHL2	SLC44A3	0.3333333333333333	C
GRHL2	SLC3A2	0.3333333333333333	C
GRHL2	MIDEAS	0.3333333333333333	C
GRHL2	MID1	0.3333333333333333	C
GRHL2	MECOM	0.3333333333333333	C
GRHL2	MARK2	0.3333333333333333	C
GRHL2	MAP4K4	0.3333333333333333	C
GRHL2	MAL2	0.3333333333333333	C
GRHL2	MYO5B	0.3333333333333333	C
GRHL2	MACF1	0.3333333333333333	C
GRHL2	LIMK2	0.3333333333333333	C
GRHL2	LIMCH1	0.3333333333333333	C
E2F4	MED30	0.3333333333333333	C
GRHL2	KIAA1217	0.3333333333333333	C
GRHL2	ITGB6	0.3333333333333333	C
GRHL2	IQSEC1	0.3333333333333333	C
GRHL2	LPP	0.3333333333333333	C
HBP1	MXI1	0.3333333333333333	C
GRHL2	NCEH1	0.3333333333333333	C
GRHL2	PACSIN2	0.3333333333333333	C
GRHL2	SLC35F2	0.3333333333333333	C
GRHL2	SLC22A23	0.3333333333333333	C
GRHL2	SLC12A8	0.3333333333333333	C
GRHL2	SIPA1L3	0.3333333333333333	C
GRHL2	SHANK2	0.3333333333333333	C
GRHL2	SGMS1	0.3333333333333333	C
GRHL2	OSBPL3	0.3333333333333333	C
GRHL2	SCNN1A	0.3333333333333333	C
GRHL2	RP1	0.3333333333333333	C
GRHL2	RBM47	0.3333333333333333	C
GRHL2	PLEKHA7	0.3333333333333333	C
GRHL2	PLB1	0.3333333333333333	C
GRHL2	PKP1	0.3333333333333333	C
GRHL2	PCNX2	0.3333333333333333	C
GRHL2	SCEL	0.3333333333333333	C
HBP1	NIPBL	0.3333333333333333	C
HBP1	P3H4	0.3333333333333333	C
HBP1	PHPT1	0.3333333333333333	C
E2F4	LRRC15	0.3333333333333333	C
HIF1A	DHX40	0.3333333333333333	C
E2F4	LRRC3	0.3333333333333333	C
E2F4	LRRC37A3	0.3333333333333333	C
HIF1A	CYRIB	0.3333333333333333	C
HIF1A	CTNNA1	0.3333333333333333	C
HIF1A	EHMT1	0.3333333333333333	C
HIF1A	CTDP1	0.3333333333333333	C
E2F4	LRRFIP1	0.3333333333333333	C
HIF1A	CMIP	0.3333333333333333	C
HIF1A	CLUAP1	0.3333333333333333	C
HIF1A	CIART	0.3333333333333333	C
E2F4	LTN1	0.3333333333333333	C
HIF1A	CECR2	0.3333333333333333	C
HIF1A	CPNE8	0.3333333333333333	C
HIF1A	BRSK2	0.3333333333333333	C
E2F4	LPGAT1	0.3333333333333333	C
E2F4	LMO4	0.3333333333333333	C
HIF1A	KLHL20	0.3333333333333333	C
HIF1A	KCNN3	0.3333333333333333	C
HIF1A	JUND	0.3333333333333333	C
HIF1A	ITSN1	0.3333333333333333	C
E2F4	BRD10	0.3333333333333333	C
E2F4	KIDINS220	0.3333333333333333	C
E2F4	LMTK2	0.3333333333333333	C
HIF1A	IL1RAP	0.3333333333333333	C
HIF1A	HOOK1	0.3333333333333333	C
E2F4	KLF11	0.3333333333333333	C
HIF1A	HECW1	0.3333333333333333	C
HIF1A	HDHD5	0.3333333333333333	C
HIF1A	GLIS3	0.3333333333333333	C
HIF1A	FNDC3B	0.3333333333333333	C
HIF1A	HS3ST6	0.3333333333333333	C
GRHL2	HSPB1	0.3333333333333333	C
HIF1A	BCOR	0.3333333333333333	C
HIF1A	ASAP1	0.3333333333333333	C
HHEX	A2M	0.3333333333333333	C
HES1	SNX6	0.3333333333333333	C
HES1	PRUNE2	0.3333333333333333	C
HES1	CBLL2	0.3333333333333333	C
HBP1	VPS26A	0.3333333333333333	C
HBP1	TOPORS	0.3333333333333333	C
HHEX	ACSS3	0.3333333333333333	C
HBP1	TLK1	0.3333333333333333	C
HBP1	SIN3A	0.3333333333333333	C
HBP1	RNF38	0.3333333333333333	C
HBP1	RNF13	0.3333333333333333	C
HBP1	PPM1D	0.3333333333333333	C
HBP1	PPM1A	0.3333333333333333	C
HBP1	PJA2	0.3333333333333333	C
HBP1	SMARCA2	0.3333333333333333	C
HIF1A	BACH1	0.3333333333333333	C
HHEX	ADAP2	0.3333333333333333	C
HHEX	NINJ2	0.3333333333333333	C
HIF1A	ARHGEF12	0.3333333333333333	C
E2F4	MAN2A1	0.3333333333333333	C
HIF1A	AK2	0.3333333333333333	C
E2F4	MAP3K9	0.3333333333333333	C
HIF1A	AGGF1	0.3333333333333333	C
E2F4	MARCHF3	0.3333333333333333	C
HHEX	ELMO1	0.3333333333333333	C
E2F4	MAU2	0.3333333333333333	C
E2F4	MCFD2	0.3333333333333333	C
ZFX	HHEX	0.3333333333333333	C
HHEX	WSCD1	0.3333333333333333	C
HHEX	SLC23A2	0.3333333333333333	C
HHEX	PLCG2	0.3333333333333333	C
HHEX	NR2F2	0.3333333333333333	C
HIF1A	ACER3	0.3333333333333333	C
HIF1A	LARP4B	0.3333333333333333	C
GRHL2	GSN	0.3333333333333333	C
GRHL2	GDPD5	0.3333333333333333	C
GATA4	FLNB	0.3333333333333333	C
GATA4	KIAA1217	0.3333333333333333	C
GATA6	ABCC5	0.3333333333333333	C
GATA6	ARHGAP42	0.3333333333333333	C
GATA6	ATE1	0.3333333333333333	C
GATA6	ATP2B1	0.3333333333333333	C
GATA6	BARX2	0.3333333333333333	C
GATA6	BCAR3	0.3333333333333333	C
GATA6	BCAS3	0.3333333333333333	C
GATA6	BHLHE40	0.3333333333333333	C
GATA6	BMPR1B	0.3333333333333333	C
GATA6	CEP128	0.3333333333333333	C
GATA6	CLIC5	0.3333333333333333	C
GATA6	CUX1	0.3333333333333333	C
GATA6	DLC1	0.3333333333333333	C
GATA6	DPYSL2	0.3333333333333333	C
GATA6	FILIP1L	0.3333333333333333	C
GATA6	PLCB4	0.3333333333333333	C
GATA6	PKIB	0.3333333333333333	C
GATA6	PKDCC	0.3333333333333333	C
GATA6	PHLDB2	0.3333333333333333	C
GATA6	PDE4D	0.3333333333333333	C
GATA6	PCSK5	0.3333333333333333	C
GATA4	CLDN6	0.3333333333333333	C
GATA6	NR5A2	0.3333333333333333	C
GATA6	MICAL2	0.3333333333333333	C
GATA6	MEF2C	0.3333333333333333	C
GATA6	KRT8	0.3333333333333333	C
GATA6	KRT18	0.3333333333333333	C
GATA6	GALNT2	0.3333333333333333	C
GATA6	FLNB	0.3333333333333333	C
GATA6	MID1	0.3333333333333333	C
GATA4	CLDN14	0.3333333333333333	C
E2F4	MEX3C	0.3333333333333333	C
E2F4	MGAT4A	0.3333333333333333	C
E2F4	MRPL11	0.3333333333333333	C
GATA3	VAMP4	0.3333333333333333	C
E2F4	MTERF2	0.3333333333333333	C
GATA3	USP34	0.3333333333333333	C
GATA3	UPB1	0.3333333333333333	C
GATA3	UNC13B	0.3333333333333333	C
GATA3	VIRMA	0.3333333333333333	C
GATA3	BLTP3B	0.3333333333333333	C
E2F4	MYH9	0.3333333333333333	C
GATA3	TUBG2	0.3333333333333333	C
GATA3	TTC39B	0.3333333333333333	C
GATA3	TSPAN12	0.3333333333333333	C
E2F4	MYO9A	0.3333333333333333	C
GATA3	TRMO	0.3333333333333333	C
GATA3	UBE2G2	0.3333333333333333	C
GATA6	PLEKHA7	0.3333333333333333	C
E2F4	MPC1	0.3333333333333333	C
GATA3	WNT5B	0.3333333333333333	C
GATA3	ZNF526	0.3333333333333333	C
E2F4	MGAT5B	0.3333333333333333	C
GATA3	ZNF280B	0.3333333333333333	C
GATA3	ZNF221	0.3333333333333333	C
E2F4	MIB2	0.3333333333333333	C
GATA3	ZFYVE26	0.3333333333333333	C
GATA3	WNT4	0.3333333333333333	C
E2F4	MIS12	0.3333333333333333	C
GATA3	ZBTB9	0.3333333333333333	C
E2F4	MLEC	0.3333333333333333	C
GATA3	ZBTB38	0.3333333333333333	C
GATA3	XRCC4	0.3333333333333333	C
E2F4	MMD	0.3333333333333333	C
GATA3	WSCD1	0.3333333333333333	C
GATA3	ZC3H11A	0.3333333333333333	C
GATA6	PRDM16	0.3333333333333333	C
GATA6	PTK2B	0.3333333333333333	C
GATA6	RBM47	0.3333333333333333	C
GRHL2	ALK	0.3333333333333333	C
GRHL2	ALCAM	0.3333333333333333	C
GRHL2	AFAP1	0.3333333333333333	C
GRHL2	ADGRF1	0.3333333333333333	C
GRHL2	ABLIM1	0.3333333333333333	C
GRHL2	ABCA4	0.3333333333333333	C
GRHL2	ARHGAP32	0.3333333333333333	C
GFI1B	VPS13D	0.3333333333333333	C
GFI1B	TRIM2	0.3333333333333333	C
GFI1B	TMCC2	0.3333333333333333	C
GFI1B	STAT6	0.3333333333333333	C
GFI1B	SSH1	0.3333333333333333	C
GFI1B	SND1	0.3333333333333333	C
GFI1B	SMYD3	0.3333333333333333	C
GFI1B	USP10	0.3333333333333333	C
GFI1B	SGMS1	0.3333333333333333	C
GRHL2	ARHGEF4	0.3333333333333333	C
GRHL2	CALML3	0.3333333333333333	C
GRHL2	FBLN2	0.3333333333333333	C
GRHL2	FAT2	0.3333333333333333	C
GRHL2	EXPH5	0.3333333333333333	C
GRHL2	EVL	0.3333333333333333	C
GRHL2	ETV6	0.3333333333333333	C
GRHL2	ESYT2	0.3333333333333333	C
GRHL2	ATP8B1	0.3333333333333333	C
GRHL2	EPB41L1	0.3333333333333333	C
GRHL2	DENND2B	0.3333333333333333	C
GRHL2	CUEDC1	0.3333333333333333	C
GRHL2	CTNNBIP1	0.3333333333333333	C
GRHL2	CDCP1	0.3333333333333333	C
GRHL2	CCDC12	0.3333333333333333	C
GRHL2	CAST	0.3333333333333333	C
GRHL2	EHF	0.3333333333333333	C
GRHL2	GRAMD2B	0.3333333333333333	C
GFI1B	RERE	0.3333333333333333	C
GFI1B	NEDD4L	0.3333333333333333	C
GATA6	TBC1D1	0.3333333333333333	C
GATA6	SYNE2	0.3333333333333333	C
GATA6	SYNE1	0.3333333333333333	C
E2F4	MEF2D	0.3333333333333333	C
GATA6	STARD13	0.3333333333333333	C
GATA6	SPTB	0.3333333333333333	C
GATA6	TMSB4X	0.3333333333333333	C
GATA6	SOX6	0.3333333333333333	C
GATA6	SIPA1L2	0.3333333333333333	C
GATA6	SH3RF2	0.3333333333333333	C
GATA6	SH3KBP1	0.3333333333333333	C
GATA6	SEPTIN9	0.3333333333333333	C
E2F4	MEIS2	0.3333333333333333	C
GATA6	RGS3	0.3333333333333333	C
GATA6	SLC15A2	0.3333333333333333	C
GFI1B	PLB1	0.3333333333333333	C
GATA6	ZFP36L1	0.3333333333333333	C
GFI1B	AMBRA1	0.3333333333333333	C
GFI1B	NAV2	0.3333333333333333	C
GFI1B	MYH9	0.3333333333333333	C
GFI1B	MGAT1	0.3333333333333333	C
GFI1B	MACF1	0.3333333333333333	C
GFI1B	LTBP4	0.3333333333333333	C
GFI1B	KSR1	0.3333333333333333	C
GFI1B	AHCYL2	0.3333333333333333	C
GFI1B	KCNN3	0.3333333333333333	C
GFI1B	HK1	0.3333333333333333	C
GFI1B	FRYL	0.3333333333333333	C
GFI1B	FOXP1	0.3333333333333333	C
GFI1B	CPNE5	0.3333333333333333	C
GFI1B	BRD2	0.3333333333333333	C
GFI1B	APLP2	0.3333333333333333	C
GFI1B	HNRNPF	0.3333333333333333	C
HIF1A	LDHB	0.3333333333333333	C
HIF1A	LIMCH1	0.3333333333333333	C
HIF1A	LRRFIP1	0.3333333333333333	C
HNF4A	ARHGEF11	0.3333333333333333	C
ESR1	SMARCA4	0.3333333333333333	C
HNF4A	ARSH	0.3333333333333333	C
HNF4A	ATP2B1	0.3333333333333333	C
HSF1	HLA-G	0.3333333333333333	C
HNF4A	ATP6V0D1	0.3333333333333333	C
E2F4	PABIR2	0.3333333333333333	C
HNF4A	ATP8B3	0.3333333333333333	C
HNF4A	BAIAP2L2	0.3333333333333333	C
HNF4A	BATF2	0.3333333333333333	C
HNF4A	BBOX1	0.3333333333333333	C
E2F4	EZR	0.3333333333333333	C
HNF4A	BCAT2	0.3333333333333333	C
E2F4	ERCC1	0.3333333333333333	C
HNF4A	BLCAP	0.3333333333333333	C
HNF4A	BLOC1S5	0.3333333333333333	C
HNF4A	BRAP	0.3333333333333333	C
E2F4	EFNA3	0.3333333333333333	C
E2F4	EGR3	0.3333333333333333	C
HNF4A	CACNB2	0.3333333333333333	C
HNF4A	CACNA1H	0.3333333333333333	C
HNF4A	QNG1	0.3333333333333333	C
HNF4A	APRG1	0.3333333333333333	C
E2F4	FBXL3	0.3333333333333333	C
HNF4A	C2orf88	0.3333333333333333	C
HNF4A	C17orf99	0.3333333333333333	C
HNF4A	C15orf39	0.3333333333333333	C
HNF4A	ZFTA	0.3333333333333333	C
HNF4A	BYSL	0.3333333333333333	C
HNF4A	BTBD19	0.3333333333333333	C
HNF4A	BRD2	0.3333333333333333	C
E2F4	ELK1	0.3333333333333333	C
E2F4	FBXO34	0.3333333333333333	C
HNF4A	AP1M1	0.3333333333333333	C
HNF4A	AP1AR	0.3333333333333333	C
HNF4A	AIFM3	0.3333333333333333	C
E2F4	GLDC	0.3333333333333333	C
E2F4	GLS2	0.3333333333333333	C
E2F4	GNB1	0.3333333333333333	C
E2F4	GPR157	0.3333333333333333	C
HNF4A	ADPGK	0.3333333333333333	C
E2F4	GCSH	0.3333333333333333	C
E2F4	GPRIN1	0.3333333333333333	C
E2F4	GRK5	0.3333333333333333	C
E2F4	GRM8	0.3333333333333333	C
HNF4A	ADGRA2	0.3333333333333333	C
HNF4A	ADD3	0.3333333333333333	C
HNF4A	ADAMTS18	0.3333333333333333	C
E2F4	GSTCD	0.3333333333333333	C
E2F4	GRHPR	0.3333333333333333	C
HNF4A	CAND1	0.3333333333333333	C
E2F4	GCFC2	0.3333333333333333	C
HNF4A	ALAS1	0.3333333333333333	C
HNF4A	ANXA11	0.3333333333333333	C
HNF4A	ANO4	0.3333333333333333	C
HNF4A	ANKRD29	0.3333333333333333	C
HNF4A	ANKRD11	0.3333333333333333	C
HNF4A	ANGPTL4	0.3333333333333333	C
HNF4A	AMZ1	0.3333333333333333	C
HNF4A	AKR1C3	0.3333333333333333	C
HNF4A	AMT	0.3333333333333333	C
HNF4A	AMPD2	0.3333333333333333	C
HNF4A	ALPK3	0.3333333333333333	C
E2F4	FLYWCH1	0.3333333333333333	C
HNF4A	ALDH3B1	0.3333333333333333	C
E2F4	FMR1	0.3333333333333333	C
E2F4	FN3KRP	0.3333333333333333	C
E2F4	FKBP15	0.3333333333333333	C
HNF4A	CARD14	0.3333333333333333	C
HNF4A	CARMIL3	0.3333333333333333	C
E2F4	EEFSEC	0.3333333333333333	C
E2F4	CPSF1	0.3333333333333333	C
E2F4	CSMD2	0.3333333333333333	C
E2F4	CTSV	0.3333333333333333	C
HNF4A	CST5	0.3333333333333333	C
HNF4A	CSPG4	0.3333333333333333	C
HNF4A	CSMD2	0.3333333333333333	C
E2F4	CPOX	0.3333333333333333	C
HNF4A	CRTC2	0.3333333333333333	C
HNF4A	CPQ	0.3333333333333333	C
CEBPD	GADD45A	0.3333333333333333	C
E2F4	DCAF1	0.3333333333333333	C
E2F4	DDAH1	0.3333333333333333	C
HNF4A	COQ8A	0.3333333333333333	C
HNF4A	COMT	0.3333333333333333	C
HNF4A	CRHR1	0.3333333333333333	C
HNF4A	COL8A2	0.3333333333333333	C
E2F4	COPS7B	0.3333333333333333	C
E2F4	CMTM6	0.3333333333333333	C
HNF4A	DNAJA2	0.3333333333333333	C
HNF4A	DNAH3	0.3333333333333333	C
HNF4A	DNAH10	0.3333333333333333	C
HNF4A	DLG2	0.3333333333333333	C
E2F4	CHRAC1	0.3333333333333333	C
E2F4	CLASP2	0.3333333333333333	C
HNF4A	CYREN	0.3333333333333333	C
HNF4A	DENND2D	0.3333333333333333	C
E2F4	CLSPN	0.3333333333333333	C
HNF4A	DDX55	0.3333333333333333	C
HNF4A	DCTN5	0.3333333333333333	C
HNF4A	DCDC1	0.3333333333333333	C
HNF4A	DCC	0.3333333333333333	C
E2F4	CMC1	0.3333333333333333	C
HNF4A	DENND1C	0.3333333333333333	C
E2F4	GSTO1	0.3333333333333333	C
E2F4	DDHD2	0.3333333333333333	C
HNF4A	COA4	0.3333333333333333	C
HNF4A	CFAP61	0.3333333333333333	C
HNF4A	CERS2	0.3333333333333333	C
HNF4A	CEP68	0.3333333333333333	C
HNF4A	CELSR3	0.3333333333333333	C
E2F4	DMRT2	0.3333333333333333	C
HNF4A	CDH10	0.3333333333333333	C
HNF4A	CFAP91	0.3333333333333333	C
HNF4A	CD36	0.3333333333333333	C
HNF4A	CCL16	0.3333333333333333	C
HNF4A	CCDC93	0.3333333333333333	C
E2F4	DUSP8	0.3333333333333333	C
HNF4A	CCDC25	0.3333333333333333	C
HNF4A	CCDC154	0.3333333333333333	C
HNF4A	CBFA2T3	0.3333333333333333	C
HNF4A	CD2BP2	0.3333333333333333	C
HNF4A	COL1A2	0.3333333333333333	C
HNF4A	CFAP97D1	0.3333333333333333	C
HNF4A	CHD5	0.3333333333333333	C
HNF4A	CNOT9	0.3333333333333333	C
HNF4A	CNNM1	0.3333333333333333	C
HNF4A	CMC1	0.3333333333333333	C
HNF4A	CLUH	0.3333333333333333	C
HNF4A	CLSTN3	0.3333333333333333	C
E2F4	DDX59	0.3333333333333333	C
E2F4	DLL1	0.3333333333333333	C
E2F4	DEPDC5	0.3333333333333333	C
HNF4A	CLDN19	0.3333333333333333	C
HNF4A	CIDEC	0.3333333333333333	C
HNF4A	CHST3	0.3333333333333333	C
HNF4A	CHST13	0.3333333333333333	C
HNF4A	CHODL	0.3333333333333333	C
HNF4A	CHIT1	0.3333333333333333	C
USF1	SERPINE2	0.3333333333333333	C
E2F4	GTF2F1	0.3333333333333333	C
HNF4A	ACSL1	0.3333333333333333	C
HNF4A	ACOT8	0.3333333333333333	C
E2F4	HIPK1	0.3333333333333333	C
E2F4	HIRA	0.3333333333333333	C
E2F4	HK1	0.3333333333333333	C
HIF1A	WNK3	0.3333333333333333	C
HIF1A	VKORC1	0.3333333333333333	C
HIF1A	UBASH3B	0.3333333333333333	C
HIF1A	ZNF131	0.3333333333333333	C
HIF1A	UACA	0.3333333333333333	C
HIF1A	TRPS1	0.3333333333333333	C
HIF1A	SUSD1	0.3333333333333333	C
HIF1A	STK3	0.3333333333333333	C
HIF1A	SPRY1	0.3333333333333333	C
E2F4	HNRNPLL	0.3333333333333333	C
E2F4	HOMER1	0.3333333333333333	C
HIF1A	TXNRD1	0.3333333333333333	C
E2F4	HSPA6	0.3333333333333333	C
HIF1A	ZNF385D	0.3333333333333333	C
HINFP	ACBD5	0.3333333333333333	C
HINFP	USP48	0.3333333333333333	C
HINFP	TBXAS1	0.3333333333333333	C
HINFP	SUN2	0.3333333333333333	C
HINFP	SEPTIN9	0.3333333333333333	C
HINFP	RUNX1	0.3333333333333333	C
HINFP	REEP5	0.3333333333333333	C
HINFP	ABT1	0.3333333333333333	C
HINFP	PPP1R9B	0.3333333333333333	C
HINFP	IRAG1	0.3333333333333333	C
HINFP	GPN1	0.3333333333333333	C
HINFP	CYB5R4	0.3333333333333333	C
HINFP	CCDC9	0.3333333333333333	C
HINFP	C2CD2L	0.3333333333333333	C
HINFP	ATF7IP2	0.3333333333333333	C
HINFP	MPZL1	0.3333333333333333	C
HMBOX1	ADCY10	0.3333333333333333	C
HIF1A	SCRN1	0.3333333333333333	C
HIF1A	RREB1	0.3333333333333333	C
HIF1A	P4HA2	0.3333333333333333	C
HIF1A	OSBPL8	0.3333333333333333	C
HIF1A	OGFOD2	0.3333333333333333	C
E2F4	IRF8	0.3333333333333333	C
E2F4	ISL2	0.3333333333333333	C
HIF1A	NME2	0.3333333333333333	C
HIF1A	PARVB	0.3333333333333333	C
HIF1A	NAT10	0.3333333333333333	C
E2F4	KCNB1	0.3333333333333333	C
E2F4	KCNC4	0.3333333333333333	C
E2F4	KDM1B	0.3333333333333333	C
E2F4	KIAA1586	0.3333333333333333	C
HIF1A	MICALL2	0.3333333333333333	C
HIF1A	MAP3K13	0.3333333333333333	C
HIF1A	MZF1	0.3333333333333333	C
HIF1A	SAMD4A	0.3333333333333333	C
HIF1A	PDE4B	0.3333333333333333	C
E2F4	IRF2BP1	0.3333333333333333	C
HIF1A	RPL3	0.3333333333333333	C
E2F4	IFRD1	0.3333333333333333	C
HIF1A	RNF187	0.3333333333333333	C
HIF1A	RGS7	0.3333333333333333	C
E2F4	ING1	0.3333333333333333	C
HIF1A	RASSF4	0.3333333333333333	C
HIF1A	PES1	0.3333333333333333	C
HIF1A	RALGAPA2	0.3333333333333333	C
E2F4	INIP	0.3333333333333333	C
HIF1A	PRKCE	0.3333333333333333	C
HIF1A	PLIN2	0.3333333333333333	C
HIF1A	PLEC	0.3333333333333333	C
HIF1A	PLCB4	0.3333333333333333	C
E2F4	IRF1	0.3333333333333333	C
HIF1A	PTPRR	0.3333333333333333	C
E2F4	NAB1	0.3333333333333333	C
HMBOX1	AMBRA1	0.3333333333333333	C
HMBOX1	CDKAL1	0.3333333333333333	C
HNF1B	PARD3	0.3333333333333333	C
HNF1B	NRXN1	0.3333333333333333	C
HNF1B	MYO16	0.3333333333333333	C
HNF1B	MAL2	0.3333333333333333	C
HNF1B	LYRM1	0.3333333333333333	C
HNF1B	LPP	0.3333333333333333	C
HNF1B	PHEX	0.3333333333333333	C
HNF1B	KCNIP4	0.3333333333333333	C
HNF1B	HAVCR1	0.3333333333333333	C
HNF1B	GRAMD2B	0.3333333333333333	C
HNF1B	GPR39	0.3333333333333333	C
HNF1B	GPR160	0.3333333333333333	C
HNF1B	GLIS3	0.3333333333333333	C
HNF1B	EPS8	0.3333333333333333	C
HNF1B	HDAC4	0.3333333333333333	C
HNF1B	EHF	0.3333333333333333	C
HNF1B	PLEKHG3	0.3333333333333333	C
HNF1B	SH3KBP1	0.3333333333333333	C
HNF4A	ACOT2	0.3333333333333333	C
E2F4	H2AX	0.3333333333333333	C
HNF4A	ACOT1	0.3333333333333333	C
HNF4A	ACAD10	0.3333333333333333	C
E2F4	H2AZ2	0.3333333333333333	C
E2F4	HAUS8	0.3333333333333333	C
HNF1B	PTP4A1	0.3333333333333333	C
HNF4A	ABAT	0.3333333333333333	C
HNF1B	ZNF438	0.3333333333333333	C
HNF1B	VEPH1	0.3333333333333333	C
HNF1B	TMCO5A	0.3333333333333333	C
HNF1B	TM4SF4	0.3333333333333333	C
HNF1B	TINAG	0.3333333333333333	C
HNF1B	SPINK1	0.3333333333333333	C
HNF4A	AATK	0.3333333333333333	C
HMBOX1	ASPH	0.3333333333333333	C
HNF1B	CNKSR3	0.3333333333333333	C
HNF1B	BMPR1B	0.3333333333333333	C
HMBOX1	REV3L	0.3333333333333333	C
HMBOX1	RBPJ	0.3333333333333333	C
HMBOX1	RBM39	0.3333333333333333	C
HMBOX1	PHF21A	0.3333333333333333	C
HMBOX1	PEAK1	0.3333333333333333	C
HMBOX1	PDE7A	0.3333333333333333	C
HMBOX1	RICTOR	0.3333333333333333	C
E2F4	HIGD1A	0.3333333333333333	C
HMBOX1	KDM4C	0.3333333333333333	C
HMBOX1	INTS6L	0.3333333333333333	C
HMBOX1	FOXP1	0.3333333333333333	C
HMBOX1	CYTH1	0.3333333333333333	C
HMBOX1	CTBS	0.3333333333333333	C
HMBOX1	CHD2	0.3333333333333333	C
HMBOX1	KSR1	0.3333333333333333	C
HNF1B	CEMIP2	0.3333333333333333	C
HMBOX1	SMAD3	0.3333333333333333	C
HMBOX1	STK17B	0.3333333333333333	C
HNF1B	ATP6AP1L	0.3333333333333333	C
HNF1B	ARHGEF28	0.3333333333333333	C
HNF1B	ARHGAP24	0.3333333333333333	C
HNF1B	ANXA10	0.3333333333333333	C
HNF1B	AKR1C3	0.3333333333333333	C
HNF1B	AFDN	0.3333333333333333	C
HMBOX1	SPIDR	0.3333333333333333	C
HNF1B	ADGRV1	0.3333333333333333	C
HNF1B	ACSL5	0.3333333333333333	C
HNF1A	GC	0.3333333333333333	C
HMBOX1	ZNRF1	0.3333333333333333	C
HMBOX1	VPS13D	0.3333333333333333	C
HMBOX1	TXNRD1	0.3333333333333333	C
HMBOX1	TNRC6B	0.3333333333333333	C
HNF1B	ADGRL2	0.3333333333333333	C
FOXA1	UNC13C	0.3333333333333333	C
GATA3	TRIM16	0.3333333333333333	C
GATA3	TP53I11	0.3333333333333333	C
E2F6	TNK2	0.3333333333333333	C
GATA3	CTPS1	0.3333333333333333	C
E2F6	TGIF1	0.3333333333333333	C
E2F6	TFAP4	0.3333333333333333	C
E2F6	TCF3	0.3333333333333333	C
GATA3	CYP2C9	0.3333333333333333	C
E2F6	TANGO2	0.3333333333333333	C
E2F6	TACC3	0.3333333333333333	C
E2F6	ST6GAL1	0.3333333333333333	C
GATA3	DCDC2	0.3333333333333333	C
E2F6	ST3GAL1	0.3333333333333333	C
GATA3	DEDD2	0.3333333333333333	C
E2F6	SRXN1	0.3333333333333333	C
GATA3	DGKB	0.3333333333333333	C
E2F6	SRCIN1	0.3333333333333333	C
E2F6	SMAD3	0.3333333333333333	C
E2F6	SLC9A3	0.3333333333333333	C
E2F6	PDE4A	0.3333333333333333	C
E2F6	PFKFB3	0.3333333333333333	C
E2F6	PIEZO1	0.3333333333333333	C
E2F6	PIP4K2A	0.3333333333333333	C
GATA3	DPYS	0.3333333333333333	C
E2F6	PTMA	0.3333333333333333	C
GATA3	CTNNBL1	0.3333333333333333	C
E2F6	PTP4A2	0.3333333333333333	C
E2F6	PTPRU	0.3333333333333333	C
E2F6	RAP1GAP	0.3333333333333333	C
E2F6	RNH1	0.3333333333333333	C
E2F6	RXRA	0.3333333333333333	C
E2F6	RYR1	0.3333333333333333	C
E2F6	SLC16A3	0.3333333333333333	C
E2F6	PTPRF	0.3333333333333333	C
E2F6	TRIB3	0.3333333333333333	C
E2F6	TXNRD1	0.3333333333333333	C
GATA3	CRYZL1	0.3333333333333333	C
GATA3	CHCHD3	0.3333333333333333	C
GATA3	CERS4	0.3333333333333333	C
GATA3	CEP89	0.3333333333333333	C
E2F7	EEF1A1	0.3333333333333333	C
E2F7	ETS1	0.3333333333333333	C
GATA3	CENPP	0.3333333333333333	C
GATA3	CHL1	0.3333333333333333	C
E2F7	FOS	0.3333333333333333	C
E2F7	HNRNPK	0.3333333333333333	C
E2F7	LGALS1	0.3333333333333333	C
GATA3	CDH9	0.3333333333333333	C
E2F7	MYEOV	0.3333333333333333	C
E2F7	PDGFRA	0.3333333333333333	C
GATA3	CDC42	0.3333333333333333	C
E2F7	HNRNPD	0.3333333333333333	C
GATA3	DUSP22	0.3333333333333333	C
GATA3	CHRNA7	0.3333333333333333	C
GATA3	CLASP2	0.3333333333333333	C
E2F6	ZCCHC2	0.3333333333333333	C
GATA3	CREM	0.3333333333333333	C
GATA3	CRAMP1	0.3333333333333333	C
E2F6	ZNF195	0.3333333333333333	C
E2F6	ZNF395	0.3333333333333333	C
E2F7	AGRN	0.3333333333333333	C
E2F7	DST	0.3333333333333333	C
E2F7	ALDOA	0.3333333333333333	C
GATA3	CLTA	0.3333333333333333	C
GATA3	CLSTN3	0.3333333333333333	C
E2F7	CD44	0.3333333333333333	C
E2F7	DNMT1	0.3333333333333333	C
GATA3	CLDN14	0.3333333333333333	C
GATA3	CLASRP	0.3333333333333333	C
E2F7	ARID1A	0.3333333333333333	C
GATA3	DYNC1I2	0.3333333333333333	C
GATA3	DYRK1A	0.3333333333333333	C
E2F6	PCBP1	0.3333333333333333	C
E2F5	PIM1	0.3333333333333333	C
E2F5	PTMA	0.3333333333333333	C
GATA3	FLT1	0.3333333333333333	C
E2F5	SLC22A23	0.3333333333333333	C
E2F5	SLC25A37	0.3333333333333333	C
E2F6	ABR	0.3333333333333333	C
E2F5	MCM3	0.3333333333333333	C
E2F6	AGRN	0.3333333333333333	C
E2F6	BAHCC1	0.3333333333333333	C
GATA3	FGF13	0.3333333333333333	C
E2F6	BAHD1	0.3333333333333333	C
GATA3	FGD4	0.3333333333333333	C
E2F6	CCDC57	0.3333333333333333	C
GATA3	FDFT1	0.3333333333333333	C
E2F6	ARHGAP21	0.3333333333333333	C
E2F6	CTDSP1	0.3333333333333333	C
E2F5	MAP3K7	0.3333333333333333	C
E2F5	JADE1	0.3333333333333333	C
GATA3	GAS2	0.3333333333333333	C
GATA3	GAREM1	0.3333333333333333	C
GATA3	GAR1	0.3333333333333333	C
GATA3	GALNT2	0.3333333333333333	C
E2F4	ZNF74	0.3333333333333333	C
E2F4	ZNF768	0.3333333333333333	C
E2F5	JSRP1	0.3333333333333333	C
E2F5	CBX3	0.3333333333333333	C
GATA3	FSCB	0.3333333333333333	C
GATA3	FRMD5	0.3333333333333333	C
E2F5	DPYSL2	0.3333333333333333	C
E2F5	FANCC	0.3333333333333333	C
GATA3	FRK	0.3333333333333333	C
GATA3	FREM1	0.3333333333333333	C
E2F5	CHEK2	0.3333333333333333	C
E2F7	PFKM	0.3333333333333333	C
GATA3	FBXO43	0.3333333333333333	C
E2F6	EFNA3	0.3333333333333333	C
E2F6	MXI1	0.3333333333333333	C
GATA3	ENPP4	0.3333333333333333	C
E2F6	MYH9	0.3333333333333333	C
GATA3	ENOX1	0.3333333333333333	C
E2F6	NACC2	0.3333333333333333	C
GATA3	EML1	0.3333333333333333	C
GATA3	EPB41	0.3333333333333333	C
GATA3	ELP1	0.3333333333333333	C
E2F6	NFATC2	0.3333333333333333	C
GATA3	ELAC2	0.3333333333333333	C
E2F6	NFE2L2	0.3333333333333333	C
E2F6	NFIB	0.3333333333333333	C
E2F6	NOL4L	0.3333333333333333	C
E2F6	OSBPL3	0.3333333333333333	C
E2F6	NFATC1	0.3333333333333333	C
GATA3	FBXO16	0.3333333333333333	C
E2F6	MROH1	0.3333333333333333	C
E2F6	MEIS2	0.3333333333333333	C
E2F6	FAM178B	0.3333333333333333	C
GATA3	FAM153A	0.3333333333333333	C
E2F6	FANCC	0.3333333333333333	C
GATA3	FAM114A2	0.3333333333333333	C
E2F6	FZD5	0.3333333333333333	C
E2F6	GNAS	0.3333333333333333	C
E2F6	MEX3B	0.3333333333333333	C
GATA3	EXT2	0.3333333333333333	C
E2F6	ICAM5	0.3333333333333333	C
E2F6	KAZALD1	0.3333333333333333	C
E2F6	KCTD15	0.3333333333333333	C
E2F6	LTBP3	0.3333333333333333	C
GATA3	ETV4	0.3333333333333333	C
E2F6	MACF1	0.3333333333333333	C
E2F6	HIRA	0.3333333333333333	C
GATA3	GATA4	0.3333333333333333	C
GATA3	CCM2L	0.3333333333333333	C
E2F7	RCC1	0.3333333333333333	C
EBF1	PLD1	0.3333333333333333	C
EBF1	PLCL2	0.3333333333333333	C
EBF1	PKIG	0.3333333333333333	C
EBF1	PIP4K2A	0.3333333333333333	C
EBF1	PALM2AKAP2	0.3333333333333333	C
EBF1	PAG1	0.3333333333333333	C
GATA3	AADACL4	0.3333333333333333	C
EBF1	PACSIN2	0.3333333333333333	C
GATA3	ABCA5	0.3333333333333333	C
GATA3	ABCC5	0.3333333333333333	C
EBF1	NOL4L	0.3333333333333333	C
GATA3	ABLIM2	0.3333333333333333	C
GATA3	ACACA	0.3333333333333333	C
GATA3	ACIN1	0.3333333333333333	C
GATA3	ACTL8	0.3333333333333333	C
EBF1	NCALD	0.3333333333333333	C
EBF1	NAV2	0.3333333333333333	C
EBF1	FYN	0.3333333333333333	C
EBF1	GRK5	0.3333333333333333	C
GATA3	AKR1E2	0.3333333333333333	C
GATA3	AKAP9	0.3333333333333333	C
EBF1	IL16	0.3333333333333333	C
EBF1	INPP4A	0.3333333333333333	C
EBF1	PMEPA1	0.3333333333333333	C
GATA3	AGTR2	0.3333333333333333	C
EBF1	INSR	0.3333333333333333	C
EBF1	IQSEC1	0.3333333333333333	C
EBF1	ITPR1	0.3333333333333333	C
EBF1	KSR1	0.3333333333333333	C
EBF1	LAMC1	0.3333333333333333	C
EBF1	LRCH1	0.3333333333333333	C
GATA3	AGO3	0.3333333333333333	C
POU2F2	EBF1	0.3333333333333333	C
EBF1	PPFIBP2	0.3333333333333333	C
EBF1	PREX1	0.3333333333333333	C
EBF1	SPOCK1	0.3333333333333333	C
EBF1	SPTBN1	0.3333333333333333	C
GATA2	BLTP3B	0.3333333333333333	C
GATA2	UCK2	0.3333333333333333	C
EBF1	ST3GAL5	0.3333333333333333	C
EBF1	STARD13	0.3333333333333333	C
GATA2	USP31	0.3333333333333333	C
EBF1	TACC1	0.3333333333333333	C
EBF1	TBC1D2B	0.3333333333333333	C
GATA2	TUBG2	0.3333333333333333	C
GATA2	TTN	0.3333333333333333	C
GATA2	TSNAX	0.3333333333333333	C
GATA2	TSLP	0.3333333333333333	C
EBF1	TCF4	0.3333333333333333	C
GATA2	TXNDC2	0.3333333333333333	C
GATA3	ALLC	0.3333333333333333	C
GATA2	USP6NL	0.3333333333333333	C
GATA2	UTP25	0.3333333333333333	C
EBF1	PRKAG2	0.3333333333333333	C
EBF1	PRKCD	0.3333333333333333	C
GATA2	WSCD1	0.3333333333333333	C
EBF1	PTPRS	0.3333333333333333	C
EBF1	RALGDS	0.3333333333333333	C
EBF1	RASA3	0.3333333333333333	C
EBF1	SMAD7	0.3333333333333333	C
EBF1	RBM20	0.3333333333333333	C
EBF1	RFTN1	0.3333333333333333	C
EBF1	RGS6	0.3333333333333333	C
EBF1	RIN3	0.3333333333333333	C
GATA2	VAMP4	0.3333333333333333	C
EBF1	SEMA4B	0.3333333333333333	C
EBF1	SLC8A1	0.3333333333333333	C
EBF1	RBM47	0.3333333333333333	C
EBF1	FLNB	0.3333333333333333	C
EBF1	FCHSD2	0.3333333333333333	C
GATA3	ANKRD10	0.3333333333333333	C
GATA3	BZW2	0.3333333333333333	C
GATA3	BTBD9	0.3333333333333333	C
E2F7	ZFP36L1	0.3333333333333333	C
GATA3	BRD4	0.3333333333333333	C
GATA3	BPIFA3	0.3333333333333333	C
E2F7	ZNF367	0.3333333333333333	C
GATA3	CSTPP1	0.3333333333333333	C
EBF1	ACKR3	0.3333333333333333	C
GATA3	BFSP1	0.3333333333333333	C
EBF1	ADAP1	0.3333333333333333	C
GATA3	BCL7C	0.3333333333333333	C
EBF1	ANK1	0.3333333333333333	C
GATA3	BBS9	0.3333333333333333	C
GATA3	BBOX1	0.3333333333333333	C
GATA3	BMF	0.3333333333333333	C
GATA3	BAZ1A	0.3333333333333333	C
GATA3	C1QTNF6	0.3333333333333333	C
E2F7	WEE1	0.3333333333333333	C
GATA3	CCDC66	0.3333333333333333	C
GATA3	CCDC60	0.3333333333333333	C
GATA3	CCDC25	0.3333333333333333	C
GATA3	YJU2B	0.3333333333333333	C
E2F7	RFC4	0.3333333333333333	C
GATA3	CBY2	0.3333333333333333	C
GATA3	C5orf47	0.3333333333333333	C
E2F7	RMI1	0.3333333333333333	C
GATA3	CARMIL1	0.3333333333333333	C
GATA3	CAPZB	0.3333333333333333	C
E2F7	SMG6	0.3333333333333333	C
E2F7	STAG2	0.3333333333333333	C
GATA3	CALML3	0.3333333333333333	C
E2F7	VGLL4	0.3333333333333333	C
E2F7	SLC1A5	0.3333333333333333	C
E2F7	PLK2	0.3333333333333333	C
GATA3	BARX2	0.3333333333333333	C
EBF1	ARHGEF17	0.3333333333333333	C
EBF1	CLMN	0.3333333333333333	C
EBF1	CMIP	0.3333333333333333	C
EBF1	CORO2B	0.3333333333333333	C
EBF1	CUX1	0.3333333333333333	C
EBF1	DENND2B	0.3333333333333333	C
GATA3	ARFGEF1	0.3333333333333333	C
GATA3	ARID1A	0.3333333333333333	C
EBF1	DPYSL2	0.3333333333333333	C
GATA3	AP4E1	0.3333333333333333	C
GATA3	AP1M1	0.3333333333333333	C
EBF1	EEPD1	0.3333333333333333	C
EBF1	EHD1	0.3333333333333333	C
EBF1	ELMO1	0.3333333333333333	C
EBF1	EEIG1	0.3333333333333333	C
GATA3	APBB2	0.3333333333333333	C
EBF1	ANKRD44	0.3333333333333333	C
EBF1	CDH23	0.3333333333333333	C
GATA3	ARSD	0.3333333333333333	C
GATA3	BABAM2	0.3333333333333333	C
GATA3	B4GALNT3	0.3333333333333333	C
GATA3	AVL9	0.3333333333333333	C
EBF1	ARHGEF2	0.3333333333333333	C
EBF1	ARID5B	0.3333333333333333	C
EBF1	BCL2	0.3333333333333333	C
GATA3	BMAL1	0.3333333333333333	C
GATA3	ATP8A2	0.3333333333333333	C
GATA3	ATP11C	0.3333333333333333	C
GATA3	ATF3	0.3333333333333333	C
GATA3	ASB11	0.3333333333333333	C
EBF1	BRF1	0.3333333333333333	C
EBF1	CCDC33	0.3333333333333333	C
GATA3	ARSF	0.3333333333333333	C
GATA3	ATP12A	0.3333333333333333	C
E2F4	ZNF517	0.3333333333333333	C
E2F4	ZNF451	0.3333333333333333	C
GATA3	GORASP2	0.3333333333333333	C
E2F4	RAB23	0.3333333333333333	C
GATA3	RECK	0.3333333333333333	C
E2F4	PXYLP1	0.3333333333333333	C
GATA3	RGPD1	0.3333333333333333	C
GATA3	RGS3	0.3333333333333333	C
GATA3	RHOBTB1	0.3333333333333333	C
E2F4	PTBP2	0.3333333333333333	C
GATA3	RMDN2	0.3333333333333333	C
GATA3	RNASE1	0.3333333333333333	C
GATA3	RNASE10	0.3333333333333333	C
GATA3	RNF182	0.3333333333333333	C
GATA3	RNF220	0.3333333333333333	C
GATA3	RPA3	0.3333333333333333	C
E2F4	PRR14	0.3333333333333333	C
GATA3	RTCB	0.3333333333333333	C
E2F4	PRPF31	0.3333333333333333	C
E2F4	PROCA1	0.3333333333333333	C
E2F4	POLRMT	0.3333333333333333	C
GATA3	SEPTIN12	0.3333333333333333	C
GATA3	SEPHS1	0.3333333333333333	C
GATA3	SEMA3E	0.3333333333333333	C
E2F4	PPM1H	0.3333333333333333	C
E2F4	PPP1R12A	0.3333333333333333	C
E2F4	RAB33B	0.3333333333333333	C
GATA3	SEC62	0.3333333333333333	C
GATA3	SCN8A	0.3333333333333333	C
GATA3	SCGN	0.3333333333333333	C
E2F4	PPP2R5A	0.3333333333333333	C
E2F4	PPP6R3	0.3333333333333333	C
GATA3	SATB2	0.3333333333333333	C
E2F4	PRKD1	0.3333333333333333	C
GATA3	SEC24D	0.3333333333333333	C
GATA3	RBL2	0.3333333333333333	C
GATA3	RASAL2	0.3333333333333333	C
GATA3	RALGAPB	0.3333333333333333	C
GATA3	PPP6R3	0.3333333333333333	C
E2F4	RNF2	0.3333333333333333	C
GATA3	PPP1R3A	0.3333333333333333	C
GATA3	PPP1R12A	0.3333333333333333	C
E2F4	RSPO3	0.3333333333333333	C
GATA3	PPHLN1	0.3333333333333333	C
GATA3	PPT1	0.3333333333333333	C
GATA3	PPFIA2	0.3333333333333333	C
GATA3	POLE2	0.3333333333333333	C
GATA3	PLSCR2	0.3333333333333333	C
GATA3	PLEKHA7	0.3333333333333333	C
GATA3	PLEKHA5	0.3333333333333333	C
E2F4	S100A13	0.3333333333333333	C
E2F4	SAMD4B	0.3333333333333333	C
GATA3	PPARGC1B	0.3333333333333333	C
GATA3	SETD5	0.3333333333333333	C
E2F4	RNF187	0.3333333333333333	C
E2F4	RGS10	0.3333333333333333	C
GATA3	RALGAPA2	0.3333333333333333	C
E2F4	RALY	0.3333333333333333	C
E2F4	RANBP9	0.3333333333333333	C
GATA3	RAB30	0.3333333333333333	C
GATA3	RAB11FIP1	0.3333333333333333	C
E2F4	RASSF8	0.3333333333333333	C
E2F4	RMI1	0.3333333333333333	C
GATA3	PTPRF	0.3333333333333333	C
E2F4	RBPJ	0.3333333333333333	C
GATA3	PTH2R	0.3333333333333333	C
GATA3	PTGER3	0.3333333333333333	C
GATA3	PSMA6	0.3333333333333333	C
GATA3	PROM1	0.3333333333333333	C
GATA3	PRL	0.3333333333333333	C
GATA3	PTMS	0.3333333333333333	C
E2F4	PMF1	0.3333333333333333	C
GATA3	SHPRH	0.3333333333333333	C
HNF4A	ERBB2	0.3333333333333333	C
GATA3	THRAP3	0.3333333333333333	C
GATA3	TGIF1	0.3333333333333333	C
E2F4	NT5E	0.3333333333333333	C
GATA3	TEX26	0.3333333333333333	C
GATA3	TEX101	0.3333333333333333	C
E2F4	NTRK1	0.3333333333333333	C
E2F4	NOL4L	0.3333333333333333	C
GATA3	TCIM	0.3333333333333333	C
GATA3	TATDN1	0.3333333333333333	C
E2F4	OBI1	0.3333333333333333	C
E2F4	OPN3	0.3333333333333333	C
GATA3	SYT10	0.3333333333333333	C
E2F4	ORMDL3	0.3333333333333333	C
E2F4	OSBPL3	0.3333333333333333	C
GATA3	TCF4	0.3333333333333333	C
E2F4	PAWR	0.3333333333333333	C
E2F4	NNAT	0.3333333333333333	C
E2F4	NIBAN1	0.3333333333333333	C
E2F4	NFATC1	0.3333333333333333	C
GATA3	TNRC6B	0.3333333333333333	C
GATA3	TNKS	0.3333333333333333	C
GATA3	TNFRSF8	0.3333333333333333	C
GATA3	TNFRSF19	0.3333333333333333	C
E2F4	NFE2L2	0.3333333333333333	C
E2F4	NLRP14	0.3333333333333333	C
GATA3	TMEM59	0.3333333333333333	C
GATA3	TMEM120B	0.3333333333333333	C
GATA3	TMEM106B	0.3333333333333333	C
GATA3	TMCO5A	0.3333333333333333	C
GATA3	TMCO4	0.3333333333333333	C
GATA3	TMCC1	0.3333333333333333	C
E2F4	NHLRC3	0.3333333333333333	C
GATA3	TMEM51	0.3333333333333333	C
GATA3	PLA2G6	0.3333333333333333	C
GATA3	SUSD6	0.3333333333333333	C
GATA3	STS	0.3333333333333333	C
GATA3	SNRPC	0.3333333333333333	C
E2F4	PIEZO1	0.3333333333333333	C
GATA3	SNAI2	0.3333333333333333	C
E2F4	PIK3R1	0.3333333333333333	C
GATA3	SMIM14	0.3333333333333333	C
GATA3	SMCHD1	0.3333333333333333	C
GATA3	SOCS6	0.3333333333333333	C
E2F4	PJVK	0.3333333333333333	C
GATA3	SLC41A2	0.3333333333333333	C
GATA3	SLC35F6	0.3333333333333333	C
GATA3	SLC25A24	0.3333333333333333	C
GATA3	SLC14A1	0.3333333333333333	C
GATA3	SLC12A6	0.3333333333333333	C
E2F4	PLD2	0.3333333333333333	C
GATA3	SLC7A8	0.3333333333333333	C
GATA3	SULF2	0.3333333333333333	C
GATA3	MTCL3	0.3333333333333333	C
GATA3	SPAM1	0.3333333333333333	C
GATA3	STN1	0.3333333333333333	C
GATA3	STK40	0.3333333333333333	C
E2F4	PCBP2	0.3333333333333333	C
E2F4	PCDH1	0.3333333333333333	C
E2F4	PDE4A	0.3333333333333333	C
E2F4	PDE8A	0.3333333333333333	C
GATA3	SOX6	0.3333333333333333	C
E2F4	PDIA3	0.3333333333333333	C
E2F4	PGM2L1	0.3333333333333333	C
GATA3	SPOCD1	0.3333333333333333	C
GATA3	SPINK4	0.3333333333333333	C
GATA3	SPIDR	0.3333333333333333	C
E2F4	PHTF1	0.3333333333333333	C
E2F4	PI4K2B	0.3333333333333333	C
E2F4	PDIK1L	0.3333333333333333	C
GATA3	PKNOX2	0.3333333333333333	C
GATA3	PKIG	0.3333333333333333	C
GATA3	PISD	0.3333333333333333	C
GATA3	KLK13	0.3333333333333333	C
GATA3	KIFAP3	0.3333333333333333	C
E2F4	TRPC3	0.3333333333333333	C
GATA3	KIAA0825	0.3333333333333333	C
GATA3	KCNS1	0.3333333333333333	C
E2F4	TUBB	0.3333333333333333	C
GATA3	KMT2C	0.3333333333333333	C
E2F4	TXNL1	0.3333333333333333	C
GATA3	KAZN	0.3333333333333333	C
JUN	GATA3	0.3333333333333333	C
GATA3	JCAD	0.3333333333333333	C
GATA3	ITSN1	0.3333333333333333	C
E2F4	ULK1	0.3333333333333333	C
E2F4	USP2	0.3333333333333333	C
GATA3	KCNJ6	0.3333333333333333	C
GATA3	ITGAM	0.3333333333333333	C
GATA3	KPNA1	0.3333333333333333	C
GATA3	KRT28	0.3333333333333333	C
E2F4	TMUB1	0.3333333333333333	C
GATA3	LRRIQ1	0.3333333333333333	C
E2F4	TRAPPC2L	0.3333333333333333	C
GATA3	LOXL2	0.3333333333333333	C
GATA3	LMO3	0.3333333333333333	C
GATA3	LMNTD1	0.3333333333333333	C
GATA3	KRBOX1	0.3333333333333333	C
E2F4	TRAPPC3	0.3333333333333333	C
E2F4	TRERF1	0.3333333333333333	C
E2F4	TRIB3	0.3333333333333333	C
GATA3	LDB2	0.3333333333333333	C
GATA3	LATS1	0.3333333333333333	C
E2F4	TRIP10	0.3333333333333333	C
GATA3	KTN1	0.3333333333333333	C
GATA3	LIPA	0.3333333333333333	C
PPARA	CPT1B	0.3333333333333333	C
GATA3	IRF4	0.3333333333333333	C
E2F4	USP42	0.3333333333333333	C
GATA3	HINT1	0.3333333333333333	C
E2F4	YWHAQ	0.3333333333333333	C
GATA3	HEATR4	0.3333333333333333	C
E2F4	ZBTB4	0.3333333333333333	C
E2F4	ZBTB45	0.3333333333333333	C
GATA3	H4C6	0.3333333333333333	C
E2F4	YAF2	0.3333333333333333	C
E2F4	ZFYVE28	0.3333333333333333	C
GATA3	GRAMD1C	0.3333333333333333	C
GATA3	GRAMD1A	0.3333333333333333	C
GATA3	GPR158	0.3333333333333333	C
GATA3	GPR107	0.3333333333333333	C
GATA3	GPN2	0.3333333333333333	C
E2F4	ZNF251	0.3333333333333333	C
GATA3	GRB14	0.3333333333333333	C
E2F4	USP38	0.3333333333333333	C
E2F4	WDTC1	0.3333333333333333	C
GATA3	HNRNPL	0.3333333333333333	C
GATA3	INO80	0.3333333333333333	C
GATA3	IMPG2	0.3333333333333333	C
GATA3	IL9	0.3333333333333333	C
GATA3	IL7	0.3333333333333333	C
GATA3	IL6R	0.3333333333333333	C
E2F4	VAMP2	0.3333333333333333	C
GATA3	HMGB1	0.3333333333333333	C
E2F4	VPS45	0.3333333333333333	C
E2F4	WDR7	0.3333333333333333	C
GATA3	IFTAP	0.3333333333333333	C
GATA3	IFT88	0.3333333333333333	C
E2F4	WDR81	0.3333333333333333	C
GATA3	HPN	0.3333333333333333	C
GATA3	HNRNPR	0.3333333333333333	C
GATA3	IL1RN	0.3333333333333333	C
E2F4	NCK1	0.3333333333333333	C
E2F4	TMEM170A	0.3333333333333333	C
E2F4	TMEM107	0.3333333333333333	C
E2F4	SLC30A1	0.3333333333333333	C
GATA3	OR10H4	0.3333333333333333	C
GATA3	OPRK1	0.3333333333333333	C
GATA3	OFD1	0.3333333333333333	C
GATA3	NUDT7	0.3333333333333333	C
GATA3	NUCB2	0.3333333333333333	C
E2F4	SLC25A23	0.3333333333333333	C
GATA3	NSD3	0.3333333333333333	C
E2F4	SMAD2	0.3333333333333333	C
GATA3	NRL	0.3333333333333333	C
GATA3	NRDE2	0.3333333333333333	C
GATA3	NRDC	0.3333333333333333	C
GATA3	NR5A2	0.3333333333333333	C
E2F4	SNTB2	0.3333333333333333	C
E2F4	SLC43A2	0.3333333333333333	C
E2F4	SNTG2	0.3333333333333333	C
GATA3	OTUD7A	0.3333333333333333	C
E2F4	SKA1	0.3333333333333333	C
E2F4	SATB2	0.3333333333333333	C
E2F4	SBNO2	0.3333333333333333	C
GATA3	PIK3CB	0.3333333333333333	C
GATA3	PI16	0.3333333333333333	C
E2F4	SEC31A	0.3333333333333333	C
GATA3	PHEX	0.3333333333333333	C
E2F4	SLC17A7	0.3333333333333333	C
E2F4	SEH1L	0.3333333333333333	C
E2F4	SERTAD3	0.3333333333333333	C
GATA3	PCLO	0.3333333333333333	C
E2F4	SFI1	0.3333333333333333	C
GATA3	PAXIP1	0.3333333333333333	C
E2F4	SIAH1	0.3333333333333333	C
E2F4	SIK3	0.3333333333333333	C
GATA3	PCSK2	0.3333333333333333	C
E2F4	TMEM161B	0.3333333333333333	C
GATA3	NCOA1	0.3333333333333333	C
GATA3	NBL1	0.3333333333333333	C
E2F4	SUN1	0.3333333333333333	C
GATA3	MICAL3	0.3333333333333333	C
E2F4	SUSD6	0.3333333333333333	C
GATA3	MEMO1	0.3333333333333333	C
CEBPD	STAT3	0.3333333333333333	C
E2F4	SV2C	0.3333333333333333	C
E2F4	STYX	0.3333333333333333	C
E2F4	TAF15	0.3333333333333333	C
GATA3	MBTPS2	0.3333333333333333	C
E2F4	TCF19	0.3333333333333333	C
E2F4	TDRKH	0.3333333333333333	C
GATA3	MAP3K19	0.3333333333333333	C
GATA3	MAP3K15	0.3333333333333333	C
KLF5	MYH14	0.3333333333333333	C
GATA3	MC2R	0.3333333333333333	C
E2F4	SP4	0.3333333333333333	C
GATA3	MIOS	0.3333333333333333	C
GATA3	MOBP	0.3333333333333333	C
GATA3	NBEA	0.3333333333333333	C
GATA3	NAGPA	0.3333333333333333	C
GATA3	NADK2	0.3333333333333333	C
E2F4	SRBD1	0.3333333333333333	C
GATA3	NAA60	0.3333333333333333	C
E2F4	SRSF1	0.3333333333333333	C
E2F4	STAT5B	0.3333333333333333	C
E2F4	SRSF7	0.3333333333333333	C
E2F4	ST3GAL4	0.3333333333333333	C
E2F4	ST6GAL1	0.3333333333333333	C
E2F4	STAG1	0.3333333333333333	C
GATA3	MRTFB	0.3333333333333333	C
E2F4	STARD3	0.3333333333333333	C
GATA3	MPPED2	0.3333333333333333	C
GATA3	MX2	0.3333333333333333	C
E2F4	CEP85	0.3333333333333333	C
FOXA1	UMODL1	0.3333333333333333	C
FOXA1	UGT2B28	0.3333333333333333	C
ETV4	GSDMD	0.3333333333333333	C
ETV4	GSE1	0.3333333333333333	C
ETV4	H6PD	0.3333333333333333	C
ETV4	HPCAL1	0.3333333333333333	C
ETV4	KIFC3	0.3333333333333333	C
ETV4	MARK2	0.3333333333333333	C
ETV4	MGAT5B	0.3333333333333333	C
ETV4	MIDN	0.3333333333333333	C
ETV4	MYADM	0.3333333333333333	C
ETV4	MYH9	0.3333333333333333	C
ETV4	PACSIN2	0.3333333333333333	C
ETV4	PIK3R1	0.3333333333333333	C
ETV4	PLCXD1	0.3333333333333333	C
ETV4	PNKD	0.3333333333333333	C
ETV4	PRKCH	0.3333333333333333	C
ETV4	PTPA	0.3333333333333333	C
ETV4	RAB17	0.3333333333333333	C
ETV4	TTLL4	0.3333333333333333	C
ETV4	TRIB3	0.3333333333333333	C
ETV4	TNS3	0.3333333333333333	C
ETV4	TNS2	0.3333333333333333	C
ETV4	TLE3	0.3333333333333333	C
ETV4	SUB1	0.3333333333333333	C
ETV4	GJB2	0.3333333333333333	C
ETV4	SPRED2	0.3333333333333333	C
ESR1	FRMD5	0.3333333333333333	C
ETV4	SHC1	0.3333333333333333	C
ETV4	SDC2	0.3333333333333333	C
ETV4	RTKN	0.3333333333333333	C
ETV4	RIPOR1	0.3333333333333333	C
ETV4	RARA	0.3333333333333333	C
ETV4	SORBS1	0.3333333333333333	C
ETV4	FN1	0.3333333333333333	C
ETV4	EPHA2	0.3333333333333333	C
ETV4	ECE1	0.3333333333333333	C
ETV1	MATN2	0.3333333333333333	C
ETV1	LIMCH1	0.3333333333333333	C
ETV1	KDM5A	0.3333333333333333	C
ETV1	KCNN3	0.3333333333333333	C
ETV1	JMJD6	0.3333333333333333	C
ETV1	ISG20L2	0.3333333333333333	C
ETV1	MZF1	0.3333333333333333	C
ETV1	IQGAP2	0.3333333333333333	C
ETV1	ERCC1	0.3333333333333333	C
ETV1	DUSP6	0.3333333333333333	C
ETV1	CTTN	0.3333333333333333	C
ETV1	COQ8A	0.3333333333333333	C
ETV1	CGGBP1	0.3333333333333333	C
ETV1	CDK18	0.3333333333333333	C
ETV1	FMR1	0.3333333333333333	C
ETV4	TUBA1C	0.3333333333333333	C
ETV1	NAV1	0.3333333333333333	C
ETV1	NSMCE1	0.3333333333333333	C
ETV4	CTDSP1	0.3333333333333333	C
ETV4	CDK17	0.3333333333333333	C
ETV4	BCAR3	0.3333333333333333	C
ETV4	ARHGEF10L	0.3333333333333333	C
ETV4	ARHGAP45	0.3333333333333333	C
ETV4	AP3D1	0.3333333333333333	C
ETV1	NFIA	0.3333333333333333	C
ETV1	WDR37	0.3333333333333333	C
ETV1	TNIK	0.3333333333333333	C
ETV1	TCF4	0.3333333333333333	C
ETV1	TANK	0.3333333333333333	C
ETV1	SEC14L1	0.3333333333333333	C
ETV1	RAP1GAP	0.3333333333333333	C
ETV1	PDE9A	0.3333333333333333	C
ETV1	UTRN	0.3333333333333333	C
ETV4	VEZF1	0.3333333333333333	C
ETV6	CAP1	0.3333333333333333	C
ETV6	HIVEP2	0.3333333333333333	C
FLI1	NFATC2	0.3333333333333333	C
FLI1	MYO7A	0.3333333333333333	C
FLI1	MYH9	0.3333333333333333	C
FLI1	MGLL	0.3333333333333333	C
FLI1	MCTP1	0.3333333333333333	C
FLI1	MCF2L	0.3333333333333333	C
FLI1	NLRC5	0.3333333333333333	C
FLI1	MAN1C1	0.3333333333333333	C
FLI1	LYN	0.3333333333333333	C
FLI1	LRRK1	0.3333333333333333	C
FLI1	ITPKB	0.3333333333333333	C
FLI1	IKZF1	0.3333333333333333	C
FLI1	IGF1R	0.3333333333333333	C
FLI1	HIP1	0.3333333333333333	C
FLI1	MAGEF1	0.3333333333333333	C
FLI1	HDAC7	0.3333333333333333	C
FLI1	NOL4L	0.3333333333333333	C
FLI1	NTNG2	0.3333333333333333	C
FLI1	PSTPIP1	0.3333333333333333	C
FLI1	PRR5L	0.3333333333333333	C
FLI1	PRKCH	0.3333333333333333	C
FLI1	PREX1	0.3333333333333333	C
FLI1	PPP1R9B	0.3333333333333333	C
FLI1	PPM1F	0.3333333333333333	C
FLI1	NTMT1	0.3333333333333333	C
FLI1	PLXND1	0.3333333333333333	C
FLI1	PIP4K2A	0.3333333333333333	C
FLI1	PIK3R5	0.3333333333333333	C
FLI1	PIK3CD	0.3333333333333333	C
FLI1	PIK3C2B	0.3333333333333333	C
FLI1	PDIA5	0.3333333333333333	C
FLI1	PDE9A	0.3333333333333333	C
FLI1	PLCG2	0.3333333333333333	C
ETV1	BIRC6	0.3333333333333333	C
FLI1	HDAC5	0.3333333333333333	C
FLI1	GDPD5	0.3333333333333333	C
FLI1	CCDC88C	0.3333333333333333	C
FLI1	CBFA2T3	0.3333333333333333	C
FLI1	BCL11A	0.3333333333333333	C
FLI1	ATP8B4	0.3333333333333333	C
FLI1	ASAP1	0.3333333333333333	C
FLI1	ARRB1	0.3333333333333333	C
FLI1	CMIP	0.3333333333333333	C
FLI1	ARHGEF3	0.3333333333333333	C
FLI1	ADCY7	0.3333333333333333	C
FLI1	ADAMTS7	0.3333333333333333	C
ETV6	USP32	0.3333333333333333	C
ETV6	SEPTIN9	0.3333333333333333	C
ETV6	PDE4B	0.3333333333333333	C
ETV6	PCYT1A	0.3333333333333333	C
FLI1	ARHGAP25	0.3333333333333333	C
FLI1	GPR132	0.3333333333333333	C
FLI1	CMTM7	0.3333333333333333	C
FLI1	CRYBG1	0.3333333333333333	C
FLI1	FOXK2	0.3333333333333333	C
FLI1	FOXK1	0.3333333333333333	C
FLI1	FMNL3	0.3333333333333333	C
FLI1	FAM78A	0.3333333333333333	C
FLI1	EPAS1	0.3333333333333333	C
FLI1	ELMO1	0.3333333333333333	C
FLI1	CPNE2	0.3333333333333333	C
FLI1	ELK3	0.3333333333333333	C
FLI1	DYSF	0.3333333333333333	C
FLI1	DPYSL2	0.3333333333333333	C
FLI1	DNM2	0.3333333333333333	C
FLI1	DENND3	0.3333333333333333	C
FLI1	CYTH4	0.3333333333333333	C
FLI1	CYTH3	0.3333333333333333	C
FLI1	ELF4	0.3333333333333333	C
FLI1	PTK2B	0.3333333333333333	C
ETV1	ANKRD44	0.3333333333333333	C
ESR1	FYN	0.3333333333333333	C
ETS1	TOMM20	0.3333333333333333	C
ETS1	TOMM40	0.3333333333333333	C
ETS1	TOR1A	0.3333333333333333	C
ETS1	TRAPPC1	0.3333333333333333	C
ETS1	TRAPPC10	0.3333333333333333	C
ETS1	TRAPPC6B	0.3333333333333333	C
ETS1	TRIM35	0.3333333333333333	C
ETS1	TRIM46	0.3333333333333333	C
ETS1	TRIP11	0.3333333333333333	C
ETS1	TRIP13	0.3333333333333333	C
ETS1	TRMT1	0.3333333333333333	C
ETS1	TRMT11	0.3333333333333333	C
ETS1	TRMT13	0.3333333333333333	C
ETS1	TRPC4AP	0.3333333333333333	C
ETS1	TSC2	0.3333333333333333	C
ETS1	TSNAXIP1	0.3333333333333333	C
ESR1	JUND	0.3333333333333333	C
ETS1	UBE2I	0.3333333333333333	C
ETS1	UBE2F	0.3333333333333333	C
ESR1	INSRR	0.3333333333333333	C
ETS1	UBA52	0.3333333333333333	C
ETS1	UBA5	0.3333333333333333	C
ESR1	IQCD	0.3333333333333333	C
ESR1	KLHL30	0.3333333333333333	C
ETS1	TUT7	0.3333333333333333	C
ESR1	ISG20	0.3333333333333333	C
ESR1	ITGA6	0.3333333333333333	C
ETS1	TTPAL	0.3333333333333333	C
ETS1	TTC16	0.3333333333333333	C
ETS1	TSSC4	0.3333333333333333	C
ETS1	TSPAN31	0.3333333333333333	C
ESR1	IRX4	0.3333333333333333	C
ETS1	TNRC6A	0.3333333333333333	C
ESR1	KRT86	0.3333333333333333	C
ETS1	TNIP1	0.3333333333333333	C
ETS1	TEX22	0.3333333333333333	C
ETS1	TERF2	0.3333333333333333	C
ETS1	TENT2	0.3333333333333333	C
ETS1	TECPR1	0.3333333333333333	C
ETS1	TDP1	0.3333333333333333	C
ETS1	TCF7	0.3333333333333333	C
ETS1	TFCP2	0.3333333333333333	C
ETS1	TBCC	0.3333333333333333	C
ETS1	WWTR1	0.3333333333333333	C
ETS1	TASP1	0.3333333333333333	C
ETS1	TAF5	0.3333333333333333	C
ETS1	TAF1C	0.3333333333333333	C
ETS1	TAF15	0.3333333333333333	C
ETS1	TAF13	0.3333333333333333	C
ESR1	LRFN4	0.3333333333333333	C
ETS1	UBE2M	0.3333333333333333	C
ETS1	TFG	0.3333333333333333	C
ETS1	THOC5	0.3333333333333333	C
ESR1	LAMC2	0.3333333333333333	C
ESR1	LATS2	0.3333333333333333	C
ESR1	LBH	0.3333333333333333	C
ETS1	TMIGD2	0.3333333333333333	C
ESR1	LDB1	0.3333333333333333	C
ETS1	TMEM41B	0.3333333333333333	C
ESR1	LIN28A	0.3333333333333333	C
ETS1	TMEM203	0.3333333333333333	C
ETS1	TMEM167A	0.3333333333333333	C
ETS1	TMBIM6	0.3333333333333333	C
ESR1	LDLRAP1	0.3333333333333333	C
ESR1	LETMD1	0.3333333333333333	C
ETS1	TIGD7	0.3333333333333333	C
ETS1	TIGD4	0.3333333333333333	C
ESR1	LDB3	0.3333333333333333	C
ETS1	UBE4A	0.3333333333333333	C
ETS1	UBLCP1	0.3333333333333333	C
ESR1	IFT22	0.3333333333333333	C
ETS1	ZNF333	0.3333333333333333	C
ETS1	ZNF286A	0.3333333333333333	C
ETS1	ZNF276	0.3333333333333333	C
ETS1	ZNF274	0.3333333333333333	C
ETS1	ZNF230	0.3333333333333333	C
ETS1	ZNF227	0.3333333333333333	C
ETS1	ZNF397	0.3333333333333333	C
ETS1	ZNF225	0.3333333333333333	C
ESR1	GIGYF1	0.3333333333333333	C
ETS1	ZNF195	0.3333333333333333	C
ETS1	ZNF184	0.3333333333333333	C
ETS1	ZNF165	0.3333333333333333	C
ETS1	ZNF143	0.3333333333333333	C
ESR1	GPATCH2	0.3333333333333333	C
ETS1	ZNF222	0.3333333333333333	C
ETS1	ZMAT3	0.3333333333333333	C
ETS1	ZNF461	0.3333333333333333	C
ETS1	ZNF557	0.3333333333333333	C
FOS	ETS2	0.3333333333333333	C
ETS1	ZNHIT2	0.3333333333333333	C
ETS1	ZNF875	0.3333333333333333	C
ETS1	ZNF852	0.3333333333333333	C
ETS1	ZNF846	0.3333333333333333	C
ETS1	ZNF837	0.3333333333333333	C
ETS1	ZNF506	0.3333333333333333	C
ETS1	ZNF81	0.3333333333333333	C
ETS1	ZNF780B	0.3333333333333333	C
ETS1	ZNF780A	0.3333333333333333	C
ETS1	ZNF75D	0.3333333333333333	C
ETS1	ZNF653	0.3333333333333333	C
ETS1	ZNF585B	0.3333333333333333	C
ETS1	ZNF558	0.3333333333333333	C
ETS1	ZNF79	0.3333333333333333	C
ETV1	ADAMTSL3	0.3333333333333333	C
ETS1	ZFYVE16	0.3333333333333333	C
ESR1	GRB2	0.3333333333333333	C
ETS1	WARS1	0.3333333333333333	C
ETS1	VWA8	0.3333333333333333	C
ETS1	VPS53	0.3333333333333333	C
ETS1	VMA21	0.3333333333333333	C
ESR1	HOOK2	0.3333333333333333	C
ESR1	HPCAL1	0.3333333333333333	C
ETS1	WDR26	0.3333333333333333	C
ETS1	VAV2	0.3333333333333333	C
ETS1	VAMP3	0.3333333333333333	C
ESR1	HSPG2	0.3333333333333333	C
ETS1	USPL1	0.3333333333333333	C
ETS1	USP30	0.3333333333333333	C
ETS1	UPF2	0.3333333333333333	C
ETS1	UBXN2B	0.3333333333333333	C
ETS1	VANGL1	0.3333333333333333	C
ETS1	ZFP41	0.3333333333333333	C
ETS1	WDR35	0.3333333333333333	C
ETS1	WDR5B	0.3333333333333333	C
ETS1	ZFP3	0.3333333333333333	C
ETS1	ZDHHC5	0.3333333333333333	C
ETS1	ZDHHC17	0.3333333333333333	C
ETS1	ZDHHC13	0.3333333333333333	C
ESR1	GZF1	0.3333333333333333	C
ETS1	ZBTB7A	0.3333333333333333	C
ETS1	WDR54	0.3333333333333333	C
ESR1	HCN2	0.3333333333333333	C
ETS1	YWHAB	0.3333333333333333	C
ETS1	YIPF2	0.3333333333333333	C
ETS1	XRRA1	0.3333333333333333	C
ETS1	XRCC5	0.3333333333333333	C
ETS1	XPO6	0.3333333333333333	C
ETS1	WDR81	0.3333333333333333	C
ETS1	ZBTB11	0.3333333333333333	C
ETS1	TACC2	0.3333333333333333	C
FLI1	PTPRE	0.3333333333333333	C
FLI1	RGS10	0.3333333333333333	C
FOS	ELAPOR1	0.3333333333333333	C
FOS	ELMO2	0.3333333333333333	C
FOS	ELOVL5	0.3333333333333333	C
FOS	EML2	0.3333333333333333	C
FOS	ENGASE	0.3333333333333333	C
FOS	ENO3	0.3333333333333333	C
FOS	ENOX1	0.3333333333333333	C
ESR1	CCNP	0.3333333333333333	C
FOS	EPB41L1	0.3333333333333333	C
FOS	EPCAM	0.3333333333333333	C
FOS	EPHB1	0.3333333333333333	C
FOS	EPS8L2	0.3333333333333333	C
FOS	ERBB3	0.3333333333333333	C
FOS	ERC1	0.3333333333333333	C
FOS	ESYT2	0.3333333333333333	C
FOS	ESYT3	0.3333333333333333	C
FOS	EXOC3L1	0.3333333333333333	C
FOS	FECH	0.3333333333333333	C
FOS	FCRLB	0.3333333333333333	C
FOS	FBXO7	0.3333333333333333	C
ESR1	CASP7	0.3333333333333333	C
FOS	FAM86B1	0.3333333333333333	C
FOS	FAM83A	0.3333333333333333	C
FOS	EIF5	0.3333333333333333	C
FOS	ATOSB	0.3333333333333333	C
FOS	FAM178B	0.3333333333333333	C
ESR1	CBLN4	0.3333333333333333	C
FOS	FAH	0.3333333333333333	C
FOS	F2R	0.3333333333333333	C
ESR1	CBY2	0.3333333333333333	C
ESR1	CCDC40	0.3333333333333333	C
FOS	FAM180A	0.3333333333333333	C
FOS	EIF3J	0.3333333333333333	C
FOS	EIF3E	0.3333333333333333	C
FOS	EIF3D	0.3333333333333333	C
FOS	DLC1	0.3333333333333333	C
FOS	DIXDC1	0.3333333333333333	C
FOS	DISC1	0.3333333333333333	C
FOS	DIP2C	0.3333333333333333	C
FOS	DHX57	0.3333333333333333	C
FOS	DHX34	0.3333333333333333	C
ESR1	CHD1L	0.3333333333333333	C
FOS	DHCR24	0.3333333333333333	C
ESR1	CHPT1	0.3333333333333333	C
FOS	DEGS2	0.3333333333333333	C
ESR1	CHRNA4	0.3333333333333333	C
FOS	DDI2	0.3333333333333333	C
FOS	DCLRE1C	0.3333333333333333	C
FOS	CYFIP1	0.3333333333333333	C
FOS	DENND5B	0.3333333333333333	C
ESR1	CARD8	0.3333333333333333	C
FOS	DNAH2	0.3333333333333333	C
ESR1	CFAP46	0.3333333333333333	C
ESR1	CD300LB	0.3333333333333333	C
ESR1	CD79A	0.3333333333333333	C
FOS	EFHB	0.3333333333333333	C
FOS	EFCAB6	0.3333333333333333	C
FOS	EFCAB5	0.3333333333333333	C
FOS	EFCAB14	0.3333333333333333	C
FOS	DNAH8	0.3333333333333333	C
FOS	ECM2	0.3333333333333333	C
ESR1	CDH26	0.3333333333333333	C
ESR1	CDHR2	0.3333333333333333	C
ESR1	CDK18	0.3333333333333333	C
ESR1	CELF5	0.3333333333333333	C
ESR1	CEP128	0.3333333333333333	C
ESR1	CEP164	0.3333333333333333	C
FOS	ECH1	0.3333333333333333	C
ESR1	CARD10	0.3333333333333333	C
ESR1	CAMTA1	0.3333333333333333	C
FOS	FHOD3	0.3333333333333333	C
FOS	IQCN	0.3333333333333333	C
FOS	IQCF1	0.3333333333333333	C
FOS	INTS3	0.3333333333333333	C
FOS	INTS11	0.3333333333333333	C
FOS	INPP5B	0.3333333333333333	C
FOS	IL5RA	0.3333333333333333	C
FOS	IRF2BP2	0.3333333333333333	C
FOS	IKBKG	0.3333333333333333	C
FOS	HTR4	0.3333333333333333	C
FOS	HSPBAP1	0.3333333333333333	C
FOS	HPD	0.3333333333333333	C
FOS	HPCAL4	0.3333333333333333	C
FOS	HNRNPLL	0.3333333333333333	C
FOS	HMGA1	0.3333333333333333	C
FOS	IFRD1	0.3333333333333333	C
ESR1	B3GALNT1	0.3333333333333333	C
FOS	ISG20	0.3333333333333333	C
FOS	ITGAV	0.3333333333333333	C
FOS	BLTP2	0.3333333333333333	C
FOS	KCNV1	0.3333333333333333	C
FOS	KCNQ3	0.3333333333333333	C
FOS	KCNN4	0.3333333333333333	C
ESR1	ARHGAP22	0.3333333333333333	C
ESR1	ARHGAP23	0.3333333333333333	C
ESR1	ASB2	0.3333333333333333	C
FOS	KCNIP4	0.3333333333333333	C
FOS	KBTBD8	0.3333333333333333	C
FOS	KANK3	0.3333333333333333	C
FOS	JPT1	0.3333333333333333	C
FOS	JAK2	0.3333333333333333	C
FOS	IZUMO2	0.3333333333333333	C
ESR1	ARID1A	0.3333333333333333	C
FOS	KCNAB2	0.3333333333333333	C
FOS	CXCR5	0.3333333333333333	C
FOS	HKDC1	0.3333333333333333	C
ESR1	B4GALNT3	0.3333333333333333	C
ESR1	C17orf67	0.3333333333333333	C
FOS	FXYD2	0.3333333333333333	C
FOS	FUT2	0.3333333333333333	C
ESR1	TTMP	0.3333333333333333	C
ESR1	C5AR2	0.3333333333333333	C
FOS	FSD1	0.3333333333333333	C
ESR1	BPIFB1	0.3333333333333333	C
FOS	FOXL1	0.3333333333333333	C
ESR1	CACNA2D1	0.3333333333333333	C
FOS	FLNC	0.3333333333333333	C
ESR1	CACNG1	0.3333333333333333	C
FOS	FKBP8	0.3333333333333333	C
FOS	FKBP2	0.3333333333333333	C
FOS	FILIP1	0.3333333333333333	C
FOS	FOXK1	0.3333333333333333	C
FOS	HK2	0.3333333333333333	C
FOS	GALNT9	0.3333333333333333	C
ESR1	BLK	0.3333333333333333	C
FOS	HEXB	0.3333333333333333	C
FOS	HEPH	0.3333333333333333	C
ESR1	BCAR1	0.3333333333333333	C
FOS	HCRT	0.3333333333333333	C
FOS	H4C6	0.3333333333333333	C
FOS	GSDMC	0.3333333333333333	C
FOS	GAS7	0.3333333333333333	C
FOS	GPR3	0.3333333333333333	C
FOS	GNGT2	0.3333333333333333	C
FOS	GLYATL1	0.3333333333333333	C
FOS	GLIS1	0.3333333333333333	C
FOS	GLI2	0.3333333333333333	C
FOS	GIP	0.3333333333333333	C
FOS	GHR	0.3333333333333333	C
FOS	GPR107	0.3333333333333333	C
FLI1	RASA3	0.3333333333333333	C
FOS	CXCL14	0.3333333333333333	C
FOS	CTSB	0.3333333333333333	C
FOS	ADGRG1	0.3333333333333333	C
ESR1	FAM83E	0.3333333333333333	C
FOS	AFG3L2	0.3333333333333333	C
ESR1	FAM135B	0.3333333333333333	C
FOS	AGO1	0.3333333333333333	C
FOS	AGRN	0.3333333333333333	C
FOS	AIPL1	0.3333333333333333	C
FOS	AK8	0.3333333333333333	C
FOS	AKAP1	0.3333333333333333	C
FOS	AKAP13	0.3333333333333333	C
ESR1	FAAP100	0.3333333333333333	C
ESR1	FAAH	0.3333333333333333	C
FOS	ALDH1L1	0.3333333333333333	C
FOS	ALK	0.3333333333333333	C
ESR1	EXD3	0.3333333333333333	C
FOS	ANK2	0.3333333333333333	C
FOS	ANKRD17	0.3333333333333333	C
FOS	ATP5PB	0.3333333333333333	C
FOS	ASB2	0.3333333333333333	C
FOS	ARSD	0.3333333333333333	C
FOS	ARIH2	0.3333333333333333	C
FOS	ARHGEF19	0.3333333333333333	C
FOS	ARHGEF10	0.3333333333333333	C
FOS	ADGRF2P	0.3333333333333333	C
ESR1	E2F2	0.3333333333333333	C
FOS	ARFGEF1	0.3333333333333333	C
FOS	ARF4	0.3333333333333333	C
FOS	APLF	0.3333333333333333	C
ESR1	ETFBKMT	0.3333333333333333	C
FOS	ANKS1A	0.3333333333333333	C
FOS	ANKRD28	0.3333333333333333	C
IRF3	CCL5	0.3333333333333333	C
FOS	ADGRE3	0.3333333333333333	C
FOS	ADGRE2	0.3333333333333333	C
FOS	ADCY7	0.3333333333333333	C
FLI1	TPRG1	0.3333333333333333	C
FLI1	TMC6	0.3333333333333333	C
FLI1	TESC	0.3333333333333333	C
FLI1	TBC1D2B	0.3333333333333333	C
FLI1	SUSD1	0.3333333333333333	C
FLI1	STK10	0.3333333333333333	C
FLI1	TSPAN14	0.3333333333333333	C
FLI1	STIM2	0.3333333333333333	C
FLI1	SLCO3A1	0.3333333333333333	C
FLI1	SH2B3	0.3333333333333333	C
FLI1	SEC14L1	0.3333333333333333	C
FLI1	RIPOR1	0.3333333333333333	C
FLI1	RIN3	0.3333333333333333	C
FLI1	RGS12	0.3333333333333333	C
FLI1	ST6GAL1	0.3333333333333333	C
ESR1	DPP3	0.3333333333333333	C
FLI1	UBTF	0.3333333333333333	C
FLI1	VMP1	0.3333333333333333	C
FOS	ADAT1	0.3333333333333333	C
ESR1	FBLIM1	0.3333333333333333	C
ESR1	FDXR	0.3333333333333333	C
FOS	ACRBP	0.3333333333333333	C
FOS	ACAP3	0.3333333333333333	C
FOS	ACACA	0.3333333333333333	C
FLI1	VAV1	0.3333333333333333	C
FOS	ABT1	0.3333333333333333	C
FOS	ABHD2	0.3333333333333333	C
FOS	ABCC11	0.3333333333333333	C
FLI1	ZNF217	0.3333333333333333	C
FLI1	ZEB2	0.3333333333333333	C
FLI1	WIPF1	0.3333333333333333	C
FLI1	VPS13D	0.3333333333333333	C
ESR1	FMN1	0.3333333333333333	C
FOS	ATP6V0A1	0.3333333333333333	C
FOS	AXL	0.3333333333333333	C
FOS	B3GALNT2	0.3333333333333333	C
ESR1	CUL7	0.3333333333333333	C
FOS	CHCHD2	0.3333333333333333	C
FOS	CFP	0.3333333333333333	C
FOS	CFB	0.3333333333333333	C
FOS	CES2	0.3333333333333333	C
FOS	CENPM	0.3333333333333333	C
FOS	CHRNA6	0.3333333333333333	C
FOS	CELF6	0.3333333333333333	C
ESR1	CYP46A1	0.3333333333333333	C
ESR1	CYP4F3	0.3333333333333333	C
FOS	CDH11	0.3333333333333333	C
FOS	CDCA2	0.3333333333333333	C
FOS	CDC14B	0.3333333333333333	C
FOS	CD7	0.3333333333333333	C
FOS	CELF1	0.3333333333333333	C
FOS	CD59	0.3333333333333333	C
FOS	CIDEC	0.3333333333333333	C
FOS	CLIP4	0.3333333333333333	C
ESR1	COL21A1	0.3333333333333333	C
FOS	CRTAP	0.3333333333333333	C
ESR1	CORO2B	0.3333333333333333	C
ESR1	CPQ	0.3333333333333333	C
FOS	CP	0.3333333333333333	C
FOS	COTL1	0.3333333333333333	C
FOS	CLIC2	0.3333333333333333	C
FOS	COL7A1	0.3333333333333333	C
ESR1	CSK	0.3333333333333333	C
ESR1	CST3	0.3333333333333333	C
FOS	CNTRL	0.3333333333333333	C
FOS	CNOT10	0.3333333333333333	C
ESR1	CTBP1	0.3333333333333333	C
FOS	CLN6	0.3333333333333333	C
FOS	COL6A1	0.3333333333333333	C
ESR1	CLUH	0.3333333333333333	C
FOS	CD34	0.3333333333333333	C
FOS	CCR3	0.3333333333333333	C
FOS	PHAF1	0.3333333333333333	C
FOS	BRD2	0.3333333333333333	C
FOS	BPIFC	0.3333333333333333	C
FOS	BMERB1	0.3333333333333333	C
FOS	BICRA	0.3333333333333333	C
ESR1	DLG5	0.3333333333333333	C
FOS	C2	0.3333333333333333	C
FOS	BFSP1	0.3333333333333333	C
FOS	BCKDHA	0.3333333333333333	C
ESR1	DNAJA4	0.3333333333333333	C
FOS	BBC3	0.3333333333333333	C
FOS	BANF2	0.3333333333333333	C
FOS	BACH1	0.3333333333333333	C
ESR1	DOCK2	0.3333333333333333	C
ESR1	DNAH1	0.3333333333333333	C
FOS	CCRL2	0.3333333333333333	C
FOS	ADISSP	0.3333333333333333	C
FOS	CA13	0.3333333333333333	C
FOS	CCDC82	0.3333333333333333	C
FOS	CCDC70	0.3333333333333333	C
FOS	CCDC66	0.3333333333333333	C
FOS	CCDC32	0.3333333333333333	C
ESR1	DGKE	0.3333333333333333	C
ESR1	DHRS9	0.3333333333333333	C
FOS	CHLSN	0.3333333333333333	C
FOS	CARD8	0.3333333333333333	C
FOS	CALHM3	0.3333333333333333	C
FOS	CALD1	0.3333333333333333	C
FOS	CADM4	0.3333333333333333	C
FOS	CACUL1	0.3333333333333333	C
FOS	CACNA1I	0.3333333333333333	C
ESR1	DKK3	0.3333333333333333	C
FOS	CAMKK2	0.3333333333333333	C
ETS1	SZRD1	0.3333333333333333	C
ESR1	LRP6	0.3333333333333333	C
ETS1	SUPT4H1	0.3333333333333333	C
ETS1	CCT2	0.3333333333333333	C
ETS1	CCT5	0.3333333333333333	C
SRF	NR4A1	0.3333333333333333	C
ESR1	WDR45B	0.3333333333333333	C
ETS1	CDC37L1	0.3333333333333333	C
ESR1	WDR25	0.3333333333333333	C
ETS1	CDC45	0.3333333333333333	C
ETS1	CDK13	0.3333333333333333	C
ESR1	VPS4A	0.3333333333333333	C
ETS1	CDK9	0.3333333333333333	C
ETS1	CEP20	0.3333333333333333	C
ETS1	CEP95	0.3333333333333333	C
ETS1	CFAP57	0.3333333333333333	C
ETS1	CGGBP1	0.3333333333333333	C
ETS1	CHD7	0.3333333333333333	C
ETS1	CHERP	0.3333333333333333	C
ETS1	CHMP1A	0.3333333333333333	C
ETS1	CREB3L2	0.3333333333333333	C
ETS1	CPLANE2	0.3333333333333333	C
ETS1	CPEB4	0.3333333333333333	C
ETS1	COX6B1	0.3333333333333333	C
ETS1	COX20	0.3333333333333333	C
ETS1	COQ8A	0.3333333333333333	C
ETS1	CCR7	0.3333333333333333	C
ETS1	COMT	0.3333333333333333	C
ETS1	COG8	0.3333333333333333	C
ETS1	COG4	0.3333333333333333	C
ETS1	CMIP	0.3333333333333333	C
ESR1	UGT8	0.3333333333333333	C
ETS1	CIB1	0.3333333333333333	C
ETS1	CHMP1B	0.3333333333333333	C
ETS1	COMMD2	0.3333333333333333	C
ETS1	CCDC9	0.3333333333333333	C
ESR1	ZAP70	0.3333333333333333	C
ETS1	CCDC174	0.3333333333333333	C
ESR1	ZFYVE28	0.3333333333333333	C
ETS1	BFAR	0.3333333333333333	C
ETS1	BEGAIN	0.3333333333333333	C
ESR1	ZNF81	0.3333333333333333	C
ESR2	ADAMTSL5	0.3333333333333333	C
ESR2	AHRR	0.3333333333333333	C
ESR1	ZDHHC18	0.3333333333333333	C
ESR2	ALB	0.3333333333333333	C
ETS1	ATXN7L3	0.3333333333333333	C
ETS1	ATP9B	0.3333333333333333	C
ETS1	ATP6V1D	0.3333333333333333	C
ESR2	ANXA6	0.3333333333333333	C
ESR2	ATG4D	0.3333333333333333	C
ETS1	ATP13A1	0.3333333333333333	C
ETS1	AURKAIP1	0.3333333333333333	C
ETS1	CRIPT	0.3333333333333333	C
ETS1	BOD1L1	0.3333333333333333	C
ETS1	BRD7	0.3333333333333333	C
ETS1	ODAD3	0.3333333333333333	C
ESR1	ZBTB38	0.3333333333333333	C
ETS1	CAP1	0.3333333333333333	C
ETS1	CANX	0.3333333333333333	C
ETS1	QNG1	0.3333333333333333	C
ETS1	C9orf40	0.3333333333333333	C
ETS1	BRCC3	0.3333333333333333	C
ETS1	C3orf38	0.3333333333333333	C
ETS1	DORIP1	0.3333333333333333	C
ETS1	C11orf24	0.3333333333333333	C
ETS1	BUD31	0.3333333333333333	C
ETS1	BUD13	0.3333333333333333	C
ETS1	BROX	0.3333333333333333	C
ETS1	BRF2	0.3333333333333333	C
ETS1	C2orf42	0.3333333333333333	C
ETS1	CSNK1A1	0.3333333333333333	C
ETS1	CSNK1G2	0.3333333333333333	C
ESR1	TRPM1	0.3333333333333333	C
ETS1	ERCC6L2	0.3333333333333333	C
ESR1	TCIRG1	0.3333333333333333	C
ETS1	EML2	0.3333333333333333	C
ETS1	EME1	0.3333333333333333	C
ETS1	EMC3	0.3333333333333333	C
ETS1	ELP5	0.3333333333333333	C
ETS1	ERMN	0.3333333333333333	C
ESR1	TFCP2L1	0.3333333333333333	C
ETS1	EIF4E2	0.3333333333333333	C
ETS1	EIF4A2	0.3333333333333333	C
ETS1	EIF3J	0.3333333333333333	C
ETS1	EIF2B1	0.3333333333333333	C
ETS1	EGFL7	0.3333333333333333	C
ESR1	TINAGL1	0.3333333333333333	C
ETS1	EIF5A	0.3333333333333333	C
ETS1	EFCAB11	0.3333333333333333	C
ETS1	EXOC5	0.3333333333333333	C
ETS1	EYA3	0.3333333333333333	C
ETS1	FNTA	0.3333333333333333	C
ETS1	FNDC11	0.3333333333333333	C
ETS1	FLII	0.3333333333333333	C
ETS1	FIS1	0.3333333333333333	C
ETS1	FBXW2	0.3333333333333333	C
ESR1	TACC1	0.3333333333333333	C
ETS1	EXOSC4	0.3333333333333333	C
ETS1	FBXL12	0.3333333333333333	C
ETS1	FBF1	0.3333333333333333	C
ETS1	FAM76B	0.3333333333333333	C
ETS1	FAM32A	0.3333333333333333	C
ETS1	FAM200B	0.3333333333333333	C
ESR1	TANK	0.3333333333333333	C
ESR1	TAS1R3	0.3333333333333333	C
ETS1	FBL	0.3333333333333333	C
ETS1	ATM	0.3333333333333333	C
ESR1	TIPIN	0.3333333333333333	C
ETS1	EDRF1	0.3333333333333333	C
ETS1	DDOST	0.3333333333333333	C
ETS1	DCUN1D3	0.3333333333333333	C
ETS1	DCTN5	0.3333333333333333	C
ESR1	TPD52L2	0.3333333333333333	C
ETS1	DCAF10	0.3333333333333333	C
ETS1	DBR1	0.3333333333333333	C
ETS1	DDX39B	0.3333333333333333	C
ETS1	DAPK3	0.3333333333333333	C
ETS1	CYREN	0.3333333333333333	C
ETS1	CYP2E1	0.3333333333333333	C
ETS1	CUL4B	0.3333333333333333	C
ETS1	CTTN	0.3333333333333333	C
ESR1	TRMT61A	0.3333333333333333	C
ETS1	CTDNEP1	0.3333333333333333	C
ESR1	TRIM17	0.3333333333333333	C
ESR1	TJP1	0.3333333333333333	C
ETS1	DDX5	0.3333333333333333	C
ETS1	DGUOK	0.3333333333333333	C
ETS1	E2F8	0.3333333333333333	C
ESR1	TMEM132D	0.3333333333333333	C
ETS1	DPP8	0.3333333333333333	C
ESR1	TMEM186	0.3333333333333333	C
ESR1	TMPRSS13	0.3333333333333333	C
ETS1	DNAJC1	0.3333333333333333	C
ETS1	DEPDC1B	0.3333333333333333	C
ETS1	DNAJB9	0.3333333333333333	C
ETS1	DNAH7	0.3333333333333333	C
ETS1	DMAP1	0.3333333333333333	C
ETS1	DLST	0.3333333333333333	C
ETS1	DLGAP4	0.3333333333333333	C
ETS1	DLC1	0.3333333333333333	C
ETS1	DICER1	0.3333333333333333	C
ESR1	TNNC1	0.3333333333333333	C
ESR1	SYNE1	0.3333333333333333	C
ETS1	ATF4	0.3333333333333333	C
ETS1	ASB1	0.3333333333333333	C
ESRRA	NFATC2	0.3333333333333333	C
ESRRA	NFIA	0.3333333333333333	C
ESRRA	NIBAN2	0.3333333333333333	C
ESRRA	NRXN1	0.3333333333333333	C
ESRRA	OGDH	0.3333333333333333	C
ESRRA	P3H2	0.3333333333333333	C
ESRRA	PAK4	0.3333333333333333	C
ESRRA	PIK3C2B	0.3333333333333333	C
ESRRA	PNKD	0.3333333333333333	C
ESRRA	POR	0.3333333333333333	C
ESRRA	PPFIBP2	0.3333333333333333	C
ESRRA	PPP5C	0.3333333333333333	C
ESR2	RTKN	0.3333333333333333	C
ESRRA	RARA	0.3333333333333333	C
ESR2	RPS6KL1	0.3333333333333333	C
ESRRA	RGS6	0.3333333333333333	C
ESR2	RBM15	0.3333333333333333	C
ESRRA	TXNRD1	0.3333333333333333	C
ESRRA	TRIB3	0.3333333333333333	C
ESRRA	TMEM164	0.3333333333333333	C
ESRRA	TMCO4	0.3333333333333333	C
ESRRA	TGM2	0.3333333333333333	C
ESRRA	TENM4	0.3333333333333333	C
ESRRA	NDUFAF6	0.3333333333333333	C
ESRRA	SYT12	0.3333333333333333	C
ESRRA	STRBP	0.3333333333333333	C
ESRRA	STN1	0.3333333333333333	C
ESRRA	STARD10	0.3333333333333333	C
ESRRA	SOX6	0.3333333333333333	C
ESR2	PTTG1IP	0.3333333333333333	C
ESRRA	SLC35F6	0.3333333333333333	C
ESRRA	SYNPO	0.3333333333333333	C
ESRRA	NAALADL2	0.3333333333333333	C
ESRRA	MYO18A	0.3333333333333333	C
ESRRA	MSI2	0.3333333333333333	C
ESRRA	CAPN8	0.3333333333333333	C
ESRRA	CAPN2	0.3333333333333333	C
ESRRA	BHLHE40	0.3333333333333333	C
ESRRA	BCL3	0.3333333333333333	C
ESRRA	BAIAP2L1	0.3333333333333333	C
ESRRA	ATP1B1	0.3333333333333333	C
ESRRA	CUEDC1	0.3333333333333333	C
ESRRA	ASCC2	0.3333333333333333	C
ESR2	SIX2	0.3333333333333333	C
ESRRA	ACSS1	0.3333333333333333	C
ESR2	ZMIZ1	0.3333333333333333	C
ESR2	ZFYVE16	0.3333333333333333	C
ESR2	TFAP2C	0.3333333333333333	C
ESR2	ZBTB38	0.3333333333333333	C
ESRRA	ADGRG1	0.3333333333333333	C
ESRRA	UBE2V1	0.3333333333333333	C
ESRRA	DENND1A	0.3333333333333333	C
ESRRA	DMD	0.3333333333333333	C
ESRRA	MGLL	0.3333333333333333	C
ESRRA	MARK2	0.3333333333333333	C
ESRRA	MAPKAP1	0.3333333333333333	C
ESRRA	LLGL2	0.3333333333333333	C
ESRRA	NHSL3	0.3333333333333333	C
ESRRA	HK1	0.3333333333333333	C
ESRRA	DLG2	0.3333333333333333	C
ESRRA	HDAC11	0.3333333333333333	C
ESRRA	GSN	0.3333333333333333	C
ESRRA	GREB1	0.3333333333333333	C
ESRRA	ERBB2	0.3333333333333333	C
ESRRA	EPHB4	0.3333333333333333	C
ESRRA	DNAJC5B	0.3333333333333333	C
ESRRA	DNAJB12	0.3333333333333333	C
ESRRA	GTF2IRD1	0.3333333333333333	C
ESRRA	VDR	0.3333333333333333	C
ESRRA	WNK2	0.3333333333333333	C
ESRRA	XYLT1	0.3333333333333333	C
ESR2	ENDOG	0.3333333333333333	C
ESR2	GAPDH	0.3333333333333333	C
ESR2	GFAP	0.3333333333333333	C
ETS1	ARHGAP1	0.3333333333333333	C
ETS1	ARF4	0.3333333333333333	C
ESR2	HIPK2	0.3333333333333333	C
ETS1	ARHGAP4	0.3333333333333333	C
ETS1	APOM	0.3333333333333333	C
ESR2	IDH1	0.3333333333333333	C
ETS1	AP2A1	0.3333333333333333	C
ETS1	AP1M1	0.3333333333333333	C
ETS1	AP1B1	0.3333333333333333	C
ETS1	ANXA11	0.3333333333333333	C
ETS1	ANTKMT	0.3333333333333333	C
ETS1	APOBEC3H	0.3333333333333333	C
ETS1	ANKRD42	0.3333333333333333	C
ESR2	EME2	0.3333333333333333	C
ESR2	ECSIT	0.3333333333333333	C
ESR2	POPDC1	0.3333333333333333	C
ETS1	ARSG	0.3333333333333333	C
ESR2	CCDC138	0.3333333333333333	C
ESR2	CCDC57	0.3333333333333333	C
ETS1	ARPC3	0.3333333333333333	C
ETS1	ARL5B	0.3333333333333333	C
ETS1	ARHGEF1	0.3333333333333333	C
ETS1	ARID5A	0.3333333333333333	C
ESR2	CHPT1	0.3333333333333333	C
ESR2	CLASP2	0.3333333333333333	C
ESR2	CLUH	0.3333333333333333	C
ESR2	CSTB	0.3333333333333333	C
ESR2	CYP46A1	0.3333333333333333	C
ESR2	DGKE	0.3333333333333333	C
ETS1	ARID4A	0.3333333333333333	C
ETS1	ASB8	0.3333333333333333	C
ESR2	ISG20	0.3333333333333333	C
ESR2	JUND	0.3333333333333333	C
ESR2	P4HA2	0.3333333333333333	C
ETS1	ACOX3	0.3333333333333333	C
ESR2	PCTP	0.3333333333333333	C
ETS1	ABT1	0.3333333333333333	C
ETS1	ABR	0.3333333333333333	C
ESR2	PDCD6IP	0.3333333333333333	C
ESR2	NT5C1A	0.3333333333333333	C
ETS1	ABI2	0.3333333333333333	C
ESR2	PIP5KL1	0.3333333333333333	C
ETS1	ABCD1	0.3333333333333333	C
ESR2	PLXDC1	0.3333333333333333	C
ESR2	PRKAG2	0.3333333333333333	C
ETS1	ABCB8	0.3333333333333333	C
ETS1	ABCB7	0.3333333333333333	C
ETS1	ABHD13	0.3333333333333333	C
ETS1	ANGEL1	0.3333333333333333	C
ESR2	MTMR4	0.3333333333333333	C
ETS1	ACVRL1	0.3333333333333333	C
ETS1	AMPD2	0.3333333333333333	C
ESR2	KCNA7	0.3333333333333333	C
ETS1	ALKBH3	0.3333333333333333	C
ESR2	KCNH8	0.3333333333333333	C
ESR2	KRT13	0.3333333333333333	C
ESR2	LCA5L	0.3333333333333333	C
ESR2	MTHFD1L	0.3333333333333333	C
ESR2	LETMD1	0.3333333333333333	C
ETS1	ADPRS	0.3333333333333333	C
ESR2	LZTS2	0.3333333333333333	C
ETS1	ADGRE1	0.3333333333333333	C
ETS1	ADCY7	0.3333333333333333	C
ETS1	ADAMTS9	0.3333333333333333	C
ESR2	MICOS10	0.3333333333333333	C
ESR2	LRRFIP1	0.3333333333333333	C
ETS1	FRA10AC1	0.3333333333333333	C
ETS1	FREM3	0.3333333333333333	C
ESR1	SUSD3	0.3333333333333333	C
ESR1	PDCD6IP	0.3333333333333333	C
ETS1	PIK3R1	0.3333333333333333	C
ETS1	PIP4P2	0.3333333333333333	C
ESR1	PCYT2	0.3333333333333333	C
ESR1	PAPLN	0.3333333333333333	C
ETS1	PLEKHM3	0.3333333333333333	C
ESR1	PAM	0.3333333333333333	C
ESR1	PALM2AKAP2	0.3333333333333333	C
ETS1	PNKP	0.3333333333333333	C
ESR1	PACSIN2	0.3333333333333333	C
ETS1	POLD4	0.3333333333333333	C
ETS1	PPIL3	0.3333333333333333	C
ETS1	PPM1M	0.3333333333333333	C
ETS1	PPME1	0.3333333333333333	C
ETS1	PPP1R11	0.3333333333333333	C
ESR1	P4HA2	0.3333333333333333	C
ETS1	PPP1R35	0.3333333333333333	C
ESR1	NPR3	0.3333333333333333	C
ETS1	PSMC2	0.3333333333333333	C
ETS1	PRSS36	0.3333333333333333	C
ETS1	PRRG2	0.3333333333333333	C
ESR1	NSUN3	0.3333333333333333	C
ETS1	PRPF19	0.3333333333333333	C
ETS1	PIH1D1	0.3333333333333333	C
ETS1	PRMT1	0.3333333333333333	C
ESR1	OTUD6B	0.3333333333333333	C
ETS1	PRKACA	0.3333333333333333	C
ETS1	PRKAB1	0.3333333333333333	C
ESR1	OVGP1	0.3333333333333333	C
ETS1	PREPL	0.3333333333333333	C
ETS1	PRELID1	0.3333333333333333	C
ESR1	OR4D11	0.3333333333333333	C
ETS1	PIGN	0.3333333333333333	C
ETS1	PHLDB2	0.3333333333333333	C
ETS1	PHF23	0.3333333333333333	C
ESR1	PLEKHG5	0.3333333333333333	C
ETS1	OGG1	0.3333333333333333	C
ESR1	PLEKHG6	0.3333333333333333	C
ETS1	NXT2	0.3333333333333333	C
ETS1	NXN	0.3333333333333333	C
ETS1	NUP54	0.3333333333333333	C
ETS1	OSTM1	0.3333333333333333	C
ETS1	NUDCD3	0.3333333333333333	C
ETS1	NTHL1	0.3333333333333333	C
ETS1	NSUN5	0.3333333333333333	C
ETS1	NSUN3	0.3333333333333333	C
ETS1	NSMCE1	0.3333333333333333	C
ESR1	POU2F3	0.3333333333333333	C
ETS1	NOSIP	0.3333333333333333	C
ESR1	PML	0.3333333333333333	C
ETS1	PTK2B	0.3333333333333333	C
ETS1	OTUD5	0.3333333333333333	C
ETS1	PAFAH1B2	0.3333333333333333	C
ESR1	PDLIM2	0.3333333333333333	C
ETS1	PHB2	0.3333333333333333	C
ESR1	PDZK1	0.3333333333333333	C
ETS1	PEX2	0.3333333333333333	C
ETS1	PER2	0.3333333333333333	C
ESR1	PIP5KL1	0.3333333333333333	C
ETS1	OVCA2	0.3333333333333333	C
ETS1	PDLIM2	0.3333333333333333	C
ETS1	PDE12	0.3333333333333333	C
ETS1	PCGF1	0.3333333333333333	C
ETS1	PCDH9	0.3333333333333333	C
ESR1	PLAAT3	0.3333333333333333	C
ETS1	PATZ1	0.3333333333333333	C
ETS1	PATL1	0.3333333333333333	C
ESR1	PKD2L2	0.3333333333333333	C
ESR1	NPEPL1	0.3333333333333333	C
ETS1	PTPN11	0.3333333333333333	C
ETS1	PTPRCAP	0.3333333333333333	C
ETS1	SLC35C2	0.3333333333333333	C
ESR1	MICALL1	0.3333333333333333	C
ESR1	MICOS10	0.3333333333333333	C
ETS1	SIRPB1	0.3333333333333333	C
ETS1	SIAE	0.3333333333333333	C
ESR1	MTERF2	0.3333333333333333	C
ETS1	SLC35E2B	0.3333333333333333	C
ETS1	SH3BP5L	0.3333333333333333	C
ETS1	SH2D6	0.3333333333333333	C
ETS1	SH2B3	0.3333333333333333	C
ETS1	SF3B3	0.3333333333333333	C
ETS1	SERTAD3	0.3333333333333333	C
ESR1	MYO15A	0.3333333333333333	C
ETS1	SELENON	0.3333333333333333	C
ESR1	MTRES1	0.3333333333333333	C
ETS1	SEC24C	0.3333333333333333	C
ESR1	MEIS1	0.3333333333333333	C
ESR1	MCTP2	0.3333333333333333	C
ETS1	SULT1A1	0.3333333333333333	C
ETS1	SUB1	0.3333333333333333	C
ETS1	STMN3	0.3333333333333333	C
ESR1	LRRC20	0.3333333333333333	C
ESR1	LRRC43	0.3333333333333333	C
ESR1	LY6E	0.3333333333333333	C
ETS1	SLX4	0.3333333333333333	C
ESR1	LZTS2	0.3333333333333333	C
ETS1	SPTY2D1	0.3333333333333333	C
ESR1	MAEA	0.3333333333333333	C
ESR1	MAL2	0.3333333333333333	C
ESR1	MANEAL	0.3333333333333333	C
ETS1	SPG11	0.3333333333333333	C
ETS1	SNRPB	0.3333333333333333	C
ETS1	SRBD1	0.3333333333333333	C
ESR1	PPM1M	0.3333333333333333	C
ETS1	SCOC	0.3333333333333333	C
ETS1	SART3	0.3333333333333333	C
ESR1	NFASC	0.3333333333333333	C
NFIC	ESR1	0.3333333333333333	C
ETS1	RAP2C	0.3333333333333333	C
ESR1	NIPAL1	0.3333333333333333	C
ESR1	NISCH	0.3333333333333333	C
ETS1	RAE1	0.3333333333333333	C
ETS1	RASGRP2	0.3333333333333333	C
ETS1	RABL2A	0.3333333333333333	C
ETS1	PYM1	0.3333333333333333	C
ESR1	NNMT	0.3333333333333333	C
ETS1	PUS7L	0.3333333333333333	C
ETS1	PURB	0.3333333333333333	C
ETS1	PTTG1IP	0.3333333333333333	C
ETS1	PTRH2	0.3333333333333333	C
ETS1	PYROXD1	0.3333333333333333	C
ETS1	SBNO2	0.3333333333333333	C
ESR1	NEFH	0.3333333333333333	C
ETS1	RELT	0.3333333333333333	C
ETS1	S100B	0.3333333333333333	C
RUNX2	ETS1	0.3333333333333333	C
ETS1	RUBCN	0.3333333333333333	C
ETS1	RTF2	0.3333333333333333	C
ESR1	MYOG	0.3333333333333333	C
ETS1	METTL25B	0.3333333333333333	C
ETS1	RBM8A	0.3333333333333333	C
ESR1	MYT1	0.3333333333333333	C
ETS1	RPS25	0.3333333333333333	C
ETS1	RNF25	0.3333333333333333	C
ETS1	RNF185	0.3333333333333333	C
ETS1	RIN3	0.3333333333333333	C
ETS1	RFC4	0.3333333333333333	C
ETS1	RETREG2	0.3333333333333333	C
ETS1	RPS6KA1	0.3333333333333333	C
ETS1	NOC2L	0.3333333333333333	C
ETS1	NKIRAS2	0.3333333333333333	C
ETS1	NIPBL	0.3333333333333333	C
ETS1	KAT5	0.3333333333333333	C
ETS1	JMJD6	0.3333333333333333	C
ESR1	SLC13A3	0.3333333333333333	C
ESR1	SLC28A3	0.3333333333333333	C
ESR1	SLC29A1	0.3333333333333333	C
ESR1	SLC35B2	0.3333333333333333	C
ETS1	KATNA1	0.3333333333333333	C
ETS1	ISY1	0.3333333333333333	C
ETS1	INO80B	0.3333333333333333	C
ESR1	SLC39A4	0.3333333333333333	C
ESR1	SLC43A2	0.3333333333333333	C
ETS1	IGF2R	0.3333333333333333	C
ESR1	SLC6A17	0.3333333333333333	C
ETS1	IGF1	0.3333333333333333	C
ETS1	INPP5F	0.3333333333333333	C
ETS1	IFT22	0.3333333333333333	C
ESR1	SH3PXD2A	0.3333333333333333	C
ESR1	SH3BGR	0.3333333333333333	C
ESR1	SDC3	0.3333333333333333	C
ETS1	L1CAM	0.3333333333333333	C
ESR1	SEC24D	0.3333333333333333	C
ETS1	KRT77	0.3333333333333333	C
ETS1	KLHL21	0.3333333333333333	C
KLF6	ETS1	0.3333333333333333	C
ETS1	KCTD5	0.3333333333333333	C
ESR1	SEPTIN6	0.3333333333333333	C
ETS1	KIFC1	0.3333333333333333	C
ETS1	KIF4A	0.3333333333333333	C
ESR1	SETD2	0.3333333333333333	C
ETS1	MATCAP1	0.3333333333333333	C
ETS1	KIAA0232	0.3333333333333333	C
ETS1	KHDRBS1	0.3333333333333333	C
ESR1	SERPINB6	0.3333333333333333	C
ETS1	LDAH	0.3333333333333333	C
ESR1	SLC7A10	0.3333333333333333	C
FOS	MMP13	0.3333333333333333	C
ETS1	GRM4	0.3333333333333333	C
ETS1	GRAMD2B	0.3333333333333333	C
ETS1	GPSM3	0.3333333333333333	C
ESR1	SPIRE2	0.3333333333333333	C
ETS1	GPATCH2L	0.3333333333333333	C
ETS1	GOLGA8A	0.3333333333333333	C
ETS1	GSAP	0.3333333333333333	C
ETS1	GNPTG	0.3333333333333333	C
ETS1	GJA5	0.3333333333333333	C
ETS1	GGA1	0.3333333333333333	C
ETS1	GEMIN8	0.3333333333333333	C
ESR1	SRI	0.3333333333333333	C
ETS1	GATAD1	0.3333333333333333	C
ESR1	SSUH2	0.3333333333333333	C
ETS1	GMNN	0.3333333333333333	C
ETS1	IDI1	0.3333333333333333	C
ESR1	SPECC1	0.3333333333333333	C
ESR1	SPATA7	0.3333333333333333	C
ESR1	SLC9A8	0.3333333333333333	C
ETS1	ICAM4	0.3333333333333333	C
ETS1	HRH1	0.3333333333333333	C
ETS1	HPS5	0.3333333333333333	C
ETS1	HOXC4	0.3333333333333333	C
ESR1	SNTG1	0.3333333333333333	C
ETS1	H4C6	0.3333333333333333	C
ESR1	SNX5	0.3333333333333333	C
ESR1	SNX9	0.3333333333333333	C
ETS1	HMGB1	0.3333333333333333	C
ETS1	HMGA1	0.3333333333333333	C
ESR1	SOX6	0.3333333333333333	C
ETS1	HINFP	0.3333333333333333	C
ESR1	SPATA21	0.3333333333333333	C
ETS1	HNRNPD	0.3333333333333333	C
FOS	KIAA0513	0.3333333333333333	C
ESR1	SCYL3	0.3333333333333333	C
ETS1	LEMD3	0.3333333333333333	C
ETS1	MTHFSD	0.3333333333333333	C
ETS1	MTERF1	0.3333333333333333	C
ETS1	MSL1	0.3333333333333333	C
ETS1	MSANTD2	0.3333333333333333	C
ETS1	MRPS22	0.3333333333333333	C
ETS1	MRPL54	0.3333333333333333	C
ETS1	MTMR14	0.3333333333333333	C
ETS1	MRPL3	0.3333333333333333	C
ETS1	MRM2	0.3333333333333333	C
ETS1	MPZL3	0.3333333333333333	C
ETS1	MON1B	0.3333333333333333	C
ETS1	MLEC	0.3333333333333333	C
ETS1	MIR9-1HG	0.3333333333333333	C
ETS1	MINDY3	0.3333333333333333	C
ETS1	MRPL13	0.3333333333333333	C
ETS1	MIGA2	0.3333333333333333	C
ETS1	MTMR4	0.3333333333333333	C
ESR1	RALGDS	0.3333333333333333	C
ETS1	NIP7	0.3333333333333333	C
ETS1	NGRN	0.3333333333333333	C
ESR1	PPP2R3A	0.3333333333333333	C
ESR1	PRICKLE1	0.3333333333333333	C
ETS1	NF1	0.3333333333333333	C
ETS1	NELFB	0.3333333333333333	C
ESR1	RANBP1	0.3333333333333333	C
ETS1	NEK8	0.3333333333333333	C
ETS1	NDUFC2	0.3333333333333333	C
ETS1	NDUFA13	0.3333333333333333	C
ETS1	NAV1	0.3333333333333333	C
ETS1	NAA40	0.3333333333333333	C
ETS1	MZF1	0.3333333333333333	C
ETS1	MYO1A	0.3333333333333333	C
ESR1	PROP1	0.3333333333333333	C
ETS1	LEFTY1	0.3333333333333333	C
ESR1	RENBP	0.3333333333333333	C
ESR1	RFNG	0.3333333333333333	C
ETS1	LYRM1	0.3333333333333333	C
ETS1	LTN1	0.3333333333333333	C
PPARG	CYP19A1	-0.3333333333333333	C
ETS1	LTC4S	0.3333333333333333	C
ESR1	RPS6KL1	0.3333333333333333	C
ETS1	LSM5	0.3333333333333333	C
ETS1	LYRM2	0.3333333333333333	C
ESR1	RRBP1	0.3333333333333333	C
ETS1	LRFN4	0.3333333333333333	C
ETS1	LOXL2	0.3333333333333333	C
ETS1	LMBRD1	0.3333333333333333	C
ETS1	LIG4	0.3333333333333333	C
ESR1	SCNN1A	0.3333333333333333	C
ETS1	LENG1	0.3333333333333333	C
ETS1	LRRC20	0.3333333333333333	C
ETS1	MICOS10	0.3333333333333333	C
ESR1	RPL37A	0.3333333333333333	C
ETS1	MAD2L1BP	0.3333333333333333	C
ESR1	RGL2	0.3333333333333333	C
ETS1	METTL3	0.3333333333333333	C
ETS1	METTL21A	0.3333333333333333	C
ETS1	MED18	0.3333333333333333	C
ETS1	MED17	0.3333333333333333	C
ETS1	MECOM	0.3333333333333333	C
ESR1	RPL18A	0.3333333333333333	C
ETS1	MDS2	0.3333333333333333	C
ETS1	MCAM	0.3333333333333333	C
ETS1	MBTPS2	0.3333333333333333	C
ETS1	MAP3K7	0.3333333333333333	C
ESR1	RNPEPL1	0.3333333333333333	C
ETS1	MAGED1	0.3333333333333333	C
ETS1	MADD	0.3333333333333333	C
ETS1	MCRS1	0.3333333333333333	C
FOS	KLC4	0.3333333333333333	C
FOS	KLF10	0.3333333333333333	C
FOS	KLHDC7A	0.3333333333333333	C
FOXA1	GABRR3	0.3333333333333333	C
FOXA1	GALNT10	0.3333333333333333	C
FOXA1	GALNT14	0.3333333333333333	C
ELF1	SEC14L1	0.3333333333333333	C
FOXA1	GBE1	0.3333333333333333	C
FOXA1	GC	0.3333333333333333	C
FOXA1	GCNT2	0.3333333333333333	C
FOXA1	GDF15	0.3333333333333333	C
ELF1	SBNO2	0.3333333333333333	C
FOXA1	GHRH	0.3333333333333333	C
FOXA1	GLDN	0.3333333333333333	C
ELF1	RNF38	0.3333333333333333	C
ELF1	RNF213	0.3333333333333333	C
FOXA1	GLRA3	0.3333333333333333	C
ELF1	PTTG1IP	0.3333333333333333	C
FOXA1	GMFB	0.3333333333333333	C
ELF1	PTPA	0.3333333333333333	C
ELF1	LARP4B	0.3333333333333333	C
ELF1	LSM4	0.3333333333333333	C
ELF1	MAFK	0.3333333333333333	C
ELF1	MAP1LC3B	0.3333333333333333	C
ELF1	MBNL1	0.3333333333333333	C
ELF1	MED15	0.3333333333333333	C
ELF1	SGMS1	0.3333333333333333	C
ELF1	MYO9B	0.3333333333333333	C
ELF1	NEDD4L	0.3333333333333333	C
ELF1	NFE2L2	0.3333333333333333	C
FOXA1	GPHN	0.3333333333333333	C
ELF1	PCBP1	0.3333333333333333	C
ELF1	PRKCH	0.3333333333333333	C
FOXA1	GOPC	0.3333333333333333	C
FOXA1	GRB14	0.3333333333333333	C
ELF1	SIN3A	0.3333333333333333	C
FOXA1	FUT10	0.3333333333333333	C
ELF1	SREBF1	0.3333333333333333	C
ELF3	ARHGAP42	0.3333333333333333	C
ELF3	ARSG	0.3333333333333333	C
ELF3	ATP2A2	0.3333333333333333	C
ELF3	BARX2	0.3333333333333333	C
ELF3	CDCP1	0.3333333333333333	C
FOXA1	FGD4	0.3333333333333333	C
ELF3	ARHGAP32	0.3333333333333333	C
ELF3	CFTR	0.3333333333333333	C
FOXA1	FCHO2	0.3333333333333333	C
ELF3	CTNNBIP1	0.3333333333333333	C
FOXA1	FBXO48	0.3333333333333333	C
FOXA1	FBXO11	0.3333333333333333	C
FOXA1	FBXL18	0.3333333333333333	C
ELF3	CYP24A1	0.3333333333333333	C
FOXA1	FDFT1	0.3333333333333333	C
ELF1	KLF9	0.3333333333333333	C
ELF3	ARHGAP12	0.3333333333333333	C
ELF3	ALCAM	0.3333333333333333	C
ELF1	STK24	0.3333333333333333	C
ELF1	TACC1	0.3333333333333333	C
ELF1	TRIB1	0.3333333333333333	C
ELF1	TSNARE1	0.3333333333333333	C
ELF1	TSPAN14	0.3333333333333333	C
ELF1	UBE2H	0.3333333333333333	C
FOXA1	FKBP15	0.3333333333333333	C
ELF1	ZFYVE28	0.3333333333333333	C
ELF1	ZNF217	0.3333333333333333	C
ELF3	ADGRF1	0.3333333333333333	C
ELF3	ADGRV1	0.3333333333333333	C
FOXA1	FNDC1	0.3333333333333333	C
FOXA1	FMN1	0.3333333333333333	C
FOXA1	FLT3	0.3333333333333333	C
FOXA1	FOXO3	0.3333333333333333	C
FOXA1	H2AC16	0.3333333333333333	C
ELF1	IGF2R	0.3333333333333333	C
ELF1	GATAD2A	0.3333333333333333	C
FOXA1	KIT	0.3333333333333333	C
FOXA1	KIF2A	0.3333333333333333	C
EHF	SPTBN2	0.3333333333333333	C
EHF	TMC5	0.3333333333333333	C
EHF	TTC14	0.3333333333333333	C
EHF	USP8	0.3333333333333333	C
FOXA1	KLHL6	0.3333333333333333	C
EHF	WDR55	0.3333333333333333	C
EHF	WWC1	0.3333333333333333	C
EHF	ZFP62	0.3333333333333333	C
FOXA1	KCNJ16	0.3333333333333333	C
FOXA1	KCND3	0.3333333333333333	C
ELF1	ADCY7	0.3333333333333333	C
FOXA1	KARS1	0.3333333333333333	C
EHF	WIPF2	0.3333333333333333	C
ELF1	AFF1	0.3333333333333333	C
HSF1	HSPB1	0.3333333333333333	C
FOXA1	KLRG1	0.3333333333333333	C
EHF	KTI12	0.3333333333333333	C
EHF	LIMD1	0.3333333333333333	C
EHF	LIPH	0.3333333333333333	C
FOXA1	LIPJ	0.3333333333333333	C
FOXA1	LIPC	0.3333333333333333	C
EHF	MAP3K13	0.3333333333333333	C
FOXA1	KLRC2	0.3333333333333333	C
EHF	MYH14	0.3333333333333333	C
FOXA1	LCP2	0.3333333333333333	C
FOXA1	LCP1	0.3333333333333333	C
EHF	MYO5B	0.3333333333333333	C
FOXA1	LAMA4	0.3333333333333333	C
EHF	PMM2	0.3333333333333333	C
FOXA1	KRT13	0.3333333333333333	C
FOXA1	LEPR	0.3333333333333333	C
ELF3	DOCK4	0.3333333333333333	C
ELF1	ANKMY1	0.3333333333333333	C
ELF1	ARHGDIA	0.3333333333333333	C
FOXA1	IGSF5	0.3333333333333333	C
ELF1	DPP9	0.3333333333333333	C
ELF1	DYRK1A	0.3333333333333333	C
FOXA1	IBTK	0.3333333333333333	C
FOXA1	HTR4	0.3333333333333333	C
FOXA1	HTATSF1	0.3333333333333333	C
FOXA1	IL16	0.3333333333333333	C
FOXA1	HRH1	0.3333333333333333	C
ELF1	FAAP20	0.3333333333333333	C
FOXA1	HLF	0.3333333333333333	C
ELF1	FNDC3B	0.3333333333333333	C
ELF1	FOXN3	0.3333333333333333	C
ELF1	FOXO3	0.3333333333333333	C
FOXA1	HELZ	0.3333333333333333	C
FOXA1	HMGCR	0.3333333333333333	C
ELF1	ARHGAP12	0.3333333333333333	C
ELF1	DDX3X	0.3333333333333333	C
FOXA1	IL21	0.3333333333333333	C
FOXA1	IVNS1ABP	0.3333333333333333	C
ELF1	ASAP1	0.3333333333333333	C
FOXA1	ITPRID1	0.3333333333333333	C
ELF1	ASPSCR1	0.3333333333333333	C
ELF1	CAST	0.3333333333333333	C
FOXA1	ISX	0.3333333333333333	C
FOXA1	IL2	0.3333333333333333	C
ELF1	CDC42SE2	0.3333333333333333	C
FOXA1	INTS6	0.3333333333333333	C
FOXA1	INSL4	0.3333333333333333	C
ELF1	CHD9	0.3333333333333333	C
FOXA1	INMT	0.3333333333333333	C
ELF1	CYRIB	0.3333333333333333	C
FOXA1	IL6ST	0.3333333333333333	C
FOXA1	INTU	0.3333333333333333	C
EHF	GRB7	0.3333333333333333	C
FOXA1	FASTKD1	0.3333333333333333	C
ELF3	F2RL1	0.3333333333333333	C
FOXA1	CNEP1R1	0.3333333333333333	C
ELK1	ATP13A1	0.3333333333333333	C
ELK1	ARID4A	0.3333333333333333	C
ELK1	APOM	0.3333333333333333	C
ELK1	ACTB	0.3333333333333333	C
FOXA1	CORO2B	0.3333333333333333	C
FOXA1	CP	0.3333333333333333	C
ELF5	VTCN1	0.3333333333333333	C
FOXA1	CPOX	0.3333333333333333	C
ELF5	TTC14	0.3333333333333333	C
ELF5	SUDS3	0.3333333333333333	C
ELF5	SNRPB2	0.3333333333333333	C
ELF5	SMG7	0.3333333333333333	C
ELF5	SLX4IP	0.3333333333333333	C
FOXA1	CYP27C1	0.3333333333333333	C
ELF5	RBM34	0.3333333333333333	C
FOXA1	CYP2C8	0.3333333333333333	C
FOXA1	DENND2B	0.3333333333333333	C
ELF5	NCBP2	0.3333333333333333	C
ELF5	PTK2B	0.3333333333333333	C
FOXA1	DEFB112	0.3333333333333333	C
FOXA1	DCN	0.3333333333333333	C
ELF5	PTPN6	0.3333333333333333	C
ELK1	AURKAIP1	0.3333333333333333	C
FOXA1	DCHS2	0.3333333333333333	C
FOXA1	DAZL	0.3333333333333333	C
FOXA1	DAPP1	0.3333333333333333	C
FOXA1	DAPK1	0.3333333333333333	C
ELF5	PYROXD2	0.3333333333333333	C
ELF5	RAD50	0.3333333333333333	C
FOXA1	CYP39A1	0.3333333333333333	C
FOXA1	DCBLD1	0.3333333333333333	C
FOXA1	CLUL1	0.3333333333333333	C
FOXA1	CLN3	0.3333333333333333	C
ELK1	BAG6	0.3333333333333333	C
FOXA1	CDH26	0.3333333333333333	C
FOXA1	CDH19	0.3333333333333333	C
ELK1	COPA	0.3333333333333333	C
FOXA1	CD44	0.3333333333333333	C
ELK1	COPS9	0.3333333333333333	C
FOXA1	CD101	0.3333333333333333	C
FOXA1	CDH5	0.3333333333333333	C
ELK1	CSNK1A1	0.3333333333333333	C
ELK1	CUL4B	0.3333333333333333	C
FOXA1	CCDC178	0.3333333333333333	C
ELK1	DDX5	0.3333333333333333	C
ELK1	DNAJC7	0.3333333333333333	C
FOXA1	CAV2	0.3333333333333333	C
FOXA1	CAV1	0.3333333333333333	C
FOXA1	CCNP	0.3333333333333333	C
FOXA1	DEPDC5	0.3333333333333333	C
FOXA1	CDIN1	0.3333333333333333	C
ELK1	CGGBP1	0.3333333333333333	C
FOXA1	CKAP5	0.3333333333333333	C
ELK1	CCDC9	0.3333333333333333	C
FOXA1	CHCHD3	0.3333333333333333	C
FOXA1	CHAD	0.3333333333333333	C
FOXA1	CEP57L1	0.3333333333333333	C
FOXA1	CEP152	0.3333333333333333	C
ELK1	CHMP1A	0.3333333333333333	C
FOXA1	CEP135	0.3333333333333333	C
ELK1	CDK9	0.3333333333333333	C
FOXA1	CENPI	0.3333333333333333	C
FOXA1	CECR2	0.3333333333333333	C
ELK1	CEP95	0.3333333333333333	C
FOXA1	CDKN1A	0.3333333333333333	C
FOXA1	CDKL5	0.3333333333333333	C
ELK1	CDC45	0.3333333333333333	C
ELF5	MRPL52	0.3333333333333333	C
FOXA1	DHCR24	0.3333333333333333	C
FOXA1	DHRS7	0.3333333333333333	C
FOXA1	EPS8L2	0.3333333333333333	C
ELF3	PLEKHG3	0.3333333333333333	C
ELF3	PTK2B	0.3333333333333333	C
FOXA1	EPHA1	0.3333333333333333	C
ELF3	PTPRE	0.3333333333333333	C
FOXA1	EPB41	0.3333333333333333	C
ELF3	PLD1	0.3333333333333333	C
ELF3	RABGAP1L	0.3333333333333333	C
ELF3	RBM47	0.3333333333333333	C
FOXA1	ELK3	0.3333333333333333	C
ELF3	RNF43	0.3333333333333333	C
ELF3	RUNX1	0.3333333333333333	C
FOXA1	EID2	0.3333333333333333	C
ELF3	SEMA4B	0.3333333333333333	C
FOXA1	EML5	0.3333333333333333	C
ELF3	SEPTIN9	0.3333333333333333	C
ELF3	PLA2G6	0.3333333333333333	C
ELF3	NFIA	0.3333333333333333	C
ELF3	FAT1	0.3333333333333333	C
ELF3	GMDS	0.3333333333333333	C
FOXA1	FAM120B	0.3333333333333333	C
FOXA1	FAM107B	0.3333333333333333	C
ELF3	GRHL2	0.3333333333333333	C
ELF3	HABP2	0.3333333333333333	C
ELF3	PLA2G4A	0.3333333333333333	C
ELF3	HK2	0.3333333333333333	C
ELF3	MAL2	0.3333333333333333	C
ELF3	MCC	0.3333333333333333	C
ELF3	MEIS1	0.3333333333333333	C
ELF3	MYEOV	0.3333333333333333	C
FOXA1	ESPNL	0.3333333333333333	C
ELF3	NEDD4L	0.3333333333333333	C
ELF3	LPP	0.3333333333333333	C
FOXA1	FAM53B	0.3333333333333333	C
ELF3	SH3TC2	0.3333333333333333	C
FOXA1	EEPD1	0.3333333333333333	C
FOXA1	DNPEP	0.3333333333333333	C
FOXA1	DNAJC16	0.3333333333333333	C
FOXA1	DNAH7	0.3333333333333333	C
ELF5	CHCHD2	0.3333333333333333	C
FOXA1	DMD	0.3333333333333333	C
FOXA1	DMC1	0.3333333333333333	C
ELF5	CCDC77	0.3333333333333333	C
ELF5	ELOVL6	0.3333333333333333	C
ELF5	KDM5A	0.3333333333333333	C
FOXA1	DLC1	0.3333333333333333	C
FOXA1	DIXDC1	0.3333333333333333	C
FOXA1	DIPK1A	0.3333333333333333	C
ELF5	KRT8	0.3333333333333333	C
ELF5	LIMD1	0.3333333333333333	C
ELF5	FFAR4	0.3333333333333333	C
ELF3	SLC37A1	0.3333333333333333	C
ELF3	WWC1	0.3333333333333333	C
FOXA1	DOCK9	0.3333333333333333	C
ELF3	SLC39A11	0.3333333333333333	C
FOXA1	EAPP	0.3333333333333333	C
ELF3	SLC44A3	0.3333333333333333	C
ELF3	SLX4IP	0.3333333333333333	C
FOXA1	DYNC1LI1	0.3333333333333333	C
ELF3	SPRED2	0.3333333333333333	C
ELF3	TSPAN15	0.3333333333333333	C
ELF3	ST14	0.3333333333333333	C
FOXA1	DSE	0.3333333333333333	C
FOXA1	DROSHA	0.3333333333333333	C
FOXA1	DRD3	0.3333333333333333	C
ELF3	TNIP1	0.3333333333333333	C
FOXA1	DPF3	0.3333333333333333	C
FOXA1	DPAGT1	0.3333333333333333	C
ELF3	TACC2	0.3333333333333333	C
EHF	FBXO32	0.3333333333333333	C
EHF	FAM3D	0.3333333333333333	C
EGR2	TP73	0.3333333333333333	C
FOXA1	SAMD3	0.3333333333333333	C
FOXA1	SBK2	0.3333333333333333	C
FOXA1	SCAMP5	0.3333333333333333	C
EGR1	STAT1	0.3333333333333333	C
FOXA1	SCLY	0.3333333333333333	C
FOXA1	SDCBP2	0.3333333333333333	C
EGR1	STAG3	0.3333333333333333	C
EGR1	ST8SIA6	0.3333333333333333	C
FOXA1	SEMA6A	0.3333333333333333	C
FOXA1	SERPINA6	0.3333333333333333	C
FOXA1	SERPINA9	0.3333333333333333	C
FOXA1	SERPINB6	0.3333333333333333	C
FOXA1	SERPIND1	0.3333333333333333	C
FOXA1	SH3BGR	0.3333333333333333	C
FOXA1	SH3GL1	0.3333333333333333	C
EGR1	ST6GALNAC6	0.3333333333333333	C
EGR1	ST3GAL5	0.3333333333333333	C
EGR1	SPATA20	0.3333333333333333	C
FOXA1	SNRNP40	0.3333333333333333	C
EGR1	SPOPL	0.3333333333333333	C
FOXA1	SNCA	0.3333333333333333	C
FOXA1	SMC1B	0.3333333333333333	C
FOXA1	SLC7A2	0.3333333333333333	C
FOXA1	RUFY3	0.3333333333333333	C
FOXA1	SLC5A6	0.3333333333333333	C
FOXA1	SLC35C2	0.3333333333333333	C
FOXA1	SLC25A19	0.3333333333333333	C
FOXA1	SLC24A2	0.3333333333333333	C
EGR1	SRXN1	0.3333333333333333	C
FOXA1	SIN3B	0.3333333333333333	C
EGR1	SSTR2	0.3333333333333333	C
FOXA1	SLC38A2	0.3333333333333333	C
FOXA1	RPGRIP1	0.3333333333333333	C
FOXA1	RPF1	0.3333333333333333	C
EGR1	STX17	0.3333333333333333	C
EGR1	TBC1D2	0.3333333333333333	C
EGR1	TBXAS1	0.3333333333333333	C
FOXA1	RANGAP1	0.3333333333333333	C
FOXA1	RANBP17	0.3333333333333333	C
EGR1	TDRKH	0.3333333333333333	C
FOXA1	RADX	0.3333333333333333	C
EGR1	TBC1D10A	0.3333333333333333	C
EGR1	TENT4A	0.3333333333333333	C
FOXA1	PTN	0.3333333333333333	C
FOXA1	PTGES2	0.3333333333333333	C
FOXA1	PTCH1	0.3333333333333333	C
FOXA1	PSPC1	0.3333333333333333	C
FOXA1	PSMD7	0.3333333333333333	C
FOXA1	PSMD5	0.3333333333333333	C
EGR1	TENT5C	0.3333333333333333	C
FOXA1	SOSTDC1	0.3333333333333333	C
EGR1	SYT2	0.3333333333333333	C
EGR1	SYT12	0.3333333333333333	C
FOXA1	RNLS	0.3333333333333333	C
EGR1	STX4	0.3333333333333333	C
FOXA1	RNF19A	0.3333333333333333	C
FOXA1	RNF13	0.3333333333333333	C
FOXA1	RIOK3	0.3333333333333333	C
EGR1	SURF1	0.3333333333333333	C
FOXA1	RDX	0.3333333333333333	C
FOXA1	RIMKLB	0.3333333333333333	C
FOXA1	RGS7	0.3333333333333333	C
EGR1	SVOPL	0.3333333333333333	C
FOXA1	RGS21	0.3333333333333333	C
FOXA1	RGS1	0.3333333333333333	C
FOXA1	RGPD6	0.3333333333333333	C
FOXA1	RFLNA	0.3333333333333333	C
FOXA1	RHOH	0.3333333333333333	C
EGR1	SPAG7	0.3333333333333333	C
FOXA1	SP100	0.3333333333333333	C
FOXA1	SPACA5B	0.3333333333333333	C
EGR1	SENP8	0.3333333333333333	C
FOXA1	TP53INP2	0.3333333333333333	C
EGR1	SEPTIN10	0.3333333333333333	C
FOXA1	TOP2B	0.3333333333333333	C
FOXA1	TMEM98	0.3333333333333333	C
FOXA1	TMEM63A	0.3333333333333333	C
EGR1	SEMA5B	0.3333333333333333	C
FOXA1	TMEM39B	0.3333333333333333	C
FOXA1	TMEM178A	0.3333333333333333	C
FOXA1	TMCC2	0.3333333333333333	C
FOXA1	TM9SF3	0.3333333333333333	C
EGR1	SETX	0.3333333333333333	C
EGR1	SFMBT2	0.3333333333333333	C
EGR1	SFXN2	0.3333333333333333	C
FOXA1	TMEM205	0.3333333333333333	C
EGR1	SGMS2	0.3333333333333333	C
FOXA1	TPR	0.3333333333333333	C
FOXA1	TPRG1L	0.3333333333333333	C
FOXA1	UGT2B11	0.3333333333333333	C
FOXA1	UAP1	0.3333333333333333	C
FOXA1	TYRP1	0.3333333333333333	C
EGR1	SAMD14	0.3333333333333333	C
FOXA1	TTC7B	0.3333333333333333	C
EGR1	SATB1	0.3333333333333333	C
EGR1	SEH1L	0.3333333333333333	C
FOXA1	TTC21B	0.3333333333333333	C
EGR1	SCAMP2	0.3333333333333333	C
FOXA1	TRPC4AP	0.3333333333333333	C
FOXA1	TRIQK	0.3333333333333333	C
EGR1	SCIN	0.3333333333333333	C
FOXA1	TRIB1	0.3333333333333333	C
EGR1	SECISBP2	0.3333333333333333	C
FOXA1	TSPAN4	0.3333333333333333	C
FOXA1	PSMB2	0.3333333333333333	C
FOXA1	TIA1	0.3333333333333333	C
FOXA1	THAP9	0.3333333333333333	C
EGR1	SLC37A2	0.3333333333333333	C
EGR1	SLC50A1	0.3333333333333333	C
FOXA1	STX3	0.3333333333333333	C
EGR1	SLC6A3	0.3333333333333333	C
EGR1	SMYD5	0.3333333333333333	C
EGR1	SNAP25	0.3333333333333333	C
EGR1	SLC30A3	0.3333333333333333	C
FOXA1	SRD5A3	0.3333333333333333	C
EGR1	SNX25	0.3333333333333333	C
FOXA1	SPINK13	0.3333333333333333	C
EGR1	SORCS3	0.3333333333333333	C
FOXA1	SPATA7	0.3333333333333333	C
FOXA1	SPART	0.3333333333333333	C
FOXA1	SPAG9	0.3333333333333333	C
EGR1	SNTG2	0.3333333333333333	C
EGR1	SH3BP4	0.3333333333333333	C
FOXA1	SYNPO2	0.3333333333333333	C
EGR1	SLC18A2	0.3333333333333333	C
FOXA1	TGIF1	0.3333333333333333	C
EGR1	SHH	0.3333333333333333	C
FOXA1	TFAP2D	0.3333333333333333	C
FOXA1	TEX30	0.3333333333333333	C
FOXA1	TEX13B	0.3333333333333333	C
FOXA1	TET2	0.3333333333333333	C
FOXA1	TAB2	0.3333333333333333	C
FOXA1	TECTA	0.3333333333333333	C
FOXA1	TCP11L1	0.3333333333333333	C
FOXA1	TBC1D16	0.3333333333333333	C
EGR1	SLC11A2	0.3333333333333333	C
FOXA1	TAX1BP1	0.3333333333333333	C
FOXA1	TATDN3	0.3333333333333333	C
FOXA1	TAF1B	0.3333333333333333	C
EGR1	SIN3B	0.3333333333333333	C
EGR1	THNSL1	0.3333333333333333	C
EGR1	THOP1	0.3333333333333333	C
FOXA1	PRR34	0.3333333333333333	C
EGR1	VWA1	0.3333333333333333	C
EGR1	WBP2	0.3333333333333333	C
FOXA1	NEDD4	0.3333333333333333	C
FOXA1	NECAB1	0.3333333333333333	C
FOXA1	NCOR1	0.3333333333333333	C
FOXA1	NCBP1	0.3333333333333333	C
EGR1	VSTM2L	0.3333333333333333	C
EGR1	WNT7A	0.3333333333333333	C
EGR1	XYLT1	0.3333333333333333	C
EGR1	YPEL2	0.3333333333333333	C
FOXA1	MYO5B	0.3333333333333333	C
EGR1	ZBTB18	0.3333333333333333	C
FOXA1	MYLK3	0.3333333333333333	C
EGR1	ZC2HC1A	0.3333333333333333	C
EGR1	WRNIP1	0.3333333333333333	C
FOXA1	MTMR6	0.3333333333333333	C
EGR1	VPS51	0.3333333333333333	C
FOXA1	NIPAL2	0.3333333333333333	C
FOXA1	NUP210L	0.3333333333333333	C
EGR1	UNC119B	0.3333333333333333	C
FOXA1	NUCB2	0.3333333333333333	C
FOXA1	NT5M	0.3333333333333333	C
FOXA1	NT5DC1	0.3333333333333333	C
EGR1	UPF3A	0.3333333333333333	C
EGR1	VPS26A	0.3333333333333333	C
EGR1	USF2	0.3333333333333333	C
EGR1	USH1G	0.3333333333333333	C
EGR1	USP28	0.3333333333333333	C
FOXA1	NPEPPS	0.3333333333333333	C
EGR1	UTF1	0.3333333333333333	C
FOXA1	NOX5	0.3333333333333333	C
FOXA1	NMD3	0.3333333333333333	C
FOXA1	NRK	0.3333333333333333	C
FOXA1	OPN3	0.3333333333333333	C
FOXA1	MSRA	0.3333333333333333	C
FOXA1	MSH2	0.3333333333333333	C
EGR1	ZNF512B	0.3333333333333333	C
FOXA1	MANBA	0.3333333333333333	C
EGR1	ZNF581	0.3333333333333333	C
FOXA1	MAMDC2	0.3333333333333333	C
EGR1	ZNF584	0.3333333333333333	C
EGR1	ZNF664	0.3333333333333333	C
FOXA1	MAP2K6	0.3333333333333333	C
FOXA1	MACROD1	0.3333333333333333	C
FOXA1	MAB21L3	0.3333333333333333	C
FOXA1	LYPD6	0.3333333333333333	C
EGR2	SPINT1	0.3333333333333333	C
FOXA1	LRRC51	0.3333333333333333	C
FOXA1	TOMT	0.3333333333333333	C
FOXA1	LRRC37A3	0.3333333333333333	C
EGR1	ZNF821	0.3333333333333333	C
EGR1	ZC3H18	0.3333333333333333	C
FOXA1	MAP3K8	0.3333333333333333	C
FOXA1	MAP9	0.3333333333333333	C
EGR1	ZCCHC12	0.3333333333333333	C
FOXA1	MLLT10	0.3333333333333333	C
EGR1	ZDHHC17	0.3333333333333333	C
FOXA1	MINDY4	0.3333333333333333	C
FOXA1	MIDEAS	0.3333333333333333	C
FOXA1	MICU2	0.3333333333333333	C
EGR1	ZNF480	0.3333333333333333	C
FOXA1	MFSD6	0.3333333333333333	C
EGR1	ZMYM4	0.3333333333333333	C
EGR1	ZNF213	0.3333333333333333	C
FOXA1	MBL2	0.3333333333333333	C
EGR1	ZNF250	0.3333333333333333	C
FOXA1	MARCHF10	0.3333333333333333	C
EGR1	ZNF436	0.3333333333333333	C
FOXA1	MCHR1	0.3333333333333333	C
FOXA1	CATSPERB	0.3333333333333333	C
FOXA1	OR4C12	0.3333333333333333	C
EGR1	UBE2I	0.3333333333333333	C
FOXA1	PLEKHG6	0.3333333333333333	C
FOXA1	PLEKHA8	0.3333333333333333	C
FOXA1	PLEKHA7	0.3333333333333333	C
EGR1	TMEM59L	0.3333333333333333	C
FOXA1	PLCE1	0.3333333333333333	C
EGR1	TMEM61	0.3333333333333333	C
EGR1	TMEM218	0.3333333333333333	C
FOXA1	PLA2G2A	0.3333333333333333	C
EGR1	TMEM9B	0.3333333333333333	C
EGR1	TMPRSS2	0.3333333333333333	C
FOXA1	PJA1	0.3333333333333333	C
FOXA1	PITX2	0.3333333333333333	C
FOXA1	PITPNB	0.3333333333333333	C
EGR1	TMUB1	0.3333333333333333	C
FOXA1	PLA2G1B	0.3333333333333333	C
EGR1	TNFRSF12A	0.3333333333333333	C
FOXA1	POLE2	0.3333333333333333	C
FOXA1	POU2AF1	0.3333333333333333	C
EGR1	TIE1	0.3333333333333333	C
FOXA1	PRMT2	0.3333333333333333	C
FOXA1	PRKRIP1	0.3333333333333333	C
EGR1	TLCD3A	0.3333333333333333	C
FOXA1	PRKCQ	0.3333333333333333	C
EGR1	TLCD4	0.3333333333333333	C
FOXA1	POLN	0.3333333333333333	C
FOXA1	PPP6R2	0.3333333333333333	C
EGR1	TMED9	0.3333333333333333	C
FOXA1	PPHLN1	0.3333333333333333	C
EGR1	TMEM131	0.3333333333333333	C
FOXA1	PPFIA4	0.3333333333333333	C
EGR1	TMEM132C	0.3333333333333333	C
EGR1	TMEM134	0.3333333333333333	C
EGR1	TMED1	0.3333333333333333	C
FOXA1	OR6B1	0.3333333333333333	C
FOXA1	PICALM	0.3333333333333333	C
EGR1	TNK2	0.3333333333333333	C
EGR1	TSPAN17	0.3333333333333333	C
FOXA1	PARP6	0.3333333333333333	C
EGR1	TSPAN33	0.3333333333333333	C
EGR1	TTLL1	0.3333333333333333	C
FOXA1	PAPPA	0.3333333333333333	C
FOXA1	PALM2AKAP2	0.3333333333333333	C
FOXA1	PCBD1	0.3333333333333333	C
FOXA1	PAIP2B	0.3333333333333333	C
FOXA1	P4HA3	0.3333333333333333	C
EGR1	TUBB6	0.3333333333333333	C
FOXA1	OTX2	0.3333333333333333	C
FOXA1	OTOF	0.3333333333333333	C
EGR1	UBE2E2	0.3333333333333333	C
EGR1	UBE2E3	0.3333333333333333	C
EGR1	TUBB	0.3333333333333333	C
FOXA1	PHTF2	0.3333333333333333	C
FOXA1	PCDH17	0.3333333333333333	C
EGR1	TRIM62	0.3333333333333333	C
EGR1	TNKS1BP1	0.3333333333333333	C
FOXA1	PHLDA1	0.3333333333333333	C
FOXA1	PHF3	0.3333333333333333	C
FOXA1	PHF12	0.3333333333333333	C
FOXA1	PHC2	0.3333333333333333	C
EGR1	TOX2	0.3333333333333333	C
FOXA1	PCMTD1	0.3333333333333333	C
FOXA1	PFAS	0.3333333333333333	C
FOXA1	PELI2	0.3333333333333333	C
EGR1	TPM4	0.3333333333333333	C
FOXA1	PDXDC1	0.3333333333333333	C
EGR1	TRAPPC8	0.3333333333333333	C
FOXA1	PDPN	0.3333333333333333	C
EGR1	TRIM24	0.3333333333333333	C
FOXA1	PER2	0.3333333333333333	C
FOXA1	ULBP1	0.3333333333333333	C
ELK1	DPP8	0.3333333333333333	C
ELK1	ERCC6L2	0.3333333333333333	C
ERG	CAST	0.3333333333333333	C
ERG	CACNA1C	0.3333333333333333	C
FOS	RBMXL1	0.3333333333333333	C
FOS	RDH10	0.3333333333333333	C
FOS	RDH12	0.3333333333333333	C
FOS	REPIN1	0.3333333333333333	C
ERG	BCL11A	0.3333333333333333	C
ERG	ATXN2	0.3333333333333333	C
FOS	RGS6	0.3333333333333333	C
ERG	ARHGEF1	0.3333333333333333	C
FOS	RNF183	0.3333333333333333	C
FOS	RNF19A	0.3333333333333333	C
ERG	APP	0.3333333333333333	C
FOS	RNFT2	0.3333333333333333	C
FOS	RPAP3	0.3333333333333333	C
FOS	RPL23A	0.3333333333333333	C
FOS	RPN1	0.3333333333333333	C
EPAS1	SYNPO	0.3333333333333333	C
FOS	SGK2	0.3333333333333333	C
FOS	SFXN3	0.3333333333333333	C
FOS	SERPIND1	0.3333333333333333	C
EPAS1	TGM2	0.3333333333333333	C
EPAS1	TNS1	0.3333333333333333	C
FOS	RASA3	0.3333333333333333	C
EPAS1	TSKU	0.3333333333333333	C
EPAS1	ZMIZ1	0.3333333333333333	C
FOS	SAG	0.3333333333333333	C
FOS	S100A7L2	0.3333333333333333	C
ERG	ABCG1	0.3333333333333333	C
ERG	AMOTL1	0.3333333333333333	C
FOS	RRAS2	0.3333333333333333	C
FOS	SCAMP2	0.3333333333333333	C
FOS	RARB	0.3333333333333333	C
ERG	CDC42EP3	0.3333333333333333	C
ERG	CDK13	0.3333333333333333	C
FOS	PROK2	0.3333333333333333	C
FOS	PRNP	0.3333333333333333	C
ERG	FLNB	0.3333333333333333	C
FOS	PRF1	0.3333333333333333	C
FOS	PPP6R3	0.3333333333333333	C
FOS	PPP4R3B	0.3333333333333333	C
ERG	EPAS1	0.3333333333333333	C
ERG	FYN	0.3333333333333333	C
ERG	GLIS3	0.3333333333333333	C
FOS	PPFIBP2	0.3333333333333333	C
ERG	GRB10	0.3333333333333333	C
FOS	POU5F1B	0.3333333333333333	C
FOS	POR	0.3333333333333333	C
FOS	POLR1D	0.3333333333333333	C
FOS	PPP1R37	0.3333333333333333	C
FOS	SH2D4B	0.3333333333333333	C
FOS	PRR5	0.3333333333333333	C
ERG	ELMO1	0.3333333333333333	C
ERG	CHSY1	0.3333333333333333	C
ERG	CSGALNACT1	0.3333333333333333	C
FOS	RAI14	0.3333333333333333	C
FOS	RAB4B	0.3333333333333333	C
FOS	RAB30	0.3333333333333333	C
FOS	RAB13	0.3333333333333333	C
FOS	PRSS42P	0.3333333333333333	C
FOS	PTPRR	0.3333333333333333	C
FOS	PTPRK	0.3333333333333333	C
ERG	DOCK4	0.3333333333333333	C
FOS	PTPN20	0.3333333333333333	C
ERG	DOCK9	0.3333333333333333	C
ERG	ECE1	0.3333333333333333	C
FOS	PTAFR	0.3333333333333333	C
ERG	DLGAP4	0.3333333333333333	C
EPAS1	SORBS1	0.3333333333333333	C
FOS	SH3BP5	0.3333333333333333	C
EPAS1	SMIM2	0.3333333333333333	C
FOS	TGIF1	0.3333333333333333	C
EPAS1	EPHA2	0.3333333333333333	C
EPAS1	ERO1A	0.3333333333333333	C
FOS	TFE3	0.3333333333333333	C
FOS	TENT5B	0.3333333333333333	C
EPAS1	FEM1C	0.3333333333333333	C
FOS	TGM5	0.3333333333333333	C
FOS	TECR	0.3333333333333333	C
FOS	TCEANC	0.3333333333333333	C
FOS	TCEA3	0.3333333333333333	C
FOXA1	EPAS1	0.3333333333333333	C
FOS	TBPL2	0.3333333333333333	C
FOS	TBC1D31	0.3333333333333333	C
FOS	TAL2	0.3333333333333333	C
FOS	TDRD3	0.3333333333333333	C
FOS	TAGLN2	0.3333333333333333	C
EPAS1	DPP9	0.3333333333333333	C
EPAS1	DNAH17	0.3333333333333333	C
FOS	TMTC1	0.3333333333333333	C
FOS	TMEM91	0.3333333333333333	C
FOS	TMEM65	0.3333333333333333	C
FOS	TMEM44	0.3333333333333333	C
EPAS1	CHSY1	0.3333333333333333	C
EPAS1	CP	0.3333333333333333	C
FOS	THUMPD1	0.3333333333333333	C
FOS	TMEM219	0.3333333333333333	C
EPAS1	CRISPLD2	0.3333333333333333	C
EPAS1	DAB2IP	0.3333333333333333	C
FOS	TJP3	0.3333333333333333	C
EPAS1	DENND3	0.3333333333333333	C
FOS	TINF2	0.3333333333333333	C
FOS	TICRR	0.3333333333333333	C
FOS	TMED10	0.3333333333333333	C
FOS	PLXNA4	0.3333333333333333	C
FOS	SYTL4	0.3333333333333333	C
FOS	SVIL	0.3333333333333333	C
EPAS1	RASSF3	0.3333333333333333	C
FOS	SMIM14	0.3333333333333333	C
EPAS1	RND3	0.3333333333333333	C
FOS	SLMAP	0.3333333333333333	C
EPAS1	RPGR	0.3333333333333333	C
FOS	SLC9A8	0.3333333333333333	C
FOS	SNX12	0.3333333333333333	C
FOS	SLC7A8	0.3333333333333333	C
FOS	SLC38A1	0.3333333333333333	C
FOS	SLC30A8	0.3333333333333333	C
FOS	SLC2A13	0.3333333333333333	C
FOS	SLC29A3	0.3333333333333333	C
FOS	SLC25A45	0.3333333333333333	C
FOS	SIGLEC11	0.3333333333333333	C
FOS	SLC49A4	0.3333333333333333	C
FOS	SYNPO	0.3333333333333333	C
FOS	SNX29	0.3333333333333333	C
EPAS1	PPP1R3C	0.3333333333333333	C
FOS	SUPT3H	0.3333333333333333	C
EPAS1	MET	0.3333333333333333	C
EPAS1	MYH9	0.3333333333333333	C
FOS	CALM1	0.3333333333333333	C
EPAS1	NEDD9	0.3333333333333333	C
FOS	SRGAP1	0.3333333333333333	C
EPAS1	PTPN12	0.3333333333333333	C
FOS	SQSTM1	0.3333333333333333	C
FOS	SPRR2D	0.3333333333333333	C
EPAS1	PLIN2	0.3333333333333333	C
FOS	SPATA12	0.3333333333333333	C
FOS	SPAG6	0.3333333333333333	C
FOS	SP6	0.3333333333333333	C
PPARG	EPAS1	0.3333333333333333	C
FOS	SPTBN5	0.3333333333333333	C
FOS	TNFAIP3	0.3333333333333333	C
ERG	HIP1	0.3333333333333333	C
FOS	PLEKHG3	0.3333333333333333	C
FOS	MDC1	0.3333333333333333	C
ESR1	ACTL10	0.3333333333333333	C
FOS	METRNL	0.3333333333333333	C
FOS	MFSD12	0.3333333333333333	C
ESR1	ACIN1	0.3333333333333333	C
FOS	MKNK2	0.3333333333333333	C
ESR1	ABCB9	0.3333333333333333	C
FOS	MOBP	0.3333333333333333	C
FOS	MOCS1	0.3333333333333333	C
FOS	MPHOSPH8	0.3333333333333333	C
ESR1	ABCA2	0.3333333333333333	C
FOS	MRPS18A	0.3333333333333333	C
FOS	MSANTD3	0.3333333333333333	C
ERG	ZNF385D	0.3333333333333333	C
FOS	MTMR4	0.3333333333333333	C
FOS	MTRNR2L8	0.3333333333333333	C
FOS	MTTP	0.3333333333333333	C
ERG	ST3GAL1	0.3333333333333333	C
FOS	NASP	0.3333333333333333	C
FOS	NAGPA	0.3333333333333333	C
ERG	SV2B	0.3333333333333333	C
ERG	TANC1	0.3333333333333333	C
FOS	NAA16	0.3333333333333333	C
ESR1	ACTL7B	0.3333333333333333	C
FOS	N4BP2L2	0.3333333333333333	C
ERG	TSPAN9	0.3333333333333333	C
FOS	MYG1	0.3333333333333333	C
ERG	WDR37	0.3333333333333333	C
FOS	MYDGF	0.3333333333333333	C
FOS	MYBPHL	0.3333333333333333	C
FOS	MX2	0.3333333333333333	C
ERG	TNS1	0.3333333333333333	C
FOS	MBP	0.3333333333333333	C
FOS	MBLAC1	0.3333333333333333	C
FOS	MATN2	0.3333333333333333	C
FOS	LONRF3	0.3333333333333333	C
FOS	LNX2	0.3333333333333333	C
ESR1	AMOTL2	0.3333333333333333	C
FOS	LIPA	0.3333333333333333	C
FOS	LEKR1	0.3333333333333333	C
FOS	LBX2	0.3333333333333333	C
FOS	LPAR5	0.3333333333333333	C
FOS	LAMB3	0.3333333333333333	C
FOS	KYAT3	0.3333333333333333	C
ESR1	ANKRD2	0.3333333333333333	C
FOS	KRT8	0.3333333333333333	C
FOS	KRT15	0.3333333333333333	C
FOS	KLK12	0.3333333333333333	C
FOS	KLHL33	0.3333333333333333	C
ESR1	ANKRD13C	0.3333333333333333	C
ERG	SPTBN1	0.3333333333333333	C
FOS	LPXN	0.3333333333333333	C
FOS	LRRC43	0.3333333333333333	C
ESR1	ADAMTSL2	0.3333333333333333	C
FOS	MAPRE3	0.3333333333333333	C
FOS	MAP7D1	0.3333333333333333	C
FOS	MAP4	0.3333333333333333	C
ESR1	ADAMTSL5	0.3333333333333333	C
FOS	MAP2K2	0.3333333333333333	C
ESR1	AKNA	0.3333333333333333	C
FOS	MAP1LC3A	0.3333333333333333	C
FOS	MAFK	0.3333333333333333	C
FOS	LYPLA2	0.3333333333333333	C
FOS	LY9	0.3333333333333333	C
FOS	LRRK1	0.3333333333333333	C
FOS	LRRC8E	0.3333333333333333	C
FOS	LRRC8B	0.3333333333333333	C
FOS	MAGEB2	0.3333333333333333	C
FOS	NBL1	0.3333333333333333	C
ERG	SPRED2	0.3333333333333333	C
ERG	SH3BP2	0.3333333333333333	C
ERG	NFIB	0.3333333333333333	C
ERG	NOL4L	0.3333333333333333	C
ERG	NTMT1	0.3333333333333333	C
ERG	OSBPL5	0.3333333333333333	C
FOS	PCGF5	0.3333333333333333	C
ERG	PACSIN2	0.3333333333333333	C
ERG	NEK6	0.3333333333333333	C
FOS	PAXX	0.3333333333333333	C
ERG	PEAK1	0.3333333333333333	C
ERG	PHACTR2	0.3333333333333333	C
ERG	PIK3AP1	0.3333333333333333	C
ERG	PLCB4	0.3333333333333333	C
FOS	PALD1	0.3333333333333333	C
FOS	PAEP	0.3333333333333333	C
FOS	PARN	0.3333333333333333	C
FOS	PADI1	0.3333333333333333	C
FOS	PDPK1	0.3333333333333333	C
FOS	PHACTR4	0.3333333333333333	C
FOS	PLEKHG1	0.3333333333333333	C
ERG	IGF1R	0.3333333333333333	C
ERG	KALRN	0.3333333333333333	C
ERG	LIMCH1	0.3333333333333333	C
ERG	LRRFIP1	0.3333333333333333	C
ERG	MAP4K4	0.3333333333333333	C
FOS	PFKP	0.3333333333333333	C
FOS	PIWIL2	0.3333333333333333	C
FOS	PIP5K1C	0.3333333333333333	C
ERG	MCTP1	0.3333333333333333	C
FOS	PI4K2A	0.3333333333333333	C
ERG	MYH9	0.3333333333333333	C
FOS	PHLDA2	0.3333333333333333	C
FOS	PHF20L1	0.3333333333333333	C
FOS	PISD	0.3333333333333333	C
FOS	PLK5	0.3333333333333333	C
ERG	PRDM16	0.3333333333333333	C
FOS	OXCT1	0.3333333333333333	C
ERG	RBMS3	0.3333333333333333	C
FOS	NOL10	0.3333333333333333	C
FOS	NIPAL4	0.3333333333333333	C
ERG	RGS3	0.3333333333333333	C
ERG	RGS6	0.3333333333333333	C
ERG	RIN3	0.3333333333333333	C
ERG	RAPGEF5	0.3333333333333333	C
ERG	RPGR	0.3333333333333333	C
ERG	SASH1	0.3333333333333333	C
FOS	NEK10	0.3333333333333333	C
ERG	SCOC	0.3333333333333333	C
ERG	SEC14L1	0.3333333333333333	C
FOS	NEBL	0.3333333333333333	C
FOS	NDRG1	0.3333333333333333	C
FOS	NEU1	0.3333333333333333	C
FOS	P2RX6	0.3333333333333333	C
FOS	NR1D1	0.3333333333333333	C
ERG	RAPGEF4	0.3333333333333333	C
ERG	PRKCH	0.3333333333333333	C
ERG	PTK2	0.3333333333333333	C
ERG	PTK2B	0.3333333333333333	C
ERG	PTPN12	0.3333333333333333	C
FOS	OR6S1	0.3333333333333333	C
FOS	OR51B6	0.3333333333333333	C
FOS	NR1I3	0.3333333333333333	C
FOS	OGDHL	0.3333333333333333	C
FOS	NUP210	0.3333333333333333	C
FOS	NUCB2	0.3333333333333333	C
FOS	NTRK3	0.3333333333333333	C
FOS	NTMT1	0.3333333333333333	C
ERG	PTPRM	0.3333333333333333	C
ERG	PXDN	0.3333333333333333	C
FOS	NUP43	0.3333333333333333	C
EPAS1	CHST15	0.3333333333333333	C
EPAS1	BACH1	0.3333333333333333	C
EPAS1	ATOH8	0.3333333333333333	C
FOSL2	TGM2	0.3333333333333333	C
FOSL2	TIAM2	0.3333333333333333	C
FOSL2	TNC	0.3333333333333333	C
FOSL2	VMP1	0.3333333333333333	C
FOSL2	WWTR1	0.3333333333333333	C
FOSL2	ZBTB20	0.3333333333333333	C
FOSL2	ZFP36L1	0.3333333333333333	C
FOXA1	AACS	0.3333333333333333	C
FOXA1	ABCB11	0.3333333333333333	C
ELK4	ACTB	0.3333333333333333	C
FOXA1	ABHD12	0.3333333333333333	C
ELK1	ZNF79	0.3333333333333333	C
FOXA1	ACSL1	0.3333333333333333	C
FOXA1	ADAM29	0.3333333333333333	C
ELK1	ZNF594	0.3333333333333333	C
ELK1	ZNF408	0.3333333333333333	C
ELK1	YRDC	0.3333333333333333	C
FOXA1	AKR1C1	0.3333333333333333	C
FOXA1	AKNA	0.3333333333333333	C
ELK1	TOR1A	0.3333333333333333	C
ELK1	TRAPPC10	0.3333333333333333	C
ELK1	TSR3	0.3333333333333333	C
FOXA1	AGMO	0.3333333333333333	C
ELK4	ARPC5L	0.3333333333333333	C
ELK1	TUT7	0.3333333333333333	C
ELK1	UBR4	0.3333333333333333	C
ELK1	VMP1	0.3333333333333333	C
FOXA1	AEBP2	0.3333333333333333	C
FOXA1	ADI1	0.3333333333333333	C
ELK1	WDR1	0.3333333333333333	C
ELK1	WDR37	0.3333333333333333	C
ELK1	UBE2F	0.3333333333333333	C
FOSL2	STK40	0.3333333333333333	C
FOSL2	SPSB1	0.3333333333333333	C
FOSL2	SPRED2	0.3333333333333333	C
FOSL2	NEDD9	0.3333333333333333	C
ELK4	ASB1	0.3333333333333333	C
FOSL2	NCOA7	0.3333333333333333	C
FOSL2	MIDN	0.3333333333333333	C
FOSL2	MATN2	0.3333333333333333	C
ELK4	ERCC1	0.3333333333333333	C
FOSL2	NIBAN2	0.3333333333333333	C
FOSL2	LMNA	0.3333333333333333	C
FOSL2	KRT8	0.3333333333333333	C
FOSL2	KLF9	0.3333333333333333	C
FOSL2	KLF6	0.3333333333333333	C
FOSL2	KIAA1217	0.3333333333333333	C
FOSL2	KCNMA1	0.3333333333333333	C
FOSL2	KALRN	0.3333333333333333	C
FOSL2	LDLR	0.3333333333333333	C
ELK1	TMEM41B	0.3333333333333333	C
FOSL2	PALLD	0.3333333333333333	C
FOSL2	PDE4D	0.3333333333333333	C
FOSL2	SPHK1	0.3333333333333333	C
FOSL2	SMAD3	0.3333333333333333	C
FOSL2	SLC7A5	0.3333333333333333	C
FOSL2	SH3KBP1	0.3333333333333333	C
FOSL2	SERPINE1	0.3333333333333333	C
FOSL2	SEC14L1	0.3333333333333333	C
FOSL2	PARN	0.3333333333333333	C
FOSL2	RTN4	0.3333333333333333	C
FOSL2	RND3	0.3333333333333333	C
FOSL2	RHOBTB1	0.3333333333333333	C
FOSL2	RERE	0.3333333333333333	C
FOSL2	RAPGEF4	0.3333333333333333	C
FOSL2	PTP4A1	0.3333333333333333	C
FOSL2	PFKFB3	0.3333333333333333	C
FOSL2	RPGR	0.3333333333333333	C
ELK1	SPATA33	0.3333333333333333	C
FOXA1	ALMS1	0.3333333333333333	C
ELK1	SLC39A9	0.3333333333333333	C
FOXA1	BCLAF3	0.3333333333333333	C
ELK1	HIRA	0.3333333333333333	C
ELK1	JMJD6	0.3333333333333333	C
ELK1	KAT5	0.3333333333333333	C
ELK1	KLHL23	0.3333333333333333	C
FOXA1	BAZ2B	0.3333333333333333	C
ELK1	GNPTG	0.3333333333333333	C
ELK1	LIG4	0.3333333333333333	C
ELK1	LRRC8A	0.3333333333333333	C
ELK1	MAD2L1BP	0.3333333333333333	C
ELK1	MAK16	0.3333333333333333	C
ELK1	MAP3K7	0.3333333333333333	C
FOXA1	ATP6V0A1	0.3333333333333333	C
FOXA1	ATP11B	0.3333333333333333	C
ELK1	LONP1	0.3333333333333333	C
FOXA1	ATAD1	0.3333333333333333	C
ELK1	GATAD2A	0.3333333333333333	C
ELK1	FKBP2	0.3333333333333333	C
FOXA1	CALCOCO2	0.3333333333333333	C
ELK1	ERH	0.3333333333333333	C
ELK1	ERI2	0.3333333333333333	C
ELK1	EXOSC4	0.3333333333333333	C
ELK1	FAM32A	0.3333333333333333	C
ELK1	FBXW2	0.3333333333333333	C
ELK1	GATAD1	0.3333333333333333	C
FOXA1	CACNA1C	0.3333333333333333	C
FOXA1	C10orf90	0.3333333333333333	C
FOXA1	BTBD8	0.3333333333333333	C
FOXA1	BRPF3	0.3333333333333333	C
ELK1	FIS1	0.3333333333333333	C
FOXA1	BPTF	0.3333333333333333	C
FOXA1	BNC2	0.3333333333333333	C
FOXA1	C1QTNF9B	0.3333333333333333	C
FOSL2	HRH1	0.3333333333333333	C
ELK1	MAPK8IP3	0.3333333333333333	C
FOXA1	ARPP21	0.3333333333333333	C
ELK1	PURB	0.3333333333333333	C
FOXA1	APOO	0.3333333333333333	C
FOXA1	APOD	0.3333333333333333	C
ELK1	PYM1	0.3333333333333333	C
ELK1	RHOT2	0.3333333333333333	C
FOXA1	ANTXR2	0.3333333333333333	C
FOXA1	ARAF	0.3333333333333333	C
ELK1	RPLP2	0.3333333333333333	C
ELK1	RPS19	0.3333333333333333	C
ELK1	RRAGA	0.3333333333333333	C
FOXA1	ANKRD1	0.3333333333333333	C
ELK1	SAXO1	0.3333333333333333	C
ELK1	SEC14L1	0.3333333333333333	C
FOXA1	AMTN	0.3333333333333333	C
ELK1	RPRD1B	0.3333333333333333	C
FOXA1	ARRDC2	0.3333333333333333	C
ELK1	PSMC2	0.3333333333333333	C
ELK1	PGAM5	0.3333333333333333	C
FOXA1	ARNT	0.3333333333333333	C
FOXA1	ARL14EP	0.3333333333333333	C
FOXA1	ARIH2	0.3333333333333333	C
FOXA1	ARIH1	0.3333333333333333	C
ELK1	MDH2	0.3333333333333333	C
ELK1	METTL23	0.3333333333333333	C
ELK1	PIH1D1	0.3333333333333333	C
ELK1	MGRN1	0.3333333333333333	C
ELK1	MNT	0.3333333333333333	C
ELK1	MTHFR	0.3333333333333333	C
FOXA1	ARHGAP35	0.3333333333333333	C
ELK1	NCSTN	0.3333333333333333	C
ELK1	NOP14	0.3333333333333333	C
ELK1	OGFOD2	0.3333333333333333	C
FOXA1	ARHGEF10	0.3333333333333333	C
FOSL2	HIVEP2	0.3333333333333333	C
FOSL2	FOXK1	0.3333333333333333	C
FOSL2	ETV4	0.3333333333333333	C
EOMES	CSMD3	0.3333333333333333	C
FOS	XRRA1	0.3333333333333333	C
FOS	XPNPEP2	0.3333333333333333	C
EOMES	DCDC1	0.3333333333333333	C
FOS	WDR59	0.3333333333333333	C
FOS	WDR47	0.3333333333333333	C
FOS	YWHAZ	0.3333333333333333	C
FOS	WDR45	0.3333333333333333	C
FOS	WASF2	0.3333333333333333	C
FOS	VTCN1	0.3333333333333333	C
FOS	VSTM4	0.3333333333333333	C
EOMES	DENND2B	0.3333333333333333	C
FOS	VILL	0.3333333333333333	C
FOS	VEZT	0.3333333333333333	C
FOS	WDR37	0.3333333333333333	C
RARA	POU5F1	0.3333333333333333	C
EOMES	ASTN2	0.3333333333333333	C
EOMES	ANK3	0.3333333333333333	C
ELK4	SEC14L1	0.3333333333333333	C
ELK4	SEPTIN10	0.3333333333333333	C
FOS	ZNF280D	0.3333333333333333	C
FOS	ZNF280A	0.3333333333333333	C
FOS	ZNF100	0.3333333333333333	C
ELK4	SLC4A7	0.3333333333333333	C
EOMES	ARHGAP15	0.3333333333333333	C
ELK4	ZFAND6	0.3333333333333333	C
FOS	ZKSCAN1	0.3333333333333333	C
FOS	ZG16	0.3333333333333333	C
EOMES	AFF1	0.3333333333333333	C
FOS	ZDHHC5	0.3333333333333333	C
FOS	ZC3H7A	0.3333333333333333	C
FOS	ZC3H12D	0.3333333333333333	C
FOS	ZKSCAN5	0.3333333333333333	C
FOS	ZNF468	0.3333333333333333	C
EOMES	DOCK10	0.3333333333333333	C
FOS	UVSSA	0.3333333333333333	C
EOMES	NRXN3	0.3333333333333333	C
FOS	TRPV3	0.3333333333333333	C
EOMES	PPP2R2B	0.3333333333333333	C
FOS	TRPC4AP	0.3333333333333333	C
EOMES	SORBS2	0.3333333333333333	C
FOS	TRIM69	0.3333333333333333	C
EOMES	NLGN1	0.3333333333333333	C
EOMES	THSD7A	0.3333333333333333	C
EOMES	TIAM1	0.3333333333333333	C
FOS	TRAPPC3L	0.3333333333333333	C
FOS	TRAPPC3	0.3333333333333333	C
FOS	TRAF3IP2	0.3333333333333333	C
FOS	TNS4	0.3333333333333333	C
EPAS1	ASAP1	0.3333333333333333	C
FOS	TRIM16	0.3333333333333333	C
FOS	VARS2	0.3333333333333333	C
FOS	TSPAN15	0.3333333333333333	C
EOMES	LRIG1	0.3333333333333333	C
EOMES	DOCK2	0.3333333333333333	C
EOMES	EXOC4	0.3333333333333333	C
FOS	USP54	0.3333333333333333	C
FOS	USP47	0.3333333333333333	C
FOS	USP3	0.3333333333333333	C
FOS	URM1	0.3333333333333333	C
FOS	TSPAN18	0.3333333333333333	C
EOMES	FYN	0.3333333333333333	C
FOS	UNC5CL	0.3333333333333333	C
FOS	UBR4	0.3333333333333333	C
EOMES	GALNT10	0.3333333333333333	C
EOMES	GRIA1	0.3333333333333333	C
EOMES	KSR1	0.3333333333333333	C
EOMES	LINGO2	0.3333333333333333	C
FOS	UNC5D	0.3333333333333333	C
ELK1	DPP9	0.3333333333333333	C
FOS	ZNF512	0.3333333333333333	C
FOS	ZNF623	0.3333333333333333	C
FOSL2	AUTS2	0.3333333333333333	C
FOSL2	ARID5B	0.3333333333333333	C
FOSL2	ANXA2	0.3333333333333333	C
FOSL2	ADGRG6	0.3333333333333333	C
FOSL2	ABR	0.3333333333333333	C
FOSL2	ABCC3	0.3333333333333333	C
FOSL2	B4GALT5	0.3333333333333333	C
FOSL1	ZBTB20	0.3333333333333333	C
FOSL1	VMP1	0.3333333333333333	C
ELK4	KDM5A	0.3333333333333333	C
FOSL1	TACC2	0.3333333333333333	C
FOSL1	STON2	0.3333333333333333	C
FOSL1	STAT3	0.3333333333333333	C
FOSL1	SPRED2	0.3333333333333333	C
FOSL1	WWTR1	0.3333333333333333	C
FOSL1	SPIDR	0.3333333333333333	C
FOSL2	BCAR1	0.3333333333333333	C
FOSL2	C2CD3	0.3333333333333333	C
FOSL2	ETS2	0.3333333333333333	C
FOSL2	ERGIC1	0.3333333333333333	C
FOSL2	ERC1	0.3333333333333333	C
FOSL2	ELL	0.3333333333333333	C
FOSL2	EGFR	0.3333333333333333	C
FOSL2	DDX60L	0.3333333333333333	C
FOSL2	BHLHE40	0.3333333333333333	C
FOSL2	CUEDC1	0.3333333333333333	C
FOSL2	CTNNA1	0.3333333333333333	C
FOSL2	CRISPLD2	0.3333333333333333	C
FOSL2	CMIP	0.3333333333333333	C
FOSL2	CEMIP2	0.3333333333333333	C
FOSL2	CAST	0.3333333333333333	C
FOSL2	CALD1	0.3333333333333333	C
FOSL2	CTSB	0.3333333333333333	C
ELK4	SCAF11	0.3333333333333333	C
FOSL1	SH3KBP1	0.3333333333333333	C
FOSL1	RTN4	0.3333333333333333	C
FOSL1	GADD45A	0.3333333333333333	C
FOSL1	ESYT2	0.3333333333333333	C
FOSL1	ERC1	0.3333333333333333	C
FOSL1	DDX60L	0.3333333333333333	C
FOSL1	CUEDC1	0.3333333333333333	C
FOSL1	CRISPLD2	0.3333333333333333	C
FOSL1	GPRC5A	0.3333333333333333	C
FOSL1	CEMIP2	0.3333333333333333	C
ELK4	NCOA7	0.3333333333333333	C
FOSL1	ANXA1	0.3333333333333333	C
FOSL1	AMPD3	0.3333333333333333	C
FOSL1	ACP5	0.3333333333333333	C
FOSB	RUNX2	0.3333333333333333	C
FOS	ZNF85	0.3333333333333333	C
FOSL1	B4GALT5	0.3333333333333333	C
FOSL1	RUNX1	0.3333333333333333	C
FOSL1	HRH1	0.3333333333333333	C
FOSL1	KALRN	0.3333333333333333	C
FOSL1	PIM1	0.3333333333333333	C
FOSL1	PHC2	0.3333333333333333	C
FOSL1	PHACTR4	0.3333333333333333	C
FOSL1	PALLD	0.3333333333333333	C
FOSL1	MICAL2	0.3333333333333333	C
FOSL1	MET	0.3333333333333333	C
FOSL1	IL1R1	0.3333333333333333	C
FOSL1	MBNL2	0.3333333333333333	C
ELK4	KRT8	0.3333333333333333	C
FOSL1	LITAF	0.3333333333333333	C
FOSL1	LDLR	0.3333333333333333	C
FOSL1	KIAA1217	0.3333333333333333	C
FOSL1	KDM4C	0.3333333333333333	C
FOSL1	KCNMA1	0.3333333333333333	C
FOSL1	LPP	0.3333333333333333	C
PKNOX1	HDAC4	0.3333333333333333	C
HNF4A	DNAJC21	0.3333333333333333	C
E2F4	CEP68	0.3333333333333333	C
MYC	PHACTR3	0.3333333333333333	C
MYC	PLEC	0.3333333333333333	C
MYC	PRKAR1B	0.3333333333333333	C
MYC	PRKCZ	0.3333333333333333	C
CTCF	PRSS48	0.3333333333333333	C
CTCF	PRSS27	0.3333333333333333	C
MYC	RALGDS	0.3333333333333333	C
MYC	RAP1GAP2	0.3333333333333333	C
MYC	RGS3	0.3333333333333333	C
MYC	SARS2	0.3333333333333333	C
MYC	SEMA4D	0.3333333333333333	C
CTCF	PRMT3	0.3333333333333333	C
MYC	SLC39A7	0.3333333333333333	C
MYC	SMAD9	0.3333333333333333	C
MYC	SMARCA2	0.3333333333333333	C
MYC	SOD2	0.3333333333333333	C
MYC	SPIDR	0.3333333333333333	C
MYCN	CARD10	0.3333333333333333	C
MYCN	BAHCC1	0.3333333333333333	C
MYCN	ASS1	0.3333333333333333	C
MYCN	ARHGEF3	0.3333333333333333	C
MYCN	AMPD2	0.3333333333333333	C
MYCN	AGAP3	0.3333333333333333	C
MYC	PFN1	0.3333333333333333	C
MYCN	ACAP3	0.3333333333333333	C
CTCF	PRKCQ	0.3333333333333333	C
MYC	TXNDC5	0.3333333333333333	C
MYC	TRAF3IP2	0.3333333333333333	C
MYC	TMEM131L	0.3333333333333333	C
MYC	TGIF1	0.3333333333333333	C
MYC	TBCD	0.3333333333333333	C
MYC	VAV2	0.3333333333333333	C
MYC	PFKFB3	0.3333333333333333	C
MYC	PDXK	0.3333333333333333	C
MYC	PDK2	0.3333333333333333	C
MYC	GSN	0.3333333333333333	C
MYC	FOSL2	0.3333333333333333	C
MYC	FCHSD2	0.3333333333333333	C
MYC	FAM78A	0.3333333333333333	C
MYC	FAM13A	0.3333333333333333	C
MYC	EVL	0.3333333333333333	C
MYC	HMGB1	0.3333333333333333	C
MYC	EML2	0.3333333333333333	C
MYC	DNAAF5	0.3333333333333333	C
MYC	DBP	0.3333333333333333	C
MYC	CYTH1	0.3333333333333333	C
MYC	CUEDC1	0.3333333333333333	C
MYC	CORO1C	0.3333333333333333	C
CTCF	PTPN18	0.3333333333333333	C
MYC	EHD1	0.3333333333333333	C
MYCN	CELSR1	0.3333333333333333	C
MYC	HNRNPF	0.3333333333333333	C
CTCF	PSMD1	0.3333333333333333	C
MYC	PDE4A	0.3333333333333333	C
MYC	PCBP1	0.3333333333333333	C
MYC	NSUN5	0.3333333333333333	C
MYC	NOL4L	0.3333333333333333	C
MYC	NDUFS1	0.3333333333333333	C
MYC	MSI2	0.3333333333333333	C
MYC	HSF2BP	0.3333333333333333	C
MYC	MICAL2	0.3333333333333333	C
MYC	MAPRE1	0.3333333333333333	C
MYC	KHSRP	0.3333333333333333	C
MYC	KDM6B	0.3333333333333333	C
MYC	KDM4B	0.3333333333333333	C
MYC	KCNH4	0.3333333333333333	C
MYC	IER5	0.3333333333333333	C
MYC	MEAK7	0.3333333333333333	C
MYCN	CLIP2	0.3333333333333333	C
MYCN	COL18A1	0.3333333333333333	C
MYCN	CTBP2	0.3333333333333333	C
MYOD1	KALRN	0.3333333333333333	C
MYOD1	ITGB5	0.3333333333333333	C
MYOD1	IGF2R	0.3333333333333333	C
MYOD1	HDAC4	0.3333333333333333	C
MYOD1	FYN	0.3333333333333333	C
MYOD1	FRMD3	0.3333333333333333	C
MYOD1	KCNJ15	0.3333333333333333	C
MYOD1	FMN1	0.3333333333333333	C
MYOD1	ECE1	0.3333333333333333	C
MYOD1	DIP2C	0.3333333333333333	C
MYOD1	CUEDC1	0.3333333333333333	C
MYOD1	BRD4	0.3333333333333333	C
MYOD1	BOC	0.3333333333333333	C
MYOD1	ARHGAP10	0.3333333333333333	C
MYOD1	EXOC4	0.3333333333333333	C
MYOD1	ADCY9	0.3333333333333333	C
MYOD1	KCNMA1	0.3333333333333333	C
MYOD1	LIMCH1	0.3333333333333333	C
MYOD1	RARA	0.3333333333333333	C
MYOD1	RALGDS	0.3333333333333333	C
MYOD1	PRRC2B	0.3333333333333333	C
MYOD1	PRR5	0.3333333333333333	C
MYOD1	PRKCH	0.3333333333333333	C
MYOD1	PPM1H	0.3333333333333333	C
MYOD1	KIF1A	0.3333333333333333	C
MYOD1	PLEKHA6	0.3333333333333333	C
MYOD1	NIBAN2	0.3333333333333333	C
MYOD1	MTHFD1L	0.3333333333333333	C
MYOD1	MEGF10	0.3333333333333333	C
MYOD1	MED15	0.3333333333333333	C
MYOD1	MDS2	0.3333333333333333	C
MYOD1	MDGA1	0.3333333333333333	C
MYOD1	PEPD	0.3333333333333333	C
MYC	CDC42EP4	0.3333333333333333	C
MYNN	TRA2B	0.3333333333333333	C
MYNN	RBMX	0.3333333333333333	C
MYCN	MTCL1	0.3333333333333333	C
MYCN	MNT	0.3333333333333333	C
MYCN	LMNA	0.3333333333333333	C
MYCN	KSR1	0.3333333333333333	C
MYCN	IGF2BP1	0.3333333333333333	C
MYCN	FSCN1	0.3333333333333333	C
MYCN	PLCB4	0.3333333333333333	C
MYCN	FOXK1	0.3333333333333333	C
MYCN	ERF	0.3333333333333333	C
MYCN	ENC1	0.3333333333333333	C
MYCN	ELK3	0.3333333333333333	C
MYCN	DOK4	0.3333333333333333	C
MYCN	DIAPH1	0.3333333333333333	C
MYCN	CYB561	0.3333333333333333	C
MYCN	FAAP20	0.3333333333333333	C
MYNN	THUMPD3	0.3333333333333333	C
MYCN	PLEC	0.3333333333333333	C
MYCN	PREX1	0.3333333333333333	C
MYNN	MRPS22	0.3333333333333333	C
MYCN	ZMIZ1	0.3333333333333333	C
MYCN	TBCD	0.3333333333333333	C
MYCN	STK32C	0.3333333333333333	C
MYCN	SPSB4	0.3333333333333333	C
MYCN	SPEG	0.3333333333333333	C
MYCN	PLEKHG5	0.3333333333333333	C
MYCN	SMAD3	0.3333333333333333	C
MYCN	SLC39A11	0.3333333333333333	C
MYCN	SH3TC1	0.3333333333333333	C
MYCN	SH3BP2	0.3333333333333333	C
MYCN	RXRA	0.3333333333333333	C
MYCN	PTPA	0.3333333333333333	C
MYCN	PTK7	0.3333333333333333	C
MYCN	SLC4A2	0.3333333333333333	C
MYOD1	RBFOX1	0.3333333333333333	C
MYC	CCDC88C	0.3333333333333333	C
MYC	BCAR1	0.3333333333333333	C
MXI1	IGF1R	0.3333333333333333	C
MXI1	ING1	0.3333333333333333	C
MXI1	KDM4B	0.3333333333333333	C
MXI1	KLF10	0.3333333333333333	C
MXI1	KLF16	0.3333333333333333	C
MXI1	KSR1	0.3333333333333333	C
MXI1	LMNA	0.3333333333333333	C
MXI1	MACF1	0.3333333333333333	C
MXI1	MAP1LC3B	0.3333333333333333	C
MXI1	MCRIP2	0.3333333333333333	C
MXI1	MSI2	0.3333333333333333	C
MXI1	NFE2L1	0.3333333333333333	C
MXI1	NFE2L2	0.3333333333333333	C
MXI1	NOL4L	0.3333333333333333	C
MXI1	PCBP1	0.3333333333333333	C
MXI1	PDXK	0.3333333333333333	C
MXI1	PFKFB3	0.3333333333333333	C
MXI1	TSPAN4	0.3333333333333333	C
MXI1	TRAPPC9	0.3333333333333333	C
MXI1	TNS1	0.3333333333333333	C
MXI1	TLE4	0.3333333333333333	C
MXI1	TLE3	0.3333333333333333	C
MXI1	STK32C	0.3333333333333333	C
MXI1	HMOX2	0.3333333333333333	C
MXI1	SMAD3	0.3333333333333333	C
MXI1	SEPTIN9	0.3333333333333333	C
MXI1	RUVBL1	0.3333333333333333	C
MXI1	RUSC1	0.3333333333333333	C
MXI1	RBFOX2	0.3333333333333333	C
MXI1	PTPA	0.3333333333333333	C
MXI1	PKM	0.3333333333333333	C
MXI1	SGMS1	0.3333333333333333	C
MXI1	HMGB1	0.3333333333333333	C
MXI1	HDAC5	0.3333333333333333	C
MXI1	GORASP2	0.3333333333333333	C
MXI1	ARID3A	0.3333333333333333	C
MXI1	ARID1B	0.3333333333333333	C
MXI1	ARHGEF3	0.3333333333333333	C
MXI1	ARHGAP45	0.3333333333333333	C
MXI1	ARAP1	0.3333333333333333	C
MXI1	AP3D1	0.3333333333333333	C
MXI1	ATAD2	0.3333333333333333	C
MXI1	AMPD2	0.3333333333333333	C
MXI1	AHNAK	0.3333333333333333	C
MXI1	ACLY	0.3333333333333333	C
MXI1	ACAP3	0.3333333333333333	C
MNT	ZNF395	0.3333333333333333	C
MNT	VGLL4	0.3333333333333333	C
MNT	TPRG1	0.3333333333333333	C
MXI1	AK2	0.3333333333333333	C
MXI1	TTYH3	0.3333333333333333	C
MXI1	AUTS2	0.3333333333333333	C
MXI1	CDK6	0.3333333333333333	C
MXI1	GLRX5	0.3333333333333333	C
MXI1	FOXO3	0.3333333333333333	C
MXI1	FOXN3	0.3333333333333333	C
MXI1	FOXK1	0.3333333333333333	C
MXI1	FGGY	0.3333333333333333	C
MXI1	ATOSB	0.3333333333333333	C
MXI1	BCAR1	0.3333333333333333	C
MXI1	FAAP20	0.3333333333333333	C
MXI1	EML2	0.3333333333333333	C
MXI1	CYTH1	0.3333333333333333	C
MXI1	CUX1	0.3333333333333333	C
MXI1	CTIF	0.3333333333333333	C
CTCF	PTPRU	0.3333333333333333	C
MXI1	CDKN2C	0.3333333333333333	C
MXI1	EPB41	0.3333333333333333	C
MXI1	UBE2D3	0.3333333333333333	C
MXI1	UCKL1	0.3333333333333333	C
MXI1	VAV2	0.3333333333333333	C
MYBL2	FOXP1	0.3333333333333333	C
MYBL2	FAM169A	0.3333333333333333	C
MYBL2	DST	0.3333333333333333	C
MYBL2	DEPDC1B	0.3333333333333333	C
MYBL2	CHD2	0.3333333333333333	C
MYBL2	CENPF	0.3333333333333333	C
MYBL2	IGFBP1	0.3333333333333333	C
MYBL2	CDKN3	0.3333333333333333	C
MYBL2	BCAR3	0.3333333333333333	C
MYBL2	ARID1A	0.3333333333333333	C
MYBL2	ANXA2	0.3333333333333333	C
MYB	ZAP70	0.3333333333333333	C
MYB	WNK1	0.3333333333333333	C
MYB	WDR1	0.3333333333333333	C
MYBL2	CALD1	0.3333333333333333	C
MYB	VGLL4	0.3333333333333333	C
MYBL2	INSIG2	0.3333333333333333	C
MYBL2	MAP4K4	0.3333333333333333	C
MYC	ARHGEF3	0.3333333333333333	C
MYC	ANKMY1	0.3333333333333333	C
MYC	AGPAT3	0.3333333333333333	C
MYC	ACOT7	0.3333333333333333	C
MYC	ABCC4	0.3333333333333333	C
MYBL2	ZNF608	0.3333333333333333	C
MYBL2	LMNB1	0.3333333333333333	C
MYBL2	YAP1	0.3333333333333333	C
MYBL2	TNIK	0.3333333333333333	C
MYBL2	SYNJ2	0.3333333333333333	C
MYBL2	SYNE1	0.3333333333333333	C
MYBL2	SLX4IP	0.3333333333333333	C
MYBL2	NAV2	0.3333333333333333	C
MYBL2	MAT2A	0.3333333333333333	C
MYBL2	TOP2A	0.3333333333333333	C
MYC	BCKDHA	0.3333333333333333	C
MYB	VAV3	0.3333333333333333	C
MYB	TCN2	0.3333333333333333	C
MYB	FAM107B	0.3333333333333333	C
MYB	DOCK9	0.3333333333333333	C
MYB	DIDO1	0.3333333333333333	C
MYB	DAB2IP	0.3333333333333333	C
MYB	CCDC88C	0.3333333333333333	C
MYB	ATXN7L1	0.3333333333333333	C
MYB	FRMD4B	0.3333333333333333	C
MYB	ATP2B4	0.3333333333333333	C
MXI1	ZNF395	0.3333333333333333	C
MXI1	YY1	0.3333333333333333	C
YY1	MXI1	0.3333333333333333	C
MXI1	WEE1	0.3333333333333333	C
MXI1	WDR81	0.3333333333333333	C
MXI1	VGLL4	0.3333333333333333	C
MYB	ACSF3	0.3333333333333333	C
MYB	TESPA1	0.3333333333333333	C
MYB	GATA2	0.3333333333333333	C
MYB	GRAP2	0.3333333333333333	C
MYB	SMARCA2	0.3333333333333333	C
MYB	SLC39A14	0.3333333333333333	C
MYB	SEPTIN9	0.3333333333333333	C
MYB	RUNX3	0.3333333333333333	C
MYB	RHOH	0.3333333333333333	C
MYB	RAB37	0.3333333333333333	C
MYB	GPR68	0.3333333333333333	C
MYB	PTP4A2	0.3333333333333333	C
MYB	NCALD	0.3333333333333333	C
MYB	MCTP2	0.3333333333333333	C
MYB	MAP4K4	0.3333333333333333	C
MYB	MAP2K5	0.3333333333333333	C
MYB	LDLRAD4	0.3333333333333333	C
MYB	IL16	0.3333333333333333	C
MYB	PHF19	0.3333333333333333	C
MNT	TMEM127	0.3333333333333333	C
MYOD1	SEPTIN9	0.3333333333333333	C
MYOD1	SLC22A23	0.3333333333333333	C
NFE2	ERGIC1	0.3333333333333333	C
NFE2	FHAD1	0.3333333333333333	C
NFE2	FOXK1	0.3333333333333333	C
NFE2	FYB1	0.3333333333333333	C
NFE2	GNA12	0.3333333333333333	C
NFE2	INPP5D	0.3333333333333333	C
NFE2	KCNMA1	0.3333333333333333	C
NFE2	MAP2K3	0.3333333333333333	C
NFE2	MAP4	0.3333333333333333	C
NFE2	MICAL2	0.3333333333333333	C
NFE2	NABP1	0.3333333333333333	C
NFE2	PIK3AP1	0.3333333333333333	C
NFE2	PISD	0.3333333333333333	C
NFE2	PLB1	0.3333333333333333	C
NFE2	PRDM10	0.3333333333333333	C
NFE2	PRKCB	0.3333333333333333	C
NFE2	PRR5	0.3333333333333333	C
NFE2	STK40	0.3333333333333333	C
NFE2	STK10	0.3333333333333333	C
NFE2	SNX29	0.3333333333333333	C
NFE2	SLC25A37	0.3333333333333333	C
NFE2	SH3TC1	0.3333333333333333	C
NFE2	SH3BP5	0.3333333333333333	C
NFE2	EGLN3	0.3333333333333333	C
NFE2	SH2D6	0.3333333333333333	C
NFE2	SCARB1	0.3333333333333333	C
NFE2	RREB1	0.3333333333333333	C
NFE2	RGS3	0.3333333333333333	C
NFE2	RERE	0.3333333333333333	C
NFE2	PTPRE	0.3333333333333333	C
NFE2	PTK2	0.3333333333333333	C
NFE2	SEMA4D	0.3333333333333333	C
NFE2	EFHB	0.3333333333333333	C
NFE2	DYSF	0.3333333333333333	C
NFE2	DST	0.3333333333333333	C
NFATC1	PIP4K2A	0.3333333333333333	C
NFATC1	PIAS1	0.3333333333333333	C
NFATC1	PHF19	0.3333333333333333	C
NFATC1	NFKB1	0.3333333333333333	C
CTCF	PRKAB1	0.3333333333333333	C
NFATC1	NCOR2	0.3333333333333333	C
NFATC1	PTK2B	0.3333333333333333	C
NFATC1	NAALADL2	0.3333333333333333	C
NFATC1	IKZF2	0.3333333333333333	C
NFATC1	HIVEP2	0.3333333333333333	C
NFATC1	GPR183	0.3333333333333333	C
CTCF	PRKAB2	0.3333333333333333	C
NFATC1	DST	0.3333333333333333	C
NFATC1	CPNE1	0.3333333333333333	C
NFATC1	MACF1	0.3333333333333333	C
NFE2	TNS1	0.3333333333333333	C
NFATC1	RGS3	0.3333333333333333	C
NFATC1	SP100	0.3333333333333333	C
NFE2	DENND3	0.3333333333333333	C
NFE2	DAB2IP	0.3333333333333333	C
NFE2	CAMK2G	0.3333333333333333	C
NFE2	ARID1A	0.3333333333333333	C
NFE2	ADGRV1	0.3333333333333333	C
NFE2	ADCK1	0.3333333333333333	C
NFATC1	SMARCA2	0.3333333333333333	C
NFATC4	TRPC6	0.3333333333333333	C
NFATC3	IL17A	0.3333333333333333	C
NFATC1	UBR5	0.3333333333333333	C
NFATC1	TNFAIP3	0.3333333333333333	C
NFATC1	TMEM131L	0.3333333333333333	C
NFATC1	TCF4	0.3333333333333333	C
NFATC1	STK38L	0.3333333333333333	C
NFATC3	RCAN1	0.3333333333333333	C
NFE2	UBC	0.3333333333333333	C
NFE2	ZBTB20	0.3333333333333333	C
NFE2	ZSCAN31	0.3333333333333333	C
NFE2L2	HIRA	0.3333333333333333	C
NFE2L2	HGD	0.3333333333333333	C
NFE2L2	HDAC5	0.3333333333333333	C
NFE2L2	H4C6	0.3333333333333333	C
NFE2L2	GSTO1	0.3333333333333333	C
NFE2L2	GATAD2A	0.3333333333333333	C
NFE2L2	IL1R1	0.3333333333333333	C
NFE2L2	GADD45A	0.3333333333333333	C
NFE2L2	FAH	0.3333333333333333	C
NFE2L2	EHF	0.3333333333333333	C
NFE2L2	EGLN3	0.3333333333333333	C
NFE2L2	DST	0.3333333333333333	C
NFE2L2	DNAJB1	0.3333333333333333	C
NFE2L2	CYRIB	0.3333333333333333	C
NFE2L2	FHAD1	0.3333333333333333	C
NFE2L2	CHD9	0.3333333333333333	C
NFE2L2	INPP5A	0.3333333333333333	C
NFE2L2	MAP4	0.3333333333333333	C
NFE2L2	RREB1	0.3333333333333333	C
NFE2L2	RGS3	0.3333333333333333	C
NFE2L2	RFFL	0.3333333333333333	C
NFE2L2	RARA	0.3333333333333333	C
RARA	NFE2L2	0.3333333333333333	C
NFE2L2	RAD23B	0.3333333333333333	C
NFE2L2	KCNMA1	0.3333333333333333	C
NFE2L2	RAB11A	0.3333333333333333	C
NFE2L2	PDE4D	0.3333333333333333	C
NFE2L2	PDE4B	0.3333333333333333	C
NFE2L2	NEDD4L	0.3333333333333333	C
NFE2L2	NCOA7	0.3333333333333333	C
NFE2L2	MXD1	0.3333333333333333	C
NFE2L2	MPZL1	0.3333333333333333	C
NFE2L2	PLEC	0.3333333333333333	C
NFATC1	CHD2	0.3333333333333333	C
NFE2L2	CDC42SE1	0.3333333333333333	C
NFE2L2	ALDOA	0.3333333333333333	C
NFE2L1	IRAG1	0.3333333333333333	C
NFE2L1	GNAL	0.3333333333333333	C
NFE2L1	FOXK1	0.3333333333333333	C
NFE2L1	EXOC6B	0.3333333333333333	C
NFE2L1	DLGAP1	0.3333333333333333	C
NFE2L1	DENND1A	0.3333333333333333	C
NFE2L1	KIF13A	0.3333333333333333	C
NFE2L1	CPQ	0.3333333333333333	C
NFE2L1	BCAS3	0.3333333333333333	C
NFE2L1	BMAL1	0.3333333333333333	C
NFE2L1	ARHGAP6	0.3333333333333333	C
NFE2L1	ANO10	0.3333333333333333	C
NFE2L1	AKR1C3	0.3333333333333333	C
NFE2L1	ADCY9	0.3333333333333333	C
NFE2L1	CALD1	0.3333333333333333	C
NFE2L2	ANXA1	0.3333333333333333	C
NFE2L1	PARN	0.3333333333333333	C
NFE2L1	RTN4	0.3333333333333333	C
NFE2L2	ADGRV1	0.3333333333333333	C
NFE2L2	ABCB9	0.3333333333333333	C
NFE2L1	ZFAT	0.3333333333333333	C
NFE2L1	UBE2H	0.3333333333333333	C
NFE2L1	TXNRD1	0.3333333333333333	C
NFE2L1	TNS1	0.3333333333333333	C
NFE2L1	POPDC3	0.3333333333333333	C
NFE2L1	TMEM245	0.3333333333333333	C
NFE2L1	TBC1D5	0.3333333333333333	C
NFE2L1	SQSTM1	0.3333333333333333	C
NFE2L1	SORT1	0.3333333333333333	C
NFE2L1	SORBS1	0.3333333333333333	C
NFE2L1	SETMAR	0.3333333333333333	C
NFE2L1	SETD5	0.3333333333333333	C
NFE2L1	TEAD1	0.3333333333333333	C
MYOD1	SH3PXD2A	0.3333333333333333	C
NFATC1	CFLAR	0.3333333333333333	C
NFATC1	ACTB	0.3333333333333333	C
NANOG	RABGAP1L	0.3333333333333333	C
NANOG	RNF38	0.3333333333333333	C
NANOG	RUNX1T1	0.3333333333333333	C
NANOG	SHROOM3	0.3333333333333333	C
NANOG	SNRPN	0.3333333333333333	C
NANOG	SORCS1	0.3333333333333333	C
NANOG	SYNE2	0.3333333333333333	C
NANOG	TACC2	0.3333333333333333	C
NANOG	TCF4	0.3333333333333333	C
NANOG	TIAM2	0.3333333333333333	C
NANOG	VPS13A	0.3333333333333333	C
NCOA1	APPBP2	0.3333333333333333	C
NCOA1	ARFGEF2	0.3333333333333333	C
NCOA1	ASAP1	0.3333333333333333	C
NCOA1	BPTF	0.3333333333333333	C
NCOA1	CHD6	0.3333333333333333	C
NCOA1	ESYT2	0.3333333333333333	C
NCOA1	ZMIZ1	0.3333333333333333	C
NCOA1	VPS13D	0.3333333333333333	C
NCOA1	VPS13B	0.3333333333333333	C
NCOA1	UBR5	0.3333333333333333	C
NCOA1	TRIM33	0.3333333333333333	C
NCOA1	TMCC1	0.3333333333333333	C
NANOG	PRR16	0.3333333333333333	C
NCOA1	TERF2	0.3333333333333333	C
NCOA1	PTK2	0.3333333333333333	C
NCOA1	PPP1R12A	0.3333333333333333	C
NCOA1	MAPKAP1	0.3333333333333333	C
NCOA1	MAN1A2	0.3333333333333333	C
NCOA1	LMBR1	0.3333333333333333	C
NCOA1	HIPK1	0.3333333333333333	C
NCOA1	STK3	0.3333333333333333	C
NANOG	PATJ	0.3333333333333333	C
NANOG	PALM2AKAP2	0.3333333333333333	C
NANOG	NRXN3	0.3333333333333333	C
NANOG	CDH18	0.3333333333333333	C
NANOG	CADPS	0.3333333333333333	C
NANOG	CACHD1	0.3333333333333333	C
NANOG	BCAR3	0.3333333333333333	C
NANOG	ATXN7L1	0.3333333333333333	C
NANOG	ADGRV1	0.3333333333333333	C
NANOG	CDKAL1	0.3333333333333333	C
NANOG	ADGRL2	0.3333333333333333	C
MYOD1	ZDHHC14	0.3333333333333333	C
MYOD1	TMCC3	0.3333333333333333	C
MYOD1	TBC1D1	0.3333333333333333	C
MYOD1	TACC2	0.3333333333333333	C
MYOD1	SYNJ2	0.3333333333333333	C
MYOD1	SVIL	0.3333333333333333	C
MYOD1	ZFAT	0.3333333333333333	C
NCOA2	ANK3	0.3333333333333333	C
NANOG	CNTNAP2	0.3333333333333333	C
NANOG	DENND2B	0.3333333333333333	C
NANOG	NBEA	0.3333333333333333	C
NANOG	MPPED2	0.3333333333333333	C
NANOG	MED12L	0.3333333333333333	C
NANOG	MAGI2	0.3333333333333333	C
NANOG	LIMCH1	0.3333333333333333	C
NANOG	LDB2	0.3333333333333333	C
NANOG	CPNE4	0.3333333333333333	C
NANOG	JMJD1C	0.3333333333333333	C
NANOG	HDAC9	0.3333333333333333	C
NANOG	GPC6	0.3333333333333333	C
NANOG	GCNT2	0.3333333333333333	C
NANOG	FAT1	0.3333333333333333	C
NANOG	EPB41L3	0.3333333333333333	C
NANOG	DLG2	0.3333333333333333	C
NANOG	IGF2BP3	0.3333333333333333	C
NCOA2	ARFGEF2	0.3333333333333333	C
NCOA2	BPTF	0.3333333333333333	C
NCOA2	CHD6	0.3333333333333333	C
NEUROD1	MICAL2	0.3333333333333333	C
NEUROD1	MEF2D	0.3333333333333333	C
NEUROD1	MED15	0.3333333333333333	C
NEUROD1	LITAF	0.3333333333333333	C
NEUROD1	LASP1	0.3333333333333333	C
NEUROD1	GABBR2	0.3333333333333333	C
NEUROD1	MRPL34	0.3333333333333333	C
NEUROD1	CYTH1	0.3333333333333333	C
NEUROD1	CELF5	0.3333333333333333	C
NEUROD1	CDH23	0.3333333333333333	C
NEUROD1	ASIC4	0.3333333333333333	C
NEUROD1	ARHGEF2	0.3333333333333333	C
NEUROD1	ARHGEF19	0.3333333333333333	C
NEUROD1	ARHGEF1	0.3333333333333333	C
NEUROD1	CTSB	0.3333333333333333	C
NEUROD1	ACAP3	0.3333333333333333	C
NEUROD1	NCOR2	0.3333333333333333	C
NEUROD1	PTTG1IP	0.3333333333333333	C
NEUROD1	VASP	0.3333333333333333	C
NEUROD1	UCKL1	0.3333333333333333	C
NEUROD1	TTC7A	0.3333333333333333	C
NEUROD1	TLE5	0.3333333333333333	C
NEUROD1	TBX1	0.3333333333333333	C
NEUROD1	TANGO2	0.3333333333333333	C
NEUROD1	PEAR1	0.3333333333333333	C
NEUROD1	TAL1	0.3333333333333333	C
NEUROD1	SH3BP2	0.3333333333333333	C
NEUROD1	SH2D6	0.3333333333333333	C
NEUROD1	SCRT1	0.3333333333333333	C
NEUROD1	RTN4	0.3333333333333333	C
NEUROD1	RIPOR3	0.3333333333333333	C
NEUROD1	RGS10	0.3333333333333333	C
NEUROD1	SLC8A2	0.3333333333333333	C
NFATC1	CARS2	0.3333333333333333	C
NCOA3	ZMYND8	0.3333333333333333	C
NCOA3	USP6NL	0.3333333333333333	C
NCOA3	ANKRD28	0.3333333333333333	C
NCOA2	VPS13B	0.3333333333333333	C
NCOA2	UTRN	0.3333333333333333	C
NCOA2	TRIM33	0.3333333333333333	C
NCOA2	SRPK2	0.3333333333333333	C
NCOA2	RABGAP1L	0.3333333333333333	C
NCOA3	ARFGEF2	0.3333333333333333	C
NCOA2	PTK2	0.3333333333333333	C
NCOA2	MSI2	0.3333333333333333	C
NCOA2	MED13L	0.3333333333333333	C
NCOA2	KIAA1217	0.3333333333333333	C
NCOA2	HIPK1	0.3333333333333333	C
NCOA2	GSE1	0.3333333333333333	C
NCOA2	DAAM1	0.3333333333333333	C
NCOA2	OXR1	0.3333333333333333	C
NCOA3	VPS13B	0.3333333333333333	C
NCOA3	ARHGAP10	0.3333333333333333	C
NCOA3	BPTF	0.3333333333333333	C
NCOA3	UBR5	0.3333333333333333	C
NCOA3	TLK2	0.3333333333333333	C
NCOA3	SYNE2	0.3333333333333333	C
NCOA3	SLC44A1	0.3333333333333333	C
NCOA3	PIP4K2A	0.3333333333333333	C
NCOA3	OXR1	0.3333333333333333	C
NCOA3	ASAP1	0.3333333333333333	C
NCOA3	NEDD4	0.3333333333333333	C
NCOA3	MED13	0.3333333333333333	C
NCOA3	LPP	0.3333333333333333	C
NCOA3	HIPK1	0.3333333333333333	C
NCOA3	HELZ	0.3333333333333333	C
NCOA3	ATOSA	0.3333333333333333	C
NCOA3	CDYL2	0.3333333333333333	C
NCOA3	MED13L	0.3333333333333333	C
MNT	TLE3	0.3333333333333333	C
MNT	SYMPK	0.3333333333333333	C
MNT	SLC16A3	0.3333333333333333	C
CUX1	DEPDC1B	0.3333333333333333	C
CUX1	DAAM1	0.3333333333333333	C
CUX1	CLEC16A	0.3333333333333333	C
CUX1	AXIN2	0.3333333333333333	C
CUX1	ARID5B	0.3333333333333333	C
CUX1	APOB	0.3333333333333333	C
CUX1	ALOXE3	0.3333333333333333	C
MITF	EFHB	0.3333333333333333	C
CUX1	AHI1	0.3333333333333333	C
CUX1	AHCY	0.3333333333333333	C
MITF	EIF3B	0.3333333333333333	C
MITF	EMC2	0.3333333333333333	C
CTCFL	ZNF423	0.3333333333333333	C
CTCFL	ZNF398	0.3333333333333333	C
CTCFL	ZMIZ1	0.3333333333333333	C
MITF	ERCC4	0.3333333333333333	C
CTCFL	ZBTB7A	0.3333333333333333	C
CTCFL	PIM1	0.3333333333333333	C
CTCFL	PLEKHG5	0.3333333333333333	C
MITF	FBXL5	0.3333333333333333	C
CTCFL	PPM1F	0.3333333333333333	C
CTCFL	PURA	0.3333333333333333	C
CTCFL	PXN	0.3333333333333333	C
CUX1	ETV4	0.3333333333333333	C
MITF	FAM117A	0.3333333333333333	C
MITF	EYA2	0.3333333333333333	C
CTCFL	ROR2	0.3333333333333333	C
CTCFL	SPEG	0.3333333333333333	C
CTCFL	SVIL	0.3333333333333333	C
MITF	ETV1	0.3333333333333333	C
CTCFL	TBC1D14	0.3333333333333333	C
CTCFL	RADIL	0.3333333333333333	C
CUX1	GMDS	0.3333333333333333	C
MITF	DNMT3A	0.3333333333333333	C
MITF	DNAJC8	0.3333333333333333	C
MITF	D2HGDH	0.3333333333333333	C
CUX1	NFIC	0.3333333333333333	C
CUX1	PIM1	0.3333333333333333	C
CUX1	PREX1	0.3333333333333333	C
CUX1	PUF60	0.3333333333333333	C
CUX1	RBCK1	0.3333333333333333	C
NFIC	CUX1	0.3333333333333333	C
MITF	CTSD	0.3333333333333333	C
CUX1	SLC16A3	0.3333333333333333	C
CUX1	SLC30A10	0.3333333333333333	C
MITF	CSTB	0.3333333333333333	C
CUX1	SPTBN1	0.3333333333333333	C
CUX1	SQSTM1	0.3333333333333333	C
MITF	CROCC	0.3333333333333333	C
CUX1	SEPTIN9	0.3333333333333333	C
MITF	FHOD3	0.3333333333333333	C
CUX1	MYADM	0.3333333333333333	C
MITF	DCTN4	0.3333333333333333	C
CUX1	HSPD1	0.3333333333333333	C
MITF	DNAAF1	0.3333333333333333	C
CUX1	ITGB4	0.3333333333333333	C
CUX1	ITGB5	0.3333333333333333	C
CUX1	JADE1	0.3333333333333333	C
MITF	DIP2B	0.3333333333333333	C
MITF	DCK	0.3333333333333333	C
MITF	DHDDS	0.3333333333333333	C
MITF	DEPDC1	0.3333333333333333	C
MITF	DENND6A	0.3333333333333333	C
CUX1	KIFC3	0.3333333333333333	C
CUX1	MACF1	0.3333333333333333	C
CUX1	MED15	0.3333333333333333	C
MITF	DDX3X	0.3333333333333333	C
CUX1	KIAA1217	0.3333333333333333	C
CTCFL	PIEZO1	0.3333333333333333	C
CTCFL	NRXN2	0.3333333333333333	C
MITF	FNDC3A	0.3333333333333333	C
CTCFL	CDH24	0.3333333333333333	C
CTCFL	CHD5	0.3333333333333333	C
CTCFL	COL13A1	0.3333333333333333	C
MITF	HEXIM1	0.3333333333333333	C
MITF	HEXA	0.3333333333333333	C
MITF	HDAC5	0.3333333333333333	C
MITF	HMGN2	0.3333333333333333	C
CTCFL	COL27A1	0.3333333333333333	C
MITF	GTF2A1	0.3333333333333333	C
CTCFL	CRIP2	0.3333333333333333	C
CTCFL	CSK	0.3333333333333333	C
CTCFL	CTBP1	0.3333333333333333	C
CTCFL	DGKZ	0.3333333333333333	C
CTCFL	DIAPH1	0.3333333333333333	C
MITF	GUF1	0.3333333333333333	C
CTCFL	EXD3	0.3333333333333333	C
MITF	HMOX1	0.3333333333333333	C
MITF	HOMER2	0.3333333333333333	C
CTCFL	ADGRB2	0.3333333333333333	C
CTCFL	ADSS1	0.3333333333333333	C
MITF	ILVBL	0.3333333333333333	C
MITF	ILF3	0.3333333333333333	C
CTCFL	ANKS6	0.3333333333333333	C
CTCFL	ATG16L2	0.3333333333333333	C
MITF	HNRNPD	0.3333333333333333	C
CTCFL	CABIN1	0.3333333333333333	C
CTCFL	CBX4	0.3333333333333333	C
MITF	HSPG2	0.3333333333333333	C
MITF	HSPBAP1	0.3333333333333333	C
MITF	HSDL1	0.3333333333333333	C
MITF	HPS3	0.3333333333333333	C
CTCFL	CBX8	0.3333333333333333	C
CTCFL	CACNA1H	0.3333333333333333	C
CUX1	SRCIN1	0.3333333333333333	C
MITF	GPSM2	0.3333333333333333	C
CTCFL	FIBCD1	0.3333333333333333	C
CTCFL	JAG2	0.3333333333333333	C
MITF	GALC	0.3333333333333333	C
CTCFL	KCNIP3	0.3333333333333333	C
CTCFL	KCNT1	0.3333333333333333	C
CTCFL	NHSL3	0.3333333333333333	C
CTCFL	LZTS2	0.3333333333333333	C
CTCFL	INKA2	0.3333333333333333	C
CTCFL	MAPK8IP3	0.3333333333333333	C
CTCFL	MIB1	0.3333333333333333	C
CTCFL	NDUFA4L2	0.3333333333333333	C
MITF	FOXM1	0.3333333333333333	C
CTCFL	NELFA	0.3333333333333333	C
CTCFL	NFE2L2	0.3333333333333333	C
CTCFL	NRARP	0.3333333333333333	C
CTCFL	MAST1	0.3333333333333333	C
MITF	GPR176	0.3333333333333333	C
CTCFL	IGDCC4	0.3333333333333333	C
MITF	GBE1	0.3333333333333333	C
CTCFL	FLT3LG	0.3333333333333333	C
MITF	GNS	0.3333333333333333	C
MITF	GNPTG	0.3333333333333333	C
MITF	GNPDA1	0.3333333333333333	C
MITF	GNB2	0.3333333333333333	C
MITF	GNA13	0.3333333333333333	C
MITF	GATD1	0.3333333333333333	C
CTCFL	GAD1	0.3333333333333333	C
CTCFL	GBX1	0.3333333333333333	C
CTCFL	GNAI2	0.3333333333333333	C
MITF	GLI3	0.3333333333333333	C
MITF	GK	0.3333333333333333	C
MITF	GIT2	0.3333333333333333	C
MITF	GIGYF2	0.3333333333333333	C
MITF	GMNN	0.3333333333333333	C
CTCFL	ACTB	0.3333333333333333	C
CUX1	TBC1D1	0.3333333333333333	C
MITF	COPS7A	0.3333333333333333	C
MEIS2	SPTBN1	0.3333333333333333	C
MEIS2	SSBP2	0.3333333333333333	C
MEIS2	SSBP3	0.3333333333333333	C
MEIS2	SSH1	0.3333333333333333	C
MEIS2	STXBP5	0.3333333333333333	C
E2F1	AP4E1	0.3333333333333333	C
MEIS2	TIAM2	0.3333333333333333	C
MEIS2	TNIK	0.3333333333333333	C
MEIS2	WDR64	0.3333333333333333	C
MEIS2	ZFPM2	0.3333333333333333	C
MEIS2	ZNF521	0.3333333333333333	C
MEIS2	ZNF608	0.3333333333333333	C
MITF	ACOX1	0.3333333333333333	C
E2F1	ANKRD18B	0.3333333333333333	C
E2F1	ANKRD18A	0.3333333333333333	C
E2F1	AK1	0.3333333333333333	C
E2F1	AGBL5	0.3333333333333333	C
DUX4	TMEM131L	0.3333333333333333	C
MITF	ANLN	0.3333333333333333	C
DUX4	TMTC1	0.3333333333333333	C
DUX4	USP3	0.3333333333333333	C
DUX4	XIRP2	0.3333333333333333	C
MITF	AMDHD2	0.3333333333333333	C
MEIS2	SPRED2	0.3333333333333333	C
DUX4	ZEB2	0.3333333333333333	C
E2F1	ABR	0.3333333333333333	C
MITF	AKAP10	0.3333333333333333	C
E2F1	ABTB2	0.3333333333333333	C
EPAS1	TFRC	0.3333333333333333	C
E2F1	ADCY1	0.3333333333333333	C
MITF	AGTRAP	0.3333333333333333	C
MITF	ALG1	0.3333333333333333	C
MEIS2	SPIDR	0.3333333333333333	C
MEIS2	SPAG6	0.3333333333333333	C
MEIS2	SORBS1	0.3333333333333333	C
MEIS2	MARCHF8	0.3333333333333333	C
MEIS2	MAPRE2	0.3333333333333333	C
MEIS2	MAN1C1	0.3333333333333333	C
MEIS2	KCNH2	0.3333333333333333	C
MEIS2	ITSN1	0.3333333333333333	C
MEIS2	HNRNPLL	0.3333333333333333	C
MEIS2	MATN2	0.3333333333333333	C
MEIS2	HK1	0.3333333333333333	C
MEIS2	GFOD1	0.3333333333333333	C
MEIS2	FRYL	0.3333333333333333	C
MEIS2	FAM184A	0.3333333333333333	C
MEIS2	FAM13A	0.3333333333333333	C
MEIS2	ETV1	0.3333333333333333	C
MEIS2	DST	0.3333333333333333	C
MEIS2	HDAC4	0.3333333333333333	C
DUX4	TAPT1	0.3333333333333333	C
MEIS2	MBD5	0.3333333333333333	C
MEIS2	MCF2L2	0.3333333333333333	C
MEIS2	SDCCAG8	0.3333333333333333	C
MEIS2	SBF2	0.3333333333333333	C
MEIS2	ROR2	0.3333333333333333	C
MEIS2	RABGAP1L	0.3333333333333333	C
MEIS2	PTK2	0.3333333333333333	C
MEIS2	NR2F2	0.3333333333333333	C
E2F1	APBA1	0.3333333333333333	C
MEIS2	NPAS3	0.3333333333333333	C
MEIS2	NCOA7	0.3333333333333333	C
E2F1	AP4M1	0.3333333333333333	C
MEIS2	NAV2	0.3333333333333333	C
MEIS2	MRTFA	0.3333333333333333	C
MEIS2	MITF	0.3333333333333333	C
MEIS2	MEF2C	0.3333333333333333	C
MEIS2	NFIA	0.3333333333333333	C
DUX4	SYBU	0.3333333333333333	C
DUX4	STIM2	0.3333333333333333	C
DUX4	SLC2A2	0.3333333333333333	C
MITF	CEP162	0.3333333333333333	C
DUX4	ADAMTS9	0.3333333333333333	C
MITF	CDKL3	0.3333333333333333	C
MITF	CDK20	0.3333333333333333	C
DUX4	ANO4	0.3333333333333333	C
MITF	CD2BP2	0.3333333333333333	C
DEAF1	TMEM80	0.3333333333333333	C
MITF	CD164	0.3333333333333333	C
DUX4	ATF7IP	0.3333333333333333	C
MITF	CCDC149	0.3333333333333333	C
MITF	CCAR1	0.3333333333333333	C
DUX4	AUTS2	0.3333333333333333	C
MITF	CALR	0.3333333333333333	C
DUX4	CCDC171	0.3333333333333333	C
MITF	CCNT1	0.3333333333333333	C
DUX4	CD200R1	0.3333333333333333	C
DEAF1	PTRHD1	0.3333333333333333	C
MITF	CHAF1A	0.3333333333333333	C
MITF	COMTD1	0.3333333333333333	C
CUX1	TEX2	0.3333333333333333	C
MITF	COMMD4	0.3333333333333333	C
CUX1	UBAC1	0.3333333333333333	C
CUX1	ZFAND3	0.3333333333333333	C
DEAF1	ANKRD9	0.3333333333333333	C
MITF	CGN	0.3333333333333333	C
MITF	COA7	0.3333333333333333	C
MITF	CLCN6	0.3333333333333333	C
MITF	CLCN5	0.3333333333333333	C
DEAF1	FBXL19	0.3333333333333333	C
MITF	CHIC1	0.3333333333333333	C
DEAF1	GPR137	0.3333333333333333	C
DEAF1	IRF2BP1	0.3333333333333333	C
DEAF1	DLG4	0.3333333333333333	C
CUX1	TBC1D5	0.3333333333333333	C
DUX4	CEP290	0.3333333333333333	C
MITF	RIMOC1	0.3333333333333333	C
DUX4	GTF2F1	0.3333333333333333	C
MITF	ASPSCR1	0.3333333333333333	C
DUX4	IFT81	0.3333333333333333	C
DUX4	NNT	0.3333333333333333	C
DUX4	NRDE2	0.3333333333333333	C
DUX4	NUP54	0.3333333333333333	C
MITF	ATP6V0D1	0.3333333333333333	C
DUX4	PALMD	0.3333333333333333	C
DUX4	PRKCH	0.3333333333333333	C
DUX4	PSEN1	0.3333333333333333	C
DUX4	RAI14	0.3333333333333333	C
DUX4	RBBP6	0.3333333333333333	C
DUX4	RHOBTB3	0.3333333333333333	C
DUX4	SLC14A2	0.3333333333333333	C
DUX4	PMS1	0.3333333333333333	C
DUX4	CPEB3	0.3333333333333333	C
MITF	ATP6V1G1	0.3333333333333333	C
MITF	ATP7A	0.3333333333333333	C
MITF	C2	0.3333333333333333	C
MITF	C1QTNF2	0.3333333333333333	C
MITF	BROX	0.3333333333333333	C
DUX4	CXCL13	0.3333333333333333	C
MITF	BPTF	0.3333333333333333	C
MITF	BPIFB1	0.3333333333333333	C
MITF	ATP6V1H	0.3333333333333333	C
DUX4	DMD	0.3333333333333333	C
DUX4	EML5	0.3333333333333333	C
DUX4	ESRRG	0.3333333333333333	C
DUX4	EXOC4	0.3333333333333333	C
DUX4	FBXL5	0.3333333333333333	C
MITF	BAX	0.3333333333333333	C
DUX4	FILIP1L	0.3333333333333333	C
MITF	BLOC1S1	0.3333333333333333	C
CTCF	ZYX	0.3333333333333333	C
CTCF	ZNRF1	0.3333333333333333	C
CTCF	ZNF814	0.3333333333333333	C
CTCF	RPN1	0.3333333333333333	C
CTCF	RPL5	0.3333333333333333	C
CTCF	RPL38	0.3333333333333333	C
MITF	TMEM169	0.3333333333333333	C
MITF	TNFAIP3	0.3333333333333333	C
MITF	TNPO2	0.3333333333333333	C
MITF	TNS1	0.3333333333333333	C
CTCF	ROBO3	0.3333333333333333	C
MITF	TOM1L2	0.3333333333333333	C
CTCF	RNLS	0.3333333333333333	C
MITF	TRAPPC2L	0.3333333333333333	C
CTCF	RNF215	0.3333333333333333	C
CTCF	RNF144A	0.3333333333333333	C
MITF	TRIP6	0.3333333333333333	C
MITF	TRPM7	0.3333333333333333	C
CTCF	RHOQ	0.3333333333333333	C
MITF	TRUB2	0.3333333333333333	C
CTCF	RCCD1	0.3333333333333333	C
MITF	UTP20	0.3333333333333333	C
CTCF	RCVRN	0.3333333333333333	C
CTCF	REPS1	0.3333333333333333	C
MITF	USP32	0.3333333333333333	C
MITF	USP28	0.3333333333333333	C
MITF	TMEM116	0.3333333333333333	C
MITF	USHBP1	0.3333333333333333	C
MITF	UBE2V2	0.3333333333333333	C
MITF	UBAP2	0.3333333333333333	C
MITF	TULP3	0.3333333333333333	C
CTCF	REXO1	0.3333333333333333	C
CTCF	RGMB	0.3333333333333333	C
MITF	TSC1	0.3333333333333333	C
CTCF	RERG	0.3333333333333333	C
CTCF	RPP14	0.3333333333333333	C
MITF	TMC6	0.3333333333333333	C
CTCF	RPP25L	0.3333333333333333	C
MITF	SUB1	0.3333333333333333	C
CTCF	SAT1	0.3333333333333333	C
CTCF	SAXO1	0.3333333333333333	C
MITF	STX6	0.3333333333333333	C
MITF	STX4	0.3333333333333333	C
CTCF	SCN2A	0.3333333333333333	C
MITF	SUMF1	0.3333333333333333	C
CTCF	SCN3A	0.3333333333333333	C
STAT1	MITF	0.3333333333333333	C
CTCF	SCN8A	0.3333333333333333	C
CTCF	SDCBP2	0.3333333333333333	C
CTCF	SEC24B	0.3333333333333333	C
CTCF	SEMA3D	0.3333333333333333	C
MITF	SOCS5	0.3333333333333333	C
CTCF	SCN4B	0.3333333333333333	C
CTCF	RCC2	0.3333333333333333	C
MITF	SUMO3	0.3333333333333333	C
CTCF	RWDD3	0.3333333333333333	C
CTCF	RPS6KA5	0.3333333333333333	C
MITF	THUMPD2	0.3333333333333333	C
MITF	THRAP3	0.3333333333333333	C
CTCF	RRAGA	0.3333333333333333	C
MITF	TEF	0.3333333333333333	C
MITF	TCN2	0.3333333333333333	C
MITF	SYPL2	0.3333333333333333	C
MITF	TBK1	0.3333333333333333	C
CTCF	RSAD1	0.3333333333333333	C
CTCF	RUFY4	0.3333333333333333	C
MITF	TAF8	0.3333333333333333	C
MITF	TAF7L	0.3333333333333333	C
MITF	TAF6L	0.3333333333333333	C
MITF	TADA1	0.3333333333333333	C
CTCF	RRS1	0.3333333333333333	C
CTCF	RCC1	0.3333333333333333	C
CTCF	RBPJL	0.3333333333333333	C
MITF	VGF	0.3333333333333333	C
MNT	NCOR2	0.3333333333333333	C
MNT	MYH9	0.3333333333333333	C
MNT	MIDEAS	0.3333333333333333	C
MNT	MGRN1	0.3333333333333333	C
MNT	MED15	0.3333333333333333	C
MNT	MARK2	0.3333333333333333	C
MNT	NET1	0.3333333333333333	C
MNT	MAFK	0.3333333333333333	C
MNT	KDM6B	0.3333333333333333	C
MNT	KDM4B	0.3333333333333333	C
MNT	GSN	0.3333333333333333	C
MNT	GREB1	0.3333333333333333	C
CTCF	RAB32	0.3333333333333333	C
MNT	FAM131A	0.3333333333333333	C
MNT	LRRFIP1	0.3333333333333333	C
MNT	EVL	0.3333333333333333	C
MNT	NGLY1	0.3333333333333333	C
MNT	PDZRN3	0.3333333333333333	C
MNT	SKI	0.3333333333333333	C
MNT	RGS3	0.3333333333333333	C
MNT	RFX2	0.3333333333333333	C
MNT	RARA	0.3333333333333333	C
RARA	MNT	0.3333333333333333	C
MNT	RAPGEF1	0.3333333333333333	C
MNT	PDXK	0.3333333333333333	C
MNT	RAI1	0.3333333333333333	C
MNT	PRRC2B	0.3333333333333333	C
MNT	PRKAG2	0.3333333333333333	C
MNT	PPP2R2C	0.3333333333333333	C
MNT	POR	0.3333333333333333	C
CTCF	RAB12	0.3333333333333333	C
MNT	PFKFB3	0.3333333333333333	C
MNT	RAB40C	0.3333333333333333	C
MITF	SOCS2	0.3333333333333333	C
MNT	EPN2	0.3333333333333333	C
MNT	ECE1	0.3333333333333333	C
MITF	ZC3H11A	0.3333333333333333	C
MITF	ZBTB8OS	0.3333333333333333	C
CTCF	RAPGEF3	0.3333333333333333	C
MITF	ZBTB2	0.3333333333333333	C
MITF	YKT6	0.3333333333333333	C
CTCF	RASD1	0.3333333333333333	C
MITF	ZC3H18	0.3333333333333333	C
MITF	WIPF1	0.3333333333333333	C
MITF	WDR81	0.3333333333333333	C
MITF	WDR27	0.3333333333333333	C
MITF	VPS33A	0.3333333333333333	C
MITF	VPS26C	0.3333333333333333	C
MITF	VPS26A	0.3333333333333333	C
MITF	VPS16	0.3333333333333333	C
MITF	WDR90	0.3333333333333333	C
MNT	ELL	0.3333333333333333	C
CTCF	RAP2C	0.3333333333333333	C
MITF	ZNF324	0.3333333333333333	C
MNT	CSNK1D	0.3333333333333333	C
MNT	COBL	0.3333333333333333	C
MNT	CMIP	0.3333333333333333	C
MNT	CAST	0.3333333333333333	C
MNT	CABLES1	0.3333333333333333	C
MNT	BCR	0.3333333333333333	C
MITF	ZNF292	0.3333333333333333	C
MNT	BCL9L	0.3333333333333333	C
MNT	ANKRD11	0.3333333333333333	C
MNT	AGAP3	0.3333333333333333	C
MNT	ADGRV1	0.3333333333333333	C
MNT	ACIN1	0.3333333333333333	C
CTCF	RAD52	0.3333333333333333	C
CTCF	RADIL	0.3333333333333333	C
MNT	AP3D1	0.3333333333333333	C
CTCF	SF3A3	0.3333333333333333	C
CTCF	SH2B3	0.3333333333333333	C
CTCF	SH3GL1	0.3333333333333333	C
MITF	MRPS2	0.3333333333333333	C
MITF	MRPS18C	0.3333333333333333	C
MITF	MRPL36	0.3333333333333333	C
MITF	MRPL27	0.3333333333333333	C
CTCF	UBE3D	0.3333333333333333	C
CTCF	UBE4B	0.3333333333333333	C
MITF	MRRF	0.3333333333333333	C
CTCF	UBFD1	0.3333333333333333	C
MITF	MIGA2	0.3333333333333333	C
CTCF	UNC5CL	0.3333333333333333	C
CTCF	USB1	0.3333333333333333	C
CTCF	USF2	0.3333333333333333	C
CTCF	USH1G	0.3333333333333333	C
CTCF	UTP3	0.3333333333333333	C
MITF	MINAR1	0.3333333333333333	C
MITF	MFSD4B	0.3333333333333333	C
CTCF	UBE2E2	0.3333333333333333	C
CTCF	UBA1	0.3333333333333333	C
CTCF	TNFAIP3	0.3333333333333333	C
MITF	NRL	0.3333333333333333	C
NR2F2	MITF	0.3333333333333333	C
MITF	NIPAL3	0.3333333333333333	C
MITF	NFX1	0.3333333333333333	C
CTCF	TOMM20L	0.3333333333333333	C
MITF	MTDH	0.3333333333333333	C
CTCF	TP53I3	0.3333333333333333	C
CTCF	TPTE2	0.3333333333333333	C
CTCF	TRAF6	0.3333333333333333	C
MITF	NCOA6	0.3333333333333333	C
MITF	NAA40	0.3333333333333333	C
CTCF	TTC21B	0.3333333333333333	C
CTCF	U2AF2	0.3333333333333333	C
CTCF	TPD52L1	0.3333333333333333	C
CTCF	TMTC1	0.3333333333333333	C
MITF	MFHAS1	0.3333333333333333	C
MITF	MED13L	0.3333333333333333	C
CTCF	ZNF3	0.3333333333333333	C
MITF	LATS2	0.3333333333333333	C
CTCF	ZNF319	0.3333333333333333	C
MITF	LAMTOR1	0.3333333333333333	C
MITF	LACTB2	0.3333333333333333	C
MITF	KLHL12	0.3333333333333333	C
CTCF	ZNF274	0.3333333333333333	C
CTCF	ZNF341	0.3333333333333333	C
CTCF	ZNF343	0.3333333333333333	C
MITF	KDM6A	0.3333333333333333	C
MITF	KAT6A	0.3333333333333333	C
MITF	KAT5	0.3333333333333333	C
CTCF	ZNF516	0.3333333333333333	C
CTCF	ZNF587	0.3333333333333333	C
MITF	KIRREL1	0.3333333333333333	C
MITF	MED28	0.3333333333333333	C
MITF	LIN52	0.3333333333333333	C
CTCF	ZBTB34	0.3333333333333333	C
MITF	MED13	0.3333333333333333	C
MITF	MCRIP1	0.3333333333333333	C
MITF	MCOLN1	0.3333333333333333	C
CTCF	VPS36	0.3333333333333333	C
CTCF	VPS37D	0.3333333333333333	C
CTCF	WDR17	0.3333333333333333	C
CTCF	ZC3H7A	0.3333333333333333	C
MITF	MBD6	0.3333333333333333	C
MITF	MARVELD2	0.3333333333333333	C
MITF	MAPK3	0.3333333333333333	C
MITF	LZTS2	0.3333333333333333	C
MITF	LTBP1	0.3333333333333333	C
MITF	LRRC37A3	0.3333333333333333	C
MITF	LONP1	0.3333333333333333	C
CTCF	WDR38	0.3333333333333333	C
NFE2L2	SCARB1	0.3333333333333333	C
CTCF	TMEM179B	0.3333333333333333	C
CTCF	TMEM102	0.3333333333333333	C
MITF	ROR2	0.3333333333333333	C
MITF	RMC1	0.3333333333333333	C
MITF	RITA1	0.3333333333333333	C
CTCF	SRCIN1	0.3333333333333333	C
MITF	RGS12	0.3333333333333333	C
MITF	RCBTB1	0.3333333333333333	C
MITF	RPA1	0.3333333333333333	C
MITF	RCAN1	0.3333333333333333	C
MITF	RBM15	0.3333333333333333	C
MITF	RBBP6	0.3333333333333333	C
CTCF	STAU2	0.3333333333333333	C
CTCF	STEAP1	0.3333333333333333	C
MITF	RAD9A	0.3333333333333333	C
MITF	RAB3IL1	0.3333333333333333	C
CTCF	STARD10	0.3333333333333333	C
MITF	RAB3GAP2	0.3333333333333333	C
CTCF	SOCS3	0.3333333333333333	C
MITF	SBNO1	0.3333333333333333	C
CTCF	SLC25A22	0.3333333333333333	C
MITF	SLC35B2	0.3333333333333333	C
MITF	SLC33A1	0.3333333333333333	C
MITF	SLC25A51	0.3333333333333333	C
MITF	SLC25A32	0.3333333333333333	C
MITF	SLC13A3	0.3333333333333333	C
CTCF	SOCS1	0.3333333333333333	C
MITF	SIRT1	0.3333333333333333	C
CTCF	SMIM12	0.3333333333333333	C
MITF	SERF2	0.3333333333333333	C
CTCF	SMIM5	0.3333333333333333	C
MITF	SDF4	0.3333333333333333	C
CTCF	SNX19	0.3333333333333333	C
MITF	SC5D	0.3333333333333333	C
MITF	SGO1	0.3333333333333333	C
MITF	NTMT1	0.3333333333333333	C
MITF	RAB21	0.3333333333333333	C
MITF	PTPRS	0.3333333333333333	C
MITF	PIP5K1A	0.3333333333333333	C
MITF	PIP4K2C	0.3333333333333333	C
MITF	PICALM	0.3333333333333333	C
MITF	PIAS4	0.3333333333333333	C
MITF	PI4KA	0.3333333333333333	C
MITF	PHF3	0.3333333333333333	C
MITF	PKN1	0.3333333333333333	C
MITF	PGAP6	0.3333333333333333	C
CTCF	TIMM44	0.3333333333333333	C
MITF	PDE11A	0.3333333333333333	C
MITF	PDCD6IP	0.3333333333333333	C
MITF	PCM1	0.3333333333333333	C
CTCF	TLR9	0.3333333333333333	C
CTCF	TMBIM1	0.3333333333333333	C
MITF	PES1	0.3333333333333333	C
MITF	QTRT1	0.3333333333333333	C
CTCF	TCF7	0.3333333333333333	C
MITF	PLBD2	0.3333333333333333	C
CTCF	STX3	0.3333333333333333	C
CTCF	SUGCT	0.3333333333333333	C
CTCF	SUN5	0.3333333333333333	C
CTCF	SUOX	0.3333333333333333	C
MITF	PRMT3	0.3333333333333333	C
CTCF	SYT9	0.3333333333333333	C
MITF	PLAT	0.3333333333333333	C
MITF	PPP2R3C	0.3333333333333333	C
CTCF	TAS1R1	0.3333333333333333	C
MITF	PLTP	0.3333333333333333	C
MITF	PLEKHG2	0.3333333333333333	C
CTCF	TBC1D9B	0.3333333333333333	C
MITF	PLD3	0.3333333333333333	C
CTCF	TCAF2	0.3333333333333333	C
CTCF	TAGAP	0.3333333333333333	C
NFE2L2	SGMS1	0.3333333333333333	C
NFE2L2	SH3BP5	0.3333333333333333	C
NFE2L2	SH3TC1	0.3333333333333333	C
NRF1	PPAT	0.3333333333333333	C
NRF1	PSD	0.3333333333333333	C
NRF1	PTTG1IP	0.3333333333333333	C
NRF1	PUDP	0.3333333333333333	C
NRF1	RSPH14	0.3333333333333333	C
NRF1	RSRP1	0.3333333333333333	C
NRF1	RUBCN	0.3333333333333333	C
NRF1	SERP1	0.3333333333333333	C
NRF1	SF1	0.3333333333333333	C
NRF1	SIN3A	0.3333333333333333	C
NRF1	SIX5	0.3333333333333333	C
NRF1	SOS1	0.3333333333333333	C
NRF1	SSH2	0.3333333333333333	C
NRF1	SUGP2	0.3333333333333333	C
NRF1	TBCB	0.3333333333333333	C
NRF1	TCAIM	0.3333333333333333	C
NRF1	TEF	0.3333333333333333	C
ONECUT1	ALDH1A1	0.3333333333333333	C
ONECUT1	AKAP7	0.3333333333333333	C
ONECUT1	AK4	0.3333333333333333	C
ONECUT1	ACSS3	0.3333333333333333	C
NRF1	ZNF263	0.3333333333333333	C
NRF1	ZCWPW1	0.3333333333333333	C
NRF1	POLR2B	0.3333333333333333	C
NRF1	ZBTB4	0.3333333333333333	C
NRF1	WDR12	0.3333333333333333	C
NRF1	UIMC1	0.3333333333333333	C
NRF1	U2AF2	0.3333333333333333	C
NRF1	TRAPPC3	0.3333333333333333	C
NRF1	TOB2	0.3333333333333333	C
NRF1	TMEM104	0.3333333333333333	C
NRF1	ZBTB17	0.3333333333333333	C
NRF1	PKMYT1	0.3333333333333333	C
NRF1	PKIB	0.3333333333333333	C
NRF1	PER1	0.3333333333333333	C
NRF1	KCTD2	0.3333333333333333	C
NRF1	ITGAE	0.3333333333333333	C
NRF1	ING1	0.3333333333333333	C
NRF1	HIRA	0.3333333333333333	C
NRF1	GTF2I	0.3333333333333333	C
NRF1	GRK5	0.3333333333333333	C
CTCF	NXPH3	0.3333333333333333	C
NRF1	GET1	0.3333333333333333	C
NRF1	FAM222B	0.3333333333333333	C
NRF1	FADS2	0.3333333333333333	C
NRF1	FADS1	0.3333333333333333	C
NRF1	EIF4ENIF1	0.3333333333333333	C
NRF1	EHMT1	0.3333333333333333	C
NRF1	DIDO1	0.3333333333333333	C
NRF1	FBXL15	0.3333333333333333	C
ONECUT1	ANK3	0.3333333333333333	C
NRF1	BRD10	0.3333333333333333	C
NRF1	LUC7L2	0.3333333333333333	C
NRF1	PCIF1	0.3333333333333333	C
NRF1	PAICS	0.3333333333333333	C
NRF1	PACS2	0.3333333333333333	C
CTCF	NUTM1	0.3333333333333333	C
NRF1	NELFA	0.3333333333333333	C
NRF1	NARF	0.3333333333333333	C
NRF1	LIG4	0.3333333333333333	C
NRF1	NADK	0.3333333333333333	C
NRF1	MRPL36	0.3333333333333333	C
NRF1	MRPL34	0.3333333333333333	C
NRF1	MIB2	0.3333333333333333	C
NRF1	MIB1	0.3333333333333333	C
NRF1	MEPCE	0.3333333333333333	C
NRF1	MAFG	0.3333333333333333	C
NRF1	MYL5	0.3333333333333333	C
ONECUT1	ARAP2	0.3333333333333333	C
ONECUT1	ARID5B	0.3333333333333333	C
ONECUT1	ARPP21	0.3333333333333333	C
OTX2	DCLK1	0.3333333333333333	C
OTX2	CREB5	0.3333333333333333	C
OTX2	ARHGAP15	0.3333333333333333	C
OTX2	ADAMTS18	0.3333333333333333	C
ONECUT1	WWC2	0.3333333333333333	C
ONECUT1	UNC5D	0.3333333333333333	C
OTX2	DDX60L	0.3333333333333333	C
ONECUT1	UNC13C	0.3333333333333333	C
ONECUT1	TMCO5A	0.3333333333333333	C
ONECUT1	TENM4	0.3333333333333333	C
ONECUT1	SYNE2	0.3333333333333333	C
ONECUT1	SPIDR	0.3333333333333333	C
ONECUT1	SOX5	0.3333333333333333	C
ONECUT1	SOX2	0.3333333333333333	C
ONECUT1	UBR3	0.3333333333333333	C
ONECUT1	ROBO1	0.3333333333333333	C
OTX2	DENND1A	0.3333333333333333	C
OTX2	ENPP2	0.3333333333333333	C
OTX2	TULP4	0.3333333333333333	C
OTX2	TRPC4	0.3333333333333333	C
OTX2	TMCO5A	0.3333333333333333	C
OTX2	TBC1D5	0.3333333333333333	C
OTX2	SYNE1	0.3333333333333333	C
OTX2	PDE1A	0.3333333333333333	C
OTX2	DIAPH3	0.3333333333333333	C
OTX2	NBEA	0.3333333333333333	C
OTX2	MEF2C	0.3333333333333333	C
OTX2	MBNL2	0.3333333333333333	C
OTX2	MACF1	0.3333333333333333	C
OTX2	ITGA1	0.3333333333333333	C
OTX2	FRYL	0.3333333333333333	C
OTX2	EXPH5	0.3333333333333333	C
OTX2	MYO1E	0.3333333333333333	C
NRF1	DGKQ	0.3333333333333333	C
ONECUT1	RAPGEF6	0.3333333333333333	C
ONECUT1	RAPGEF4	0.3333333333333333	C
ONECUT1	EIF4G3	0.3333333333333333	C
ONECUT1	EIF3E	0.3333333333333333	C
ONECUT1	DYRK1A	0.3333333333333333	C
ONECUT1	DNAH14	0.3333333333333333	C
ONECUT1	DIAPH3	0.3333333333333333	C
ONECUT1	DCDC1	0.3333333333333333	C
ONECUT1	ESR1	0.3333333333333333	C
ONECUT1	CSMD3	0.3333333333333333	C
ONECUT1	CHST9	0.3333333333333333	C
ONECUT1	CCDC178	0.3333333333333333	C
ONECUT1	CADM1	0.3333333333333333	C
ONECUT1	BNC2	0.3333333333333333	C
ONECUT1	BBX	0.3333333333333333	C
ONECUT1	CACNA2D1	0.3333333333333333	C
ONECUT1	CPED1	0.3333333333333333	C
ONECUT1	RAPGEF5	0.3333333333333333	C
ONECUT1	EXOC4	0.3333333333333333	C
ONECUT1	GRIP1	0.3333333333333333	C
ONECUT1	PLEKHA5	0.3333333333333333	C
ONECUT1	PDE4B	0.3333333333333333	C
ONECUT1	OLFM3	0.3333333333333333	C
ONECUT1	NRXN1	0.3333333333333333	C
ONECUT1	MYLK	0.3333333333333333	C
ONECUT1	MLIP	0.3333333333333333	C
ONECUT1	EYS	0.3333333333333333	C
ONECUT1	MACF1	0.3333333333333333	C
ONECUT1	BLTP1	0.3333333333333333	C
ONECUT1	ITSN1	0.3333333333333333	C
ONECUT1	IQGAP2	0.3333333333333333	C
ONECUT1	IKZF2	0.3333333333333333	C
ONECUT1	HNF4G	0.3333333333333333	C
ONECUT1	HMCN1	0.3333333333333333	C
ONECUT1	KIAA1217	0.3333333333333333	C
OTX2	XIRP2	0.3333333333333333	C
NRF1	DEDD2	0.3333333333333333	C
NRF1	CLASP1	0.3333333333333333	C
NR3C1	NRP1	0.3333333333333333	C
NR3C1	PACSIN2	0.3333333333333333	C
NR3C1	PARD3B	0.3333333333333333	C
NR3C1	PDE4D	0.3333333333333333	C
NR3C1	PHLDB2	0.3333333333333333	C
NR3C1	PLEC	0.3333333333333333	C
NR3C1	PLEKHA2	0.3333333333333333	C
NR3C1	PPM1H	0.3333333333333333	C
NR3C1	PPP3CA	0.3333333333333333	C
NR3C1	PRICKLE2	0.3333333333333333	C
NR3C1	PTK2B	0.3333333333333333	C
NR3C1	PTPRJ	0.3333333333333333	C
NR3C1	ROBO1	0.3333333333333333	C
NR3C1	SEMA3C	0.3333333333333333	C
NR3C1	SIPA1L1	0.3333333333333333	C
NR3C1	SLC38A1	0.3333333333333333	C
NR3C1	SLC8A1	0.3333333333333333	C
NR3C1	UST	0.3333333333333333	C
NR3C1	UQCC1	0.3333333333333333	C
NR3C1	TLE1	0.3333333333333333	C
NR3C1	TG	0.3333333333333333	C
NR3C1	TCF12	0.3333333333333333	C
NR3C1	TBC1D1	0.3333333333333333	C
NR3C1	NEDD4	0.3333333333333333	C
NR3C1	TACC1	0.3333333333333333	C
NR3C1	ST6GAL1	0.3333333333333333	C
NR3C1	SSBP2	0.3333333333333333	C
NR3C1	SPTBN1	0.3333333333333333	C
NR3C1	SPATS2L	0.3333333333333333	C
NR3C1	SOX6	0.3333333333333333	C
NR3C1	SMOX	0.3333333333333333	C
NR3C1	SYNE1	0.3333333333333333	C
NR3C1	MITF	0.3333333333333333	C
NR3C1	MICAL2	0.3333333333333333	C
NR3C1	MBNL2	0.3333333333333333	C
NR3C1	BRD4	0.3333333333333333	C
NR3C1	BNC2	0.3333333333333333	C
NR3C1	ARHGAP12	0.3333333333333333	C
NR3C1	ANO6	0.3333333333333333	C
NR3C1	ANKRD44	0.3333333333333333	C
NR3C1	ANK3	0.3333333333333333	C
NR3C1	CLASP1	0.3333333333333333	C
NR2F6	VPS54	0.3333333333333333	C
NR2F6	TRNP1	0.3333333333333333	C
NR2F6	SPAG9	0.3333333333333333	C
NR2F6	SLC1A7	0.3333333333333333	C
NR2F6	SFXN5	0.3333333333333333	C
RXRA	NR2F6	0.3333333333333333	C
NR2F6	RXRA	0.3333333333333333	C
NR2F6	TTC7A	0.3333333333333333	C
CTCF	OPA3	0.3333333333333333	C
NR3C1	CLEC16A	0.3333333333333333	C
NR3C1	CRIM1	0.3333333333333333	C
NR3C1	MBNL1	0.3333333333333333	C
NR3C1	LIMCH1	0.3333333333333333	C
NR3C1	JAZF1	0.3333333333333333	C
NR3C1	ITSN1	0.3333333333333333	C
NR3C1	INPP5A	0.3333333333333333	C
NR3C1	HDAC9	0.3333333333333333	C
NR3C1	CORO2B	0.3333333333333333	C
NR3C1	HDAC4	0.3333333333333333	C
CTCF	OR2L13	0.3333333333333333	C
NR3C1	GSN	0.3333333333333333	C
NR3C1	EXOC6B	0.3333333333333333	C
NR3C1	ELMO1	0.3333333333333333	C
NR3C1	EEF2K	0.3333333333333333	C
NR3C1	DENND3	0.3333333333333333	C
NR3C1	GULP1	0.3333333333333333	C
NR3C1	ZFP36L1	0.3333333333333333	C
NR3C1	ZMYND8	0.3333333333333333	C
NR4A1	ADD3	0.3333333333333333	C
NR5A2	PLEKHF1	0.3333333333333333	C
NR5A2	PKP4	0.3333333333333333	C
NR5A2	MYO5C	0.3333333333333333	C
NR5A2	MYO1B	0.3333333333333333	C
NR5A2	MYO10	0.3333333333333333	C
NR5A2	MAP3K14	0.3333333333333333	C
NR5A2	PPM1D	0.3333333333333333	C
NR5A2	KRT18	0.3333333333333333	C
NR5A2	FGD5	0.3333333333333333	C
NR5A2	FCN2	0.3333333333333333	C
NR5A2	FHIP1A	0.3333333333333333	C
NR5A2	F11R	0.3333333333333333	C
NR5A2	DNM2	0.3333333333333333	C
NR5A2	CD276	0.3333333333333333	C
NR5A2	KCNB1	0.3333333333333333	C
NR5A2	C1QTNF6	0.3333333333333333	C
NR5A2	PRKCH	0.3333333333333333	C
NR5A2	RPGR	0.3333333333333333	C
NRF1	CIC	0.3333333333333333	C
NRF1	CBX5	0.3333333333333333	C
NRF1	BRF1	0.3333333333333333	C
NRF1	B9D1	0.3333333333333333	C
NRF1	ARRDC3	0.3333333333333333	C
NRF1	ARMC6	0.3333333333333333	C
NR5A2	RARA	0.3333333333333333	C
NRF1	ACIN1	0.3333333333333333	C
NR5A2	XPNPEP1	0.3333333333333333	C
NR5A2	VDR	0.3333333333333333	C
NR5A2	TXNRD1	0.3333333333333333	C
NR5A2	TBC1D30	0.3333333333333333	C
NR5A2	SYTL2	0.3333333333333333	C
NR5A2	SCNN1B	0.3333333333333333	C
NR5A2	ZMYND8	0.3333333333333333	C
CTCF	NYAP1	0.3333333333333333	C
NR5A2	BMPER	0.3333333333333333	C
NR5A2	ABCG2	0.3333333333333333	C
NR4A1	FHAD1	0.3333333333333333	C
NR4A1	DUSP5	0.3333333333333333	C
NR4A1	CUEDC1	0.3333333333333333	C
NR4A1	CTIF	0.3333333333333333	C
NR4A1	CREB3L2	0.3333333333333333	C
NR4A1	CHD9	0.3333333333333333	C
NR4A1	FHIT	0.3333333333333333	C
NR4A1	CDKAL1	0.3333333333333333	C
NR4A1	CACNA1C	0.3333333333333333	C
NR4A1	BCOR	0.3333333333333333	C
NR4A1	ANXA11	0.3333333333333333	C
NR4A1	AMPD3	0.3333333333333333	C
NR4A1	ALAS1	0.3333333333333333	C
NR4A1	AKAP13	0.3333333333333333	C
NR4A1	CCDC6	0.3333333333333333	C
NR5A2	BAHCC1	0.3333333333333333	C
NR4A1	GAS7	0.3333333333333333	C
NR4A1	LPAR1	0.3333333333333333	C
NR4A1	ZMYND8	0.3333333333333333	C
NR4A1	ZHX3	0.3333333333333333	C
NR4A1	ZBTB20	0.3333333333333333	C
NR4A1	WBP1L	0.3333333333333333	C
NR4A1	TBC1D14	0.3333333333333333	C
NR4A1	STK40	0.3333333333333333	C
NR4A1	LMBR1	0.3333333333333333	C
NR4A1	SMAP2	0.3333333333333333	C
NR4A1	SIK3	0.3333333333333333	C
NR4A1	SH3KBP1	0.3333333333333333	C
NR4A1	RNF220	0.3333333333333333	C
NR4A1	RERE	0.3333333333333333	C
NR4A1	PARVB	0.3333333333333333	C
NR4A1	LPP	0.3333333333333333	C
NR4A1	SMAD7	0.3333333333333333	C
PAX5	ABR	0.3333333333333333	C
PAX5	AKNA	0.3333333333333333	C
PAX5	APBB2	0.3333333333333333	C
PDX1	GLIS3	0.3333333333333333	C
PDX1	GTDC1	0.3333333333333333	C
PDX1	HNF4A	0.3333333333333333	C
PDX1	ITPR2	0.3333333333333333	C
PDX1	LHFPL2	0.3333333333333333	C
PDX1	LMO1	0.3333333333333333	C
PDX1	MACROD2	0.3333333333333333	C
PDX1	MBNL2	0.3333333333333333	C
PDX1	MTUS2	0.3333333333333333	C
PDX1	MYT1L	0.3333333333333333	C
PDX1	NAV2	0.3333333333333333	C
PDX1	NBAS	0.3333333333333333	C
PDX1	NEDD4L	0.3333333333333333	C
PDX1	PCNX2	0.3333333333333333	C
PDX1	PLD1	0.3333333333333333	C
PDX1	PRKCH	0.3333333333333333	C
PDX1	RALGAPA2	0.3333333333333333	C
PGR	AFF3	0.3333333333333333	C
PDX1	ZPLD1	0.3333333333333333	C
PDX1	ZNF385D	0.3333333333333333	C
PDX1	XXYLT1	0.3333333333333333	C
PDX1	USP6NL	0.3333333333333333	C
PDX1	TENM4	0.3333333333333333	C
PDX1	GABRB3	0.3333333333333333	C
PDX1	TCF4	0.3333333333333333	C
PDX1	SYNE1	0.3333333333333333	C
PDX1	SORBS1	0.3333333333333333	C
PDX1	SLC8A1	0.3333333333333333	C
PDX1	RUNX1	0.3333333333333333	C
PDX1	RTN1	0.3333333333333333	C
PDX1	RBFOX3	0.3333333333333333	C
PDX1	SYNE2	0.3333333333333333	C
PDX1	FTO	0.3333333333333333	C
PDX1	FRYL	0.3333333333333333	C
PDX1	FAM107B	0.3333333333333333	C
PBX3	TNS1	0.3333333333333333	C
PBX3	TLE4	0.3333333333333333	C
PBX3	TIAM2	0.3333333333333333	C
PBX3	ST7	0.3333333333333333	C
PBX3	SPATS2L	0.3333333333333333	C
PBX3	SLIT2	0.3333333333333333	C
PBX3	WWC1	0.3333333333333333	C
PBX3	SEPTIN9	0.3333333333333333	C
PBX3	RUNX1T1	0.3333333333333333	C
PBX3	RPS6KA2	0.3333333333333333	C
PBX3	RNF150	0.3333333333333333	C
PBX3	RARB	0.3333333333333333	C
PBX3	PRICKLE2	0.3333333333333333	C
PBX3	PLCB1	0.3333333333333333	C
PBX3	SEC14L1	0.3333333333333333	C
PGR	AHNAK	0.3333333333333333	C
PBX3	ZNF385B	0.3333333333333333	C
PDX1	ARHGAP42	0.3333333333333333	C
PDX1	DYRK1A	0.3333333333333333	C
PDX1	DYNC1I1	0.3333333333333333	C
PDX1	DYM	0.3333333333333333	C
PDX1	DST	0.3333333333333333	C
PDX1	DMD	0.3333333333333333	C
PDX1	DCDC1	0.3333333333333333	C
PBX3	ZNF407	0.3333333333333333	C
PDX1	DAAM1	0.3333333333333333	C
PDX1	CHN2	0.3333333333333333	C
PDX1	CARMIL1	0.3333333333333333	C
PDX1	BCR	0.3333333333333333	C
PDX1	BACH2	0.3333333333333333	C
PDX1	ARHGEF3	0.3333333333333333	C
PDX1	ARHGEF28	0.3333333333333333	C
PDX1	CMIP	0.3333333333333333	C
PGR	AKAP6	0.3333333333333333	C
PGR	ALDH1A2	0.3333333333333333	C
PGR	ANGPT1	0.3333333333333333	C
PGR	RERG	0.3333333333333333	C
PGR	RCL1	0.3333333333333333	C
PGR	RBMS3	0.3333333333333333	C
PGR	RAPGEF4	0.3333333333333333	C
PGR	RAI1	0.3333333333333333	C
PGR	PXYLP1	0.3333333333333333	C
PGR	RUNX1	0.3333333333333333	C
PGR	PTPRJ	0.3333333333333333	C
PGR	PDZRN3	0.3333333333333333	C
PGR	PBX1	0.3333333333333333	C
PGR	PAM	0.3333333333333333	C
PGR	PALM2AKAP2	0.3333333333333333	C
PGR	NFIA	0.3333333333333333	C
PGR	NFASC	0.3333333333333333	C
PGR	PLCB1	0.3333333333333333	C
PGR	NAALADL2	0.3333333333333333	C
PGR	SH3BP5	0.3333333333333333	C
PGR	SLC38A1	0.3333333333333333	C
PKNOX1	GALNT2	0.3333333333333333	C
PKNOX1	FGD6	0.3333333333333333	C
PKNOX1	FAM13A	0.3333333333333333	C
PKNOX1	DNM2	0.3333333333333333	C
PKNOX1	ASTN2	0.3333333333333333	C
PKNOX1	ARHGAP6	0.3333333333333333	C
PGR	SIPA1L1	0.3333333333333333	C
PKNOX1	AP4S1	0.3333333333333333	C
CTCF	NSD2	0.3333333333333333	C
PGR	TRPC6	0.3333333333333333	C
PGR	TACC1	0.3333333333333333	C
PGR	SYNE1	0.3333333333333333	C
PGR	STARD13	0.3333333333333333	C
PGR	SPTBN1	0.3333333333333333	C
PGR	VGLL4	0.3333333333333333	C
PBX3	PDE4D	0.3333333333333333	C
PGR	MYLK	0.3333333333333333	C
PGR	MICAL2	0.3333333333333333	C
PGR	CRIM1	0.3333333333333333	C
PGR	CREB3L2	0.3333333333333333	C
PGR	CRADD	0.3333333333333333	C
PGR	CPQ	0.3333333333333333	C
PGR	CLEC16A	0.3333333333333333	C
PGR	CHD6	0.3333333333333333	C
PGR	DENND2B	0.3333333333333333	C
PGR	CASZ1	0.3333333333333333	C
PGR	BRD4	0.3333333333333333	C
PGR	ARHGEF4	0.3333333333333333	C
PGR	ARHGAP42	0.3333333333333333	C
PGR	ANO6	0.3333333333333333	C
PGR	ANKS1B	0.3333333333333333	C
PGR	ANK3	0.3333333333333333	C
PGR	CALD1	0.3333333333333333	C
PGR	MYCBP2	0.3333333333333333	C
PGR	DIP2C	0.3333333333333333	C
PGR	DST	0.3333333333333333	C
PGR	LTBP1	0.3333333333333333	C
PGR	LPP	0.3333333333333333	C
PGR	LMO7	0.3333333333333333	C
PGR	LIMCH1	0.3333333333333333	C
PGR	KCNMA1	0.3333333333333333	C
PGR	JAZF1	0.3333333333333333	C
PGR	DLG2	0.3333333333333333	C
PGR	ITSN1	0.3333333333333333	C
PGR	INPP4B	0.3333333333333333	C
PGR	GREB1	0.3333333333333333	C
PGR	GLI3	0.3333333333333333	C
PGR	GALNT10	0.3333333333333333	C
PGR	FOXP1	0.3333333333333333	C
PGR	FILIP1L	0.3333333333333333	C
PGR	ITPR1	0.3333333333333333	C
PBX3	PARD3	0.3333333333333333	C
PBX3	PACSIN2	0.3333333333333333	C
PBX3	NBEA	0.3333333333333333	C
PAX6	KCTD1	0.3333333333333333	C
PAX6	ITGB5	0.3333333333333333	C
PAX6	HMGA1	0.3333333333333333	C
PAX6	HIVEP3	0.3333333333333333	C
PAX6	HDAC9	0.3333333333333333	C
PAX6	FRMD5	0.3333333333333333	C
PAX6	LPP	0.3333333333333333	C
PAX6	DOCK10	0.3333333333333333	C
PAX5	ZMIZ1	0.3333333333333333	C
PAX5	ZC3H12D	0.3333333333333333	C
PAX5	WNT10A	0.3333333333333333	C
PAX5	TCF7	0.3333333333333333	C
PAX5	TBC1D14	0.3333333333333333	C
PAX5	SP140	0.3333333333333333	C
PAX6	ADD3	0.3333333333333333	C
PAX5	SNX8	0.3333333333333333	C
PAX6	MID1	0.3333333333333333	C
CTCF	NUDT17	0.3333333333333333	C
PAX6	ZNF608	0.3333333333333333	C
PAX6	ZFAND5	0.3333333333333333	C
PAX6	ZBTB20	0.3333333333333333	C
PAX6	VPS13D	0.3333333333333333	C
PAX6	VGLL4	0.3333333333333333	C
PAX6	SNAP47	0.3333333333333333	C
PAX6	MYOZ3	0.3333333333333333	C
PAX6	SHROOM3	0.3333333333333333	C
PAX6	RHO	0.3333333333333333	C
PAX6	RASSF8	0.3333333333333333	C
PAX6	RARB	0.3333333333333333	C
PAX6	PTPRB	0.3333333333333333	C
PAX6	PIGQ	0.3333333333333333	C
PAX6	PDLIM5	0.3333333333333333	C
PAX6	SEMA3C	0.3333333333333333	C
PBX2	ANKRD11	0.3333333333333333	C
PAX5	SMARCA4	0.3333333333333333	C
PAX5	SMAD3	0.3333333333333333	C
PAX5	LONP1	0.3333333333333333	C
PAX5	KLHDC4	0.3333333333333333	C
PAX5	KLF13	0.3333333333333333	C
PAX5	IRF8	0.3333333333333333	C
PAX5	IRF4	0.3333333333333333	C
PAX5	GRAMD4	0.3333333333333333	C
PAX5	MACF1	0.3333333333333333	C
PAX5	GPER1	0.3333333333333333	C
PAX5	DUSP10	0.3333333333333333	C
PAX5	CORO1A	0.3333333333333333	C
PAX5	CIRBP	0.3333333333333333	C
PAX5	CD70	0.3333333333333333	C
PAX5	CD22	0.3333333333333333	C
PAX5	ARHGAP45	0.3333333333333333	C
PAX5	FCHO1	0.3333333333333333	C
PAX5	SMAD7	0.3333333333333333	C
PAX5	MAD1L1	0.3333333333333333	C
PAX5	MGAT1	0.3333333333333333	C
PAX5	RYR1	0.3333333333333333	C
PAX5	RUNX3	0.3333333333333333	C
PAX5	RIPOR1	0.3333333333333333	C
PAX5	RHOH	0.3333333333333333	C
PAX5	RGS12	0.3333333333333333	C
PAX5	RAD51B	0.3333333333333333	C
PAX5	MED15	0.3333333333333333	C
PAX5	RAC2	0.3333333333333333	C
PAX5	PIK3R5	0.3333333333333333	C
PAX5	PER1	0.3333333333333333	C
PAX5	NR4A1	0.3333333333333333	C
PAX5	NCOR2	0.3333333333333333	C
PAX5	MX2	0.3333333333333333	C
PAX5	MICAL3	0.3333333333333333	C
PAX5	POU2AF1	0.3333333333333333	C
NR2F6	RBPJ	0.3333333333333333	C
PBX2	ARHGAP6	0.3333333333333333	C
PBX2	ARHGEF2	0.3333333333333333	C
PBX3	DAAM1	0.3333333333333333	C
PBX3	CSNK1D	0.3333333333333333	C
PBX3	COL21A1	0.3333333333333333	C
PBX3	CHN1	0.3333333333333333	C
PBX3	CD226	0.3333333333333333	C
PBX3	CCDC97	0.3333333333333333	C
PBX3	DMD	0.3333333333333333	C
PBX3	CACNA2D1	0.3333333333333333	C
PBX3	ATXN1	0.3333333333333333	C
PBX3	APBB2	0.3333333333333333	C
PBX3	AKAP6	0.3333333333333333	C
PBX2	ZFPM2	0.3333333333333333	C
PBX2	TLE3	0.3333333333333333	C
PBX2	TIAM2	0.3333333333333333	C
PBX3	BBX	0.3333333333333333	C
PBX2	TACC1	0.3333333333333333	C
PBX3	ERGIC1	0.3333333333333333	C
PBX3	FLNA	0.3333333333333333	C
PBX3	MYLK	0.3333333333333333	C
PBX3	MAP4	0.3333333333333333	C
PBX3	MACROD2	0.3333333333333333	C
PBX3	MACF1	0.3333333333333333	C
PBX3	KCNMA1	0.3333333333333333	C
PBX3	JARID2	0.3333333333333333	C
PBX3	FAM110B	0.3333333333333333	C
PBX3	INPP5A	0.3333333333333333	C
PBX3	HMCN1	0.3333333333333333	C
PBX3	GALNT2	0.3333333333333333	C
PBX3	FYN	0.3333333333333333	C
PBX3	FTO	0.3333333333333333	C
PBX3	FRMD4B	0.3333333333333333	C
PBX3	FNDC3B	0.3333333333333333	C
PBX3	IGF1R	0.3333333333333333	C
PBX2	ARHGEF1	0.3333333333333333	C
PBX2	SOX6	0.3333333333333333	C
PBX2	SEPTIN9	0.3333333333333333	C
PBX2	HIP1	0.3333333333333333	C
PBX2	GTDC1	0.3333333333333333	C
PBX2	GARNL3	0.3333333333333333	C
PBX2	GALNT2	0.3333333333333333	C
PBX2	FYN	0.3333333333333333	C
PBX2	FOXP1	0.3333333333333333	C
PBX2	HOXB3	0.3333333333333333	C
PBX2	DYSF	0.3333333333333333	C
PBX2	DNM2	0.3333333333333333	C
PBX2	DLG1	0.3333333333333333	C
PBX2	DENND2B	0.3333333333333333	C
PBX2	CREBBP	0.3333333333333333	C
PBX2	CDYL	0.3333333333333333	C
PBX2	BCOR	0.3333333333333333	C
PBX2	DYRK1A	0.3333333333333333	C
PBX2	SLC25A25	0.3333333333333333	C
PBX2	JARID2	0.3333333333333333	C
PBX2	KIAA0513	0.3333333333333333	C
PBX2	RARA	0.3333333333333333	C
PBX2	PRKCB	0.3333333333333333	C
PBX2	PLCG2	0.3333333333333333	C
PBX2	PIK3R1	0.3333333333333333	C
PBX2	PIK3C2B	0.3333333333333333	C
PBX2	PACSIN2	0.3333333333333333	C
PBX2	KDM2B	0.3333333333333333	C
PBX2	NFASC	0.3333333333333333	C
PBX2	NAV2	0.3333333333333333	C
PBX2	MSI2	0.3333333333333333	C
PBX2	MITF	0.3333333333333333	C
PBX2	MBNL2	0.3333333333333333	C
PBX2	MAPKAP1	0.3333333333333333	C
PBX2	KSR1	0.3333333333333333	C
PBX2	NBAS	0.3333333333333333	C
MEIS2	DOCK9	0.3333333333333333	C
NR2F6	RAB31	0.3333333333333333	C
NR2F6	PLCD3	0.3333333333333333	C
NFKB2	PRDM8	0.3333333333333333	C
NFKB2	RALGDS	0.3333333333333333	C
NFKB2	RASGRP1	0.3333333333333333	C
NFKB2	RIN3	0.3333333333333333	C
NFKB2	RPS6KA1	0.3333333333333333	C
NFKB2	SORT1	0.3333333333333333	C
NFKB2	TACC2	0.3333333333333333	C
NFKB2	TAGLN2	0.3333333333333333	C
NFKB2	TCF7	0.3333333333333333	C
NFKB2	TMPRSS13	0.3333333333333333	C
CTCF	PITPNM1	0.3333333333333333	C
NFKB2	UBE2Z	0.3333333333333333	C
NFKB2	VANGL2	0.3333333333333333	C
NFKB2	VMP1	0.3333333333333333	C
NFKB2	WNT10A	0.3333333333333333	C
NFKB2	ZBTB7C	0.3333333333333333	C
NFKB2	ZNF827	0.3333333333333333	C
NFYA	FOSB	0.3333333333333333	C
NFYA	FBH1	0.3333333333333333	C
NFYA	FAM117A	0.3333333333333333	C
NFYA	EML2	0.3333333333333333	C
NFYA	EIF2AK3	0.3333333333333333	C
NFYA	DNAJB1	0.3333333333333333	C
NFKB2	PIK3R1	0.3333333333333333	C
NFYA	DHX34	0.3333333333333333	C
NFYA	CIRBP	0.3333333333333333	C
NFYA	CBX5	0.3333333333333333	C
NFYA	BRSK2	0.3333333333333333	C
NFYA	ANAPC5	0.3333333333333333	C
NFYA	AK2	0.3333333333333333	C
NFYA	ACIN1	0.3333333333333333	C
NFYA	COPZ1	0.3333333333333333	C
NFKB2	PDE4B	0.3333333333333333	C
CTCF	PLCB3	0.3333333333333333	C
NFKB2	NEK6	0.3333333333333333	C
NFKB2	ARHGAP24	0.3333333333333333	C
NFKB2	ANKRD33B	0.3333333333333333	C
NFKB2	ALPK1	0.3333333333333333	C
NFKB2	ABCA13	0.3333333333333333	C
NFKB1	ZNF217	0.3333333333333333	C
NFKB1	ZC3H18	0.3333333333333333	C
NFKB2	ARHGEF7	0.3333333333333333	C
NFKB1	XPO6	0.3333333333333333	C
NFKB1	VAV1	0.3333333333333333	C
NFKB1	VASP	0.3333333333333333	C
NFKB1	UXS1	0.3333333333333333	C
NFKB1	TNRC18	0.3333333333333333	C
NFKB1	TNIP1	0.3333333333333333	C
NFKB1	TMEM123	0.3333333333333333	C
NFKB1	VOPP1	0.3333333333333333	C
NFYA	GART	0.3333333333333333	C
NFKB2	BATF3	0.3333333333333333	C
NFKB2	BHLHE40	0.3333333333333333	C
NFKB2	MYO3B	0.3333333333333333	C
NFKB2	MKNK2	0.3333333333333333	C
NFKB2	MAOA	0.3333333333333333	C
NFKB2	LCP1	0.3333333333333333	C
NFKB2	KCNN1	0.3333333333333333	C
NFKB2	IL4R	0.3333333333333333	C
CTCF	PLCL2	0.3333333333333333	C
NFKB2	FNDC3B	0.3333333333333333	C
NFKB2	EPB41L2	0.3333333333333333	C
NFKB2	CYTH1	0.3333333333333333	C
NFKB2	CTSC	0.3333333333333333	C
NFKB2	CREB1	0.3333333333333333	C
NFKB2	CCL2	0.3333333333333333	C
NFKB2	CAMK1D	0.3333333333333333	C
NFKB2	ETV6	0.3333333333333333	C
NFYA	GNA12	0.3333333333333333	C
NFYA	HLA-DOA	0.3333333333333333	C
NFYA	HLA-DQA2	0.3333333333333333	C
NFYB	CKS2	0.3333333333333333	C
NFYB	CDK1	0.3333333333333333	C
NFYB	CCNB2	0.3333333333333333	C
CTCF	PFDN4	0.3333333333333333	C
NFYB	BRSK2	0.3333333333333333	C
NFYB	BFSP1	0.3333333333333333	C
NFYB	COQ10B	0.3333333333333333	C
NFYB	BAZ1B	0.3333333333333333	C
NFYB	AP2A1	0.3333333333333333	C
NFYB	AMN1	0.3333333333333333	C
NFYA	ZSWIM4	0.3333333333333333	C
NFYA	ZNF385A	0.3333333333333333	C
NFYA	WDR89	0.3333333333333333	C
NFYA	VPS37C	0.3333333333333333	C
NFYB	ATRIP	0.3333333333333333	C
NFYA	TTLL5	0.3333333333333333	C
NFYB	COQ8A	0.3333333333333333	C
NFYB	DLG3	0.3333333333333333	C
NFYB	KCNAB2	0.3333333333333333	C
NFYB	HNRNPDL	0.3333333333333333	C
NFYB	GNA12	0.3333333333333333	C
NFYB	GCNT2	0.3333333333333333	C
NFYB	FZD2	0.3333333333333333	C
NFYB	FDFT1	0.3333333333333333	C
CTCF	PDZD9	0.3333333333333333	C
NFYB	FCHO1	0.3333333333333333	C
NFYB	FADS1	0.3333333333333333	C
NFYB	EPB41	0.3333333333333333	C
NFYB	ELMO1	0.3333333333333333	C
NFYB	EIF2AK3	0.3333333333333333	C
NFYB	DPF1	0.3333333333333333	C
NFYB	DNAJB1	0.3333333333333333	C
NFYB	FAM117A	0.3333333333333333	C
NFKB1	TJP2	0.3333333333333333	C
NFYA	TTF2	0.3333333333333333	C
NFYA	THADA	0.3333333333333333	C
NFYA	PGAP2	0.3333333333333333	C
NFYA	OXSR1	0.3333333333333333	C
NFYA	NRL	0.3333333333333333	C
NFYA	NARF	0.3333333333333333	C
NFYA	MVK	0.3333333333333333	C
NFYA	MTMR12	0.3333333333333333	C
NFYA	PNRC1	0.3333333333333333	C
NFYA	MRTFA	0.3333333333333333	C
NFYA	LMNB1	0.3333333333333333	C
NFYA	KSR1	0.3333333333333333	C
NFYA	KCNAB2	0.3333333333333333	C
NFYA	HSD17B12	0.3333333333333333	C
NFYA	HNRNPA1	0.3333333333333333	C
NFYA	HLA-DRA	0.3333333333333333	C
NFYA	MKNK2	0.3333333333333333	C
NFYA	TP53BP1	0.3333333333333333	C
NFYA	PPP2R5C	0.3333333333333333	C
NFYA	PRPF31	0.3333333333333333	C
NFYA	TBC1D31	0.3333333333333333	C
NFYA	SS18L2	0.3333333333333333	C
NFYA	SLC27A1	0.3333333333333333	C
NFYA	SIRT2	0.3333333333333333	C
NFYA	SETD5	0.3333333333333333	C
NFYA	SEPTIN9	0.3333333333333333	C
NFYA	PRKD2	0.3333333333333333	C
NFYA	SEC31B	0.3333333333333333	C
NFYA	RHOF	0.3333333333333333	C
NFYA	RBM15	0.3333333333333333	C
NFYA	RASGEF1C	0.3333333333333333	C
NFYA	RAB11B	0.3333333333333333	C
NFYA	PTBP1	0.3333333333333333	C
NFYA	PRPF40B	0.3333333333333333	C
NFYA	RPS6KA5	0.3333333333333333	C
NFYB	KCNB1	0.3333333333333333	C
NFKB1	TAGLN2	0.3333333333333333	C
NFKB1	STK10	0.3333333333333333	C
NFIC	GFOD1	0.3333333333333333	C
NFIC	GOT1	0.3333333333333333	C
NFIC	GPD2	0.3333333333333333	C
NFIC	GSN	0.3333333333333333	C
NFIC	ITPR1	0.3333333333333333	C
NFIC	KIAA1217	0.3333333333333333	C
NFIC	LAMA5	0.3333333333333333	C
NFIC	LAMC1	0.3333333333333333	C
NFIC	LMNA	0.3333333333333333	C
NFIC	LMO7	0.3333333333333333	C
NFIC	MAP3K14	0.3333333333333333	C
NFIC	MAPKAP1	0.3333333333333333	C
NFIC	MGLL	0.3333333333333333	C
NFIC	MYLK	0.3333333333333333	C
NFIC	NAV1	0.3333333333333333	C
NFIC	NCOR2	0.3333333333333333	C
NFIC	NIBAN1	0.3333333333333333	C
NFIC	RERE	0.3333333333333333	C
NFIC	RAPGEF5	0.3333333333333333	C
NFIC	RAPGEF4	0.3333333333333333	C
NFIC	RAPGEF1	0.3333333333333333	C
NFIC	RABGAP1L	0.3333333333333333	C
NFIC	PRKAG2	0.3333333333333333	C
NFIC	FTO	0.3333333333333333	C
NFIC	PREX1	0.3333333333333333	C
NFIC	PIK3R1	0.3333333333333333	C
NFIC	PHLDB2	0.3333333333333333	C
NFIC	PDZRN3	0.3333333333333333	C
NFIC	PARD3	0.3333333333333333	C
NFIC	PALLD	0.3333333333333333	C
NFIC	NREP	0.3333333333333333	C
NFIC	PLAT	0.3333333333333333	C
NFIC	FRMD4B	0.3333333333333333	C
NFIC	FERMT2	0.3333333333333333	C
NFIC	ERGIC1	0.3333333333333333	C
NR3C1	NFIA	0.3333333333333333	C
NFE2L2	ZSCAN31	0.3333333333333333	C
NFE2L2	ZFAND2A	0.3333333333333333	C
NFE2L2	WWTR1	0.3333333333333333	C
NFE2L2	UTP11	0.3333333333333333	C
NFE2L2	UBE2D3	0.3333333333333333	C
NFIC	AFAP1L2	0.3333333333333333	C
NFE2L2	UBC	0.3333333333333333	C
NFE2L2	TNS1	0.3333333333333333	C
NFE2L2	TJP2	0.3333333333333333	C
NFE2L2	TBC1D14	0.3333333333333333	C
NFE2L2	STAT6	0.3333333333333333	C
NFE2L2	SORBS1	0.3333333333333333	C
NFE2L2	SMYD3	0.3333333333333333	C
NFE2L2	TPD52L1	0.3333333333333333	C
NFIC	SEPTIN9	0.3333333333333333	C
NFIC	ANO6	0.3333333333333333	C
NFIC	ARHGEF10L	0.3333333333333333	C
NFIC	ERC1	0.3333333333333333	C
NFIC	EPB41L2	0.3333333333333333	C
NFIC	EPAS1	0.3333333333333333	C
NFIC	ECE1	0.3333333333333333	C
NFIC	DTNB	0.3333333333333333	C
NFIC	DPF3	0.3333333333333333	C
CTCF	PRDM8	0.3333333333333333	C
NFIC	DNAJB12	0.3333333333333333	C
NFIC	CYTH1	0.3333333333333333	C
NFIC	CTIF	0.3333333333333333	C
NFIC	CDC42EP4	0.3333333333333333	C
NFIC	CD44	0.3333333333333333	C
NFIC	CAPN2	0.3333333333333333	C
NFIC	CALD1	0.3333333333333333	C
NFIC	DLC1	0.3333333333333333	C
NFIC	SH3KBP1	0.3333333333333333	C
NFIC	SHROOM3	0.3333333333333333	C
NFIC	SORBS1	0.3333333333333333	C
NFKB1	MICAL3	0.3333333333333333	C
NFKB1	MEF2D	0.3333333333333333	C
NFKB1	MED15	0.3333333333333333	C
NFKB1	LRP1	0.3333333333333333	C
NFKB1	LMNA	0.3333333333333333	C
NFKB1	LDLRAD4	0.3333333333333333	C
NFKB1	MKNK2	0.3333333333333333	C
NFKB1	LCP1	0.3333333333333333	C
CTCF	PLEKHG4	0.3333333333333333	C
NFKB1	IGF2R	0.3333333333333333	C
NFKB1	IFNGR2	0.3333333333333333	C
NFKB1	IFNA14	0.3333333333333333	C
NFKB1	HNRNPF	0.3333333333333333	C
NFKB1	HNRNPAB	0.3333333333333333	C
NFKB1	KCNAB2	0.3333333333333333	C
NFKB1	HIVEP1	0.3333333333333333	C
NFKB1	MYH9	0.3333333333333333	C
NFKB1	NEK6	0.3333333333333333	C
NFKB1	STAT3	0.3333333333333333	C
NFKB1	SSH1	0.3333333333333333	C
NFKB1	SRPK2	0.3333333333333333	C
NFKB1	SNX25	0.3333333333333333	C
NFKB1	SLC35F2	0.3333333333333333	C
NFKB1	SERPINB6	0.3333333333333333	C
NFKB1	NCOA1	0.3333333333333333	C
NFKB1	RFTN1	0.3333333333333333	C
NFKB1	RALB	0.3333333333333333	C
NFKB1	RAB7A	0.3333333333333333	C
NFKB1	PTDSS1	0.3333333333333333	C
NFKB1	PRRC2B	0.3333333333333333	C
NFKB1	PKM	0.3333333333333333	C
NFKB1	NFIB	0.3333333333333333	C
NFKB1	RARA	0.3333333333333333	C
NFKB1	STK24	0.3333333333333333	C
NFKB1	GNA12	0.3333333333333333	C
CTCF	POP7	0.3333333333333333	C
NFIC	WWTR1	0.3333333333333333	C
NFIC	WIPF1	0.3333333333333333	C
NFIC	VPS13D	0.3333333333333333	C
NFIC	TTLL5	0.3333333333333333	C
CTCF	PPP1R14A	0.3333333333333333	C
NFIC	TNS3	0.3333333333333333	C
NFIC	XYLT1	0.3333333333333333	C
CTCF	PRAME	0.3333333333333333	C
NFIC	TMEM131L	0.3333333333333333	C
NFIC	TLN2	0.3333333333333333	C
NFIC	THSD4	0.3333333333333333	C
NFIC	TGFBR3	0.3333333333333333	C
NFIC	SYNPO	0.3333333333333333	C
NFIC	SVIL	0.3333333333333333	C
NFIC	TNC	0.3333333333333333	C
CTCF	POLR1F	0.3333333333333333	C
NFIC	ZMIZ1	0.3333333333333333	C
NFKB1	ADAP1	0.3333333333333333	C
NFKB1	FNDC3B	0.3333333333333333	C
NFKB1	EHD1	0.3333333333333333	C
NFKB1	CTSC	0.3333333333333333	C
NFKB1	CTNNA1	0.3333333333333333	C
CTCF	PPFIA4	0.3333333333333333	C
CTCF	PPIL4	0.3333333333333333	C
NFKB1	ACTB	0.3333333333333333	C
NFKB1	BCOR	0.3333333333333333	C
CTCF	PPM1F	0.3333333333333333	C
NFKB1	ARHGAP24	0.3333333333333333	C
NFKB1	ARHGAP21	0.3333333333333333	C
NFKB1	ANKRD33B	0.3333333333333333	C
NFKB1	AFAP1	0.3333333333333333	C
NFKB1	ADGRE5	0.3333333333333333	C
NFKB1	ATP11C	0.3333333333333333	C
NFYB	KLHL25	0.3333333333333333	C
NFYB	LBR	0.3333333333333333	C
NFYB	LINS1	0.3333333333333333	C
NR2F1	PEPD	0.3333333333333333	C
NR2F1	PHACTR3	0.3333333333333333	C
NR2F1	PLXNA2	0.3333333333333333	C
NR2F1	PLXND1	0.3333333333333333	C
NR2F1	PRKAR1B	0.3333333333333333	C
NR2F1	RHBDF2	0.3333333333333333	C
NR2F1	RIPOR3	0.3333333333333333	C
NR2F1	ROR2	0.3333333333333333	C
NR2F1	SDK2	0.3333333333333333	C
NR2F1	SULF2	0.3333333333333333	C
NR2F1	SULT2B1	0.3333333333333333	C
NR2F1	SYNJ2	0.3333333333333333	C
NR2F1	TACC2	0.3333333333333333	C
NR2F1	TNK2	0.3333333333333333	C
NR2F1	TOP1MT	0.3333333333333333	C
NR2F1	TPCN1	0.3333333333333333	C
NR2F1	UBAC1	0.3333333333333333	C
NR2F2	COL5A1	0.3333333333333333	C
NR2F2	CHD9	0.3333333333333333	C
NR2F2	CDYL	0.3333333333333333	C
NR2F2	C6	0.3333333333333333	C
NR2F2	ATP2B1	0.3333333333333333	C
NR2F2	ASAP1	0.3333333333333333	C
NR2F1	PDXK	0.3333333333333333	C
CTCF	PARP3	0.3333333333333333	C
NR2F2	AMPD3	0.3333333333333333	C
NR2F2	ALB	0.3333333333333333	C
CTCF	PCDHB9	0.3333333333333333	C
NR2F1	ZNF469	0.3333333333333333	C
NR2F1	ZFYVE28	0.3333333333333333	C
NR2F1	UNKL	0.3333333333333333	C
NR2F2	ANXA4	0.3333333333333333	C
NR2F1	PALM	0.3333333333333333	C
NR2F1	PAK4	0.3333333333333333	C
NR2F1	OSBPL5	0.3333333333333333	C
NR2F1	FBLN1	0.3333333333333333	C
NR2F1	EHMT1	0.3333333333333333	C
NR2F1	CTIF	0.3333333333333333	C
NR2F1	CTBP2	0.3333333333333333	C
NR2F1	CRB2	0.3333333333333333	C
NR2F1	CPNE7	0.3333333333333333	C
NR2F1	FGD5	0.3333333333333333	C
NR2F1	COL5A1	0.3333333333333333	C
NR2F1	BRSK2	0.3333333333333333	C
NR2F1	BEGAIN	0.3333333333333333	C
NR2F1	ATP2B3	0.3333333333333333	C
NR2F1	ATP11A	0.3333333333333333	C
NR2F1	ARHGEF4	0.3333333333333333	C
NR2F1	ARHGEF2	0.3333333333333333	C
NR2F1	COL27A1	0.3333333333333333	C
NR2F2	CPED1	0.3333333333333333	C
NR2F1	FLT4	0.3333333333333333	C
NR2F1	GDPD5	0.3333333333333333	C
NR2F1	NRXN2	0.3333333333333333	C
NR2F1	NEK6	0.3333333333333333	C
NR2F1	MYO18A	0.3333333333333333	C
NR2F1	MIDEAS	0.3333333333333333	C
NR2F1	MAD1L1	0.3333333333333333	C
NR2F1	LRP1	0.3333333333333333	C
NR2F1	FSCN1	0.3333333333333333	C
NR2F1	LINGO1	0.3333333333333333	C
NR2F1	KCNAB2	0.3333333333333333	C
NR2F1	KAZN	0.3333333333333333	C
NR2F1	IQSEC1	0.3333333333333333	C
NR2F1	HDAC7	0.3333333333333333	C
NR2F1	GRAMD4	0.3333333333333333	C
NR2F1	GPSM1	0.3333333333333333	C
NR2F1	KIF21B	0.3333333333333333	C
NR2F2	DAAM1	0.3333333333333333	C
NR2F2	DLC1	0.3333333333333333	C
NR2F2	DNAJC6	0.3333333333333333	C
NR2F2	ZFPM2	0.3333333333333333	C
NR2F2	ZFHX3	0.3333333333333333	C
NR2F2	UTRN	0.3333333333333333	C
NR2F2	TPCN1	0.3333333333333333	C
NR2F2	TNRC18	0.3333333333333333	C
NR2F2	TMSB4X	0.3333333333333333	C
NR2F6	AFF1	0.3333333333333333	C
CTCF	OTUD3	0.3333333333333333	C
NR2F2	TBC1D14	0.3333333333333333	C
NR2F2	TBC1D1	0.3333333333333333	C
NR2F2	SYNJ2	0.3333333333333333	C
NR2F2	SPTBN1	0.3333333333333333	C
NR2F2	SH3BP5	0.3333333333333333	C
NR2F2	RGS3	0.3333333333333333	C
NR2F2	TCF4	0.3333333333333333	C
CTCF	OXNAD1	0.3333333333333333	C
CTCF	OTOA	0.3333333333333333	C
NR2F6	ARID5B	0.3333333333333333	C
NR2F6	PLCB1	0.3333333333333333	C
NR2F6	PHACTR2	0.3333333333333333	C
NR2F6	OSBPL10	0.3333333333333333	C
NR2F6	MYO18A	0.3333333333333333	C
NR2F6	MVK	0.3333333333333333	C
NR2F6	LSM4	0.3333333333333333	C
NR2F6	ARHGEF16	0.3333333333333333	C
NR2F6	KSR1	0.3333333333333333	C
NR2F6	HIVEP2	0.3333333333333333	C
NR2F6	GRAMD4	0.3333333333333333	C
NR2F6	GPT2	0.3333333333333333	C
NR2F6	CCDC12	0.3333333333333333	C
NR2F6	ATP2B2	0.3333333333333333	C
NR2F6	ASPSCR1	0.3333333333333333	C
NR2F6	IMPA2	0.3333333333333333	C
NR2F1	ARHGEF1	0.3333333333333333	C
NR2F2	RBPMS	0.3333333333333333	C
NR2F2	PTK2	0.3333333333333333	C
NR2F2	KRT8	0.3333333333333333	C
NR2F2	KCNMA1	0.3333333333333333	C
NR2F2	ITGB5	0.3333333333333333	C
NR2F2	HSPG2	0.3333333333333333	C
NR2F2	HSPB1	0.3333333333333333	C
NR2F2	HMCN1	0.3333333333333333	C
NR2F2	LGR4	0.3333333333333333	C
NR2F2	HDAC7	0.3333333333333333	C
NR2F2	GNA12	0.3333333333333333	C
NR2F2	FYN	0.3333333333333333	C
NR2F2	FOXP1	0.3333333333333333	C
NR2F2	FBLN1	0.3333333333333333	C
CTCF	PARP10	0.3333333333333333	C
NR2F2	EPB41L1	0.3333333333333333	C
NR2F2	GSN	0.3333333333333333	C
NR2F2	RBM47	0.3333333333333333	C
NR2F2	LPP	0.3333333333333333	C
NR2F2	MYH9	0.3333333333333333	C
NR2F2	PTGIS	0.3333333333333333	C
NR2F2	PRICKLE2	0.3333333333333333	C
NR2F2	PLXNA2	0.3333333333333333	C
NR2F2	PLCB1	0.3333333333333333	C
NR2F2	PIP4K2A	0.3333333333333333	C
NR2F2	PDGFRB	0.3333333333333333	C
NR2F2	LTBP1	0.3333333333333333	C
NR2F2	PBX1	0.3333333333333333	C
NR2F2	PACSIN2	0.3333333333333333	C
NR2F2	OSBPL10	0.3333333333333333	C
NR2F2	NFIB	0.3333333333333333	C
NR2F2	NFIA	0.3333333333333333	C
NR2F2	NEDD9	0.3333333333333333	C
NR2F2	MYLK	0.3333333333333333	C
NR2F2	PARD3B	0.3333333333333333	C
NR2F1	AHDC1	0.3333333333333333	C
NR2F1	AGPAT3	0.3333333333333333	C
NR2F1	ADGRG1	0.3333333333333333	C
NR1H3	ABCD1	0.3333333333333333	C
NR1H2	TBC1D1	0.3333333333333333	C
NR1H2	SQSTM1	0.3333333333333333	C
CTCF	PDE5A	0.3333333333333333	C
NR1H2	NCOR2	0.3333333333333333	C
NR1H2	MNT	0.3333333333333333	C
NR1H3	KIAA1217	0.3333333333333333	C
CTCF	PDIA6	0.3333333333333333	C
NR1H2	DNAJB12	0.3333333333333333	C
NR1H2	CDC42EP4	0.3333333333333333	C
NFYC	HLA-DRA	0.3333333333333333	C
NFYC	HLA-DQA2	0.3333333333333333	C
NFYB	ZNF608	0.3333333333333333	C
NFYB	VIPR1	0.3333333333333333	C
NR1H2	EIF1	0.3333333333333333	C
NFYB	VCP	0.3333333333333333	C
NR1H3	RNF145	0.3333333333333333	C
NR2C2	ACBD3	0.3333333333333333	C
NR2C2	CHMP4B	0.3333333333333333	C
NR2C2	CFAP61	0.3333333333333333	C
NR2C2	CCDC71	0.3333333333333333	C
NR2C2	CCDC51	0.3333333333333333	C
NR2C2	CCDC146	0.3333333333333333	C
NR2C2	BRD9	0.3333333333333333	C
NR1H3	TMEM135	0.3333333333333333	C
NR2C2	BAZ1B	0.3333333333333333	C
NR2C2	ASB8	0.3333333333333333	C
NR2C2	ANXA11	0.3333333333333333	C
NR2C2	ANKIB1	0.3333333333333333	C
NR2C2	ANAPC15	0.3333333333333333	C
NR2C2	AGPS	0.3333333333333333	C
NR2C2	ADGRF3	0.3333333333333333	C
NR2C2	ATP11A	0.3333333333333333	C
NR2C2	CLUH	0.3333333333333333	C
NFYB	UVRAG	0.3333333333333333	C
NFYB	UBP1	0.3333333333333333	C
NFYB	OTULINL	0.3333333333333333	C
NFYB	OSBPL9	0.3333333333333333	C
NFYB	NUCB2	0.3333333333333333	C
NFYB	NEK7	0.3333333333333333	C
NFYB	NCEH1	0.3333333333333333	C
NFYB	MRTFA	0.3333333333333333	C
NFYB	PAK4	0.3333333333333333	C
NFYB	MPHOSPH9	0.3333333333333333	C
NFYB	MKRN1	0.3333333333333333	C
NFYB	MKNK2	0.3333333333333333	C
NFYB	MBNL1	0.3333333333333333	C
NFYB	MAT2B	0.3333333333333333	C
NFYB	LYPLA1	0.3333333333333333	C
NFYB	LIPA	0.3333333333333333	C
NFYB	MLEC	0.3333333333333333	C
NFYB	UHRF1	0.3333333333333333	C
NFYB	PASK	0.3333333333333333	C
NFYB	PEX16	0.3333333333333333	C
NFYB	TXNRD1	0.3333333333333333	C
NFYB	TXNIP	0.3333333333333333	C
NFYB	TMEM245	0.3333333333333333	C
NFYB	TMEM14C	0.3333333333333333	C
NFYB	TBC1D31	0.3333333333333333	C
NFYB	SSBP3	0.3333333333333333	C
NFYB	PDIA4	0.3333333333333333	C
NFYB	SRRM1	0.3333333333333333	C
NFYB	SLC27A1	0.3333333333333333	C
NFYB	SEC22C	0.3333333333333333	C
NFYB	RHOQ	0.3333333333333333	C
NFYB	RHOF	0.3333333333333333	C
NFYB	RGS3	0.3333333333333333	C
NFYB	PRDM11	0.3333333333333333	C
NFYB	SOD2	0.3333333333333333	C
NR2F6	PTPRF	0.3333333333333333	C
NR2C2	CNOT9	0.3333333333333333	C
NR2C2	DDX42	0.3333333333333333	C
NR2C2	TBC1D22A	0.3333333333333333	C
NR2C2	SRCAP	0.3333333333333333	C
NR2C2	SPPL2B	0.3333333333333333	C
NR2C2	SNRPF	0.3333333333333333	C
ESR2	UBE2I	0.3333333333333333	C
NR2C2	SKIDA1	0.3333333333333333	C
NR2C2	TMA7	0.3333333333333333	C
NR2C2	SELENOI	0.3333333333333333	C
NR2C2	SAP18	0.3333333333333333	C
NR2C2	RPS6KC1	0.3333333333333333	C
NR2C2	RPS3A	0.3333333333333333	C
NR2C2	RPS21	0.3333333333333333	C
NR2C2	RPRD1B	0.3333333333333333	C
NR2C2	RAB11FIP2	0.3333333333333333	C
NR2C2	SCNM1	0.3333333333333333	C
NR2C2	PTAR1	0.3333333333333333	C
NR2C2	TMCO1	0.3333333333333333	C
NR2C2	TNRC6A	0.3333333333333333	C
NR2F1	ADAP1	0.3333333333333333	C
NR2F1	ABCA2	0.3333333333333333	C
CTCF	PCNX3	0.3333333333333333	C
CTCF	PCSK7	0.3333333333333333	C
NR2C2	ZNF513	0.3333333333333333	C
NR2C2	ZNF3	0.3333333333333333	C
NR2C2	TMEM248	0.3333333333333333	C
NR2C2	WTAP	0.3333333333333333	C
NR2C2	USP37	0.3333333333333333	C
NR2C2	TXNL1	0.3333333333333333	C
NR2C2	TTI1	0.3333333333333333	C
NR2C2	TTC31	0.3333333333333333	C
NR2C2	TRIP13	0.3333333333333333	C
NR2C2	TOMM40	0.3333333333333333	C
NR2C2	VPS13D	0.3333333333333333	C
NR2C2	CWC15	0.3333333333333333	C
NR2C2	PRPF40A	0.3333333333333333	C
NR2C2	PHF12	0.3333333333333333	C
NR2C2	KRIT1	0.3333333333333333	C
NR2C2	KMT5A	0.3333333333333333	C
NR2C2	KDM5A	0.3333333333333333	C
NR2C2	KDM4D	0.3333333333333333	C
NR2C2	IMPACT	0.3333333333333333	C
NR2C2	GPATCH8	0.3333333333333333	C
NR2C2	LSM7	0.3333333333333333	C
NR2C2	GOLGB1	0.3333333333333333	C
NR2C2	FAM193B	0.3333333333333333	C
NR2C2	EIF3M	0.3333333333333333	C
NR2C2	EHMT1	0.3333333333333333	C
NR2C2	EBAG9	0.3333333333333333	C
NR2C2	DUS1L	0.3333333333333333	C
NR2C2	DICER1	0.3333333333333333	C
NR2C2	GCN1	0.3333333333333333	C
NR2C2	PPIH	0.3333333333333333	C
NR2C2	MAP3K11	0.3333333333333333	C
NR2C2	MRPL20	0.3333333333333333	C
NR2C2	PCBP1	0.3333333333333333	C
NR2C2	PARPBP	0.3333333333333333	C
NR2C2	PAK4	0.3333333333333333	C
NR2C2	NUP37	0.3333333333333333	C
NR2C2	NUP107	0.3333333333333333	C
NR2C2	NOL7	0.3333333333333333	C
NR2C2	MAPKAP1	0.3333333333333333	C
NR2C2	NFXL1	0.3333333333333333	C
NR2C2	NDUFS6	0.3333333333333333	C
NR2C2	NDUFB7	0.3333333333333333	C
NR2C2	NDUFAF6	0.3333333333333333	C
NR2C2	NAA50	0.3333333333333333	C
NR2C2	MRPS28	0.3333333333333333	C
NR2C2	MRPL33	0.3333333333333333	C
NR2C2	NFE2L2	0.3333333333333333	C
HNF4A	DNMT3B	0.3333333333333333	C
MEIS2	DNM2	0.3333333333333333	C
MEIS2	CORO1C	0.3333333333333333	C
IRF2	NFE2L2	0.3333333333333333	C
IRF2	NFIC	0.3333333333333333	C
IRF2	NFIX	0.3333333333333333	C
CEBPB	LEP	0.3333333333333333	C
IRF2	NOD1	0.3333333333333333	C
E2F1	ENOSF1	0.3333333333333333	C
IRF2	NUB1	0.3333333333333333	C
IRF2	PARP14	0.3333333333333333	C
IRF2	PATL1	0.3333333333333333	C
IRF2	PER1	0.3333333333333333	C
IRF2	PLAAT4	0.3333333333333333	C
IRF2	PNRC2	0.3333333333333333	C
IRF2	PRKD2	0.3333333333333333	C
IRF2	PRPSAP1	0.3333333333333333	C
IRF2	PTMA	0.3333333333333333	C
IRF2	PTPN12	0.3333333333333333	C
IRF2	RNF111	0.3333333333333333	C
IRF2	WDR74	0.3333333333333333	C
IRF2	UBR2	0.3333333333333333	C
IRF2	UBE2L6	0.3333333333333333	C
IRF2	UBE2D3	0.3333333333333333	C
IRF2	TGIF1	0.3333333333333333	C
IRF2	TASOR2	0.3333333333333333	C
IRF2	MICB	0.3333333333333333	C
IRF2	TAL1	0.3333333333333333	C
IRF2	SRBD1	0.3333333333333333	C
IRF2	SP140L	0.3333333333333333	C
IRF2	SOCS1	0.3333333333333333	C
IRF2	SLC25A22	0.3333333333333333	C
IRF2	SEMA4C	0.3333333333333333	C
IRF2	SEMA4B	0.3333333333333333	C
IRF2	ST6GAL1	0.3333333333333333	C
IRF2	MDK	0.3333333333333333	C
IRF2	MAX	0.3333333333333333	C
IRF2	KLHL8	0.3333333333333333	C
IRF2	DDX3X	0.3333333333333333	C
IRF2	CEP128	0.3333333333333333	C
E2F1	EPM2AIP1	0.3333333333333333	C
IRF2	BTN3A3	0.3333333333333333	C
IRF2	BTN3A1	0.3333333333333333	C
IRF2	BBC3	0.3333333333333333	C
IRF2	DPYSL2	0.3333333333333333	C
IRF2	ATF1	0.3333333333333333	C
E2F1	EPS8	0.3333333333333333	C
IRF2	APOL2	0.3333333333333333	C
IRF2	AFF1	0.3333333333333333	C
E2F1	ERGIC1	0.3333333333333333	C
IRF1	ZC3HAV1	0.3333333333333333	C
IRF1	VMP1	0.3333333333333333	C
IRF2	ARID1B	0.3333333333333333	C
IRF2	ZC3HAV1	0.3333333333333333	C
IRF2	FAM111A	0.3333333333333333	C
IRF2	FANCA	0.3333333333333333	C
IRF2	ISG15	0.3333333333333333	C
IRF2	ING1	0.3333333333333333	C
IRF2	IL1R1	0.3333333333333333	C
IRF2	IL15RA	0.3333333333333333	C
IRF2	IKZF4	0.3333333333333333	C
IRF2	IFIT3	0.3333333333333333	C
IRF2	FAM13A	0.3333333333333333	C
IRF2	HOXB3	0.3333333333333333	C
IRF2	GPBP1L1	0.3333333333333333	C
IRF2	GALK2	0.3333333333333333	C
IRF2	GAB1	0.3333333333333333	C
IRF2	FOXP1	0.3333333333333333	C
IRF2	FMR1	0.3333333333333333	C
IRF2	FLT3LG	0.3333333333333333	C
IRF2	HNRNPF	0.3333333333333333	C
IRF2	ZEB2	0.3333333333333333	C
IRF2	ZFP36	0.3333333333333333	C
IRF2	ZNF250	0.3333333333333333	C
IRF3	RFX1	0.3333333333333333	C
IRF3	RAB4B	0.3333333333333333	C
IRF3	RAB11B	0.3333333333333333	C
IRF3	PRPF31	0.3333333333333333	C
IRF3	PHPT1	0.3333333333333333	C
IRF3	PABPN1	0.3333333333333333	C
IRF3	RHPN1	0.3333333333333333	C
IRF3	NUBP2	0.3333333333333333	C
IRF3	MVD	0.3333333333333333	C
IRF3	MED24	0.3333333333333333	C
IRF3	LRRC45	0.3333333333333333	C
IRF3	LMBR1L	0.3333333333333333	C
IRF3	KMT5C	0.3333333333333333	C
IRF3	KMT5A	0.3333333333333333	C
IRF3	NARF	0.3333333333333333	C
IRF3	MATCAP1	0.3333333333333333	C
IRF3	RPL18A	0.3333333333333333	C
IRF3	SLC25A28	0.3333333333333333	C
IRF3	ZNF875	0.3333333333333333	C
IRF3	ZNF775	0.3333333333333333	C
IRF3	ZNF691	0.3333333333333333	C
IRF3	ZNF574	0.3333333333333333	C
IRF3	XRCC3	0.3333333333333333	C
IRF3	WBP1	0.3333333333333333	C
IRF3	SHARPIN	0.3333333333333333	C
IRF3	TYK2	0.3333333333333333	C
IRF3	TPCN1	0.3333333333333333	C
IRF3	TMEM94	0.3333333333333333	C
IRF3	TMEM161A	0.3333333333333333	C
IRF3	TMEM160	0.3333333333333333	C
IRF3	TEPSIN	0.3333333333333333	C
IRF3	TCF3	0.3333333333333333	C
IRF3	TRAF2	0.3333333333333333	C
IRF1	UTRN	0.3333333333333333	C
IRF3	KCNAB2	0.3333333333333333	C
IRF3	H2BC5	0.3333333333333333	C
IRF3	BST2	0.3333333333333333	C
IRF3	BCAS3	0.3333333333333333	C
IRF3	BABAM1	0.3333333333333333	C
IRF3	ARL16	0.3333333333333333	C
IRF3	APOBEC3G	0.3333333333333333	C
E2F1	EIF5	0.3333333333333333	C
IRF3	CCDC61	0.3333333333333333	C
IRF3	APOBEC3C	0.3333333333333333	C
IRF3	AKAP8L	0.3333333333333333	C
IRF3	ABHD2	0.3333333333333333	C
IRF3	ABCB9	0.3333333333333333	C
IRF2	ZNF93	0.3333333333333333	C
IRF2	ZNF566	0.3333333333333333	C
ZNF263	IRF2	0.3333333333333333	C
IRF3	ANKRD23	0.3333333333333333	C
IRF3	HGS	0.3333333333333333	C
IRF3	CDCA3	0.3333333333333333	C
IRF3	CLK3	0.3333333333333333	C
IRF3	GTPBP6	0.3333333333333333	C
IRF3	GTF3C5	0.3333333333333333	C
IRF3	GPR108	0.3333333333333333	C
IRF3	GLCCI1	0.3333333333333333	C
IRF3	FOXK2	0.3333333333333333	C
IRF3	FBXO24	0.3333333333333333	C
IRF3	CEP131	0.3333333333333333	C
IRF3	ERCC2	0.3333333333333333	C
IRF3	DCAF15	0.3333333333333333	C
IRF3	CYTH2	0.3333333333333333	C
IRF3	CREB3L4	0.3333333333333333	C
IRF3	CRAMP1	0.3333333333333333	C
IRF3	CNPY3	0.3333333333333333	C
IRF3	CNOT3	0.3333333333333333	C
IRF3	DDX39A	0.3333333333333333	C
IRF4	AFF1	0.3333333333333333	C
IRF1	UGCG	0.3333333333333333	C
IRF1	TRANK1	0.3333333333333333	C
HSF1	MPRIP	0.3333333333333333	C
HSF1	MROH1	0.3333333333333333	C
HSF1	MYH9	0.3333333333333333	C
E2F1	FCHO2	0.3333333333333333	C
HSF1	OSBPL3	0.3333333333333333	C
HSF1	PACS2	0.3333333333333333	C
HSF1	PARP12	0.3333333333333333	C
HSF1	PDXK	0.3333333333333333	C
HSF1	PEMT	0.3333333333333333	C
HSF1	PKIG	0.3333333333333333	C
HSF1	POLRMT	0.3333333333333333	C
HSF1	PPP2R2C	0.3333333333333333	C
HSF1	PRPF31	0.3333333333333333	C
HSF1	PTPA	0.3333333333333333	C
HSF1	RAI1	0.3333333333333333	C
HSF1	RALGDS	0.3333333333333333	C
HSF1	RANBP3	0.3333333333333333	C
IKZF1	CDYL	0.3333333333333333	C
IKZF1	ATP8B4	0.3333333333333333	C
IKZF1	ARID1A	0.3333333333333333	C
IKZF1	ARHGAP18	0.3333333333333333	C
HSF1	ZMYND8	0.3333333333333333	C
HSF1	UVSSA	0.3333333333333333	C
E2F1	FGFBP3	0.3333333333333333	C
HSF1	TNK2	0.3333333333333333	C
HSF1	TBC1D14	0.3333333333333333	C
HSF1	SNED1	0.3333333333333333	C
HSF1	SLC45A4	0.3333333333333333	C
HSF1	SLC38A10	0.3333333333333333	C
HSF1	SEC14L1	0.3333333333333333	C
HSF1	RBFOX3	0.3333333333333333	C
HSF1	TBCD	0.3333333333333333	C
HSF1	MED15	0.3333333333333333	C
HSF1	MCF2L	0.3333333333333333	C
HSF1	MAP2K2	0.3333333333333333	C
HSF1	ENGASE	0.3333333333333333	C
HSF1	ELL	0.3333333333333333	C
HSF1	DNAJB6	0.3333333333333333	C
E2F1	FLYWCH1	0.3333333333333333	C
HSF1	DLGAP4	0.3333333333333333	C
HSF1	CSNK1G2	0.3333333333333333	C
HSF1	EXD3	0.3333333333333333	C
HSF1	CRTC1	0.3333333333333333	C
HSF1	CDH4	0.3333333333333333	C
HSF1	CBX3	0.3333333333333333	C
HSF1	CARD11	0.3333333333333333	C
HSF1	CACNA1A	0.3333333333333333	C
HSF1	BRI3	0.3333333333333333	C
HSF1	BRF1	0.3333333333333333	C
HSF1	CMIP	0.3333333333333333	C
IKZF1	CHST11	0.3333333333333333	C
HSF1	FBRSL1	0.3333333333333333	C
HSF1	GLI2	0.3333333333333333	C
HSF1	LTBP4	0.3333333333333333	C
HSF1	KLHL25	0.3333333333333333	C
HSF1	JSRP1	0.3333333333333333	C
HSF1	IRF4	0.3333333333333333	C
HSF1	INTS1	0.3333333333333333	C
HSF1	IER5	0.3333333333333333	C
HSF1	GAK	0.3333333333333333	C
HSF1	HSPH1	0.3333333333333333	C
HSF1	HSPA1L	0.3333333333333333	C
HSF1	HNRNPA2B1	0.3333333333333333	C
HSF1	HMGB1	0.3333333333333333	C
HSF1	HIVEP3	0.3333333333333333	C
HSF1	GPSM1	0.3333333333333333	C
HSF1	GNA12	0.3333333333333333	C
HSF1	HSPA8	0.3333333333333333	C
IKZF1	CYRIB	0.3333333333333333	C
IKZF1	DOCK11	0.3333333333333333	C
IKZF1	ELF4	0.3333333333333333	C
IRF1	LITAF	0.3333333333333333	C
KLF6	IRF1	0.3333333333333333	C
IRF1	ISG15	0.3333333333333333	C
E2F1	FANCC	0.3333333333333333	C
IRF1	FKBP5	0.3333333333333333	C
E2F1	FAT1	0.3333333333333333	C
IRF1	MIDEAS	0.3333333333333333	C
IRF1	ETS2	0.3333333333333333	C
IRF1	DDX60L	0.3333333333333333	C
IRF1	CDK6	0.3333333333333333	C
IRF1	CD47	0.3333333333333333	C
IRF1	BHLHE40	0.3333333333333333	C
IRF1	BCL3	0.3333333333333333	C
IRF1	APOL3	0.3333333333333333	C
IRF1	ELF4	0.3333333333333333	C
E2F1	FBXO9	0.3333333333333333	C
IRF1	NEDD9	0.3333333333333333	C
IRF1	NMI	0.3333333333333333	C
IRF1	TGFB2	0.3333333333333333	C
IRF1	TCF7L2	0.3333333333333333	C
IRF1	TASOR2	0.3333333333333333	C
IRF1	SMAD3	0.3333333333333333	C
IRF1	SH3BP2	0.3333333333333333	C
IRF1	SEMA4B	0.3333333333333333	C
IRF1	NFKBIZ	0.3333333333333333	C
IRF1	SECTM1	0.3333333333333333	C
IRF1	RGS3	0.3333333333333333	C
IRF1	RARA	0.3333333333333333	C
IRF1	RABGAP1L	0.3333333333333333	C
IRF1	PRKD2	0.3333333333333333	C
IRF1	PIM1	0.3333333333333333	C
IRF1	PHF3	0.3333333333333333	C
IRF1	SEC31A	0.3333333333333333	C
IRF1	UBE2L6	0.3333333333333333	C
IRF1	AFF1	0.3333333333333333	C
IKZF1	ZFYVE28	0.3333333333333333	C
IKZF1	PIK3AP1	0.3333333333333333	C
IKZF1	OSBPL3	0.3333333333333333	C
IKZF1	NEK6	0.3333333333333333	C
IKZF1	NABP1	0.3333333333333333	C
IKZF1	MAD1L1	0.3333333333333333	C
IKZF1	LYN	0.3333333333333333	C
IKZF1	PIP4K2A	0.3333333333333333	C
IKZF1	KDM2B	0.3333333333333333	C
IKZF1	ITPR1	0.3333333333333333	C
IKZF1	IQGAP2	0.3333333333333333	C
IKZF1	IL10RA	0.3333333333333333	C
IKZF1	GRAP2	0.3333333333333333	C
IKZF1	FYB1	0.3333333333333333	C
IKZF1	ERC1	0.3333333333333333	C
IKZF1	KCNAB2	0.3333333333333333	C
IRF1	ACSL5	0.3333333333333333	C
IKZF1	PLB1	0.3333333333333333	C
IKZF1	PRKCB	0.3333333333333333	C
IKZF1	ZEB2	0.3333333333333333	C
ZEB2	IKZF1	0.3333333333333333	C
IKZF1	WNT5B	0.3333333333333333	C
IKZF1	TRIB3	0.3333333333333333	C
IKZF1	TNFAIP8	0.3333333333333333	C
IKZF1	TET3	0.3333333333333333	C
IKZF1	PREX1	0.3333333333333333	C
IKZF1	SUSD1	0.3333333333333333	C
IKZF1	ST6GAL1	0.3333333333333333	C
IKZF1	SMOX	0.3333333333333333	C
IKZF1	SMAP2	0.3333333333333333	C
IKZF1	SAMSN1	0.3333333333333333	C
IKZF1	PTPRJ	0.3333333333333333	C
IKZF1	PTK2B	0.3333333333333333	C
IKZF1	STK10	0.3333333333333333	C
HSF1	BAIAP2	0.3333333333333333	C
IRF4	AHCYL2	0.3333333333333333	C
IRF4	CAST	0.3333333333333333	C
JUNB	LMNA	0.3333333333333333	C
JUNB	MICAL2	0.3333333333333333	C
JUNB	NACA2	0.3333333333333333	C
JUNB	ROCK2	0.3333333333333333	C
JUNB	RTN4	0.3333333333333333	C
JUNB	SEC14L1	0.3333333333333333	C
JUNB	SH3BP5	0.3333333333333333	C
JUNB	SLC12A8	0.3333333333333333	C
JUNB	SMARCA2	0.3333333333333333	C
JUNB	SPRED2	0.3333333333333333	C
JUNB	TBC1D14	0.3333333333333333	C
JUNB	TGIF1	0.3333333333333333	C
JUNB	TIAM2	0.3333333333333333	C
JUNB	TMSB4X	0.3333333333333333	C
JUNB	TNRC6B	0.3333333333333333	C
JUNB	VOPP1	0.3333333333333333	C
JUNB	WWTR1	0.3333333333333333	C
JUND	CLIP2	0.3333333333333333	C
JUND	CALD1	0.3333333333333333	C
JUND	BFSP1	0.3333333333333333	C
JUND	BCR	0.3333333333333333	C
JUND	BBC3	0.3333333333333333	C
JUND	ARID1A	0.3333333333333333	C
JUNB	LIMS1	0.3333333333333333	C
JUND	ANXA2	0.3333333333333333	C
JUND	ANK1	0.3333333333333333	C
JUND	ABCC3	0.3333333333333333	C
JUNB	ZNF217	0.3333333333333333	C
JUNB	ZFP36L2	0.3333333333333333	C
JUNB	ZFP36L1	0.3333333333333333	C
JUNB	ZBTB20	0.3333333333333333	C
JUND	ANXA1	0.3333333333333333	C
JUNB	KLF6	0.3333333333333333	C
JUNB	KCNMA1	0.3333333333333333	C
JUNB	KAZN	0.3333333333333333	C
JUNB	ABCC1	0.3333333333333333	C
JUN	ZNF608	0.3333333333333333	C
JUN	ZNF438	0.3333333333333333	C
JUN	ZFP36L1	0.3333333333333333	C
JUN	ZBTB20	0.3333333333333333	C
JUN	UGT2B17	0.3333333333333333	C
JUNB	AKAP13	0.3333333333333333	C
JUN	UBC	0.3333333333333333	C
JUN	SULT2B1	0.3333333333333333	C
JUN	STK40	0.3333333333333333	C
JUN	SPRED2	0.3333333333333333	C
JUN	SLC9A1	0.3333333333333333	C
JUN	SLC38A6	0.3333333333333333	C
JUN	SH3RF1	0.3333333333333333	C
JUN	TACC2	0.3333333333333333	C
JUND	CTNNA1	0.3333333333333333	C
JUNB	AMPD3	0.3333333333333333	C
JUNB	BACH1	0.3333333333333333	C
JUNB	KALRN	0.3333333333333333	C
JUNB	IER5	0.3333333333333333	C
JUNB	GNA12	0.3333333333333333	C
JUNB	GMDS	0.3333333333333333	C
JUNB	FOXK1	0.3333333333333333	C
JUNB	FHAD1	0.3333333333333333	C
JUNB	AUTS2	0.3333333333333333	C
JUNB	EHF	0.3333333333333333	C
JUNB	EGR2	0.3333333333333333	C
JUNB	DMD	0.3333333333333333	C
JUNB	CUEDC1	0.3333333333333333	C
JUNB	CMIP	0.3333333333333333	C
JUNB	CCDC12	0.3333333333333333	C
JUNB	BHLHE40	0.3333333333333333	C
JUNB	EHD1	0.3333333333333333	C
JUND	DAAM1	0.3333333333333333	C
JUND	DDX60L	0.3333333333333333	C
JUND	DLC1	0.3333333333333333	C
KDM5B	MYH9	0.3333333333333333	C
KDM5B	MIDEAS	0.3333333333333333	C
KDM5B	LHFPL2	0.3333333333333333	C
KDM5B	JUP	0.3333333333333333	C
KDM5B	JARID2	0.3333333333333333	C
KDM5B	FOXP1	0.3333333333333333	C
KDM5B	PPFIBP2	0.3333333333333333	C
KDM5B	DAAM1	0.3333333333333333	C
KDM5B	CMIP	0.3333333333333333	C
JUND	ZBTB20	0.3333333333333333	C
JUND	XXYLT1	0.3333333333333333	C
JUND	UBC	0.3333333333333333	C
JUND	TSC22D2	0.3333333333333333	C
JUND	TGIF1	0.3333333333333333	C
KDM5B	CTNNA1	0.3333333333333333	C
JUND	TACC2	0.3333333333333333	C
KDM5B	PRRC2B	0.3333333333333333	C
KDM5B	RREB1	0.3333333333333333	C
KLF1	CTSB	0.3333333333333333	C
KLF1	CPAMD8	0.3333333333333333	C
KLF1	CNPPD1	0.3333333333333333	C
KLF1	CHID1	0.3333333333333333	C
KLF1	ARHGAP45	0.3333333333333333	C
KLF1	ANK1	0.3333333333333333	C
KDM5B	RAB11FIP4	0.3333333333333333	C
KLF1	AHNAK	0.3333333333333333	C
KLF1	ADAP1	0.3333333333333333	C
KLF1	ACTB	0.3333333333333333	C
KDM5B	VGLL4	0.3333333333333333	C
KDM5B	TGIF1	0.3333333333333333	C
KDM5B	SYNJ2	0.3333333333333333	C
KDM5B	SMAD3	0.3333333333333333	C
KLF1	AGRN	0.3333333333333333	C
JUN	RERE	0.3333333333333333	C
JUND	STK40	0.3333333333333333	C
JUND	SNX29	0.3333333333333333	C
JUND	KLF6	0.3333333333333333	C
JUND	KDM6B	0.3333333333333333	C
JUND	KDM4C	0.3333333333333333	C
JUND	KCNMA1	0.3333333333333333	C
JUND	IQSEC1	0.3333333333333333	C
JUND	IGF2BP3	0.3333333333333333	C
JUND	KRT8	0.3333333333333333	C
JUND	IER5	0.3333333333333333	C
JUND	GBE1	0.3333333333333333	C
JUND	FRMD4B	0.3333333333333333	C
JUND	FOXK1	0.3333333333333333	C
JUND	ETS2	0.3333333333333333	C
JUND	ERC1	0.3333333333333333	C
JUND	DUSP10	0.3333333333333333	C
JUND	GNA12	0.3333333333333333	C
JUND	SPRED2	0.3333333333333333	C
JUND	KSR1	0.3333333333333333	C
E2F1	COLEC11	0.3333333333333333	C
JUND	SH3KBP1	0.3333333333333333	C
JUND	RUNX2	0.3333333333333333	C
JUND	RTN4	0.3333333333333333	C
JUND	RERE	0.3333333333333333	C
JUND	RBPMS	0.3333333333333333	C
JUND	RAPGEF4	0.3333333333333333	C
E2F1	CPSF3	0.3333333333333333	C
JUND	PTK2	0.3333333333333333	C
JUND	PARD3	0.3333333333333333	C
JUND	NDRG1	0.3333333333333333	C
JUND	MTHFD2L	0.3333333333333333	C
JUND	MIDN	0.3333333333333333	C
JUND	MICAL2	0.3333333333333333	C
JUND	MBNL2	0.3333333333333333	C
JUND	PARN	0.3333333333333333	C
IRF4	ARHGAP24	0.3333333333333333	C
JUN	RAPGEF4	0.3333333333333333	C
JUN	PRNP	0.3333333333333333	C
IRF4	POU2AF1	0.3333333333333333	C
IRF4	PPP2R5C	0.3333333333333333	C
IRF4	PTK2B	0.3333333333333333	C
IRF4	RABGAP1L	0.3333333333333333	C
IRF4	RAPGEF6	0.3333333333333333	C
IRF4	RHOH	0.3333333333333333	C
IRF4	RTN4	0.3333333333333333	C
IRF4	SAMD4A	0.3333333333333333	C
IRF4	SLAMF7	0.3333333333333333	C
IRF4	SMARCA2	0.3333333333333333	C
IRF4	SMG6	0.3333333333333333	C
IRF4	SORBS1	0.3333333333333333	C
IRF4	SORL1	0.3333333333333333	C
IRF4	SP100	0.3333333333333333	C
IRF4	SP140	0.3333333333333333	C
IRF4	TCF4	0.3333333333333333	C
IRF4	TENM2	0.3333333333333333	C
IRF9	FOXP1	0.3333333333333333	C
IRF9	FIS1	0.3333333333333333	C
IRF9	EVL	0.3333333333333333	C
IRF9	EPHB4	0.3333333333333333	C
IRF9	EIF3H	0.3333333333333333	C
IRF9	EGLN2	0.3333333333333333	C
IRF4	PLXNC1	0.3333333333333333	C
IRF9	DNAH17	0.3333333333333333	C
E2F1	DOT1L	0.3333333333333333	C
IRF9	ANK3	0.3333333333333333	C
IRF4	ZNF365	0.3333333333333333	C
IRF4	ZEB1	0.3333333333333333	C
IRF4	TXNDC11	0.3333333333333333	C
IRF4	TENM4	0.3333333333333333	C
IRF9	DLGAP1	0.3333333333333333	C
IRF4	PIK3AP1	0.3333333333333333	C
IRF4	PIEZO2	0.3333333333333333	C
IRF4	PEAK1	0.3333333333333333	C
E2F1	DUSP9	0.3333333333333333	C
IRF4	ERN1	0.3333333333333333	C
IRF4	ELMO1	0.3333333333333333	C
IRF4	DTNB	0.3333333333333333	C
IRF4	DOCK10	0.3333333333333333	C
IRF4	DIS3L2	0.3333333333333333	C
IRF4	GDI2	0.3333333333333333	C
IRF4	DGKG	0.3333333333333333	C
IRF4	CYTH1	0.3333333333333333	C
IRF4	CTSC	0.3333333333333333	C
IRF4	CTNND2	0.3333333333333333	C
E2F1	EEFSEC	0.3333333333333333	C
IRF4	CDYL	0.3333333333333333	C
IRF4	CCDC88C	0.3333333333333333	C
IRF4	CYTIP	0.3333333333333333	C
IRF9	GRK2	0.3333333333333333	C
IRF4	GRAMD2B	0.3333333333333333	C
IRF4	IKZF3	0.3333333333333333	C
IRF4	PBX1	0.3333333333333333	C
IRF4	OSBPL3	0.3333333333333333	C
IRF4	NLRC5	0.3333333333333333	C
IRF4	NIBAN1	0.3333333333333333	C
IRF4	NFKBIZ	0.3333333333333333	C
IRF4	MGLL	0.3333333333333333	C
IRF4	IGF1R	0.3333333333333333	C
IRF4	LPP	0.3333333333333333	C
IRF4	KLHL6	0.3333333333333333	C
IRF4	KBTBD8	0.3333333333333333	C
IRF4	KALRN	0.3333333333333333	C
IRF4	JARID2	0.3333333333333333	C
IRF4	JAK1	0.3333333333333333	C
IRF4	IL16	0.3333333333333333	C
IRF4	KSR1	0.3333333333333333	C
IRF9	GTPBP2	0.3333333333333333	C
IRF9	HLCS	0.3333333333333333	C
E2F1	DNAJA1	0.3333333333333333	C
JUN	IGF2BP3	0.3333333333333333	C
E2F1	CRTC2	0.3333333333333333	C
JUN	HEXB	0.3333333333333333	C
JUN	GNA12	0.3333333333333333	C
JUN	GBE1	0.3333333333333333	C
JUN	GBA1	0.3333333333333333	C
JUN	ITGBL1	0.3333333333333333	C
JUN	ESYT2	0.3333333333333333	C
JUN	ENAH	0.3333333333333333	C
E2F1	CRYBG2	0.3333333333333333	C
JUN	DLC1	0.3333333333333333	C
JUN	DHX34	0.3333333333333333	C
JUN	DDX60L	0.3333333333333333	C
JUN	CTNNA1	0.3333333333333333	C
JUN	ERGIC1	0.3333333333333333	C
JUN	CREB5	0.3333333333333333	C
JUN	ITSN1	0.3333333333333333	C
JUN	KIAA1217	0.3333333333333333	C
JUN	PITPNM2	0.3333333333333333	C
JUN	NTRK3	0.3333333333333333	C
JUN	NAV3	0.3333333333333333	C
JUN	NABP1	0.3333333333333333	C
JUN	MTHFD2L	0.3333333333333333	C
JUN	MRTFA	0.3333333333333333	C
JUN	KCNN3	0.3333333333333333	C
JUN	MMP19	0.3333333333333333	C
JUN	MICAL2	0.3333333333333333	C
JUN	MAFK	0.3333333333333333	C
JUN	LTBP4	0.3333333333333333	C
JUN	LPP	0.3333333333333333	C
JUN	LMNA	0.3333333333333333	C
JUN	KRT8	0.3333333333333333	C
JUN	MID1	0.3333333333333333	C
JUN	RAD51B	0.3333333333333333	C
JUN	CCL4L1	0.3333333333333333	C
JUN	ARID1A	0.3333333333333333	C
IRF9	S100PBP	0.3333333333333333	C
IRF9	RUNX1	0.3333333333333333	C
IRF9	RTN4	0.3333333333333333	C
IRF9	POLR3B	0.3333333333333333	C
E2F1	DDAH1	0.3333333333333333	C
IRF9	NEB	0.3333333333333333	C
IRF9	SECTM1	0.3333333333333333	C
IRF9	NCOA7	0.3333333333333333	C
IRF9	MIDEAS	0.3333333333333333	C
IRF9	MED15	0.3333333333333333	C
IRF9	MAP3K5	0.3333333333333333	C
IRF9	LYPLAL1	0.3333333333333333	C
IRF9	LRBA	0.3333333333333333	C
IRF9	KCNMB2	0.3333333333333333	C
IRF9	NAV1	0.3333333333333333	C
JUN	BHLHE40	0.3333333333333333	C
IRF9	SKIC2	0.3333333333333333	C
IRF9	STON2	0.3333333333333333	C
JUN	ANXA2	0.3333333333333333	C
JUN	ANK3	0.3333333333333333	C
JUN	ANK1	0.3333333333333333	C
JUN	AIRE	0.3333333333333333	C
JUN	AFF1	0.3333333333333333	C
JUN	ABLIM1	0.3333333333333333	C
IRF9	SLC12A7	0.3333333333333333	C
IRF9	ZBTB38	0.3333333333333333	C
IRF9	WARS1	0.3333333333333333	C
IRF9	UTRN	0.3333333333333333	C
IRF9	TRIM56	0.3333333333333333	C
IRF9	TFRC	0.3333333333333333	C
IRF9	STXBP5	0.3333333333333333	C
IRF9	STRIP1	0.3333333333333333	C
IRF9	XXYLT1	0.3333333333333333	C
HSF1	ATP2B3	0.3333333333333333	C
HSF1	APTX	0.3333333333333333	C
HSF1	AHRR	0.3333333333333333	C
HNF4A	NEU4	0.3333333333333333	C
HNF4A	NEURL2	0.3333333333333333	C
E2F1	STXBP5L	0.3333333333333333	C
E2F1	STX1B	0.3333333333333333	C
E2F1	STK11	0.3333333333333333	C
E2F1	ST6GAL1	0.3333333333333333	C
E2F1	SSC5D	0.3333333333333333	C
HNF4A	NIPAL1	0.3333333333333333	C
E2F1	SREBF1	0.3333333333333333	C
HNF4A	NPTN	0.3333333333333333	C
HNF4A	NR1D1	0.3333333333333333	C
HNF4A	NR1H3	0.3333333333333333	C
HNF4A	NR2C1	0.3333333333333333	C
E2F1	SRCAP	0.3333333333333333	C
E2F1	SRBD1	0.3333333333333333	C
HNF4A	NSL1	0.3333333333333333	C
HNF4A	NT5C3A	0.3333333333333333	C
E2F1	SMC4	0.3333333333333333	C
HNF4A	PDE7B	0.3333333333333333	C
E2F1	SNED1	0.3333333333333333	C
E2F1	SNN	0.3333333333333333	C
HNF4A	PAOX	0.3333333333333333	C
HNF4A	PAK4	0.3333333333333333	C
E2F1	SUN1	0.3333333333333333	C
HNF4A	PAAF1	0.3333333333333333	C
E2F1	SPRY4	0.3333333333333333	C
HNF4A	OSBP2	0.3333333333333333	C
HNF4A	OLFML1	0.3333333333333333	C
HNF4A	OGG1	0.3333333333333333	C
HNF4A	NUDT7	0.3333333333333333	C
HNF4A	NUDT16	0.3333333333333333	C
HNF4A	OSBPL2	0.3333333333333333	C
E2F1	SYNPO	0.3333333333333333	C
HNF4A	NEK2	0.3333333333333333	C
E2F1	SYPL1	0.3333333333333333	C
HNF4A	MTARC1	0.3333333333333333	C
HNF4A	MSMO1	0.3333333333333333	C
HNF4A	MSH3	0.3333333333333333	C
HNF4A	MRPS28	0.3333333333333333	C
HNF4A	MMP20	0.3333333333333333	C
HNF4A	MLXIP	0.3333333333333333	C
HNF4A	MTIF3	0.3333333333333333	C
HNF4A	MLF2	0.3333333333333333	C
HNF4A	MIA2	0.3333333333333333	C
HNF4A	MGAT1	0.3333333333333333	C
E2F1	TRPC3	0.3333333333333333	C
E2F1	TSPAN6	0.3333333333333333	C
HNF4A	MCFD2	0.3333333333333333	C
E2F1	TSPYL2	0.3333333333333333	C
E2F1	TRIP12	0.3333333333333333	C
TP53	SLC19A1	-0.3333333333333333	C
HNF4A	MTSS2	0.3333333333333333	C
HNF4A	MX2	0.3333333333333333	C
E2F1	SYT7	0.3333333333333333	C
HNF4A	NDUFS6	0.3333333333333333	C
HNF4A	NDUFA6	0.3333333333333333	C
HNF4A	NDUFA12	0.3333333333333333	C
HNF4A	NAGS	0.3333333333333333	C
HNF4A	NADK2	0.3333333333333333	C
E2F1	TMEM161B	0.3333333333333333	C
HNF4A	N4BP2	0.3333333333333333	C
HNF4A	MYOM3	0.3333333333333333	C
HNF4A	MYO7B	0.3333333333333333	C
E2F1	TLCD1	0.3333333333333333	C
HNF4A	MYO15A	0.3333333333333333	C
E2F1	TLCD3B	0.3333333333333333	C
HNF4A	MYL3	0.3333333333333333	C
E2F1	TFR2	0.3333333333333333	C
E2F1	SLC52A2	0.3333333333333333	C
E2F1	SLC39A1	0.3333333333333333	C
HNF4A	PI4K2B	0.3333333333333333	C
HNF4A	ROBO3	0.3333333333333333	C
E2F1	RAB23	0.3333333333333333	C
HNF4A	RNF220	0.3333333333333333	C
E2F1	RAB35	0.3333333333333333	C
HNF4A	RHOBTB2	0.3333333333333333	C
HNF4A	RHBDL1	0.3333333333333333	C
HNF4A	RPL3	0.3333333333333333	C
HNF4A	RFT1	0.3333333333333333	C
HNF4A	REXO1	0.3333333333333333	C
E2F1	RBL1	0.3333333333333333	C
E2F1	RBPJ	0.3333333333333333	C
HNF4A	RBP5	0.3333333333333333	C
HNF4A	RBM24	0.3333333333333333	C
HNF4A	RBFOX3	0.3333333333333333	C
HNF4A	RFC2	0.3333333333333333	C
HNF4A	RB1	0.3333333333333333	C
HNF4A	RPS3A	0.3333333333333333	C
HNF4A	RPS7	0.3333333333333333	C
E2F1	POLR2A	0.3333333333333333	C
HNF4A	SEMA3C	0.3333333333333333	C
HNF4A	SEMA3B	0.3333333333333333	C
E2F1	PPP1R3E	0.3333333333333333	C
HNF4A	SDSL	0.3333333333333333	C
HNF4A	SCYL1	0.3333333333333333	C
HNF4A	RPS6KA3	0.3333333333333333	C
HNF4A	SCOC	0.3333333333333333	C
HNF4A	SCARA5	0.3333333333333333	C
E2F1	PPP3CB	0.3333333333333333	C
HNF4A	SCAF11	0.3333333333333333	C
E2F1	PPP6R3	0.3333333333333333	C
E2F1	PTMA	0.3333333333333333	C
HNF4A	RPTOR	0.3333333333333333	C
HNF4A	SCD	0.3333333333333333	C
E2F1	TTLL4	0.3333333333333333	C
E2F1	REL	0.3333333333333333	C
HNF4A	RAF1	0.3333333333333333	C
E2F1	SEPTIN12	0.3333333333333333	C
HNF4A	PPP2R2A	0.3333333333333333	C
HNF4A	POLE	0.3333333333333333	C
E2F1	SERPINB6	0.3333333333333333	C
HNF4A	PLEKHH1	0.3333333333333333	C
E2F1	SERTAD3	0.3333333333333333	C
E2F1	SEH1L	0.3333333333333333	C
HNF4A	PLEKHG5	0.3333333333333333	C
HNF4A	PLEKHG2	0.3333333333333333	C
HNF4A	PLCH2	0.3333333333333333	C
E2F1	SH2B3	0.3333333333333333	C
HNF4A	PKM	0.3333333333333333	C
HNF4A	PIPOX	0.3333333333333333	C
HNF4A	PINK1	0.3333333333333333	C
E2F1	SETD1A	0.3333333333333333	C
E2F1	RGS10	0.3333333333333333	C
E2F1	SCRN1	0.3333333333333333	C
E2F1	SCNN1G	0.3333333333333333	C
E2F1	RHEB	0.3333333333333333	C
E2F1	RNF220	0.3333333333333333	C
HNF4A	RAB37	0.3333333333333333	C
HNF4A	PUF60	0.3333333333333333	C
E2F1	RPL14	0.3333333333333333	C
HNF4A	PTPRH	0.3333333333333333	C
HNF4A	PRMT8	0.3333333333333333	C
E2F1	RUFY2	0.3333333333333333	C
E2F1	SART3	0.3333333333333333	C
HNF4A	PSMF1	0.3333333333333333	C
HNF4A	PSMA5	0.3333333333333333	C
HNF4A	PSMA1	0.3333333333333333	C
HNF4A	PRXL2A	0.3333333333333333	C
HNF4A	PRRC2B	0.3333333333333333	C
HNF4A	PTMS	0.3333333333333333	C
E2F1	PMPCA	0.3333333333333333	C
HNF4A	MASP1	0.3333333333333333	C
HNF4A	MAP3K14	0.3333333333333333	C
E2F4	ATP9B	0.3333333333333333	C
HNF4A	FLNA	0.3333333333333333	C
E2F4	ATP8B2	0.3333333333333333	C
HNF4A	FNBP1	0.3333333333333333	C
E2F4	ATP6V0A2	0.3333333333333333	C
HNF4A	FNIP1	0.3333333333333333	C
E2F4	ATP5MJ	0.3333333333333333	C
E2F4	ATL3	0.3333333333333333	C
HNF4A	FOXRED2	0.3333333333333333	C
HNF4A	FRK	0.3333333333333333	C
E2F4	ARMC7	0.3333333333333333	C
HNF4A	FSTL3	0.3333333333333333	C
E2F4	ARHGAP26	0.3333333333333333	C
HNF4A	GAS2L3	0.3333333333333333	C
E2F4	APOA1	0.3333333333333333	C
E2F4	AP4E1	0.3333333333333333	C
TP53	E2F4	0.3333333333333333	C
HNF4A	GRINA	0.3333333333333333	C
E2F4	ACAD9	0.3333333333333333	C
E2F4	ACAP3	0.3333333333333333	C
E2F4	ACSL3	0.3333333333333333	C
E2F4	ACTL6A	0.3333333333333333	C
HNF4A	GPR35	0.3333333333333333	C
E2F4	B4GALT1	0.3333333333333333	C
HNF4A	GPR108	0.3333333333333333	C
HNF4A	GNG4	0.3333333333333333	C
HNF4A	GNAL	0.3333333333333333	C
E2F4	AGPAT2	0.3333333333333333	C
HNF4A	GLYCTK	0.3333333333333333	C
HNF4A	GIMAP7	0.3333333333333333	C
HNF4A	GFRA2	0.3333333333333333	C
HNF4A	GNS	0.3333333333333333	C
E2F4	BAHCC1	0.3333333333333333	C
E2F4	BCL10	0.3333333333333333	C
HNF4A	FEZ2	0.3333333333333333	C
E2F4	CCDC134	0.3333333333333333	C
HNF4A	ENPP7	0.3333333333333333	C
HNF4A	EMB	0.3333333333333333	C
HNF4A	EIF5B	0.3333333333333333	C
HNF4A	EIF2AK4	0.3333333333333333	C
E2F4	CDC7	0.3333333333333333	C
E2F4	CCDC102B	0.3333333333333333	C
HNF4A	EFNA2	0.3333333333333333	C
HNF4A	DUSP15	0.3333333333333333	C
HNF4A	DTL	0.3333333333333333	C
HNF4A	DRC3	0.3333333333333333	C
HNF4A	DONSON	0.3333333333333333	C
HNF4A	DOK7	0.3333333333333333	C
HNF4A	DOK4	0.3333333333333333	C
FOS	CEBPB	0.3333333333333333	C
HNF4A	GRM4	0.3333333333333333	C
E2F4	CASP7	0.3333333333333333	C
E2F4	CANX	0.3333333333333333	C
HNF4A	FES	0.3333333333333333	C
HNF4A	FDFT1	0.3333333333333333	C
HNF4A	FCMR	0.3333333333333333	C
HNF4A	FBXL6	0.3333333333333333	C
HNF4A	FAM234B	0.3333333333333333	C
HNF4A	FAM20C	0.3333333333333333	C
E2F4	CARHSP1	0.3333333333333333	C
HNF4A	FAM170A	0.3333333333333333	C
E2F4	BLM	0.3333333333333333	C
E2F4	C17orf67	0.3333333333333333	C
E2F4	C1orf21	0.3333333333333333	C
E2F4	C1QTNF6	0.3333333333333333	C
HNF4A	ETNK2	0.3333333333333333	C
E2F4	C8orf82	0.3333333333333333	C
E2F4	BIVM	0.3333333333333333	C
E2F4	ABCG1	0.3333333333333333	C
E2F4	ABCB6	0.3333333333333333	C
HNF4A	GSTO1	0.3333333333333333	C
E2F1	WDTC1	0.3333333333333333	C
E2F1	YJEFN3	0.3333333333333333	C
HNF4A	LEAP2	0.3333333333333333	C
HNF4A	LCP1	0.3333333333333333	C
E2F1	ZC3H4	0.3333333333333333	C
HNF4A	KRT23	0.3333333333333333	C
E2F1	WDR81	0.3333333333333333	C
HNF4A	KNL1	0.3333333333333333	C
HNF4A	KLHL3	0.3333333333333333	C
HNF4A	KIF21A	0.3333333333333333	C
HNF4A	KIAA0319L	0.3333333333333333	C
E2F1	ZMYND8	0.3333333333333333	C
HNF4A	KDM8	0.3333333333333333	C
HNF4A	KDM6B	0.3333333333333333	C
HNF4A	KLHL5	0.3333333333333333	C
HNF4A	KCNH4	0.3333333333333333	C
HNF4A	LINC02693	0.3333333333333333	C
E2F1	VPS45	0.3333333333333333	C
HNF4A	MAP3K11	0.3333333333333333	C
E2F1	UBE2F	0.3333333333333333	C
E2F1	UBIAD1	0.3333333333333333	C
HNF4A	MAFK	0.3333333333333333	C
E2F1	USP38	0.3333333333333333	C
HNF4A	MAB21L4	0.3333333333333333	C
E2F1	VTA1	0.3333333333333333	C
HNF4A	LZIC	0.3333333333333333	C
HNF4A	LRRC73	0.3333333333333333	C
HNF4A	LRP8	0.3333333333333333	C
HNF4A	LRIG2	0.3333333333333333	C
SP3	RET	0.3333333333333333	C
HNF4A	LRCH3	0.3333333333333333	C
HNF4A	LPO	0.3333333333333333	C
HNF4A	LTBP4	0.3333333333333333	C
E2F1	TXNL1	0.3333333333333333	C
HNF4A	KCNC1	0.3333333333333333	C
HNF4A	KATNB1	0.3333333333333333	C
E2F2	CELF1	0.3333333333333333	C
HNF4A	HSD17B11	0.3333333333333333	C
HNF4A	HPS1	0.3333333333333333	C
E2F2	DOCK9	0.3333333333333333	C
HNF4A	HOMER3	0.3333333333333333	C
HNF4A	HNRNPC	0.3333333333333333	C
HNF4A	IGF1R	0.3333333333333333	C
HNF4A	HNMT	0.3333333333333333	C
E2F2	GNAS	0.3333333333333333	C
E2F2	LRSAM1	0.3333333333333333	C
HNF4A	HDAC6	0.3333333333333333	C
E2F2	PEF1	0.3333333333333333	C
HNF4A	HAAO	0.3333333333333333	C
HNF4A	GTPBP4	0.3333333333333333	C
HNF4A	HMCES	0.3333333333333333	C
HNF4A	KCNAB2	0.3333333333333333	C
E2F2	BRD2	0.3333333333333333	C
HNF4A	IL18R1	0.3333333333333333	C
HNF4A	KANK1	0.3333333333333333	C
E2F1	ZNF331	0.3333333333333333	C
HNF4A	ITPRID2	0.3333333333333333	C
E2F1	ZNF33B	0.3333333333333333	C
E2F1	ZNF367	0.3333333333333333	C
E2F1	ZNF451	0.3333333333333333	C
HNF4A	IGSF23	0.3333333333333333	C
HNF4A	IRF8	0.3333333333333333	C
E2F1	ZNF653	0.3333333333333333	C
HNF4A	IQCN	0.3333333333333333	C
E2F1	ZNF816	0.3333333333333333	C
HNF4A	INHBE	0.3333333333333333	C
E2F1	ZNFX1	0.3333333333333333	C
E2F2	ACTR6	0.3333333333333333	C
HNF4A	IQSEC3	0.3333333333333333	C
E2F1	PLXNA4	0.3333333333333333	C
HNF4A	SERPINA12	0.3333333333333333	C
HNF4A	SERPINB9	0.3333333333333333	C
HNF4G	HPCAL1	0.3333333333333333	C
HNF4G	HSD17B2	0.3333333333333333	C
HNF4G	IQGAP2	0.3333333333333333	C
HNF4G	KCNAB2	0.3333333333333333	C
HNF4G	KDM6B	0.3333333333333333	C
HNF4G	MYLK	0.3333333333333333	C
HNF4G	MYO18A	0.3333333333333333	C
HNF4G	NCOA4	0.3333333333333333	C
HNF4G	NEDD4L	0.3333333333333333	C
HNF4G	PLEC	0.3333333333333333	C
HNF4G	RAB11FIP4	0.3333333333333333	C
HNF4G	RBM47	0.3333333333333333	C
HNF4G	RGS3	0.3333333333333333	C
HNF4G	RNF43	0.3333333333333333	C
HNF4G	RREB1	0.3333333333333333	C
HNF4G	SEC14L1	0.3333333333333333	C
HNF4G	SELENOP	0.3333333333333333	C
HOXA9	DYRK1A	0.3333333333333333	C
HOXA9	CRYZL1	0.3333333333333333	C
HOXA9	ARHGAP15	0.3333333333333333	C
HOXA9	AGTPBP1	0.3333333333333333	C
HNF4G	WNK2	0.3333333333333333	C
HNF4G	VAMP5	0.3333333333333333	C
HNF4G	HNF1B	0.3333333333333333	C
HNF4G	TMPRSS2	0.3333333333333333	C
HNF4G	TACC2	0.3333333333333333	C
HNF4G	STK24	0.3333333333333333	C
HNF4G	SPHK1	0.3333333333333333	C
HNF4G	SPATS2L	0.3333333333333333	C
HNF4G	SORBS1	0.3333333333333333	C
HNF4G	SLCO2B1	0.3333333333333333	C
HNF4G	TMEM37	0.3333333333333333	C
HNF4G	GRAMD4	0.3333333333333333	C
HNF4G	FLNB	0.3333333333333333	C
HNF4G	ERBB3	0.3333333333333333	C
HNF4A	ZNF682	0.3333333333333333	C
HNF4A	ZNF589	0.3333333333333333	C
HNF4A	ZNF567	0.3333333333333333	C
HNF4A	ZNF529	0.3333333333333333	C
E2F1	GLE1	0.3333333333333333	C
HNF4A	ZHX3	0.3333333333333333	C
HNF4A	ZSWIM3	0.3333333333333333	C
HNF4A	ZFYVE27	0.3333333333333333	C
E2F1	GNAS	0.3333333333333333	C
E2F1	GREB1L	0.3333333333333333	C
SP4	SP3	0.3333333333333333	C
HNF4A	ZFAND2B	0.3333333333333333	C
HNF4A	ZC3HAV1	0.3333333333333333	C
HNF4A	ZBTB7C	0.3333333333333333	C
HNF4A	ZFP37	0.3333333333333333	C
HOXA9	GHR	0.3333333333333333	C
HNF4G	ABAT	0.3333333333333333	C
HNF4G	ACOT7	0.3333333333333333	C
HNF4G	EHF	0.3333333333333333	C
HNF4G	DUSP9	0.3333333333333333	C
HNF4G	CREB3L3	0.3333333333333333	C
HNF4G	CPQ	0.3333333333333333	C
HNF4G	CD99	0.3333333333333333	C
HNF4G	BCOR	0.3333333333333333	C
HNF4G	ABLIM1	0.3333333333333333	C
HNF4G	BCAS3	0.3333333333333333	C
HNF4G	ATP2B2	0.3333333333333333	C
HNF4G	ATP11A	0.3333333333333333	C
HNF4G	ALDH3B1	0.3333333333333333	C
HNF4G	ALDH2	0.3333333333333333	C
HNF4G	ALDH1A1	0.3333333333333333	C
HNF4G	AGXT	0.3333333333333333	C
HNF4G	ATP8B1	0.3333333333333333	C
HOXA9	GSAP	0.3333333333333333	C
HOXA9	HECW2	0.3333333333333333	C
HOXA9	IPCEF1	0.3333333333333333	C
HOXB13	SGIP1	0.3333333333333333	C
HOXB13	SEMA3C	0.3333333333333333	C
HOXB13	RYR2	0.3333333333333333	C
HOXB13	RIT2	0.3333333333333333	C
HOXB13	RFX3	0.3333333333333333	C
HOXB13	RALGAPA1	0.3333333333333333	C
HOXB13	SND1	0.3333333333333333	C
HOXB13	PSD3	0.3333333333333333	C
HOXB13	PCNX1	0.3333333333333333	C
HOXB13	NUMB	0.3333333333333333	C
HOXB13	NRXN1	0.3333333333333333	C
HOXB13	NFIA	0.3333333333333333	C
HOXB13	MRTFB	0.3333333333333333	C
HOXB13	MID1	0.3333333333333333	C
HOXB13	PDE4D	0.3333333333333333	C
HOXB13	MAP1B	0.3333333333333333	C
HOXB13	STARD13	0.3333333333333333	C
HOXB13	TAFA1	0.3333333333333333	C
HSF1	AGAP3	0.3333333333333333	C
HSF1	ADGRD1	0.3333333333333333	C
HSF1	ADCY5	0.3333333333333333	C
HSF1	ACOT7	0.3333333333333333	C
HSF1	ACACB	0.3333333333333333	C
HOXC11	EEF1A1	0.3333333333333333	C
HOXB13	SVIL	0.3333333333333333	C
HOXB7	PPP5C	0.3333333333333333	C
HOXB7	GNG4	0.3333333333333333	C
HOXB7	ASPH	0.3333333333333333	C
HOXB13	TRIO	0.3333333333333333	C
HOXB13	THSD7A	0.3333333333333333	C
HOXB13	THRB	0.3333333333333333	C
HOXB13	TDRD3	0.3333333333333333	C
HOXB7	PPFIBP2	0.3333333333333333	C
E2F1	GSTO1	0.3333333333333333	C
HOXB13	LNX1	0.3333333333333333	C
HOXB13	FRYL	0.3333333333333333	C
HOXA9	ZNF503	0.3333333333333333	C
HOXA9	VIM	0.3333333333333333	C
HOXA9	TLE4	0.3333333333333333	C
HOXA9	SPOCK1	0.3333333333333333	C
HOXA9	SPAG17	0.3333333333333333	C
HOXA9	RNF111	0.3333333333333333	C
HOXB13	ADAM7	0.3333333333333333	C
HOXA9	RGS13	0.3333333333333333	C
HOXA9	RALGAPA2	0.3333333333333333	C
HOXA9	PPARG	0.3333333333333333	C
HOXA9	NF1	0.3333333333333333	C
HOXA9	NEMP1	0.3333333333333333	C
HOXA9	NAV2	0.3333333333333333	C
HOXA9	MAST2	0.3333333333333333	C
HOXA9	RERE	0.3333333333333333	C
HOXB13	GHR	0.3333333333333333	C
HOXB13	AKAP13	0.3333333333333333	C
HOXB13	ARHGAP32	0.3333333333333333	C
HOXB13	EXOC4	0.3333333333333333	C
HOXB13	ESRRG	0.3333333333333333	C
HOXB13	ERG	0.3333333333333333	C
HOXB13	EPB41L2	0.3333333333333333	C
HOXB13	DOCK9	0.3333333333333333	C
HOXB13	DOCK4	0.3333333333333333	C
HOXB13	ANK3	0.3333333333333333	C
HOXB13	DNAH11	0.3333333333333333	C
HOXB13	CTNNAL1	0.3333333333333333	C
HOXB13	COP1	0.3333333333333333	C
HOXB13	COL14A1	0.3333333333333333	C
HOXB13	CNTNAP5	0.3333333333333333	C
HOXB13	CNTN4	0.3333333333333333	C
HOXB13	BNC2	0.3333333333333333	C
HOXB13	DLG2	0.3333333333333333	C
E2F1	HDGF	0.3333333333333333	C
E2F1	HECTD1	0.3333333333333333	C
HNF4A	XYLT2	0.3333333333333333	C
HNF4A	SPRY2	0.3333333333333333	C
HNF4A	SP6	0.3333333333333333	C
HNF4A	SOWAHD	0.3333333333333333	C
E2F1	NOL4L	0.3333333333333333	C
E2F1	NOTCH2NLA	0.3333333333333333	C
E2F1	NPHP4	0.3333333333333333	C
HNF4A	SSPOP	0.3333333333333333	C
HNF4A	SNX6	0.3333333333333333	C
HNF4A	SNX27	0.3333333333333333	C
HNF4A	SNTG1	0.3333333333333333	C
HNF4A	SNAPC2	0.3333333333333333	C
HNF4A	SNAI3	0.3333333333333333	C
E2F1	NR2C2	0.3333333333333333	C
HNF4A	SMAGP	0.3333333333333333	C
HNF4A	SNX32	0.3333333333333333	C
HNF4A	SMAD6	0.3333333333333333	C
HNF4A	SSTR3	0.3333333333333333	C
E2F1	NDRG4	0.3333333333333333	C
HNF4A	SYNGR4	0.3333333333333333	C
HNF4A	SYNGR2	0.3333333333333333	C
E2F1	MSH3	0.3333333333333333	C
E2F1	MYO6	0.3333333333333333	C
E2F1	MYOF	0.3333333333333333	C
HNF4A	SURF4	0.3333333333333333	C
E2F1	NECAB3	0.3333333333333333	C
HNF4A	SUPT6H	0.3333333333333333	C
HNF4A	SULT2B1	0.3333333333333333	C
E2F1	NAA11	0.3333333333333333	C
HNF4A	STXBP5	0.3333333333333333	C
E2F1	NAB1	0.3333333333333333	C
E2F1	NCAPD3	0.3333333333333333	C
HNF4A	STAG2	0.3333333333333333	C
HNF4A	SUN2	0.3333333333333333	C
EGR1	DLK1	0.3333333333333333	C
HNF4A	SLC9A8	0.3333333333333333	C
HNF4A	SLC5A11	0.3333333333333333	C
HNF4A	SIMC1	0.3333333333333333	C
E2F1	PIAS1	0.3333333333333333	C
HNF4A	SHPRH	0.3333333333333333	C
HNF4A	SHISA5	0.3333333333333333	C
HNF4A	SHFL	0.3333333333333333	C
HNF4A	SHARPIN	0.3333333333333333	C
E2F1	PHF13	0.3333333333333333	C
E2F1	PIM1	0.3333333333333333	C
HNF4A	SH3BP5L	0.3333333333333333	C
HNF4A	SH3BGRL2	0.3333333333333333	C
HNF4A	SFRP4	0.3333333333333333	C
HNF4A	SFRP1	0.3333333333333333	C
HNF4A	SFI1	0.3333333333333333	C
E2F1	PLGRKT	0.3333333333333333	C
E2F1	PKM	0.3333333333333333	C
E2F1	PALLD	0.3333333333333333	C
HNF4A	SLC10A5	0.3333333333333333	C
HNF4A	SLC1A3	0.3333333333333333	C
HNF4A	SLC49A3	0.3333333333333333	C
HNF4A	SLC45A4	0.3333333333333333	C
E2F1	PALM	0.3333333333333333	C
E2F1	PAPSS2	0.3333333333333333	C
E2F1	PBLD	0.3333333333333333	C
HNF4A	SLC36A1	0.3333333333333333	C
E2F1	PDS5B	0.3333333333333333	C
E2F1	PCGF5	0.3333333333333333	C
HNF4A	SLC34A3	0.3333333333333333	C
HNF4A	SLC34A1	0.3333333333333333	C
E2F1	PCLO	0.3333333333333333	C
HNF4A	SLC25A10	0.3333333333333333	C
HNF4A	SLC22A9	0.3333333333333333	C
E2F1	PDPK1	0.3333333333333333	C
HNF4A	SLC35A3	0.3333333333333333	C
KLF1	EGFL7	0.3333333333333333	C
E2F1	MLLT1	0.3333333333333333	C
HNF4A	TATDN3	0.3333333333333333	C
HNF4A	USB1	0.3333333333333333	C
HNF4A	UROC1	0.3333333333333333	C
HNF4A	UPP1	0.3333333333333333	C
HNF4A	UNC5B	0.3333333333333333	C
HNF4A	UCP3	0.3333333333333333	C
HNF4A	UBE2R2	0.3333333333333333	C
HNF4A	USP39	0.3333333333333333	C
HNF4A	UBAP2L	0.3333333333333333	C
HNF4A	TXNL1	0.3333333333333333	C
E2F1	JADE1	0.3333333333333333	C
HNF4A	TTYH2	0.3333333333333333	C
HNF4A	TTLL9	0.3333333333333333	C
HNF4A	TTLL4	0.3333333333333333	C
HNF4A	TTC38	0.3333333333333333	C
HNF4A	TYRO3	0.3333333333333333	C
HNF4A	TTC31	0.3333333333333333	C
HNF4A	USPL1	0.3333333333333333	C
HNF4A	VAMP5	0.3333333333333333	C
HNF4A	XPR1	0.3333333333333333	C
HNF4A	WNT5B	0.3333333333333333	C
HNF4A	WNT3	0.3333333333333333	C
HNF4A	WDR59	0.3333333333333333	C
HNF4A	WDR36	0.3333333333333333	C
HNF4A	WDR13	0.3333333333333333	C
E2F1	IRF8	0.3333333333333333	C
HNF4A	WDFY3	0.3333333333333333	C
HNF4A	WBP1L	0.3333333333333333	C
HNF4A	VWA3B	0.3333333333333333	C
E2F1	ID2	0.3333333333333333	C
HNF4A	VIRMA	0.3333333333333333	C
HNF4A	VARS2	0.3333333333333333	C
HNF4A	VANGL1	0.3333333333333333	C
E2F1	HRH1	0.3333333333333333	C
E2F1	MLH1	0.3333333333333333	C
HNF4A	TRPM3	0.3333333333333333	C
E2F1	KCNC4	0.3333333333333333	C
E2F1	LRRC75A	0.3333333333333333	C
HNF4A	TIMMDC1	0.3333333333333333	C
HNF4A	TIAM2	0.3333333333333333	C
HNF4A	THBS2	0.3333333333333333	C
E2F1	LY6H	0.3333333333333333	C
HNF4A	TGIF1	0.3333333333333333	C
E2F1	LMTK2	0.3333333333333333	C
E2F1	MBNL3	0.3333333333333333	C
E2F1	MEGF6	0.3333333333333333	C
E2F1	METTL4	0.3333333333333333	C
HNF4A	TCOF1	0.3333333333333333	C
HNF4A	TCIRG1	0.3333333333333333	C
E2F1	MEX3B	0.3333333333333333	C
E2F1	MGST1	0.3333333333333333	C
HNF4A	TFEB	0.3333333333333333	C
HNF4A	TRPM2	0.3333333333333333	C
HNF4A	TM4SF20	0.3333333333333333	C
E2F1	LIN54	0.3333333333333333	C
E2F1	KDM3A	0.3333333333333333	C
E2F1	KIAA1586	0.3333333333333333	C
HNF4A	TOX2	0.3333333333333333	C
HNF4A	TOM1L2	0.3333333333333333	C
HNF4A	TOGARAM2	0.3333333333333333	C
E2F1	KLHL23	0.3333333333333333	C
HNF4A	TM9SF4	0.3333333333333333	C
E2F1	KLHL5	0.3333333333333333	C
HNF4A	TNFAIP8L1	0.3333333333333333	C
E2F1	KPNB1	0.3333333333333333	C
HNF4A	TMEM72	0.3333333333333333	C
E2F1	LAMP2	0.3333333333333333	C
E2F1	LBH	0.3333333333333333	C
HNF4A	TMEM150B	0.3333333333333333	C
HNF4A	TNFRSF10B	0.3333333333333333	C
KLF1	EVL	0.3333333333333333	C
KLF1	FBRSL1	0.3333333333333333	C
KLF1	GPR137	0.3333333333333333	C
MAZ	AHDC1	0.3333333333333333	C
MAZ	AP3D1	0.3333333333333333	C
MAZ	ARAP1	0.3333333333333333	C
MAZ	ARID1A	0.3333333333333333	C
MAZ	BCAR1	0.3333333333333333	C
MAZ	CABIN1	0.3333333333333333	C
MAZ	CACNA1A	0.3333333333333333	C
MAZ	CCDC97	0.3333333333333333	C
MAZ	CELF5	0.3333333333333333	C
MAZ	CLIP2	0.3333333333333333	C
MAZ	COL1A1	0.3333333333333333	C
MAZ	CRTC1	0.3333333333333333	C
MAZ	CSK	0.3333333333333333	C
MAZ	DGKZ	0.3333333333333333	C
MAZ	DVL1	0.3333333333333333	C
MAZ	EPB41L1	0.3333333333333333	C
MAZ	FAAP20	0.3333333333333333	C
MAZ	MFSD12	0.3333333333333333	C
MAZ	MED16	0.3333333333333333	C
MAZ	MAPKAPK3	0.3333333333333333	C
MAZ	LASP1	0.3333333333333333	C
MAZ	KLF16	0.3333333333333333	C
MAZ	KDM2B	0.3333333333333333	C
MAZ	AGRN	0.3333333333333333	C
MAZ	KCTD2	0.3333333333333333	C
MAZ	HNRNPF	0.3333333333333333	C
MAZ	GSE1	0.3333333333333333	C
MAZ	GPR137	0.3333333333333333	C
MAZ	GIT1	0.3333333333333333	C
MAZ	FOXP1	0.3333333333333333	C
MAZ	FBXL19	0.3333333333333333	C
MAZ	IRF2BP1	0.3333333333333333	C
MAZ	AGPAT3	0.3333333333333333	C
MAZ	ACTN1	0.3333333333333333	C
MAZ	ACAP3	0.3333333333333333	C
MAX	PCBP1	0.3333333333333333	C
MAX	NRXN2	0.3333333333333333	C
E2F1	BHLHE23	0.3333333333333333	C
MAX	NOL4L	0.3333333333333333	C
MAX	NFATC2	0.3333333333333333	C
MAX	LMNA	0.3333333333333333	C
MAX	PFKFB3	0.3333333333333333	C
MAX	KSR1	0.3333333333333333	C
MAX	KIAA0232	0.3333333333333333	C
MAX	KDM4B	0.3333333333333333	C
MAX	JADE2	0.3333333333333333	C
MAX	INSR	0.3333333333333333	C
MAX	HMGN4	0.3333333333333333	C
MAX	GSN	0.3333333333333333	C
MAX	KLC1	0.3333333333333333	C
MAZ	MLLT1	0.3333333333333333	C
MAX	PHC2	0.3333333333333333	C
MAX	PLEC	0.3333333333333333	C
MAX	VGLL4	0.3333333333333333	C
MAX	TSPAN18	0.3333333333333333	C
MAX	TBCD	0.3333333333333333	C
MAX	STXBP1	0.3333333333333333	C
MAX	STAT3	0.3333333333333333	C
MAX	SMG6	0.3333333333333333	C
MAX	PLA2G6	0.3333333333333333	C
MAX	SMAD3	0.3333333333333333	C
MAX	SH3KBP1	0.3333333333333333	C
MAX	RPS6KA2	0.3333333333333333	C
MAX	RGS3	0.3333333333333333	C
MAX	RAP1GAP2	0.3333333333333333	C
MAX	PRKCZ	0.3333333333333333	C
MAX	PPP2R2C	0.3333333333333333	C
MAX	SH3TC1	0.3333333333333333	C
MAZ	MNT	0.3333333333333333	C
MAZ	MSI2	0.3333333333333333	C
MAZ	MYLK	0.3333333333333333	C
MBD1	PNPLA6	0.3333333333333333	C
MBD1	PGS1	0.3333333333333333	C
MBD1	NLRC5	0.3333333333333333	C
MBD1	NELFCD	0.3333333333333333	C
MBD1	NELFA	0.3333333333333333	C
MBD1	MC1R	0.3333333333333333	C
MBD1	PPP1R37	0.3333333333333333	C
MBD1	MAFK	0.3333333333333333	C
MBD1	KMT2B	0.3333333333333333	C
MBD1	KDM4B	0.3333333333333333	C
MBD1	ITGAE	0.3333333333333333	C
MBD1	IFT140	0.3333333333333333	C
MBD1	HOOK2	0.3333333333333333	C
MBD1	FOXK2	0.3333333333333333	C
MBD1	LTO1	0.3333333333333333	C
MBD1	EXOC7	0.3333333333333333	C
MBD1	PRPF31	0.3333333333333333	C
MBD1	RBM14	0.3333333333333333	C
MBD1	WRNIP1	0.3333333333333333	C
MBD1	USP4	0.3333333333333333	C
MBD1	UQCC1	0.3333333333333333	C
MBD1	TTLL4	0.3333333333333333	C
MBD1	TRIM41	0.3333333333333333	C
MBD1	THOP1	0.3333333333333333	C
MBD1	PSMG4	0.3333333333333333	C
MBD1	THADA	0.3333333333333333	C
MBD1	SRSF7	0.3333333333333333	C
MBD1	SRCAP	0.3333333333333333	C
MBD1	SF3A2	0.3333333333333333	C
MBD1	SECISBP2	0.3333333333333333	C
MBD1	RSAD1	0.3333333333333333	C
MBD1	RGS12	0.3333333333333333	C
MBD1	TCF25	0.3333333333333333	C
MAX	GRAMD4	0.3333333333333333	C
MBD1	E4F1	0.3333333333333333	C
MBD1	DIDO1	0.3333333333333333	C
MAZ	SLC4A2	0.3333333333333333	C
MAZ	SERPINH1	0.3333333333333333	C
E2F1	ATP1B4	0.3333333333333333	C
MAZ	PTPA	0.3333333333333333	C
E2F1	ATP2B2	0.3333333333333333	C
MAZ	PRPF31	0.3333333333333333	C
MAZ	SOX12	0.3333333333333333	C
E2F1	AZIN1	0.3333333333333333	C
MAZ	PLXNB2	0.3333333333333333	C
MAZ	PDXK	0.3333333333333333	C
MAZ	PALM	0.3333333333333333	C
MAZ	NOSIP	0.3333333333333333	C
MAZ	NFIA	0.3333333333333333	C
MAZ	NCOR2	0.3333333333333333	C
MAZ	PPFIA3	0.3333333333333333	C
MBD1	DPP9	0.3333333333333333	C
MAZ	SRCIN1	0.3333333333333333	C
MAZ	ST3GAL2	0.3333333333333333	C
MBD1	DAZAP1	0.3333333333333333	C
MBD1	CELSR3	0.3333333333333333	C
MBD1	BANP	0.3333333333333333	C
MBD1	ANKRD11	0.3333333333333333	C
MAZ	ZBTB7A	0.3333333333333333	C
MAZ	UBTF	0.3333333333333333	C
MAZ	SSBP4	0.3333333333333333	C
MAZ	TRIM47	0.3333333333333333	C
MAZ	TACC3	0.3333333333333333	C
MAZ	SYNGAP1	0.3333333333333333	C
MAZ	STK32C	0.3333333333333333	C
MAZ	STK11	0.3333333333333333	C
MAZ	STK10	0.3333333333333333	C
MAZ	STAT6	0.3333333333333333	C
MAZ	TCF3	0.3333333333333333	C
MBD1	ZDHHC7	0.3333333333333333	C
MAX	FHL2	0.3333333333333333	C
MAX	EVL	0.3333333333333333	C
MAFF	TLN2	0.3333333333333333	C
MAFF	VGLL4	0.3333333333333333	C
MAFF	WWP2	0.3333333333333333	C
MAFG	ABCC1	0.3333333333333333	C
MAFG	ABL1	0.3333333333333333	C
MAFG	ABLIM3	0.3333333333333333	C
MAFG	ARHGEF3	0.3333333333333333	C
MAFG	CEP112	0.3333333333333333	C
MAFG	CTIF	0.3333333333333333	C
MAFG	DCHS2	0.3333333333333333	C
MAFG	EGLN3	0.3333333333333333	C
MAFG	FGF13	0.3333333333333333	C
MAFG	FMN1	0.3333333333333333	C
MAFG	HDAC4	0.3333333333333333	C
MAFG	KAZN	0.3333333333333333	C
MAFG	KSR1	0.3333333333333333	C
MAFG	LYPLAL1	0.3333333333333333	C
MAFG	STAU2	0.3333333333333333	C
MAFG	SMAD3	0.3333333333333333	C
MAFG	SLC44A1	0.3333333333333333	C
MAFG	SLC40A1	0.3333333333333333	C
MAFG	SCIN	0.3333333333333333	C
MAFG	SAMD4A	0.3333333333333333	C
MAFF	TJP2	0.3333333333333333	C
MAFG	RGS3	0.3333333333333333	C
MAFG	RAPGEF1	0.3333333333333333	C
MAFG	PLXNA2	0.3333333333333333	C
MAFG	PDE4D	0.3333333333333333	C
MAFG	NABP1	0.3333333333333333	C
MITF	MAFG	0.3333333333333333	C
MAFG	MED15	0.3333333333333333	C
MAFG	RERE	0.3333333333333333	C
MAFF	TIAM2	0.3333333333333333	C
MAFF	TEC	0.3333333333333333	C
MAFF	TBC1D14	0.3333333333333333	C
MAFF	FMN1	0.3333333333333333	C
MAFF	FLNB	0.3333333333333333	C
MAFF	DST	0.3333333333333333	C
MAFF	DLG2	0.3333333333333333	C
MAFF	DAAM1	0.3333333333333333	C
MAFF	CYTH1	0.3333333333333333	C
MAFF	JMJD1C	0.3333333333333333	C
MAFF	CTNND2	0.3333333333333333	C
MAFF	CHN2	0.3333333333333333	C
MAFF	CDK14	0.3333333333333333	C
MAFF	CD55	0.3333333333333333	C
MAFF	CCSER1	0.3333333333333333	C
MAFF	CCDC150	0.3333333333333333	C
MAFF	BHLHE40	0.3333333333333333	C
MAFF	CPEB4	0.3333333333333333	C
MAFG	TAFA2	0.3333333333333333	C
MAFF	LRP1B	0.3333333333333333	C
MAFF	PALLD	0.3333333333333333	C
MAFF	SMOX	0.3333333333333333	C
MAFF	SLC8A1	0.3333333333333333	C
MAFF	SEC14L1	0.3333333333333333	C
MAFF	RGS3	0.3333333333333333	C
E2F1	BPGM	0.3333333333333333	C
MAFF	RAPGEF1	0.3333333333333333	C
MITF	MAFF	0.3333333333333333	C
MAFF	RABGAP1L	0.3333333333333333	C
MAFF	PRKAG2	0.3333333333333333	C
MAFF	PLXNA2	0.3333333333333333	C
MAFF	PHLDB2	0.3333333333333333	C
MAFF	PDLIM5	0.3333333333333333	C
MAFF	PDE4D	0.3333333333333333	C
MAFF	PDE4B	0.3333333333333333	C
MAFF	PRKCH	0.3333333333333333	C
MAFG	TBC1D14	0.3333333333333333	C
MAFG	TCF4	0.3333333333333333	C
MAFG	TEC	0.3333333333333333	C
MAFK	TIAM2	0.3333333333333333	C
MAFK	TBC1D14	0.3333333333333333	C
MAFK	SYNE1	0.3333333333333333	C
MAFK	SMAD3	0.3333333333333333	C
MAFK	SLC8A1	0.3333333333333333	C
MAFK	SIPA1L2	0.3333333333333333	C
MAFK	TJP2	0.3333333333333333	C
MAFK	SIK3	0.3333333333333333	C
MAFK	SCN8A	0.3333333333333333	C
MAFK	SAMD4A	0.3333333333333333	C
MAFK	RGS3	0.3333333333333333	C
MAFK	RAPGEF1	0.3333333333333333	C
MAFK	RABGAP1L	0.3333333333333333	C
MAFK	PPP2R2B	0.3333333333333333	C
MAFK	SEC14L1	0.3333333333333333	C
MAFK	PHLDB2	0.3333333333333333	C
MAFK	TNS3	0.3333333333333333	C
MAX	ABLIM2	0.3333333333333333	C
MAX	DNM2	0.3333333333333333	C
MAX	CYTH1	0.3333333333333333	C
MAX	CUEDC1	0.3333333333333333	C
MAX	CTBP2	0.3333333333333333	C
MAX	CREB5	0.3333333333333333	C
MAX	CCDC88C	0.3333333333333333	C
MAFK	ZBTB20	0.3333333333333333	C
MAX	CAST	0.3333333333333333	C
MAX	ARHGEF3	0.3333333333333333	C
MAX	AP3D1	0.3333333333333333	C
MAX	ANKRD13B	0.3333333333333333	C
MAX	AGPAT3	0.3333333333333333	C
MAX	AGAP3	0.3333333333333333	C
MAX	ACOT7	0.3333333333333333	C
MAX	AUTS2	0.3333333333333333	C
MAX	FAAP20	0.3333333333333333	C
MAFK	PDE4D	0.3333333333333333	C
MAFK	MTCL1	0.3333333333333333	C
MAFK	CLIP4	0.3333333333333333	C
MAFK	CHD2	0.3333333333333333	C
MAFK	CEP112	0.3333333333333333	C
MAFK	CDK14	0.3333333333333333	C
MAFK	CCDC150	0.3333333333333333	C
MAFK	CACNA1D	0.3333333333333333	C
MAFK	CPNE4	0.3333333333333333	C
MAFK	BACH2	0.3333333333333333	C
MAFK	ADGRL2	0.3333333333333333	C
MAFK	ABLIM3	0.3333333333333333	C
MAFG	ZBTB20	0.3333333333333333	C
MAFG	TSC22D2	0.3333333333333333	C
MAFG	TJP2	0.3333333333333333	C
MAFG	TIAM2	0.3333333333333333	C
MAFK	ARHGEF3	0.3333333333333333	C
MAFK	MYCBP2	0.3333333333333333	C
MAFK	CREB5	0.3333333333333333	C
MAFK	DAAM1	0.3333333333333333	C
MAFK	LRP1B	0.3333333333333333	C
MAFK	IGF1R	0.3333333333333333	C
MAFK	GNA12	0.3333333333333333	C
MAFK	FOXK1	0.3333333333333333	C
MAFK	FMN1	0.3333333333333333	C
MAFK	FLNB	0.3333333333333333	C
MAFK	CTIF	0.3333333333333333	C
MAFK	ERGIC1	0.3333333333333333	C
MAFK	EGLN3	0.3333333333333333	C
MAFK	DST	0.3333333333333333	C
MAFK	DPP10	0.3333333333333333	C
MAFK	DLG2	0.3333333333333333	C
MAFK	DCLK2	0.3333333333333333	C
MAFK	DAB2IP	0.3333333333333333	C
MAFK	EIF4G3	0.3333333333333333	C
MBD1	ZNF263	0.3333333333333333	C
MBD1	ZZEF1	0.3333333333333333	C
MBD2	ADRB1	0.3333333333333333	C
MEF2C	INPP4A	0.3333333333333333	C
MEF2C	IRAG2	0.3333333333333333	C
MEF2C	KCNN3	0.3333333333333333	C
MEF2C	LCA5	0.3333333333333333	C
MEF2C	LIMS1	0.3333333333333333	C
MEF2C	LMNA	0.3333333333333333	C
MEF2C	MACF1	0.3333333333333333	C
MEF2C	MIDEAS	0.3333333333333333	C
MEF2C	MYH9	0.3333333333333333	C
MEF2C	MYLK3	0.3333333333333333	C
MEF2C	NCALD	0.3333333333333333	C
MEF2C	NDUFV2	0.3333333333333333	C
MEF2C	NEDD9	0.3333333333333333	C
MEF2C	NEK6	0.3333333333333333	C
E2F1	ARHGAP26	0.3333333333333333	C
MEF2C	NFATC1	0.3333333333333333	C
MEF2C	NIBAN1	0.3333333333333333	C
MEF2C	RIPOR2	0.3333333333333333	C
MEF2C	RGS6	0.3333333333333333	C
MEF2C	RGS3	0.3333333333333333	C
MEF2C	RFTN1	0.3333333333333333	C
MEF2C	REEP1	0.3333333333333333	C
MEF2C	RASGRP3	0.3333333333333333	C
MEF2C	IL15	0.3333333333333333	C
MEF2C	PRKCH	0.3333333333333333	C
MEF2C	PIP4K2A	0.3333333333333333	C
MEF2C	PDE4B	0.3333333333333333	C
MEF2C	OXR1	0.3333333333333333	C
MEF2C	NUCB2	0.3333333333333333	C
MEF2C	NREP	0.3333333333333333	C
MEF2C	NR3C1	0.3333333333333333	C
E2F1	ARHGAP21	0.3333333333333333	C
MEF2C	HDAC5	0.3333333333333333	C
MEF2C	HBS1L	0.3333333333333333	C
MEF2C	GTDC1	0.3333333333333333	C
MEF2C	ARHGAP24	0.3333333333333333	C
MEF2C	ARHGAP10	0.3333333333333333	C
MEF2C	ANK3	0.3333333333333333	C
MEF2B	ZNF608	0.3333333333333333	C
MEF2B	ZNF395	0.3333333333333333	C
MEF2B	USP2	0.3333333333333333	C
MEF2C	ARHGAP25	0.3333333333333333	C
MEF2B	TOX2	0.3333333333333333	C
MEF2B	TCF3	0.3333333333333333	C
MEF2B	TBL1XR1	0.3333333333333333	C
MEF2B	TADA3	0.3333333333333333	C
MEF2B	SYNE1	0.3333333333333333	C
MEF2B	ST6GAL1	0.3333333333333333	C
MEF2B	SLC2A5	0.3333333333333333	C
MEF2B	TNKS	0.3333333333333333	C
MEF2C	SIPA1L1	0.3333333333333333	C
MEF2C	ARHGEF3	0.3333333333333333	C
MEF2C	ARID1A	0.3333333333333333	C
MEF2C	GPR55	0.3333333333333333	C
MEF2C	FMNL3	0.3333333333333333	C
MEF2C	FLI1	0.3333333333333333	C
MEF2C	FCHSD2	0.3333333333333333	C
MEF2C	ETS1	0.3333333333333333	C
MEF2C	ERC1	0.3333333333333333	C
MEF2C	ARHGEF7	0.3333333333333333	C
MEF2C	EPS15	0.3333333333333333	C
MEF2C	EBF1	0.3333333333333333	C
MEF2C	DPYSL3	0.3333333333333333	C
MEF2C	DNAJB2	0.3333333333333333	C
MEF2C	CDK14	0.3333333333333333	C
MEF2C	BCL2	0.3333333333333333	C
MEF2C	ASB2	0.3333333333333333	C
MEF2C	ENTPD1	0.3333333333333333	C
MEF2C	SP100	0.3333333333333333	C
MEF2C	ST6GAL1	0.3333333333333333	C
STAT3	MEF2C	0.3333333333333333	C
MEIS1	SPTBN1	0.3333333333333333	C
MEIS1	SLC8A1	0.3333333333333333	C
MEIS1	RYR3	0.3333333333333333	C
MEIS1	RIPOR2	0.3333333333333333	C
MEIS1	RERE	0.3333333333333333	C
MEIS1	RAPGEF5	0.3333333333333333	C
MEIS1	TCF4	0.3333333333333333	C
MEIS1	PPARG	0.3333333333333333	C
MEIS1	PLCL2	0.3333333333333333	C
MEIS1	PHACTR3	0.3333333333333333	C
MEIS1	PDE11A	0.3333333333333333	C
MEIS1	PARD3	0.3333333333333333	C
MEIS1	PALLD	0.3333333333333333	C
MEIS1	NFIB	0.3333333333333333	C
MEIS1	PLD1	0.3333333333333333	C
MEIS1	NFIA	0.3333333333333333	C
MEIS1	TLE4	0.3333333333333333	C
MEIS1	UBE2E1	0.3333333333333333	C
MEIS2	COLGALT2	0.3333333333333333	C
MEIS2	CNOT10	0.3333333333333333	C
MEIS2	CCNY	0.3333333333333333	C
MEIS2	ATP2B4	0.3333333333333333	C
MEIS2	ATAD2B	0.3333333333333333	C
MEIS2	ARHGAP24	0.3333333333333333	C
MEIS1	TNIK	0.3333333333333333	C
MEIS2	ANKRD11	0.3333333333333333	C
MEIS2	ADD3	0.3333333333333333	C
MEIS1	ZFPM2	0.3333333333333333	C
MEIS1	XXYLT1	0.3333333333333333	C
MEIS1	VGLL4	0.3333333333333333	C
MEIS1	USP6NL	0.3333333333333333	C
MEIS1	UBR3	0.3333333333333333	C
MEIS2	ADGRB3	0.3333333333333333	C
MEF2B	RP1	0.3333333333333333	C
MEIS1	MID1	0.3333333333333333	C
MEIS1	KSR1	0.3333333333333333	C
MEIS1	DAAM1	0.3333333333333333	C
MEIS1	CFAP61	0.3333333333333333	C
MEIS1	CCDC171	0.3333333333333333	C
MEIS1	CACNA1A	0.3333333333333333	C
MEIS1	CACHD1	0.3333333333333333	C
MEIS1	BCAR3	0.3333333333333333	C
MEIS1	DOCK5	0.3333333333333333	C
MEIS1	BBS9	0.3333333333333333	C
MEF2C	TTC39C	0.3333333333333333	C
MEF2C	TSPAN12	0.3333333333333333	C
MEF2C	TMSB4X	0.3333333333333333	C
MEF2C	TMEM131L	0.3333333333333333	C
TCF4	MEF2C	0.3333333333333333	C
MEF2C	TBL1XR1	0.3333333333333333	C
MEIS1	ARHGAP10	0.3333333333333333	C
MEIS1	LSAMP	0.3333333333333333	C
MEIS1	DPYSL3	0.3333333333333333	C
MEIS1	DST	0.3333333333333333	C
MEIS1	KIAA1217	0.3333333333333333	C
MEIS1	JCAD	0.3333333333333333	C
MEIS1	HECW2	0.3333333333333333	C
MEIS1	HDAC9	0.3333333333333333	C
MEIS1	GNA12	0.3333333333333333	C
MEIS1	GLIS3	0.3333333333333333	C
MEIS1	DSE	0.3333333333333333	C
MEIS1	GHR	0.3333333333333333	C
MEIS1	FRYL	0.3333333333333333	C
MEIS1	FOXP2	0.3333333333333333	C
MEIS1	FBN1	0.3333333333333333	C
MEIS1	ETS1	0.3333333333333333	C
MEIS1	DYRK1A	0.3333333333333333	C
MEIS1	DTNB	0.3333333333333333	C
MEIS1	GAS7	0.3333333333333333	C
MEF2B	RIPOR2	0.3333333333333333	C
MEF2B	RASGRP3	0.3333333333333333	C
MEF2B	RAPGEF5	0.3333333333333333	C
MEF2A	ERC1	0.3333333333333333	C
MEF2A	EFR3A	0.3333333333333333	C
MEF2A	EEA1	0.3333333333333333	C
MEF2A	DST	0.3333333333333333	C
MEF2A	DMD	0.3333333333333333	C
MEF2A	DAAM1	0.3333333333333333	C
MEF2A	ERCC1	0.3333333333333333	C
MEF2A	CRIM1	0.3333333333333333	C
MEF2A	CDYL	0.3333333333333333	C
MEF2A	CDC42EP3	0.3333333333333333	C
MEF2A	CAB39	0.3333333333333333	C
MEF2A	BLK	0.3333333333333333	C
MEF2A	BCAS3	0.3333333333333333	C
MEF2A	ASAP1	0.3333333333333333	C
MEF2A	CHD9	0.3333333333333333	C
MEF2A	ARHGEF3	0.3333333333333333	C
MEF2A	FBXW11	0.3333333333333333	C
MEF2A	GOLIM4	0.3333333333333333	C
MEF2A	LTBP1	0.3333333333333333	C
MEF2A	LRCH1	0.3333333333333333	C
MEF2A	LMNA	0.3333333333333333	C
MEF2A	LHFPL2	0.3333333333333333	C
MEF2A	KLF9	0.3333333333333333	C
MEF2A	KLF6	0.3333333333333333	C
MEF2A	FCHSD2	0.3333333333333333	C
MEF2A	KIAA1217	0.3333333333333333	C
MEF2A	JMJD1C	0.3333333333333333	C
MEF2A	ITPR1	0.3333333333333333	C
MEF2A	ITGB1	0.3333333333333333	C
MEF2A	IPCEF1	0.3333333333333333	C
MEF2A	HMGB1	0.3333333333333333	C
MEF2A	HIVEP2	0.3333333333333333	C
MEF2A	KDM4C	0.3333333333333333	C
MEF2A	MACF1	0.3333333333333333	C
MEF2A	ARHGEF12	0.3333333333333333	C
MEF2A	ARHGAP24	0.3333333333333333	C
MBD2	LDLRAD4	0.3333333333333333	C
MBD2	KIAA1614	0.3333333333333333	C
MBD2	IRX1	0.3333333333333333	C
MBD2	INSYN2A	0.3333333333333333	C
MBD2	HUS1B	0.3333333333333333	C
MBD2	GBX1	0.3333333333333333	C
MBD2	OPLAH	0.3333333333333333	C
MBD2	FLT4	0.3333333333333333	C
MBD2	ESPN	0.3333333333333333	C
MBD2	ELAVL3	0.3333333333333333	C
MBD2	CELSR1	0.3333333333333333	C
MBD2	CBFA2T3	0.3333333333333333	C
MBD2	AJAP1	0.3333333333333333	C
MBD2	AGAP3	0.3333333333333333	C
MBD2	EVA1B	0.3333333333333333	C
MEF2A	ARHGAP42	0.3333333333333333	C
MBD2	PAQR9	0.3333333333333333	C
MBD2	PLEKHG5	0.3333333333333333	C
MEF2A	ARHGAP10	0.3333333333333333	C
MEF2A	AKAP6	0.3333333333333333	C
MEF2A	AFAP1	0.3333333333333333	C
MBD2	TYK2	0.3333333333333333	C
MBD2	TUB	0.3333333333333333	C
MBD2	TENM4	0.3333333333333333	C
MBD2	PKP3	0.3333333333333333	C
MBD2	TBX1	0.3333333333333333	C
MBD2	SNCB	0.3333333333333333	C
MBD2	SLC16A3	0.3333333333333333	C
MBD2	SHISA6	0.3333333333333333	C
MBD2	RADIL	0.3333333333333333	C
MBD2	PRKCZ	0.3333333333333333	C
MBD2	PPP1R3G	0.3333333333333333	C
MBD2	SPPL2B	0.3333333333333333	C
MAFF	BCAS3	0.3333333333333333	C
MEF2A	MBNL1	0.3333333333333333	C
MEF2A	MSN	0.3333333333333333	C
MEF2B	CRMP1	0.3333333333333333	C
MEF2B	BLK	0.3333333333333333	C
MEF2B	ARHGEF7	0.3333333333333333	C
MEF2A	ZNF385B	0.3333333333333333	C
MEF2A	ZEB1	0.3333333333333333	C
MEF2A	XYLT1	0.3333333333333333	C
MEF2B	DGKD	0.3333333333333333	C
MEF2A	WWTR1	0.3333333333333333	C
MEF2A	UTRN	0.3333333333333333	C
MEF2A	UST	0.3333333333333333	C
MEF2A	TRIO	0.3333333333333333	C
MEF2A	TNRC6B	0.3333333333333333	C
MEF2A	TJP2	0.3333333333333333	C
MEF2A	TCF4	0.3333333333333333	C
MEF2A	UVRAG	0.3333333333333333	C
MEF2A	TBL1XR1	0.3333333333333333	C
MEF2B	E2F5	0.3333333333333333	C
MEF2B	GNAS	0.3333333333333333	C
MEF2B	PIK3AP1	0.3333333333333333	C
MEF2B	NUP210	0.3333333333333333	C
MEF2B	NR4A1	0.3333333333333333	C
MEF2B	NFX1	0.3333333333333333	C
MEF2B	NELL2	0.3333333333333333	C
MEF2B	MEF2A	0.3333333333333333	C
MEF2B	EVI2B	0.3333333333333333	C
MEF2B	MACF1	0.3333333333333333	C
MEF2B	KLF6	0.3333333333333333	C
E2F1	ARIH1	0.3333333333333333	C
MEF2B	KCNH8	0.3333333333333333	C
MEF2B	HDAC9	0.3333333333333333	C
MEF2B	HDAC5	0.3333333333333333	C
MEF2B	GPATCH2L	0.3333333333333333	C
MEF2B	LTBP1	0.3333333333333333	C
MEF2A	METTL8	0.3333333333333333	C
MEF2A	SVIL	0.3333333333333333	C
MEF2A	ST6GAL1	0.3333333333333333	C
MEF2A	PEAK1	0.3333333333333333	C
MEF2A	PAM	0.3333333333333333	C
MEF2A	PALLD	0.3333333333333333	C
MEF2A	NUMB	0.3333333333333333	C
MEF2A	NIN	0.3333333333333333	C
MEF2A	NIBAN1	0.3333333333333333	C
MEF2A	PHTF2	0.3333333333333333	C
MEF2A	NFATC2	0.3333333333333333	C
MEF2A	NEK6	0.3333333333333333	C
MEF2A	NEDD9	0.3333333333333333	C
MEF2A	NCOA7	0.3333333333333333	C
MEF2A	NCOA3	0.3333333333333333	C
MEF2A	MYLK	0.3333333333333333	C
MEF2A	MYH9	0.3333333333333333	C
MEF2A	NEK7	0.3333333333333333	C
MEF2A	STARD13	0.3333333333333333	C
MEF2A	PICALM	0.3333333333333333	C
MEF2A	PLB1	0.3333333333333333	C
MEF2A	SLC12A8	0.3333333333333333	C
MEF2A	SIPA1L1	0.3333333333333333	C
MEF2A	SASH1	0.3333333333333333	C
MEF2A	SAMD4A	0.3333333333333333	C
MEF2A	RIPOR2	0.3333333333333333	C
MEF2A	RGS3	0.3333333333333333	C
MEF2A	PIK3AP1	0.3333333333333333	C
MEF2A	RBPJ	0.3333333333333333	C
MEF2A	RIN2	0.3333333333333333	C
MEF2A	RAB11FIP1	0.3333333333333333	C
MEF2A	PTK2	0.3333333333333333	C
MEF2A	PRKCE	0.3333333333333333	C
MEF2A	PRDM2	0.3333333333333333	C
MEF2A	PLCL2	0.3333333333333333	C
MEF2A	RABGAP1L	0.3333333333333333	C
MEIS2	DMD	0.3333333333333333	C
MAFF	ARID5B	0.3333333333333333	C
MAFB	ZNF407	0.3333333333333333	C
KLF5	SLC48A1	0.3333333333333333	C
KLF5	SPIRE2	0.3333333333333333	C
KLF5	SREBF1	0.3333333333333333	C
KLF5	STX1A	0.3333333333333333	C
KLF5	TCF3	0.3333333333333333	C
KLF5	TECR	0.3333333333333333	C
KLF5	TJP3	0.3333333333333333	C
KLF5	TRIM29	0.3333333333333333	C
KLF5	WWC1	0.3333333333333333	C
KLF5	YWHAZ	0.3333333333333333	C
KLF5	ZBTB7C	0.3333333333333333	C
KLF5	ZNF217	0.3333333333333333	C
KLF6	ACTN1	0.3333333333333333	C
KLF6	ANXA2	0.3333333333333333	C
KLF6	AREG	0.3333333333333333	C
KLF6	ARID5B	0.3333333333333333	C
KLF6	ASAP1	0.3333333333333333	C
KLF6	LRRFIP1	0.3333333333333333	C
KLF6	LMNA	0.3333333333333333	C
KLF6	LHFPL2	0.3333333333333333	C
KLF6	LDLR	0.3333333333333333	C
KLF6	ITGB1	0.3333333333333333	C
KLF6	IER5	0.3333333333333333	C
KLF5	SLC2A1	0.3333333333333333	C
KLF6	FAAP20	0.3333333333333333	C
KLF6	ERRFI1	0.3333333333333333	C
KLF6	EPS8	0.3333333333333333	C
KLF6	EHD1	0.3333333333333333	C
KLF6	DUSP10	0.3333333333333333	C
KLF6	CTNNBIP1	0.3333333333333333	C
KLF6	CLIP2	0.3333333333333333	C
KLF6	ETS2	0.3333333333333333	C
KLF5	SH2D3A	0.3333333333333333	C
KLF5	SDC1	0.3333333333333333	C
KLF5	SCNN1A	0.3333333333333333	C
KLF5	MIB2	0.3333333333333333	C
KLF5	MCRIP2	0.3333333333333333	C
KLF5	LTBP4	0.3333333333333333	C
KLF5	LTBP3	0.3333333333333333	C
KLF5	LSR	0.3333333333333333	C
KLF5	LNX2	0.3333333333333333	C
KLF5	MIDN	0.3333333333333333	C
KLF5	LLGL2	0.3333333333333333	C
E2F1	CLIP2	0.3333333333333333	C
KLF5	KRT8	0.3333333333333333	C
KLF5	NHSL3	0.3333333333333333	C
KLF5	KCNN4	0.3333333333333333	C
E2F1	CLUL1	0.3333333333333333	C
KLF5	GPX4	0.3333333333333333	C
KLF5	LGALS3	0.3333333333333333	C
KLF6	LTBP4	0.3333333333333333	C
KLF5	MISP	0.3333333333333333	C
KLF5	MYO1C	0.3333333333333333	C
KLF5	S100A16	0.3333333333333333	C
KLF5	RXRA	0.3333333333333333	C
KLF5	RBM47	0.3333333333333333	C
KLF5	RALGDS	0.3333333333333333	C
KLF5	RAB11FIP1	0.3333333333333333	C
KLF5	RAB11A	0.3333333333333333	C
KLF5	MKNK2	0.3333333333333333	C
KLF5	PTCH1	0.3333333333333333	C
KLF5	PPP1R13L	0.3333333333333333	C
KLF5	PPL	0.3333333333333333	C
KLF5	PLEC	0.3333333333333333	C
KLF5	NOL4L	0.3333333333333333	C
KLF5	NFE2L2	0.3333333333333333	C
KLF5	MYO5B	0.3333333333333333	C
KLF5	PRKCZ	0.3333333333333333	C
KLF6	MACF1	0.3333333333333333	C
KLF6	MSI2	0.3333333333333333	C
KLF6	MYH9	0.3333333333333333	C
KLF9	MACF1	0.3333333333333333	C
KLF9	LFNG	0.3333333333333333	C
KLF9	NHSL3	0.3333333333333333	C
KLF9	JADE2	0.3333333333333333	C
KLF9	IQSEC1	0.3333333333333333	C
KLF9	IFFO2	0.3333333333333333	C
KLF9	MAFK	0.3333333333333333	C
KLF9	HPCAL1	0.3333333333333333	C
KLF9	GSN	0.3333333333333333	C
KLF9	GPRC5B	0.3333333333333333	C
KLF9	FYN	0.3333333333333333	C
KLF9	FOXO3	0.3333333333333333	C
KLF9	FGFR3	0.3333333333333333	C
KLF9	FCHO1	0.3333333333333333	C
KLF9	HIVEP3	0.3333333333333333	C
KLF9	EPHB4	0.3333333333333333	C
KLF9	MED15	0.3333333333333333	C
KLF9	NADK	0.3333333333333333	C
KLF9	RAP1GAP	0.3333333333333333	C
KLF9	RAB11FIP4	0.3333333333333333	C
KLF9	POU3F2	0.3333333333333333	C
KLF9	POR	0.3333333333333333	C
KLF9	PLEC	0.3333333333333333	C
KLF9	PKM	0.3333333333333333	C
KLF9	MEF2D	0.3333333333333333	C
KLF9	PHLDB1	0.3333333333333333	C
KLF9	PER1	0.3333333333333333	C
KLF9	PCBP3	0.3333333333333333	C
KLF9	NFIC	0.3333333333333333	C
KLF9	NFATC2	0.3333333333333333	C
KLF9	NCS1	0.3333333333333333	C
KLF9	NCOR2	0.3333333333333333	C
KLF9	PHC2	0.3333333333333333	C
KLF5	GPRC5A	0.3333333333333333	C
KLF9	EPHB3	0.3333333333333333	C
KLF9	ECE1	0.3333333333333333	C
KLF6	VMP1	0.3333333333333333	C
KLF6	TSPAN14	0.3333333333333333	C
KLF6	TECR	0.3333333333333333	C
KLF6	TACC1	0.3333333333333333	C
KLF6	SREBF1	0.3333333333333333	C
KLF6	SH3RF1	0.3333333333333333	C
KLF6	WFS1	0.3333333333333333	C
KLF6	SH3BP4	0.3333333333333333	C
KLF6	SEPTIN9	0.3333333333333333	C
KLF6	RND3	0.3333333333333333	C
KLF6	RBCK1	0.3333333333333333	C
KLF6	PTP4A1	0.3333333333333333	C
KLF6	PLEC	0.3333333333333333	C
KLF6	NEDD9	0.3333333333333333	C
KLF6	SH3BP2	0.3333333333333333	C
KLF9	EGFR	0.3333333333333333	C
KLF6	WWTR1	0.3333333333333333	C
KLF6	ZFP36L1	0.3333333333333333	C
KLF9	DGKZ	0.3333333333333333	C
KLF9	CMIP	0.3333333333333333	C
KLF9	CCDC33	0.3333333333333333	C
KLF9	CACHD1	0.3333333333333333	C
KLF9	BCAR1	0.3333333333333333	C
KLF9	ASPSCR1	0.3333333333333333	C
KLF6	XXYLT1	0.3333333333333333	C
KLF9	ARID5B	0.3333333333333333	C
KLF9	APBB2	0.3333333333333333	C
KLF9	AMPD2	0.3333333333333333	C
KLF9	AGRN	0.3333333333333333	C
KLF9	AFAP1	0.3333333333333333	C
KLF9	ACTN1	0.3333333333333333	C
KLF6	ZFP36L2	0.3333333333333333	C
KLF9	ARHGEF2	0.3333333333333333	C
KLF9	RGS12	0.3333333333333333	C
KLF5	GPR137	0.3333333333333333	C
KLF5	FA2H	0.3333333333333333	C
KLF13	ARRDC2	0.3333333333333333	C
KLF13	ATP6V0D1	0.3333333333333333	C
KLF13	BCL9L	0.3333333333333333	C
KLF13	DNAJB1	0.3333333333333333	C
KLF13	EML2	0.3333333333333333	C
KLF13	ERCC1	0.3333333333333333	C
KLF13	FASN	0.3333333333333333	C
KLF13	FCHO1	0.3333333333333333	C
KLF13	FKBP5	0.3333333333333333	C
KLF13	FSCN1	0.3333333333333333	C
KLF13	JADE1	0.3333333333333333	C
KLF13	KLHL21	0.3333333333333333	C
KLF13	LTBP4	0.3333333333333333	C
KLF13	NDST1	0.3333333333333333	C
KLF13	NFIC	0.3333333333333333	C
KLF13	OAZ1	0.3333333333333333	C
KLF13	PISD	0.3333333333333333	C
KLF3	ARHGAP5	0.3333333333333333	C
KLF3	ADD3	0.3333333333333333	C
KLF13	TYRO3	0.3333333333333333	C
KLF13	TBC1D14	0.3333333333333333	C
KLF13	SNX8	0.3333333333333333	C
KLF13	SLC1A5	0.3333333333333333	C
KLF13	ARID1A	0.3333333333333333	C
KLF13	SEPTIN9	0.3333333333333333	C
KLF13	REST	0.3333333333333333	C
KLF13	RCSD1	0.3333333333333333	C
KLF13	RAPGEF3	0.3333333333333333	C
KLF13	PTOV1	0.3333333333333333	C
KLF13	PLEC	0.3333333333333333	C
KLF13	PKNOX1	0.3333333333333333	C
KLF13	SAMD11	0.3333333333333333	C
KLF13	AP3D1	0.3333333333333333	C
KLF1	ZNF276	0.3333333333333333	C
KLF1	ZFP36	0.3333333333333333	C
KLF1	PKM	0.3333333333333333	C
KLF1	PIM1	0.3333333333333333	C
E2F1	COL2A1	0.3333333333333333	C
KLF1	NQO2	0.3333333333333333	C
KLF1	NOL4L	0.3333333333333333	C
KLF1	NADK	0.3333333333333333	C
KLF1	PLEC	0.3333333333333333	C
KLF1	MICALL2	0.3333333333333333	C
KLF1	LYL1	0.3333333333333333	C
KLF1	LTBP4	0.3333333333333333	C
KLF1	KLHL21	0.3333333333333333	C
KLF1	KCTD2	0.3333333333333333	C
KLF1	KCNN4	0.3333333333333333	C
KLF1	JADE2	0.3333333333333333	C
KLF1	MAST1	0.3333333333333333	C
KLF3	BTBD3	0.3333333333333333	C
KLF1	PTPA	0.3333333333333333	C
KLF1	RALGDS	0.3333333333333333	C
KLF1	YWHAZ	0.3333333333333333	C
KLF1	XXYLT1	0.3333333333333333	C
KLF1	UXS1	0.3333333333333333	C
KLF1	TCEA2	0.3333333333333333	C
KLF1	TBC1D14	0.3333333333333333	C
KLF1	STON2	0.3333333333333333	C
KLF1	RAB3IL1	0.3333333333333333	C
KLF1	SORBS1	0.3333333333333333	C
KLF1	SLC6A6	0.3333333333333333	C
KLF1	SH3BP2	0.3333333333333333	C
KLF1	SGMS1	0.3333333333333333	C
KLF1	SEPTIN9	0.3333333333333333	C
KLF1	RNF38	0.3333333333333333	C
KLF1	RERE	0.3333333333333333	C
KLF1	SNAP47	0.3333333333333333	C
KLF3	CACHD1	0.3333333333333333	C
KLF3	CAST	0.3333333333333333	C
KLF3	GNG12	0.3333333333333333	C
KLF5	AMN	0.3333333333333333	C
KLF5	ALDH3A2	0.3333333333333333	C
KLF5	AHNAK2	0.3333333333333333	C
KLF5	AGRN	0.3333333333333333	C
KLF5	ADAP1	0.3333333333333333	C
KLF5	ACTN1	0.3333333333333333	C
KLF5	ANXA2	0.3333333333333333	C
KLF4	ZBTB7C	0.3333333333333333	C
KLF4	TLN2	0.3333333333333333	C
KLF4	STON2	0.3333333333333333	C
KLF4	STMN1	0.3333333333333333	C
KLF4	SEPTIN9	0.3333333333333333	C
KLF4	RCAN1	0.3333333333333333	C
KLF4	RAP1GAP	0.3333333333333333	C
KLF4	XXYLT1	0.3333333333333333	C
KLF4	PTPN3	0.3333333333333333	C
KLF5	B3GNT3	0.3333333333333333	C
KLF5	CANT1	0.3333333333333333	C
KLF5	ESRP2	0.3333333333333333	C
KLF5	ERBB2	0.3333333333333333	C
KLF5	EPHA2	0.3333333333333333	C
KLF5	ELF3	0.3333333333333333	C
KLF5	ECE1	0.3333333333333333	C
KLF5	DVL1	0.3333333333333333	C
KLF5	BAIAP2L1	0.3333333333333333	C
KLF5	DIAPH1	0.3333333333333333	C
KLF5	CRYBG2	0.3333333333333333	C
KLF5	COQ8B	0.3333333333333333	C
KLF5	COL4A2	0.3333333333333333	C
KLF5	CLDN4	0.3333333333333333	C
KLF5	CIRBP	0.3333333333333333	C
KLF5	CD9	0.3333333333333333	C
KLF5	DGKQ	0.3333333333333333	C
E2F1	CNRIP1	0.3333333333333333	C
KLF4	PPP2R2C	0.3333333333333333	C
KLF4	PFKFB3	0.3333333333333333	C
KLF4	CHN2	0.3333333333333333	C
KLF4	CAST	0.3333333333333333	C
KLF4	BCAR3	0.3333333333333333	C
KLF4	AUTS2	0.3333333333333333	C
KLF4	ANXA4	0.3333333333333333	C
KLF4	AFF1	0.3333333333333333	C
KLF4	DENND3	0.3333333333333333	C
KLF4	ACTB	0.3333333333333333	C
KLF3	TRIO	0.3333333333333333	C
KLF3	STXBP6	0.3333333333333333	C
KLF3	STRBP	0.3333333333333333	C
KLF3	MYO5A	0.3333333333333333	C
KLF3	MECOM	0.3333333333333333	C
KLF3	KCNK1	0.3333333333333333	C
KLF3	TSPAN12	0.3333333333333333	C
KLF4	PKM	0.3333333333333333	C
KLF4	ECE1	0.3333333333333333	C
KLF4	EMP1	0.3333333333333333	C
KLF4	PCBP1	0.3333333333333333	C
KLF4	NEDD9	0.3333333333333333	C
KLF4	NDST1	0.3333333333333333	C
E2F1	COL22A1	0.3333333333333333	C
KLF4	NAV2	0.3333333333333333	C
KLF4	MYLK	0.3333333333333333	C
KLF4	EML2	0.3333333333333333	C
KLF4	MSI2	0.3333333333333333	C
KLF4	MEF2D	0.3333333333333333	C
KLF4	KLF3	0.3333333333333333	C
KLF4	IFFO2	0.3333333333333333	C
KLF4	GSN	0.3333333333333333	C
KLF4	GSE1	0.3333333333333333	C
KLF4	FHAD1	0.3333333333333333	C
KLF4	MICAL3	0.3333333333333333	C
KLF9	RXRA	0.3333333333333333	C
KLF9	SAMD11	0.3333333333333333	C
KLF9	SASH1	0.3333333333333333	C
LYL1	RIN3	0.3333333333333333	C
LYL1	SASH3	0.3333333333333333	C
LYL1	SH2B3	0.3333333333333333	C
LYL1	SH3BGRL3	0.3333333333333333	C
LYL1	SH3KBP1	0.3333333333333333	C
LYL1	SIPA1	0.3333333333333333	C
LYL1	ST3GAL2	0.3333333333333333	C
LYL1	ST6GAL1	0.3333333333333333	C
LYL1	STAB1	0.3333333333333333	C
LYL1	STK10	0.3333333333333333	C
LYL1	STXBP5	0.3333333333333333	C
LYL1	TMC6	0.3333333333333333	C
LYL1	TNFAIP8	0.3333333333333333	C
LYL1	TRPM2	0.3333333333333333	C
LYL1	UNC13D	0.3333333333333333	C
LYL1	VAV1	0.3333333333333333	C
LYL1	VPS13D	0.3333333333333333	C
MAF	GRAMD4	0.3333333333333333	C
MAF	GALM	0.3333333333333333	C
E2F1	C2CD4B	0.3333333333333333	C
MAF	FOXK1	0.3333333333333333	C
MAF	FGD3	0.3333333333333333	C
MAF	FAM78A	0.3333333333333333	C
LYL1	RAC2	0.3333333333333333	C
MAF	DOCK10	0.3333333333333333	C
MAF	CYTH1	0.3333333333333333	C
MAF	BRD4	0.3333333333333333	C
MAF	ARL4C	0.3333333333333333	C
MAF	ARHGEF3	0.3333333333333333	C
MAF	ARHGAP25	0.3333333333333333	C
LYL1	VSIR	0.3333333333333333	C
MAF	CYTH4	0.3333333333333333	C
LYL1	RAB37	0.3333333333333333	C
E2F1	CACNB1	0.3333333333333333	C
LYL1	PRR5L	0.3333333333333333	C
LYL1	IQGAP2	0.3333333333333333	C
LYL1	INPP5D	0.3333333333333333	C
LYL1	IKZF1	0.3333333333333333	C
LYL1	HPCAL1	0.3333333333333333	C
LYL1	HLX	0.3333333333333333	C
LYL1	HIVEP3	0.3333333333333333	C
LYL1	ITGB2	0.3333333333333333	C
LYL1	HHEX	0.3333333333333333	C
LYL1	GYPC	0.3333333333333333	C
LYL1	GRK2	0.3333333333333333	C
LYL1	GNG2	0.3333333333333333	C
LYL1	FMNL3	0.3333333333333333	C
LYL1	FAR2	0.3333333333333333	C
LYL1	FAM78A	0.3333333333333333	C
LYL1	HDAC4	0.3333333333333333	C
E2F1	C1orf21	0.3333333333333333	C
LYL1	KCNAB2	0.3333333333333333	C
LYL1	KCTD12	0.3333333333333333	C
LYL1	PRR5	0.3333333333333333	C
LYL1	PREX1	0.3333333333333333	C
LYL1	PRAM1	0.3333333333333333	C
LYL1	PPP1R9B	0.3333333333333333	C
LYL1	PLXNA2	0.3333333333333333	C
LYL1	PLEKHO1	0.3333333333333333	C
LYL1	KCNN4	0.3333333333333333	C
LYL1	PLEC	0.3333333333333333	C
LYL1	PLCG2	0.3333333333333333	C
LYL1	PIK3CG	0.3333333333333333	C
LYL1	PCED1B	0.3333333333333333	C
LYL1	NSMCE1	0.3333333333333333	C
LYL1	MAD1L1	0.3333333333333333	C
LYL1	LAPTM5	0.3333333333333333	C
LYL1	PLD3	0.3333333333333333	C
E2F1	C1orf174	0.3333333333333333	C
MAF	LEF1	0.3333333333333333	C
MAF	LTBP3	0.3333333333333333	C
MAFB	SLC39A11	0.3333333333333333	C
MAFB	SEC14L1	0.3333333333333333	C
MAFB	RTN1	0.3333333333333333	C
MAFB	PREX1	0.3333333333333333	C
MAFB	PHLDB2	0.3333333333333333	C
MAFB	PCSK2	0.3333333333333333	C
MAFB	SMYD3	0.3333333333333333	C
MAFB	NBAS	0.3333333333333333	C
MAFB	MTSS1	0.3333333333333333	C
MAFB	MMP9	0.3333333333333333	C
MAFB	KLF9	0.3333333333333333	C
MAFB	KCNMB2	0.3333333333333333	C
MAFB	JMJD1C	0.3333333333333333	C
MAFB	HDAC4	0.3333333333333333	C
MAFB	NAV2	0.3333333333333333	C
MAFB	FMN1	0.3333333333333333	C
MAFB	SNX29	0.3333333333333333	C
MAFB	SOX9	0.3333333333333333	C
MAFB	ZMIZ1	0.3333333333333333	C
MAFB	ZBTB20	0.3333333333333333	C
MAFB	WDFY3	0.3333333333333333	C
MAFB	TRIO	0.3333333333333333	C
MAFB	TNS3	0.3333333333333333	C
MAFB	TJP2	0.3333333333333333	C
SOX9	MAFB	0.3333333333333333	C
MAFB	TENT5B	0.3333333333333333	C
MAFB	TBXAS1	0.3333333333333333	C
MAFB	TACC2	0.3333333333333333	C
MAFB	SYNE1	0.3333333333333333	C
MAFB	ST18	0.3333333333333333	C
MAFB	SRPK2	0.3333333333333333	C
MAFB	SPAG9	0.3333333333333333	C
MAFB	TENM2	0.3333333333333333	C
LYL1	ELMO1	0.3333333333333333	C
MAFB	FLNB	0.3333333333333333	C
MAFB	DTNA	0.3333333333333333	C
MAF	SPON2	0.3333333333333333	C
MAF	SMAD3	0.3333333333333333	C
MAF	SH3TC1	0.3333333333333333	C
MAF	SH3KBP1	0.3333333333333333	C
MAF	SH3BP5	0.3333333333333333	C
MAF	SFXN1	0.3333333333333333	C
MAF	STAB1	0.3333333333333333	C
MAF	RIPOR1	0.3333333333333333	C
MAF	PSTPIP1	0.3333333333333333	C
MAF	PDE4D	0.3333333333333333	C
MAF	OSBPL3	0.3333333333333333	C
MAF	NOL4L	0.3333333333333333	C
MAF	MAP3K14	0.3333333333333333	C
MAF	MAP3K12	0.3333333333333333	C
MAF	RGS10	0.3333333333333333	C
MAFB	ELMO1	0.3333333333333333	C
MAF	TBC1D14	0.3333333333333333	C
MAF	TMSB4X	0.3333333333333333	C
MAFB	DST	0.3333333333333333	C
MAFB	DOCK4	0.3333333333333333	C
MAFB	DIP2C	0.3333333333333333	C
MAFB	DAAM1	0.3333333333333333	C
MAFB	CPEB4	0.3333333333333333	C
MAFB	CLIP4	0.3333333333333333	C
MAF	TECR	0.3333333333333333	C
MAFB	CACNA2D3	0.3333333333333333	C
MAFB	ARHGAP24	0.3333333333333333	C
MAFB	APPL2	0.3333333333333333	C
MAFB	APBB2	0.3333333333333333	C
MAFB	ANKRD17	0.3333333333333333	C
MAFB	AKAP13	0.3333333333333333	C
MAFB	ADAMTS2	0.3333333333333333	C
MAFB	CACNA1D	0.3333333333333333	C
E2F1	CALM1	0.3333333333333333	C
LYL1	DYSF	0.3333333333333333	C
LYL1	DUS2	0.3333333333333333	C
KMT2A	PHIP	0.3333333333333333	C
KMT2A	PELI2	0.3333333333333333	C
KMT2A	PCNX1	0.3333333333333333	C
KMT2A	PAN3	0.3333333333333333	C
KMT2A	NIPBL	0.3333333333333333	C
KMT2A	NCOR1	0.3333333333333333	C
KMT2A	PTCH1	0.3333333333333333	C
KMT2A	NCOA2	0.3333333333333333	C
KMT2A	MIDEAS	0.3333333333333333	C
KMT2A	MAP4K5	0.3333333333333333	C
KMT2A	LRCH1	0.3333333333333333	C
KMT2A	L3MBTL3	0.3333333333333333	C
KMT2A	KDM6A	0.3333333333333333	C
KMT2A	JMJD1C	0.3333333333333333	C
KMT2A	MYCBP2	0.3333333333333333	C
KMT2A	IGF1R	0.3333333333333333	C
KMT2A	RBBP6	0.3333333333333333	C
KMT2A	SATB1	0.3333333333333333	C
KMT2B	ATXN2L	0.3333333333333333	C
KMT2B	ARID1A	0.3333333333333333	C
KMT2A	ZNF292	0.3333333333333333	C
KMT2A	ZCCHC2	0.3333333333333333	C
KMT2A	VGLL4	0.3333333333333333	C
KMT2A	USP24	0.3333333333333333	C
KMT2A	RICTOR	0.3333333333333333	C
KMT2A	TUT4	0.3333333333333333	C
KMT2A	TOP2B	0.3333333333333333	C
KMT2A	TET2	0.3333333333333333	C
KMT2A	TCF12	0.3333333333333333	C
KMT2A	SYNE2	0.3333333333333333	C
KMT2A	STAG2	0.3333333333333333	C
KMT2A	SCAF4	0.3333333333333333	C
KMT2A	TP53BP1	0.3333333333333333	C
KMT2B	MCM7	0.3333333333333333	C
E2F1	CERKL	0.3333333333333333	C
KMT2A	GLG1	0.3333333333333333	C
KLF9	TSC22D3	0.3333333333333333	C
KLF9	TRIOBP	0.3333333333333333	C
KLF9	TNS2	0.3333333333333333	C
KLF9	TNS1	0.3333333333333333	C
KLF9	TNK2	0.3333333333333333	C
KLF9	TBC1D24	0.3333333333333333	C
KLF9	VAV2	0.3333333333333333	C
KLF9	TACC1	0.3333333333333333	C
KLF9	SLC4A2	0.3333333333333333	C
KLF9	SHROOM2	0.3333333333333333	C
KLF9	SH3TC1	0.3333333333333333	C
KLF9	SH3KBP1	0.3333333333333333	C
KLF9	SH3BP2	0.3333333333333333	C
KLF9	SEC14L1	0.3333333333333333	C
KLF9	SYNJ2	0.3333333333333333	C
KMT2A	HERC3	0.3333333333333333	C
KMT2A	ANKRD12	0.3333333333333333	C
KMT2A	ARID2	0.3333333333333333	C
CEBPD	PDGFRA	0.3333333333333333	C
KMT2A	FNBP1	0.3333333333333333	C
KMT2A	FBXO11	0.3333333333333333	C
KMT2A	DMTF1	0.3333333333333333	C
KMT2A	CNOT6L	0.3333333333333333	C
KMT2A	CLASP2	0.3333333333333333	C
KMT2A	ARID1B	0.3333333333333333	C
KMT2A	CHD9	0.3333333333333333	C
KMT2A	CDK19	0.3333333333333333	C
KMT2A	CDK13	0.3333333333333333	C
KMT2A	BIRC6	0.3333333333333333	C
KMT2A	BICRAL	0.3333333333333333	C
KMT2A	BBX	0.3333333333333333	C
KMT2A	ASAP2	0.3333333333333333	C
GATA2	EDN1	0.3333333333333333	C
MAFF	ARHGEF3	0.3333333333333333	C
KMT2B	PISD	0.3333333333333333	C
KMT2B	PPP6R1	0.3333333333333333	C
LYL1	ARHGEF2	0.3333333333333333	C
LYL1	ARHGAP25	0.3333333333333333	C
LYL1	ARHGAP22	0.3333333333333333	C
E2F1	CARHSP1	0.3333333333333333	C
E2F1	CCNA1	0.3333333333333333	C
LHX2	ZNF608	0.3333333333333333	C
LYL1	ARL5C	0.3333333333333333	C
LHX2	ZBTB20	0.3333333333333333	C
LHX2	MITF	0.3333333333333333	C
LHX2	MID1	0.3333333333333333	C
LHX2	GLIS3	0.3333333333333333	C
LHX2	FMN2	0.3333333333333333	C
LHX2	CDK14	0.3333333333333333	C
LHX2	CCND1	0.3333333333333333	C
LHX2	SOX6	0.3333333333333333	C
LHX2	ADGRL3	0.3333333333333333	C
LYL1	BIN1	0.3333333333333333	C
LYL1	CACNA2D4	0.3333333333333333	C
LYL1	DGKZ	0.3333333333333333	C
LYL1	CYTH4	0.3333333333333333	C
LYL1	CYBB	0.3333333333333333	C
LYL1	CUEDC1	0.3333333333333333	C
LYL1	CSK	0.3333333333333333	C
LYL1	CSF1R	0.3333333333333333	C
LYL1	CACNA1C	0.3333333333333333	C
LYL1	CMTM7	0.3333333333333333	C
LYL1	CLIP2	0.3333333333333333	C
LYL1	CHST12	0.3333333333333333	C
LYL1	CD53	0.3333333333333333	C
LYL1	CD34	0.3333333333333333	C
LYL1	CCM2	0.3333333333333333	C
LYL1	CCDC88C	0.3333333333333333	C
LYL1	CMKLR1	0.3333333333333333	C
KMT2B	POLE	0.3333333333333333	C
LEF1	ZDHHC14	0.3333333333333333	C
LEF1	TMEM33	0.3333333333333333	C
LEF1	GSTO1	0.3333333333333333	C
LEF1	GIMAP5	0.3333333333333333	C
LEF1	FHAD1	0.3333333333333333	C
E2F1	CDADC1	0.3333333333333333	C
LEF1	CSMD1	0.3333333333333333	C
LEF1	CHD2	0.3333333333333333	C
LEF1	KCNMA1	0.3333333333333333	C
LEF1	CEMIP2	0.3333333333333333	C
LEF1	BIRC3	0.3333333333333333	C
E2F1	CDC42BPG	0.3333333333333333	C
LEF1	ANK2	0.3333333333333333	C
LEF1	AKT2	0.3333333333333333	C
KMT2B	SYVN1	0.3333333333333333	C
KMT2B	SUPT5H	0.3333333333333333	C
LEF1	BRI3	0.3333333333333333	C
LEF1	TNFRSF19	0.3333333333333333	C
LEF1	LGI1	0.3333333333333333	C
LEF1	MID1	0.3333333333333333	C
LEF1	SLC25A28	0.3333333333333333	C
LEF1	SIPA1L1	0.3333333333333333	C
LEF1	SERINC5	0.3333333333333333	C
LEF1	RNF43	0.3333333333333333	C
LEF1	RCC2	0.3333333333333333	C
LEF1	PRUNE2	0.3333333333333333	C
LEF1	MED1	0.3333333333333333	C
LEF1	PRKCH	0.3333333333333333	C
LEF1	PAK1	0.3333333333333333	C
LEF1	NODAL	0.3333333333333333	C
LEF1	NLGN1	0.3333333333333333	C
LEF1	NKD1	0.3333333333333333	C
LEF1	NETO2	0.3333333333333333	C
LEF1	MYO18B	0.3333333333333333	C
LEF1	PHLDB2	0.3333333333333333	C
ZNF83	ZNF331	0.3333333333333333	C
