source	target	weight	confidence
MYC	TERT	1.0	A
GATA2	DPYSL2	1.0	A
FOXP3	CCR4	1.0	A
FOXP1	RAG1	1.0	A
FOXO4	TNFSF10	1.0	A
FOXM1	CDC25B	1.0	A
FOXL2	SIRT1	1.0	A
NFKB1	GATA3	1.0	A
FOXA2	CFTR	-1.0	A
FOXA1	RET	1.0	A
FOXA1	NF1	1.0	A
FOXA1	MYC	1.0	A
FOXA1	KRT7	1.0	A
FOXA1	CFTR	-1.0	A
FOXA1	ABCA1	-1.0	A
FOXA1	ESR1	1.0	A
FOSL2	NOS2	1.0	A
FOSL2	FOSL1	1.0	A
FOSL2	CCR4	1.0	A
FOSL2	BRCA1	1.0	A
FOSL2	BCL6	1.0	A
FOSL1	ITGB3	-1.0	A
GATA3	CDH1	1.0	A
GATA3	CDX2	1.0	A
GATA3	EPOR	1.0	A
GATA3	IL12RB2	-1.0	A
HIF1A	SOCS1	1.0	A
HIF1A	PPP1R3C	1.0	A
HIF1A	NR3C1	1.0	A
HIF1A	FAM162A	1.0	A
HIF1A	ENO1	1.0	A
HIF1A	E2F3	1.0	A
HIF1A	MIF	1.0	A
HIC1	VLDLR	-1.0	A
HHEX	HNF4A	1.0	A
HIF1A	CXCL12	1.0	A
FOS	SRR	1.0	A
HEY2	GATA6	-1.0	A
GLI2	WNT2B	1.0	A
GLI2	FST	1.0	A
GLI2	FOXA2	1.0	A
GLI2	FAS	-1.0	A
GLI1	EGR2	-1.0	A
GFI1B	MEF2C	-1.0	A
HBP1	NCF1	-1.0	A
GATA3	TCF7L2	1.0	A
RELA	GATA3	1.0	A
GATA3	NFKB1	1.0	A
HEY2	ACTA2	-1.0	A
HIF1A	TLR2	1.0	A
FOS	SPRR3	1.0	A
FOS	SMAD4	1.0	A
ETS2	CDK1	1.0	A
ETS2	CD163	1.0	A
ETS2	ANGPT2	1.0	A
ETS1	WAS	1.0	A
ETS1	TNFSF14	1.0	A
ETS1	TGFBR2	1.0	A
ETS1	TBXAS1	-1.0	A
ETS1	TAF12	1.0	A
ETS1	SPRY2	1.0	A
ETS1	SLC26A3	1.0	A
ETS1	NDRG1	-1.0	A
ETS1	MDM2	-1.0	A
ETS1	LCK	1.0	A
ETS1	IL2RB	1.0	A
ETS1	HPGD	1.0	A
ETS1	GP6	1.0	A
ETS1	FGFBP1	1.0	A
ETS1	F13A1	1.0	A
ETS1	ERG	1.0	A
ETS1	CSNK2B	1.0	A
ETS1	CSF3R	1.0	A
ETS2	CSF3R	1.0	A
ETS2	EGR1	1.0	A
ETS2	ERG	1.0	A
ETS2	MSR1	1.0	A
FOS	PLAU	1.0	A
FOS	PDHA1	1.0	A
FOS	NTS	1.0	A
FOS	NTF3	1.0	A
FOS	NFKB1	-1.0	A
FOS	NEFL	1.0	A
FOS	LRIG2	1.0	A
FOS	HSPH1	1.0	A
FOS	FOXA1	1.0	A
FOS	FAS	1.0	A
SPI1	FOS	1.0	A
FOS	DDIT3	1.0	A
FOS	BATF3	1.0	A
FOS	ACTA1	1.0	A
FLI1	ID2	1.0	A
FOXO1	RAG1	1.0	A
ETV4	TNF	1.0	A
ETV4	TIMP2	1.0	A
ETV4	BDKRB1	1.0	A
ETV3	NFKB1	-1.0	A
ETS2	VWF	1.0	A
ETS2	PDE7A	1.0	A
FOS	BCL2L1	1.0	A
HIF1A	TLR6	1.0	A
HIF1A	VEGFB	1.0	A
HIF1A	ZNF217	1.0	A
MITF	PRKCB	1.0	A
MITF	PMEL	1.0	A
MITF	HERC2	1.0	A
MITF	GPNMB	1.0	A
MITF	CDK2	1.0	A
MITF	BCL2A1	-1.0	A
MEF2D	SOST	-1.0	A
MEF2D	ATF3	1.0	A
MEF2C	SOST	-1.0	A
MEF2C	CPT1B	1.0	A
MEF2C	NR4A1	-1.0	A
LHX4	POU1F1	1.0	A
LEF1	TCF3	1.0	A
LEF1	NT5E	1.0	A
LEF1	CCL7	1.0	A
LEF1	BIRC5	1.0	A
KLF6	LTC4S	1.0	A
KLF5	NOTCH1	1.0	A
KLF4	THBD	1.0	A
KLF10	CDKN1A	1.0	A
LEF1	NRCAM	1.0	A
MITF	SERPINF1	1.0	A
MSC	IL10	1.0	A
MSC	MMP2	1.0	A
MYB	CEBPA	1.0	A
NCOA3	BCL2	1.0	A
NANOG	LAMB1	-1.0	A
NANOG	L1TD1	1.0	A
NANOG	GATA4	-1.0	A
NANOG	CDX2	-1.0	A
MYC	WRN	1.0	A
MYC	TFAP4	1.0	A
MYC	ST3GAL1	1.0	A
MYC	SHMT1	1.0	A
MYC	HLA-F	1.0	A
JUND	ITGB3	-1.0	A
MYC	HDAC2	1.0	A
MYBL2	PSG1	1.0	A
MYBL1	NCL	1.0	A
MYB	WAS	1.0	A
MYB	TK1	1.0	A
MYB	NMU	1.0	A
MZF1	MYB	1.0	A
NFKB1	COL1A1	-1.0	A
MYB	GSTM1	1.0	A
MYB	SIM2	1.0	A
MYB	COL1A1	1.0	A
MYC	ASS1	1.0	A
JUND	ITGAV	-1.0	A
JUND	IL3	1.0	A
JUN	VCAM1	1.0	A
IRF3	IRF7	1.0	A
IRF1	IL10	1.0	A
IRF1	CASP7	1.0	A
HSF2	MAPK8	-1.0	A
HSF2	MAP2K4	-1.0	A
HOXD3	ITGB3	1.0	A
HOXD3	ITGB1	1.0	A
HOXC8	TNFRSF11B	1.0	A
HOXB13	TCF4	-1.0	A
HOXA5	TH	1.0	A
IRF3	PURA	-1.0	A
HOXA4	TH	1.0	A
HNF4G	CYP2D6	1.0	A
HNF4A	TCF7L2	1.0	A
HNF4A	TBP	1.0	A
HNF4A	SERPINC1	1.0	A
HNF4A	PCSK9	1.0	A
HNF4A	LDLR	1.0	A
HNF4A	GPR39	1.0	A
HNF4A	CEACAM1	1.0	A
HNF4A	ABCG5	-1.0	A
HLF	RUNX1	-1.0	A
HOXA10	ITGB3	1.0	A
ETS1	COL1A1	1.0	A
IRF4	FCER2	1.0	A
IRF7	CXCL10	1.0	A
JUN	TXN	1.0	A
JUN	TNFRSF10A	1.0	A
JUN	TIMP2	1.0	A
JUN	SPRR3	1.0	A
JUN	RARB	1.0	A
JUN	POLD2	1.0	A
JUN	PDHA1	1.0	A
JUN	NOX5	1.0	A
JUN	NFKB2	1.0	A
JUN	RUNX2	1.0	A
IRF5	TNF	1.0	A
JUN	MGP	1.0	A
JUN	HEY1	1.0	A
JUN	ETS2	1.0	A
JUN	CTSL	1.0	A
JUN	CREM	1.0	A
JUN	CD82	1.0	A
JUN	BATF3	1.0	A
IRF9	PML	1.0	A
IRF9	IL27	-1.0	A
JUN	ACTA1	1.0	A
IRF7	IFNA2	1.0	A
JUN	LBP	-1.0	A
ETS1	CD8A	1.0	A
ETS1	EMSY	1.0	A
ESRRA	NR2F6	-1.0	A
CEBPA	STAT3	1.0	A
CEBPA	SLC10A1	1.0	A
CEBPA	SERPINC1	1.0	A
CEBPA	SAA1	1.0	A
CEBPA	PCK2	1.0	A
CEBPA	MSR1	1.0	A
CEBPA	MAD1L1	1.0	A
CEBPA	IL5	1.0	A
CEBPA	IL3	1.0	A
CEBPA	IL10	1.0	A
CEBPA	IGF1	1.0	A
CEBPA	ID1	1.0	A
CEBPA	ICAM1	1.0	A
CEBPA	HSPA4	1.0	A
CEBPA	HOMER3	1.0	A
CEBPA	CXCR2	1.0	A
CEBPA	CSF1	1.0	A
CEBPA	FN1	1.0	A
CDX2	SLC9A2	1.0	A
BCL6	IRF4	-1.0	A
BCL6	HDAC7	-1.0	A
CEBPA	VLDLR	1.0	A
CEBPB	CSF3R	1.0	A
CEBPB	CSRP1	1.0	A
CEBPB	F8	1.0	A
CREB1	SLC19A1	1.0	A
CREB1	ODC1	1.0	A
CREB1	NTS	1.0	A
CREB1	MSMB	1.0	A
CREB1	HPGD	1.0	A
CREB1	HLA-DQB1	1.0	A
CREB1	ERBB2	1.0	A
CREB1	CYP17A1	1.0	A
CREB1	CYP11B1	1.0	A
CREB1	CXCR4	1.0	A
ATF6	SRF	1.0	A
CREB1	CCL5	1.0	A
CREB1	ADRA1A	1.0	A
CEBPE	MYC	-1.0	A
CEBPE	GATA1	-1.0	A
CEBPE	CTSG	1.0	A
CEBPD	POU5F1	1.0	A
CEBPD	GADD45G	1.0	A
CEBPB	SLC10A1	1.0	A
CEBPB	IL24	1.0	A
CEBPB	GADD45G	1.0	A
CEBPB	FURIN	1.0	A
CREB1	BDKRB1	1.0	A
ATF6	RTN3	1.0	A
ATF6	DNAJC3	1.0	A
ATF6	DDIT3	1.0	A
AR	FOXA1	1.0	A
AR	CDH2	1.0	A
TCFL5	CD2	-1.0	A
NFAT5	S100A4	1.0	A
MXD4	ODC1	1.0	A
CEBPZ	SOX9	1.0	A
CEBPZ	MLH1	-1.0	A
TP63	PPARA	1.0	A
CEBPZ	COL11A1	-1.0	A
KLF11	PDX1	1.0	A
AR	KLF5	1.0	A
ZNF202	ABCA1	-1.0	A
VDR	IL10	-1.0	A
USF2	SF1	1.0	A
USF2	TGFB2	1.0	A
USF2	TCN2	1.0	A
USF2	P4HA1	1.0	A
USF2	CYP1A2	1.0	A
YY1	FDPS	-1.0	A
USF2	CEACAM1	1.0	A
USF1	SERBP1	1.0	A
USF1	TGFB2	1.0	A
ZNF143	ESCO2	1.0	A
CREB1	POLD2	1.0	A
AR	NDRG1	1.0	A
AR	PNRC1	1.0	A
ATF5	DISC1	1.0	A
ATF4	DISC1	1.0	A
ATF4	CXCL8	1.0	A
ATF2	PCK2	1.0	A
ATF2	IMPDH2	1.0	A
ATF2	CYP11B2	1.0	A
ATF2	CYP11B1	1.0	A
ATF1	TOP2A	1.0	A
ATF1	SLC20A1	1.0	A
ATF1	PLAUR	1.0	A
AR	PIGR	1.0	A
ATF1	PCSK1	1.0	A
ATF1	MAP1LC3B	1.0	A
ATF1	LDHA	1.0	A
ATF1	FLT1	1.0	A
ATF1	ERBB2	1.0	A
ATF1	CYP11B2	1.0	A
ATF1	CYP11B1	1.0	A
ATF1	CCNA1	-1.0	A
FOS	ARNT	1.0	A
ARNT	BHLHE40	1.0	A
AR	TRPS1	1.0	A
ATF1	NTS	1.0	A
NFIC	JUN	1.0	A
CREB1	RRM2B	1.0	A
CREB3L1	SLC1A4	-1.0	A
EGR1	UBE2S	1.0	A
EGR1	TOE1	1.0	A
EGR1	TFPI2	1.0	A
EGR1	TCF4	1.0	A
EGR1	PTP4A1	1.0	A
EGR1	PTGS2	1.0	A
EGR1	POR	1.0	A
EGR1	PLAUR	1.0	A
EGR1	PLAU	1.0	A
EGR1	PCSK2	1.0	A
EGR1	LMTK2	1.0	A
EGR1	IL2RB	1.0	A
EGR1	HYAL1	1.0	A
EGR1	FCER2	-1.0	A
EGR1	EP300	1.0	A
EGR1	CDK5R1	1.0	A
EGR1	IMPDH2	1.0	A
EGR1	AKR1B1	1.0	A
E2F8	E2F1	-1.0	A
E2F7	E2F1	-1.0	A
E2F5	MYC	-1.0	A
ELK1	ERBB2	1.0	A
ELK1	CITED2	1.0	A
ELK1	FUT4	1.0	A
ELK1	PDGFB	1.0	A
ETS1	IL3	-1.0	A
ESR2	TFF1	1.0	A
ESR2	PTPRC	1.0	A
ESR2	MKNK2	1.0	A
ESR2	JUN	1.0	A
ESR2	FOS	-1.0	A
ESR2	CTSD	1.0	A
ETS1	ITGB3	1.0	A
ESR2	CD68	1.0	A
ESR1	YWHAQ	1.0	A
E2F4	TOPBP1	-1.0	A
ESR1	UGT2B15	1.0	A
ESR1	CXCL12	1.0	A
ESR1	CTNNB1	-1.0	A
ESR1	CHAT	1.0	A
ESR1	JUNB	1.0	A
ESR1	CEBPB	1.0	A
ESR1	BLM	1.0	A
ERG	FGF2	-1.0	A
ERG	TMPRSS2	1.0	A
EPAS1	CA9	1.0	A
YY1	EP300	1.0	A
ESR1	MICB	1.0	A
E2F4	MCM10	-1.0	A
E2F4	LIN54	1.0	A
E2F4	HCFC1	1.0	A
E2F1	FANCA	1.0	A
E2F1	ETV4	1.0	A
E2F1	ERCC1	1.0	A
E2F1	DRAM1	1.0	A
E2F1	CUX1	1.0	A
E2F1	CTNNBIP1	1.0	A
E2F1	DNMT1	1.0	A
E2F1	CASP7	1.0	A
E2F1	AURKA	1.0	A
DNMT1	TIMP3	-1.0	A
E2F1	KDR	1.0	A
DNMT1	MSH2	1.0	A
CTCF	SLC6A4	1.0	A
CTCF	SIX5	1.0	A
CTCF	PTPRG	1.0	A
CTCF	PBXIP1	1.0	A
CTCF	ETNK2	1.0	A
CTCF	DMPK	1.0	A
CTCF	CCND1	1.0	A
CTCF	BBC3	1.0	A
CTCF	ASAP2	1.0	A
CREM	DUSP1	-1.0	A
DNMT1	SFRP5	1.0	A
CREB1	SLC20A1	1.0	A
E2F1	FHIT	-1.0	A
E2F1	GINS3	1.0	A
E2F4	CUX1	1.0	A
E2F4	CDK2	1.0	A
E2F4	AURKB	1.0	A
E2F3	PLK1	1.0	A
E2F1	WWOX	-1.0	A
E2F1	ULK1	1.0	A
E2F1	TOP2A	1.0	A
E2F1	ZNF350	-1.0	A
E2F1	RRP1B	1.0	A
E2F1	RRM2	1.0	A
E2F1	FLT1	1.0	A
E2F1	RRM1	1.0	A
E2F1	RASGEF1B	1.0	A
E2F1	PTPRO	1.0	A
E2F1	NPAT	1.0	A
E2F1	MYH10	1.0	A
E2F1	MYB	1.0	A
E2F1	MEFV	1.0	A
E2F1	MCM5	1.0	A
E2F1	MAPK8	1.0	A
E2F1	MAP1LC3A	1.0	A
E2F1	IL1B	1.0	A
E2F1	RASGRP1	1.0	A
NFATC1	IFNG	1.0	A
NFE2L2	GSTA1	1.0	A
NFE2L2	MTHFR	1.0	A
SP1	MNDA	1.0	A
SP1	MME	1.0	A
SP1	MCTS1	1.0	A
SP1	MAT2B	1.0	A
SP1	KRT5	1.0	A
SP1	KRT19	1.0	A
SP1	IMPDH2	1.0	A
SP1	HTR1A	1.0	A
SP1	HSD17B1	1.0	A
SP1	HOXB7	1.0	A
SP1	HLA-G	1.0	A
SP1	HDAC4	1.0	A
SP1	HCN2	1.0	A
SP1	IL2RB	1.0	A
SP1	GH2	1.0	A
SP1	CYP7A1	1.0	A
SP1	COL18A1	1.0	A
SP1	CD83	1.0	A
SP1	CD163	1.0	A
SP1	AREG	1.0	A
SP1	ADRA2B	1.0	A
SP1	MPG	1.0	A
SP3	MSH6	1.0	A
SP1	NFKB2	1.0	A
STAT1	CCL3	1.0	A
SP3	SLC19A3	1.0	A
SP3	RORA	1.0	A
SP3	HOXB7	1.0	A
SPI1	CD163	1.0	A
SP3	ETF1	-1.0	A
SPI1	BPI	1.0	A
SP3	CYP17A1	1.0	A
SP3	CD83	1.0	A
SP3	CD14	1.0	A
SP3	BPI	1.0	A
SP1	ADRA1A	1.0	A
SP2	DNMT3B	1.0	A
SP1	YY1	1.0	A
SP1	TNFSF14	1.0	A
SP1	TGM4	1.0	A
SP1	TFPI2	1.0	A
SPI1	MSR1	1.0	A
SP1	RORA	1.0	A
SP1	PPL	1.0	A
SPI1	CSF2RA	1.0	A
SP1	PDHA1	1.0	A
SP1	PDE6A	1.0	A
SP100	ETS1	-1.0	A
SP1	ADH6	1.0	A
SPI1	CD22	1.0	A
SP1	ADAM10	1.0	A
RUNX3	TCF4	1.0	A
RUNX3	MMP9	-1.0	A
RUNX3	ICAM3	-1.0	A
RUNX3	CFLAR	-1.0	A
RUNX3	CASP8	1.0	A
RUNX1	PIK3CD	1.0	A
RUNX1	NFKB1	1.0	A
RUNX1	MECOM	1.0	A
RUNX1	MAD2L1	-1.0	A
RUNX1	ITGB2	1.0	A
RXRA	ABCC3	-1.0	A
RORC	IL22	1.0	A
RORA	TUBA1B	1.0	A
RFX5	HLA-DRB5	1.0	A
RFX5	HLA-DRB4	1.0	A
RFX5	HLA-DRB3	1.0	A
RFX5	HLA-DRA	1.0	A
RFX5	HLA-DQB1	1.0	A
RFX5	HLA-DQA2	1.0	A
RFX5	HLA-DQA1	1.0	A
RFX5	HLA-DRB1	1.0	A
RFX5	HLA-DPB1	1.0	A
RORC	IL17A	1.0	A
SP3	SLC1A3	1.0	A
RXRA	CPT1B	1.0	A
SMAD3	ZFP36	1.0	A
SP1	ACAN	1.0	A
SOX9	PRAME	-1.0	A
SOX6	TP53	1.0	A
SOX4	HDAC8	1.0	A
SOX2	RHO	-1.0	A
SOX2	ISL1	-1.0	A
SOX10	COL11A2	1.0	A
SP1	AGT	1.0	A
SNAI2	JAG1	1.0	A
SNAI2	CXCR4	1.0	A
SALL4	ZEB1	1.0	A
SNAI1	THBS1	-1.0	A
SMAD4	ZFP36	1.0	A
SMAD4	EPO	1.0	A
SMAD4	DACH1	-1.0	A
SMAD4	COL7A1	1.0	A
SMAD4	BTRC	-1.0	A
SMAD4	AHR	1.0	A
SMAD3	FSTL3	1.0	A
SMAD3	COL7A1	1.0	A
SMAD3	AHR	1.0	A
SMAD1	TNFRSF11B	1.0	A
SNAI1	HBEGF	1.0	A
RFX5	HLA-DPA1	1.0	A
SP3	TGM4	1.0	A
SP4	ERBB2	1.0	A
TCF7L2	ABCB1	1.0	A
TCF7	SNAI2	1.0	A
TCF4	VIM	1.0	A
TCF4	NRXN1	1.0	A
TCF4	CCND1	1.0	A
TCF4	ABCB1	1.0	A
TCF3	CDK6	-1.0	A
TCF3	BBC3	-1.0	A
TBX5	CDKN2A	1.0	A
TBP	FUS	-1.0	A
TAL1	ERG	1.0	A
TAL1	CD34	-1.0	A
STAT6	FOS	1.0	A
STAT5B	IFNG	1.0	A
STAT5B	CEL	1.0	A
STAT5B	BCL6	1.0	A
STAT5B	ESR2	1.0	A
STAT5A	CEL	1.0	A
STAT4	SOCS3	-1.0	A
STAT4	PIM1	1.0	A
STAT3	ZFP36	1.0	A
TCF7L2	BIRC5	1.0	A
TCF7L2	CTNNB1	1.0	A
TCF7L2	SNAI2	1.0	A
TCF7L2	STAT3	1.0	A
TFAP2B	DRD1	1.0	A
TFAP2A	TIMP2	1.0	A
TFAP2A	SPRY2	1.0	A
TFAP2A	SNAP91	1.0	A
TFAP2A	PTGS2	1.0	A
TFAP2A	PRKCA	1.0	A
TFAP2A	POLD2	1.0	A
TFAP2A	L1CAM	1.0	A
TFAP2A	KRT5	1.0	A
TFAP2A	HTT	1.0	A
STAT3	VEGFB	1.0	A
TFAP2A	HIP1	1.0	A
TFAP2A	GPX4	1.0	A
TFAP2A	GAST	1.0	A
TFAP2A	GALNT3	1.0	A
TFAP2A	CRX	1.0	A
TFAP2A	CRABP2	1.0	A
TFAP2A	CGA	1.0	A
TFAP2A	CFTR	1.0	A
TFAP2A	CCNB1	1.0	A
TFAP2A	ADRA2B	1.0	A
TFAP2A	ADRA1A	1.0	A
TFAP2A	GUSB	1.0	A
STAT3	NOX5	1.0	A
STAT3	MYD88	1.0	A
STAT3	LTBP1	-1.0	A
STAT1	CFTR	1.0	A
STAT1	STAT2	1.0	A
STAT1	CEBPE	1.0	A
STAT1	CCR1	1.0	A
SRF	SAMD4A	1.0	A
SRF	MMP2	1.0	A
SRF	FOSL1	1.0	A
SRF	ACTA1	1.0	A
STAT1	APP	1.0	A
SPIB	IRF7	-1.0	A
STAT1	CTSB	1.0	A
SPI1	WAS	1.0	A
SPI1	SCARB2	1.0	A
SPI1	SCARB1	1.0	A
SPI1	P2RY10	1.0	A
SPI1	MNDA	1.0	A
SPI1	MACROD1	-1.0	A
SPI1	IL5	1.0	A
SPI1	ERAP2	1.0	A
SPDEF	AGR2	1.0	A
SP4	YY1	1.0	A
SP4	PDE6B	1.0	A
SPI1	STAT3	1.0	A
SP3	TIMP2	1.0	A
STAT1	CTSL	1.0	A
STAT1	FGFR3	-1.0	A
STAT3	IL2RA	1.0	A
STAT3	IFNAR1	1.0	A
STAT3	HSPB1	1.0	A
STAT3	HMOX1	1.0	A
STAT3	FAS	-1.0	A
STAT3	CSRP1	1.0	A
STAT3	CISH	1.0	A
STAT3	CFB	1.0	A
STAT3	CDK4	1.0	A
STAT3	CCND3	1.0	A
STAT1	EGFR	1.0	A
STAT1	VIP	1.0	A
TP53	STAT1	1.0	A
STAT1	TLR3	1.0	A
STAT1	TIMP1	1.0	A
STAT1	PLSCR1	1.0	A
STAT1	PIM1	1.0	A
STAT1	NOX5	1.0	A
STAT1	KRT17	1.0	A
STAT1	IL2RA	1.0	A
STAT1	IL1R1	-1.0	A
STAT1	HMOX1	1.0	A
STAT1	TP53	1.0	A
USF1	TCN2	1.0	A
RFX5	HLA-DOB	1.0	A
RFX5	HLA-DMB	1.0	A
NFKB1	SERPINA3	-1.0	A
NFKB1	RRM2B	1.0	A
NFKB1	PTPN13	1.0	A
NFKB1	PTAFR	1.0	A
NFKB1	PLAU	1.0	A
NFKB1	PDE7A	1.0	A
NFKB1	PLAUR	1.0	A
NFKB1	NOLC1	1.0	A
NFKB1	MMP2	1.0	A
NFKB1	MMP14	1.0	A
NFKB1	MICA	1.0	A
NFKB1	MAT2A	1.0	A
NFKB1	MADCAM1	1.0	A
NFKB1	LPL	1.0	A
NFKB1	KLK3	1.0	A
NFKB1	JUNB	1.0	A
NFKB1	IRF1	1.0	A
NFKB1	IL12B	-1.0	A
NFKB1	IL12A	1.0	A
NFKB1	HLA-F	1.0	A
NFKB1	GSTP1	1.0	A
NFKB1	SERPINB1	1.0	A
NFKB1	SERPINE1	1.0	A
NFKB1	SOCS3	1.0	A
NFKB1	TFF3	1.0	A
NR1H4	ABCB4	1.0	A
NFYB	FXR2	1.0	A
NFYA	FXR2	1.0	A
NFKB2	SND1	1.0	A
NFKB2	CDK6	1.0	A
NFKB2	CCND2	1.0	A
NFKB2	CCL21	1.0	A
NFKB1	XIAP	1.0	A
NFKB1	VEGFA	1.0	A
NR2F6	LHCGR	-1.0	A
NFKB1	RIPK2	1.0	A
NFKB1	TRAF1	1.0	A
NFKB1	TNFRSF10B	1.0	A
NFKB1	TNFRSF10A	1.0	A
NFKB1	TNFAIP3	1.0	A
NFKB1	TNC	1.0	A
PAX6	ITGA5	1.0	A
NFKB1	TLR2	1.0	A
NFKB1	TIMP1	-1.0	A
NFKB1	THBD	-1.0	A
NFKB1	TFPI2	1.0	A
NFKB1	TBX21	1.0	A
NFKB1	TNFSF10	1.0	A
NFKB1	GDNF	1.0	A
NFKB1	GADD45G	1.0	A
NFKB1	VEGFD	1.0	A
NFKB1	AMH	1.0	A
NFKB1	CD80	1.0	A
NFKB1	AKT1	-1.0	A
NFKB1	AGER	1.0	A
NFKB1	ADORA1	1.0	A
NFKB1	ABCB1	1.0	A
NFKB1	A2M	1.0	A
NFIC	TFPI2	1.0	A
NFIC	SLC34A2	1.0	A
NFIC	POLE2	1.0	A
NFKB1	ATF3	1.0	A
NFIC	POLD2	1.0	A
NFIC	ITGA5	-1.0	A
NFIC	HSD11B2	1.0	A
NFIC	HMGB1	1.0	A
NFIC	GUCY1B1	1.0	A
NFIC	GTF3C2	1.0	A
NFIC	GTF3C1	1.0	A
NFIC	COL1A1	1.0	A
NFIC	COL18A1	1.0	A
NFIC	ALAS1	1.0	A
NFIA	CDKN1A	-1.0	A
NFIC	MATN1	-1.0	A
NPAS2	CRY2	1.0	A
NFKB1	B2M	1.0	A
NFKB1	BIRC3	1.0	A
NFKB1	FBP1	1.0	A
NFKB1	FASLG	1.0	A
NFKB1	F8	1.0	A
NFKB1	F3	1.0	A
NFKB1	IL18	1.0	A
NFKB1	EDN1	1.0	A
NFKB1	CYP27B1	1.0	A
NFKB1	CYP19A1	-1.0	A
NFKB1	CXCL2	1.0	A
NFKB1	CTSB	1.0	A
NFKB1	BIRC2	1.0	A
NFKB1	CSNK2A1	1.0	A
NFKB1	CD69	1.0	A
NFKB1	CD58	1.0	A
NFKB1	CCR7	1.0	A
NFKB1	CCND2	1.0	A
NFKB1	CCL5	1.0	A
NFKB1	CCL4	1.0	A
NFKB1	CCL3	1.0	A
NFKB1	CCL22	1.0	A
NFKB1	CD83	1.0	A
NFKB1	BST1	1.0	A
NFKB1	CD86	1.0	A
RFX5	HLA-DOA	1.0	A
NR1H4	NR1I2	1.0	A
NR3C1	ATF2	-1.0	A
RELA	IRF4	1.0	A
RELA	IL1A	1.0	A
RELA	IL18	1.0	A
RELA	HDAC1	1.0	A
RELA	GADD45G	1.0	A
RELA	VEGFD	1.0	A
RELA	EPAS1	1.0	A
E2F1	RELA	1.0	A
RELA	XIAP	1.0	A
RELA	CTSB	1.0	A
RELA	COL2A1	-1.0	A
RELA	COL1A1	-1.0	A
RELA	CFLAR	1.0	A
RELA	CDK6	1.0	A
RELA	CDK4	1.0	A
RELA	CD83	1.0	A
RELA	CD69	1.0	A
RELA	CD58	1.0	A
RELA	PPARD	-1.0	A
RELA	CCL4	1.0	A
RELA	BIRC5	1.0	A
RELA	KLK3	1.0	A
RELA	MMP14	1.0	A
RELA	MMP2	1.0	A
RELA	NCAM1	1.0	A
RFX5	HLA-DMA	1.0	A
RFX1	MYC	-1.0	A
RELB	PIGR	1.0	A
RELB	CD40	1.0	A
RELB	CCL21	1.0	A
RELA	VEGFA	1.0	A
RELA	TRIB3	-1.0	A
RELA	TNFRSF10B	1.0	A
RELA	TNFRSF10A	-1.0	A
RELA	TNFAIP3	1.0	A
RELA	BIRC2	1.0	A
RELA	THBD	-1.0	A
RELA	TBX21	1.0	A
RELA	SNAI1	1.0	A
RELA	SLC25A27	1.0	A
RELA	RIPK2	1.0	A
RELA	PTPN13	1.0	A
RELA	PTHLH	1.0	A
RELA	PLAUR	1.0	A
RELA	PCK2	-1.0	A
RELA	OPTN	1.0	A
RELA	NOLC1	1.0	A
RELB	CCL19	1.0	A
RELA	AMH	1.0	A
RELA	AGER	1.0	A
REL	TNFAIP3	1.0	A
POU2F2	SPI1	1.0	A
POU2F2	IL5	1.0	A
POU2F1	TXNRD1	1.0	A
POU2F1	ST6GAL1	1.0	A
POU2F1	SNAPC1	1.0	A
POU2F1	RRM2B	1.0	A
POU2F1	POU2AF1	1.0	A
POU2F1	PLAU	1.0	A
POU2F1	GCM1	1.0	A
POU2F1	BDKRB1	1.0	A
POU2F2	SPP1	1.0	A
POU2F1	GNRH1	1.0	A
PKNOX1	PTPN6	1.0	A
RELA	PGR	-1.0	A
PGR	KLK3	1.0	A
PAX6	PDHX	-1.0	A
PAX5	BCL2	-1.0	A
PAX2	TP53	-1.0	A
NRF1	FXR2	1.0	A
PAX6	ITGB1	1.0	A
NR3C1	ETS1	-1.0	A
NR3C1	CDK6	-1.0	A
POU1F1	GH2	1.0	A
NR2F1	APOA2	-1.0	A
POU3F1	GNRH1	1.0	A
POU3F2	GNRH1	1.0	A
REL	CSRP1	1.0	A
RARG	ICAM1	1.0	A
ATF2	RB1	1.0	A
RARA	THBD	1.0	A
RARA	SCD	1.0	A
RARA	PRKCA	1.0	A
RARA	MACROD1	-1.0	A
RARA	ETS1	1.0	A
RARA	CCNA1	-1.0	A
PROX1	NR5A2	-1.0	A
PPARA	MMP9	-1.0	A
PPARG	TSHR	-1.0	A
PPARG	POU2F1	1.0	A
PPARG	CPT1B	1.0	A
PPARG	CD83	1.0	A
PPARG	APOBR	-1.0	A
PPARG	APOB	-1.0	A
PPARD	LPL	1.0	A
PPARA	TUBA1B	-1.0	A
PPARA	APOBR	-1.0	A
PPARA	APOB	1.0	A
POU5F1	ID2	-1.0	A
PPARG	TNFRSF11B	-1.0	A
USF1	OGN	1.0	A
USF1	CYP3A4	1.0	A
USF1	CYP1A2	1.0	A
E2F4	NUSAP1	1.0	A
E2F4	DROSHA	1.0	A
ELK1	PTPRZ1	1.0	A
E2F4	ANAPC15	1.0	A
E2F4	CBX5	1.0	A
E2F4	UBE2C	1.0	A
E2F4	PGRMC1	1.0	A
E2F4	DLEU1	1.0	A
E2F4	H2BC11	1.0	A
E2F4	YBX3	1.0	A
E2F4	SMARCA5	1.0	A
E2F4	UXT	1.0	A
E2F4	BORA	1.0	A
E2F4	H3C3	1.0	A
E2F4	TYMS	1.0	A
E2F4	TTK	-1.0	A
E2F4	RRM1	1.0	A
E2F4	RPA3	1.0	A
E2F4	RECQL	1.0	A
E2F4	RBBP5	1.0	A
E2F4	PCNA	1.0	A
ETS1	MYB	1.0	A
E2F4	CDCA4	1.0	A
E2F4	PRR11	1.0	A
E2F4	CENPO	1.0	A
ESR1	NEK6	1.0	A
ESR1	CCT6B	1.0	A
ESR1	TRIM16	1.0	A
ESR1	SPATA2	1.0	A
ESR1	TYMS	1.0	A
ESR1	TRH	1.0	A
ESR1	SPARC	1.0	A
ESR1	POR	1.0	A
ESR1	NOTCH2	1.0	A
ESR1	MB	1.0	A
E2F4	NASP	1.0	A
ESR1	LGALS8	1.0	A
ESR1	FBLN2	1.0	A
ESR1	EDN3	1.0	A
ESR1	CLDN4	1.0	A
ESR1	CEACAM3	1.0	A
ESR1	CD86	1.0	A
ESR1	CAPN2	1.0	A
ESR1	BCL9	1.0	A
FOXO1	PCK2	1.0	A
ERG	NOS3	1.0	A
E2F4	WDR76	1.0	A
ESR1	GSN	1.0	A
E2F4	MTHFD1	1.0	A
E2F4	MFAP1	1.0	A
E2F4	MAP3K5	1.0	A
CEBPB	GFER	-1.0	A
CEBPB	CSH2	1.0	A
CEBPB	BCL2L1	1.0	A
CEBPB	FASLG	1.0	A
CEBPA	SMYD2	1.0	A
E2F1	H2BC11	1.0	A
CEBPA	THOC1	1.0	A
CEBPA	STAR	1.0	A
CEBPA	IGF2	1.0	A
CEBPA	GAPDH	1.0	A
CEBPB	S100A9	1.0	A
CEBPA	F9	1.0	A
ATF3	CCL5	1.0	A
ATF1	UGT8	1.0	A
ATF1	BCL2	1.0	A
ASCL1	PCSK6	-1.0	A
ARNT	UGT1A6	1.0	A
AR	SORD	1.0	A
AR	PRKCD	1.0	A
AR	CRISP1	1.0	A
AHR	FOS	1.0	A
SPI1	TFEC	1.0	A
CEBPA	ALOX5AP	1.0	A
ESR1	SEC61B	1.0	A
CEBPD	ALOX5AP	1.0	A
CREB1	PCSK1	1.0	A
E2F4	EPAS1	1.0	A
E2F4	DHPS	1.0	A
E2F4	DDX11	1.0	A
E2F4	CDC25C	1.0	A
E2F4	CDC6	1.0	A
E2F3	MAP3K5	1.0	A
E2F4	CYP27B1	1.0	A
E2F2	MAP3K5	1.0	A
E2F1	CDCA4	1.0	A
E2F1	CBX5	1.0	A
CEBPD	GAPDH	1.0	A
E2F1	DGKI	1.0	A
E2F1	H4C6	1.0	A
E2F1	SAFB	1.0	A
GABPA	TOMM70	1.0	A
E2F1	MAP3K5	1.0	A
E2F1	MEIS1	1.0	A
E2F1	EYA2	1.0	A
E2F1	DCC	1.0	A
E2F1	BMP4	1.0	A
CREB1	UXT	1.0	A
CREB1	UGT8	1.0	A
E2F1	SMARCA5	1.0	A
TP53	SESN1	1.0	A
ESR1	NID2	1.0	A
ESR1	NBPF1	1.0	A
HNF4A	AKR1C4	1.0	A
CEBPA	HNF4A	1.0	A
HNF4A	CEBPA	1.0	A
FOXA1	IFI27	1.0	A
HNF4A	FABP2	1.0	A
FOXA1	CEBPA	1.0	A
NR3C1	RLN1	1.0	A
NR3C1	ATP1B1	-1.0	A
GATA6	APOA1	1.0	A
GATA3	ST8SIA6	1.0	A
GATA3	BPIFB1	1.0	A
GATA3	NETO1	1.0	A
GATA3	FBXO11	1.0	A
GATA3	SPEF2	1.0	A
GATA3	ZXDC	1.0	A
GATA3	FNDC3B	1.0	A
GATA3	SLC24A3	1.0	A
GATA3	GALNT10	1.0	A
GATA3	TET2	1.0	A
GATA3	GCNT4	1.0	A
GATA3	PDE7B	1.0	A
HNF4A	GFER	-1.0	A
HNF4G	AKR1C4	1.0	A
IRF8	CYBB	1.0	A
RBPJ	NFKB1	1.0	A
MYC	ACOX1	1.0	A
MYC	ACO2	1.0	A
MYC	ACADM	1.0	A
MYBL2	MYB	1.0	A
NR3C2	ATP1B1	-1.0	A
MITF	HOXB4	1.0	A
MAF	ITGB7	1.0	A
SMAD4	BGLAP	1.0	A
SMAD3	POR	1.0	A
JUND	NQO2	1.0	A
GATA3	MYRIP	1.0	A
JUND	CSTA	1.0	A
JUND	CD40LG	1.0	A
JUNB	PTGS2	1.0	A
JUN	UGT2B15	1.0	A
JUN	PPARA	1.0	A
JUN	NTRK1	1.0	A
JUN	MMP12	1.0	A
JUN	IL1A	1.0	A
JUN	CSTA	1.0	A
JUN	NAT1	1.0	A
IRF1	CYBB	1.0	A
JUND	CLU	1.0	A
GATA3	ATXN10	1.0	A
GATA3	ZNF507	1.0	A
GATA3	BLCAP	1.0	A
GATA1	NFE2	1.0	A
GATA1	CYBB	1.0	A
FOSL2	UGT2B15	1.0	A
FOSL2	PLAUR	1.0	A
FOSL2	IVL	1.0	A
FOSL2	CLU	1.0	A
FOS	LOXL4	1.0	A
NR5A2	CYP11B1	1.0	A
FOS	MAF	1.0	A
FOS	IL1A	1.0	A
GATA3	CD40LG	1.0	A
FOS	CSTA	1.0	A
FOS	NAT1	1.0	A
ETV4	AGTR1	1.0	A
ETS2	JAK3	1.0	A
ETS1	VWF	1.0	A
ETS1	JAK3	1.0	A
ETS1	EGR1	1.0	A
ESR1	NOTCH2NLA	1.0	A
ESR1	NBPF15	1.0	A
ESR1	NBPF4	1.0	A
ESR1	ARID5B	1.0	A
FOS	CD40LG	1.0	A
ESR1	POFUT1	1.0	A
GATA2	CYBB	-1.0	A
GATA2	WT1	1.0	A
GATA3	UST	1.0	A
GATA3	ARNT2	1.0	A
GATA3	SLIT2	1.0	A
GATA3	TLR5	1.0	A
GATA3	SVIL	1.0	A
GATA3	SST	1.0	A
GATA3	RBMS1	1.0	A
GATA3	PDE3A	1.0	A
GATA3	NRCAM	1.0	A
GATA3	ITPK1	1.0	A
GATA2	MYC	1.0	A
GATA3	GRM7	1.0	A
GATA3	EPHA7	1.0	A
GATA3	EGFR	1.0	A
GATA3	EDN1	1.0	A
GATA3	ABCC2	1.0	A
GATA3	SEPTIN7	1.0	A
GATA3	CD8B	1.0	A
GATA3	CD8A	1.0	A
GATA3	ATP2B1	1.0	A
GATA3	RHOH	1.0	A
GATA3	APBA1	1.0	A
GATA3	EPO	-1.0	A
MYC	ACP5	1.0	A
TFAP2A	PVR	1.0	A
USF1	APOA2	1.0	A
PAX8	WT1	1.0	A
NFKB2	CXCL8	1.0	A
CEBPA	APOB	1.0	A
CEBPA	INSR	1.0	A
TFAP2A	MYC	1.0	A
SP1	CDK1	1.0	A
ETV4	ETS1	1.0	A
ETS1	ETV4	1.0	A
JUN	IGF1	1.0	A
NR2F2	OXT	-1.0	A
NFKB1	CSF2	1.0	A
SP1	NPY	1.0	A
POU2F1	IL3	-1.0	A
AHR	CYP1A2	1.0	A
ATF2	TGFB2	1.0	A
PAX8	NCAM1	1.0	A
FOS	NQO1	1.0	A
SP1	SPN	1.0	A
JUN	NPY	1.0	A
TFAP2A	HMOX1	1.0	A
RARA	HNF4A	1.0	A
FOXA1	APOB	1.0	A
PAX8	TP53	-1.0	A
CEBPB	TOP1	1.0	A
NR2F2	CETP	1.0	A
EGR1	VAMP2	1.0	A
TFAP2A	HOXA4	-1.0	A
STAT5B	FCGR1A	1.0	A
GATA1	EPO	1.0	A
CEBPA	COMT	1.0	A
STAT3	LBP	1.0	A
SP1	MPO	1.0	A
YY1	HCFC1	1.0	A
SPI1	FES	1.0	A
PAX5	XBP1	-1.0	A
SP1	LDHA	1.0	A
IRF1	EIF2AK2	1.0	A
SPI1	CSF1	1.0	A
JUN	ITGAX	1.0	A
TP53	KRT8	1.0	A
NFKB1	AGT	1.0	A
RELA	AGT	1.0	A
TFAP2A	ACHE	-1.0	A
NFIC	C4BPB	1.0	A
CEBPA	SLC9A1	1.0	A
SP1	CCK	1.0	A
NFKB1	CXCL1	1.0	A
WT1	CCN3	1.0	A
MYB	LCK	1.0	A
RELA	IFNA1	1.0	A
REL	IFNG	1.0	A
NFKB2	SELP	1.0	A
SP1	KRT18	1.0	A
POU1F1	GHR	1.0	A
TFAP2A	OAT	1.0	A
NFKB1	SELE	1.0	A
STAT1	FOS	1.0	A
MYB	CD34	1.0	A
CEBPD	CFTR	1.0	A
CREB1	FLT1	1.0	A
TP53	CKM	1.0	A
EGR1	MYB	-1.0	A
JUN	NTS	1.0	A
JUN	PENK	1.0	A
CTCF	CELSR3	-1.0	A
MYC	BSG	1.0	A
REL	CSF2	1.0	A
STAT1	PRKCE	-1.0	A
CTCF	ANG	1.0	A
SPI1	FCER1A	1.0	A
GATA2	MS4A2	1.0	A
JUN	RHOB	1.0	A
MYC	HBA1	1.0	A
FOS	PENK	1.0	A
SP1	VAMP2	1.0	A
SPI1	CSF2	1.0	A
SP3	CDKN2B	1.0	A
NFKB1	IFNA1	1.0	A
FOS	TNFAIP6	1.0	A
RELA	F3	1.0	A
NR2F1	EPO	-1.0	A
GATA1	WT1	1.0	A
HNF1A	PROC	1.0	A
CEBPB	TNFAIP6	1.0	A
USF1	CEACAM5	1.0	A
FOXA1	TTR	1.0	A
EGR1	ACHE	1.0	A
ERF	ETS2	-1.0	A
STAT1	GBP1	1.0	A
WT1	IGF1	-1.0	A
FOXA1	SCGB1A1	1.0	A
TFDP1	PCNA	1.0	A
MYB	ERBB2	1.0	A
HNF1A	IGFBP1	1.0	A
RARA	ICAM1	1.0	A
FOS	CDH1	1.0	A
POU2F2	HLA-DRA	1.0	A
EGR1	WT1	1.0	A
GATA4	IL5	1.0	A
TFAP2A	NR3C1	1.0	A
USF2	APOA2	1.0	A
FOS	PLAUR	1.0	A
E2F4	MYBL2	-1.0	A
STAT1	A2M	1.0	A
CEBPA	S100A9	1.0	A
SP1	F7	1.0	A
USF1	TRIM25	1.0	A
LHX3	PRL	1.0	A
EGR1	BCL2	-1.0	A
USF1	GCK	1.0	A
SP3	TCN2	1.0	A
SP1	TCN2	1.0	A
SP3	LCAT	1.0	A
SP1	LCAT	1.0	A
USF1	SF1	1.0	A
THRB	CGA	-1.0	A
E2F4	CCND1	1.0	A
HOXC11	LCT	1.0	A
SPI1	ICAM1	1.0	A
ETS2	ICAM1	1.0	A
RELA	WT1	1.0	A
NFKB1	WT1	1.0	A
HLF	DBP	1.0	A
HIF1A	AQP1	1.0	A
STAT1	IDO1	1.0	A
CREB1	IL5RA	1.0	A
JUN	IL5RA	1.0	A
HIF1A	ALDOA	1.0	A
EGR1	SOD1	1.0	A
SPI1	CXCR1	1.0	A
ETS1	FOXD1	1.0	A
E2F4	CDC25A	1.0	A
RELA	CCR5	1.0	A
PAX1	PDGFRA	1.0	A
NFATC1	EGR3	1.0	A
TAL1	ALDH1A2	1.0	A
NFATC2	EGR3	1.0	A
ESR1	MYB	1.0	A
VDR	HOXA10	1.0	A
MYC	RCC1	1.0	A
MYB	ANPEP	1.0	A
ETS1	ANPEP	1.0	A
SP1	TPMT	1.0	A
ETS1	TRB	-1.0	A
ETS1	TNF	1.0	A
TP53	WRN	-1.0	A
CREB1	CD4	1.0	A
ATF2	APOC3	1.0	A
YY1	CTCF	1.0	A
SREBF1	FDFT1	1.0	A
HNF4A	AFP	1.0	A
USF1	APEX1	1.0	A
SP3	F2R	1.0	A
SPI1	RNASE2	1.0	A
EGR1	NFKB1	1.0	A
MYC	HBP1	1.0	A
GATA2	PECAM1	1.0	A
PBX1	CYP17A1	1.0	A
TP53	HGF	1.0	A
SP3	MYC	1.0	A
CEBPA	SOD1	1.0	A
FOXM1	CYP7A1	1.0	A
FOSL1	NQO1	-1.0	A
ETS2	MMP3	1.0	A
TP53	FANCC	1.0	A
ERG	MMP3	-1.0	A
NFIC	PROC	1.0	A
ETS1	MET	1.0	A
SP1	HSPB1	1.0	A
EGR1	IFNG	1.0	A
ERG	VIM	1.0	A
ETV4	VIM	1.0	A
ETS1	DNTT	1.0	A
FOS	CDK4	1.0	A
FOS	MELTF	1.0	A
TFDP1	MYBL2	1.0	A
AR	ORM1	1.0	A
SREBF1	FDPS	1.0	A
JUN	SELE	1.0	A
RELA	TNC	1.0	A
IRF1	IL15	1.0	A
CEBPB	ADM	1.0	A
ETS2	CHRNE	1.0	A
TFAP2A	MIP	1.0	A
SP1	MIP	1.0	A
CEBPA	ITGAX	1.0	A
CREB1	DBH	1.0	A
STAT5A	IRF1	-1.0	A
SP3	IGFBP1	1.0	A
SP3	CHRNB4	1.0	A
JUN	TNC	1.0	A
SPI1	ITGA2B	1.0	A
MYC	DNPH1	1.0	A
TP53	TYMS	-1.0	A
HIF1A	TF	1.0	A
EGR1	CD19	1.0	A
TFAP2A	HSD17B1	-1.0	A
THRB	POR	1.0	A
JUN	ICAM1	1.0	A
STAT2	IRF1	1.0	A
PPARA	APOC3	-1.0	A
SP1	IL2	1.0	A
SPI1	MYB	-1.0	A
TFAP2C	CRABP2	1.0	A
MYC	ACP3	1.0	A
MYC	ACYP2	1.0	A
MYOG	ACACB	1.0	A
MYCN	MCM8	1.0	A
MYCN	MCM7	1.0	A
MYCN	MCM6	1.0	A
MYCN	MCM5	1.0	A
MYCN	MCM4	1.0	A
MYCN	MCM3	1.0	A
MYCN	MCM2	1.0	A
MYCN	CTSD	1.0	A
MYC	C9orf43	1.0	A
MYC	WDR36	1.0	A
MYC	DPY30	1.0	A
MYC	ARFGAP2	1.0	A
MYC	PCBD2	1.0	A
MYC	BCL2L12	1.0	A
MYC	SLC25A28	1.0	A
MYC	SFXN3	1.0	A
MYC	GOLPH3	1.0	A
MYC	KIAA1586	1.0	A
MYC	ZNF304	1.0	A
MYC	ENTPD7	1.0	A
NFIC	CSH1	1.0	A
NFIL3	IL1B	-1.0	A
NFKB1	ALOX5AP	1.0	A
NFKB1	BCL2A1	1.0	A
POU2F1	LCT	1.0	A
POU2F1	CXCR5	1.0	A
PLAG1	ABCC6	1.0	A
POU2F1	MS4A2	1.0	A
PGR	RLN2	1.0	A
PGR	RLN1	1.0	A
PLAGL1	ABCC6	1.0	A
OTX2	RBP3	1.0	A
YBX1	AGT	1.0	A
NFKB1	VWF	1.0	A
MYC	PRDM8	1.0	A
NFKB1	CXCL5	1.0	A
NFKB1	PIGR	1.0	A
NFKB1	MMP3	1.0	A
NFKB1	IRF7	1.0	A
NFKB1	FCGRT	1.0	A
NFKB1	NQO1	1.0	A
NFKB1	CRMP1	1.0	A
NFKB1	COL1A2	-1.0	A
NFKB1	CD74	1.0	A
NFKB1	CD40LG	1.0	A
NFKB1	BRCA2	1.0	A
NFKB1	CCL11	1.0	A
MYC	SMARCAD1	1.0	A
MYC	EIF5A2	1.0	A
MYC	CMAS	1.0	A
MYC	TCIRG1	1.0	A
MYC	DLEU1	-1.0	A
MYC	RIDA	1.0	A
MYC	PQBP1	1.0	A
MYC	CASP8AP2	1.0	A
MYC	HNRNPDL	1.0	A
MYC	THRAP3	1.0	A
MYC	RBM8A	1.0	A
MYC	TOMM20	1.0	A
MYC	AQR	1.0	A
MYC	AKR1A1	1.0	A
MYC	HERPUD1	1.0	A
MYC	NUP155	1.0	A
MYC	RBM39	1.0	A
MYC	NR1D1	1.0	A
MYC	CRIPT	1.0	A
MYC	NHERF2	1.0	A
MYC	COX7A2L	1.0	A
MYC	SLC28A2	1.0	A
MYC	SYNGR2	1.0	A
MYC	DDX18	1.0	A
MYC	SQSTM1	1.0	A
MYC	CLINT1	1.0	A
POU2F1	VWF	1.0	A
MYC	NOD1	1.0	A
MYC	SEC23B	1.0	A
MYC	NAT10	1.0	A
MYC	SFMBT1	1.0	A
MYC	NOL7	1.0	A
MYC	CXXC1	1.0	A
MYC	ALG5	1.0	A
MYC	NXT1	1.0	A
MYC	TUBG2	1.0	A
MYC	DMAC2L	1.0	A
MYC	CLUL1	1.0	A
MYC	GNL3	1.0	A
MYC	PFDN6	1.0	A
MYC	ZNF451	1.0	A
MYC	SIRT1	1.0	A
MYC	EXOSC8	1.0	A
MYC	CBX3	1.0	A
MYC	UBE2C	1.0	A
MYC	ATF7	1.0	A
MYC	CLP1	1.0	A
MYC	CCT5	1.0	A
MYC	ZNF234	1.0	A
MYC	KLF1	1.0	A
MYC	PAICS	1.0	A
MYC	CBX5	1.0	A
MYC	HDAC3	1.0	A
POU4F2	CCND1	1.0	A
RARA	HSD17B2	1.0	A
TAL1	CDH23	1.0	A
TAL1	NBAS	1.0	A
TAL1	PLEKHO1	1.0	A
TAL1	CHST11	1.0	A
TAL1	USP34	1.0	A
TAL1	PPP3CA	1.0	A
TAL1	BRF1	1.0	A
STAT6	CCL17	1.0	A
STAT3	ESR1	1.0	A
STAT1	NR1H4	-1.0	A
STAT1	TRIM25	1.0	A
STAT3	KLF11	1.0	A
SREBF2	MTTP	-1.0	A
SPI1	LSP1	1.0	A
SPI1	NR3C1	1.0	A
SP3	TPMT	1.0	A
SP3	NKX2-1	1.0	A
SP3	TIMP1	1.0	A
SP3	SCTR	1.0	A
SP3	ITGA2	1.0	A
SP3	LTC4S	1.0	A
TCF3	CR2	1.0	A
TAL1	SSH2	1.0	A
TBP	APP	1.0	A
TBP	FN1	1.0	A
TP53	MRPL27	1.0	A
USF1	P4HA1	1.0	A
TP53	HNRNPUL1	1.0	A
TP53	ASCC3	1.0	A
TP53	TCEAL1	1.0	A
TP53	CCNK	1.0	A
NKX2-1	SFTPA1	1.0	A
TP53	GPX1	1.0	A
NR2F2	PPARA	-1.0	A
NR2F1	APOC3	-1.0	A
SP1	NOL7	1.0	A
TFAP2A	SMPD1	1.0	A
TFAP2A	NME3	1.0	A
TFAP2A	CSH1	1.0	A
TEAD1	MSLN	1.0	A
ZEB1	SPRR1B	1.0	A
ZEB1	LAMC2	-1.0	A
TCF7L2	GLCE	1.0	A
TCF7L2	MYC	1.0	A
HNF1A	SLC22A10	1.0	A
HNF1A	CYP3A4	1.0	A
ZEB1	ITGB4	-1.0	A
TFAP2A	SERPINE1	1.0	A
SP1	H4C6	1.0	A
SP1	THBD	1.0	A
SP1	SMPD1	1.0	A
RELA	CXCL5	1.0	A
RELA	PTX3	1.0	A
RELA	PIGR	1.0	A
RELA	MAT2A	1.0	A
RELA	IRF7	1.0	A
RELA	NR4A1	1.0	A
RELA	FCGRT	1.0	A
RELA	CYP3A4	-1.0	A
RELA	COL1A2	-1.0	A
RELA	CD74	1.0	A
RFX1	COL1A2	1.0	A
RELA	BRCA2	1.0	A
RELA	CR2	1.0	A
REL	CD40LG	1.0	A
RARB	PLAT	1.0	A
RARB	ADH5	1.0	A
RARA	NR1I3	1.0	A
RARA	GPRC5A	1.0	A
RARA	NRIP1	1.0	A
RARA	TPO	1.0	A
RARA	TNFAIP2	1.0	A
RARA	PLAT	1.0	A
RELA	BCL2A1	1.0	A
PPARD	SAT1	1.0	A
RXRA	CXCR5	1.0	A
SP1	HSD3B1	1.0	A
SP1	SLC19A1	1.0	A
SP1	SKP2	1.0	A
SP1	PTK6	1.0	A
SP1	PTGIR	1.0	A
SP1	FURIN	1.0	A
SP1	LTC4S	1.0	A
SP1	IGFBP1	1.0	A
SP1	HPR	1.0	A
SP1	GFER	1.0	A
SP1	F10	1.0	A
RXRA	CYP3A4	1.0	A
SP1	CYP3A5	1.0	A
SP1	CD19	1.0	A
SP1	CD9	1.0	A
SP1	C1QBP	1.0	A
SP1	ADRB3	1.0	A
SKI	SMAD7	1.0	A
SATB1	CD8B	1.0	A
RXRA	NOL7	1.0	A
TAL1	C3AR1	1.0	A
RXRA	HNF1A	1.0	A
RXRA	HSD17B2	1.0	A
SP1	COL7A1	1.0	A
MYC	ACTG1	1.0	A
MYC	CTSF	1.0	A
MYC	PSMG1	1.0	A
MYC	HNRNPA2B1	1.0	A
MYC	HNRNPA1	1.0	A
MYC	HMGN2	1.0	A
MYC	HMBS	1.0	A
MYC	MNX1	1.0	A
MYC	HINT1	1.0	A
MYC	ICAM1	1.0	A
MYC	GTF2H2	-1.0	A
MYC	GSTP1	1.0	A
MYC	GSK3B	1.0	A
MYC	CXCL2	1.0	A
MYC	GPR4	1.0	A
MYC	GLA	1.0	A
MYC	GAS8	1.0	A
MYC	GAPDH	1.0	A
MYC	GALT	1.0	A
MYC	FUT1	1.0	A
MYC	FXN	1.0	A
MYC	FPGS	1.0	A
MYC	FGFR4	1.0	A
MYC	FGF9	1.0	A
MYC	HOXD3	1.0	A
MYC	HOXD13	1.0	A
MYC	HSD11B2	1.0	A
MYC	HSPA8	1.0	A
MYC	MBD1	1.0	A
MYC	MAN2A2	1.0	A
MYC	MAGEA3	1.0	A
MYC	LTB	1.0	A
MYC	LTA4H	1.0	A
MYC	LMX1B	1.0	A
MYC	LMNA	1.0	A
MYC	LBR	1.0	A
MYC	STMN1	1.0	A
MYC	LAMB2	1.0	A
MYC	FECH	1.0	A
MYC	LAIR2	1.0	A
MYC	ISG20	1.0	A
MYC	IRF3	1.0	A
MYC	IRF2	1.0	A
MYC	ITGA6	-1.0	A
MYC	INSR	1.0	A
MYC	INSM1	1.0	A
MYC	IMPA2	1.0	A
MYC	IL13	1.0	A
MYC	IL11RA	1.0	A
MYC	HSPE1	1.0	A
MYC	LAIR1	1.0	A
MYC	FASN	1.0	A
MYC	FAH	1.0	A
MYC	ESD	1.0	A
MYC	CASP8	-1.0	A
MYC	ZFP36L1	-1.0	A
MYC	BRCA2	1.0	A
MYC	BMP4	1.0	A
MYC	BLK	1.0	A
MYC	BCL3	1.0	A
MYC	AVP	1.0	A
MYC	ATP6V1G2	1.0	A
MYC	ATP1A2	1.0	A
MYC	ASCL2	1.0	A
MYC	CASP9	1.0	A
MYC	ARSB	1.0	A
MYC	ARF4	1.0	A
MYC	ARF1	1.0	A
MYC	APP	1.0	A
MYC	APEX1	1.0	A
MYC	AMPD3	1.0	A
MYC	AMPD2	1.0	A
MYC	AMD1	1.0	A
MYC	ALDH9A1	-1.0	A
MYC	AHSG	1.0	A
MYC	ADCY9	1.0	A
MYC	RHOG	1.0	A
MYC	MCM7	1.0	A
MYC	CBS	1.0	A
MYC	CCNB1	1.0	A
MYC	EPHX1	1.0	A
MYC	EPB42	1.0	A
MYC	ELK1	1.0	A
MYC	EIF4EBP2	1.0	A
MYC	EIF4B	1.0	A
MYC	EIF4A1	1.0	A
MYC	EGR3	1.0	A
MYC	DKC1	1.0	A
MYC	DDX11	1.0	A
MYC	ACE	1.0	A
MYC	CCKBR	1.0	A
MYC	DCK	1.0	A
MYC	CST5	1.0	A
MYC	CRAT	1.0	A
MYC	COL4A1	1.0	A
MYC	CLCN6	1.0	A
MYC	CHRNB1	1.0	A
MYC	CEACAM5	1.0	A
MYC	CDC25C	1.0	A
MYC	CD79B	1.0	A
MYC	CD63	1.0	A
MYC	TNFRSF8	1.0	A
MYC	CSTB	1.0	A
MYC	EIF3C	1.0	A
MYC	MEIS2	1.0	A
MYC	MET	1.0	A
MYC	VAMP2	1.0	A
MYC	SURF6	1.0	A
MYC	STAT6	1.0	A
MYC	SRD5A1	1.0	A
MYC	SPAST	1.0	A
MYC	SNRPB2	1.0	A
MYC	SNRPB	1.0	A
MYC	SMN1	1.0	A
MYC	SLIT1	1.0	A
MYC	SLC4A2	1.0	A
MYC	SLC2A4	1.0	A
MYC	SLA	1.0	A
MYC	SIM2	1.0	A
MYC	RPS19	1.0	A
MYC	SLC19A1	1.0	A
MYC	RPS16	1.0	A
MYC	RPS15	1.0	A
MYC	RPS6	1.0	A
MYC	RPL27A	1.0	A
MYC	RPL27	1.0	A
MYC	RPL26	1.0	A
MYC	TCF12	1.0	A
MYC	TGFB1	1.0	A
MYC	TGFB2	1.0	A
MYC	TGFB3	1.0	A
MYC	YBX3	1.0	A
MYC	PEX3	1.0	A
MYC	UXT	1.0	A
MYC	H4C6	1.0	A
MYC	AKAP1	1.0	A
MYC	FXR1	1.0	A
MYC	FOSL1	1.0	A
MYC	MTERF1	1.0	A
MYC	SLBP	1.0	A
MYC	CSDE1	-1.0	A
MYC	RPL22	1.0	A
MYC	ZSCAN9	1.0	A
MYC	WNT10B	1.0	A
MYC	UROD	1.0	A
MYC	UCP3	1.0	A
MYC	UCP1	1.0	A
MYC	UBA52	1.0	A
MYC	TYMS	1.0	A
MYC	TXN	1.0	A
MYC	TPM2	1.0	A
MYC	TOP1	1.0	A
MYC	THBS4	1.0	A
MYC	ZNF146	1.0	A
MYC	RPL19	1.0	A
MYC	RPL10	1.0	A
MYC	RPL3	1.0	A
MYC	OCA2	1.0	A
MYC	NTN3	1.0	A
MYC	NTHL1	1.0	A
MYC	NRAS	1.0	A
MYC	NOTCH4	1.0	A
MYC	NIT1	1.0	A
MYC	NID1	1.0	A
MYC	NFKBIL1	1.0	A
MYC	NFIL3	1.0	A
MYC	NEFM	1.0	A
MYC	PDHA1	1.0	A
MYC	NAP1L1	1.0	A
MYC	MUC1	1.0	A
MYC	MTHFR	1.0	A
MYC	MTHFD1	1.0	A
MYC	MST1	-1.0	A
MYC	MSN	-1.0	A
MYC	MPO	1.0	A
MYC	MGST1	1.0	A
MYC	MELTF	1.0	A
MYC	MFAP1	1.0	A
MYC	METTL1	1.0	A
MYC	MYCL	1.0	A
MYC	MEN1	1.0	A
MYC	PER1	1.0	A
MYC	PHB1	1.0	A
MYC	RGS2	1.0	A
MYC	RFC2	1.0	A
MYC	RBBP4	1.0	A
MYC	RARB	-1.0	A
MYC	QDPR	1.0	A
MYC	PTGER2	1.0	A
MYC	PSMB1	1.0	A
MYC	PSEN2	1.0	A
MYC	PRTN3	1.0	A
MYC	KLK10	1.0	A
MYC	PEX14	1.0	A
MYC	PRKDC	1.0	A
MYC	PPP1R7	1.0	A
MYC	PPID	1.0	A
MYC	PPAT	1.0	A
MYC	POLD2	1.0	A
MYC	POLB	1.0	A
MYC	PLA2G4A	1.0	A
MYC	PKP1	1.0	A
MYC	PIK3C3	1.0	A
MYC	PIGF	1.0	A
MYC	SLC25A3	1.0	A
MYC	PTPA	-1.0	A
SOX9	RGR	1.0	A
TFAP2C	MMP2	1.0	A
TFDP1	CAV1	1.0	A
E2F4	SUV39H1	1.0	A
E2F4	STAM	1.0	A
E2F4	SS18L1	1.0	A
E2F4	SRSF8	1.0	A
E2F4	SRRM2	1.0	A
E2F4	SRPRA	1.0	A
E2F4	SMARCA4	1.0	A
E2F4	SLCO4A1	1.0	A
E2F4	SLC44A4	1.0	A
E2F4	SLC25A4	1.0	A
E2F4	SKP1	1.0	A
E2F4	SIRPA	1.0	A
E2F4	SH3BGR	1.0	A
E2F4	SAYSD1	1.0	A
E2F4	RPS6	1.0	A
E2F4	RPS4X	1.0	A
E2F4	RPS15	1.0	A
E2F4	RPL23A	1.0	A
E2F4	RFC2	1.0	A
E2F4	REL	1.0	A
E2F4	RAD54L	1.0	A
E2F4	TFAM	1.0	A
E2F4	TFRC	1.0	A
E2F4	THOP1	1.0	A
E2F4	TMPO	1.0	A
EGR1	FGF13	1.0	A
EGR1	FASN	1.0	A
EGR1	EPX	1.0	A
EGR1	CRABP2	1.0	A
EGR1	CEBPB	1.0	A
EGR1	CDK5	1.0	A
EGR1	CDH13	1.0	A
EGR1	CD9	1.0	A
EGR1	ANGPTL4	1.0	A
E2F6	DEPDC5	-1.0	A
E2F4	RABIF	1.0	A
E2F4	ZNF267	1.0	A
E2F4	VPS4A	1.0	A
E2F4	VHL	1.0	A
E2F4	VCP	1.0	A
E2F4	VARS2	1.0	A
E2F4	USP25	1.0	A
E2F4	UNG	1.0	A
E2F4	UMPS	1.0	A
E2F4	TSNAX	1.0	A
E2F4	TRAF2	1.0	A
E2F4	TOP2A	1.0	A
E2F4	YWHAH	1.0	A
EGR1	FGFR3	1.0	A
E2F4	PTGS2	1.0	A
E2F4	PRIM2	1.0	A
E2F4	ITGB3BP	1.0	A
E2F4	IKBKG	-1.0	A
E2F4	IFNAR2	1.0	A
E2F4	HNRNPD	1.0	A
E2F4	HMMR	1.0	A
E2F4	HMGB3	1.0	A
E2F4	HAGHL	1.0	A
E2F4	H2BC21	1.0	A
E2F4	H2AZ1	1.0	A
E2F4	GPANK1	1.0	A
E2F4	GNPTG	1.0	A
E2F4	GNAS	1.0	A
E2F4	GINS1	1.0	A
E2F4	GADD45A	1.0	A
E2F4	GABPA	1.0	A
E2F4	FST	1.0	A
E2F4	FANCC	1.0	A
E2F4	FAM210B	1.0	A
E2F4	EIF4H	1.0	A
E2F4	EIF2B2	1.0	A
E2F4	E2F8	1.0	A
E2F4	KATNAL1	-1.0	A
E2F4	KDM6A	1.0	A
E2F4	KLF10	1.0	A
E2F4	LGALS1	1.0	A
E2F4	PPIA	1.0	A
E2F4	POLR2D	1.0	A
E2F4	POLD2	1.0	A
E2F4	PLSCR1	1.0	A
E2F4	PLCG1	1.0	A
E2F4	PKN2	1.0	A
E2F4	PIM2	1.0	A
E2F4	PIGQ	1.0	A
E2F4	PDXP	1.0	A
E2F4	PDXK	1.0	A
E2F4	PRKCSH	1.0	A
E2F4	PCLAF	-1.0	A
E2F4	OGFR	1.0	A
E2F4	NXT1	1.0	A
E2F4	NFKB2	1.0	A
E2F4	NCL	1.0	A
E2F4	MYCL	1.0	A
E2F4	MSH2	1.0	A
E2F4	MCM6	1.0	A
E2F4	MBP	1.0	A
E2F4	MAPRE1	1.0	A
E2F4	LUC7L	-1.0	A
E2F4	ORC1	1.0	A
EGR1	FOSL1	1.0	A
EGR1	KCNH8	1.0	A
EGR1	SLC1A4	1.0	A
ETS1	SURF1	1.0	A
ETS1	SMAD4	1.0	A
ETS1	SLC19A1	1.0	A
ETS1	POR	1.0	A
ETS1	POLD1	1.0	A
ETS1	PCSK6	1.0	A
ETS1	OAS2	1.0	A
ETS1	NFKB1	1.0	A
ETS1	MGAT5B	1.0	A
ETS1	LTF	1.0	A
ETS1	ITGA4	1.0	A
ETS1	IL12B	1.0	A
ETS1	IER5	1.0	A
HIF1A	ETS1	1.0	A
ETS1	GZMB	1.0	A
ETS1	GABPA	1.0	A
ETS1	FOSL1	1.0	A
ETS1	EGR2	1.0	A
ETS1	DAD1	1.0	A
ETS1	COPS2	1.0	A
ETS1	CIP2A	1.0	A
ETS1	TCEAL1	1.0	A
ETS1	TNFRSF10A	1.0	A
ETS1	TNFRSF10B	1.0	A
ETS1	TOM1	1.0	A
FOS	STIM1	1.0	A
FOS	RUNX2	1.0	A
FOS	PPARD	1.0	A
FOS	PLA2G4A	1.0	A
FOS	PDGFB	1.0	A
FOS	NOS1	1.0	A
FOS	MMP2	1.0	A
FOS	ITGA5	1.0	A
FOS	IL4R	1.0	A
FOS	IL12A	1.0	A
ETS1	CDKN1B	1.0	A
FOS	HSPA1A	1.0	A
FOS	GATA3	1.0	A
FOS	FASLG	1.0	A
FOS	CTSL	1.0	A
FOS	BCL2L11	1.0	A
FLI1	FOS	1.0	A
ETS2	FOSL1	1.0	A
ETS2	FOS	1.0	A
ETS1	VEGFA	1.0	A
ETS1	TTYH3	1.0	A
ETS1	TRA	1.0	A
FOS	HLA-DRA	1.0	A
ETS1	CDK4	1.0	A
ETS1	CDH13	1.0	A
ETS1	CDC37	1.0	A
ESR1	CRYZ	1.0	A
ESR1	B4GALNT2	1.0	A
ESR1	AXIN2	1.0	A
ESR1	ATP2B4	1.0	A
ESR1	ATP2B2	1.0	A
ESR1	ATP2B1	1.0	A
ESR1	ANGPTL4	1.0	A
ERG	MMP9	1.0	A
ESR1	ERG	1.0	A
EPAS1	SLC11A2	1.0	A
ESR1	EBAG9	1.0	A
ELK1	VIL1	1.0	A
ELK1	MMP13	1.0	A
ELK1	MDM4	1.0	A
ELK1	LY96	1.0	A
ELK1	JUNB	1.0	A
ELK1	IER2	1.0	A
ELK1	F2	1.0	A
ELK1	CDKN1B	1.0	A
ELK1	ACTA2	1.0	A
EGR1	TPO	1.0	A
EGR1	SOS1	1.0	A
ELK1	SLU7	1.0	A
E2F4	DUT	1.0	A
ESR1	GADD45G	1.0	A
ESR1	KRT18	1.0	A
ETS1	CD53	1.0	A
ETS1	CD5	1.0	A
ETS1	BIRC2	1.0	A
ETS1	BID	1.0	A
ETS1	B3GAT3	1.0	A
ETS1	ATP5F1B	1.0	A
ETS1	ASAP1	1.0	A
ETS1	ABCC1	1.0	A
ESR2	TMSB4X	1.0	A
ESR2	IL1RAP	1.0	A
ESR1	ITGB1	1.0	A
ESR2	EBAG9	1.0	A
ESR1	WNT7A	1.0	A
ESR1	SMARCA2	1.0	A
ESR1	SLC8A3	1.0	A
ESR1	SLC8A2	1.0	A
ESR1	SLC8A1	1.0	A
ESR1	REN	1.0	A
ESR1	PSG1	1.0	A
ESR1	PPARD	1.0	A
ESR1	NOL3	1.0	A
ESR1	KRT37	1.0	A
ESR2	COLEC12	1.0	A
E2F4	DERL2	1.0	A
E2F4	DBF4	1.0	A
E2F4	CUTC	1.0	A
E2F1	GPR158	1.0	A
E2F1	GNL3	1.0	A
E2F1	GATA3	1.0	A
E2F1	GALC	1.0	A
E2F1	FOXA2	1.0	A
E2F1	FH	1.0	A
E2F1	FAM184A	1.0	A
E2F1	ERCC8	1.0	A
E2F1	ENPEP	1.0	A
E2F1	EIF3A	1.0	A
E2F1	EGFR	1.0	A
E2F1	DYNC1I2	1.0	A
E2F1	DPF2	1.0	A
E2F1	DIRAS2	1.0	A
E2F1	DDIT4	1.0	A
E2F1	DCLRE1C	1.0	A
E2F1	CUL5	1.0	A
E2F1	CSRNP3	1.0	A
E2F1	COX15	1.0	A
E2F1	COQ2	1.0	A
E2F1	CNIH4	1.0	A
E2F1	GRIK5	1.0	A
E2F1	HAT1	1.0	A
E2F1	HBA1	1.0	A
E2F1	HERPUD1	1.0	A
E2F1	MAP2K6	1.0	A
E2F1	LYPLAL1	1.0	A
E2F1	LMO1	1.0	A
E2F1	LINGO1	1.0	A
E2F1	KRT75	1.0	A
E2F1	KLF10	1.0	A
E2F1	KIF24	1.0	A
E2F1	KDM4C	1.0	A
E2F1	KCNK10	1.0	A
E2F1	KCNJ2	1.0	A
E2F1	CLDN5	1.0	A
E2F1	KCNJ16	1.0	A
E2F1	JPH2	1.0	A
E2F1	ITGAL	1.0	A
E2F1	IRF4	1.0	A
E2F1	IQCK	1.0	A
E2F1	IL12RB1	1.0	A
E2F1	IFT80	1.0	A
E2F1	IER3	1.0	A
E2F1	HSPD1	1.0	A
E2F1	HIVEP1	1.0	A
E2F1	HFE	1.0	A
E2F1	KCNG4	1.0	A
E2F1	CLDN23	1.0	A
E2F1	CLASP2	1.0	A
E2F1	CHKA	1.0	A
CTCF	ZNF462	-1.0	A
CTCF	TRO	-1.0	A
CTCF	TBC1D14	1.0	A
CTCF	STAB2	-1.0	A
CTCF	S100Z	-1.0	A
CTCF	RBMS3	-1.0	A
CTCF	RBM39	-1.0	A
CTCF	PRNT	-1.0	A
CTCF	PAGE4	-1.0	A
CTCF	NT5C3A	-1.0	A
CTCF	ZNF763	-1.0	A
CTCF	NPC1	-1.0	A
CTCF	HAUS7	-1.0	A
CTCF	GPR156	-1.0	A
CTCF	ESRP2	-1.0	A
CTCF	EPX	1.0	A
CTCF	DEFB123	1.0	A
CTCF	CT45A5	1.0	A
CTCF	COMMD2	-1.0	A
CTCF	BCL2L14	-1.0	A
CTCF	BATF2	1.0	A
CTCF	ATN1	1.0	A
CTCF	MMP10	-1.0	A
E2F1	MAP3K14	1.0	A
CTCF	ZNHIT2	-1.0	A
E2F1	ABCA1	1.0	A
E2F1	CELF1	1.0	A
E2F1	CDH5	1.0	A
E2F1	CDH20	1.0	A
E2F1	CD72	1.0	A
E2F1	CCDC7	1.0	A
E2F1	CBS	1.0	A
E2F1	CASR	1.0	A
E2F1	BRD2	1.0	A
E2F1	BLVRA	1.0	A
E2F1	BHLHE40	1.0	A
E2F1	AARS1	1.0	A
E2F1	BDH1	1.0	A
E2F1	ARMC8	1.0	A
E2F1	ARL10	1.0	A
E2F1	ARHGEF17	1.0	A
E2F1	ANKRD16	1.0	A
E2F1	AMPD3	1.0	A
E2F1	ALOX5AP	1.0	A
E2F1	AK3	1.0	A
E2F1	ADH6	1.0	A
E2F1	ACTR2	1.0	A
E2F1	ACSL1	1.0	A
E2F1	ASCC2	1.0	A
FOS	UBP1	1.0	A
E2F1	MCM9	1.0	A
E2F1	MEMO1	1.0	A
E2F1	UBP1	1.0	A
E2F1	UBN1	1.0	A
E2F1	TXNDC15	1.0	A
E2F1	TSNARE1	1.0	A
E2F1	TRPM2	1.0	A
E2F1	TRIT1	1.0	A
E2F1	TRERF1	1.0	A
E2F1	TOR1B	1.0	A
E2F1	TMEM47	1.0	A
E2F1	TMEM132A	1.0	A
E2F1	TMCO5A	1.0	A
E2F1	TMBIM1	1.0	A
E2F1	THOC5	1.0	A
E2F1	TBC1D16	1.0	A
E2F1	TAF5L	1.0	A
E2F1	SYNE2	1.0	A
E2F1	SUCLG1	1.0	A
E2F1	STX11	1.0	A
E2F1	STAM	1.0	A
E2F1	ST13	1.0	A
E2F1	SSTR1	1.0	A
E2F1	UTRN	1.0	A
E2F1	VCP	1.0	A
E2F1	VMP1	1.0	A
E2F1	VPS35L	1.0	A
E2F4	CTH	1.0	A
E2F4	CSE1L	1.0	A
E2F4	CREG1	1.0	A
E2F4	CIB2	1.0	A
E2F4	CENPE	1.0	A
E2F4	CDC45	1.0	A
E2F4	CDC37L1	1.0	A
E2F4	CAV1	1.0	A
E2F4	CALR	1.0	A
E2F4	BCL11A	1.0	A
E2F1	SPOCK1	1.0	A
E2F4	BACH1	1.0	A
E2F4	ANTKMT	1.0	A
E2F4	ANLN	1.0	A
E2F4	ALDH5A1	1.0	A
E2F4	ACTR5	1.0	A
E2F1	ZNF654	1.0	A
E2F1	ZNF616	1.0	A
E2F1	ZNF292	1.0	A
E2F1	ZMYM2	1.0	A
E2F1	YME1L1	1.0	A
E2F1	WDR25	1.0	A
E2F4	APRT	1.0	A
E2F1	SP110	1.0	A
E2F1	SOCS2	1.0	A
E2F1	SNTB2	1.0	A
E2F1	PIK3R5	1.0	A
E2F1	PIGU	1.0	A
E2F1	PHLDB1	1.0	A
E2F1	PEG3	1.0	A
E2F1	PDXK	1.0	A
E2F1	PCBD2	1.0	A
E2F1	PAX2	1.0	A
E2F1	PALD1	1.0	A
E2F1	OSR1	1.0	A
E2F1	OCA2	1.0	A
E2F1	PLAUR	1.0	A
E2F1	NTNG2	1.0	A
E2F1	NEK4	1.0	A
E2F1	NDUFAF6	1.0	A
E2F1	NDUFAB1	1.0	A
E2F1	NDC1	1.0	A
E2F1	MXI1	1.0	A
E2F1	MT1X	1.0	A
E2F1	MRAS	1.0	A
E2F1	MPST	1.0	A
E2F1	MPPED2	1.0	A
E2F1	MIPEP	1.0	A
E2F1	NLRP5	1.0	A
E2F1	MCMDC2	1.0	A
E2F1	PLEKHB1	1.0	A
E2F1	POLR3A	1.0	A
E2F1	SLX4	1.0	A
E2F1	SLC6A19	1.0	A
E2F1	SLC35G1	1.0	A
E2F1	SLC35F3	1.0	A
E2F1	SLC14A2	1.0	A
E2F1	SEZ6L2	1.0	A
E2F1	SEPHS1	1.0	A
E2F1	SCN8A	1.0	A
E2F1	SCARF1	1.0	A
E2F1	RXRG	1.0	A
E2F1	PLEKHF2	1.0	A
E2F1	RTN4	1.0	A
E2F1	RFC2	1.0	A
E2F1	RASSF8	1.0	A
E2F1	RALGDS	1.0	A
E2F1	RAD18	1.0	A
E2F1	RAB40C	1.0	A
E2F1	PRKDC	1.0	A
E2F1	PRIM2	1.0	A
E2F1	PRDM1	1.0	A
E2F1	PPP2R2D	1.0	A
E2F1	POU2AF1	1.0	A
E2F1	RNF128	1.0	A
FOS	VDR	1.0	A
FOXA1	APOA1	1.0	A
FOXA1	CYP7A1	1.0	A
STAT1	ZNF184	1.0	A
STAT1	ZNF175	1.0	A
STAT1	ZNF169	1.0	A
STAT1	ZNF157	1.0	A
STAT1	ZNF155	1.0	A
STAT1	ZNF140	1.0	A
STAT1	ZNF124	1.0	A
STAT1	ZNF12	1.0	A
STAT1	ZNF114	1.0	A
STAT1	ZNF112	1.0	A
STAT1	ZNF107	1.0	A
STAT1	ZFP30	1.0	A
STAT1	ZFP1	1.0	A
STAT1	WARS1	1.0	A
STAT1	VEGFD	1.0	A
STAT1	VEGFC	1.0	A
STAT1	VEGFA	1.0	A
STAT1	TNFRSF8	1.0	A
STAT1	TH	1.0	A
STAT1	TFF1	1.0	A
STAT1	SOCS7	1.0	A
STAT1	ZNF19	1.0	A
STAT1	ZNF200	1.0	A
STAT1	ZNF205	1.0	A
STAT1	ZNF222	1.0	A
STAT1	ZNF417	1.0	A
STAT1	ZNF41	1.0	A
STAT1	ZNF398	1.0	A
STAT1	ZNF367	-1.0	A
STAT1	ZNF354A	1.0	A
STAT1	ZNF343	1.0	A
STAT1	ZNF33B	1.0	A
STAT1	ZNF337	1.0	A
STAT1	ZNF333	1.0	A
STAT1	ZNF331	1.0	A
STAT1	SOCS6	1.0	A
STAT1	ZNF311	1.0	A
STAT1	ZNF273	1.0	A
STAT1	ZNF268	1.0	A
STAT1	ZNF267	1.0	A
STAT1	ZNF254	1.0	A
STAT1	ZNF251	1.0	A
STAT1	ZNF25	1.0	A
STAT1	ZNF235	1.0	A
STAT1	ZNF23	1.0	A
STAT1	ZNF227	1.0	A
STAT1	ZNF226	1.0	A
STAT1	ZNF282	1.0	A
STAT1	SOCS5	1.0	A
STAT1	SOCS4	1.0	A
STAT1	SLC2A2	1.0	A
STAT1	HLA-DMA	1.0	A
STAT1	HCFC1	-1.0	A
STAT1	GCK	1.0	A
STAT1	FCGR3A	1.0	A
STAT1	ESR2	1.0	A
STAT1	ELF5	1.0	A
STAT1	EIF2AK3	1.0	A
STAT1	EIF2AK1	1.0	A
STAT1	DUOX2	1.0	A
STAT1	CYP19A1	1.0	A
STAT1	HLA-DMB	1.0	A
STAT1	COL1A1	1.0	A
STAT1	CISH	1.0	A
STAT1	CDC7	-1.0	A
STAT1	CCR5	1.0	A
STAT1	CCND3	1.0	A
STAT1	CCND2	1.0	A
STAT1	BCL2	1.0	A
STAT1	B3GAT3	1.0	A
STAT1	APOL4	1.0	A
STAT1	APOE	1.0	A
STAT1	AOX1	1.0	A
STAT1	CLC	1.0	A
STAT1	ZNF418	1.0	A
STAT1	HLA-DQA2	1.0	A
STAT1	IFITM3	1.0	A
STAT1	RPS24	-1.0	A
STAT1	RNF213	1.0	A
STAT1	RIPK1	1.0	A
STAT1	REV3L	1.0	A
STAT1	RBAK	1.0	A
STAT1	PTTG1IP	1.0	A
STAT1	PTGFR	1.0	A
STAT1	PROS1	1.0	A
STAT1	PLAU	1.0	A
STAT1	PARP14	1.0	A
STAT1	HLA-DRB1	1.0	A
STAT1	OASL	1.0	A
STAT1	OAS2	1.0	A
STAT1	NAA35	-1.0	A
STAT1	MYC	1.0	A
STAT1	MAT2A	1.0	A
STAT1	JUNB	1.0	A
STAT1	IL17D	1.0	A
STAT1	IL12RB2	1.0	A
STAT1	IL12RB1	1.0	A
STAT1	IGFBP3	1.0	A
STAT1	IGF1	1.0	A
STAT1	OAS3	1.0	A
STAT1	AGFG2	-1.0	A
STAT1	ZNF419	1.0	A
STAT1	ZNF460	1.0	A
TP53	UBE2L3	1.0	A
TP53	TSC2	1.0	A
TP53	TENT4A	1.0	A
TP53	TBC1D31	1.0	A
TP53	TAP1	1.0	A
TP53	SYK	1.0	A
TP53	SMPD3	1.0	A
TP53	SCN3B	1.0	A
TP53	RPS27L	1.0	A
TP53	RHOA	1.0	A
TP53	RABGGTA	1.0	A
TP53	PLK2	1.0	A
TP53	NINJ1	1.0	A
TP53	LIG1	1.0	A
TP53	JAK2	1.0	A
TP53	IL1B	1.0	A
TP53	GHR	1.0	A
TP53	GADD45G	1.0	A
TP53	FBLN2	1.0	A
TP53	FBLN1	1.0	A
TP53	CYP24A1	1.0	A
TWIST1	CD24	1.0	A
TWIST1	CLDN7	1.0	A
TWIST1	MDM2	1.0	A
VDR	ELL	1.0	A
YY1	TTC17	-1.0	A
YY1	SRP68	-1.0	A
YY1	SPNS1	-1.0	A
YY1	SNX27	-1.0	A
YY1	RPRD2	-1.0	A
YY1	RAVER1	-1.0	A
YY1	RANBP10	-1.0	A
YY1	PSMD8	-1.0	A
YY1	PPP2R1A	-1.0	A
YY1	PBDC1	-1.0	A
TP53	CDH13	1.0	A
YY1	MRPS18B	-1.0	A
YY1	MKLN1	-1.0	A
YY1	MICU2	-1.0	A
YY1	KAT6A	-1.0	A
YY1	IRAK1	-1.0	A
YY1	HNRNPL	-1.0	A
YY1	DNAJA3	-1.0	A
YY1	CEP43	-1.0	A
YY1	ATP13A1	-1.0	A
YY1	AFG1L	-1.0	A
VDR	PTK2B	1.0	A
YY1	MRPS10	-1.0	A
TP53	BTG1	1.0	A
TP53	BIRC8	1.0	A
TP53	BCL2L14	1.0	A
STAT1	ZNF764	1.0	A
STAT1	ZNF746	1.0	A
STAT1	ZNF721	1.0	A
STAT1	ZNF713	1.0	A
STAT1	ZNF689	1.0	A
STAT1	ZNF680	1.0	A
STAT1	ZNF670	1.0	A
STAT1	ZNF669	1.0	A
STAT1	ZNF630	1.0	A
STAT1	ZNF619	1.0	A
STAT1	ZNF777	1.0	A
STAT1	ZNF613	1.0	A
STAT1	ZNF596	1.0	A
STAT1	ZNF589	1.0	A
STAT1	ZNF585A	1.0	A
STAT1	ZNF567	1.0	A
STAT1	ZNF550	1.0	A
STAT1	ZNF546	1.0	A
STAT1	ZNF529	1.0	A
STAT1	ZNF519	1.0	A
STAT1	ZNF510	1.0	A
STAT1	ZNF490	1.0	A
STAT1	ZNF599	1.0	A
STAT1	ZNF425	1.0	A
STAT1	ZNF778	1.0	A
STAT1	ZNF786	1.0	A
TP53	ALDH1A3	1.0	A
TP53	ACTA2	1.0	A
TFAP2C	MYC	1.0	A
TCF7	AXIN2	1.0	A
TAL1	ELMO1	1.0	A
TAL1	DOCK9	1.0	A
TAL1	CDH13	1.0	A
STAT5B	PIM1	1.0	A
STAT5B	CCND3	1.0	A
STAT3	RORA	1.0	A
STAT1	ZNF782	1.0	A
STAT3	REG1A	1.0	A
STAT2	OAS2	1.0	A
STAT2	MX1	1.0	A
STAT2	BST2	1.0	A
STAT1	ZNF879	1.0	A
STAT1	ZNF878	1.0	A
STAT1	ZNF875	1.0	A
STAT1	ZNF860	1.0	A
STAT1	ZNF81	1.0	A
STAT1	ZNF8	1.0	A
STAT1	ZNF84	1.0	A
STAT3	IGF1	1.0	A
CTCF	ARL2	-1.0	A
SPI1	VIP	1.0	A
SPI1	REL	1.0	A
HIF1A	ERCC6	1.0	A
HIF1A	ENG	1.0	A
HIF1A	COX4I2	1.0	A
HIF1A	ADAM17	1.0	A
HIF1A	ABCG2	1.0	A
GATA3	TFF1	1.0	A
GATA3	SH3KBP1	1.0	A
PAX8	GATA3	1.0	A
GATA3	MDM2	1.0	A
GATA3	MAF	1.0	A
GATA3	IL4R	1.0	A
GATA3	IL2RA	1.0	A
GATA3	FN1	1.0	A
GATA2	TGFB2	-1.0	A
GATA2	SGK1	-1.0	A
GATA2	PNPLA8	-1.0	A
GATA2	GULP1	-1.0	A
GATA2	ELMO1	1.0	A
GATA2	EFCAB2	-1.0	A
GATA2	CCM2	-1.0	A
GATA2	ACKR1	1.0	A
HIF1A	FHL1	1.0	A
HIF1A	GFPT1	1.0	A
HIF1A	GPX3	1.0	A
HIF1A	HK1	1.0	A
HNF4A	BPHL	1.0	A
HNF4A	ANK3	1.0	A
HNF4A	ALDH6A1	1.0	A
HNF4A	ADAMTS1	1.0	A
HNF4A	ACOT13	1.0	A
HIF1A	VEGFD	1.0	A
HIF1A	SLC16A4	1.0	A
HIF1A	RNF7	1.0	A
HIF1A	PPIA	1.0	A
HIF1A	POLI	1.0	A
FOXP1	TCF4	1.0	A
HIF1A	PLA2G4A	1.0	A
HIF1A	NTRK1	1.0	A
HIF1A	NTN1	1.0	A
HIF1A	NR4A3	1.0	A
HIF1A	NOS3	1.0	A
HIF1A	MUC5AC	1.0	A
HIF1A	MMP14	1.0	A
HIF1A	ITGB1	1.0	A
HIF1A	ILK	1.0	A
HIF1A	IGFBP1	1.0	A
HIF1A	HMGCR	1.0	A
HIF1A	PFKP	1.0	A
FOXP1	CDKN1A	1.0	A
FOXO4	SPRY2	1.0	A
FOXO4	SCP2	1.0	A
FOXL2	IFNL1	1.0	A
FOXL2	IER3	1.0	A
FOXL2	FOS	1.0	A
FOXL2	CXCL3	1.0	A
FOXL2	CXCL2	1.0	A
FOXL2	CH25H	1.0	A
FOXL2	CCL3L1	1.0	A
FOXL2	CCL3	1.0	A
FOXL2	CCL20	1.0	A
FOXL2	BCL2A1	1.0	A
FOXL2	IL11	1.0	A
FOXL2	ATF3	1.0	A
FOXA3	CYP2C9	1.0	A
FOXA3	CYP2C8	1.0	A
FOXA3	CYP2C19	1.0	A
FOXA2	MUC4	1.0	A
FOXA2	G6PC1	1.0	A
FOXA2	CYP7A1	1.0	A
FOXA1	MUC4	1.0	A
FOXA1	KLK3	1.0	A
FOXA1	G6PC1	1.0	A
FOXA1	ERBB3	1.0	A
FOXL2	AMH	1.0	A
HNF4A	CLDN4	1.0	A
FOXL2	NR5A2	1.0	A
FOXL2	TNFAIP3	1.0	A
FOXO4	PCK2	1.0	A
FOXO4	G6PC1	1.0	A
FOXO4	CDKN1A	1.0	A
FOXO3	G6PC1	1.0	A
FOXO3	DUSP6	1.0	A
FOXO3	DUSP5	1.0	A
FOXO1	SCP2	1.0	A
FOXO1	EIF4EBP1	1.0	A
FOXO1	ALPI	1.0	A
FOXM1	SKP2	1.0	A
FOXL2	PPARGC1A	1.0	A
FOXM1	PECAM1	1.0	A
FOXM1	LAMA2	1.0	A
FOXM1	ITGB1	1.0	A
FOXM1	FOS	1.0	A
FOXM1	CKS1B	1.0	A
FOXM1	CENPF	1.0	A
FOXM1	CENPB	1.0	A
FOXM1	CENPA	1.0	A
FOXM1	CDX2	1.0	A
FOXM1	CDK1	1.0	A
FOXM1	CCND2	1.0	A
FOXM1	ONECUT1	1.0	A
SPI1	TBXAS1	1.0	A
HNF4A	CYP26A1	1.0	A
HNF4A	EFHD1	1.0	A
RXRA	NR1H3	1.0	A
RUNX1	SMAD3	1.0	A
RUNX1	RORC	1.0	A
RUNX1	HIVEP3	1.0	A
RUNX1	FYB1	1.0	A
RUNX1	ARHGAP10	1.0	A
RFX5	CD74	1.0	A
RELB	TNFAIP3	1.0	A
RARG	HAS2	1.0	A
RARB	RXRG	1.0	A
RARA	PLAAT4	1.0	A
RARA	IER3	1.0	A
RARA	HOXB4	1.0	A
RARA	HOXA7	1.0	A
PPARG	CYP27A1	1.0	A
PPARD	CPT1B	1.0	A
PPARA	MYC	1.0	A
PPARA	MMP12	1.0	A
PPARA	HMGCS1	1.0	A
PPARA	ACOX2	1.0	A
POU2F2	TRA	1.0	A
SOX10	ASCL1	1.0	A
SOX10	PDGFRA	1.0	A
SOX10	PLP1	1.0	A
SOX10	SOX6	1.0	A
SPI1	PTPRE	1.0	A
SPI1	PDGFRB	1.0	A
SPI1	MCM3AP	1.0	A
SPI1	LCP2	1.0	A
SPI1	KCNMA1	1.0	A
SPI1	ITGB1	1.0	A
SPI1	IL5RA	1.0	A
SPI1	FPR1	-1.0	A
SPI1	FLII	1.0	A
SPI1	ERG	1.0	A
POU2F1	TSC22D3	1.0	A
SPI1	CXCR2	1.0	A
SPI1	CD58	1.0	A
SPI1	CD53	1.0	A
SPI1	CD47	1.0	A
SPI1	B2M	1.0	A
SPI1	APBB1IP	1.0	A
SP3	CDKN2D	1.0	A
SP1	TNNC1	1.0	A
SP1	CDKN2D	1.0	A
SOX8	CLDN23	1.0	A
SOX2	DLGAP1	1.0	A
SPI1	CREBBP	1.0	A
POU2F1	TRA	1.0	A
POU2F1	MYC	1.0	A
POU2F1	H2BC21	1.0	A
LHX4	PRL	1.0	A
LHX4	FSHB	1.0	A
LHX3	TSHB	1.0	A
KMT2A	HOXC8	1.0	A
KMT2A	HOXA13	1.0	A
KMT2A	HOXA11	1.0	A
KMT2A	HOXA10	1.0	A
KMT2A	HOXA1	1.0	A
KMT2A	FOXC2	1.0	A
KMT2A	FOXC1	1.0	A
LHX4	TSHB	1.0	A
JUN	IER5	1.0	A
HNF4G	SERPINA1	1.0	A
HNF4A	UGT1A6	1.0	A
HNF4A	TGFA	1.0	A
HNF4A	TASP1	1.0	A
HNF4A	PCK2	1.0	A
HNF4A	NELL2	1.0	A
HNF4A	MME	1.0	A
HNF4A	G6PC3	1.0	A
HNF4A	EPS15L1	1.0	A
HNF4A	EPHX2	1.0	A
IRF1	IL5	1.0	A
HNF4A	DSC2	1.0	A
MAX	NPRL3	-1.0	A
MITF	ITPR1	1.0	A
PAX6	NECAB2	1.0	A
NR2F2	TF	1.0	A
NR2F2	PENK	1.0	A
NR2F2	MYOG	1.0	A
NR2F2	MYH6	1.0	A
NR2F2	F9	1.0	A
NR2F2	APOC2	1.0	A
NR2F2	ACTA1	1.0	A
NR2E1	PLCE1	-1.0	A
NR2E1	PAX2	-1.0	A
MEF2C	KLF2	1.0	A
NFKB1	VEGFC	1.0	A
NFKB1	GADD45A	1.0	A
NFKB1	BRCA1	1.0	A
NFIC	TP53	1.0	A
MYC	PKM	1.0	A
NFIC	MYC	1.0	A
MYC	CLUH	1.0	A
MYC	ATAD3B	1.0	A
MITF	TBC1D1	1.0	A
MITF	STARD13	1.0	A
MITF	MAPRE2	1.0	A
NFKB1	IL5	1.0	A
CTCF	ALDH1A3	-1.0	A
CTCF	AKT1	-1.0	A
CTCF	ACTR3	-1.0	A
E2F2	PLK1	1.0	A
E2F2	MCM7	1.0	A
E2F2	MCM6	1.0	A
E2F2	MCM10	1.0	A
E2F4	JUN	1.0	A
E2F2	E2F1	1.0	A
E2F2	CDT1	1.0	A
E2F2	CDCA4	1.0	A
E2F2	ASF1B	1.0	A
MITF	GPR143	1.0	A
MITF	APEX1	1.0	A
E2F6	RBBP8	-1.0	A
FOXO4	IGFBP1	1.0	A
FOXO4	RBL2	1.0	A
FOXO4	PPARGC1A	1.0	A
ETS1	PTPA	1.0	A
ETS1	LCP1	1.0	A
ETS1	ZNF175	1.0	A
ETS1	RUNX1	1.0	A
ETS1	GP5	1.0	A
ETS1	FAS	1.0	A
E2F2	PLK4	1.0	A
E2F3	MCM5	1.0	A
E2F3	MCM6	1.0	A
E2F3	MCM7	1.0	A
STAT1	IFI6	1.0	A
STAT1	EIF2AK2	1.0	A
STAT1	ADAR	1.0	A
STAT1	PRF1	1.0	A
STAT1	IL6ST	1.0	A
STAT1	BCL6	1.0	A
TCF7	LEF1	1.0	A
TCF7	BIRC5	1.0	A
TCF7	BCL2	1.0	A
E2F4	TOP1	1.0	A
ETS1	COX4I1	1.0	A
E2F4	RBL1	1.0	A
E2F4	CALM1	1.0	A
E2F4	TK1	1.0	A
E2F4	POLD1	1.0	A
E2F4	NPAT	1.0	A
E2F4	MCM7	1.0	A
E2F4	MCM5	1.0	A
E2F4	GMNN	1.0	A
E2F4	CDT1	1.0	A
E2F4	CDKN2C	1.0	A
E2F4	ASF1B	1.0	A
E2F4	CKS2	1.0	A
ETS1	CDK11A	1.0	A
ETS1	CD3D	1.0	A
ETS1	CASP8	1.0	A
E2F1	MCM10	1.0	A
E2F1	MAPK1	1.0	A
E2F1	MAP1LC3B	1.0	A
E2F1	JUN	1.0	A
E2F1	H2AC16	1.0	A
E2F1	HELLS	1.0	A
E2F1	GMNN	1.0	A
E2F1	FBXO5	1.0	A
E2F1	FBXO43	1.0	A
E2F1	FANCD2	1.0	A
E2F1	MCM6	1.0	A
E2F1	YBX3	1.0	A
E2F1	CDC45	1.0	A
E2F1	CDC25A	1.0	A
E2F1	B4GALT1	1.0	A
E2F1	AXIN2	1.0	A
E2F1	ATG10	1.0	A
YY1	ADA	1.0	A
YY1	PTPA	1.0	A
NFYA	ACTB	1.0	A
NFYA	FDPS	1.0	A
JUN	TFPI2	1.0	A
E2F1	CDT1	1.0	A
STAT1	IFIT1	1.0	A
E2F1	MCM7	1.0	A
E2F1	POLD1	1.0	A
STAT5B	PRF1	1.0	A
STAT5B	OSM	1.0	A
STAT5B	MUC1	1.0	A
STAT5B	IL6ST	1.0	A
STAT5B	IL2RA	1.0	A
STAT5A	MYD88	1.0	A
STAT5A	MUC1	1.0	A
STAT5A	LONP1	1.0	A
STAT5A	IL6ST	1.0	A
FOXO3	RBL2	1.0	A
E2F1	POLA1	1.0	A
FOXO3	PINK1	1.0	A
FOXO3	JAK1	1.0	A
FOXO3	HBP1	1.0	A
FOXO3	CDKN2D	1.0	A
FOXO3	CBLB	1.0	A
FOXO3	BNIP3L	1.0	A
E2F1	POLA2	1.0	A
E2F1	ZEB1	1.0	A
E2F1	TOP1	1.0	A
E2F1	TK1	1.0	A
E2F1	POLE2	1.0	A
FOXO3	KLF4	1.0	A
JUN	PTX3	1.0	A
STAT1	IFITM1	1.0	A
STAT1	ISG20	1.0	A
TFAP2C	FOXC1	1.0	A
TFAP2C	FOXA1	1.0	A
STAT1	GREB1	1.0	A
RARA	HOXA1	1.0	A
HIF1A	ANKRD37	1.0	A
GATA3	ZNF217	1.0	A
GATA3	VAPB	1.0	A
GATA3	NCOA3	1.0	A
GATA3	KMT2E	1.0	A
GATA3	GREB1	1.0	A
GATA3	BCAS3	1.0	A
FOXA1	FOXC1	1.0	A
FOS	GREB1	1.0	A
ESR1	ZMYND8	1.0	A
ESR1	TNIP1	1.0	A
ESR1	NFIB	1.0	A
ESR1	FOXC1	1.0	A
ELK1	NR4A1	1.0	A
ETS1	BCL2	1.0	A
SPI1	CD33	1.0	A
TBP	PMF1	1.0	A
TFAP2C	FREM2	1.0	A
HIF1A	KDM4B	1.0	A
PAX6	POU5F1	1.0	A
TP53	MLH1	1.0	A
FOXM1	CDC25C	-1.0	A
FOXL2	PTGS2	-1.0	A
ETS1	ITGA5	1.0	A
ETS1	ETS2	1.0	A
ESR1	CAV2	1.0	A
ESR1	TNFRSF11B	1.0	A
EGR1	TIMP3	1.0	A
EGR1	TIMP2	1.0	A
E2F4	MCM8	1.0	A
E2F4	E2F2	1.0	A
SRF	ACTC1	1.0	A
E2F1	EGF	1.0	A
CEBPA	FASN	1.0	A
CEBPA	EDN1	-1.0	A
E2F1	TGFB2	1.0	A
STAT1	CX3CL1	1.0	A
RELA	CXCL3	1.0	A
BMAL1	NR1D2	1.0	A
STAT1	IL12B	1.0	A
SPI1	EGR2	1.0	A
PAX6	NANOG	1.0	A
TP53	PMS2	1.0	A
CREB1	PDYN	1.0	A
NFYB	ACTB	1.0	A
NFIA	TP53	1.0	A
NFIA	ALDOA	1.0	A
ESR1	PPARG	-1.0	A
SPI1	TAL1	-1.0	A
SPI1	PPBP	1.0	A
SPI1	NCF1	1.0	A
SPI1	CTSE	1.0	A
HBP1	RUNX1	1.0	A
ATF6	SEL1L	1.0	A
ATF6	HSP90B1	1.0	A
ATF6	CALR	1.0	A
AR	SNAI2	1.0	A
SMAD1	CDKN1A	1.0	A
AR	SMS	1.0	A
AR	SCNN1A	1.0	A
AR	PGC	1.0	A
AR	MT2A	1.0	A
AR	KRT18	1.0	A
AR	KIAA1217	-1.0	A
AR	DHX15	1.0	A
AR	DDT	1.0	A
AR	DBI	1.0	A
STAT1	MX1	1.0	A
STAT1	MET	1.0	A
SPI1	NCF4	1.0	A
STAT1	ISG15	1.0	A
SMAD1	ID2	1.0	A
STAT2	CFB	1.0	A
FOXP1	IL2	1.0	A
FOXP1	CSF1R	-1.0	A
FOS	SP3	1.0	A
POU2F1	TFAP2A	1.0	A
RARA	HOXD4	1.0	A
RARA	HOXA4	1.0	A
RARA	CRABP2	1.0	A
RARA	BTG2	1.0	A
TFAP4	PENK	1.0	A
MYOD1	ACTC1	1.0	A
SMAD1	ID3	1.0	A
FOSL2	MMP13	1.0	A
IRF9	IRF7	1.0	A
GLI3	PTCH2	1.0	A
NFIC	SLC2A4	1.0	A
ATF3	GCLC	-1.0	A
SMAD5	ID3	1.0	A
NR2F2	APOA1	-1.0	A
TFAP2A	PENK	1.0	A
TFAP2A	S100B	1.0	A
CDX1	ADA	1.0	A
STAT2	IRF7	1.0	A
MAF	LALBA	1.0	A
GATA3	MYC	1.0	A
JUN	CHGA	1.0	A
HNF4A	F10	1.0	A
GLI1	CCND2	1.0	A
RBPJ	FCER2	1.0	A
ZNF382	HMGA2	-1.0	A
ZNF202	POMGNT1	-1.0	A
ZEB2	MEOX2	-1.0	A
ZBTB7A	PFKP	-1.0	A
YY1	TNFRSF10B	-1.0	A
YY1	EPAS1	-1.0	A
YY1	CREBBP	-1.0	A
YBX1	SUMO1	-1.0	A
YBX1	RBBP8	-1.0	A
YBX1	KPNA2	-1.0	A
WT1	UBE2I	-1.0	A
WT1	NR5A1	-1.0	A
WT1	IL2RB	1.0	A
WT1	CIAO1	-1.0	A
VDR	CALB1	1.0	A
VDR	BHLHE40	1.0	A
VDR	ASAP2	1.0	A
USF2	SLC19A1	1.0	A
USF2	PTPN6	1.0	A
GLI1	SLIT2	-1.0	A
STAT3	BIRC3	1.0	A
STAT3	IL6ST	1.0	A
STAT3	VIP	1.0	A
SREBF1	HMGCS1	1.0	A
CEBPA	CFTR	1.0	A
CEBPA	APOC3	1.0	A
CEBPA	APOA1	1.0	A
CEBPA	SCD	1.0	A
CEBPA	GLS2	1.0	A
SREBF2	STARD4	1.0	A
SREBF2	PCYT2	1.0	A
SREBF2	INSIG1	1.0	A
SREBF2	EBP	1.0	A
USF2	PDX1	1.0	A
SP3	HSD17B1	1.0	A
GLI2	UGCG	-1.0	A
GLI2	PCNA	1.0	A
GLI2	LUM	-1.0	A
GLI2	IFNGR1	-1.0	A
GLI2	FGF13	1.0	A
GLI2	EFEMP1	-1.0	A
GLI2	COL5A2	1.0	A
GLI2	CCND1	1.0	A
CREB1	RARB	1.0	A
CREB1	CDK11A	1.0	A
NR1H2	BHLHE40	1.0	A
USF2	MYH9	1.0	A
USF2	LIPC	1.0	A
USF2	FCER1A	1.0	A
TWIST1	FOS	1.0	A
TP73	CABLES1	1.0	A
TP63	TCF4	1.0	A
TP53	TP53I3	1.0	A
TP53	TCF7L2	-1.0	A
TP53	TBXAS1	-1.0	A
TP53	SSTR2	-1.0	A
TP53	RAD51B	1.0	A
TP53	PRG3	1.0	A
TP53	PTPA	-1.0	A
USF1	CTSD	1.0	A
TP53	PLK3	1.0	A
TP53	FGF2	-1.0	A
TP53	E2F7	1.0	A
TP53	E2F3	-1.0	A
TP53	CABLES1	1.0	A
TP53	ADGRB1	1.0	A
TP53	APCS	1.0	A
TP53	ANTXR1	1.0	A
TFDP1	TYMS	1.0	A
TFDP1	RRM1	1.0	A
TFDP1	CDK1	1.0	A
TP53	GML	1.0	A
SREBF1	INSIG1	1.0	A
TWIST1	MMP2	1.0	A
TWIST1	SRPX	-1.0	A
USF2	FBP1	1.0	A
USF2	CXCR4	1.0	A
USF2	CTSD	1.0	A
USF2	CEACAM5	1.0	A
USF2	CD2	1.0	A
USF1	TYMS	1.0	A
USF1	SLC1A3	1.0	A
USF1	PTPN6	1.0	A
USF1	MYH9	1.0	A
USF1	LIPC	1.0	A
TWIST1	NR2F1	1.0	A
USF1	ISG20	1.0	A
USF2	BRCA1	1.0	A
USF1	FCER1A	1.0	A
USF1	FBP1	1.0	A
USF1	B2M	1.0	A
TWIST2	SRPX	-1.0	A
USF2	B2M	1.0	A
TWIST2	NR2F1	1.0	A
USF2	ATP5F1A	1.0	A
TWIST2	MMP2	1.0	A
TWIST1	TIMP1	-1.0	A
USF1	ID4	1.0	A
JUN	BDKRB1	1.0	A
SREBF1	PCYT2	1.0	A
SREBF1	SQLE	1.0	A
MYC	SCARB1	1.0	A
MYC	RPS20	1.0	A
MYC	RPS15A	1.0	A
MYC	RPL6	1.0	A
MYC	RPL32	1.0	A
MYC	RPL23	1.0	A
MYC	RPL13	1.0	A
MYC	PPIF	1.0	A
MYC	NOP56	1.0	A
MYC	MSH2	1.0	A
MYC	LDHB	1.0	A
MYC	LAMP1	-1.0	A
MYC	HSPA9	1.0	A
MYC	HERC5	1.0	A
MYC	DUSP1	-1.0	A
MYC	DDX5	1.0	A
MYC	CKS2	1.0	A
MYC	AIMP2	1.0	A
TP53	SERTAD1	1.0	A
TP53	RRM1	1.0	A
TP53	DCC	1.0	A
MYC	SNRPD3	1.0	A
MYC	TRAP1	1.0	A
NR2F1	AGT	-1.0	A
HNF1A	FGL1	1.0	A
HNF4A	EBP	1.0	A
NR5A1	CYP21A2	1.0	A
NFKB2	BCL2L1	1.0	A
SMAD4	TNFRSF11B	1.0	A
SMAD4	PTHLH	1.0	A
SMAD4	NKX2-5	1.0	A
SMAD4	MET	1.0	A
SMAD4	IHH	1.0	A
SMAD4	CCN1	1.0	A
LEF1	TBXT	1.0	A
TP53	CX3CL1	1.0	A
LEF1	DSP	-1.0	A
GATA4	ADA	1.0	A
SMAD3	TIMP1	1.0	A
SMAD3	MET	1.0	A
SMAD3	COL6A3	1.0	A
SMAD3	COL6A1	1.0	A
SMAD3	COL3A1	1.0	A
SMAD3	COL1A1	1.0	A
SMAD3	ITGA11	1.0	A
SMAD3	ANKRD1	1.0	A
HNF1A	MIA2	1.0	A
PDX1	ADA	1.0	A
TP53	TYRP1	1.0	A
TP53	TP53INP1	1.0	A
TP53	PIDD1	1.0	A
SP1	CDC25C	1.0	A
RELB	ABCB1	1.0	A
NFKB1	VIM	1.0	A
NFKB1	PDGFB	1.0	A
NFKB1	MYB	1.0	A
NFKB1	CXCL3	1.0	A
HIF1A	TFF3	1.0	A
HIF1A	BHLHE40	1.0	A
HIF1A	PFKL	1.0	A
HIF1A	APH1A	1.0	A
SP1	HSPA1A	1.0	A
FOXO1	TMEM47	1.0	A
FOXO1	MCM5	-1.0	A
FOXO1	DUSP4	-1.0	A
FOXO1	DAPK1	1.0	A
FOXO1	DAAM1	1.0	A
FOXO1	CNOT8	1.0	A
FOXO1	CDKN2D	1.0	A
FOXO1	CDKN2B	1.0	A
FOXO1	CCNG2	1.0	A
FOXO1	CCNB2	-1.0	A
FOXO1	CCNB1	-1.0	A
FOXO1	RPS6KA3	1.0	A
SREBF1	PIK3R3	1.0	A
SP1	PCNA	1.0	A
SP1	PROC	1.0	A
TP53	TP53TG5	1.0	A
TP53	PEG3	1.0	A
TP53	NFATC4	-1.0	A
TCF7L2	VIM	1.0	A
TCF7L2	TNFRSF11B	1.0	A
TCF7L2	TCF7	1.0	A
TCF7L2	SP5	1.0	A
TCF7L2	MMP7	1.0	A
TCF7L2	LEF1	1.0	A
TCF7L2	CXCL8	1.0	A
SP1	PIM1	1.0	A
TCF7L2	GLI2	1.0	A
TCF7L2	DKK1	1.0	A
TCF7L2	CD44	1.0	A
TCF7L2	AXIN2	1.0	A
SP1	SMAD4	1.0	A
SP1	ACTC1	1.0	A
SP1	ACTA1	1.0	A
SP1	UNG	1.0	A
SP1	TAL1	1.0	A
SP1	SCNN1G	1.0	A
SP1	TPI1	1.0	A
TCF7L2	FGF18	1.0	A
TFAP2C	SULT1E1	1.0	A
HIF1A	SLC11A1	1.0	A
HIF1A	CDKN1B	1.0	A
GATA2	PSD4	1.0	A
GATA2	PPP1R15A	1.0	A
GATA2	PLSCR2	1.0	A
GATA2	LYL1	1.0	A
GATA2	ICAM4	1.0	A
GATA2	HTR5A	1.0	A
GATA2	HMGB1	1.0	A
GATA2	GPR146	1.0	A
GATA2	FOXO3	1.0	A
GATA2	FDPS	1.0	A
GATA2	CTSH	1.0	A
GATA2	CCRL2	1.0	A
GATA2	ARRDC4	1.0	A
HIF1A	PPP5C	1.0	A
HIF1A	PPP1R10	1.0	A
HIF1A	PKM	1.0	A
HIF1A	PGAM1	1.0	A
HIF1A	GBE1	1.0	A
HIF1A	ERRFI1	1.0	A
HIF1A	ENO2	1.0	A
HIF1A	CDH13	1.0	A
GATA2	TNFAIP8L1	1.0	A
GATA2	VWA5A	1.0	A
HNF4G	APOA4	1.0	A
MAX	SERF2	1.0	A
AR	ESRRA	1.0	A
AR	EIF3I	1.0	A
AR	EEF1AKMT3	1.0	A
AR	CYCS	1.0	A
AR	CPT2	1.0	A
AR	COASY	1.0	A
AR	CD4	1.0	A
AR	BANF1	1.0	A
AR	BABAM2	1.0	A
AR	ATM	1.0	A
HIF1A	ADORA2B	1.0	A
AR	APPBP2	1.0	A
AR	ALPG	1.0	A
AR	AHSG	1.0	A
AR	ACAD10	1.0	A
ZNF148	RNLS	1.0	A
USF1	NUP188	1.0	A
TWIST1	GLI1	1.0	A
RUNX1	PRR5L	1.0	A
RUNX1	LCP2	1.0	A
SP3	SCGB2A1	1.0	A
NFIC	TFAP2A	1.0	A
AR	AP2M1	1.0	A
STAT1	ZNF79	1.0	A
STAT1	ZNF655	1.0	A
STAT1	ZNF302	1.0	A
STAT1	ELP3	1.0	A
STAT1	DCLRE1C	1.0	A
STAT1	CREM	1.0	A
STAT1	CLIC2	1.0	A
STAT1	BST2	1.0	A
STAT1	BRD8	1.0	A
STAT1	ATG4C	1.0	A
STAT1	AIM2	1.0	A
STAT1	IRF2	1.0	A
ETS1	TNFRSF8	1.0	A
STAT1	DDX50	1.0	A
E2F4	ZFP36L1	1.0	A
E2F4	WEE1	1.0	A
E2F4	SUZ12	1.0	A
E2F4	SP1	1.0	A
E2F4	SMC4	1.0	A
E2F4	SMC2	1.0	A
E2F4	SLC35F6	1.0	A
E2F4	SLC2A13	1.0	A
E2F4	SLC25A14	1.0	A
E2F4	SFPQ	1.0	A
E2F4	RPS8	1.0	A
E2F4	XRCC2	1.0	A
AR	H2BC21	1.0	A
STAT1	DIMT1	1.0	A
STAT1	EDEM2	1.0	A
STAT1	ZNF230	1.0	A
STAT1	ZNF181	1.0	A
STAT1	ZC3HAV1	1.0	A
STAT1	VPS33B	1.0	A
STAT1	UBR1	1.0	A
STAT1	SNRNP27	1.0	A
STAT1	SEMA4B	1.0	A
STAT1	SBNO2	1.0	A
STAT1	PWP2	1.0	A
STAT1	PPIP5K2	1.0	A
STAT1	EARS2	1.0	A
STAT1	NMI	1.0	A
STAT1	MED16	1.0	A
STAT1	MAN1A1	1.0	A
STAT1	LAP3	1.0	A
STAT1	KIF2A	1.0	A
STAT1	INO80	1.0	A
STAT1	IGFLR1	1.0	A
STAT1	IFI35	1.0	A
STAT1	HDAC7	1.0	A
STAT1	GSTK1	1.0	A
STAT1	FBXO5	1.0	A
STAT1	MTMR9	1.0	A
E2F4	RIPK2	1.0	A
AR	GNL1	1.0	A
AR	HLA-E	1.0	A
CEBPA	KCNMA1	1.0	A
CEBPA	KCNH8	1.0	A
CEBPA	KAT7	1.0	A
CEBPA	ITGB2	1.0	A
CEBPA	ITGAL	1.0	A
CEBPA	ITGA2	1.0	A
CEBPA	IRS1	1.0	A
CEBPA	IL1A	1.0	A
CEBPA	IL12B	1.0	A
CEBPA	IGFBP1	1.0	A
CEBPA	HPX	1.0	A
CEBPA	HMGB1	1.0	A
CEBPA	GUCY2C	1.0	A
CEBPA	GSK3B	1.0	A
CEBPA	GSK3A	1.0	A
CEBPA	GDNF	1.0	A
CEBPA	GADD45A	1.0	A
CEBPA	FGL2	1.0	A
CEBPA	FGA	1.0	A
CEBPA	FAS	1.0	A
CEBPA	F3	1.0	A
CEBPA	LBP	1.0	A
CEBPA	LDLR	1.0	A
CEBPA	LIPC	1.0	A
CEBPA	MAT2A	1.0	A
CTCF	ACKR3	1.0	A
CREB1	UCP1	1.0	A
CREB1	PCK2	1.0	A
CLOCK	NR1D2	1.0	A
CEBPA	XDH	1.0	A
CEBPA	UHRF1	1.0	A
CEBPA	UBE2L3	1.0	A
CEBPA	TSC22D3	1.0	A
CEBPA	TOP2A	1.0	A
CEBPA	TNFAIP3	1.0	A
CEBPA	EPX	1.0	A
CEBPA	TK1	1.0	A
CEBPA	SREBF2	1.0	A
CEBPA	SPIDR	1.0	A
CEBPA	RNASE2	1.0	A
CEBPA	RB1	1.0	A
CEBPA	PCNA	1.0	A
CEBPA	NR5A1	1.0	A
CEBPA	NFYC	1.0	A
CEBPA	MYBL1	1.0	A
CEBPA	MMP11	1.0	A
CEBPA	MME	1.0	A
CEBPA	TIMP2	1.0	A
CEBPA	EPO	1.0	A
CEBPA	ENPP3	1.0	A
CEBPA	ELN	1.0	A
ARID3A	IGHV3-23	1.0	A
ARID3A	IGHV1-69	1.0	A
AR	ZNF559	1.0	A
AR	ZCCHC9	1.0	A
AR	TESK1	1.0	A
AR	SUOX	1.0	A
AR	STXBP2	1.0	A
AR	SLC25A11	1.0	A
AR	SERPINI1	1.0	A
AR	SDF2	1.0	A
ARNT	LDHA	1.0	A
AR	RNASE4	1.0	A
AR	PPP2R5D	1.0	A
AR	PNPLA4	1.0	A
AR	PIN1	1.0	A
AR	PEX6	1.0	A
AR	ORM2	1.0	A
AR	NPAT	1.0	A
AR	MMP13	1.0	A
AR	KCNH2	1.0	A
AR	IL1R1	1.0	A
AR	IFI35	1.0	A
AR	PRAME	1.0	A
AR	HES1	1.0	A
BMAL1	AVP	1.0	A
CDX2	SLC9A3	1.0	A
CEBPA	EHHADH	1.0	A
CEBPA	E2F3	1.0	A
CEBPA	E2F2	1.0	A
CEBPA	CYP3A7	1.0	A
CEBPA	CSRP1	1.0	A
CEBPA	CSN2	1.0	A
CEBPA	CREB1	1.0	A
CEBPA	CETP	1.0	A
CEBPA	CDK2	1.0	A
CEBPA	CDH13	1.0	A
ATF2	FOS	1.0	A
CEBPA	CCNE1	1.0	A
CEBPA	CCNB1	1.0	A
CEBPA	C8orf76	1.0	A
CEBPA	APBB1IP	1.0	A
CEBPA	AGXT	1.0	A
CEBPA	AEBP1	1.0	A
CEBPA	ACE	1.0	A
CEBPA	ACACB	1.0	A
CEBPA	ACACA	1.0	A
CEBPA	ABCC1	1.0	A
CEBPA	ABCB1	1.0	A
CEBPA	CCND1	1.0	A
HIF1A	DDIT4	1.0	A
E2F4	RFC4	1.0	A
E2F4	PRPSAP1	1.0	A
ESR1	PTPRG	1.0	A
ESR1	ITGA2	1.0	A
ESR1	IGFBP4	1.0	A
CTCF	ACVR1C	1.0	A
AR	ZFHX4	1.0	A
AR	XPA	1.0	A
AR	VAPA	1.0	A
AR	UBE2D3	1.0	A
CTCF	COL27A1	1.0	A
AR	TNFRSF1A	1.0	A
AR	THRA	1.0	A
AR	SUSD6	1.0	A
AR	STK39	1.0	A
AR	SOX4	1.0	A
AR	SMARCA2	1.0	A
AR	RBPMS	1.0	A
AR	RBMX	1.0	A
AR	QSOX1	1.0	A
AR	PTPRM	1.0	A
AR	PTPN9	1.0	A
AR	PRPS1	1.0	A
TP53	ADGRB2	1.0	A
CTCF	AHCYL1	1.0	A
TP53	EDN2	1.0	A
TP53	NHLH2	1.0	A
CTCF	FBXO7	1.0	A
CTCF	NFE2L2	1.0	A
CTCF	EPHB1	1.0	A
CTCF	ELP5	1.0	A
CTCF	DMKN	1.0	A
CTCF	DIP2B	1.0	A
CTCF	CIDEB	1.0	A
CTCF	CHRNA6	1.0	A
CTCF	CEP135	1.0	A
CTCF	CD80	1.0	A
AR	NUP214	1.0	A
CTCF	CCL16	1.0	A
CTCF	C1R	1.0	A
CTCF	BICD2	1.0	A
CTCF	B4GALNT1	1.0	A
CTCF	ANKRD46	1.0	A
CTCF	ABCA2	1.0	A
EPAS1	PDGFB	1.0	A
EPAS1	ADORA2A	1.0	A
EPAS1	BHLHE40	1.0	A
STAT3	RNLS	1.0	A
TP53	PPM1J	1.0	A
CTCF	CNIH1	1.0	A
AR	NPEPPS	1.0	A
AR	NME7	1.0	A
AR	NLGN4X	1.0	A
TP53	P2RX6	1.0	A
TP53	PCBP4	1.0	A
TP53	RNF144B	1.0	A
TP53	DDIT4	1.0	A
TP53	STEAP3	1.0	A
TP53	BNIP3L	1.0	A
TP53	ZMAT3	1.0	A
TP53	RCHY1	1.0	A
TFAP2C	TFF1	1.0	A
STAT1	HSPB1	1.0	A
TP53	CHMP4C	1.0	A
STAT1	SOCS2	1.0	A
STAT1	MCL1	1.0	A
SP1	REL	1.0	A
PPARG	GSTA2	1.0	A
NR2F2	MYOD1	1.0	A
KMT2A	MEIS1	1.0	A
HIF1A	BNIP3L	1.0	A
HIF1A	IL20	1.0	A
HIF1A	PDK3	1.0	A
HIF1A	BCL2L1	1.0	A
HIF1A	COX4I1	1.0	A
STAT1	CD274	1.0	A
CTCF	GALNT6	1.0	A
TWIST1	VEGFA	1.0	A
SOX2	GLI3	1.0	A
AR	MRPS27	1.0	A
AR	LIFR	1.0	A
AR	HSD17B11	1.0	A
AR	HNRNPA1	1.0	A
AR	HK2	1.0	A
AR	GRB10	1.0	A
AR	GLRX	1.0	A
AR	FXYD3	1.0	A
AR	FAM13A	1.0	A
AR	EYA2	1.0	A
STAT1	IRF9	1.0	A
AR	DDC	1.0	A
AR	FAM174B	1.0	A
AR	CDKL5	1.0	A
AR	CCNG2	1.0	A
AR	BTD	1.0	A
AR	ATP2B4	1.0	A
AR	ATF6	1.0	A
AR	ANAPC10	1.0	A
AR	ACP3	1.0	A
AR	ABCE1	1.0	A
HIF1A	GYS1	1.0	A
AR	CITED2	1.0	A
E2F4	RFC3	1.0	A
CTCF	GALT	1.0	A
CTCF	GRIN3A	1.0	A
E2F4	FOXM1	1.0	A
E2F4	FEN1	1.0	A
E2F4	FDFT1	1.0	A
E2F4	EXOSC9	1.0	A
E2F4	CHEK1	1.0	A
E2F4	CFAP20	1.0	A
E2F4	BUB3	1.0	A
E2F4	BARD1	1.0	A
E2F4	AKR7A2	1.0	A
E2F4	ADARB1	1.0	A
E2F4	ACTG1	1.0	A
SP1	UGT1A6	1.0	A
SP1	RNLS	1.0	A
E2F1	WRAP73	1.0	A
E2F1	PDPN	1.0	A
E2F1	NOL9	1.0	A
E2F1	HOXB9	1.0	A
YY1	ZNF615	1.0	A
YY1	WDR82	1.0	A
YY1	RNF40	1.0	A
YY1	RNF26	1.0	A
E2F4	HLTF	1.0	A
E2F4	HMGB1	1.0	A
E2F4	HMGN2	1.0	A
E2F4	ID3	1.0	A
E2F4	PRC1	1.0	A
E2F4	POLE2	1.0	A
HNF4G	SHBG	1.0	A
E2F4	POLA2	1.0	A
E2F4	PCNT	1.0	A
E2F4	PARK7	1.0	A
E2F4	P4HA2	-1.0	A
E2F4	NFE2L1	1.0	A
E2F4	NEK2	1.0	A
E2F4	NDC80	1.0	A
YY1	RAB3GAP1	1.0	A
E2F4	NAP1L4	1.0	A
E2F4	MLH1	1.0	A
E2F4	MKI67	1.0	A
E2F4	METTL3	1.0	A
E2F4	MCM3	1.0	A
STAT1	ETV7	1.0	A
E2F4	MAP3K7	1.0	A
E2F4	MAD2L1	1.0	A
E2F4	KLHL21	1.0	A
E2F4	KHDRBS1	1.0	A
E2F4	INSIG1	1.0	A
GATA2	AMOTL1	1.0	A
YY1	PAK4	1.0	A
YY1	NARS1	1.0	A
YY1	MRPS24	1.0	A
CTCF	PPRC1	1.0	A
CTCF	PPARD	1.0	A
E2F4	E2F3	1.0	A
CTCF	POU1F1	1.0	A
CTCF	POMT2	1.0	A
CTCF	PMPCB	1.0	A
CTCF	PLXNB3	1.0	A
CTCF	NES	1.0	A
CTCF	NCBP3	1.0	A
CTCF	NBN	1.0	A
CTCF	PRSS35	1.0	A
CTCF	MYD88	1.0	A
CTCF	MCM10	1.0	A
CTCF	MB	1.0	A
CTCF	LRRC59	1.0	A
CTCF	LPIN3	1.0	A
CTCF	KSR1	1.0	A
CTCF	IL19	1.0	A
CTCF	HSPA5	1.0	A
CTCF	HS1BP3	1.0	A
CTCF	HMCN1	1.0	A
CTCF	HEBP2	1.0	A
CTCF	MRPL17	1.0	A
CTCF	GAS7	1.0	A
CTCF	PTPA	1.0	A
CTCF	RPP30	1.0	A
YY1	MRPL46	1.0	A
YY1	MANF	1.0	A
YY1	HSF1	1.0	A
YY1	HACD2	1.0	A
YY1	DLG1	1.0	A
YY1	CPSF2	1.0	A
YY1	COQ9	1.0	A
YY1	COQ5	1.0	A
YY1	CDK5RAP2	1.0	A
YY1	CCDC43	1.0	A
CTCF	RPL39L	1.0	A
YY1	ATXN10	1.0	A
CTCF	ZNF804B	1.0	A
CTCF	ZNF613	1.0	A
CTCF	ZNF20	1.0	A
CTCF	TYSND1	1.0	A
CTCF	TSPAN16	1.0	A
CTCF	TSFM	1.0	A
CTCF	TRAPPC6A	1.0	A
CTCF	TNFRSF18	-1.0	A
CTCF	TMBIM6	1.0	A
CTCF	SMIM7	1.0	A
YY1	ACTR5	1.0	A
GATA2	FCER1A	1.0	A
GATA2	APEX1	-1.0	A
FOXM1	CDC6	1.0	A
CEBPA	LTF	1.0	A
IRF1	IL12A	1.0	A
HNF4A	CYP3A4	1.0	A
ZEB2	CDH1	-1.0	A
PPARG	RETN	-1.0	A
TP53	MGMT	-1.0	A
CEBPA	CDKN1A	1.0	A
HOXA10	IGFBP1	1.0	A
HES1	PTGDS	-1.0	A
YY1	DEK	1.0	A
SP1	GAST	1.0	A
IRF1	IL4	1.0	A
GATA4	NPPA	1.0	A
RARB	RARG	-1.0	A
RARG	RARB	1.0	A
JUN	CCL5	1.0	A
ETS1	CSF2	1.0	A
NFKB1	EGFR	1.0	A
E2F1	PCNA	1.0	A
SP1	TBXA2R	1.0	A
SP3	SLC9A3	1.0	A
E2F1	ATM	1.0	A
SP1	RPS3A	1.0	A
MAZ	MMP1	1.0	A
SP1	CAT	1.0	A
TP53	THBS1	1.0	A
RELA	CCL5	1.0	A
TP53	BRCA2	-1.0	A
HNF4A	MYC	1.0	A
KLF6	NOS2	1.0	A
TLX1	ALDH1A1	-1.0	A
YY1	IFNB1	-1.0	A
RELA	CD86	1.0	A
CEBPB	IL3	1.0	A
FOS	MYC	1.0	A
GATA1	HBG1	-1.0	A
MXD1	ODC1	1.0	A
MAX	ODC1	1.0	A
EGR1	ABCA2	1.0	A
NFATC1	IL2	1.0	A
ATF1	CFTR	1.0	A
EGR1	IL2	1.0	A
CDX2	MUC2	1.0	A
SMAD4	FSHB	1.0	A
PITX2	FSHB	1.0	A
CEBPA	CYP3A4	1.0	A
CREB1	STAR	1.0	A
EGR1	CHGA	1.0	A
NFATC2	CDK4	-1.0	A
TP53	SFN	1.0	A
EGR1	RET	1.0	A
CDX2	CDH17	1.0	A
STAT1	CXCL9	1.0	A
SP1	PTTG1	1.0	A
TP53	PTTG1	-1.0	A
TP53	BID	1.0	A
SOX9	COL9A1	1.0	A
CLOCK	BHLHE41	1.0	A
BMAL1	BHLHE40	1.0	A
STAT3	BIRC5	1.0	A
ATF1	CIITA	1.0	A
CLOCK	BHLHE40	1.0	A
POU2F1	CCND1	1.0	A
JUN	SERPINE1	1.0	A
STAT1	CCL2	1.0	A
MYC	BBC3	1.0	A
SP1	ADIPOQ	1.0	A
TP53	MUC2	1.0	A
STAT4	PRF1	1.0	A
ESR1	GRIN2D	1.0	A
TP53	FDXR	1.0	A
REL	SELE	1.0	A
E2F2	CDC6	1.0	A
E2F3	CDC6	1.0	A
E2F1	CDC6	1.0	A
MYC	ID2	1.0	A
E2F4	STMN1	1.0	A
LEF1	CDX1	1.0	A
FOS	PGR	1.0	A
RELA	CD40	1.0	A
RELA	IFNG	1.0	A
ETS2	PSEN1	1.0	A
NFKB1	CR2	1.0	A
MITF	SNAI2	1.0	A
JUN	PGR	-1.0	A
AR	KLK3	1.0	A
ETS1	TFRC	-1.0	A
E2F3	MYCN	1.0	A
E2F2	MYCN	1.0	A
E2F1	MYCN	1.0	A
FOS	CSF2	1.0	A
SMAD4	CDKN2B	1.0	A
ESR1	SP3	1.0	A
NFKB1	IL1RN	1.0	A
HES1	DBF4	1.0	A
IRF1	IL12B	-1.0	A
REL	BIRC3	1.0	A
TP53	VCAN	1.0	A
HIF1A	NT5E	1.0	A
ETS1	PF4	1.0	A
E2F1	CCND3	1.0	A
MITF	MLANA	1.0	A
SP1	ATP2A2	1.0	A
TFAP2A	PLAUR	1.0	A
HSF2	HSPA4	1.0	A
PPARG	SERPINE1	-1.0	A
SP1	PTH	1.0	A
NR1H4	UGT2B4	-1.0	A
SP1	STARD3	1.0	A
SP1	CYP1B1	1.0	A
DNMT1	ESR1	-1.0	A
NFKB1	MYC	1.0	A
PPARG	SLC2A4	-1.0	A
HNF4A	NR1I2	1.0	A
TP53	PRKAB1	1.0	A
SREBF1	ACACB	1.0	A
PPARG	SCARB1	1.0	A
NFKB1	IFNG	1.0	A
EGR1	TP53	1.0	A
TP53	EGR1	1.0	A
SP1	FGL2	1.0	A
RUNX2	IBSP	1.0	A
FOXO1	PDK4	1.0	A
TP53	ESR1	1.0	A
STAT3	PRF1	1.0	A
NFKB2	BCL2	1.0	A
E2F6	BRCA1	-1.0	A
JUN	TP53	-1.0	A
ESR1	EGFR	1.0	A
PGR	HLTF	1.0	A
INSM1	NEUROD1	1.0	A
TP53	DUSP1	1.0	A
EGR1	AR	-1.0	A
PPARA	APOA1	1.0	A
ATF3	ASNS	1.0	A
TP53	MAD1L1	-1.0	A
RELA	S100A6	1.0	A
USF2	IGF2R	1.0	A
ETV4	MUC4	1.0	A
KLF4	GPA33	1.0	A
JUN	MYC	1.0	A
MYC	JUN	1.0	A
CEBPB	IL10	1.0	A
ETS1	TFAP2A	1.0	A
TFAP2A	ETS1	1.0	A
PPARG	RARB	1.0	A
ATF2	IFNG	1.0	A
IRF1	OGN	1.0	A
ESR1	TP53	-1.0	A
ETS2	MDM2	1.0	A
ESR1	MDM2	1.0	A
CEBPB	INSR	1.0	A
SP1	FASLG	1.0	A
NFE2L2	TXN	1.0	A
NR0B1	NR1H4	-1.0	A
ESR1	CCN5	1.0	A
POU2F1	SPP1	1.0	A
AR	GTF2F1	1.0	A
ETS2	CSF2	1.0	A
STAT1	S100A10	1.0	A
MYOD1	ACACB	1.0	A
TP63	SFN	1.0	A
EGR1	COL2A1	-1.0	A
ETS2	BRCA1	-1.0	A
ESR1	NCOA1	1.0	A
E2F1	CDK1	1.0	A
ETS2	PTHLH	1.0	A
JUN	IFNG	1.0	A
POU2F3	SPRR2A	1.0	A
JUN	FASLG	1.0	A
SP3	CA9	1.0	A
ETS1	NRP1	1.0	A
SP1	INSR	1.0	A
FOS	CCL2	1.0	A
TP53	NME1	1.0	A
EGR1	CD44	1.0	A
ELK1	PSEN1	1.0	A
NFKB1	ELF3	1.0	A
RELA	ELF3	1.0	A
ESR1	CAD	1.0	A
ETS1	CDKN1A	1.0	A
AR	IGHG1	1.0	A
IRF1	CDK2	-1.0	A
ESR1	CDH1	1.0	A
NR5A1	AMHR2	1.0	A
RARA	CYP26A1	1.0	A
GATA1	PF4	1.0	A
PPARA	APOA5	1.0	A
TP53	ARID3A	1.0	A
RELA	CXCR4	1.0	A
SP1	WT1	1.0	A
SP1	UGDH	1.0	A
EHF	SPRR1B	1.0	A
IRF8	CD68	-1.0	A
SPI1	CD68	-1.0	A
IRF4	CD68	-1.0	A
E2F1	TP53	1.0	A
TP53	E2F1	-1.0	A
SP3	DNASE2	1.0	A
E2F6	RBBP4	-1.0	A
MAFA	INS	1.0	A
SP1	TAF7	1.0	A
TP53	CTSD	1.0	A
HNF4A	G6PC1	1.0	A
CREB1	CYP11A1	1.0	A
USF2	ABCA1	1.0	A
USF1	ABCA1	1.0	A
SP1	TYMS	1.0	A
TP53	SIAH1	1.0	A
STAT3	BCL2L1	1.0	A
NR2F1	CYP19A1	-1.0	A
CREB1	CYP19A1	1.0	A
IRF7	IFNB1	1.0	A
SP1	ABCC3	1.0	A
ESR1	FBLN1	1.0	A
TP53	IER3	1.0	A
SP1	IER3	1.0	A
USF1	APOC3	1.0	A
SPI1	VAV1	1.0	A
EGR1	EGFR	1.0	A
CREB1	NR4A3	1.0	A
ETS1	MMP1	1.0	A
PDX1	GCK	1.0	A
ESR1	RARA	1.0	A
SPI1	DAB2	1.0	A
SP1	CYP27A1	1.0	A
SP3	CYP27A1	1.0	A
ETS1	FASLG	1.0	A
USF2	PTGS2	1.0	A
VDR	EGFR	-1.0	A
ATF4	ASNS	1.0	A
MAF	IL4	1.0	A
EGR1	JUN	1.0	A
SP1	ITGAX	1.0	A
SNAI2	CDH1	-1.0	A
FOS	STAR	1.0	A
SP1	MET	1.0	A
CREB1	IFNG	1.0	A
SREBF1	ACACA	1.0	A
ATF2	PTGS2	1.0	A
CREB1	NR4A2	1.0	A
E2F3	CDKN2A	1.0	A
STAT1	IRF7	1.0	A
SP1	UBC	1.0	A
PPARG	GK	1.0	A
EGR1	DMRT1	1.0	A
PPARG	MMP1	-1.0	A
PPARA	CD36	1.0	A
HNF4A	CYP27A1	1.0	A
TP53	HNF4A	-1.0	A
SP1	BSG	1.0	A
SP1	CDKN2B	1.0	A
SOX10	MBP	1.0	A
JUN	FAS	1.0	A
JUN	NGF	1.0	A
PAX6	KRT12	1.0	A
PPARA	PCK1	1.0	A
ESR1	FOS	1.0	A
ETS1	ECE1	1.0	A
WT1	PODXL	1.0	A
MEF2A	SLC2A4	1.0	A
TP53	BIRC5	-1.0	A
TP53	MKI67	-1.0	A
TP53	BCL2L1	-1.0	A
EGR1	ACE	1.0	A
NR1H4	NR0B2	1.0	A
EGR1	LHB	1.0	A
FOS	TP53	1.0	A
CREB1	IL6	1.0	A
TP53	PTPN13	1.0	A
SMAD3	MYC	-1.0	A
E2F4	MYC	-1.0	A
STAT3	FOS	1.0	A
SOX10	GJB1	-1.0	A
JUN	FOS	1.0	A
RBPJ	HEY2	1.0	A
SP1	CHRNB4	1.0	A
CLOCK	PER2	1.0	A
CLOCK	CRY2	1.0	A
CLOCK	CRY1	1.0	A
BMAL1	CRY2	1.0	A
TP53	MMP2	1.0	A
MITF	ACP5	1.0	A
TP53	KLK3	-1.0	A
PPARA	FADS2	1.0	A
POU2F1	IL4	1.0	A
POU2F1	IL2	1.0	A
GATA3	IFNG	1.0	A
EGR1	PTEN	1.0	A
REST	BDNF	-1.0	A
FOXO4	BCL6	1.0	A
ESR1	NCOA3	1.0	A
CEBPA	CSF3R	1.0	A
HNF4A	CYP2D6	1.0	A
RELA	CCL20	1.0	A
CEBPB	IL5	1.0	A
EGR1	FASLG	1.0	A
HIF1A	PFKFB3	1.0	A
SP3	CTSL	1.0	A
SP3	AGTR1	1.0	A
E2F4	TERT	-1.0	A
TP53	DDB2	1.0	A
ESR1	CYP19A1	1.0	A
CEBPA	HAMP	1.0	A
TFAP2A	SP1	1.0	A
VDR	CYP3A4	1.0	A
BCL6	PRDM1	-1.0	A
TP53	SLC6A6	-1.0	A
ESR1	CRH	-1.0	A
TP53	ATF3	1.0	A
HIF1A	CA9	1.0	A
MAFK	NQO1	1.0	A
MAFG	NQO1	1.0	A
STAT3	CCND1	1.0	A
PITX1	FSHB	1.0	A
POU2F1	VCAM1	-1.0	A
ESR1	CAV1	-1.0	A
CREB1	FOS	1.0	A
SP1	CDKN2A	1.0	A
ESR1	TERT	1.0	A
ETS1	ATP2A3	1.0	A
SPI1	FCGR1A	1.0	A
NR1I3	UGT1A1	1.0	A
ATF2	NR4A2	1.0	A
GATA1	HBB	1.0	A
E2F4	PPARG	-1.0	A
ESR2	RARA	1.0	A
STAT1	CASP4	1.0	A
RELA	IER3	1.0	A
NFKB1	IER3	1.0	A
MYC	IER3	-1.0	A
REL	IER3	1.0	A
GATA1	GP6	1.0	A
FLI1	GP6	1.0	A
BACH1	HMOX1	-1.0	A
HIF1A	BHLHE41	1.0	A
FOXO1	TNFSF10	1.0	A
FOXO3	TNFSF10	1.0	A
LEF1	RAG2	1.0	A
TP53	XPC	1.0	A
USF1	SERPINE1	1.0	A
EGR1	LDLR	1.0	A
TFAP2A	SLC19A1	1.0	A
PITX1	PRL	1.0	A
STAT1	JAK2	1.0	A
NFKB1	IRF4	1.0	A
HIF1A	LEP	1.0	A
SP1	CD14	1.0	A
SP3	LORICRIN	-1.0	A
NFKB1	NOD2	1.0	A
E2F1	PPARG	1.0	A
CREB1	CPT1A	1.0	A
FOXA2	APOA1	1.0	A
NFKB1	CXCL8	1.0	A
ETS1	MMP3	1.0	A
SP1	BCL2	1.0	A
RARA	CEBPE	1.0	A
CEBPE	SPI1	-1.0	A
CEBPA	SPI1	1.0	A
LEF1	DCT	1.0	A
RELA	IL2	1.0	A
PPARG	DBI	1.0	A
MYC	PRDX3	1.0	A
EGR1	PPARG	-1.0	A
RELA	IFNB1	1.0	A
NFKB1	IFNB1	1.0	A
CEBPD	CYP19A1	-1.0	A
CEBPB	CYP19A1	-1.0	A
ETS1	FLI1	1.0	A
E2F1	TP73	1.0	A
PPARA	NFKBIA	1.0	A
HNF4A	PPARA	1.0	A
NR2F2	HNF4A	-1.0	A
TP53	IRF5	1.0	A
LEF1	EDA	1.0	A
ETS1	MMP2	1.0	A
USF1	TERT	1.0	A
ESR1	OXT	-1.0	A
EGR1	APOA1	1.0	A
SP1	MMP14	-1.0	A
TP53	CASP6	1.0	A
USF2	PKLR	1.0	A
MITF	BCL2	1.0	A
SREBF2	SQLE	1.0	A
SP1	MUC5AC	1.0	A
SP1	CDKN2C	1.0	A
E2F1	CDKN2C	1.0	A
CEBPA	HP	1.0	A
PPARG	MYC	-1.0	A
JUN	DDIT3	1.0	A
PBX2	UGT2B17	-1.0	A
JUN	GJA1	1.0	A
E2F1	E2F3	1.0	A
E2F3	E2F1	1.0	A
AR	AKT1	1.0	A
SP1	PNOC	1.0	A
MEF2D	JUN	1.0	A
PAX5	PRDM1	-1.0	A
FOXO4	GADD45A	1.0	A
FOXO3	GADD45A	1.0	A
SP1	KDR	-1.0	A
HNF4A	F2	1.0	A
SP3	F2	1.0	A
FOXO3	BCL2L11	1.0	A
AR	ZBTB16	1.0	A
CREM	FOS	-1.0	A
FOS	CREM	1.0	A
REST	OPRM1	-1.0	A
FOSL1	MMP9	1.0	A
HIF1A	FECH	1.0	A
NR1D1	BMAL1	-1.0	A
BMAL1	NR1D1	1.0	A
HIF1A	NPM1	1.0	A
FOS	NPPA	-1.0	A
FOXO3	SOD2	1.0	A
SPI1	CTSK	1.0	A
ETS1	GRPR	1.0	A
ELK1	TLR9	1.0	A
NR1H2	ABCG1	1.0	A
NR1H2	ABCA1	1.0	A
YY1	HSD3B2	1.0	A
TP53	TNFRSF10A	1.0	A
WT1	MYC	-1.0	A
MYC	WT1	1.0	A
PGR	CCND1	1.0	A
ESR1	TSC22D3	-1.0	A
GATA1	GFI1B	1.0	A
SP1	GCLC	1.0	A
SREBF2	ABCA1	-1.0	A
FLI1	MPL	1.0	A
FOXP3	IL2RA	1.0	A
TP53	MDM2	1.0	A
NFKB1	IL10	1.0	A
E2F1	ISYNA1	1.0	A
SP1	SREBF1	1.0	A
SP1	MUC4	1.0	A
TP53	CCNA1	1.0	A
SP1	NQO2	1.0	A
STAT1	OPRM1	1.0	A
E2F4	CCNA2	1.0	A
CREB1	G6PC1	1.0	A
NR4A1	MDM2	-1.0	A
CEBPB	ASNS	-1.0	A
EGR1	SYN1	1.0	A
TP53	SH2D1A	1.0	A
IRF8	NF1	1.0	A
MYC	CFLAR	-1.0	A
HNF1A	UGT1A8	1.0	A
CDX2	UGT1A8	1.0	A
GLI2	FOXE1	1.0	A
ESR1	CRHBP	1.0	A
FLI1	IGFBP3	-1.0	A
TBP	CDKN1A	1.0	A
TP53	AIFM2	1.0	A
ESR1	CXCL8	-1.0	A
USF1	CDK4	1.0	A
MYC	CDK4	1.0	A
NR4A1	HSD3B2	1.0	A
PROX1	CYP7A1	-1.0	A
JUN	F3	1.0	A
STAT6	SOCS1	1.0	A
ETS1	SOCS1	-1.0	A
STAT1	JUN	1.0	A
HIF1A	FLT1	1.0	A
EPAS1	FLT1	1.0	A
PPARG	ANGPTL4	1.0	A
PPARD	ANGPTL4	1.0	A
PPARA	ANGPTL4	1.0	A
FOS	IL12B	1.0	A
USF2	PF4	1.0	A
USF1	PF4	1.0	A
USF2	THBS1	1.0	A
ETS1	NOS3	1.0	A
NFATC2	IL2	1.0	A
RBPJ	HES1	1.0	A
TP53	EZH2	-1.0	A
E2F3	TP73	1.0	A
JUN	MMP2	1.0	A
ESR2	SERPINE1	-1.0	A
E2F1	BIRC5	1.0	A
LHX3	FSHB	1.0	A
JUND	MYB	1.0	A
JUN	MYB	1.0	A
HIF1A	RORA	1.0	A
SP1	NKX2-1	1.0	A
SP1	BRCA1	1.0	A
HIF1A	ID2	1.0	A
ETS1	PLAU	1.0	A
EGR1	PDGFC	1.0	A
ETS1	GP9	1.0	A
SP1	PDGFC	1.0	A
USF2	HMOX1	1.0	A
USF1	HMOX1	1.0	A
IRF1	TNFSF10	1.0	A
SMAD4	BAMBI	1.0	A
SMAD3	BAMBI	1.0	A
JUN	REN	1.0	A
HIF1A	ITGB2	1.0	A
STAT3	ETV6	1.0	A
JUN	GNRHR	1.0	A
ESR1	SERPINE1	1.0	A
EGR1	FGF2	1.0	A
STAT3	IL21	1.0	A
ETS1	MPL	1.0	A
HES1	E2F1	-1.0	A
SP1	MACROD1	1.0	A
ESR1	MACROD1	1.0	A
SP1	TIMP2	1.0	A
MBD1	SETDB1	-1.0	A
FOXO1	CNR1	-1.0	A
JUN	CYP19A1	-1.0	A
FOSL1	CDKN2A	1.0	A
ELK3	FOS	-1.0	A
USF1	APOA5	1.0	A
SP1	APOE	1.0	A
ATF3	GDF15	1.0	A
CTCF	IRAK2	1.0	A
TP53	IGFBP3	1.0	A
NFKB1	HSD11B2	1.0	A
EGR1	HSD11B2	-1.0	A
DDIT3	CXCL8	1.0	A
REST	TUBB3	-1.0	A
CEBPB	SLC19A1	1.0	A
SP1	HNF4A	1.0	A
TP73	BBC3	1.0	A
MYCN	MDM2	1.0	A
ETS1	BMP4	1.0	A
ETS2	CGA	1.0	A
SP3	KLK3	1.0	A
KLF2	NOS3	1.0	A
KLF11	INS	1.0	A
E2F1	CCNE2	1.0	A
FOS	PTGS2	1.0	A
HOXA5	PTN	1.0	A
RELA	NFKB2	1.0	A
WT1	MYB	-1.0	A
MYB	WT1	1.0	A
CEBPA	CES1	1.0	A
ELK1	DDIT4	1.0	A
TFAP2B	PTGDS	1.0	A
EGR1	VEGFA	1.0	A
E2F1	MT1G	1.0	A
TP53	TRIAP1	1.0	A
TP73	TERT	-1.0	A
PPARG	NR1D1	1.0	A
E2F3	TP53BP2	1.0	A
E2F1	PPP1R13B	1.0	A
RELA	EBI3	1.0	A
NFKB1	EBI3	1.0	A
RELA	CXCL2	1.0	A
KLF2	THBD	1.0	A
STAT5A	BCL6	-1.0	A
PPARA	SERPINE1	1.0	A
SREBF1	HK2	1.0	A
STAT1	CSF1	1.0	A
NME2	MYC	1.0	A
MYC	NME2	1.0	A
STAT5A	IFNG	1.0	A
GLI2	BCL2	1.0	A
FOXL2	CYP19A1	1.0	A
FOS	FOSL1	1.0	A
IRF1	TP53	1.0	A
JUN	SPRR1A	1.0	A
FOXO3	BCL6	1.0	A
FOXO3	CCND2	-1.0	A
BCL6	CCND2	-1.0	A
WT1	NPHS1	1.0	A
RELA	MICA	1.0	A
TP53	BAK1	1.0	A
IRF8	IL12A	1.0	A
GATA3	ZEB1	1.0	A
JUN	STMN1	1.0	A
TP53	CCNB1	-1.0	A
HIF1A	PFKFB4	1.0	A
HNF4A	UGT1A9	1.0	A
ETS1	CHUK	1.0	A
ELK1	SRF	1.0	A
SP1	CAV1	1.0	A
RELA	CCL11	1.0	A
ESR1	TFF1	1.0	A
MITF	CDKN2A	-1.0	A
HIF1A	HSP90B1	1.0	A
RELA	EGR1	-1.0	A
EGR1	RELA	-1.0	A
NR5A1	HSD3B2	1.0	A
FOXO1	CCND2	-1.0	A
HIF1A	FURIN	1.0	A
FOXO3	SIRT1	1.0	A
VDR	CYP24A1	1.0	A
JUN	RELB	1.0	A
STAT5A	CCND1	1.0	A
E2F1	TP53BP2	1.0	A
MYC	NPM1	1.0	A
JUN	IVL	1.0	A
TP53	NLRC4	1.0	A
TP53	PMAIP1	1.0	A
ETS1	CCND1	1.0	A
JUN	SMAD7	1.0	A
FOS	SMAD7	1.0	A
IRF1	DST	-1.0	A
POU5F1	SOX2	1.0	A
SP3	TFF1	1.0	A
ETS1	HMOX1	1.0	A
TP53	S100B	1.0	A
HIF1A	CYGB	1.0	A
USF1	FMR1	1.0	A
USF1	CTSB	1.0	A
PGR	VEGFA	-1.0	A
EGR1	GDF15	1.0	A
AR	NCOA2	-1.0	A
STAT4	IL2RA	1.0	A
TP53	ADA	1.0	A
NR5A1	CYP11B2	-1.0	A
SP3	MYCN	1.0	A
USF1	PIGR	1.0	A
NFIC	SMUG1	1.0	A
ESR2	TGFA	1.0	A
TP53	TNFRSF10C	1.0	A
ESR1	SERPINB9	1.0	A
TP53	KAT2B	1.0	A
HIF1A	GCK	1.0	A
FLI1	TERT	1.0	A
HOXD3	ITGA5	1.0	A
STAT1	FAS	1.0	A
LEF1	ELANE	1.0	A
EGR1	PSEN2	-1.0	A
NFKB1	AR	-1.0	A
USF2	CTSB	1.0	A
RELA	NOS3	1.0	A
REL	IL1B	1.0	A
NR3C1	NR1I3	1.0	A
ESR1	MYC	1.0	A
EGR1	PTGES	1.0	A
TP53	PML	1.0	A
CEBPA	SPP1	1.0	A
SP1	ALOX15B	1.0	A
PPARG	NR1H3	1.0	A
SP1	APP	1.0	A
TFAP2A	BACE1	1.0	A
EGR2	IGF2	1.0	A
STAT5A	PIM1	1.0	A
GATA2	GATA1	1.0	A
TP53	CASP10	1.0	A
RELA	IL4	1.0	A
NFKB1	IL4	1.0	A
STAT3	PTGS2	1.0	A
JUND	NOS2	1.0	A
FOS	IL1B	1.0	A
FOS	CXCL8	1.0	A
ESR1	JUN	1.0	A
NFIC	CYP17A1	1.0	A
E2F1	BBC3	1.0	A
PPARG	PLIN2	1.0	A
NFKB1	NOS3	1.0	A
FOS	NOS2	1.0	A
SP1	CTSL	1.0	A
CREB1	NPY	1.0	A
JUN	PLAT	1.0	A
SP1	KRT16	1.0	A
JUN	KRT16	1.0	A
ATF6	XBP1	1.0	A
CEBPA	ELANE	1.0	A
NR4A1	E2F1	1.0	A
HNF1A	UGT1A6	1.0	A
REST	GLRA1	1.0	A
TP53	DUSP5	1.0	A
USF2	TERT	1.0	A
CEBPA	TF	1.0	A
POU2F2	HLA-DOB	1.0	A
CREB1	HLA-DOB	1.0	A
MYC	CCNA2	1.0	A
RUNX1	ITGAX	1.0	A
TP53	IFI16	1.0	A
USF1	CD2	1.0	A
USF2	CYP19A1	-1.0	A
USF1	CYP19A1	-1.0	A
CEBPA	PTGS2	1.0	A
RFX5	COL1A2	-1.0	A
CEBPA	BCL2	1.0	A
NR2F1	LHCGR	-1.0	A
SP1	F2R	1.0	A
RUNX1	PRKCB	1.0	A
SP1	TNFRSF10B	1.0	A
GLI1	BCL2	1.0	A
SP3	NOS3	1.0	A
GATA4	NOS3	1.0	A
JUN	MAT2A	1.0	A
SOX10	RET	1.0	A
PPARA	PANK1	1.0	A
CREB1	HMOX1	1.0	A
TFAP2A	EGFR	1.0	A
HNF4A	GUCY2C	1.0	A
SP1	DCK	1.0	A
HIF1A	PTGS2	1.0	A
TBP	MYC	1.0	A
STAT5A	BCL2	1.0	A
JUN	CDKN1A	1.0	A
CEBPA	AFP	1.0	A
JUND	FOSL1	1.0	A
JUN	FOSL1	1.0	A
CREB1	VIP	1.0	A
WT1	PDGFA	-1.0	A
FOS	NR3C1	-1.0	A
ETS2	ANPEP	1.0	A
CEBPD	C3	1.0	A
SP1	KLK3	1.0	A
HIF1A	NR4A1	1.0	A
LEF1	CD1D	-1.0	A
MYC	EIF4E	1.0	A
ESR1	PELP1	1.0	A
GLI2	PTCH1	1.0	A
GLI1	PTCH1	1.0	A
NFKB1	IL2	1.0	A
FOS	NFATC1	1.0	A
FOS	ACP5	1.0	A
STAT3	CYP19A1	1.0	A
SP1	CYP19A1	1.0	A
PPARG	BCL2	1.0	A
VDR	CDKN1B	1.0	A
TP53	SLC2A1	-1.0	A
STAT1	CXCL8	-1.0	A
TP53	HSP90AB1	-1.0	A
HIF1A	TIMP1	1.0	A
JUN	CCND1	1.0	A
PAX6	GCK	1.0	A
ESR1	HOXA10	1.0	A
NFATC2	IL4	1.0	A
CEBPB	ABCB1	1.0	A
TP53	COP1	1.0	A
TP53	SIVA1	1.0	A
MYB	DHRS2	1.0	A
MYBL1	DHRS2	1.0	A
NRF1	FMR1	1.0	A
GLI2	GLI1	1.0	A
EGR3	NAB2	1.0	A
ESR1	MTA3	1.0	A
HIF1A	EGLN3	1.0	A
EPAS1	EGLN3	1.0	A
RELA	SIRT1	1.0	A
CEBPA	NFYA	1.0	A
CTCF	IGF2	-1.0	A
AR	SCAP	1.0	A
MYB	NR3C1	1.0	A
GFI1	GFI1B	1.0	A
ESR1	TAC3	1.0	A
CEBPA	CPS1	1.0	A
SP1	SCT	1.0	A
ATF2	CCND1	1.0	A
SP3	SCT	1.0	A
MYCN	NES	1.0	A
SP3	KDR	1.0	A
FOXO3	FBXO32	1.0	A
SP3	CNMD	1.0	A
E2F4	PLK1	-1.0	A
SREBF1	NR0B2	1.0	A
STAT5B	ESR1	1.0	A
TP53	CHEK2	-1.0	A
ESR1	BMP6	1.0	A
SP1	NR3C1	1.0	A
CEBPB	ALB	1.0	A
MYBL2	MYC	1.0	A
MYC	MYBL2	1.0	A
STAT3	TRH	1.0	A
USF2	TGFB1	1.0	A
USF1	TGFB1	1.0	A
CREB1	ETV3	1.0	A
LEF1	CLDN2	1.0	A
PPARG	SAT1	1.0	A
ATF4	VEGFA	1.0	A
SP1	PCK1	1.0	A
MITF	TRPM1	1.0	A
SP1	EPO	1.0	A
SMAD3	EPO	1.0	A
HNF4A	EPO	1.0	A
RBPJ	HEY1	1.0	A
MITF	FOS	1.0	A
IRF1	TAP1	1.0	A
ETS1	TNC	1.0	A
MYB	ELANE	1.0	A
ESR1	ABCG2	1.0	A
SPI1	TGFBR2	1.0	A
ETV4	TGFBR2	1.0	A
MITF	BEST1	1.0	A
JUND	PLAUR	1.0	A
EPAS1	SERPINE1	1.0	A
TP53	TP53AIP1	1.0	A
SP1	IVL	1.0	A
CREM	CCNA2	-1.0	A
NR4A1	CYP17A1	1.0	A
SP1	TGFA	1.0	A
TP53	PLK1	-1.0	A
RELA	GSTP1	1.0	A
RARA	SFTPB	1.0	A
PPARG	CDKN1A	1.0	A
ZNF148	MMP3	1.0	A
SMAD3	TNC	1.0	A
SREBF1	LDLR	1.0	A
RARA	CXCR5	1.0	A
TFAP4	MDM2	-1.0	A
JUN	SPP1	1.0	A
SP1	CYP17A1	1.0	A
GATA6	CYP17A1	1.0	A
GATA4	CYP17A1	1.0	A
ETV4	WT1	1.0	A
HNF1A	APOH	1.0	A
SMAD4	TNC	1.0	A
STAT5A	ESR2	1.0	A
STAT5A	ESR1	1.0	A
ESR1	STAT5A	1.0	A
HIF1A	TP53	1.0	A
JUN	GCLC	1.0	A
RELA	IL6	1.0	A
SPI1	ITGB2	1.0	A
HNF1A	ALB	1.0	A
POU2F1	HPGDS	1.0	A
SMAD4	APOC3	1.0	A
SMAD3	APOC3	1.0	A
ZIC2	DRD1	-1.0	A
EGR1	TGFBR2	-1.0	A
SP1	ESR1	1.0	A
ESR1	SP1	1.0	A
USF1	CCNB1	1.0	A
AR	MYC	1.0	A
CEBPB	CDKN1A	1.0	A
TP53	RRM2B	1.0	A
TP53	PIAS3	-1.0	A
SP1	F3	1.0	A
ATF2	ATF3	1.0	A
JUN	ATF3	1.0	A
SP1	CD44	1.0	A
TFAP2A	VEGFA	1.0	A
NFKB1	ICAM1	1.0	A
CEBPB	IL4	1.0	A
ESR1	APOA1	1.0	A
ZIC2	APOE	1.0	A
ZIC1	APOE	1.0	A
NFE2L2	NQO1	1.0	A
JUN	NQO1	1.0	A
NFKB1	IL1B	1.0	A
NFKB1	CRP	1.0	A
E2F4	CDK1	1.0	A
SP1	POLB	-1.0	A
ESR1	NOS3	1.0	A
ESR1	AKT1	1.0	A
STAT1	IRF1	1.0	A
EPAS1	VEGFA	1.0	A
ESR1	KRT19	1.0	A
SPI1	GATA1	-1.0	A
BMAL2	SERPINE1	1.0	A
ATF1	IL10	1.0	A
ESR2	PGR	1.0	A
CEBPB	FOS	1.0	A
CREB1	CGA	1.0	A
ATF1	CGA	1.0	A
NR5A1	CYP11B1	1.0	A
CREB1	IL10	1.0	A
CREB1	TG	1.0	A
NFKB1	VCAM1	1.0	A
NFKB1	IL6	1.0	A
SP1	PTN	1.0	A
FOXO1	G6PC1	1.0	A
ERG	ICAM2	1.0	A
SP1	MYBL1	1.0	A
SP1	NOS3	1.0	A
ZEB1	CDH1	-1.0	A
ETS1	PSEN1	1.0	A
JUN	IL24	1.0	A
SOX10	MITF	1.0	A
ESR1	PTMA	-1.0	A
CTCF	APP	1.0	A
FOS	MMP9	1.0	A
IRF7	IFNA1	1.0	A
SOX10	MPZ	1.0	A
HIF1A	BNIP3	1.0	A
NFKB1	CSF1	1.0	A
SP1	STAR	1.0	A
JUN	CCL2	1.0	A
JUN	SPRR1B	1.0	A
NFKB1	BCL2L1	1.0	A
E2F1	MDM2	-1.0	A
EGR1	TP73	1.0	A
IRF8	NCF2	1.0	A
MYC	CAD	1.0	A
ATF1	TGFB2	1.0	A
RELA	ICAM1	1.0	A
RELA	VCAM1	1.0	A
TP53	ING1	1.0	A
ETS1	FLT1	1.0	A
CEBPE	LTF	1.0	A
IRF2	CIITA	1.0	A
STAT1	TAP1	1.0	A
USF1	BRCA2	1.0	A
ELF1	BRCA2	1.0	A
WT1	CCN2	-1.0	A
ATF2	PCK1	1.0	A
USF2	BRCA2	1.0	A
SP1	TNF	1.0	A
SMAD3	SMAD7	1.0	A
SMAD4	SMAD7	1.0	A
FOSL1	ELN	-1.0	A
JUN	ELN	-1.0	A
RELA	EDN1	1.0	A
HIF1A	CDKN1A	1.0	A
TFAP2A	MPG	1.0	A
ATF6	HSPA5	1.0	A
ATF3	SELE	-1.0	A
SP1	ALOX12	1.0	A
E2F1	TYMS	1.0	A
WT1	VDR	1.0	A
FOXA1	SFTPB	1.0	A
RARA	MUC5AC	1.0	A
GATA2	EPO	-1.0	A
SP1	CTSD	1.0	A
ESR1	CTSD	1.0	A
SP1	IGF2	1.0	A
CEBPB	IGF2	1.0	A
REL	CRP	1.0	A
REL	IL6	-1.0	A
STAT5A	CCND2	1.0	A
SP1	CCND2	1.0	A
STAT3	MCL1	1.0	A
ETV4	MMP7	1.0	A
TFDP1	DHFR	1.0	A
E2F4	DHFR	-1.0	A
NKX2-1	SFTPB	1.0	A
TP53	CHEK1	-1.0	A
NR1H3	ABCG1	1.0	A
NR1H3	APOE	1.0	A
TFAP2A	TH	1.0	A
TFAP2A	DBH	1.0	A
ESR1	TGFA	1.0	A
PPARA	CPT1A	1.0	A
JUN	IL1B	1.0	A
PPARG	UCP1	1.0	A
CREB1	NF1	1.0	A
TP53	NDRG1	1.0	A
JUN	PLAUR	1.0	A
FOSL1	PLAUR	1.0	A
ETS2	CDKN2A	1.0	A
TP53	MAP4	-1.0	A
ETS1	CDKN2A	1.0	A
SP1	CDKN1B	1.0	A
HNF4A	APOC3	1.0	A
HNF4A	APOB	1.0	A
EGR1	PDGFB	1.0	A
SP1	PDGFB	1.0	A
POU2F1	GADD45A	1.0	A
SP3	MUC2	1.0	A
SP1	MUC2	1.0	A
NR5A1	SRY	1.0	A
JUN	VEGFA	1.0	A
HNF1A	UGT2B17	1.0	A
PPARA	UCP1	1.0	A
ATF2	PLAT	1.0	A
CREB1	PLAT	-1.0	A
ETV4	ERBB2	-1.0	A
ESR1	HSPB1	1.0	A
CREB1	TRH	1.0	A
STAT1	COL1A2	1.0	A
TP53	NOS2	-1.0	A
CREB1	PTGS2	1.0	A
ESR1	AVP	1.0	A
TFAP2A	CDH1	1.0	A
IRF1	HLA-G	1.0	A
USF2	HOXB4	1.0	A
USF1	HOXB4	1.0	A
RELA	PTGS2	1.0	A
NFKB1	PTGS2	1.0	A
MYF6	ACACB	1.0	A
MITF	KIT	1.0	A
SP3	ALPL	1.0	A
WT1	EGFR	-1.0	A
STAT6	IRF1	1.0	A
TBX2	CDKN2A	-1.0	A
SP1	MMP9	1.0	A
RELA	NFKBIA	1.0	A
RELA	MMP9	1.0	A
NFKB1	NFKBIA	1.0	A
NFKB1	MMP9	1.0	A
REL	F3	1.0	A
HES1	ASCL1	-1.0	A
GATA3	IL4	1.0	A
TFAP2C	CSTA	1.0	A
MYB	RAG2	1.0	A
TP53	PPM1D	1.0	A
TP53	HRAS	1.0	A
STAT3	BCL6	1.0	A
HIF1A	SLC2A1	1.0	A
USF1	S100A6	1.0	A
NFE2L2	GCLC	1.0	A
SP1	TP53	1.0	A
CREB1	REN	1.0	A
CREB1	PSEN1	1.0	A
MYB	MAT2A	1.0	A
RELA	MYC	1.0	A
SP1	IL1A	1.0	A
AHR	MYC	1.0	A
RELA	IL1B	1.0	A
RELA	CFTR	1.0	A
NFKB1	CFTR	1.0	A
SP1	CXCL1	1.0	A
SREBF2	FDFT1	1.0	A
ATF1	TH	1.0	A
TP53	FAS	1.0	A
MEF2C	JUN	1.0	A
MYC	BAX	1.0	A
PRDM1	CIITA	-1.0	A
SPI1	PTPRC	1.0	A
JUN	MMP1	1.0	A
FOSL1	MMP1	1.0	A
ELK1	TNF	1.0	A
IRF1	IFNB1	1.0	A
ARNT	VEGFA	1.0	A
STAT4	MYC	1.0	A
ESR2	TERT	1.0	A
MYC	IL2	1.0	A
JUNB	EGFR	1.0	A
KLF12	TFAP2A	-1.0	A
JUN	EGFR	1.0	A
CEBPA	DEFA3	1.0	A
REL	ICAM1	1.0	A
SMAD3	TGFB1	1.0	A
SREBF2	ACLY	1.0	A
GATA2	NOS3	1.0	A
PRDM1	MYC	-1.0	A
YY1	MYC	-1.0	A
SREBF1	ACLY	1.0	A
IRF1	CCL5	1.0	A
SP1	RELA	1.0	A
SP1	IGF1R	1.0	A
POU2F1	HBG1	-1.0	A
CEBPD	TNF	1.0	A
STAT3	SOCS1	1.0	A
SP3	ITGAD	1.0	A
SP3	CTSB	1.0	A
SP1	VEGFA	1.0	A
TP53	CAV1	1.0	A
FOS	MMP1	1.0	A
ESR1	PRL	1.0	A
STAT1	ICAM1	1.0	A
SP1	PLAUR	1.0	A
E2F1	SERPINE1	-1.0	A
TP53	SERPINB5	1.0	A
MYB	BCL2	1.0	A
TP53	CD82	1.0	A
SP1	PTGS2	1.0	A
SPIB	CD40	1.0	A
SPI1	CD40	1.0	A
STAT1	SOCS1	1.0	A
IRF1	SOCS1	1.0	A
STAT1	FCGR1A	1.0	A
NR5A1	POU5F1	1.0	A
JUN	CXCL8	1.0	A
STAT1	MMP9	-1.0	A
EGR1	CHRNA7	1.0	A
SP3	VEGFA	1.0	A
PAX8	TPO	1.0	A
ETS1	CTSB	1.0	A
SP1	ITGAD	1.0	A
SP1	TNFRSF8	1.0	A
TP53	PERP	1.0	A
EGR2	FASLG	-1.0	A
TFDP1	CCNE1	1.0	A
NEUROG3	NEUROD1	1.0	A
TBX21	IFNG	1.0	A
IRF1	PSMB9	1.0	A
STAT1	PSMB9	1.0	A
HNF1A	G6PC1	1.0	A
SP1	TGFBR2	1.0	A
FOXA2	HHEX	1.0	A
NR5A1	MC2R	1.0	A
HNF1A	UGT2B7	1.0	A
SP1	COL1A2	1.0	A
STAT1	CD86	1.0	A
SP1	AR	1.0	A
GABPA	BRCA1	1.0	A
ELF3	SPRR2A	1.0	A
TP53	DKK1	1.0	A
SP1	TERT	1.0	A
TP53	TERT	-1.0	A
SP1	VIM	1.0	A
HIF1A	CP	1.0	A
CEBPB	TNF	1.0	A
WT1	CDH1	-1.0	A
POU2F1	UGT2B7	1.0	A
JUN	MMP13	1.0	A
MYC	FASLG	1.0	A
TP53	ABCC1	1.0	A
HNF4A	PKLR	1.0	A
SPI1	TLR4	1.0	A
STAT3	GFAP	1.0	A
ESR1	LTF	1.0	A
WT1	AMH	1.0	A
LEF1	MITF	1.0	A
STAT3	VEGFA	1.0	A
FOXO4	CDKN1B	1.0	A
HIF1A	NOS2	1.0	A
PPARA	CYP7A1	-1.0	A
HNF1A	SLC2A2	1.0	A
TP53	BDKRB2	1.0	A
EGR1	TGFB1	1.0	A
CEBPA	IL6	1.0	A
EGR1	SERPINE1	1.0	A
EGR1	FN1	1.0	A
KLF4	CDKN1A	1.0	A
ESR1	IGF1	1.0	A
CREB1	BCL2	1.0	A
JUND	MMP13	1.0	A
TP53	ABCB1	-1.0	A
VDR	BGLAP	1.0	A
NR5A1	AMH	1.0	A
SPI1	PRTN3	1.0	A
CEBPA	PPARG	1.0	A
SPI1	SERPINB1	1.0	A
TFAP2A	HGF	-1.0	A
NR1H3	ABCA1	1.0	A
JUNB	CDKN2A	1.0	A
MITF	TYR	1.0	A
TP53	MAPK8	1.0	A
SP1	CSNK2A1	1.0	A
ETS1	CSNK2A1	1.0	A
HIF1A	SERPINE1	1.0	A
JUN	IFNB1	1.0	A
IRF3	IFNB1	-1.0	A
ATF2	IFNB1	1.0	A
MYB	CCNA1	1.0	A
BMAL1	DBP	1.0	A
E2F1	CDKN2A	1.0	A
CLOCK	PER1	1.0	A
E2F1	CCNA2	1.0	A
BMAL1	PER1	1.0	A
STAT1	NOS2	1.0	A
HIF1A	ADM	1.0	A
CREM	IL2	1.0	A
ESR1	VEGFA	1.0	A
SREBF1	FASN	1.0	A
SPI1	MMP2	-1.0	A
MYC	GADD45A	-1.0	A
TP53	VEGFA	-1.0	A
CREB1	INS	1.0	A
ATF2	INS	1.0	A
STAT3	IL10	1.0	A
PGR	ESR1	1.0	A
ESR1	PGR	1.0	A
SP1	PGR	1.0	A
TP53	CASP3	1.0	A
PAX4	INS	-1.0	A
SP1	VDR	1.0	A
RELA	BCL2L1	1.0	A
CDX2	GUCY2C	1.0	A
SP1	SERPINE1	1.0	A
CEBPB	CRP	1.0	A
STAT3	CRP	1.0	A
ESR1	EGF	1.0	A
HOXA5	PGR	1.0	A
PAX3	BCL2L1	1.0	A
SP1	UTRN	1.0	A
MZF1	TERT	-1.0	A
MYC	THBS1	-1.0	A
FOS	CDKN1A	-1.0	A
MITF	TYRP1	1.0	A
SP1	LTF	1.0	A
EGR1	TH	1.0	A
NEUROD1	INS	1.0	A
REST	GRIN1	-1.0	A
SP1	CCL2	1.0	A
TFAP2A	ERBB2	1.0	A
CEBPB	PRL	1.0	A
RELA	FN1	1.0	A
NFKB1	FN1	1.0	A
PGR	MYC	-1.0	A
STAT1	CIITA	1.0	A
ETS1	PRL	1.0	A
FOXA2	PDX1	1.0	A
JUN	CD44	1.0	A
SNAI1	CDH1	-1.0	A
SP1	IL10	1.0	A
STAT6	ALOX15	1.0	A
JUN	PTGS2	1.0	A
EGR1	FLT1	1.0	A
SP1	SOD2	1.0	A
SP1	CETP	-1.0	A
HNF4A	GH1	-1.0	A
CDX2	LCT	1.0	A
PPARA	LPL	1.0	A
CEBPB	PTGS2	1.0	A
RARA	RARB	1.0	A
HNF4A	CYP7A1	-1.0	A
CEBPD	PTGS2	1.0	A
RELA	SERPINE1	1.0	A
TP53	TNFRSF10B	1.0	A
TP53	BRCA1	-1.0	A
WT1	TERT	-1.0	A
SP1	EGFR	-1.0	A
MYC	HMOX1	1.0	A
SMAD3	CDKN1A	1.0	A
FOS	IL2	1.0	A
AR	CDKN1A	1.0	A
SMAD4	TGFB1	1.0	A
TP53	TP63	-1.0	A
WT1	IGF2	-1.0	A
MYC	NCL	1.0	A
ETS1	PTHLH	1.0	A
SP1	FMR1	1.0	A
TFAP2A	FMR1	1.0	A
TP53	TGFB1	1.0	A
TP53	GDF15	1.0	A
SP1	SRC	1.0	A
SMAD1	SPP1	1.0	A
CTCF	MYC	-1.0	A
EGR1	IGF2	1.0	A
ATF4	TRIB3	1.0	A
SP3	UTRN	1.0	A
CREB1	IL2	1.0	A
WT1	THBS1	1.0	A
SP1	IGFBP4	1.0	A
MYC	TP53	1.0	A
TP53	MYC	-1.0	A
NFKB1	TP53	1.0	A
SP1	IGFBP3	1.0	A
TP53	RELA	1.0	A
RELA	TP53	1.0	A
FOXO1	IGFBP1	1.0	A
STAT5A	CSN2	1.0	A
SP3	IGFBP3	1.0	A
SOX9	CDKN1A	1.0	A
MYC	CCNE1	1.0	A
AR	JUN	1.0	A
EGR1	CDKN1A	1.0	A
AHR	CYP1A1	1.0	A
SP1	PLAU	1.0	A
STAT1	SOCS3	1.0	A
EGR1	CCND1	1.0	A
STAT3	SOCS3	1.0	A
SP1	CYP3A7	1.0	A
E2F1	DHFR	1.0	A
SP1	CYP3A4	1.0	A
RFX1	PCNA	-1.0	A
HNF1A	INS	1.0	A
IRF1	IFNA1	1.0	A
IRF1	IRF2	1.0	A
TP53	LITAF	1.0	A
TP53	BTG2	1.0	A
SP3	CDKN1A	1.0	A
TP53	PCNA	1.0	A
STAT1	IFNB1	-1.0	A
ATF2	JUN	1.0	A
EGR1	F3	1.0	A
SRF	EGR1	1.0	A
HNF4A	SERPINA1	1.0	A
JUN	CSF2	1.0	A
TP53	HIPK2	1.0	A
NFATC2	CSF2	1.0	A
MEF2A	JUN	1.0	A
RUNX2	MMP13	1.0	A
CDX2	KLF4	1.0	A
YBX1	MMP13	-1.0	A
PDX1	INS	1.0	A
HNF1A	HNF4A	1.0	A
HNF4A	HNF1A	1.0	A
STAT5B	IGF1	1.0	A
SP3	CYP3A7	1.0	A
POU2F1	IL5	1.0	A
YY1	IL5	1.0	A
MYC	ODC1	1.0	A
SP1	MYC	1.0	A
FOXO1	PCK1	1.0	A
TP53	BBC3	1.0	A
MYC	PTMA	1.0	A
MYCN	NDRG1	-1.0	A
MYC	NDRG1	-1.0	A
TP63	CDKN1A	1.0	A
SP1	CYP11A1	1.0	A
ESR1	F12	1.0	A
PAX8	BCL2	1.0	A
SP3	COL2A1	-1.0	A
SP1	COL2A1	1.0	A
NPAS2	PER2	1.0	A
MAZ	MYC	1.0	A
NPAS2	PER1	1.0	A
NPAS2	CRY1	1.0	A
BMAL1	PER2	1.0	A
BMAL1	CRY1	1.0	A
POU1F1	GH1	1.0	A
E2F1	TERT	1.0	A
NR5A1	CYP19A1	1.0	A
MYC	BRCA1	1.0	A
SP1	ODC1	1.0	A
CEBPA	SP1	1.0	A
RARA	PLAU	1.0	A
LEF1	MMP7	1.0	A
NFAT5	TNF	1.0	A
NFYA	SP3	1.0	A
SPI1	BTK	1.0	A
SP1	BTK	1.0	A
SP3	BTK	1.0	A
SP3	CYP3A5	1.0	A
SP1	SP3	1.0	A
TFAP2C	ERBB2	1.0	A
PPARG	ADIPOQ	1.0	A
ETS1	ABCB1	1.0	A
EGR1	CAT	1.0	A
STAT6	IL4	1.0	A
EGR1	PDGFA	1.0	A
SP1	IFNGR1	1.0	A
JUN	ABCB1	-1.0	A
SMAD3	PTHLH	1.0	A
NFKB1	FAS	1.0	A
TP53	SERPINE1	1.0	A
RELA	CD40LG	1.0	A
SP1	CYP7B1	1.0	A
SP1	GSTP1	1.0	A
STAT3	BCL2	1.0	A
SOX9	MIA	1.0	A
SOX10	DCT	-1.0	A
FOS	FGF2	1.0	A
ELK1	FOS	1.0	A
USF2	TOP3A	1.0	A
TBX5	NPPA	1.0	A
TP53	FOS	-1.0	A
TP53	CHUK	-1.0	A
SP1	FOS	1.0	A
SP1	EGR1	1.0	A
MYC	ENO1	1.0	A
TP53	CCND1	-1.0	A
CREB1	PCK1	1.0	A
RELA	NOS2	1.0	A
NFKB1	NOS2	1.0	A
ATF4	DDIT3	1.0	A
ATF4	ATF3	1.0	A
ATF3	DDIT3	1.0	A
SMAD4	SERPINE1	1.0	A
SMAD3	SERPINE1	1.0	A
STAT1	IRF8	1.0	A
TP53	S100A2	1.0	A
TP53	BAX	1.0	A
HNF4A	PCK1	1.0	A
TP53	CCNG1	1.0	A
E2F1	BCL2	1.0	A
SP1	CXCL5	1.0	A
JUN	APP	1.0	A
SP3	OPRM1	1.0	A
SP1	OPRM1	1.0	A
TP53	TGFA	1.0	A
TP53	EPHA2	1.0	A
CEBPB	SFTPD	1.0	A
CEBPA	SFTPD	1.0	A
CEBPG	SFTPD	1.0	A
ATF6	ATP2A2	1.0	A
TP73	CDK1	-1.0	A
GATA3	IL13	-1.0	A
TWIST1	CDKN1A	-1.0	A
SP1	PAX6	1.0	A
SP1	MMP28	1.0	A
PAX8	SLC5A5	1.0	A
FOXM1	CCND1	1.0	A
FOXM1	CCNB1	1.0	A
TP53	AFP	-1.0	A
SMAD4	FSTL3	1.0	A
NFKB1	BCL2	1.0	A
ZNF148	CXCL5	1.0	A
SP1	HRAS	1.0	A
TP53	GADD45A	1.0	A
STAT4	IFNG	1.0	A
PPARG	LPL	1.0	A
REL	IL2RA	1.0	A
SP1	LDLR	1.0	A
KLF4	LAMA3	1.0	A
YY1	LDLR	-1.0	A
CEBPA	PCK1	1.0	A
WT1	CDKN1A	1.0	A
FOS	ERCC1	1.0	A
YY1	CXCR4	-1.0	A
MYC	CXCR4	1.0	A
USF1	CXCR4	1.0	A
NR5A1	LHB	1.0	A
ATF2	TNF	1.0	A
JUN	TNF	1.0	A
LEF1	CCND1	1.0	A
TP53	EGFR	1.0	A
TP53	PTEN	1.0	A
CEBPB	STAR	1.0	A
NR5A1	STAR	1.0	A
SRF	FOS	1.0	A
MYC	CDKN1A	-1.0	A
JUN	IL2	1.0	A
JUN	OXTR	1.0	A
SP1	TGFB1	1.0	A
ETS1	IL5	1.0	A
GATA3	IL5	1.0	A
NR5A1	CYP17A1	1.0	A
FOXO3	FASLG	1.0	A
ELK1	SOD1	1.0	A
FLI1	GP9	1.0	A
USF1	FASN	1.0	A
FLI1	ITGA2B	1.0	A
EGR1	ELK1	1.0	A
ELK1	EGR1	1.0	A
POU1F1	PRL	1.0	A
CEBPA	ALB	1.0	A
HNF4A	CYP8B1	1.0	A
CREB1	CCND1	1.0	A
JUN	IL6	1.0	A
HIF1A	EPO	1.0	A
MYC	CDC25A	1.0	A
ARNT	EPO	1.0	A
TP73	MDM2	1.0	A
TP53	TP73	1.0	A
TP73	CDKN1A	1.0	A
E2F4	E2F1	-1.0	A
SP1	CDKN1A	1.0	A
ETS2	IL5	1.0	A
STAT1	IFNG	1.0	A
SP1	CA9	1.0	A
CREB1	EGR1	1.0	A
SP1	MAT2A	1.0	A
JUN	MMP9	1.0	A
SP3	ITGAV	1.0	A
JUN	CYP11A1	1.0	A
E2F1	CCNE1	1.0	A
JUN	NR3C1	-1.0	A
STAT3	A2M	1.0	A
E2F1	CCND1	1.0	A
TFAP2A	KIT	1.0	A
YY1	TP53	1.0	A
TFAP2A	FAS	1.0	A
TFAP2A	F2R	-1.0	A
MITF	DCT	1.0	A
TP53	DNMT1	-1.0	A
WT1	AR	-1.0	A
SP1	CDK6	-1.0	A
MYB	CD4	1.0	A
FOS	CCND1	-1.0	A
PPARG	CCND1	-1.0	A
IRF1	CIITA	1.0	A
NR1H3	SREBF1	1.0	A
NR1H2	SREBF1	1.0	A
USF1	TOP3A	1.0	A
SP3	SLC9A2	1.0	A
SP1	ITGAV	1.0	A
WT1	IGF1R	-1.0	A
WT1	MYCN	-1.0	A
CREB1	JUN	-1.0	A
SP1	HMGA2	1.0	A
SMAD3	BGLAP	1.0	A
SP3	HMGA2	1.0	A
RELA	CXCL8	1.0	A
PAX3	MITF	1.0	A
NRL	RHO	1.0	A
RELA	TNF	1.0	A
NFKB1	TNF	1.0	A
NFIC	CYP1A1	-1.0	A
E2F1	RB1	1.0	A
SP1	LHCGR	1.0	A
ESRRA	CYP19A1	1.0	A
USF1	PKLR	1.0	A
STAT3	JUNB	1.0	A
SP1	CCND1	1.0	A
ESR1	TFAP2C	1.0	A
TFAP2C	ESR1	1.0	A
YY1	TOP3A	1.0	A
PAX8	TG	1.0	A
ESR1	CCND1	1.0	A
SP1	SLC9A2	1.0	A
SP1	MMP2	1.0	A
HNF1A	AKR1C4	1.0	A
ESR1	CDKN1A	1.0	A
NFE2L2	HMOX1	1.0	A
ETV4	PTGS2	1.0	A
USF1	CYP1A1	-1.0	A
NR3C1	SCNN1A	1.0	A
FOS	CD69	1.0	A
SP1	MAOB	1.0	A
SP3	MAOB	-1.0	A
SRF	DMD	1.0	A
SOX9	AMH	1.0	A
NR1H4	FABP6	1.0	A
SP1	GJA1	1.0	A
JUND	IVL	1.0	A
TP53	CDKN1B	1.0	A
REL	IL2	1.0	A
SPI1	IL12B	1.0	A
JUN	NOS2	1.0	A
USF2	APC	1.0	A
USF1	APC	1.0	A
SPI1	CYBB	1.0	A
ETV4	PLAUR	-1.0	A
TP53	CASP1	1.0	A
TP53	CDK1	-1.0	A
PPARG	PTGS2	-1.0	A
POU2F1	CDX2	1.0	A
PPARA	FABP1	1.0	A
SP3	MMP2	1.0	A
MYC	CDKN2B	-1.0	A
TFAP2A	MMP2	1.0	A
ETV4	MMP2	1.0	A
ZBTB17	CDKN2B	1.0	A
E4F1	CCNA2	-1.0	A
ATF2	CDKN1A	1.0	A
CDX2	SI	1.0	A
MYC	CCND2	1.0	A
MITF	CTSK	1.0	A
EGR1	FAS	-1.0	A
JUN	IL12B	1.0	A
CEBPB	IL12B	1.0	A
FLI1	TGFBR2	1.0	A
SP1	BAX	1.0	A
ETS2	TP53	1.0	A
ETS1	TP53	1.0	A
EGR1	NAB2	1.0	A
HIF1A	EDN1	1.0	A
SP1	APOA1	1.0	A
HNF1A	PDX1	1.0	A
SRF	TAGLN	1.0	A
TP53	MDM4	1.0	A
RELA	CCL2	1.0	A
REL	CCL2	1.0	A
TP53	APAF1	1.0	A
E2F1	APAF1	1.0	A
JUN	SPI1	1.0	A
SMAD4	CDKN1A	1.0	A
ESR1	C3	1.0	A
RELA	BCL3	1.0	A
NR1H4	ABCB11	1.0	A
EGR1	TNF	1.0	A
SP1	FN1	1.0	A
PPARG	FABP4	1.0	A
STAT5A	BCL2L1	1.0	A
SP1	LEP	1.0	A
PPARG	PTEN	1.0	A
CREB1	BDNF	1.0	A
HNF4A	GHR	1.0	A
STAT5A	OSM	1.0	A
EGR1	MMP14	1.0	A
TP53	POLD1	-1.0	A
PPARG	CD36	1.0	A
STAT6	BCL2L1	1.0	A
SP1	CD99	1.0	A
HIF1A	VEGFA	1.0	A
SP1	ABCB1	1.0	A
ETS1	CSNK2A2	1.0	A
ESR2	OXT	1.0	A
SPI1	ACP5	1.0	A
HSF1	HSPA1B	1.0	A
EGR1	ABCB1	1.0	A
WT1	ABCB1	1.0	A
TFAP2A	CDKN1A	1.0	A
YY1	CETP	1.0	A
SREBF1	CETP	1.0	A
SREBF1	SCD5	1.0	A
SP1	AGTR1	1.0	A
PPARG	PCK1	1.0	A
STAT1	PTGS2	1.0	A
STAT1	CD40	1.0	A
NR1I2	CYP3A4	1.0	A
HNF1A	CYP7A1	1.0	A
JUNB	CLU	1.0	A
STAT1	IFNA1	1.0	A
WT1	BCL2	1.0	A
RELA	CSF2	1.0	A
FOS	CLU	-1.0	A
FOSL1	CLU	1.0	A
CREB1	TH	1.0	A
SP3	TNF	-1.0	A
TP53	CDC25C	-1.0	A
IRF1	TAP2	1.0	A
AHR	UGT1A6	1.0	A
PAX5	CD79A	1.0	A
SP1	SPI1	1.0	A
SP1	PLAT	1.0	A
SP1	CD28	1.0	A
CEBPA	MYC	-1.0	A
SP3	PLAT	1.0	A
SPI1	IL1B	1.0	A
MYC	CEBPA	-1.0	A
PGR	IGFBP1	1.0	A
CEBPA	LEP	1.0	A
PAX5	BLK	1.0	A
SREBF2	LDLR	1.0	A
NR5A1	CYP11A1	1.0	A
CEBPB	CXCL8	1.0	A
HNF1A	UGT1A1	1.0	A
NFKB1	CCND1	1.0	A
TFAP2A	TAF7	1.0	A
SP1	CES1	1.0	A
JUND	IL6	1.0	A
RELA	CCND1	1.0	A
CEBPB	IL1B	1.0	A
RELA	PLAU	1.0	A
EGR1	CD28	1.0	A
SP1	COL1A1	-1.0	A
TFAP2A	CYP11A1	1.0	A
SP1	TIMP1	1.0	A
ETS1	PARP1	1.0	A
POU2F1	HLA-DRA	-1.0	A
ETS1	MGAT5	1.0	A
STAT1	HSP90AA1	-1.0	A
HSF1	HSPA4	1.0	A
CEBPB	HP	1.0	A
HIF1A	TFRC	1.0	A
RELA	NFKB1	1.0	A
PAX5	CD19	1.0	A
FOXP1	SFTPC	1.0	A
CEBPB	IL6	-1.0	A
MYC	HSPA4	1.0	A
NR0B1	NR5A1	-1.0	A
NR5A1	NR0B1	1.0	A
SP1	SLC25A5	1.0	A
HIF1A	HMOX1	1.0	A
ESR1	E2F1	1.0	A
USF1	PTGS2	-1.0	A
FOS	IL6	-1.0	A
SP1	E2F1	1.0	A
FOS	VEGFA	1.0	A
TP53	MSH2	1.0	A
SP1	PSEN1	1.0	A
DDIT3	TRIB3	1.0	A
PPARA	ACSL1	1.0	A
MYC	HIF1A	-1.0	A
FOXO3	CAT	1.0	A
NFATC1	IL5	1.0	A
BACH2	IL2	1.0	A
RELA	IL10	1.0	A
EGR1	THBS1	-1.0	A
KLF6	ATF3	1.0	A
SP1	FES	1.0	A
FOXO1	SELL	1.0	A
RARA	PCK1	1.0	A
SP1	TNFSF10	1.0	A
NFE2	TBXA2R	1.0	A
GATA1	TBXA2R	1.0	A
ETS1	TBXA2R	1.0	A
EGR1	TBXA2R	1.0	A
HNF1A	MTTP	1.0	A
TP53	PDGFRB	1.0	A
RELA	IRF1	1.0	A
NR3C1	CALD1	1.0	A
AR	EGFR	-1.0	A
KLF5	FASN	1.0	A
USF2	FMR1	1.0	A
NFKB1	CFLAR	1.0	A
ESR1	ZFHX3	1.0	A
FOXP2	CNTNAP2	-1.0	A
FOXM1	VEGFA	1.0	A
HNF4A	SELENOP	1.0	A
SMAD3	VEGFA	1.0	A
ESR1	KRT13	1.0	A
EGR1	IL3	1.0	A
SOX2	GLI2	1.0	A
HIF1A	HSPA1B	1.0	A
E2F1	HSPA5	-1.0	A
CDX1	DSC2	1.0	A
CDX2	DSC2	1.0	A
SP1	ADA	1.0	A
EGR1	CTNNB1	1.0	A
SOX9	CEACAM1	1.0	A
JUN	CCL4	1.0	A
E2F3	AURKA	1.0	A
IRF1	CD40	1.0	A
E2F1	PDK4	1.0	A
TP53	AKT1	-1.0	A
STAT1	FCGRT	-1.0	A
HIF1A	AURKA	1.0	A
E2F1	E2F6	1.0	A
E2F6	E2F1	-1.0	A
SPIB	PRDM1	-1.0	A
SPIB	XBP1	-1.0	A
AR	CDC6	1.0	A
ATF3	ID1	-1.0	A
HIF1A	KDM3A	1.0	A
CEBPA	CRMP1	1.0	A
SP1	CRMP1	-1.0	A
SREBF2	PON1	1.0	A
GATA3	PPARG	-1.0	A
GATA2	PPARG	-1.0	A
E2F1	DAPK2	1.0	A
KLF6	DAPK2	1.0	A
SOX9	CLDN7	-1.0	A
ATF2	FN1	1.0	A
STAT3	MUC4	1.0	A
SP1	SOD1	1.0	A
MYC	ETS2	1.0	A
PPARA	PTGS2	-1.0	A
FOXO3	PIK3CA	1.0	A
IRF1	FOXP3	-1.0	A
FOXP1	KLK3	-1.0	A
ETS1	MMP13	1.0	A
PAX8	TERT	1.0	A
JUN	PPARD	1.0	A
EGR1	ATP2A2	-1.0	A
NFKB1	LTA	1.0	A
AR	VEGFA	1.0	A
USF1	CIITA	1.0	A
JUN	MMP7	1.0	A
GATA1	HEMGN	1.0	A
NR4A1	STAR	1.0	A
SP3	EAPP	-1.0	A
SP1	EAPP	1.0	A
EGR1	EAPP	1.0	A
ETS2	MYC	1.0	A
FOXO1	TRIM63	1.0	A
NFKB1	TRAF2	1.0	A
ATF2	DUSP1	1.0	A
CDX2	ABCB1	1.0	A
SPI1	PARG	-1.0	A
CEBPA	FOXA2	1.0	A
WT1	TBXA2R	-1.0	A
STAT5B	BCL2L1	1.0	A
EN1	UTRN	-1.0	A
KMT2A	HOXA9	1.0	A
RELA	IL17C	1.0	A
SP1	KIT	1.0	A
NFKB1	IL17C	1.0	A
PGR	CYP19A1	-1.0	A
SP3	CD2AP	1.0	A
CDX1	PPARG	1.0	A
VDR	AMH	1.0	A
STAT1	IL18BP	1.0	A
YY1	ZNF175	1.0	A
FOXD3	ZNF175	1.0	A
NR1H3	BHLHE40	1.0	A
MYC	MNT	1.0	A
STAT3	COPS5	1.0	A
STAT3	CD274	1.0	A
HIF1A	FOXM1	1.0	A
NFIC	FABP7	1.0	A
ETS1	THBS1	-1.0	A
ZEB1	GRHL2	-1.0	A
STAT3	MMP3	1.0	A
HOXA10	EMX2	-1.0	A
ESR1	RET	1.0	A
SP1	SLC19A3	1.0	A
ATF4	CHAC1	1.0	A
PAX8	E2F1	1.0	A
SP1	TINF2	1.0	A
STAT3	IRF1	1.0	A
CREB1	DIO2	1.0	A
SPI1	CLEC4G	1.0	A
HIF1A	GRIN1	1.0	A
RXRA	CYP7A1	-1.0	A
CTCF	ATXN7	1.0	A
MEF2A	KLF2	1.0	A
GATA1	COPS5	1.0	A
MYC	BRD7	-1.0	A
EGR1	HIF1A	1.0	A
KLF4	PFKP	1.0	A
MYC	HSPD1	1.0	A
LYL1	ERG	1.0	A
SP1	SOCS1	1.0	A
GATA3	ERG	1.0	A
FLI1	ERG	1.0	A
FOXO4	SOD2	1.0	A
FOXO3	TXNIP	1.0	A
FOXO3	CCNG2	1.0	A
ETS1	IL2	1.0	A
TFAP2C	ECM1	1.0	A
SPI1	DAPK2	1.0	A
E2F2	MCM5	1.0	A
ESR1	CYP2C19	-1.0	A
MYC	CDK6	1.0	A
MYB	KLF1	1.0	A
MYB	LMO2	1.0	A
SOX2	ABCC6	1.0	A
STAT3	ROR1	1.0	A
ELK4	FOS	1.0	A
MYC	TFRC	1.0	A
TFAP2C	GREB1	1.0	A
FOXA1	UGT2B17	1.0	A
RELA	TRAF2	1.0	A
MYC	HES1	1.0	A
RUNX1	LGALS3	1.0	A
STAT1	LY96	1.0	A
E2F1	RACGAP1	1.0	A
E2F1	KIF23	1.0	A
CUX1	RACGAP1	1.0	A
AR	ERBB3	1.0	A
TP53	EI24	1.0	A
FOXL2	SOD2	1.0	A
IRF2	TAP1	1.0	A
HNF4A	ABCC2	1.0	A
STAT3	ESR2	1.0	A
ELF1	MEIS1	1.0	A
SMAD4	RUNX1T1	1.0	A
HSF1	BAG3	-1.0	A
HNF4A	C1QTNF5	1.0	A
ESR1	NQO1	-1.0	A
CEBPA	HSD17B11	1.0	A
EGR1	CACNA1H	1.0	A
CTCF	BCL6	-1.0	A
E2F4	BIRC5	-1.0	A
STAT1	MYD88	1.0	A
SMAD4	POR	1.0	A
FOXO3	CDKN1A	1.0	A
STAT1	SCARB1	-1.0	A
HNF4A	SHBG	1.0	A
YY1	OPRM1	1.0	A
FOXO1	CDKN1C	1.0	A
ETS2	TERT	1.0	A
FOXO1	SELENOP	1.0	A
EGR1	SLC5A5	1.0	A
HNF4A	SLC2A2	1.0	A
RARA	CDKN1A	1.0	A
FOXM1	CDKN1B	-1.0	A
YY1	TP73	1.0	A
TP53	UHRF1	-1.0	A
TP53	RASSF1	-1.0	A
SNAI1	FN1	1.0	A
JUN	PLA2G4A	1.0	A
STAT1	CXCL10	1.0	A
RELA	BAX	-1.0	A
HIF1A	PMAIP1	1.0	A
ESR1	ESRRA	1.0	A
FOXO3	CITED2	1.0	A
SMAD3	FOXP3	1.0	A
PBX1	IL10	1.0	A
E2F1	BNIP3	1.0	A
ESR1	KAT2B	1.0	A
KMT2A	HOXA7	1.0	A
TP53	DDR1	1.0	A
SREBF2	NPC1L1	1.0	A
HNF4A	NPC1L1	1.0	A
JUND	CCR4	1.0	A
TWIST1	CDH1	-1.0	A
MYC	TSC2	1.0	A
HIF1A	SPHK1	1.0	A
EPAS1	SPHK1	1.0	A
ESR1	NRF1	1.0	A
MYC	PMAIP1	1.0	A
SP1	MIF	1.0	A
WT1	SMAD3	1.0	A
FOXO3	GALT	1.0	A
HNF4A	PROZ	1.0	A
ATOH1	HES6	1.0	A
E2F1	PCSK6	1.0	A
VDR	IL12B	1.0	A
SMAD3	CYP17A1	-1.0	A
AR	MUC1	-1.0	A
MYC	VEGFA	1.0	A
PGR	BCL2	1.0	A
NFKB1	IL2RA	1.0	A
CLOCK	PER3	1.0	A
HNF4A	SLC26A3	1.0	A
PPARA	CYP1A1	1.0	A
TFAP2A	ADM	1.0	A
FOXP2	PLAUR	1.0	A
NR1H4	ABCC4	-1.0	A
ATF3	LDLR	-1.0	A
FOXO3	CCND1	-1.0	A
STAT3	CCL2	1.0	A
TP53	BCL3	-1.0	A
TP53	TRIM22	1.0	A
SPI1	TYROBP	1.0	A
CTCF	RBL2	1.0	A
NFE2L2	TXNRD1	1.0	A
WT1	WTAP	1.0	A
YY1	LSS	1.0	A
TBX21	CXCR3	1.0	A
STAT3	NNMT	1.0	A
SREBF2	PCSK9	1.0	A
STAT3	TWIST1	1.0	A
RELA	HIF1A	1.0	A
GTF2I	SIRT1	1.0	A
NFKB1	HIF1A	1.0	A
MYC	CCND1	1.0	A
HIF1A	APLN	1.0	A
HIF1A	GAPDH	1.0	A
SP3	PADI1	1.0	A
PAX5	TP53	1.0	A
SP1	PADI1	1.0	A
TP53	GPNMB	1.0	A
TP53	PAX5	1.0	A
HNF4A	CDKN1A	1.0	A
HIF1A	TUBB3	1.0	A
HNF1A	SLC22A9	1.0	A
ETS1	MCL1	1.0	A
PURA	AR	-1.0	A
SREBF1	HMGCR	1.0	A
HIF1A	EDNRB	1.0	A
FOXM1	BMI1	1.0	A
ESR1	CD24	-1.0	A
HNF4A	PRPF3	1.0	A
HIF1A	STC2	1.0	A
YY1	EGFR	1.0	A
FOXO1	ABCB1	1.0	A
SP1	ATF2	1.0	A
E2F1	TNFSF11	1.0	A
RELA	IL23A	1.0	A
NFKB1	IL23A	1.0	A
NFKB1	BCL3	1.0	A
STAT3	EGFR	1.0	A
E2F1	KIR3DL1	1.0	A
MYC	PCNA	1.0	A
INSM1	INS	1.0	A
RUNX2	LGALS3	1.0	A
CEBPA	IL4	1.0	A
E2F1	PLK4	1.0	A
E2F1	DBF4	1.0	A
E2F4	PLK4	-1.0	A
E2F1	PLK1	1.0	A
MYC	DFFA	1.0	A
CREB1	AQP3	1.0	A
YY1	PRDM2	1.0	A
FOXA2	TTR	1.0	A
SNAI2	VDR	-1.0	A
SPI1	TNF	1.0	A
REST	CARTPT	-1.0	A
FOXA1	UGT2B15	1.0	A
SOX2	CCND1	1.0	A
TP53	BCL6	1.0	A
MITF	BIRC7	1.0	A
FOXO1	CAV1	1.0	A
SP1	KIF2C	1.0	A
E2F1	KIF2C	1.0	A
E2F4	FBXO5	1.0	A
SP1	CCN2	1.0	A
TP53	GSTP1	1.0	A
SP1	KLF8	1.0	A
FOXO3	ABCB1	1.0	A
NRF1	CAPNS1	1.0	A
SPI1	CD14	1.0	A
NFATC2	IL5	1.0	A
MYC	MEIS1	1.0	A
TP53	INTS7	-1.0	A
GATA3	TGFBR3	1.0	A
E2F1	DTL	1.0	A
WT1	ETS1	1.0	A
ETS1	WT1	1.0	A
TFCP2	TF	1.0	A
VDR	IGFBP3	-1.0	A
SP1	APEX1	-1.0	A
TP53	ELF4	-1.0	A
YY1	APH1A	1.0	A
ERG	CDH5	1.0	A
FOXO3	PRDX3	1.0	A
STAT6	CISH	1.0	A
FOXO3	PLAU	-1.0	A
TP53	CTNNB1	-1.0	A
SP1	PRKCE	-1.0	A
RELA	CDKN1A	1.0	A
E2F1	XRCC1	1.0	A
HIC1	ATOH1	-1.0	A
ESR1	AR	1.0	A
E2F1	SP3	-1.0	A
HIF1A	KITLG	1.0	A
SP1	DBH	1.0	A
STAT1	TNFSF13B	1.0	A
SP1	ADGRE5	1.0	A
E2F1	BIN1	1.0	A
SP3	ADGRE5	1.0	A
E2F1	CTNND2	1.0	A
AR	UGT2B15	1.0	A
FOXO1	TXNIP	1.0	A
HIF1A	TWIST1	1.0	A
EGR1	IL6	-1.0	A
MITF	RAB27A	1.0	A
SREBF1	NPC1	1.0	A
EGR1	WNT4	-1.0	A
EGR1	CYP2B6	1.0	A
STAT1	IL1B	1.0	A
CREB1	AQP2	1.0	A
HNF4A	RNASE2	1.0	A
CEBPA	TNFRSF1A	1.0	A
PBX1	NANOG	1.0	A
KLF4	NANOG	1.0	A
HIC1	E2F1	-1.0	A
E2F1	HIC1	1.0	A
HIF1A	ANGPT2	1.0	A
CEBPB	XBP1	1.0	A
RBPJ	CR2	1.0	A
FOXA1	HSPA1A	1.0	A
HNF4A	ACAT2	1.0	A
SPI1	JCHAIN	1.0	A
JUN	ETS1	1.0	A
ETS1	FOS	1.0	A
ETS1	CD6	1.0	A
ATF4	DDIT4	1.0	A
PPARA	APOA4	1.0	A
IRF1	HLA-A	1.0	A
HIC1	ACKR3	-1.0	A
TP53	CCNG2	1.0	A
STAT3	PGF	-1.0	A
SP1	UGT1A4	1.0	A
REL	EPHB2	-1.0	A
MYC	HSP90AA2P	1.0	A
E2F1	MYC	1.0	A
MYC	E2F1	1.0	A
STAT1	EGLN3	1.0	A
HSF1	NAT1	1.0	A
SP1	CENPW	1.0	A
RELA	AKT1	-1.0	A
E2F1	SIAH1	1.0	A
CEBPA	AGT	1.0	A
PAX6	PCSK1	1.0	A
EGR1	SPP1	1.0	A
STAT1	TNFSF11	1.0	A
SPI1	FLI1	1.0	A
SP1	SCTR	1.0	A
GATA1	AGGF1	1.0	A
FOXL2	CYP17A1	-1.0	A
HNF4A	UGT2B7	1.0	A
HIF1A	MCL1	1.0	A
FOXO3	CDKN2B	1.0	A
ETS2	MMP9	1.0	A
FOXM1	PLK1	1.0	A
HNF4A	ALDOB	1.0	A
AR	IGF1R	1.0	A
JUND	TGFB1	1.0	A
HIF1A	AGT	1.0	A
RUNX1	SPI1	1.0	A
SPI1	RUNX1	1.0	A
MYC	PARP1	1.0	A
EGR1	MYC	1.0	A
SPI1	ITGAX	1.0	A
JUN	EDN1	1.0	A
HIF1A	PLAUR	1.0	A
AR	TMPRSS2	1.0	A
FOS	EZR	1.0	A
JUN	EZR	1.0	A
SP1	EZR	1.0	A
ESR1	BCL2	1.0	A
GATA4	ERBB2	-1.0	A
FOXO1	KLF2	1.0	A
HNF1A	CRP	1.0	A
NR3C1	RLN2	1.0	A
RARA	MAOB	1.0	A
PAX2	WT1	1.0	A
WT1	PAX2	-1.0	A
RELA	TRAF1	1.0	A
CTCF	RAD21	1.0	A
SP1	IL3	1.0	A
KLF4	BIRC5	-1.0	A
LEF1	CTNNB1	1.0	A
RELA	CXCL10	1.0	A
NFATC1	ICAM1	1.0	A
E2F1	CDAN1	1.0	A
CEBPA	SOCS3	1.0	A
FOXM1	CDC25A	1.0	A
BMAL1	PER3	1.0	A
SOX9	NKX3-2	1.0	A
HIF1A	ADIPOQ	1.0	A
E2F1	FGFR1	1.0	A
STAT1	EDN1	1.0	A
IRF1	CXCL10	1.0	A
SPI1	LY96	1.0	A
NFKB1	CXCL10	1.0	A
HIF1A	CD36	1.0	A
IRF9	IFIT3	1.0	A
ESR1	AKT2	1.0	A
ZEB1	AR	-1.0	A
STAT2	IFIT3	1.0	A
CDX2	REG4	1.0	A
ETS1	CD4	1.0	A
FOXA1	RPRM	-1.0	A
FOS	FASN	1.0	A
MYC	PTEN	1.0	A
TP53	LIF	1.0	A
SP1	CDH3	1.0	A
ZNF148	IRS2	1.0	A
NR2F2	POU5F1	-1.0	A
SP1	IRS2	1.0	A
RARA	MYC	1.0	A
MYC	RARA	1.0	A
NFATC2	TERT	1.0	A
ESR1	ADORA1	1.0	A
ATF4	NUPR1	1.0	A
ATF4	HRK	1.0	A
HIF1A	TLR4	1.0	A
PAX3	MET	1.0	A
MAF	MMP13	1.0	A
RELA	PPARA	-1.0	A
SOX4	NCAM1	1.0	A
FOXA1	AGR2	1.0	A
SP1	ITGA2	1.0	A
CREB1	CYP11B2	1.0	A
SP1	ETS2	1.0	A
ETV4	SYN2	1.0	A
TAL1	UBE2H	1.0	A
SP1	HTT	1.0	A
ETS1	DUSP6	1.0	A
EGR1	AREG	1.0	A
MYC	SRM	1.0	A
FLI1	GATA1	1.0	A
EGR1	SLC4A2	1.0	A
HIF1A	HEY1	1.0	A
STAT6	RHOA	1.0	A
SPI1	NCF2	1.0	A
CTCF	CSF2	1.0	A
EGR1	SYN2	1.0	A
ETS2	FLI1	1.0	A
FOS	VEGFD	1.0	A
PPARA	HMGCS2	1.0	A
REL	IL12B	-1.0	A
PPARG	VLDLR	1.0	A
SP1	CD151	1.0	A
STAT1	IL6	-1.0	A
JUN	VEGFD	1.0	A
HIF1A	HK2	1.0	A
FOSL1	IL6	1.0	A
GATA3	TEK	1.0	A
KLF5	FGFBP1	1.0	A
FOXO1	IL1B	1.0	A
FOXA2	CDH1	1.0	A
PAX6	MET	1.0	A
MYC	MDM2	1.0	A
ESR1	SRC	1.0	A
TP73	PMAIP1	1.0	A
MYCN	TP53	1.0	A
EGR1	GDNF	1.0	A
SP3	UBC	1.0	A
STAT5A	CCND3	1.0	A
JUND	CCL5	1.0	A
FOS	CCL5	1.0	A
E2F1	IRF3	-1.0	A
RELA	IL2RA	1.0	A
EGR1	STMN1	1.0	A
SP1	LRP5	1.0	A
SMAD3	GLI2	1.0	A
HOXA10	PHGDH	-1.0	A
IRF1	IFIT3	1.0	A
SP1	ADAM17	1.0	A
CREB1	MUC4	1.0	A
CEBPB	SAA1	1.0	A
NFKB1	HMOX1	1.0	A
STAT3	IL6	1.0	A
SPI1	ITGAM	1.0	A
SP1	TMPO	1.0	A
EGR1	TMPO	1.0	A
GLI1	IGFBP6	1.0	A
KLF15	LRP5	1.0	A
RELA	SOCS3	1.0	A
AR	KLK4	1.0	A
FOXA1	PDX1	1.0	A
RELA	CCL3	1.0	A
HIC1	EPHA2	-1.0	A
HNF4A	EPHX1	1.0	A
SP1	CERS2	1.0	A
HNF4A	SOAT2	1.0	A
E2F1	MCPH1	1.0	A
ATF4	MCL1	1.0	A
SP1	ABCC1	-1.0	A
ESR1	PBX1	1.0	A
HIF1A	CCN2	1.0	A
GATA3	FOXC1	-1.0	A
PCGF2	HOXA7	1.0	A
SP1	FAS	1.0	A
FOS	MMP7	1.0	A
NFE2L2	SQSTM1	1.0	A
SPI1	ZNF300	1.0	A
RELA	IL12A	1.0	A
PPARG	MMP9	-1.0	A
ESR1	PMAIP1	1.0	A
SP1	MMP11	1.0	A
ATF4	FGF21	1.0	A
YY1	NOS2	-1.0	A
STAT2	OAS1	1.0	A
STAT1	OAS1	1.0	A
STAT1	IL10	1.0	A
TWIST1	CDKN2A	-1.0	A
MYC	VHL	1.0	A
HNF4A	APOA1	1.0	A
STAT3	PIM1	1.0	A
POU5F1	CDX2	-1.0	A
FOXO1	CCND1	-1.0	A
SOX2	NTRK3	1.0	A
CEBPA	PER2	1.0	A
SP3	CCND1	1.0	A
HMGA1	CDC25A	1.0	A
SP4	CCND1	1.0	A
PPARG	ATP2A2	1.0	A
IRF1	IL27	1.0	A
MITF	OCA2	1.0	A
NFIC	VWF	1.0	A
CDX2	MEP1A	1.0	A
TWIST1	ESR1	-1.0	A
CTCF	CDKN2A	-1.0	A
AR	IGFBP3	1.0	A
SPI1	PTGIR	1.0	A
ESR1	FOXP1	1.0	A
RELA	CSF1	-1.0	A
SOX9	MATN1	1.0	A
E2F1	ECT2	1.0	A
NFKB1	MMP13	1.0	A
CUX1	ECT2	1.0	A
FOXP2	MET	-1.0	A
KLF4	CCND1	-1.0	A
POU2F1	PTGIR	1.0	A
TP53	MET	-1.0	A
EGR1	SPRY1	1.0	A
ESR1	GREB1	1.0	A
GATA3	SLCO4C1	1.0	A
STAT6	SLC26A4	1.0	A
ESR1	BTG2	-1.0	A
NFKB1	CTCF	-1.0	A
TP53	DUSP11	1.0	A
NFKB1	BIRC5	1.0	A
SREBF2	HMGCR	1.0	A
RORA	NR1D1	1.0	A
JUN	CCND2	1.0	A
TCF7L2	CCND1	1.0	A
TP53	PLAGL1	1.0	A
GATA1	ALAS2	1.0	A
HIF1A	LGALS1	-1.0	A
STAT1	ESR1	1.0	A
SPI1	HCK	1.0	A
MYC	H2AZ1	1.0	A
STAT1	IL12A	1.0	A
JUNB	IVL	1.0	A
STAT1	UPP1	1.0	A
GCM2	PTH	1.0	A
TP53	EEF1A1	1.0	A
ATF4	DDR2	1.0	A
HNF1A	CDH17	1.0	A
E2F1	NELL2	1.0	A
STAT3	CHI3L1	1.0	A
BCL6	LITAF	-1.0	A
EPAS1	TERT	1.0	A
KLF4	RARA	-1.0	A
SP1	STK11	1.0	A
JUN	MMP3	1.0	A
FOS	MMP3	1.0	A
MYC	ATF4	1.0	A
TP53	FRMD5	1.0	A
EGR1	BAX	1.0	A
FOXL2	FSHB	1.0	A
ETS1	ATXN2	1.0	A
NR1I2	CYP4F12	1.0	A
MYC	APC	1.0	A
THRA	CGA	-1.0	A
FOXA1	BCL2	-1.0	A
TAL1	MYB	1.0	A
CTCF	IPO13	1.0	A
E2F1	CD2AP	1.0	A
TFAP2C	RET	1.0	A
GATA2	IL1RL1	1.0	A
FOXO3	STK11	1.0	A
AR	AKR1C3	-1.0	A
FOXO1	CDKN1A	1.0	A
SPI1	MPO	1.0	A
VDR	PODXL	1.0	A
HIF1A	MUC1	1.0	A
PPARG	EGFR	-1.0	A
NANOG	CDK6	-1.0	A
RELA	CRHR1	1.0	A
RELA	EGFR	1.0	A
CDX2	AXIN2	1.0	A
CEBPA	SREBF1	1.0	A
SALL4	ABCA3	1.0	A
STAT1	FOXP3	1.0	A
AR	ELF3	1.0	A
NANOG	CDC25A	-1.0	A
TP53	EPCAM	1.0	A
MITF	PPARGC1A	1.0	A
JUND	SOX4	1.0	A
TBP	LIN28B	1.0	A
ESR1	KRT15	1.0	A
E2F1	CTSV	1.0	A
RXRA	ABCB11	1.0	A
SOX9	HAPLN1	1.0	A
E2F1	HMGA1	1.0	A
STAT1	GATA3	1.0	A
E2F1	FOXM1	1.0	A
STAT1	PML	1.0	A
TFAP2A	FOXA1	1.0	A
STAT1	IFNLR1	1.0	A
HBP1	MIF	-1.0	A
NR3C1	BGLAP	-1.0	A
MYC	ID3	1.0	A
MYC	SRSF1	1.0	A
E2F1	MUC4	1.0	A
REST	LIN28A	-1.0	A
ESR1	FOSL1	1.0	A
RELA	MCL1	1.0	A
NR2F2	BGLAP	-1.0	A
STAT1	GLS	1.0	A
SP1	NFKB1	1.0	A
EGR1	RBL2	1.0	A
EGR1	BCAR1	1.0	A
CTCF	CFTR	1.0	A
FOXA1	CCNG2	1.0	A
TP53	SESN2	-1.0	A
CTCF	RARRES1	1.0	A
USF1	GATA5	1.0	A
E2F1	RBM38	1.0	A
GATA2	ANGPT2	1.0	A
KLF4	CDH1	1.0	A
HNF4A	C3	1.0	A
E2F1	ATAD2	1.0	A
FOXM1	AURKB	1.0	A
STAT3	USP7	-1.0	A
ETS1	LTB	1.0	A
HNF4A	SLC22A6	1.0	A
STAT4	S100A4	1.0	A
SP1	HBZ	1.0	A
STAT1	STAT3	1.0	A
RELA	MMP3	1.0	A
STAT3	STAT1	1.0	A
CEBPA	CXCL8	1.0	A
KLF4	VDR	-1.0	A
SPI1	CIITA	1.0	A
CDX2	CFTR	1.0	A
FLI1	EYA3	1.0	A
SP3	COL1A1	1.0	A
FOXA1	GREB1	1.0	A
HIF1A	TERT	1.0	A
FOS	GSTP1	1.0	A
RUNX3	RUNX1	-1.0	A
PAX6	CTNND2	1.0	A
VDR	DDIT4	1.0	A
E2F4	CDCA7	1.0	A
IRF3	CXCL10	1.0	A
HNF4A	ABCC6	1.0	A
STAT1	PPARA	1.0	A
SP1	ALOX5	1.0	A
HNF1A	UGT1A10	1.0	A
E2F4	BRCA1	-1.0	A
HIF1A	VHL	1.0	A
EGR1	ALOX5	1.0	A
E2F1	BMI1	1.0	A
TP53	DDB1	1.0	A
POU2F1	SPI1	1.0	A
TP53	VDR	1.0	A
E2F4	RAD51	-1.0	A
RELA	TIMP1	-1.0	A
REST	KCNQ2	-1.0	A
FOXO1	CDKN1B	1.0	A
TP53	ALOX5	1.0	A
SREBF2	ACOT7	1.0	A
FOXO3	FOXO1	1.0	A
FOXM1	BIRC5	-1.0	A
HIF1A	CITED2	1.0	A
SP1	PTHLH	1.0	A
HNF4A	CYP2C8	1.0	A
FOXO1	ANGPT2	1.0	A
STAT3	CCND2	1.0	A
SPI1	CD86	1.0	A
POU5F1	LEFTY1	1.0	A
FOXO1	BCL2L11	1.0	A
HIC1	SIRT1	-1.0	A
PAX6	OLFM3	1.0	A
HOXB7	FGF2	1.0	A
SP1	CREM	1.0	A
TFAP2C	CDKN1A	-1.0	A
FOS	NGF	1.0	A
SKIL	SMAD7	-1.0	A
RXRA	SREBF1	1.0	A
MYC	ITGB1	-1.0	A
JUN	IL5	1.0	A
SREBF1	SCD	1.0	A
JUN	IL12A	1.0	A
SP1	FXR2	1.0	A
PPARG	TP53	1.0	A
SPI1	CTSS	1.0	A
STAT3	OSM	1.0	A
PAX8	TSHR	-1.0	A
STAT3	TP53	-1.0	A
CTCF	NF1	1.0	A
TP53	STAT3	-1.0	A
KLF5	BIRC5	1.0	A
E2F1	NCOA3	1.0	A
FOXO3	NOS3	-1.0	A
PPARA	CCND1	-1.0	A
FOXO1	NOS3	-1.0	A
NANOG	KDR	1.0	A
ESR1	MMP13	1.0	A
STAT3	TIMP1	1.0	A
SPI1	IFIT3	1.0	A
TRPS1	RUNX2	-1.0	A
PPARG	LIPE	1.0	A
TP53	HTT	1.0	A
E2F1	CDCA7	1.0	A
E2F1	BRCA1	1.0	A
SP3	CYP2F1	1.0	A
KLF4	ATF3	1.0	A
SPI1	CSF1R	1.0	A
JUN	VDR	1.0	A
SP1	XIAP	1.0	A
E2F1	SKP2	1.0	A
EPAS1	EPO	1.0	A
ETS1	TIMP1	1.0	A
SP1	BIRC5	1.0	A
HIF1A	ALAS2	1.0	A
FOXO3	ID1	-1.0	A
MITF	CLCN7	1.0	A
FOS	ERCC4	1.0	A
LEF1	MYC	1.0	A
STAT1	MUC1	1.0	A
STAT3	MUC1	1.0	A
SP1	CYP2F1	1.0	A
ESR1	CDKN1B	-1.0	A
SPI1	MME	1.0	A
SOX2	NANOG	1.0	A
EGR1	ATF3	1.0	A
STAT5A	IGF1	1.0	A
E2F1	AR	-1.0	A
STAT1	MMP13	-1.0	A
ESR1	KDR	1.0	A
MITF	DIAPH1	1.0	A
SMAD4	MYC	-1.0	A
USF2	PIGR	1.0	A
FOXM1	XRCC1	1.0	A
FOXM1	BRCA2	1.0	A
SP1	EPOR	1.0	A
SPI1	CDKN2A	1.0	A
HIF1A	MET	1.0	A
ETS1	MMP9	1.0	A
E2F2	CDCA7	1.0	A
ESR1	NR5A2	1.0	A
FOXP3	IL2	-1.0	A
SP1	BLMH	1.0	A
PAX6	MMP2	1.0	A
SREBF1	IRS2	-1.0	A
VDR	CYP7A1	-1.0	A
STAT3	PTPN13	1.0	A
YY1	ERBB2	1.0	A
HNF4A	PROS1	1.0	A
STAT2	PML	1.0	A
KLF6	MMP9	-1.0	A
SP2	MMP9	-1.0	A
ELK1	TBP	1.0	A
TP53	HIC1	1.0	A
ATF2	MMP2	1.0	A
RELA	BNIP3	-1.0	A
ELK1	FOSL1	1.0	A
FOXM1	FOXF1	1.0	A
CREB1	MITF	1.0	A
JUND	GADD45A	1.0	A
NFKB1	SOD2	1.0	A
VDR	PTH	-1.0	A
FOXA1	TFF1	1.0	A
RELA	BCL2	1.0	A
FOXA1	BRCA1	1.0	A
SP1	JUN	1.0	A
RELA	SOD2	1.0	A
POU5F1	CRIPTO	1.0	A
FOXO1	PRL	1.0	A
RELA	DEFB4B	1.0	A
NFKB1	DEFB4B	1.0	A
STAT1	SMARCA4	1.0	A
FOXO1	TIMP3	1.0	A
STAT3	SAA1	1.0	A
E2F1	PNRC2	-1.0	A
HNF4A	CYP2C9	1.0	A
SREBF2	LRP1	-1.0	A
NFATC2	IFNG	1.0	A
EGR1	LTB	1.0	A
CREM	CD247	-1.0	A
NR2E1	PTEN	-1.0	A
PRDM14	POU5F1	1.0	A
LEF1	SNAI2	1.0	A
KMT2A	CDKN1B	1.0	A
SOX10	EDNRB	1.0	A
REL	CCL5	1.0	A
SPI1	ELANE	1.0	A
CTCF	WT1	1.0	A
SPI1	CCL5	1.0	A
RARA	CASP9	1.0	A
DDIT3	ASNS	-1.0	A
USF1	IFNG	-1.0	A
TP53	PYCARD	1.0	A
CREB1	HLA-DRA	1.0	A
CREB1	FN1	1.0	A
SP1	AHR	-1.0	A
RUNX1	KLK3	1.0	A
HIF1A	ABCA1	1.0	A
HIC1	FGFBP1	1.0	A
SP1	CCNA1	1.0	A
MYCN	MXI1	-1.0	A
CEBPA	ADH1B	1.0	A
MYC	RAD51	1.0	A
SMAD3	TERT	-1.0	A
SMAD3	MMP9	1.0	A
SREBF1	LRP1	-1.0	A
STAT3	S100A11	1.0	A
YBX1	EGFR	1.0	A
STAT1	MVP	1.0	A
FOXO1	PPARG	-1.0	A
TP53	FLT1	1.0	A
AR	PMEPA1	1.0	A
GATA2	AR	1.0	A
STAT5A	IL2RA	1.0	A
SP1	PADI3	1.0	A
SP3	ABCA1	-1.0	A
FOXM1	CDKN1A	1.0	A
JUN	PTN	1.0	A
HIF1A	BAX	1.0	A
RELA	CXCL1	1.0	A
NFYA	ABCB1	1.0	A
USF1	SLC19A1	1.0	A
CDX2	SLC15A1	1.0	A
SP3	PADI3	1.0	A
LHX3	GNRHR	1.0	A
RELA	FGF8	1.0	A
JUN	BRCA1	1.0	A
TP53	TNFRSF10D	1.0	A
HNF4A	VEGFD	1.0	A
ERG	VWF	1.0	A
HIF1A	BIRC5	1.0	A
SP1	OXTR	1.0	A
MYC	POLE3	1.0	A
MYC	NME1	1.0	A
NFKB1	CDK4	1.0	A
HNF4A	APOA4	1.0	A
SP1	SIGIRR	1.0	A
SP1	HSD17B2	1.0	A
GATA2	ADH1A	1.0	A
NR2F2	APOB	1.0	A
SP3	HSD17B2	1.0	A
NR2F2	APOA2	1.0	A
MYB	MYC	1.0	A
FOXM1	ESR1	1.0	A
HNF4A	LIPC	1.0	A
CREB1	CIITA	1.0	A
SP1	BRD7	1.0	A
SOX10	GJC2	1.0	A
PPARA	ACOX1	1.0	A
JUN	VIM	1.0	A
ONECUT2	SYTL4	-1.0	A
E2F1	VEGFA	-1.0	A
STAT3	HAMP	1.0	A
ETS1	CXCR4	1.0	A
HIF1A	CXCR4	1.0	A
ZNF224	ALDOA	-1.0	A
STAT1	CCND1	1.0	A
HNF4A	APOA2	1.0	A
SP1	RB1	1.0	A
SP1	DRG2	1.0	A
YY1	FAS	-1.0	A
HIF1A	NAMPT	1.0	A
SREBF1	SLC2A4	1.0	A
AR	RELA	-1.0	A
PPARG	ABCG2	1.0	A
NRF1	PRDX5	1.0	A
E2F4	RB1	-1.0	A
HIF1A	FGF2	1.0	A
IRF1	CEACAM1	1.0	A
ETS1	RAD51	1.0	A
TP53	MCM7	-1.0	A
E2F4	DIRAS3	-1.0	A
ELK1	TAGLN	-1.0	A
ELK1	MYLK	-1.0	A
SP1	MYBL2	1.0	A
STAT1	IFIT3	1.0	A
YY1	HSPA5	1.0	A
VDR	CDKN1A	1.0	A
E2F1	RAD51	1.0	A
E2F1	UHRF1	1.0	A
NR2F2	APOC3	1.0	A
POU2F1	RPTOR	1.0	A
RARA	RPTOR	1.0	A
FOXF1	GH2	1.0	A
E2F1	DIRAS3	-1.0	A
HIF1A	EGLN1	1.0	A
SP3	PLAUR	-1.0	A
USF1	HOXB7	1.0	A
SPI1	BCL6	-1.0	A
TAL1	NFKB1	-1.0	A
HEY1	KDR	-1.0	A
STAT5B	CCND1	1.0	A
ESR1	PLAC1	1.0	A
FOXO1	AGRP	1.0	A
HIF1A	TGFB3	1.0	A
TBX21	IL4	1.0	A
E2F1	CDKN1C	1.0	A
SP4	KDR	1.0	A
NFKB1	PTHLH	1.0	A
MYB	CTSG	1.0	A
AR	AKR1B1	1.0	A
HSF1	HSPA1A	1.0	A
SP1	ATM	1.0	A
ESR1	CYP1A1	-1.0	A
USF1	PTGDS	1.0	A
STAT4	TBX21	1.0	A
PPARA	FABP3	1.0	A
AR	PMAIP1	1.0	A
FOXO3	ESR1	1.0	A
E2F1	MCM8	1.0	A
STAT1	HLA-E	1.0	A
ELK1	PRKCA	1.0	A
E2F1	MYBL2	1.0	A
RUNX1	CSF1R	1.0	A
ERG	ENG	1.0	A
ESR1	CYP1B1	1.0	A
HNF4A	SULT2A1	1.0	A
CREB1	SPRY2	1.0	A
SP1	SPRY2	1.0	A
E2F6	APAF1	-1.0	A
SP1	RARA	1.0	A
STAT1	FGF2	1.0	A
E2F7	SP1	-1.0	A
RREB1	KLK3	-1.0	A
SMAD3	JUN	1.0	A
GATA1	CCR3	1.0	A
ATF4	PTGS2	1.0	A
TP53	IGF1R	-1.0	A
MAFF	OXTR	1.0	A
ETS1	PTGS2	1.0	A
SRF	ACTB	1.0	A
AR	KLK2	1.0	A
SPI1	CTSG	1.0	A
SP1	ALDOA	1.0	A
NFKB1	CD40	1.0	A
HNF4A	CYP2B6	1.0	A
STAT5A	PRF1	1.0	A
NFKB1	IL1A	-1.0	A
IRF1	RIGI	1.0	A
TP63	KLF4	-1.0	A
HIF1A	LOX	1.0	A
LEF1	MYCBP	1.0	A
VDR	CDH1	1.0	A
CDX2	UGT1A10	1.0	A
USF1	CEBPA	1.0	A
SOX10	TYR	1.0	A
TFAP2A	BCL2	-1.0	A
NFKB1	CCL2	1.0	A
FOS	IL2RA	1.0	A
FOXO3	AR	1.0	A
SMAD4	JUN	1.0	A
STAT1	MUC4	1.0	A
CREB1	PPP2CA	1.0	A
SOX2	HHAT	1.0	A
SOX9	COMP	1.0	A
RUNX1	PRKCQ	1.0	A
TBX21	GATA3	1.0	A
E2F1	DUSP1	1.0	A
CREB1	MUC5AC	1.0	A
TFAP2A	APP	1.0	A
CREB1	NOLC1	1.0	A
SP1	B4GALT1	1.0	A
RELA	AR	-1.0	A
HIF1A	CEACAM5	1.0	A
LHX4	CGA	1.0	A
HIF1A	PGK1	1.0	A
HIF1A	LDHA	1.0	A
MECP2	ESR1	-1.0	A
HIF1A	NPPB	1.0	A
TP53	BTG3	1.0	A
STAT3	MYC	1.0	A
EGR1	APEX1	1.0	A
HOXA11	HOXA10	-1.0	A
RARA	RARG	1.0	A
AR	SERPINB5	-1.0	A
ERG	HMOX1	1.0	A
ERG	ICAM1	-1.0	A
SP1	SPP1	1.0	A
YY1	DNAJB4	1.0	A
MEF2A	SOST	-1.0	A
FLI1	HMOX1	1.0	A
HIF1A	IL1B	1.0	A
MYC	BCL2	1.0	A
EPAS1	POU5F1	-1.0	A
HIF1A	CCND1	1.0	A
LHX4	GH1	1.0	A
GATA3	ESR1	1.0	A
ELK1	NR1H2	1.0	A
JUN	CYP2J2	1.0	A
CEBPA	GPX4	1.0	A
ELK1	MCL1	1.0	A
STAT3	HIF1A	1.0	A
FOXO4	BCL2L11	1.0	A
MITF	HIF1A	1.0	A
STAT1	TBX21	1.0	A
VDR	CAMP	1.0	A
AR	FKBP5	1.0	A
RELA	IL12B	-1.0	A
SP1	ITGA5	1.0	A
SP1	IL12B	1.0	A
TP53	RAD51	1.0	A
FOXM1	LAMA4	1.0	A
MYC	LDHA	1.0	A
AR	PTGS2	-1.0	A
FOSL1	GCLC	-1.0	A
RELA	SAA2	1.0	A
SP1	ATP1A3	1.0	A
NFATC2	FOXP3	1.0	A
NFKB1	SAA2	1.0	A
TP53	PRODH	1.0	A
CEBPB	SAA2	1.0	A
ATF2	NOS3	-1.0	A
ETS2	IL12B	1.0	A
AR	SPDEF	1.0	A
SP1	EDNRB	1.0	A
AR	MED1	1.0	A
USF1	CEACAM1	1.0	A
RBPJ	PTEN	-1.0	A
NFKB1	NOS1	1.0	A
TP53	PRDM1	1.0	A
YY1	NR3C1	1.0	A
EGR1	GGPS1	1.0	A
SMAD3	CCND2	1.0	A
HNF1A	UGT1A9	1.0	A
SOX9	HES1	1.0	A
DDIT3	TNFRSF10B	1.0	A
SP1	PRSS50	1.0	A
ETS1	ANGPT2	1.0	A
E2F3	CDKN1A	1.0	A
AR	KRT8	1.0	A
SPI1	CSF3R	1.0	A
E2F1	CDKN1A	1.0	A
RELA	BIRC3	1.0	A
INSM1	NEUROG3	1.0	A
LEF1	AR	1.0	A
TP53	RB1	-1.0	A
E2F4	CCNB1	1.0	A
ATF4	CEBPB	1.0	A
USF1	SLC22A2	1.0	A
NKX2-5	GATA4	1.0	A
JUN	TFF1	1.0	A
TP53	OGG1	1.0	A
SOX10	MAG	1.0	A
ZNF267	MMP10	-1.0	A
E2F1	ASF1B	1.0	A
REL	NFKBIA	1.0	A
EGR1	SLC9A3	1.0	A
ESR1	SOCS3	1.0	A
HNF1A	IGF1	1.0	A
VDR	TRPV6	1.0	A
POU5F1	NANOG	1.0	A
AHR	CYP1B1	1.0	A
GLI1	SFRP1	1.0	A
JUN	TGFB1	1.0	A
CTCF	TERT	-1.0	A
NFYA	DDIT3	1.0	A
E2F1	THBS1	1.0	A
IRF3	IFNA1	1.0	A
WT1	ODC1	1.0	A
TFAP2A	IGFBP5	1.0	A
SP1	MCL1	1.0	A
PBX1	VCP	1.0	A
AR	NKX3-1	1.0	A
FOSL1	IVL	1.0	A
STAT4	IRF1	1.0	A
ETS1	BAX	-1.0	A
TP53	BCL2	-1.0	A
GFI1	BAX	-1.0	A
SP1	FOSL1	1.0	A
TP53	COL18A1	1.0	A
ARNT	CYP1B1	1.0	A
TP63	VDR	1.0	A
IRF8	TLR3	-1.0	A
NFATC2	CD40LG	1.0	A
NANOG	POU5F1	1.0	A
MYC	JUNB	-1.0	A
EGR1	STIM1	1.0	A
TP53	CCNA2	-1.0	A
NFIC	GFAP	1.0	A
SREBF1	HMOX1	1.0	A
SMAD3	EDN1	1.0	A
STAT3	CDKN1A	1.0	A
RELA	SELE	1.0	A
VDR	PLD1	1.0	A
ETS1	IL10	1.0	A
RUNX1	IL2	1.0	A
ZEB1	PKP3	-1.0	A
RXRA	PLD1	1.0	A
HIF1A	ABCB1	1.0	A
SNAI1	VDR	-1.0	A
RELA	ABCB1	1.0	A
TP53	CDKN1A	1.0	A
SP3	NOX4	1.0	A
HIF1A	KLK3	1.0	A
ZFHX3	MUC5AC	-1.0	A
AR	UBC	1.0	A
HNF4A	ABCG8	-1.0	A
FOXM1	MMP2	1.0	A
PPARA	CYP4A11	1.0	A
CREB1	VEGFA	1.0	A
STAT1	CDKN1A	1.0	A
E2F1	DUSP4	1.0	A
SOX10	EGR2	1.0	A
TWIST1	AKT2	1.0	A
ZBTB16	CCNA2	-1.0	A
ESR1	FOXO1	1.0	A
RUNX1	IL3	-1.0	A
MYC	FOXM1	1.0	A
FOXM1	MYC	1.0	A
STAT1	BAX	1.0	A
ESR1	RUNX2	1.0	A
MITF	MET	1.0	A
HIF1A	CCL2	1.0	A
ZEB2	VIM	1.0	A
ELF2	VCP	1.0	A
ETS1	TERT	1.0	A
SP3	CDKN2A	1.0	A
RUNX2	ESR1	-1.0	A
MYB	SP3	1.0	A
ZNF263	SDK2	0.5	B
ZNF263	RYR1	0.5	B
MITF	ARHGEF10L	0.5	B
GATA3	IL1R1	0.5	B
GATA3	GMDS	0.5	B
GATA3	GABBR2	0.5	B
MITF	ARSG	0.5	B
GATA3	GHR	0.5	B
MITF	ARID1A	0.5	B
MITF	AP1S2	0.5	B
MITF	ARHGAP42	0.5	B
ZNF263	SDC3	0.5	B
GATA3	GLIS3	0.5	B
GATA3	IGF1R	0.5	B
MITF	ARHGAP26	0.5	B
GATA3	GLI3	0.5	B
MITF	APP	0.5	B
MITF	ARID1B	0.5	B
MITF	BCAR3	0.5	B
MITF	ATP2B2	0.5	B
ZNF263	SBNO2	0.5	B
GATA3	HECW2	0.5	B
GATA3	HIVEP1	0.5	B
GATA3	ITGB5	0.5	B
GATA3	IMMP2L	0.5	B
ZNF263	RXRA	0.5	B
GATA3	IQCJ	0.5	B
GATA3	INPP4B	0.5	B
MITF	ASAP1	0.5	B
MITF	BHLHE40	0.5	B
GATA3	HMCN1	0.5	B
MITF	BCOR	0.5	B
GATA3	HIVEP2	0.5	B
MITF	ARHGAP24	0.5	B
GATA3	HIVEP3	0.5	B
GATA3	HDAC9	0.5	B
GATA3	HDAC4	0.5	B
GATA3	GULP1	0.5	B
MITF	ARHGEF7	0.5	B
GATA3	GPATCH2	0.5	B
GATA3	GRAMD2B	0.5	B
ZNF263	SARDH	0.5	B
ZNF263	RTN4R	0.5	B
ZNF263	RUNX1	0.5	B
GATA3	GRHL2	0.5	B
MITF	ASAP2	0.5	B
GATA3	GNAQ	0.5	B
MITF	BBC3	0.5	B
ZNF263	SCARB1	0.5	B
GATA3	ITGB6	0.5	B
MITF	ARFGEF2	0.5	B
MITF	ARHGEF3	0.5	B
MITF	BRI3	0.5	B
GATA3	IER5	0.5	B
MITF	BNC2	0.5	B
GATA3	GSE1	0.5	B
MITF	BAIAP2	0.5	B
HNF4A	VPS13D	0.5	B
GATA3	ITPR2	0.5	B
GATA3	PDE4D	0.5	B
GATA3	PDLIM5	0.5	B
GATA3	PDZRN3	0.5	B
GATA3	PHACTR1	0.5	B
GATA3	PHLDB2	0.5	B
GATA3	PIK3R1	0.5	B
ZNF263	RASGEF1A	0.5	B
GATA3	PIP4K2A	0.5	B
GATA3	PDE4B	0.5	B
GATA3	PLCB1	0.5	B
GATA3	PLCL1	0.5	B
GATA3	PLD1	0.5	B
GATA3	PLXNA2	0.5	B
GATA3	PMEPA1	0.5	B
GATA3	PPFIBP2	0.5	B
GATA3	PPM1H	0.5	B
ZNF263	RAP1GAP	0.5	B
ZNF263	RALGPS1	0.5	B
GATA3	PLCB4	0.5	B
GATA3	PCNX2	0.5	B
GATA3	PCDH9	0.5	B
GATA3	PBX3	0.5	B
MITF	AK2	0.5	B
GATA3	NRP2	0.5	B
GATA3	OFCC1	0.5	B
GATA3	OSBPL10	0.5	B
GATA3	OSBPL3	0.5	B
GATA3	OSBPL9	0.5	B
GATA3	P3H2	0.5	B
ZNF263	RGS12	0.5	B
GATA3	PACS1	0.5	B
GATA3	PACSIN2	0.5	B
ZNF263	RET	0.5	B
GATA3	PALLD	0.5	B
GATA3	PAM	0.5	B
GATA3	PARD3	0.5	B
ZNF263	RBM19	0.5	B
GATA3	PARD3B	0.5	B
GATA3	PARD6B	0.5	B
ZNF263	RBFOX3	0.5	B
GATA3	PBX1	0.5	B
GATA3	PPP3CA	0.5	B
GATA3	NRP1	0.5	B
GATA3	PREX1	0.5	B
GATA3	PRKAG2	0.5	B
GATA3	RBPMS	0.5	B
GATA3	RCAN3	0.5	B
GATA3	RERE	0.5	B
GATA3	RFTN1	0.5	B
GATA3	RFX3	0.5	B
ZNF263	RAB11FIP3	0.5	B
GATA3	RGS6	0.5	B
GATA3	RHOBTB3	0.5	B
GATA3	RBMS3	0.5	B
GATA3	RIMS2	0.5	B
GATA3	RNF150	0.5	B
GATA3	ROBO1	0.5	B
GATA3	RPH3A	0.5	B
GATA3	RTN4	0.5	B
GATA3	RXRA	0.5	B
GATA3	SAMD4A	0.5	B
GATA3	SASH1	0.5	B
GATA3	SBF2	0.5	B
GATA3	RND3	0.5	B
GATA3	RBM47	0.5	B
GATA3	RBFOX2	0.5	B
ZNF263	RADIL	0.5	B
GATA3	PRKCE	0.5	B
GATA3	PRKCH	0.5	B
GATA3	PRKCQ	0.5	B
GATA3	PRLR	0.5	B
MITF	AHCYL1	0.5	B
ZNF263	RALGDS	0.5	B
GATA3	PSD3	0.5	B
GATA3	PTK2	0.5	B
GATA3	PTK2B	0.5	B
GATA3	PTPN7	0.5	B
GATA3	PTPRJ	0.5	B
GATA3	PTPRK	0.5	B
GATA3	RAD23B	0.5	B
GATA3	RAD51B	0.5	B
GATA3	RAPGEF1	0.5	B
GATA3	RAPGEF4	0.5	B
GATA3	RAPGEF5	0.5	B
GATA3	RARA	0.5	B
GATA3	RASEF	0.5	B
GATA3	PRICKLE2	0.5	B
GATA3	ITPR1	0.5	B
GATA3	NPAS3	0.5	B
GATA3	NFIB	0.5	B
GATA3	LHFPL2	0.5	B
GATA3	LIMA1	0.5	B
GATA3	LIMCH1	0.5	B
GATA3	LMBR1	0.5	B
GATA3	LPP	0.5	B
GATA3	LRBA	0.5	B
GATA3	LRCH1	0.5	B
GATA3	LRIG1	0.5	B
MITF	AK5	0.5	B
GATA3	LRP1B	0.5	B
GATA3	LTBP1	0.5	B
GATA3	LYPD6B	0.5	B
GATA3	LYZL1	0.5	B
GATA3	MACROD2	0.5	B
GATA3	MAGI1	0.5	B
GATA3	MALRD1	0.5	B
GATA3	MAML2	0.5	B
GATA3	MAML3	0.5	B
GATA3	LSAMP	0.5	B
GATA3	LAMC1	0.5	B
GATA3	KIF21A	0.5	B
GATA3	KIAA1217	0.5	B
MITF	ANXA5	0.5	B
MITF	ANXA4	0.5	B
MITF	ANXA2	0.5	B
MITF	ANKS1B	0.5	B
GATA3	JARID2	0.5	B
GATA3	KALRN	0.5	B
MITF	ANKRD6	0.5	B
GATA3	KAT2B	0.5	B
MITF	ANK3	0.5	B
GATA3	KCNK1	0.5	B
MITF	ALK	0.5	B
GATA3	KCNK2	0.5	B
ZNF263	KSR1	0.5	B
GATA3	KCNMA1	0.5	B
GATA3	KCTD3	0.5	B
GATA3	KDM4C	0.5	B
ZNF263	RPTOR	0.5	B
MITF	AKAP6	0.5	B
MITF	AK9	0.5	B
GATA3	MAP2	0.5	B
GATA3	NIBAN1	0.5	B
GATA3	MAP4K4	0.5	B
GATA3	MAPKAP1	0.5	B
GATA3	MYLK	0.5	B
ZNF263	ROR2	0.5	B
ZNF263	RNF220	0.5	B
GATA3	MYO1B	0.5	B
GATA3	MYOF	0.5	B
ZNF263	RGS3	0.5	B
GATA3	NAALADL2	0.5	B
GATA3	NACA2	0.5	B
GATA3	MTUS1	0.5	B
GATA3	NAV2	0.5	B
GATA3	NCALD	0.5	B
GATA3	NCAM2	0.5	B
GATA3	NCOR2	0.5	B
GATA3	NDUFAF6	0.5	B
GATA3	NEDD4L	0.5	B
GATA3	NEDD9	0.5	B
GATA3	NEK7	0.5	B
GATA3	NFIA	0.5	B
GATA3	NAV3	0.5	B
GATA3	MTSS1	0.5	B
GATA3	MSI2	0.5	B
ZNF263	RPH3AL	0.5	B
ZNF263	RPS6KA2	0.5	B
GATA3	MARCHF10	0.5	B
GATA3	MAST4	0.5	B
GATA3	MB21D2	0.5	B
GATA3	MBNL1	0.5	B
GATA3	MCC	0.5	B
GATA3	MCF2L2	0.5	B
ZNF263	RPS6KA1	0.5	B
GATA3	ME3	0.5	B
GATA3	MECOM	0.5	B
GATA3	MED13L	0.5	B
GATA3	MICAL2	0.5	B
GATA3	MID1	0.5	B
GATA3	MIDEAS	0.5	B
GATA3	MITF	0.5	B
GATA3	MLLT3	0.5	B
GATA3	MME	0.5	B
GATA3	MPDZ	0.5	B
GATA3	FYN	0.5	B
GATA3	MAPK10	0.5	B
GATA3	FYB1	0.5	B
MITF	CLEC16A	0.5	B
GATA3	FSIP1	0.5	B
GATA2	SIK3	0.5	B
GATA2	SIL1	0.5	B
GATA2	SIPA1L1	0.5	B
GATA2	SIPA1L2	0.5	B
GATA2	SLC22A23	0.5	B
GATA2	SLIT3	0.5	B
GATA2	SLX4IP	0.5	B
MITF	CTNND2	0.5	B
GATA2	SMAD3	0.5	B
GATA2	SMYD3	0.5	B
GATA2	SND1	0.5	B
GATA2	SNX25	0.5	B
GATA2	SORBS1	0.5	B
GATA2	SORBS2	0.5	B
GATA2	SOX6	0.5	B
GATA2	SOX9	0.5	B
GATA2	SPATS2L	0.5	B
GATA2	SPECC1L	0.5	B
GATA2	SPIRE1	0.5	B
GATA2	SHROOM3	0.5	B
GATA2	SH3RF1	0.5	B
GATA2	SGMS1	0.5	B
ZNF263	SH3TC1	0.5	B
GATA2	RIT2	0.5	B
MITF	CYTH3	0.5	B
GATA2	RNF150	0.5	B
GATA2	ROBO1	0.5	B
MITF	CYTH1	0.5	B
GATA2	RPS6KA2	0.5	B
GATA2	RTN4	0.5	B
GATA2	RTTN	0.5	B
GATA2	RYR2	0.5	B
GATA2	SPOCK1	0.5	B
MITF	CUX1	0.5	B
GATA2	SASH1	0.5	B
GATA2	SBF2	0.5	B
GATA2	SCAPER	0.5	B
MITF	CUBN	0.5	B
GATA2	SCMH1	0.5	B
GATA2	SEC14L1	0.5	B
MITF	CTSB	0.5	B
GATA2	SEMA3C	0.5	B
GATA2	SEMA6A	0.5	B
MITF	CUEDC1	0.5	B
GATA2	RIMS1	0.5	B
GATA2	SPTBN1	0.5	B
GATA2	SSBP3	0.5	B
GATA2	TIAM1	0.5	B
GATA2	TIAM2	0.5	B
GATA2	TJP2	0.5	B
MITF	CTNNA2	0.5	B
GATA2	TLK1	0.5	B
GATA2	TLN2	0.5	B
GATA2	TMEM204	0.5	B
GATA2	TMTC2	0.5	B
MITF	CTNNA1	0.5	B
GATA2	TNFAIP8	0.5	B
GATA2	TNIK	0.5	B
GATA2	TNRC6B	0.5	B
GATA2	TNS3	0.5	B
GATA2	TPD52	0.5	B
GATA2	TPD52L1	0.5	B
GATA2	TPRG1	0.5	B
GATA2	TRAPPC9	0.5	B
GATA2	TRIO	0.5	B
GATA2	TRPS1	0.5	B
GATA2	THSD7A	0.5	B
GATA2	THADA	0.5	B
GATA2	TGFBR3	0.5	B
ZNF263	SEC14L1	0.5	B
GATA2	ST6GAL1	0.5	B
GATA2	ST7	0.5	B
GATA2	STARD13	0.5	B
GATA2	STIM1	0.5	B
GATA2	STK39	0.5	B
GATA2	STXBP5	0.5	B
GATA2	STXBP6	0.5	B
GATA2	SVIL	0.5	B
GATA2	SYNE1	0.5	B
GATA2	SSBP2	0.5	B
ZNF263	SEPTIN9	0.5	B
GATA2	TACC2	0.5	B
GATA2	TANC1	0.5	B
GATA2	TAOK3	0.5	B
GATA2	TBC1D5	0.5	B
GATA2	TBL1XR1	0.5	B
GATA2	TCF12	0.5	B
GATA2	TCF4	0.5	B
GATA2	TEAD1	0.5	B
GATA2	TENM4	0.5	B
GATA2	SYT1	0.5	B
GATA2	RFX3	0.5	B
GATA2	RERE	0.5	B
GATA2	RELN	0.5	B
GATA2	NRXN3	0.5	B
GATA2	NSMAF	0.5	B
GATA2	OFCC1	0.5	B
GATA2	OSBPL10	0.5	B
GATA2	OSBPL3	0.5	B
GATA2	OSBPL8	0.5	B
GATA2	OSBPL9	0.5	B
GATA2	P3H2	0.5	B
GATA2	PACRG	0.5	B
MITF	DIP2C	0.5	B
GATA2	PACSIN2	0.5	B
GATA2	PAG1	0.5	B
GATA2	PARD3	0.5	B
GATA2	PARD3B	0.5	B
GATA2	PBX1	0.5	B
GATA2	PCDH15	0.5	B
GATA2	PCLO	0.5	B
GATA2	PCNX1	0.5	B
GATA2	PCNX2	0.5	B
GATA2	NRG3	0.5	B
GATA2	NRCAM	0.5	B
GATA2	NR3C2	0.5	B
GATA2	NPAS3	0.5	B
MITF	DOCK10	0.5	B
GATA2	NAV2	0.5	B
GATA2	NAV3	0.5	B
GATA2	NBAS	0.5	B
GATA2	NCOA1	0.5	B
GATA2	NEDD4L	0.5	B
GATA2	NEDD9	0.5	B
GATA2	NEK7	0.5	B
GATA2	NEO1	0.5	B
ZNF263	SLC12A7	0.5	B
GATA2	NFASC	0.5	B
GATA2	NFATC2	0.5	B
GATA2	NFIA	0.5	B
GATA2	NFIB	0.5	B
GATA2	NFKB1	0.5	B
MITF	DLGAP4	0.5	B
GATA2	NIBAN1	0.5	B
GATA2	NLGN1	0.5	B
GATA2	NME7	0.5	B
MITF	DLEU1	0.5	B
MITF	DNAJB12	0.5	B
MITF	DGKG	0.5	B
MITF	DENND2B	0.5	B
GATA2	PDE10A	0.5	B
GATA2	PRKAR2B	0.5	B
GATA2	PRKCE	0.5	B
GATA2	PRKCH	0.5	B
GATA2	PRKD1	0.5	B
GATA2	PRUNE2	0.5	B
GATA2	PSD3	0.5	B
GATA2	PTK2	0.5	B
GATA2	PTK2B	0.5	B
GATA2	PTPRM	0.5	B
GATA2	PRKAG2	0.5	B
GATA2	RAD51B	0.5	B
GATA2	RAPGEF2	0.5	B
GATA2	RAPGEF4	0.5	B
GATA2	RAPGEF5	0.5	B
GATA2	RASAL2	0.5	B
GATA2	RBMS1	0.5	B
GATA2	RBMS3	0.5	B
MITF	DAB2IP	0.5	B
GATA2	RBPMS	0.5	B
MITF	DAAM1	0.5	B
GATA2	RALGAPA2	0.5	B
GATA2	TUSC3	0.5	B
GATA2	PPP3CA	0.5	B
GATA2	PPFIBP2	0.5	B
GATA2	PDE4B	0.5	B
ZNF263	SKI	0.5	B
GATA2	PDE4D	0.5	B
GATA2	PDLIM5	0.5	B
GATA2	PDZRN3	0.5	B
MITF	DENND2A	0.5	B
GATA2	PHACTR1	0.5	B
GATA2	PHACTR2	0.5	B
GATA2	PHLDB2	0.5	B
GATA2	PPM1H	0.5	B
GATA2	PHLPP1	0.5	B
GATA2	PIK3R1	0.5	B
GATA2	PIP4K2A	0.5	B
GATA2	PLCB1	0.5	B
GATA2	PLCB4	0.5	B
GATA2	PLD1	0.5	B
GATA2	PLEKHA7	0.5	B
GATA2	PLXNA2	0.5	B
GATA2	PPFIA2	0.5	B
MITF	DENND1A	0.5	B
GATA2	PIEZO2	0.5	B
GATA2	TXNRD1	0.5	B
GATA2	UBE2H	0.5	B
GATA2	UBR3	0.5	B
GATA3	CYRIB	0.5	B
GATA3	DAAM1	0.5	B
GATA3	DAB2IP	0.5	B
GATA3	DCLK1	0.5	B
GATA3	DENND1A	0.5	B
GATA3	DIP2C	0.5	B
GATA3	DLC1	0.5	B
GATA3	DLEU1	0.5	B
GATA3	DLG1	0.5	B
GATA3	DLG2	0.5	B
GATA3	DMD	0.5	B
GATA3	DNAJC5B	0.5	B
GATA3	DNMBP	0.5	B
MITF	CCDC171	0.5	B
GATA3	DOCK10	0.5	B
GATA3	DOCK4	0.5	B
MITF	CAPN2	0.5	B
GATA3	DOCK5	0.5	B
GATA3	DPYD	0.5	B
GATA3	CYP24A1	0.5	B
GATA3	CUX1	0.5	B
GATA3	CUEDC1	0.5	B
GATA3	CTNND2	0.5	B
GATA3	CDYL	0.5	B
GATA3	CEMIP2	0.5	B
GATA3	CEP112	0.5	B
MITF	CFAP61	0.5	B
GATA3	CEP128	0.5	B
GATA3	CHN2	0.5	B
GATA3	CHST9	0.5	B
GATA3	CLEC16A	0.5	B
GATA3	CLMN	0.5	B
GATA3	DSCAM	0.5	B
MITF	CDYL	0.5	B
MITF	CDH4	0.5	B
GATA3	COL21A1	0.5	B
GATA3	COL5A1	0.5	B
GATA3	CPNE4	0.5	B
GATA3	CRADD	0.5	B
GATA3	CREB5	0.5	B
GATA3	CRIM1	0.5	B
GATA3	CSGALNACT1	0.5	B
GATA3	CTNNA1	0.5	B
GATA3	CNTNAP2	0.5	B
GATA3	DST	0.5	B
GATA3	DTNB	0.5	B
GATA3	DUSP10	0.5	B
GATA3	FAM13A	0.5	B
MITF	CABLES1	0.5	B
GATA3	ARB2A	0.5	B
GATA3	FAT1	0.5	B
GATA3	FBXW11	0.5	B
GATA3	FERMT2	0.5	B
GATA3	FGD5	0.5	B
GATA3	FGGY	0.5	B
GATA3	FHL2	0.5	B
GATA3	EYS	0.5	B
GATA3	FHOD3	0.5	B
GATA3	FILIP1L	0.5	B
GATA3	FLNB	0.5	B
GATA3	FMN1	0.5	B
GATA3	FMN2	0.5	B
GATA3	FNIP2	0.5	B
GATA3	FOXJ3	0.5	B
GATA3	FOXO3	0.5	B
GATA3	FRMD3	0.5	B
GATA3	FRMD4B	0.5	B
GATA3	FIGN	0.5	B
GATA3	CDKAL1	0.5	B
MITF	CACNB4	0.5	B
GATA3	EXT1	0.5	B
MITF	CALD1	0.5	B
MITF	CADPS	0.5	B
GATA3	ECE1	0.5	B
GATA3	EFHC1	0.5	B
GATA3	EFNA5	0.5	B
GATA3	EGLN3	0.5	B
GATA3	EHF	0.5	B
GATA3	ELAPOR1	0.5	B
GATA3	ELMO1	0.5	B
GATA3	EYA2	0.5	B
GATA3	EML4	0.5	B
GATA3	EPAS1	0.5	B
GATA3	ERBB4	0.5	B
GATA3	ERC1	0.5	B
GATA3	ERC2	0.5	B
GATA3	ESRRG	0.5	B
GATA3	ETV6	0.5	B
GATA3	EVL	0.5	B
GATA3	EXOC4	0.5	B
GATA3	EXOC6B	0.5	B
GATA3	ENPP2	0.5	B
GATA3	FTO	0.5	B
GATA3	CDK6	0.5	B
GATA3	CDH18	0.5	B
GATA2	ZNF608	0.5	B
GATA2	ZNRF1	0.5	B
GATA2	ZPLD1	0.5	B
GATA3	ABCA4	0.5	B
MITF	CRADD	0.5	B
MITF	CORO2B	0.5	B
GATA3	ABLIM1	0.5	B
GATA3	ADAM12	0.5	B
GATA3	ADAMTSL1	0.5	B
MITF	CORO1C	0.5	B
GATA3	ADGRG6	0.5	B
MITF	COMMD9	0.5	B
GATA3	ADGRL2	0.5	B
GATA3	ADGRV1	0.5	B
GATA3	AFAP1	0.5	B
GATA3	AFF1	0.5	B
MITF	COLGALT2	0.5	B
GATA3	AFF3	0.5	B
GATA3	AGAP1	0.5	B
GATA2	ZNF407	0.5	B
GATA2	ZNF385D	0.5	B
GATA2	ZMYND8	0.5	B
MITF	CRTAC1	0.5	B
GATA2	UNC5C	0.5	B
GATA2	UNC5D	0.5	B
GATA2	UST	0.5	B
GATA2	UTRN	0.5	B
GATA2	UVRAG	0.5	B
GATA2	VAV3	0.5	B
GATA2	VEPH1	0.5	B
GATA2	VGLL4	0.5	B
GATA2	VPS13A	0.5	B
GATA3	AHNAK	0.5	B
GATA2	VPS13B	0.5	B
GATA2	VPS8	0.5	B
GATA2	WDFY3	0.5	B
MITF	CSMD1	0.5	B
GATA2	XXYLT1	0.5	B
GATA2	ZBTB16	0.5	B
GATA2	ZBTB20	0.5	B
GATA2	ZEB2	0.5	B
GATA2	ZFPM2	0.5	B
GATA2	ZMIZ1	0.5	B
GATA2	VPS13D	0.5	B
GATA3	AKAP6	0.5	B
GATA3	ALCAM	0.5	B
MITF	COL22A1	0.5	B
GATA3	BCAR3	0.5	B
GATA3	BCOR	0.5	B
MITF	CHN2	0.5	B
MITF	CHD9	0.5	B
GATA3	BMPER	0.5	B
GATA3	BMPR1B	0.5	B
GATA3	BRIP1	0.5	B
GATA3	CACNA2D1	0.5	B
GATA3	CADM1	0.5	B
GATA3	BANK1	0.5	B
GATA3	CAMK2D	0.5	B
GATA3	CAPN2	0.5	B
GATA3	CAST	0.5	B
GATA3	CBLB	0.5	B
GATA3	CCDC12	0.5	B
GATA3	CCDC88C	0.5	B
MITF	CHCHD6	0.5	B
GATA3	CCDC91	0.5	B
GATA3	CCSER1	0.5	B
GATA3	CDC42EP3	0.5	B
GATA3	CAMKMT	0.5	B
MITF	CFL2	0.5	B
GATA3	BACH2	0.5	B
GATA3	ATXN7	0.5	B
GATA3	ALK	0.5	B
GATA3	AMOTL1	0.5	B
GATA3	ANK3	0.5	B
GATA3	ANKFN1	0.5	B
GATA3	ANKRD28	0.5	B
GATA3	ANKRD44	0.5	B
GATA3	ANKS1B	0.5	B
GATA3	ANO6	0.5	B
GATA3	APP	0.5	B
GATA3	AUTS2	0.5	B
GATA3	ARHGAP15	0.5	B
GATA3	ARHGAP25	0.5	B
GATA3	ARHGAP26	0.5	B
GATA3	ARHGAP32	0.5	B
GATA3	ARHGEF3	0.5	B
GATA3	ARID1B	0.5	B
GATA3	ARSG	0.5	B
GATA3	ASAP1	0.5	B
MITF	COL13A1	0.5	B
GATA3	ATRNL1	0.5	B
GATA3	ARHGAP24	0.5	B
GATA3	SCAPER	0.5	B
HIF1A	RAD51B	0.5	B
GATA3	SEMA3C	0.5	B
HNF4A	PLCB1	0.5	B
HNF4A	PLD1	0.5	B
HNF4A	PLEC	0.5	B
LYL1	PTK2B	0.5	B
HNF4A	PLEKHA6	0.5	B
HNF4A	PLEKHA7	0.5	B
HNF4A	PLEKHG3	0.5	B
LYL1	EGFL7	0.5	B
LYL1	CBFA2T3	0.5	B
HNF4A	PLEKHG6	0.5	B
HNF4A	PLEKHM3	0.5	B
HNF4A	PLPP3	0.5	B
HNF4A	PLXNA2	0.5	B
HNF4A	POR	0.5	B
HNF4A	PPFIBP2	0.5	B
HNF4A	PPP3CA	0.5	B
HNF4A	PPTC7	0.5	B
HNF4A	PRKAG2	0.5	B
HNF4A	PRKCE	0.5	B
MAF	FRMD4B	0.5	B
HNF4A	PLA2G4F	0.5	B
HNF4A	PIM1	0.5	B
HNF4A	PIK3R1	0.5	B
HNF4A	OSBPL10	0.5	B
HNF4A	OSBPL3	0.5	B
HNF4A	PACSIN2	0.5	B
HNF4A	PALM2AKAP2	0.5	B
HNF4A	PCBP1	0.5	B
ZNF263	NOTCH1	0.5	B
ZNF263	NOL4L	0.5	B
HNF4A	PCSK6	0.5	B
HNF4A	PDE4D	0.5	B
HNF4A	PRKCH	0.5	B
HNF4A	PDE8A	0.5	B
HNF4A	PEMT	0.5	B
HNF4A	PEPD	0.5	B
HNF4A	PER2	0.5	B
HNF4A	PHACTR2	0.5	B
HNF4A	PHF3	0.5	B
HNF4A	PHLDB2	0.5	B
HNF4A	PHLPP1	0.5	B
HNF4A	PIK3AP1	0.5	B
ZNF263	NFIX	0.5	B
HNF4A	PDLIM5	0.5	B
HNF4A	PRLR	0.5	B
HNF4A	PRR5	0.5	B
ZNF263	NFIC	0.5	B
LEF1	AXIN2	0.5	B
ZNF263	LINC00322	0.5	B
HNF4A	RHOBTB3	0.5	B
HNF4A	RIN2	0.5	B
HNF4A	RNF43	0.5	B
HNF4A	RRBP1	0.5	B
HNF4A	RREB1	0.5	B
HNF4A	RUNX1	0.5	B
HNF4A	SAMD4A	0.5	B
HNF4A	RHO	0.5	B
HNF4A	SARDH	0.5	B
ZNF263	NEDD4L	0.5	B
HNF4A	SEC14L1	0.5	B
HNF4A	SEC23A	0.5	B
ZNF263	LINGO1	0.5	B
ZNF263	LMNA	0.5	B
HNF4A	SEMA4B	0.5	B
HNF4A	SEPTIN9	0.5	B
HNF4A	SERINC5	0.5	B
HNF4A	SERTAD2	0.5	B
HNF4A	SCAP	0.5	B
HNF4A	NUP210	0.5	B
HNF4A	RGS3	0.5	B
HNF4A	RERE	0.5	B
HNF4A	PSD3	0.5	B
HNF4A	PSD4	0.5	B
HNF4A	PTK2	0.5	B
HNF4A	PTK2B	0.5	B
ZNF263	NFASC	0.5	B
HNF4A	PTP4A1	0.5	B
ZNF263	LGR6	0.5	B
HNF4A	PTPRF	0.5	B
HNF4A	PTPRM	0.5	B
LEF1	CTIF	0.5	B
HNF4A	PXN	0.5	B
HNF4A	RAD51B	0.5	B
HNF4A	RALGPS1	0.5	B
ZNF263	LHFPL2	0.5	B
HNF4A	RAPGEF1	0.5	B
HNF4A	RAPGEF2	0.5	B
ZNF263	LHX3	0.5	B
HNF4A	RAPGEF5	0.5	B
HNF4A	RBM47	0.5	B
HNF4A	RBPMS	0.5	B
HNF4A	RABGAP1L	0.5	B
HNF4A	SFXN5	0.5	B
HNF4A	NRP1	0.5	B
MAF	IL2RA	0.5	B
HNF4A	MAD1L1	0.5	B
HNF4A	MAGI1	0.5	B
ZNF263	PFKP	0.5	B
ZNF263	PFKL	0.5	B
HNF4A	MAML2	0.5	B
HNF4A	MAOA	0.5	B
HNF4A	MAP4K4	0.5	B
HNF4A	MARK2	0.5	B
HNF4A	MAST4	0.5	B
HNF4A	MBNL2	0.5	B
HNF4A	MBNL3	0.5	B
HNF4A	MCF2L	0.5	B
HNF4A	ME3	0.5	B
HNF4A	MET	0.5	B
MAX	CDK6	0.5	B
HNF4A	TMT1B	0.5	B
HNF4A	MGRN1	0.5	B
HNF4A	MICAL2	0.5	B
HNF4A	MICAL3	0.5	B
HNF4A	MACF1	0.5	B
HNF4A	LSM4	0.5	B
ZNF263	PGBD5	0.5	B
HNF4A	LRRFIP1	0.5	B
HNF4A	KCNMA1	0.5	B
HNF4A	KDM4C	0.5	B
HNF4A	KHDRBS3	0.5	B
ZNF263	PI4KA	0.5	B
HNF4A	KIAA1217	0.5	B
HNF4A	KRT8	0.5	B
HNF4A	KSR1	0.5	B
HNF4A	LAMA5	0.5	B
HNF4A	LARGE1	0.5	B
ZNF263	PDXK	0.5	B
HNF4A	LEKR1	0.5	B
HNF4A	LHFPL2	0.5	B
HNF4A	LHPP	0.5	B
HNF4A	LINC00299	0.5	B
HNF4A	LMNA	0.5	B
HNF4A	LMO7	0.5	B
HNF4A	LPP	0.5	B
HNF4A	LRIG1	0.5	B
HNF4A	LRP5	0.5	B
HNF4A	LRRC8D	0.5	B
HNF4A	LGALS2	0.5	B
HNF4A	MIDEAS	0.5	B
HNF4A	MIDN	0.5	B
ZNF263	PDGFRB	0.5	B
ZNF263	OBSCN	0.5	B
HNF4A	NDST1	0.5	B
HNF4A	NDUFAF6	0.5	B
HNF4A	NEDD4L	0.5	B
HNF4A	NEDD9	0.5	B
HNF4A	NEK6	0.5	B
ZNF263	NUP210	0.5	B
MAFB	TBC1D14	0.5	B
ZNF263	NTRK1	0.5	B
MAFF	RAPGEF5	0.5	B
HNF4A	NFASC	0.5	B
MAF	IL4R	0.5	B
HNF4A	NFIA	0.5	B
HNF4A	NFIB	0.5	B
ZNF263	NTNG2	0.5	B
HNF4A	NFKBIZ	0.5	B
ZNF263	NRXN2	0.5	B
HNF4A	NHSL1	0.5	B
HNF4A	NOL4L	0.5	B
HNF4A	NPAS2	0.5	B
MAFB	DSE	0.5	B
HNF4A	NR2F6	0.5	B
HNF4A	NCOR2	0.5	B
HNF4A	NAV2	0.5	B
HNF4A	MSI2	0.5	B
ZNF263	PDE2A	0.5	B
HNF4A	MTARC2	0.5	B
HNF4A	MTMR12	0.5	B
HNF4A	MTSS1	0.5	B
HNF4A	MTUS1	0.5	B
MAFG	EIF4G3	0.5	B
HNF4A	MUC13	0.5	B
HNF4A	MVK	0.5	B
HNF4A	NCOA4	0.5	B
ZNF263	PCSK6	0.5	B
HNF4A	MYBPC1	0.5	B
ZNF263	PACSIN1	0.5	B
HNF4A	MYH9	0.5	B
HNF4A	MYLK	0.5	B
HNF4A	MYO18A	0.5	B
HNF4A	MYO1B	0.5	B
ZNF263	OSBPL5	0.5	B
HNF4A	MYOM1	0.5	B
HNF4A	N4BP1	0.5	B
ZNF263	PCBP3	0.5	B
HNF4A	KAZN	0.5	B
HNF4A	SH3BP4	0.5	B
HNF4A	SH3PXD2A	0.5	B
HNF4A	TEX2	0.5	B
HNF4A	TFR2	0.5	B
ZNF263	MTCL1	0.5	B
HNF4A	TGFBR3	0.5	B
HSF1	DNAH17	0.5	B
HNF4A	THADA	0.5	B
HNF4A	TJP2	0.5	B
HNF4G	WWC1	0.5	B
HNF4A	TJP3	0.5	B
HNF4A	TLE1	0.5	B
HNF4A	TLE3	0.5	B
HNF4A	TLN2	0.5	B
ZNF263	MSI2	0.5	B
HNF4A	TM4SF5	0.5	B
ZNF263	MLXIPL	0.5	B
HNF4G	DOK4	0.5	B
HNF4A	ZNRF3	0.5	B
HNF4A	ZNF608	0.5	B
HNF4A	TMBIM1	0.5	B
HSF1	HPCAL1	0.5	B
HNF4A	TERF2	0.5	B
ZNF263	MAD1L1	0.5	B
HNF4A	TEF	0.5	B
IRF2	CASP7	0.5	B
HNF4A	TACC2	0.5	B
HNF4A	TANK	0.5	B
ZNF263	MYO15B	0.5	B
IRF2	APOL3	0.5	B
IRF2	ADAR	0.5	B
HNF4A	TBC1D1	0.5	B
HNF4A	TBC1D14	0.5	B
IRF1	ZNFX1	0.5	B
HNF4A	ZMYND8	0.5	B
IRF1	PLAAT4	0.5	B
HNF4A	TBC1D8	0.5	B
HNF4A	TBL1X	0.5	B
HNF4A	TEAD1	0.5	B
IRF1	IFIT2	0.5	B
IRF1	ETV6	0.5	B
IRF1	APOL2	0.5	B
HSF1	NADK	0.5	B
HSF1	MKNK2	0.5	B
HNF4A	TECTB	0.5	B
HNF4A	TBC1D2B	0.5	B
HNF4A	TMEM241	0.5	B
HNF4A	TMEM245	0.5	B
HNF4A	ZMIZ1	0.5	B
ZNF263	MCF2L	0.5	B
HNF4A	TSPAN8	0.5	B
HNF4A	TTC7A	0.5	B
HNF4A	TTYH3	0.5	B
HNF4A	ZBTB20	0.5	B
HNF4A	ZBTB16	0.5	B
HNF4A	YAP1	0.5	B
HNF4A	USP7	0.5	B
HNF4A	XXYLT1	0.5	B
HNF4A	TSPAN14	0.5	B
HNF4A	UTRN	0.5	B
ZNF263	MEGF11	0.5	B
ZNF263	MED15	0.5	B
HNF4A	VAV2	0.5	B
HNF4A	WWP2	0.5	B
HNF4A	VGLL4	0.5	B
HNF4A	WWC1	0.5	B
HNF4A	VMP1	0.5	B
HNF4A	WNK2	0.5	B
HNF4A	WDFY1	0.5	B
ZNF263	MDGA1	0.5	B
IRF2	NMI	0.5	B
HNF4A	TRIO	0.5	B
ZNF263	MEGF6	0.5	B
HNF4A	TMEM37	0.5	B
ZNF263	MKNK2	0.5	B
HNF4A	ZFP36L2	0.5	B
HNF4A	TMIGD1	0.5	B
HNF4A	TNS1	0.5	B
HNF4A	TNS3	0.5	B
ZNF263	MAP2K2	0.5	B
HNF4A	ZFHX3	0.5	B
ZNF263	MICALL2	0.5	B
HNF4A	TRIM31	0.5	B
HNF4A	TPCN1	0.5	B
HNF4A	TRAK1	0.5	B
ZNF263	MICAL3	0.5	B
HNF4A	TRAPPC9	0.5	B
HNF4A	TRIM2	0.5	B
HNF4A	ZFAT	0.5	B
HNF4A	ZFAND3	0.5	B
HNF4A	ZCCHC2	0.5	B
HNF4A	ZBTB38	0.5	B
ZNF263	MGAT3	0.5	B
HNF4A	TPRG1	0.5	B
HNF4A	SH3D19	0.5	B
IRF2	NR3C1	0.5	B
HNF4A	SYNE1	0.5	B
HNF4A	SLC35D2	0.5	B
HNF4A	SLC39A11	0.5	B
JUND	LMNA	0.5	B
JUNB	PIM1	0.5	B
ZNF263	NACC2	0.5	B
HNF4A	SLC40A1	0.5	B
ZNF263	LTBP4	0.5	B
HNF4A	SLC44A1	0.5	B
JUN	HRH1	0.5	B
JUN	DUSP10	0.5	B
HNF4A	SLC44A4	0.5	B
HNF4A	SLC7A5	0.5	B
JUN	DMD	0.5	B
JUN	ACSL3	0.5	B
IRF9	SAMD9L	0.5	B
ZNF263	MYT1L	0.5	B
IRF9	RSAD2	0.5	B
ZNF263	MYOM3	0.5	B
IRF9	OAS3	0.5	B
ZNF263	LTBP3	0.5	B
HNF4A	SLC30A10	0.5	B
HNF4A	SLC2A9	0.5	B
JUND	MAFK	0.5	B
HNF4A	SHANK2	0.5	B
ZNF263	NDST1	0.5	B
ZNF263	NCS1	0.5	B
HNF4A	SIL1	0.5	B
ZNF263	NCOR2	0.5	B
HNF4A	SIPA1L3	0.5	B
HNF4A	SKI	0.5	B
HNF4A	SLC13A3	0.5	B
ZNF263	NADK	0.5	B
HNF4A	SLCO2B1	0.5	B
KMT2A	CDKN2C	0.5	B
KLF5	LAMB3	0.5	B
KLF5	JUP	0.5	B
ZNF263	LPCAT1	0.5	B
HNF4A	SLC13A5	0.5	B
HNF4A	SLC20A2	0.5	B
KLF5	FOXQ1	0.5	B
HNF4A	SLC22A23	0.5	B
KLF4	NDRG1	0.5	B
KLF1	OSBP2	0.5	B
KLF5	PTK6	0.5	B
IRF9	OAS2	0.5	B
HNF4A	SMAD3	0.5	B
HNF4A	SMAD7	0.5	B
HNF4A	ST3GAL1	0.5	B
HNF4A	ST3GAL6	0.5	B
HNF4A	ST6GAL1	0.5	B
IRF4	ELF4	0.5	B
HNF4A	STAT6	0.5	B
IRF4	CFLAR	0.5	B
IRF4	BLK	0.5	B
HNF4A	STIM1	0.5	B
HNF4A	STK24	0.5	B
IRF4	FCRL5	0.5	B
HNF4A	STX18	0.5	B
HNF4A	STXBP6	0.5	B
HNF4A	SULF2	0.5	B
IRF3	APOBEC3D	0.5	B
HNF4A	SUSD6	0.5	B
HNF4A	SVIL	0.5	B
HNF4A	SYBU	0.5	B
HNF4A	SYN3	0.5	B
ZNF263	MYO18A	0.5	B
IRF3	ABCA7	0.5	B
IRF3	APOBEC3F	0.5	B
HNF4A	SYNJ2	0.5	B
HNF4A	ST18	0.5	B
HNF4A	SSBP3	0.5	B
ZNF263	MACF1	0.5	B
HNF4A	SMOC1	0.5	B
IRF9	MX1	0.5	B
HNF4A	SMURF1	0.5	B
HNF4A	SNTB1	0.5	B
HNF4A	SOD2	0.5	B
HNF4A	SORBS1	0.5	B
IRF9	KSR1	0.5	B
HNF4A	SORBS2	0.5	B
IRF4	ITGB7	0.5	B
ZNF263	MYO7A	0.5	B
HNF4A	SOX13	0.5	B
IRF9	ISG15	0.5	B
HNF4A	SOX6	0.5	B
HNF4A	SPAG9	0.5	B
HNF4A	SPATS2L	0.5	B
HNF4A	SPIDR	0.5	B
HNF4A	SPRED2	0.5	B
IRF9	ADAR	0.5	B
HNF4A	SPTBN1	0.5	B
HNF4A	SORL1	0.5	B
GATA3	SEMA3A	0.5	B
HNF4A	KALRN	0.5	B
HNF4A	ITPR1	0.5	B
ZNF263	PRKAG2	0.5	B
ZNF263	PRDM16	0.5	B
HIF1A	GRB10	0.5	B
MITF	ADAMTS17	0.5	B
ZNF263	PPM1F	0.5	B
HIF1A	INHBA	0.5	B
ZNF263	PPIL2	0.5	B
MITF	ADAM12	0.5	B
ZNF263	PPARGC1B	0.5	B
HIF1A	MRTFB	0.5	B
HIF1A	MSI2	0.5	B
ZNF263	POR	0.5	B
HIF1A	NAV1	0.5	B
HIF1A	NEK7	0.5	B
ZNF263	POLE	0.5	B
MITF	ACOT7	0.5	B
MITF	ABLIM2	0.5	B
HIF1A	PDE4D	0.5	B
ZNF263	PNPLA7	0.5	B
ZNF263	PRKAR1B	0.5	B
HIF1A	FCHSD2	0.5	B
HIF1A	FAM210A	0.5	B
MITF	ADCY2	0.5	B
GATA6	SEMA6A	0.5	B
GATA6	SVIL	0.5	B
GRHL2	NHSL3	0.5	B
GRHL2	LAD1	0.5	B
GRHL2	LIPH	0.5	B
HIF1A	ADAMTS20	0.5	B
ZNF263	PRKCE	0.5	B
HIF1A	AGPAT5	0.5	B
HIF1A	ARFGEF2	0.5	B
MITF	ABLIM1	0.5	B
HIF1A	ARID1B	0.5	B
HIF1A	CACNA1C	0.5	B
HIF1A	CHSY1	0.5	B
HIF1A	DDX18	0.5	B
HIF1A	DENND1A	0.5	B
HIF1A	DLGAP4	0.5	B
HIF1A	DSCAM	0.5	B
HIF1A	EGFR	0.5	B
MITF	ADCY9	0.5	B
ZNF263	LAMA5	0.5	B
HIF1A	CACNA1A	0.5	B
ZNF263	PLXND1	0.5	B
MEIS2	TGFBR3	0.5	B
HIF1A	PRKCH	0.5	B
HNF4A	ABCA4	0.5	B
HNF4A	ABCC11	0.5	B
HNF4A	ABCC3	0.5	B
HNF4A	ABLIM1	0.5	B
HNF4A	ABLIM3	0.5	B
HNF4A	ACACB	0.5	B
NFATC1	MEF2C	0.5	B
HNF4A	ACOT7	0.5	B
HNF4A	ACOX2	0.5	B
HNF1B	WDR72	0.5	B
HNF4A	ACTN1	0.5	B
HNF4A	ACY3	0.5	B
ZNF263	LAMC3	0.5	B
HNF4A	ADCY9	0.5	B
HNF4A	ADGRA3	0.5	B
HNF4A	ADGRF1	0.5	B
HNF4A	ADGRG6	0.5	B
HNF4A	ADGRV1	0.5	B
MEF2C	HDAC9	0.5	B
HNF4A	AFDN	0.5	B
HNF4A	ACTN4	0.5	B
GATA3	ZPLD1	0.5	B
HMBOX1	PDE8A	0.5	B
HIF1A	ZMYND8	0.5	B
HIF1A	RAD23B	0.5	B
HIF1A	RERE	0.5	B
ZNF263	PLXNA2	0.5	B
HIF1A	RGS6	0.5	B
HIF1A	RUNX1	0.5	B
MEIS2	NCALD	0.5	B
HIF1A	SEPTIN9	0.5	B
HIF1A	SHANK2	0.5	B
HIF1A	SIPA1L1	0.5	B
HMBOX1	NCOA4	0.5	B
ZNF263	PLEKHG5	0.5	B
HIF1A	TNS1	0.5	B
HIF1A	TNS3	0.5	B
MEIS2	MCC	0.5	B
HIF1A	UNC5D	0.5	B
HIF1A	USP6NL	0.5	B
MEF2C	TCF4	0.5	B
MEF2C	PLCL2	0.5	B
HIF1A	XXYLT1	0.5	B
HIF1A	ZFAT	0.5	B
HIF1A	SLC41A2	0.5	B
HNF4A	AFF1	0.5	B
GATA3	ZNRF1	0.5	B
GATA3	ZNF462	0.5	B
GATA3	SPTBN1	0.5	B
GATA3	SSBP2	0.5	B
GATA3	ST3GAL1	0.5	B
GATA3	ST6GAL1	0.5	B
MITF	AFF3	0.5	B
GATA3	STARD13	0.5	B
GATA3	STK3	0.5	B
GATA3	STK39	0.5	B
GATA3	STXBP5	0.5	B
GATA3	SUMO1P1	0.5	B
GATA3	SYBU	0.5	B
GATA3	SYNE1	0.5	B
GATA3	SYNE2	0.5	B
GATA3	SYNJ2	0.5	B
GATA3	SYT1	0.5	B
MITF	ADGRG1	0.5	B
GATA3	SYTL2	0.5	B
GATA3	TACC1	0.5	B
GATA3	TANC1	0.5	B
GATA3	SPRED2	0.5	B
GATA3	SPOCK1	0.5	B
GATA3	SPECC1L	0.5	B
GATA3	SPATS2L	0.5	B
GATA3	SEMA6A	0.5	B
GATA3	SEPTIN9	0.5	B
MITF	AGAP1	0.5	B
GATA3	SGPL1	0.5	B
ZNF263	PXN	0.5	B
GATA3	SH3RF1	0.5	B
GATA3	SHANK2	0.5	B
GATA3	SHROOM3	0.5	B
GATA3	SIL1	0.5	B
GATA3	TAOK3	0.5	B
GATA3	SIPA1L1	0.5	B
GATA3	SLC38A1	0.5	B
GATA3	SLC44A1	0.5	B
GATA3	SLC8A1	0.5	B
GATA3	SLIT3	0.5	B
GATA3	SMAD3	0.5	B
ZNF263	PTPRU	0.5	B
GATA3	SMYD3	0.5	B
ZNF263	PTPRF	0.5	B
GATA3	SND1	0.5	B
GATA3	SIPA1L2	0.5	B
GATA3	TBC1D1	0.5	B
GATA3	TBL1XR1	0.5	B
GATA3	TCF12	0.5	B
GATA3	TSC22D2	0.5	B
GATA3	TTC28	0.5	B
GATA3	TXNRD1	0.5	B
ZNF263	PRR5	0.5	B
GATA3	UBE2H	0.5	B
GATA3	UNC5C	0.5	B
GATA3	UTRN	0.5	B
ZNF263	PRKCZ	0.5	B
GATA3	VAV3	0.5	B
GATA3	TRPS1	0.5	B
GATA3	VMP1	0.5	B
GATA3	WWC1	0.5	B
GATA3	WWTR1	0.5	B
GATA3	XYLT1	0.5	B
GATA3	ZBTB7C	0.5	B
GATA3	ZFAND3	0.5	B
GATA3	ZFPM2	0.5	B
GATA3	ZMIZ1	0.5	B
GATA3	ZMYND8	0.5	B
GATA3	ZNF365	0.5	B
GATA3	VPS13D	0.5	B
GATA3	ZNF608	0.5	B
GATA3	TRIO	0.5	B
GATA3	TRAPPC9	0.5	B
GATA3	TEAD1	0.5	B
GATA3	TENM4	0.5	B
ZNF263	PTK7	0.5	B
GATA3	TGFB2	0.5	B
GATA3	THADA	0.5	B
GATA3	THSD4	0.5	B
GATA3	THSD7B	0.5	B
GATA3	TIAM1	0.5	B
GATA3	TLE1	0.5	B
GATA3	TRIM37	0.5	B
GATA3	TLE3	0.5	B
GATA3	TLK1	0.5	B
GATA3	TLN2	0.5	B
GATA3	TMSB4X	0.5	B
GATA3	TMTC2	0.5	B
GATA3	TNS3	0.5	B
GATA3	TPD52	0.5	B
GATA3	TPD52L1	0.5	B
ZNF263	PSD4	0.5	B
GATA3	TPRG1	0.5	B
GATA3	TLE4	0.5	B
HNF4A	ITPR2	0.5	B
HNF4A	AGAP1	0.5	B
HNF4A	AGPAT3	0.5	B
HNF4A	ERGIC1	0.5	B
HNF4A	ERI3	0.5	B
HNF4A	ERN1	0.5	B
HNF4A	ETV4	0.5	B
HNF4A	ETV6	0.5	B
HNF4A	EXT1	0.5	B
HNF4A	F5	0.5	B
HNF4A	FAH	0.5	B
HNF4A	EEIG1	0.5	B
HNF4A	FAM107B	0.5	B
HNF4A	FAM13A	0.5	B
HNF4A	FAM222A	0.5	B
HNF4A	FARP1	0.5	B
HNF4A	FAT1	0.5	B
HNF4A	FERMT2	0.5	B
HNF4A	FGA	0.5	B
HNF4A	FGFR3	0.5	B
HNF4A	FGGY	0.5	B
HNF4A	FHAD1	0.5	B
HNF4A	EPS8	0.5	B
MAZ	PRR12	0.5	B
ZNF263	PIP5K1C	0.5	B
HNF4A	EPHA10	0.5	B
HNF4A	DOCK4	0.5	B
HNF4A	DOCK5	0.5	B
HNF4A	DPYSL2	0.5	B
ZNF263	PITPNM3	0.5	B
HNF4A	DST	0.5	B
HNF4A	ECE1	0.5	B
HNF4A	EEPD1	0.5	B
HNF4A	EFHC1	0.5	B
HNF4A	EGFR	0.5	B
HNF4A	FHL2	0.5	B
HNF4A	EGLN3	0.5	B
ZNF263	PITPNM2	0.5	B
HNF4A	EHF	0.5	B
HNF4A	ELL	0.5	B
HNF4A	ELMO1	0.5	B
HNF4A	EML6	0.5	B
HNF4A	ENC1	0.5	B
HNF4A	ENTPD8	0.5	B
HNF4A	EPAS1	0.5	B
HNF4A	EPB41L2	0.5	B
HNF4A	EHD1	0.5	B
HNF4A	FLNB	0.5	B
HNF4A	FNDC3B	0.5	B
HNF4A	FNIP2	0.5	B
HNF4A	GRAMD4	0.5	B
HNF4A	GRB10	0.5	B
HNF4A	GSE1	0.5	B
HNF4A	GSN	0.5	B
HNF4A	GTF2IRD1	0.5	B
HNF4A	HDAC4	0.5	B
HNF4A	HIPK2	0.5	B
HNF4A	HIVEP2	0.5	B
HNF4A	HLF	0.5	B
HNF4A	GRAMD2B	0.5	B
MAZ	KCTD15	0.5	B
HNF4A	HSD17B2	0.5	B
MAZ	CTDSP1	0.5	B
HNF4A	IGF2BP3	0.5	B
HNF4A	IL1R1	0.5	B
HNF4A	IL1RAP	0.5	B
HNF4A	INSR	0.5	B
ZNF263	LDLRAP1	0.5	B
HNF4A	IQGAP2	0.5	B
HNF4A	ITGB5	0.5	B
HNF4A	HPCAL1	0.5	B
HNF4A	DNAJB12	0.5	B
HNF4A	GPRIN2	0.5	B
HNF4A	GNA12	0.5	B
HNF4A	FOXN3	0.5	B
HNF4A	FOXP1	0.5	B
HNF4A	FOXQ1	0.5	B
HNF4A	FRMD4B	0.5	B
HNF4A	FRY	0.5	B
HNF4A	FTO	0.5	B
HNF4A	FYN	0.5	B
IRF1	STAT1	0.5	B
HNF4A	GALNT2	0.5	B
HNF4A	GPRC5C	0.5	B
HNF4A	GCLC	0.5	B
HNF4A	GDF15	0.5	B
HNF4A	GFOD1	0.5	B
MAZ	PPP1R9B	0.5	B
HNF4A	GGT6	0.5	B
HNF4A	GIPC2	0.5	B
ZNF263	PIEZO1	0.5	B
MAZ	MARK2	0.5	B
HNF4A	GLIS3	0.5	B
HNF4A	GMDS	0.5	B
HNF4A	GDA	0.5	B
ZNF263	PLEC	0.5	B
HNF4A	DMD	0.5	B
HNF4A	DLEU1	0.5	B
HNF4A	ASAP2	0.5	B
HNF4A	ASS1	0.5	B
HNF4A	ATP2B2	0.5	B
HNF4A	ATP7B	0.5	B
HNF4A	ATP8B1	0.5	B
HNF4A	ATXN7L1	0.5	B
HNF4A	AUTS2	0.5	B
HNF4A	BCAR3	0.5	B
HNF4A	BCAS3	0.5	B
HNF4A	BCL3	0.5	B
HNF4A	BCL9L	0.5	B
HNF4A	BCOR	0.5	B
HNF4A	BCR	0.5	B
HNF4A	BICC1	0.5	B
HNF4A	BRD4	0.5	B
HNF4A	BTNL8	0.5	B
HNF4A	C1orf210	0.5	B
HNF4A	C8B	0.5	B
MEF2A	SYNE1	0.5	B
HNF4A	ARSG	0.5	B
HNF4A	ARID5B	0.5	B
HNF4A	ARID1A	0.5	B
HNF4A	ARHGEF3	0.5	B
HNF4A	AGXT	0.5	B
MEF2C	CLIC5	0.5	B
HNF4A	AHCY	0.5	B
HNF4A	AHNAK	0.5	B
HNF4A	AIG1	0.5	B
HNF4A	AK2	0.5	B
MEF2B	KLF2	0.5	B
ZNF263	PLCH2	0.5	B
HNF4A	AKAP1	0.5	B
HNF4A	CALD1	0.5	B
HNF4A	AKAP13	0.5	B
HNF4A	ALDH3A2	0.5	B
HNF4A	AMBRA1	0.5	B
HNF4A	AMPD3	0.5	B
HNF4A	ANXA2	0.5	B
HNF4A	ANXA4	0.5	B
HNF4A	ARHGAP12	0.5	B
HNF4A	ARHGAP18	0.5	B
HNF4A	ARHGAP26	0.5	B
HNF4A	ARHGEF10L	0.5	B
HNF4A	ALDH1A1	0.5	B
HNF4A	CAMK2D	0.5	B
HNF4A	CAMK2N1	0.5	B
HNF4A	CAPZA2	0.5	B
ZNF263	PLA2G6	0.5	B
HNF4A	CTNND1	0.5	B
HNF4A	CTSB	0.5	B
MEF2A	GTDC1	0.5	B
HNF4A	CTSE	0.5	B
MBD3	ESR1	0.5	B
HNF4A	CUEDC1	0.5	B
HNF4A	CUX1	0.5	B
HNF4A	CYP4F3	0.5	B
HNF4A	CTNNA1	0.5	B
HNF4A	DAAM1	0.5	B
MAZ	RNF220	0.5	B
HNF4A	DAB2IP	0.5	B
HNF4A	DCBLD1	0.5	B
HNF4A	DENND1A	0.5	B
HNF4A	DENND2B	0.5	B
HNF4A	DGKG	0.5	B
HNF4A	DHRS3	0.5	B
HNF4A	DIP2C	0.5	B
HNF4A	DLC1	0.5	B
HNF4A	DAB1	0.5	B
HNF4A	DLGAP4	0.5	B
HNF4A	CRACD	0.5	B
HNF4A	CORO2A	0.5	B
HNF4A	CAST	0.5	B
HNF4A	CCDC57	0.5	B
ZNF263	PLCG2	0.5	B
HNF4A	CCDC85C	0.5	B
HNF4A	CCNY	0.5	B
HNF4A	CDC42EP4	0.5	B
HNF4A	CDH23	0.5	B
HNF4A	CDK5RAP2	0.5	B
HNF4A	CHD2	0.5	B
HNF4A	CPLX2	0.5	B
HNF4A	CHD9	0.5	B
HNF4A	CLASP1	0.5	B
MEF2A	SCHIP1	0.5	B
HNF4A	CLEC16A	0.5	B
HNF4A	CLMN	0.5	B
HNF4A	CLRN3	0.5	B
HNF4A	CNKSR3	0.5	B
HNF4A	COBL	0.5	B
HNF4A	COL27A1	0.5	B
HNF4A	CORO1C	0.5	B
HNF4A	CHN2	0.5	B
HNF4A	MOGAT2	0.5	B
FOXP1	CHD2	0.5	B
GATA2	MYRIP	0.5	B
ZNF263	TNS3	0.5	B
FOS	IMMP2L	0.5	B
ZNF263	TNS1	0.5	B
FOS	ITGB5	0.5	B
FOS	ITGB6	0.5	B
FOS	ITPR1	0.5	B
FOS	ITPR2	0.5	B
FOS	JCAD	0.5	B
FOS	KALRN	0.5	B
FOS	KAZN	0.5	B
ZNF263	TOP3B	0.5	B
FOS	KCNJ15	0.5	B
FOS	KCNMA1	0.5	B
FOS	KDM4C	0.5	B
FOS	KIAA1217	0.5	B
FOS	KIF13A	0.5	B
FOS	KLF6	0.5	B
FOS	KLF9	0.5	B
FOS	KSR1	0.5	B
FOS	LAMA3	0.5	B
FOS	LAMC1	0.5	B
FOS	LHFPL2	0.5	B
FOS	KCNK1	0.5	B
FOS	LIMS1	0.5	B
FOS	IGF1R	0.5	B
FOS	HRH1	0.5	B
FOS	FILIP1L	0.5	B
FOS	FLNB	0.5	B
FOS	FNDC3B	0.5	B
FOS	FOXP1	0.5	B
FOS	FRMD4B	0.5	B
FOS	FSIP1	0.5	B
FOS	FTO	0.5	B
FOS	GABBR2	0.5	B
FOS	GADD45A	0.5	B
FOS	GALNT15	0.5	B
FOS	IFNGR2	0.5	B
FOS	GALNT2	0.5	B
FOS	GFOD1	0.5	B
FOS	GLIS3	0.5	B
FOS	GMDS	0.5	B
FOS	GNA12	0.5	B
FOS	GSE1	0.5	B
FOS	GTDC1	0.5	B
FOS	HDAC9	0.5	B
FOS	HECW2	0.5	B
FOS	HIVEP3	0.5	B
FOS	HMCN1	0.5	B
FOS	GBE1	0.5	B
FOS	FHL2	0.5	B
FOS	LINC00299	0.5	B
FOS	LPP	0.5	B
FOS	MYLK	0.5	B
FOS	MYO1B	0.5	B
FOS	NAALADL2	0.5	B
FOS	NABP1	0.5	B
FOS	NAV1	0.5	B
FOS	NAV2	0.5	B
FOS	NCALD	0.5	B
FOS	NCOA7	0.5	B
FOS	NEDD4L	0.5	B
FOS	NEDD9	0.5	B
FOS	MYH9	0.5	B
FOS	NEK7	0.5	B
FOS	NFIA	0.5	B
FOS	NFIB	0.5	B
FOS	NIBAN2	0.5	B
FOS	NPAS3	0.5	B
FOS	NRCAM	0.5	B
FOS	NRP1	0.5	B
FOS	NSMCE2	0.5	B
FOS	OSBPL10	0.5	B
FOS	OSBPL3	0.5	B
FOS	OSBPL6	0.5	B
FOS	NFATC2	0.5	B
FOS	LMNA	0.5	B
FOS	MYEOV	0.5	B
FOS	MTHFD2L	0.5	B
FOS	LRBA	0.5	B
FOS	LTBP1	0.5	B
FOS	MACF1	0.5	B
FOS	MACROD2	0.5	B
FOS	MAML2	0.5	B
FOS	MAML3	0.5	B
FOS	MAP2	0.5	B
FOS	MAP3K13	0.5	B
FOS	MARCHF3	0.5	B
FOS	MAST4	0.5	B
FOS	MTSS1	0.5	B
FOS	MBNL1	0.5	B
FOS	MCC	0.5	B
FOS	MCF2L2	0.5	B
FOS	ME3	0.5	B
FOS	MET	0.5	B
FOS	MGLL	0.5	B
FOS	MICAL2	0.5	B
FOS	MID1	0.5	B
FOS	MIDEAS	0.5	B
FOS	MPZL1	0.5	B
FOS	MSI2	0.5	B
FOS	MBNL2	0.5	B
FOS	OSBPL9	0.5	B
FOS	FHAD1	0.5	B
FOS	FGD6	0.5	B
FOS	ARID5B	0.5	B
FOS	ASAP1	0.5	B
FOS	ATP6AP1L	0.5	B
FOS	ATP8B1	0.5	B
FOS	ATP8B4	0.5	B
FOS	ATXN1	0.5	B
FOS	B4GALT5	0.5	B
FOS	BACH2	0.5	B
FOS	BBX	0.5	B
FOS	BCAR3	0.5	B
FOS	ARID1B	0.5	B
FOS	BHLHE40	0.5	B
FOS	CACNA1A	0.5	B
FOS	CAMK2D	0.5	B
FOS	CAPN2	0.5	B
FOS	CAST	0.5	B
FOS	CBLB	0.5	B
FOS	CCDC91	0.5	B
FOS	CCNY	0.5	B
FOS	CDH18	0.5	B
FOS	CDK5RAP2	0.5	B
FOS	CDK6	0.5	B
FOS	BMPR1B	0.5	B
FOS	CDYL	0.5	B
FOS	ARHGEF3	0.5	B
FOS	ARHGAP26	0.5	B
FOS	ACVR1	0.5	B
FOS	ADGRF1	0.5	B
FOS	ADGRG6	0.5	B
FOS	ADGRV1	0.5	B
FOS	AFF1	0.5	B
FOS	AGAP1	0.5	B
FOS	AHNAK	0.5	B
FOS	AKAP6	0.5	B
FOS	ALDH1A2	0.5	B
FOS	AMPD3	0.5	B
FOS	ARHGAP42	0.5	B
FOS	ANGPT1	0.5	B
FOS	ANK3	0.5	B
FOS	ANKS1B	0.5	B
FOS	ANO6	0.5	B
FOS	ANTXR2	0.5	B
FOS	ANXA1	0.5	B
FOS	ANXA2	0.5	B
FOS	ANXA3	0.5	B
FOS	AOAH	0.5	B
FOS	ARHGAP18	0.5	B
FOS	ARHGAP24	0.5	B
FOS	ANK1	0.5	B
FOS	FGGY	0.5	B
FOS	CEMIP2	0.5	B
FOS	CHD9	0.5	B
FOS	DOCK5	0.5	B
FOS	DPF3	0.5	B
FOS	DST	0.5	B
FOS	DTNA	0.5	B
FOS	DTNB	0.5	B
FOS	DUSP10	0.5	B
FOS	DYRK1A	0.5	B
FOS	ECE1	0.5	B
FOS	EFHC1	0.5	B
FOS	EGLN3	0.5	B
FOS	DOCK4	0.5	B
FOS	ENAH	0.5	B
FOS	ERC2	0.5	B
FOS	ERGIC1	0.5	B
FOS	EXOC4	0.5	B
FOS	EXOC6B	0.5	B
FOS	EXT1	0.5	B
FOS	EXTL3	0.5	B
FOS	FAM107B	0.5	B
FOS	FAM13A	0.5	B
ZNF263	TP73	0.5	B
FOS	FAT1	0.5	B
FOS	ENPP2	0.5	B
FOS	CEP112	0.5	B
FOS	DOCK2	0.5	B
FOS	DMD	0.5	B
FOS	CHN2	0.5	B
FOS	CLEC16A	0.5	B
FOS	CLIP2	0.5	B
FOS	CLVS1	0.5	B
FOS	CNIH3	0.5	B
FOS	COL14A1	0.5	B
FOS	COL21A1	0.5	B
FOS	COL25A1	0.5	B
FOS	CRADD	0.5	B
FOS	CREB5	0.5	B
FOS	DNAJC5B	0.5	B
FOS	CRIM1	0.5	B
FOS	CSGALNACT1	0.5	B
FOS	CTNNA1	0.5	B
FOS	CUBN	0.5	B
FOS	CUX1	0.5	B
FOS	CYRIB	0.5	B
FOS	CYTH4	0.5	B
FOS	DAAM1	0.5	B
FOS	DDX60L	0.5	B
FOS	DENND2B	0.5	B
FOS	DLEU1	0.5	B
FOS	CRYBG1	0.5	B
FOS	ACSL3	0.5	B
FOS	PACSIN2	0.5	B
FOS	PAPPA	0.5	B
FOS	ZNF365	0.5	B
FOS	ZNF438	0.5	B
FOS	ZNF608	0.5	B
FOSL1	ANXA2	0.5	B
FOSL1	LMNA	0.5	B
FOSL1	TRIB1	0.5	B
FOSL2	MAFK	0.5	B
FOSL2	NDRG1	0.5	B
FOSL2	TGIF1	0.5	B
FOXA1	ABCC4	0.5	B
FOS	ZMYND8	0.5	B
FOXA1	ABLIM1	0.5	B
FOXA1	ADAMTSL1	0.5	B
FOXA1	ADGRF1	0.5	B
FOXA1	ADGRG6	0.5	B
FOXA1	ADGRL2	0.5	B
FOXA1	ADGRV1	0.5	B
FOXA1	AFDN	0.5	B
ZNF263	TFEB	0.5	B
FOXA1	AFF1	0.5	B
FOXA1	AFF3	0.5	B
FOXA1	AGAP1	0.5	B
FOXA1	ACOXL	0.5	B
FOXA1	AKAP13	0.5	B
FOS	ZMIZ1	0.5	B
FOS	ZBTB38	0.5	B
FOS	TPD52L1	0.5	B
FOS	TRAPPC9	0.5	B
FOS	TRIB1	0.5	B
FOS	TRIM2	0.5	B
FOS	TRIO	0.5	B
FOS	TRPS1	0.5	B
FOS	TSC22D2	0.5	B
FOS	TSPAN14	0.5	B
FOS	TTC7A	0.5	B
FOS	TULP4	0.5	B
FOS	ZFPM2	0.5	B
FOS	UBASH3B	0.5	B
ZNF263	TLE3	0.5	B
FOS	UQCC1	0.5	B
FOS	UST	0.5	B
FOS	UTRN	0.5	B
FOS	VAV3	0.5	B
FOS	VMP1	0.5	B
FOS	WWTR1	0.5	B
FOS	YAP1	0.5	B
FOS	ZBTB16	0.5	B
FOS	ZBTB20	0.5	B
FOS	UBE2H	0.5	B
FOS	TNS3	0.5	B
FOXA1	AKAP6	0.5	B
FOXA1	ALCAM	0.5	B
FOXA1	ATP8B1	0.5	B
FOXA1	ATP8B4	0.5	B
FOXA1	ATRNL1	0.5	B
ZNF263	TBX1	0.5	B
FOXA1	ATXN7	0.5	B
FOXA1	AUTS2	0.5	B
FOXA1	BANK1	0.5	B
FOXA1	BBX	0.5	B
FOXA1	BCAR3	0.5	B
ZNF263	TBCD	0.5	B
FOXA1	ASAP1	0.5	B
FOXA1	BCAS3	0.5	B
FOXA1	BICC1	0.5	B
FOXA1	BIRC6	0.5	B
FOXA1	BMPER	0.5	B
FOXA1	BMPR1B	0.5	B
FOXA1	BRIP1	0.5	B
FOXA1	CACNA2D1	0.5	B
FOXA1	CACNA2D3	0.5	B
ZNF263	TANGO2	0.5	B
FOXA1	CACNB2	0.5	B
FOXA1	CADM1	0.5	B
FOXA1	BCKDHB	0.5	B
FOXA1	AKAP9	0.5	B
FOXA1	ARID5B	0.5	B
FOXA1	ARID1B	0.5	B
FOXA1	ALDH1A2	0.5	B
FOXA1	AMOTL1	0.5	B
FOXA1	ANGPT1	0.5	B
FOXA1	ANK3	0.5	B
FOXA1	ANKRD28	0.5	B
FOXA1	ANKRD50	0.5	B
FOXA1	ANKS1B	0.5	B
FOXA1	ANO6	0.5	B
FOXA1	APBB2	0.5	B
ZNF263	TESC	0.5	B
ZNF263	TCERG1L	0.5	B
FOXA1	APP	0.5	B
FOXA1	ARHGAP10	0.5	B
FOXA1	ARHGAP12	0.5	B
FOXA1	ARHGAP15	0.5	B
FOXA1	ARHGAP24	0.5	B
FOXA1	ARHGAP26	0.5	B
FOXA1	ARHGAP32	0.5	B
FOXA1	ARHGAP42	0.5	B
FOXA1	ARHGAP6	0.5	B
ZNF263	TCF3	0.5	B
FOXA1	ARHGEF3	0.5	B
FOXA1	ARAP2	0.5	B
FOS	PALM2AKAP2	0.5	B
FOS	TNS1	0.5	B
FOS	TNIP1	0.5	B
FOS	PTPRM	0.5	B
FOS	RABGAP1L	0.5	B
FOS	RAD51B	0.5	B
FOS	RALGPS1	0.5	B
FOS	RAPGEF1	0.5	B
FOS	RAPGEF4	0.5	B
FOS	RAPGEF5	0.5	B
FOS	RB1CC1	0.5	B
FOS	RBM47	0.5	B
FOS	RERE	0.5	B
FOS	PTPN4	0.5	B
FOS	RGS3	0.5	B
FOS	RND3	0.5	B
FOS	RNF217	0.5	B
FOS	RTN4	0.5	B
FOS	SAMD12	0.5	B
FOS	SAMD4A	0.5	B
FOS	SASH1	0.5	B
FOS	SDK1	0.5	B
FOS	SEC14L1	0.5	B
FOS	SEMA3A	0.5	B
FOS	SEMA3C	0.5	B
FOS	RGS9	0.5	B
FOS	SEPTIN9	0.5	B
FOS	PTK2B	0.5	B
FOS	PSD3	0.5	B
FOS	PARD3	0.5	B
FOS	PARD3B	0.5	B
FOS	PCCA	0.5	B
FOS	PCNX2	0.5	B
FOS	PDE1C	0.5	B
FOS	PDE4B	0.5	B
FOS	PDHX	0.5	B
FOS	PDLIM5	0.5	B
FOS	PHLPP1	0.5	B
FOS	PIP4K2A	0.5	B
FOS	PTK2	0.5	B
ZNF263	TMEM201	0.5	B
FOS	PLCB1	0.5	B
FOS	PLCB4	0.5	B
FOS	PLD1	0.5	B
FOS	PLXNA2	0.5	B
FOS	PPP1R15A	0.5	B
FOS	PPP3CA	0.5	B
FOS	PRICKLE2	0.5	B
FOS	PRKAG2	0.5	B
FOS	PRKCH	0.5	B
FOS	PRPF31	0.5	B
FOS	PLB1	0.5	B
FOS	TNRC6B	0.5	B
FOS	SGMS1	0.5	B
FOS	SH3KBP1	0.5	B
FOS	TANC1	0.5	B
FOS	TBC1D1	0.5	B
FOS	TBC1D5	0.5	B
FOS	TBXAS1	0.5	B
FOS	TCF12	0.5	B
FOS	TEAD1	0.5	B
FOS	TENM2	0.5	B
FOS	TENM4	0.5	B
FOS	TGFBI	0.5	B
FOS	TGFBR3	0.5	B
FOS	TACC2	0.5	B
FOS	THADA	0.5	B
FOS	TIAM1	0.5	B
FOS	TIAM2	0.5	B
FOS	TJP1	0.5	B
FOS	TJP2	0.5	B
FOS	TLN2	0.5	B
FOS	TMC1	0.5	B
FOS	TMEM241	0.5	B
FOS	TMEM245	0.5	B
FOS	TNFAIP8	0.5	B
FOS	TNIK	0.5	B
FOS	THSD4	0.5	B
FOS	SH3BP4	0.5	B
FOS	SYNJ2	0.5	B
FOS	STPG1	0.5	B
FOS	SH3PXD2B	0.5	B
FOS	SIK3	0.5	B
FOS	SLC22A23	0.5	B
FOS	SLC25A37	0.5	B
ZNF263	TMEM132B	0.5	B
FOS	SLC39A11	0.5	B
FOS	SLC44A3	0.5	B
FOS	SLCO3A1	0.5	B
FOS	SLX4IP	0.5	B
FOS	SMYD3	0.5	B
FOS	STXBP5	0.5	B
FOS	SND1	0.5	B
FOS	SORBS1	0.5	B
FOS	SORBS2	0.5	B
FOS	SPATS2L	0.5	B
FOS	SPIDR	0.5	B
FOS	SPIRE1	0.5	B
FOS	SPOCK1	0.5	B
FOS	ST18	0.5	B
FOS	STARD13	0.5	B
FOS	STK17A	0.5	B
FOS	STK40	0.5	B
FOS	SNX9	0.5	B
FOS	ABTB2	0.5	B
FOS	ABR	0.5	B
FOS	ABLIM3	0.5	B
ETS1	GABBR2	0.5	B
ZNF263	ZBTB16	0.5	B
ETS1	GADD45B	0.5	B
ETS1	GALNT10	0.5	B
ETS1	GATA3	0.5	B
GATA3	ETS1	0.5	B
ETS1	GATAD2A	0.5	B
ETS1	GDPD5	0.5	B
ETS1	GNA12	0.5	B
ETS1	GPAA1	0.5	B
ETS1	G3BP2	0.5	B
ETS1	GPR137	0.5	B
ETS1	GSE1	0.5	B
ETS1	GSN	0.5	B
ETS1	HDAC7	0.5	B
ETS1	HDGF	0.5	B
ETS1	HIVEP2	0.5	B
ETS1	HJV	0.5	B
ETS1	HK1	0.5	B
ETS1	HMGN4	0.5	B
ETS1	HNRNPF	0.5	B
ETS1	HNRNPL	0.5	B
ETS1	GRAMD1A	0.5	B
ETS1	HNRNPUL1	0.5	B
ETS1	FYN	0.5	B
ETS1	FOXK1	0.5	B
ETS1	EEF2	0.5	B
ETS1	EFHC1	0.5	B
ETS1	EHD1	0.5	B
ETS1	EIF4G2	0.5	B
ETS1	ELK3	0.5	B
ETS1	EMP3	0.5	B
ETS1	EPAS1	0.5	B
ETS1	EPHA2	0.5	B
ETS1	ERCC1	0.5	B
ETS1	ERGIC1	0.5	B
ETS1	FOXP1	0.5	B
ETS1	ETV6	0.5	B
ETS1	FADS2	0.5	B
ETS1	FAM78A	0.5	B
ETS1	FASN	0.5	B
ETS1	FBXL19	0.5	B
ETS1	FKBP1A	0.5	B
ETS1	FLNA	0.5	B
ETS1	FLNB	0.5	B
ETS1	FMNL3	0.5	B
ETS1	FNDC3B	0.5	B
ZNF263	ZBTB7C	0.5	B
ETS1	FAAP20	0.5	B
ETS1	EEF1A1	0.5	B
ETS1	HOOK2	0.5	B
ETS1	IARS1	0.5	B
ETS1	KMT2A	0.5	B
ETS1	KPNB1	0.5	B
ETS1	KSR1	0.5	B
ETS1	LAMA4	0.5	B
ETS1	LASP1	0.5	B
ETS1	LDLR	0.5	B
ETS1	LEMD2	0.5	B
ETS1	LHFPL2	0.5	B
ETS1	LMNA	0.5	B
ETS1	LRP5	0.5	B
ETS1	KLF6	0.5	B
ETS1	LRRC8A	0.5	B
ETS1	LTBP4	0.5	B
ETS1	MACF1	0.5	B
ETS1	MAD1L1	0.5	B
ETS1	MAML3	0.5	B
ETS1	MAP3K11	0.5	B
ETS1	MAT2A	0.5	B
ETS1	MED15	0.5	B
ETS1	MEF2D	0.5	B
ETS1	MFSD3	0.5	B
ETS1	MGAT1	0.5	B
ETS1	LRRFIP1	0.5	B
ETS1	HPCAL1	0.5	B
ETS1	KLF10	0.5	B
ETS1	KIAA1671	0.5	B
ETS1	ID1	0.5	B
ETS1	ID3	0.5	B
ZNF263	YEATS2	0.5	B
ETS1	IGF1R	0.5	B
ETS1	IGF2BP3	0.5	B
ETS1	ING1	0.5	B
ETS1	IRF2BP2	0.5	B
ZNF263	XXYLT1	0.5	B
ETS1	ITGB1	0.5	B
ETS1	ITGB5	0.5	B
ETS1	KLC1	0.5	B
ETS1	ITPR1	0.5	B
ETS1	JAK1	0.5	B
ETS1	JCAD	0.5	B
ETS1	JMJD1C	0.5	B
ETS1	JUP	0.5	B
ETS1	KAZALD1	0.5	B
ETS1	KCNAB2	0.5	B
ETS1	KCTD10	0.5	B
ETS1	KCTD2	0.5	B
ETS1	KDM2B	0.5	B
ETS1	KDM6B	0.5	B
ETS1	JADE2	0.5	B
CEBPD	IL6	0.5	B
ETS1	E2F3	0.5	B
ETS1	DUSP5	0.5	B
ETS1	ARAP1	0.5	B
ETS1	ARHGAP22	0.5	B
ETS1	ARHGAP26	0.5	B
ETS1	ARHGAP31	0.5	B
ETS1	ARHGDIA	0.5	B
ETS1	ARHGEF17	0.5	B
ETS1	ARHGEF2	0.5	B
ETS1	ARHGEF3	0.5	B
ETS1	ARHGEF7	0.5	B
ZNF384	PANK2	0.5	B
ETS1	APBB2	0.5	B
ETS1	ARID1A	0.5	B
ETS1	ARID3A	0.5	B
ETS1	ARPC5L	0.5	B
ETS1	ARRB1	0.5	B
ZNF274	ZNF577	0.5	B
ETS1	ATP6V0A1	0.5	B
ETS1	BAHCC1	0.5	B
ETS1	BAZ2A	0.5	B
ETS1	BBC3	0.5	B
ETS1	BCAR3	0.5	B
ETS1	BCL3	0.5	B
ETS1	ARID1B	0.5	B
ETS1	BCL9L	0.5	B
ZNF740	MBD6	0.5	B
ETS1	AMPD3	0.5	B
ESRRA	ACSS2	0.5	B
ESRRA	RAP1GAP	0.5	B
ESRRA	RBM47	0.5	B
ESRRA	SLC22A23	0.5	B
ESRRA	SLC9A1	0.5	B
ETS1	ABCB9	0.5	B
ZNF740	SETD1B	0.5	B
ETS1	ABCG1	0.5	B
ETS1	ABL1	0.5	B
ETS1	ACLY	0.5	B
ETS1	ANKRD11	0.5	B
ETS1	ACTB	0.5	B
ETS1	ACTN1	0.5	B
ETS1	ACTN4	0.5	B
ETS1	ADAM10	0.5	B
ETS1	ADORA2A	0.5	B
ETS1	AFAP1	0.5	B
ETS1	AGAP3	0.5	B
ETS1	AHDC1	0.5	B
ETS1	AHNAK	0.5	B
ETS1	ALDOA	0.5	B
ETS1	AMOTL2	0.5	B
ETS1	ACTG1	0.5	B
ETS1	DYNC1H1	0.5	B
ETS1	BCOR	0.5	B
ETS1	BHLHE40	0.5	B
ETS1	CSRP1	0.5	B
ETS1	CTDSP1	0.5	B
ETS1	CTIF	0.5	B
ETS1	CTNNA1	0.5	B
ETS1	CUEDC1	0.5	B
ETS1	DAB2IP	0.5	B
ZNF263	ZC3H18	0.5	B
ETS1	DALRD3	0.5	B
ETS1	DCAKD	0.5	B
ETS1	DDIT4	0.5	B
ETS1	CSGALNACT2	0.5	B
ETS1	DENND3	0.5	B
ETS1	DLG4	0.5	B
ETS1	DNAJB12	0.5	B
ETS1	DNAJB6	0.5	B
ETS1	DNM2	0.5	B
ETS1	DNMT1	0.5	B
ETS1	DOCK4	0.5	B
ETS1	DOCK9	0.5	B
ETS1	DPP9	0.5	B
ETS1	DPYSL2	0.5	B
ETS1	DUSP1	0.5	B
ETS1	DHX9	0.5	B
ETS1	BCR	0.5	B
ZNF263	ZFYVE28	0.5	B
ETS1	CNOT1	0.5	B
ETS1	BICRAL	0.5	B
ZNF274	TNFRSF10B	0.5	B
ZNF263	ZNF608	0.5	B
ETS1	BTBD19	0.5	B
ETS1	CCDC12	0.5	B
ETS1	CCDC85C	0.5	B
ETS1	CCDC88C	0.5	B
ETS1	CCDC97	0.5	B
ZNF263	ZNF469	0.5	B
ETS1	CD9	0.5	B
ETS1	COA1	0.5	B
ETS1	CDC42EP3	0.5	B
ETS1	CDK6	0.5	B
ETS1	CENPT	0.5	B
ETS1	CFLAR	0.5	B
ETS1	CHD2	0.5	B
ETS1	CHD9	0.5	B
ETS1	CIC	0.5	B
ETS1	CIRBP	0.5	B
ETS1	CITED2	0.5	B
ETS1	CLASP1	0.5	B
ETS1	CNIH3	0.5	B
ZNF263	ZMIZ1	0.5	B
ETS1	MICAL2	0.5	B
ETS1	MICAL3	0.5	B
ETS1	MIDEAS	0.5	B
ETS1	TACC1	0.5	B
TAL1	ETS1	0.5	B
ETS1	TBC1D14	0.5	B
ETS1	TCF4	0.5	B
ETS1	TFAP4	0.5	B
ETS1	TGIF1	0.5	B
ETS1	TGIF2	0.5	B
ETS1	THOC6	0.5	B
ETS1	TK2	0.5	B
ETS1	TLE3	0.5	B
ETS1	SYNJ2	0.5	B
ETS1	TLN1	0.5	B
ETS1	TMEM91	0.5	B
ETS1	TMSB4X	0.5	B
ZNF263	UBAC1	0.5	B
ZNF263	TXNRD2	0.5	B
ETS1	TNFRSF1A	0.5	B
ETS1	TNK2	0.5	B
ETS1	TNRC18	0.5	B
ETS1	TNS1	0.5	B
ZNF263	TTYH3	0.5	B
ETS1	TPM4	0.5	B
ETS1	TMEM184B	0.5	B
ETS1	TPR	0.5	B
ETS1	SVIL	0.5	B
ETS1	STK10	0.5	B
ETS1	SLC25A37	0.5	B
ETS1	SLC38A2	0.5	B
ETS1	SLC3A2	0.5	B
ETS1	SLC6A6	0.5	B
ETS1	SMAD3	0.5	B
ZNF263	UNC5A	0.5	B
SMAD4	ETS1	0.5	B
ETS1	SMAD7	0.5	B
ETS1	SMG6	0.5	B
ETS1	SMOX	0.5	B
ETS1	STK40	0.5	B
ETS1	MTCL2	0.5	B
ETS1	SPRED2	0.5	B
ETS1	SPTAN1	0.5	B
ETS1	SPTBN1	0.5	B
ETS1	SPTLC2	0.5	B
ETS1	SREBF1	0.5	B
ETS1	SSBP3	0.5	B
ETS1	SSBP4	0.5	B
ETS1	ST3GAL1	0.5	B
ETS1	ST3GAL2	0.5	B
ETS1	STAT3	0.5	B
SPI1	ETS1	0.5	B
ETS1	SKI	0.5	B
ZNF263	TTC7A	0.5	B
ETS1	TRAPPC9	0.5	B
ETS1	WDR37	0.5	B
ETS1	WNK1	0.5	B
ETS1	WRAP53	0.5	B
ETS1	XXYLT1	0.5	B
ETS1	YY1	0.5	B
ETS1	ZBTB38	0.5	B
ETS1	ZBTB7B	0.5	B
ETS1	ZFP36	0.5	B
ETS1	ZFP36L1	0.5	B
ETS1	ZFP36L2	0.5	B
ETS1	WDR1	0.5	B
ETS1	ZMIZ1	0.5	B
ETS1	ZNF131	0.5	B
ETS1	ZNF213	0.5	B
ETS1	ZNF263	0.5	B
ETS1	ZNF423	0.5	B
ETS2	FLT1	0.5	B
ETV4	PCSK6	0.5	B
ETV4	SHMT2	0.5	B
FLI1	CCND3	0.5	B
FOS	ABCA13	0.5	B
FOS	ABLIM1	0.5	B
ETS1	ZMYND8	0.5	B
ETS1	TRAM2	0.5	B
ETS1	VRK3	0.5	B
ZNF263	TRAPPC9	0.5	B
ETS1	TRIB1	0.5	B
ETS1	TRIM41	0.5	B
ETS1	TRIM8	0.5	B
ETS1	TRRAP	0.5	B
ETS1	TSPAN14	0.5	B
ETS1	TSPAN18	0.5	B
ETS1	TSPAN4	0.5	B
ETS1	TTC7A	0.5	B
ZNF263	TSNARE1	0.5	B
ZNF263	TRIO	0.5	B
ETS1	VGLL4	0.5	B
ETS1	TUBA1C	0.5	B
ETS1	TXNRD1	0.5	B
ETS1	TXNRD2	0.5	B
ETS1	UBAC1	0.5	B
ETS1	UBAP2L	0.5	B
ETS1	UBC	0.5	B
ETS1	UBE2D3	0.5	B
ETS1	UBR4	0.5	B
ETS1	USP39	0.5	B
ETS1	UTRN	0.5	B
ETS1	VASP	0.5	B
ETS1	TUBB4B	0.5	B
ETS1	SIN3A	0.5	B
ETS1	SHC1	0.5	B
ETS1	SH3GL1	0.5	B
ETS1	NOL4L	0.5	B
ETS1	NR4A2	0.5	B
ZNF263	WNT4	0.5	B
ETS1	NRP2	0.5	B
ETS1	NTMT1	0.5	B
ETS1	NUCB1	0.5	B
ETS1	NUP214	0.5	B
ZNF263	WNK2	0.5	B
ETS1	OSBPL3	0.5	B
ETS1	PALM2AKAP2	0.5	B
NFKB1	ETS1	0.5	B
ETS1	PCBP1	0.5	B
ZNF263	WDR86	0.5	B
ETS1	PDE4B	0.5	B
ETS1	PDE4D	0.5	B
ETS1	PER1	0.5	B
ETS1	PEX14	0.5	B
ETS1	PFKFB3	0.5	B
ETS1	PFKP	0.5	B
ETS1	PFN1	0.5	B
ETS1	PGF	0.5	B
ETS1	PGS1	0.5	B
ETS1	PCDH1	0.5	B
ETS1	PHF12	0.5	B
ETS1	NFIC	0.5	B
ETS1	NFIA	0.5	B
ETS1	MIDN	0.5	B
ETS1	MKNK2	0.5	B
ETS1	MNT	0.5	B
ETS1	MRPL36	0.5	B
ETS1	MTHFD1L	0.5	B
ETS1	MTSS1	0.5	B
ETS1	MUS81	0.5	B
ETS1	MYC	0.5	B
ETS1	MYEOV	0.5	B
ETS1	MYH9	0.5	B
ETS1	NFIB	0.5	B
ETS1	MYO1C	0.5	B
ETS1	NARF	0.5	B
ETS1	NAV2	0.5	B
ETS1	NCOR2	0.5	B
ETS1	NDUFV3	0.5	B
ETS1	NEDD9	0.5	B
ZNF263	WNT7A	0.5	B
ETS1	NEK6	0.5	B
ETS1	NEMP2	0.5	B
ETS1	NFATC1	0.5	B
ETS1	NFE2L2	0.5	B
ETS1	MYOF	0.5	B
ETS1	PHF19	0.5	B
ETS1	PIEZO1	0.5	B
ETS1	PIK3C2B	0.5	B
ETS1	RARG	0.5	B
ETS1	RASA3	0.5	B
ETS1	RBM39	0.5	B
ETS1	RERE	0.5	B
ETS1	RGS3	0.5	B
ETS1	RHOF	0.5	B
ETS1	RIPOR1	0.5	B
ETS1	RNASE4	0.5	B
ETS1	RNF213	0.5	B
ETS1	RNF220	0.5	B
ETS1	RAPGEF1	0.5	B
ETS1	RPL3	0.5	B
ETS1	RSRC2	0.5	B
ETS1	SAP30BP	0.5	B
ETS1	SASH1	0.5	B
ETS1	SEC14L1	0.5	B
ETS1	SEPTIN11	0.5	B
ETS1	SEPTIN9	0.5	B
ETS1	SERTAD2	0.5	B
ETS1	SETD5	0.5	B
ETS1	SGK1	0.5	B
ETS1	SH3BP2	0.5	B
ETS1	RPS6KA2	0.5	B
ETS1	RALGDS	0.5	B
ETS1	RAI14	0.5	B
ETS1	RAI1	0.5	B
ETS1	PKM	0.5	B
ETS1	PLEC	0.5	B
ETS1	PLEKHG5	0.5	B
ETS1	PLEKHO1	0.5	B
ETS1	PLXNA2	0.5	B
ETS1	PLXND1	0.5	B
ETS1	PNPLA6	0.5	B
ETS1	PPP1R13L	0.5	B
ETS1	PPP1R9B	0.5	B
ETS1	PREX1	0.5	B
ETS1	PRKAG2	0.5	B
ETS1	PRKCE	0.5	B
ETS1	PRKCH	0.5	B
ETS1	PRPF31	0.5	B
ETS1	PRRC2B	0.5	B
ETS1	PTBP1	0.5	B
ETS1	PTCH1	0.5	B
ETS1	PTK2	0.5	B
ETS1	PTMA	0.5	B
ETS1	PTPRE	0.5	B
ZNF263	VAV2	0.5	B
ETS1	PXN	0.5	B
ETS1	RAD51B	0.5	B
FOXA1	CADPS2	0.5	B
GATA2	NAALADL2	0.5	B
FOXA1	CALD1	0.5	B
FOXA1	CAST	0.5	B
FOXP1	RAD51B	0.5	B
FOXP1	RAPGEF1	0.5	B
FOXP1	RAPGEF4	0.5	B
FOXP1	RAPGEF5	0.5	B
FOXP1	RBPJ	0.5	B
FOXP1	RBPMS	0.5	B
FOXP1	RERE	0.5	B
FOXP1	RFTN1	0.5	B
FOXP1	RIN2	0.5	B
FOXP1	ROCK1	0.5	B
FOXP1	RABGAP1L	0.5	B
FOXP1	ROR2	0.5	B
RUNX1	FOXP1	0.5	B
FOXP1	RUNX1	0.5	B
FOXP1	SDK2	0.5	B
FOXP1	SEPTIN9	0.5	B
FOXP1	SHANK2	0.5	B
FOXP1	SLC22A23	0.5	B
FOXP1	SMARCC1	0.5	B
FOXP1	SND1	0.5	B
FOXP1	SNX25	0.5	B
FOXP1	SORL1	0.5	B
FOXP1	RPTOR	0.5	B
FOXP1	SPAG9	0.5	B
FOXP1	PTCH1	0.5	B
FOXP1	PRKCB	0.5	B
FOXP1	MPZL1	0.5	B
FOXP1	MSI2	0.5	B
FOXP1	MTA3	0.5	B
FOXP1	NAV2	0.5	B
FOXP1	NCOR2	0.5	B
FOXP1	NPAS3	0.5	B
FOXP1	NRP2	0.5	B
FOXP1	NRXN3	0.5	B
FOXP1	NUP98	0.5	B
FOXP1	PACS1	0.5	B
FOXP1	PRPF31	0.5	B
FOXP1	PARP1	0.5	B
FOXP1	PDS5B	0.5	B
FOXP1	PHLPP1	0.5	B
FOXP1	PHTF2	0.5	B
FOXP1	PIK3R1	0.5	B
FOXP1	PIP4K2A	0.5	B
FOXP1	PLCB1	0.5	B
FOXP1	PMAIP1	0.5	B
FOXP1	POU2F1	0.5	B
FOXP1	PPP1R12A	0.5	B
FOXP1	PREX1	0.5	B
FOXP1	PDE4B	0.5	B
FOXP1	MIPOL1	0.5	B
FOXP1	SPIDR	0.5	B
FOXP1	STAG1	0.5	B
FOXP1	ZFAT	0.5	B
FOXP1	ZFP36L1	0.5	B
FOXP1	ZMYM2	0.5	B
FOXP1	ZNF608	0.5	B
GABPA	CDK13	0.5	B
GATA1	GRAP2	0.5	B
GATA2	ABCC4	0.5	B
GATA2	ABLIM1	0.5	B
GATA2	ACER3	0.5	B
GATA2	ADAMTSL1	0.5	B
FOXP1	ZBTB16	0.5	B
GATA2	ADD3	0.5	B
GATA2	ADGRL2	0.5	B
GATA2	ADGRV1	0.5	B
GATA2	AFF1	0.5	B
GATA2	AFF3	0.5	B
GATA2	AGAP1	0.5	B
GATA2	AHI1	0.5	B
GATA2	AKAP13	0.5	B
GATA2	AKAP6	0.5	B
GATA2	ALCAM	0.5	B
GATA2	ALDH1A2	0.5	B
GATA2	ADGRG6	0.5	B
FOXP1	SSBP2	0.5	B
FOXP1	YPEL3	0.5	B
FOXP1	WNK1	0.5	B
FOXP1	STAG2	0.5	B
STAT1	FOXP1	0.5	B
FOXP1	STAT3	0.5	B
FOXP1	STIM2	0.5	B
FOXP1	SVIL	0.5	B
FOXP1	TBC1D2B	0.5	B
FOXP1	TBXAS1	0.5	B
FOXP1	TCF12	0.5	B
FOXP1	TENM4	0.5	B
FOXP1	THADA	0.5	B
FOXP1	XXYLT1	0.5	B
FOXP1	TPD52	0.5	B
FOXP1	TRAPPC9	0.5	B
FOXP1	TXNRD1	0.5	B
FOXP1	U2SURP	0.5	B
FOXP1	UBE3C	0.5	B
FOXP1	UST	0.5	B
FOXP1	UTRN	0.5	B
FOXP1	VGLL4	0.5	B
FOXP1	VPS13A	0.5	B
FOXP1	VPS13C	0.5	B
FOXP1	VPS41	0.5	B
FOXP1	TPP2	0.5	B
GATA2	AMBRA1	0.5	B
FOXP1	MECOM	0.5	B
FOXP1	MCTP1	0.5	B
FOXP1	AFF3	0.5	B
FOXP1	AGAP1	0.5	B
FOXP1	AMPD3	0.5	B
FOXP1	ANGPT1	0.5	B
FOXP1	ANKRD28	0.5	B
FOXP1	AP3B1	0.5	B
FOXP1	ARHGAP32	0.5	B
FOXP1	ARID1A	0.5	B
FOXP1	ARID5B	0.5	B
FOXP1	AUTS2	0.5	B
FOXP1	AFF1	0.5	B
FOXP1	AZIN1	0.5	B
FOXP1	BCAS3	0.5	B
FOXP1	BIRC6	0.5	B
FOXP1	BNC2	0.5	B
FOXP1	CAB39	0.5	B
FOXP1	CACNA2D3	0.5	B
FOXP1	CADM1	0.5	B
FOXP1	CAMK2D	0.5	B
FOXP1	CASZ1	0.5	B
FOXP1	CDK6	0.5	B
FOXP1	CEP112	0.5	B
FOXP1	BBC3	0.5	B
MITF	DOCK2	0.5	B
FOXP1	ADGRL2	0.5	B
FOXP1	ACSL3	0.5	B
FOS	CD44	0.5	B
ZNF263	SSBP3	0.5	B
ZNF263	SRC	0.5	B
ZNF263	SPSB1	0.5	B
ZNF263	SPEG	0.5	B
ZNF263	SORCS2	0.5	B
FOXM1	FAM83D	0.5	B
ZNF263	MTCL2	0.5	B
ZNF263	SND1	0.5	B
FOXM1	MBP	0.5	B
FOXP1	ACTR3	0.5	B
ZNF263	SMOC2	0.5	B
ZNF263	SMARCD3	0.5	B
FOXO1	ARHGAP10	0.5	B
FOXO1	FYN	0.5	B
FOXO1	OSBPL9	0.5	B
FOXO1	PIP4K2A	0.5	B
ZNF263	SMAD7	0.5	B
ZNF263	SMAD3	0.5	B
ZNF263	SLC9A1	0.5	B
ZNF263	SLC6A6	0.5	B
ZNF263	SLC6A18	0.5	B
FOXM1	PPFIBP2	0.5	B
FOXP1	MCTP2	0.5	B
FOXP1	CHD9	0.5	B
FOXP1	CHN2	0.5	B
FOXP1	GSE1	0.5	B
FOXP1	GTDC1	0.5	B
FOXP1	HECTD1	0.5	B
FOXP1	HIVEP2	0.5	B
FOXP1	IGF1R	0.5	B
FOXP1	ITGA4	0.5	B
FOXP1	ITPR1	0.5	B
FOXP1	JADE2	0.5	B
FOXP1	KDM4C	0.5	B
FOXP1	KIAA1217	0.5	B
FOXP1	GPBP1L1	0.5	B
FOXP1	LAMC1	0.5	B
FOXP1	LIMCH1	0.5	B
FOXP1	LIMS1	0.5	B
FOXP1	LNX1	0.5	B
FOXP1	LRIG1	0.5	B
FOXP1	LSAMP	0.5	B
FOXP1	LTBP1	0.5	B
FOXP1	MAD1L1	0.5	B
FOXP1	MAGI1	0.5	B
FOXP1	MAML3	0.5	B
FOXP1	MAP2	0.5	B
FOXP1	LARGE1	0.5	B
FOXP1	CHN1	0.5	B
FOXP1	GLIS3	0.5	B
GATA3	FOXP1	0.5	B
FOXP1	CLASP2	0.5	B
FOXP1	CREB5	0.5	B
FOXP1	CRYBG1	0.5	B
FOXP1	CUL3	0.5	B
FOXP1	DIP2B	0.5	B
FOXP1	DLGAP1	0.5	B
FOXP1	DOCK4	0.5	B
FOXP1	DST	0.5	B
FOXP1	EFNA5	0.5	B
FOXP1	EGLN3	0.5	B
FOXP1	GBE1	0.5	B
FOXP1	EIF3H	0.5	B
FOXP1	ELF2	0.5	B
FOXP1	EPB41L2	0.5	B
FOXP1	EPRS1	0.5	B
FOXP1	ERC2	0.5	B
FOXP1	FAM13A	0.5	B
FOXP1	FAT1	0.5	B
FOXP1	FCHSD2	0.5	B
FOXP1	FNDC3B	0.5	B
FOXP1	FOCAD	0.5	B
FOXP1	FOXN3	0.5	B
FOXP1	EIF4G3	0.5	B
ZNF263	SSPOP	0.5	B
GATA2	AMPD3	0.5	B
GATA2	ANK3	0.5	B
GATA2	GRB10	0.5	B
GATA2	GRIK2	0.5	B
GATA2	GRM7	0.5	B
GATA2	GSE1	0.5	B
GATA2	GTDC1	0.5	B
RUNX1	ETV6	0.5	B
GATA2	HDAC4	0.5	B
GATA2	HDAC9	0.5	B
GATA2	HERC1	0.5	B
GATA2	HIVEP1	0.5	B
GATA2	GPATCH2	0.5	B
GATA2	HIVEP2	0.5	B
GATA2	HIVEP3	0.5	B
GATA2	HMCN1	0.5	B
GATA2	IGF1R	0.5	B
GATA2	IL1R1	0.5	B
GATA2	IMMP2L	0.5	B
GATA2	INPP4B	0.5	B
GATA2	IQGAP2	0.5	B
GATA2	ITGA8	0.5	B
GATA2	ITPR1	0.5	B
GATA2	ITPR2	0.5	B
ZNF263	SLC22A23	0.5	B
GATA2	ITSN1	0.5	B
GATA2	GNAQ	0.5	B
GATA2	GLIS3	0.5	B
GATA2	FHIT	0.5	B
GATA2	FHOD3	0.5	B
GATA2	FILIP1L	0.5	B
GATA2	FLNB	0.5	B
GATA2	FLT1	0.5	B
GATA2	FNDC3B	0.5	B
GATA2	FNIP2	0.5	B
GATA2	FOCAD	0.5	B
GATA2	FOXJ3	0.5	B
GATA2	FOXN3	0.5	B
GATA2	GMDS	0.5	B
GATA2	FOXP1	0.5	B
GATA2	FRMD4B	0.5	B
GATA2	FRY	0.5	B
GATA2	FRYL	0.5	B
GATA2	FSTL5	0.5	B
GATA2	FTO	0.5	B
GATA2	FYN	0.5	B
GATA2	GABBR2	0.5	B
GATA2	GALNT10	0.5	B
GATA2	GALNT2	0.5	B
GATA2	GLI3	0.5	B
GATA2	FRMD3	0.5	B
GATA2	FGGY	0.5	B
GATA2	JARID2	0.5	B
GATA2	KALRN	0.5	B
GATA2	MAP2	0.5	B
GATA2	MAP4K4	0.5	B
GATA2	MAPKAP1	0.5	B
GATA2	MARCHF3	0.5	B
GATA2	MAST4	0.5	B
GATA2	MBNL1	0.5	B
GATA2	MCC	0.5	B
GATA2	MCF2L2	0.5	B
GATA2	MEF2C	0.5	B
GATA2	MET	0.5	B
GATA2	MAML3	0.5	B
GATA2	MICAL2	0.5	B
GATA2	MIPOL1	0.5	B
GATA2	MITF	0.5	B
GATA2	MLLT3	0.5	B
GATA2	MRPS27	0.5	B
GATA2	MSI2	0.5	B
GATA2	MTHFD1L	0.5	B
GATA2	MTSS1	0.5	B
GATA2	MYCBP2	0.5	B
GATA2	MYLK	0.5	B
GATA2	MYO1B	0.5	B
GATA2	MID1	0.5	B
GATA2	JMJD1C	0.5	B
GATA2	MAGI1	0.5	B
GATA2	MACROD2	0.5	B
GATA2	KAT6B	0.5	B
GATA2	KAZN	0.5	B
GATA2	KCNK1	0.5	B
GATA2	KCNMA1	0.5	B
GATA2	KCNMB2	0.5	B
GATA2	KDM4C	0.5	B
GATA2	KDM6A	0.5	B
GATA2	KIAA1217	0.5	B
GATA2	LARGE1	0.5	B
GATA2	LDB2	0.5	B
GATA2	MAD1L1	0.5	B
GATA2	LHFPL2	0.5	B
GATA2	LMBR1	0.5	B
GATA2	LPP	0.5	B
GATA2	LRBA	0.5	B
GATA2	LRCH1	0.5	B
GATA2	LRIG1	0.5	B
GATA2	LRP1B	0.5	B
GATA2	LSAMP	0.5	B
GATA2	LTBP1	0.5	B
GATA2	LUZP2	0.5	B
GATA2	MACF1	0.5	B
GATA2	LIMCH1	0.5	B
GATA2	ANGPT1	0.5	B
GATA2	FBXW11	0.5	B
GATA2	ARB2A	0.5	B
GATA2	CAST	0.5	B
GATA2	CBLB	0.5	B
GATA2	CCDC91	0.5	B
ZNF263	SLC38A10	0.5	B
GATA2	CCNY	0.5	B
GATA2	CCSER1	0.5	B
GATA2	CD34	0.5	B
GATA2	CDC42BPA	0.5	B
GATA2	CDH18	0.5	B
GATA2	CDK14	0.5	B
GATA2	CALD1	0.5	B
GATA2	CDKAL1	0.5	B
GATA2	CEMIP2	0.5	B
GATA2	CEP128	0.5	B
GATA2	CHN2	0.5	B
GATA2	CLEC16A	0.5	B
GATA2	CNBD1	0.5	B
GATA2	CNIH3	0.5	B
GATA2	CNTN3	0.5	B
GATA2	COL14A1	0.5	B
GATA2	COL25A1	0.5	B
GATA2	CPEB4	0.5	B
GATA2	CDYL	0.5	B
GATA2	CRADD	0.5	B
GATA2	CACHD1	0.5	B
GATA2	BMPR1B	0.5	B
GATA2	ANKFN1	0.5	B
GATA2	ANKRD28	0.5	B
GATA2	ANKS1B	0.5	B
GATA2	ANO6	0.5	B
GATA2	APP	0.5	B
GATA2	ARHGAP10	0.5	B
GATA2	ARHGAP15	0.5	B
ZNF263	SLC66A1	0.5	B
GATA2	ARHGAP24	0.5	B
GATA2	ARHGAP26	0.5	B
GATA2	BNC2	0.5	B
GATA2	ARHGAP32	0.5	B
GATA2	ARHGAP6	0.5	B
GATA2	ARHGEF3	0.5	B
GATA2	ARID1B	0.5	B
GATA2	ARID5B	0.5	B
GATA2	ASAP1	0.5	B
GATA2	ATP8B4	0.5	B
GATA2	AUTS2	0.5	B
GATA2	BCAR3	0.5	B
GATA2	BCAS3	0.5	B
GATA2	BCOR	0.5	B
GATA2	ARHGAP42	0.5	B
GATA2	FBXL17	0.5	B
GATA2	CREB5	0.5	B
GATA2	CTBS	0.5	B
GATA2	EFHC1	0.5	B
GATA2	EFNA5	0.5	B
GATA2	EGFR	0.5	B
GATA2	EGLN3	0.5	B
GATA2	EHF	0.5	B
GATA2	EIF3H	0.5	B
GATA2	ELAPOR2	0.5	B
ZNF263	SLC25A10	0.5	B
GATA2	ENAH	0.5	B
GATA2	EPB41L2	0.5	B
GATA2	DYRK1A	0.5	B
GATA2	EPS8	0.5	B
GATA2	ERC1	0.5	B
GATA2	ERC2	0.5	B
GATA2	ETV6	0.5	B
GATA2	EVL	0.5	B
GATA2	EXOC4	0.5	B
GATA2	EXOC6	0.5	B
GATA2	EXT1	0.5	B
GATA2	FAF1	0.5	B
GATA2	FAM13A	0.5	B
GATA2	FAM171A1	0.5	B
GATA2	ERBB4	0.5	B
GATA2	CSGALNACT1	0.5	B
GATA2	DYNC2H1	0.5	B
GATA2	DUSP10	0.5	B
GATA2	CTNNA1	0.5	B
GATA2	CUBN	0.5	B
GATA2	CUX1	0.5	B
GATA2	DAAM1	0.5	B
GATA2	DENND1A	0.5	B
GATA2	DENND1B	0.5	B
GATA2	DGKB	0.5	B
GATA2	DIPK2B	0.5	B
GATA2	DIS3L2	0.5	B
GATA2	DLC1	0.5	B
GATA2	DYM	0.5	B
GATA2	DLEU1	0.5	B
GATA2	DLG2	0.5	B
GATA2	DNAH11	0.5	B
GATA2	DOCK10	0.5	B
GATA2	DOCK4	0.5	B
GATA2	DOCK5	0.5	B
GATA2	DPYD	0.5	B
GATA2	DST	0.5	B
GATA2	DTNA	0.5	B
GATA2	DTNB	0.5	B
GATA2	DTNBP1	0.5	B
GATA2	DLG1	0.5	B
FOXJ2	SUN1	0.5	B
ZNF263	STK32C	0.5	B
FOXA2	WWC1	0.5	B
FOXA1	ICA1	0.5	B
FOXA1	IGF1R	0.5	B
FOXA1	IL1R1	0.5	B
FOXA1	IMMP2L	0.5	B
FOXA1	INPP4B	0.5	B
FOXA1	IQGAP2	0.5	B
FOXA1	ITPR1	0.5	B
FOXA1	ITPR2	0.5	B
FOXA1	ITSN1	0.5	B
FOXA1	JARID2	0.5	B
FOXA1	HMCN1	0.5	B
FOXA1	JAZF1	0.5	B
FOXA1	KALRN	0.5	B
FOXA1	KAT6B	0.5	B
FOXA1	KCNMA1	0.5	B
FOXA1	KCNMB2	0.5	B
FOXA1	KDM4C	0.5	B
FOXA1	KDM6A	0.5	B
FOXA1	KIAA1217	0.5	B
FOXA1	KIAA1328	0.5	B
FOXA1	KIF12	0.5	B
FOXA1	KIF21A	0.5	B
FOXA1	JMJD1C	0.5	B
FOXA1	KTN1	0.5	B
FOXA1	HIVEP3	0.5	B
FOXA1	HERC1	0.5	B
FOXA1	FUT8	0.5	B
ZNF263	SYNJ2	0.5	B
FOXA1	GALNTL6	0.5	B
FOXA1	GHR	0.5	B
FOXA1	GLI3	0.5	B
FOXA1	GLIS3	0.5	B
FOXA1	GMDS	0.5	B
FOXA1	GNAQ	0.5	B
FOXA1	GPATCH2	0.5	B
FOXA1	GPD2	0.5	B
FOXA1	HIVEP2	0.5	B
FOXA1	GRAMD2B	0.5	B
FOXA1	GRHL2	0.5	B
FOXA1	GRID2	0.5	B
FOXA1	GRIK2	0.5	B
FOXA1	GRIP1	0.5	B
FOXA1	GRM7	0.5	B
FOXA1	GSE1	0.5	B
FOXA1	GTDC1	0.5	B
FOXA1	GULP1	0.5	B
FOXA1	HDAC4	0.5	B
FOXA1	HDAC9	0.5	B
FOXA1	GRB10	0.5	B
FOXA1	FTO	0.5	B
FOXA1	LARGE1	0.5	B
FOXA1	LIMCH1	0.5	B
FOXA1	MED13L	0.5	B
FOXA1	MEF2C	0.5	B
FOXA1	MET	0.5	B
FOXA1	MGAT4C	0.5	B
FOXA1	MID1	0.5	B
FOXA1	MIPEP	0.5	B
FOXA1	MIPOL1	0.5	B
FOXA1	MITF	0.5	B
FOXA1	MLLT3	0.5	B
FOXA1	MSI2	0.5	B
FOXA1	MECOM	0.5	B
FOXA1	MTUS1	0.5	B
FOXA1	MYCBP2	0.5	B
FOXA1	MYO1B	0.5	B
FOXA1	MYRIP	0.5	B
FOXA1	NAALADL2	0.5	B
FOXA1	NAV2	0.5	B
FOXA1	NAV3	0.5	B
FOXA1	NBAS	0.5	B
FOXA1	NBEA	0.5	B
FOXA1	NCALD	0.5	B
FOXA1	NCAM2	0.5	B
ZNF263	STX1A	0.5	B
FOXA1	LHFPL2	0.5	B
FOXA1	MCTP1	0.5	B
FOXA1	MBNL1	0.5	B
FOXA1	LMBR1	0.5	B
FOXA1	LMO7	0.5	B
FOXA1	LNX1	0.5	B
FOXA1	LPP	0.5	B
FOXA1	LRBA	0.5	B
FOXA1	LRCH1	0.5	B
FOXA1	LRIG1	0.5	B
FOXA1	LRP1B	0.5	B
FOXA1	LSAMP	0.5	B
FOXA1	LTBP1	0.5	B
FOXA1	MCF2L2	0.5	B
FOXA1	LUZP2	0.5	B
FOXA1	MACROD2	0.5	B
FOXA1	MAD1L1	0.5	B
FOXA1	MAGI1	0.5	B
FOXA1	MAML3	0.5	B
FOXA1	MAP2	0.5	B
FOXA1	MAP4K4	0.5	B
FOXA1	MAPK10	0.5	B
FOXA1	MAPKAP1	0.5	B
FOXA1	MAST4	0.5	B
FOXA1	MBD5	0.5	B
FOXA1	MACF1	0.5	B
FOXA1	NCOA2	0.5	B
FOXA1	FSTL5	0.5	B
FOXA1	FRYL	0.5	B
FOXA1	CRIM1	0.5	B
FOXA1	CSGALNACT1	0.5	B
FOXA1	CTNNA1	0.5	B
FOXA1	CTNND2	0.5	B
FOXA1	CYP2C18	0.5	B
ZNF263	TACC2	0.5	B
FOXA1	DAAM1	0.5	B
FOXA1	DCLK1	0.5	B
FOXA1	DENND1A	0.5	B
FOXA1	DENND1B	0.5	B
FOXA1	CREB5	0.5	B
FOXA1	DGKB	0.5	B
FOXA1	DIP2C	0.5	B
FOXA1	DLEU1	0.5	B
FOXA1	DLG1	0.5	B
FOXA1	DLG2	0.5	B
FOXA1	DNAH11	0.5	B
FOXA1	DOCK10	0.5	B
FOXA1	DOCK4	0.5	B
FOXA1	DOCK5	0.5	B
FOXA1	DPYD	0.5	B
FOXA1	DST	0.5	B
FOXA1	DIO2	0.5	B
FOXA1	DTNA	0.5	B
FOXA1	CPNE4	0.5	B
FOXA1	COL28A1	0.5	B
FOXA1	CASZ1	0.5	B
FOXA1	CBFA2T2	0.5	B
FOXA1	CBLB	0.5	B
FOXA1	CCDC91	0.5	B
FOXA1	CCSER1	0.5	B
FOXA1	CD36	0.5	B
FOXA1	CDH18	0.5	B
FOXA1	CDK14	0.5	B
FOXA1	CDK5RAP2	0.5	B
FOXA1	CDKAL1	0.5	B
ZNF263	TACC3	0.5	B
FOXA1	CDS1	0.5	B
FOXA1	CEP112	0.5	B
FOXA1	CEP128	0.5	B
FOXA1	CHN2	0.5	B
FOXA1	CLASP1	0.5	B
FOXA1	CNBD1	0.5	B
FOXA1	CNTN5	0.5	B
FOXA1	CNTNAP2	0.5	B
FOXA1	COBL	0.5	B
FOXA1	COL14A1	0.5	B
FOXA1	COL21A1	0.5	B
FOXA1	CEMIP2	0.5	B
FOXA1	FSIP1	0.5	B
FOXA1	DYM	0.5	B
FOXA1	DYRK1A	0.5	B
FOXA1	FAM13A	0.5	B
FOXA1	ARB2A	0.5	B
FOXA1	ATOSA	0.5	B
FOXA1	FAT1	0.5	B
FOXA1	FBXL17	0.5	B
FOXA1	FBXW11	0.5	B
FOXA1	FERMT2	0.5	B
FOXA1	FGF12	0.5	B
FOXA1	FGFR2	0.5	B
FOXA1	FGGY	0.5	B
FOXA1	EYA2	0.5	B
FOXA1	FHIT	0.5	B
FOXA1	FIGN	0.5	B
FOXA1	FILIP1L	0.5	B
FOXA1	FLNB	0.5	B
FOXA1	FNDC3B	0.5	B
FOXA1	FOCAD	0.5	B
FOXA1	FOXN3	0.5	B
FOXA1	FOXP1	0.5	B
FOXA1	FOXP2	0.5	B
FOXA1	FRMD4B	0.5	B
FOXA1	FRY	0.5	B
FOXA1	FHOD3	0.5	B
FOXA1	DYNC2H1	0.5	B
FOXA1	EXT1	0.5	B
FOXA1	EXOC6	0.5	B
FOXA1	EEFSEC	0.5	B
FOXA1	EFNA5	0.5	B
FOXA1	EGFR	0.5	B
FOXA1	EGLN3	0.5	B
FOXA1	EHF	0.5	B
FOXA1	EIF3H	0.5	B
FOXA1	ELAPOR2	0.5	B
FOXA1	EMCN	0.5	B
FOXA1	ENAH	0.5	B
FOXA1	EPB41L2	0.5	B
FOXA1	EXOC6B	0.5	B
FOXA1	EPHA6	0.5	B
ZNF263	SYNPO	0.5	B
FOXA1	ERBB4	0.5	B
FOXA1	ERC1	0.5	B
FOXA1	ERC2	0.5	B
FOXA1	ERG	0.5	B
FOXA1	ESRP1	0.5	B
FOXA1	ESRRG	0.5	B
FOXA1	ETV6	0.5	B
FOXA1	EVL	0.5	B
FOXA1	EXOC4	0.5	B
FOXA1	EPS8	0.5	B
FOXA1	NDUFAF6	0.5	B
FOXA1	NEDD4L	0.5	B
FOXA1	NEDD9	0.5	B
FOXA1	ST7	0.5	B
FOXA1	STAG1	0.5	B
FOXA1	STARD13	0.5	B
FOXA1	STK3	0.5	B
FOXA1	STXBP6	0.5	B
FOXA1	SVIL	0.5	B
FOXA1	SYBU	0.5	B
FOXA1	SYNE1	0.5	B
FOXA1	SYNE2	0.5	B
FOXA1	SYT1	0.5	B
FOXA1	ST18	0.5	B
FOXA1	TACC2	0.5	B
FOXA1	TAOK3	0.5	B
FOXA1	TBC1D1	0.5	B
FOXA1	TBC1D5	0.5	B
FOXA1	TBC1D8	0.5	B
FOXA1	TBL1XR1	0.5	B
FOXA1	TCF12	0.5	B
FOXA1	TEAD1	0.5	B
FOXA1	TENM4	0.5	B
FOXA1	TFPI	0.5	B
FOXA1	TGFBR3	0.5	B
FOXA1	TANK	0.5	B
FOXA1	THADA	0.5	B
FOXA1	SSBP2	0.5	B
FOXA1	SPRED2	0.5	B
FOXA1	SIL1	0.5	B
FOXA1	SIPA1L1	0.5	B
FOXA1	SIPA1L2	0.5	B
FOXA1	SKAP2	0.5	B
FOXA1	SLC22A23	0.5	B
FOXA1	SLC38A1	0.5	B
FOXA1	SLC38A9	0.5	B
FOXA1	SLC44A1	0.5	B
FOXA1	SLC8A1	0.5	B
FOXA1	SLX4IP	0.5	B
FOXA1	SPTBN1	0.5	B
FOXA1	SMCHD1	0.5	B
FOXA1	SND1	0.5	B
FOXA1	SORBS1	0.5	B
FOXA1	SORBS2	0.5	B
FOXA1	SOX5	0.5	B
FOXA1	SOX6	0.5	B
FOXA1	SOX9	0.5	B
FOXA1	SPAG17	0.5	B
FOXA1	SPATS2L	0.5	B
FOXA1	SPIDR	0.5	B
FOXA1	SPOCK1	0.5	B
FOXA1	SMYD3	0.5	B
FOXA1	SIK3	0.5	B
FOXA1	THSD4	0.5	B
FOXA1	TIAM1	0.5	B
FOXA1	UST	0.5	B
FOXA1	UTRN	0.5	B
FOXA1	UVRAG	0.5	B
FOXA1	VAV3	0.5	B
FOXA1	VGLL4	0.5	B
FOXA1	VMP1	0.5	B
FOXA1	VPS13B	0.5	B
FOXA1	VPS13D	0.5	B
FOXA1	WDFY3	0.5	B
FOXA1	WWC1	0.5	B
FOXA1	USP25	0.5	B
FOXA1	WWC2	0.5	B
FOXA1	ZBTB20	0.5	B
FOXA1	ZFAND3	0.5	B
FOXA1	ZFPM2	0.5	B
FOXA1	ZMIZ1	0.5	B
FOXA1	ZMYND8	0.5	B
FOXA1	ZNF385B	0.5	B
FOXA1	ZNF385D	0.5	B
FOXA1	ZNF407	0.5	B
FOXA1	ZNF608	0.5	B
FOXA1	ZPLD1	0.5	B
FOXA1	ZBTB16	0.5	B
FOXA1	THSD7A	0.5	B
FOXA1	USP10	0.5	B
FOXA1	UBR5	0.5	B
FOXA1	TIAM2	0.5	B
FOXA1	TLE1	0.5	B
FOXA1	TLE3	0.5	B
FOXA1	TLK1	0.5	B
FOXA1	TLN2	0.5	B
FOXA1	TMC1	0.5	B
FOXA1	TMTC2	0.5	B
FOXA1	TNS3	0.5	B
FOXA1	TPD52L1	0.5	B
FOXA1	TP63	0.5	B
FOXA1	UNC5C	0.5	B
FOXA1	TPD52	0.5	B
FOXA1	TPRG1	0.5	B
FOXA1	TRAPPC9	0.5	B
FOXA1	TRIO	0.5	B
FOXA1	TRIP12	0.5	B
FOXA1	TRPS1	0.5	B
FOXA1	TSC22D2	0.5	B
FOXA1	TSPAN8	0.5	B
FOXA1	TTC6	0.5	B
FOXA1	TUSC3	0.5	B
FOXA1	TXNRD1	0.5	B
FOXA1	TPK1	0.5	B
FOXA1	SHROOM3	0.5	B
FOXA1	SHANK2	0.5	B
FOXA1	SH3RF1	0.5	B
FOXA1	PAPSS1	0.5	B
FOXA1	PARD3	0.5	B
FOXA1	PARD3B	0.5	B
FOXA1	PAWR	0.5	B
FOXA1	PBX1	0.5	B
FOXA1	PBX3	0.5	B
FOXA1	PCLO	0.5	B
FOXA1	PCNX1	0.5	B
FOXA1	PDE4B	0.5	B
FOXA1	PDE4D	0.5	B
FOXA1	PAPPA2	0.5	B
FOXA1	PDE8B	0.5	B
FOXA1	PDS5B	0.5	B
FOXA1	PDZRN3	0.5	B
FOXA1	PHACTR1	0.5	B
FOXA1	PHACTR2	0.5	B
FOXA1	PHLDB2	0.5	B
FOXA1	PHLPP1	0.5	B
FOXA1	PIAS1	0.5	B
FOXA1	PIEZO2	0.5	B
FOXA1	PIP4K2A	0.5	B
FOXA1	PKIB	0.5	B
FOXA1	PDLIM5	0.5	B
FOXA1	PKP4	0.5	B
FOXA1	PAM	0.5	B
FOXA1	PACS1	0.5	B
FOXA1	NEK10	0.5	B
FOXA1	NEK7	0.5	B
FOXA1	NFIA	0.5	B
FOXA1	NFIB	0.5	B
FOXA1	NIBAN1	0.5	B
FOXA1	NIPBL	0.5	B
FOXA1	NLGN1	0.5	B
FOXA1	NPAS3	0.5	B
FOXA1	NR3C2	0.5	B
FOXA1	NRCAM	0.5	B
FOXA1	PAG1	0.5	B
FOXA1	NRG3	0.5	B
FOXA1	NRP1	0.5	B
FOXA1	NRXN1	0.5	B
FOXA1	NRXN3	0.5	B
FOXA1	NUMB	0.5	B
FOXA1	NXPH1	0.5	B
FOXA1	OFCC1	0.5	B
FOXA1	OSBPL10	0.5	B
FOXA1	OSBPL8	0.5	B
FOXA1	OSBPL9	0.5	B
FOXA1	P3H2	0.5	B
FOXA1	NRG4	0.5	B
FOXA1	PLCB1	0.5	B
FOXA1	PLCB4	0.5	B
FOXA1	PLD1	0.5	B
FOXA1	RASEF	0.5	B
FOXA1	RBM47	0.5	B
FOXA1	RBMS1	0.5	B
FOXA1	RBMS3	0.5	B
FOXA1	RBPJ	0.5	B
FOXA1	RBPMS	0.5	B
FOXA1	RELN	0.5	B
FOXA1	RERE	0.5	B
FOXA1	RFX3	0.5	B
FOXA1	RGS6	0.5	B
FOXA1	RASAL2	0.5	B
FOXA1	RIMS1	0.5	B
FOXA1	RNF43	0.5	B
FOXA1	ROBO1	0.5	B
FOXA1	RPS6KC1	0.5	B
FOXA1	RUNX1	0.5	B
FOXA1	SAMD4A	0.5	B
FOXA1	SASH1	0.5	B
FOXA1	SBF2	0.5	B
FOXA1	SCAPER	0.5	B
FOXA1	SEMA3A	0.5	B
FOXA1	SEMA3C	0.5	B
FOXA1	RIMS2	0.5	B
FOXA1	RAPGEF5	0.5	B
FOXA1	RAPGEF4	0.5	B
FOXA1	RALGAPA2	0.5	B
FOXA1	PLXNA2	0.5	B
FOXA1	POU2F1	0.5	B
FOXA1	PPFIA2	0.5	B
FOXA1	PPFIBP2	0.5	B
FOXA1	PPP1R12A	0.5	B
FOXA1	PPP3CA	0.5	B
FOXA1	PREX1	0.5	B
FOXA1	PRICKLE2	0.5	B
FOXA1	PRKAG2	0.5	B
FOXA1	PRKCE	0.5	B
FOXA1	PRKCH	0.5	B
FOXA1	PRKD1	0.5	B
FOXA1	PRLR	0.5	B
FOXA1	PRR15L	0.5	B
FOXA1	PRUNE2	0.5	B
FOXA1	PSD3	0.5	B
FOXA1	PTK2	0.5	B
FOXA1	PTPN4	0.5	B
FOXA1	PTPRM	0.5	B
FOXA1	PTPRR	0.5	B
FOXA1	RABGAP1L	0.5	B
FOXA1	RAD51B	0.5	B
FOXA1	RALGAPA1	0.5	B
FOXA1	CAMK2D	0.5	B
MITF	DOCK4	0.5	B
ZNF263	KCNN3	0.5	B
MITF	DST	0.5	B
TAL1	NLK	0.5	B
TAL1	NME7	0.5	B
TAL1	NPAS3	0.5	B
TAL1	NRCAM	0.5	B
TAL1	NRG1	0.5	B
TAL1	NRP2	0.5	B
TAL1	NRXN1	0.5	B
TAL1	PACSIN2	0.5	B
TAL1	PALM2AKAP2	0.5	B
TAL1	PAM	0.5	B
TAL1	PARD3B	0.5	B
TAL1	PARVB	0.5	B
TAL1	PDE4B	0.5	B
TAL1	PDE4D	0.5	B
TAL1	PHACTR1	0.5	B
TAL1	PHLPP1	0.5	B
TAL1	PIK3C2B	0.5	B
TAL1	PIK3R1	0.5	B
TAL1	PIP4K2A	0.5	B
TAL1	PITPNM2	0.5	B
TAL1	PLA2G6	0.5	B
TAL1	NFIB	0.5	B
TAL1	NFIA	0.5	B
TAL1	NEK7	0.5	B
TAL1	NEK6	0.5	B
TAL1	MAML3	0.5	B
TAL1	MAP3K5	0.5	B
TAL1	MAST4	0.5	B
TAL1	MBD5	0.5	B
TAL1	MBNL1	0.5	B
TAL1	MBP	0.5	B
TAL1	MCF2L2	0.5	B
TAL1	MCTP1	0.5	B
TAL1	MECOM	0.5	B
TAL1	MGLL	0.5	B
TAL1	PLCB1	0.5	B
TAL1	MIDEAS	0.5	B
TAL1	MRPS27	0.5	B
TAL1	MSI2	0.5	B
TAL1	MSN	0.5	B
TAL1	MTSS1	0.5	B
TAL1	MYCBP2	0.5	B
TAL1	MYLK	0.5	B
TAL1	MYOF	0.5	B
TAL1	NAV2	0.5	B
TAL1	NCOR2	0.5	B
TAL1	NEDD9	0.5	B
TAL1	MRPS22	0.5	B
TAL1	PLCL2	0.5	B
TAL1	PLEKHA7	0.5	B
TAL1	PREX1	0.5	B
TAL1	RTTN	0.5	B
TAL1	RYR3	0.5	B
TAL1	SASH1	0.5	B
TAL1	SBF2	0.5	B
TAL1	SEPTIN9	0.5	B
TAL1	SERINC5	0.5	B
TAL1	SH3BP5	0.5	B
TAL1	SH3KBP1	0.5	B
TAL1	SH3TC1	0.5	B
TAL1	SIK3	0.5	B
TAL1	RTN4	0.5	B
TAL1	SIL1	0.5	B
TAL1	SLC37A1	0.5	B
TAL1	SLC9A1	0.5	B
TAL1	SLX4IP	0.5	B
TAL1	SMAD3	0.5	B
TAL1	SMG6	0.5	B
TAL1	SMOX	0.5	B
TAL1	SMYD3	0.5	B
TAL1	SND1	0.5	B
TAL1	SORBS1	0.5	B
TAL1	SPRY1	0.5	B
TAL1	SIPA1L2	0.5	B
TAL1	MACF1	0.5	B
TAL1	RREB1	0.5	B
TAL1	RPS6KA2	0.5	B
TAL1	PRKAG2	0.5	B
TAL1	PRKAR2B	0.5	B
TAL1	PRKCB	0.5	B
TAL1	PRKCE	0.5	B
TAL1	PRKCH	0.5	B
TAL1	PRR5L	0.5	B
TAL1	PRUNE2	0.5	B
TAL1	PTK2	0.5	B
TAL1	PTPRE	0.5	B
TAL1	PTPRM	0.5	B
TAL1	RPTOR	0.5	B
TAL1	RAB27B	0.5	B
TAL1	RAP1GAP2	0.5	B
TAL1	RAPGEF1	0.5	B
TAL1	RAPGEF2	0.5	B
TAL1	RBMS1	0.5	B
TAL1	RBMS3	0.5	B
TAL1	RERE	0.5	B
TAL1	RGS6	0.5	B
TAL1	RIN3	0.5	B
TAL1	RNF217	0.5	B
TAL1	RNF220	0.5	B
TAL1	RAD51B	0.5	B
TAL1	LYN	0.5	B
TAL1	LTBP1	0.5	B
TAL1	LRRFIP1	0.5	B
TAL1	DDX60L	0.5	B
TAL1	DENND1A	0.5	B
TAL1	DENND3	0.5	B
TAL1	DIS3L2	0.5	B
TAL1	DMD	0.5	B
TAL1	DNAJB12	0.5	B
TAL1	DNAJC6	0.5	B
TAL1	DOCK10	0.5	B
TAL1	DOCK2	0.5	B
TAL1	DST	0.5	B
TAL1	DAPK1	0.5	B
TAL1	DUSP10	0.5	B
TAL1	EMCN	0.5	B
TAL1	EPAS1	0.5	B
TAL1	EPS15L1	0.5	B
TAL1	ERC1	0.5	B
TAL1	ERGIC1	0.5	B
TAL1	ETV6	0.5	B
TAL1	EVL	0.5	B
TAL1	FAM107B	0.5	B
TAL1	FAM117A	0.5	B
TAL1	FAM13A	0.5	B
TAL1	EGLN3	0.5	B
TAL1	FBXW11	0.5	B
TAL1	DAAM1	0.5	B
TAL1	CUX1	0.5	B
TAL1	CBLB	0.5	B
TAL1	CCDC88C	0.5	B
TAL1	CCDC91	0.5	B
TAL1	CCND3	0.5	B
TAL1	CDC42SE2	0.5	B
TAL1	CDK5RAP2	0.5	B
TAL1	CDK6	0.5	B
TAL1	CDKAL1	0.5	B
TAL1	CDYL	0.5	B
TAL1	CEMIP2	0.5	B
TAL1	CYTH1	0.5	B
TAL1	CHD9	0.5	B
TAL1	CLEC16A	0.5	B
TAL1	CNIH3	0.5	B
TAL1	CNKSR3	0.5	B
TAL1	COL25A1	0.5	B
TAL1	CORO1C	0.5	B
TAL1	CREB3L2	0.5	B
TAL1	CRIM1	0.5	B
TAL1	CTIF	0.5	B
TAL1	CTNNBL1	0.5	B
TAL1	CUBN	0.5	B
TAL1	CHN2	0.5	B
TAL1	SPTBN1	0.5	B
TAL1	FCHSD2	0.5	B
TAL1	FGGY	0.5	B
TAL1	INPP4B	0.5	B
TAL1	IQGAP2	0.5	B
TAL1	ITGB5	0.5	B
TAL1	ITPR1	0.5	B
TAL1	ITPR2	0.5	B
TAL1	JARID2	0.5	B
TAL1	JCAD	0.5	B
TAL1	KALRN	0.5	B
TAL1	KCNMA1	0.5	B
TAL1	KCNMB2	0.5	B
TAL1	IL1R1	0.5	B
TAL1	KDM4B	0.5	B
TAL1	KIAA1217	0.5	B
TAL1	KSR1	0.5	B
TAL1	LDLRAD4	0.5	B
TAL1	LHFPL2	0.5	B
TAL1	LIMCH1	0.5	B
TAL1	LIMD1	0.5	B
TAL1	LIMS1	0.5	B
TAL1	LINC00299	0.5	B
TAL1	LPP	0.5	B
TAL1	LRCH1	0.5	B
TAL1	KDM4C	0.5	B
TAL1	FGD4	0.5	B
TAL1	IER5	0.5	B
TAL1	HIVEP3	0.5	B
TAL1	FHL2	0.5	B
TAL1	FNIP2	0.5	B
TAL1	FOXN3	0.5	B
TAL1	FOXP1	0.5	B
TAL1	FRMD4A	0.5	B
TAL1	FRMD4B	0.5	B
TAL1	FRYL	0.5	B
TAL1	GALNT2	0.5	B
TAL1	GALNT6	0.5	B
TAL1	GFOD1	0.5	B
TAL1	HPCAL1	0.5	B
TAL1	GMDS	0.5	B
TAL1	GNAQ	0.5	B
TAL1	GRAMD4	0.5	B
TAL1	GRB10	0.5	B
TAL1	GRM7	0.5	B
TAL1	GSE1	0.5	B
TAL1	GTDC1	0.5	B
TAL1	HBS1L	0.5	B
TAL1	HDAC9	0.5	B
TAL1	HERC1	0.5	B
TAL1	HIVEP2	0.5	B
TAL1	GNA12	0.5	B
TAL1	SSBP2	0.5	B
TAL1	ST3GAL1	0.5	B
TAL1	STARD13	0.5	B
TFAP2C	ANKRD11	0.5	B
TFAP2C	ANO6	0.5	B
TFAP2C	APBB2	0.5	B
TFAP2C	ARFGEF2	0.5	B
TFAP2C	ARHGAP22	0.5	B
TFAP2C	ARHGAP26	0.5	B
TFAP2C	ARHGEF10L	0.5	B
TFAP2C	ARHGEF3	0.5	B
TFAP2C	ARHGEF4	0.5	B
TFAP2C	ARID1B	0.5	B
TFAP2C	ANKFN1	0.5	B
TFAP2C	ARID5B	0.5	B
TFAP2C	ARSG	0.5	B
TFAP2C	ASAP1	0.5	B
TFAP2C	ASAP2	0.5	B
TFAP2C	ASCC2	0.5	B
TFAP2C	ATP2B2	0.5	B
TFAP2C	ATP2B4	0.5	B
TFAP2C	ATP2C2	0.5	B
TFAP2C	ATP9A	0.5	B
TFAP2C	ATXN7L1	0.5	B
TFAP2C	AUTS2	0.5	B
TFAP2C	ARRB1	0.5	B
TFAP2C	AXIN2	0.5	B
TFAP2C	ANK3	0.5	B
TFAP2C	AHNAK	0.5	B
TFAP2A	HK2	0.5	B
TFAP2A	HSPB1	0.5	B
TFAP2A	IGF1R	0.5	B
TFAP2A	ITPR1	0.5	B
TFAP2A	JUP	0.5	B
TFAP2A	LAMB1	0.5	B
TFAP2A	MYB	0.5	B
TFAP2A	PPL	0.5	B
TFAP2A	SLC25A21	0.5	B
TFAP2C	ABCA4	0.5	B
TFAP2C	AKAP6	0.5	B
TFAP2C	ABCG1	0.5	B
TFAP2C	ACOT7	0.5	B
TFAP2C	ACTN4	0.5	B
TFAP2C	ADAMTS17	0.5	B
TFAP2C	ADCY5	0.5	B
TFAP2C	ADGRB1	0.5	B
TFAP2C	ADORA1	0.5	B
TFAP2C	AFAP1	0.5	B
TFAP2C	AGAP1	0.5	B
TFAP2C	AGPAT3	0.5	B
TFAP2C	AHDC1	0.5	B
TFAP2C	ABLIM2	0.5	B
TFAP2A	GCLC	0.5	B
TFAP2C	BAIAP2	0.5	B
TFAP2C	BCAR3	0.5	B
TFAP2C	CDYL	0.5	B
TFAP2C	CELSR1	0.5	B
TFAP2C	CEP112	0.5	B
TFAP2C	CFAP46	0.5	B
TFAP2C	CHCHD6	0.5	B
TFAP2C	CHN2	0.5	B
TFAP2C	CHST15	0.5	B
TFAP2C	CLEC16A	0.5	B
TFAP2C	CLIP2	0.5	B
TFAP2C	CLMN	0.5	B
TFAP2C	CDK6	0.5	B
TFAP2C	CNIH3	0.5	B
TFAP2C	COL22A1	0.5	B
TFAP2C	COL23A1	0.5	B
TFAP2C	COL27A1	0.5	B
TFAP2C	COL4A2	0.5	B
TFAP2C	COL5A1	0.5	B
TFAP2C	CPNE5	0.5	B
TFAP2C	CREB5	0.5	B
TFAP2C	CREBBP	0.5	B
TFAP2C	CRISPLD2	0.5	B
TFAP2C	CRTC1	0.5	B
TFAP2C	COBL	0.5	B
TFAP2C	BCAR1	0.5	B
TFAP2C	CDK5RAP2	0.5	B
TFAP2C	CDH23	0.5	B
TFAP2C	BCAS1	0.5	B
TFAP2C	BCAS3	0.5	B
TFAP2C	BCOR	0.5	B
TFAP2C	BMP7	0.5	B
TFAP2C	BMPER	0.5	B
TFAP2C	BNC1	0.5	B
TFAP2C	BRD4	0.5	B
TFAP2C	BRF1	0.5	B
TFAP2C	BRIP1	0.5	B
TFAP2C	CABLES1	0.5	B
TFAP2C	CDHR3	0.5	B
TFAP2C	CACNA1A	0.5	B
TFAP2C	CACNA1D	0.5	B
TFAP2C	CACNA1I	0.5	B
TFAP2C	CAMK2B	0.5	B
TFAP2C	CAPN2	0.5	B
TFAP2C	CAPN8	0.5	B
TFAP2C	CASZ1	0.5	B
TFAP2C	CCDC57	0.5	B
TFAP2C	CCDC85C	0.5	B
TFAP2C	CCDC88C	0.5	B
TFAP2C	CDH22	0.5	B
TFAP2C	CACNA1C	0.5	B
TAL1	CAST	0.5	B
TEAD2	RIN3	0.5	B
TEAD1	TACC1	0.5	B
TAL1	TLE4	0.5	B
TAL1	TLK1	0.5	B
TAL1	TMEM131L	0.5	B
TAL1	TMEM163	0.5	B
TAL1	TMEM164	0.5	B
TAL1	TMEM241	0.5	B
TAL1	TNFAIP8	0.5	B
TAL1	TNIK	0.5	B
TAL1	TNRC6B	0.5	B
TAL1	TNRC6C	0.5	B
TAL1	TIAM2	0.5	B
TAL1	TNS3	0.5	B
TAL1	TPCN1	0.5	B
TAL1	TRAPPC9	0.5	B
TAL1	TRIM2	0.5	B
TAL1	TRIO	0.5	B
TAL1	TRPS1	0.5	B
TAL1	TTC7A	0.5	B
TAL1	TTC7B	0.5	B
TAL1	UBASH3B	0.5	B
TAL1	UBE2F	0.5	B
TAL1	UBR4	0.5	B
TAL1	TOX2	0.5	B
TAL1	UMODL1	0.5	B
TAL1	THADA	0.5	B
TAL1	TFPI	0.5	B
TAL1	STAT3	0.5	B
TAL1	STIM1	0.5	B
TAL1	STK10	0.5	B
TAL1	STK32B	0.5	B
TAL1	SUSD1	0.5	B
TAL1	SVIL	0.5	B
TAL1	SYN3	0.5	B
TAL1	SYNE1	0.5	B
TAL1	SYNJ2	0.5	B
TAL1	TACC1	0.5	B
TAL1	TG	0.5	B
TAL1	TANC1	0.5	B
TAL1	TBC1D1	0.5	B
TAL1	TBC1D14	0.5	B
TAL1	TBC1D5	0.5	B
TAL1	TBXAS1	0.5	B
TAL1	TCF4	0.5	B
TAL1	TCF7L2	0.5	B
TAL1	TEAD1	0.5	B
TAL1	TEC	0.5	B
TAL1	TET3	0.5	B
TAL1	TEX2	0.5	B
TAL1	TAOK3	0.5	B
TEAD2	CCND2	0.5	B
TAL1	UTRN	0.5	B
TAL1	VCL	0.5	B
TCF3	CIITA	0.5	B
TCF3	KDM2B	0.5	B
TCF3	MAD1L1	0.5	B
TCF3	MED15	0.5	B
TCF3	NUP210	0.5	B
TCF3	PIEZO1	0.5	B
TCF3	PSTPIP1	0.5	B
TCF3	RALGDS	0.5	B
TCF3	SLC37A1	0.5	B
TCF3	VAV2	0.5	B
TCF3	AXIN1	0.5	B
TCF4	HDAC7	0.5	B
TCF4	SPTBN1	0.5	B
TCF7	CCND2	0.5	B
TCF7	KIAA1217	0.5	B
TCF7	TCF3	0.5	B
TEAD1	ADGRL2	0.5	B
TEAD1	AMOTL2	0.5	B
TEAD1	GTDC1	0.5	B
TEAD1	ITGA1	0.5	B
TEAD1	OSBPL9	0.5	B
TEAD1	SORBS2	0.5	B
TCF4	NOL4L	0.5	B
TAL1	VAV3	0.5	B
TCF3	ANP32A	0.5	B
TCF12	PPP3CA	0.5	B
TAL1	VEPH1	0.5	B
TAL1	VGLL4	0.5	B
TAL1	VPS13D	0.5	B
TAL1	WWTR1	0.5	B
TAL1	XXYLT1	0.5	B
TAL1	ZBTB16	0.5	B
TAL1	ZBTB20	0.5	B
TAL1	ZEB2	0.5	B
TAL1	ZFPM2	0.5	B
TAL1	ZMIZ1	0.5	B
TCF12	WWTR1	0.5	B
TAL1	ZMYND8	0.5	B
TAL1	ZNF608	0.5	B
TAL1	ZNRF1	0.5	B
TAL1	ZPLD1	0.5	B
TBP	ACTB	0.5	B
TBX21	AKNA	0.5	B
TBX21	IL12RB2	0.5	B
TBX21	IL21R	0.5	B
TBX21	SEMA4D	0.5	B
TBX21	SLAMF7	0.5	B
TCF12	ERC1	0.5	B
TAL1	ZNF521	0.5	B
TAL1	CARMIL1	0.5	B
TAL1	CAPZB	0.5	B
TAL1	CAP1	0.5	B
STAT1	PGS1	0.5	B
STAT1	PHACTR2	0.5	B
STAT1	PIK3AP1	0.5	B
STAT1	PIK3R5	0.5	B
STAT1	PIP4K2A	0.5	B
STAT1	PKIG	0.5	B
STAT1	PLAC8	0.5	B
ZNF263	EPHA2	0.5	B
STAT1	PLB1	0.5	B
STAT1	PLCB1	0.5	B
STAT1	PFKFB3	0.5	B
STAT1	PLCG2	0.5	B
STAT1	PLEKHA2	0.5	B
STAT1	PLEKHG3	0.5	B
STAT1	PLEKHO1	0.5	B
STAT1	PLXNC1	0.5	B
STAT1	PMAIP1	0.5	B
STAT1	POLA1	0.5	B
STAT1	POLR1A	0.5	B
STAT1	PPFIBP2	0.5	B
STAT1	PPM1H	0.5	B
STAT1	PRDM16	0.5	B
STAT1	PLEC	0.5	B
STAT1	PREX1	0.5	B
STAT1	PDE4D	0.5	B
STAT1	PACSIN2	0.5	B
STAT1	MYOF	0.5	B
STAT1	N4BP1	0.5	B
STAT1	NABP1	0.5	B
STAT1	NCF2	0.5	B
STAT1	NCOA7	0.5	B
STAT1	NCOR2	0.5	B
STAT1	NEDD4L	0.5	B
STAT1	NEDD9	0.5	B
STAT1	NEK6	0.5	B
STAT1	NFE2L2	0.5	B
STAT1	PDE4B	0.5	B
STAT1	NFKB1	0.5	B
STAT1	NIBAN1	0.5	B
STAT1	NIBAN2	0.5	B
STAT1	NLRC5	0.5	B
STAT1	NLRP3	0.5	B
STAT1	NR4A2	0.5	B
ZNF263	EPHB2	0.5	B
STAT1	NRP1	0.5	B
STAT1	NRP2	0.5	B
STAT1	OSBPL3	0.5	B
STAT1	P2RY6	0.5	B
STAT1	NFKBIZ	0.5	B
STAT1	MYO9B	0.5	B
STAT1	PRKAG2	0.5	B
STAT1	PRKCD	0.5	B
STAT1	RBPJ	0.5	B
STAT1	RCN1	0.5	B
STAT1	RERE	0.5	B
STAT1	RFTN1	0.5	B
STAT1	RFX3	0.5	B
STAT1	RGS12	0.5	B
STAT1	RHBDD2	0.5	B
STAT1	RHBDF2	0.5	B
STAT1	RHOF	0.5	B
STAT1	RIN2	0.5	B
STAT1	RBMS1	0.5	B
STAT1	RIN3	0.5	B
STAT1	RPGR	0.5	B
STAT1	RREB1	0.5	B
STAT1	RTN4	0.5	B
STAT1	RUNX1	0.5	B
STAT1	RXYLT1	0.5	B
STAT1	S100A11	0.5	B
STAT1	SAMD4A	0.5	B
STAT1	SAMSN1	0.5	B
STAT1	SEC14L1	0.5	B
STAT1	SEMA4D	0.5	B
STAT1	RIPOR2	0.5	B
STAT1	PRKCB	0.5	B
STAT1	RBM47	0.5	B
STAT1	RASSF5	0.5	B
STAT1	PRKCH	0.5	B
STAT1	PRPF31	0.5	B
STAT1	PRUNE2	0.5	B
STAT1	PSMD1	0.5	B
STAT1	PSTPIP2	0.5	B
STAT1	PTK2B	0.5	B
STAT1	PTP4A2	0.5	B
STAT1	PTPN2	0.5	B
STAT1	PTPRE	0.5	B
STAT1	PTPRJ	0.5	B
STAT1	RBFOX3	0.5	B
STAT1	RAB31	0.5	B
STAT1	RAD51B	0.5	B
STAT1	RALGDS	0.5	B
STAT1	RAP1GAP2	0.5	B
STAT1	RAPGEF1	0.5	B
STAT1	RAPGEF2	0.5	B
STAT1	RASA3	0.5	B
STAT1	RASGEF1B	0.5	B
ZNF263	EPB41L1	0.5	B
STAT1	RASSF2	0.5	B
STAT1	RASSF4	0.5	B
STAT1	RAB3GAP2	0.5	B
STAT1	SEPTIN9	0.5	B
STAT1	MYO18A	0.5	B
ZNF263	EPHB4	0.5	B
STAT1	HOOK2	0.5	B
STAT1	HPCAL1	0.5	B
STAT1	IDO2	0.5	B
STAT1	IER5	0.5	B
STAT1	IFNGR2	0.5	B
STAT1	IGF1R	0.5	B
STAT1	IGF2R	0.5	B
STAT1	IL15	0.5	B
STAT1	IL16	0.5	B
STAT1	IL21R	0.5	B
ZNF263	FAM178B	0.5	B
STAT1	IL4R	0.5	B
STAT1	IL7R	0.5	B
STAT1	INPP4A	0.5	B
STAT1	INPP5D	0.5	B
STAT1	IPCEF1	0.5	B
STAT1	IQGAP2	0.5	B
STAT1	IQSEC1	0.5	B
ZNF263	EEIG1	0.5	B
STAT1	ITGB2	0.5	B
STAT1	ITPR1	0.5	B
STAT1	JADE2	0.5	B
STAT1	IL6R	0.5	B
STAT1	JMJD1C	0.5	B
STAT1	HNRNPR	0.5	B
STAT1	HLX	0.5	B
STAT1	GNA12	0.5	B
ZNF263	FBLN2	0.5	B
STAT1	GNAI2	0.5	B
STAT1	GPCPD1	0.5	B
STAT1	GPD2	0.5	B
STAT1	GPR107	0.5	B
STAT1	GPR132	0.5	B
STAT1	GPR141	0.5	B
STAT1	GRAMD1A	0.5	B
STAT1	GRAMD1B	0.5	B
STAT1	HM13	0.5	B
STAT1	GRB2	0.5	B
STAT1	GSAP	0.5	B
STAT1	GSE1	0.5	B
STAT1	GSN	0.5	B
STAT1	HDAC4	0.5	B
STAT1	HDAC9	0.5	B
STAT1	HIVEP2	0.5	B
STAT1	HIVEP3	0.5	B
STAT1	HK1	0.5	B
STAT1	HK2	0.5	B
ZNF263	FAM78A	0.5	B
STAT1	GRK2	0.5	B
STAT1	MYH9	0.5	B
ZNF263	FADS2	0.5	B
STAT1	KCNMA1	0.5	B
STAT1	MAP3K5	0.5	B
STAT1	MAP3K8	0.5	B
STAT1	MAPKAPK3	0.5	B
STAT1	MARCHF1	0.5	B
STAT1	MARK3	0.5	B
STAT1	MBNL1	0.5	B
STAT1	MBP	0.5	B
STAT1	MCF2L	0.5	B
STAT1	MCF2L2	0.5	B
STAT1	MCTP1	0.5	B
STAT1	MAML3	0.5	B
STAT1	MED15	0.5	B
STAT1	METTL9	0.5	B
STAT1	MGAT1	0.5	B
STAT1	MGLL	0.5	B
STAT1	MGRN1	0.5	B
STAT1	MIDEAS	0.5	B
STAT1	MNT	0.5	B
STAT1	MPZL1	0.5	B
STAT1	MRTFA	0.5	B
STAT1	MSN	0.5	B
STAT1	MTSS1	0.5	B
STAT1	MEF2D	0.5	B
STAT1	KCNJ15	0.5	B
STAT1	MAD1L1	0.5	B
STAT1	LYN	0.5	B
ZNF263	ERGIC1	0.5	B
STAT1	KLF6	0.5	B
STAT1	KLF7	0.5	B
STAT1	KLF9	0.5	B
STAT1	KLHL6	0.5	B
STAT1	KYNU	0.5	B
STAT1	LAMA3	0.5	B
STAT1	LAPTM4B	0.5	B
STAT1	LAPTM5	0.5	B
STAT1	LCP2	0.5	B
STAT1	MACF1	0.5	B
STAT1	LDLR	0.5	B
STAT1	LIMD1	0.5	B
STAT1	LIMS1	0.5	B
STAT1	LINC00299	0.5	B
STAT1	LIPA	0.5	B
STAT1	LITAF	0.5	B
STAT1	LMNA	0.5	B
STAT1	LMO2	0.5	B
STAT1	LPP	0.5	B
STAT1	LRCH1	0.5	B
STAT1	LRRFIP1	0.5	B
STAT1	LHFPL2	0.5	B
TFAP2C	CTBP2	0.5	B
STAT1	SGK1	0.5	B
STAT1	SH2B3	0.5	B
STAT2	DTX3L	0.5	B
STAT2	EPSTI1	0.5	B
STAT2	FAM111A	0.5	B
STAT2	IFI35	0.5	B
STAT2	ISG15	0.5	B
STAT2	MOV10	0.5	B
STAT2	MYD88	0.5	B
STAT2	OAS3	0.5	B
STAT2	OASL	0.5	B
STAT2	PARP10	0.5	B
STAT2	DHX58	0.5	B
STAT2	PARP14	0.5	B
STAT2	PIM1	0.5	B
STAT2	PSMB8	0.5	B
STAT2	SAMD9	0.5	B
STAT2	SOCS1	0.5	B
STAT2	SP110	0.5	B
STAT2	SP140L	0.5	B
STAT2	TAP2	0.5	B
STAT2	TRIM21	0.5	B
STAT2	TRIM56	0.5	B
STAT2	USF1	0.5	B
STAT2	PARP9	0.5	B
STAT2	XAF1	0.5	B
STAT2	DDX60L	0.5	B
STAT2	ATP13A1	0.5	B
ZNF263	DENND1A	0.5	B
ZNF263	DCAKD	0.5	B
STAT1	ZNF365	0.5	B
ZNF263	CXXC5	0.5	B
ZNF263	CUX2	0.5	B
ZNF263	CUX1	0.5	B
ZNF263	CTNNA1	0.5	B
STAT1	ZNF496	0.5	B
ZNF263	CSNK1D	0.5	B
ZNF263	CRTC1	0.5	B
STAT2	CMTR1	0.5	B
ZNF263	CPNE5	0.5	B
ZNF263	COL26A1	0.5	B
ZNF263	COL18A1	0.5	B
ZNF263	COL16A1	0.5	B
ZNF263	COL13A1	0.5	B
ZNF263	CLTCL1	0.5	B
ZNF263	CLIP2	0.5	B
FOS	RUNX1	0.5	B
ZNF263	CHST8	0.5	B
STAT1	ZSWIM6	0.5	B
STAT2	ADAR	0.5	B
ZNF263	COL27A1	0.5	B
ZNF263	DGCR8	0.5	B
STAT3	AKAP13	0.5	B
STAT3	GLIS3	0.5	B
TAL1	ANO2	0.5	B
TAL1	ANTXR2	0.5	B
TAL1	ANXA4	0.5	B
TAL1	APP	0.5	B
TAL1	ARHGAP15	0.5	B
TAL1	ARHGAP18	0.5	B
TAL1	ARHGAP22	0.5	B
TAL1	ARHGAP25	0.5	B
TAL1	ARHGAP26	0.5	B
TAL1	ARHGAP6	0.5	B
TAL1	ANKRD44	0.5	B
TAL1	ARHGEF3	0.5	B
TAL1	ARSG	0.5	B
TAL1	ATP2B4	0.5	B
TAL1	ATP6V0A1	0.5	B
TAL1	AUTS2	0.5	B
TAL1	BACH2	0.5	B
TAL1	BCAR3	0.5	B
TAL1	BCAT1	0.5	B
TAL1	BCR	0.5	B
TAL1	BHLHE40	0.5	B
TAL1	CACNA1C	0.5	B
TAL1	ARID1B	0.5	B
STAT3	DUSP22	0.5	B
TAL1	ANK3	0.5	B
TAL1	AMPD3	0.5	B
STAT3	MTHFD1L	0.5	B
STAT3	MYH9	0.5	B
STAT3	PTTG1IP	0.5	B
ZNF263	CHD5	0.5	B
STAT3	SPIDR	0.5	B
STAT4	CCND2	0.5	B
STAT5A	CD40	0.5	B
STAT5A	ETV6	0.5	B
STAT5A	RERE	0.5	B
ZNF263	CFAP46	0.5	B
TAL1	ANGPT1	0.5	B
STAT5B	IL4R	0.5	B
STAT5B	WIPF1	0.5	B
TAL1	ABCA4	0.5	B
TAL1	ABCC4	0.5	B
TAL1	ABLIM1	0.5	B
TAL1	ADD3	0.5	B
TAL1	ADGRG6	0.5	B
TAL1	ADGRV1	0.5	B
TAL1	AFF1	0.5	B
TAL1	AHI1	0.5	B
TAL1	AKAP13	0.5	B
STAT5B	SVIL	0.5	B
STAT1	SGMS1	0.5	B
ZNF263	DGKZ	0.5	B
ZNF263	DISP3	0.5	B
STAT1	SOD2	0.5	B
STAT1	SP110	0.5	B
STAT1	SPIDR	0.5	B
STAT1	SQOR	0.5	B
STAT1	SRC	0.5	B
STAT1	SRGN	0.5	B
ZNF263	DPP6	0.5	B
STAT1	ST3GAL1	0.5	B
STAT1	ST3GAL2	0.5	B
STAT1	ST6GAL1	0.5	B
ZNF263	DYSF	0.5	B
STAT1	STAG1	0.5	B
STAT1	STK40	0.5	B
STAT1	SUB1	0.5	B
STAT1	SUSD1	0.5	B
STAT1	SUSD6	0.5	B
STAT1	SYK	0.5	B
STAT1	TACC1	0.5	B
STAT1	TAF1B	0.5	B
STAT1	TAOK3	0.5	B
STAT1	TBC1D1	0.5	B
STAT1	TBC1D14	0.5	B
STAT1	STK10	0.5	B
STAT1	TBC1D2B	0.5	B
STAT1	SNX8	0.5	B
STAT1	SNX10	0.5	B
STAT1	SH3BP2	0.5	B
STAT1	SH3BP5	0.5	B
STAT1	SH3KBP1	0.5	B
STAT1	SH3TC1	0.5	B
STAT1	SHANK2	0.5	B
STAT1	SIK3	0.5	B
STAT1	SKI	0.5	B
STAT1	SLA	0.5	B
STAT1	SLC12A8	0.5	B
STAT1	SLC1A2	0.5	B
STAT1	SNX30	0.5	B
STAT1	SLC1A3	0.5	B
SPI1	UTRN	0.5	B
STAT1	SLC44A3	0.5	B
STAT1	SLC6A6	0.5	B
STAT1	SLC7A7	0.5	B
ZNF263	ELL	0.5	B
ZNF263	EHD1	0.5	B
STAT1	SLC8A1	0.5	B
STAT1	SLCO3A1	0.5	B
STAT1	SMCO4	0.5	B
STAT1	SMG6	0.5	B
STAT1	SLC25A37	0.5	B
ZNF263	DIP2C	0.5	B
STAT1	TBXAS1	0.5	B
STAT1	TCF7L2	0.5	B
STAT1	USP10	0.5	B
STAT1	UTP14A	0.5	B
STAT1	UTRN	0.5	B
ZNF263	DNM1	0.5	B
ZNF263	DNAJB6	0.5	B
STAT1	VMP1	0.5	B
STAT1	VOPP1	0.5	B
STAT1	VPS53	0.5	B
STAT1	VRK2	0.5	B
STAT1	VSIR	0.5	B
STAT1	UBC	0.5	B
STAT1	WIPF1	0.5	B
STAT1	XYLT1	0.5	B
STAT1	ZBTB7B	0.5	B
STAT1	ZCCHC2	0.5	B
STAT1	ZEB2	0.5	B
STAT1	ZFP36L1	0.5	B
STAT1	ZMIZ1	0.5	B
ZNF263	DNAJB12	0.5	B
ZNF263	DNAH17	0.5	B
ZNF263	DLGAP4	0.5	B
ZNF263	DLG5	0.5	B
STAT1	XXYLT1	0.5	B
STAT1	TCF4	0.5	B
STAT1	TUBGCP5	0.5	B
STAT1	TTC7B	0.5	B
STAT1	TFEB	0.5	B
STAT1	TG	0.5	B
STAT1	TGFBI	0.5	B
STAT1	TGM2	0.5	B
STAT1	THADA	0.5	B
STAT1	TIAM1	0.5	B
STAT1	TLE4	0.5	B
STAT1	TMX3	0.5	B
STAT1	TNFAIP3	0.5	B
STAT1	TNFAIP8	0.5	B
STAT1	TUBA1C	0.5	B
STAT1	TNFSF8	0.5	B
STAT1	TNS1	0.5	B
STAT1	TNS3	0.5	B
STAT1	TPCN1	0.5	B
STAT1	TRAF1	0.5	B
STAT1	TRAPPC9	0.5	B
STAT1	TRIM69	0.5	B
STAT1	TRIO	0.5	B
STAT1	TRPS1	0.5	B
STAT1	TSPAN14	0.5	B
STAT1	TTC7A	0.5	B
STAT1	TNIP1	0.5	B
TFAP2C	CTIF	0.5	B
TFAP2C	CTNNA1	0.5	B
TFAP2C	CTNND2	0.5	B
TP53	MACF1	0.5	B
TP53	MAGI2	0.5	B
TP53	MARCHF10	0.5	B
TP53	MAST4	0.5	B
TP53	MCC	0.5	B
ZBTB33	PURA	0.5	B
TP53	MDS2	0.5	B
TP53	MECOM	0.5	B
TP53	MED4	0.5	B
TP53	METTL8	0.5	B
ZBTB33	RBM15	0.5	B
TP53	MGRN1	0.5	B
TP53	MICALL1	0.5	B
TP53	MSGN1	0.5	B
TP53	MSI2	0.5	B
TP53	MTHFD1L	0.5	B
TP53	MYEOV	0.5	B
TP53	MYO3B	0.5	B
TP53	NAV3	0.5	B
TP53	NCOR2	0.5	B
TP53	NDST1	0.5	B
TP53	NECTIN1	0.5	B
TP53	MICAL2	0.5	B
TP53	NEDD4L	0.5	B
TP53	LRIG3	0.5	B
TP53	LINC00474	0.5	B
TP53	FST	0.5	B
TP53	GAS6	0.5	B
TP53	GAS7	0.5	B
TP53	GDNF	0.5	B
TP53	GLI3	0.5	B
TP53	GNAI1	0.5	B
TP53	GPC1	0.5	B
TP53	GPC6	0.5	B
TP53	HHAT	0.5	B
TP53	HS1BP3	0.5	B
TP53	LMNA	0.5	B
TP53	IER5	0.5	B
TP53	ITGAM	0.5	B
TP53	KALRN	0.5	B
TP53	KAZN	0.5	B
TP53	KCNMA1	0.5	B
TP53	KCNN3	0.5	B
TP53	KCTD1	0.5	B
TP53	KDM4C	0.5	B
TP53	KIAA1217	0.5	B
TP53	KMT5B	0.5	B
TP53	KRT80	0.5	B
TP53	IRF2BP2	0.5	B
TP53	FRMD6	0.5	B
TP53	NFYC	0.5	B
TP53	NRG1	0.5	B
TP53	PLXNB2	0.5	B
YY1	USP7	0.5	B
TP53	PPL	0.5	B
TP53	PPP4R3A	0.5	B
TP53	PRKAG2	0.5	B
TP53	PRKCE	0.5	B
TP53	PRKCH	0.5	B
TP53	PRPF40A	0.5	B
TP53	PRR5	0.5	B
TP53	PSD3	0.5	B
ZBTB33	CUL3	0.5	B
TP53	PTPRF	0.5	B
TP53	PXDN	0.5	B
TP53	RAPGEF1	0.5	B
TP53	RASA3	0.5	B
TP53	RBFOX3	0.5	B
TP53	RBM19	0.5	B
TP53	RBMS1	0.5	B
TP53	RBMS3	0.5	B
TP53	RCC2	0.5	B
TP53	RGS12	0.5	B
TP53	RGS20	0.5	B
TP53	PTPRU	0.5	B
ZBTB33	NANP	0.5	B
TP53	PLXNA2	0.5	B
ZBTB33	GTF2A1	0.5	B
TP53	NRP2	0.5	B
TP53	NRXN1	0.5	B
TP53	NTM	0.5	B
TP53	NXN	0.5	B
TP53	OSBPL3	0.5	B
TP53	P3H2	0.5	B
TP53	PALLD	0.5	B
TP53	PANK2	0.5	B
TP53	PCBP3	0.5	B
TP53	PCNX1	0.5	B
TP53	PLXNA1	0.5	B
TP53	PDE4D	0.5	B
ZBTB33	LSM14A	0.5	B
TP53	PGF	0.5	B
ZBTB33	IREB2	0.5	B
TP53	PGPEP1	0.5	B
TP53	PHACTR4	0.5	B
TP53	PLAC8	0.5	B
TP53	PLB1	0.5	B
TP53	PLCB1	0.5	B
TP53	PLCG2	0.5	B
TP53	PLD1	0.5	B
TP53	PDGFC	0.5	B
TP53	RNF216	0.5	B
TP53	FOXP1	0.5	B
TP53	FOXK1	0.5	B
TP53	CHN2	0.5	B
ZNF263	AP2A2	0.5	B
TP53	CIC	0.5	B
TP53	COBL	0.5	B
ZNF263	ANO7	0.5	B
TP53	COL1A1	0.5	B
TP53	COL22A1	0.5	B
TP53	COL27A1	0.5	B
ZNF263	ANKRD11	0.5	B
ZNF263	ANK1	0.5	B
ZNF263	APBA2	0.5	B
TP53	CSMD1	0.5	B
ZNF263	AHRR	0.5	B
ZNF263	AHDC1	0.5	B
ZNF263	AGRN	0.5	B
TP53	CSMD3	0.5	B
TP53	CTBS	0.5	B
ZNF263	AGPAT3	0.5	B
TP53	CUEDC1	0.5	B
ZNF263	AGPAT2	0.5	B
ZNF263	AGAP3	0.5	B
ZNF263	AGAP1	0.5	B
ZNF263	AKT2	0.5	B
ZNF263	ADGRG1	0.5	B
ZNF263	ARAP1	0.5	B
TP53	CHD9	0.5	B
ZNF263	BIN1	0.5	B
TP53	CAPN2	0.5	B
ZNF263	BCR	0.5	B
ZNF263	BCOR	0.5	B
ZNF263	BAIAP2	0.5	B
ZNF263	BAHCC1	0.5	B
TP53	CCDC57	0.5	B
TP53	CDC42BPB	0.5	B
TP53	CDC42EP3	0.5	B
ZNF263	ATP2B2	0.5	B
ZNF263	ARHGAP22	0.5	B
ZNF263	ATP11A	0.5	B
ZNF263	ASAP2	0.5	B
ZNF263	ASAP1	0.5	B
TP53	CDH8	0.5	B
TP53	CEP85L	0.5	B
TP53	CHD2	0.5	B
ZNF263	ARID1B	0.5	B
ZNF263	ARHGEF17	0.5	B
ZNF263	ARHGEF16	0.5	B
ZNF263	ARHGEF1	0.5	B
ZNF263	ARHGAP23	0.5	B
ZNF263	ASS1	0.5	B
TP53	FOXN3	0.5	B
TP53	CUX1	0.5	B
ZNF263	ADGRB1	0.5	B
TP53	DST	0.5	B
TP53	DTWD1	0.5	B
TP53	DUSP7	0.5	B
TP53	EFCAB5	0.5	B
TP53	EFNA5	0.5	B
TP53	EML2	0.5	B
TP53	ERBB4	0.5	B
TP53	ERCC6L2	0.5	B
TP53	ESYT2	0.5	B
TP53	ETV6	0.5	B
TP53	DSE	0.5	B
TP53	EXT1	0.5	B
TP53	FAF1	0.5	B
TP53	FAM13C	0.5	B
TP53	CFAP144	0.5	B
TP53	FAT1	0.5	B
ZBTB33	UBE2D3	0.5	B
ZBTB33	SLC39A9	0.5	B
TP53	FGGY	0.5	B
TP53	FHOD3	0.5	B
ZBTB33	RMI1	0.5	B
TP53	FMN1	0.5	B
ZBTB33	YOD1	0.5	B
ZNF263	ADGRD1	0.5	B
ZBTB33	ZZZ3	0.5	B
TP53	DLEU1	0.5	B
ZNF263	ADCY3	0.5	B
ZNF263	ACTRT2	0.5	B
ZNF263	ACSF3	0.5	B
TP53	DCDC1	0.5	B
TP53	DCP1B	0.5	B
TP53	DCUN1D3	0.5	B
ZNF263	ACOT7	0.5	B
ZNF263	ABR	0.5	B
ZNF263	ABCA7	0.5	B
ZNF263	AATK	0.5	B
ZBTB7A	PNPLA6	0.5	B
ZEB1	TECR	0.5	B
ZEB1	SLC25A10	0.5	B
ZEB1	PXN	0.5	B
ZEB1	PHLDB1	0.5	B
TP53	DHRS2	0.5	B
ZEB1	LAD1	0.5	B
ZEB1	ITGB1	0.5	B
ZEB1	FLNA	0.5	B
ZEB1	CSRP1	0.5	B
ZBTB7A	SEPTIN9	0.5	B
TP53	DLC1	0.5	B
TP53	DERA	0.5	B
TP53	CAMK2D	0.5	B
TP53	RPL39L	0.5	B
TP53	RPTOR	0.5	B
TP53	ZBTB7C	0.5	B
VDR	LRRC8A	0.5	B
VDR	LRIG1	0.5	B
TP53	ZCCHC2	0.5	B
TP53	ZDHHC14	0.5	B
TP53	ZMYND8	0.5	B
TP63	FOXN1	0.5	B
TP63	KCTD1	0.5	B
TP63	KIAA1671	0.5	B
VDR	LPP	0.5	B
VDR	LTO1	0.5	B
TP63	THSD4	0.5	B
TP73	ADGRV1	0.5	B
TP73	HIPK2	0.5	B
VDR	LNX1	0.5	B
VDR	KPNB1	0.5	B
VDR	KANSL3	0.5	B
TWIST1	DLC1	0.5	B
VDR	ITGB5	0.5	B
USF1	ASPSCR1	0.5	B
USF2	ARAP1	0.5	B
USF2	ASPSCR1	0.5	B
TP63	VAV3	0.5	B
VDR	IRF2BP2	0.5	B
VDR	MYEOV	0.5	B
VDR	MYH9	0.5	B
VDR	PHLPP1	0.5	B
TP53	UQCC1	0.5	B
VDR	PHC2	0.5	B
VDR	PDE4D	0.5	B
TP53	USP34	0.5	B
TP53	USP9X	0.5	B
TP53	UTRN	0.5	B
TP53	VAC14	0.5	B
TP53	VAV2	0.5	B
VDR	PCBP2	0.5	B
TP53	YBX3	0.5	B
TP53	VMP1	0.5	B
VDR	PABPC1	0.5	B
VDR	OSR2	0.5	B
VDR	NFIX	0.5	B
VDR	NFATC2	0.5	B
VDR	NDRG1	0.5	B
VDR	NCOR2	0.5	B
VDR	NCAM2	0.5	B
VDR	NADK	0.5	B
TP53	XXYLT1	0.5	B
VDR	MYO18A	0.5	B
VDR	PCBP1	0.5	B
VDR	PKIG	0.5	B
USF2	DUSP1	0.5	B
VDR	INSIG1	0.5	B
VDR	BAIAP2	0.5	B
VDR	BCAT1	0.5	B
VDR	FOXO3	0.5	B
VDR	FOXK1	0.5	B
VDR	FGGY	0.5	B
VDR	BMPER	0.5	B
VDR	EHBP1L1	0.5	B
VDR	CAP1	0.5	B
VDR	EFCAB14	0.5	B
VDR	EEF1A1	0.5	B
VDR	FOXP1	0.5	B
VDR	CBX4	0.5	B
VDR	CCDC97	0.5	B
VDR	CDK6	0.5	B
VDR	DOCK5	0.5	B
VDR	DNAJB12	0.5	B
VDR	CIRBP	0.5	B
VDR	COL16A1	0.5	B
VDR	DLEU1	0.5	B
VDR	CYTH4	0.5	B
VDR	CUEDC1	0.5	B
VDR	COX5A	0.5	B
VDR	DPP9	0.5	B
USF2	WDR81	0.5	B
VDR	FTO	0.5	B
VDR	B3GNT2	0.5	B
VDR	ABL1	0.5	B
VDR	ACTB	0.5	B
VDR	HSPA8	0.5	B
VDR	HNRNPF	0.5	B
VDR	HNRNPA1	0.5	B
VDR	ACTN4	0.5	B
VDR	HIVEP3	0.5	B
VDR	ADGRG6	0.5	B
VDR	HIVEP2	0.5	B
VDR	HBEGF	0.5	B
VDR	BAG3	0.5	B
VDR	ADGRV1	0.5	B
VDR	ALDOA	0.5	B
VDR	APRT	0.5	B
VDR	GPT2	0.5	B
VDR	ARHGDIA	0.5	B
VDR	GLI3	0.5	B
VDR	ARHGEF2	0.5	B
VDR	BMAL1	0.5	B
VDR	GAS7	0.5	B
VDR	ATF4	0.5	B
VDR	ATG5	0.5	B
VDR	GSE1	0.5	B
TP53	RPS19	0.5	B
VDR	PLEC	0.5	B
VDR	PLEKHA2	0.5	B
VDR	TRAK1	0.5	B
TP53	SMYD3	0.5	B
TP53	SNAP47	0.5	B
VDR	TPX2	0.5	B
TP53	SORCS2	0.5	B
VDR	TNS3	0.5	B
VDR	TNFRSF1A	0.5	B
VDR	THADA	0.5	B
VDR	TGIF1	0.5	B
TP53	SPATS2L	0.5	B
VDR	TRIM41	0.5	B
TP53	SRC	0.5	B
VDR	SYNJ2	0.5	B
TP53	SSH1	0.5	B
VDR	ST3GAL1	0.5	B
VDR	SREBF1	0.5	B
VDR	SP100	0.5	B
TP53	STAT6	0.5	B
VDR	SLX4IP	0.5	B
TP53	STK17A	0.5	B
VDR	SLC27A2	0.5	B
VDR	SLC22A23	0.5	B
VDR	TBP	0.5	B
VDR	SHC1	0.5	B
VDR	TRIM56	0.5	B
VDR	UBALD2	0.5	B
YY1	KDM2A	0.5	B
TP53	RTN4	0.5	B
TP53	SASH1	0.5	B
TP53	SBF2	0.5	B
YY1	CELF1	0.5	B
TP53	SCHIP1	0.5	B
TP53	SDK1	0.5	B
VDR	ZMIZ1	0.5	B
TP53	SEC14L1	0.5	B
VDR	ZFP36L2	0.5	B
VDR	TSPAN14	0.5	B
VDR	XXYLT1	0.5	B
TP53	SERTAD2	0.5	B
VDR	VPS51	0.5	B
VDR	VMP1	0.5	B
TP53	SFSWAP	0.5	B
TP53	SH3BP4	0.5	B
TP53	SHANK2	0.5	B
TP53	SIPA1L1	0.5	B
TP53	SLC12A4	0.5	B
TP53	SMOC1	0.5	B
VDR	UTRN	0.5	B
VDR	VRK3	0.5	B
TP53	UBE2F	0.5	B
TP53	SUGCT	0.5	B
VDR	SH3RF2	0.5	B
TP53	TGFBI	0.5	B
TP53	THSD4	0.5	B
TP53	TLE1	0.5	B
TP53	TLN2	0.5	B
TP53	TMEM217	0.5	B
TP53	TMEM30A	0.5	B
TP53	TNFAIP8	0.5	B
TP53	TNS3	0.5	B
TP53	TOX2	0.5	B
TP53	TPD52	0.5	B
VDR	PRKCH	0.5	B
TP53	TPRG1	0.5	B
TP53	TRIM55	0.5	B
VDR	PRKCE	0.5	B
VDR	PRKAG2	0.5	B
VDR	PPP3CA	0.5	B
TP53	TSNARE1	0.5	B
VDR	PPCDC	0.5	B
TP53	TSPAN14	0.5	B
TP53	TSPAN9	0.5	B
VDR	PLXNA2	0.5	B
VDR	PLEKHA6	0.5	B
TP53	TRAPPC9	0.5	B
TP53	SUSD1	0.5	B
TP53	TENM4	0.5	B
TP53	TBCA	0.5	B
TP53	SVIL	0.5	B
VDR	SH3PXD2A	0.5	B
TP53	SYNE1	0.5	B
VDR	SH2D4A	0.5	B
TP53	SYNE2	0.5	B
VDR	SH2B3	0.5	B
VDR	SERINC2	0.5	B
VDR	SEPTIN9	0.5	B
VDR	SCOC	0.5	B
VDR	SCARB1	0.5	B
TP53	TCF12	0.5	B
VDR	RUNX1	0.5	B
VDR	RPL3	0.5	B
VDR	RELT	0.5	B
VDR	RAB26	0.5	B
VDR	PTPRE	0.5	B
VDR	PTP4A2	0.5	B
TP53	TAB2	0.5	B
TP53	TAFA2	0.5	B
VDR	PTMA	0.5	B
VDR	PSMA6	0.5	B
VDR	PRMT9	0.5	B
TP53	SYT8	0.5	B
STAT1	GM2A	0.5	B
ZNF263	BLACE	0.5	B
ZNF263	C2CD2	0.5	B
TFAP2C	MAD1L1	0.5	B
TFAP2C	MAGI1	0.5	B
TFAP2C	MAN1C1	0.5	B
TFAP2C	MAPKAP1	0.5	B
TFAP2C	MARCHF10	0.5	B
TFAP2C	MAST4	0.5	B
TFAP2C	MATN2	0.5	B
TFAP2C	MCF2L	0.5	B
TFAP2C	MCF2L2	0.5	B
TFAP2C	MDGA1	0.5	B
TFAP2C	MACROD2	0.5	B
TFAP2C	ME3	0.5	B
TFAP2C	MEGF6	0.5	B
TFAP2C	MGLL	0.5	B
TFAP2C	MICAL2	0.5	B
TFAP2C	MICAL3	0.5	B
TFAP2C	MIDEAS	0.5	B
TFAP2C	MLPH	0.5	B
TFAP2C	MSI2	0.5	B
TFAP2C	MTCL1	0.5	B
TFAP2C	MTSS1	0.5	B
TFAP2C	MTUS1	0.5	B
TFAP2C	MED15	0.5	B
TFAP2C	MVB12B	0.5	B
TFAP2C	MACF1	0.5	B
TFAP2C	LRRFIP1	0.5	B
TFAP2C	KCTD15	0.5	B
TFAP2C	KDF1	0.5	B
TFAP2C	KDM4B	0.5	B
TFAP2C	KIAA1217	0.5	B
TFAP2C	KIF16B	0.5	B
TFAP2C	KLF9	0.5	B
TFAP2C	KLHL29	0.5	B
TFAP2C	KLK11	0.5	B
TFAP2C	KRT8	0.5	B
TFAP2C	KSR1	0.5	B
TFAP2C	LYPD6B	0.5	B
TFAP2C	LARGE1	0.5	B
TFAP2C	LHFPL2	0.5	B
TFAP2C	LINGO1	0.5	B
TFAP2C	LITAF	0.5	B
TFAP2C	LLGL2	0.5	B
TFAP2C	LMNA	0.5	B
TFAP2C	LMTK3	0.5	B
TFAP2C	LPP	0.5	B
TFAP2C	LRCH1	0.5	B
TFAP2C	LRIG1	0.5	B
TFAP2C	LRP5	0.5	B
TFAP2C	LDLRAD4	0.5	B
TFAP2C	KCNT1	0.5	B
TFAP2C	MYEOV	0.5	B
TFAP2C	MYLK	0.5	B
TFAP2C	PACS2	0.5	B
TFAP2C	PACSIN2	0.5	B
TFAP2C	PBX1	0.5	B
TFAP2C	PCBP1	0.5	B
TFAP2C	PCBP3	0.5	B
TFAP2C	PCNX2	0.5	B
TFAP2C	PDE4B	0.5	B
TFAP2C	PDE4D	0.5	B
TFAP2C	PDZD2	0.5	B
TFAP2C	PHACTR3	0.5	B
TFAP2C	PACS1	0.5	B
TFAP2C	PIK3C2B	0.5	B
TFAP2C	PITPNM2	0.5	B
TFAP2C	PKD1L2	0.5	B
TFAP2C	PKP1	0.5	B
TFAP2C	PKP4	0.5	B
TFAP2C	PLB1	0.5	B
TFAP2C	PLCB1	0.5	B
TFAP2C	PLCB4	0.5	B
TFAP2C	PLCH2	0.5	B
TFAP2C	PLEC	0.5	B
TFAP2C	PLEKHA6	0.5	B
TFAP2C	PIP4K2A	0.5	B
TFAP2C	MYH9	0.5	B
TFAP2C	OSBPL5	0.5	B
TFAP2C	NTRK3	0.5	B
TFAP2C	MYO10	0.5	B
TFAP2C	MYO18A	0.5	B
TFAP2C	MYO1B	0.5	B
TFAP2C	NAALADL2	0.5	B
TFAP2C	NACC2	0.5	B
TFAP2C	NAV1	0.5	B
TFAP2C	NAV2	0.5	B
TFAP2C	NCALD	0.5	B
TFAP2C	NCOR2	0.5	B
TFAP2C	NDST1	0.5	B
TFAP2C	OSBPL10	0.5	B
TFAP2C	NDUFAF6	0.5	B
TFAP2C	NEDD9	0.5	B
TFAP2C	NFASC	0.5	B
TFAP2C	NFATC2	0.5	B
TFAP2C	NFIC	0.5	B
TFAP2C	NIBAN2	0.5	B
TFAP2C	NMNAT2	0.5	B
TFAP2C	NOL4L	0.5	B
TFAP2C	NPAS3	0.5	B
TFAP2C	NRCAM	0.5	B
TFAP2C	NRP2	0.5	B
TFAP2C	NEDD4L	0.5	B
TFAP2C	PLEKHA7	0.5	B
TFAP2C	KCNN3	0.5	B
TFAP2C	KCNB1	0.5	B
TFAP2C	EFNA5	0.5	B
ZNF263	CDH23	0.5	B
TFAP2C	EGLN3	0.5	B
TFAP2C	EHMT1	0.5	B
TFAP2C	ELAPOR1	0.5	B
TFAP2C	ELL	0.5	B
TFAP2C	EML1	0.5	B
TFAP2C	EPHB1	0.5	B
TFAP2C	EPHB3	0.5	B
TFAP2C	ERGIC1	0.5	B
TFAP2C	EFHC1	0.5	B
TFAP2C	ESRRG	0.5	B
TFAP2C	EVL	0.5	B
TFAP2C	EXT1	0.5	B
TFAP2C	EYA2	0.5	B
TFAP2C	EEIG1	0.5	B
TFAP2C	FAM107B	0.5	B
TFAP2C	FAM174B	0.5	B
TFAP2C	FAM178B	0.5	B
TFAP2C	FARP1	0.5	B
TFAP2C	FBLN1	0.5	B
TFAP2C	FBLN2	0.5	B
TFAP2C	ETV6	0.5	B
TFAP2C	FGD5	0.5	B
TFAP2C	EEFSEC	0.5	B
TFAP2C	ECE1	0.5	B
TFAP2C	CUEDC1	0.5	B
TFAP2C	CUX1	0.5	B
TFAP2C	CYRIB	0.5	B
TFAP2C	CYTH1	0.5	B
TFAP2C	DAAM1	0.5	B
TFAP2C	DAB2IP	0.5	B
TFAP2C	DAPK1	0.5	B
TFAP2C	DAPK2	0.5	B
TFAP2C	DENND1A	0.5	B
TFAP2C	DENND2B	0.5	B
TFAP2C	EEF2K	0.5	B
TFAP2C	DENND3	0.5	B
TFAP2C	DIS3L2	0.5	B
TFAP2C	DLEU1	0.5	B
TFAP2C	DLG2	0.5	B
TFAP2C	DLGAP4	0.5	B
TFAP2C	DNM2	0.5	B
TFAP2C	DOCK4	0.5	B
TFAP2C	DOK5	0.5	B
TFAP2C	DPF3	0.5	B
TFAP2C	DST	0.5	B
TFAP2C	DYSF	0.5	B
TFAP2C	DIP2C	0.5	B
TFAP2C	KCNMA1	0.5	B
TFAP2C	FHOD3	0.5	B
TFAP2C	FNDC3B	0.5	B
TFAP2C	HDAC4	0.5	B
TFAP2C	HIVEP2	0.5	B
TFAP2C	HIVEP3	0.5	B
TFAP2C	HK1	0.5	B
TFAP2C	HK2	0.5	B
TFAP2C	HMCN2	0.5	B
TFAP2C	HPCAL1	0.5	B
TFAP2C	HS6ST1	0.5	B
TFAP2C	IER5	0.5	B
TFAP2C	IFFO2	0.5	B
TFAP2C	GTF2IRD1	0.5	B
TFAP2C	IGF1R	0.5	B
TFAP2C	INPP5A	0.5	B
TFAP2C	IQSEC1	0.5	B
TFAP2C	ISG20	0.5	B
TFAP2C	ITGB5	0.5	B
TFAP2C	ITGB6	0.5	B
TFAP2C	ITPR1	0.5	B
TFAP2C	KALRN	0.5	B
TFAP2C	KATNIP	0.5	B
TFAP2C	KAZN	0.5	B
TFAP2C	KCNAB2	0.5	B
TFAP2C	IL1R1	0.5	B
TFAP2C	FLNB	0.5	B
TFAP2C	GSN	0.5	B
TFAP2C	GRM4	0.5	B
TFAP2C	FOXK1	0.5	B
TFAP2C	FOXK2	0.5	B
TFAP2C	FOXP1	0.5	B
TFAP2C	FRMD4A	0.5	B
TFAP2C	FRMD4B	0.5	B
TFAP2C	FTO	0.5	B
TFAP2C	GABBR2	0.5	B
TFAP2C	GALNT10	0.5	B
TFAP2C	GALNT14	0.5	B
TFAP2C	GALNT9	0.5	B
TFAP2C	GSE1	0.5	B
TFAP2C	GARNL3	0.5	B
TFAP2C	GATAD2A	0.5	B
TFAP2C	GDPD5	0.5	B
TFAP2C	GLI3	0.5	B
TFAP2C	GMDS	0.5	B
TFAP2C	GNA12	0.5	B
TFAP2C	GRAMD4	0.5	B
TFAP2C	GRB10	0.5	B
TFAP2C	GRHL2	0.5	B
TFAP2C	GRIK3	0.5	B
TFAP2C	GRIK4	0.5	B
TFAP2C	GAS7	0.5	B
TP53	CAB39	0.5	B
TFAP2C	PLXNA1	0.5	B
TFAP2C	PLXNA4	0.5	B
TFAP2C	TRAK1	0.5	B
TFAP2C	TRAPPC9	0.5	B
TFAP2C	TRIM2	0.5	B
TFAP2C	TRIO	0.5	B
TFAP2C	TRPS1	0.5	B
TFAP2C	TRPV6	0.5	B
TFAP2C	TSNARE1	0.5	B
TFAP2C	TSPAN14	0.5	B
TFAP2C	TSPAN9	0.5	B
TFAP2C	TTC7A	0.5	B
TFAP2C	TPRG1	0.5	B
TFAP2C	TTC7B	0.5	B
TFAP2C	UNC5A	0.5	B
TFAP2C	USP10	0.5	B
ZNF263	CBFA2T3	0.5	B
TFAP2C	UST	0.5	B
TFAP2C	UTRN	0.5	B
ZNF263	CASZ1	0.5	B
TFAP2C	VANGL1	0.5	B
TFAP2C	VAV2	0.5	B
TFAP2C	VAV3	0.5	B
TFAP2C	VGLL4	0.5	B
TFAP2C	UMODL1	0.5	B
TFAP2C	VPS13D	0.5	B
TFAP2C	TPD52L1	0.5	B
ZNF263	CBX8	0.5	B
ZNF263	CCNY	0.5	B
TFAP2C	TBC1D1	0.5	B
TFAP2C	TBC1D14	0.5	B
TFAP2C	TBC1D8	0.5	B
TFAP2C	TBCD	0.5	B
TFAP2C	TBL1XR1	0.5	B
TFAP2C	TBX4	0.5	B
TFAP2C	TEAD1	0.5	B
TFAP2C	TECPR2	0.5	B
TFAP2C	TENM4	0.5	B
TFAP2C	TOM1L2	0.5	B
TFAP2C	TEX2	0.5	B
TFAP2C	THADA	0.5	B
TFAP2C	THSD4	0.5	B
TFAP2C	TIAM1	0.5	B
TFAP2C	TLE3	0.5	B
TFAP2C	TLN2	0.5	B
TFAP2C	TMEM164	0.5	B
TFAP2C	TMEM241	0.5	B
TFAP2C	TNK1	0.5	B
TFAP2C	TNS1	0.5	B
TFAP2C	TNS3	0.5	B
TFAP2C	TG	0.5	B
TFAP2C	TANC1	0.5	B
TFAP2C	WNK2	0.5	B
TFAP2C	WWC1	0.5	B
TP53	ABCB9	0.5	B
TP53	ACTB	0.5	B
TP53	ADGRL2	0.5	B
TP53	ADORA2B	0.5	B
TP53	AEBP2	0.5	B
TP53	AEN	0.5	B
TP53	AGAP1	0.5	B
TP53	AKAP6	0.5	B
ZNF263	CACNA1A	0.5	B
TP53	AMOTL1	0.5	B
THAP11	TMEM115	0.5	B
TP53	ANK3	0.5	B
TP53	ARHGAP22	0.5	B
TP53	ARHGAP26	0.5	B
TP53	ARHGEF3	0.5	B
TP53	ARID1B	0.5	B
TP53	ASAP1	0.5	B
TP53	ATL1	0.5	B
TP53	ATP2A2	0.5	B
TP53	AUTS2	0.5	B
TP53	BCAS3	0.5	B
TP53	BMPER	0.5	B
TP53	ANXA2	0.5	B
TFAP2C	WNT5B	0.5	B
THAP11	SNX17	0.5	B
THAP11	PRPF31	0.5	B
TFAP2C	XXYLT1	0.5	B
ZNF263	CAMK2B	0.5	B
TFAP2C	XYLT1	0.5	B
TFAP2C	ZBTB38	0.5	B
TFAP2C	ZBTB7C	0.5	B
ZNF263	CACNA1I	0.5	B
TFAP2C	ZFAT	0.5	B
TFAP2C	ZFHX3	0.5	B
TFAP2C	ZFP36L1	0.5	B
TFAP2C	ZMIZ1	0.5	B
THAP11	SLC4A2	0.5	B
TFAP2C	ZMYND8	0.5	B
TFAP2C	ZNRF1	0.5	B
TFAP2C	ZPLD1	0.5	B
TFAP4	ZNF395	0.5	B
TFDP1	CCNE2	0.5	B
TFDP1	CKAP2L	0.5	B
TFDP1	HNRNPUL1	0.5	B
TFDP1	PTMA	0.5	B
THAP1	FAM20B	0.5	B
THAP11	CNIH4	0.5	B
THAP11	LSM10	0.5	B
TFAP2C	ZNF217	0.5	B
TFAP2C	PLXNA2	0.5	B
TFAP2C	TACC2	0.5	B
TFAP2C	SYNE2	0.5	B
TFAP2C	RAPGEF5	0.5	B
TFAP2C	RARA	0.5	B
TFAP2C	RASA3	0.5	B
TFAP2C	RBFOX3	0.5	B
TFAP2C	RBM47	0.5	B
TFAP2C	RBPJ	0.5	B
TFAP2C	RERE	0.5	B
TFAP2C	RFTN1	0.5	B
TFAP2C	RFX2	0.5	B
TFAP2C	RGS3	0.5	B
TFAP2C	RAPGEF4	0.5	B
TFAP2C	RGS6	0.5	B
TFAP2C	RIN3	0.5	B
TFAP2C	RIPOR3	0.5	B
TFAP2C	ARK2C	0.5	B
TFAP2C	RPTOR	0.5	B
TFAP2C	RREB1	0.5	B
TFAP2C	RXRA	0.5	B
TFAP2C	SAMD4A	0.5	B
TFAP2C	SCARB1	0.5	B
TFAP2C	SCIN	0.5	B
TFAP2C	SCNN1B	0.5	B
TFAP2C	RGS9	0.5	B
TFAP2C	SDK1	0.5	B
TFAP2C	RAPGEF1	0.5	B
TFAP2C	RALGPS1	0.5	B
TFAP2C	PMEPA1	0.5	B
TFAP2C	PPARGC1B	0.5	B
TFAP2C	PPFIBP2	0.5	B
TFAP2C	PPP2R2C	0.5	B
TFAP2C	PRDM11	0.5	B
TFAP2C	PRDM16	0.5	B
TFAP2C	PREX1	0.5	B
TFAP2C	PRICKLE2	0.5	B
TFAP2C	PRKAG2	0.5	B
TFAP2C	PRKCE	0.5	B
TFAP2C	RAP1GAP2	0.5	B
TFAP2C	PRKCH	0.5	B
TFAP2C	PRRC2B	0.5	B
TFAP2C	PTK2	0.5	B
TFAP2C	PTPRF	0.5	B
TFAP2C	PTPRJ	0.5	B
TFAP2C	PXDN	0.5	B
TFAP2C	RAB31	0.5	B
TFAP2C	RAD23B	0.5	B
TFAP2C	RAD51B	0.5	B
TFAP2C	RAI1	0.5	B
TFAP2C	RALGDS	0.5	B
TFAP2C	PRLR	0.5	B
TFAP2C	SYNJ2	0.5	B
TFAP2C	SDK2	0.5	B
TFAP2C	SEPTIN9	0.5	B
TFAP2C	SOX13	0.5	B
TFAP2C	SPATS2L	0.5	B
TFAP2C	SPOCK1	0.5	B
TFAP2C	SPRED2	0.5	B
TFAP2C	SPSB1	0.5	B
TFAP2C	SPTB	0.5	B
TFAP2C	SPTBN1	0.5	B
TFAP2C	SRGAP3	0.5	B
TFAP2C	SSBP3	0.5	B
TFAP2C	ST3GAL5	0.5	B
TFAP2C	SORCS2	0.5	B
TFAP2C	ST6GAL1	0.5	B
TFAP2C	STARD13	0.5	B
TFAP2C	STK10	0.5	B
TFAP2C	STK3	0.5	B
TFAP2C	STXBP1	0.5	B
TFAP2C	SULF2	0.5	B
TFAP2C	SUMO1P1	0.5	B
TFAP2C	SVIL	0.5	B
TFAP2C	SYN3	0.5	B
TFAP2C	SYNE1	0.5	B
ZNF263	CDC42EP4	0.5	B
TFAP2C	STAP2	0.5	B
TFAP2C	SEMA4B	0.5	B
TFAP2C	SNX29	0.5	B
TFAP2C	SMYD3	0.5	B
TFAP2C	SH2D3A	0.5	B
TFAP2C	SH3BP4	0.5	B
TFAP2C	SH3BP5	0.5	B
TFAP2C	SH3PXD2A	0.5	B
TFAP2C	SH3PXD2B	0.5	B
TFAP2C	SHANK2	0.5	B
TFAP2C	SHROOM3	0.5	B
TFAP2C	SIL1	0.5	B
TFAP2C	SIPA1L1	0.5	B
TFAP2C	SIPA1L2	0.5	B
TFAP2C	SND1	0.5	B
TFAP2C	SIPA1L3	0.5	B
TFAP2C	SLC22A23	0.5	B
TFAP2C	SLC38A1	0.5	B
TFAP2C	SLC39A11	0.5	B
TFAP2C	SLC6A6	0.5	B
TFAP2C	SLC9A1	0.5	B
TFAP2C	SLCO2A1	0.5	B
TFAP2C	SLCO3A1	0.5	B
TFAP2C	SMAD3	0.5	B
ZNF263	CDH22	0.5	B
TFAP2C	SMOC1	0.5	B
TFAP2C	SKI	0.5	B
MITF	DPYSL2	0.5	B
STAT1	GLIS3	0.5	B
STAT1	GCNT2	0.5	B
PRDM14	PTMA	0.5	B
PRDM14	PTPRU	0.5	B
PRDM14	RAB25	0.5	B
PRDM14	RAI1	0.5	B
PRDM14	RASGRF1	0.5	B
PRDM14	RCOR2	0.5	B
PRDM14	RFX4	0.5	B
PRDM14	RGMA	0.5	B
PRDM14	RNF220	0.5	B
PRDM14	RPS6KA2	0.5	B
PRDM14	RPTOR	0.5	B
PRDM14	RSPO1	0.5	B
PRDM14	RUNX1	0.5	B
PRDM14	RUNX3	0.5	B
PRDM14	SDK2	0.5	B
ZNF263	KCNH2	0.5	B
PRDM14	SEMA4A	0.5	B
PRDM14	SEPTIN9	0.5	B
PRDM14	SFXN5	0.5	B
PRDM14	SH3BP4	0.5	B
PRDM14	SHANK2	0.5	B
PRDM14	PTH1R	0.5	B
PRDM14	PTCH1	0.5	B
PRDM14	PRMT8	0.5	B
PRDM14	PREX1	0.5	B
PRDM14	NFATC2	0.5	B
PRDM14	NFIA	0.5	B
PRDM14	NFIC	0.5	B
PRDM14	NGEF	0.5	B
PRDM14	NOL4L	0.5	B
PRDM14	NR4A1	0.5	B
PRDM14	NRP2	0.5	B
PRDM14	NTF3	0.5	B
PRDM14	NTN1	0.5	B
PRDM14	NTRK1	0.5	B
PRDM14	SIM2	0.5	B
PRDM14	NXN	0.5	B
PRDM14	PADI2	0.5	B
PRDM14	PAX7	0.5	B
PRDM14	PDGFRB	0.5	B
PRDM14	PEAR1	0.5	B
PRDM14	PHC2	0.5	B
PRDM14	PHLDB1	0.5	B
PRDM14	PKDCC	0.5	B
PRDM14	PKNOX2	0.5	B
PRDM14	PLEKHG5	0.5	B
PRDM14	PLXNA2	0.5	B
PRDM14	OTX1	0.5	B
PRDM14	SLC12A5	0.5	B
PRDM14	SLC22A23	0.5	B
PRDM14	SLIT3	0.5	B
PRDM14	WNT4	0.5	B
PRDM14	WNT5B	0.5	B
PRDM14	WWC1	0.5	B
PRDM14	XXYLT1	0.5	B
PRDM14	ZBTB17	0.5	B
PRDM14	ZBTB7B	0.5	B
PRDM14	ZDHHC14	0.5	B
PRDM14	ZMIZ1	0.5	B
PRDM14	ZMYND8	0.5	B
PRDM14	ZNF423	0.5	B
PRDM14	WNT3A	0.5	B
RARA	HDAC7	0.5	B
RARA	LMNA	0.5	B
RARA	PNRC1	0.5	B
RUNX1	RARA	0.5	B
RARA	SEPTIN9	0.5	B
RARA	SLC16A3	0.5	B
RARA	SMARCA2	0.5	B
RARA	SOS1	0.5	B
STAT5B	RARA	0.5	B
ZNF263	KCNAB2	0.5	B
ZNF263	ITPR1	0.5	B
RARA	KHSRP	0.5	B
PRDM14	NECTIN1	0.5	B
PRDM14	UNC5A	0.5	B
PRDM14	TSPAN9	0.5	B
PRDM14	SMAD6	0.5	B
PRDM14	SOX13	0.5	B
PRDM14	SOX9	0.5	B
PRDM14	SREBF1	0.5	B
PRDM14	STUM	0.5	B
PRDM14	SYNDIG1	0.5	B
PRDM14	TACC2	0.5	B
PRDM14	TAL1	0.5	B
PRDM14	TBC1D16	0.5	B
PRDM14	TBCD	0.5	B
PRDM14	TTC7A	0.5	B
PRDM14	TCF7L1	0.5	B
PRDM14	TENT5B	0.5	B
PRDM14	TFAP2A	0.5	B
PRDM14	TMCO4	0.5	B
PRDM14	TMEM59L	0.5	B
PRDM14	TNS1	0.5	B
PRDM14	TNS3	0.5	B
PRDM14	TP53I11	0.5	B
PRDM14	TRIM2	0.5	B
PRDM14	TRIO	0.5	B
PRDM14	TSPAN18	0.5	B
PRDM14	TENM4	0.5	B
PRDM14	NADK	0.5	B
PRDM14	MNT	0.5	B
PRDM14	MGAT5B	0.5	B
PRDM14	CCDC57	0.5	B
PRDM14	CCND2	0.5	B
PRDM14	CD6	0.5	B
PRDM14	CD9	0.5	B
PRDM14	CDC42BPG	0.5	B
PRDM14	CDC42EP4	0.5	B
PRDM14	CDH23	0.5	B
PRDM14	CDYL	0.5	B
PRDM14	COBL	0.5	B
PRDM14	COL2A1	0.5	B
PRDM14	CCDC33	0.5	B
PRDM14	CORO2B	0.5	B
PRDM14	CPLX2	0.5	B
PRDM14	CROCC	0.5	B
PRDM14	CSMD2	0.5	B
PRDM14	CXCL12	0.5	B
PRDM14	CYP26B1	0.5	B
PRDM14	DAB2IP	0.5	B
PRDM14	DGKG	0.5	B
PRDM14	DGKZ	0.5	B
PRDM14	DLGAP4	0.5	B
PRDM14	DLL4	0.5	B
PRDM14	CPAMD8	0.5	B
PRDM14	DNMT3A	0.5	B
PRDM14	CACNA1G	0.5	B
PRDM14	CA4	0.5	B
PRDM14	AGAP3	0.5	B
PRDM14	AGPAT3	0.5	B
PRDM14	AHDC1	0.5	B
PRDM14	AHNAK	0.5	B
PRDM14	AJAP1	0.5	B
PRDM14	ALK	0.5	B
PRDM14	AMPD3	0.5	B
PRDM14	ANO1	0.5	B
PRDM14	ARHGEF10L	0.5	B
PRDM14	ARHGEF17	0.5	B
PRDM14	CACNA1C	0.5	B
PRDM14	ARHGEF2	0.5	B
PRDM14	ARID1B	0.5	B
PRDM14	ARID5A	0.5	B
PRDM14	ASS1	0.5	B
PRDM14	ATP13A2	0.5	B
PRDM14	AUTS2	0.5	B
PRDM14	AXIN2	0.5	B
PRDM14	BCAR3	0.5	B
PRDM14	BCL11A	0.5	B
PRDM14	BCOR	0.5	B
PRDM14	BMP7	0.5	B
PRDM14	ARID1A	0.5	B
RBPJ	FNDC3B	0.5	B
PRDM14	DPYSL5	0.5	B
PRDM14	ECE1	0.5	B
PRDM14	INHBB	0.5	B
PRDM14	ISLR2	0.5	B
PRDM14	ITGA11	0.5	B
PRDM14	ITPKB	0.5	B
PRDM14	KAZN	0.5	B
PRDM14	KCNAB2	0.5	B
PRDM14	KDM4B	0.5	B
PRDM14	KDM6B	0.5	B
PRDM14	KIRREL1	0.5	B
PRDM14	KIRREL3	0.5	B
PRDM14	IGF2R	0.5	B
PRDM14	KLHDC7A	0.5	B
PRDM14	LINGO1	0.5	B
PRDM14	LRRK1	0.5	B
PRDM14	MACF1	0.5	B
PRDM14	MAD1L1	0.5	B
PRDM14	MAP7D1	0.5	B
PRDM14	MATN1	0.5	B
PRDM14	MCF2L	0.5	B
PRDM14	MEF2D	0.5	B
PRDM14	MEGF6	0.5	B
PRDM14	MEIS1	0.5	B
PRDM14	LHX2	0.5	B
PRDM14	DYSF	0.5	B
PRDM14	IGF1R	0.5	B
PRDM14	HES2	0.5	B
PRDM14	EFNB1	0.5	B
PRDM14	EPB41L1	0.5	B
PRDM14	EPHB3	0.5	B
PRDM14	EVA1B	0.5	B
PRDM14	FAM131C	0.5	B
PRDM14	FAM174B	0.5	B
PRDM14	FHAD1	0.5	B
PRDM14	FOSL2	0.5	B
PRDM14	FOXO6	0.5	B
PRDM14	GATA2	0.5	B
PRDM14	IGDCC4	0.5	B
PRDM14	GATAD2A	0.5	B
PRDM14	GMDS	0.5	B
PRDM14	GPC1	0.5	B
PRDM14	GPRC5C	0.5	B
PRDM14	GRAMD1B	0.5	B
PRDM14	GRB10	0.5	B
PRDM14	GRHL3	0.5	B
PRDM14	GRIK4	0.5	B
PRDM14	GRK2	0.5	B
PRDM14	GSE1	0.5	B
PRDM14	HDAC5	0.5	B
PRDM14	GLI2	0.5	B
RBPJ	WIPF1	0.5	B
RELA	ALCAM	0.5	B
RELA	CMIP	0.5	B
RUNX1	MGRN1	0.5	B
RUNX1	MSI2	0.5	B
RUNX1	MTSS1	0.5	B
RUNX1	MVB12B	0.5	B
RUNX1	NBAS	0.5	B
RUNX1	NCK2	0.5	B
RUNX1	NCOR2	0.5	B
RUNX1	NEDD9	0.5	B
RUNX1	NEK7	0.5	B
RUNX1	NOL4L	0.5	B
RUNX1	MCTP2	0.5	B
RUNX1	NUP210	0.5	B
RUNX1	PAG1	0.5	B
RUNX1	PAM	0.5	B
RUNX1	PARD3B	0.5	B
RUNX1	PARVB	0.5	B
RUNX1	PCNX2	0.5	B
RUNX1	PDE1C	0.5	B
RUNX1	PHACTR1	0.5	B
RUNX1	PHC2	0.5	B
RUNX1	PHLPP1	0.5	B
RUNX1	PIK3R1	0.5	B
RUNX1	OSBPL3	0.5	B
RUNX1	PIP4K2A	0.5	B
RUNX1	MCTP1	0.5	B
RUNX1	MBNL1	0.5	B
RUNX1	IQGAP2	0.5	B
RUNX1	IQSEC1	0.5	B
RUNX1	ITGA9	0.5	B
RUNX1	ITGAE	0.5	B
RUNX1	ITPR2	0.5	B
RUNX1	JCAD	0.5	B
RUNX1	JMJD1C	0.5	B
RUNX1	KAT6B	0.5	B
RUNX1	KCNMA1	0.5	B
RUNX1	KDM4B	0.5	B
RUNX1	MBP	0.5	B
RUNX1	LDLRAD4	0.5	B
RUNX1	LINC00299	0.5	B
RUNX1	LMO2	0.5	B
RUNX1	LPP	0.5	B
RUNX1	MACF1	0.5	B
RUNX1	MAD1L1	0.5	B
RUNX1	MAML3	0.5	B
RUNX1	MAN1C1	0.5	B
RUNX1	MAP3K5	0.5	B
RUNX1	MAP4K4	0.5	B
RUNX1	MAST4	0.5	B
RUNX1	LIMCH1	0.5	B
RUNX1	INPP5A	0.5	B
RUNX1	PKIG	0.5	B
RUNX1	PLCL2	0.5	B
ZNF263	IQSEC2	0.5	B
RUNX1	RPTOR	0.5	B
RUNX1	SAMD4A	0.5	B
RUNX1	SCARB1	0.5	B
RUNX1	SEMA4D	0.5	B
RUNX1	SEPTIN9	0.5	B
RUNX1	SERINC5	0.5	B
RUNX1	SGMS1	0.5	B
RUNX1	SH3BP5	0.5	B
RUNX1	SH3KBP1	0.5	B
RUNX1	RNASEH2B	0.5	B
RUNX1	SH3TC1	0.5	B
RUNX1	SIL1	0.5	B
RUNX1	SIPA1L1	0.5	B
RUNX1	SIPA1L2	0.5	B
RUNX1	SLA	0.5	B
RUNX1	SLC38A1	0.5	B
RUNX1	SLC39A11	0.5	B
RUNX1	SLCO3A1	0.5	B
RUNX1	SLX4IP	0.5	B
RUNX1	SMARCA2	0.5	B
RUNX1	SMG6	0.5	B
RUNX1	SHANK2	0.5	B
RUNX1	PLCB1	0.5	B
RUNX1	RIN3	0.5	B
RUNX1	RGS9	0.5	B
RUNX1	PLEC	0.5	B
RUNX1	PLXNA2	0.5	B
RUNX1	POLR1A	0.5	B
RUNX1	PPM1H	0.5	B
RUNX1	PREX1	0.5	B
RUNX1	PRKCE	0.5	B
RUNX1	PRKCH	0.5	B
RUNX1	PSMA1	0.5	B
RUNX1	PTK2	0.5	B
RUNX1	PTK2B	0.5	B
ZNF263	ITGB2	0.5	B
RUNX1	PTP4A2	0.5	B
RUNX1	RAB27B	0.5	B
RUNX1	RABGAP1L	0.5	B
RUNX1	RAD51B	0.5	B
RUNX1	RAI1	0.5	B
RUNX1	RAP1GAP2	0.5	B
RUNX1	RASSF5	0.5	B
RUNX1	RERE	0.5	B
RUNX1	RGS12	0.5	B
RUNX1	RGS3	0.5	B
RUNX1	RGS6	0.5	B
RUNX1	PTPRE	0.5	B
PRDM14	AGAP1	0.5	B
RUNX1	INPP4B	0.5	B
RUNX1	IGF2R	0.5	B
RUNX1	ADRB1	0.5	B
RUNX1	AFF3	0.5	B
RUNX1	AGPAT3	0.5	B
RUNX1	AHI1	0.5	B
RUNX1	AKAP13	0.5	B
RUNX1	AKNA	0.5	B
RUNX1	ALDH1A2	0.5	B
RUNX1	AMPD3	0.5	B
RUNX1	ANKRD28	0.5	B
RUNX1	ANKS1A	0.5	B
RUNX1	ADD3	0.5	B
RUNX1	ARHGAP25	0.5	B
RUNX1	ARL4C	0.5	B
RUNX1	ARSG	0.5	B
RUNX1	ASAP1	0.5	B
RUNX1	ATG13	0.5	B
RUNX1	ATP6V0A1	0.5	B
RUNX1	AUTS2	0.5	B
RUNX1	BAHCC1	0.5	B
RUNX1	BCAR3	0.5	B
RUNX1	CACNB4	0.5	B
RUNX1	CCDC88C	0.5	B
RUNX1	ARHGEF3	0.5	B
RUNX1	CD226	0.5	B
RUNX1	ABLIM1	0.5	B
RFX5	PSMB8	0.5	B
RELA	DUSP22	0.5	B
RELA	ENTPD1	0.5	B
RELA	ETV6	0.5	B
RELA	HIVEP2	0.5	B
RELA	PFKFB3	0.5	B
RELA	SMAD3	0.5	B
RELA	TNIP1	0.5	B
RELA	TRAF3	0.5	B
RELB	CD44	0.5	B
ZNF263	ITPKB	0.5	B
RFX5	TSPAN3	0.5	B
RELB	IL15	0.5	B
RELB	TNIP1	0.5	B
RFX1	FBRS	0.5	B
RFX1	MZF1	0.5	B
RFX1	STK32C	0.5	B
RFX1	VRK3	0.5	B
RFX5	BTN2A1	0.5	B
RFX5	BTN2A2	0.5	B
RFX5	BTN3A1	0.5	B
RFX5	BTN3A2	0.5	B
RFX5	MR1	0.5	B
RELB	IRF1	0.5	B
RUNX1	IL6R	0.5	B
RUNX1	CD82	0.5	B
RUNX1	CHI3L2	0.5	B
RUNX1	FCMR	0.5	B
RUNX1	FGGY	0.5	B
RUNX1	FGR	0.5	B
RUNX1	FHIT	0.5	B
RUNX1	FKBP5	0.5	B
RUNX1	FLT1	0.5	B
RUNX1	FNDC3B	0.5	B
RUNX1	FNIP2	0.5	B
RUNX1	FOXJ3	0.5	B
RUNX1	FOXN3	0.5	B
RUNX1	FCHSD2	0.5	B
RUNX1	FRYL	0.5	B
RUNX1	GAS7	0.5	B
RUNX1	GATAD2A	0.5	B
RUNX1	GMDS	0.5	B
RUNX1	GSAP	0.5	B
RUNX1	GSE1	0.5	B
RUNX1	GTDC1	0.5	B
RUNX1	HBS1L	0.5	B
RUNX1	HDAC4	0.5	B
ZNF263	ITPK1	0.5	B
RUNX1	HOMER2	0.5	B
RUNX1	GALNT2	0.5	B
RUNX1	CDH23	0.5	B
RUNX1	FBXW11	0.5	B
RUNX1	EXOC4	0.5	B
RUNX1	CHN2	0.5	B
RUNX1	CLEC16A	0.5	B
RUNX1	CLNK	0.5	B
RUNX1	CREB5	0.5	B
RUNX1	CSGALNACT1	0.5	B
RUNX1	CTNNA1	0.5	B
RUNX1	CTNND2	0.5	B
RUNX1	CYTH1	0.5	B
RUNX1	CYTH4	0.5	B
RUNX1	DAB2IP	0.5	B
RUNX1	FAM107B	0.5	B
RUNX1	DAPK1	0.5	B
RUNX1	DIS3L2	0.5	B
RUNX1	DLEU1	0.5	B
RUNX1	DNAJB12	0.5	B
RUNX1	DNAJB6	0.5	B
RUNX1	DOCK5	0.5	B
RUNX1	DUSP10	0.5	B
RUNX1	ELMO1	0.5	B
RUNX1	EPS15L1	0.5	B
RUNX1	ESYT2	0.5	B
RUNX1	EVL	0.5	B
RUNX1	DENND1A	0.5	B
PRDM14	ADAMTS2	0.5	B
PRDM14	ABCA4	0.5	B
PPARG	SUSD1	0.5	B
MITF	NFATC2	0.5	B
MITF	NFIA	0.5	B
MITF	NFIB	0.5	B
MITF	NOL4L	0.5	B
MITF	NPAS3	0.5	B
MITF	NPC1	0.5	B
MITF	NRG3	0.5	B
MITF	NRP2	0.5	B
MITF	NRXN1	0.5	B
MITF	NSMAF	0.5	B
MITF	NEK6	0.5	B
MITF	NSMCE2	0.5	B
MITF	OGDH	0.5	B
MITF	OSBPL3	0.5	B
MITF	OSBPL9	0.5	B
MITF	OTUD7B	0.5	B
MITF	PACRG	0.5	B
MITF	PACSIN2	0.5	B
MITF	PARVA	0.5	B
MITF	PCBP1	0.5	B
MITF	PDE4B	0.5	B
MITF	PDE4D	0.5	B
MITF	NUP93	0.5	B
MITF	PDE8A	0.5	B
MITF	NEDD9	0.5	B
MITF	NDUFAF6	0.5	B
MITF	MICAL2	0.5	B
MITF	MICAL3	0.5	B
MITF	MID1	0.5	B
MITF	MIDEAS	0.5	B
MITF	MLPH	0.5	B
MITF	MME	0.5	B
MITF	MPZL1	0.5	B
MITF	MRTFB	0.5	B
MITF	MSI2	0.5	B
MITF	MTSS1	0.5	B
MITF	NEDD4L	0.5	B
MITF	MTUS1	0.5	B
MITF	MYLK	0.5	B
MITF	MYO16	0.5	B
MITF	MYO1E	0.5	B
MITF	MYO5A	0.5	B
MITF	NARF	0.5	B
MITF	NAV2	0.5	B
MITF	NCALD	0.5	B
MITF	NCK2	0.5	B
MITF	NCOR2	0.5	B
MITF	NDST1	0.5	B
MITF	MYH10	0.5	B
MITF	MGLL	0.5	B
MITF	PDZD2	0.5	B
MITF	PHACTR1	0.5	B
MITF	PTPRM	0.5	B
MITF	RAD51B	0.5	B
MITF	RAP1GAP	0.5	B
MITF	RAPGEF1	0.5	B
MITF	RASA3	0.5	B
MITF	RASGRF1	0.5	B
MITF	RBFOX1	0.5	B
MITF	RBMS1	0.5	B
MITF	RBPJ	0.5	B
MITF	RELN	0.5	B
MITF	PTPRJ	0.5	B
MITF	RERE	0.5	B
MITF	RGS3	0.5	B
MITF	RNF115	0.5	B
MITF	RNF144A	0.5	B
MITF	RNF146	0.5	B
MITF	RNF220	0.5	B
MITF	RPGR	0.5	B
MITF	RPS6KA2	0.5	B
MITF	RPTOR	0.5	B
MITF	RREB1	0.5	B
MITF	RTN4	0.5	B
MITF	RGL1	0.5	B
MITF	PFKFB3	0.5	B
MITF	PTCH1	0.5	B
MITF	PRUNE2	0.5	B
MITF	PHACTR3	0.5	B
MITF	PHC2	0.5	B
MITF	PHGDH	0.5	B
MITF	PIP4K2A	0.5	B
MITF	PLA2G6	0.5	B
MITF	PLB1	0.5	B
MITF	PLD1	0.5	B
MITF	PLEKHA7	0.5	B
MITF	PLEKHG3	0.5	B
MITF	PLXNA2	0.5	B
MITF	PSAP	0.5	B
MITF	PLXNC1	0.5	B
MITF	POU6F2	0.5	B
MITF	PPM1H	0.5	B
MITF	PPP2R5C	0.5	B
MITF	PPP6R3	0.5	B
MITF	PREX1	0.5	B
MITF	PRKAG2	0.5	B
MITF	PRKCE	0.5	B
MITF	PRKCH	0.5	B
MITF	PRKN	0.5	B
MITF	PRRC2B	0.5	B
MITF	POLR1A	0.5	B
MITF	RUNX1	0.5	B
MITF	MGA	0.5	B
MITF	MDGA2	0.5	B
MITF	FNIP2	0.5	B
MITF	FOXK1	0.5	B
MITF	FOXN3	0.5	B
MITF	FOXO3	0.5	B
MITF	FOXP1	0.5	B
MITF	FRMD4A	0.5	B
MITF	FRMD4B	0.5	B
MITF	FTO	0.5	B
MITF	FYN	0.5	B
MITF	GABBR2	0.5	B
MITF	FNDC3B	0.5	B
MITF	GARNL3	0.5	B
MITF	GATAD2A	0.5	B
MITF	GLMP	0.5	B
MITF	GMDS	0.5	B
MITF	GMPR	0.5	B
MITF	GPAT4	0.5	B
MITF	GPR137B	0.5	B
MITF	GRAP2	0.5	B
MITF	GRB10	0.5	B
MITF	GRIK3	0.5	B
MITF	GSE1	0.5	B
MITF	GAS7	0.5	B
MITF	GSN	0.5	B
MITF	FMN1	0.5	B
MITF	FHAD1	0.5	B
MITF	DTNB	0.5	B
MITF	DTNBP1	0.5	B
MITF	DYM	0.5	B
MITF	DYRK1A	0.5	B
MITF	ECE1	0.5	B
MITF	EEF2K	0.5	B
MITF	EFCAB6	0.5	B
MITF	EGFR	0.5	B
MITF	EGLN3	0.5	B
MITF	EMP1	0.5	B
MITF	FKBP5	0.5	B
MITF	EPG5	0.5	B
MITF	ERG	0.5	B
MITF	ETS1	0.5	B
MITF	ETV4	0.5	B
MITF	ETV5	0.5	B
MITF	ETV6	0.5	B
MITF	EEIG1	0.5	B
MITF	FAM13A	0.5	B
MITF	FAM178B	0.5	B
MITF	FARP1	0.5	B
MITF	FGGY	0.5	B
MITF	EPHB1	0.5	B
MITF	MED15	0.5	B
MITF	GTDC1	0.5	B
MITF	HHAT	0.5	B
MITF	LHFPL2	0.5	B
MITF	LHFPL3	0.5	B
MITF	LIMD1	0.5	B
MITF	LINC00322	0.5	B
MITF	LINGO1	0.5	B
MITF	LITAF	0.5	B
MITF	LMNA	0.5	B
MITF	LNPK	0.5	B
MITF	LPP	0.5	B
MITF	LRCH1	0.5	B
MITF	LDLRAD3	0.5	B
MITF	LSAMP	0.5	B
MITF	MACROD2	0.5	B
MITF	MAD1L1	0.5	B
MITF	MAEA	0.5	B
MITF	MAN1C1	0.5	B
MITF	MAP4K4	0.5	B
ZNF263	KIF1A	0.5	B
MITF	MBP	0.5	B
MITF	MCC	0.5	B
MITF	MCF2L	0.5	B
MITF	MCF2L2	0.5	B
MITF	MACF1	0.5	B
MITF	HDAC4	0.5	B
MITF	LARP1	0.5	B
MITF	KLHDC4	0.5	B
MITF	HIVEP2	0.5	B
MITF	HIVEP3	0.5	B
MITF	HPCAL1	0.5	B
MITF	ICA1	0.5	B
MITF	IGF1R	0.5	B
MITF	IGF2BP2	0.5	B
MITF	IGF2R	0.5	B
MITF	IL16	0.5	B
MITF	INPP4B	0.5	B
MITF	IQSEC1	0.5	B
MITF	LARGE1	0.5	B
MITF	ITGB5	0.5	B
MITF	ITPKB	0.5	B
ZNF263	KLHL29	0.5	B
MITF	JARID2	0.5	B
MITF	JAZF1	0.5	B
MITF	KCNAB2	0.5	B
MITF	KDM4B	0.5	B
MITF	KDM4C	0.5	B
MITF	KIAA0930	0.5	B
MITF	KIAA1671	0.5	B
MITF	KIF6	0.5	B
MITF	ITGB6	0.5	B
RUNX1	SMYD3	0.5	B
MITF	SAMD4A	0.5	B
MITF	SCARB1	0.5	B
NFE2L2	TGIF1	0.5	B
NFIC	APP	0.5	B
NFIC	ARID1A	0.5	B
NFIC	MBP	0.5	B
NFIC	NDST1	0.5	B
NFIC	TNS1	0.5	B
TP53	NFIC	0.5	B
NFKB1	ARID1A	0.5	B
NFKB1	CCL17	0.5	B
NFKB1	CD274	0.5	B
NFE2L1	PARVA	0.5	B
NFKB1	CD44	0.5	B
TFAP2A	ESR1	0.5	B
NFKB1	GATAD2A	0.5	B
NFKB1	HNRNPL	0.5	B
NFKB1	IL15RA	0.5	B
NFKB1	IL1R1	0.5	B
NFKB1	IL4R	0.5	B
NFKB1	KCNMA1	0.5	B
NFKB2	BCL3	0.5	B
NFKB2	CD58	0.5	B
NFKB2	NEURL3	0.5	B
NFKB1	FSCN1	0.5	B
NFKB2	RARA	0.5	B
NFATC1	NEDD9	0.5	B
NFATC1	CREB5	0.5	B
MNT	PLEC	0.5	B
MNT	SH3BP2	0.5	B
MXI1	CAST	0.5	B
MXI1	CTBP2	0.5	B
MXI1	DST	0.5	B
MXI1	FAM13A	0.5	B
MXI1	SSBP3	0.5	B
MYB	KCNMA1	0.5	B
ZNF263	KIAA0513	0.5	B
MYC	CMIP	0.5	B
NFATC1	FYN	0.5	B
MYC	GMDS	0.5	B
MYC	PTPRF	0.5	B
MYC	RAB11A	0.5	B
MYC	RPS6KA2	0.5	B
ZNF263	KDM2B	0.5	B
MYC	SLC1A5	0.5	B
MYC	TRIB1	0.5	B
MYC	UBE2D3	0.5	B
MYC	ZFP36L2	0.5	B
MYCN	PRR5	0.5	B
NEUROD1	GRM4	0.5	B
MYC	IER2	0.5	B
MNT	GATAD2A	0.5	B
NFKB2	TNFAIP3	0.5	B
NFKB2	TRAF1	0.5	B
NRF1	OTUD5	0.5	B
RUNX3	PAX5	0.5	B
PBX2	PHF21A	0.5	B
PBX3	MEIS2	0.5	B
PBX3	PBX1	0.5	B
PGR	ADD3	0.5	B
ZNF263	KCNQ1	0.5	B
PGR	UST	0.5	B
POU2F1	ERVW-1	0.5	B
POU2F1	H2BC5	0.5	B
NRF1	KDM2A	0.5	B
POU2F2	LRRK1	0.5	B
POU2F2	POU2AF1	0.5	B
STAT1	POU2F2	0.5	B
POU2F2	STK10	0.5	B
KLF1	HBB	0.5	B
PPARA	PDHA1	0.5	B
PPARG	ACACB	0.5	B
PPARG	ACSL3	0.5	B
PPARG	ACSL5	0.5	B
PPARG	CPT1A	0.5	B
PPARG	SORBS1	0.5	B
POU2F2	LYN	0.5	B
NFKB2	TNIP1	0.5	B
NRF1	CRTC1	0.5	B
NR3C1	GTDC1	0.5	B
NFYA	AP3M2	0.5	B
NFYA	CD74	0.5	B
NFYA	ZNF608	0.5	B
NFYB	CCNB1	0.5	B
NFYB	CREBRF	0.5	B
NFYB	CRYZL1	0.5	B
NFYB	PCNA	0.5	B
NR1H2	FASN	0.5	B
NR1H2	PPARG	0.5	B
NR2C2	ASXL1	0.5	B
NR3C1	ZBTB38	0.5	B
NR2C2	GCC2	0.5	B
NR2C2	TAF2	0.5	B
NR2F2	ARHGEF2	0.5	B
NR2F2	LTBP4	0.5	B
ZNF263	KCP	0.5	B
ZNF263	KCNQ2	0.5	B
NR2F2	RFTN1	0.5	B
NR2F2	TNS1	0.5	B
NR2F6	AGPAT3	0.5	B
NR2F6	RAB11FIP4	0.5	B
NR3C1	ASAP2	0.5	B
NR2C2	SNRNP200	0.5	B
MITF	SASH1	0.5	B
MITF	ZNRF1	0.5	B
MITF	ZNF608	0.5	B
MITF	SOD2	0.5	B
MITF	SORBS1	0.5	B
MITF	SORBS2	0.5	B
MITF	SOX6	0.5	B
MITF	SPART	0.5	B
MITF	SPIRE1	0.5	B
MITF	SPOCK1	0.5	B
MITF	SPTBN1	0.5	B
MITF	SSBP3	0.5	B
MITF	SSH1	0.5	B
MITF	SNX9	0.5	B
MITF	ST3GAL6	0.5	B
ZNF263	NHSL3	0.5	B
MITF	STAT3	0.5	B
MITF	STK10	0.5	B
MITF	STK32B	0.5	B
MITF	STXBP1	0.5	B
MITF	STXBP5	0.5	B
MITF	SVIL	0.5	B
MITF	SYN3	0.5	B
MITF	SYNE2	0.5	B
MITF	TACC1	0.5	B
MITF	ST6GAL1	0.5	B
MITF	TAFA5	0.5	B
MITF	SNX8	0.5	B
MITF	SND1	0.5	B
MITF	SCRN1	0.5	B
MITF	SDK1	0.5	B
MITF	SEMA5A	0.5	B
MITF	SEPTIN9	0.5	B
MITF	SERINC5	0.5	B
MITF	SH3KBP1	0.5	B
MITF	SH3PXD2B	0.5	B
MITF	SHANK2	0.5	B
MITF	SIL1	0.5	B
MITF	SIPA1L2	0.5	B
MITF	SNX29	0.5	B
MITF	SIPA1L3	0.5	B
MITF	SLC23A2	0.5	B
MITF	SLC25A26	0.5	B
MITF	SLC39A11	0.5	B
MITF	SLC44A1	0.5	B
MITF	SLC44A3	0.5	B
MITF	SLC7A1	0.5	B
MITF	SLC8A1	0.5	B
MITF	SLC9A1	0.5	B
MITF	SLCO3A1	0.5	B
MITF	SLIT3	0.5	B
MITF	SLC22A23	0.5	B
MITF	ZNF704	0.5	B
MITF	TBC1D14	0.5	B
MITF	TEX2	0.5	B
MITF	USP48	0.5	B
MITF	USP6NL	0.5	B
MITF	UST	0.5	B
MITF	UTP25	0.5	B
MITF	VAC14	0.5	B
MITF	VAPA	0.5	B
MITF	VAV3	0.5	B
MITF	VGLL4	0.5	B
MITF	VPS13D	0.5	B
MITF	VPS53	0.5	B
MITF	ULK4	0.5	B
MITF	WDFY1	0.5	B
MITF	XPNPEP1	0.5	B
MITF	XXYLT1	0.5	B
MITF	XYLT1	0.5	B
MITF	ZBTB38	0.5	B
MITF	ZHX3	0.5	B
MITF	ZMIZ1	0.5	B
MITF	ZMYND8	0.5	B
MITF	ZNF131	0.5	B
MITF	ZNF365	0.5	B
MITF	ZNF521	0.5	B
MITF	WWP2	0.5	B
MITF	TENM4	0.5	B
MITF	UBE4B	0.5	B
MITF	TSPAN9	0.5	B
MITF	THADA	0.5	B
MITF	TIAM1	0.5	B
MITF	TLE3	0.5	B
MITF	TLN2	0.5	B
MITF	TMCC2	0.5	B
MITF	TMEM131	0.5	B
MITF	TMEM132B	0.5	B
MITF	TMEM163	0.5	B
MITF	TMEM229B	0.5	B
MITF	TNRC6B	0.5	B
MITF	TTLL4	0.5	B
MITF	TNS3	0.5	B
MITF	TPCN2	0.5	B
MITF	TRAK1	0.5	B
MITF	TRAPPC9	0.5	B
MITF	TRIB1	0.5	B
MITF	TRIM2	0.5	B
MITF	TRIO	0.5	B
MITF	TRPM8	0.5	B
MITF	TRPS1	0.5	B
MITF	TSC22D2	0.5	B
MITF	TSPAN14	0.5	B
MITF	TOM1	0.5	B
RUNX1	SND1	0.5	B
RUNX1	SPIDR	0.5	B
RUNX1	SPRED2	0.5	B
SPI1	PLA2G4A	0.5	B
SPI1	PLCB1	0.5	B
SPI1	PLCG2	0.5	B
SPI1	PLCL1	0.5	B
SPI1	PLCL2	0.5	B
SPI1	PLD1	0.5	B
SPI1	PLEKHA2	0.5	B
SPI1	PLXNA2	0.5	B
SPI1	PLXNC1	0.5	B
SPI1	POLD4	0.5	B
SPI1	PIK3R5	0.5	B
SPI1	PPCDC	0.5	B
SPI1	PPIB	0.5	B
SPI1	PPM1H	0.5	B
SPI1	PPP3CA	0.5	B
SPI1	PRKAG2	0.5	B
SPI1	PRKCB	0.5	B
SPI1	PRKCE	0.5	B
SPI1	PRKCH	0.5	B
SPI1	PRR5L	0.5	B
SPI1	PSD4	0.5	B
SPI1	PSMB3	0.5	B
SPI1	PPFIBP2	0.5	B
SPI1	PTK2	0.5	B
SPI1	PIK3R1	0.5	B
SPI1	PICALM	0.5	B
SPI1	NEDD4L	0.5	B
SPI1	NEDD9	0.5	B
SPI1	NEK7	0.5	B
SPI1	NFKB1	0.5	B
SPI1	NIBAN1	0.5	B
SPI1	NOD2	0.5	B
SPI1	NRCAM	0.5	B
SPI1	NRXN2	0.5	B
SPI1	NSMCE2	0.5	B
SPI1	NUP210	0.5	B
SPI1	PIK3CG	0.5	B
SPI1	OSBPL3	0.5	B
SPI1	PAM	0.5	B
SPI1	PCNX2	0.5	B
SPI1	PDE4B	0.5	B
SPI1	PDE4D	0.5	B
SPI1	PDE8A	0.5	B
SPI1	PHACTR1	0.5	B
SPI1	PHACTR2	0.5	B
SPI1	PHC2	0.5	B
SPI1	PHLPP1	0.5	B
SPI1	PHTF2	0.5	B
SPI1	PACSIN2	0.5	B
SPI1	NCOR2	0.5	B
SPI1	PTK2B	0.5	B
SPI1	RAB31	0.5	B
SPI1	SH3BP2	0.5	B
SPI1	SH3BP5	0.5	B
SPI1	SIK3	0.5	B
SPI1	SIL1	0.5	B
SPI1	SIPA1L1	0.5	B
SPI1	SIPA1L3	0.5	B
SPI1	SLC6A6	0.5	B
SPI1	SLC8A1	0.5	B
SPI1	SLC9A1	0.5	B
ZNF263	GNAO1	0.5	B
SPI1	SGMS1	0.5	B
SPI1	SLCO3A1	0.5	B
SPI1	SMAD3	0.5	B
SPI1	SMYD3	0.5	B
SPI1	SND1	0.5	B
SPI1	SNX10	0.5	B
SPI1	SORL1	0.5	B
SPI1	SPAG9	0.5	B
SPI1	SPATS2L	0.5	B
SPI1	SPIDR	0.5	B
SPI1	SPRED2	0.5	B
SPI1	SPTBN1	0.5	B
SPI1	SMAD2	0.5	B
SPI1	PTPRJ	0.5	B
SPI1	SEPTIN9	0.5	B
SPI1	SEC14L1	0.5	B
SPI1	RABGAP1L	0.5	B
SPI1	RAD51B	0.5	B
SPI1	RAP1GAP2	0.5	B
SPI1	RAPGEF1	0.5	B
SPI1	RAPGEF6	0.5	B
SPI1	RASA3	0.5	B
SPI1	RASSF2	0.5	B
SPI1	RBM47	0.5	B
SPI1	RBMS1	0.5	B
SPI1	RCAN1	0.5	B
SPI1	SEMA4D	0.5	B
ZNF263	GNAZ	0.5	B
SPI1	RFTN1	0.5	B
SPI1	RFX3	0.5	B
SPI1	RGS12	0.5	B
SPI1	RIN3	0.5	B
SPI1	RPS6KA1	0.5	B
SPI1	RPS6KA2	0.5	B
SPI1	RREB1	0.5	B
SPI1	RTN4	0.5	B
SPI1	SAMD4A	0.5	B
SPI1	SAMSN1	0.5	B
SPI1	RERE	0.5	B
SPI1	ST14	0.5	B
SPI1	NCOA1	0.5	B
SPI1	NCALD	0.5	B
SPI1	FNBP1	0.5	B
SPI1	FNDC3B	0.5	B
SPI1	FOXN3	0.5	B
SPI1	FOXP1	0.5	B
SPI1	FRMD4B	0.5	B
SPI1	FTO	0.5	B
SPI1	FYB1	0.5	B
SPI1	FYN	0.5	B
SPI1	GALNT10	0.5	B
SPI1	GALNT2	0.5	B
SPI1	FLT1	0.5	B
SPI1	GAS7	0.5	B
SPI1	GFOD1	0.5	B
SPI1	GNAQ	0.5	B
SPI1	GSAP	0.5	B
SPI1	GTDC1	0.5	B
SPI1	HDAC4	0.5	B
SPI1	HDAC9	0.5	B
SPI1	HERC1	0.5	B
SPI1	HIP1	0.5	B
SPI1	HIVEP3	0.5	B
SPI1	HPCAL1	0.5	B
SPI1	GATAD2A	0.5	B
SPI1	IER5	0.5	B
SPI1	FLNB	0.5	B
SPI1	FILIP1L	0.5	B
SPI1	DUSP10	0.5	B
SPI1	DUSP22	0.5	B
SPI1	ECE1	0.5	B
ZNF263	GSE1	0.5	B
SPI1	EGLN3	0.5	B
SPI1	EHMT1	0.5	B
SPI1	EIF4G3	0.5	B
SPI1	ELMO1	0.5	B
SPI1	ENTPD1	0.5	B
SPI1	EPB41L1	0.5	B
ZNF263	GRIP2	0.5	B
SPI1	ERC1	0.5	B
SPI1	EVI2B	0.5	B
SPI1	EXOC4	0.5	B
SPI1	FAM13A	0.5	B
SPI1	FBXW11	0.5	B
SPI1	FCGR2B	0.5	B
SPI1	FCHSD2	0.5	B
SPI1	FGD2	0.5	B
SPI1	FGGY	0.5	B
ZNF263	GRM4	0.5	B
SPI1	FHIT	0.5	B
SPI1	ETV6	0.5	B
SPI1	NCKAP1L	0.5	B
SPI1	IGF1R	0.5	B
SPI1	IL16	0.5	B
SPI1	LYN	0.5	B
SPI1	MACF1	0.5	B
SPI1	MAP3K5	0.5	B
SPI1	MAP4K4	0.5	B
SPI1	MAPKAPK2	0.5	B
SPI1	MARCHF1	0.5	B
SPI1	MARCHF3	0.5	B
SPI1	MBNL1	0.5	B
SPI1	MCF2L2	0.5	B
ZNF263	GRIN1	0.5	B
SPI1	LRRFIP1	0.5	B
SPI1	MCTP1	0.5	B
SPI1	MEF2C	0.5	B
SPI1	MGAT5	0.5	B
SPI1	MGLL	0.5	B
SPI1	MRTFA	0.5	B
SPI1	MTSS1	0.5	B
SPI1	MYCBP2	0.5	B
SPI1	MYH9	0.5	B
SPI1	MYO1B	0.5	B
SPI1	MYOF	0.5	B
SPI1	NBAS	0.5	B
SPI1	MCTP2	0.5	B
SPI1	IGF2R	0.5	B
SPI1	LRCH1	0.5	B
SPI1	LIMS1	0.5	B
SPI1	INPP4A	0.5	B
SPI1	INPP5A	0.5	B
SPI1	INPP5D	0.5	B
SPI1	IPCEF1	0.5	B
SPI1	IQGAP2	0.5	B
SPI1	IQSEC1	0.5	B
SPI1	IRF5	0.5	B
SPI1	ITPKB	0.5	B
SPI1	ITPR1	0.5	B
SPI1	ITPR2	0.5	B
SPI1	LPP	0.5	B
SPI1	JARID2	0.5	B
SPI1	KDM4C	0.5	B
SPI1	KIAA0930	0.5	B
SPI1	KIF18B	0.5	B
SPI1	KLF9	0.5	B
SPI1	KMO	0.5	B
SPI1	LCP1	0.5	B
SPI1	LDLRAD4	0.5	B
SPI1	LHFPL2	0.5	B
SPI1	LHPP	0.5	B
SPI1	LILRA2	0.5	B
SPI1	JMJD1C	0.5	B
SPI1	DTNB	0.5	B
SPI1	ST6GAL1	0.5	B
SPI1	STARD13	0.5	B
STAT1	CEMIP2	0.5	B
STAT1	CFAP46	0.5	B
STAT1	CFB	0.5	B
STAT1	CFLAR	0.5	B
STAT1	CHD9	0.5	B
STAT1	CHN2	0.5	B
STAT1	CHST15	0.5	B
STAT1	CLIP2	0.5	B
STAT1	CMKLR1	0.5	B
STAT1	CMTM7	0.5	B
STAT1	CELF1	0.5	B
STAT1	CPQ	0.5	B
STAT1	CUEDC1	0.5	B
STAT1	CUX1	0.5	B
STAT1	CYBB	0.5	B
ZNF263	GABBR2	0.5	B
STAT1	CYRIB	0.5	B
STAT1	CYTH1	0.5	B
STAT1	CYTH4	0.5	B
STAT1	DAPK1	0.5	B
STAT1	DENND3	0.5	B
STAT1	DGKG	0.5	B
STAT1	CRYBG1	0.5	B
STAT1	DIAPH1	0.5	B
STAT1	CDK6	0.5	B
STAT1	CDK19	0.5	B
STAT1	ATXN1	0.5	B
STAT1	BANP	0.5	B
STAT1	BCAR3	0.5	B
STAT1	BCAT1	0.5	B
STAT1	BCL11A	0.5	B
STAT1	BCL3	0.5	B
STAT1	BCOR	0.5	B
STAT1	BIN1	0.5	B
STAT1	BLVRA	0.5	B
STAT1	BTBD1	0.5	B
STAT1	CDK5RAP2	0.5	B
STAT1	CACNA1A	0.5	B
STAT1	CAST	0.5	B
STAT1	CCDC12	0.5	B
STAT1	CCDC88C	0.5	B
STAT1	CD180	0.5	B
STAT1	CD44	0.5	B
STAT1	CD82	0.5	B
STAT1	CD83	0.5	B
STAT1	CDC42EP3	0.5	B
STAT1	CDC42SE2	0.5	B
STAT1	CDH23	0.5	B
STAT1	CASP7	0.5	B
STAT1	ATR	0.5	B
STAT1	DLEU1	0.5	B
STAT1	DNAJB12	0.5	B
ZNF263	FLNC	0.5	B
STAT1	ERN1	0.5	B
STAT1	ETV6	0.5	B
STAT1	FAM78A	0.5	B
ZNF263	FIBCD1	0.5	B
STAT1	FCHSD2	0.5	B
STAT1	FGGY	0.5	B
STAT1	FHAD1	0.5	B
STAT1	FKBP5	0.5	B
STAT1	FNBP1	0.5	B
STAT1	ERGIC1	0.5	B
STAT1	FNDC3B	0.5	B
STAT1	FOXK1	0.5	B
ZNF263	FGFR3	0.5	B
ZNF263	FBRSL1	0.5	B
STAT1	FOXN3	0.5	B
ZNF263	FBRS	0.5	B
STAT1	FRMD4B	0.5	B
STAT1	FYB1	0.5	B
STAT1	FYN	0.5	B
STAT1	GAB2	0.5	B
STAT1	GAS7	0.5	B
STAT1	FNIP2	0.5	B
STAT1	DMXL2	0.5	B
STAT1	ERCC1	0.5	B
STAT1	EPB41L3	0.5	B
STAT1	DNM2	0.5	B
STAT1	DNMT1	0.5	B
STAT1	DOCK10	0.5	B
STAT1	DOCK4	0.5	B
STAT1	DOCK8	0.5	B
STAT1	DPYSL2	0.5	B
STAT1	DSE	0.5	B
STAT1	DTNB	0.5	B
STAT1	DTNBP1	0.5	B
STAT1	DUSP10	0.5	B
STAT1	ERC2	0.5	B
STAT1	DUSP22	0.5	B
ZNF263	FTCD	0.5	B
STAT1	EEF2K	0.5	B
STAT1	EHD1	0.5	B
ZNF263	FRMD1	0.5	B
STAT1	EIF4E	0.5	B
STAT1	ELF1	0.5	B
STAT1	ELL	0.5	B
STAT1	ELMO1	0.5	B
STAT1	EMC2	0.5	B
STAT1	ENPP2	0.5	B
STAT1	ECE1	0.5	B
SPI1	ST8SIA1	0.5	B
STAT1	ATP8B4	0.5	B
STAT1	ATP11C	0.5	B
SPI1	TRAK1	0.5	B
SPI1	TRAPPC9	0.5	B
SPI1	TRIO	0.5	B
SPI1	TSPAN14	0.5	B
SPI1	UBE2E1	0.5	B
SPI1	UCP2	0.5	B
SPI1	USP10	0.5	B
SPI1	UST	0.5	B
SPI1	UVRAG	0.5	B
SPI1	VAV3	0.5	B
SPI1	TNS3	0.5	B
SPI1	VCL	0.5	B
SPI1	VPS13B	0.5	B
SPI1	VPS13D	0.5	B
SPI1	WIPF1	0.5	B
SPI1	WNK1	0.5	B
SPI1	XYLT1	0.5	B
SPI1	ZBTB16	0.5	B
SPI1	ZBTB20	0.5	B
SPI1	ZDHHC14	0.5	B
SPI1	ZEB2	0.5	B
SPI1	ZMIZ1	0.5	B
SPI1	VNN2	0.5	B
SPI1	ZNF365	0.5	B
SPI1	TNS1	0.5	B
SPI1	TNFAIP8	0.5	B
SPI1	STIM1	0.5	B
SPI1	STK10	0.5	B
SPI1	SVIL	0.5	B
SPI1	SYNE1	0.5	B
SPI1	SYNJ2	0.5	B
SPI1	TACC1	0.5	B
SPI1	TAOK3	0.5	B
SPI1	TBC1D1	0.5	B
SPI1	TBC1D5	0.5	B
SPI1	TBL1XR1	0.5	B
SPI1	TNRC6B	0.5	B
SPI1	TCF12	0.5	B
SPI1	TCF7L2	0.5	B
SPI1	THADA	0.5	B
SPI1	TIAM1	0.5	B
SPI1	TIAM2	0.5	B
SPI1	TLE3	0.5	B
SPI1	TLE4	0.5	B
SPI1	TLK1	0.5	B
SPI1	TMEM131	0.5	B
SPI1	TMEM131L	0.5	B
SPI1	TMEM163	0.5	B
SPI1	TCF4	0.5	B
STAT1	ATP6V0A1	0.5	B
SPIB	KLHL6	0.5	B
SREBF1	MID1IP1	0.5	B
STAT1	AHNAK	0.5	B
STAT1	AK2	0.5	B
STAT1	AKAP13	0.5	B
STAT1	ALCAM	0.5	B
STAT1	ALDH1A2	0.5	B
STAT1	AMPD3	0.5	B
STAT1	ANKRD44	0.5	B
STAT1	ANXA1	0.5	B
ZNF263	GAK	0.5	B
STAT1	AP3D1	0.5	B
ZNF263	GLI2	0.5	B
STAT1	AP3S2	0.5	B
STAT1	ARHGAP15	0.5	B
STAT1	ARHGAP25	0.5	B
STAT1	ARHGAP26	0.5	B
STAT1	ARHGEF10L	0.5	B
STAT1	ARHGEF2	0.5	B
STAT1	ARHGEF3	0.5	B
STAT1	ARID1A	0.5	B
STAT1	ARID5B	0.5	B
STAT1	ARSG	0.5	B
STAT1	ASAP1	0.5	B
STAT1	APOL6	0.5	B
SREBF1	ARFIP2	0.5	B
STAT1	AFF1	0.5	B
STAT1	ACTB	0.5	B
SREBF2	DNM2	0.5	B
SREBF2	DPP9	0.5	B
SREBF2	TKT	0.5	B
SREBF2	TRAPPC9	0.5	B
SRF	ACTN1	0.5	B
SRF	ASB2	0.5	B
SRF	EGR2	0.5	B
SRF	KCNH2	0.5	B
SRF	KLF7	0.5	B
SRF	LPP	0.5	B
STAT1	ADCY7	0.5	B
SRF	MYH9	0.5	B
SRF	PRUNE2	0.5	B
SRF	SORBS1	0.5	B
SRF	SVIL	0.5	B
SRF	TPM1	0.5	B
SRF	TPM4	0.5	B
SRF	VCL	0.5	B
SRF	WDR1	0.5	B
SRF	WWTR1	0.5	B
STAT1	AAK1	0.5	B
STAT1	ACSL5	0.5	B
SRF	PPP1R12A	0.5	B
STAT1	GLIPR2	0.5	B
SPI1	DST	0.5	B
SPI1	DOCK4	0.5	B
SOX2	DPP10	0.5	B
SOX2	DPYD	0.5	B
SOX2	DTNA	0.5	B
SOX2	EBF1	0.5	B
SOX2	EFNA5	0.5	B
SOX2	EGFEM1P	0.5	B
SOX2	EGLN3	0.5	B
SOX2	EIF4G3	0.5	B
SOX2	ELMO1	0.5	B
SOX2	ELP4	0.5	B
SOX2	DOCK4	0.5	B
SOX2	EMSY	0.5	B
SOX2	EPB41L2	0.5	B
SOX2	EPHA4	0.5	B
SOX2	EPHB1	0.5	B
SOX2	ERBB4	0.5	B
SOX2	ERC1	0.5	B
SOX2	ESRRG	0.5	B
SOX2	ETV1	0.5	B
SOX2	ETV6	0.5	B
SOX2	EXOC4	0.5	B
SOX2	EXOC6B	0.5	B
SOX2	ENAH	0.5	B
SOX2	EXT1	0.5	B
SOX2	DOCK10	0.5	B
SOX2	DMD	0.5	B
SOX2	CLIC5	0.5	B
SOX2	CNTN4	0.5	B
SOX2	CNTNAP2	0.5	B
SOX2	COL12A1	0.5	B
SOX2	COL14A1	0.5	B
SOX2	COL25A1	0.5	B
SOX2	CPNE4	0.5	B
SOX2	CREB5	0.5	B
SOX2	CSMD1	0.5	B
SOX2	CSMD3	0.5	B
SOX2	DNAH14	0.5	B
SOX2	CTNNA2	0.5	B
SOX2	DAAM1	0.5	B
SOX2	DAB1	0.5	B
SOX2	DCC	0.5	B
SOX2	DCLK2	0.5	B
SOX2	DENND1A	0.5	B
SOX2	DGKB	0.5	B
SOX2	DIAPH3	0.5	B
SOX2	DIS3L2	0.5	B
SOX2	DLG1	0.5	B
SOX2	DLG2	0.5	B
SOX2	CTNND2	0.5	B
SOX2	CLASP2	0.5	B
SOX2	FAM13A	0.5	B
SOX2	FGD4	0.5	B
SOX2	LARGE1	0.5	B
SOX2	LDB2	0.5	B
SOX2	LPP	0.5	B
SOX2	LRBA	0.5	B
SOX2	LRIG1	0.5	B
SOX2	LRP1B	0.5	B
SOX2	LRRC7	0.5	B
SOX2	LSAMP	0.5	B
SOX2	MACROD2	0.5	B
SOX2	MAGI1	0.5	B
SOX2	KDM4C	0.5	B
SOX2	MAGI2	0.5	B
SOX2	MAP1B	0.5	B
SOX2	MAPK10	0.5	B
SOX2	MBD5	0.5	B
SOX2	MCC	0.5	B
SOX2	MCTP1	0.5	B
SOX2	MECOM	0.5	B
SOX2	MEGF10	0.5	B
SOX2	MMRN1	0.5	B
SOX2	MSI2	0.5	B
SOX2	MYO10	0.5	B
SOX2	MAML2	0.5	B
SOX2	ARB2A	0.5	B
SOX2	KCNMB2	0.5	B
SOX2	KALRN	0.5	B
SOX2	FGGY	0.5	B
SOX2	FHOD3	0.5	B
SOX2	FILIP1L	0.5	B
SOX2	FNDC3B	0.5	B
SOX2	FOXP1	0.5	B
SOX2	FOXP2	0.5	B
SOX2	FRMD4A	0.5	B
SOX2	GALNTL6	0.5	B
SOX2	GRIA1	0.5	B
SOX2	GRIK2	0.5	B
SOX2	KCNIP4	0.5	B
SOX2	GTDC1	0.5	B
SOX2	HDAC4	0.5	B
SOX2	HDAC9	0.5	B
SOX2	HIVEP2	0.5	B
SOX2	HIVEP3	0.5	B
SOX2	HMCN1	0.5	B
SOX2	IMMP2L	0.5	B
SOX2	INPP4B	0.5	B
SOX2	IQCH	0.5	B
SOX2	ITPR2	0.5	B
SOX2	JMJD1C	0.5	B
ZNF263	HSPG2	0.5	B
SOX2	NAALADL2	0.5	B
SOX2	CLASP1	0.5	B
SOX2	CHD9	0.5	B
RUNX1	VPS13D	0.5	B
RUNX1	XYLT1	0.5	B
RUNX1	ZBTB16	0.5	B
RUNX1	ZBTB7C	0.5	B
RUNX1	ZEB2	0.5	B
RUNX1	ZMIZ1	0.5	B
RUNX1	ZNRF1	0.5	B
RUNX2	ITGBL1	0.5	B
RUNX2	PSD3	0.5	B
RUNX3	CIITA	0.5	B
RUNX1	VAV3	0.5	B
RUNX3	CYTIP	0.5	B
RUNX3	FYN	0.5	B
RUNX3	TCF7	0.5	B
RXRA	CPT1A	0.5	B
RXRA	PLIN2	0.5	B
RXRA	RARB	0.5	B
ZNF263	IGSF21	0.5	B
RXRA	SORBS1	0.5	B
RXRA	UBC	0.5	B
SIX2	ZNF423	0.5	B
SMAD1	GDF15	0.5	B
RUNX3	DOCK2	0.5	B
SMAD1	ZEB2	0.5	B
RUNX1	UST	0.5	B
RUNX1	TTC7A	0.5	B
RUNX1	SPTBN1	0.5	B
RUNX1	SRC	0.5	B
RUNX1	SRSF5	0.5	B
RUNX1	SSBP2	0.5	B
RUNX1	STIM1	0.5	B
RUNX1	STIM2	0.5	B
RUNX1	STON2	0.5	B
RUNX1	SYK	0.5	B
RUNX1	TBC1D1	0.5	B
RUNX1	TBC1D14	0.5	B
ZNF263	IQSEC1	0.5	B
RUNX1	TBXAS1	0.5	B
RUNX1	THADA	0.5	B
RUNX1	TIAM1	0.5	B
RUNX1	TIAM2	0.5	B
RUNX1	TLE4	0.5	B
RUNX1	TLK1	0.5	B
RUNX1	TMEM163	0.5	B
RUNX1	TNFSF8	0.5	B
RUNX1	TNRC18	0.5	B
RUNX1	TOX2	0.5	B
RUNX1	TPRG1	0.5	B
TFAP2C	RUNX1	0.5	B
SOX2	CHN2	0.5	B
SMAD3	CMIP	0.5	B
SMAD3	GPRC5A	0.5	B
SOX2	APP	0.5	B
SOX2	ARHGAP24	0.5	B
SOX2	ARHGAP26	0.5	B
SOX2	ARHGAP32	0.5	B
SOX2	ARID5B	0.5	B
SOX2	ASAP1	0.5	B
SOX2	ATRNL1	0.5	B
SOX2	BBS9	0.5	B
SOX2	BHLHE40	0.5	B
SOX2	BMPR1B	0.5	B
SOX2	AP3B1	0.5	B
SOX2	CACNA2D1	0.5	B
SOX2	CADPS2	0.5	B
SOX2	CCDC171	0.5	B
SOX2	CCDC91	0.5	B
SOX2	CDH11	0.5	B
SOX2	CDH18	0.5	B
SOX2	CDH2	0.5	B
SOX2	CDK5RAP2	0.5	B
SOX2	CDKAL1	0.5	B
SOX2	CEMIP2	0.5	B
SOX2	CEP112	0.5	B
SOX2	CACNA2D3	0.5	B
SMAD3	GLIS3	0.5	B
SOX2	ANO2	0.5	B
SOX2	ANKFN1	0.5	B
SMAD3	KIAA1217	0.5	B
SMAD3	MAP4K4	0.5	B
SMAD4	DIP2C	0.5	B
SMAD4	PITX2	0.5	B
SMAD4	SBF2	0.5	B
SMAD4	SMAD6	0.5	B
ZNF263	IGF1R	0.5	B
SOX13	GSN	0.5	B
SOX13	LRP5	0.5	B
SOX2	ABCA13	0.5	B
SOX2	ANKS1B	0.5	B
SOX2	ABCC4	0.5	B
SOX2	ADAMTSL1	0.5	B
SOX2	ADGRB3	0.5	B
SOX2	ADGRL2	0.5	B
SOX2	ADGRL3	0.5	B
SOX2	AFF3	0.5	B
SOX2	AGAP1	0.5	B
SOX2	AKAP6	0.5	B
SOX2	ALCAM	0.5	B
SOX2	ALK	0.5	B
SOX2	ANGPT1	0.5	B
SOX2	ABI3BP	0.5	B
SPI1	DPYSL2	0.5	B
SOX2	NAV2	0.5	B
SOX2	NBEA	0.5	B
SPI1	AFF1	0.5	B
SPI1	AHCYL2	0.5	B
SPI1	AIF1	0.5	B
SPI1	AK5	0.5	B
SPI1	AKAP13	0.5	B
SPI1	ALOX5AP	0.5	B
SPI1	AMPD3	0.5	B
SPI1	ANK3	0.5	B
SPI1	ANKRD11	0.5	B
SPI1	ANO10	0.5	B
SPI1	ADRB2	0.5	B
SPI1	ARAP1	0.5	B
SPI1	ARHGAP22	0.5	B
SPI1	ARHGAP24	0.5	B
SPI1	ARHGAP25	0.5	B
SPI1	ARHGAP26	0.5	B
SPI1	ARHGEF3	0.5	B
SPI1	ARID5B	0.5	B
ESR2	ZBTB40	0.5	B
SPI1	ASAP1	0.5	B
SPI1	ATP6V0D1	0.5	B
SPI1	ATP8B4	0.5	B
SPI1	ARHGAP15	0.5	B
SPI1	ATXN1	0.5	B
SPI1	ADD3	0.5	B
SPI1	ADAP2	0.5	B
SOX2	ZFPM2	0.5	B
SOX2	ZMIZ1	0.5	B
SOX2	ZNF385B	0.5	B
SOX2	ZNF407	0.5	B
SOX2	ZNF536	0.5	B
SOX6	CPED1	0.5	B
TAL1	SOX6	0.5	B
ZNF263	HPCAL1	0.5	B
SP1	CPS1	0.5	B
SP1	HOOK2	0.5	B
SPI1	ADCY7	0.5	B
SP1	ITGB1	0.5	B
SP1	KCNMA1	0.5	B
SP1	MXI1	0.5	B
SP1	RUNX1	0.5	B
SP1	TBC1D14	0.5	B
ZNF263	HK1	0.5	B
SP2	RFX1	0.5	B
SP2	ZNF213	0.5	B
SP4	RNF38	0.5	B
SP4	ZNF131	0.5	B
SPI1	AAK1	0.5	B
SP1	JUP	0.5	B
SOX2	ZFAND3	0.5	B
SPI1	AUTS2	0.5	B
SPI1	BCAR3	0.5	B
ZNF263	HDAC4	0.5	B
SPI1	CRYBG1	0.5	B
SPI1	CTIF	0.5	B
SPI1	CUEDC1	0.5	B
SPI1	CUX1	0.5	B
SPI1	CUX2	0.5	B
ZNF263	GSN	0.5	B
SPI1	CYRIA	0.5	B
SPI1	CYRIB	0.5	B
SPI1	CYTH1	0.5	B
SPI1	CREB5	0.5	B
SPI1	CYTH4	0.5	B
SPI1	DAAM1	0.5	B
SPI1	DAPK1	0.5	B
SPI1	DENND3	0.5	B
SPI1	DGKG	0.5	B
SPI1	DHRS9	0.5	B
SPI1	DMXL2	0.5	B
SPI1	DNAJB12	0.5	B
SPI1	DNM2	0.5	B
SPI1	DOCK10	0.5	B
SPI1	DOCK2	0.5	B
SPI1	CYTIP	0.5	B
SPI1	BAZ2B	0.5	B
SPI1	CREB1	0.5	B
SPI1	CORO1A	0.5	B
SPI1	BCL2A1	0.5	B
SPI1	BCOR	0.5	B
SPI1	CAMK2D	0.5	B
SPI1	CAP1	0.5	B
SPI1	CAPZB	0.5	B
SPI1	CBLB	0.5	B
SPI1	CCDC88C	0.5	B
SPI1	CD180	0.5	B
SPI1	CD37	0.5	B
ZNF263	HDAC5	0.5	B
SPI1	CORO1C	0.5	B
SPI1	CD82	0.5	B
SPI1	CDC42EP3	0.5	B
SPI1	CDK5RAP2	0.5	B
SPI1	CDYL	0.5	B
SPI1	CEMIP2	0.5	B
SPI1	CHD9	0.5	B
SPI1	CHN2	0.5	B
SPI1	CHST11	0.5	B
SPI1	CHST15	0.5	B
SPI1	CMKLR1	0.5	B
SPI1	COLGALT2	0.5	B
SPI1	CD84	0.5	B
SOX2	NAV3	0.5	B
SOX2	ZEB2	0.5	B
SOX2	ZBTB20	0.5	B
SOX2	PLCL1	0.5	B
SOX2	PLXNA2	0.5	B
SOX2	PMP2	0.5	B
SOX2	POLR3B	0.5	B
SOX2	PPARGC1A	0.5	B
SOX2	PRDM5	0.5	B
SOX2	PRKG1	0.5	B
SOX2	PRR16	0.5	B
SOX2	PRUNE2	0.5	B
SOX2	PTPRD	0.5	B
SOX2	PLCB4	0.5	B
SOX2	PTPRM	0.5	B
SOX2	RAD51B	0.5	B
SOX2	RALGAPA2	0.5	B
SOX2	RANBP17	0.5	B
SOX2	RAPGEF2	0.5	B
SOX2	RBMS3	0.5	B
SOX2	RERE	0.5	B
SOX2	ROBO1	0.5	B
SOX2	ROBO2	0.5	B
SOX2	RORB	0.5	B
SOX2	RPS6KC1	0.5	B
SOX2	RABGAP1L	0.5	B
SOX2	RYR3	0.5	B
SOX2	PLCB1	0.5	B
SOX2	PHLPP1	0.5	B
SOX2	NEDD4L	0.5	B
SOX2	NLGN1	0.5	B
SOX2	NPAS3	0.5	B
SOX2	NRG1	0.5	B
SOX2	NRP2	0.5	B
SOX2	NRXN1	0.5	B
SOX2	NRXN3	0.5	B
SOX2	NTM	0.5	B
SOX2	NTNG1	0.5	B
SOX2	OFCC1	0.5	B
SOX2	PIEZO2	0.5	B
SOX2	OLA1	0.5	B
SOX2	PACRG	0.5	B
SOX2	PALLD	0.5	B
SOX2	PAM	0.5	B
SOX2	PARD3B	0.5	B
SOX2	PBX3	0.5	B
SOX2	PCLO	0.5	B
SOX2	PDE4B	0.5	B
SOX2	PDE4D	0.5	B
SOX2	PDLIM5	0.5	B
SOX2	PHACTR1	0.5	B
SOX2	OPCML	0.5	B
SOX2	ZCCHC7	0.5	B
SOX2	RUNX1	0.5	B
SOX2	SAMD12	0.5	B
SOX2	TENM4	0.5	B
SOX2	THADA	0.5	B
SOX2	THSD7A	0.5	B
SOX2	THSD7B	0.5	B
SOX2	TLE4	0.5	B
SOX2	TLK1	0.5	B
SOX2	TMTC2	0.5	B
SOX2	TNS3	0.5	B
SOX2	TRAPPC9	0.5	B
SOX2	TRIM2	0.5	B
SOX2	TENM3	0.5	B
SOX2	TRIO	0.5	B
SOX2	TRPC4	0.5	B
SOX2	TRPM3	0.5	B
SOX2	TRPS1	0.5	B
SOX2	TTC28	0.5	B
SOX2	VGLL4	0.5	B
SOX2	VMP1	0.5	B
SOX2	VPS13B	0.5	B
SOX2	VPS13D	0.5	B
SOX2	WDFY3	0.5	B
SOX2	XPR1	0.5	B
SOX2	TRIP12	0.5	B
SOX2	RYR2	0.5	B
SOX2	TEAD1	0.5	B
SOX2	SYT1	0.5	B
SOX2	SBF2	0.5	B
SOX2	SDC2	0.5	B
SOX2	SDK1	0.5	B
SOX2	SEMA3A	0.5	B
SOX2	SEMA3C	0.5	B
SOX2	SEMA3D	0.5	B
SOX2	SHANK2	0.5	B
SOX2	SIPA1L2	0.5	B
SOX2	SKAP2	0.5	B
SOX2	SLC22A23	0.5	B
SOX2	TBCK	0.5	B
SOX2	SLC44A3	0.5	B
SOX2	SLCO3A1	0.5	B
SOX2	SLIT3	0.5	B
SOX2	SORBS1	0.5	B
SOX2	SORBS2	0.5	B
SOX2	SORCS1	0.5	B
SOX2	SOX5	0.5	B
SOX2	SOX6	0.5	B
SOX2	SPAG9	0.5	B
SOX2	SPOCK1	0.5	B
SOX2	STXBP6	0.5	B
SOX2	SLC8A1	0.5	B
SPI1	BMAL1	0.5	B
HIF1A	VGLL4	0.5	B
AR	TPRG1	0.5	B
EGR1	PATZ1	0.5	B
EGR1	PARD6B	0.5	B
ARNT	ANGPT1	0.5	B
EGR1	PACSIN2	0.5	B
EGR1	P3H3	0.5	B
CUX1	EEF2	0.5	B
EPAS1	CUX1	0.5	B
FOXA1	CUX1	0.5	B
EGR1	OLFM2	0.5	B
EGR1	OAZ1	0.5	B
EGR1	NUMBL	0.5	B
EGR1	PC	0.5	B
EGR1	NTMT1	0.5	B
EGR1	NRARP	0.5	B
RUNX1	CUX1	0.5	B
EGR1	NR4A2	0.5	B
EGR1	NPAS1	0.5	B
EGR1	NOTCH3	0.5	B
EGR1	NOL4L	0.5	B
EGR1	NINJ1	0.5	B
EGR1	NFYA	0.5	B
CREM	GPCPD1	0.5	B
EGR1	NFKB2	0.5	B
EGR1	NFIC	0.5	B
CREM	PDE4A	0.5	B
EGR1	PCBP1	0.5	B
EGR1	PDE4A	0.5	B
EGR1	PDE8A	0.5	B
CTCF	ZNF185	0.5	B
CTCF	ZNF329	0.5	B
CTCF	ZNF365	0.5	B
CTCF	ZNF398	0.5	B
EGR1	PPP1R18	0.5	B
CTCF	ZNF407	0.5	B
CTCF	ZNF423	0.5	B
MYB	PDCD4	0.5	B
EGR1	PPM1B	0.5	B
EGR1	PPFIA3	0.5	B
CTCF	ABCA13	0.5	B
EGR1	PNPLA6	0.5	B
EGR1	PNKD	0.5	B
EGR1	PLXNB2	0.5	B
EGR1	PLEKHG5	0.5	B
EGR1	PLEC	0.5	B
EGR1	PKMYT1	0.5	B
EGR1	PKM	0.5	B
EGR1	PISD	0.5	B
EGR1	PIEZO1	0.5	B
EGR1	PHLDB1	0.5	B
EGR1	PHF21A	0.5	B
EGR1	PHF19	0.5	B
EGR1	PFKFB3	0.5	B
EGR1	PDXK	0.5	B
EGR1	NFIB	0.5	B
EGR1	NFIA	0.5	B
EGR1	NFE2L2	0.5	B
EGR1	NFATC1	0.5	B
EGR1	MED15	0.5	B
EGR1	MDGA1	0.5	B
EGR1	MCRIP1	0.5	B
CREB1	SLC9A1	0.5	B
EGR1	MCF2L2	0.5	B
CREB1	RUNX1	0.5	B
EGR1	MAP3K6	0.5	B
EGR1	MAP3K14	0.5	B
EGR1	MAP3K11	0.5	B
EGR1	MAP1LC3B	0.5	B
CREB1	LYN	0.5	B
EGR1	MAD1L1	0.5	B
CREB1	KCNN3	0.5	B
EGR1	MACF1	0.5	B
EGR1	LY6E	0.5	B
EGR1	LTBP4	0.5	B
EGR1	LTBP3	0.5	B
EGR1	LSS	0.5	B
EGR1	LSR	0.5	B
CREB1	CD74	0.5	B
EGR1	LRRC8A	0.5	B
EGR1	LRRC14	0.5	B
EGR1	LMO4	0.5	B
EGR1	LMNA	0.5	B
EGR1	LIG1	0.5	B
EGR1	MEF2D	0.5	B
AR	ZNF407	0.5	B
E2F1	AP2A1	0.5	B
EGR1	MEX3B	0.5	B
EGR1	NEURL1	0.5	B
EGR1	NEDD4L	0.5	B
EGR1	NDUFA4L2	0.5	B
EGR1	NDST1	0.5	B
EGR1	NCOR2	0.5	B
CREB3L1	VEGFA	0.5	B
EGR1	NADK	0.5	B
EGR1	MYO1C	0.5	B
CREB3	PRPF31	0.5	B
CREB3	HM13	0.5	B
EGR1	MROH1	0.5	B
EGR1	MRC2	0.5	B
EGR1	MOV10	0.5	B
EGR1	MNT	0.5	B
EGR1	MKNK2	0.5	B
EGR1	MIDN	0.5	B
EGR1	MIDEAS	0.5	B
EGR1	MICAL3	0.5	B
E2F1	ACAP3	0.5	B
E2F1	AFF1	0.5	B
EGR1	MGRN1	0.5	B
E2F1	ANAPC5	0.5	B
E2F1	ANO10	0.5	B
E2F1	ANXA2	0.5	B
EGR1	MEX3C	0.5	B
E2F1	ANXA2R	0.5	B
EGR1	LFNG	0.5	B
CTCF	ZMIZ1	0.5	B
AR	ZMIZ1	0.5	B
CTCF	TFEB	0.5	B
FOS	STAT3	0.5	B
CTCF	THADA	0.5	B
CTCF	THSD4	0.5	B
AR	CUX2	0.5	B
CTCF	TIAM1	0.5	B
CTCF	TIAM2	0.5	B
AR	DLG2	0.5	B
CTCF	TIPRL	0.5	B
CTCF	TLE3	0.5	B
CTCF	TLL2	0.5	B
CTCF	TENM4	0.5	B
CTCF	TLN2	0.5	B
CTCF	TMEM132B	0.5	B
CTCF	TMEM163	0.5	B
CTCF	TMEM260	0.5	B
CTCF	TNR	0.5	B
AR	ITPR2	0.5	B
AR	ITSN1	0.5	B
CTCF	TNS1	0.5	B
CTCF	TNS3	0.5	B
CTCF	TOM1L2	0.5	B
EGR1	RALGDS	0.5	B
EGR1	RAI1	0.5	B
CTCF	TMEM131L	0.5	B
CTCF	TDRD7	0.5	B
CTCF	TCF7L1	0.5	B
MYC	SMAD3	0.5	B
CTCF	ST3GAL1	0.5	B
EGR1	RARG	0.5	B
EGR1	RARA	0.5	B
EGR1	RAPGEFL1	0.5	B
CTCF	STAG1	0.5	B
CTCF	STK10	0.5	B
CTCF	STK11	0.5	B
CTCF	STK39	0.5	B
CTCF	ABCA4	0.5	B
CTCF	SULF1	0.5	B
CTCF	SULF2	0.5	B
CTCF	SV2B	0.5	B
CTCF	SVIL	0.5	B
CTCF	SYN3	0.5	B
CTCF	SYNE1	0.5	B
CTCF	SYNE2	0.5	B
CTCF	TACC1	0.5	B
CTCF	TACC2	0.5	B
CTCF	TACC3	0.5	B
EGR1	RAP1GAP	0.5	B
CTCF	TAFA5	0.5	B
AHR	VGLL4	0.5	B
CTCF	TBC1D1	0.5	B
AR	AKAP13	0.5	B
CTCF	TCF4	0.5	B
CTCF	TOX2	0.5	B
EGR1	RAD23B	0.5	B
EGR1	RAB40C	0.5	B
CTCF	TPD52	0.5	B
EGR1	PRKCD	0.5	B
AR	PRLR	0.5	B
CTCF	VAV2	0.5	B
EGR1	PRDM15	0.5	B
AR	RUNX1	0.5	B
CTCF	VGLL4	0.5	B
SP1	GRIN1	0.5	B
CTCF	VPS13D	0.5	B
AR	SPIDR	0.5	B
CTCF	WFS1	0.5	B
CTCF	WIPF1	0.5	B
AR	ST3GAL1	0.5	B
CTCF	WIPF2	0.5	B
CTCF	WNK2	0.5	B
CTCF	WNT5B	0.5	B
CTCF	WWC1	0.5	B
CTCF	XXYLT1	0.5	B
EGR1	PPP1R9B	0.5	B
AR	TG	0.5	B
CTCF	XYLT1	0.5	B
CTCF	ZBTB16	0.5	B
CEBPA	C8B	0.5	B
CTCF	ZBTB20	0.5	B
EGR1	PPP1R37	0.5	B
CTCF	ZBTB7C	0.5	B
CTCF	USP7	0.5	B
CTCF	ZFAT	0.5	B
EGR1	PRKCZ	0.5	B
EGR1	PRPSAP1	0.5	B
CTCF	TPRG1	0.5	B
EGR1	RAB11A	0.5	B
AR	KDM4B	0.5	B
EGR1	PTPRE	0.5	B
EGR1	PTP4A2	0.5	B
EGR1	PTOV1	0.5	B
CTCF	TRAPPC9	0.5	B
AR	LARS2	0.5	B
CTCF	TRIM2	0.5	B
CTCF	TRIO	0.5	B
EGR1	BCR	0.5	B
CTCF	TRPC6	0.5	B
CTCF	TSPAN14	0.5	B
EGR1	PTMA	0.5	B
EGR1	PTK2B	0.5	B
EGR1	PTCH1	0.5	B
CTCF	TSPAN18	0.5	B
EGR1	PSD	0.5	B
CTCF	TTC7A	0.5	B
CTCF	TTLL5	0.5	B
ETS1	SERPINE1	0.5	B
CTCF	UBASH3B	0.5	B
EGR1	PRRC2B	0.5	B
AR	MYLK	0.5	B
AR	NEDD9	0.5	B
AR	NFIB	0.5	B
CTCF	ST18	0.5	B
ATF1	BRCA1	0.5	B
E2F1	APOLD1	0.5	B
ATF4	MTHFD1L	0.5	B
E2F1	BFSP1	0.5	B
EGR1	COLGALT1	0.5	B
EGR1	CLIP2	0.5	B
EGR1	CLEC16A	0.5	B
EGR1	CLASP1	0.5	B
EGR1	CIRBP	0.5	B
EGR1	CIC	0.5	B
EGR1	CHRM4	0.5	B
EGR1	CHRAC1	0.5	B
EGR1	CHFR	0.5	B
EGR1	CPLX2	0.5	B
EGR1	CHD9	0.5	B
EGR1	CHD2	0.5	B
EGR1	CFL1	0.5	B
EGR1	CDK19	0.5	B
EGR1	CDC42EP4	0.5	B
EGR1	CDC42BPB	0.5	B
ATF4	PCK2	0.5	B
EGR1	CBX8	0.5	B
EGR1	CBX4	0.5	B
EGR1	CBFA2T3	0.5	B
EGR1	CASZ1	0.5	B
EGR1	CARS2	0.5	B
EGR1	CHD4	0.5	B
EGR1	CPNE7	0.5	B
SP1	SMAD7	0.5	B
EGR1	CREB5	0.5	B
EGR1	DNM1	0.5	B
EGR1	DNAJC22	0.5	B
EGR1	DNAJB12	0.5	B
EGR1	DLGAP4	0.5	B
EGR1	DLG4	0.5	B
EGR1	DHX30	0.5	B
EGR1	DGKZ	0.5	B
EGR1	DGKH	0.5	B
EGR1	DENND1A	0.5	B
EGR1	DDX5	0.5	B
EGR1	DDX3X	0.5	B
E2F1	B9D1	0.5	B
EGR1	DBN1	0.5	B
EGR1	DAB2IP	0.5	B
E2F1	BCOR	0.5	B
EGR1	CXXC5	0.5	B
EGR1	CUX1	0.5	B
EGR1	CUEDC1	0.5	B
EGR1	CTDSP2	0.5	B
EGR1	CTDSP1	0.5	B
EGR1	CTBP1	0.5	B
EGR1	CRYBG1	0.5	B
EGR1	CRTC1	0.5	B
ATF4	MARS1	0.5	B
EGR1	CRIP2	0.5	B
EGR1	CARM1	0.5	B
EGR1	CAMSAP1	0.5	B
EGR1	CAMK2B	0.5	B
EGR1	CA11	0.5	B
EGR1	ARHGEF17	0.5	B
EGR1	ARHGEF1	0.5	B
EGR1	ARHGAP45	0.5	B
EGR1	ARHGAP26	0.5	B
CEBPA	ZNF385B	0.5	B
EGR1	APC2	0.5	B
EGR1	AP3D1	0.5	B
CEBPA	ZMYND8	0.5	B
EGR1	ANP32B	0.5	B
CEBPA	ZMIZ1	0.5	B
EGR1	ANKRD11	0.5	B
CEBPA	ZFP36L2	0.5	B
CEBPA	ZFAT	0.5	B
CEBPA	ZBTB38	0.5	B
EGR1	AIDA	0.5	B
EGR1	AHRR	0.5	B
EGR1	AHNAK	0.5	B
EGR1	AHDC1	0.5	B
EGR1	AGRN	0.5	B
EGR1	AGPAT3	0.5	B
EGR1	AGAP3	0.5	B
EGR1	ADGRV1	0.5	B
EGR1	ADAR	0.5	B
EGR1	ACTN1	0.5	B
EGR1	ACTG1	0.5	B
EGR1	ARHGEF2	0.5	B
EGR1	DNMT3A	0.5	B
EGR1	ARID1A	0.5	B
EGR1	ARID3A	0.5	B
E2F1	BICRAL	0.5	B
EGR1	C11orf96	0.5	B
EGR1	BTBD2	0.5	B
EGR1	BSG	0.5	B
EGR1	BRD4	0.5	B
EGR1	BRD2	0.5	B
EGR1	BICRAL	0.5	B
EGR1	BHLHE40	0.5	B
EGR1	BCOR	0.5	B
EGR1	BBC3	0.5	B
EGR1	BAIAP3	0.5	B
EGR1	BAIAP2	0.5	B
EGR1	BAHD1	0.5	B
EGR1	BAHCC1	0.5	B
EGR1	BAG6	0.5	B
CEBPB	DLC1	0.5	B
EGR1	AXIN2	0.5	B
EGR1	ATP1A1	0.5	B
EGR1	ATAD2	0.5	B
EGR1	ASPSCR1	0.5	B
CEBPA	ZNRF3	0.5	B
EGR1	ARVCF	0.5	B
EGR1	ARSG	0.5	B
EGR1	ARRDC2	0.5	B
EGR1	ARPC5L	0.5	B
EGR1	ARID1B	0.5	B
EGR1	LASP1	0.5	B
EGR1	DOT1L	0.5	B
EGR1	DUSP22	0.5	B
EGR1	JUP	0.5	B
EGR1	JSRP1	0.5	B
CEBPD	NFIL3	0.5	B
EGR1	JARID2	0.5	B
EGR1	JADE2	0.5	B
E2F1	ARPC5L	0.5	B
EGR1	ITPK1	0.5	B
E2F1	ARRDC3	0.5	B
CEBPD	GRAMD1A	0.5	B
EGR1	ITGB2	0.5	B
EGR1	IRF1	0.5	B
EGR1	KCNAB2	0.5	B
EGR1	IQSEC1	0.5	B
EGR1	INPPL1	0.5	B
EGR1	INKA2	0.5	B
EGR1	ING5	0.5	B
EGR1	ING2	0.5	B
EGR1	IGF2BP3	0.5	B
EGR1	IFT140	0.5	B
EGR1	IER2	0.5	B
EGR1	HSP90AB1	0.5	B
EGR1	HPCAL1	0.5	B
EGR1	HOOK2	0.5	B
EGR1	HNRNPUL1	0.5	B
EGR1	INSR	0.5	B
EGR1	KCNC3	0.5	B
EGR1	KCNH2	0.5	B
EGR1	KCNIP2	0.5	B
ATF1	GOLPH3	0.5	B
ATF1	IPO11	0.5	B
NR1H3	FASN	0.5	B
E2F1	ARID1A	0.5	B
E2F1	ARID1B	0.5	B
ATF1	STAT3	0.5	B
ATF1	TEAD1	0.5	B
ATF1	TFRC	0.5	B
EGR1	KPNB1	0.5	B
ATF1	TSPAN31	0.5	B
ATF1	UBE2D3	0.5	B
EGR1	KLHL21	0.5	B
EGR1	KLF9	0.5	B
EGR1	KLF2	0.5	B
EGR1	KLF16	0.5	B
EGR1	KLF13	0.5	B
EGR1	KLF10	0.5	B
EGR1	KLC1	0.5	B
EGR1	NHSL3	0.5	B
EGR1	KDM6B	0.5	B
EGR1	KDM4B	0.5	B
ATF1	ZNF184	0.5	B
EGR1	KDM2B	0.5	B
EGR1	KDM2A	0.5	B
EGR1	KCNN1	0.5	B
EGR1	HNRNPL	0.5	B
EGR1	HNRNPF	0.5	B
EGR1	HMGA1	0.5	B
E2F1	ATG16L2	0.5	B
ATF3	STAT3	0.5	B
EGR1	FAAP20	0.5	B
EGR1	EXOC6	0.5	B
EGR1	EXD3	0.5	B
EGR1	EVI5L	0.5	B
EGR1	ETV4	0.5	B
EGR1	ERICH1	0.5	B
EGR1	ERGIC1	0.5	B
EGR1	ERF	0.5	B
ATF4	AARS1	0.5	B
EGR1	ERCC1	0.5	B
EGR1	EPHA2	0.5	B
EGR1	EPAS1	0.5	B
EGR1	ELL	0.5	B
EGR1	ELF2	0.5	B
EGR1	ELF1	0.5	B
EGR1	EHMT1	0.5	B
EGR1	EHD1	0.5	B
EGR1	EHBP1L1	0.5	B
EGR1	EFNA3	0.5	B
ATF4	CEBPG	0.5	B
EGR1	EEF1A1	0.5	B
EGR1	ECE1	0.5	B
ATF4	DCUN1D5	0.5	B
ATF4	DXO	0.5	B
EGR1	FAM117A	0.5	B
CEBPB	SMAD3	0.5	B
EGR1	FAM118A	0.5	B
EGR1	FAM222B	0.5	B
EGR1	HIVEP2	0.5	B
EGR1	HIVEP1	0.5	B
EGR1	HIP1R	0.5	B
EGR1	HES3	0.5	B
EGR1	HDAC4	0.5	B
EGR1	HDAC11	0.5	B
EGR1	HBP1	0.5	B
EGR1	GTF2I	0.5	B
EGR1	GSE1	0.5	B
EGR1	GRK6	0.5	B
EGR1	GPX4	0.5	B
EGR1	GPR153	0.5	B
EGR1	GIPR	0.5	B
E2F1	ATOX1	0.5	B
EGR1	GGA1	0.5	B
EGR1	GATAD2A	0.5	B
EGR1	GATA2	0.5	B
EGR1	FSCN1	0.5	B
EGR1	FOXK1	0.5	B
EGR1	FKBP5	0.5	B
EGR1	FKBP2	0.5	B
EGR1	FGFRL1	0.5	B
EGR1	FCHO1	0.5	B
EGR1	FBXO31	0.5	B
EGR1	FBRSL1	0.5	B
EGR1	FAM13A	0.5	B
CEBPA	ZBTB20	0.5	B
CTCF	SRPK2	0.5	B
CTCF	SRC	0.5	B
GATA3	RBPJ	0.5	B
SPI1	RBPJ	0.5	B
CREB1	STAT3	0.5	B
RUNX1	TIMP1	0.5	B
SREBF2	FASN	0.5	B
RUNX1	CCND3	0.5	B
USF1	BHLHE40	0.5	B
TP53	PHLDA3	0.5	B
STAT1	LGALS3	0.5	B
CTCF	PRKCH	0.5	B
NFYA	PNRC2	0.5	B
CEBPA	RBPJ	0.5	B
CTCF	PRKCZ	0.5	B
GATA2	TAL1	0.5	B
GATA1	TAL1	0.5	B
STAT2	EIF2AK2	0.5	B
SMAD4	GADD45B	0.5	B
EGR1	UBC	0.5	B
USF1	IGF2R	0.5	B
E2F4	RRM2	-0.5	B
GATA3	RUNX1	0.5	B
SPI1	CDK6	0.5	B
CTCF	PRRC2B	0.5	B
CTCF	ADGRV1	0.5	B
E2F1	IGF1R	0.5	B
CEBPA	ZBTB16	0.5	B
YY1	SMAD7	0.5	B
YY1	GNAS	0.5	B
CTCF	ANK3	0.5	B
ELK1	CHERP	0.5	B
CTCF	AMPD3	0.5	B
ETS1	CDH5	0.5	B
CTCF	ALK	0.5	B
CTCF	ALDH1A2	0.5	B
CTCF	ALAD	0.5	B
CTCF	AKAP1	0.5	B
ELK1	ARHGAP1	0.5	B
CTCF	AHRR	0.5	B
ELK1	ACTG1	0.5	B
TCF4	CD44	0.5	B
TCF7L2	WWC1	0.5	B
RUNX1	TLE3	0.5	B
CTCF	AHDC1	0.5	B
TP53	SMAD3	0.5	B
SP1	DPYSL2	0.5	B
E2F4	TRIM28	0.5	B
HHEX	TLE1	0.5	B
SP1	DDIT4	0.5	B
CTCF	AGAP3	0.5	B
CTCF	PRKCE	0.5	B
CTCF	AGAP1	0.5	B
CTCF	AFAP1	0.5	B
KLF6	IGF1R	0.5	B
ELF3	ITGB6	0.5	B
IRF1	NOD1	0.5	B
FOS	PRKCE	0.5	B
TP53	TRAF4	0.5	B
E2F1	EZH2	0.5	B
CTCF	PTK2B	0.5	B
HIF1A	CREBBP	0.5	B
EGR1	EGR3	0.5	B
ERG	AR	-0.5	B
PPARG	SMAD3	0.5	B
TAL1	FLI1	0.5	B
GATA2	FLI1	0.5	B
FOS	MRTFA	0.5	B
CTCF	ADGRB1	0.5	B
CTCF	PTMA	0.5	B
CTCF	ADCY5	0.5	B
CTCF	PTPN3	0.5	B
HIF1A	ANGPT1	-0.5	B
RUNX1	IKZF1	0.5	B
EPAS1	HIF1A	0.5	B
MITF	SMAD3	-0.5	B
PPARG	AQP7	0.5	B
TP53	RBPJ	0.5	B
RELB	BCL2	0.5	B
ESR1	RXRA	0.5	B
FOS	SMAD3	0.5	B
ESR1	SMAD3	0.5	B
SRF	ACTG1	0.5	B
CEBPA	STAT5A	0.5	B
CTCF	GRB10	0.5	B
CTCF	ANKRD11	0.5	B
CREB1	PDE4D	0.5	B
CEBPA	ARID5B	0.5	B
RUNX1	TRPS1	0.5	B
SPI1	MBP	0.5	B
PAX6	MITF	0.5	B
SP1	SQSTM1	0.5	B
SP1	ETS1	0.5	B
CTCF	PSD3	0.5	B
SPI1	ALDH1A2	0.5	B
ETS1	NR4A1	0.5	B
MITF	ZEB2	0.5	B
FOS	FOXO3	0.5	B
NR2C2	NR2C1	0.5	B
KDM5B	DNAJB12	0.5	B
CTCF	PSMB7	0.5	B
TCF7L2	TGIF1	0.5	B
ATF4	CARS1	0.5	B
MYC	SLC2A1	0.5	B
TP53	ANKRD11	0.5	B
CEBPA	FTO	0.5	B
TAL1	MEF2C	0.5	B
ESR1	KDM4B	0.5	B
TAL1	ARID5B	0.5	B
GATA3	ARID5B	0.5	B
RUNX1	ARID5B	0.5	B
HSF1	HSPA6	0.5	B
STAT1	CXCL11	0.5	B
CEBPA	PTK2	0.5	B
TP53	EPHB4	-0.5	B
CTCF	ANKS1B	0.5	B
CTCF	ANO2	0.5	B
CTCF	CTIF	0.5	B
CTCF	CSMD2	0.5	B
CTCF	CSMD1	0.5	B
CTCF	CSK	0.5	B
CTCF	CSGALNACT1	0.5	B
CTCF	CREB5	0.5	B
BCL6	FOXO3	0.5	B
CTCF	CREB3L1	0.5	B
CTCF	CPNE4	0.5	B
CTCF	CORO2B	0.5	B
CTCF	COL5A1	0.5	B
CTCF	CTNNA1	0.5	B
CTCF	COL22A1	0.5	B
CTCF	PRKAG2	0.5	B
CTCF	COL13A1	0.5	B
CTCF	COIL	0.5	B
CTCF	COBL	0.5	B
CTCF	CNTNAP2	0.5	B
CTCF	CLYBL	0.5	B
CTCF	CLIP2	0.5	B
CTCF	CLEC16A	0.5	B
CTCF	CHD5	0.5	B
CTCF	CHD2	0.5	B
CTCF	CHCHD6	0.5	B
CTCF	COL16A1	0.5	B
CTCF	CTNND2	0.5	B
CTCF	CUEDC1	0.5	B
CTCF	CUX1	0.5	B
CTCF	DPP6	0.5	B
SP1	NR4A1	0.5	B
EGR1	GADD45B	0.5	B
SP1	SLC7A5	0.5	B
SP1	ST6GAL1	0.5	B
RARA	VEGFA	-0.5	B
CTCF	DOCK4	0.5	B
CTCF	DNMBP	0.5	B
CTCF	PRICKLE2	0.5	B
CTCF	DNAJB12	0.5	B
CTCF	DLGAP4	0.5	B
CTCF	DLGAP1	0.5	B
CTCF	DLG2	0.5	B
CTCF	DIS3L2	0.5	B
CTCF	DIAPH1	0.5	B
SRF	MYL9	0.5	B
CTCF	DGKG	0.5	B
CTCF	DGKD	0.5	B
CTCF	DENND3	0.5	B
CTCF	DCTPP1	0.5	B
CTCF	DCHS2	0.5	B
CTCF	DCDC1	0.5	B
CTCF	DAPK1	0.5	B
CTCF	DAB2IP	0.5	B
CTCF	CYFIP2	0.5	B
CTCF	CFAP46	0.5	B
CTCF	PRKCB	0.5	B
CTCF	CELF4	0.5	B
CTCF	CDYL	0.5	B
CTCF	BCAR3	0.5	B
STAT3	EPAS1	0.5	B
CTCF	BBX	0.5	B
CTCF	BANP	0.5	B
CTCF	AUTS2	0.5	B
CTCF	ATRNL1	0.5	B
CTCF	ATP8B4	0.5	B
CTCF	ATP8B3	0.5	B
CTCF	ATP2B2	0.5	B
CTCF	ASAP1	0.5	B
CTCF	BMAL1	0.5	B
CTCF	ARL8B	0.5	B
CTCF	ARID5B	0.5	B
CTCF	ARID1B	0.5	B
CTCF	ARHGEF3	0.5	B
CTCF	ARHGEF17	0.5	B
CTCF	ARHGEF10L	0.5	B
CTCF	ARHGEF1	0.5	B
CTCF	ARHGAP26	0.5	B
CTCF	ARHGAP22	0.5	B
CTCF	ARHGAP15	0.5	B
CTCF	ARHGAP10	0.5	B
CTCF	APBB2	0.5	B
CTCF	APBA2	0.5	B
ELK1	EGR2	0.5	B
CTCF	BCL11A	0.5	B
CTCF	ANO10	0.5	B
CTCF	BCR	0.5	B
CTCF	BMPER	0.5	B
TAL1	FLT1	0.5	B
CTCF	CDK5RAP2	0.5	B
CTCF	CDH4	0.5	B
CTCF	CDH23	0.5	B
CTCF	CDC37	0.5	B
CTCF	CD276	0.5	B
CTCF	CCDC88C	0.5	B
ELK1	ZNF787	0.5	B
CTCF	CASZ1	0.5	B
CTCF	CARS2	0.5	B
CTCF	CAPN5	0.5	B
CTCF	CAPN2	0.5	B
STAT2	STAT1	0.5	B
CTCF	CAMK2B	0.5	B
CTCF	CADPS	0.5	B
CTCF	CACNB4	0.5	B
CTCF	CACNA1D	0.5	B
E2F1	HES1	0.5	B
CTCF	CACNA1C	0.5	B
TP63	SERPINB5	0.5	B
CTCF	CACNA1A	0.5	B
CTCF	CABIN1	0.5	B
ELK1	PSMD12	0.5	B
CTCF	BRF1	0.5	B
CTCF	BRD4	0.5	B
CTCF	BDNF	0.5	B
CTCF	SRGAP3	0.5	B
TP53	KITLG	0.5	B
JUN	ERCC1	0.5	B
EGR1	SLC16A3	0.5	B
CTCF	ROR2	0.5	B
CTCF	ACAP3	0.5	B
EGR1	SKIL	0.5	B
EGR1	SKIDA1	0.5	B
EGR1	SKI	0.5	B
EGR1	SIPA1	0.5	B
CTCF	RP1	0.5	B
EGR1	SIN3A	0.5	B
CTCF	RPL3	0.5	B
EGR1	SIAH1	0.5	B
EGR1	SLC17A7	0.5	B
CTCF	ABR	0.5	B
EGR1	SH3BP2	0.5	B
EGR1	SH3BGRL3	0.5	B
EGR1	SH2B3	0.5	B
CTCF	RPS6KA2	0.5	B
CTCF	RPTOR	0.5	B
EGR1	SERTAD2	0.5	B
CTCF	RRBP1	0.5	B
EGR1	SEPTIN9	0.5	B
EGR1	SEPTIN11	0.5	B
EGR1	SEMA4B	0.5	B
CTCF	RYR3	0.5	B
EGR1	SH3BP5	0.5	B
CTCF	ROBO1	0.5	B
EGR1	SLC19A1	0.5	B
CTCF	RNF220	0.5	B
EGR1	SRGAP1	0.5	B
EGR1	SREBF2	0.5	B
EGR1	SRCIN1	0.5	B
CTCF	ACOT7	0.5	B
EGR1	SQSTM1	0.5	B
EGR1	SPTBN4	0.5	B
EGR1	SPTAN1	0.5	B
EGR1	SPRED2	0.5	B
CTCF	RDX	0.5	B
EGR1	SPHK1	0.5	B
EGR1	SPAG9	0.5	B
CTCF	RERE	0.5	B
EGR1	SP3	0.5	B
EGR1	SOX12	0.5	B
STAT3	ICAM1	0.5	B
CTCF	RGS9	0.5	B
EGR1	SOCS2	0.5	B
CTCF	RHCG	0.5	B
CTCF	RIN3	0.5	B
EGR1	SMAD3	0.5	B
EGR1	NHERF2	0.5	B
EGR1	SLC8A2	0.5	B
CTCF	RIPOR1	0.5	B
EGR1	SLC38A10	0.5	B
EGR1	SLC2A1	0.5	B
CTCF	SAMD4A	0.5	B
EGR1	SEC14L1	0.5	B
CTCF	SARDH	0.5	B
EGR1	SBNO2	0.5	B
EGR1	RERE	0.5	B
CTCF	SLC44A3	0.5	B
CTCF	SLC4A8	0.5	B
EGR1	RASSF5	0.5	B
CTCF	SLC6A6	0.5	B
EGR1	RASGRP2	0.5	B
CTCF	SLC9A1	0.5	B
CTCF	SLCO3A1	0.5	B
CTCF	SLIT1	0.5	B
CTCF	SMARCA2	0.5	B
CTCF	SMARCC2	0.5	B
CTCF	SMG6	0.5	B
CTCF	SMYD2	0.5	B
CTCF	SMYD3	0.5	B
CTCF	SNX18	0.5	B
CTCF	SORBS1	0.5	B
CTCF	SORCS1	0.5	B
CTCF	SORCS2	0.5	B
EGR1	RASA3	0.5	B
CTCF	SORL1	0.5	B
CTCF	SPEG	0.5	B
CTCF	SPIN1	0.5	B
CTCF	SPOCK1	0.5	B
CTCF	SPTB	0.5	B
CTCF	SPTBN4	0.5	B
EGR1	RFX2	0.5	B
EGR1	SRRM3	0.5	B
CTCF	SLC29A3	0.5	B
CTCF	SLC22A23	0.5	B
EGR1	SATB2	0.5	B
EGR1	SAMD4A	0.5	B
EGR1	SAMD11	0.5	B
CTCF	SCN5A	0.5	B
CTCF	SDK1	0.5	B
CTCF	SDK2	0.5	B
CTCF	SEC14L1	0.5	B
EGR1	RUNX1	0.5	B
EGR1	RUFY3	0.5	B
CTCF	SEMA4B	0.5	B
EGR1	RPS6KA2	0.5	B
CTCF	SEMA5B	0.5	B
EGR1	RPN1	0.5	B
CTCF	SEMA6B	0.5	B
EGR1	RNH1	0.5	B
CTCF	SEPTIN9	0.5	B
CTCF	SERGEF	0.5	B
CTCF	SEZ6L	0.5	B
EGR1	RNF220	0.5	B
CTCF	SH3KBP1	0.5	B
CTCF	SH3PXD2A	0.5	B
CTCF	SH3PXD2B	0.5	B
CTCF	SHANK2	0.5	B
EGR1	RHOF	0.5	B
CTCF	SIPA1L3	0.5	B
EGR1	RGS3	0.5	B
TP53	CALD1	0.5	B
CTCF	RBPJ	0.5	B
EGR1	SSBP3	0.5	B
EGR1	ZBTB7A	0.5	B
EGR1	ZBTB17	0.5	B
EGR1	ZBTB14	0.5	B
EGR1	YWHAZ	0.5	B
HNF4A	NR2F2	0.5	B
NFE2	TBXAS1	0.5	B
EGR1	XXYLT1	0.5	B
CTCF	PTPRE	0.5	B
EGR1	WNT10A	0.5	B
EGR1	WDR82	0.5	B
HNF4A	AXIN2	0.5	B
EGR1	ZBTB7B	0.5	B
EGR1	WBP4	0.5	B
HNF4A	ALDH2	-0.5	B
EGR1	VPS9D1	0.5	B
EGR1	VOPP1	0.5	B
EGR1	VASP	0.5	B
EGR1	USP39	0.5	B
EGR1	USP3	0.5	B
CREB1	BRCA1	0.5	B
EGR1	UNC13A	0.5	B
EGR1	UCKL1	0.5	B
EGR1	UBTF	0.5	B
AHR	ASAP1	0.5	B
MITF	CDH1	0.5	B
CREB1	PER1	0.5	B
SPI1	RARA	0.5	B
EGR1	ZCCHC2	0.5	B
EHF	KRT15	0.5	B
CEBPA	SMARCA2	0.5	B
CTCF	PTPN5	0.5	B
EGR1	ZSWIM6	0.5	B
EGR1	ZNF846	0.5	B
GATA2	ERG	0.5	B
E2F1	MECOM	0.5	B
SOX2	JAG1	0.5	B
EGR1	ZNF638	0.5	B
CTCF	ADARB1	0.5	B
GATA2	DIO2	0.5	B
MYB	RUNX1	-0.5	B
EGR1	ZNF423	0.5	B
EGR1	ZNF385A	0.5	B
STAT1	IFI27	0.5	B
SMAD4	ID1	0.5	B
EGR1	ZMIZ2	0.5	B
EGR1	ZMIZ1	0.5	B
EGR1	ZFYVE28	0.5	B
EGR1	ZFPM1	0.5	B
EGR1	ZFP36L1	0.5	B
EGR1	ZFP36	0.5	B
EGR1	ZFAND3	0.5	B
RELA	GADD45B	0.5	B
EGR1	ZCCHC24	0.5	B
CTCF	ADAMTS1	0.5	B
EGR1	TUBA1C	0.5	B
AHR	ERG	0.5	B
EGR1	TTYH3	0.5	B
EGR1	SYTL1	0.5	B
EGR1	SYT5	0.5	B
EGR1	SYNGAP1	0.5	B
CTCF	ACOXL	0.5	B
EGR1	SYNCRIP	0.5	B
CTCF	RABGAP1L	0.5	B
CTCF	RAD51B	0.5	B
EGR1	SUN2	0.5	B
CTCF	RAI1	0.5	B
CTCF	RALGPS1	0.5	B
CTCF	RAP1GAP2	0.5	B
CTCF	RAPGEF1	0.5	B
EGR1	STMN3	0.5	B
EGR1	STK32C	0.5	B
EGR1	STK11	0.5	B
EGR1	STK10	0.5	B
EGR1	STIM2	0.5	B
CTCF	RAPGEF4	0.5	B
CTCF	RASGEF1A	0.5	B
CTCF	RASGRF1	0.5	B
CTCF	RBFOX3	0.5	B
CTCF	RBM19	0.5	B
EGR1	ST3GAL2	0.5	B
EGR1	SSBP4	0.5	B
CTCF	RBMS1	0.5	B
EGR1	TBC1D14	0.5	B
EGR1	SS18L1	0.5	B
EGR1	TBC1D22A	0.5	B
EGR1	TCF3	0.5	B
EGR1	TTC3	0.5	B
EGR1	TSPOAP1	0.5	B
CTCF	ACTL8	0.5	B
CTCF	PTPRM	0.5	B
EGR1	TSGA10	0.5	B
EGR1	TSEN54	0.5	B
EGR1	TSC22D2	0.5	B
EGR1	TRIO	0.5	B
CTCF	PTPRS	0.5	B
EGR1	TRIM2	0.5	B
EGR1	TRIB3	0.5	B
CTCF	PXN	0.5	B
EGR1	TNS3	0.5	B
EGR1	TNFRSF18	0.5	B
EGR1	TMEM91	0.5	B
CTCF	RAB11FIP4	0.5	B
EGR1	TMC6	0.5	B
EGR1	TLE5	0.5	B
EGR1	TLE3	0.5	B
EGR1	TLE2	0.5	B
EGR1	TJP3	0.5	B
EGR1	TGIF1	0.5	B
EGR1	TFAP2A	0.5	B
EGR1	TENT5A	0.5	B
EGR1	TECR	0.5	B
EGR1	TBCD	0.5	B
EGR1	ACTB	0.5	B
CEBPA	YAP1	0.5	B
EGR1	ACAP3	0.5	B
E2F4	CCT5	0.5	B
E2F4	CCNG2	0.5	B
E2F4	CCNF	0.5	B
CEBPA	FBXW11	0.5	B
E2F4	CCNE2	0.5	B
E2F4	CCND3	0.5	B
CEBPA	FBXO38	0.5	B
CEBPA	FBXO27	0.5	B
E2F4	CBX3	0.5	B
HNF4A	RXRA	0.5	B
E2F4	CARS1	0.5	B
CEBPA	FCHSD2	0.5	B
E2F4	CAND1	0.5	B
CEBPA	FAM47E	0.5	B
E2F4	BRIP1	0.5	B
E2F4	BRD2	0.5	B
E2F4	BRCA2	0.5	B
E2F4	BHLHE40	0.5	B
E2F4	BCR	0.5	B
E2F4	BCOR	0.5	B
E2F4	BCL2L12	0.5	B
E2F4	BCL2L11	0.5	B
CEBPA	FAM13A	0.5	B
CEBPA	FAM107B	0.5	B
CEBPA	FARP1	0.5	B
E2F4	CDCA2	0.5	B
E2F4	CDCA5	0.5	B
CEBPA	FERMT2	0.5	B
CEBPA	FRY	0.5	B
CEBPA	FRMD4B	0.5	B
CEBPA	FOXP1	0.5	B
CEBPA	FOXO3	0.5	B
CEBPA	FOXN3	0.5	B
E2F1	FAM81A	0.5	B
CEBPA	FNIP2	0.5	B
E2F4	CLK3	0.5	B
CEBPA	FNDC3B	0.5	B
E2F4	CKAP5	0.5	B
E2F4	CIC	0.5	B
E2F4	CIT	0.5	B
CEBPA	FLNB	0.5	B
E2F4	CHD9	0.5	B
E2F4	CGGBP1	0.5	B
CEBPA	FILIP1L	0.5	B
E2F4	CEP57	0.5	B
CEBPA	FGGY	0.5	B
E2F4	CEP152	0.5	B
E2F4	CENPU	0.5	B
E2F4	CENPM	0.5	B
E2F4	CPAP	0.5	B
E2F4	CENPA	0.5	B
E2F4	CDK19	0.5	B
CEBPA	FGD4	0.5	B
E2F4	ATG16L1	0.5	B
E2F4	ATAD2	0.5	B
E2F4	ASPM	0.5	B
CEBPA	EXT1	0.5	B
BHLHE40	NR4A1	0.5	B
CEBPA	ECE1	0.5	B
E2F1	ZNF280D	0.5	B
CEBPA	DUSP22	0.5	B
E2F1	ZNF217	0.5	B
E2F1	ZNF131	0.5	B
CEBPA	DUSP10	0.5	B
E2F1	ZMIZ1	0.5	B
CEBPA	DST	0.5	B
CEBPA	DPYS	0.5	B
E2F1	ZCWPW1	0.5	B
E2F1	ZBTB7B	0.5	B
E2F1	ZBTB14	0.5	B
E2F1	YWHAZ	0.5	B
E2F1	WNK1	0.5	B
CEBPA	DOCK5	0.5	B
CEBPA	DOCK4	0.5	B
CEBPA	DOCK10	0.5	B
E2F1	VPS26C	0.5	B
CEBPA	DNAH14	0.5	B
E2F1	VGLL4	0.5	B
CEBPA	DMXL2	0.5	B
E2F1	VEPH1	0.5	B
E2F1	VAV2	0.5	B
E2F1	USP39	0.5	B
CEBPA	EFHC1	0.5	B
E2F4	CNOT8	0.5	B
CEBPA	EFNA5	0.5	B
CEBPA	EHF	0.5	B
E2F4	ARID1A	0.5	B
E2F4	ARHGEF39	0.5	B
E2F4	ARHGAP21	0.5	B
CEBPA	EXOC4	0.5	B
CEBPA	ETV6	0.5	B
CEBPA	ESR1	0.5	B
E2F4	ANP32B	0.5	B
E2F4	ANAPC5	0.5	B
E2F4	ALDOA	0.5	B
E2F4	AGPAT3	0.5	B
CEBPA	ERN1	0.5	B
E2F4	AGFG2	0.5	B
CEBPA	ERC2	0.5	B
E2F4	ACTB	0.5	B
CEBPA	ERC1	0.5	B
CEBPA	EPB41L2	0.5	B
E2F4	ABCA7	0.5	B
CEBPA	EPAS1	0.5	B
CEBPA	ENTPD1	0.5	B
CEBPA	EML6	0.5	B
E2F2	FOXM1	0.5	B
CEBPA	EML4	0.5	B
CEBPA	EMCN	0.5	B
E2F1	FKBP5	0.5	B
CEBPA	ELMO1	0.5	B
CEBPA	EGFR	0.5	B
E2F1	UIMC1	0.5	B
E2F4	CNOT9	0.5	B
E2F1	EVI5L	0.5	B
CEBPA	IPCEF1	0.5	B
E2F4	GTF2A1	0.5	B
E2F4	GSE1	0.5	B
CEBPA	IMPA2	0.5	B
CEBPA	IL1RAP	0.5	B
E2F4	GPR137	0.5	B
CEBPA	IL1R1	0.5	B
E2F4	GGH	0.5	B
E2F4	GEN1	0.5	B
E2F4	FSCN1	0.5	B
E2F4	FOXO3	0.5	B
E2F4	GTPBP3	0.5	B
CEBPA	IGF2R	0.5	B
E2F1	EGLN3	0.5	B
CEBPA	IFNGR1	0.5	B
E2F4	FLAD1	0.5	B
CEBPA	HTT	0.5	B
E2F4	FIZ1	0.5	B
E2F1	ELF2	0.5	B
CEBPA	HSD17B2	0.5	B
CEBPA	HPCAL1	0.5	B
E2F4	FHOD1	0.5	B
E2F4	FKBP5	0.5	B
E2F4	FDXR	0.5	B
CEBPA	IGF1R	0.5	B
E2F4	H1-2	0.5	B
ESR1	IGF1R	0.5	B
E2F4	H2BC15	0.5	B
CEBPA	LIMD1	0.5	B
CEBPA	LGR4	0.5	B
CEBPA	LARS2	0.5	B
CEBPA	LARGE1	0.5	B
CEBPA	LAMB1	0.5	B
CEBPA	LAMA3	0.5	B
E2F1	DSE	0.5	B
E2F4	HES1	0.5	B
CEBPA	KIAA1217	0.5	B
CEBPA	KIAA0319L	0.5	B
CEBPA	KDM4B	0.5	B
CEBPA	KCNJ15	0.5	B
E2F1	EEF1A1	0.5	B
CEBPA	KALRN	0.5	B
E2F1	EFNA5	0.5	B
CEBPA	JMJD1C	0.5	B
CEBPA	JAZF1	0.5	B
CEBPA	ITPR2	0.5	B
CEBPA	ITPR1	0.5	B
CEBPA	ITM2B	0.5	B
CEBPA	IRX6	0.5	B
CEBPA	IQSEC1	0.5	B
E2F4	HELLS	0.5	B
E2F4	HAUS3	0.5	B
E2F4	H2BC17	0.5	B
CEBPA	HNMT	0.5	B
E2F4	FBXL5	0.5	B
E2F4	FBXL20	0.5	B
E2F4	FBXL19	0.5	B
CEBPA	GPC6	0.5	B
E2F4	DST	0.5	B
E2F4	DSCC1	0.5	B
E2F4	DNA2	0.5	B
CEBPA	GNA12	0.5	B
CEBPA	GMDS	0.5	B
CEBPA	GLIS3	0.5	B
E2F4	DLGAP5	0.5	B
CEBPA	GHR	0.5	B
E2F4	DIP2A	0.5	B
CEBPA	GFOD1	0.5	B
CEBPA	GCLC	0.5	B
E2F4	DHX15	0.5	B
CEBPA	GATA4	0.5	B
CEBPA	GAS7	0.5	B
E2F4	DEPDC1B	0.5	B
CEBPA	GALNT2	0.5	B
E2F4	DDX3X	0.5	B
E2F1	ERI2	0.5	B
E2F4	DDX39A	0.5	B
CEBPA	FYN	0.5	B
E2F4	CXXC5	0.5	B
CEBPA	FST	0.5	B
E2F4	CTDSPL2	0.5	B
E2F4	CRYBG1	0.5	B
CEBPA	GPT2	0.5	B
E2F4	COMTD1	0.5	B
E2F4	E4F1	0.5	B
CEBPA	GRB10	0.5	B
E2F4	FASN	0.5	B
E2F4	FANCA	0.5	B
E2F4	FAM53C	0.5	B
CEBPA	HIVEP3	0.5	B
CEBPA	HIVEP2	0.5	B
E2F4	FAM111A	0.5	B
E2F4	FADS2	0.5	B
E2F4	FAAP100	0.5	B
CEBPA	HIPK2	0.5	B
CEBPA	HIP1	0.5	B
E2F4	EXOSC8	0.5	B
E2F4	EXO1	0.5	B
E2F4	ESYT1	0.5	B
E2F4	ERI2	0.5	B
E2F4	ERGIC1	0.5	B
E2F4	EML2	0.5	B
CEBPA	HCAR1	0.5	B
E2F4	EMC3	0.5	B
E2F4	ELP5	0.5	B
CEBPA	GXYLT2	0.5	B
E2F4	ELF2	0.5	B
CEBPA	GSE1	0.5	B
CEBPA	GSAP	0.5	B
E2F4	EHD1	0.5	B
E2F4	EFHD2	0.5	B
CEBPA	GRAMD2B	0.5	B
CEBPA	LINC00299	0.5	B
E2F1	UCK2	0.5	B
CEBPA	DLG2	0.5	B
CEBPA	ARSG	0.5	B
E2F1	HERC3	0.5	B
CEBPA	CDK6	0.5	B
CEBPA	ASAP1	0.5	B
CEBPA	ASCC2	0.5	B
E2F1	PFKFB3	0.5	B
E2F1	HIVEP2	0.5	B
E2F1	PER1	0.5	B
E2F1	HMGB1	0.5	B
CEBPA	CDK5RAP2	0.5	B
EGR1	PIK3R1	0.5	B
E2F1	HDLBP	0.5	B
E2F1	PDGFA	0.5	B
E2F1	HOOK2	0.5	B
E2F1	PDE8A	0.5	B
CEBPA	ATP2A2	0.5	B
CEBPA	CDH23	0.5	B
CEBPA	ATP2C1	0.5	B
E2F1	PCBP1	0.5	B
CEBPA	CDC14B	0.5	B
CEBPA	ATP9B	0.5	B
CEBPA	ATXN1	0.5	B
CEBPA	CD44	0.5	B
E2F1	ID3	0.5	B
CEBPA	ATG10	0.5	B
CEBPA	CELF1	0.5	B
E2F1	PKMYT1	0.5	B
CEBPA	CEMIP2	0.5	B
E2F1	RAI1	0.5	B
E2F1	RAET1E	0.5	B
CEBPA	CLASP1	0.5	B
E2F1	RAB27A	0.5	B
E2F1	GDAP1	0.5	B
CEBPA	ARHGAP17	0.5	B
CEBPA	ARHGAP18	0.5	B
E2F1	GINS1	0.5	B
CEBPA	ARHGAP24	0.5	B
E2F1	QSER1	0.5	B
E2F1	PTCH1	0.5	B
E2F1	PRPSAP1	0.5	B
CEBPA	ARHGAP25	0.5	B
CEBPA	ARHGAP26	0.5	B
CEBPA	CHN2	0.5	B
E2F1	GLI3	0.5	B
E2F1	PPAT	0.5	B
CEBPA	ARHGEF10L	0.5	B
CEBPA	ARHGEF12	0.5	B
TAL1	TCF12	0.5	B
CEBPA	ARHGEF3	0.5	B
E2F1	GSE1	0.5	B
E2F1	PLEC	0.5	B
CEBPA	ARID1B	0.5	B
E2F1	PKP4	0.5	B
CEBPA	ATXN7	0.5	B
E2F1	NUP153	0.5	B
E2F1	NRSN2	0.5	B
E2F1	NR4A2	0.5	B
E2F1	JADE2	0.5	B
CEBPA	CBFA2T2	0.5	B
E2F1	JMJD1C	0.5	B
E2F1	JUND	0.5	B
E2F1	MICAL3	0.5	B
E2F1	MIB1	0.5	B
E2F1	KBTBD2	0.5	B
E2F1	MGRN1	0.5	B
E2F1	MGAT1	0.5	B
CEBPA	CAST	0.5	B
E2F1	KCTD15	0.5	B
E2F1	NHSL3	0.5	B
E2F1	MEIS2	0.5	B
E2F1	MCMBP	0.5	B
E2F1	MCM2	0.5	B
E2F1	KIF18A	0.5	B
E2F1	MAN2A1	0.5	B
E2F1	MACF1	0.5	B
CEBPA	CAMK2D	0.5	B
CEBPA	C2	0.5	B
CEBPA	CALD1	0.5	B
E2F1	LTBP4	0.5	B
E2F1	LTBP3	0.5	B
E2F1	LNPEP	0.5	B
E2F1	LMNB1	0.5	B
E2F1	MYO10	0.5	B
CEBPA	CLEC16A	0.5	B
E2F1	MYO1C	0.5	B
CEBPA	CCDC12	0.5	B
E2F1	IGF2BP2	0.5	B
E2F1	NR3C1	0.5	B
E2F1	IQCJ	0.5	B
E2F1	NQO2	0.5	B
CEBPA	AUTS2	0.5	B
CEBPA	BAZ2B	0.5	B
E2F1	IRS1	0.5	B
E2F1	NKIRAS1	0.5	B
E2F1	NIPBL	0.5	B
E2F1	NIBAN2	0.5	B
CEBPA	BBX	0.5	B
E2F1	NFIC	0.5	B
E2F1	NFIB	0.5	B
E2F1	NFIA	0.5	B
E2F1	NFE2L2	0.5	B
NFYB	CD74	0.5	B
E2F1	NEK2	0.5	B
E2F1	ITGB1	0.5	B
AR	MME	0.5	B
E2F1	NDRG1	0.5	B
E2F1	NDC80	0.5	B
E2F1	NCAPG2	0.5	B
CEBPA	BCAR3	0.5	B
CEBPA	BCAS3	0.5	B
E2F1	N4BP2	0.5	B
CEBPA	BHLHE40	0.5	B
CEBPA	DLGAP1	0.5	B
CEBPA	ANO10	0.5	B
E2F1	RCC1	0.5	B
CEBPA	DAB2IP	0.5	B
E2F1	TFAP4	0.5	B
E2F1	TEAD1	0.5	B
E2F1	TBC1D8	0.5	B
E2F1	TAF1D	0.5	B
CEBPA	DAB1	0.5	B
CEBPA	DAAM1	0.5	B
E2F1	TAF15	0.5	B
CEBPA	CYTH1	0.5	B
CEBPA	CUX2	0.5	B
CEBPA	CUX1	0.5	B
CEBPA	DAPK1	0.5	B
CEBPA	CUEDC1	0.5	B
CEBPA	CTBS	0.5	B
CDX2	HNF4G	0.5	B
E2F1	SSBP4	0.5	B
CEBPA	CRYBG1	0.5	B
CEBPA	CRTC3	0.5	B
E2F1	FNDC3B	0.5	B
CEBPA	CRIM1	0.5	B
E2F1	SPTBN1	0.5	B
CEBPA	CRADD	0.5	B
CEBPA	CPNE4	0.5	B
E2F1	FUT8	0.5	B
CEBPA	CTNNBL1	0.5	B
E2F1	TGIF1	0.5	B
E2F1	TIPIN	0.5	B
E2F1	TLE3	0.5	B
E2F1	TUSC1	0.5	B
CEBPA	DLG1	0.5	B
CEBPA	DLEU1	0.5	B
E2F1	TTF2	0.5	B
E2F1	TTC7A	0.5	B
STAT3	BHLHE40	0.5	B
E2F1	TSGA10	0.5	B
TP53	FHL2	0.5	B
CEBPA	DLC1	0.5	B
E2F1	TRIO	0.5	B
E2F1	TRAPPC9	0.5	B
E2F1	TRAF3IP2	0.5	B
E2F1	TRABD2A	0.5	B
E2F1	TPRA1	0.5	B
CEBPA	DENND3	0.5	B
E2F1	TPM1	0.5	B
CEBPA	DENND2B	0.5	B
E2F1	TOB2	0.5	B
CEBPA	DENND1A	0.5	B
E2F1	TNRC18	0.5	B
E2F1	TNPO1	0.5	B
CEBPA	DENND10	0.5	B
E2F1	TMPO	0.5	B
E2F1	TMEM187	0.5	B
E2F1	TMBIM6	0.5	B
E2F1	SPECC1	0.5	B
CEBPA	CPM	0.5	B
E2F1	SPAG1	0.5	B
CEBPA	CPED1	0.5	B
CEBPA	ADD3	0.5	B
E2F1	SEPTIN9	0.5	B
CEBPA	ADGRG6	0.5	B
E2F1	SEC22C	0.5	B
E2F1	SDC1	0.5	B
CEBPA	ADGRV1	0.5	B
CEBPA	AFF1	0.5	B
E2F1	SCAF11	0.5	B
E2F1	SATB2	0.5	B
CEBPA	CNGB1	0.5	B
CEBPA	AK4	0.5	B
CEBPA	AKAP13	0.5	B
CEBPA	AKAP6	0.5	B
E2F1	SAMD11	0.5	B
CEBPA	ALDH1A1	0.5	B
E2F1	RPRD2	0.5	B
CEBPA	ALDH1A2	0.5	B
CEBPA	AMPD3	0.5	B
E2F1	RNF38	0.5	B
E2F1	GATAD2A	0.5	B
CEBPA	ANK3	0.5	B
CEBPA	ANKH	0.5	B
E2F1	RERE	0.5	B
E2F1	RCC2	0.5	B
CEBPA	CLMN	0.5	B
E2F1	SERBP1	0.5	B
CEBPA	CLIP1	0.5	B
E2F1	SERF2	0.5	B
E2F1	SERTAD2	0.5	B
E2F1	SOX12	0.5	B
E2F1	SOD2	0.5	B
E2F1	SNX8	0.5	B
CEBPA	ABCA4	0.5	B
E2F1	SMARCA2	0.5	B
E2F1	SMAD6	0.5	B
E2F1	SMAD3	0.5	B
CEBPA	ABCC11	0.5	B
CEBPA	ABCC3	0.5	B
E2F1	SLC3A2	0.5	B
E2F1	SLC38A2	0.5	B
CEBPA	ABLIM1	0.5	B
E2F1	SLC38A1	0.5	B
E2F1	SLC25A25	0.5	B
E2F1	SLC25A12	0.5	B
CEBPA	ABLIM3	0.5	B
E2F1	SLC1A5	0.5	B
CEBPA	COL14A1	0.5	B
CEBPA	ACOX2	0.5	B
E2F1	SGSM2	0.5	B
E2F1	SGMS1	0.5	B
E2F1	SGK3	0.5	B
E2F1	SETD7	0.5	B
CEBPA	ACSL3	0.5	B
CEBPA	ACSS3	0.5	B
E2F1	SERP1	0.5	B
CEBPA	LITAF	0.5	B
CEBPA	LMBR1	0.5	B
CEBPA	LNX1	0.5	B
CEBPA	RAPGEF4	0.5	B
CEBPA	RAPGEF2	0.5	B
CEBPA	RAPGEF1	0.5	B
ATF4	TARS1	0.5	B
E2F4	UNKL	0.5	B
E2F4	UIMC1	0.5	B
E2F4	UHRF1	0.5	B
CEBPA	RALGAPA2	0.5	B
E2F4	UBE2T	0.5	B
E2F4	UBE2M	0.5	B
CEBPA	RAD51B	0.5	B
E2F4	USP5	0.5	B
CEBPA	RABGAP1L	0.5	B
CEBPA	RAB3D	0.5	B
E2F4	TTLL4	0.5	B
E2F4	TTF2	0.5	B
E2F4	TRIP13	0.5	B
CEBPA	PYGL	0.5	B
CEBPA	PTPRG	0.5	B
ATF4	TIMM44	0.5	B
CEBPA	PTPN12	0.5	B
CEBPA	PTP4A2	0.5	B
CEBPA	PTP4A1	0.5	B
CEBPA	PTK2B	0.5	B
E2F4	TULP3	0.5	B
CEBPA	RBM47	0.5	B
CEBPA	RBMS1	0.5	B
E2F4	WDR18	0.5	B
E2F4	ZNF846	0.5	B
CEBPA	RTN4	0.5	B
CEBPA	RREB1	0.5	B
E2F4	ZNF367	0.5	B
E2F4	ZNF331	0.5	B
E2F4	ZNF263	0.5	B
CEBPA	ROCK2	0.5	B
CEBPA	RIN3	0.5	B
CEBPA	RIN2	0.5	B
E2F4	ZNF131	0.5	B
E2F4	ZFYVE21	0.5	B
E2F4	ZDHHC5	0.5	B
CEBPA	RHOBTB3	0.5	B
CEBPA	RHO	0.5	B
CEBPA	RERE	0.5	B
E2F4	XPO1	0.5	B
E2F4	WRAP53	0.5	B
E2F1	CDC42EP4	0.5	B
E2F1	CDCA7L	0.5	B
E2F1	CFL1	0.5	B
E2F1	CHD9	0.5	B
CEBPA	RCAN1	0.5	B
CEBPA	RBPMS	0.5	B
CEBPA	RBMS3	0.5	B
E2F1	CLASP1	0.5	B
E2F4	TRAPPC9	0.5	B
CEBPA	PSMA1	0.5	B
CEBPA	PSD3	0.5	B
CEBPA	PRRC2B	0.5	B
CEBPA	PLIN2	0.5	B
E2F4	SRCAP	0.5	B
CEBPA	PLEKHM3	0.5	B
E2F4	SQSTM1	0.5	B
E2F4	SPC24	0.5	B
CEBPA	PLCL2	0.5	B
E2F4	SPAG5	0.5	B
CEBPA	PLCB1	0.5	B
E2F4	SOD2	0.5	B
E2F4	SOCS2	0.5	B
E2F4	SNRNP25	0.5	B
E2F4	SNIP1	0.5	B
E2F4	SMG9	0.5	B
E2F4	SMC1A	0.5	B
E2F4	SMARCA2	0.5	B
CEBPA	PIP4K2A	0.5	B
CEBPA	PIM1	0.5	B
CEBPA	PIK3R1	0.5	B
CEBPA	PIK3AP1	0.5	B
E2F4	SLC3A2	0.5	B
CEBPA	PIGU	0.5	B
CEBPA	PHLPP1	0.5	B
E2F4	SLC38A1	0.5	B
CEBPA	PHLDB2	0.5	B
CEBPA	PHC2	0.5	B
E2F4	SSBP4	0.5	B
CEBPA	RUFY3	0.5	B
CEBPA	PLPP3	0.5	B
E2F4	STK3	0.5	B
E2F4	TRAF3	0.5	B
E2F4	TPRA1	0.5	B
E2F4	TPD52L2	0.5	B
CEBPB	PPARG	0.5	B
E2F4	TNPO1	0.5	B
CEBPA	PROX1	0.5	B
E2F4	TLE4	0.5	B
E2F4	TLCD1	0.5	B
E2F4	TIMM21	0.5	B
E2F4	TIAL1	0.5	B
E2F4	TICRR	0.5	B
EGR1	KLF5	0.5	B
E2F4	TFAP4	0.5	B
E2F4	TEAD4	0.5	B
CEBPA	PRLR	0.5	B
E2F4	TDP1	0.5	B
CEBPA	PRKCH	0.5	B
CEBPA	PRKCE	0.5	B
CEBPA	PRKAG2	0.5	B
E2F4	TBC1D31	0.5	B
E2F4	TAF5	0.5	B
CEBPA	PREX1	0.5	B
E2F4	SYCE2	0.5	B
CEBPA	PPARGC1A	0.5	B
CEBPA	POR	0.5	B
E2F4	STAT1	0.5	B
E2F4	SKIDA1	0.5	B
ATF4	STK40	0.5	B
CEBPA	SASH1	0.5	B
CEBPA	TLE3	0.5	B
EBF1	DENND3	0.5	B
CEBPA	TLE1	0.5	B
CEBPA	TJP2	0.5	B
E2F1	BRD4	0.5	B
CEBPA	TIAM2	0.5	B
ATF4	SHMT2	0.5	B
CEBPA	THADA	0.5	B
CEBPA	TGM3	0.5	B
CEBPA	TGM2	0.5	B
CEBPA	TGFBR3	0.5	B
CEBPA	TLK1	0.5	B
CEBPA	TGFBI	0.5	B
CEBPA	TEX2	0.5	B
CEBPA	TENM4	0.5	B
CEBPA	TECTB	0.5	B
CEBPA	TCF7L2	0.5	B
CEBPA	TBXAS1	0.5	B
CEBPA	TBC1D8	0.5	B
CEBPA	TBC1D5	0.5	B
CEBPA	TBC1D4	0.5	B
CEBPA	TBC1D2B	0.5	B
CEBPA	TBC1D14	0.5	B
CEBPA	TBC1D1	0.5	B
CEBPA	TG	0.5	B
CEBPA	TLN2	0.5	B
EBF1	FLI1	0.5	B
CEBPA	TMEM131L	0.5	B
EGR1	ABR	0.5	B
CEBPA	WWC1	0.5	B
E2F1	BLM	0.5	B
CEBPA	VPS13D	0.5	B
CEBPA	VMP1	0.5	B
CEBPA	VCL	0.5	B
CEBPA	UTRN	0.5	B
CEBPA	USP6NL	0.5	B
ATF4	RSL24D1	0.5	B
CEBPA	USP47	0.5	B
CEBPA	USP10	0.5	B
CEBPA	UBASH3B	0.5	B
CEBPA	TTC28	0.5	B
CEBPA	TSPAN14	0.5	B
CEBPA	TRIO	0.5	B
CEBPA	TRIM2	0.5	B
CEBPA	TRIB1	0.5	B
CEBPA	TRAK1	0.5	B
EBF1	LPP	0.5	B
CEBPA	RUNX1	0.5	B
CEBPA	TNS3	0.5	B
CEBPA	TNS1	0.5	B
CEBPA	TNKS	0.5	B
CEBPA	TNIK	0.5	B
CEBPA	TNFSF8	0.5	B
CEBPA	TACC2	0.5	B
CEBPA	TACC1	0.5	B
E2F7	UHRF1	0.5	B
CEBPA	SYNE2	0.5	B
CEBPA	SLC39A11	0.5	B
CEBPA	SLC38A4	0.5	B
CEBPA	SLC2A9	0.5	B
E2F1	CAST	0.5	B
E2F1	CBR3	0.5	B
CEBPA	SLC24A4	0.5	B
CEBPA	SLC22A23	0.5	B
CEBPA	SLC13A5	0.5	B
CEBPA	SIPA1L1	0.5	B
CEBPA	SIL1	0.5	B
CEBPA	SIK3	0.5	B
CEBPA	SHANK2	0.5	B
CEBPA	SH3KBP1	0.5	B
CEBPA	SH3BP5	0.5	B
CEBPA	SH3BP4	0.5	B
CEBPA	SGK1	0.5	B
CEBPA	SETD7	0.5	B
CEBPA	SERINC5	0.5	B
CEBPA	SERGEF	0.5	B
CEBPA	SEPTIN9	0.5	B
CEBPA	SEMA4D	0.5	B
CEBPA	SELENOP	0.5	B
CEBPA	SDC2	0.5	B
CEBPA	SCN8A	0.5	B
CEBPA	SCARB1	0.5	B
CEBPA	SLC44A1	0.5	B
CEBPA	SAMD4A	0.5	B
E2F1	CANX	0.5	B
CEBPA	SLX4IP	0.5	B
CEBPA	SYNE1	0.5	B
CEBPA	SYK	0.5	B
CEBPA	SVIL	0.5	B
CEBPA	SUSD1	0.5	B
CEBPA	STXBP6	0.5	B
CEBPA	STXBP5	0.5	B
CEBPA	STK39	0.5	B
CEBPA	STIM1	0.5	B
CEBPA	STARD13	0.5	B
CEBPA	ST6GAL1	0.5	B
CEBPA	ST3GAL6	0.5	B
CEBPA	ST3GAL5	0.5	B
E2F7	E2F8	0.5	B
CEBPA	ST3GAL1	0.5	B
CEBPA	SPTBN1	0.5	B
E2F6	ZNF131	0.5	B
CEBPA	SPATS2L	0.5	B
CEBPA	SPAG9	0.5	B
CEBPA	SORL1	0.5	B
CEBPA	SORBS2	0.5	B
CEBPA	SORBS1	0.5	B
CEBPA	SNTB1	0.5	B
CEBPA	SMYD3	0.5	B
CEBPA	SMAP2	0.5	B
CEBPA	SMAD3	0.5	B
CEBPA	SLC8A1	0.5	B
CEBPA	PHACTR2	0.5	B
CEBPA	PHACTR1	0.5	B
CEBPA	PGM1	0.5	B
CEBPA	NCOA2	0.5	B
BACH2	RIPOR2	0.5	B
CEBPA	NCEH1	0.5	B
CEBPA	NAV3	0.5	B
CEBPA	NAV2	0.5	B
CEBPA	NABP1	0.5	B
CEBPA	NAALADL2	0.5	B
E2F4	MAEA	0.5	B
CEBPA	MYOM1	0.5	B
CEBPA	MYO1F	0.5	B
E2F4	MAD2L2	0.5	B
CEBPA	NDEL1	0.5	B
E2F4	MAD2L1BP	0.5	B
CEBPA	MYLK	0.5	B
E2F1	CRYBG1	0.5	B
CEBPA	MYBPC1	0.5	B
CEBPA	MVB12B	0.5	B
E2F4	LRRC14	0.5	B
E2F4	LRP4	0.5	B
E2F1	CTBP2	0.5	B
CEBPA	MTUS1	0.5	B
E2F4	LMNB1	0.5	B
E2F4	LIG1	0.5	B
CEBPA	MTSS1	0.5	B
CEBPA	MYO1B	0.5	B
CEBPA	NDST1	0.5	B
CEBPA	NDUFAF6	0.5	B
CEBPA	NEDD4L	0.5	B
BACH1	SMARCA4	0.5	B
E2F4	MED15	0.5	B
E2F4	MCM4	0.5	B
BACH1	SQSTM1	0.5	B
BACH1	SSC4D	0.5	B
BACH1	SYNJ2	0.5	B
BACH1	TNFAIP2	0.5	B
BACH1	TRIM56	0.5	B
CEBPA	NUMB	0.5	B
CEBPA	NSMCE2	0.5	B
CEBPA	NRP1	0.5	B
CEBPA	NR2F2	0.5	B
CEBPA	NPC1	0.5	B
CEBPA	NPAS2	0.5	B
FOXP1	BACH2	0.5	B
CEBPA	NNMT	0.5	B
CEBPA	NIBAN1	0.5	B
CEBPA	NHSL1	0.5	B
CEBPA	NFIL3	0.5	B
CEBPA	NFIB	0.5	B
E2F1	CPT1A	0.5	B
CEBPA	NFIA	0.5	B
CEBPA	NEK6	0.5	B
CEBPA	NEK10	0.5	B
CEBPA	NEDD9	0.5	B
E2F4	KPNB1	0.5	B
CEBPA	MTMR7	0.5	B
E2F4	KMT5C	0.5	B
E2F4	KLHL25	0.5	B
CEBPA	MBNL2	0.5	B
E2F4	IGF2BP2	0.5	B
CEBPA	MBNL1	0.5	B
E2F4	IER5	0.5	B
CEBPA	MAST4	0.5	B
E2F4	ICAM5	0.5	B
CEBPA	MAPK3	0.5	B
E2F4	HNRNPUL1	0.5	B
CEBPA	MAP4K4	0.5	B
E2F4	HNRNPL	0.5	B
E2F4	HNRNPF	0.5	B
CEBPA	MAP3K5	0.5	B
CEBPA	MAML3	0.5	B
E2F4	HNRNPAB	0.5	B
E2F4	HNRNPA0	0.5	B
E2F4	HMGB2	0.5	B
E2F4	HMBS	0.5	B
CEBPA	MAGI1	0.5	B
CEBPA	MACROD2	0.5	B
CEBPA	MACF1	0.5	B
CEBPA	LYRM4	0.5	B
CEBPA	LYRM1	0.5	B
CEBPA	LRIG1	0.5	B
CEBPA	LRCH1	0.5	B
CEBPA	LPP	0.5	B
E2F1	DLG4	0.5	B
BACH1	SLX4IP	0.5	B
E2F4	ING2	0.5	B
CEBPA	MBNL3	0.5	B
CEBPA	MTMR12	0.5	B
E2F4	KIF20A	0.5	B
E2F4	KIF18B	0.5	B
E2F4	KIF11	0.5	B
E2F1	CXXC5	0.5	B
CEBPA	MIDEAS	0.5	B
CEBPA	MGLL	0.5	B
CEBPA	MEIS1	0.5	B
BATF	TNFRSF8	0.5	B
CEBPA	MED13L	0.5	B
E2F4	KCNAB2	0.5	B
E2F4	KAZALD1	0.5	B
E2F1	CYRIB	0.5	B
E2F4	JADE2	0.5	B
E2F4	JADE1	0.5	B
E2F1	DCAKD	0.5	B
CEBPA	MCF2L2	0.5	B
E2F1	DENND2B	0.5	B
E2F4	IRF2BP2	0.5	B
CEBPA	MCC	0.5	B
E2F1	DLEU1	0.5	B
CEBPA	MBP	0.5	B
FOXP1	BCL11A	0.5	B
E2F4	IQGAP3	0.5	B
E2F4	IPO11	0.5	B
E2F4	ING5	0.5	B
BACH1	SLC7A11	0.5	B
BACH1	SLC48A1	0.5	B
BACH1	RFFL	0.5	B
E2F4	RAB35	0.5	B
E2F4	RAB11FIP5	0.5	B
E2F4	QSER1	0.5	B
E2F4	PUSL1	0.5	B
E2F4	PTMA	0.5	B
E2F4	PTCH1	0.5	B
E2F4	PTBP1	0.5	B
CEBPA	PDS5A	0.5	B
E2F4	PSTK	0.5	B
E2F4	PSMG3	0.5	B
E2F4	PSMC3IP	0.5	B
E2F4	PRKDC	0.5	B
E2F4	POU2F1	0.5	B
E2F4	POC1A	0.5	B
E2F4	PNPLA8	0.5	B
E2F4	PNKP	0.5	B
E2F4	PLEC	0.5	B
HNF4A	SRC	0.5	B
E2F4	PLA2G6	0.5	B
E2F4	PKMYT1	0.5	B
E2F4	PKM	0.5	B
E2F4	PIMREG	0.5	B
E2F4	PFKFB3	0.5	B
CEBPA	PDLIM5	0.5	B
CEBPA	PDE4D	0.5	B
E2F4	RACGAP1	0.5	B
E2F4	PC	0.5	B
E2F4	RAD21	0.5	B
E2F4	RAD9A	0.5	B
E2F4	SHC1	0.5	B
E2F4	SGO2	0.5	B
E2F4	SGO1	0.5	B
E2F4	SGMS1	0.5	B
E2F4	SFXN5	0.5	B
E2F4	SETD5	0.5	B
E2F4	SERTAD2	0.5	B
E2F4	SERBP1	0.5	B
E2F4	SEPTIN9	0.5	B
E2F4	SEMA4B	0.5	B
E2F4	SAMD4A	0.5	B
E2F4	SAE1	0.5	B
E2F4	RUSC1	0.5	B
E2F4	RTTN	0.5	B
E2F4	RTKN2	0.5	B
E2F4	RMI2	0.5	B
E2F4	RHOF	0.5	B
E2F4	RFX2	0.5	B
E2F4	RFWD3	0.5	B
E2F4	RCCD1	0.5	B
E2F4	RBM15	0.5	B
E2F4	RAVER1	0.5	B
E2F4	RASSF1	0.5	B
E2F1	CLIP1	0.5	B
E2F4	RALGDS	0.5	B
E2F4	RAD54B	0.5	B
HNF4A	SLC22A7	0.5	B
E2F4	PBK	0.5	B
E2F4	ORC6	0.5	B
E2F4	MGRN1	0.5	B
E2F4	MFSD12	0.5	B
CEBPA	PCBP1	0.5	B
CEBPA	PARD3	0.5	B
BACH1	ALDOA	0.5	B
BACH1	ASAP1	0.5	B
BACH1	BICDL1	0.5	B
BACH1	CDK6	0.5	B
CEBPA	PAG1	0.5	B
BACH1	CLIP4	0.5	B
BACH1	DPH6	0.5	B
FOXP1	BACH1	0.5	B
CEBPA	PACSIN2	0.5	B
BACH1	GCLC	0.5	B
BACH1	IFRD1	0.5	B
BACH1	KCTD20	0.5	B
BACH1	LBR	0.5	B
BACH1	MAFG	0.5	B
BACH1	MAPT	0.5	B
BACH1	ME1	0.5	B
BACH1	MSANTD3	0.5	B
BACH1	NQO2	0.5	B
BACH1	PHLDA2	0.5	B
BACH1	PIK3CD	0.5	B
BACH1	PSAP	0.5	B
CEBPA	PCCA	0.5	B
E2F4	PAXX	0.5	B
E2F4	MIDEAS	0.5	B
E2F4	MLLT1	0.5	B
E2F4	ORC3	0.5	B
E2F4	ODF2	0.5	B
GATA1	SPTB	0.5	B
E2F4	NUP214	0.5	B
E2F4	NUP205	0.5	B
E2F4	NUP155	0.5	B
E2F4	NUDT2	0.5	B
E2F4	NSD2	0.5	B
E2F4	NR4A2	0.5	B
E2F4	NR3C1	0.5	B
E2F4	NOLC1	0.5	B
E2F4	NFIC	0.5	B
E2F4	NFATC2IP	0.5	B
E2F4	NET1	0.5	B
E2F4	NEMP1	0.5	B
E2F4	NCAPD3	0.5	B
E2F4	NCAPD2	0.5	B
E2F4	MYO9B	0.5	B
E2F4	MYO18A	0.5	B
CEBPA	PDE4B	0.5	B
E2F4	MYBL1	0.5	B
E2F4	MXI1	0.5	B
CEBPA	PCSK6	0.5	B
E2F4	MNT	0.5	B
E2F4	MMS22L	0.5	B
E2F4	MIDN	0.5	B
NFIC	AFP	0.5	B
E2F1	LIG1	0.5	B
CTCF	DPYSL2	0.5	B
CTCF	KDM4B	0.5	B
CTCF	KDM2B	0.5	B
ESR1	HDAC11	0.5	B
CTCF	KCNQ3	0.5	B
CTCF	KCNN3	0.5	B
ESR1	GSE1	0.5	B
ESR1	GRHL2	0.5	B
CTCF	KCNMA1	0.5	B
ESR1	GMDS	0.5	B
ESR1	GLI3	0.5	B
CTCF	KCNC1	0.5	B
CTCF	KCNAB2	0.5	B
CTCF	KAZN	0.5	B
CTCF	KANSL1	0.5	B
CTCF	KALRN	0.5	B
ESR1	GHR	0.5	B
CTCF	JPH3	0.5	B
ESR1	HDAC4	0.5	B
CTCF	MACF1	0.5	B
ESR1	HIPK2	0.5	B
ESR1	HIVEP3	0.5	B
CTCF	LINGO1	0.5	B
ESR1	IQSEC1	0.5	B
CTCF	LHPP	0.5	B
CTCF	LHFPL2	0.5	B
ESR1	IPPK	0.5	B
ESR1	INPP5A	0.5	B
ESR1	INPP4B	0.5	B
CTCF	LGR6	0.5	B
CTCF	JAZF1	0.5	B
CTCF	LDB2	0.5	B
ESR1	IFT122	0.5	B
CTCF	KLHL29	0.5	B
ESR1	HS6ST1	0.5	B
ESR1	HMCN1	0.5	B
CTCF	KIRREL1	0.5	B
ESR1	HK2	0.5	B
ESR1	HK1	0.5	B
CTCF	KIAA1217	0.5	B
CTCF	LARGE1	0.5	B
CTCF	JARID2	0.5	B
ESR1	GALNT10	0.5	B
CTCF	JADE2	0.5	B
CTCF	HDAC9	0.5	B
CTCF	HDAC7	0.5	B
CTCF	HDAC4	0.5	B
CTCF	GSN	0.5	B
CTCF	GSE1	0.5	B
CTCF	GRM4	0.5	B
CTCF	GRK5	0.5	B
CTCF	GRIP1	0.5	B
CTCF	HECW2	0.5	B
CTCF	GRIK4	0.5	B
CTCF	GRIK3	0.5	B
ESR1	FSIP1	0.5	B
CTCF	GRID1	0.5	B
CTCF	GRAMD1B	0.5	B
CTCF	GMPR	0.5	B
CTCF	GMDS	0.5	B
CTCF	GLIS3	0.5	B
CTCF	GLI3	0.5	B
CTCF	OTOF	0.5	B
CTCF	LMBR1	0.5	B
CTCF	HIVEP3	0.5	B
CTCF	HLCS	0.5	B
CTCF	ITPR2	0.5	B
CTCF	ITPR1	0.5	B
CTCF	IQSEC2	0.5	B
CTCF	IQSEC1	0.5	B
CTCF	IQGAP2	0.5	B
ESR1	GABBR2	0.5	B
CTCF	IQCJ	0.5	B
ESR1	FTO	0.5	B
CTCF	OSBPL3	0.5	B
CTCF	IQCA1	0.5	B
CTCF	INPP4A	0.5	B
CTCF	OSBP2	0.5	B
CTCF	IL16	0.5	B
CTCF	IGSF21	0.5	B
CTCF	IGF1R	0.5	B
CTCF	HOOK2	0.5	B
CTCF	HMCN2	0.5	B
CTCF	HM13	0.5	B
CTCF	INPP5A	0.5	B
CTCF	PAH	0.5	B
CTCF	LMNA	0.5	B
ESR1	ITGB5	0.5	B
RELA	CD44	0.5	B
CTCF	MAST4	0.5	B
TP53	PTP4A1	0.5	B
CEBPB	ALDH1A1	0.5	B
ESR1	LRP5	0.5	B
ESR1	LRP2	0.5	B
ESR1	LRP1B	0.5	B
CTCF	MAP4K4	0.5	B
SREBF1	CIC	0.5	B
CTCF	MAN1C1	0.5	B
RELA	NFATC1	0.5	B
ESR1	LRIG1	0.5	B
SP1	CIC	0.5	B
TAL1	PTK2B	0.5	B
ESR1	LPP	0.5	B
ESR1	LMCD1	0.5	B
CTCF	MAGI2	0.5	B
ESR1	LRRFIP1	0.5	B
CTCF	MCF2L	0.5	B
ESR1	LYPD6B	0.5	B
ESR1	LYZL1	0.5	B
CTCF	MED13L	0.5	B
ESR1	MED13L	0.5	B
ETV4	VEGFA	0.5	B
ESR1	MECOM	0.5	B
ESR1	MCF2L2	0.5	B
ESR1	MCF2L	0.5	B
ESR1	MAST4	0.5	B
ESR1	MARCHF10	0.5	B
TP53	REV3L	0.5	B
ESR1	MAPKAP1	0.5	B
ATF4	S100P	0.5	B
ESR1	MAML3	0.5	B
ESR1	MALRD1	0.5	B
CTCF	MECOM	0.5	B
CTCF	MEAF6	0.5	B
CTCF	MDGA1	0.5	B
ESR1	MAD1L1	0.5	B
CTCF	MCTP1	0.5	B
RARA	SMAD3	0.5	B
ESR1	LMBR1	0.5	B
CTCF	MAGI1	0.5	B
ESR1	LLGL2	0.5	B
ESR1	KCTD3	0.5	B
ESR1	KCNQ5	0.5	B
CEBPA	MPO	0.5	B
CTCF	LTBP2	0.5	B
ESR1	KCNMA1	0.5	B
ESR1	KCNK1	0.5	B
ESR1	KCNH7	0.5	B
CTCF	LRRK1	0.5	B
ESR1	KIAA0232	0.5	B
ESR1	KAZN	0.5	B
CTCF	LRRFIP1	0.5	B
E2F4	DTL	0.5	B
CTCF	EPAS1	0.5	B
ESR1	KAT6B	0.5	B
CEBPB	MAD1L1	0.5	B
ESR1	KALRN	0.5	B
CTCF	LRP5	0.5	B
ESR1	ITGB6	0.5	B
CEBPA	CD36	0.5	B
CTCF	LMO1	0.5	B
ESR1	KIAA1217	0.5	B
ATF4	TNFRSF10B	0.5	B
TP53	BHLHE40	0.5	B
ESR1	LHFPL2	0.5	B
TP63	BMAL1	0.5	B
TP63	GRB10	0.5	B
ESR1	LDLRAD4	0.5	B
CTCF	MAD1L1	0.5	B
TP63	SYN3	0.5	B
TP63	RGS20	0.5	B
SMAD4	ID3	0.5	B
RUNX1	TCF12	0.5	B
ESR1	LARGE1	0.5	B
EGR1	YY1	0.5	B
ESR1	KSR1	0.5	B
ARNT	ESR1	0.5	B
CTCF	LTBP4	0.5	B
ESR1	KRT8	0.5	B
RUNX1	ANGPT1	0.5	B
ATF2	DUSP10	0.5	B
AR	MID1	0.5	B
CTCF	PALLD	0.5	B
CTCF	PARP1	0.5	B
CTCF	GALNT16	0.5	B
ESR1	BMPER	0.5	B
ESR1	BMP7	0.5	B
ESR1	BHLHE40	0.5	B
ESR1	BCR	0.5	B
HNF4A	CITED2	0.5	B
ESR1	BCL3	0.5	B
ESR1	BCAS4	0.5	B
ESR1	BCAS1	0.5	B
ESR1	BCAR3	0.5	B
EPAS1	CITED2	0.5	B
ESR1	BANK1	0.5	B
TP53	PTK2	0.5	B
SP1	SCARB1	0.5	B
RUNX1	CD44	0.5	B
ESR1	AUTS2	0.5	B
ESR1	ATXN7L1	0.5	B
ESR1	ATXN7	0.5	B
CTCF	ESRRB	0.5	B
ESR1	BRIP1	0.5	B
ESR1	CACNA1D	0.5	B
ESR1	CACNA1I	0.5	B
ESR1	CEMIP2	0.5	B
ESR1	CDHR3	0.5	B
ESR1	CDH18	0.5	B
CTCF	EXTL3	0.5	B
ESR1	CCR7	0.5	B
CTCF	EXT2	0.5	B
ESR1	CCDC88C	0.5	B
ESR1	CCDC85C	0.5	B
ESR1	ATP8B4	0.5	B
ESR1	CCDC57	0.5	B
ESR1	CCDC12	0.5	B
ESR1	CBR3	0.5	B
CTCF	EXOC6	0.5	B
ESR1	CASZ1	0.5	B
CTCF	PHACTR3	0.5	B
ESR1	CALML5	0.5	B
CTCF	EXOC4	0.5	B
ESR1	CACNG4	0.5	B
CTCF	PDZD2	0.5	B
ESR1	ATP8B1	0.5	B
FOS	EGFR	0.5	B
ESR1	ASCC2	0.5	B
ESR1	ANKFN1	0.5	B
ESR1	ANK3	0.5	B
ESR1	AMZ1	0.5	B
CTCF	PLB1	0.5	B
ESR1	AMOTL1	0.5	B
ESR1	AKAP6	0.5	B
ESR1	AKAP1	0.5	B
ESR1	AGAP1	0.5	B
ESR1	ANKRD11	0.5	B
ESR1	AFF3	0.5	B
ESR1	ADRB1	0.5	B
CTCF	PLCG2	0.5	B
ESR1	ADAMTS9	0.5	B
ESR1	ADAMTS16	0.5	B
ESR1	ADAM12	0.5	B
ESR1	ACTN1	0.5	B
ESR1	ACSS1	0.5	B
ESR1	ABLIM2	0.5	B
ESR1	AFF1	0.5	B
ESR1	CEP112	0.5	B
CTCF	ERGIC1	0.5	B
CTCF	PITPNC1	0.5	B
GATA3	TP63	0.5	B
EGR1	ID2	0.5	B
ESR1	ASAP1	0.5	B
ESR1	ARSG	0.5	B
ESR1	ARID1B	0.5	B
TP53	ZMIZ1	0.5	B
ESR1	ARHGEF10L	0.5	B
CTCF	PIGC	0.5	B
CTCF	PKNOX2	0.5	B
ESR1	ARHGAP35	0.5	B
CTCF	PIK3C2B	0.5	B
ESR1	ARHGAP24	0.5	B
ESR1	ARHGAP10	0.5	B
ESR1	ARFGEF2	0.5	B
ESR1	AP1B1	0.5	B
STAT1	CASP8	0.5	B
ESR1	ANO6	0.5	B
ESR1	ANKS1B	0.5	B
ESR1	ARHGAP26	0.5	B
CTCF	PDS5B	0.5	B
ESR1	CHN2	0.5	B
CTCF	FAM171A1	0.5	B
TAL1	RUNX1	0.5	B
ESR1	FAT1	0.5	B
STAT1	CREB5	0.5	B
ESR1	FARP1	0.5	B
ESR1	FAM174B	0.5	B
ESR1	EEIG1	0.5	B
CTCF	FBXW11	0.5	B
CTCF	PDE1C	0.5	B
CTCF	FGD5	0.5	B
ESR1	EYA2	0.5	B
CTCF	PDE4A	0.5	B
ESR1	ETV6	0.5	B
EGR1	CCND3	0.5	B
ESR1	EPS15L1	0.5	B
ESR1	EMP2	0.5	B
ESR1	ELAPOR1	0.5	B
ESR1	EHF	0.5	B
ESR1	EGLN3	0.5	B
ESR1	EVL	0.5	B
ESR1	EFNA5	0.5	B
ESR1	FGD5	0.5	B
ESR1	FLNB	0.5	B
CTCF	GALNT14	0.5	B
CTCF	GALNT10	0.5	B
CTCF	GADD45G	0.5	B
CTCF	GABBR2	0.5	B
ESR1	FRMD3	0.5	B
CTCF	FYN	0.5	B
CTCF	FTO	0.5	B
CTCF	FRMD4B	0.5	B
ESR1	FGFR2	0.5	B
CTCF	FRMD4A	0.5	B
CTCF	FOXK1	0.5	B
ESR1	FOXK1	0.5	B
CTCF	FNDC3B	0.5	B
CTCF	PAX5	0.5	B
CTCF	FMN1	0.5	B
CTCF	FHOD3	0.5	B
CTCF	FHAD1	0.5	B
ESR1	FNDC3B	0.5	B
CTCF	FOXP1	0.5	B
ESR1	MICAL2	0.5	B
CTCF	FBRSL1	0.5	B
ESR1	ECE1	0.5	B
CTCF	PDE4D	0.5	B
ESR1	CXXC5	0.5	B
ESR1	CUX1	0.5	B
ESR1	CUEDC1	0.5	B
ESR1	CTPS2	0.5	B
ESR1	CTNND2	0.5	B
ESR1	CTBP2	0.5	B
NFE2L2	ABCC1	0.5	B
ESR1	CYP24A1	0.5	B
ESR1	CRISPLD2	0.5	B
ESR1	COL5A1	0.5	B
ESR1	COL14A1	0.5	B
ESR1	CNBD1	0.5	B
CTCF	ARB2A	0.5	B
ESR1	CLMN	0.5	B
ESR1	CLASP2	0.5	B
ESR1	CHST8	0.5	B
ESR1	CHST15	0.5	B
ESR1	CPT1A	0.5	B
ESR1	EEFSEC	0.5	B
ESR1	DAAM1	0.5	B
ESR1	DAPK1	0.5	B
CTCF	FARP1	0.5	B
ESR1	DTNA	0.5	B
ESR1	DST	0.5	B
ESR1	DSCAM	0.5	B
CTCF	FANCC	0.5	B
ESR1	DPP9	0.5	B
ESR1	DOK7	0.5	B
ESR1	DOK5	0.5	B
ESR1	DAB2IP	0.5	B
ESR1	DOCK4	0.5	B
ESR1	DNAJC5B	0.5	B
CUX1	FTO	0.5	B
ESR1	DLG2	0.5	B
CTCF	FAM220A	0.5	B
FOS	PPARG	0.5	B
ESR1	DIS3L2	0.5	B
CTCF	PDE4B	0.5	B
ESR1	DIP2C	0.5	B
ESR1	DOCK1	0.5	B
EGR1	FYN	0.5	B
MYC	AXIN2	0.5	B
CTCF	MED15	0.5	B
ESR1	SULT2B1	0.5	B
ESR1	SULF2	0.5	B
ESR1	STARD13	0.5	B
ESR1	STARD10	0.5	B
ESR1	ST7	0.5	B
ESR1	SRGAP3	0.5	B
VDR	CYP19A1	0.5	B
TP53	CASZ1	0.5	B
ESR1	SPSB1	0.5	B
ESR1	TRPS1	0.5	B
ESR1	SPRED2	0.5	B
MEF2A	MEF2D	0.5	B
ATF4	PPARGC1A	-0.5	B
RELA	BHLHE40	0.5	B
ESR1	SPINK4	0.5	B
ESR1	SPECC1L	0.5	B
ESR1	SPDEF	0.5	B
ESR1	SUMO1P1	0.5	B
VDR	GADD45A	0.5	B
CTCF	NUP210	0.5	B
ESR1	SVIL	0.5	B
ESR1	MPPED2	0.5	B
TP53	AXL	0.5	B
ESR1	TANC1	0.5	B
ESR1	TACC2	0.5	B
CTCF	NIBAN2	0.5	B
CTCF	NHSL1	0.5	B
TP53	RUNX1	0.5	B
STAT1	IFNGR1	0.5	B
TP53	CAMK4	0.5	B
ESR1	SYTL2	0.5	B
ESR1	SYT8	0.5	B
ESR1	SYT12	0.5	B
ESR1	SYPL1	0.5	B
CTCF	NFIX	0.5	B
ESR1	SYNJ2	0.5	B
EGR1	SRC	0.5	B
CTCF	NFIA	0.5	B
ESR1	SYBU	0.5	B
NFKB1	NFKB2	0.5	B
ESR1	SPATS2L	0.5	B
ESR1	SOX9	0.5	B
ESR1	SORBS2	0.5	B
ESR1	SHROOM3	0.5	B
ESR1	SHANK2	0.5	B
GATA3	ALDH1A2	0.5	B
ESR1	SH3BP5	0.5	B
ESR1	SFI1	0.5	B
HNF4A	GATA4	0.5	B
SPI1	SYK	0.5	B
ESR1	FOXN1	0.5	B
PGR	EGFR	0.5	B
TFAP2A	RAD51B	0.5	B
ESR1	SEPTIN9	0.5	B
EGR1	HES1	0.5	B
ESR1	PRSS23	0.5	B
ESR1	SEMA4B	0.5	B
ESR1	SEMA3C	0.5	B
SPI1	IKZF1	0.5	B
HNF4A	SCARB1	0.5	B
ESR1	SDK2	0.5	B
TP63	ZNF750	0.5	B
SRF	EGR3	0.5	B
ESR1	SIL1	0.5	B
ESR1	SIPA1L2	0.5	B
ESR1	FHL2	0.5	B
SRF	CALD1	0.5	B
ESR1	SND1	0.5	B
ESR1	SMYD3	0.5	B
NFKB2	IL6	0.5	B
ESR1	SMOX	0.5	B
ATF4	F7	0.5	B
ESR1	SLCO2A1	0.5	B
ESR1	SIPA1L1	0.5	B
ESR1	RAB31	0.5	B
RUNX2	RUNX1	-0.5	B
RUNX1	RUNX2	0.5	B
SMAD4	SKIL	-0.5	B
ESR1	SLC38A1	0.5	B
EPAS1	LDHA	0.5	B
ESR1	SLC22A23	0.5	B
CEBPA	GPAM	0.5	B
ESR1	SIPA1L3	0.5	B
ESR1	SLC6A6	0.5	B
STAT1	TNFRSF1A	0.5	B
ESR1	TBC1D1	0.5	B
CTCF	NKAIN1	0.5	B
ESR1	WNK2	0.5	B
ESR1	VWA3B	0.5	B
ESR1	VPS13D	0.5	B
CTCF	NTRK3	0.5	B
ESR1	VMP1	0.5	B
ESR1	VGLL4	0.5	B
ESR1	VAV3	0.5	B
ESR1	VAV2	0.5	B
ESR1	WWC1	0.5	B
ESR1	UST	0.5	B
CTCF	RUNX1	-0.5	B
RELB	TRAF3	0.5	B
ESR1	USP31	0.5	B
ESR1	USP10	0.5	B
ESR1	UNC5A	0.5	B
ESR1	UMODL1	0.5	B
ESR1	TTC7A	0.5	B
ESR1	TTC6	0.5	B
NFKB2	IL2RA	0.5	B
ESR1	TTC39A	0.5	B
ESR1	XXYLT1	0.5	B
RELA	STAT1	0.5	B
ESR1	ME3	0.5	B
CTCF	NRXN3	0.5	B
CTCF	NRXN2	0.5	B
CTCF	NRXN1	0.5	B
CTCF	NRP2	0.5	B
CTCF	NRG1	0.5	B
CTCF	NTM	0.5	B
CTCF	NRCAM	0.5	B
ESR1	XYLT1	0.5	B
CTCF	NTMT1	0.5	B
ESR1	ZPLD1	0.5	B
ESR1	ZNRF1	0.5	B
ESR1	ZNF462	0.5	B
ESR1	ZNF385B	0.5	B
ESR1	ZNF217	0.5	B
ESR1	ZMIZ1	0.5	B
ESR1	ZBTB7C	0.5	B
ESR1	ZBTB40	0.5	B
CTCF	NTNG2	0.5	B
ESR1	SCNN1B	0.5	B
IRF4	CIITA	0.5	B
ESR1	TSPAN14	0.5	B
E2F4	LTBP4	0.5	B
ESR1	TMEM120B	0.5	B
ESR1	TMCC1	0.5	B
ESR1	TLN2	0.5	B
ESR1	TLE3	0.5	B
ESR1	TJP3	0.5	B
GATA3	EBF1	0.5	B
EGR1	NR4A1	0.5	B
ESR1	TMEM164	0.5	B
MYB	IGF1R	0.5	B
ESR1	THSD4	0.5	B
ESR1	THADA	0.5	B
STAT3	FCGR1A	0.5	B
ESR1	TENM4	0.5	B
ESR1	TEAD1	0.5	B
ESR1	TBX4	0.5	B
CTCF	NLGN1	0.5	B
ESR1	TBCD	0.5	B
ESR1	TIAM1	0.5	B
FOS	SPTBN1	0.5	B
SP1	LTBP4	0.5	B
ESR1	ABCC3	0.5	B
ESR1	TSNARE1	0.5	B
STAT1	KDM6B	0.5	B
NFIC	COL1A2	0.5	B
ESR1	TRPC6	0.5	B
ESR1	TRIO	0.5	B
ESR1	TRIM37	0.5	B
ESR1	TRAPPC9	0.5	B
ESR1	TPRG1	0.5	B
ESR1	TMEM229B	0.5	B
TP53	PER2	0.5	B
ESR1	TPD52L1	0.5	B
ESR1	TP63	0.5	B
ESR1	TOM1L2	0.5	B
MAX	CCND1	-0.5	B
ESR1	TNS3	0.5	B
USF1	CCND1	0.5	B
CEBPD	TF	0.5	B
ESR1	TMPRSS3	0.5	B
HNF4A	RARA	0.5	B
ESR1	ABLIM1	0.5	B
CTCF	NFATC2	0.5	B
CTCF	NFASC	0.5	B
CTCF	MTF1	0.5	B
ESR1	OFCC1	0.5	B
HNF4A	ABCB1	0.5	B
CTCF	MTERF1	0.5	B
VDR	NFKBIA	0.5	B
GATA3	MBNL2	0.5	B
ESR1	NRP1	0.5	B
ESR1	NRCAM	0.5	B
CTCF	MSI2	0.5	B
IRF1	BBC3	0.5	B
CTCF	MRPS22	0.5	B
ESR1	NPAS3	0.5	B
PPARG	TXNIP	-0.5	B
EGR1	GCLC	0.5	B
CTCF	MROH1	0.5	B
HNF4A	CDX2	0.5	B
ESR1	NKAIN1	0.5	B
CEBPA	PLD1	0.5	B
ESR1	OSBPL9	0.5	B
STAT1	SMAD3	0.5	B
GATA3	SATB1	0.5	B
CEBPD	CCND1	0.5	B
ESR1	PDLIM5	0.5	B
ESR1	PDE4D	0.5	B
CTCF	MYO1H	0.5	B
NFKB2	CD44	0.5	B
CTCF	MYO1D	0.5	B
ESR1	PARD6B	0.5	B
CTCF	MYO18A	0.5	B
RELB	IL6	-0.5	B
CTCF	MYO15B	0.5	B
ESR1	PAK4	0.5	B
CTCF	MYLK	0.5	B
MYC	SMAD7	0.5	B
ESR1	PACS1	0.5	B
CTCF	MYH9	0.5	B
CTCF	MVB12B	0.5	B
CTCF	MTUS2	0.5	B
ESR1	P3H2	0.5	B
ESR1	PALLD	0.5	B
ESR1	NIBAN2	0.5	B
EGR1	PER1	0.5	B
ESR1	NFATC2	0.5	B
CREM	CD86	0.5	B
ESR1	MYO18A	0.5	B
MYCN	EGFR	0.5	B
RUNX1	BCR	0.5	B
ESR1	MYLK	0.5	B
ESR1	MYEOV	0.5	B
TP53	SULF2	0.5	B
ESR1	MTUS1	0.5	B
ESR1	MYO1B	0.5	B
MYCN	PDGFRB	0.5	B
MYCN	MAD1L1	0.5	B
MYCN	CREB5	0.5	B
MYCN	WWC1	0.5	B
ESR1	MSI2	0.5	B
CTCF	MEGF11	0.5	B
ESR1	MLPH	0.5	B
TAL1	LMO2	0.5	B
ESR1	MIDEAS	0.5	B
ESR1	MTSS1	0.5	B
CTCF	MYT1L	0.5	B
MITF	ATP6V1B2	0.5	B
REST	CACNA1H	-0.5	B
ESR1	NEDD9	0.5	B
CTCF	MIPEP	0.5	B
ESR1	NEDD4L	0.5	B
ESR1	NDUFAF6	0.5	B
ESR1	ITPR1	0.5	B
ESR1	NDST1	0.5	B
ESR1	NCAM2	0.5	B
RUNX1	FOXO3	0.5	B
ESR1	MYOF	0.5	B
ESR1	NAV2	0.5	B
CTCF	MIDEAS	0.5	B
ESR1	NAALADL2	0.5	B
ETS1	JUN	0.5	B
FOS	ETS1	0.5	B
CTCF	MICAL3	0.5	B
TP53	FBXW7	0.5	B
CTCF	MICAL2	0.5	B
CTCF	MGLL	0.5	B
ESR1	NACA2	0.5	B
ESR1	PFDN4	0.5	B
ESR1	PGS1	0.5	B
ESR1	PHACTR1	0.5	B
ESR1	RERE	0.5	B
ESR2	PBX1	0.5	B
ESR1	RBPMS	0.5	B
CTCF	PLCB1	0.5	B
ESR1	RBM47	0.5	B
HIF1A	ESR1	0.5	B
ESR1	RBM20	0.5	B
SPI1	LIMD1	0.5	B
ESR1	RERG	0.5	B
ESR1	RASEF	0.5	B
ESR1	RASA3	0.5	B
TP53	LRP1	0.5	B
SMAD4	ID2	0.5	B
ESR1	RAPGEF4	0.5	B
ESR1	RAPGEF1	0.5	B
ESR1	RAP1GAP	0.5	B
SPI1	CD44	0.5	B
TP53	STK11	0.5	B
TP53	ANXA4	0.5	B
TP63	BHLHE40	0.5	B
ESR2	NIPSNAP2	0.5	B
ESR2	CAPN2	0.5	B
ETS1	CCND3	-0.5	B
ESR1	SASH1	0.5	B
ESR1	SCARB1	0.5	B
ESR1	RUNX1	0.5	B
ESR1	RREB1	0.5	B
E2F4	OIP5	0.5	B
TP53	GSN	0.5	B
SMAD3	CDH1	-0.5	B
ESR1	RGS3	0.5	B
STAT1	RARA	0.5	B
MBD2	ADGRB1	0.5	B
ESR1	RIPOR3	0.5	B
ESR1	STK11	-0.5	B
GATA2	EMCN	0.5	B
ESR1	RHOBTB3	0.5	B
ESR1	TLE1	0.5	B
ESR1	RGS9	0.5	B
ESR2	BCL9	0.5	B
ESR1	ROBO1	0.5	B
GATA1	RUNX1	0.5	B
ESR1	RAI1	0.5	B
HNF4A	RCAN1	0.5	B
SOX2	RBPJ	0.5	B
JUN	MET	0.5	B
RELA	STAT3	0.5	B
SP1	SMAD3	0.5	B
HNF4A	AGT	0.5	B
CTCF	NDST1	0.5	B
ESR1	PLEC	0.5	B
CTCF	NCOR2	0.5	B
CTCF	NECTIN1	0.5	B
ESR1	PLCB1	0.5	B
TP53	DHRS3	0.5	B
CTCF	NAV3	0.5	B
ESR1	PKP4	0.5	B
ESR1	PITPNM2	0.5	B
CTCF	NAV2	0.5	B
ESR1	PIP4K2A	0.5	B
SREBF2	FDPS	0.5	B
ESR1	PIEZO2	0.5	B
CTCF	NCOA7	0.5	B
ESR1	RAD51B	0.5	B
CTCF	NEDD4L	0.5	B
ESR1	PMEPA1	0.5	B
ESR1	RAD23B	0.5	B
GATA3	VGLL4	0.5	B
ESR1	RAB30	0.5	B
ESR1	PXDN	0.5	B
PGR	PLD1	0.5	B
ESR1	PTPRJ	0.5	B
ESR1	PTK2	0.5	B
ESR1	PRKCH	0.5	B
ESR1	PLXNA4	0.5	B
ESR1	PRKCE	0.5	B
ESR1	PRICKLE2	0.5	B
ESR1	PREX1	0.5	B
ESR1	PPP2R2C	0.5	B
ESR1	PKIB	0.5	B
GATA2	PRKN	0.5	B
ESR1	PPFIBP2	0.5	B
MITF	KCNMA1	0.5	B
CTCF	NEO1	0.5	B
ESR1	PRKAG2	0.5	B
ESR1	ABHD2	0.5	B
CTCF	PACSIN2	0.5	B
IRF8	TLR4	0.5	B
EPAS1	HILPDA	0.5	B
CTCF	PRDM11	0.5	B
EPAS1	SCARB1	0.5	B
EPAS1	GBE1	0.5	B
EPAS1	SH3BP4	0.5	B
ESR1	BCAS3	0.5	B
MYCN	ID2	0.5	B
CTCF	PRDM16	0.5	B
ETS1	SQSTM1	0.5	B
CTCF	PLXNA4	0.5	B
IRF2	CASP8	0.5	B
FOS	EPAS1	0.5	B
E2F1	FOXO3	0.5	B
RARA	NCOR2	0.5	B
NFE2	GCLC	0.5	B
CTCF	DST	0.5	B
ERG	ASAP1	0.5	B
EPAS1	AHDC1	0.5	B
CEBPA	EBF1	0.5	B
TP53	MAP4K4	0.5	B
CTCF	DTNA	0.5	B
EPAS1	FAM13A	0.5	B
EPAS1	FGD5	0.5	B
ESR1	PRLR	0.5	B
E2F1	NR2F2	0.5	B
ERG	VAV2	0.5	B
CTCF	EML1	0.5	B
PAX5	PRKCE	0.5	B
CTCF	PREX1	0.5	B
ERG	ZBTB16	0.5	B
E2F1	PURA	0.5	B
IRF1	PSMB10	0.5	B
STAT5B	BCL2	0.5	B
CTCF	PPARGC1B	0.5	B
CTCF	ELMO1	0.5	B
STAT1	FOXO3	0.5	B
IRF1	ERAP2	0.5	B
EPAS1	RAD51B	0.5	B
PAX5	FCER2	0.5	B
KLF6	CDH1	0.5	B
CTCF	ERC2	0.5	B
HSF1	UBB	0.5	B
HSF1	STIP1	0.5	B
ONECUT1	MITF	0.5	B
ERG	DAB2IP	0.5	B
EPAS1	INHBA	0.5	B
ERG	CUX2	0.5	B
STAT1	NR3C1	0.5	B
SP1	SLC3A2	0.5	B
RUNX1	CDK6	0.5	B
CTCF	PLXNA2	0.5	B
EPAS1	ALDOA	0.5	B
NFE2L2	NQO2	0.5	B
EPAS1	DNM2	0.5	B
CTCF	EGLN3	0.5	B
E2F1	NRP1	0.5	B
EPAS1	SLC7A5	0.5	B
CTCF	DUSP7	0.5	B
CTCF	EFHC1	0.5	B
CTCF	ELL	0.5	B
RELA	POU2F2	0.5	B
CTCF	PLEKHA7	0.5	B
FOXA2	TCF7L2	0.5	B
NFKB1	NCOR2	0.5	B
REST	VGF	-0.5	B
REST	PCSK1	-0.5	B
FOXM1	BRIP1	0.5	B
CTCF	DYNC1I1	0.5	B
EPAS1	DDIT4	0.5	B
CTCF	DYSF	0.5	B
REST	CHGA	-0.5	B
CTCF	EBF4	0.5	B
NFKB1	SQSTM1	0.5	B
GATA2	MECOM	0.5	B
CTCF	ECE1	0.5	B
CTCF	ERCC1	0.5	B
EPAS1	SLC6A6	0.5	B
EPAS1	IRF2BP2	0.5	B
EPAS1	CCN4	0.5	B
ATF2	BCL2	0.5	B
EPAS1	ARHGAP26	0.5	B
IRF1	CD274	0.5	B
TP63	TP73	0.5	B
NFKB1	TNIP3	0.5	B
NFKB1	ERAP1	0.5	B
ESR1	NCOR2	0.5	B
EPAS1	SLC2A1	0.5	B
NR2F6	APOB	0.5	B
EPAS1	SLC44A3	0.5	B
CTCF	PLEKHG5	0.5	B
NFKB1	HDAC7	0.5	B
AR	NCOR2	0.5	B
EPAS1	ZNF292	0.5	B
EPAS1	XXYLT1	0.5	B
NFKB1	KDM2A	0.5	B
EPAS1	TLE1	0.5	B
RELA	KDM2A	0.5	B
EPAS1	TGFBI	0.5	B
CREB1	SOX9	0.5	B
CTCF	EHMT1	0.5	B
EPAS1	DYNLL1	0.5	B
ESR1	FOXA1	0.5	B
RELA	NFKBIZ	0.5	B
RELA	NCOR2	0.5	B
CTCF	EPB41L1	0.5	B
ERG	NDRG1	0.5	B
ERG	FKBP5	0.5	B
ESR1	ERBB4	0.5	B
SOX2	POU2F1	0.5	B
ERG	FAM174B	0.5	B
STAT1	BHLHE40	0.5	B
CTCF	POU2F3	0.5	B
CTCF	PRDM2	0.5	B
ESR1	A4GALT	0.5	B
CTCF	POU2F2	0.5	B
GATA2	RUNX1	0.5	B
EPAS1	P4HA1	0.5	B
CTCF	PPP2R2C	0.5	B
EPAS1	LOXL2	0.5	B
EPAS1	MAB21L3	0.5	B
EPAS1	KCNMA1	0.5	B
ETS1	RARA	0.5	B
CTCF	POLR1A	0.5	B
EPAS1	NCOR2	0.5	B
CTCF	PLEC	0.5	B
EPAS1	NIBAN2	0.5	B
EPAS1	PKM	0.5	B
