gene_id	n	events	hazard_ratio	coef	se	p_value	status	fdr_bh	effect_direction
ENSG00000134490.14	1851	176	0.6409959678364135	-0.44473211250806366	0.07742035637831586	9.225722724942545e-09	PASS	7.052919988669763e-06	LOWER_HAZARD
ENSG00000112167.10	1851	176	0.4576813392157465	-0.7815821029298624	0.13654398739192464	1.0402536856445078e-08	PASS	7.052919988669763e-06	LOWER_HAZARD
ENSG00000101126.18	1851	176	0.5050330480522139	-0.6831314101604387	0.12293771319217955	2.7487889021272344e-08	PASS	1.2424525837615099e-05	LOWER_HAZARD
ENSG00000122692.9	1851	176	0.423413876447355	-0.859405146970159	0.16039901176053428	8.41852843112364e-08	PASS	2.853881138150914e-05	LOWER_HAZARD
ENSG00000162441.12	1851	176	0.49198478225052356	-0.709307493353298	0.13393347762901134	1.1838717523673258e-07	PASS	3.058885565883284e-05	LOWER_HAZARD
ENSG00000101343.15	1851	176	0.5687104775706194	-0.564383801117242	0.10706420825363325	1.353489188443931e-07	PASS	3.058885565883284e-05	LOWER_HAZARD
ENSG00000170471.15	1851	176	0.5820856778146555	-0.5411376293454734	0.10467584577534433	2.3453110543613783e-07	PASS	4.5432025567343274e-05	LOWER_HAZARD
ENSG00000025293.17	1851	176	0.5289376482549759	-0.6368847212635833	0.12401183385739656	2.8113016306585373e-07	PASS	4.552138414286703e-05	LOWER_HAZARD
ENSG00000198642.7	1851	176	0.6236790015487003	-0.47211946356740964	0.09248735086484017	3.3133327331284104e-07	PASS	4.552138414286703e-05	LOWER_HAZARD
ENSG00000143363.17	1851	176	0.5495611391377602	-0.5986352481107198	0.11744751997810333	3.449970605580507e-07	PASS	4.552138414286703e-05	LOWER_HAZARD
ENSG00000186106.11	1851	176	0.5650970060177416	-0.5707578705062929	0.11228371820651291	3.711760121481586e-07	PASS	4.552138414286703e-05	LOWER_HAZARD
ENSG00000152240.13	1851	176	0.5653841684573455	-0.5702498347207106	0.11252838362255511	4.0284410745900027e-07	PASS	4.552138414286703e-05	LOWER_HAZARD
ENSG00000119537.18	1851	176	0.5630098228455145	-0.574458203666915	0.11599883863789232	7.335066628403653e-07	PASS	7.331192772068692e-05	LOWER_HAZARD
ENSG00000120265.18	1851	176	0.512456812607013	-0.6685388396042053	0.1355446793364568	8.129209928284047e-07	PASS	7.331192772068692e-05	LOWER_HAZARD
ENSG00000229807.12	1851	176	0.8795239192706168	-0.1283745187324797	0.02612121628056349	8.897800282054844e-07	PASS	7.331192772068692e-05	LOWER_HAZARD
ENSG00000160410.15	1851	176	1.7105593708675304	0.5368204344897072	0.10924472529587283	8.927071203257526e-07	PASS	7.331192772068692e-05	HIGHER_HAZARD
ENSG00000164944.12	1851	176	0.6094530413836761	-0.49519337751834686	0.10089077774941303	9.191023386811782e-07	PASS	7.331192772068692e-05	LOWER_HAZARD
ENSG00000127948.16	1851	176	1.6222368452195939	0.48380596551390587	0.09920732797808583	1.07866551107724e-06	PASS	8.125946850115207e-05	HIGHER_HAZARD
ENSG00000124160.12	1851	176	0.48635862538688623	-0.7208090148863818	0.14893238894242175	1.2994334440968474e-06	PASS	9.2738513168175e-05	LOWER_HAZARD
ENSG00000141627.14	1851	176	0.5065678125229727	-0.6800970797082986	0.14105175132542078	1.4240139777308495e-06	PASS	9.65481476901516e-05	LOWER_HAZARD
ENSG00000143748.18	1851	176	0.6008808053143158	-0.5093586913804156	0.10687427811597133	1.8795518025534327e-06	PASS	0.00012136534496487881	LOWER_HAZARD
ENSG00000167186.11	1851	176	0.5477305429608486	-0.6019718228885488	0.1270905517463177	2.173780999116031e-06	PASS	0.00012894463462881985	LOWER_HAZARD
ENSG00000100372.15	1851	176	0.5128544333861007	-0.66776322966025	0.14101759688209653	2.187114009190897e-06	PASS	0.00012894463462881985	LOWER_HAZARD
ENSG00000092201.10	1851	176	0.5549130688983597	-0.58894381011944	0.12463969496075838	2.2992235998395537e-06	PASS	0.0001299061333909348	LOWER_HAZARD
ENSG00000132676.16	1851	176	0.5034786515305817	-0.6862139678603028	0.14601327509296907	2.6058432877094927e-06	PASS	0.00014099619632355407	LOWER_HAZARD
ENSG00000257267.3	1851	176	0.5997980463161892	-0.5111622698979595	0.10893984569481069	2.703466891159591e-06	PASS	0.00014099619632355407	LOWER_HAZARD
ENSG00000188428.20	1851	176	0.4857634320840884	-0.7220335388493883	0.15457001929048098	2.9938799706690343e-06	PASS	0.0001503593051936004	LOWER_HAZARD
ENSG00000078674.18	1851	176	0.7067698584052379	-0.3470501845998058	0.07443605540332965	3.125527646431263e-06	PASS	0.00015136483887717117	LOWER_HAZARD
ENSG00000103591.13	1851	176	0.5994600017971173	-0.5117260260112612	0.1105841586219606	3.7014125824698567e-06	PASS	0.00016964390623564005	LOWER_HAZARD
ENSG00000085719.13	1851	176	0.6438383420275877	-0.4403076060852953	0.09520983794060399	3.7531837662752223e-06	PASS	0.00016964390623564005	LOWER_HAZARD
ENSG00000178988.11	1851	176	0.5454628121550461	-0.6061206480675763	0.13126307342271942	3.881996309090705e-06	PASS	0.00016980603210087084	LOWER_HAZARD
ENSG00000137074.20	1851	176	0.5082085975907193	-0.6768632905085207	0.14697536588137913	4.119034719700115e-06	PASS	0.0001745440962472924	LOWER_HAZARD
ENSG00000254389.3	1851	176	0.663007700109285	-0.4109686748225631	0.08995671593058444	4.911901315413557e-06	PASS	0.00020183449041517526	LOWER_HAZARD
ENSG00000188895.12	1851	176	0.5919349286968439	-0.5243585678813467	0.11576317875600996	5.910108080456967e-06	PASS	0.00022927550174839934	LOWER_HAZARD
ENSG00000156170.13	1851	176	0.6066676163162522	-0.4997742222241712	0.11035782111030489	5.935594131417182e-06	PASS	0.00022927550174839934	LOWER_HAZARD
ENSG00000183475.13	1851	176	0.522916895038164	-0.6483327280438786	0.14333034063004074	6.086960223408832e-06	PASS	0.00022927550174839934	LOWER_HAZARD
ENSG00000111321.11	1851	176	1.637285974893713	0.49303997762998836	0.1093842244172299	6.562253427493995e-06	PASS	0.00024049772020761777	HIGHER_HAZARD
ENSG00000196704.13	1851	176	0.5686858248100344	-0.5644271505822215	0.1256760107135829	7.084669097175652e-06	PASS	0.0002447100967494502	LOWER_HAZARD
ENSG00000108349.17	1851	176	0.5724186848866827	-0.557884588774119	0.12438074584538956	7.281243324437425e-06	PASS	0.0002447100967494502	LOWER_HAZARD
ENSG00000101052.13	1851	176	0.5331551709077276	-0.6289427697790345	0.1402838151950884	7.3477001648890264e-06	PASS	0.0002447100967494502	LOWER_HAZARD
ENSG00000172315.6	1851	176	0.5448515468799617	-0.6072419124700139	0.13548840228080336	7.399051597881605e-06	PASS	0.0002447100967494502	LOWER_HAZARD
ENSG00000091164.13	1851	176	0.5438661105076419	-0.6090521828091524	0.1371569593748513	8.972971860400636e-06	PASS	0.0002896988057786491	LOWER_HAZARD
ENSG00000187555.16	1851	176	0.6247387306897147	-0.47042174754146504	0.10609781687364937	9.256527428025254e-06	PASS	0.0002919035161023778	LOWER_HAZARD
ENSG00000169895.6	1851	176	0.6188213027344793	-0.4799387349958876	0.10873880786968604	1.0162627261471494e-05	PASS	0.0003131936946944397	LOWER_HAZARD
ENSG00000141562.18	1851	176	1.6663466912739404	0.5106336200988305	0.11594303544748975	1.0618634763414346e-05	PASS	0.00031647823250948056	HIGHER_HAZARD
ENSG00000164754.15	1851	176	0.6758471622765091	-0.39178831980860473	0.08904886681985945	1.084005170203961e-05	PASS	0.00031647823250948056	LOWER_HAZARD
ENSG00000100614.18	1851	176	0.5849670554957793	-0.536199748727882	0.12194323639322478	1.0969378265446599e-05	PASS	0.00031647823250948056	LOWER_HAZARD
ENSG00000101190.13	1851	176	0.6004013282180732	-0.510156967003303	0.11624534648097178	1.1407076765308595e-05	PASS	0.00032224991861996784	LOWER_HAZARD
ENSG00000034152.19	1851	176	1.562040588871439	0.4459930362728677	0.10190544115307097	1.2057917413359093e-05	PASS	0.00033368440841867204	HIGHER_HAZARD
ENSG00000141380.14	1851	176	0.6576167131207913	-0.4191330202334605	0.09592536876122128	1.2460791941018935e-05	PASS	0.0003379366774404335	LOWER_HAZARD
ENSG00000260032.2	1851	176	0.6074625049358722	-0.498464825942377	0.11493201691534743	1.4441394378971925e-05	PASS	0.0003750269849108897	LOWER_HAZARD
ENSG00000198742.10	1851	176	1.6616919237703969	0.5078363144919988	0.11713763118776727	1.4550757088525067e-05	PASS	0.0003750269849108897	HIGHER_HAZARD
ENSG00000135336.15	1851	176	0.5725804183394916	-0.5576020847032793	0.12866461835991064	1.4658134365986103e-05	PASS	0.0003750269849108897	LOWER_HAZARD
ENSG00000173726.11	1851	176	0.5872434903341534	-0.532315740503867	0.12296711739114363	1.498372214217957e-05	PASS	0.000376257911570287	LOWER_HAZARD
ENSG00000124207.17	1851	176	0.6318516212105189	-0.4591006889652466	0.10640990889801451	1.5999762625606068e-05	PASS	0.0003944668749149423	LOWER_HAZARD
ENSG00000197563.11	1851	176	0.6557390991246358	-0.4219922838965657	0.09870279212834875	1.908086014055693e-05	PASS	0.0004620293991177714	LOWER_HAZARD
ENSG00000117751.18	1851	176	0.4137752338422326	-0.8824323660122388	0.2071361375158737	2.042837990260845e-05	PASS	0.0004795141049783561	LOWER_HAZARD
ENSG00000081177.18	1851	176	0.631970631919432	-0.4589123543968844	0.10775729956373756	2.0556507485463823e-05	PASS	0.0004795141049783561	LOWER_HAZARD
ENSG00000083290.20	1851	176	0.7214341882873117	-0.3265141200535652	0.07674893331968316	2.0969016279977663e-05	PASS	0.0004795141049783561	LOWER_HAZARD
ENSG00000197562.10	1851	176	1.5856994353764247	0.46102559414119215	0.10843378759806965	2.1217438273378588e-05	PASS	0.0004795141049783561	HIGHER_HAZARD
ENSG00000126858.18	1851	176	0.5962668943348686	-0.5170669028667502	0.1229286101978937	2.5965761462135506e-05	PASS	0.0005772061072566515	LOWER_HAZARD
ENSG00000134046.12	1851	176	0.5617922403520279	-0.5766231765255239	0.13733333660751273	2.6843705240804852e-05	PASS	0.0005870978113956674	LOWER_HAZARD
ENSG00000140694.17	1851	176	0.5838871258499984	-0.5380475924885553	0.1285208173894561	2.8333562188291144e-05	PASS	0.0006098461956717903	LOWER_HAZARD
ENSG00000166477.13	1851	176	0.6652679252594872	-0.4075654243396829	0.09778722325873263	3.074455361980002e-05	PASS	0.0006481056934066713	LOWER_HAZARD
ENSG00000078142.13	1851	176	0.6397483457971262	-0.4466803896476119	0.10723330390780271	3.1067013327015956e-05	PASS	0.0006481056934066713	LOWER_HAZARD
ENSG00000089050.16	1851	176	0.6381033786232074	-0.4492549733041016	0.1080462574479817	3.210637771898974e-05	PASS	0.0006596401240446983	LOWER_HAZARD
ENSG00000156928.5	1851	176	1.5962424650511895	0.46765240794701174	0.11303127069155146	3.5130639600096604e-05	PASS	0.0007110021984735969	HIGHER_HAZARD
ENSG00000205250.9	1851	176	1.5415827120396572	0.4328096237580821	0.10539077356653309	4.0132997228317936e-05	PASS	0.0008002991800235165	HIGHER_HAZARD
ENSG00000125812.16	1851	176	0.5601473716223323	-0.5795553662631038	0.14128672491811473	4.096291064336757e-05	PASS	0.0008050102439479191	LOWER_HAZARD
ENSG00000164535.15	1851	176	1.8098156433266033	0.5932249855745222	0.14506583033183068	4.3258328828270946e-05	PASS	0.00083797562701622	HIGHER_HAZARD
ENSG00000117625.14	1851	176	0.6725736474737939	-0.3966436605300664	0.09716349697360953	4.460578096920181e-05	PASS	0.0008519075914681359	LOWER_HAZARD
ENSG00000141219.15	1851	176	0.594924889189511	-0.5193201180613086	0.12751357660283866	4.6478192828301725e-05	PASS	0.0008753392982663492	LOWER_HAZARD
ENSG00000172301.11	1851	176	0.5674330645497404	-0.5666324845129563	0.13974167540559168	5.0165022252265004e-05	PASS	0.0009318324681379636	LOWER_HAZARD
ENSG00000183665.5	1851	176	0.679072849121736	-0.3870268683393956	0.09615699119797706	5.698795976219751e-05	PASS	0.0010442658572640516	LOWER_HAZARD
ENSG00000131043.12	1851	176	0.5190643900957829	-0.6557273378166103	0.1636219643320682	6.13453138430188e-05	PASS	0.0011091232742817799	LOWER_HAZARD
ENSG00000113812.14	1851	176	0.5421570700935574	-0.6121995223050088	0.15317372501601942	6.421374371657344e-05	PASS	0.0011457083747325471	LOWER_HAZARD
ENSG00000070501.12	1851	176	0.6678177465224862	-0.4037399772187841	0.10133873558005932	6.774670177948707e-05	PASS	0.0011930458131556424	LOWER_HAZARD
ENSG00000167196.14	1851	176	0.5352774183038916	-0.6249701275951824	0.1575601947604346	7.292099400485603e-05	PASS	0.0012657426091019365	LOWER_HAZARD
ENSG00000106305.10	1851	176	1.579974371144278	0.45740862611255617	0.11539419511503655	7.374164168071754e-05	PASS	0.0012657426091019365	HIGHER_HAZARD
ENSG00000103769.10	1851	176	0.5852268026622364	-0.5357558100267648	0.13541945108038936	7.612935363082101e-05	PASS	0.0012903925440424162	LOWER_HAZARD
ENSG00000170881.5	1851	176	0.6424850976673934	-0.44241165677374866	0.11225337409081772	8.107902885368824e-05	PASS	0.0013573230015506326	LOWER_HAZARD
ENSG00000152520.14	1851	176	0.6498773983427418	-0.4309715518172973	0.10967139403426085	8.506521444622009e-05	PASS	0.001396766980329655	LOWER_HAZARD
ENSG00000141034.10	1851	176	0.5548835197528434	-0.5889970615816004	0.14993118079126308	8.549532401722815e-05	PASS	0.001396766980329655	LOWER_HAZARD
ENSG00000065559.15	1851	176	0.6896185517540646	-0.3716166577989419	0.09481673075313479	8.880090471368503e-05	PASS	0.0014126773236976427	LOWER_HAZARD
ENSG00000054611.14	1851	176	1.8798172486873033	0.6311745639717884	0.16112353171952282	8.953394701875188e-05	PASS	0.0014126773236976427	HIGHER_HAZARD
ENSG00000101557.15	1851	176	0.63936653762954	-0.4472773777428531	0.11418380641714951	8.959457952654666e-05	PASS	0.0014126773236976427	LOWER_HAZARD
ENSG00000162735.19	1851	176	0.6084411127309347	-0.49685514571419603	0.12722199257926523	9.406238848004973e-05	PASS	0.0014660758480338784	LOWER_HAZARD
ENSG00000160972.9	1851	176	1.2920088215564167	0.2561982331671445	0.0658254727295689	9.938704424532832e-05	PASS	0.0015314639999621047	HIGHER_HAZARD
ENSG00000175073.8	1851	176	0.6757607763764845	-0.39191614666974084	0.10109072047290285	0.00010580642477722993	PASS	0.0016120619325609416	LOWER_HAZARD
ENSG00000132664.12	1851	176	0.5587791834369883	-0.5820009045534345	0.1503870306483975	0.00010882616332097232	PASS	0.0016396475273693161	LOWER_HAZARD
ENSG00000166170.10	1851	176	0.548749906039491	-0.6001124858192106	0.15530864048819615	0.00011154551821104758	PASS	0.0016491411292145657	LOWER_HAZARD
ENSG00000183576.13	1851	176	0.5556088095779728	-0.5876908122557798	0.15212344284640272	0.000111888631185649	PASS	0.0016491411292145657	LOWER_HAZARD
ENSG00000121766.16	1851	176	0.5207208998609355	-0.6525410816104658	0.1692675736845003	0.00011568887502717806	PASS	0.0016764734083490346	LOWER_HAZARD
ENSG00000101474.12	1851	176	0.6484254636632002	-0.4332082183568671	0.11245945987290093	0.00011709585085336255	PASS	0.0016764734083490346	LOWER_HAZARD
ENSG00000184708.18	1851	176	0.5070138042405319	-0.6792170484627306	0.17635660473320514	0.00011745204557017574	PASS	0.0016764734083490346	LOWER_HAZARD
ENSG00000264247.2	1851	176	0.6258318920240193	-0.46867348703881234	0.1218704986031117	0.00012022441564346438	PASS	0.0016816946852725037	LOWER_HAZARD
ENSG00000107404.20	1851	176	1.4418058457471483	0.36589638745865427	0.09514880011686856	0.00012029821863674989	PASS	0.0016816946852725037	HIGHER_HAZARD
ENSG00000104131.13	1851	176	0.6035329975735347	-0.5049545629325983	0.131844990907667	0.00012818968486255213	PASS	0.001773726659934905	LOWER_HAZARD
ENSG00000131931.8	1851	176	0.5931965179160408	-0.5222295387355198	0.13665131120442264	0.0001325772641935175	PASS	0.0018095755639670728	LOWER_HAZARD
ENSG00000149474.14	1851	176	0.6289322272224466	-0.4637317749509618	0.12140344787135902	0.00013358274231682754	PASS	0.0018095755639670728	LOWER_HAZARD
ENSG00000005156.12	1851	176	0.6408016531730776	-0.44503530337320435	0.1165761861076058	0.00013478402061996634	PASS	0.0018095755639670728	LOWER_HAZARD
ENSG00000119541.10	1851	176	0.6688672353842112	-0.4021696908886714	0.10556243349588294	0.00013909027511151397	PASS	0.0018490824808942445	LOWER_HAZARD
ENSG00000121058.5	1851	176	0.5969273878746978	-0.5159598013374526	0.13586793440192	0.00014615704802306413	PASS	0.0019204039196505805	LOWER_HAZARD
ENSG00000105993.15	1851	176	0.5703460100389962	-0.5615120671687194	0.14793768255870696	0.0001472876162563867	PASS	0.0019204039196505805	LOWER_HAZARD
ENSG00000101193.8	1851	176	0.5642987467095552	-0.5721714749743236	0.15162642824582104	0.000160934277616597	PASS	0.00207835124236291	LOWER_HAZARD
ENSG00000124198.9	1851	176	0.7221981297715124	-0.32545575976895036	0.08646185672916122	0.00016711375462895943	PASS	0.0021377948233666884	LOWER_HAZARD
ENSG00000185359.14	1851	176	1.5596959181754513	0.44449087801474013	0.11820988097199005	0.0001697885708485813	PASS	0.002151713103464264	HIGHER_HAZARD
ENSG00000137815.14	1851	176	0.6236993820124163	-0.4720867862916344	0.12646235585507995	0.00018919588575850655	PASS	0.0023619942565385995	LOWER_HAZARD
ENSG00000132825.7	1851	176	0.6611883340075523	-0.4137165568576582	0.11085258056960705	0.00018986532003149506	PASS	0.0023619942565385995	LOWER_HAZARD
ENSG00000104756.16	1851	176	0.6976985143714927	-0.3599681973619985	0.09656143504211925	0.0001931071541634214	PASS	0.0023804845549599946	LOWER_HAZARD
ENSG00000130706.13	1851	176	1.395020540741537	0.3329091397108286	0.08941231175734506	0.00019663320403654226	PASS	0.0024021137357977595	HIGHER_HAZARD
ENSG00000149346.15	1851	176	0.668967172918264	-0.4020202889393443	0.10837278258826731	0.00020758230457059224	PASS	0.0025132286160510988	LOWER_HAZARD
ENSG00000101079.21	1851	176	0.5682908790985992	-0.5651218802560353	0.15272901098071343	0.0002154630049745155	PASS	0.0025855560596941864	LOWER_HAZARD
ENSG00000170468.8	1851	176	0.5734357388942702	-0.5561093994419205	0.15081151495943473	0.00022651565958213882	PASS	0.0026943441613454405	LOWER_HAZARD
ENSG00000143157.12	1851	176	0.6430598404527693	-0.4415174946069872	0.12048883981844355	0.0002479336280750913	PASS	0.0029234608666941202	LOWER_HAZARD
ENSG00000078808.19	1851	176	1.6472402512157258	0.49910131257647755	0.13641667021053624	0.0002535439749841905	PASS	0.002963841638608296	HIGHER_HAZARD
ENSG00000133872.14	1851	176	0.6857876678564304	-0.37718722124327037	0.10357579186704248	0.0002708917504390964	PASS	0.0031395659281659377	LOWER_HAZARD
ENSG00000126814.7	1851	176	0.5782648327321981	-0.5477233271278931	0.15081221678289217	0.00028142576991141535	PASS	0.003212992385177213	LOWER_HAZARD
ENSG00000147419.19	1851	176	0.628069041748826	-0.46510517946630986	0.12814412666709246	0.0002839186144913115	PASS	0.003212992385177213	LOWER_HAZARD
ENSG00000205629.12	1851	176	0.5649368375022709	-0.5710413461162701	0.15734770826467295	0.000284335609307718	PASS	0.003212992385177213	LOWER_HAZARD
ENSG00000170632.14	1851	176	0.6011931800707575	-0.5088389650286752	0.14037791931297416	0.0002892084085317828	PASS	0.0032410462972652684	LOWER_HAZARD
ENSG00000100592.16	1851	176	0.7450959008193478	-0.2942423429550388	0.0815296835345386	0.0003073546882133061	PASS	0.0034127185875390304	LOWER_HAZARD
ENSG00000149600.12	1851	176	0.6193909925939111	-0.47901855369615565	0.13279640563404665	0.00030956075683429257	PASS	0.0034127185875390304	LOWER_HAZARD
ENSG00000183309.12	1851	176	0.6764388273713693	-0.39091326063156073	0.108546183151646	0.00031656384852771474	PASS	0.0034545304987420133	LOWER_HAZARD
ENSG00000069509.6	1851	176	0.6402880275584696	-0.4458371608073153	0.12385015931703888	0.0003184486079223832	PASS	0.0034545304987420133	LOWER_HAZARD
ENSG00000062598.18	1851	176	0.6353196733842185	-0.45362698411180413	0.12664332285365698	0.0003410706899201908	PASS	0.003670570281998244	LOWER_HAZARD
ENSG00000166847.10	1851	176	0.6126782143810633	-0.48991541662976557	0.13712268128600044	0.000353150059835337	PASS	0.003770641583753677	LOWER_HAZARD
ENSG00000165934.13	1851	176	0.6220941974567453	-0.4746637548527655	0.13312733031695337	0.00036318127668343497	PASS	0.003847451649865139	LOWER_HAZARD
ENSG00000141664.10	1851	176	0.700309025342152	-0.3562335765811333	0.1001091789803942	0.00037304881295213834	PASS	0.003921350312892245	LOWER_HAZARD
ENSG00000104517.13	1851	176	0.7495052373917391	-0.288341973616349	0.08124707983997927	0.0003867678087597686	PASS	0.004009207963692331	LOWER_HAZARD
ENSG00000066455.13	1851	176	0.6522859933730755	-0.42727217308719484	0.12040665767684339	0.0003873202383803063	PASS	0.004009207963692331	LOWER_HAZARD
ENSG00000170631.15	1851	176	0.6214199190313031	-0.47574822744955503	0.1348076432786285	0.0004169922073196384	PASS	0.004283647220647195	LOWER_HAZARD
ENSG00000120915.14	1851	176	0.7984620077815869	-0.22506789194355928	0.0640584305830972	0.0004422808980473731	PASS	0.004509269907911563	LOWER_HAZARD
ENSG00000085788.14	1851	176	0.7379200802193212	-0.30391975263145204	0.08666723059442384	0.00045362608563515944	PASS	0.004590425165084151	LOWER_HAZARD
ENSG00000276293.4	1851	176	0.6692814259618994	-0.4015506406995858	0.11491107986828931	0.0004750455017605348	PASS	0.004767468707937984	LOWER_HAZARD
ENSG00000134001.15	1851	176	0.6085916887799356	-0.4966076979057519	0.14225938125766913	0.0004814670282757162	PASS	0.004767468707937984	LOWER_HAZARD
ENSG00000140153.18	1851	176	0.5645770549900879	-0.5716784033968262	0.16376956594033826	0.0004816690361264777	PASS	0.004767468707937984	LOWER_HAZARD
ENSG00000141428.17	1851	176	0.6375914690966192	-0.45005753130608744	0.12922990314673652	0.0004965486149679974	PASS	0.004869417880109406	LOWER_HAZARD
ENSG00000205808.7	1851	176	0.6657563248612877	-0.40683155397830395	0.11686493564478664	0.0004991512428725719	PASS	0.004869417880109406	LOWER_HAZARD
ENSG00000132383.12	1851	176	0.6027028070628903	-0.506331061024492	0.14568807749038157	0.000510004465773627	PASS	0.0049397575399217014	LOWER_HAZARD
ENSG00000136504.13	1851	176	0.6460988475800786	-0.4368027720752671	0.125980084635724	0.0005258386364617013	PASS	0.005043855000592739	LOWER_HAZARD
ENSG00000114062.22	1851	176	0.6906076312673353	-0.3701834438884344	0.10680309614125295	0.0005281913053718061	PASS	0.005043855000592739	LOWER_HAZARD
ENSG00000125871.14	1851	176	0.635423430942308	-0.4534636819337843	0.13102678757606137	0.0005384784943049768	PASS	0.005093604537282871	LOWER_HAZARD
ENSG00000176209.12	1851	176	0.6930299485532	-0.36668206492052646	0.106038022381998	0.0005441521716409481	PASS	0.005093604537282871	LOWER_HAZARD
ENSG00000196922.10	1851	176	0.6880739419849294	-0.3738589730083857	0.10812147242977935	0.000544670101700602	PASS	0.005093604537282871	LOWER_HAZARD
ENSG00000166484.20	1851	176	1.6456815312097688	0.4981546031036355	0.1442177138818981	0.0005519594652343581	PASS	0.005126418046971161	HIGHER_HAZARD
ENSG00000172113.9	1851	176	0.5780774825591535	-0.5480473664235349	0.15882225562732366	0.0005591424232391792	PASS	0.005157803577634877	LOWER_HAZARD
ENSG00000134748.13	1851	176	0.551769798492579	-0.594624351403294	0.17252545224161664	0.0005677112254463512	PASS	0.005201462308819272	LOWER_HAZARD
ENSG00000164961.16	1851	176	0.7075908774768518	-0.3458892089830437	0.1004846458757653	0.0005769830763417038	PASS	0.005250933231673492	LOWER_HAZARD
ENSG00000124120.11	1851	176	0.643105491656878	-0.44144650652639095	0.12856835261524188	0.0005957213892933643	PASS	0.005353888779167286	LOWER_HAZARD
ENSG00000215114.10	1851	176	0.70970775733461	-0.3429020030690458	0.09987415823748573	0.00059619262953854	PASS	0.005353888779167286	LOWER_HAZARD
ENSG00000100897.18	1851	176	0.5831761291335699	-0.539266029966308	0.1572537479332787	0.0006052004769943422	PASS	0.005399025307923211	LOWER_HAZARD
ENSG00000176225.15	1851	176	0.6943656746312034	-0.36475654855247874	0.1064599301673366	0.0006120146578354482	PASS	0.005424129908659267	LOWER_HAZARD
ENSG00000131473.17	1851	176	0.7179885515587402	-0.33130165496529584	0.09677370603792503	0.0006182760342540473	PASS	0.005444040924990182	LOWER_HAZARD
ENSG00000147548.17	1851	176	0.7264052148367052	-0.31964727270553467	0.09347412002467749	0.0006270545586774804	PASS	0.005485716010107506	LOWER_HAZARD
ENSG00000130023.16	1851	176	0.6660220340767838	-0.40643252478964287	0.11902612307450422	0.0006386406986756989	PASS	0.005551261457719537	LOWER_HAZARD
ENSG00000157954.15	1851	176	1.7988562769686038	0.5871510612648078	0.17242345861328592	0.000660949738231041	PASS	0.005652305156739102	HIGHER_HAZARD
ENSG00000130935.10	1851	176	0.6458087191807476	-0.43725191938529634	0.12847195381964105	0.0006653291630261366	PASS	0.005652305156739102	LOWER_HAZARD
ENSG00000087095.13	1851	176	0.6643875720405296	-0.4088896069559829	0.1201399903007303	0.0006654229990878188	PASS	0.005652305156739102	LOWER_HAZARD
ENSG00000099814.16	1851	176	1.4092473790421398	0.3430557881531876	0.10081510300815075	0.000666938661562136	PASS	0.005652305156739102	HIGHER_HAZARD
ENSG00000121741.16	1851	176	0.7063237022105934	-0.34768164485396635	0.10223809121112423	0.0006721218152693824	PASS	0.005660852059039022	LOWER_HAZARD
ENSG00000171262.11	1851	176	0.6731699725505572	-0.39575742171470735	0.11671072477156698	0.0006965692668813993	PASS	0.005787018583903866	LOWER_HAZARD
ENSG00000120889.13	1851	176	1.326746962641255	0.28273005340065765	0.08339990568987879	0.0006987925621377447	PASS	0.005787018583903866	HIGHER_HAZARD
ENSG00000049656.14	1851	176	1.3959663827845943	0.3335869229503656	0.09841435860411285	0.0006999049024780487	PASS	0.005787018583903866	HIGHER_HAZARD
ENSG00000100564.9	1851	176	0.635119129285532	-0.45394269251102926	0.13409375499792345	0.0007110996057466736	PASS	0.005843945850863573	LOWER_HAZARD
ENSG00000198791.12	1851	176	0.6577947685397055	-0.41886229822368	0.12394063505209596	0.0007260731675112731	PASS	0.005931055512923411	LOWER_HAZARD
ENSG00000129691.16	1851	176	0.6933043697317685	-0.3662861702527926	0.10844032561116428	0.0007307692979978558	PASS	0.0059336716651801945	LOWER_HAZARD
ENSG00000134444.15	1851	176	0.7085947423504664	-0.3444715063490141	0.10227984292997089	0.0007573440628420565	PASS	0.0061128485072251704	LOWER_HAZARD
ENSG00000175387.16	1851	176	0.6753737944872411	-0.3924889717726876	0.11659568518146422	0.0007620058615034323	PASS	0.006114082533719848	LOWER_HAZARD
ENSG00000147475.17	1851	176	0.740927295712824	-0.29985277494671486	0.08916344034432583	0.000771125022540583	PASS	0.006150856062147239	LOWER_HAZARD
ENSG00000134049.6	1851	176	0.7368510060257999	-0.30536957001769716	0.09093950106621795	0.0007852508825515833	PASS	0.006226901735321327	LOWER_HAZARD
ENSG00000104643.10	1851	176	0.7042096539597809	-0.350679163238737	0.1047962275164176	0.0008189901293683649	PASS	0.0064566896245552485	LOWER_HAZARD
ENSG00000120656.12	1851	176	0.57080351790073	-0.5607102302927536	0.16798464081903436	0.0008442443653041915	PASS	0.0066173142159103105	LOWER_HAZARD
ENSG00000101350.8	1851	176	0.6852302400914142	-0.3780003802727773	0.11370418585654993	0.0008860289917523487	PASS	0.006904915590897614	LOWER_HAZARD
ENSG00000168672.4	1851	176	0.760146608472672	-0.27424395842061333	0.08265120375566973	0.0009063595957057649	PASS	0.007022992067297242	LOWER_HAZARD
ENSG00000161542.17	1851	176	0.6039490845187961	-0.5042653817548379	0.15271266905304678	0.0009597980993703796	PASS	0.007394808083785425	LOWER_HAZARD
ENSG00000101367.9	1851	176	0.5964169737330108	-0.5168152361796212	0.15696469637706403	0.0009928071159428457	PASS	0.007584819170590588	LOWER_HAZARD
ENSG00000104331.9	1851	176	0.6899837693113878	-0.371087204404615	0.11273236938646905	0.0009956473542515668	PASS	0.007584819170590588	LOWER_HAZARD
ENSG00000104611.12	1851	176	1.2597834382246733	0.23093983176642266	0.07028505744139911	0.0010170762117941317	PASS	0.0077047784535913	HIGHER_HAZARD
ENSG00000103152.12	1851	176	1.4359626257683886	0.36183544366364917	0.11021273573694934	0.001026854209681922	PASS	0.007735635046270478	HIGHER_HAZARD
ENSG00000158796.17	1851	176	0.5644299554786716	-0.5719389855028446	0.17437797729565493	0.0010385094198635638	PASS	0.007742732583495559	LOWER_HAZARD
ENSG00000135297.16	1851	176	0.5807315813645648	-0.5434666230914416	0.1657067631407697	0.0010392163202036812	PASS	0.007742732583495559	LOWER_HAZARD
ENSG00000124574.15	1851	176	1.4619632075254922	0.37978019515968486	0.11585990089764377	0.0010457276240285333	PASS	0.007748670263293395	HIGHER_HAZARD
ENSG00000172748.14	1851	176	0.6925685822915333	-0.36734801002431644	0.1122187406521426	0.0010622451624737886	PASS	0.007828285001709007	LOWER_HAZARD
ENSG00000165275.10	1851	176	0.6526142602790086	-0.4267690435768139	0.130729672536756	0.0010965145955056728	PASS	0.008024491025032823	LOWER_HAZARD
ENSG00000159063.13	1851	176	0.6792028769962192	-0.38683540813381284	0.11855102291272059	0.0011022829751508162	PASS	0.008024491025032823	LOWER_HAZARD
ENSG00000147679.12	1851	176	0.6998614077970765	-0.35687295240243355	0.10940595532405875	0.0011066222873754705	PASS	0.008024491025032823	LOWER_HAZARD
ENSG00000166579.16	1851	176	1.7343243643082351	0.5506179221726593	0.16918642724508978	0.0011359051804142187	PASS	0.00819301821617915	HIGHER_HAZARD
ENSG00000154359.13	1851	176	0.6999412109325603	-0.35675893184767465	0.10971035466079723	0.0011466638581700964	PASS	0.008226858157029898	LOWER_HAZARD
ENSG00000021776.11	1851	176	0.6766703581302567	-0.3905710402643828	0.12017949331996332	0.001154465927447032	PASS	0.00823924104009566	LOWER_HAZARD
ENSG00000204599.14	1851	176	0.6230211871082413	-0.47317475257352537	0.14572315221880416	0.0011659555660273684	PASS	0.008277674070853988	LOWER_HAZARD
ENSG00000156802.13	1851	176	0.7974146903089905	-0.2263804214443705	0.06990720653552764	0.0012024481084637695	PASS	0.008475370129620219	LOWER_HAZARD
ENSG00000154001.14	1851	176	0.6638077948400449	-0.4097626370112993	0.12657208000595546	0.0012063026806907835	PASS	0.008475370129620219	LOWER_HAZARD
ENSG00000023287.13	1851	176	0.7488980380581753	-0.2891524354950018	0.08970731222890495	0.001267284002305068	PASS	0.00885792323260656	LOWER_HAZARD
ENSG00000066777.9	1851	176	0.7519926886632914	-0.28502867760178013	0.08847847758990945	0.0012754529455733402	PASS	0.00886930355998692	LOWER_HAZARD
ENSG00000066427.24	1851	176	0.6272234802864404	-0.4664523739654871	0.14552131580470803	0.001348802228343103	PASS	0.00933150929404718	LOWER_HAZARD
ENSG00000196810.5	1851	176	0.6615303211056506	-0.4131994595831975	0.12898708748470755	0.0013580706765483242	PASS	0.009332582022624665	LOWER_HAZARD
ENSG00000168806.8	1851	176	0.7057479839599974	-0.34849706844489975	0.1088590056264811	0.0013677964303981985	PASS	0.009332582022624665	LOWER_HAZARD
ENSG00000167840.13	1851	176	0.6582405587940244	-0.4181848235965018	0.13064269828119293	0.0013696045888660089	PASS	0.009332582022624665	LOWER_HAZARD
ENSG00000187735.14	1851	176	0.7205704006633754	-0.3277121574715745	0.10259979143887395	0.0014027621685114339	PASS	0.009484047645905071	LOWER_HAZARD
ENSG00000173273.16	1851	176	0.7486939967614008	-0.28942492799401764	0.09063070905846553	0.0014058212218487607	PASS	0.009484047645905071	LOWER_HAZARD
ENSG00000179832.17	1851	176	1.3451043190966232	0.29647157071276375	0.09306146147891402	0.001443738325954202	PASS	0.009691629554425237	HIGHER_HAZARD
ENSG00000189114.8	1851	176	0.6144088273805112	-0.4870947297705851	0.1529730961157906	0.0014516190562443988	PASS	0.00969652926240101	LOWER_HAZARD
ENSG00000161920.11	1851	176	1.5122777848563933	0.4136169810259797	0.1304865863889081	0.0015254148414194594	PASS	0.010099498506733931	HIGHER_HAZARD
ENSG00000215271.9	1851	176	0.6720176364464626	-0.397470694091376	0.12540355427680155	0.0015268415884074158	PASS	0.010099498506733931	LOWER_HAZARD
ENSG00000155096.14	1851	176	0.7249165246246662	-0.32169876920513873	0.10169841164136685	0.0015601160332772179	PASS	0.010269501655941298	LOWER_HAZARD
ENSG00000147316.13	1851	176	0.691896575780028	-0.3683187914995501	0.1166945985586613	0.0015980494199087202	PASS	0.01046838170722814	LOWER_HAZARD
ENSG00000156469.9	1851	176	0.6935428157583462	-0.36594230247641174	0.11599752390673629	0.0016063989307843125	PASS	0.010472485337228499	LOWER_HAZARD
ENSG00000165392.11	1851	176	0.7066924847102777	-0.34715966568420015	0.1101648395840451	0.001625595537480078	PASS	0.01051821914728403	LOWER_HAZARD
ENSG00000132623.16	1851	176	0.7376666636469306	-0.30426323169282954	0.09657076088895314	0.0016289277440484115	PASS	0.01051821914728403	LOWER_HAZARD
ENSG00000114316.13	1851	176	0.5839280822400357	-0.5379774505863598	0.1710162877623456	0.0016565173073972142	PASS	0.010645675207728068	LOWER_HAZARD
ENSG00000185000.12	1851	176	1.2832536358263071	0.2493987557496502	0.07939136017829931	0.0016815135274608666	PASS	0.010755341241683656	HIGHER_HAZARD
ENSG00000173137.12	1851	176	1.2855684986482243	0.2512010319115109	0.08014037783420677	0.0017213980378570012	PASS	0.010958759339596684	HIGHER_HAZARD
ENSG00000027001.10	1851	176	0.7437579995590178	-0.29603956647053603	0.0945760471142953	0.0017470226810405982	PASS	0.011069919418182483	LOWER_HAZARD
ENSG00000006194.10	1851	176	0.6965158226404893	-0.3616647686613897	0.11567098319553037	0.001767994218732085	PASS	0.011150698421398639	LOWER_HAZARD
ENSG00000100603.14	1851	176	0.6007630297788917	-0.5095547154140962	0.1634381609651631	0.0018225475884075368	PASS	0.011441548749447314	LOWER_HAZARD
ENSG00000151413.17	1851	176	0.6942705547786537	-0.36489354606224245	0.1173519453855152	0.0018747093801357417	PASS	0.011714773822415049	LOWER_HAZARD
ENSG00000010270.14	1851	176	1.5225370987919573	0.42037808732767595	0.13575339439966883	0.0019573375512099566	PASS	0.01217499871303074	HIGHER_HAZARD
ENSG00000120158.12	1851	176	0.6764194629561207	-0.39094188804270696	0.12641064570672914	0.0019838850096641106	PASS	0.012283781155728465	LOWER_HAZARD
ENSG00000164818.16	1851	176	1.482747056329345	0.39389648645693026	0.12748922746587876	0.0020039569092139254	PASS	0.012351661676791284	HIGHER_HAZARD
ENSG00000137700.18	1851	176	1.3916172471117896	0.3304665579467799	0.10715738590114211	0.0020428129294978066	PASS	0.012461656136347171	HIGHER_HAZARD
ENSG00000186523.14	1851	176	0.6912647466241859	-0.36923239310126515	0.11977535156287	0.0020512656055871447	PASS	0.012461656136347171	LOWER_HAZARD
ENSG00000186625.14	1851	176	0.609694532973047	-0.49479721285771205	0.16052106705559563	0.0020530830082728974	PASS	0.012461656136347171	LOWER_HAZARD
ENSG00000092203.15	1851	176	0.6002546721226745	-0.5104012602831208	0.16562593075988585	0.002058562665591273	PASS	0.012461656136347171	LOWER_HAZARD
ENSG00000108587.16	1851	176	0.6563216847500694	-0.4211042371370245	0.13695650657964817	0.00210693415209559	PASS	0.012648565027292629	LOWER_HAZARD
ENSG00000103356.18	1851	176	0.691642113665286	-0.36868663393077716	0.1199150359613644	0.002108094171215438	PASS	0.012648565027292629	LOWER_HAZARD
ENSG00000125863.20	1851	176	0.649268674269171	-0.4319086660201592	0.1406306563291944	0.002131810248053811	PASS	0.01273451408088532	LOWER_HAZARD
ENSG00000176623.12	1851	176	0.670636100657855	-0.3995286130290727	0.13015129880389673	0.002142564076857924	PASS	0.0127426179307866	LOWER_HAZARD
ENSG00000101639.18	1851	176	0.7346418706690984	-0.30837214930488327	0.10067556650014554	0.0021910904663636787	PASS	0.012974317346677504	LOWER_HAZARD
ENSG00000173281.5	1851	176	0.8319549126519793	-0.18397703115340544	0.060401015035745215	0.0023196480238531197	PASS	0.01367583791454274	LOWER_HAZARD
ENSG00000205531.13	1851	176	0.6723796914851288	-0.39693208093007787	0.13079103465848427	0.0024064979616582618	PASS	0.014126455567136811	LOWER_HAZARD
ENSG00000166913.13	1851	176	0.6379147988985343	-0.44955054860133176	0.14826727217836275	0.002429165185298176	PASS	0.01414989013478148	LOWER_HAZARD
ENSG00000256806.6	1851	176	1.4198704909699291	0.35056566391156996	0.1156312434905432	0.0024313601780266113	PASS	0.01414989013478148	HIGHER_HAZARD
ENSG00000168434.13	1851	176	0.6605432949778904	-0.41469260837481275	0.1369313905387845	0.0024579548004434603	PASS	0.014204632629145291	LOWER_HAZARD
ENSG00000064995.18	1851	176	0.6321438863825224	-0.45863824242100426	0.15146534363092434	0.0024617173066734097	PASS	0.014204632629145291	LOWER_HAZARD
ENSG00000125868.16	1851	176	0.7298930372397596	-0.31485727990453494	0.10420468552047776	0.002515031369635342	PASS	0.014450773462820015	LOWER_HAZARD
ENSG00000165487.14	1851	176	0.6912246181010466	-0.36929044566090785	0.1223062561416571	0.002532831648359486	PASS	0.014491644367828958	LOWER_HAZARD
ENSG00000128789.21	1851	176	0.6078073562131284	-0.4978972955566792	0.1650190787950592	0.002551125985974518	PASS	0.014534986710006078	LOWER_HAZARD
ENSG00000010072.16	1851	176	0.6478499576397834	-0.43409615629315973	0.1441393932945971	0.002598394011347225	PASS	0.01474235263341773	LOWER_HAZARD
ENSG00000078319.10	1851	176	0.6562465455735625	-0.4212187289780625	0.14001518885806924	0.0026264552116585416	PASS	0.01483947194587076	LOWER_HAZARD
ENSG00000170791.18	1851	176	1.3260069893260724	0.2821721627347508	0.09385818706634723	0.002643896251662913	PASS	0.014876030362053568	HIGHER_HAZARD
ENSG00000047579.20	1851	176	0.604327332963934	-0.503639285851581	0.16770207795248174	0.002671756174440722	PASS	0.014925845018532845	LOWER_HAZARD
ENSG00000124164.16	1851	176	0.6685805419514073	-0.40259840809476116	0.13408349192100846	0.0026768850362496187	PASS	0.014925845018532845	LOWER_HAZARD
ENSG00000125970.12	1851	176	1.398650508285501	0.3355078490958008	0.11180921911670802	0.002693445682495099	PASS	0.014925845018532845	HIGHER_HAZARD
ENSG00000106397.12	1851	176	1.2873349300507673	0.25257413566688497	0.08421815435158433	0.0027082623748140096	PASS	0.014925845018532845	HIGHER_HAZARD
ENSG00000164828.18	1851	176	1.5167574417519458	0.41657479420828714	0.13895457008114445	0.0027182831543288923	PASS	0.014925845018532845	HIGHER_HAZARD
ENSG00000112357.14	1851	176	0.7120733273799467	-0.33957438497986686	0.11327212668385546	0.002718793303523313	PASS	0.014925845018532845	LOWER_HAZARD
ENSG00000138942.16	1851	176	0.6251979313316569	-0.46968698925081925	0.15680702160941992	0.002741583121232636	PASS	0.014990269001578446	LOWER_HAZARD
ENSG00000100554.12	1851	176	0.6646087082925702	-0.4085568200891513	0.1366274949472029	0.002787060994721647	PASS	0.015177729754387765	LOWER_HAZARD
ENSG00000176624.12	1851	176	0.7198138787793794	-0.3287626020846649	0.11004749971210741	0.0028130527920907093	PASS	0.015257998344300009	LOWER_HAZARD
ENSG00000166233.15	1851	176	0.684277221722879	-0.37939214855289644	0.1275761363491879	0.002940898854957163	PASS	0.015887883853872166	LOWER_HAZARD
ENSG00000105197.11	1851	176	1.3897313150138388	0.3291104299068325	0.11095866820906833	0.0030163843163896853	PASS	0.016191994592512544	HIGHER_HAZARD
ENSG00000185104.20	1851	176	0.5999528153893521	-0.5109042678761041	0.1722777013844946	0.0030210727373935647	PASS	0.016191994592512544	LOWER_HAZARD
ENSG00000198876.13	1851	176	0.6553028342896132	-0.4226578077673225	0.14291582664513397	0.003102556290811285	PASS	0.01656325326905552	LOWER_HAZARD
ENSG00000244005.13	1851	176	0.6595276160259622	-0.41623143351501934	0.1408729233806835	0.0031301493897757187	PASS	0.016645029696219116	LOWER_HAZARD
ENSG00000008283.16	1851	176	0.7451348015474298	-0.2941901352961454	0.09992576965155268	0.0032390918540361707	PASS	0.01715614608952628	LOWER_HAZARD
ENSG00000198042.11	1851	176	0.6814229348720571	-0.3835721158655004	0.13033829373233177	0.0032515704609205414	PASS	0.01715614608952628	LOWER_HAZARD
ENSG00000040341.18	1851	176	0.7374524439866724	-0.30455367557719853	0.10359841180143822	0.00328474659747688	PASS	0.01726401700069244	LOWER_HAZARD
ENSG00000120333.4	1851	176	0.636149638178493	-0.45232146316118665	0.15448651726715532	0.0034125701859041412	PASS	0.017803789298911493	LOWER_HAZARD
ENSG00000213588.6	1851	176	0.6522005351202326	-0.42740319514238434	0.14598105503467826	0.0034137059127706407	PASS	0.017803789298911493	LOWER_HAZARD
ENSG00000130227.17	1851	176	0.6752056186590348	-0.39273801426132404	0.13433643322016584	0.0034607510931494827	PASS	0.017979994185098463	LOWER_HAZARD
ENSG00000011295.16	1851	176	0.6973603219882929	-0.36045304055428595	0.12342326566243716	0.0034951206195571625	PASS	0.018042451903046194	LOWER_HAZARD
ENSG00000070718.12	1851	176	0.7228979319519028	-0.32448723974647	0.11114628640696814	0.0035063735359704604	PASS	0.018042451903046194	LOWER_HAZARD
ENSG00000174177.13	1851	176	1.3482157661245997	0.2987820635719102	0.10236118793468309	0.003512689751035542	PASS	0.018042451903046194	HIGHER_HAZARD
ENSG00000108406.10	1851	176	0.7229249186033994	-0.3244499092374254	0.11126279856850041	0.0035447300221408003	PASS	0.018138316641595945	LOWER_HAZARD
ENSG00000180104.16	1851	176	1.5420408504949643	0.43310676668061276	0.14874526433658034	0.003594276231257767	PASS	0.018322701389419292	HIGHER_HAZARD
ENSG00000129696.13	1851	176	0.6732833656484699	-0.39558898944161797	0.13619094723761274	0.0036764712676654048	PASS	0.0186715169998288	LOWER_HAZARD
ENSG00000057757.10	1851	176	0.6135944680031657	-0.48842104460994407	0.16848894350471189	0.003745562128974543	PASS	0.01894905942419186	LOWER_HAZARD
ENSG00000112877.8	1851	176	1.3025168415961021	0.2642984247699304	0.09120964472559143	0.003759068573088208	PASS	0.01894905942419186	HIGHER_HAZARD
ENSG00000086475.15	1851	176	0.6580430151227951	-0.4184849772664662	0.1445682430431272	0.0037949359176361426	PASS	0.019035094492589624	LOWER_HAZARD
ENSG00000066926.12	1851	176	0.7626920303318924	-0.2709009591494905	0.09360920955915358	0.0038042113624570705	PASS	0.019035094492589624	LOWER_HAZARD
ENSG00000125952.20	1851	176	0.6110139746332193	-0.49263544833196626	0.17041291370761913	0.0038422098678907494	PASS	0.019154546253161236	LOWER_HAZARD
ENSG00000168795.5	1851	176	0.6803562443310014	-0.38513872927171044	0.133535916213467	0.003924613396897553	PASS	0.019493684125249384	LOWER_HAZARD
ENSG00000101473.17	1851	176	1.325347056457378	0.2816743545424633	0.09771200896848714	0.003942834376548123	PASS	0.01951271319196808	HIGHER_HAZARD
ENSG00000231074.9	1851	176	0.6616075710231768	-0.41308269183272567	0.1433968128864112	0.003967975699014759	PASS	0.019565727446778227	LOWER_HAZARD
ENSG00000204977.10	1851	176	0.6804583670561626	-0.3849886386943484	0.1338503676456225	0.004024163719259087	PASS	0.01977089131635986	LOWER_HAZARD
ENSG00000196150.14	1851	176	0.7167791602403795	-0.33298749106941716	0.11595409694099412	0.004082468286819188	PASS	0.019984935006956025	LOWER_HAZARD
ENSG00000198824.7	1851	176	0.7405175808523384	-0.30040590368935366	0.10576216933090062	0.004505828213101976	PASS	0.021978068550238414	LOWER_HAZARD
ENSG00000145743.17	1851	176	0.7511552032047671	-0.2861429865127167	0.10084082718233067	0.004545826402715131	PASS	0.022093693914271392	LOWER_HAZARD
ENSG00000255112.3	1851	176	1.4791244833878971	0.39145034745379986	0.1381628766886562	0.0046076940787438654	PASS	0.022314404181345292	HIGHER_HAZARD
ENSG00000149636.16	1851	176	0.7295373306208989	-0.31534473944181407	0.11158969890157995	0.004714348386465591	PASS	0.022749666946787688	LOWER_HAZARD
ENSG00000141425.18	1851	176	0.7315002126875656	-0.3126577677666134	0.11084396597942398	0.004791873263678069	PASS	0.023041773565771143	LOWER_HAZARD
ENSG00000273611.5	1851	176	0.6556165349267568	-0.4221792113707814	0.14983194557265486	0.004837125378968345	PASS	0.02317718026106387	LOWER_HAZARD
ENSG00000064419.13	1851	176	0.6533648006279482	-0.4256196523590916	0.15116221388423526	0.004867890236315799	PASS	0.023198073696885226	LOWER_HAZARD
ENSG00000146282.18	1851	176	0.6483129779811205	-0.43338170852072655	0.1539471387069711	0.004875701330097558	PASS	0.023198073696885226	LOWER_HAZARD
ENSG00000108651.10	1851	176	0.6625811845277685	-0.41161218594607696	0.14655239257804067	0.004975201087469985	PASS	0.02358871564548706	LOWER_HAZARD
ENSG00000100442.11	1851	176	0.6966372829026025	-0.36149040123265885	0.12902212219430936	0.005082298317518299	PASS	0.024012531423535936	LOWER_HAZARD
ENSG00000167842.16	1851	176	0.6737987697400369	-0.39482377386466555	0.14108666549188129	0.005134874998160699	PASS	0.02417670311633996	LOWER_HAZARD
ENSG00000102763.18	1851	176	0.775770161981188	-0.2538989856837029	0.09088253376614899	0.005210799563569933	PASS	0.02444928791764993	LOWER_HAZARD
ENSG00000171612.7	1851	176	0.7143253089599705	-0.33641680561358095	0.12063433739903669	0.005291487514486863	PASS	0.024742265757393748	LOWER_HAZARD
ENSG00000185127.6	1851	176	0.7200031795656884	-0.32849965091833083	0.11788459878447884	0.005326079633459346	PASS	0.024818432931171384	LOWER_HAZARD
ENSG00000140265.12	1851	176	0.7305972352963038	-0.31389294878318774	0.11284836795235037	0.005410063016308261	PASS	0.025123443322308224	LOWER_HAZARD
ENSG00000118518.16	1851	176	0.6826242317241992	-0.3818107439831511	0.13746780897264602	0.005478631466527242	PASS	0.025355031633484435	LOWER_HAZARD
ENSG00000158604.15	1851	176	1.5622251546410184	0.4461111861262707	0.16099431583026036	0.005588875836655344	PASS	0.025777264062940973	HIGHER_HAZARD
ENSG00000103043.15	1851	176	1.4297443106495564	0.3574956245429522	0.12913449525052975	0.005633268788358509	PASS	0.0258884760397535	HIGHER_HAZARD
ENSG00000172273.13	1851	176	1.530850119952663	0.4258232150529427	0.15387325372337948	0.005651171760890144	PASS	0.0258884760397535	HIGHER_HAZARD
ENSG00000104375.17	1851	176	0.7483002510452004	-0.28995097640850864	0.10514408151073582	0.005821781828412184	PASS	0.02658025642871017	LOWER_HAZARD
ENSG00000186812.13	1851	176	0.7622879797608485	-0.2714308684962684	0.0985010692916926	0.00585821896873315	PASS	0.026641257368527065	LOWER_HAZARD
ENSG00000129518.9	1851	176	0.6718037282690085	-0.39778905214829846	0.14440329577215535	0.005874436543650142	PASS	0.026641257368527065	LOWER_HAZARD
ENSG00000177302.15	1851	176	0.6875007285802831	-0.37469238968883317	0.13662184905213484	0.006096398081518338	PASS	0.027555719328462888	LOWER_HAZARD
ENSG00000181220.17	1851	176	1.5303239735136294	0.4254794603835578	0.1552873889420882	0.00614487976630724	PASS	0.027682581272799392	HIGHER_HAZARD
ENSG00000185049.16	1851	176	1.4167266746644884	0.34834905195781385	0.127432183292482	0.006264544672288694	PASS	0.028038852051004308	HIGHER_HAZARD
ENSG00000152193.8	1851	176	0.6956033034464718	-0.3629757474528031	0.13278486098502623	0.006265318710512024	PASS	0.028038852051004308	LOWER_HAZARD
ENSG00000188295.15	1851	176	0.7134279598272797	-0.3376738144686325	0.12383538192855133	0.00639525789221503	PASS	0.028526216124485464	LOWER_HAZARD
ENSG00000091127.14	1851	176	0.7415494651897463	-0.2990134100003506	0.10973429702895084	0.006432376292639703	PASS	0.028597712304326024	LOWER_HAZARD
ENSG00000138614.15	1851	176	0.6373750206343444	-0.45039706723287093	0.16541294399619166	0.006471855559278855	PASS	0.02867920306660826	LOWER_HAZARD
ENSG00000071894.17	1851	176	1.2992013953163999	0.2617497644059188	0.09649313184280141	0.006675242737405311	PASS	0.029484134045347235	HIGHER_HAZARD
ENSG00000168291.13	1851	176	0.6386639245842678	-0.44837690257709023	0.1653888834738778	0.0067071282052006504	PASS	0.029528785215104162	LOWER_HAZARD
ENSG00000122033.14	1851	176	0.6800673802029455	-0.3855633971871857	0.1424755022684319	0.0068063520644155275	PASS	0.029868651777823482	LOWER_HAZARD
ENSG00000172590.18	1851	176	1.3263681911834972	0.28244452379612095	0.10453626947084553	0.0068948506954811285	PASS	0.03015941142926584	HIGHER_HAZARD
ENSG00000156831.8	1851	176	0.710087640085154	-0.34236687982481	0.1269818520390043	0.00701381780867252	PASS	0.030581147744565714	LOWER_HAZARD
ENSG00000155876.6	1851	176	0.6528432140081293	-0.42641827959410633	0.15853257458735392	0.00714984198725078	PASS	0.031048619993419395	LOWER_HAZARD
ENSG00000169139.12	1851	176	0.7319746862735483	-0.3120093472122959	0.11603211233538172	0.007166827476357132	PASS	0.031048619993419395	LOWER_HAZARD
ENSG00000088876.13	1851	176	0.7027374912444572	-0.3527718690772038	0.13129655949075544	0.007213310536180666	PASS	0.03114864850865909	LOWER_HAZARD
ENSG00000125875.14	1851	176	0.6779063726126725	-0.38874609406915905	0.14474181429709748	0.007235858613737179	PASS	0.03114864850865909	LOWER_HAZARD
ENSG00000100296.14	1851	176	1.3624261944807672	0.3092670768996309	0.11553724058612785	0.0074334766394217175	PASS	0.03189808330080965	HIGHER_HAZARD
ENSG00000134440.12	1851	176	0.6890518994462134	-0.3724386850488428	0.13985566296788707	0.00774423874374538	PASS	0.033126775194065414	LOWER_HAZARD
ENSG00000132294.15	1851	176	0.785465707903361	-0.24147847863234964	0.0908490886564534	0.007860178287704753	PASS	0.03351698666077876	LOWER_HAZARD
ENSG00000124209.4	1851	176	0.6583042195293755	-0.41808811479259506	0.15742282396688312	0.00791136996770391	PASS	0.03362952249594515	LOWER_HAZARD
ENSG00000155097.12	1851	176	0.7401689128945314	-0.3008768581631387	0.11350806121568496	0.008032297460813196	PASS	0.03393951311353651	LOWER_HAZARD
ENSG00000168118.12	1851	176	0.682670339085365	-0.3817432019857402	0.1440751913866388	0.008058451234558305	PASS	0.03393951311353651	LOWER_HAZARD
ENSG00000084463.8	1851	176	0.7034835594304836	-0.35171077238025167	0.1327550485555278	0.008065362291607111	PASS	0.03393951311353651	LOWER_HAZARD
ENSG00000163468.15	1851	176	0.7064895729729768	-0.34744683567421264	0.13118825519461444	0.008085943695784812	PASS	0.03393951311353651	LOWER_HAZARD
ENSG00000108604.16	1851	176	0.7015040640245219	-0.354528586121375	0.13395948124387272	0.008132085525794119	PASS	0.03393951311353651	LOWER_HAZARD
ENSG00000114902.14	1851	176	0.6680262936367579	-0.4034277444884704	0.15246329306583628	0.008143422870161903	PASS	0.03393951311353651	LOWER_HAZARD
ENSG00000146701.12	1851	176	1.3334229640662631	0.2877492932421103	0.10878757953194841	0.008167728032826591	PASS	0.03393951311353651	HIGHER_HAZARD
ENSG00000125877.13	1851	176	1.362560689433377	0.3093657892666613	0.11700900864458015	0.008194513054244054	PASS	0.03393951311353651	HIGHER_HAZARD
ENSG00000047249.18	1851	176	0.7006243028332282	-0.35578348022028883	0.13459681999948142	0.008209557744277268	PASS	0.03393951311353651	LOWER_HAZARD
ENSG00000117362.13	1851	176	0.6531034385297131	-0.42601975715136775	0.16148440806717168	0.008336020884149762	PASS	0.034357581516434886	LOWER_HAZARD
ENSG00000141738.14	1851	176	1.1590735833786678	0.1476210510210409	0.05599278307829301	0.00837834939082205	PASS	0.03442739931501424	HIGHER_HAZARD
ENSG00000124541.7	1851	176	0.6397045722714926	-0.44674881502697916	0.16957157367356038	0.008424300300482253	PASS	0.03451163506783666	LOWER_HAZARD
ENSG00000089902.10	1851	176	0.7251326167922567	-0.32140072114177576	0.12236899129653606	0.008627096405338793	PASS	0.03523597206517892	LOWER_HAZARD
ENSG00000124279.12	1851	176	0.6966018529643986	-0.3615412610417174	0.13771917280632198	0.008659644279071576	PASS	0.03526269562288606	LOWER_HAZARD
ENSG00000183431.12	1851	176	0.6222025858734479	-0.4744895385107661	0.18086977618471398	0.008706297728752034	PASS	0.035279131121950295	LOWER_HAZARD
ENSG00000143222.12	1851	176	0.692914488843278	-0.3668486801282847	0.1398776997520792	0.008725172406725016	PASS	0.035279131121950295	LOWER_HAZARD
ENSG00000136238.18	1851	176	1.5825068231822381	0.4590101866744429	0.17506158399807956	0.00874173160543901	PASS	0.035279131121950295	HIGHER_HAZARD
ENSG00000198276.16	1851	176	1.271021738834285	0.23982109578590058	0.09180104238613909	0.008990884006562429	PASS	0.03610353371658969	HIGHER_HAZARD
ENSG00000244045.13	1851	176	0.6744958251173626	-0.39378979294968286	0.15075703821311134	0.00899925840428268	PASS	0.03610353371658969	LOWER_HAZARD
ENSG00000152242.11	1851	176	0.7293514145106047	-0.31559961303916145	0.120911263225481	0.009049579154926646	PASS	0.036198316619706586	LOWER_HAZARD
ENSG00000172432.19	1851	176	1.3587192647988222	0.30654253899418277	0.11750671027993699	0.00908805916116959	PASS	0.03624531830160578	HIGHER_HAZARD
ENSG00000006530.18	1851	176	0.677148625570399	-0.3898644946097618	0.1495776824883007	0.00914902088689645	PASS	0.03638144376138294	LOWER_HAZARD
ENSG00000085415.16	1851	176	0.7066708857342985	-0.34719022962328694	0.13377409211402863	0.009449537968706236	PASS	0.037466589139080866	LOWER_HAZARD
ENSG00000103550.14	1851	176	0.7140686676056711	-0.33677614814970397	0.12994528807207048	0.009550953787669535	PASS	0.03775828960956236	LOWER_HAZARD
ENSG00000101546.13	1851	176	0.7093010933144775	-0.34347516937604883	0.1327317896943113	0.009660827567394314	PASS	0.03808163424821712	LOWER_HAZARD
ENSG00000140992.19	1851	176	0.7522959312411791	-0.28462550685650856	0.11013922893222639	0.009759563986977499	PASS	0.03835932975751156	LOWER_HAZARD
ENSG00000109919.10	1851	176	0.6856838888377307	-0.3773385609023267	0.14627428544427779	0.009889638416243754	PASS	0.03875823610527899	LOWER_HAZARD
ENSG00000134758.14	1851	176	0.7356643652702866	-0.30698128971246813	0.11909326154041887	0.009947338192481149	PASS	0.038872018988485406	LOWER_HAZARD
ENSG00000133193.12	1851	176	0.6629409228250884	-0.4110693986109483	0.15977212937975716	0.010086550431595186	PASS	0.03930276547483642	LOWER_HAZARD
ENSG00000141560.15	1851	176	0.7022610184960781	-0.3534501228452208	0.13759195086192078	0.010204294857901907	PASS	0.03964763274302288	LOWER_HAZARD
ENSG00000196663.16	1851	176	0.7224171384437028	-0.3251525528477902	0.12680736823045421	0.0103430151939067	PASS	0.04007179600839282	LOWER_HAZARD
ENSG00000166526.18	1851	176	0.6659196426961528	-0.40658627233372574	0.15867658466122903	0.01039639856414464	PASS	0.040143646767571387	LOWER_HAZARD
ENSG00000075336.12	1851	176	0.6815727681210133	-0.38335225713926857	0.14965664679775964	0.010420769662378412	PASS	0.040143646767571387	LOWER_HAZARD
ENSG00000136270.14	1851	176	1.2775530500169254	0.24494656866555967	0.09574975586590088	0.010521700372323006	PASS	0.040417636557705375	HIGHER_HAZARD
ENSG00000083168.11	1851	176	0.794480644373574	-0.23006665532405854	0.09004962873900131	0.010622217571928466	PASS	0.04068849442806497	LOWER_HAZARD
ENSG00000104626.15	1851	176	0.7493372267181668	-0.2885661608518979	0.11299232471045713	0.010653721362556882	PASS	0.04069421455669615	LOWER_HAZARD
ENSG00000126261.13	1851	176	0.701520413231196	-0.354505280460013	0.1390601886766138	0.010794131413209547	PASS	0.041114725270539734	LOWER_HAZARD
ENSG00000107371.14	1851	176	0.7148289138072865	-0.33571204630889884	0.13190725976118875	0.010925859327859349	PASS	0.0414999026570792	LOWER_HAZARD
ENSG00000164815.11	1851	176	0.6853694691478113	-0.3777972151094734	0.14852388439759304	0.01096915644131716	PASS	0.0415479780291231	LOWER_HAZARD
ENSG00000163155.12	1851	176	0.7551539715934094	-0.28083361463989787	0.11049801480579796	0.011036963118698388	PASS	0.04168836208622567	LOWER_HAZARD
ENSG00000154832.15	1851	176	1.3843496237902484	0.3252304436383915	0.1280312438443942	0.011077554098008768	PASS	0.04172545376916635	HIGHER_HAZARD
ENSG00000156162.16	1851	176	0.7666920198286923	-0.26567009693801186	0.10466464116122295	0.011139294312577907	PASS	0.04184178140680233	LOWER_HAZARD
ENSG00000156735.11	1851	176	0.7861065414170381	-0.24066294686221062	0.0949320243574262	0.011241262084031464	PASS	0.04210815299985267	LOWER_HAZARD
ENSG00000080824.19	1851	176	0.7584891180283598	-0.27642682699605653	0.10911063001150798	0.011294437145924551	PASS	0.042126353346927124	LOWER_HAZARD
ENSG00000147364.17	1851	176	0.7760270562866511	-0.25356789305795807	0.10015461385761942	0.011349019497369946	PASS	0.042126353346927124	LOWER_HAZARD
ENSG00000163938.17	1851	176	0.7181039307129315	-0.3311409701126642	0.13081250164953306	0.011360275087525204	PASS	0.042126353346927124	LOWER_HAZARD
ENSG00000135597.19	1851	176	0.7120324381834962	-0.339631809361469	0.13424189830439615	0.01140629948856811	PASS	0.042126353346927124	LOWER_HAZARD
ENSG00000143207.21	1851	176	0.640824631800768	-0.44499944482697706	0.17593666855282392	0.011428505399263591	PASS	0.042126353346927124	LOWER_HAZARD
ENSG00000120662.16	1851	176	1.3501201219720806	0.3001935677304987	0.11869145277141704	0.011432520672322406	PASS	0.042126353346927124	HIGHER_HAZARD
ENSG00000180011.7	1851	176	0.7548110705465463	-0.28128779873448023	0.11131768102973791	0.011507676359206716	PASS	0.04226303225496027	LOWER_HAZARD
ENSG00000107341.5	1851	176	0.649547902882998	-0.43147869211461937	0.17080470389070715	0.011531948329155826	PASS	0.04226303225496027	LOWER_HAZARD
ENSG00000259366.1	1851	176	0.691042152853461	-0.3695544543927671	0.14681892288138496	0.011833314702011705	PASS	0.04325060575721799	LOWER_HAZARD
ENSG00000164610.9	1851	176	1.3962185518723442	0.3337675478690847	0.133339421504	0.012309603602862552	PASS	0.04471939159001413	HIGHER_HAZARD
ENSG00000141002.20	1851	176	1.4457035451483429	0.36859608553119166	0.1472713394296988	0.012320244047535157	PASS	0.04471939159001413	HIGHER_HAZARD
ENSG00000164751.15	1851	176	0.71684452169725	-0.3328963075074556	0.13302877318773232	0.012334109479841655	PASS	0.04471939159001413	LOWER_HAZARD
ENSG00000267249.1	1851	176	0.5703954235963683	-0.5614254330622583	0.22511519094658802	0.012633128292969743	PASS	0.04568139190737859	LOWER_HAZARD
ENSG00000180900.20	1851	176	1.2238674160875596	0.2020158580331766	0.08104607197990149	0.012680976964815264	PASS	0.045697404611556254	HIGHER_HAZARD
ENSG00000150477.15	1851	176	0.763397829724795	-0.26997598158205044	0.1083654075778753	0.012725927321070862	PASS	0.045697404611556254	LOWER_HAZARD
ENSG00000183726.11	1851	176	0.6439629975978957	-0.44011401167463315	0.17669362283430368	0.012744460532060162	PASS	0.045697404611556254	LOWER_HAZARD
ENSG00000132950.19	1851	176	0.7317787780708417	-0.31227702644742467	0.12540972444947643	0.012772357188628188	PASS	0.045697404611556254	LOWER_HAZARD
ENSG00000147601.15	1851	176	0.7309455513423839	-0.31341630717425395	0.12605466981886715	0.012906016234070297	PASS	0.04605410003526138	LOWER_HAZARD
ENSG00000135801.10	1851	176	0.6991256304095569	-0.35792482412857	0.14444644310383764	0.013215565963560208	PASS	0.04703492768133239	LOWER_HAZARD
ENSG00000127870.17	1851	176	0.7520411622342754	-0.28496421951664885	0.11507453014561174	0.013273530353015126	PASS	0.04711755800703799	LOWER_HAZARD
ENSG00000185122.11	1851	176	1.2576918864969806	0.22927820498630244	0.09283328901288661	0.013519452220799782	PASS	0.0478652146511867	HIGHER_HAZARD
ENSG00000142230.13	1851	176	0.7251035429303077	-0.32144081649005135	0.13035602529490184	0.013668150281216377	PASS	0.04826565568054533	LOWER_HAZARD
ENSG00000197362.15	1851	176	0.7024355385861623	-0.35320164200414217	0.1438429719566529	0.014070174892490996	PASS	0.04955625234861764	LOWER_HAZARD
ENSG00000187713.7	1851	176	0.6381139995445548	-0.44923832892747834	0.18343447213941258	0.014323760671607537	PASS	0.05031870329196844	LOWER_HAZARD
ENSG00000167118.11	1851	176	1.4275115888304588	0.3559327807850988	0.14554389699659442	0.014463717047187607	PASS	0.05067907058394418	HIGHER_HAZARD
ENSG00000099956.20	1851	176	1.408950919101092	0.34284539845680845	0.14034103236456225	0.014567964379639428	PASS	0.05084208340739852	HIGHER_HAZARD
ENSG00000055130.17	1851	176	0.6426796496406227	-0.44210889096084716	0.1810054257400593	0.014585228942092939	PASS	0.05084208340739852	LOWER_HAZARD
ENSG00000106615.10	1851	176	1.2714569567263299	0.24016345294866115	0.09885781031773354	0.01512455864392274	PASS	0.05258692697733137	HIGHER_HAZARD
ENSG00000135845.10	1851	176	0.7151730683501902	-0.33523071194175486	0.13832432404012993	0.015371229280899712	PASS	0.05330789489744248	LOWER_HAZARD
ENSG00000185803.12	1851	176	1.2351925701321254	0.21122688515704327	0.08739873777923442	0.015656822509622626	PASS	0.05415982480369459	HIGHER_HAZARD
ENSG00000171824.14	1851	176	0.673152235787486	-0.3957837701816084	0.16385917542862852	0.015718380910052274	PASS	0.05423441352170708	LOWER_HAZARD
ENSG00000158669.11	1851	176	0.7914538680492498	-0.23388368556780995	0.09713694626367615	0.01605017120534108	PASS	0.05523204512281382	LOWER_HAZARD
ENSG00000176105.14	1851	176	0.7970270508892251	-0.2268666598780325	0.09425714771224418	0.016088980695804913	PASS	0.05523204512281382	LOWER_HAZARD
ENSG00000125870.11	1851	176	0.7218473742719451	-0.3259415554111004	0.13568810136310797	0.01629955456451368	PASS	0.0557803003873028	LOWER_HAZARD
ENSG00000165282.14	1851	176	0.7575030593206313	-0.2777277028996643	0.1156654638379739	0.016344572151403964	PASS	0.0557803003873028	LOWER_HAZARD
ENSG00000063322.15	1851	176	0.6950683327836832	-0.3637451176984315	0.15152805522552326	0.016372094066479728	PASS	0.0557803003873028	LOWER_HAZARD
ENSG00000250571.7	1851	176	1.217192338674739	0.196546844800314	0.08200745421794517	0.016543693940105915	PASS	0.05622368166111183	HIGHER_HAZARD
ENSG00000134014.17	1851	176	0.7257192879017452	-0.3205919947106826	0.13412314667841974	0.01683549127457114	PASS	0.05707231542079617	LOWER_HAZARD
ENSG00000101574.15	1851	176	0.7338652307473029	-0.3094298765619789	0.12964715926272058	0.01700000042985515	PASS	0.057394195731972235	LOWER_HAZARD
ENSG00000136271.10	1851	176	1.4935116248101785	0.40113014224613147	0.16809137807597968	0.01701509342496522	PASS	0.057394195731972235	HIGHER_HAZARD
ENSG00000104343.21	1851	176	0.767500658375975	-0.26461594170229286	0.11096935273520288	0.0170983607912583	PASS	0.05753195343162842	LOWER_HAZARD
ENSG00000165527.7	1851	176	0.7062819469022571	-0.3477407629926693	0.1459586574497331	0.017197368206640137	PASS	0.05761881016353141	LOWER_HAZARD
ENSG00000196227.11	1851	176	0.7702816806553995	-0.26099901199688974	0.1095617906482784	0.017209157902824648	PASS	0.05761881016353141	LOWER_HAZARD
ENSG00000140104.14	1851	176	0.7910464032713923	-0.23439864887523745	0.09848351342820956	0.01730887592336734	PASS	0.05780994027607417	LOWER_HAZARD
ENSG00000064313.12	1851	176	0.799811681575901	-0.22337897705479853	0.09392844504652449	0.01739821630578452	PASS	0.05784359306928696	LOWER_HAZARD
ENSG00000163900.11	1851	176	1.4527920812505182	0.3734872781689506	0.15705583003750034	0.017404266941201386	PASS	0.05784359306928696	HIGHER_HAZARD
ENSG00000174238.15	1851	176	0.7002704328854756	-0.3562886858524558	0.15001554921690252	0.01754839353094954	PASS	0.05818000398036082	LOWER_HAZARD
ENSG00000117748.10	1851	176	0.6867876448898953	-0.37573013950633616	0.15831025445339345	0.017626195510975474	PASS	0.0582635291150969	LOWER_HAZARD
ENSG00000101150.18	1851	176	1.3780296248124926	0.3206546707729284	0.13514446591256948	0.017659520992850168	PASS	0.0582635291150969	HIGHER_HAZARD
ENSG00000141452.10	1851	176	0.6909249601830403	-0.36972405708388206	0.15592266029487892	0.017730358535964923	PASS	0.05835525770574863	LOWER_HAZARD
ENSG00000253729.8	1851	176	0.8212846228484264	-0.19688555135242558	0.08326869341849019	0.01805634402730175	PASS	0.05928426755695199	LOWER_HAZARD
ENSG00000087460.27	1851	176	0.7767328131166122	-0.252658857614078	0.10761315229101617	0.018882444994617345	PASS	0.06184684882294957	LOWER_HAZARD
ENSG00000244038.11	1851	176	1.3783091779568923	0.3208575145924744	0.13684248649122763	0.019041298720703797	PASS	0.062216870036805656	HIGHER_HAZARD
ENSG00000072849.11	1851	176	0.7149198621757009	-0.33558482344280544	0.1434344460153251	0.01930238747622126	PASS	0.06291835917729816	LOWER_HAZARD
ENSG00000158545.16	1851	176	1.3624140586034106	0.309258169311494	0.13238141227464778	0.019485261971311445	PASS	0.06311271934385218	HIGHER_HAZARD
ENSG00000120029.13	1851	176	0.6770484541482256	-0.39001243677247416	0.16696359898070423	0.01949577772751902	PASS	0.06311271934385218	LOWER_HAZARD
ENSG00000155100.11	1851	176	0.7864398307028273	-0.2402390620131675	0.10285617032346162	0.01950794483510024	PASS	0.06311271934385218	LOWER_HAZARD
ENSG00000101365.21	1851	176	1.3310339528494017	0.28595604836590677	0.12246990234796307	0.01954818740738784	PASS	0.06311271934385218	HIGHER_HAZARD
ENSG00000089048.14	1851	176	0.7867127935854467	-0.2398920354359055	0.10278694613035215	0.019602190937676213	PASS	0.06313674800828728	LOWER_HAZARD
ENSG00000108588.14	1851	176	0.7777223652834319	-0.25138567545451324	0.10783387635289148	0.019741182320013602	PASS	0.06321902609751165	LOWER_HAZARD
ENSG00000147421.18	1851	176	0.774354759840429	-0.2557251643538079	0.10970494034273166	0.019751942563798322	PASS	0.06321902609751165	LOWER_HAZARD
ENSG00000198931.11	1851	176	1.2562551557126989	0.2281351968667368	0.0979039172526127	0.019795858783088257	PASS	0.06321902609751165	HIGHER_HAZARD
ENSG00000137200.13	1851	176	0.6928058696652297	-0.3670054493892742	0.15752339139705376	0.019814222781299743	PASS	0.06321902609751165	LOWER_HAZARD
ENSG00000104442.10	1851	176	0.7607969857807518	-0.2733887296663341	0.11758500631662308	0.02007032771931345	PASS	0.06388583189527944	LOWER_HAZARD
ENSG00000146223.16	1851	176	0.7194987859247463	-0.32920044004356536	0.14164964318278858	0.020122970716063462	PASS	0.06390339178215937	LOWER_HAZARD
ENSG00000109917.11	1851	176	1.3838908706834172	0.3248990034243302	0.13997574755282258	0.0202809478995313	PASS	0.06425459194337486	HIGHER_HAZARD
ENSG00000124641.16	1851	176	0.7101935859713129	-0.34221768981312545	0.14757305031663123	0.020396584654600425	PASS	0.06447032352363212	LOWER_HAZARD
ENSG00000185298.13	1851	176	1.3168857581674094	0.275269675010367	0.11876868032845275	0.02046585787655769	PASS	0.06453884483863309	HIGHER_HAZARD
ENSG00000204070.10	1851	176	0.7060904190859966	-0.3480119773296909	0.15032891503170903	0.020612735837922974	PASS	0.06485120602372053	LOWER_HAZARD
ENSG00000101220.18	1851	176	1.2147072688389573	0.19450311676723356	0.08413320612261856	0.020786105431574293	PASS	0.06516981906315825	HIGHER_HAZARD
ENSG00000285669.1	1851	176	0.6310174815198851	-0.460421712355771	0.1991950274259266	0.020810126588751858	PASS	0.06516981906315825	LOWER_HAZARD
ENSG00000132361.18	1851	176	1.247283592028981	0.22096806027183744	0.09582772656291198	0.021116858940970522	PASS	0.06597802010128116	HIGHER_HAZARD
ENSG00000100664.11	1851	176	0.7355480765782475	-0.30713937523291834	0.13343715386196586	0.021349102898673176	PASS	0.06655030696689845	LOWER_HAZARD
ENSG00000092330.18	1851	176	0.7127155412906039	-0.33867289849541776	0.14723602460677795	0.021436663111201185	PASS	0.06666998894217617	LOWER_HAZARD
ENSG00000104365.16	1851	176	0.813664296101646	-0.20620741069662366	0.08970083224096467	0.02151431179052768	PASS	0.06672639435002078	LOWER_HAZARD
ENSG00000088930.8	1851	176	0.7580693416930142	-0.2769804177177004	0.1205231766372315	0.021553215874121758	PASS	0.06672639435002078	LOWER_HAZARD
ENSG00000132670.20	1851	176	0.7294661581093215	-0.3154423026240595	0.13736903614989288	0.021657991696900507	PASS	0.06689803357858107	LOWER_HAZARD
ENSG00000130348.11	1851	176	0.7587111741070435	-0.2761341087815661	0.12033298303564706	0.021747457492727554	PASS	0.06702170990940583	LOWER_HAZARD
ENSG00000103343.13	1851	176	0.7071338519095348	-0.34653530722918613	0.15140800160052378	0.022093788570452823	PASS	0.06793464240710664	LOWER_HAZARD
ENSG00000155975.10	1851	176	0.7727600389522224	-0.25778670685116145	0.1128108481097057	0.02230559408621223	PASS	0.0684307366083796	LOWER_HAZARD
ENSG00000185721.13	1851	176	0.7000452435774549	-0.35661031234532026	0.15627853951906176	0.022495882316329298	PASS	0.06885872781251134	LOWER_HAZARD
ENSG00000222011.9	1851	176	0.6533409820080042	-0.42565610833910367	0.18675955580833545	0.02265717437942637	PASS	0.06898365666009679	LOWER_HAZARD
ENSG00000185728.17	1851	176	0.7587230892763548	-0.27611840441848545	0.12117909314524615	0.02269099006503137	PASS	0.06898365666009679	LOWER_HAZARD
ENSG00000167447.12	1851	176	0.8002000093290507	-0.22289357090060366	0.09785482395820608	0.02273858594845777	PASS	0.06898365666009679	LOWER_HAZARD
ENSG00000129484.14	1851	176	0.7264323184461794	-0.31960996143175974	0.14038661100551203	0.022807652421819865	PASS	0.06898365666009679	LOWER_HAZARD
ENSG00000105865.11	1851	176	0.7052966899849431	-0.3491367278387875	0.15336480939650726	0.022815422627803745	PASS	0.06898365666009679	LOWER_HAZARD
ENSG00000261236.8	1851	176	1.1829869819960082	0.16804258070578582	0.07383022751897987	0.022841970451573088	PASS	0.06898365666009679	HIGHER_HAZARD
ENSG00000140006.11	1851	176	0.7245083303599017	-0.3222620192062027	0.14164001120426506	0.022892806413748933	PASS	0.06898365666009679	LOWER_HAZARD
ENSG00000106635.8	1851	176	1.4882593386689242	0.39760720796459914	0.1749472240972126	0.023042661285991826	PASS	0.06928126098404638	HIGHER_HAZARD
ENSG00000196262.15	1851	176	1.3093606296054596	0.2695389490651495	0.11866148546070292	0.023117040445401197	PASS	0.0693511213362036	HIGHER_HAZARD
ENSG00000132824.14	1851	176	0.7548364602287553	-0.2812541621647594	0.12427153285034127	0.023621960585570152	PASS	0.07070944493164046	LOWER_HAZARD
ENSG00000169612.4	1851	176	0.6708177828605245	-0.3992577394552397	0.17681967804411103	0.02394604501901951	PASS	0.07152166750174109	LOWER_HAZARD
ENSG00000102786.15	1851	176	0.7547360792657006	-0.281387154731299	0.12475234923288853	0.024097825859849854	PASS	0.07175738768609641	LOWER_HAZARD
ENSG00000160949.17	1851	176	1.1786558051762466	0.1643746409994268	0.072909949114507	0.024165454032116954	PASS	0.07175738768609641	HIGHER_HAZARD
ENSG00000198252.12	1851	176	0.7615726220029906	-0.2723697441514013	0.12086070989866075	0.024222360157204713	PASS	0.07175738768609641	LOWER_HAZARD
ENSG00000101654.18	1851	176	0.7629615211432796	-0.2705476799742419	0.12011486093815112	0.024296497339847335	PASS	0.07175738768609641	LOWER_HAZARD
ENSG00000147457.14	1851	176	0.7638479122142595	-0.26938657741462035	0.11966831166216602	0.02437854774712828	PASS	0.07175738768609641	LOWER_HAZARD
ENSG00000119718.11	1851	176	1.3763595292961963	0.31944199120767947	0.14193425022359776	0.024408754078342452	PASS	0.07175738768609641	HIGHER_HAZARD
ENSG00000141030.13	1851	176	0.7058733888120192	-0.34831939353182384	0.1547905228819665	0.024432252265772444	PASS	0.07175738768609641	LOWER_HAZARD
ENSG00000228451.4	1851	176	0.7744293231971786	-0.2556288780378212	0.11361233210984378	0.024448313503670015	PASS	0.07175738768609641	LOWER_HAZARD
ENSG00000106263.18	1851	176	1.3153845897150973	0.27412908653223894	0.12192807625562199	0.024558011284915547	PASS	0.07192367883875914	HIGHER_HAZARD
ENSG00000143740.14	1851	176	0.7307914131377296	-0.31362720449568887	0.1397131692317836	0.024781396691662246	PASS	0.07237827093275948	LOWER_HAZARD
ENSG00000122705.17	1851	176	1.3003821425376376	0.26265817706913325	0.11706120980533039	0.02484734306660894	PASS	0.07237827093275948	HIGHER_HAZARD
ENSG00000104691.16	1851	176	0.7931708817533236	-0.23171659285232132	0.10328979354674007	0.02487335859488637	PASS	0.07237827093275948	LOWER_HAZARD
ENSG00000124571.18	1851	176	0.7617370646293359	-0.2721538423837869	0.12149975682163966	0.02509392214612016	PASS	0.07277909906711198	LOWER_HAZARD
ENSG00000078043.16	1851	176	0.7856793258411705	-0.24120655219075737	0.10773572050757817	0.025164207058076003	PASS	0.07277909906711198	LOWER_HAZARD
ENSG00000132953.16	1851	176	0.7807138497504232	-0.24754658584362552	0.11057352321092119	0.025172122022474572	PASS	0.07277909906711198	LOWER_HAZARD
ENSG00000068097.15	1851	176	0.783058516633946	-0.24454785189622905	0.10929786074134983	0.02525733003047278	PASS	0.0728700840879172	LOWER_HAZARD
ENSG00000167193.8	1851	176	0.6949486011023758	-0.3639173914005493	0.1629484295202074	0.02552728144021406	PASS	0.07349255548392837	LOWER_HAZARD
ENSG00000156795.8	1851	176	0.7555155163305817	-0.28035495965021917	0.12560146407867198	0.02560839038494006	PASS	0.0735698672923278	LOWER_HAZARD
ENSG00000162769.13	1851	176	0.7902257994268441	-0.2354365523011166	0.10556087284657989	0.025724932884623464	PASS	0.07374843338593957	LOWER_HAZARD
ENSG00000253738.2	1851	176	0.7649108137696252	-0.2679960352596427	0.12025565021446137	0.025843691552025073	PASS	0.07393258595895781	LOWER_HAZARD
ENSG00000007168.14	1851	176	0.7326899214650714	-0.311032693247154	0.13993944916913614	0.026241205492716857	PASS	0.0749117361013138	LOWER_HAZARD
ENSG00000114302.16	1851	176	0.7547229973046413	-0.2814044880413075	0.12703107496178895	0.026743504135738436	PASS	0.07618527648752378	LOWER_HAZARD
ENSG00000137207.12	1851	176	1.3783981439079975	0.32092205967524795	0.14543395458603206	0.027338413331915497	PASS	0.07771674733349564	HIGHER_HAZARD
ENSG00000072042.13	1851	176	0.7565873252490469	-0.27893731917168235	0.1264687956097933	0.02741326945102132	PASS	0.07776651333804376	LOWER_HAZARD
ENSG00000177150.13	1851	176	0.7339162689120095	-0.30936033192643336	0.1405544119535487	0.027735987970234195	PASS	0.07845900428782121	LOWER_HAZARD
ENSG00000198646.14	1851	176	0.7705981866108282	-0.26058820001004546	0.11846239165431194	0.027824305239725795	PASS	0.07845900428782121	LOWER_HAZARD
ENSG00000198169.9	1851	176	0.7959187670278093	-0.22825814981796125	0.10378596667347495	0.027855452077332987	PASS	0.07845900428782121	LOWER_HAZARD
ENSG00000102743.15	1851	176	0.8059373759387521	-0.21574923684056527	0.09814340597818452	0.027927308129150518	PASS	0.07845900428782121	LOWER_HAZARD
ENSG00000108953.17	1851	176	0.7163548914424743	-0.3335795763803502	0.1517626985221913	0.02794668073083897	PASS	0.07845900428782121	LOWER_HAZARD
ENSG00000171928.14	1851	176	0.7938778998563089	-0.23082560807863267	0.10526226032238543	0.02831732507968098	PASS	0.07933531571910622	LOWER_HAZARD
ENSG00000100225.18	1851	176	0.662087506990704	-0.4123575459943383	0.18820078730376172	0.028448093284927894	PASS	0.0795373494729118	LOWER_HAZARD
ENSG00000188522.15	1851	176	1.2080472454256366	0.18900520919951533	0.08652357652850491	0.028930230579894828	PASS	0.08071891495131149	HIGHER_HAZARD
ENSG00000101558.14	1851	176	0.7574976560850879	-0.2777348358805118	0.12720659844206728	0.029011023176485826	PASS	0.0807781261341166	LOWER_HAZARD
ENSG00000167088.11	1851	176	0.7521933484900507	-0.28476187572622313	0.130637033452785	0.029272704229866785	PASS	0.08133972732725278	LOWER_HAZARD
ENSG00000106105.15	1851	176	1.3029545726610348	0.2646344338826428	0.12183878027558645	0.029855289539091768	PASS	0.08278890105318698	HIGHER_HAZARD
ENSG00000164941.14	1851	176	0.7845877052277124	-0.24259691544453715	0.11176648206288636	0.029963730828308093	PASS	0.08292003878201179	LOWER_HAZARD
ENSG00000101413.12	1851	176	0.7528399114987868	-0.2839026747162512	0.13091960776242623	0.03011862976182943	PASS	0.08317894492268983	LOWER_HAZARD
ENSG00000133627.18	1851	176	0.799844777002187	-0.22333759888748858	0.10315525233492209	0.030382876721742284	PASS	0.0836207637469103	LOWER_HAZARD
ENSG00000127804.13	1851	176	0.7304364968691117	-0.3141129826185494	0.1451296333004774	0.030436620503882576	PASS	0.0836207637469103	LOWER_HAZARD
ENSG00000178950.17	1851	176	1.304199530164159	0.2655894657285937	0.12273026146533877	0.030463611571514514	PASS	0.0836207637469103	HIGHER_HAZARD
ENSG00000251602.7	1851	176	0.7980249003780312	-0.2256154785379046	0.10441848912136889	0.03071966901146853	PASS	0.08415327511020469	LOWER_HAZARD
ENSG00000179632.10	1851	176	1.2617881841355825	0.2325299086181151	0.10797650486528845	0.031277582542483	PASS	0.08541152185375962	HIGHER_HAZARD
ENSG00000168615.13	1851	176	1.154666693076588	0.14381172490441263	0.06679055476926109	0.03130496044345024	PASS	0.08541152185375962	HIGHER_HAZARD
ENSG00000070495.15	1851	176	1.33435199268388	0.2884457752694427	0.13415048546289987	0.03154210858910327	PASS	0.08588574145948602	HIGHER_HAZARD
ENSG00000100938.18	1851	176	0.7277013945769221	-0.3178644872135601	0.14813291694944591	0.031888467710387135	PASS	0.08663136867313966	LOWER_HAZARD
ENSG00000022976.15	1851	176	0.769082261783789	-0.2625573427869846	0.1223978410314747	0.03194372001221964	PASS	0.08663136867313966	LOWER_HAZARD
ENSG00000124214.20	1851	176	0.7163107187266725	-0.33364124145488294	0.15575143299686367	0.03218228676002433	PASS	0.08695073637514654	LOWER_HAZARD
ENSG00000087302.9	1851	176	0.7123802137226927	-0.339143502064224	0.15832685029508575	0.03218972688814422	PASS	0.08695073637514654	LOWER_HAZARD
ENSG00000140259.7	1851	176	0.7561108621676019	-0.27956727047481084	0.13059195770933246	0.032292636590327994	PASS	0.08705529864112278	LOWER_HAZARD
ENSG00000022277.13	1851	176	0.6830623496711284	-0.3811691356259667	0.17827467565045885	0.03250860445008241	PASS	0.08713382560556035	LOWER_HAZARD
ENSG00000125991.20	1851	176	1.2879261242757207	0.25303326910840207	0.11836422998806322	0.03253694543805709	PASS	0.08713382560556035	HIGHER_HAZARD
ENSG00000182134.16	1851	176	0.8222387030920534	-0.19572453302583362	0.0915756075238649	0.03257361034833238	PASS	0.08713382560556035	LOWER_HAZARD
ENSG00000168781.22	1851	176	0.7899241888327982	-0.23581830162864847	0.11033797698798221	0.032578797626857746	PASS	0.08713382560556035	LOWER_HAZARD
ENSG00000165355.7	1851	176	1.3197247963492547	0.27742322724751456	0.1298926131395706	0.03269660802392894	PASS	0.0871931701809442	HIGHER_HAZARD
ENSG00000004975.12	1851	176	1.3506493568282094	0.3005854818624208	0.14076408111336722	0.0327295896918146	PASS	0.0871931701809442	HIGHER_HAZARD
ENSG00000113384.14	1851	176	0.738292756635456	-0.30341484383409173	0.14220948374129636	0.03287744534399041	PASS	0.08741532526755098	LOWER_HAZARD
ENSG00000181924.7	1851	176	1.2717863828778946	0.24042251282569074	0.11286236529335261	0.03315283678182744	PASS	0.08797504241909591	HIGHER_HAZARD
ENSG00000179364.14	1851	176	1.3312651414679735	0.28612972428357236	0.1344276857140832	0.03329540644096918	PASS	0.08807176894157041	HIGHER_HAZARD
ENSG00000170265.12	1851	176	1.3409478606772043	0.29337672261689085	0.13785101514786272	0.033319186922585266	PASS	0.08807176894157041	HIGHER_HAZARD
ENSG00000011009.11	1851	176	1.315544130961699	0.2742503678467372	0.12899660379193398	0.03350094349928163	PASS	0.08837992098254063	HIGHER_HAZARD
ENSG00000125447.18	1851	176	1.335936572020614	0.28963259795495694	0.1366268919940505	0.03401617746604369	PASS	0.0895649255222432	HIGHER_HAZARD
ENSG00000111845.5	1851	176	0.7690972796968512	-0.26253781592076686	0.12390912140819306	0.034107939453931514	PASS	0.08963249205335491	LOWER_HAZARD
ENSG00000149657.20	1851	176	0.7542551426366908	-0.28202458275382625	0.13319610421997527	0.03422900096350555	PASS	0.08977664469344976	LOWER_HAZARD
ENSG00000197912.16	1851	176	1.3078865458059832	0.26841251059254917	0.12704840321247776	0.0346282403356499	PASS	0.09064844381301403	HIGHER_HAZARD
ENSG00000104413.18	1851	176	0.8159299788526144	-0.20342673792957766	0.09634128034896022	0.03472746456031708	PASS	0.0907330287934296	LOWER_HAZARD
ENSG00000104660.19	1851	176	0.7511279481440092	-0.28617927136452564	0.1356844095214288	0.03493131881589616	PASS	0.09109013137375997	LOWER_HAZARD
ENSG00000105983.22	1851	176	0.7590355327071815	-0.2757066875213257	0.13077073653284357	0.035003234321937915	PASS	0.09110246783214551	LOWER_HAZARD
ENSG00000134900.12	1851	176	0.7803714452462441	-0.24798526079722027	0.11782265313837992	0.03531453064932963	PASS	0.09173659685917812	LOWER_HAZARD
ENSG00000239789.6	1851	176	0.732570868536094	-0.31119519391604755	0.14883349229153142	0.03653748401432899	PASS	0.09455477313523951	LOWER_HAZARD
ENSG00000085644.14	1851	176	0.7952719600757514	-0.22907113468101475	0.10955730933429816	0.03653886513485657	PASS	0.09455477313523951	LOWER_HAZARD
ENSG00000171045.16	1851	176	1.2162912847163827	0.19580629821033588	0.09388014946748205	0.03700535222484174	PASS	0.09557953831787695	HIGHER_HAZARD
ENSG00000069345.12	1851	176	0.7254236295076362	-0.3209994782116569	0.15412738111484567	0.03727953521284567	PASS	0.09610465731676564	LOWER_HAZARD
ENSG00000185619.18	1851	176	0.7571691287957492	-0.278168630689733	0.13365474802561808	0.03741124380805806	PASS	0.09626118900137899	LOWER_HAZARD
ENSG00000121289.18	1851	176	0.7456174672122716	-0.29354258883007955	0.1412005588297077	0.03762605632651049	PASS	0.09663055374762922	LOWER_HAZARD
ENSG00000136986.10	1851	176	0.75374060710525	-0.2827069925702948	0.1373678127532309	0.03958731454968141	PASS	0.10130376324962381	LOWER_HAZARD
ENSG00000124784.9	1851	176	0.7680612375933777	-0.26388581256353605	0.12822764086397886	0.03959512870376152	PASS	0.10130376324962381	LOWER_HAZARD
ENSG00000154914.17	1851	176	1.2258361621172682	0.2036231924642345	0.09901178864951846	0.03972904725171824	PASS	0.1014549681230319	HIGHER_HAZARD
ENSG00000000419.13	1851	176	0.7673344816805	-0.26483248182674984	0.12917783065007413	0.040350888745138404	PASS	0.1028492577789618	LOWER_HAZARD
ENSG00000071994.11	1851	176	0.7474587737353516	-0.29107612743174327	0.14212822736838354	0.04056171069649663	PASS	0.10319264484887322	LOWER_HAZARD
ENSG00000139684.15	1851	176	0.766526288642762	-0.2658862842684919	0.12995445350513818	0.04075677011693217	PASS	0.10349471962277158	LOWER_HAZARD
ENSG00000131966.14	1851	176	0.7426417465853176	-0.2975415220332159	0.14559069797621949	0.040984678421594596	PASS	0.10387892325174257	LOWER_HAZARD
ENSG00000129292.21	1851	176	0.8017290167015105	-0.2209846126235037	0.10818772405871611	0.041091714615488224	PASS	0.10395590488545155	LOWER_HAZARD
ENSG00000101624.11	1851	176	0.7486868770149221	-0.2894344375938842	0.14213560585986976	0.041717625154464616	PASS	0.10534282999898327	LOWER_HAZARD
ENSG00000160803.8	1851	176	0.7865518279149388	-0.2400966617509828	0.11800764966108541	0.041892590018012134	PASS	0.10558801498963653	LOWER_HAZARD
ENSG00000214941.8	1851	176	0.7662739718780742	-0.2662155075514798	0.1311123460698209	0.042312023531470476	PASS	0.10631910400157724	LOWER_HAZARD
ENSG00000127452.9	1851	176	1.340745347075048	0.29322568848520436	0.1444341993686329	0.04233946619531837	PASS	0.10631910400157724	HIGHER_HAZARD
ENSG00000132792.19	1851	176	0.7561497885114465	-0.2795157894766962	0.13773580665484633	0.04242144928448155	PASS	0.10632806881655635	LOWER_HAZARD
ENSG00000101346.14	1851	176	0.7920133317677475	-0.23317705426930002	0.11524570240883131	0.04304184729439526	PASS	0.10768403123837633	LOWER_HAZARD
ENSG00000067596.12	1851	176	0.7605982907625083	-0.2736499307130794	0.13532490463102903	0.043158816573890244	PASS	0.10777781818452149	LOWER_HAZARD
ENSG00000174292.12	1851	176	0.8092302127992332	-0.21167183775771953	0.10508383323402959	0.043976575726384054	PASS	0.10961808214150143	LOWER_HAZARD
ENSG00000167523.14	1851	176	0.766453961874685	-0.2659806452599087	0.132305941722349	0.04439464180572214	PASS	0.11045712713497105	LOWER_HAZARD
ENSG00000170348.9	1851	176	0.7433048818256011	-0.29664897949955094	0.1476959414351387	0.04458897773734369	PASS	0.11073746119384256	LOWER_HAZARD
ENSG00000223508.5	1851	176	0.6488794590822998	-0.4325083128378594	0.21544062864814703	0.04469089596013284	PASS	0.11078766896149933	LOWER_HAZARD
ENSG00000139990.18	1851	176	0.7869743990097596	-0.23955956094166841	0.11940403585730572	0.04482492532486253	PASS	0.11091715098633867	LOWER_HAZARD
ENSG00000004487.17	1851	176	0.7339696963444761	-0.3092875368541257	0.15444071551757146	0.0452170682860456	PASS	0.111441438008212	LOWER_HAZARD
ENSG00000096384.20	1851	176	0.769438757328859	-0.26209391648728303	0.13091079036716746	0.04527609423077514	PASS	0.111441438008212	LOWER_HAZARD
ENSG00000159111.13	1851	176	1.3186056737034684	0.2765748705116094	0.13821734636765684	0.045390861393188195	PASS	0.111441438008212	HIGHER_HAZARD
ENSG00000102471.14	1851	176	1.1790609910073326	0.16471835135151905	0.08232295488438848	0.04540532680709136	PASS	0.111441438008212	HIGHER_HAZARD
ENSG00000152767.17	1851	176	0.8541098612278758	-0.1576954503434079	0.07882853874868642	0.045447725087419795	PASS	0.111441438008212	LOWER_HAZARD
ENSG00000141385.10	1851	176	0.8051408270265865	-0.21673807645816454	0.108437711345418	0.04563720618435059	PASS	0.11170406423461986	LOWER_HAZARD
ENSG00000152234.16	1851	176	0.7537356462265863	-0.2827135742708725	0.14158594819366266	0.04585094114832067	PASS	0.11189528426028014	LOWER_HAZARD
ENSG00000141759.15	1851	176	0.7649989120251793	-0.2678808673459206	0.1341757604418837	0.04588036729256324	PASS	0.11189528426028014	LOWER_HAZARD
ENSG00000104549.12	1851	176	0.8641154201661296	-0.1460489309449418	0.07328525390948865	0.04627426881875579	PASS	0.11265333665750962	LOWER_HAZARD
ENSG00000178460.18	1851	176	0.8088378084752785	-0.21215686598457797	0.10678989667877836	0.04695837413160585	PASS	0.11411389842734325	LOWER_HAZARD
ENSG00000187954.13	1851	176	1.2293109882214126	0.20645384025156113	0.10408633338464672	0.047313110172150945	PASS	0.11477026367341088	HIGHER_HAZARD
ENSG00000167721.11	1851	176	0.7877834117791277	-0.2385320850529968	0.12074843165879447	0.048217483035861805	PASS	0.11675519106540823	LOWER_HAZARD
ENSG00000175376.9	1851	176	0.6848295258763931	-0.37858533902625807	0.19210053608449668	0.048750567587222474	PASS	0.11779260197500363	LOWER_HAZARD
ENSG00000117153.16	1851	176	0.769695168808356	-0.26176072718190185	0.1328624460137246	0.04881964772120357	PASS	0.11779260197500363	LOWER_HAZARD
ENSG00000143393.16	1851	176	0.7500949203436876	-0.2875555200016299	0.14621956223378763	0.04922924175897267	PASS	0.11856989666992351	LOWER_HAZARD
ENSG00000168575.10	1851	176	0.8090415765829255	-0.21190497068186717	0.10794724185077763	0.049641292767023434	PASS	0.11927410740993222	LOWER_HAZARD
ENSG00000203499.12	1851	176	0.8566866835090379	-0.15468302407010365	0.07881704241286067	0.04969754475413843	PASS	0.11927410740993222	LOWER_HAZARD
ENSG00000273749.5	1851	176	0.7560418133691881	-0.2796585956426711	0.14271118166428234	0.050041115489633144	PASS	0.11988648869954513	LOWER_HAZARD
ENSG00000253930.1	1851	176	1.3606149289451368	0.30793675119343805	0.15734827016444505	0.050342845993838065	PASS	0.12019709176447914	HIGHER_HAZARD
ENSG00000103150.7	1851	176	1.289151870087551	0.25398453710024704	0.1297829192168831	0.05034804433792342	PASS	0.12019709176447914	HIGHER_HAZARD
ENSG00000089737.17	1851	176	0.7238305871799294	-0.32319790958549677	0.1654596051338553	0.05078000455638308	PASS	0.12101526569148587	LOWER_HAZARD
ENSG00000078668.14	1851	176	0.7992643956002392	-0.2240634798184159	0.11486994139030916	0.05110654162150705	PASS	0.1215797726995852	LOWER_HAZARD
ENSG00000103035.11	1851	176	1.211275371909437	0.1916738308843121	0.09847322771127986	0.051599956738583856	PASS	0.12238372670579388	HIGHER_HAZARD
ENSG00000126003.7	1851	176	1.163278763762642	0.151242538505592	0.07770981016869871	0.05162499386114609	PASS	0.12238372670579388	HIGHER_HAZARD
ENSG00000100883.13	1851	176	0.7823547719823453	-0.24544696870343632	0.12632938733721846	0.05202670942919855	PASS	0.1231207992774751	LOWER_HAZARD
ENSG00000103018.17	1851	176	1.1941627400396484	0.17744530387331614	0.09143404541635589	0.052295669345388804	PASS	0.12351530670946288	HIGHER_HAZARD
ENSG00000147677.11	1851	176	0.7902637223824494	-0.23538856342793618	0.12133220158129457	0.052375590971933006	PASS	0.12351530670946288	LOWER_HAZARD
ENSG00000164934.14	1851	176	0.8061859574751211	-0.2154408466160871	0.11170492603406194	0.0537730584260634	PASS	0.1265907417113576	LOWER_HAZARD
ENSG00000104218.16	1851	176	0.8143312443952478	-0.2053880616083451	0.10665795151395692	0.05414554041422077	PASS	0.12724671196132298	LOWER_HAZARD
ENSG00000145996.11	1851	176	0.7640558647190796	-0.2691143711288011	0.14024378345778732	0.05499647162000374	PASS	0.12902286421578732	LOWER_HAZARD
ENSG00000163932.15	1851	176	0.8014863437558	-0.221287345436012	0.11563599223464098	0.055664306956521394	PASS	0.13036407639558378	LOWER_HAZARD
ENSG00000204308.8	1851	176	1.2099667450093294	0.19059287576760836	0.09989824749829875	0.05640801241237923	PASS	0.13187804281239007	HIGHER_HAZARD
ENSG00000182004.13	1851	176	0.7893364759716708	-0.2365625902712473	0.12415274236431419	0.05672604994333716	PASS	0.13239332826706574	LOWER_HAZARD
ENSG00000130177.16	1851	176	0.761598537910093	-0.2723357152677315	0.14323693167037502	0.05726333493962906	PASS	0.133202284912019	LOWER_HAZARD
ENSG00000161036.13	1851	176	1.2619189856586084	0.23263356685922046	0.1223581464361246	0.057269123970285454	PASS	0.133202284912019	HIGHER_HAZARD
ENSG00000132952.12	1851	176	0.7756081462325953	-0.2541078525323934	0.1338071532814593	0.05755654824815048	PASS	0.13343739077965183	LOWER_HAZARD
ENSG00000001631.16	1851	176	0.7176368883332777	-0.33179156441204205	0.17472087393247937	0.05756701593369935	PASS	0.13343739077965183	LOWER_HAZARD
ENSG00000075785.14	1851	176	0.7204827250335352	-0.3278338401887277	0.17285622378517246	0.05788478052097495	PASS	0.13394498700758026	LOWER_HAZARD
ENSG00000142039.4	1851	176	0.746279607541779	-0.2926549399644997	0.15439567995061115	0.058027967471907804	PASS	0.13404757051432195	LOWER_HAZARD
ENSG00000114503.11	1851	176	0.7664286039956685	-0.266013730480634	0.14069443955805813	0.058661788431555506	PASS	0.13510077844450796	LOWER_HAZARD
ENSG00000123200.17	1851	176	0.8229195399161824	-0.19489684746319483	0.10308950096027532	0.05868315523880176	PASS	0.13510077844450796	LOWER_HAZARD
ENSG00000196812.5	1851	176	0.7692554834209576	-0.2623321365363537	0.13884805777131334	0.05884537161819012	PASS	0.13524461680384034	LOWER_HAZARD
ENSG00000103111.15	1851	176	1.28479122239808	0.2505962323050801	0.13295139800685649	0.05944725851137353	PASS	0.13639675556924283	HIGHER_HAZARD
ENSG00000225921.7	1851	176	0.7245532822109597	-0.3221999765012101	0.171036421870474	0.05959079544006132	PASS	0.13649513279851885	LOWER_HAZARD
ENSG00000054116.12	1851	176	0.7116944416500904	-0.3401066146693453	0.18078600944549808	0.059935712170859315	PASS	0.13705366897754678	LOWER_HAZARD
ENSG00000147471.12	1851	176	0.8235452972661058	-0.19413672508958407	0.10349437020048187	0.0606801127736106	PASS	0.13852227764480804	LOWER_HAZARD
ENSG00000170291.15	1851	176	1.28518091242166	0.2508994963142783	0.13394859537767262	0.061054183316147724	PASS	0.13914197071713666	HIGHER_HAZARD
ENSG00000214078.13	1851	176	1.164485745468843	0.15227956936467027	0.08135344921807035	0.06123056442126861	PASS	0.13930980764302053	HIGHER_HAZARD
ENSG00000278845.5	1851	176	0.8014391086117157	-0.22134628160678427	0.1183894160816366	0.06153301241601574	PASS	0.1395517909922968	LOWER_HAZARD
ENSG00000147669.11	1851	176	0.8134170068064226	-0.20651137743348616	0.11045895001759529	0.06154275148480346	PASS	0.1395517909922968	LOWER_HAZARD
ENSG00000005100.13	1851	176	0.7808031796315092	-0.24743217161758432	0.13245854588475253	0.06176248353315543	PASS	0.1398162398513502	LOWER_HAZARD
ENSG00000050393.11	1851	176	0.7744308173799763	-0.25562694864115254	0.13718510754721303	0.06240988468484817	PASS	0.14104633938775685	LOWER_HAZARD
ENSG00000259956.2	1851	176	0.7257611770365198	-0.32053427552561875	0.17215664973691236	0.06262061889517476	PASS	0.14128712016947914	LOWER_HAZARD
ENSG00000055483.19	1851	176	0.778679945540468	-0.2501551704993319	0.134767533952968	0.06342540079963492	PASS	0.14286518851213448	LOWER_HAZARD
ENSG00000104388.15	1851	176	0.7655962999162822	-0.2671002717752878	0.1439657883940766	0.06355285836374748	PASS	0.14291488547469583	LOWER_HAZARD
ENSG00000156011.17	1851	176	0.9139101950491343	-0.09002296722496918	0.0485461631821195	0.06368501095729776	PASS	0.14297495837433072	LOWER_HAZARD
ENSG00000099968.18	1851	176	0.7652936979976168	-0.2674955998824917	0.14445690395151026	0.06406418898615926	PASS	0.14358849630616852	LOWER_HAZARD
ENSG00000147649.10	1851	176	0.8140984673600566	-0.20567395302275046	0.11130063607609862	0.06461485067014179	PASS	0.14458372526190144	LOWER_HAZARD
ENSG00000129460.16	1851	176	0.734968899594108	-0.30792709414194497	0.1669104690999454	0.0650573434123017	PASS	0.14533403240046308	LOWER_HAZARD
ENSG00000286681.1	1851	176	0.7935860180656817	-0.2311933415314956	0.12552732423060006	0.06550777231733476	PASS	0.14609957115510844	LOWER_HAZARD
ENSG00000108306.13	1851	176	0.8268771096967122	-0.19009919270669368	0.10340050967693418	0.06599252688715511	PASS	0.14693902538420744	LOWER_HAZARD
ENSG00000116685.16	1851	176	1.268228670253986	0.23762117907287794	0.12955233802064203	0.06662857158627962	PASS	0.14811203782130355	HIGHER_HAZARD
ENSG00000106330.12	1851	176	1.209450480965509	0.19016610848984117	0.10381711232510912	0.06698994915177148	PASS	0.14867163837938155	HIGHER_HAZARD
ENSG00000198900.6	1851	176	0.7951310593883922	-0.22924832333823364	0.12542859194198136	0.06759161215305337	PASS	0.14976180731951041	LOWER_HAZARD
ENSG00000101138.12	1851	176	0.7419684180720876	-0.29844859996576223	0.16346363014034437	0.0678834316677313	PASS	0.15004773934724513	LOWER_HAZARD
ENSG00000230989.7	1851	176	0.7766509924068903	-0.25276420274450456	0.13848328788575506	0.06796594590376222	PASS	0.15004773934724513	LOWER_HAZARD
ENSG00000169398.19	1851	176	0.7938147139600891	-0.23090520270003898	0.12654709960766344	0.06805262514642754	PASS	0.15004773934724513	LOWER_HAZARD
ENSG00000100811.14	1851	176	0.6729710787948161	-0.3960529238197647	0.21745075641978043	0.0685543770361263	PASS	0.15090866113796633	LOWER_HAZARD
ENSG00000104714.14	1851	176	1.2469023976349076	0.22066239389521497	0.12135548482837767	0.06901613300515248	PASS	0.15167889198539183	HIGHER_HAZARD
ENSG00000103126.15	1851	176	1.2374542186313437	0.213056219730996	0.1172427550619293	0.06918298940659161	PASS	0.15179956898922042	HIGHER_HAZARD
ENSG00000101442.10	1851	176	0.7711350677961548	-0.2598917355529238	0.14315638848022674	0.06945642420029545	PASS	0.15208520786889682	LOWER_HAZARD
ENSG00000101158.15	1851	176	0.7960822118628663	-0.22805281723613677	0.12565505014015996	0.06953748442383188	PASS	0.15208520786889682	LOWER_HAZARD
ENSG00000132388.12	1851	176	0.7784020209673372	-0.25051215180418324	0.13847962921688295	0.07044819585450714	PASS	0.1538289107547692	LOWER_HAZARD
ENSG00000074201.9	1851	176	0.7975146909105016	-0.22625502328841487	0.12520091545819612	0.07074114931106595	PASS	0.15422025476817594	LOWER_HAZARD
ENSG00000167904.15	1851	176	0.8108929666928605	-0.2096192105272984	0.11644925842606084	0.07184634032424402	PASS	0.15615068818097397	LOWER_HAZARD
ENSG00000112130.17	1851	176	0.7641999206699194	-0.268925847777352	0.14940131202405982	0.07185695385319156	PASS	0.15615068818097397	LOWER_HAZARD
ENSG00000104689.10	1851	176	1.1722407258087928	0.15891706751142864	0.0883812810033198	0.07216351763714099	PASS	0.15647526589063035	HIGHER_HAZARD
ENSG00000100982.12	1851	176	1.2839046733419333	0.24990596056616496	0.1390203923189058	0.07223710652473053	PASS	0.15647526589063035	HIGHER_HAZARD
ENSG00000104228.13	1851	176	0.7684290693760611	-0.26340701775690195	0.14660716604185092	0.07238550981517976	PASS	0.1565466528060347	LOWER_HAZARD
ENSG00000117597.18	1851	176	0.8108199774654626	-0.20970922550523893	0.11691400963256304	0.07286029161786058	PASS	0.1573225404997117	LOWER_HAZARD
ENSG00000156787.17	1851	176	0.8347572123649764	-0.18061436004598197	0.10097753666436456	0.07366978117874418	PASS	0.15881752508486024	LOWER_HAZARD
ENSG00000090565.17	1851	176	0.843678780331585	-0.1699834488538942	0.09508926863674165	0.07383738667407808	PASS	0.1589261846508728	LOWER_HAZARD
ENSG00000171475.14	1851	176	0.8116754851027191	-0.20865466758963658	0.11725041555508733	0.07514727364893907	PASS	0.16117323499528521	LOWER_HAZARD
ENSG00000142751.15	1851	176	1.3911621252567261	0.33013945917377585	0.18552619892226224	0.0751617201658358	PASS	0.16117323499528521	HIGHER_HAZARD
ENSG00000091640.8	1851	176	1.2825682633878455	0.24886452345942592	0.13989731695035731	0.0752547676074567	PASS	0.16117323499528521	HIGHER_HAZARD
ENSG00000080189.15	1851	176	1.2843022875790115	0.2502156040227131	0.14070601098573055	0.07535680751254485	PASS	0.16117323499528521	HIGHER_HAZARD
ENSG00000089063.15	1851	176	0.7881506460630606	-0.23806603218897937	0.13402856015314532	0.07569442198382194	PASS	0.16164037198435047	LOWER_HAZARD
ENSG00000140396.13	1851	176	0.8535238827559265	-0.15838175499979473	0.08922779788267245	0.07589342062226677	PASS	0.16181050057200272	LOWER_HAZARD
ENSG00000182325.11	1851	176	1.150389114085375	0.14010024521853734	0.0790824675058921	0.07646571487030976	PASS	0.16273434574065102	HIGHER_HAZARD
ENSG00000139746.16	1851	176	0.7795383269468815	-0.2490534230633043	0.1406429292506599	0.07659050761091798	PASS	0.16273434574065102	LOWER_HAZARD
ENSG00000246089.3	1851	176	1.2154347489960637	0.19510183089463715	0.11021192646623823	0.07668676027158997	PASS	0.16273434574065102	HIGHER_HAZARD
ENSG00000130703.17	1851	176	1.2575893511831526	0.22919667508630662	0.12971602028902615	0.07724311908466043	PASS	0.1636588585606243	HIGHER_HAZARD
ENSG00000178719.17	1851	176	0.8353765867172445	-0.17987265374556088	0.10186921948901073	0.07744261242321997	PASS	0.16381568403375266	LOWER_HAZARD
ENSG00000153774.9	1851	176	0.8033181957287796	-0.2190043848342326	0.12409086681107127	0.0775854314640556	PASS	0.16381568403375266	LOWER_HAZARD
ENSG00000104341.17	1851	176	1.1103208314208612	0.10464901087709609	0.059314364377112246	0.07767956108680159	PASS	0.16381568403375266	HIGHER_HAZARD
ENSG00000100722.20	1851	176	0.7802189668029984	-0.24818067202434765	0.14088807583769883	0.07814621979446465	PASS	0.1643148429289959	LOWER_HAZARD
ENSG00000124217.5	1851	176	0.8027156719555942	-0.21975470998437635	0.12475631452883129	0.07815860891534097	PASS	0.1643148429289959	LOWER_HAZARD
ENSG00000174132.9	1851	176	0.8464567198423241	-0.1666962070771519	0.09473939814347399	0.07848861501452595	PASS	0.16475319188807613	LOWER_HAZARD
ENSG00000153046.18	1851	176	0.7793352544423243	-0.24931396055413138	0.1418930325884101	0.07890831700093853	PASS	0.16531699649180837	LOWER_HAZARD
ENSG00000143374.17	1851	176	0.7893921574346198	-0.23649205064614154	0.13463731822092853	0.07900104257130666	PASS	0.16531699649180837	LOWER_HAZARD
ENSG00000160310.18	1851	176	0.7745842923371883	-0.25542879052539064	0.14555848120335424	0.07929027012000749	PASS	0.16566657362516202	LOWER_HAZARD
ENSG00000125901.6	1851	176	1.1944574985116208	0.17769210616420472	0.10141583279721153	0.07975419775599481	PASS	0.16630886270604905	HIGHER_HAZARD
ENSG00000287222.1	1851	176	0.8436439437974295	-0.17002474093591552	0.09706836236309155	0.07984297169737312	PASS	0.16630886270604905	LOWER_HAZARD
ENSG00000087995.16	1851	176	0.7671399421633196	-0.26508604032886596	0.15152880985365538	0.08022014494130147	PASS	0.16665166451322896	LOWER_HAZARD
ENSG00000108506.13	1851	176	0.8400963326292042	-0.17423871201878774	0.09968129570467776	0.0804713112486316	PASS	0.16665166451322896	LOWER_HAZARD
ENSG00000230124.8	1851	176	0.756455431958344	-0.2791116609613096	0.1597176769985876	0.08054519738132081	PASS	0.16665166451322896	LOWER_HAZARD
ENSG00000080815.19	1851	176	0.7700553044831622	-0.2612929427095212	0.14952152219562798	0.0805459127861493	PASS	0.16665166451322896	LOWER_HAZARD
ENSG00000132589.16	1851	176	1.2492642968734475	0.22255481554206832	0.12738613807405463	0.08062204418929071	PASS	0.16665166451322896	HIGHER_HAZARD
ENSG00000179091.5	1851	176	1.1416501817090285	0.132474743562877	0.07586881769307068	0.08079311656806186	PASS	0.16675108990303178	HIGHER_HAZARD
ENSG00000177427.13	1851	176	0.8101717707142871	-0.21050899118751853	0.12080144127403658	0.08140293178903725	PASS	0.1674856866109617	LOWER_HAZARD
ENSG00000185019.17	1851	176	0.775738115043639	-0.2539402963721834	0.1457677126633468	0.081492910992758	PASS	0.1674856866109617	LOWER_HAZARD
ENSG00000083535.16	1851	176	0.8166889566730565	-0.20249697059857	0.11625628008344925	0.08154076373754075	PASS	0.1674856866109617	LOWER_HAZARD
ENSG00000158941.16	1851	176	0.7964123757524241	-0.22763816729401967	0.13073404281278458	0.08164309649693634	PASS	0.1674856866109617	LOWER_HAZARD
ENSG00000137409.19	1851	176	1.2850729425141865	0.2508154813386138	0.14438000396615244	0.0823536611346472	PASS	0.16868816389513838	HIGHER_HAZARD
ENSG00000178896.9	1851	176	1.1494109842790383	0.13924962357884782	0.08020812129031978	0.08254548388779395	PASS	0.16882605754426638	HIGHER_HAZARD
ENSG00000157353.17	1851	176	1.1844047669750792	0.1692403420388539	0.09757898986442226	0.08284833069704012	PASS	0.16919026570058193	HIGHER_HAZARD
ENSG00000141736.14	1851	176	0.8925816670668715	-0.11363726579816998	0.06564777714699675	0.08344914664330988	PASS	0.17016096668921532	LOWER_HAZARD
ENSG00000150756.14	1851	176	0.7912417872787132	-0.23415168500420455	0.13559746162418074	0.08420095423449186	PASS	0.1714361770900465	LOWER_HAZARD
ENSG00000120438.12	1851	176	0.8188809220785118	-0.199816599987373	0.1162008258752614	0.08550883954030782	PASS	0.173748812164466	LOWER_HAZARD
ENSG00000140319.11	1851	176	0.7735932942660613	-0.25670900309926015	0.14932608155882207	0.08559307265919122	PASS	0.173748812164466	LOWER_HAZARD
ENSG00000120963.12	1851	176	0.808606893382869	-0.21244239672787094	0.1236617105174354	0.08580903829407047	PASS	0.17392683995031324	LOWER_HAZARD
ENSG00000124535.16	1851	176	0.7599405975421376	-0.2745150098852669	0.1600989634739866	0.08640790076173599	PASS	0.17487927378046866	LOWER_HAZARD
ENSG00000122034.17	1851	176	0.8200425533955048	-0.19839904568554328	0.11578656268492847	0.08662254519578531	PASS	0.1749628859134285	LOWER_HAZARD
ENSG00000187840.5	1851	176	1.1224499161697672	0.1155137215272888	0.06743245201519511	0.08670727089515042	PASS	0.1749628859134285	HIGHER_HAZARD
ENSG00000137100.16	1851	176	0.7858849282865548	-0.24094489894175106	0.14088613815113477	0.08722702538487413	PASS	0.17575014327175234	LOWER_HAZARD
ENSG00000132541.11	1851	176	0.8364296794825877	-0.17861282726216954	0.10453570766746911	0.08751954153771555	PASS	0.17607789069012206	LOWER_HAZARD
ENSG00000158483.17	1851	176	0.7746174731180114	-0.2553859545545466	0.14982372621186044	0.08827349744097072	PASS	0.1770506843739089	LOWER_HAZARD
ENSG00000153310.19	1851	176	0.8273559197725369	-0.18952030196921446	0.11123186013942897	0.08841264709316711	PASS	0.1770506843739089	LOWER_HAZARD
ENSG00000175826.12	1851	176	1.2902448771768495	0.2548320276275401	0.14960845099558034	0.08850699850405244	PASS	0.1770506843739089	HIGHER_HAZARD
ENSG00000065883.16	1851	176	0.7579466739969053	-0.2771422467420736	0.16271584833003333	0.08852534218695444	PASS	0.1770506843739089	LOWER_HAZARD
ENSG00000076650.7	1851	176	0.7679478282356373	-0.26403348012679395	0.1552352005646923	0.08896911368404956	PASS	0.17752398813761724	LOWER_HAZARD
ENSG00000074319.13	1851	176	0.755260359352356	-0.2806927423547998	0.16505806965739384	0.08902382885957207	PASS	0.17752398813761724	LOWER_HAZARD
ENSG00000135372.9	1851	176	0.8045556987572633	-0.21746508094096292	0.12817570774640613	0.0897690993059781	PASS	0.1787472814374542	LOWER_HAZARD
ENSG00000080608.10	1851	176	0.8340782991980511	-0.18142799709969373	0.10701578039292307	0.0900111818757494	PASS	0.17896651411072753	LOWER_HAZARD
ENSG00000182149.21	1851	176	0.7630154550341143	-0.27047699228799366	0.16003428475063286	0.0910051822727421	PASS	0.18059157744927995	LOWER_HAZARD
ENSG00000113360.16	1851	176	0.7893746416846078	-0.23651423980038838	0.13997821459578733	0.09109486650096422	PASS	0.18059157744927995	LOWER_HAZARD
ENSG00000137221.14	1851	176	1.244218834244598	0.21850789061851106	0.1294519941388497	0.09142172147918934	PASS	0.18097496981865802	HIGHER_HAZARD
ENSG00000169490.17	1851	176	0.8260826360068375	-0.1910604668733724	0.11324419334649419	0.09157361981521614	PASS	0.181011411763022	LOWER_HAZARD
ENSG00000253982.2	1851	176	0.8533310416881338	-0.15860771570196278	0.09409806420055071	0.09188102438418809	PASS	0.1813546856840743	LOWER_HAZARD
ENSG00000142507.10	1851	176	1.2642284182922745	0.2344619900727264	0.1396831474765689	0.09324418646903503	PASS	0.18377235102130646	HIGHER_HAZARD
ENSG00000100325.15	1851	176	1.2831236377753779	0.24929744714442081	0.1485855963335233	0.09338544803937686	PASS	0.18377235102130646	HIGHER_HAZARD
ENSG00000109065.12	1851	176	1.2237912323234756	0.20195360771558604	0.12041450827750098	0.09351247950199222	PASS	0.18377235102130646	HIGHER_HAZARD
ENSG00000104687.14	1851	176	1.1418671400442524	0.13266476474976258	0.07914479910492372	0.0936934515377092	PASS	0.18386153442132225	HIGHER_HAZARD
ENSG00000125843.11	1851	176	1.3051261647898866	0.26629971410155323	0.1592177607302217	0.09441585709735377	PASS	0.184761518825261	HIGHER_HAZARD
ENSG00000108591.10	1851	176	1.3276647254100427	0.2834215533736949	0.16945921256414215	0.09442458152352941	PASS	0.184761518825261	HIGHER_HAZARD
ENSG00000177830.18	1851	176	1.2612037861976657	0.2320666507439404	0.13884580255282744	0.09464301386880844	PASS	0.1849220847350205	HIGHER_HAZARD
ENSG00000178397.13	1851	176	0.7749556443202441	-0.2549494844018373	0.15284379758577893	0.0953078952807264	PASS	0.18586651051553013	LOWER_HAZARD
ENSG00000171316.12	1851	176	1.1298616833430442	0.12209522111105348	0.07321731444246744	0.09540050982213051	PASS	0.18586651051553013	HIGHER_HAZARD
ENSG00000091542.9	1851	176	0.7630472806920618	-0.2704352827865333	0.16236872170901018	0.09580055016678284	PASS	0.1863781148151471	LOWER_HAZARD
ENSG00000204463.13	1851	176	1.309838062656027	0.26990351327882744	0.16218977719895614	0.0960881291864906	PASS	0.18666977532504478	HIGHER_HAZARD
ENSG00000101310.17	1851	176	0.8384922674242281	-0.17614991967644855	0.10597924873228964	0.09648930113575177	PASS	0.18718096185991331	LOWER_HAZARD
ENSG00000118894.15	1851	176	0.7849508603133397	-0.2421341614860414	0.14598912402232267	0.09720111744658806	PASS	0.18811574270157264	LOWER_HAZARD
ENSG00000273559.5	1851	176	0.795707178345896	-0.2285240272168246	0.13780278289512493	0.09724862509867435	PASS	0.18811574270157264	LOWER_HAZARD
ENSG00000274523.5	1851	176	1.307303157783851	0.26796635708329625	0.1624343531397318	0.09900631993799779	PASS	0.19124297697425213	HIGHER_HAZARD
ENSG00000118680.14	1851	176	0.782966260286516	-0.2446656742307111	0.14894788680089013	0.10046033414601188	PASS	0.19377555206542263	LOWER_HAZARD
ENSG00000088451.11	1851	176	1.1972426485720264	0.1800211199603199	0.10964896820865852	0.10063251036723084	PASS	0.19383193758233666	HIGHER_HAZARD
ENSG00000100591.8	1851	176	1.2579656760810631	0.22949587339176142	0.1399443880321372	0.10102436870409393	PASS	0.19418448188979093	HIGHER_HAZARD
ENSG00000102595.20	1851	176	0.8327763691281723	-0.18299013729028696	0.11161101821288338	0.10110195001046636	PASS	0.19418448188979093	LOWER_HAZARD
ENSG00000073969.18	1851	176	0.823770147619249	-0.19386373504965237	0.11843175697951352	0.10164643928319277	PASS	0.1949541324865762	LOWER_HAZARD
ENSG00000245149.4	1851	176	0.8506803419989787	-0.16171884729717587	0.09910683155048507	0.10272945124046483	PASS	0.19663479859418181	LOWER_HAZARD
ENSG00000170043.12	1851	176	1.228295384206069	0.20562734168405175	0.12604597395678846	0.1028127376130346	PASS	0.19663479859418181	HIGHER_HAZARD
ENSG00000246582.3	1851	176	1.2242875280738592	0.20235906506051388	0.12417874896248043	0.10319053381531448	PASS	0.19707938570924852	HIGHER_HAZARD
ENSG00000101182.15	1851	176	1.1730398224224945	0.1595985183043648	0.09806376958901877	0.1036315257578638	PASS	0.19764324743693856	HIGHER_HAZARD
ENSG00000116198.14	1851	176	0.7830752026053037	-0.24452654340749214	0.15043537744081462	0.10406478576943909	PASS	0.19805318070630912	LOWER_HAZARD
ENSG00000111652.10	1851	176	0.7589136597369154	-0.27586726334446215	0.16975271399586345	0.10413858248052979	PASS	0.19805318070630912	LOWER_HAZARD
ENSG00000240849.11	1851	176	1.2001612519485907	0.1824559243900504	0.11274220909945623	0.10558801185532161	PASS	0.2005284931033839	HIGHER_HAZARD
ENSG00000147687.19	1851	176	0.8401052432911561	-0.17422810536053954	0.10812069631442538	0.10708770147456799	PASS	0.20303512070691235	LOWER_HAZARD
ENSG00000242259.9	1851	176	0.7901182947085971	-0.2355726045935406	0.1462897905076495	0.10732916500840765	PASS	0.20303512070691235	LOWER_HAZARD
ENSG00000140854.13	1851	176	1.202375102717231	0.1842988529192539	0.11445805197188254	0.10735706603750453	PASS	0.20303512070691235	HIGHER_HAZARD
ENSG00000101146.13	1851	176	0.8272812002459676	-0.18961061727245038	0.11789782533057977	0.10777776315622441	PASS	0.203546861893928	LOWER_HAZARD
ENSG00000100227.18	1851	176	0.8002673638350307	-0.22280940235440375	0.13872128355313762	0.10823745230450574	PASS	0.20413071672449207	LOWER_HAZARD
ENSG00000253106.1	1851	176	0.8123848985861647	-0.20778103809200102	0.12951305323185638	0.10864241800882785	PASS	0.2046098872499591	LOWER_HAZARD
ENSG00000174227.16	1851	176	0.8092034455604535	-0.21170491571385805	0.13283676344257161	0.11099824124712779	PASS	0.20875674775465364	LOWER_HAZARD
ENSG00000126775.9	1851	176	0.8168757579484385	-0.20226826674065226	0.1270723195409147	0.11143929304643303	PASS	0.20917564306857134	LOWER_HAZARD
ENSG00000107077.19	1851	176	0.8152380252743104	-0.20427515282989375	0.12836546871464344	0.11152949110514533	PASS	0.20917564306857134	LOWER_HAZARD
ENSG00000149658.18	1851	176	0.7736058781533693	-0.2566927364316809	0.16149737242166826	0.11195780315892354	PASS	0.20968892414848112	LOWER_HAZARD
ENSG00000178307.10	1851	176	1.2310952358699654	0.20790420884830438	0.1309774248696698	0.11243824722934673	PASS	0.21029829412826784	HIGHER_HAZARD
ENSG00000100601.10	1851	176	0.7746372693140681	-0.2553603987882604	0.16111331853876	0.11297227294941146	PASS	0.211006063525347	LOWER_HAZARD
ENSG00000004864.14	1851	176	1.1969711545460942	0.17979432816190793	0.11355131398674818	0.11333598478597287	PASS	0.21139421646462064	HIGHER_HAZARD
ENSG00000163933.10	1851	176	0.7519901966051268	-0.2850319915466249	0.18009471126291596	0.11349480663025485	PASS	0.21139966729481535	LOWER_HAZARD
ENSG00000153391.16	1851	176	1.2381769049937383	0.21364005984839182	0.1350991343984376	0.11379626773424129	PASS	0.21167042393365046	HIGHER_HAZARD
ENSG00000172167.8	1851	176	0.8681054058292982	-0.14144213640724462	0.08957653804634465	0.11433405252794854	PASS	0.21237941812040853	LOWER_HAZARD
ENSG00000105968.19	1851	176	0.7553828031350459	-0.28053063420643154	0.17896174729294367	0.11698730155326213	PASS	0.21701064419456015	LOWER_HAZARD
ENSG00000180921.7	1851	176	1.1560543152857348	0.14501275468769295	0.09275826936764023	0.11797253853855733	PASS	0.21853929270257344	HIGHER_HAZARD
ENSG00000122557.11	1851	176	1.347888593214328	0.29853936309131174	0.19107824415511326	0.11819537109615362	PASS	0.21864725200262053	HIGHER_HAZARD
ENSG00000125977.7	1851	176	1.2226346004236799	0.2010080389021013	0.12870916615112038	0.11835330602501731	PASS	0.21864725200262053	HIGHER_HAZARD
ENSG00000060069.17	1851	176	1.2314887433430608	0.20822379793015194	0.13351447832256244	0.11886396948063228	PASS	0.21929189471528895	HIGHER_HAZARD
ENSG00000156467.10	1851	176	0.828377377236102	-0.18828645881947906	0.12083354915104223	0.11917874065217245	PASS	0.21943232163864296	LOWER_HAZARD
ENSG00000135686.13	1851	176	1.2093875955568494	0.1901141121125027	0.12203453388770084	0.11926373233604709	PASS	0.21943232163864296	HIGHER_HAZARD
ENSG00000139826.6	1851	176	0.8202103777910418	-0.1981944133475279	0.12752322140959105	0.12014078908544305	PASS	0.2207464905147165	LOWER_HAZARD
ENSG00000121022.14	1851	176	0.8011465617339854	-0.2217113752007097	0.14276737253215593	0.1204337681776477	PASS	0.22076650326318878	LOWER_HAZARD
ENSG00000129197.14	1851	176	1.2430471898146351	0.2175657762605855	0.14011431766434573	0.12047729529112072	PASS	0.22076650326318878	HIGHER_HAZARD
ENSG00000101199.13	1851	176	1.183925455312747	0.16883557443983777	0.10892453103704092	0.1211358941796539	PASS	0.22167378206155286	HIGHER_HAZARD
ENSG00000165714.11	1851	176	1.2444261500908205	0.21867450003689493	0.14127792211850781	0.12166273066750041	PASS	0.22233782046513553	HIGHER_HAZARD
ENSG00000128463.13	1851	176	1.2859843204209533	0.2515244332223996	0.16264073559945585	0.12198306534995472	PASS	0.22235137506545632	HIGHER_HAZARD
ENSG00000071462.12	1851	176	1.2429601245412345	0.21749573199890254	0.14064276134407433	0.1219980995934362	PASS	0.22235137506545632	HIGHER_HAZARD
ENSG00000196470.12	1851	176	0.8022133737334262	-0.22038065446449853	0.14312603264220133	0.12361730751508584	PASS	0.2249966861560661	LOWER_HAZARD
ENSG00000154328.16	1851	176	0.8401045847453427	-0.1742288892457453	0.11320224451949287	0.12378136273777679	PASS	0.2249966861560661	LOWER_HAZARD
ENSG00000168476.12	1851	176	1.175052426557551	0.16131276494760557	0.10490142882484052	0.12410837099096327	PASS	0.22528909111612608	HIGHER_HAZARD
ENSG00000126698.11	1851	176	0.7333646541202055	-0.3101122190519762	0.20200514296384017	0.12474209511997136	PASS	0.2261367392816593	LOWER_HAZARD
ENSG00000133961.20	1851	176	1.289731639823733	0.25443416558770776	0.1658489534078617	0.12499721345019991	PASS	0.22629669083908022	HIGHER_HAZARD
ENSG00000254973.2	1851	176	0.8327450642609283	-0.18302772896172406	0.11971754165521731	0.12630667651789693	PASS	0.22836247114435765	LOWER_HAZARD
ENSG00000007541.17	1851	176	0.8643675515344444	-0.14575719376935947	0.09556625750340562	0.12721042649682673	PASS	0.22961182155326224	LOWER_HAZARD
ENSG00000125779.22	1851	176	0.7971342829830492	-0.22673212883439553	0.1487070004704855	0.12733634941596844	PASS	0.22961182155326224	LOWER_HAZARD
ENSG00000161904.12	1851	176	1.2625943363196608	0.23316860121319552	0.1531644901719483	0.1279236303309589	PASS	0.23007754767408425	HIGHER_HAZARD
ENSG00000117640.18	1851	176	0.7614814382722045	-0.27248948216106667	0.178998565419188	0.1279339756240852	PASS	0.23007754767408425	LOWER_HAZARD
ENSG00000078304.19	1851	176	0.7728432412449363	-0.2576790436573001	0.1694074466741235	0.1282445548076406	PASS	0.23033061764127238	LOWER_HAZARD
ENSG00000198715.13	1851	176	1.1761072397884915	0.1622100356151893	0.1068403150377652	0.12895203031170446	PASS	0.23129491151146991	HIGHER_HAZARD
ENSG00000158856.18	1851	176	1.103651609081729	0.09862432656780375	0.06502858075973138	0.12936000962592034	PASS	0.2317201757632074	HIGHER_HAZARD
ENSG00000099942.13	1851	176	0.8064347538420796	-0.21513228507128426	0.14209150685876054	0.13001558756598866	PASS	0.2325872516351987	LOWER_HAZARD
ENSG00000196378.13	1851	176	0.8291136794368846	-0.1873980048561811	0.12416286484309658	0.13122420650860164	PASS	0.23420298895581185	LOWER_HAZARD
ENSG00000101189.7	1851	176	1.1766178736642454	0.16264411427644226	0.10777305061502465	0.1312642120991276	PASS	0.23420298895581185	HIGHER_HAZARD
ENSG00000124444.16	1851	176	0.7679711649032138	-0.2640030922382626	0.17518217210099876	0.13180544999267332	PASS	0.2348596454534363	LOWER_HAZARD
ENSG00000179526.17	1851	176	1.1662362384749054	0.1537816733026432	0.10218476104860544	0.13234015993301568	PASS	0.23550296177056335	HIGHER_HAZARD
ENSG00000102753.10	1851	176	0.8290284572230451	-0.18750079726707336	0.12473784630051253	0.13279808675695887	PASS	0.23600813321420214	LOWER_HAZARD
ENSG00000102572.15	1851	176	1.1616548921795404	0.14984561963608584	0.09974115693302947	0.13300805536156257	PASS	0.23607188883544353	HIGHER_HAZARD
ENSG00000166562.9	1851	176	0.8753221708971998	-0.1331632650806969	0.08869477072000742	0.13326106290164647	PASS	0.23621176639821254	LOWER_HAZARD
ENSG00000136146.15	1851	176	0.8010779271878153	-0.22179704927033783	0.14784615188384875	0.13356566460261313	PASS	0.23644261253412976	LOWER_HAZARD
ENSG00000023608.5	1851	176	1.233252575470364	0.2096550494898495	0.1401968934060799	0.13480149473051664	PASS	0.2381882447937158	HIGHER_HAZARD
ENSG00000100395.15	1851	176	0.7731583092826361	-0.25727145280856634	0.1720829154282819	0.13490307669732576	PASS	0.2381882447937158	LOWER_HAZARD
ENSG00000084623.12	1851	176	0.7873189030425306	-0.2391218991186512	0.16053756796283264	0.13635380017114174	PASS	0.24024392386501478	LOWER_HAZARD
ENSG00000101191.17	1851	176	0.8205618755030715	-0.19776595934764937	0.13279572550553037	0.13642169717998626	PASS	0.24024392386501478	LOWER_HAZARD
ENSG00000118705.17	1851	176	0.8210924966816774	-0.1971195124388785	0.13257539440490212	0.13705485630477543	PASS	0.24104589513524705	LOWER_HAZARD
ENSG00000065150.21	1851	176	0.8445556476154655	-0.1689446507483501	0.11408791414837469	0.13865224257841516	PASS	0.2435394312646774	LOWER_HAZARD
ENSG00000108344.15	1851	176	0.8645101546066141	-0.14559222770844432	0.09836950174461336	0.13885869198521764	PASS	0.24358652824315022	LOWER_HAZARD
ENSG00000070761.8	1851	176	1.239149773827145	0.21442547817189037	0.14516160623981306	0.13963541193125498	PASS	0.24463258214312888	HIGHER_HAZARD
ENSG00000129255.16	1851	176	1.2033265996937925	0.18508988783869013	0.12541764427692842	0.14000074160547554	PASS	0.24495613628003204	HIGHER_HAZARD
ENSG00000160087.21	1851	176	1.2367354586350952	0.21247521333276218	0.14412787201066132	0.14042419331327285	PASS	0.24538042027422424	HIGHER_HAZARD
ENSG00000078747.16	1851	176	0.8238692502283206	-0.19374343857055573	0.13172000077318985	0.14132537152449962	PASS	0.246637327911482	LOWER_HAZARD
ENSG00000228801.6	1851	176	0.8725170155488904	-0.13637312303395202	0.09305168220722912	0.14276731734466744	PASS	0.24883352483209387	LOWER_HAZARD
ENSG00000100104.13	1851	176	0.7932720799012183	-0.23158901417413633	0.15813081297045467	0.14304626647199478	PASS	0.24899966281903071	LOWER_HAZARD
ENSG00000142208.17	1851	176	0.830695947568901	-0.18549143848186087	0.12672673138501836	0.14327265310647372	PASS	0.2490739969389466	LOWER_HAZARD
ENSG00000197140.15	1851	176	0.8850687556321395	-0.12208994701209902	0.0837413160858393	0.14485664529407644	PASS	0.2515052637884349	LOWER_HAZARD
ENSG00000104765.16	1851	176	0.8809207879768184	-0.12678756857879597	0.08703770929419112	0.1452000428303343	PASS	0.25177910240144924	LOWER_HAZARD
ENSG00000164924.18	1851	176	0.8500771268251338	-0.16242819617283363	0.11170970571620087	0.14594063759075887	PASS	0.2527401080115824	LOWER_HAZARD
ENSG00000141027.21	1851	176	0.8524987243771286	-0.15958356615739866	0.11020362217000189	0.14759491939948405	PASS	0.2551475060996727	LOWER_HAZARD
ENSG00000109084.14	1851	176	1.1216633327535226	0.11481270213904303	0.07930816627605672	0.1477070739588813	PASS	0.2551475060996727	HIGHER_HAZARD
ENSG00000125457.15	1851	176	0.8370614733796107	-0.17785776629162459	0.12327840939656944	0.14909584369320703	PASS	0.25697222234500006	LOWER_HAZARD
ENSG00000188352.12	1851	176	0.8506860651595044	-0.16171211957467976	0.11210023439408132	0.14914243288017334	PASS	0.25697222234500006	LOWER_HAZARD
ENSG00000147535.17	1851	176	0.8872623718499789	-0.11961454351219734	0.08295980529356772	0.14934827134279277	PASS	0.25700032479800383	LOWER_HAZARD
ENSG00000179627.10	1851	176	0.8873894514239734	-0.11947132716683309	0.08292827398706427	0.1496811697593844	PASS	0.25724672521384695	LOWER_HAZARD
ENSG00000242612.7	1851	176	1.1323059000376126	0.12425617299072358	0.08644575925238909	0.15060752695868626	PASS	0.25851114753921334	HIGHER_HAZARD
ENSG00000141646.14	1851	176	0.8478590507959831	-0.16504087068924134	0.11490023658556658	0.15089308050548575	PASS	0.2586738522951184	LOWER_HAZARD
ENSG00000177731.16	1851	176	1.2040634972661268	0.1857020840891272	0.12992522883878072	0.15291812660487264	PASS	0.2618143682780395	HIGHER_HAZARD
ENSG00000139842.15	1851	176	0.8447484721612085	-0.16871636201771478	0.11845610315431969	0.15436127363834104	PASS	0.26395193827691105	LOWER_HAZARD
ENSG00000008838.20	1851	176	0.8631194175787196	-0.14720222252526624	0.10374187356756867	0.15592008305355112	PASS	0.2660158064744206	LOWER_HAZARD
ENSG00000136159.4	1851	176	1.1643272272084901	0.1521434328329199	0.10723472810662488	0.15596059450380853	PASS	0.2660158064744206	HIGHER_HAZARD
ENSG00000169189.17	1851	176	0.8427837609764322	-0.17104486518216497	0.1211180161233609	0.15788621299286631	PASS	0.2689619407265411	LOWER_HAZARD
ENSG00000186222.5	1851	176	1.2223564365744677	0.20078050117602944	0.14230449997025726	0.15826771499874615	PASS	0.26927355274567094	HIGHER_HAZARD
ENSG00000178921.14	1851	176	1.1875442883449312	0.17188755167956446	0.1221119806927436	0.15924292952221142	PASS	0.2704371330036459	HIGHER_HAZARD
ENSG00000189376.12	1851	176	1.1842862699388454	0.16914028928019026	0.12019126915179396	0.1593504935618828	PASS	0.2704371330036459	HIGHER_HAZARD
ENSG00000168701.19	1851	176	1.1674789824136569	0.15484670818359045	0.11023966858969386	0.1601292731223498	PASS	0.27129236955408675	HIGHER_HAZARD
ENSG00000081913.14	1851	176	0.8790797218414714	-0.12887968934421673	0.09178053586155392	0.16025456343128575	PASS	0.27129236955408675	LOWER_HAZARD
ENSG00000075413.19	1851	176	0.775372925618085	-0.25441117101974664	0.18134424657644513	0.16064118852651899	PASS	0.2716077950647877	LOWER_HAZARD
ENSG00000185730.8	1851	176	0.8432878143037424	-0.170446962519293	0.12182186515595217	0.16176825302411257	PASS	0.2728396908488298	LOWER_HAZARD
ENSG00000125304.10	1851	176	0.8541816970801331	-0.15761134777678182	0.11264905523359248	0.16177220607850973	PASS	0.2728396908488298	LOWER_HAZARD
ENSG00000161956.13	1851	176	1.2162436961774794	0.1957671715056568	0.14005221158730963	0.1621684370937332	PASS	0.2731681996262139	HIGHER_HAZARD
ENSG00000241852.10	1851	176	0.8332452660938308	-0.18242724306595498	0.1305732841273368	0.1623758850426913	PASS	0.2731782879874558	LOWER_HAZARD
ENSG00000125846.15	1851	176	0.8353672734500499	-0.17988380239307847	0.1288264492199472	0.1626161564844375	PASS	0.2732435045760809	LOWER_HAZARD
ENSG00000100568.11	1851	176	0.7711718846999038	-0.2598439929116857	0.18619294643072778	0.16284612119848252	PASS	0.27329126280339394	LOWER_HAZARD
ENSG00000173812.11	1851	176	0.8046019050703471	-0.2174076517457286	0.15595563613029154	0.16330696502514563	PASS	0.27372588946118354	LOWER_HAZARD
ENSG00000167862.10	1851	176	0.839358553244397	-0.17511730594646302	0.12619256879143093	0.1652287099838512	PASS	0.2766050996766694	LOWER_HAZARD
ENSG00000196204.12	1851	176	1.2541078910565244	0.22642447603485258	0.16341573077719332	0.16587723082183814	PASS	0.2773483662076603	HIGHER_HAZARD
ENSG00000006756.16	1851	176	0.8939654466982989	-0.11208815478117856	0.08098183639274571	0.1663233190974317	PASS	0.2777517496257603	LOWER_HAZARD
ENSG00000100926.15	1851	176	1.3004185207334598	0.2626861516819809	0.19002372476595758	0.16685318838442975	PASS	0.2782938787814105	HIGHER_HAZARD
ENSG00000083520.15	1851	176	0.8477743026605105	-0.16514083113808536	0.11964197397402491	0.16749683020745432	PASS	0.2790242036379706	LOWER_HAZARD
ENSG00000066855.16	1851	176	0.8803951242955681	-0.1273844674010854	0.09268164138630743	0.1693080972823976	PASS	0.2816954354784431	LOWER_HAZARD
ENSG00000221838.10	1851	176	0.8140839602856083	-0.2056917729846938	0.1498155452712021	0.1697626614253659	PASS	0.28178805427664694	LOWER_HAZARD
ENSG00000158850.15	1851	176	0.8343680327233284	-0.1810806877225249	0.13189523431697825	0.16977938078467592	PASS	0.28178805427664694	LOWER_HAZARD
ENSG00000167930.17	1851	176	1.1927583801901855	0.1762685913296076	0.12852861620808162	0.17023951779214508	PASS	0.28215849481620103	HIGHER_HAZARD
ENSG00000088812.18	1851	176	0.8838307833781702	-0.12348965618583767	0.09009540645536995	0.17048274756908777	PASS	0.28215849481620103	LOWER_HAZARD
ENSG00000108433.17	1851	176	0.8041431714039464	-0.21797795177093754	0.15908564053848254	0.1706268183991776	PASS	0.28215849481620103	LOWER_HAZARD
ENSG00000088808.18	1851	176	1.1655328757507282	0.1531783865181852	0.1121840564714309	0.17212099142763404	PASS	0.2842826606283456	HIGHER_HAZARD
ENSG00000184277.13	1851	176	0.7880873348034066	-0.23814636429676586	0.1753379020528089	0.1743958419689322	PASS	0.2876894911312312	LOWER_HAZARD
ENSG00000103091.15	1851	176	1.195143377730525	0.17826615955074177	0.13136213057885607	0.17476246935678308	PASS	0.287943995683837	HIGHER_HAZARD
ENSG00000100997.20	1851	176	1.171911335601043	0.15863603607550758	0.11717325239386799	0.17578143762714216	PASS	0.2891007359151432	HIGHER_HAZARD
ENSG00000147586.10	1851	176	1.158172077447733	0.14684296694332993	0.10849003510027178	0.17589093446164683	PASS	0.2891007359151432	HIGHER_HAZARD
ENSG00000257365.8	1851	176	0.7960316133440699	-0.22811637867001464	0.16864945509320864	0.1761813189044389	PASS	0.28922744362520475	LOWER_HAZARD
ENSG00000124702.18	1851	176	0.8415975412169118	-0.17245335856081132	0.12797743451134588	0.17780978363239264	PASS	0.29154784353751445	LOWER_HAZARD
ENSG00000131467.11	1851	176	0.8246259477850547	-0.19282539208696015	0.143244809236923	0.1782622675690828	PASS	0.2919367570334255	LOWER_HAZARD
ENSG00000179950.14	1851	176	1.1435433271914057	0.13413162374225823	0.09979324671201067	0.1789176045915286	PASS	0.2926565402003773	HIGHER_HAZARD
ENSG00000131148.9	1851	176	1.1827820768998167	0.16786935576995923	0.12514301355153495	0.17978408998828288	PASS	0.29337899372082105	HIGHER_HAZARD
ENSG00000099901.17	1851	176	1.1479283819287724	0.13795891087187823	0.10284728424866854	0.17979199393952972	PASS	0.29337899372082105	HIGHER_HAZARD
ENSG00000182372.10	1851	176	1.1590530986647918	0.14760337751420857	0.11063783502145606	0.18216681556045167	PASS	0.29689687728362074	HIGHER_HAZARD
ENSG00000010165.20	1851	176	0.828110281910479	-0.18860894275283405	0.1417325044537479	0.1832749718091401	PASS	0.2983443718765834	LOWER_HAZARD
ENSG00000072210.19	1851	176	1.1031649550923734	0.09818328039736561	0.07392575447929702	0.1841339664280961	PASS	0.299383283544962	HIGHER_HAZARD
ENSG00000105185.12	1851	176	1.142407003363219	0.13313744297936683	0.10052686751799653	0.18537135846947783	PASS	0.3007712218982028	HIGHER_HAZARD
ENSG00000006451.8	1851	176	0.8004658918967672	-0.22256135595186483	0.1680915126790837	0.18548685727808722	PASS	0.3007712218982028	LOWER_HAZARD
ENSG00000104763.20	1851	176	0.9067513935727642	-0.09788696393278025	0.07398739680802781	0.1858280157771074	PASS	0.3007712218982028	LOWER_HAZARD
ENSG00000091732.17	1851	176	0.7820789794649706	-0.24579954677838067	0.1858061934851406	0.1858748406716032	PASS	0.3007712218982028	LOWER_HAZARD
ENSG00000107175.12	1851	176	0.8247075603023323	-0.1927264278484433	0.14583138134940665	0.18631126626925876	PASS	0.30078680129039653	LOWER_HAZARD
ENSG00000126581.13	1851	176	0.8812173388072319	-0.1264509878888879	0.09572363817438038	0.1865011487407472	PASS	0.30078680129039653	LOWER_HAZARD
ENSG00000165782.11	1851	176	1.2357680758285878	0.21169270051335784	0.16026952328252875	0.18654992616904387	PASS	0.30078680129039653	HIGHER_HAZARD
ENSG00000137413.16	1851	176	1.2155194518757544	0.19517151783460043	0.14813847118564155	0.18767315679020535	PASS	0.3022384805314946	HIGHER_HAZARD
ENSG00000249898.8	1851	176	0.8333093565140705	-0.18235032939099724	0.1389085182856212	0.1892716391196959	PASS	0.3044511775163792	LOWER_HAZARD
ENSG00000076604.15	1851	176	1.1457382231004853	0.1360491655853282	0.1039119188166387	0.19044157960002683	PASS	0.3056469999313499	HIGHER_HAZARD
ENSG00000206418.4	1851	176	0.8806549960630821	-0.1270893346659111	0.09707387785766279	0.1904658664763943	PASS	0.3056469999313499	LOWER_HAZARD
ENSG00000108528.14	1851	176	1.2110456848320763	0.19148418874136855	0.14643009060389253	0.1909807391927303	PASS	0.3061109720394117	HIGHER_HAZARD
ENSG00000173545.5	1851	176	1.2115572376629091	0.19190650544352875	0.14735452579878858	0.19279829986301167	PASS	0.3086593797098511	HIGHER_HAZARD
ENSG00000126749.16	1851	176	1.1588588384273533	0.14743576093241811	0.11351212927470854	0.19399380343880046	PASS	0.31020707247996865	HIGHER_HAZARD
ENSG00000176853.16	1851	176	0.87146638089741	-0.1375779909022154	0.10657406424070422	0.19673337224321197	PASS	0.31421725884781554	LOWER_HAZARD
ENSG00000100220.12	1851	176	0.8381388900387015	-0.1765714523304093	0.1373861789279336	0.19871544850915102	PASS	0.3170095860922456	LOWER_HAZARD
ENSG00000184857.8	1851	176	0.838963275248023	-0.17558834552537111	0.13724237242226617	0.20075506892349138	PASS	0.3198870428440121	LOWER_HAZARD
ENSG00000106636.9	1851	176	1.220854287053995	0.19955084898498285	0.15606206731893982	0.20101562390103345	PASS	0.3199262746593913	HIGHER_HAZARD
ENSG00000164758.7	1851	176	1.132940713528905	0.12481665369433313	0.09769488286250613	0.2013844654080057	PASS	0.3201375557951415	HIGHER_HAZARD
ENSG00000131943.18	1851	176	1.1613107436734709	0.14954931864628576	0.11794087725872449	0.2047970837322266	PASS	0.324381034635915	HIGHER_HAZARD
ENSG00000117682.17	1851	176	0.8029602839334473	-0.21945002586819687	0.1731000019776716	0.20488208712069744	PASS	0.324381034635915	LOWER_HAZARD
ENSG00000132382.15	1851	176	1.1641775216799892	0.1520148477151282	0.11994163157537228	0.20500984501125463	PASS	0.324381034635915	HIGHER_HAZARD
ENSG00000134265.13	1851	176	0.8415226974923031	-0.17254229305632354	0.13615671765160017	0.2050719702512387	PASS	0.324381034635915	LOWER_HAZARD
ENSG00000130347.13	1851	176	0.8673169045886855	-0.1423508504304984	0.11241072303204101	0.20538929543446494	PASS	0.324381034635915	LOWER_HAZARD
ENSG00000120533.13	1851	176	0.8429070704025617	-0.17089856382719035	0.1350424518895988	0.20568593827229975	PASS	0.324381034635915	LOWER_HAZARD
ENSG00000100029.18	1851	176	1.1647143817266465	0.15247589105971765	0.12049630852273799	0.20572838479858913	PASS	0.324381034635915	HIGHER_HAZARD
ENSG00000092208.17	1851	176	0.8403180064219216	-0.17397487971403797	0.1379608433931108	0.20729250941844024	PASS	0.3264676454952438	LOWER_HAZARD
ENSG00000164930.12	1851	176	0.9153061431134848	-0.0884966870292163	0.070544798307594	0.20966940098061926	PASS	0.3297806294521345	LOWER_HAZARD
ENSG00000131652.14	1851	176	1.1596204217550563	0.14809272894431671	0.11810676991083284	0.2098825097471918	PASS	0.3297806294521345	HIGHER_HAZARD
ENSG00000143862.8	1851	176	0.8438960687523676	-0.1697259332573549	0.1356636332664761	0.21090562783239775	PASS	0.33100466590362426	LOWER_HAZARD
ENSG00000011143.19	1851	176	0.8447996870048028	-0.16865573652641738	0.13510785799937017	0.21191959559958018	PASS	0.3322115278994575	LOWER_HAZARD
ENSG00000184402.15	1851	176	0.8621168763171244	-0.148364430134727	0.11901941559864354	0.21256014791366895	PASS	0.33283090135211907	LOWER_HAZARD
ENSG00000205189.12	1851	176	0.9200712947253026	-0.08330411767494338	0.0668836234014172	0.21294491378933111	PASS	0.33304879250096076	LOWER_HAZARD
ENSG00000172172.8	1851	176	0.876664863696814	-0.1316304991001552	0.10645149045138513	0.216261490255913	PASS	0.33784629122928345	LOWER_HAZARD
ENSG00000103051.20	1851	176	1.1911256575112472	0.1748987906946659	0.14177424020952037	0.21733598432853551	PASS	0.33913417117318084	HIGHER_HAZARD
ENSG00000221914.11	1851	176	0.8637155864466346	-0.14651174672391756	0.11890240908165595	0.21787376063034358	PASS	0.3395825510514321	LOWER_HAZARD
ENSG00000143793.13	1851	176	1.1484272968440175	0.1383934384389334	0.11277069063607886	0.21974327472917332	PASS	0.3421031923453031	HIGHER_HAZARD
ENSG00000196357.12	1851	176	0.7974738825235739	-0.22630619404614485	0.18465861987250184	0.2203725034640467	PASS	0.34268935171702675	LOWER_HAZARD
ENSG00000109016.17	1851	176	0.8609975305801392	-0.14966364264198126	0.12248123100086827	0.2217336299587982	PASS	0.3441690540743562	LOWER_HAZARD
ENSG00000065491.8	1851	176	0.8255993526126584	-0.19164566839679067	0.1568716179443523	0.22183167644615587	PASS	0.3441690540743562	LOWER_HAZARD
ENSG00000102738.8	1851	176	0.833654297184759	-0.18193647432601553	0.14989062110008697	0.22482604699163222	PASS	0.348205665564891	LOWER_HAZARD
ENSG00000105186.16	1851	176	1.1443491729324478	0.13483606748192076	0.1111153552559444	0.22494702288705348	PASS	0.348205665564891	HIGHER_HAZARD
ENSG00000197858.11	1851	176	1.132322177251776	0.12427054816722766	0.10288128107916641	0.22708479946105853	PASS	0.35111401148140864	HIGHER_HAZARD
ENSG00000106367.15	1851	176	1.1341635968196064	0.12589546017334807	0.1043033868968454	0.22742744676961402	PASS	0.3512433004779005	HIGHER_HAZARD
ENSG00000214022.11	1851	176	1.139299760062567	0.1304138281211622	0.1084339524268649	0.22909131458241883	PASS	0.35313471212566916	HIGHER_HAZARD
ENSG00000136485.15	1851	176	0.8592934581301231	-0.15164478771402304	0.12610877209962185	0.22917296952108324	PASS	0.35313471212566916	LOWER_HAZARD
ENSG00000120526.12	1851	176	0.8836567317340419	-0.12368660427537474	0.10299535469313478	0.2297919423244339	PASS	0.353686576381308	LOWER_HAZARD
ENSG00000020256.20	1851	176	1.1765445397366605	0.16258178629840636	0.13561799088248372	0.23059729458050882	PASS	0.35452373180404756	HIGHER_HAZARD
ENSG00000160049.12	1851	176	1.1869631681402635	0.1713980857781771	0.14356391942060642	0.23252492926515522	PASS	0.357082450830748	HIGHER_HAZARD
ENSG00000124181.14	1851	176	0.8885614955976168	-0.11815142095459724	0.09945833227657226	0.23485352457175912	PASS	0.3597863592874247	LOWER_HAZARD
ENSG00000100109.17	1851	176	0.8465923800004257	-0.16653595164403476	0.14020383740387624	0.23490706082619006	PASS	0.3597863592874247	LOWER_HAZARD
ENSG00000165006.14	1851	176	1.202079567634146	0.1840530299572182	0.15500897469604552	0.23508164773499873	PASS	0.3597863592874247	HIGHER_HAZARD
ENSG00000102978.13	1851	176	1.1696198775749815	0.15667880505960807	0.1326576064726281	0.2375722641239798	PASS	0.36318826398209314	HIGHER_HAZARD
ENSG00000179151.13	1851	176	0.8120879735708613	-0.20814660285297593	0.17667566085651262	0.2387454458367353	PASS	0.3644359575792791	LOWER_HAZARD
ENSG00000197217.13	1851	176	0.8835099078076916	-0.12385277301509948	0.10521048044969117	0.23911949881295713	PASS	0.3644359575792791	LOWER_HAZARD
ENSG00000169718.18	1851	176	1.12720026487376	0.11973691658612419	0.10173042398581812	0.23919469192150322	PASS	0.3644359575792791	HIGHER_HAZARD
ENSG00000017797.13	1851	176	0.8640425346117183	-0.1461332815151579	0.12429988872328074	0.23973438912672085	PASS	0.3645882821516517	LOWER_HAZARD
ENSG00000037637.11	1851	176	0.8005171322732214	-0.22249734480908795	0.18929921472145375	0.23984518492394324	PASS	0.3645882821516517	LOWER_HAZARD
ENSG00000101464.11	1851	176	1.1461965236125036	0.13644909016327153	0.11623902727522195	0.24044853684743095	PASS	0.3645882821516517	HIGHER_HAZARD
ENSG00000106355.10	1851	176	0.8489285595004268	-0.16378024285392392	0.13955193978668584	0.2405492902556301	PASS	0.3645882821516517	LOWER_HAZARD
ENSG00000103245.14	1851	176	1.1493353480567539	0.1391838170814124	0.11871599141393419	0.24103248119343346	PASS	0.3645882821516517	HIGHER_HAZARD
ENSG00000116922.14	1851	176	0.8517979386120398	-0.16040594153347304	0.1368960398187754	0.24130328943636303	PASS	0.3645882821516517	LOWER_HAZARD
ENSG00000141741.12	1851	176	0.9133973027214759	-0.090584331244712	0.07730925949357349	0.24131195451022658	PASS	0.3645882821516517	LOWER_HAZARD
ENSG00000136122.18	1851	176	1.1137772152690417	0.10775713521166753	0.0919991256812806	0.24148450388577336	PASS	0.3645882821516517	HIGHER_HAZARD
ENSG00000002834.18	1851	176	0.88752688740642	-0.11931646242226497	0.1019178481758549	0.24171450269493722	PASS	0.3645882821516517	LOWER_HAZARD
ENSG00000104472.10	1851	176	1.12841316624458	0.1208123681426629	0.10342365592976996	0.24275396846151576	PASS	0.36554342216064123	HIGHER_HAZARD
ENSG00000103194.16	1851	176	0.8391574598141921	-0.17535691454072438	0.15015987922909346	0.24288689038844968	PASS	0.36554342216064123	LOWER_HAZARD
ENSG00000108559.12	1851	176	1.1676214232018431	0.15496870789548323	0.13278684481802144	0.2431907235361569	PASS	0.3655949236308523	HIGHER_HAZARD
ENSG00000119616.11	1851	176	0.8329712087846406	-0.18275620069636317	0.15685780594612678	0.24397549542678776	PASS	0.36636851804952847	LOWER_HAZARD
ENSG00000100764.14	1851	176	1.1585685392555882	0.1471852252081239	0.12765787726777364	0.24892423376492812	PASS	0.3733863506473922	HIGHER_HAZARD
ENSG00000133103.17	1851	176	0.8754867090888948	-0.13297530830933207	0.11543632146817906	0.24934718163571357	PASS	0.3736074898320747	LOWER_HAZARD
ENSG00000213995.11	1851	176	0.8798776463531065	-0.1279724194117026	0.11162871848784703	0.25162502733606307	PASS	0.3766043455493394	LOWER_HAZARD
ENSG00000175324.10	1851	176	0.8816717283937671	-0.12593548228498813	0.11006973075903333	0.25256444913438725	PASS	0.3775935976033397	LOWER_HAZARD
ENSG00000133935.7	1851	176	1.1639864092830328	0.15185067336739938	0.1330491335403374	0.25373979545655334	PASS	0.3789329985011964	HIGHER_HAZARD
ENSG00000014164.7	1851	176	1.1273925353998637	0.11990747556825726	0.10547358594569553	0.25560167349375784	PASS	0.3812935855418434	HIGHER_HAZARD
ENSG00000167702.13	1851	176	1.074761331436143	0.07209861966143975	0.06379050334873183	0.2583748373402506	PASS	0.38500690047624153	HIGHER_HAZARD
ENSG00000168522.13	1851	176	0.8696380291972226	-0.13967821230381294	0.12370472752255308	0.25884472515159707	PASS	0.38528369627394693	LOWER_HAZARD
ENSG00000139517.9	1851	176	0.9005645361884539	-0.10473344987306143	0.09334738034325868	0.2618729657408855	PASS	0.38878804005779555	LOWER_HAZARD
ENSG00000103423.14	1851	176	0.8581586138228549	-0.15296633198412657	0.1363820368123751	0.2620318046694582	PASS	0.38878804005779555	LOWER_HAZARD
ENSG00000104412.8	1851	176	0.8738241817982829	-0.1348760885535152	0.12026000429164523	0.26205919514220144	PASS	0.38878804005779555	LOWER_HAZARD
ENSG00000124688.14	1851	176	0.8376980577736762	-0.17709755634759147	0.1584262166780744	0.26362887860817485	PASS	0.3906893545275247	LOWER_HAZARD
ENSG00000159792.10	1851	176	1.1556196983745628	0.1446367354793404	0.13011881867352718	0.2663212252883316	PASS	0.3942484514093642	HIGHER_HAZARD
ENSG00000160959.8	1851	176	0.8760181460207856	-0.13236847362469065	0.11947615020403121	0.26790194428418845	PASS	0.3961559830418316	LOWER_HAZARD
ENSG00000168172.9	1851	176	0.9034170930410719	-0.10157093515130891	0.0919940579221843	0.26954836663096804	PASS	0.3977935271406933	LOWER_HAZARD
ENSG00000089022.14	1851	176	0.8443815391087197	-0.16915082597941383	0.15321726142813735	0.2695960556359124	PASS	0.3977935271406933	LOWER_HAZARD
ENSG00000103249.18	1851	176	1.1359372751046497	0.12745810319763054	0.11579386944579181	0.27101299251389166	PASS	0.39944958461830116	HIGHER_HAZARD
ENSG00000159079.19	1851	176	0.8684946565305136	-0.14099384584665886	0.1282218562209019	0.27150272715416635	PASS	0.399736914246525	LOWER_HAZARD
ENSG00000065978.19	1851	176	1.09943573333368	0.09479707849370408	0.08641170700052761	0.2726240107560717	PASS	0.4009524496586043	HIGHER_HAZARD
ENSG00000136908.18	1851	176	1.1621701536573141	0.15028907942850084	0.13747204734733545	0.2742911899452378	PASS	0.4029673386411078	HIGHER_HAZARD
ENSG00000165055.16	1851	176	0.8422818598893856	-0.1716405702937924	0.15755326188768884	0.2759718051028962	PASS	0.40476101709518947	LOWER_HAZARD
ENSG00000041802.11	1851	176	0.8503564998927277	-0.1620996057877484	0.1488379149830451	0.27610910089457985	PASS	0.40476101709518947	LOWER_HAZARD
ENSG00000157593.19	1851	176	1.1488612900976054	0.13877126929676972	0.1277269236285317	0.2772718039279518	PASS	0.40602652929406335	HIGHER_HAZARD
ENSG00000157916.20	1851	176	0.8282436491107547	-0.18844790567245387	0.1736447903977235	0.27781120737926934	PASS	0.40637755901433575	LOWER_HAZARD
ENSG00000068745.15	1851	176	0.8513067782930988	-0.16098272383896753	0.14853879923265426	0.27846431351603995	PASS	0.40689397535317906	LOWER_HAZARD
ENSG00000127054.21	1851	176	1.1628999453384914	0.15091683831238042	0.13956275870231058	0.27953938558579194	PASS	0.40802519575278134	HIGHER_HAZARD
ENSG00000158109.15	1851	176	0.8629739233380349	-0.1473708046495122	0.13653164336427864	0.28041418721882716	PASS	0.40886197620293513	LOWER_HAZARD
ENSG00000102606.18	1851	176	0.8666917176392809	-0.1430719390900128	0.13275512876608594	0.2811618181561619	PASS	0.4095117351447428	LOWER_HAZARD
ENSG00000133114.18	1851	176	0.8734192149754657	-0.1353396379717777	0.12613502387430645	0.2832826507137236	PASS	0.4121580197079498	LOWER_HAZARD
ENSG00000089195.15	1851	176	0.8658992165162903	-0.14398675534887367	0.13451114241915907	0.28441913499532945	PASS	0.4133680032729547	LOWER_HAZARD
ENSG00000160948.14	1851	176	1.1200081988002357	0.11333600563756276	0.10649063304105794	0.287201217502705	PASS	0.4165081828445087	HIGHER_HAZARD
ENSG00000100294.13	1851	176	1.1528923347897695	0.14227385860058897	0.13376386513873073	0.2875010940494618	PASS	0.4165081828445087	HIGHER_HAZARD
ENSG00000169727.12	1851	176	1.1440673304207036	0.13458974648855612	0.1265394058500958	0.2875012235563865	PASS	0.4165081828445087	HIGHER_HAZARD
ENSG00000117899.11	1851	176	0.8369655046375185	-0.1779724224392943	0.1676870480543982	0.2885369013662914	PASS	0.41756247412240255	LOWER_HAZARD
ENSG00000175581.14	1851	176	1.1242300331293518	0.11709838634138789	0.11054059083633638	0.28945189634783275	PASS	0.41844005484825286	HIGHER_HAZARD
ENSG00000179409.11	1851	176	1.1399338568954505	0.1309702404560146	0.12399522086823428	0.29085295037868375	PASS	0.4198212562370894	HIGHER_HAZARD
ENSG00000143436.11	1851	176	0.8555648274885344	-0.15599341121104357	0.14773889104498078	0.29102653455963423	PASS	0.4198212562370894	LOWER_HAZARD
ENSG00000132478.10	1851	176	1.1610465031371329	0.1493217562952812	0.14179352426291283	0.2922984080889045	PASS	0.42120790793682733	HIGHER_HAZARD
ENSG00000055070.17	1851	176	1.2137349524694845	0.19370234299308453	0.18418129244253983	0.2929400074945343	PASS	0.42168434199850163	HIGHER_HAZARD
ENSG00000229539.1	1851	176	1.1823589141663107	0.16751152277850564	0.15943729547288293	0.29342303265087466	PASS	0.42193174154250906	HIGHER_HAZARD
ENSG00000245910.8	1851	176	1.0870753444415517	0.08349091985062325	0.07966606270804935	0.294633482172843	PASS	0.42322351888387194	HIGHER_HAZARD
ENSG00000180185.11	1851	176	0.8768820857109421	-0.13138274751835405	0.12547677343455954	0.2950680944059848	PASS	0.42339929736985754	LOWER_HAZARD
ENSG00000151465.14	1851	176	0.8717165401512772	-0.13729097655327496	0.13123632445561176	0.29549848180784477	PASS	0.4234580949869997	LOWER_HAZARD
ENSG00000105058.12	1851	176	0.8210410887087761	-0.19718212363369897	0.188578021873224	0.29573364008310377	PASS	0.4234580949869997	LOWER_HAZARD
ENSG00000088832.18	1851	176	1.1425998150883152	0.13330620547407518	0.1283532779099829	0.29899627571258436	PASS	0.42767821715850673	HIGHER_HAZARD
ENSG00000082068.9	1851	176	0.8329074565600858	-0.1828327395534986	0.1761983637928144	0.29943168977153345	PASS	0.427849706354267	LOWER_HAZARD
ENSG00000168175.15	1851	176	1.1936340350133943	0.17700246464979602	0.17114997190287745	0.3010449580096912	PASS	0.4293870833580496	HIGHER_HAZARD
ENSG00000122390.19	1851	176	1.1594344571887443	0.14793234932725882	0.14312199106914897	0.30131843060027275	PASS	0.4293870833580496	HIGHER_HAZARD
ENSG00000160714.10	1851	176	0.8316313896425707	-0.18436597762770732	0.17842225533046888	0.30145759834576935	PASS	0.4293870833580496	LOWER_HAZARD
ENSG00000103275.21	1851	176	1.167145140294584	0.15456071600343496	0.1506142107814047	0.3047960294380988	PASS	0.43368669036522767	HIGHER_HAZARD
ENSG00000171453.20	1851	176	1.1287738965303562	0.12113199631597324	0.11817504349005441	0.30535289946399513	PASS	0.434023618106056	HIGHER_HAZARD
ENSG00000089693.11	1851	176	1.1355216420832277	0.12709214190032014	0.12415423753436865	0.3059943149834191	PASS	0.4344798859869281	HIGHER_HAZARD
ENSG00000151327.13	1851	176	1.1196005621816956	0.11297198078630896	0.11080745132053903	0.3079494486884232	PASS	0.4364670450849971	HIGHER_HAZARD
ENSG00000101019.22	1851	176	0.876813055208743	-0.13146147329072347	0.1289661810180063	0.3080375827037922	PASS	0.4364670450849971	LOWER_HAZARD
ENSG00000137547.9	1851	176	1.1088424675391302	0.1033166491702117	0.10161971897474743	0.309296723523219	PASS	0.4377936921685647	HIGHER_HAZARD
ENSG00000147536.12	1851	176	0.9239457422770003	-0.07910192954400463	0.07802204952477675	0.31065876963149064	PASS	0.4388471391302784	LOWER_HAZARD
ENSG00000253200.1	1851	176	1.2347971093732597	0.2109066726755693	0.20804009781841717	0.3106882400922325	PASS	0.4388471391302784	HIGHER_HAZARD
ENSG00000105221.18	1851	176	0.8692727589484616	-0.14009832615510817	0.1383626760441385	0.31127792076006544	PASS	0.4390182604488574	LOWER_HAZARD
ENSG00000058600.16	1851	176	0.866578782905695	-0.14320225312202362	0.14150750117235875	0.3115493324207682	PASS	0.4390182604488574	LOWER_HAZARD
ENSG00000171735.19	1851	176	0.8788473767382432	-0.12914402920764895	0.12767667784592762	0.3117806672656709	PASS	0.4390182604488574	LOWER_HAZARD
ENSG00000171421.13	1851	176	1.1204487444649052	0.11372926976314351	0.11350085752395127	0.3163375907634829	PASS	0.4449727936465589	HIGHER_HAZARD
ENSG00000157881.16	1851	176	1.1825607994731129	0.16768225610710732	0.16788464281557006	0.31789425603161325	PASS	0.4466990789418317	HIGHER_HAZARD
ENSG00000160688.19	1851	176	0.8818251296592228	-0.12576150832507763	0.12602107637041687	0.31830831796019776	PASS	0.44681788732301053	LOWER_HAZARD
ENSG00000155189.12	1851	176	0.912608384301238	-0.09144842326253223	0.0918723845288045	0.31954889354352844	PASS	0.44809544947779173	LOWER_HAZARD
ENSG00000246263.3	1851	176	0.8531581293289087	-0.15881036844978402	0.1598398750114785	0.32043754591969176	PASS	0.44887738870568394	LOWER_HAZARD
ENSG00000101166.16	1851	176	0.9038678270117693	-0.10107213833732415	0.1018711328962476	0.32112103698517436	PASS	0.44937061522383537	LOWER_HAZARD
ENSG00000143811.19	1851	176	1.1395730441008347	0.13065366953668875	0.13180148517298718	0.3215433452818216	PASS	0.449497707424897	HIGHER_HAZARD
ENSG00000108439.11	1851	176	0.895663330185378	-0.11019068417897182	0.11127333244895836	0.32204198470245127	PASS	0.44973113414678056	LOWER_HAZARD
ENSG00000120697.9	1851	176	0.892029708026033	-0.11425584199480522	0.11553486709401549	0.3226976205792226	PASS	0.4501831003142241	LOWER_HAZARD
ENSG00000130764.10	1851	176	0.8369813274551762	-0.17795351763616093	0.18031608807161975	0.32369283255959613	PASS	0.45110738021666225	LOWER_HAZARD
ENSG00000101247.18	1851	176	0.8704279178199625	-0.13877032869359732	0.14119097308131262	0.3256785471159631	PASS	0.453408737052614	LOWER_HAZARD
ENSG00000116350.17	1851	176	0.8393150310531685	-0.17516915901860927	0.17866359628159592	0.32686835816624604	PASS	0.45459845504967145	LOWER_HAZARD
ENSG00000081791.9	1851	176	0.8701013069917573	-0.13914562929456736	0.14252252096293855	0.32891271910049746	PASS	0.4566359378181967	LOWER_HAZARD
ENSG00000136240.10	1851	176	1.1468914249941227	0.13705517367900708	0.14040866108695962	0.3290068667023438	PASS	0.4566359378181967	HIGHER_HAZARD
ENSG00000101161.8	1851	176	0.8821613886595442	-0.1253802593745869	0.12873508257489905	0.3300862810169819	PASS	0.45766564116464975	LOWER_HAZARD
ENSG00000165526.9	1851	176	1.1361899393307338	0.12768050643766077	0.13163315009975118	0.3320603105851434	PASS	0.45993236072875837	HIGHER_HAZARD
ENSG00000136319.12	1851	176	0.8719063924011046	-0.13707320899925482	0.14188813542418005	0.3340114894359154	PASS	0.4621628364031646	LOWER_HAZARD
ENSG00000174109.5	1851	176	1.1278198377191258	0.12028642198542736	0.1247572010659215	0.3349636297613774	PASS	0.46300783074049723	HIGHER_HAZARD
ENSG00000147789.15	1851	176	0.8850855199545846	-0.12207100592580306	0.12684089200427032	0.33585136025179363	PASS	0.4637621634434136	LOWER_HAZARD
ENSG00000147533.17	1851	176	0.9087041522112143	-0.09573570289409891	0.09986298231362022	0.3377247253318165	PASS	0.4654225935191641	LOWER_HAZARD
ENSG00000127463.15	1851	176	0.8647416806262234	-0.14532445176479578	0.1515944445434028	0.3377402891024023	PASS	0.4654225935191641	LOWER_HAZARD
ENSG00000117419.16	1851	176	0.8798125027013894	-0.12804645932353803	0.13432647557529667	0.3404643743794169	PASS	0.4687001945771465	LOWER_HAZARD
ENSG00000120685.20	1851	176	1.0952405254604556	0.09097399710194184	0.09577787869171195	0.3421917706145232	PASS	0.4706004472142936	HIGHER_HAZARD
ENSG00000160993.4	1851	176	1.1643796779646498	0.15218847994129744	0.16174022520602363	0.3467336037430132	PASS	0.47636349207246803	HIGHER_HAZARD
ENSG00000147654.15	1851	176	0.8910027362742703	-0.1154077805011496	0.12282079685913061	0.34740038404516294	PASS	0.4767964785073289	LOWER_HAZARD
ENSG00000149679.11	1851	176	0.9127676832020072	-0.09127388509036093	0.09726505533419759	0.34803699955698475	PASS	0.47718723093960697	LOWER_HAZARD
ENSG00000108599.15	1851	176	0.8874970498228187	-0.11935008178139395	0.1274318739738187	0.3489748971055311	PASS	0.4779898590657577	LOWER_HAZARD
ENSG00000204619.8	1851	176	0.8541827409387528	-0.1576101257206486	0.1693796181018323	0.3521049585170901	PASS	0.48179043768836954	LOWER_HAZARD
ENSG00000130985.17	1851	176	1.1366100761305065	0.1280502149924831	0.13797607414117563	0.3533759221525581	PASS	0.4830420871359564	HIGHER_HAZARD
ENSG00000114745.13	1851	176	0.8497442025614222	-0.16281991295178327	0.17588026427470474	0.354579586743485	PASS	0.4841695087059841	LOWER_HAZARD
ENSG00000160917.15	1851	176	1.1318468301755065	0.12385066159366016	0.13387839084829778	0.35491481685379656	PASS	0.4841695087059841	HIGHER_HAZARD
ENSG00000111667.14	1851	176	1.1399549159207054	0.13098871418640598	0.14260936907660077	0.3583497882719744	PASS	0.48836413356462033	HIGHER_HAZARD
ENSG00000169217.9	1851	176	0.8815913024218626	-0.12602670630608398	0.13734169157259313	0.35882080527481897	PASS	0.488515072241621	LOWER_HAZARD
ENSG00000136098.17	1851	176	1.0685457906397509	0.06629864992643204	0.0724227544417897	0.35996095119228555	PASS	0.48957577714818373	HIGHER_HAZARD
ENSG00000214050.8	1851	176	0.9223890136582646	-0.08078822070287632	0.08846687191664111	0.3611357396711813	PASS	0.4906814258458135	LOWER_HAZARD
ENSG00000164983.7	1851	176	0.9208052884046898	-0.08250667831913897	0.0906189582805721	0.3625698365003578	PASS	0.4921368351296148	LOWER_HAZARD
ENSG00000259891.1	1851	176	0.9043245039425349	-0.10056701846411395	0.11105798241952478	0.3651814144732669	PASS	0.49518599802575	LOWER_HAZARD
ENSG00000166685.12	1851	176	0.8827391782557674	-0.12472550337564142	0.1383368417757899	0.36726552341921304	PASS	0.49724267173842435	LOWER_HAZARD
ENSG00000164951.16	1851	176	0.9223265365577531	-0.08085595700024548	0.0897137104903381	0.3674466696844042	PASS	0.49724267173842435	LOWER_HAZARD
ENSG00000160214.13	1851	176	1.1018171063628384	0.09696073176898995	0.10766174111769125	0.3677982299068139	PASS	0.49724267173842435	HIGHER_HAZARD
ENSG00000104299.15	1851	176	0.8793834691178937	-0.12853422032216977	0.14320259206647998	0.36941532390411325	PASS	0.49893145340037603	LOWER_HAZARD
ENSG00000134779.15	1851	176	0.9058759293972879	-0.09885292558684512	0.11041183064292744	0.3706208661593323	PASS	0.5000615865791589	LOWER_HAZARD
ENSG00000147439.13	1851	176	1.1245075336566595	0.11734519195607149	0.13128648532680479	0.3714234824079924	PASS	0.5006463639614689	HIGHER_HAZARD
ENSG00000106399.11	1851	176	1.1177776098314722	0.1113424370851884	0.12495312911427071	0.37288967612470036	PASS	0.5021098763903379	HIGHER_HAZARD
ENSG00000134882.16	1851	176	1.129952225084696	0.12217535314437054	0.13721362870965162	0.3732498196175963	PASS	0.5021098763903379	HIGHER_HAZARD
ENSG00000105176.18	1851	176	0.8898001514772648	-0.1167583903727806	0.13134391579456745	0.37402906641838907	PASS	0.5026594787545446	LOWER_HAZARD
ENSG00000114650.20	1851	176	1.1258890584441916	0.1185729977267844	0.1345722077786834	0.37825796459995586	PASS	0.5078394059381586	HIGHER_HAZARD
ENSG00000204356.14	1851	176	1.1219981446167306	0.11511115345985969	0.13097604550184697	0.37947078792927336	PASS	0.5089637867775417	HIGHER_HAZARD
ENSG00000134905.17	1851	176	1.1052707292554815	0.10009030881228856	0.11400656618777501	0.3799792123743654	PASS	0.5091421066992485	HIGHER_HAZARD
ENSG00000101412.13	1851	176	1.0607282479970221	0.05895569864165306	0.06740171091649162	0.3817418265264493	PASS	0.5109989306711404	HIGHER_HAZARD
ENSG00000106244.13	1851	176	1.1404171383165644	0.13139410628137593	0.15054306280492666	0.38277166121368067	PASS	0.5118721623330877	HIGHER_HAZARD
ENSG00000140950.16	1851	176	0.9151724080768541	-0.08864280732850274	0.1017189671832545	0.3835094966134902	PASS	0.5123535738008795	LOWER_HAZARD
ENSG00000086232.13	1851	176	0.8702554951956014	-0.13896843780825402	0.1597263538980971	0.3842781315271384	PASS	0.5128751440460627	LOWER_HAZARD
ENSG00000104290.11	1851	176	0.9437844002626086	-0.05785752847382329	0.0665587533722435	0.3846994601100625	PASS	0.5129326134800833	LOWER_HAZARD
ENSG00000102710.20	1851	176	0.8894906164771507	-0.11710632114251372	0.13525472005731376	0.3865885575359088	PASS	0.514945072709914	LOWER_HAZARD
ENSG00000089006.17	1851	176	0.8782465305407186	-0.12982793826732433	0.1503241015604379	0.38777825839017066	PASS	0.5160228835888827	LOWER_HAZARD
ENSG00000278053.5	1851	176	0.8971152774096864	-0.10857091078853831	0.1259117917545088	0.38853480592558653	PASS	0.5162488491562705	LOWER_HAZARD
ENSG00000114383.10	1851	176	0.8753597036697868	-0.13312038719050104	0.15451066563661983	0.38892905594545224	PASS	0.5162488491562705	LOWER_HAZARD
ENSG00000180957.18	1851	176	0.8782242906652028	-0.12985326163193528	0.1507697884372372	0.38909020931984395	PASS	0.5162488491562705	LOWER_HAZARD
ENSG00000145979.18	1851	176	0.9038213542531751	-0.10112355509534438	0.1176600827367852	0.390089496076816	PASS	0.5170687748584188	LOWER_HAZARD
ENSG00000112110.10	1851	176	1.1241385691288743	0.11701702601600708	0.13706788776718906	0.39326245910947766	PASS	0.5206575745342412	HIGHER_HAZARD
ENSG00000180979.10	1851	176	0.8638896279991684	-0.14631026370954925	0.1715758355279144	0.39380128673271775	PASS	0.5206575745342412	LOWER_HAZARD
ENSG00000181610.13	1851	176	0.9015865833452139	-0.10359919730649651	0.12152712856846891	0.3939488727670586	PASS	0.5206575745342412	LOWER_HAZARD
ENSG00000179041.4	1851	176	1.0801339621476043	0.07708507246948403	0.09055856614355705	0.39464832137170147	PASS	0.5210741224732495	HIGHER_HAZARD
ENSG00000175354.20	1851	176	0.8894304988287427	-0.11717391002873645	0.13852280874608325	0.39761873793192115	PASS	0.5244854169607831	LOWER_HAZARD
ENSG00000156471.13	1851	176	0.9083927019355872	-0.09607850275968258	0.1140012071557568	0.3993487212254455	PASS	0.5258771120839206	LOWER_HAZARD
ENSG00000015676.18	1851	176	0.8737633649973979	-0.13494568941674065	0.1601529773017241	0.3994494287953084	PASS	0.5258771120839206	LOWER_HAZARD
ENSG00000143379.12	1851	176	0.9049440473452238	-0.09988216333139958	0.11878459002790709	0.4004218744472505	PASS	0.5266460346755303	LOWER_HAZARD
ENSG00000063244.13	1851	176	1.1437393428334168	0.13430301982290876	0.1600003438442876	0.40124933236263993	PASS	0.5272229599648641	HIGHER_HAZARD
ENSG00000123179.14	1851	176	1.0918110476281795	0.08783782904319536	0.10483728788016267	0.402115449353463	PASS	0.5278495153178081	HIGHER_HAZARD
ENSG00000136100.14	1851	176	0.9093461028856495	-0.09502950602268165	0.1138152862302137	0.40374866710898205	PASS	0.5294808439069435	LOWER_HAZARD
ENSG00000137574.11	1851	176	0.9017410076870727	-0.1034279313168847	0.12402067477305279	0.40430511778851197	PASS	0.5296982992475577	LOWER_HAZARD
ENSG00000150459.12	1851	176	0.8952592677014874	-0.11064191807509141	0.13346658140680234	0.4071123690519951	PASS	0.5328613633537697	LOWER_HAZARD
ENSG00000125445.11	1851	176	0.8945199218988598	-0.11146810473429411	0.13535816136021675	0.4102209503331502	PASS	0.5364123516410334	LOWER_HAZARD
ENSG00000040531.16	1851	176	1.1279518811833475	0.12040349364056517	0.14727790342352495	0.4136279810926634	PASS	0.5403463799245198	HIGHER_HAZARD
ENSG00000196199.14	1851	176	0.8906250385323858	-0.11583177226068937	0.1425239594478594	0.41637981907431365	PASS	0.5434177426994893	LOWER_HAZARD
ENSG00000241258.7	1851	176	0.8748884436972679	-0.13365889366984351	0.16491730143303437	0.4176757844745044	PASS	0.5445849651417576	LOWER_HAZARD
ENSG00000165416.15	1851	176	0.8940585884306341	-0.1119839707986487	0.13868043169240157	0.4193804586599349	PASS	0.545511616037768	LOWER_HAZARD
ENSG00000146731.11	1851	176	0.903548204935177	-0.1014258168200581	0.12572248991703416	0.4198142066749022	PASS	0.545511616037768	LOWER_HAZARD
ENSG00000131165.16	1851	176	1.102679473189539	0.09774310256392578	0.12116816662816297	0.41985483667478984	PASS	0.545511616037768	HIGHER_HAZARD
ENSG00000137513.10	1851	176	0.913040113559365	-0.09097546336178382	0.11281277128406106	0.4199956689848302	PASS	0.545511616037768	LOWER_HAZARD
ENSG00000106086.20	1851	176	0.9166781549877459	-0.08699884435425898	0.10890975828949516	0.4243971814718448	PASS	0.5507010316515039	LOWER_HAZARD
ENSG00000100804.19	1851	176	1.117150611561336	0.11078134677312926	0.1394415772384112	0.42692521867404676	PASS	0.5534518131185538	HIGHER_HAZARD
ENSG00000168876.9	1851	176	0.8963908767513813	-0.10937871476068155	0.13826473624244512	0.4288962659786182	PASS	0.55547596625311	LOWER_HAZARD
ENSG00000160908.15	1851	176	1.1653246682317133	0.15299973336959946	0.19429801585607784	0.4310192074780511	PASS	0.5576927913551882	HIGHER_HAZARD
ENSG00000171161.13	1851	176	1.123909102633525	0.11681287865825435	0.14871844532113113	0.43218198839042177	PASS	0.5585727081946265	HIGHER_HAZARD
ENSG00000157349.17	1851	176	1.13635233055226	0.1278234223463808	0.16299889513883611	0.43292388533120696	PASS	0.5585727081946265	HIGHER_HAZARD
ENSG00000100461.18	1851	176	0.8671323351539806	-0.142563678146839	0.18179990093014348	0.432935041528431	PASS	0.5585727081946265	LOWER_HAZARD
ENSG00000143258.16	1851	176	0.9051969979501346	-0.09960268167750881	0.1272156119400616	0.433660082668878	PASS	0.5586870358611176	LOWER_HAZARD
ENSG00000141499.17	1851	176	1.1161104132124118	0.10984979563548097	0.14044455594033253	0.43412188036178223	PASS	0.5586870358611176	HIGHER_HAZARD
ENSG00000254093.9	1851	176	1.0971915960735739	0.09275382062213239	0.11863246681451967	0.4342976470071256	PASS	0.5586870358611176	HIGHER_HAZARD
ENSG00000101407.13	1851	176	0.903966440855842	-0.10096304222611163	0.12923725887980891	0.434671698254778	PASS	0.5586870358611176	LOWER_HAZARD
ENSG00000135334.9	1851	176	1.1136630906276244	0.10765466365163061	0.13850299934934998	0.43699762813054166	PASS	0.5611446815767183	HIGHER_HAZARD
ENSG00000037474.15	1851	176	0.9011462040166925	-0.10408776592894402	0.13412287461164465	0.437711940679711	PASS	0.561504882270237	LOWER_HAZARD
ENSG00000112062.11	1851	176	0.891267637802258	-0.11511051748899216	0.14845404537856394	0.43810631669757427	PASS	0.561504882270237	LOWER_HAZARD
ENSG00000129245.12	1851	176	0.892127407423175	-0.1141463231677987	0.14748188726889205	0.43894946705406446	PASS	0.5620542750947227	LOWER_HAZARD
ENSG00000124733.5	1851	176	0.9016757035975589	-0.10350035394570214	0.134960131983481	0.44314349057840685	PASS	0.5668892200229431	LOWER_HAZARD
ENSG00000120925.16	1851	176	0.9142918551699584	-0.08960544212010145	0.1172648116468494	0.44479037776382413	PASS	0.5684597099413247	LOWER_HAZARD
ENSG00000188342.12	1851	176	0.9161953915921799	-0.08752562745681478	0.11535272973215425	0.44799307615666173	PASS	0.5720137582565286	LOWER_HAZARD
ENSG00000144741.18	1851	176	0.8840652712477478	-0.12322438281714722	0.16281636549274445	0.4491514487613387	PASS	0.5729533062280107	LOWER_HAZARD
ENSG00000136982.6	1851	176	0.9442851018683638	-0.057327143742829316	0.07597798307599427	0.45053517663705933	PASS	0.5733864442884348	LOWER_HAZARD
ENSG00000126216.15	1851	176	0.9131082192715563	-0.09090087389826823	0.12049561983681217	0.4506141615421816	PASS	0.5733864442884348	LOWER_HAZARD
ENSG00000006695.12	1851	176	1.1221761152006173	0.11526976020216702	0.15296540416071613	0.45110895381728255	PASS	0.5733864442884348	HIGHER_HAZARD
ENSG00000105819.14	1851	176	0.8818733028232827	-0.1257068808862994	0.16684275500725276	0.4511824012210619	PASS	0.5733864442884348	LOWER_HAZARD
ENSG00000130939.20	1851	176	0.8997025900312465	-0.10569102579112084	0.140685507771639	0.45249777432246996	PASS	0.5745196460498776	LOWER_HAZARD
ENSG00000087299.12	1851	176	0.9159636604321293	-0.08777858711228818	0.11749151841387506	0.45499973922295656	PASS	0.5771558899778569	LOWER_HAZARD
ENSG00000215305.10	1851	176	0.8989614912395276	-0.10651508053416463	0.14351176529492732	0.4579634318587116	PASS	0.5803723491592644	LOWER_HAZARD
ENSG00000124222.22	1851	176	0.9184914232254308	-0.08502271217629101	0.11568642545334754	0.46237534829514015	PASS	0.5854164073652756	LOWER_HAZARD
ENSG00000181135.16	1851	176	0.9215126622662393	-0.08173876103748481	0.11213726212150632	0.4660524114965323	PASS	0.5892648321190479	LOWER_HAZARD
ENSG00000131899.11	1851	176	0.9164994623935473	-0.08719379828896805	0.11968318095243899	0.4662840448847628	PASS	0.5892648321190479	LOWER_HAZARD
ENSG00000174231.17	1851	176	0.9094180450987985	-0.0949503949259886	0.13059023824960037	0.4671729885319901	PASS	0.5898385218336858	LOWER_HAZARD
ENSG00000007923.16	1851	176	1.0975522912751268	0.09308251064093538	0.1281706014796672	0.4676921659812544	PASS	0.5899447228563544	HIGHER_HAZARD
ENSG00000104524.14	1851	176	0.9369270977520142	-0.06514980366385605	0.0899998797788898	0.4691346976259346	PASS	0.5912143587181853	LOWER_HAZARD
ENSG00000253710.4	1851	176	0.9233588173768242	-0.07973736880263477	0.11053845967261854	0.47069169205962835	PASS	0.5926257515625405	LOWER_HAZARD
ENSG00000160957.14	1851	176	1.0502334973361342	0.04901251786238337	0.06861691544173111	0.4750466011209067	PASS	0.5975539806307508	HIGHER_HAZARD
ENSG00000102805.16	1851	176	0.9071040073787338	-0.09749816357942627	0.1382935513929959	0.48080479189171643	PASS	0.60278175499222	LOWER_HAZARD
ENSG00000197363.9	1851	176	0.9286117653500056	-0.07406453348949604	0.10521358804012203	0.48146729665560795	PASS	0.60278175499222	LOWER_HAZARD
ENSG00000167700.9	1851	176	1.055322321167534	0.053846237961347757	0.07651304776039262	0.4815870062850275	PASS	0.60278175499222	HIGHER_HAZARD
ENSG00000108883.13	1851	176	0.9004971778258194	-0.10480824837901136	0.14893898064723904	0.48162009001705586	PASS	0.60278175499222	LOWER_HAZARD
ENSG00000104613.12	1851	176	0.916818293961238	-0.08684597907454124	0.12345433496458154	0.48176512641754377	PASS	0.60278175499222	LOWER_HAZARD
ENSG00000146109.5	1851	176	1.102964876188123	0.09800189587324358	0.13934610091647062	0.48186978053950325	PASS	0.60278175499222	HIGHER_HAZARD
ENSG00000101152.11	1851	176	1.0872363211522311	0.08363899127342878	0.11978038100550696	0.4850086460045159	PASS	0.6061490543614041	HIGHER_HAZARD
ENSG00000215251.4	1851	176	0.90634033996365	-0.09834039230438837	0.1417302997983111	0.48777263711416385	PASS	0.6090420772806686	LOWER_HAZARD
ENSG00000169062.15	1851	176	0.9180492024153886	-0.08550429239555196	0.12356599235118156	0.48895447828952876	PASS	0.6099560925120524	LOWER_HAZARD
ENSG00000167881.15	1851	176	0.8963958390716067	-0.10937317888719296	0.15895018904117986	0.4913915780941972	PASS	0.6118680768290689	LOWER_HAZARD
ENSG00000108671.11	1851	176	0.9115780191621816	-0.0925780942727708	0.13467669857318101	0.4918244683543519	PASS	0.6118680768290689	LOWER_HAZARD
ENSG00000120686.12	1851	176	0.915310412862641	-0.08849202220834787	0.12885820043176643	0.4922468710199689	PASS	0.6118680768290689	LOWER_HAZARD
ENSG00000141026.6	1851	176	0.8947309209915884	-0.11123225284740511	0.16198844877487187	0.49229208836321103	PASS	0.6118680768290689	LOWER_HAZARD
ENSG00000105053.11	1851	176	0.8928684884499216	-0.11331597832382503	0.16645192686197183	0.49601513420526655	PASS	0.6159308809362101	LOWER_HAZARD
ENSG00000124659.7	1851	176	0.9094393307979948	-0.09492698935336996	0.13977125793623144	0.49703675260727687	PASS	0.6166348001239409	LOWER_HAZARD
ENSG00000159210.10	1851	176	1.0892523031518024	0.08549150045137274	0.12604028332510642	0.4975896652286397	PASS	0.6167564771938167	HIGHER_HAZARD
ENSG00000171953.16	1851	176	1.0973293816823335	0.09287939300019324	0.13754239196663837	0.49949896626521784	PASS	0.6185576239777493	HIGHER_HAZARD
ENSG00000141378.15	1851	176	0.9242566949120316	-0.07876543757569174	0.11724070505567633	0.5016940202308111	PASS	0.6207090250300912	LOWER_HAZARD
ENSG00000168591.16	1851	176	1.1073785097078244	0.10199551913916648	0.15293092951072892	0.5048114409581148	PASS	0.6235947983277771	HIGHER_HAZARD
ENSG00000172409.6	1851	176	0.8933312933574694	-0.11279777770302322	0.16918123702738877	0.5049462305043505	PASS	0.6235947983277771	LOWER_HAZARD
ENSG00000255224.1	1851	176	0.9264966195820316	-0.0763448818526592	0.11473846850353563	0.505806360909421	PASS	0.6240886491293675	LOWER_HAZARD
ENSG00000147604.14	1851	176	0.9355506579409767	-0.06661998407564025	0.10027147985997188	0.5064368033377142	PASS	0.6241128734827648	LOWER_HAZARD
ENSG00000069998.12	1851	176	1.0723131829825858	0.06981816828625512	0.10516175099165687	0.5067465145313599	PASS	0.6241128734827648	HIGHER_HAZARD
ENSG00000133028.12	1851	176	0.9099741668604997	-0.09433906793957506	0.14227780574158605	0.507290569793363	PASS	0.6242159824317606	LOWER_HAZARD
ENSG00000179886.6	1851	176	1.0634882474707645	0.06155430479386393	0.09325411326764234	0.5092084810996088	PASS	0.6260078879157476	HIGHER_HAZARD
ENSG00000101363.12	1851	176	0.9050763252650024	-0.09973600152900693	0.1514591813305774	0.5102163430407398	PASS	0.6266787691696043	LOWER_HAZARD
ENSG00000137166.16	1851	176	1.0565348077310428	0.0549945037982177	0.08423026184001119	0.5138164178331026	PASS	0.6305294683997168	HIGHER_HAZARD
ENSG00000124422.12	1851	176	0.9405695492016564	-0.061269683797426214	0.09419100576891982	0.5153800339173178	PASS	0.6318764249474529	LOWER_HAZARD
ENSG00000104408.11	1851	176	0.9311118573366286	-0.07137586140702883	0.1099151993730678	0.5160979073498726	PASS	0.6321849705207112	LOWER_HAZARD
ENSG00000283078.1	1851	176	0.913493280774585	-0.09047925866503528	0.1409821186955651	0.5210171679155309	PASS	0.6376347289652166	LOWER_HAZARD
ENSG00000136448.13	1851	176	1.1209850669098596	0.1142078227790461	0.17875431737098607	0.5228818393645956	PASS	0.6388533499872169	HIGHER_HAZARD
ENSG00000171763.20	1851	176	1.096418246728084	0.09204872770867087	0.14412699225583056	0.5230415083699298	PASS	0.6388533499872169	HIGHER_HAZARD
ENSG00000104221.13	1851	176	0.9418258242806111	-0.059934921416296125	0.09398909117322628	0.5236822998740996	PASS	0.6388533499872169	LOWER_HAZARD
ENSG00000186918.14	1851	176	0.9360017793004879	-0.06613790154429207	0.10388016504969144	0.5243365770174409	PASS	0.6388533499872169	LOWER_HAZARD
ENSG00000132964.12	1851	176	1.0613899371559938	0.05957931063936825	0.09358606551042041	0.5243685682417201	PASS	0.6388533499872169	HIGHER_HAZARD
ENSG00000101337.16	1851	176	1.0946311388438985	0.09041744701526781	0.14242759495214152	0.5255386679905518	PASS	0.6397041596007076	HIGHER_HAZARD
ENSG00000116521.11	1851	176	0.9152920483418624	-0.08851208611754549	0.14074218634148408	0.5294176655139198	PASS	0.6438478515128926	LOWER_HAZARD
ENSG00000196591.12	1851	176	0.9331966495510924	-0.06913932912089107	0.11010275352030828	0.5300348799494773	PASS	0.644020875637537	LOWER_HAZARD
ENSG00000184887.13	1851	176	0.9179955665295583	-0.08556271786180722	0.1371378493592534	0.5326817010735014	PASS	0.6466574634339014	LOWER_HAZARD
ENSG00000182173.13	1851	176	0.9272675343536548	-0.07551315273066919	0.12161354776122235	0.5346475613865868	PASS	0.64846341076942	LOWER_HAZARD
ENSG00000100099.21	1851	176	1.0925632969280417	0.08852658400085615	0.14329567284392708	0.5367140049048147	PASS	0.6495265461339049	HIGHER_HAZARD
ENSG00000167699.13	1851	176	0.9077423090366684	-0.09679474128026999	0.1567791074136924	0.5369737806419781	PASS	0.6495265461339049	LOWER_HAZARD
ENSG00000235173.7	1851	176	0.9384798397003719	-0.06349390459240573	0.10289975051168472	0.5372042238501258	PASS	0.6495265461339049	LOWER_HAZARD
ENSG00000180938.6	1851	176	0.9482006768851827	-0.05318911465107218	0.08624954319865785	0.5374401067568151	PASS	0.6495265461339049	LOWER_HAZARD
ENSG00000272338.2	1851	176	1.1309035083413221	0.12301687814634264	0.20165305851606952	0.5418338445622846	PASS	0.6542535113325537	HIGHER_HAZARD
ENSG00000107929.15	1851	176	1.0911719471628138	0.0872522995313761	0.1459266594133013	0.5498940854615773	PASS	0.6633953557703726	HIGHER_HAZARD
ENSG00000119487.17	1851	176	0.8874426125082782	-0.11941142168574444	0.2017196411358834	0.5538725176351132	PASS	0.6673095825594333	LOWER_HAZARD
ENSG00000064999.15	1851	176	0.9302873866095167	-0.07226172271132486	0.122323057442745	0.5546913566011797	PASS	0.6673095825594333	LOWER_HAZARD
ENSG00000167632.18	1851	176	0.9332248856926345	-0.06910907213873442	0.11703542596466605	0.554857472321989	PASS	0.6673095825594333	LOWER_HAZARD
ENSG00000141551.14	1851	176	1.099581237990586	0.0949294145866183	0.16086332806791204	0.5551070863768737	PASS	0.6673095825594333	HIGHER_HAZARD
ENSG00000147454.14	1851	176	1.0448044794434639	0.04382976690015741	0.07662758389093163	0.567332682066672	PASS	0.6814022293023978	HIGHER_HAZARD
ENSG00000156411.10	1851	176	1.0638588754362635	0.06190274625436464	0.10889619895202277	0.5697250716480422	PASS	0.6836700859776507	HIGHER_HAZARD
ENSG00000106245.11	1851	176	1.0826956118966473	0.0794538684001585	0.1406503124857188	0.5721393323298314	PASS	0.6859601544113628	HIGHER_HAZARD
ENSG00000204628.12	1851	176	1.0677745285722173	0.06557660268088955	0.11767052529354116	0.5773293322460198	PASS	0.6915711789095431	HIGHER_HAZARD
ENSG00000101216.11	1851	176	1.0836343475947043	0.08032052839597402	0.14448039155609546	0.5782608649685377	PASS	0.6920756689296885	HIGHER_HAZARD
ENSG00000163159.14	1851	176	1.0715648826499855	0.0691200872013425	0.12484670186956577	0.5798254690960665	PASS	0.6933362752154023	HIGHER_HAZARD
ENSG00000154124.5	1851	176	0.9323169963376945	-0.07008239730002962	0.12703791264143194	0.5811777469591004	PASS	0.6937412864317264	LOWER_HAZARD
ENSG00000108963.19	1851	176	0.9255335057308439	-0.07738494478127292	0.14027877210795045	0.5811873904029803	PASS	0.6937412864317264	LOWER_HAZARD
ENSG00000101391.21	1851	176	0.9210695359762223	-0.08221974505977991	0.14972809626582886	0.5829182755153544	PASS	0.6951954103771508	LOWER_HAZARD
ENSG00000083635.8	1851	176	0.9240668954237315	-0.07897081231630482	0.14494187504015452	0.5858603329959113	PASS	0.6980901683149875	LOWER_HAZARD
ENSG00000100353.18	1851	176	1.0809240460240839	0.07781627349110753	0.1436635764578299	0.5880553368049888	PASS	0.7000904624298199	HIGHER_HAZARD
ENSG00000100324.14	1851	176	1.0855973487944341	0.0821303873786079	0.15288453100559354	0.5911257789103417	PASS	0.7027598676175546	HIGHER_HAZARD
ENSG00000103248.19	1851	176	1.0848722203654042	0.08146221080860498	0.15188087827460525	0.5917125780014003	PASS	0.7027598676175546	HIGHER_HAZARD
ENSG00000182307.14	1851	176	0.948675259828633	-0.05268873089463649	0.09840083133356274	0.5923386829508965	PASS	0.7027598676175546	LOWER_HAZARD
ENSG00000106603.19	1851	176	1.0893722280274216	0.08560159273576966	0.15988227450478446	0.592370596376744	PASS	0.7027598676175546	HIGHER_HAZARD
ENSG00000136143.16	1851	176	1.0648982283615211	0.06287923437129556	0.1184827082532057	0.5956239887760962	PASS	0.7057413825158565	HIGHER_HAZARD
ENSG00000100319.13	1851	176	1.0741098297338507	0.07149225318025941	0.13482234188620734	0.5959246924636104	PASS	0.7057413825158565	HIGHER_HAZARD
ENSG00000153487.13	1851	176	1.0641159877643078	0.062144396034859536	0.11772538072732582	0.5975854448853148	PASS	0.7070906311208438	HIGHER_HAZARD
ENSG00000112578.10	1851	176	0.9428368886130166	-0.05886198202774333	0.11197397164953245	0.5991136365256251	PASS	0.7078831130933498	LOWER_HAZARD
ENSG00000146386.8	1851	176	0.9527965994025986	-0.04835383000430221	0.09203093128917728	0.5992992727368478	PASS	0.7078831130933498	LOWER_HAZARD
ENSG00000100823.12	1851	176	0.9304084091436926	-0.07213163961593363	0.13762204156145175	0.6001891397915963	PASS	0.708317209362406	LOWER_HAZARD
ENSG00000177370.5	1851	176	0.9169112030497674	-0.08674464560222674	0.16619146997313897	0.6017009215063349	PASS	0.709483869184861	LOWER_HAZARD
ENSG00000141568.21	1851	176	0.932250522011648	-0.07015369997522945	0.13555730534052243	0.604792782286379	PASS	0.7125100024155777	LOWER_HAZARD
ENSG00000241127.8	1851	176	1.0601094709737329	0.05837217729505297	0.11302701479237517	0.6055440099757432	PASS	0.7127757617422811	HIGHER_HAZARD
ENSG00000132963.8	1851	176	1.0609783177252787	0.05919142372584188	0.11576816643711478	0.6091460836350284	PASS	0.7163938329653934	HIGHER_HAZARD
ENSG00000141644.17	1851	176	1.088073760368545	0.08440894059219402	0.16553713756156876	0.6101149441893775	PASS	0.7169114942121282	HIGHER_HAZARD
ENSG00000118420.17	1851	176	1.0627390202890816	0.060849556788744	0.11970741919648756	0.6112296406446803	PASS	0.7174817576467377	HIGHER_HAZARD
ENSG00000112592.14	1851	176	0.9176662166023178	-0.08592155295201925	0.16923435905151826	0.6116584895572484	PASS	0.7174817576467377	LOWER_HAZARD
ENSG00000184428.13	1851	176	1.0439734294574738	0.04303403842534008	0.08560999712820586	0.6151925172266477	PASS	0.7210035033356389	HIGHER_HAZARD
ENSG00000104671.8	1851	176	0.936081357820999	-0.06605288553300391	0.13249175733306293	0.6181011173699598	PASS	0.7237868006508337	LOWER_HAZARD
ENSG00000272172.1	1851	176	1.0846312376647778	0.0812400561024435	0.16405295946416404	0.6204545167276956	PASS	0.7259157244890037	HIGHER_HAZARD
ENSG00000089123.16	1851	176	1.0757506406371975	0.07301868826249043	0.1490074865612167	0.6241100601737453	PASS	0.7295631393065505	HIGHER_HAZARD
ENSG00000170619.10	1851	176	0.938375749447959	-0.06360482442355465	0.13010450519144745	0.6249302805915034	PASS	0.7298927308200504	LOWER_HAZARD
ENSG00000105171.10	1851	176	1.065055807562678	0.06302719925578272	0.1297485120776441	0.6271342660865529	PASS	0.7318365445898155	HIGHER_HAZARD
ENSG00000185024.17	1851	176	0.9379737817889594	-0.06403328155103231	0.13319431112155253	0.6306935686647499	PASS	0.7353572477294934	LOWER_HAZARD
ENSG00000092094.11	1851	176	0.9304940935259741	-0.07203955055461074	0.1503416635237563	0.6318161064291508	PASS	0.7360331961494231	LOWER_HAZARD
ENSG00000152749.8	1851	176	0.9490140724868307	-0.05233165172890778	0.10970957486126316	0.633360923983324	PASS	0.7371994960698603	LOWER_HAZARD
ENSG00000141570.11	1851	176	1.0550850300120846	0.05362136084810551	0.11331879949455388	0.6360773915758017	PASS	0.7384755960333711	HIGHER_HAZARD
ENSG00000103932.12	1851	176	1.070804025230176	0.06840979174382358	0.14460848120179493	0.6361639419607261	PASS	0.7384755960333711	HIGHER_HAZARD
ENSG00000109079.10	1851	176	0.9388177022165332	-0.06313395896603038	0.13360437121497032	0.6365384632667239	PASS	0.7384755960333711	LOWER_HAZARD
ENSG00000188243.13	1851	176	1.0561799425928728	0.05465857095025243	0.11570206994847225	0.6366356723916009	PASS	0.7384755960333711	HIGHER_HAZARD
ENSG00000213676.13	1851	176	0.9313438879503966	-0.07112669509469575	0.15142377832602796	0.6385554641391968	PASS	0.7400694097202999	LOWER_HAZARD
ENSG00000100216.6	1851	176	1.066157000880167	0.0640605952743545	0.13757645114864173	0.6414758260874035	PASS	0.7428191461780693	HIGHER_HAZARD
ENSG00000101294.18	1851	176	1.0685098185032342	0.06626498478794329	0.14325677777930743	0.6436791368425694	PASS	0.7447345644697305	HIGHER_HAZARD
ENSG00000141456.16	1851	176	0.940887418602696	-0.060931786721380034	0.13197055166016436	0.6442911286881492	PASS	0.7448071359770932	LOWER_HAZARD
ENSG00000121073.15	1851	176	0.9433876984730198	-0.058277947783432385	0.12782520501879552	0.6484481803543554	PASS	0.7476239507876281	LOWER_HAZARD
ENSG00000172775.17	1851	176	0.922121517308566	-0.08107826659535902	0.17787052449518906	0.6485140673481942	PASS	0.7476239507876281	LOWER_HAZARD
ENSG00000174446.13	1851	176	1.0768912822904617	0.07407844813046394	0.16255945955994786	0.648605268919626	PASS	0.7476239507876281	HIGHER_HAZARD
ENSG00000182473.22	1851	176	0.943508025389424	-0.0581504082325758	0.1277343886571495	0.6489331785228896	PASS	0.7476239507876281	LOWER_HAZARD
ENSG00000130724.9	1851	176	0.9445297917426662	-0.05706805019533681	0.12568853462213475	0.6497975864854904	PASS	0.7476623125534818	LOWER_HAZARD
ENSG00000132801.7	1851	176	1.0601445931674918	0.058405307469739196	0.1287407566074856	0.6500692230830052	PASS	0.7476623125534818	HIGHER_HAZARD
ENSG00000088833.17	1851	176	1.0765237357320947	0.07373708656396605	0.16477931592079514	0.6545213482145527	PASS	0.7521448713380792	HIGHER_HAZARD
ENSG00000170779.11	1851	176	1.0431838525330641	0.042277433286964636	0.09469471534158279	0.6552647663530494	PASS	0.7523615776246697	HIGHER_HAZARD
ENSG00000203288.4	1851	176	0.9191795181829975	-0.08427383491625529	0.18993309828869243	0.657257518825247	PASS	0.7540111637284559	LOWER_HAZARD
ENSG00000163930.10	1851	176	0.9251891991552302	-0.07775702275781353	0.17820119636023404	0.662587162873091	PASS	0.7594828341977273	LOWER_HAZARD
ENSG00000077549.19	1851	176	0.9256772434837496	-0.07722965424695045	0.1782259579896538	0.6647791226813189	PASS	0.7610533287974582	LOWER_HAZARD
ENSG00000136463.8	1851	176	0.9440955640922826	-0.057527884811761354	0.1328863227776594	0.6650797895464513	PASS	0.7610533287974582	LOWER_HAZARD
ENSG00000176473.13	1851	176	0.9410710268124828	-0.060736662104450514	0.1409513249413729	0.6665372855953469	PASS	0.7620780432270576	LOWER_HAZARD
ENSG00000102900.13	1851	176	0.9453467642816508	-0.05620347246694444	0.1307786679045174	0.6673700538899963	PASS	0.7623873572660782	LOWER_HAZARD
ENSG00000150401.15	1851	176	0.9527750439535465	-0.04837645360822515	0.11397024914452711	0.6712262659758741	PASS	0.7658411328801702	LOWER_HAZARD
ENSG00000198912.11	1851	176	1.069991679145692	0.06765087194422459	0.1595318240938577	0.6715229402614472	PASS	0.7658411328801702	HIGHER_HAZARD
ENSG00000139197.11	1851	176	1.058767327169989	0.05710533253615068	0.13684640446480323	0.6764625801551025	PASS	0.7708262678069908	HIGHER_HAZARD
ENSG00000181038.14	1851	176	1.0601263945929034	0.05838814119741484	0.1438034068431805	0.6847223770837823	PASS	0.7795831598031979	HIGHER_HAZARD
ENSG00000088888.18	1851	176	1.0525620842392402	0.05122727223541457	0.1268630898130942	0.6863600482593386	PASS	0.780792135435959	HIGHER_HAZARD
ENSG00000170260.9	1851	176	1.0644567618313416	0.06246458623743534	0.1557577153876453	0.6883929807294513	PASS	0.7822055318865929	HIGHER_HAZARD
ENSG00000137038.8	1851	176	1.0357750440714566	0.03514998133205572	0.08775569971053761	0.688756198431115	PASS	0.7822055318865929	HIGHER_HAZARD
ENSG00000124226.11	1851	176	0.9505641075909845	-0.050699673151311554	0.12799915980655482	0.6920358345667454	PASS	0.7852724616506334	LOWER_HAZARD
ENSG00000123908.12	1851	176	1.0357188829411788	0.035095758503246886	0.08987340500524381	0.696165260679816	PASS	0.7892977370249419	HIGHER_HAZARD
ENSG00000205937.12	1851	176	1.0632554877793166	0.0613354164637662	0.15800509484336214	0.6978781553054463	PASS	0.7905787624011572	HIGHER_HAZARD
ENSG00000214087.8	1851	176	1.0485529329264154	0.04741105451702995	0.12432074581683832	0.7029355714307453	PASS	0.795527440167995	HIGHER_HAZARD
ENSG00000168495.13	1851	176	1.0531935692640466	0.05182704271940771	0.13613330705910323	0.7034199120659483	PASS	0.795527440167995	HIGHER_HAZARD
ENSG00000105723.13	1851	176	1.0565414701757718	0.05500080971797904	0.14499964843863647	0.7044525894010368	PASS	0.7958466639941376	HIGHER_HAZARD
ENSG00000100865.15	1851	176	0.9412711990735598	-0.060523977865549854	0.1598006851527417	0.70487599074997	PASS	0.7958466639941376	LOWER_HAZARD
ENSG00000004142.12	1851	176	0.9469789028436343	-0.054478463928444396	0.14450443088928458	0.7061720956013209	PASS	0.796646723490342	LOWER_HAZARD
ENSG00000150753.12	1851	176	1.0426651363903068	0.0417800663575225	0.11107528042973662	0.706811410437561	PASS	0.7966987272691006	HIGHER_HAZARD
ENSG00000105982.17	1851	176	1.0578185550913901	0.05620882070537943	0.14983113962855116	0.7075505577619672	PASS	0.7966987272691006	HIGHER_HAZARD
ENSG00000108592.17	1851	176	0.9535790461088534	-0.04753295637214738	0.12690029620595325	0.7079808011499014	PASS	0.7966987272691006	LOWER_HAZARD
ENSG00000141252.20	1851	176	0.9484187982713664	-0.05295910395045186	0.1428465718954083	0.7108303293782925	PASS	0.7992420618880303	LOWER_HAZARD
ENSG00000165898.14	1851	176	0.948516352623936	-0.05285624924547213	0.1432895379189881	0.7122192288320113	PASS	0.7999908590890057	LOWER_HAZARD
ENSG00000245970.2	1851	176	1.0559489975867216	0.054439886377849495	0.1480470965647789	0.7130819855834242	PASS	0.7999908590890057	HIGHER_HAZARD
ENSG00000120688.9	1851	176	0.945750043816255	-0.0557769691393616	0.15178519410744717	0.7132661863116577	PASS	0.7999908590890057	LOWER_HAZARD
ENSG00000135587.9	1851	176	0.9589209954841079	-0.04194658967779504	0.11608561280074615	0.7178439149440236	PASS	0.8044597922843768	LOWER_HAZARD
ENSG00000172354.10	1851	176	1.048996092304514	0.047833604244699464	0.1342323212517175	0.7215789344382901	PASS	0.8079777333594728	HIGHER_HAZARD
ENSG00000161526.15	1851	176	0.9439773635941141	-0.05765309236766618	0.16375671970127514	0.7247891366201918	PASS	0.8109026974067494	LOWER_HAZARD
ENSG00000162129.14	1851	176	0.953143631488706	-0.04798967158598697	0.13743745756972994	0.7269582211880783	PASS	0.8126589842795006	LOWER_HAZARD
ENSG00000155463.14	1851	176	1.0631125624855131	0.0612009850853407	0.17658423917903365	0.728905088494407	PASS	0.8141641680382339	HIGHER_HAZARD
ENSG00000104695.13	1851	176	0.9560603295232393	-0.044934261725990986	0.13008769742794424	0.7297822880316782	PASS	0.8144730720748606	LOWER_HAZARD
ENSG00000125247.16	1851	176	1.0348446160807432	0.034251286056201154	0.09940988307393117	0.7304356440388952	PASS	0.8145318530565311	HIGHER_HAZARD
ENSG00000132768.14	1851	176	0.9614972219451758	-0.03926360325006551	0.11664890191747455	0.7364211522906003	PASS	0.8203900413199673	LOWER_HAZARD
ENSG00000161692.18	1851	176	1.0369532875700713	0.03628688249516449	0.10821214519613398	0.7373754418988507	PASS	0.8203900413199673	HIGHER_HAZARD
ENSG00000074356.17	1851	176	0.9530273255919925	-0.04811170250501422	0.14385995606822954	0.7380518665802555	PASS	0.8203900413199673	LOWER_HAZARD
ENSG00000031823.14	1851	176	0.941871635759518	-0.0598862814622825	0.17910798563300764	0.7381090342259293	PASS	0.8203900413199673	LOWER_HAZARD
ENSG00000215193.13	1851	176	0.949337559428411	-0.051990843483192974	0.15673264014656627	0.7401031444008631	PASS	0.8219327303911306	LOWER_HAZARD
ENSG00000006715.16	1851	176	1.0461496186061796	0.04511639423409394	0.13797155280257092	0.7436695491483465	PASS	0.8249601945599072	HIGHER_HAZARD
ENSG00000068903.20	1851	176	0.9501788641222886	-0.05110503408617153	0.1565237572767932	0.7440459571878809	PASS	0.8249601945599072	LOWER_HAZARD
ENSG00000168256.18	1851	176	1.0537385850725856	0.05234439760392402	0.1620487577745024	0.7466828628054152	PASS	0.8272074852648227	HIGHER_HAZARD
ENSG00000172728.16	1851	176	0.9636299341644647	-0.037047943796087675	0.11915179464512775	0.755853350634017	PASS	0.8366109188324958	LOWER_HAZARD
ENSG00000088448.14	1851	176	0.9693862238246574	-0.031092166704790068	0.10023094039201225	0.7564048572925073	PASS	0.8366109188324958	LOWER_HAZARD
ENSG00000166377.20	1851	176	0.9635010744785851	-0.03718167594558208	0.12113377302675368	0.7588835396995425	PASS	0.8380860371875787	LOWER_HAZARD
ENSG00000119720.18	1851	176	1.0459631342684865	0.04493812053643533	0.1464605346289341	0.7589746708453884	PASS	0.8380860371875787	HIGHER_HAZARD
ENSG00000253716.6	1851	176	0.9749347736537893	-0.025384709038741855	0.08377935349893305	0.761893819161299	PASS	0.8406249135742241	LOWER_HAZARD
ENSG00000141127.15	1851	176	0.9556986464877636	-0.045312638963215295	0.14996562611813619	0.7625350492963394	PASS	0.840648395809623	LOWER_HAZARD
ENSG00000147799.11	1851	176	0.973703521615616	-0.026648414268200252	0.0890004584921743	0.7646204869829404	PASS	0.8416849310445531	LOWER_HAZARD
ENSG00000125450.11	1851	176	0.9600353091004683	-0.04078521488364654	0.13627198142538466	0.7647166925124553	PASS	0.8416849310445531	LOWER_HAZARD
ENSG00000007384.15	1851	176	0.972426938951065	-0.02796033335432006	0.09396171073832679	0.7660301794270911	PASS	0.8424468153310101	LOWER_HAZARD
ENSG00000141698.17	1851	176	0.9680898665763993	-0.03243035864236899	0.10943842909889874	0.7669748054295784	PASS	0.8428021362743179	LOWER_HAZARD
ENSG00000068120.15	1851	176	1.0345756546050255	0.03399134709547675	0.11597437292962771	0.7694506044141134	PASS	0.8434705808337707	HIGHER_HAZARD
ENSG00000104231.11	1851	176	1.0354007927116	0.034788591094410744	0.11932257772438158	0.770630109798993	PASS	0.8434705808337707	HIGHER_HAZARD
ENSG00000103264.18	1851	176	0.9649277694863618	-0.03570203071777289	0.12248549942399786	0.770684504129959	PASS	0.8434705808337707	LOWER_HAZARD
ENSG00000140455.17	1851	176	1.0440354626042379	0.04309345689526929	0.1480759979844845	0.7710340609364521	PASS	0.8434705808337707	HIGHER_HAZARD
ENSG00000129562.11	1851	176	0.9574914996039909	-0.04343843566492482	0.14934342076042445	0.7711563036038449	PASS	0.8434705808337707	LOWER_HAZARD
ENSG00000107959.17	1851	176	0.9620099766496164	-0.038730457632559306	0.13325238920522112	0.7713152804084629	PASS	0.8434705808337707	LOWER_HAZARD
ENSG00000177788.6	1851	176	1.0258458111719884	0.025517453946397168	0.0896733354594943	0.7759811780048687	PASS	0.8477087051243851	HIGHER_HAZARD
ENSG00000256053.9	1851	176	1.0390637796985485	0.038320095890958694	0.13494899914052533	0.7764411591183528	PASS	0.8477087051243851	HIGHER_HAZARD
ENSG00000247315.4	1851	176	1.0378505597847039	0.03715180500021297	0.13150710760002599	0.7775540420784975	PASS	0.8480993664123688	HIGHER_HAZARD
ENSG00000070756.17	1851	176	0.971988822983208	-0.02841097357628102	0.10079770824297218	0.7780498612219666	PASS	0.8480993664123688	LOWER_HAZARD
ENSG00000109066.14	1851	176	0.9655172843025481	-0.03509127535506055	0.12506431754479755	0.7790280855445112	PASS	0.8484836016051062	LOWER_HAZARD
ENSG00000131475.7	1851	176	0.9637830857481976	-0.036889024475243636	0.13344252866960893	0.7822091486260031	PASS	0.8512645309284592	LOWER_HAZARD
ENSG00000158863.22	1851	176	1.0302741409027683	0.02982492304454199	0.10947221968401298	0.7852815321364186	PASS	0.8539228208315827	HIGHER_HAZARD
ENSG00000168101.14	1851	176	0.9696318488763628	-0.03083881676805949	0.11465838007059148	0.7879584582833039	PASS	0.8561471710193591	LOWER_HAZARD
ENSG00000100991.12	1851	176	1.0428461894838357	0.04195369580919459	0.15701949230795303	0.7893245537843517	PASS	0.8569448318107133	HIGHER_HAZARD
ENSG00000165506.15	1851	176	1.0398549444263037	0.03908122691235836	0.14841764751672096	0.7923045066920641	PASS	0.8594919288595512	HIGHER_HAZARD
ENSG00000080845.18	1851	176	0.964173139236833	-0.03648439548118002	0.13947595995960352	0.7936437509245861	PASS	0.8602565357743714	LOWER_HAZARD
ENSG00000156482.11	1851	176	1.0279993112958137	0.027614497087042306	0.10600379939977102	0.79447442396607	PASS	0.860469104551111	HIGHER_HAZARD
ENSG00000033050.9	1851	176	0.9617692318448777	-0.03898074083026976	0.15052679108279032	0.7956644476280429	PASS	0.861070224248704	LOWER_HAZARD
ENSG00000104529.17	1851	176	1.0311644018354242	0.03068865094090699	0.12126510283006363	0.8002135387446034	PASS	0.8653026782597147	HIGHER_HAZARD
ENSG00000126226.22	1851	176	1.0322792508454943	0.0317692223605332	0.12631861651539597	0.8014270095315342	PASS	0.8659243226492115	HIGHER_HAZARD
ENSG00000071127.17	1851	176	1.041388088731703	0.040554523935622144	0.1619706753257225	0.8022920327773753	PASS	0.8661687869793956	HIGHER_HAZARD
ENSG00000247400.4	1851	176	0.972236154836213	-0.02815654638070355	0.114379592957192	0.8055525191167494	PASS	0.8689969895961115	LOWER_HAZARD
ENSG00000123415.15	1851	176	1.0348413394904266	0.03424811978809382	0.14209179386656318	0.8095333122178435	PASS	0.8721142236996153	HIGHER_HAZARD
ENSG00000151445.16	1851	176	0.9580744494746929	-0.04282979059167281	0.17788206019486877	0.8097284717093036	PASS	0.8721142236996153	LOWER_HAZARD
ENSG00000132581.10	1851	176	0.9662049313892234	-0.03437932297377586	0.1458392028723918	0.8136387428259901	PASS	0.8756302660889227	LOWER_HAZARD
ENSG00000040633.13	1851	176	0.9627344859370596	-0.03797762073836898	0.16483145665353122	0.8177788252030969	PASS	0.8793878564436157	LOWER_HAZARD
ENSG00000087269.16	1851	176	0.9691143457387467	-0.03137267019492275	0.1376153868104818	0.8196667922636344	PASS	0.8801425788345093	LOWER_HAZARD
ENSG00000133740.11	1851	176	0.9792483755967538	-0.020969965261413235	0.09204237520938052	0.8197788178967442	PASS	0.8801425788345093	LOWER_HAZARD
ENSG00000101266.19	1851	176	0.9698076037553826	-0.030657573801941125	0.13672197926605292	0.8225760397461026	PASS	0.8820370200259826	LOWER_HAZARD
ENSG00000143761.16	1851	176	1.037123885655499	0.036451387546388825	0.16311391614655765	0.8231681992367372	PASS	0.8820370200259826	HIGHER_HAZARD
ENSG00000132471.12	1851	176	0.9721705582135279	-0.028224018501911207	0.12653538378458898	0.8234947399357625	PASS	0.8820370200259826	LOWER_HAZARD
ENSG00000130193.8	1851	176	0.9810285944585349	-0.019153671565802204	0.086265861435609	0.8242899668542172	PASS	0.882191945583519	LOWER_HAZARD
ENSG00000101361.17	1851	176	1.0270945749317333	0.026734015247654615	0.12210321813348184	0.8266920870141466	PASS	0.8840650394252231	HIGHER_HAZARD
ENSG00000133997.12	1851	176	0.9627601385513885	-0.03795097551796255	0.1750338321971794	0.8283480015012986	PASS	0.8851378172070614	LOWER_HAZARD
ENSG00000186184.19	1851	176	0.9733129470696034	-0.027049617398768013	0.12631698532111596	0.8304372777210549	PASS	0.8866716130627956	LOWER_HAZARD
ENSG00000131871.15	1851	176	0.9722112248112855	-0.028182188653351033	0.13571735562501294	0.8354995004727357	PASS	0.8913747621093859	LOWER_HAZARD
ENSG00000158480.11	1851	176	1.0242191420932523	0.0239305096717508	0.11709816113205244	0.8380699874023101	PASS	0.8934142318534061	HIGHER_HAZARD
ENSG00000157911.11	1851	176	0.9740610276179602	-0.026281320610499603	0.12914140278873887	0.8387379207269186	PASS	0.8934238967051858	LOWER_HAZARD
ENSG00000003987.14	1851	176	0.9839564616210231	-0.016173629228879487	0.08051790208699228	0.8408002432373212	PASS	0.8949176843248097	LOWER_HAZARD
ENSG00000168612.4	1851	176	1.0272544349133634	0.02688964603987819	0.14536157147575463	0.8532411475283445	PASS	0.9074470557242629	HIGHER_HAZARD
ENSG00000008018.9	1851	176	0.9762818022756752	-0.024004002404229407	0.13036724816063944	0.8539145952610615	PASS	0.9074515604811908	LOWER_HAZARD
ENSG00000063854.13	1851	176	1.0204603494721147	0.020253848492459686	0.11174014848982301	0.856164701179318	PASS	0.9091302543454621	HIGHER_HAZARD
ENSG00000104679.12	1851	176	0.9779016382047724	-0.022346188438015314	0.12678217580311757	0.8600923985572615	PASS	0.9125863008166248	LOWER_HAZARD
ENSG00000006744.19	1851	176	0.971490620746923	-0.028923664614825293	0.16598655548789837	0.8616665903097304	PASS	0.913226278526701	LOWER_HAZARD
ENSG00000108469.15	1851	176	1.0220847193698446	0.02184438401106682	0.12570518175958978	0.8620425048039656	PASS	0.913226278526701	HIGHER_HAZARD
ENSG00000125834.13	1851	176	1.0210833457677824	0.020864167357011573	0.12509081013355966	0.8675335817836081	PASS	0.9175782944725945	HIGHER_HAZARD
ENSG00000165283.16	1851	176	0.9815242691806756	-0.01864853894811445	0.11232435662585555	0.8681380632637972	PASS	0.9175782944725945	LOWER_HAZARD
ENSG00000133895.17	1851	176	1.0236960843317033	0.023419689920841782	0.14110806126257938	0.8681806429265035	PASS	0.9175782944725945	HIGHER_HAZARD
ENSG00000154845.16	1851	176	1.0186251870069656	0.018453862245875696	0.1128971344265269	0.8701583803046685	PASS	0.91895230817222	HIGHER_HAZARD
ENSG00000100335.15	1851	176	0.9783127509763718	-0.021925873793643483	0.13664669132431378	0.8725213473927751	PASS	0.9201605740927078	LOWER_HAZARD
ENSG00000131748.16	1851	176	0.9871596371346988	-0.01292351287565107	0.08063030648027328	0.8726596595009013	PASS	0.9201605740927078	LOWER_HAZARD
ENSG00000121057.13	1851	176	1.013170297944288	0.013084323619248201	0.08361489199132985	0.8756521817519586	PASS	0.9225985691186137	HIGHER_HAZARD
ENSG00000119723.17	1851	176	1.0228833691008592	0.022625471770941385	0.1527299560765209	0.882231992492522	PASS	0.9288094579346738	HIGHER_HAZARD
ENSG00000087152.15	1851	176	0.9777390698728033	-0.022512444265757124	0.16605722418433716	0.8921609069370117	PASS	0.9385338943418059	LOWER_HAZARD
ENSG00000196715.7	1851	176	0.9802601273561308	-0.01993730646175807	0.14954485370323942	0.8939403821195364	PASS	0.9396768667861173	LOWER_HAZARD
ENSG00000175575.13	1851	176	1.016314233977581	0.016182586748421927	0.12226741173053597	0.8947042600817203	PASS	0.9397513374677093	HIGHER_HAZARD
ENSG00000245281.8	1851	176	1.0230499560861452	0.0227883187059839	0.17656044614399535	0.897303775063878	PASS	0.9417522592775686	HIGHER_HAZARD
ENSG00000119689.15	1851	176	1.0192562718880391	0.019073216132719895	0.15111800724940466	0.8995624878667453	PASS	0.9433926786908791	HIGHER_HAZARD
ENSG00000198176.13	1851	176	0.9873003399415647	-0.012780990050435351	0.10220870806325685	0.9004855847010818	PASS	0.9436309527470378	LOWER_HAZARD
ENSG00000163156.12	1851	176	0.9850203176486733	-0.015093010968292355	0.12287538668053244	0.9022402532015534	PASS	0.9444179860175992	LOWER_HAZARD
ENSG00000196419.13	1851	176	0.9808589581954147	-0.019326603254280886	0.15819129274386323	0.9027625175345262	PASS	0.9444179860175992	LOWER_HAZARD
ENSG00000067167.8	1851	176	0.9881211637811308	-0.011949953347373149	0.0983852588540431	0.9033260529976594	PASS	0.9444179860175992	LOWER_HAZARD
ENSG00000204713.11	1851	176	0.9808485572558207	-0.01933720721997125	0.16664217449411287	0.9076206060677916	PASS	0.948176842702562	LOWER_HAZARD
ENSG00000288596.2	1851	176	1.0138206342090068	0.013726000181996977	0.12227685765741324	0.9106224431230745	PASS	0.9500976934510142	HIGHER_HAZARD
ENSG00000137154.13	1851	176	0.98946705508136	-0.010588809004796772	0.09458257283577101	0.9108606205651316	PASS	0.9500976934510142	LOWER_HAZARD
ENSG00000141076.18	1851	176	0.9868116172796971	-0.013276121717172174	0.12357775831128784	0.9144468083923494	PASS	0.9531052053651236	LOWER_HAZARD
ENSG00000275700.5	1851	176	1.0149522158529707	0.014841533408179067	0.13942212056900952	0.9152250471630481	PASS	0.953117158557871	HIGHER_HAZARD
ENSG00000108262.16	1851	176	0.986819820544917	-0.013267808852811844	0.12558866326750653	0.9158640542779543	PASS	0.953117158557871	LOWER_HAZARD
ENSG00000172893.16	1851	176	0.9916129908687246	-0.008422377990495401	0.08181700412648331	0.9180092756516243	PASS	0.95335291429666	LOWER_HAZARD
ENSG00000197157.11	1851	176	1.0159307801173045	0.015805217029546972	0.1537589869336743	0.918127934720844	PASS	0.95335291429666	HIGHER_HAZARD
ENSG00000072134.15	1851	176	0.9906466045435828	-0.009397413151318718	0.09150208747621881	0.9181997832385236	PASS	0.95335291429666	LOWER_HAZARD
ENSG00000125375.16	1851	176	0.984255496607407	-0.01586976460958928	0.15601993975687006	0.9189818962265843	PASS	0.953434928296288	LOWER_HAZARD
ENSG00000132603.15	1851	176	1.0120649219014972	0.011992720884195614	0.1195288321351354	0.920079729853995	PASS	0.953844123610105	HIGHER_HAZARD
ENSG00000168090.10	1851	176	1.0140816428857782	0.013983417594227117	0.1429487607702648	0.9220742825221021	PASS	0.95518160970204	HIGHER_HAZARD
ENSG00000285230.2	1851	176	0.9892988994208719	-0.010758769136271997	0.12196660317665639	0.9297091499337253	PASS	0.9623554254275813	LOWER_HAZARD
ENSG00000105778.19	1851	176	1.0095864502497833	0.009540791805264879	0.10961419445117462	0.930639918056936	PASS	0.9625840800039704	HIGHER_HAZARD
ENSG00000132591.12	1851	176	1.0113887053302875	0.011324342239601997	0.13889297557109437	0.9350181893087824	PASS	0.9645686898932668	HIGHER_HAZARD
ENSG00000181638.20	1851	176	1.00881151992945	0.008772925041763621	0.10820188952500302	0.9353789495702679	PASS	0.9645686898932668	HIGHER_HAZARD
ENSG00000065427.15	1851	176	1.0106985978761232	0.010641772817536546	0.13172991142352655	0.9356131068487913	PASS	0.9645686898932668	HIGHER_HAZARD
ENSG00000154743.18	1851	176	1.0102652610321463	0.010212931056009834	0.12678705590401576	0.93579836518733	PASS	0.9645686898932668	HIGHER_HAZARD
ENSG00000053372.5	1851	176	0.9892416031374538	-0.010816686862353387	0.13494999719546796	0.9361153362090997	PASS	0.9645686898932668	LOWER_HAZARD
ENSG00000214113.11	1851	176	0.990668236260132	-0.009375577432830639	0.11833084031583972	0.9368481709637466	PASS	0.9645908275070921	LOWER_HAZARD
ENSG00000101421.4	1851	176	0.9894970258648983	-0.010558519638931924	0.1397105119023601	0.9397578092344409	PASS	0.9663924891029197	LOWER_HAZARD
ENSG00000227057.10	1851	176	1.0114744867502763	0.011409154124435314	0.15309516041468546	0.9405940146948167	PASS	0.9663924891029197	HIGHER_HAZARD
ENSG00000101181.17	1851	176	1.0093253236965987	0.009282111304204196	0.1248522370197883	0.9407360513391254	PASS	0.9663924891029197	HIGHER_HAZARD
ENSG00000124228.14	1851	176	0.9910950285906265	-0.008944857634293191	0.12759926717627962	0.9441131372533964	PASS	0.968864779447228	LOWER_HAZARD
ENSG00000185896.11	1851	176	0.9910304035723304	-0.009010065433224891	0.1295945564740342	0.9445717097560734	PASS	0.968864779447228	LOWER_HAZARD
ENSG00000033011.13	1851	176	1.0087506580040455	0.008712592898260355	0.12922803210287875	0.9462471076271296	PASS	0.9698496431915251	HIGHER_HAZARD
ENSG00000130021.15	1851	176	1.0062060780170141	0.006186899622344891	0.10881241957016675	0.9546579959912863	PASS	0.976924920168474	HIGHER_HAZARD
ENSG00000154582.17	1851	176	0.993221245541758	-0.006801834576348012	0.11963503179779081	0.954660802010319	PASS	0.976924920168474	LOWER_HAZARD
ENSG00000179933.6	1851	176	1.0095035477607976	0.009458673138822132	0.16879034833458426	0.9553115369789059	PASS	0.976924920168474	HIGHER_HAZARD
ENSG00000179029.15	1851	176	1.0063364240842707	0.006316433351250258	0.11596824248016892	0.9565631609556848	PASS	0.9773725253740955	HIGHER_HAZARD
ENSG00000125818.18	1851	176	0.9911959272547797	-0.008843057579217755	0.1647391393943741	0.9571907918117986	PASS	0.9773725253740955	LOWER_HAZARD
ENSG00000124562.10	1851	176	1.0064060093881786	0.006385578118885069	0.12910566689136543	0.9605526404904464	PASS	0.980067253954135	HIGHER_HAZARD
ENSG00000117118.10	1851	176	0.9931661471210609	-0.006857310583610982	0.14639354535288338	0.9626394587558923	PASS	0.9812824438575133	LOWER_HAZARD
ENSG00000101452.15	1851	176	1.0065466999568784	0.006525363388827967	0.14139565259409462	0.9631909533734145	PASS	0.9812824438575133	HIGHER_HAZARD
ENSG00000171861.11	1851	176	1.0056330389108838	0.005617232677502736	0.12783991296862787	0.9649525617687182	PASS	0.9823390944131997	HIGHER_HAZARD
ENSG00000164885.13	1851	176	0.994762897325149	-0.005250864365684426	0.12427078432911894	0.966296685752109	PASS	0.9826857204395292	LOWER_HAZARD
ENSG00000073536.18	1851	176	1.004692757381518	0.004681780722732315	0.11228841585884157	0.9667424417893303	PASS	0.9826857204395292	HIGHER_HAZARD
ENSG00000079459.13	1851	176	1.0036987425955308	0.0036919190676099035	0.09684034784231901	0.9695890000252445	PASS	0.9826919084902948	HIGHER_HAZARD
ENSG00000197265.9	1851	176	1.004948855374203	0.004936650041167799	0.13026905306754172	0.9697707613931735	PASS	0.9826919084902948	HIGHER_HAZARD
ENSG00000108523.16	1851	176	1.0057785334761562	0.005761901791992691	0.1539505061349256	0.9701445645476086	PASS	0.9826919084902948	HIGHER_HAZARD
ENSG00000100711.14	1851	176	0.9949404182275642	-0.005072424794821114	0.13645736836059705	0.9703476798938068	PASS	0.9826919084902948	LOWER_HAZARD
ENSG00000234494.7	1851	176	0.9948181418368158	-0.005195330551686773	0.14276062184811406	0.9709698712169272	PASS	0.9826919084902948	LOWER_HAZARD
ENSG00000108561.8	1851	176	0.9964401528654901	-0.003566198467984719	0.09947248715013272	0.9714010842461956	PASS	0.9826919084902948	LOWER_HAZARD
ENSG00000132612.16	1851	176	0.9944853162375707	-0.005529945766876387	0.15699309443579168	0.9719010181658388	PASS	0.9826919084902948	LOWER_HAZARD
ENSG00000125817.8	1851	176	0.9953799742390712	-0.0046307310651916	0.13455511007298912	0.9725461218244658	PASS	0.9826919084902948	LOWER_HAZARD
ENSG00000204574.14	1851	176	0.9951876326505583	-0.004823984073474988	0.15247032283104447	0.9747600694364519	PASS	0.9840150604064367	LOWER_HAZARD
ENSG00000147684.10	1851	176	0.9972659891005682	-0.002737755133305616	0.09388169325963808	0.9767355816798041	PASS	0.9840150604064367	LOWER_HAZARD
ENSG00000166261.11	1851	176	1.0044346003168576	0.004424796450339738	0.15186077293912553	0.9767551737067739	PASS	0.9840150604064367	HIGHER_HAZARD
ENSG00000025772.8	1851	176	0.9970959765384589	-0.0029082483190465296	0.09982572034588635	0.9767583121733509	PASS	0.9840150604064367	LOWER_HAZARD
ENSG00000130699.18	1851	176	1.0032382980755807	0.003233066080497849	0.1187248467127357	0.9782750216673322	PASS	0.9841393625145628	HIGHER_HAZARD
ENSG00000125885.13	1851	176	0.9970087538057884	-0.0029957289126170657	0.11030495581919697	0.9783332305823235	PASS	0.9841393625145628	LOWER_HAZARD
ENSG00000136152.15	1851	176	1.0029608847976914	0.002956510011662976	0.11411385419057957	0.9793303816706398	PASS	0.9844121553338677	HIGHER_HAZARD
ENSG00000103415.12	1851	176	0.9978091896575667	-0.002193213678221864	0.1348907383934439	0.9870276176557112	PASS	0.9914144070675144	LOWER_HAZARD
ENSG00000164695.5	1851	176	0.9991196856288831	-0.0008807020753641218	0.08431584329301921	0.9916660287850559	PASS	0.9939463094184444	LOWER_HAZARD
ENSG00000108641.19	1851	176	1.0010098065038415	0.0010092969922304803	0.1003563868847182	0.9919757084020946	PASS	0.9939463094184444	HIGHER_HAZARD
ENSG00000204231.11	1851	176	0.9983531648391983	-0.0016481926844416777	0.17359292804682575	0.9924245316157322	PASS	0.9939463094184444	LOWER_HAZARD
ENSG00000100478.15	1851	176	0.9988881147706785	-0.0011125038322893459	0.11804166350638601	0.9924803119119275	PASS	0.9939463094184444	LOWER_HAZARD
ENSG00000171311.13	1851	176	0.9991286093632264	-0.0008717705182940923	0.17069696822374694	0.9959251226273976	PASS	0.9966601227178975	LOWER_HAZARD
ENSG00000101782.15	1851	176	1.0003244022211464	0.0003243496141228568	0.1260583931775671	0.9979470366285362	PASS	0.9979470366285362	HIGHER_HAZARD
