sample_id	mean_log2cpm	sd_log2cpm	detected_genes	finite_values
9ab03618-703c-4401-a198-e02510807646	3.544050338670898	2.443119607722958	19086	19394
5a6826b4-7926-4378-86bf-76c028508b3b	3.5115068034686883	2.426707414038267	19026	19394
9622c370-68d0-48da-a7e0-5eb4765b6f27	3.564467605982221	2.42206100011232	19037	19394
df16b5d4-5e5d-455c-9c5f-a151e5864557	3.4157706002408816	2.4439887971727585	19134	19394
2b2bc6f3-088e-4a84-afb3-182a4acb0652	3.6187362348582255	2.4477523919656132	19197	19394
7873c1a9-b1ea-46cc-b787-dfbad3366494	3.581670287749664	2.398175121759226	19046	19394
9fcabda1-ea79-4188-8b3f-7d0fd060a819	3.5683321451142773	2.430461987502948	19210	19394
5711ce53-0bac-4a5d-b7ba-4e1bc0c56924	3.6778056066615594	2.3467951894777928	19289	19394
01f94091-eb70-40d3-9d56-70c4f847cb4c	3.681136273255365	2.41312541541306	19173	19394
1a954c08-6297-4c7f-ad8c-e50cb2754f7e	3.4173024002525216	2.5041433144532093	18914	19394
2b87b12c-5ca7-4492-a2f6-26f9644e1d5a	3.5767159623187252	2.426880660848608	18929	19394
49a0ab8a-f379-4394-accf-0b4b08d2dcc6	3.5466463238108132	2.538623964154462	18975	19394
cef2c059-5564-4d16-b57f-4bf83e2eeb95	3.468894949175865	2.399591579946647	18856	19394
85e8a3bf-0536-4556-a40f-8a523c04b337	3.4868179389359986	2.5218154432943223	19059	19394
6e10437d-da57-4298-b082-9d7c59d09c5c	3.431803636253028	2.31204476841735	18939	19394
b0410cd6-693d-41d6-9dad-d1b1c30bf5cb	3.7910386743462325	2.3460283351570834	19185	19394
cc72dc0d-9c39-4217-b5cb-8cad390d7e86	3.559305344372894	2.492101549679147	19180	19394
8950ac53-1f70-46bc-a094-ec946e6e3a78	3.6356359669223277	2.4217482322690187	19179	19394
bc0fe45c-3249-46d7-8991-c6888f0b9579	3.6579318912705747	2.359363344276565	19100	19394
a5bff681-5b9e-4d3e-93d8-b7ae8f2fd233	3.687840324387337	2.3735896572751476	19184	19394
9b416640-9aec-4b0d-aa88-b94287375950	3.701059091685632	2.424272728211987	19117	19394
a9d69d7e-298c-4ab6-b64f-1edc58832ccd	3.660116806127461	2.385900694365951	19186	19394
aeb9e1bc-a9d2-4aa3-8cdd-cc4edbf5edf9	3.699466807079249	2.385935628811271	19305	19394
5e9ed3d4-fad6-47fc-aa55-c7e710b76dc8	3.5097261355088123	2.4284204256807147	19091	19394
24057913-52eb-4f50-a501-c11003b2356a	3.7674566746777916	2.3130384055304694	19186	19394
034cf68f-79af-40f3-bb6e-26ae98b3a62f	3.7569014419326647	2.3426380536607274	19196	19394
7dbabdaa-9fdf-4a94-815a-a493b5dac4ce	3.5951856785296905	2.4256522795381277	19049	19394
22434a49-eb8a-43ac-8c08-ae6dcbe6fbb8	3.4841226335369684	2.4827852376131676	18997	19394
0bdbe623-cf95-465a-917d-87dfb6a8618e	3.405071826373126	2.413165799911132	18900	19394
5aa09c6e-a062-4834-aa6d-4ec1bed510d7	3.5398132176613606	2.4150429074939876	19127	19394
646402af-ba5f-438c-ae63-213ebd58b16d	3.3729991747743178	2.5014241784034708	19172	19394
4131da8f-3c6c-43e1-a7eb-81cb8988f524	3.6718326377884005	2.318785917095886	19115	19394
373c5231-b6ae-49db-ac0d-d674a0c9c100	3.549736093637795	2.412388076596813	18991	19394
49cf5040-2d73-4538-8825-7fba37379289	3.6672816178807164	2.405517187399169	19036	19394
727baf6e-e991-426e-a823-07908aa85202	3.7808740265518344	2.296214010931954	19190	19394
60a9564a-c68d-4791-a093-19b144ee7717	3.5237463579048693	2.3996893503605046	19241	19394
4f516204-3c17-4df0-b9bb-6b6dc9af4fd2	3.436275623697195	2.4121587719861335	18980	19394
13b0d336-205a-42ac-8a50-db0eb065013d	3.462467556487088	2.44746337284449	19026	19394
45c17476-0525-46d2-8448-48d4de6713f1	3.8163052445622587	2.2618265402475934	19197	19394
6f44f833-1108-4ea1-a472-f3964f2d73a8	3.5924048335528393	2.3291982302785534	19134	19394
4a42220d-afcf-4cda-b030-f84cddd61e66	3.560069692321917	2.37089107465075	18924	19394
c7d727b6-47c6-4339-b9dd-5baf41527bd4	3.625468889269048	2.4367745873652256	19199	19394
0d1aff40-772d-436f-9802-971880a2058b	3.6481865367935176	2.439997260984694	19172	19394
55f79464-e4d9-47be-8ce8-c4959e9eb753	3.631419651145105	2.4406125254611157	19029	19394
59546c0f-5f27-43bf-aa2e-90dc44c971b6	3.681073258801993	2.340059903880191	19140	19394
63315e75-2b50-4b79-b553-036fa7fd024f	3.84333683018484	2.3283972402766633	19251	19394
a28cc4b4-4819-41ef-adf7-34ee50e29ba6	3.656484263856108	2.293572413410308	19102	19394
79cf84b5-84ff-42e5-b438-697b35d272fc	3.500241086583176	2.3831135679334494	18993	19394
0250727d-cbe6-4d03-89cc-5221ac72a065	3.579332910695741	2.3870617763399498	19038	19394
174e4405-4848-4e5e-93cc-0cdf2795c91a	3.4281006631691495	2.4363065479896457	19041	19394
3b284fc6-7dc4-46c2-8ec9-1121ef0b4308	3.5648433328692875	2.3860405876505846	19089	19394
36576033-1b30-4d02-977b-983220fc8f32	3.851947890563563	2.358966706435243	19199	19394
3e30dbd1-10bf-4450-8d19-6f44d3284e02	3.460198994006656	2.3697448576195006	18950	19394
45021ebd-8e13-44c2-8203-aa9f72b50e6e	3.7654758388474785	2.343670503453033	19276	19394
0c06cf85-61eb-4e6d-ae54-b8f5cbab9b63	3.5550049525603877	2.401219841134993	19146	19394
90e374aa-f02d-40dd-b306-cf392ef1026d	3.6909534546395384	2.2869437417448686	19174	19394
3012b1da-0624-4538-8835-a701b0be5c66	3.643956868399296	2.4118440171534012	19087	19394
84cb5264-6158-40ec-8b65-f96a4a7d6ce4	3.4101804784456937	2.4638214262796705	19038	19394
122aaa4f-8fd5-4c41-bff8-8a45bdfb3f81	3.6646635363803406	2.3947895524443132	19244	19394
0ecbd044-0689-4395-a3d6-fb0d46fcf226	3.7787882408403	2.3665248829355745	19231	19394
3e08e880-bb50-4460-b1bf-06064f12d0c2	3.77018809693852	2.3199203344959094	19104	19394
b560df97-986b-4a88-a0f1-c38a30080edb	3.644541734890658	2.3983584459491407	19189	19394
4b202550-9744-4c6c-ad17-97f764ea3f18	3.5536997780238817	2.438477049116639	19185	19394
4ddf0a0c-a1ec-4f94-b886-ad444a50be97	3.7889963399371664	2.3288075019685888	19108	19394
1fd0b739-e037-4791-b4a4-daf75d55022b	3.612244278347265	2.368328572539918	19018	19394
848cfbda-c996-41e3-ad7a-474814fd3f4e	3.65163040927661	2.4002302079010738	19223	19394
cf14428a-1964-4f11-aa9a-d60c6631c2c6	3.6157766290974753	2.3832782580863094	19072	19394
8ab7f1ee-35f0-460c-8a4f-751748de5e4a	3.4517684459326796	2.363146027251132	18807	19394
3e7cdfb1-cdeb-4c56-91aa-08930083b39d	3.6407298680724205	2.453611481378574	19035	19394
587f8383-3a48-49af-8ac4-d86e6009c96b	3.3541872726151998	2.4223098592876946	19067	19394
1b856a2b-97be-4461-a496-279df908c30e	3.4162905622196456	2.4471684943486673	19161	19394
dacbc55d-25c6-4e86-bd1b-38345b4df7a7	3.64445754825281	2.368278036310043	19211	19394
c0a8c73c-35ba-4724-b13a-9a9986af36c0	3.39553265675388	2.3937743915112484	18921	19394
5942f197-2b77-4a7f-8bca-763cc1902a0b	3.9011640684160445	2.3679295940262164	19156	19394
b4c61d50-4631-442d-b518-ca666d0243f5	3.624094107345014	2.3720522965183037	19154	19394
08d8f333-08f9-4268-99b7-61f7b057f542	3.440902136432871	2.395826774283662	19064	19394
0382e297-1b96-433b-9440-6811d685b13b	3.7726701644914846	2.411242261037353	19243	19394
b24cfbec-f890-4685-9e7f-405da7eac9ad	3.599956665443443	2.4435277004549643	19218	19394
452d513d-d9f8-40bf-a3a7-75453c875561	3.6165780466175255	2.328921659288218	19035	19394
83973755-fa6a-460a-a042-385b34698c39	3.4471098521304375	2.5200447857241737	18971	19394
12870223-d36b-4a35-ba3d-70ed75eeab1d	3.6744908369064397	2.3420373893490116	19169	19394
5bae2e45-6dbc-458c-a66f-702eb1af7357	3.5063913228022754	2.547503306186434	19057	19394
b675e2fa-e96b-48a1-aff0-7d311c053d5a	3.506419422067416	2.4519220533005526	18919	19394
785daa57-5e12-4b23-8287-384d46e55e57	3.646107206156827	2.3859611460975474	19131	19394
54984e66-1d2a-4a62-a5aa-847bc12e02fc	3.507148466887198	2.396704984832498	18998	19394
500910ea-f0c9-4ed9-a2c6-510f92c36e7d	3.6612144794760906	2.444590075291392	19145	19394
5de445ab-85e8-4bec-bf61-f6b4240306e1	3.6070691271843485	2.41212019348197	19126	19394
c70ede8e-5761-434c-af09-8315bd688cd4	3.752294816498419	2.43160004584814	19043	19394
168a4a36-b73d-4c17-aaa4-1e4824a155c2	3.703726346691752	2.3678336101162345	19253	19394
61358ba0-7194-40f5-b239-2ed06cbaf546	3.640623569704267	2.466790525119787	19088	19394
b8f9acbf-0e4b-4967-a11b-7234b6cf83e0	3.704033559303463	2.41331513205942	19120	19394
228443d4-e892-4ae7-88b4-a47463d4094c	3.423977511747881	2.386242377790552	19194	19394
dea6de72-0f67-44f8-aea7-28c15adf4e60	3.7046441284278053	2.3179279662712724	19162	19394
afd144f3-77bf-45fe-8d8b-eea4288c1d74	3.4875293020662554	2.4326410257922433	19048	19394
07ab41e3-63a5-461b-9cf2-6bebc0e4d81e	3.5846115150991733	2.355269732648748	18948	19394
323d4a3b-38d8-4428-9135-437a839dc8e4	3.6480127851735222	2.5299262584074045	18998	19394
79843244-8e55-4f0b-9282-20ffc846e690	3.478546156726396	2.345568252736707	19088	19394
11e65f8b-4e48-42e7-a87c-bcf2538168c6	3.7225698535086833	2.349918374460686	19105	19394
20c166c8-6e1f-44b0-81ba-c41add0e0466	3.4600251555824664	2.426130463923163	19146	19394
78b3d4a5-8563-433d-b271-6e37385e0584	3.337914892082356	2.415275012503972	18777	19394
15321297-7110-4e79-8d6f-94c95bc83c94	3.8004371908134362	2.3329741874226184	19155	19394
5a8b5291-c9c2-48a8-9d01-66b150a71eb7	3.8397460426877967	2.3445589238107174	19182	19394
a527b0d5-599a-4ec6-9eca-bae98872f440	3.620611470566052	2.3962292802706155	19180	19394
091e0712-7fde-442c-aef1-5c504f91b227	3.79582389486757	2.310051030059874	19243	19394
007783b3-a1b5-4e9b-8add-6d01fefb5697	3.575808576646568	2.446147335290534	19061	19394
5ae9b10f-347c-48c3-90cd-9290055cfe4b	3.1991344783966085	2.4488966499742952	19043	19394
4736860e-fd90-40d1-815e-e1d164123dd8	3.612933593679505	2.421628392325521	19013	19394
8f55069f-2232-44b6-b9e8-7e12b3a268bd	3.396856673530698	2.3876376407016977	18809	19394
afec3b25-c3f7-4e48-8fb0-6fb4dd581081	3.4670314890440412	2.4230528098264044	19056	19394
42395277-99e9-40db-8fae-b91681b9fd4e	3.3965913716227263	2.4080438783737588	19077	19394
af5e9c02-8823-4c78-8238-fdc419e5d309	3.684750821349859	2.3111508820924622	19194	19394
a236f15a-76cc-4a2d-9087-e824ad581453	3.5407972710391347	2.428672864595666	19028	19394
356e0f37-c095-455e-b3ea-252afa34806e	3.629650252179169	2.4450966111324184	19013	19394
185bc9bd-1e20-467c-9c06-908c8aa27e7d	3.6559648684421373	2.3474572934065217	19199	19394
2885d4b3-34a6-421d-b20c-eedad721d10a	3.681637978304012	2.440228047204404	19156	19394
c4c061cd-e926-400b-b18c-b47c234337ca	3.7285001065433905	2.4532626491974874	19239	19394
1a929496-806b-42f7-a45d-5f66a73eedcd	3.5462462050887855	2.4893299635170685	18857	19394
cca5449d-6645-4588-a0b5-c1f0b57e5c3b	3.822624601737502	2.3474651979970758	19146	19394
b5c9beed-da9d-4110-9b6d-54a66498d5cc	3.8474190850134717	2.3594712600739616	19257	19394
0d7f5772-0319-4b56-9970-49fd21082f04	3.8764138633304377	2.257213997739085	19300	19394
2df58e78-c244-4e4e-9360-d1ce8943c01d	3.7463864616319196	2.388554010226244	19254	19394
3bce57d8-32d5-4f56-b0a4-544c3fee778f	3.75374243295578	2.2730232110450728	19173	19394
9fd8c73a-da18-4019-9deb-16c93fe1fce2	3.713880556532705	2.3587201674699205	19225	19394
597244d5-db58-435e-9ddb-98e0c2ec97fd	3.617784589158339	2.4123736933098985	19070	19394
dd9c2f71-145a-4f7f-8b64-095b1fc75c3d	3.5033502858018037	2.466311129448243	18892	19394
1454406f-934b-4073-814e-387008c99a2b	3.7108991546419214	2.4146447897978813	19064	19394
d2355f3a-e2ce-4791-b1fb-b570850681df	3.5276661140651098	2.523257311744432	18886	19394
ba172f1c-7e94-41e6-8078-41079b8eeee8	3.713977734071512	2.383460958851656	19135	19394
07b7f665-383c-4cf0-a677-52bce36a674c	3.6197323889235467	2.434887795250592	19105	19394
07af724b-7a04-47b8-b282-662710a1c347	3.6096180205807054	2.4167021899688126	19034	19394
6601f037-bdf0-4171-86e4-aa4da7c9e83e	3.5853587806135265	2.4504154140766623	19095	19394
754b78a3-43cd-467c-bcca-377f76b9038f	3.6554036339461806	2.3011102176385725	19294	19394
763310b9-3fb9-4a22-851c-e4335a2ed21c	3.6114086883180736	2.4094878215495044	19093	19394
337b38b7-752e-4246-aba2-163140b1e3c7	3.568020386815879	2.374411236554329	19081	19394
29152789-d08a-49d2-87b2-2e2ea8ff6573	3.5338265906872617	2.455222661179529	19217	19394
56703aef-270a-4537-b9a1-c9ebbe873411	3.691499579854052	2.459464942850338	19121	19394
0e02dc1a-653b-4b16-824a-251a1aa41c2d	3.694179050551878	2.3721997048987298	19171	19394
dab00804-e92f-43f1-9348-16f3015b5dce	3.5457669313663365	2.4907022564713457	18806	19394
9a91307f-a0b6-4baf-85be-95bfcf0d095a	3.744253214757645	2.307049621224279	19188	19394
08acba8a-143f-43e6-9562-e41dcacba681	3.576618333391172	2.350534357240253	19173	19394
8745dbd3-cf9f-4edb-b419-5f0bd590f273	3.706054848109339	2.3652223121147564	19247	19394
23157ce2-7257-4118-9a6e-4cdfbc6c4bf7	3.7433543216581073	2.402260644522701	19253	19394
c0fe5ffe-c0a3-4e62-aa55-2bc18788e505	3.843680325755336	2.3171275591789815	19142	19394
27e4accb-fbc9-4d65-93d1-169870998203	3.3707751543410676	2.386475862324316	18934	19394
1c1c73ec-c57d-4b5b-9a17-8cd3557f21f9	3.754766952592021	2.2806936941414437	19235	19394
752c10cd-6816-459f-9844-1775e75ad6cf	3.632247433862896	2.4339490072992467	19068	19394
2cf77e0e-8054-4ec4-97a6-247c7c881c6f	3.8190964157281373	2.2785073863355576	19188	19394
32342d96-3b04-4881-9e98-9cb63918fe48	3.435202860289236	2.4495721353554756	18797	19394
1a40c0ef-0b6f-48c9-98cc-b64e8660f2a3	3.238028136015322	2.3720550428209495	18577	19394
5a1d5fb9-900f-4f73-bead-d67cae987a8a	3.753081049079609	2.3345915487176376	19186	19394
39509ea1-e728-4350-b444-798c72ade33a	3.588865892087801	2.4221449547553684	19042	19394
4bee0576-d35f-477b-b974-79cb89c88950	3.4804117990302776	2.418229487753172	18895	19394
63e09d3b-9462-4555-b5e7-41740faa7dde	3.6649029740634966	2.4820522905282503	19135	19394
431c3f05-aa24-4d13-8dfe-96145289ae02	3.686422211727357	2.327539977896194	19140	19394
e13c84fa-e93c-42dd-874f-c1d616c72dd8	3.7939988399097304	2.3506476394473474	19227	19394
21b2f32e-ccea-4b20-86d3-6647e99825cf	3.5151619159111913	2.401571406038514	19065	19394
8e131477-b3c5-43ea-bb00-c3052e67c74b	3.6496958382420117	2.4514911913523547	18960	19394
a6db405d-97ac-4a86-880d-d81838caef14	3.634272008563483	2.4198054844117363	19014	19394
0791e7aa-e97c-4dd0-9615-09ec7090f684	3.5529667960910754	2.5110980592499192	18829	19394
89aa7c0e-a004-4338-899b-b99728889969	3.5841686401130874	2.4515287041361433	19127	19394
a8db5a04-924f-4348-9bcd-24c24e2346dd	3.868856001516962	2.273142937149941	19240	19394
357f3efe-e2c9-432a-a2b6-75a5fdbae3be	3.5561041709122216	2.4886747976412193	19042	19394
6023ee7e-e392-4f33-a781-7af6bff1a403	3.550174255993457	2.3081045760058765	19215	19394
1e39a044-eed2-4c19-9cc7-4c80d21087ab	3.909723164786811	2.312078459004531	19208	19394
d5cb5845-eb00-422d-a3d1-d3061ba078d5	3.8433969417134994	2.2993279486347022	19180	19394
4d85772b-287e-4790-b1e8-cd1c0e88ad48	3.5856789609690285	2.4485918385542456	18990	19394
d809a778-d1ac-4406-ab09-67cc70f1f0c2	3.5213911890307643	2.312860182105998	19121	19394
bc4e0d7d-c267-46d7-a79b-075456fb3b68	3.751112835915144	2.393977591404686	19179	19394
48257830-1c09-4bb6-b7a4-3dd3049a42f7	3.589212980188372	2.371434400134777	19059	19394
b355e6c2-b427-40e7-92a6-2c8c942db86f	3.6621110708525246	2.3621848030704875	19009	19394
3c330531-cd16-4176-b67a-7997c4e518b5	3.8059151620164093	2.297282225656014	19151	19394
bf5d88da-2302-4b32-be0f-cc45638039c9	3.5875909971405817	2.453397325138193	19101	19394
6c2f3100-7ed8-41dd-9f8f-98b8eb245c12	3.7090814121505282	2.328417445050733	19260	19394
ce8e86ec-52dd-45ad-b65f-ca10e5f782f4	3.6433868710025137	2.4545962123195784	19158	19394
4420aae3-3f44-4852-974d-74f155b99fe4	3.4328235491894485	2.4431064957762993	18954	19394
6a460559-d291-43c0-a624-25474e601e99	3.7537409432217688	2.3168272081776964	19141	19394
336eb991-5705-4bc0-a167-6d7f82f81697	3.4718854808699247	2.3793222464192185	18983	19394
556bb046-bd81-4366-a167-e86d991ee732	3.7132143712677737	2.3607644189497945	19183	19394
3073311b-5b00-4fd7-b1f6-1067d2e86564	3.6347484994948522	2.3381318997204192	19014	19394
05c6aeef-ef6a-4176-b283-68def74d13ae	3.6875852235281434	2.3923691969026395	19176	19394
8178f402-db5c-4343-a6f6-4d4f9d3bf4ac	3.6480722089208397	2.4551916452616545	18947	19394
1f5fa8fd-1de8-4456-8935-71b5a8b54bd2	3.5429707763036276	2.41568393718542	19179	19394
745aaf77-a464-4363-b6e4-10d30ff947b8	3.5733357994798203	2.465940958947337	18957	19394
1e9dac94-1a10-47d0-ae92-81d38a264376	3.566986470127678	2.4399387610906684	19056	19394
54e85adb-6f45-4815-9816-a18b349cce42	3.7636831973766203	2.350905178786919	19234	19394
11f47c9a-6435-47fb-ace2-74f29f5f3f01	3.611194253782818	2.3742334727871732	19170	19394
796a6e60-2289-48e0-8a50-ddfce6ebf73b	3.595578885595323	2.372909429979812	18991	19394
657cb9df-3597-459a-991a-2dda352e08ae	3.584421321566871	2.380548033591002	19140	19394
2421f79c-fb83-46f6-9ae2-dd275575f568	3.4050887112345958	2.475943705501638	18758	19394
1d8e9258-d210-4ef8-b448-65d628bb3063	3.500517812559257	2.3259419206147647	19088	19394
45885727-79fe-43d6-866e-1fe7ded4bfdc	3.5065822115219847	2.4731082484130185	19236	19394
49a4f112-f32d-4b68-989b-d761767ee973	3.577010207896271	2.38742623408631	19124	19394
3e88613e-9b97-4dbc-a052-b6dfe8c09956	3.5762264222829105	2.3830507006725665	19042	19394
3e11762a-faf0-489d-8985-8ede2ccabd76	3.4125586000345334	2.445396211393702	18995	19394
42208ba8-f465-4d62-9ed9-5dbfaa525913	3.579214832832866	2.3715951332180505	19178	19394
5d4e89c1-563b-4008-9cfd-1b3eb4fbf88a	3.7919471564304184	2.2596896783376956	19236	19394
88c65791-1a9c-4121-955a-9bd5ed1b0bba	3.666877435688608	2.3850304957849167	19049	19394
3e8b8c83-55c0-43f7-a4c1-24386b6f4f3a	3.53681945970913	2.460351188910915	18872	19394
25b98904-0171-403a-a66f-11f586ecf8c0	3.6907036530224993	2.3565380504099886	19203	19394
7d86a05d-f448-4a95-9bbc-6e19338ba98c	3.7507898175623087	2.311447963604985	19212	19394
38c83b40-fba4-48d4-ad6e-93768cb6139f	3.4262085180096036	2.432285181275351	18708	19394
2e0b958b-1e93-41ab-8a8a-21a2d7f99935	3.4374123803405294	2.4639253060093704	18821	19394
7ca68089-c61f-4d31-8cc8-fb11ae70910a	3.4099511001151677	2.4976755768094843	19088	19394
5449bced-1356-4de5-9352-349725656c5c	3.2949437969565163	2.59578620821817	18573	19394
5e04d394-7a40-4e89-ba20-892774dcb469	3.3579881066664163	2.555988076755555	18517	19394
68d19e88-7fbd-48cc-a09f-55c47bfaf6e7	3.6535698691694143	2.346044267513026	19114	19394
a74f6423-b5d3-4ae2-b61f-3ee04b1073bf	3.457982632845635	2.499431358146891	19023	19394
a7347072-546c-4370-9214-96a17a713b27	3.637126026995229	2.526545643861318	19080	19394
4eaa4b4a-e9db-4e65-97d6-7fa1a205da95	3.528748420267166	2.409975783923232	19031	19394
08b21fc8-ce08-47c4-b715-6e34213edc07	3.561037309815389	2.454008766898684	19019	19394
c35a5ed1-1821-4077-ba1e-b972dfa3233b	3.6013483501576347	2.4210440699352285	19244	19394
1e5c2507-a7ee-4714-afdc-08a6c0f415e9	3.823666020113327	2.377421038465465	19251	19394
37dd3ded-0df0-4d10-8756-0429a6da5405	3.7074334275719267	2.337934512661678	19138	19394
57e160f5-45fc-44ef-95c6-54e112e3b7f5	3.414666021847861	2.567994683614783	18927	19394
5a9f5ccb-635d-440e-ad03-fde8f63a2233	3.572556802840418	2.448196063678868	19112	19394
728db9f6-58b5-4270-a494-1298809f17c0	3.7497514301812034	2.349336122497808	19140	19394
7d0017c2-db42-4758-8dc4-0250ec5fd83c	3.715901321205119	2.398404147642315	19172	19394
063385d8-f8bc-4268-8219-63dc2dc7973c	3.6330251050232505	2.3590879820176163	19175	19394
64a45521-0494-45f6-b605-198e5c2c56ba	3.6015200825172147	2.3712868263250173	19194	19394
1aea8530-43fd-47ea-a2f1-377267dc9d33	3.5022724508262884	2.49605284864062	18811	19394
493205f9-34b7-483b-885a-ace1e4894250	3.560932637863722	2.4823859945533084	19079	19394
7a03048b-58b6-4cae-b143-81c0a4977ac6	3.813092824637834	2.3249279199070876	19304	19394
70058d0b-3a99-490d-8f3a-97611faf2326	3.638350003679409	2.3313823529054956	19106	19394
359f80d0-faea-42ad-82c7-e34d238a3a3e	3.580870569622517	2.522327692191468	19024	19394
d1a83e2e-276f-4366-acd1-fe6bd3f7988f	3.591323192834698	2.2913302783848724	19240	19394
3ba5f6b9-6458-44e2-a0aa-b5c7e5fcd632	3.4564506280064733	2.4722231300268245	19124	19394
35300581-d122-4221-814e-801512df4984	3.708449134224883	2.4381445294701667	19185	19394
de4bb1d0-8bd9-4614-85ca-c39d8c636bcc	3.6443248478445964	2.4620261536285817	19048	19394
6dd5d1bd-d39f-462e-9d6e-158dc08dc0af	3.65749849474395	2.3987884627315528	19070	19394
9f9bd43e-2204-4837-a4a1-8bba437b179b	3.597831363352777	2.3991731856844822	19079	19394
1c0bc537-7eb8-4bbf-b7bb-cc8e0e610277	3.5333586928773735	2.4579595207397946	19061	19394
d7fa3625-5e16-4211-b96b-b36b91b3d491	3.7550529828936106	2.46007810282902	19157	19394
180eb213-0ddc-4f10-ab0e-b3af92cde3c3	3.5504315559141992	2.3415887807974953	19135	19394
b45ae61c-6377-403d-a094-2b7a245cb45d	3.7515062880932795	2.3700185823128197	18876	19394
34492a58-bfc3-48a7-a1dc-a5c3f5f7d462	3.754162708381012	2.291078247945704	19120	19394
43b96e20-df08-4c56-915f-5d626f90c415	3.4289983481923643	2.5444063949691182	19064	19394
2a675528-1abc-4220-a61a-25109850ce0d	3.6860037700886052	2.399516230764082	19283	19394
cd8ff232-b36b-4ed0-a0c6-7e0e172ea390	3.7226718688378013	2.3174078215597977	19196	19394
5d0e7b83-5577-450a-b1a5-59ca03fc3bc5	3.6991785502015673	2.4078077600632466	19143	19394
7407d705-6ec6-4143-93d2-eedcf5a22399	3.4246288254227735	2.4220659248768466	19101	19394
485a7981-a812-4c8c-a288-4f5cd8a50607	3.656326894372444	2.2637956831571753	19138	19394
89850fa4-1b8c-429b-bdfd-8a92804e289a	3.466772019099398	2.4762168878139663	19138	19394
7e1638d3-f134-4dc8-becc-9f4d49d83024	3.6410360738770264	2.358127529755018	19184	19394
76c0adae-eef5-459e-a4c9-397d94ebfdcc	3.444996646627114	2.4204366450758363	18999	19394
ea75499c-7bf0-47be-9b09-3c12aaa22f12	3.5227961997678303	2.4365749026612407	18980	19394
83d01ff9-d0a9-4606-80ed-9a417a980ef7	3.7306557733583428	2.429050982003322	19244	19394
6614550d-d050-4b77-9cc0-1e6a7438c675	3.4176294422363918	2.3990719562527145	19004	19394
3e2f1a0a-b097-45b4-8cf4-92a38e134bc5	3.698361849077496	2.3823138413358356	19136	19394
48dd9724-8848-48c3-8628-7e78a24e3f2c	3.601683320824485	2.3125636963311607	19181	19394
91719392-76ce-479f-ba05-e43bf0201cc4	3.5859801875108337	2.4610791063590494	19046	19394
1028d7a9-0ac0-4fd8-a34b-46f3e6e53f79	3.6763729457604826	2.27463670208104	19224	19394
194612e8-9876-4350-b54d-404db4ac27c3	3.6573511082092716	2.4022330051114724	19210	19394
9a479d32-13a4-46c2-b26d-34cb6051a891	3.4697122879991467	2.3334151979537396	19204	19394
0a2d9fad-c5df-46c1-bf96-529c7c92dfba	3.232253391773113	2.3857301692808686	18900	19394
745a2adb-7096-4c8a-a830-c627ade98da9	3.695327655554049	2.3744023621693437	19096	19394
c78b35b2-7299-4fd3-88df-a40b087455e0	3.420371687106456	2.283811431316509	19141	19394
6176e1f7-8dfd-4de4-8abb-3eff1839de56	3.6492357851023005	2.413276436303064	19077	19394
4bdf77d2-33cc-46e0-af34-1e66a90a213a	3.31591581674915	2.470324745790319	18758	19394
284de41b-6ad8-4c29-9eca-9a841cd7c3b7	3.518669531636269	2.6006919411723737	18627	19394
cb0017ba-aee1-4046-81da-320040863bc2	3.5474330592412366	2.4692032142068956	19045	19394
252c5d60-7033-44c3-8ab5-4604670a80f4	3.633802531944277	2.445778555691081	19076	19394
98038913-75d0-41a6-ac67-a9263f5ab18a	3.6562090141270507	2.47807020449808	19157	19394
2f073ffa-787e-4657-b1cd-d2db4865c809	3.6446050281297557	2.401831176686457	19105	19394
ccfec92a-3843-4e73-9f83-746d9b2df60c	3.6648071884131235	2.4515388569870034	19171	19394
58493fd3-5923-436c-bf10-7315b007c5c0	3.5950252914331458	2.3410192952544904	19229	19394
7c12327f-05c5-4721-8031-93a318835580	3.5772032582609614	2.510818958353212	19080	19394
5e797e09-26d0-42f4-838f-3b05e489e6ec	3.2921396378521353	2.499720895310181	18569	19394
16acbdbc-a397-4318-b11a-244d7e1350e6	3.6053472034338	2.44276497504167	18807	19394
418736a4-00d2-406b-a625-0d15726713ca	3.460961902342462	2.560292021562678	18971	19394
9195e450-b568-49e9-b977-7241aeed04b9	3.593644906934498	2.516565824869425	18756	19394
4ea1a466-beb0-476e-8ae7-29c1f09ff7f6	3.4302930685898607	2.513162916905798	18353	19394
46fb1711-e385-49a4-bf15-7990123cbe6b	3.5161933025482877	2.499401752130108	17857	19394
be63c85e-73ba-436a-aa62-c318131d1d92	3.601555055350824	2.463035449726576	18697	19394
2fc854d7-4f80-4c39-bd92-397e94fee4a0	3.42961480949795	2.567892671599544	18453	19394
68e7b9b7-1565-4034-91e9-9ec4e1a34b39	3.5173929307079606	2.493645119421856	18609	19394
0152ba53-d53b-4ec8-a256-3dcad8e8d2a3	3.7333109058975484	2.4750547189321335	19156	19394
b09f0a46-e2bb-49e7-b1a6-5d684cf9a47d	3.5262683462342745	2.447068481020701	19008	19394
04dd54d3-e4d1-4c72-860b-20e971609a5a	3.5087488148845014	2.4310094910404367	19181	19394
07a8c609-d838-4571-8d74-81e7083cbd76	3.5701889086813	2.493806197694066	19067	19394
1bc0790d-1383-43a2-920a-ae5c7205e518	3.540009087429125	2.530221409483406	19002	19394
6ab79ec9-2416-41ef-b2c4-49850a5ddf34	3.661403726220326	2.4591862486845115	18632	19394
844a9153-02d7-473e-a371-85b9d63c642d	3.6647749405495436	2.371177594706236	19224	19394
8824fcd3-242a-47a9-933e-632d5531bd6c	3.484211004964728	2.5230266203999645	18935	19394
1fcb9c83-18cb-42a4-8769-fddb3541c95d	3.05041458963329	2.502045031255692	16572	19394
5673c112-6eb1-41b3-a797-c9ffff67632c	3.490665184502906	2.483599834897164	19001	19394
133c13de-6c6b-45e2-a611-a5c5a4aebaa6	3.501436612352921	2.464657584109212	18806	19394
a0322f55-0853-4b63-9788-4e750557bb58	3.5245712476425637	2.4824414603171086	18754	19394
0b6dfffe-43c7-47a7-82aa-fd9f7dec0f13	3.366126816279131	2.546439802661294	18933	19394
57733d46-9726-4cc0-825f-77185bc7bea9	3.5033094428396714	2.4710849759479596	18636	19394
4cf1fa0f-6a00-4037-94d1-d5ce2012b2f5	3.5479918843431646	2.4530551690956477	19145	19394
d9dc4eb1-ca9d-4f1a-8db9-46d3ab600210	3.6213169223280905	2.4281969266536856	19142	19394
3f3abf12-32b0-493f-abea-d885f4aa0f34	3.5804033032790703	2.462525647284071	18915	19394
510e5040-0834-4b92-9277-d60b523a22e8	3.5717048901352095	2.4138596559087966	19125	19394
8b3147c8-71a9-40fb-81cf-9e23ef4b9a29	3.5027096959887043	2.4595244829879777	18827	19394
39637cb0-c222-48ce-8a6b-86cfab6a6ef4	3.5137549249186835	2.4564538290008007	18766	19394
0f5128f0-8b2d-45cf-858b-5cd4147ae689	3.329743078218508	2.5417253707424	18827	19394
a04e922f-f436-45ae-ad28-5cdf9d351c3a	3.5575220387467685	2.452850071038041	18965	19394
61715dc9-a28b-46a4-94a9-9a2b1b379831	3.5233869529492474	2.4580716208875857	19026	19394
573ce44a-ee08-4f10-8b97-35cd0454ddc7	3.5432963529245316	2.438301282393238	18641	19394
7ab37803-051a-4731-8d63-201f0400d435	3.5287383001649655	2.564297791873044	18897	19394
59a3ebb6-0bc0-4790-99bf-3caf74cb5c6e	3.537929956586647	2.455736165906767	18983	19394
0bf53b2c-319a-4657-901f-a2182af61352	3.619752360549923	2.485447547456172	19010	19394
1fddbfcc-b6a4-4f7c-aa5c-ce1e170e21bd	3.3680573222545886	2.580791768170334	18323	19394
69125f72-2011-4b8a-a450-1eae83b74266	3.6035055373438114	2.505016012850416	19096	19394
1cdee84f-33d8-4836-b569-5b157aec38e5	3.4652234569062066	2.5874085093915267	18868	19394
1a8e2409-ca0b-4b53-8d28-df63f7942722	3.6114848599505462	2.503119279860564	19109	19394
59eff44d-c532-4ea4-b8e4-e4478f5b12de	3.4186380557110874	2.479545079641717	18389	19394
115e6be9-dd9a-4137-8a5c-821ff7860a8f	3.499124930134382	2.440486110263684	19078	19394
2300f1fc-07fa-443c-bae8-f1b6fd3705bf	3.7553026278413877	2.3256288237799914	19162	19394
095b4b7f-be2f-4a76-85d7-f7cc8a6d572a	3.26437407215759	2.450331089789432	18523	19394
633afc4c-4a35-420e-9ce6-ff4670e28395	3.453736153156575	2.466542752457719	18533	19394
0225a318-9bb2-4340-a34a-99fcbc563e0a	3.4686223762972253	2.4431014240026885	18911	19394
346253c0-8e8b-459b-a6d5-03da9586578f	3.4319006025019605	2.5535228463842965	18858	19394
66c10757-2011-40ae-8b77-2647785fd463	3.3685901529173186	2.5642675116726332	18537	19394
7d09112d-53f5-4b72-993a-337c55a0c902	3.462822970212421	2.449562880738109	18755	19394
41192387-8da9-4bd2-be0f-f74157e7bab9	3.608600767056839	2.506110372832884	18915	19394
65eb6269-3250-49d1-89e3-bbee5519bd45	3.3160864078996526	2.5220502277725956	18704	19394
32fc9332-a9fd-47f6-9dee-6413e58e8cce	3.602797220179233	2.484246195761674	19084	19394
09ddb59b-46b1-42d3-bb06-62e67a213394	3.55390085671971	2.465786925731098	19057	19394
0c4daf52-cc9f-4099-8825-33c484ced5b1	3.3807243229352646	2.5499187150678915	18535	19394
56dd63cb-cf0a-48c3-bccc-c5094f8d8ac0	3.5639307492472123	2.5062491035245364	18246	19394
87ffeaea-93d7-4c88-85b9-b1b29b7f8e1d	3.400526307330469	2.5827473978667195	18804	19394
9f9961f0-4ee2-4471-ae4a-a0122d630a28	3.5519193295593574	2.539440998797515	18686	19394
9fa268c0-9e08-436b-a18b-fa9db1794296	3.4283117305547797	2.5265081678944785	18520	19394
2c2efcd3-bf49-4619-80e1-bfb614ab6b23	3.521072558937275	2.494722800078997	18660	19394
a0d03ed1-358a-45ce-a26a-f16d6ffa6050	3.4531537253345954	2.573546905119706	18775	19394
cb16e564-e613-4f02-9f74-e807a51dd512	3.7448396217949815	2.4168777357494595	19219	19394
20eccd8a-dfaf-40e4-8128-d77aa41680c4	3.56775690017796	2.5378731227513796	18760	19394
844a005f-471c-45d5-86de-956951d6b7d1	3.5603758865348465	2.3726680484810974	19202	19394
04aede4a-8d61-4501-bdca-10ea9bc343f9	3.600078547083343	2.4960211627014566	19025	19394
5ee6076c-f966-4b12-96fb-3a9b198122d9	3.488126608693234	2.5249926054016494	18735	19394
98ad41d5-fd77-4f30-94b5-03bf7b9c69b9	3.204463162611892	2.442212972538327	18435	19394
08003f93-05c8-40ed-95dc-16abf83b1e43	3.495062114164344	2.53681375913448	19011	19394
180853ab-cdf4-431a-a88f-9bdf0602a3a9	3.4271506617516114	2.42297886444102	18727	19394
582f2b5d-ed8e-4f78-b116-76ec00bee2d4	3.411585170642368	2.530848514123801	18822	19394
4410c7ed-286b-4452-bf3e-782673177b97	3.5227099146237255	2.5482782873866614	18905	19394
5d1d7c40-f636-46c6-9540-4df11a466b15	3.3167383704723883	2.427504711405621	18427	19394
037ba047-2228-43de-8df8-32920a689eca	3.6851619389201145	2.424550522854517	18918	19394
1eb2a255-6edd-4adb-b52d-99dcec590c5d	3.556396125275596	2.4723936096636865	18589	19394
5b5d5baf-0350-4053-9c24-a9ad0f3d06cc	3.6553752855893094	2.44884424865815	18835	19394
18c55689-4c2e-4592-867a-d7e0ba752ed7	3.4604711688757366	2.53103751328721	18818	19394
81505915-6c01-4299-ae89-964dc20d93cb	3.4478338701930857	2.50751835817726	18804	19394
5321bcc9-a2a0-4671-875a-b1153ff47e13	3.641155132740977	2.4665879974769314	19111	19394
5bd478fc-a97d-413f-a4f8-7d24c305334f	3.5998212295328034	2.5130971743910266	19051	19394
8aca008c-f55a-420a-82c7-acd2cca77d85	3.619186175405099	2.3704457364941387	18982	19394
d67fc406-7974-433e-896d-57197eced52b	3.5283669763813195	2.4497578213406905	18973	19394
17cce7e3-9bc7-478d-8cac-9254a1360ddb	3.606297873703504	2.4441464987878465	19090	19394
0ad869d1-24d5-412b-8058-154b97a65853	3.5637981170551507	2.485285635917019	19167	19394
390070d8-ef9b-46fe-93ee-9cf01a642a92	3.4046135355774654	2.5231592421816087	18334	19394
139cd85f-9a93-421f-8782-78ac917b97e6	3.668547796186599	2.4457373866498044	19089	19394
16619d78-3748-466d-a194-ea21fd8fb54c	3.344089796564204	2.5788966774461586	18764	19394
4c8c93dd-b680-4b2e-8801-f667b7ab515b	3.5659693142445708	2.39766545233772	18934	19394
89fc5db9-edff-480f-8fc4-addd28c6d615	3.5057259611132525	2.490264938186482	18655	19394
288c3d74-c236-4985-a01c-e39ccca065da	3.591004591126161	2.455464257280267	19093	19394
2ec2a1ce-591e-4e42-8f1a-7dea0b737cf2	3.5529046532229542	2.4515733423144064	19021	19394
b481fc53-5b7e-4e28-bb4d-71a25efa6dad	3.478558164642237	2.5644829459484377	18768	19394
5241539d-65ac-434d-8eaa-ae57f702c8ce	3.3226363886766954	2.5327620160335855	17772	19394
1a4d9d59-b0dc-4045-a832-9089d3bc1d52	3.337578999655209	2.587703117795803	18439	19394
f409f2bd-ffb1-4c13-a913-5cf348542135	3.4931555870653734	2.502182210878047	18852	19394
9932102f-50cd-42e7-be37-038df150b9db	3.512763104181209	2.498150448082211	17757	19394
170c1926-67d9-4237-b365-fe611ed1ee7f	3.618741481473091	2.4937937798094816	19100	19394
9f1e23db-fbf0-42ba-adf3-8a04c6e472e4	3.2930199616010674	2.559525660464359	18472	19394
2151dc9e-f76a-4cff-8a20-b7c107d59c27	3.3120498745568026	2.455756375640768	18695	19394
6171db74-fe5a-4495-8b6a-724be0cba79e	3.1596394632902607	2.5843197190217104	18261	19394
b0f0ea02-b1da-4613-a9b0-d18a07910010	3.6215065658730037	2.462985121160275	18920	19394
353ef4f3-1c2e-4f6c-a6c9-2e4404c62efe	3.525598757764657	2.52765711188449	18946	19394
4425892c-8c35-4f6c-b531-1ec510ad19d2	3.565470987219268	2.4809104624704448	18588	19394
41933a62-1325-4089-80b5-06e3ebb238da	3.411775867872909	2.4741609628467716	18694	19394
0164c63c-d3fc-48ab-88d3-c0ab821c39c4	3.4162971617612587	2.519705598125638	19005	19394
197245f6-a310-4af4-9231-0afefc547ecd	3.42428449531977	2.5681633046402323	18423	19394
5b04ee05-9488-4141-9178-fb0a101492bd	3.6685913228325626	2.445630916500171	19094	19394
615fdee9-637e-45c6-8909-36b9201a8eb7	3.621476081699181	2.403847764975224	19036	19394
7628cf2b-c65a-422c-bb64-d0361de85f20	3.51161761516355	2.569807143118129	18962	19394
9ef79e62-54d7-406b-9a15-893b2871929f	3.415324581390486	2.4257111162149587	18725	19394
6605cdbc-a37f-4a41-a4b5-42708e5076a3	3.38222169006876	2.548051738292337	18757	19394
0537bad8-0e85-4b05-91b3-fd965e96d0d7	3.429943476717468	2.4953209491190678	18824	19394
27bb0162-62e9-42b4-a6fc-e11361987cdf	3.344424660882952	2.484560965680065	18201	19394
5703f0d8-db96-40ce-8009-51d2ec188abf	3.515413696276325	2.4645279469282366	18843	19394
2dfb4a43-f4e9-4de6-a385-f96e754d982e	3.4708912240222296	2.550368260598399	18934	19394
47bf3623-a304-48a1-8651-71b6ed41d886	3.5767213075889086	2.467070431401567	19099	19394
ad9a1a30-a318-4e58-96b3-7d76ab3b6e5d	3.53629137312408	2.4902041780999156	18541	19394
01680b41-4718-4b82-80a7-851ff5518151	3.4041221737930463	2.461465963272446	18682	19394
49075fad-2d3b-4732-8d6f-7c61cbb76372	3.344748484430634	2.507480302577842	18650	19394
a2252651-387d-49b8-947c-f9d1872b5822	3.5271290395135972	2.5293423186380113	18930	19394
1daeeee4-4980-4424-b31a-2f6a8e7d4e55	3.34615143815701	2.5749429462940334	18624	19394
5049aeb6-44d3-4e4a-ad30-5dc99c903039	3.556470441429137	2.4871497743206157	19025	19394
2dfa5bb3-ffde-4614-bb76-d3075819e1a3	3.629997480683483	2.4521139888616514	19088	19394
c5849720-9d9f-4af4-9649-27f7a32ba779	3.540885955907038	2.5430506575211154	18924	19394
c4543b6b-3b9a-4a7a-8273-36b832eed64b	3.461330734098821	2.5587294707200434	18735	19394
0985b9ce-b40a-40e1-b965-c52d69bfe76b	3.631604276684944	2.4466701585490265	19157	19394
35aad6ca-2675-42b3-8847-e83f7f840c2b	3.188432101527338	2.5873696116298177	17783	19394
a519f8a7-a83e-4e07-83aa-eed4bcd37266	3.5321034512167677	2.5234642267955993	19005	19394
08c83da9-c037-464b-a68a-9df6e89ed861	3.626846948297632	2.480526413519033	19087	19394
0b58159a-ab85-4baa-b83e-55a8d080a3c5	3.5402579121538285	2.5205429047459025	18999	19394
445d5e8c-db8d-44f4-b3d0-d1857cb2ef48	3.488768895893129	2.530617706457435	18831	19394
73ee34e8-422d-4ab1-b0f0-da8a5a2dd9ab	3.3610128901562284	2.5113539783989656	18514	19394
1f10d305-91ee-4008-af7b-a242f4353ec0	3.6007776522006805	2.4448358051228394	19161	19394
5ab15b14-d6c2-4900-add7-24e3b8df2680	3.5949964722232726	2.5057699340495105	19080	19394
0fbbfa5e-f2c3-4cc1-aeb3-456bd307cb85	3.538524997468519	2.453914332844457	19063	19394
732077b5-97b2-44ab-aac9-1ae94fd04887	3.5894184944793186	2.492344370290986	19086	19394
d8dce266-1073-4bf2-a714-748e7e942635	3.503071020597831	2.440601561064277	19135	19394
9eefa52f-0f0f-4eb0-9d9a-36bb1a1c4903	3.4260593494740865	2.5314257249812635	18894	19394
383f29d6-7db7-42a3-a2f3-fb69dca65f83	3.528662434360164	2.5122433808190494	18949	19394
8537633b-6426-4b66-a2a3-fa942eedf01b	3.1689137969422982	2.5603615953823673	18565	19394
f1064663-1462-4901-8bf7-9f50da5ee7b1	3.462210756868363	2.5221485702546147	18619	19394
02981f5d-786d-4bc8-9449-cede512502bc	3.4986486202765636	2.499020791618675	18835	19394
b7e4daef-b24b-45c0-8f9d-21bcf46d9c9a	3.369033202282676	2.502695600076211	18646	19394
9076c2ec-bc16-49a9-b9e4-da726de4f1f5	3.6168485242248796	2.398170609519515	18605	19394
44e7b873-77d5-463c-91d2-cea206ee4391	3.527432995827816	2.510717849479909	18873	19394
22996dd0-8d03-49f2-8395-738c0599339b	3.704683250018021	2.400205845785626	19156	19394
47839ff7-7da3-4160-bf1f-d8516a34bbe5	3.56102395679992	2.428895575580949	18814	19394
1e7873ce-88c4-44c2-9f8a-aeeae8c98edf	3.586691059007175	2.516691880410861	17396	19394
83b624fe-acc8-4777-b606-e4cacdc11a82	3.389443946806608	2.51481941768433	18847	19394
190fecab-1ef1-43fa-87a2-104014eb2ce2	3.513754113485751	2.498324029773127	18710	19394
5191b678-f7e1-42f4-a995-aa6abe5fd976	3.481950097058572	2.5779658097930787	18853	19394
c1ea307f-cf39-4b09-8185-da56c37ce0d9	3.5431876343663427	2.4615802491557033	18830	19394
4e0e61b3-003a-482d-8749-a7b33be4a4c8	3.5393833009121396	2.487643252116616	18920	19394
9493c0b9-d2b3-4163-8a4e-ac9deb127045	3.438571860227599	2.54492727030766	18933	19394
0c749ae7-1564-4ade-847f-376d21d1753b	3.483921812527847	2.531080064804255	18824	19394
75a6a64e-11f0-41c8-9cba-179ae3333621	3.622448125307443	2.461784074526756	18954	19394
45dc6d68-be3d-4955-954c-46bf948054f4	3.4962348485038466	2.4482424833528666	18920	19394
201b6b48-418f-48a3-a568-6e851f85c25e	3.497796918445844	2.5297991257926316	18750	19394
617f14fe-153c-4ddc-b280-600c1fa08ad5	3.6223808956215855	2.4958170048649553	19096	19394
bb39734c-9d9c-4249-9d1b-176b28aba41c	3.436385480980856	2.485712963337053	18986	19394
2104463b-9421-47f3-9974-a00080c6e937	3.5424388114680436	2.4456961258137633	18828	19394
698584f0-726b-4a10-bc69-9b4acaed2cef	3.5040523840859117	2.4661271876262973	19028	19394
8c74f301-7976-4c15-952d-660d53f1215d	3.657508917978158	2.4290936506360516	19106	19394
57267a5a-de07-49eb-8021-91f2c3aa8e44	3.6797845142131766	2.4238008426353588	19132	19394
52b17bb5-0476-4d64-9865-c01309b58144	3.7276327679648134	2.3867104712567406	19176	19394
71e604ba-4ebd-44e9-84bf-5ef09c37bb67	3.556955023256845	2.478810687764733	18930	19394
48cbf5b5-bea9-4d31-bc93-6122a329f3ea	3.6475871168598246	2.4061854136726066	19020	19394
63b2b3b9-7eb1-47b3-a3fc-1d385042fdca	3.531208704280349	2.4892082816431595	18838	19394
7da8a1f1-5a85-4bdf-a9c4-6fe98bce5923	3.6902453310612064	2.446325566859842	19011	19394
89811300-8202-4a82-8353-5b2b2b2ecfd4	3.4392133272799725	2.568505527303524	18602	19394
78eecddd-e0d2-4f8a-821a-7e412f92e754	3.532281834309579	2.583565804388515	18772	19394
dad24abd-0eb7-4534-a1f2-ebe38ec402f9	3.5680681074405767	2.4976196725202144	19131	19394
41411fc2-420a-425f-94bd-01a52a0402e0	3.3649477277025106	2.570456654358477	18624	19394
198cf746-6749-487f-a097-dd098a70949c	3.432832048387568	2.5058196619424837	19071	19394
496316ba-00b4-49ff-9b67-02273fbfa945	3.2547729256502476	2.4758584492458247	17887	19394
afc8d98d-6e58-461b-b771-c86486f9f012	3.2688329229234294	2.56035113164598	18554	19394
3b556594-eff5-4a2a-9cbf-3f81456069f8	3.621567671893305	2.4994526121712792	18850	19394
1cd9614d-c2eb-4146-a4ff-adefcdad7315	3.9781624958419197	2.228644297166679	19308	19394
14c176f9-9197-4486-9f98-fe82991c6dc6	3.609608537057204	2.47428641832999	18950	19394
076808f3-1a00-4c82-bfa3-91a325f1e73c	3.3951721834560047	2.660311055128022	18525	19394
5f6cb74f-1d92-4ea4-92e1-ed23f83649fe	3.537308736794958	2.4797064866833782	18998	19394
463d4b1e-2068-45dd-9631-fb9c7268fe6c	3.3186261678616336	2.5435267047434302	18569	19394
2fdc7232-2319-49cf-ac47-695523741558	3.5135731134834773	2.548500937643708	18694	19394
25d55cf4-625f-485f-85aa-87adb72e685b	3.4425302250656267	2.5692937950347794	18939	19394
14eb006d-42b2-4765-9dc2-b96f9aa03c10	3.2846867291160637	2.5160347323889463	18565	19394
c525d1fb-ca9e-4c69-97d9-0d00041edb01	3.4591046666416356	2.5732691477816116	18798	19394
37ad61ea-96d1-40f1-b77a-56408e4243ea	3.4098202270805813	2.489544103016986	18657	19394
1a4601f8-e4d6-4c3d-a846-e3186295c137	3.408648859281618	2.4842978207291577	18232	19394
0e53a06b-feae-46ab-9b7d-f1aeb31b499b	3.6263034064393675	2.4603418269548856	19119	19394
a545fb9a-c386-4a80-9a25-660dc4f62904	3.210112452468809	2.573915386778267	18790	19394
8fa7105d-aba3-49e4-bbc0-083c547f3449	3.4704643782031304	2.4465552850934817	19054	19394
cd591147-3d00-4f87-bd90-53dd9ff830f7	3.663083985453512	2.4730700542086295	19001	19394
6f6820c0-beed-4944-a241-d65f58bddf9a	3.3946558948372925	2.5593993579205683	18157	19394
1a465792-4da7-4d37-9352-73e76ecff4d2	3.862389292294755	2.258266894781795	17989	19394
54cf4c36-eb20-41da-990a-2f6230d62cbf	3.6525586374333776	2.4107993565446106	19103	19394
be4bb915-7700-43e8-a640-ad77faf54f41	3.4819406707844065	2.5080718390182972	18533	19394
b1dcd03c-3cdd-4c23-9391-c5adeebff489	3.534739399908836	2.4981546980179874	18857	19394
a73684e4-7cf1-4e9d-83b8-a6ebebd51101	3.6629873733511644	2.421919805184164	19187	19394
56092e8e-a259-4178-8682-16518367d20c	3.1525285060769925	2.509907011152315	17615	19394
bbb4b282-5414-4929-a9f6-08b733d14fa7	3.5104753007966947	2.476487644697575	19070	19394
1ba1877d-e32e-4e04-9701-d13d07fae459	3.435961294437924	2.4918446952256836	18656	19394
010eccdb-0d4b-4808-b210-8c462ad05925	3.4160112644878735	2.4757399653038563	19041	19394
47ddad9d-1e43-4961-a5d1-55882f68b446	3.392041641635298	2.4064777266866755	18834	19394
52efbeb4-7b23-4c49-92f9-931a3eb99055	3.4681105260340033	2.5278807184223346	19007	19394
5f925197-6100-4594-9351-99c693981f43	3.588109492949995	2.4102691862519974	19092	19394
40dd997d-cfdf-46f9-9c0a-f238b8d6f758	3.4321596933119576	2.4914726566489382	18763	19394
05711fa9-46f4-43fd-a293-4969790f1004	3.6178163554257643	2.4779508463163724	19187	19394
a2dd99bf-3a02-42cd-9aa8-80a018584ee6	3.4208450732421682	2.467160826266863	18988	19394
082def2f-4d99-4270-83e7-5a9a5c049c23	3.5344048984812466	2.495253276739732	18759	19394
019736e0-3672-4aa7-a00d-891bdd1f7f5c	3.538119688819392	2.5252722138449406	18957	19394
bfb18bc1-2476-49d5-9400-d8c7ea001372	3.3776349079388357	2.5121895309122726	18884	19394
91bec9df-1d87-41e0-81f0-7b7b33a8a72a	3.595737666776474	2.4109623075222166	18989	19394
2ea59e5d-2191-44f4-b70b-8b180e805b8d	3.321815020605855	2.4567758139321274	18656	19394
1aba77ba-8c2c-4060-83e8-fb3bdd2270aa	3.6884412916415465	2.375803222929568	19187	19394
3e51f010-457d-465e-b7b3-7f65761cd28c	3.384657676501804	2.4837373992975476	18434	19394
258dd9ce-a865-44d8-a665-f52f3cd368c1	3.5101354634460433	2.429254712427946	18946	19394
6de71018-d57a-4b0f-a2d3-5ca317889dd1	3.565322293552818	2.452465684415382	18710	19394
77204666-6ad8-40b2-b121-601fd18bffdb	3.521009558016668	2.5038721831239426	18924	19394
31ee769f-14d5-4cc3-b25f-76ca354bdb1b	3.3947574545230395	2.5393895348847275	18810	19394
849016dc-fea2-4d92-9bee-24f41fa625e0	3.434976246455801	2.5805017440073006	18771	19394
2fcfeba3-1455-43c1-b10f-1559fd0e03cf	3.735674004644419	2.401871562133291	19140	19394
0b30934d-0c35-41a1-8a1c-8c5f6a9774d9	3.5115004694930776	2.5501784961795426	18873	19394
1c565c5a-8254-48bc-9b88-c582bfc15204	3.5199837908263425	2.5193027149584215	18920	19394
0881378b-2103-4d63-8173-430b34267eac	3.5614373332525835	2.455346659516668	18697	19394
77abfd72-97d2-4abd-8633-99bedfffbe1d	3.5714805948093056	2.4454737489728418	18881	19394
0d1b5f70-169a-415f-93f3-efe0ccc0e4c7	3.624138097764105	2.499109569029367	18982	19394
70f388b9-4642-41d8-8a78-8f76a8f37943	3.5682596205974124	2.4970508097696427	18636	19394
066aaaaf-f945-4b04-9db5-d556f0c2bc08	3.5102173601163	2.534186759828399	18883	19394
a3674348-7d0c-4d1a-b825-a335f79a4b79	3.303263189101063	2.5524084907852744	18733	19394
87cf1a20-2dc5-4c06-b0c4-16103be40ef0	3.577765317261491	2.4782125371998234	19058	19394
1a058e77-7c20-4f50-ac89-185067ea7437	3.50403524216906	2.571917900526254	18860	19394
18364fcc-5f9c-4e3f-8a9e-56ed18ac893e	3.4927843667267733	2.510077775682637	18967	19394
c24759f8-566b-42da-a26d-bb0bf51ee15f	3.0206001419075044	2.5014413447997583	18118	19394
1f464f7c-dc4d-4dc2-8623-55233b9f994d	3.5749463440395135	2.440403544933664	18969	19394
4794413c-ed92-451c-a3ce-f411fed5ca82	3.549819965371181	2.5614268156523416	18660	19394
0cf35153-2c04-4bdd-91e0-d63cb98da5bf	3.4439652935809737	2.5097405894844176	18802	19394
92058c44-a484-4e08-b1fe-dfe2f03a0aa1	3.6799688984974352	2.474366485728122	19132	19394
2e4b5ba3-ccc8-40f6-80ac-edaea1685204	3.4998712203117335	2.452113220614168	19192	19394
e0630a0d-d4aa-4c20-87ea-441ea60e6cfe	3.742331642235563	2.303254711869904	19243	19394
5d1a5545-6934-41e5-b41b-8e0ee88e6ec6	3.575546229716626	2.512185442837916	19069	19394
3d164bd9-7416-47af-a102-29954e3efe2c	3.73690914374487	2.35920530283216	19216	19394
163000c7-0633-4d89-a84f-f487517248db	3.628662406708793	2.4937296345169	19051	19394
183a47b2-1b00-4a72-adeb-f35b55692ee1	3.5783315839454053	2.431328276032673	19144	19394
6ae685e1-cd02-4c07-839d-0f2507077955	3.415224608290312	2.558424833150185	18936	19394
3182e60d-be44-4f03-ba0c-431e0c1f1d5e	3.6672705760358144	2.478128297187581	19233	19394
63aa7e64-3d7c-43e8-87fa-f52855faed80	3.7569378114364618	2.358702881052796	19196	19394
7b420e74-ed0d-416b-8355-9a80a61d6a4b	3.5832802539736575	2.426074779826763	19125	19394
14423610-4958-43f4-9a75-1a61c1293024	3.6329270885975373	2.459058951826927	19040	19394
357e1eca-0f5c-49d6-b437-0ed0afe3b178	3.566954628011632	2.4801196123733398	19053	19394
78f8b01e-292f-4131-a3ef-4f9faec7913a	3.62424252570681	2.503175240171815	19137	19394
a76bc38a-9eef-4e6c-b021-f940ff5137b8	3.65599418195861	2.4421608185880688	18954	19394
9de14345-b948-4929-aad7-8abc4e2d35ba	3.2609078227841892	2.5176650303520423	18698	19394
14193a12-5601-4f0c-90aa-ecd24d6ac41b	3.625951829998577	2.4388119670508868	19076	19394
5a800052-150a-4273-9d5d-0ce48be4fd8a	3.669267709620177	2.453089304484165	19128	19394
3e936c86-fbb5-415d-a657-f96fe5565e34	3.73645511562582	2.431846111598682	19171	19394
12ece355-f1d0-446c-84e9-0aed3e6d29f8	3.360686673044238	2.482048141842039	18906	19394
270be245-2239-4e96-a917-79cca40868ba	3.568476574686571	2.5070552305322837	19123	19394
58d073a2-68b8-4f48-ba5e-020258abef71	3.4653121535616846	2.511935544938223	18974	19394
281f2be7-7fb2-46f2-9a4a-033db48329a1	3.78671188079788	2.307107861404559	19208	19394
b1379238-cffe-492c-acaa-f8f0b0f733ff	3.3085692166945386	2.36221907369871	18937	19394
6292ad22-cf2f-4e72-a95d-2441d667a147	3.470428740328118	2.53944227227044	19199	19394
8df411bb-1d82-4470-84ff-e2d335698d42	3.602298362919365	2.502366993541313	18450	19394
cb914f76-be58-463e-b9df-c7cb2811bd3c	3.893688487809083	2.3614993328804523	19204	19394
3f104cf7-8de8-4e77-8baa-bad1bbb493ac	3.6246607695309994	2.3936205954906167	19181	19394
bed56886-f4fe-4917-b32a-18b3d3f47c24	3.556980570051409	2.4574682807782247	18899	19394
2bd0e061-f49d-4f0c-a76d-1a647860e0d0	3.7267368442459823	2.4457438043390174	19039	19394
0201cf15-d073-447f-b96e-eca0800b8cff	3.778600736544057	2.3815183656018237	19138	19394
6b4d9ae9-5776-4efa-86ac-3772b179d59f	3.763230608676012	2.4378679057567187	19098	19394
b9eeeaf9-5a04-4f93-b2fb-897377bd57f4	3.4292200693904005	2.496767918195756	18655	19394
0ac12a02-8fe3-4c1b-a885-848aa924a339	3.6204533255940756	2.4867752634877016	19124	19394
312a82ee-9236-4282-b5eb-ee6063babf5a	3.6138310578956627	2.4533235040346453	19052	19394
181ff04b-8315-4069-a4cc-e102796ecde4	3.6515947821264363	2.4623653847073634	19150	19394
a19fbcc1-a781-4496-97ed-487aa83aae29	3.505195325115892	2.545121156552392	18952	19394
07c938ad-70f7-418f-b6c9-ec6e4b1dae66	3.6121272370857875	2.3786697602869915	19008	19394
0d7511fd-b57f-4bba-abc2-38b24ba4a15a	3.4700873635535125	2.501543284802289	18913	19394
00f81e98-e5c3-43b2-9757-f769ec17f3f8	3.581128008689842	2.498482882890935	19149	19394
146bd11a-e66a-4d8d-990a-9f1199cdf255	3.702272159850952	2.401411250749207	19225	19394
78feb5be-f9d1-4cc6-baba-274136b9487c	3.6625265589438905	2.436577754924524	19178	19394
6b1c8010-d4fe-40e7-8e09-7a7dbdde6616	3.669558983867798	2.452863969580504	19136	19394
0fcd1ba3-8461-4533-9952-2831daf6a4db	3.537118654632493	2.535503521408824	19076	19394
7e9145f7-ccff-4132-b2b7-9b992eebebf4	3.6261767180784683	2.4865620126004355	19154	19394
a09a99f9-33e3-45d5-bfc2-f57ce149a527	3.5060471780705535	2.5174711046088434	19143	19394
8ba93ad6-932d-42c9-8268-ddda46802057	3.5679221215260166	2.5067189776122607	18884	19394
c75bc2c7-cf1f-482c-b615-f60b56983124	3.7053487843299293	2.408396287819477	19126	19394
d360da4b-c5b4-42e8-96d5-eac486f0ebbd	3.6411452570584792	2.5107357592854602	18989	19394
7ea6d404-9d2c-4b69-ac8b-d9ccd2d6cc65	3.6425517878018154	2.3838871122255454	19145	19394
0dcfd67b-64b2-4333-af18-a2638dd82952	3.7976509098927074	2.456566358107306	18988	19394
91d2288c-0d88-4a49-a0e4-0a7d2a95ccc6	3.0994910673186635	2.4864466865638453	18500	19394
82371bb4-13dd-4868-9872-bd3e3e1da67d	3.5150201334411757	2.488334897086482	19127	19394
b8c9196c-182d-4522-b487-734f9a8f9a78	3.66825475711919	2.396295867975104	19124	19394
468b4ab5-9750-4685-a967-184da2cfcdb4	3.7764799008047123	2.4423211889647485	19177	19394
314e66df-0adc-4b7f-98e0-a32929192c71	3.676693272264146	2.366696015352671	19080	19394
d189e6c5-830e-4624-9df4-cef3301d0fbc	3.7464529900727914	2.405697614985155	19156	19394
1bab00ca-778e-48ac-ac59-ce2b99d84403	3.5820068787347683	2.5085549311743374	19036	19394
cc937913-802f-48cd-a490-e6b90f007c5d	3.4713326769978936	2.501655661964711	18610	19394
1dbb21be-290d-4c22-a6da-9eb4a0c41edf	3.875275510015831	2.3684479851539453	19220	19394
14f380df-eda0-4593-b00f-43abc87e22d4	3.5109281299762443	2.5139972122524394	18767	19394
7f791228-dd77-4ab0-8227-d784a4c7fea1	3.78028819783125	2.385829343393235	19118	19394
15c2deaa-1162-4ee8-b698-179bfd67a78d	3.5970703207217447	2.460720670545027	19111	19394
6f68a61c-8aec-42d3-b225-22bc6da3e355	3.4720984754540964	2.5142294403802214	18829	19394
69bfa6ce-ed46-4321-a107-347c49d68951	3.3848977215734686	2.466377255438136	19084	19394
662cc11c-da31-4e31-8e77-46011b38ea96	3.3655370922741445	2.469546351162728	18788	19394
45c79141-a125-4305-b1b7-c838de1af8a3	3.6526673641832557	2.4300945108399636	19234	19394
3652a456-36ee-4746-b25d-a6303984b77f	3.512911289607118	2.4816686575321425	18951	19394
4a4d5c63-8e41-487d-839a-f68f28ab9b82	3.600609175114962	2.456756011120197	18978	19394
860baf5b-abcf-4014-8b4b-d0a4b0d15c51	3.5958368390474926	2.533890923847969	19097	19394
06239773-a7e3-4262-9b5f-0105e3b1467a	3.783500358437367	2.404195975201596	19185	19394
17bb7144-07ec-49d0-8345-2a5b4ceeeaec	3.707619441300066	2.44571155888945	19102	19394
d2d7f976-2330-47aa-b1b3-947b3182b0b0	3.5297194885073804	2.509426152623957	18937	19394
17cdb451-9b35-4aab-8bc2-b4a64ef3e3b4	3.5489846678192682	2.4601332062105707	19150	19394
8835b20e-9343-4266-a356-e0343c657130	3.411006087534498	2.4033376994129845	19076	19394
093150bc-9ea8-4729-8693-32fe1d9690d2	3.615589089557315	2.474766030845747	18825	19394
ca44a8bf-428e-48b5-ae58-614f9a3e0fd8	3.627225133656031	2.4660442074763327	19173	19394
5a9087b1-d001-4fcc-b061-f59e7026e711	3.4923413585378227	2.4803749916837656	18900	19394
0f6ed829-a59b-48b7-a2ca-3aa9db40e4c2	3.621835588979113	2.430990122986054	19086	19394
1142b1cf-ebf3-485b-aae2-dcf4d8793212	3.5228621889016862	2.3717393138163883	19205	19394
a03cd506-47aa-4333-a9a4-fa1a6815ac75	3.394706243754886	2.522400988197794	19053	19394
80265a56-75ca-479d-b92b-4fdaeb18ed17	3.4957245515040616	2.5105322051690124	18870	19394
d9de9f71-2b39-4d21-9c93-8e199080c011	3.568943576571669	2.4675004402969587	18917	19394
796b90a8-99d6-4102-81a0-96c6954e9f26	3.7679777885500285	2.414914203496943	19092	19394
2f125802-32af-40b6-b4c8-4018740ccee9	3.4128904901532056	2.5920860539308914	18885	19394
7b80a02f-c065-4ec2-95fc-05baf0aa3926	3.62504279184977	2.5039390758978586	19058	19394
08add75d-f706-458a-a6a8-41da7e07af19	3.692471266337319	2.4259574381299123	19132	19394
6bbd477d-699c-4988-a27b-0c3233b595eb	3.5937951082758888	2.507598059199523	19080	19394
05507d2c-3dea-4554-8f06-039fd555309a	3.3952387747710264	2.4718711446585715	19039	19394
cee987ef-2eb6-4cdd-8094-331de8ec38ca	3.7213176799788252	2.3207089398002	19189	19394
5ae24b78-4c64-4a08-bd13-3d58182215ad	3.8205039093815607	2.372063162151462	19226	19394
3596c171-86d4-48ae-80a5-847c874d4860	3.682737555389871	2.4203090485254872	19147	19394
1be0c409-dd2c-4d82-80c4-2a71ec4d17d4	3.381893027796518	2.363068853736071	18980	19394
27b748ba-fef9-4eaa-96b6-a8ad31b5c478	3.411517108611639	2.5508412851710682	18874	19394
371ee0d6-5c89-4d9e-b57b-d22a0b86987e	3.5060341618529924	2.5715621071109487	18614	19394
0d9139aa-d829-4ac9-8a65-822dcf79971c	3.5159693387622686	2.511168728079076	18982	19394
10f2905c-6bac-4050-9327-926c5c4de29f	3.6925820174539665	2.4422685247163023	19164	19394
e7008896-7348-4b14-a443-d9da1352c80e	3.592311069933086	2.47569051544051	18933	19394
ce2a0734-ea41-4e2c-87dd-516f6e5b83d6	3.4407587671621602	2.4903101750783714	18996	19394
7fd5702e-2d7b-4b79-b2d8-5ca4ca33cf65	3.3601256228528245	2.535568383393149	18752	19394
9864f875-05af-4336-b532-a283e4dfeed6	3.6697434804787896	2.473333868836304	19172	19394
4ab5f84d-7ba2-49e2-862b-48ff8cff3c34	3.634397117818336	2.45192164431184	19101	19394
4fbe5e67-d18a-48d5-bd88-19a2f4c01c8d	3.4569249354104348	2.3920409745755116	19202	19394
03115606-c46f-40ef-a95f-cdc1c174797d	3.5226909397657753	2.5293424893224548	18933	19394
863804ba-7fcd-49ce-a544-5a98eb3f2857	3.692657706356192	2.4115650250665075	18973	19394
4c3d691c-fdf7-46e3-977e-68500c4ac358	3.494065314291654	2.472173293594565	19139	19394
2b8c960a-3e9a-49bf-8329-7d322da90326	3.7020632234454616	2.4182474105091423	19075	19394
66cd1bec-0b4d-4212-ab3f-548ffcfa7dd8	3.562239101742038	2.5045352205256206	19020	19394
22ff97e9-f168-48bb-9b61-6f50aba08d27	3.7210512095985755	2.4215090028872357	19142	19394
3490858a-b2ef-4700-91ea-5e71c71cff67	3.5304320854056903	2.5144307349278994	19076	19394
250c0ab4-ef0f-4340-a86d-628b98f8acca	3.6482060005341177	2.4244482238744527	19103	19394
11b582c7-95bf-4a07-8996-ef4d0d4f897e	3.5401253327766224	2.341939231282008	19125	19394
5d3af3d2-f86b-4fc5-a56e-381f82b84cd0	3.780971567320139	2.34101346019333	19224	19394
4c7ed667-0015-48e5-a262-cabd54a35244	3.5620743112226267	2.4740221548203203	18957	19394
8b5c7e4d-a220-4499-9e38-7deacc1776a2	3.5597520538377387	2.5203520884979445	19132	19394
0849aa2e-a846-4de6-8ba3-eb916dc13f35	3.666185419352288	2.360306158222201	19216	19394
084b2d8f-96a8-41f1-844d-20004cd665e7	3.5287478283011393	2.488398989426576	19070	19394
38bf35cd-b2f7-4532-9bff-d95cfe2cafd5	3.6143274464255044	2.4271313211311973	19136	19394
6407b3ab-d159-4700-8e6b-d460411643ac	3.557961087430836	2.3794837081069082	19121	19394
600df455-fdf4-4955-8d65-236b7b112693	3.475097483404932	2.5977035514877267	18803	19394
4f441e61-6bea-4a12-841d-def270804bbe	3.577505577060803	2.4492320244764745	19099	19394
989c2df5-5183-4daa-a8da-fc9ab18a437c	3.656987299728519	2.445028826153599	19235	19394
eda0ff5c-84cf-44cb-888f-0aab17441dfa	3.4450562355465046	2.4306830575913203	19071	19394
7893162b-3d19-4c54-86ee-aa4884d84e8a	3.668166667181656	2.424257718176434	19200	19394
0dba8c12-0f21-4489-8639-47c156ddfa5f	3.417634047347211	2.5359794594692193	18805	19394
151a1187-e07e-4b76-b2d2-2da133b9116b	3.785415974514369	2.3808081841157787	19181	19394
a0e467f8-79c1-499e-b881-669b4bd55b8c	3.526978359122705	2.5248754380477196	19002	19394
0ca24149-4cc4-4ad1-b448-4cc33fef851e	3.732599792317222	2.430427442388334	19224	19394
076736e4-6b47-40f4-bbd6-3868dfd1b9c5	3.545265917948096	2.5418984821599797	18543	19394
73ea6778-4dbe-4300-a80b-bf41f6ac5fd9	3.6084093957446983	2.4631640492731135	18830	19394
118021a5-6601-40a5-aef3-53c7fa4ed007	2.959066360531936	2.147265245762886	19028	19394
efea8f6e-fb7d-42f5-abca-3ff47da3c062	3.530344996371755	2.534118828685938	18743	19394
03eb5ba8-0307-49b0-aa05-003007d79107	3.6552618080816663	2.451287525295268	19095	19394
238ffa7f-eecf-4f46-8831-efa0d23fa66c	3.363104028496985	2.514017870926745	18930	19394
2dd17e3a-3034-4bb9-8a79-d0c89fa9ae21	3.4895069835065633	2.484213119365582	19010	19394
8718f7f1-a95d-4245-9b00-6c061b69a1c6	3.5962300387863086	2.4367823563192137	18964	19394
65842833-68a7-4efd-a781-19b5dc6bd257	3.386568238009894	2.4241462272307834	19018	19394
43f2cdb0-e5f0-4586-808a-fc0ef3313aa0	3.5053361554938	2.506434074146697	19131	19394
9d501ca9-f50d-45fc-bcc3-fee15f9771cd	3.522375391863517	2.496827730963854	18859	19394
6f261668-4373-4bf7-940b-38acf79b97b5	3.625004887719179	2.4577891215499617	19023	19394
6093f268-1c3f-4fec-bde7-fc3721ecaf8e	3.3958433071989664	2.4988890558334496	18403	19394
061e539b-4cde-4e37-bbcf-30937ce689c9	3.576283219106479	2.511748111602916	18914	19394
4c932085-e46b-4544-a32c-c38b2bac837a	3.765361325162215	2.3305640988406227	19208	19394
a00cc4fb-6852-4869-89a7-f9f2fc941ccc	3.5851407105962108	2.511919741403216	18954	19394
429d3dc6-452e-48fc-9dce-e418317a77d3	3.8162804409417355	2.3721395118382564	19179	19394
8fc813ab-c217-4fae-9189-be0a2b7e0360	3.5733799884234454	2.461123919527367	19017	19394
cbf66244-42c8-4df6-aca7-932e77bb5e0e	3.4610770431676934	2.548369504690578	18953	19394
27dac66a-e5ac-41b4-95e6-4a9f209261ee	3.629758980146685	2.4017701224192973	19093	19394
55906ee0-a385-4ec9-8515-90ab613eca35	3.5543023965423326	2.50169335935973	19111	19394
3de73049-e6e7-4ed7-be98-bf174fd37c89	3.665918928596863	2.4465298302654954	19193	19394
0f0cca8e-770c-45df-a6cc-466cc9328637	3.47400111288443	2.4160964268806793	19137	19394
209bcf2c-dac4-48e4-b47c-5a4c8e8797b9	3.505642039315139	2.503985236343456	18914	19394
05415f21-4c6d-4cf4-924c-9c1eb769e696	3.675752944154808	2.4142296218780475	19101	19394
60cfca96-802d-4a36-8c14-fc0bed308bc3	3.6619476704058433	2.4137829942726734	19068	19394
f4d51ca6-89a6-4571-ae8d-0fad7dde4452	3.658230285240441	2.406991623236647	19148	19394
083f4985-57c0-4931-ba8a-00f565430da9	3.6451977336557264	2.3693177322359245	19185	19394
26b0cf7a-584f-46e5-8f83-b6b5f7d542ba	3.546627749683024	2.5462235418166395	18903	19394
8d84c9f4-6f19-42a6-9f55-8b4ccafc6117	3.733399395849631	2.404880667061592	19222	19394
0c8615d8-e7a2-465a-8de3-961734941c16	3.656362418301402	2.5136456630774138	19026	19394
9f52ae8b-7fe7-441c-9fb6-c55a9bd1a0d0	3.623961651882309	2.4802227706255837	19088	19394
45c3bd72-d260-4663-9091-5058e58f352d	3.4964508385505373	2.459822736622513	18694	19394
4aa1d78b-37cc-43be-b4f7-ce677992024e	3.582378974051206	2.4795791660169013	19089	19394
0a1f4a81-38c6-407a-a33b-716a0f9a6b4d	3.613885039158181	2.426956626083921	19191	19394
02ec11f4-1d26-4d2f-babe-d576ebfff1c7	3.6076866852254197	2.4697055364736133	19199	19394
22ebe36e-3c42-4ca0-a624-c4219074bab9	3.5391346516662776	2.4650421248613585	19099	19394
0dfe13f0-e1f5-4f7e-95b5-e88f9d9e920a	3.542285569998926	2.526003384136983	19104	19394
0050d7c9-ece9-4b6c-8023-1ff2efcb3c9c	3.7158094341175527	2.386654456169484	19109	19394
0d0546ad-8a51-4802-a173-96fbe5ebb124	3.6165859670221243	2.51660358423202	18951	19394
55e28aaf-8025-4b46-97d3-96cdf512a609	3.517672663991049	2.509422702634924	19007	19394
0d2e50fa-daef-45a3-97b2-5d71ab03cfbf	3.5277783297749723	2.495804810527651	18994	19394
e46b29b9-c697-4739-b292-398674a5adb9	3.6738147980885403	2.391260923230252	19165	19394
1be16830-bc94-422f-b925-26a772f1ed58	3.8380423083429784	2.4338980082581294	19227	19394
c53140b8-0058-4bb2-be77-5121cd0e5b95	3.5792384365636543	2.454126341727079	19119	19394
2cf478d5-5400-4724-bf36-89bf1df26284	3.792666432881437	2.3603701169728772	19235	19394
79a531b5-1bf5-442b-bef7-72b9fc628f5f	3.4189449418612066	2.4638942522230556	18277	19394
0177791d-d02d-4433-81ae-458a93fdd60f	3.7151072845428366	2.4354437625202263	19257	19394
74f23f3b-989c-441b-8715-505378d175e3	3.5052969972925454	2.5205364387639166	18961	19394
6a6b6b80-65c6-413d-94ed-07f13e48d62c	3.935330257360009	2.3118757859075503	19185	19394
5aeef496-2885-42d7-802e-319b76bbe215	3.4438313608472373	2.5459901903754676	18830	19394
de27ccdd-56a4-44e9-89a3-ff0173026315	3.6707918862365956	2.391147677253201	19078	19394
569dc2bf-8078-4330-afac-f3ff65903249	3.238288519312372	2.414983561522759	18830	19394
73cb9fe3-e820-42ef-af60-acbf07ed9f1d	3.782062669382587	2.417979504108272	19144	19394
081947cf-1635-4a57-9903-0c405ead6d84	3.36756727368608	2.3543471261091278	18893	19394
2a5f4696-6e02-4fe9-b66d-8c2ae93b7c2f	3.517795744797944	2.462124137506099	19044	19394
24eaa7eb-502d-4c9a-b390-507b51c53f96	3.563481867021782	2.500385156206963	18740	19394
c59fa5bd-0b6d-41d5-83ef-7766f0241d70	3.5731171970993096	2.377462792320756	19175	19394
6c05cfbf-4858-45d1-b5b8-d943a542d196	3.676440918869655	2.4777030940291933	19081	19394
bdcd6720-fcbf-4c64-8703-b8932472ad19	3.5516125978391697	2.4403382827849103	19100	19394
8ba7248f-69cd-4b16-8900-ad2feec2eab8	3.4012102930676624	2.60031386124929	18558	19394
a92b6d90-f7b4-4b17-b56b-b2fb7103b55f	3.5767765357206716	2.4381296747713455	19180	19394
29ba933a-c5f0-4637-b741-ee9739f02cd2	3.8323458682702185	2.3656211759645513	19272	19394
5cedca81-7593-48c9-8bed-ebd294347ce7	3.669049563649139	2.3890471509861504	19235	19394
6d1ce13f-530e-433f-b2a3-f30793b0b003	3.577040855503942	2.4571287384847884	18868	19394
781d285c-5b2a-4d42-b35e-3840d954070b	3.576414855653971	2.53292013991166	19083	19394
0dd8e6c7-9b41-4489-924f-bddf7d189eb3	3.6086406482377225	2.473495819285926	19118	19394
147a9822-8704-4a7f-b856-9a659f4717b3	3.389216211604746	2.391899678326419	19094	19394
5dfab1d0-fed6-47b2-a47d-402e088361ad	3.407086595447876	2.4295504810937376	18946	19394
4a7e95e4-58b5-4e96-a029-98f294b3cd54	3.3949937818067473	2.461101876247463	19089	19394
710257f0-ac05-4fee-b6a3-9c48ecc65b0e	3.538167907804103	2.570331671781035	18889	19394
b25afcbc-accf-4f14-acc3-2f8bb700e5d2	3.5745676733735587	2.390397890348909	19042	19394
554cd9e3-7bf0-4d5b-a389-d258a8f46073	3.7085246585484857	2.4196648571669668	19065	19394
153d5e35-20a4-40f8-901a-d7208fa2d3d8	3.6932571669486047	2.3508564612099097	19184	19394
4ee0389f-33ec-4a69-bc02-1c458d812cb2	3.574907474496538	2.3968758058629147	19107	19394
0190a751-0a1f-4911-b5dd-26964b7fa5a5	3.5055559724855123	2.506541753867168	18938	19394
8d122839-4167-48b2-9f3a-7ff7c3f134d8	3.5470156959632737	2.4887649010712782	19112	19394
633ef184-2257-4cbd-90e8-64e92d91abb2	3.6165582574703206	2.4737088283932325	19064	19394
1152ad19-6fb1-4dfe-af73-b74323a47ac7	3.4137190456661086	2.507009697746406	19017	19394
052e361c-9cf7-4a92-a77d-f3d70f9dec0b	3.4610513086673373	2.3835709925411113	19048	19394
6f26754e-8132-4612-bf6c-9301302fec2d	3.690214625157717	2.4325819685945467	19198	19394
a86dd3fc-de1f-4089-8ad1-95c683f9951f	3.6898769374432288	2.4492996908935227	19086	19394
0b6ee423-04a5-4426-b397-9669feae4c44	3.625481979939199	2.4509208481069704	19120	19394
57557c6c-4927-449b-976e-127c0916763b	3.468643357667348	2.3354606485065403	19138	19394
197b76a1-a09a-4659-83aa-2c14fd1023a9	3.706071160821057	2.4572128286767616	19081	19394
71ca5ed1-c8d8-4b05-aaa1-c4051976fe1c	3.3228065546763523	2.4617827681016613	18829	19394
c7f97f19-47ae-48d3-a90a-0162d3975747	3.6667563517195205	2.5261221553103756	19117	19394
6871927f-1488-4366-8545-439557a377aa	3.56282113583034	2.511685089658903	18831	19394
533d59ab-89cb-485f-934d-f22d8b602ee3	3.6401221068549643	2.37552409219727	18965	19394
504ec583-0496-4d64-bcc9-aa52868cc9f2	3.4988885940800265	2.536161917402582	18785	19394
01aeb34a-75e4-446d-97ae-6e32c47158ad	3.3540456974221775	2.40315270013549	19032	19394
a582257d-4bf7-416b-a465-29a3220bc8c3	3.639053649200575	2.4958557663505783	19000	19394
5b62628a-b301-4d60-9213-396e3fc5a3ed	3.6413991823125915	2.380979636240277	19174	19394
02f948c1-bcce-4a51-a6c1-4120a67fa544	3.5700701548425853	2.5170499497245116	18966	19394
02a0a874-6d4e-4e56-8d74-7952c912fed2	3.4453516379912665	2.550181004733809	19074	19394
abff5667-7ef4-46c1-ad34-ceabc27e7992	3.5213414684168978	2.4503340662551842	19067	19394
4068463b-8568-4bdb-8db0-19390ec0c7f8	3.581141286623943	2.4994100924010123	19015	19394
2868849c-2ba4-42de-aef2-028bf68f4cb3	3.451582204622547	2.5121637861089003	18847	19394
3b999df5-526b-4270-a29d-a627eb64c727	3.2564717529790936	2.4738435072199594	18274	19394
70c927bd-ab54-4e15-8521-5e3a5035dea5	3.461805153315768	2.503164866012213	18883	19394
6961fffe-50b4-4296-8390-196b6070f739	3.57006470077029	2.4209053248813404	19020	19394
159debac-79e0-4727-940c-020e120f8347	3.4774475486294065	2.508510897708658	19111	19394
659ee487-4309-4d68-a9bc-9079ee87e4a9	3.637870545114021	2.4242206058159943	19191	19394
31e39e5f-af9c-4f34-b065-8363cf9df39c	3.6085332098413065	2.456804962744663	18992	19394
289f5433-4834-401f-9361-efc8e883e630	3.486164448077652	2.469957607364339	19099	19394
09b414c4-a314-43c5-823a-d91442b6b02b	3.7325625683774306	2.4305506060184365	19123	19394
3c70741c-621e-434d-b98e-6561d05a1b4b	3.404094037901005	2.5734425681852335	18750	19394
6d462341-cb4a-47bf-8c1b-2ffd6cf5e9ed	3.7085389821594994	2.4365031389098895	19180	19394
35f3fabc-9939-43a2-8491-c3813a970d13	3.5951478009403437	2.487716518249343	19048	19394
21ba28ff-89f6-4f02-a135-821efc4f42f8	3.6559574261255343	2.413578889011196	19130	19394
a7e71eac-1768-4fc2-8eba-1576d22e0f43	3.5902422059602497	2.4593221136480636	19209	19394
c7f909cb-2d45-4b58-90ba-180c10e78723	3.6603993398749997	2.4401004223946003	19151	19394
c73178ad-f042-47ca-af89-343a647076b4	3.6699615395399854	2.3989584239924246	19143	19394
9e163b4c-d624-4c71-9d68-8f002aee6fec	3.753120967467061	2.4258383698953336	19171	19394
4949d427-3b3c-408d-8035-c884bb41e41c	3.556566371310041	2.3356354061556477	19064	19394
0856c285-b57f-47ac-be8b-865dc2ddb58f	3.5854825824862657	2.4304875477964685	19109	19394
70e344f1-a29c-42c7-9fe8-da9219d45158	3.5417872210533115	2.4597742672208955	19023	19394
600a6f89-e714-4258-b4e7-33240123bfc6	3.3797214697493874	2.5737492872247043	18626	19394
199c6271-b0af-489c-99b8-fc76e7e66cf2	3.455743967087755	2.520698739072279	19039	19394
09191482-34de-4130-afbe-dd47d481d539	3.710364444226009	2.4445071564498777	19202	19394
02c8bf84-4816-49a9-b5d1-0edebb8627c7	3.425584504211697	2.5115626169356493	19006	19394
0039a298-3369-4da5-9bfd-19792e9632be	3.6660265110980985	2.3820205173422053	19121	19394
2c66d45a-c014-4fbe-9ff2-4ca17ec59ba9	3.565444415951193	2.4607908373039264	19118	19394
21438c0b-398e-4fe6-bd2f-cfae83292341	3.506027822165658	2.5388170006035997	18971	19394
817da1b7-e485-496b-b593-2f8422545c6f	3.173906381002498	2.3885172424689305	18672	19394
38ac0df0-950e-4c55-9f8a-96fd3f837ee6	3.403387926368916	2.5045352022401186	19003	19394
405b2b8f-7e2e-4d80-89be-299da48374ef	3.846056527150732	2.311813047322314	19200	19394
059a543a-4408-4c82-96ef-eae1cc126763	3.61333311088979	2.468960419012133	19146	19394
2fb2f7f4-2435-4ac0-a405-a342e15ef7cd	3.5654268036668126	2.4627762781254945	18612	19394
3447bdbf-5177-451e-bb93-736153ea76a9	3.5671057280079124	2.4619882845882866	18885	19394
1e20ead6-a07f-4f0d-962a-a3a240722fb6	3.3301299565359788	2.2610468272472812	19111	19394
990eab72-718f-4d71-aa03-892fdfdfa365	3.4972164890222195	2.454100715504593	19080	19394
79fc9ed3-4e96-4c0e-869e-1756cbdabb39	3.573281173862498	2.441434581617043	18950	19394
9321161b-d568-4d38-aed3-956786a06329	3.55817538208188	2.444297024150365	19021	19394
48c16c0d-085f-4266-b729-13bfd7aa9dab	3.60385481696226	2.4690959071619596	19040	19394
d9e29db0-558c-4bd5-aa94-15d5d57110b1	3.3502079820982646	2.4467317657794285	18068	19394
758fc615-957e-4bd0-a0c6-bcd23eb7d167	3.7320639121366166	2.4366642028949537	19025	19394
4a299407-b9dc-4500-b6b1-27a474ab4c4a	3.5577551854979785	2.529792238360109	19124	19394
409b906a-5e2c-4ce6-bc85-20a59fa383f4	3.592616542322169	2.4239412033517023	19151	19394
0c7a94a8-4802-4caa-b59a-6013ce8b3170	3.69381209156846	2.433457251589056	19088	19394
5de50617-0a03-45b7-8ffd-bcf3a0680d6b	3.6896383922862293	2.3933240039276487	19240	19394
1cb37b69-c0a9-4b5c-baf5-4107d0e029ad	3.7286673753467245	2.4037522511535565	19263	19394
8cf391f9-d743-408f-8891-2c49db90907c	3.7293836395651336	2.466969932127938	19274	19394
b16578d4-4d04-430d-8f9c-168ec0288cf1	3.4419352410611683	2.5221547102115087	19053	19394
4b35717e-b682-4b39-a5ef-5c9c037e6304	3.5887075209322314	2.5175807799259067	18675	19394
3bea8456-da16-4691-a260-5c94a83e2860	3.639990102888036	2.3946319948370545	19142	19394
32ed93a7-250a-4fd4-81a8-6d94a6bc9f33	3.516792961030698	2.436152245320111	19191	19394
7091b5bc-e61d-464d-8931-58d9dbec8cd5	3.768328303081002	2.4159010250412045	19184	19394
45319218-5bae-486a-a4aa-580ff5f0e931	3.3737201253285667	2.578147131481002	18871	19394
25b06e67-6d9e-4051-87ca-76e1f110b418	3.800788614496925	2.33694238913185	19273	19394
2666d91b-06ca-4987-84a1-4002befc4d8a	3.695370242601222	2.422501427821393	19134	19394
9bc1887e-b3ed-4732-b8bc-ef4f4ea59258	3.7894838682362453	2.3511886150946135	19194	19394
112c8cdd-a187-4d9f-8c71-400848804d32	3.850323235161622	2.378850907945251	19210	19394
421af19a-ae32-44b3-b91f-fed6a9b99de1	3.6873515319253105	2.470336079075842	19011	19394
ad431126-be1f-483f-9333-fa30b2354f43	3.8233775422032688	2.340893836725328	19147	19394
2895fe68-6ad0-4e50-af50-cec91436ddd9	3.6017712745067603	2.5091242140417243	19002	19394
086eac10-6ea8-4cc4-a6e5-91f051e50c54	3.7086141370558963	2.451259153612093	19199	19394
4d7f3615-8da4-4702-a84f-efd533311291	3.2887589370890242	2.5028593739355194	18904	19394
7f00169e-2572-4158-a453-ccec33cd2159	3.451797489706474	2.441298902439289	18693	19394
38f37f0c-75d2-4a56-b62a-9472a9c3ae13	3.791061050420167	2.3797260303407897	19182	19394
06b3e3ca-24b9-4e19-9e59-b51cc6d6735b	3.234415438907052	2.3477413567320644	18576	19394
43993e01-588a-40de-80ec-72c1a66fe70b	3.5436779881306406	2.491413633702352	19142	19394
50a70e24-2ce8-43fd-87d7-eab2c1fa9a86	3.4972272162737976	2.4980040404265056	18997	19394
668220ce-7e03-4ccf-99f9-99127ddf9806	3.787384724982776	2.3820020744461954	19138	19394
d91ec6e8-cdea-41b8-a88e-252586d3b9ae	3.6074555862865805	2.349584205588226	19202	19394
e240d339-c042-42dc-b97a-d1effcac44b7	3.464557997767168	2.509917329969453	19019	19394
464c704d-fa2e-4ec1-b77c-4441422082eb	3.658014599249845	2.432372122165985	19050	19394
1c0714ec-70a9-4902-bd98-8b0fb002c084	3.5157621640321453	2.515741629715725	19134	19394
4dda3f93-216c-41d5-b1c0-85ee571d7759	3.6149928030766736	2.429353901153468	19146	19394
1889a2af-ae25-41ec-8a6d-0ec5c5b852cb	3.690452079687196	2.424023469853546	19044	19394
32915a08-0985-4232-bb08-a4b0850cb11c	3.6875066661750693	2.331131739788119	19182	19394
a7e04cc7-3f4c-4986-a336-8083e5653754	3.5281774434485405	2.5665876135046743	18871	19394
2ca5fbc4-80ab-42ff-b277-36f4217ee38a	3.78686278350429	2.4055729836688506	19154	19394
29d94e70-4462-4ff5-aa91-75d7a412083f	3.670276543869689	2.435374512015793	19064	19394
842aed9a-ef31-404a-b93a-fb8f5faa0467	3.6880494977123397	2.415558211297765	19182	19394
2e78b083-64df-4f0e-95ae-783209aee124	3.483040432424172	2.5490618976418804	18924	19394
3c111956-7bcf-46a7-b64f-708ce11b9ff8	3.523049376458425	2.453227843415356	19017	19394
09d6f42c-5e9f-4adc-bd8c-e5dca597fc01	3.6983348626102255	2.3438382572884606	19255	19394
3c2bed9f-2ab5-4623-b631-99e394d7723d	3.6289647396391578	2.461048669835303	19127	19394
ea748969-579b-43dd-b2cd-1b0ac46b64ea	3.5161492240091063	2.4310689883382985	19182	19394
06479cfc-c43c-43f5-9d2f-44b3adc45d84	3.5169700471185865	2.497438176943963	19143	19394
7c8b0e74-bd47-4c5c-99de-8484eca2b1ad	3.671773206621733	2.507934917753696	19072	19394
50463a25-4292-4bc7-926a-341493e68242	3.6630002805413273	2.499891950512478	19135	19394
050ec96b-f110-429e-a138-4a41b38a24ae	3.6824572399204984	2.5060743867942716	19200	19394
9dc315ce-3b76-4754-b103-2c2580cde4ab	3.5953246411909707	2.4677055291623233	19198	19394
1a9f7284-9770-4936-9fa4-500698184680	3.6324112637319987	2.4744502642567103	19000	19394
91202959-0b44-43ba-961c-58c9de842d76	3.6171893700282736	2.4791925128530425	19028	19394
143fc27d-e119-48ff-a5ea-bd6aafc0404e	3.6392810177951724	2.446376632683276	19179	19394
5cdd3886-898b-4861-a748-d4164ce14a07	3.5848760404584854	2.5169115311657135	19143	19394
1fa2d526-b5d5-47e0-87d1-6ac17add8a0b	3.3124215632243668	2.5555807880077444	18787	19394
3f9d6a98-182c-4297-85c5-02ce3b1a3500	3.7965952430799748	2.3404835649969393	19168	19394
0d5c5f1c-d20e-480c-a89b-8feba01caf96	3.544687271672659	2.468972781329413	19135	19394
73af0f78-cc37-43ff-8f46-524a9ba80eda	3.7935054787462015	2.3943987021063675	19236	19394
00d38274-8ed5-46af-9a69-91d968a050ab	3.6186927981211006	2.473484665076081	19045	19394
0126489d-c12a-4651-8700-d7090732d7ab	3.535967011423974	2.5366759680242854	18954	19394
14e1cd4b-0d60-4202-981d-7e1e02a17006	3.7376402565864626	2.4020786381608357	19178	19394
9ec60572-39e4-4a0d-b157-cf0ec726fb1d	3.559665487063174	2.4755887747417953	19176	19394
040438cf-a4ba-4f06-b562-73c79738f53e	3.716102900964584	2.350907125885268	19130	19394
7f7d8229-3daf-48be-bd16-ffe4314528b1	3.578465258288484	2.454429211567854	19077	19394
2556d93d-9252-4248-a044-91deaa7f02df	3.7393100037810543	2.411924136486287	19220	19394
27bc9f32-2419-4e24-97a1-4136e7be5a39	3.4989558666377536	2.4629339092632105	19040	19394
ea7490bf-06ac-43e0-bb61-a2756d027836	3.6813617226580555	2.3638347393911303	19159	19394
0c8df249-80de-4675-93e5-d06ad8ea3001	3.3889343356754327	2.2750801896235897	19127	19394
51e96168-f2d8-4827-9910-66264b410b4c	3.453268617072691	2.5113454545793115	19058	19394
74ec0a11-f4f7-4f19-93f9-48674394a885	3.5802705412302247	2.494532137575567	18671	19394
b22a4adb-8d8a-490a-a6f4-cc091b41f56f	3.732456628560843	2.379139567486652	19166	19394
08044da0-8cb7-4bf7-bbb6-b80be4fddd8c	3.338060416608485	2.426920452117882	19039	19394
a8484534-e92a-49a7-8818-d21606d19701	3.66103582499855	2.461757024759619	19137	19394
65ce036f-a8ed-4e83-818c-b54c95529a2e	3.572883607490357	2.5270718730901347	18941	19394
5ce91cce-a4ac-45e1-bc3e-737494a67769	3.5450329124049818	2.4823193903412775	18948	19394
05bf18cd-2346-4ef9-b6df-58aa8a67e8a5	3.540095231959807	2.3908768277572263	19043	19394
66e4ecf2-af70-46c8-be47-783e8e3edecd	3.717497747634067	2.388341843271212	19184	19394
0ef32921-bb7a-4055-a6ed-e8ced5f824e4	3.491432149561593	2.4770749649897392	18988	19394
10285a0d-d8cc-4c20-a8a2-8891d9807599	3.62200049497005	2.41679386205066	19130	19394
0c30cd0e-a2d2-42b0-9ca9-8297de64e4a8	3.4430805516065837	2.3653134289585056	19022	19394
6fae8a0e-a96a-4895-b40d-c1eb491f0f3e	3.2373382848833145	2.5204607760425026	18822	19394
51fb2284-4c63-49d7-9e38-c7d213ab43a6	3.766555710878895	2.393785347091394	19173	19394
c0c04ba3-7fdf-47f3-8750-a487639a76df	3.609968942563581	2.463332904603615	19147	19394
5754d368-87b9-40e5-9a56-bd48ad9a80e3	3.5713600903556477	2.512120712858896	19125	19394
0dcb8872-8b48-4100-8ad4-4c89a0d3b9ed	3.529863034424722	2.4703871102718904	19138	19394
28d6a08d-f73d-4981-882c-aac092fdebb9	3.574858340325708	2.419831109635009	19045	19394
2399b5a8-f089-4a62-b75a-e6c0bd909846	3.5080596579877072	2.4852107291049643	18851	19394
5a1bb598-9a38-452a-9599-365501038a88	3.484134389749982	2.5708760462671174	18831	19394
0d5aa7a3-3488-4339-b8f1-e4971912e2bc	3.4562822617458804	2.5022798880514023	18984	19394
684196da-0213-497f-b239-7b5e76b01d0e	3.569229711034077	2.427911236345062	19045	19394
71e87611-903b-4b9d-a506-87e58914dc81	3.7164753876894467	2.494058210497603	19062	19394
2b721ce6-b620-4216-9846-c82543880bb3	3.5745369308355954	2.524468743827116	19051	19394
3c8913ca-bc61-415b-9c6f-12295328022c	3.5443283725272194	2.406530867796068	19132	19394
392933ed-ca0e-458d-b0b1-6ccfe71df1c3	3.5346731184331266	2.50644738084667	18822	19394
061f9bb8-09f5-4788-b39d-35138a3aa019	3.5354568630954484	2.389130489989376	19237	19394
90b93fd6-b94d-4a98-ad7d-dba3428cbb25	3.5733412819765245	2.555026837403644	18752	19394
2f4d3cea-30c8-4cf0-a610-33b3e20241e8	3.5190475264593633	2.5150783889493025	19071	19394
0c61c676-2a72-4dbe-8dcb-284bd112570c	3.6807876376706288	2.3521801544027467	19116	19394
daf94b80-d57a-4525-be1d-6ca0f83204e3	3.6681749597677515	2.461561509808575	19088	19394
36ccb542-78a6-4960-8d49-fa02e08fd36f	3.650613160949244	2.4252810704392367	19142	19394
515600aa-a11b-4630-b88d-c59082ed1684	3.5957225904798427	2.5023599152830522	19102	19394
035ceab2-5468-41d5-9adf-f669225be543	3.588099983295224	2.4303843540773333	19105	19394
905c8468-92b3-4e58-8445-6692775c7fde	3.7559473147605216	2.399185518935857	19152	19394
002997ef-3b93-443a-80a3-bae63e129d99	3.5636071480776126	2.450722248620198	19168	19394
832b8766-0e59-4ad4-b4c9-1e39b2ce4fb1	3.611113379141104	2.4512742798746987	19164	19394
18dddb4e-11d6-4fe7-b44a-48342374a5b1	3.6086671160229535	2.42399331680993	19108	19394
685fa2ea-3dff-450a-8ea6-e97dfe9000a4	3.428646097730446	2.485403413692111	18323	19394
31532d08-cb6e-40fa-9dfe-d2c6d037dcb1	3.509814297825241	2.4754480637553296	19201	19394
00a59c97-91b4-413e-8d9e-674753997221	3.3131958141081803	2.406969545667098	18848	19394
9e1e6f69-aece-4672-a059-d27af0352c84	3.7442487192595397	2.400448487945149	19181	19394
3f2c52a6-d79d-407d-9c71-11a58ab4e129	3.632515622233131	2.4037484632602166	19079	19394
2b7230c7-0182-4417-9861-03672629d98d	3.6499383500945184	2.385037618507567	19207	19394
3f1e9bda-addf-4e24-a92f-123085bf40bc	3.4206414629875708	2.434840849574998	19116	19394
3ad0093a-e57a-450a-b0ef-942c9b67a586	3.4888366252549368	2.517325267439379	18935	19394
20308c88-18f2-4373-9e93-1f1d589d97e2	3.5777683942206044	2.460416032802397	19094	19394
8da9c00e-1ec3-4657-9511-a2a00b8961cb	3.6157516321794945	2.5143727261354485	19098	19394
6cb73e8a-b788-4efc-b60e-f33424fc93de	3.7434826061902857	2.3919214863136	19198	19394
5a4c0145-86eb-40ae-9983-adb13652a9a2	3.579766391213827	2.546282990184478	18779	19394
071f43e9-e416-453b-a519-c197c5aaf1d1	3.3249547177900816	2.418942186299029	18851	19394
3e2102ac-0d18-4cf5-8617-863245e21b3f	3.5655788974222435	2.419498886375591	19134	19394
76f4bdbc-58c8-4424-865b-c6531d908dc3	3.5712375543636927	2.503191289863225	19138	19394
5e429dd7-787c-4e7d-b672-b000b7b57929	3.5743095493681545	2.4617632999442973	19049	19394
4b4ddc10-5b37-42d2-bbf8-b0cac95ae1b3	3.6012800707443353	2.4308339044800937	19107	19394
008dafdd-a3d1-4801-8c0a-8714e2b58e48	3.6990282247015482	2.417240422167699	19111	19394
0729326e-9b85-44f5-8134-28cb10805bf4	3.8442810489030497	2.3232647603934002	19215	19394
bd7e34c8-d477-4caf-a44d-aa9a3a4bf7d4	3.5220150846055316	2.4347158170615892	19111	19394
69dbb2ae-3f19-4c29-9c24-810ae60312f3	3.6446471655055954	2.4787010655625354	19165	19394
5006c942-bc9a-41cb-8674-2341b4e66230	3.534089613522215	2.539198267629803	19111	19394
0bbcc10c-ff75-433b-a58b-7915d27eb7d6	3.474911309300045	2.465155246776408	19055	19394
c7da9758-e55a-4ed7-984f-cd86e2f6ea20	3.5619913216176085	2.384720151560376	19153	19394
2b795cb0-4f14-4312-b96b-4adfbf9f4124	3.604351188650288	2.470203746031104	19020	19394
5559a7ea-5db7-4af8-b491-24bb9871b89d	3.4539907168590593	2.435171991425186	19121	19394
2a532346-0008-4af8-99bc-d709585da1d6	3.628406451026401	2.3829788735992734	19186	19394
2fd1998c-1ea4-42eb-84b9-db352da9cf25	3.630607570213001	2.4530401654304854	19142	19394
6fe6d586-3b5d-4cd4-acb8-5691936441b9	3.681126114205535	2.46108854607875	19119	19394
08f10bb1-6dd4-4f36-86a3-1801f9762187	3.707011829789897	2.4652884285259957	19111	19394
18bb30b2-6018-45af-9393-f7a8ea40fa04	3.5042153805810763	2.432317614228275	19075	19394
439d2ec5-1059-4556-b886-60b42b6db1d7	3.4100359494044494	2.4806824846360334	19030	19394
558c43ad-12ad-42dd-94b2-80a607465fcb	3.5956682567071634	2.433951292217524	19005	19394
481cdbff-1f84-4508-ad9f-21a61009d68a	3.467903356051888	2.4336456149718515	18778	19394
b599719f-f028-45eb-8464-ecf9ad60179f	3.605731785958508	2.4719590665289077	19090	19394
d3c85f76-56ed-4f64-9edb-9cdf80526e33	3.437635356746417	2.4804221232043124	19061	19394
83b570a5-08c5-4f5e-9fb3-47d1d33e8f7b	3.5931865321300482	2.5460366541711	19034	19394
d8b4969f-428d-4bf3-bbd8-883c72e8a934	3.5833329852415488	2.4868510521306444	19127	19394
6c141702-104f-4ce1-ba82-1add65f07d7f	3.797096321663686	2.4061546549049577	19145	19394
1422b157-eec7-460e-96c8-9121847d283b	3.692875794001854	2.3437808959078503	19221	19394
2ee13ed0-cb80-4375-a329-91ff9904bb7c	3.4033477024770877	2.4945539550035716	19018	19394
8cc4fd25-dd8b-4983-ac21-24f3cf3e51cd	3.7170110048353084	2.40701718471615	19160	19394
3ed5e5ce-12c3-4d15-9414-0b76f874e43c	3.624044570281485	2.4760031048609883	19122	19394
044f9b74-9a16-432e-acac-78c399c001bc	3.542997086874944	2.479134561508695	19059	19394
7a1381f5-7106-4618-884b-7e269f003e19	3.5011447029092095	2.3993438993451814	18860	19394
530315de-d048-40f6-b0cc-3c7fb9875e46	3.5359904487522957	2.4521827611654303	19162	19394
1624f434-259b-4782-afe1-7ac3d13d7807	3.5929271049898266	2.440868816341129	19111	19394
5b55c210-049a-4835-ac3b-bba70c72973b	3.8380100121280947	2.369346547260902	19222	19394
70d8df1b-251c-4b3d-9de8-c20facd4cad8	3.539600659508251	2.5487610743848466	18956	19394
17f2ecdd-59bb-4251-a1b3-2e0a461ea070	3.5412249152428963	2.503575791518968	19122	19394
0d7c1a37-5da1-4257-a118-b7d0717f23da	3.5816308470346785	2.4907737763415456	19110	19394
1359c419-d678-4a51-a50a-1cdf258bb58b	3.529420564664342	2.520672483276512	18890	19394
2d80cd9e-8906-4fc9-9645-b3c137d71dc7	3.443947586454397	2.5439232336690285	19005	19394
54fffa7d-7d20-4ce4-8fe0-29372a6f3c82	3.4643232173641625	2.490389584528171	18799	19394
8031140e-323c-472e-82d2-45c7888829aa	3.6092735819594535	2.486118500139942	19120	19394
5c016b5f-9e0b-4b33-90a0-d8b833de27d3	3.702202518072488	2.3734457665223663	19137	19394
049340e0-5ac8-4e7f-9c92-971b1200abae	3.531437883628818	2.4839970217131095	19011	19394
5faa442d-a995-48aa-a52c-a7efe6f56cab	3.6604719817800015	2.427243476654845	19103	19394
4f5e142f-d936-469d-abaa-37baf6f045af	3.484441640777106	2.5153938187673495	19019	19394
3f6f1066-37f9-464d-872a-f1390eb36f6e	3.5118106714387927	2.4698857520552164	19090	19394
8b5d38fb-e9ad-445c-b5d5-f054a5eafeb1	3.6849515113472924	2.4180480436529583	19129	19394
87676c70-e2ad-4103-8bc0-3d3c1e40a790	3.5180747219231856	2.5572052531887772	19029	19394
33f49b4e-924e-4590-8afa-e17403602137	3.3708306123135805	2.4910944719853876	18965	19394
4f69c5f3-4e8c-4b71-a5fe-3179412c17e6	3.530368747044187	2.4724828892729915	19121	19394
834d2e25-da72-413b-bb0e-3beb24d46472	3.365559362555999	2.302106702706177	18973	19394
61db743a-627f-4666-b958-2542dbf3f320	3.3495552050886017	2.532441708347275	18809	19394
2a3e4dbb-aaff-4b14-bbed-f2d7cf0f8fa3	3.6546350120142823	2.4194246286484544	19173	19394
5c28c3b3-1dfe-46ac-83f6-dd5cdb47d813	3.506595740972214	2.5490521310270773	18922	19394
66760e17-251d-4981-bb02-82c29b315080	3.4282339905450425	2.339863135862007	19056	19394
1940c04b-a08a-4cce-9915-483656d5b4c3	3.6883680242276866	2.442451638167737	19022	19394
cc620a1f-7955-43f8-aa30-12e244f89f1b	3.587328887053672	2.486438504928535	19039	19394
2c9bb39c-a023-4b44-b8cd-a454e8b60b28	3.5472758427404925	2.504727021795621	18892	19394
1964addf-c524-4c72-b596-009235bad133	3.5914498153507526	2.4448982445114584	18330	19394
c236908e-4814-409b-9fcc-2bedf60aa168	3.404682165337739	2.325809026296474	19020	19394
3d137341-f9a3-4cf0-8f26-acad49fa113e	3.693958328568397	2.406195962251961	19111	19394
549f03a5-3f91-4975-9eeb-aa062264a602	3.740970247651217	2.351789921353984	19197	19394
2147c985-f4f4-441a-9142-9b76e6131435	3.4460969631983667	2.5132901517597523	19051	19394
025eac6d-539e-4e43-a6f7-4a2d2def571d	3.594031167655721	2.44818164250603	19120	19394
050e66bb-438a-49d5-a005-7967a006b3f0	3.825784933996985	2.3479076416534927	19187	19394
bcb6b37b-62f7-40a9-bdb9-1b6479610dd6	3.5439392595166535	2.5368351636202884	18959	19394
2969174b-856a-4ba1-97c3-9038891cf24f	3.5440754213798913	2.430633771607718	19087	19394
b5d03f26-66ec-4861-9635-e0ee4a6e41c9	3.617202009790403	2.5139038934872935	18976	19394
0edb299d-861a-4141-9d5c-132d8c970547	3.597983340123186	2.467636535480723	18921	19394
3440b3eb-511e-4904-873d-7a05d88fe879	3.717135155754049	2.3999095032260938	19124	19394
30ce2884-2ce3-4d6a-b758-17a554d6238c	3.627941152611412	2.467798009803498	19139	19394
88bfa581-96c7-4d12-b76a-630f44087833	3.8121232366784197	2.332276154019565	19188	19394
57aff09f-0e97-4e65-a227-3dc7a8516367	3.4165685780138615	2.43780099040128	19047	19394
4874e4e2-c067-490d-9d99-8d3ca194b0a4	3.494933234472472	2.513183758706744	18548	19394
7423f6fa-4f31-46b1-a391-b5fc45833c2b	3.666155735318493	2.4189580483999316	19165	19394
25de243d-f03e-496b-b5f0-3dd8e61303fe	3.5357882629230777	2.4746377129098147	18923	19394
7de9f347-2a8b-4647-bd46-011d74fc48fc	3.6280707060385042	2.4148027001852124	19217	19394
097b9dd5-5617-48ba-8600-ec5a99c75a42	3.6497978406877456	2.3167342923358656	19215	19394
1e629a73-68cd-449d-a1c0-b856be4143e6	3.558627265401659	2.5586631002462608	18796	19394
838f924a-989c-4642-ba15-d711df6ccb37	3.5431330759963298	2.507033995961909	19026	19394
402aa07d-b3c1-48a6-bf27-36917a30c33d	3.7076200463176097	2.376424871789833	19201	19394
a4910543-8bfd-4cd9-9eab-cf16aead9537	3.4621242369882297	2.4979940424330724	19117	19394
630613d2-682f-4a1a-b1fa-95320fb9a9b7	3.563537723787831	2.501079162280793	18982	19394
c677f76a-9a14-455b-b53b-1de5cd448678	3.424470793707948	2.3396552903453878	19016	19394
58bfe278-a80f-4722-b286-4d966214d244	3.52643444164607	2.4986625390860646	19066	19394
1d8f72b7-8596-40e8-afdf-244dd897758c	3.392004281088297	2.4638887891392804	19130	19394
5cd62b0e-902e-492c-843d-5d8aa6964dc5	3.526200899502519	2.4748437351198254	19052	19394
2dc5d195-dede-4511-9415-c7bd3070bbd3	3.5365023613315096	2.5447343617012295	18974	19394
4dc7d403-3ea7-4d02-94a7-fb33511bab09	3.6287680229564145	2.369403911447203	19148	19394
7e728799-4c12-451a-afa9-0b26996f5736	3.5266088800358966	2.5243993679227037	18933	19394
0de093d5-c752-4e93-a783-ec262b3a3780	3.4635261396389896	2.4010655687029043	18840	19394
142d082f-444c-4384-97c0-bbc78e228470	3.6565763666382565	2.4255729131020445	19128	19394
34e08e44-8c58-48bd-b682-1ede7baead3c	3.5568104225650794	2.3865210080872643	19105	19394
0c12ea89-eeb4-4865-91eb-10cf75884c21	3.5160674830963026	2.5258764864166805	19024	19394
4d088b92-ccb7-44fe-a582-f1d9034cd643	3.756964157000035	2.3727312188748666	19187	19394
b4c869f2-6910-4d41-ae52-b08b378bf681	3.454470013856861	2.5093714007818475	18700	19394
2c619641-7849-4837-ab92-0da80342b3e9	3.491279102611727	2.5333968766632484	19019	19394
ea7fb858-c17b-40d4-9a22-cbd9da614b65	3.594876275030085	2.5046957340657983	18996	19394
108f6aeb-833e-45a1-81fc-4b0b8e3c7163	3.5139661046471007	2.4333064065664964	19146	19394
7153d60a-43d2-4a9a-bd8d-c15cd0bd9d75	3.828953260494869	2.3757004179849694	19207	19394
118fd65d-0b94-4663-a2a3-1f53b278711b	3.6159198955845744	2.393879325863764	19117	19394
62246534-b42c-4d81-b09e-792e55e3cb9a	3.5489137026149296	2.5167830373666273	19106	19394
5fa9998b-deff-493e-8a8e-dc2422192a48	3.5720116941838986	2.522627014848455	19073	19394
7fb4bff6-4385-4503-9016-f9b620af3f8c	3.4579232398236583	2.5383155226047664	18570	19394
7e598a8a-9fb8-4c2d-94e7-ae1921addcd1	3.456757577881842	2.5435061703999895	19090	19394
97ad1ecf-7643-461f-b9a2-1ac953825895	3.6163314208060973	2.366202772852245	19159	19394
22848a4a-ed0d-4efb-850f-a49f11cd77ec	3.5676011325847696	2.5095342254447326	19016	19394
cbc8cfce-6c77-4b2e-90a1-198eaaba6fde	3.4952721982092214	2.5252140078949203	18798	19394
155daece-cd56-4a90-9ee9-2c291c871bff	3.517566974930831	2.4340580454421037	19071	19394
9d39f2cf-84b5-45ba-8c40-0a42d8f303b7	3.597080547330493	2.549754212047644	18531	19394
38cfb491-3a6f-41c7-88b1-62bd97dba0c5	3.200621174472099	2.4322828977557003	18639	19394
b41b1f04-226e-466c-b5e1-f61e45ad3210	3.5535583333285414	2.4510330497135464	18979	19394
710eae35-a21d-4939-8414-d2af4ea02fdd	3.6535372666502974	2.4854613997378183	19120	19394
35b5f5a8-dd85-46d3-97cc-444060b2a11b	3.640182945411944	2.4186608071508116	19088	19394
652c3b39-d1cb-42e8-98e1-2acb0011bd50	3.6614641454683174	2.410366913432297	19163	19394
11678ad0-81ae-4420-8976-52f99c5d7d5d	3.4205858333504735	2.509481256507467	18824	19394
0bc7a0cb-2a16-4f63-8188-39fd4c20b8b3	3.6809212040764874	2.431824565201367	19158	19394
27e8b056-063f-4742-a591-b98fb9a948a5	3.6303678863700313	2.442981521871821	19155	19394
24153fe0-2c47-456a-b344-874a0e28de4d	3.5368014958105065	2.4365534388178554	19146	19394
6edcdb8a-80e8-42a8-86ff-3950c1f3cb89	3.595815283463623	2.5162040195886997	18805	19394
32b46b33-43d1-4663-bebd-f31673f18a16	3.37260569449697	2.379429800719898	18958	19394
6ab6c7d7-a0b5-4830-94a3-f16bc11ef953	3.775382256821772	2.403499894684664	19173	19394
6a914b5f-5bc2-4152-b80e-fcc864a415b0	3.671429248830075	2.4319685083199922	19159	19394
2678d877-e48e-48e3-95c1-65ecce46308e	3.724790324323616	2.415283270892279	18944	19394
ae28fd1e-2445-47ad-8c01-1b47d6396694	3.585922245837152	2.4832366688523067	19079	19394
5f5cddc0-71d3-4bf4-a67c-66550596cf8d	3.667754259633187	2.470293088119823	19169	19394
1317942a-ef03-4ed9-b418-40a27aa3d6ec	3.183358752848204	2.339274542063739	19037	19394
3bc62725-ad6d-4685-bc50-0f1127363d90	3.6519144274119957	2.4007958871416655	19117	19394
43623706-5604-4f3d-8746-9bfa0b92c0a9	3.8012864575260568	2.359743838363875	19236	19394
3de1ba17-00fc-462f-92a4-096e8112fd89	3.6246071109377715	2.4669865106130127	18862	19394
cc07e1f1-e1e7-4335-ab8b-b7bebef1669f	3.727979817175962	2.4253176452239877	19009	19394
0b2e3720-4a7e-44cd-9e38-7d883f559c1c	3.558466638198705	2.451983933933732	19143	19394
26f9a1ab-fa60-47f3-ac29-96acaa68fb4a	3.399037249254822	2.5201807226891213	18853	19394
075393f6-0404-410e-9fd5-7c2c63d3fa84	3.4876631101950695	2.500752828986248	19012	19394
565c78a9-ae5b-49ba-b5fa-4c26250e174a	3.318187491632675	2.508374562314765	18856	19394
bf8eb507-a277-4f3a-a605-313cd37f18b4	3.573627469064235	2.503565478547064	19050	19394
25b35473-484c-4908-ae47-b6e6ed2dfb99	3.7069426296078283	2.4488587245915987	19169	19394
64149d95-1ec6-47eb-985b-0f67252d7f26	3.44413751578206	2.4756462665537473	18728	19394
6b746708-f6ef-45cd-b877-afa1949d1d78	3.7081471004888127	2.399602991279597	19222	19394
3944bcd6-1a95-4297-8cf3-7e7d38b9390e	3.6085267394603426	2.4325351022590334	19131	19394
317b72a8-0332-4db8-b9d1-9a26d9907a24	3.7357452614848827	2.426329764003128	19223	19394
ac9c5b5e-8e14-4a76-a68d-78a8349c40f7	3.6783575622126414	2.355631550755165	19188	19394
3385e66c-5764-4260-929f-b653a23c7afb	3.5469579035554104	2.3806868620659585	18881	19394
2642249c-adc7-48e2-8493-1597e269c2c9	3.4961609685663664	2.385230085263744	19065	19394
6ff303cc-7d1d-41e5-a839-9f163ba04989	3.3463730157202196	2.4159360708876507	18576	19394
9c3d5caf-78e2-4a1c-9e08-1ca5aa1c5625	3.6626451957117836	2.3523143889202527	19210	19394
8a5f3650-3bfa-48f9-80c3-270b05daa00c	3.6212526475723474	2.3530704611883215	19116	19394
782164d9-0804-48f7-bb97-a35ebfb0c372	3.6348224605626087	2.3958675270451213	19138	19394
d33fd264-13db-4642-afca-37125751cc28	3.298195930651008	2.416923210196819	18676	19394
52f8884e-c99a-44ae-8d74-6b219070902e	3.4738182296344653	2.4374947054997897	18814	19394
3db1f968-6db6-40c7-aacd-44921f0bf709	3.7205772359806093	2.350006101597729	19182	19394
22b7e0e2-334c-419c-a243-358ba22e479a	3.626484162971314	2.392948629296516	19184	19394
a1d026c2-4d7a-4454-a8e3-30e5c243aba0	3.5966443106217016	2.4088057805610537	19130	19394
ced18b90-cbcc-4593-9eaf-2d91daa9d756	3.620927639317494	2.3698588742760602	19127	19394
79908395-d442-44a3-8e91-97c3ae97ddd5	3.3527034433984095	2.3211702694776957	18994	19394
1713ce6c-f182-41df-a356-b073002ca1f7	3.4224634148086306	2.354925790765286	19010	19394
b6eb7ad6-2676-416e-b165-0cf683116793	3.5940522245353983	2.32774378917756	19079	19394
41dbed72-2bd8-4e94-9e20-ba18211bdcbc	3.7911588113643924	2.364318785935721	19178	19394
5de10a41-af67-4417-9152-54a184a37f68	3.5682795940966208	2.4036164928659725	19134	19394
cb5c8591-15ab-46b3-a819-57cbf71c6bce	3.462638586414493	2.3472931508219785	18869	19394
58b3222f-4ac0-4920-babc-e35b64cf90c6	3.7382872642317304	2.3543233962108063	19242	19394
2726ed05-ac38-41d6-85f3-35ab0bcbc47a	3.66468020822637	2.3834578071977144	19298	19394
f66a6768-2ef9-4318-91fe-8f3498553569	3.660240993672099	2.381967078423716	19221	19394
051e9ab0-af6a-4bd7-8673-c596dc6e78a0	3.461743465424447	2.4235806744874884	18934	19394
4725c6d3-c67d-4ce8-a4c1-68c242183ce3	3.584864964289877	2.4122707323049015	19068	19394
2cd492fc-4e79-4483-a8d6-31c0156c50c9	3.6442178083107106	2.372989875655289	19140	19394
4d74ff85-24e2-4e93-aa23-94d58efd22e4	3.6036341497218705	2.355918844696107	19189	19394
59db495c-1778-47a2-b649-968025f08821	3.811387989085139	2.39989409983361	19191	19394
170514dc-2d77-48f3-b9d0-42c216211e5b	3.638917176324009	2.4099908719073904	19222	19394
0befd656-457c-4fa2-81c0-6c5a56f70196	3.692896535634097	2.340792763691018	19220	19394
cf7b9151-6479-41af-986c-d9db10e33ca6	3.560182406418654	2.426488146267721	18920	19394
7c1f016a-1728-4496-acbc-97aa89c5ee58	3.5708706906168355	2.398319369769177	19199	19394
29d36fc7-e849-42aa-bcc8-2fd9f7c9e24e	3.7904061885202505	2.3666976132379025	18982	19394
3231d01a-e80c-46a1-8c9c-3492dca9f250	3.750997616594091	2.3070960119257893	19222	19394
38875e85-5516-4775-a4b1-9b2b7ef4d732	3.5862420153135868	2.4629074148630634	19119	19394
525471c8-0249-45ed-a443-db52ca6c04d9	3.6027278412282535	2.367075713918913	19148	19394
8486f0d0-2bb2-41a0-8b21-308407ce4aba	3.320063830154579	2.3720192288713373	18926	19394
bbfed693-79e1-4dc7-896e-15b98fc7dbac	3.5262615291021446	2.4623556884890427	19016	19394
6ea4f0e4-f241-4d14-af35-a9bbcb8f4a9d	3.5405279394432445	2.4808856402148534	19045	19394
072ba366-b5ad-46bd-ad87-e85057ca6bf7	3.541704683475724	2.255197554026756	19107	19394
b1d85c32-1698-44ed-a4e2-707611a3889c	3.7370423573494023	2.318753173167785	19191	19394
391c5d58-68fd-4e17-a095-ebb94d32bf58	3.4225908393346605	2.3838340003666874	18921	19394
111f607f-5b87-4595-9aa7-df9381717bee	3.613607446111818	2.3984855338209896	19111	19394
7a1db005-662a-4df4-886a-ec3319bde99a	3.5851137504272197	2.4697475730144465	19120	19394
74826da0-ddc4-49b0-bcb5-591691f4f8d6	3.692043134002446	2.356813357042038	19207	19394
24ffa457-5765-43c1-8cdd-b50a31dc5b56	3.6290411201703483	2.3870623329736813	19181	19394
27a6b2d1-ad0f-4193-b54c-646560930289	3.223739794812435	2.468392100875936	18589	19394
b0b13b63-cf9d-4cb9-a3fa-217d499763f8	3.643801292498602	2.3767114637535003	18953	19394
62af5b99-db7f-4c92-97f1-92e825c15729	3.3833772569640774	2.3755886250673655	19127	19394
d9939f44-f5d7-469f-b256-4af851190454	3.3161453981932856	2.3378320188121093	19041	19394
4d5aaf12-a500-4709-9c99-5b9fef2c79b1	3.545445186708626	2.398730174504692	18951	19394
38e5fc32-615e-435d-ae6e-b79701aba593	3.4164303854022937	2.384209611913413	18978	19394
44f5f2b7-94ac-4bbd-8ca8-bb5be4b0fbdb	3.236789765650773	2.443487721093705	18847	19394
a99995e3-8d0b-453a-b604-206218279b71	3.6311856467147803	2.382295518797412	19021	19394
48b84b42-0a80-4429-9d6f-1a51b8aaae2e	3.6130402184582318	2.420691059959622	19132	19394
cd43784d-8829-4cac-819f-d2960c5409cb	3.4912650119753117	2.3490163971429086	19024	19394
2b89e52a-a064-4151-87e1-20fec4eed015	3.725895360303517	2.2492410108803034	19186	19394
3669f3bd-dffe-4737-bf81-07f38deceb2e	3.7470372322822527	2.414706848677514	19193	19394
be6771b3-dc5e-46fb-998a-a66a6fd63c85	3.58989865902234	2.347845761629042	19047	19394
97a91868-8a8d-4b2d-bba2-8bd187f572ac	3.7475844277236043	2.323567713933622	19254	19394
1fce45c1-b4e9-40fb-b914-23ec7472aca2	3.7093009810180373	2.4199679504593647	19179	19394
558827de-87a0-4041-89b2-fe439ac820a2	3.616329461780893	2.292025490997931	19104	19394
6ba4eb6f-f6dc-441d-879a-7e27dc903c7f	3.602688657394167	2.3699629918466356	18998	19394
5ce49570-ce22-4370-9d38-6cf43f808e81	3.6095321015351223	2.3957256545475007	19069	19394
5e13d3ce-ac89-4316-94a1-8395bd56fbfa	3.698034163051277	2.3893927630039697	19181	19394
95522925-79b0-4ce7-8323-dce56cbf15cd	3.6416267909107343	2.384309167799432	19146	19394
77ab9685-021c-4d99-8980-79bec534828e	3.6095124792305024	2.4135564516834767	18964	19394
b15d7b36-c394-4ba4-a896-3e8beb2f8db0	3.6939538383949757	2.370310105402405	19251	19394
5df514e7-6e12-474a-92f2-067898b351ac	3.6926788105861603	2.422943491478988	19023	19394
7579e91b-80df-4ab7-a775-e33418d17b1f	3.322203566519421	2.351900233107059	19129	19394
6211110a-552c-492f-b066-c3b41db7fbad	3.739584553228779	2.3664498211676435	19109	19394
d14005f6-55df-422b-a152-3c313b8df92f	3.3994732379859194	2.386581194479621	19145	19394
b359856a-959f-4b31-9e92-ef33c591c17a	3.4361146528444153	2.4279723046696486	19060	19394
35817ec6-5c0c-44d7-b5a8-b6de3ab24fdd	3.297896746133881	2.3678328426062567	18635	19394
20d8a43d-e1a7-4e85-8da2-2e9b5f1d3a9a	3.4098367001283503	2.485315770732685	18916	19394
92d562df-4a58-43da-8811-843d3d3c9438	3.520922145393113	2.5123055968459322	18911	19394
0918328b-5726-4429-a7dc-bb4d4869575b	3.6690068020442594	2.382950717705689	19131	19394
9552886e-881b-4bed-842c-596fcc8d87c3	3.3868525510165743	2.376734778781793	18686	19394
411b4c26-fcc4-438a-8731-d0cf5dd6c74f	3.386705276680883	2.4690113493765944	18894	19394
4aa80346-4292-4863-9891-bb4c218880b3	3.3543714109452942	2.316999886111504	19029	19394
01a6f7cd-10cc-4f33-aa75-b29abd6c2edb	3.3413028658204156	2.3178776096107123	19161	19394
27a33c2d-6704-4164-aa5b-894665dea55f	3.134353091924353	2.4730847106656757	18924	19394
1b396d98-af47-49c3-bf45-9f26ed32d71c	3.753301131594962	2.296379641034796	19255	19394
5d4e65aa-d7d0-43ec-b395-df2f01b1a203	3.6537969026976076	2.4632150578803627	19207	19394
046c032f-69e8-4815-b7ab-28858392d6b0	3.594698430750207	2.3745584076180806	19125	19394
57f7a91d-c569-433f-ae21-8a22e5d187bf	3.5866559189060983	2.3914108499051165	19139	19394
2dc30180-9f69-4dd5-914c-1a27fcf170bd	3.5622459598106517	2.3808088209968075	19083	19394
34cd279f-98ef-49de-8b13-16913f972d4e	3.517069463362603	2.333249230921131	18795	19394
a1ec9279-c1a6-4e58-97ed-9ec1f36187c5	3.752373285095624	2.3131844874488556	19181	19394
41b8564a-48df-44ab-9242-8d1d89697658	3.4695034528071855	2.3576992962805274	19015	19394
13caa1a6-03a5-4fcf-9b54-4dfa86fb5c84	3.4661311736149503	2.375173826783391	19107	19394
69617aa2-3b7b-47b5-9f34-2051339dfd34	3.574065057585627	2.394208257441446	19130	19394
91fbc26e-c049-49af-8307-22c7980079df	3.4224948054535544	2.308112390730758	19058	19394
5b6791a5-2fec-41c8-87fb-9d83a3bed4bc	3.58782618515254	2.3898588418017535	19088	19394
a8786e7f-5004-43c8-a5a8-fc2fb89d2ab0	3.5188359533741393	2.421278592906614	18657	19394
1fa2d0a4-26a3-4b7b-818b-e20cc200a0ed	3.213128168280689	2.370951206904642	18969	19394
12be4fe0-391e-4bdd-9af9-33fa7a135975	3.7646984676454833	2.266408299130864	19299	19394
0230bc74-adc5-4443-ac9e-342d7f344ce7	3.455769761837034	2.408341046206861	18866	19394
1f60c05e-f171-4815-b0da-40aa1b24f300	3.574510116821686	2.438033549076125	19138	19394
74590212-e087-46be-aaf2-43e259aef8e6	3.697713562495046	2.33667678602556	19271	19394
9609e049-77c8-46ea-884e-32e18d7a9602	3.635005956370466	2.4840515914355157	19169	19394
09f0e0d8-1f35-4781-8c71-5b0843483cd7	3.656711439741015	2.341054522785923	19216	19394
c8f56f7e-6b69-4276-ba97-7a70c4fa5071	3.626376266280524	2.414145017035738	19013	19394
92baeb34-1fa4-4ee5-8c29-5596c4a29a29	3.4511449488871957	2.4431916336426482	18981	19394
a2530fac-9d42-4fbe-881b-e9bad5a2d793	3.598267220669863	2.333804089237028	19121	19394
3d1f80f8-1033-48d9-9b97-36f025486b0a	3.6539341607667177	2.3350358910756697	19121	19394
510f8684-3686-4192-b2a3-dd2499365f78	3.564407056869926	2.417129482606177	19119	19394
4ee39504-ac69-4dd7-b8a4-8d1cc3c20418	3.51252530308989	2.3980568272278187	19233	19394
75d36397-75e8-4925-bf1e-6f73bd9293ba	3.464079866681481	2.3708958621129246	19005	19394
b4fb23b6-d4a0-409a-9728-174c871270e3	3.405744472121293	2.393145329080516	19016	19394
1e5e8214-4132-461d-ae3e-bd1f87faa61d	3.6100987557998225	2.271796978475485	19240	19394
03e8c3f2-99b6-40da-862a-e8263475c434	3.448432152881586	2.4137813811184863	18702	19394
4fb10554-1573-44d5-99dd-d7abef42e373	3.7413703598534385	2.3045597353926106	19220	19394
7f7b442a-3985-4f4a-98b1-da82670c957c	3.548323263500493	2.357294426206364	18871	19394
2e1fa816-2b90-4c40-8ab5-617d19736cb0	3.7526300245234996	2.389190995581855	19145	19394
97efbf70-83ef-49aa-ac3a-f0d0067a2a10	3.3723792840704903	2.3060905365755846	18711	19394
1d568bd2-d658-40fa-a341-daa4d2a5bb22	3.475986589626377	2.3421174873510764	18985	19394
3c3da068-a62f-43c9-91c7-41ead1ca7f75	3.5478309039889635	2.4019585495021754	19160	19394
121db3fb-cc6b-48bb-8bfe-a582075658fe	3.6922942031270463	2.3063150608575373	19251	19394
00be5ec1-3b0f-4b5a-b116-4efce25d2cc8	3.6304439216550155	2.317346642577955	19089	19394
9b072344-31cf-471a-af4f-23ae73a98c93	3.483296004813293	2.344966462140715	19135	19394
bcd16bf3-0877-4e4b-b70b-7d6a497af7ac	3.3513133740169203	2.404016754823899	19018	19394
737481f9-845a-4c7a-b12f-881d9da3998a	3.605722010727383	2.3685213193567227	19138	19394
5adca90e-f8ae-4a74-9c7f-a2b64fda2b31	3.6430583581806935	2.3870858140316282	18660	19394
8ea52904-f56c-4c1f-b8a4-9906805001ff	3.7444446721275804	2.354129284366738	19114	19394
8585d596-4d6b-4f6c-bb46-a2661f9ca05a	3.302558672419706	2.3531894928947725	18360	19394
22461884-5fdb-4188-a469-5dfa55a2823e	3.5325772086948657	2.3294603190493643	19137	19394
de9d08f5-24f5-4cdc-8f30-d05a2bea5301	3.6098725342056706	2.294147148839188	19062	19394
30abe357-43d0-434c-99d1-affe0fd047d8	3.491236023121871	2.3141155356931074	19034	19394
157062b7-9451-4a83-9047-294497df3b28	3.5185206572191148	2.3718570875010765	19179	19394
8832fa0d-1bd8-42a9-b002-1a02500d48eb	3.5330433310228186	2.386707987869313	19066	19394
aeff4cbe-7abb-449a-a6f4-65e030548f4c	3.5997936866172604	2.4164062266518616	19120	19394
7d0d7e28-9530-4d03-9041-aeca61ecf42c	3.7257586139698766	2.290486755736899	19222	19394
646165d1-4eb0-4dbd-8e05-90cdb30e1d22	3.6647475447399036	2.3241121746563707	19145	19394
61ef4d54-bfa5-4d62-89bc-2717eabc741b	3.4082681434296402	2.329114684235051	18935	19394
16220eed-5ba3-4067-9dcf-d7327a44c05d	3.712814569219925	2.236796901461432	19296	19394
595af317-cf8b-4f25-b005-426b078ffc4a	3.6761300781653423	2.3926334053815324	19194	19394
9bc6ca0e-c74a-49f7-be04-6546e56e8ba2	3.658762299988278	2.380823688058871	19239	19394
511be3b8-efdb-4e2e-8115-7b83e16471c1	3.687068709855142	2.3596916064588362	19136	19394
1d8b4c59-7500-4951-80bc-bfd7a035b876	3.4737715158900784	2.3136334074092884	19192	19394
89194b55-a658-4d67-9d3f-b1cbaa1409bc	3.818097347370691	2.376722961933572	19196	19394
36c901d8-885d-4fc0-8cd2-69229fddc566	3.2769562920983613	2.309960575688572	18673	19394
05315ef9-1103-4651-b8e9-a7eb7d71702d	3.7408744581765276	2.343164291427175	19152	19394
3e8bd387-4fda-4623-924e-314267c55eea	3.68985761370285	2.458128380802847	19113	19394
d2dd3d17-790f-4aa2-945d-db72df6ec8eb	3.8085855030368823	2.3052936879490327	19282	19394
87ebfaf3-1ab2-4224-b556-0998a6ac16ff	3.537585900675091	2.4151618201968765	19139	19394
e2d8b59b-b044-4aad-9e1b-f88c3208df3a	3.705004822570411	2.4560469880234144	19008	19394
9f643408-6b72-475c-acc5-76ae22fcc143	3.737785333922446	2.428886970115482	18944	19394
542c8797-ff2c-49c6-955b-ef8222194b6d	3.6426974347810757	2.321338096919503	19243	19394
962bb8fd-018e-49d0-b1df-dc0192e1b2a6	3.3937391150309613	2.486850544289597	18907	19394
9f88d3b0-edc0-4fca-a4a9-4d8aacedf9a7	3.7483413255546805	2.377287421488342	19220	19394
62812cb1-e25e-4a3f-9e8e-1993b138e1a6	3.579954742722264	2.4262809590007186	19183	19394
d0021cbe-9f70-47cf-a8ae-f9e07c55f73e	3.6398919072043547	2.3018488278258427	19266	19394
4a4ec9eb-d594-449b-adfb-703ac1f25bb5	3.5174499722625265	2.2451343673032467	19156	19394
bff12f06-dabc-4424-ac53-65ca01d0a406	3.453467052173591	2.3393177074717837	19037	19394
887e9b15-4a8c-4950-8954-b9f6bff18bb1	3.448986022703886	2.37566821166094	18890	19394
207be628-ffc8-4eb6-88b3-1705a3ee2ab5	3.5680439094358563	2.3821253525924626	19105	19394
43d7d5cf-e988-4b6b-925e-2b7bbd67e4fc	3.3576998943707768	2.3511104219166437	18981	19394
2e142ad3-0560-4e09-b5ce-ba9df578963d	3.662150892705667	2.3554781735575725	19175	19394
216c9136-673a-4e87-8537-daf1e4fbf394	3.6442401459593308	2.4708401226598773	19081	19394
557f7cab-8204-4295-831e-9a8cacf72231	3.5615218284590506	2.3630118701396006	19095	19394
3d0f2483-ae45-4b2f-bba3-76a0eaecff4f	3.5731137299067757	2.332869705935476	19120	19394
3218e049-6d6a-471c-8453-d8ac52cf9d14	3.575344339635965	2.3402256249759668	19044	19394
b9e88fa0-fb6d-43c1-b879-bfdc95da9be1	3.662380398332919	2.47836645368569	19169	19394
1c7e0067-e266-4967-9322-5967e112888e	3.435535930034084	2.3778233482607596	19216	19394
18e0f4ed-43e2-451f-82bd-102260a30aaa	3.8545558320335256	2.373904630654519	19140	19394
37981859-ba7a-4f93-8fcb-78615e696149	3.560986794244154	2.408887011025033	19230	19394
353b6c00-ebfe-4650-8379-f46c8fe3e9cf	3.6441167207603256	2.441405328754243	19108	19394
70944721-dbf3-4a65-ae98-a008a48ba55e	3.6594514393374884	2.3462160239152294	19135	19394
13f9890c-e405-4625-888e-496eee30dfb4	3.4028952064318227	2.3263802743695305	19044	19394
4c4747d9-c0bc-486e-b88c-5c1b8214d4de	3.355500391583851	2.3575131297976775	18987	19394
cfa92815-5221-46e2-b7a2-958c556bb390	3.6906296277078785	2.416038152746474	19201	19394
6f9a6f73-285d-4a9c-80eb-5f2ebc1787a4	3.5070084143782907	2.4186188159509387	18977	19394
64bb8411-d52d-4ec9-b6a7-f0c25d8a050a	3.6074173556939155	2.3774810786085876	19236	19394
2067e680-a491-40d4-ba54-2fb7f46698e4	3.657991595290428	2.3228593489919995	19175	19394
2179798c-4fd4-4434-b1d5-1453f6054fa2	3.7070429536374885	2.393321499825321	19144	19394
43d20453-c167-4893-819d-754785da9a71	3.3852796698542718	2.362041286785859	18879	19394
5be2767c-8f8e-4b30-a3fa-bfbcce461c5c	3.4763394766077007	2.375708029296378	19109	19394
a5ad2377-7f60-4c8a-8343-4589b01dc4c5	3.6752494486967473	2.334096592179073	19173	19394
832fbf68-76dc-47f7-b0ac-257d77d69bdf	3.5305807033090004	2.268827415021797	19251	19394
67c7b4cb-5fe3-49cf-9aa3-df23717553bb	3.309989473379098	2.3355418570119117	18953	19394
19e1d694-4cae-4fd9-92fb-4d8395c8d75a	3.697436836453817	2.388877937641648	19105	19394
e4cb66f4-e847-40bf-af14-20a3867a1c35	3.406423535917839	2.383740547566134	18809	19394
93b55ce3-3ab0-4bc1-b1a2-3f02b13dc7b0	3.6963552441549554	2.4445802581053893	19013	19394
f8a79bdf-6b97-44be-9cf1-b51faeca5d63	3.653206618375765	2.38175864578335	19200	19394
ef88b85a-61ee-44e1-bb63-1b4ce9154bfb	3.3795090405110777	2.480393956415108	19127	19394
fc511a67-5383-4877-aeef-36c0b7934b77	3.6071260659100868	2.4115408975840458	19252	19394
e63d9a32-593f-46e7-9d3b-866435cab585	3.753209464526157	2.405573153077353	19260	19394
d1fb0862-8d9c-4bc4-aac6-81dc4eed66c9	3.5170386619608958	2.4040341289809826	19255	19394
bd57c86d-bb0d-40a3-9292-97d6b33db1ea	3.7883429558871295	2.3270185493542535	19260	19394
aee334d0-5a07-4392-bf02-aca59066a68f	3.7089020208860144	2.3994220797484442	19232	19394
ad66185f-983d-4416-b705-25d3d4d8b5a5	3.4455349523822765	2.5088332225082044	19014	19394
c5363830-3db9-4c0c-aa47-b32fdc888c60	3.3635187019330437	2.3898338459529307	18828	19394
f716c981-41d1-479d-962e-881d6199abce	3.618847228657388	2.4788673771795713	19195	19394
98687adb-f8e9-4e6e-bc1b-396a3ddfac96	3.6583144310398383	2.395846225633481	19107	19394
fbc17626-365c-4be6-b3a7-d282e7c19236	3.5623813620991567	2.445734049315878	19010	19394
7e66ee53-b64f-452e-aeb2-00f97813c126	3.64967809801061	2.424050818780832	18999	19394
eb822f95-8b15-4c86-b5e5-b0afe9c32e0c	3.4053844187327753	2.47838072653779	19086	19394
6a27f5f8-f4ee-45c7-b953-ddd7d0291dbb	3.5293234353342475	2.477741099220268	18986	19394
ab07da42-d065-45d5-8eee-7904295044c3	3.4380429451191743	2.4412395043411395	18933	19394
16a2d381-75a0-423b-aac2-d5710afb183b	3.751175959359346	2.40278052673768	19177	19394
71de7aed-0fd7-4381-847b-885e1310d6ef	3.7106769659539025	2.323300724469004	19214	19394
cffeea21-61c8-4f86-b8d3-e67b019768cc	3.4997413567899733	2.510937066703548	18795	19394
91d58448-b712-4626-82c6-a451fddf277d	3.5672431541863876	2.506718704378071	19082	19394
9a7a1b22-9df6-438f-ad00-54755c7dbc7c	3.6392462264179177	2.45513885371035	19112	19394
9dcb355a-c122-4341-89d7-1df471315a49	3.699986378818153	2.3835357890554416	19203	19394
bf8fdf82-62b4-4b5d-93e7-ce153576fe49	3.548833023494576	2.4399221273937783	19011	19394
60d4bb1a-a25f-485e-8247-1ea42220015a	3.7171231840024617	2.385161175489471	19169	19394
933577d0-75b1-4f9f-baa1-2dd1ab254fd2	3.602896794475884	2.4471784346264522	19008	19394
597d38ff-839c-4fe3-b889-efd0f680b715	3.6885068861754173	2.394128016480571	19029	19394
73a77977-fab0-486f-8d15-be8b30c8808a	3.6420706740320994	2.454948466600794	19032	19394
f0a4ae58-d5bc-4ab0-b1cf-0d951ea91fc7	3.620169159228394	2.3935791963677993	19188	19394
b671ceeb-72d0-40e3-8279-954e6ed242dd	3.5998029105248492	2.4041010782644534	19249	19394
d1194f81-3244-41e2-a4ab-5fa0485ec6aa	3.608765635608888	2.4021844737671865	18953	19394
d2b8a9f4-7d70-43a0-b5f6-5b7365a03944	3.6844654841154805	2.4606113333474857	19129	19394
ed5b47c1-569f-492b-8d6c-155e3ba79acb	3.5440231488606235	2.509225416344993	19003	19394
37901d81-dc2a-4f55-b6c5-f117274d50b8	3.662047068142871	2.44244877996799	19141	19394
72ca76ae-bcf6-4f98-b891-95bec77fad2d	3.5493592702345786	2.4802926404407115	18753	19394
ef98c575-44c9-4524-8754-45250f60a5c8	3.4862291726034296	2.4759642188056206	19090	19394
e7ed1627-7ec0-48f5-983d-09b1241c28ec	3.670842723242051	2.4161375311900137	19018	19394
5d0ed8d1-6e84-4f6c-8e0e-0317aa8b0e3f	3.6677308061670613	2.3883627188151846	19111	19394
bff592ed-0ba6-44c2-b04e-0aad7b73089d	3.4778678983768927	2.3679114148907856	19128	19394
d0bfb6cc-abc4-4b09-b668-1003f3eed1a7	3.5631926945890005	2.348677295952874	19236	19394
c58243d7-77ea-4806-8298-2e322d5219a3	3.63289491765671	2.371785285858145	19094	19394
efd3f14f-f785-4aec-9efd-6dd8e9c41eba	3.84668228050448	2.367709894386527	19208	19394
558e3668-fbe7-4e8e-beb0-90ab33587b5a	3.6400567371318258	2.356632227435898	19085	19394
ec51c45a-d518-4333-bd7e-3ae606b40d01	3.5973369956105676	2.4548066411617415	19145	19394
478cc306-6aee-4597-8834-1e5cf8b05a59	3.381693611033327	2.353743150563141	19011	19394
da010683-c537-478f-8f95-e606b05dbc5c	3.6935062322816927	2.4067588422312776	19220	19394
4b24bb00-acf5-4cf4-a84a-020baa60782d	3.8102910992564354	2.362743903261838	19189	19394
7dceaead-79bb-4e91-a724-f0fae56442ce	3.513072107932543	2.466696328897957	19193	19394
c12f1638-214d-40f8-a553-b616a52f6933	3.6777528930762777	2.38742132641662	19087	19394
9602a00c-a48d-455e-ab57-0e61414098fe	3.839199772343705	2.311824774978864	19197	19394
bac0b02d-ac3b-4784-b8bf-180eadd548a3	3.6530608848375996	2.399674218987064	19141	19394
cce6d71f-369e-467f-bd7e-03d20e97b7f3	3.690136886485427	2.3632891631100854	19227	19394
b572a3ea-e568-49db-8e35-a80f4a6d82e9	3.8019476480889227	2.2612053257511087	19215	19394
a3bf3f65-7b44-4993-a126-c76870dbbbac	3.7171593801779705	2.3781136059707118	19278	19394
a5d9be94-1204-49cb-8758-1505d853564c	3.7743301790071637	2.2780575384723476	19300	19394
b3585415-9ab9-4614-8b15-8edb66efd1dc	3.626147909193697	2.3936141887988924	19127	19394
d23900e0-0335-429c-b9b6-16fa06740f92	3.7315645525301635	2.369876220222937	19174	19394
8e690229-01ba-4158-ac60-256310bae644	3.3581372474347613	2.389769962391943	18986	19394
8fa41683-e16d-4f46-a3db-672c9f1b7823	3.7621421878469326	2.27021332712172	19263	19394
e97a07a0-16bb-40c7-9df4-95dadf83b04c	3.5051195819828087	2.5028256583542543	19066	19394
e88b670d-57af-4001-a9f3-0e13496b426a	3.834761222417031	2.29995945084058	19154	19394
b8a5a1e0-3095-49b6-aae7-f7621c398f59	3.6477369022223236	2.4229778033641827	19164	19394
db809a73-5e5f-42f2-ab05-89bac944411d	3.519638875878461	2.4928136573618964	18873	19394
a6342eed-126b-4afb-86ef-2257b1645e5e	3.3289213981603956	2.4530859804612017	18799	19394
adb65cdc-08c7-46e3-a74f-7fa4d0ca4e3b	3.5135937970794995	2.3831569674928463	19162	19394
b32f509d-91e5-4601-b8b3-4b0a5212c22b	3.4091184381201227	2.47875376131097	18870	19394
b49eb906-19c3-4eb7-93f7-1c37bc85ce61	3.362895417631951	2.503591105706886	18979	19394
cf53a83e-bff6-4b6b-80aa-1847866fa09b	3.815925750524076	2.4172547771311415	19202	19394
9e129d06-15b7-4d89-bac0-9cb62c54dc5a	3.440444791952921	2.5384797221620934	18883	19394
40bfeee7-9932-47d6-87a8-5fd7514c2917	3.4698229077070297	2.332932923449169	19070	19394
81905199-81c6-4718-8bea-951bc6c810a1	3.7765413824498015	2.28570203866036	19185	19394
37599a47-3ab8-4b42-a227-270e8652c160	3.793663056430493	2.4212340165161024	19216	19394
6b0b11c9-2adc-4b55-b7bb-cf67b11cab86	3.529338244829539	2.5189571015513184	18932	19394
ee0d4640-5609-430e-8b80-3058a3f313a8	3.5974999533243865	2.453190996385694	19032	19394
962f85ff-1f27-49e4-8c3d-798facea122f	3.3798524961707637	2.427178485752795	19050	19394
58084363-d165-44b9-9702-9a1e3732ee1b	3.8096210494630216	2.2658005923006765	19214	19394
fdfca85d-9c11-4f55-8f43-7e4d54afdf9e	3.6336134741819315	2.3313975554657134	19100	19394
e40ad349-500b-49cb-977d-3dc18d0ccbf9	3.563766459894249	2.457481788527969	18782	19394
ee72f78d-e5db-4c99-9034-0b5bbf6df849	3.8385861451168473	2.379834502640992	19150	19394
c85ed66e-c58b-45d9-82f6-8248b9e05338	3.712758594853902	2.469237207574694	19172	19394
ee8a12e2-8827-4abe-af6f-aa39995f6b99	3.7317832206212636	2.3641546687490074	19139	19394
63d5b15a-fb94-4b8b-9e93-1dd1cc0a157f	3.489684059755529	2.380311335541196	18919	19394
ecbaf334-d86b-4316-ae93-84feff5da296	3.4034211922395023	2.3967478155461865	18859	19394
ade256d3-7ad5-441c-ad53-ab635b1668e4	3.8350788230283266	2.320676054082847	19225	19394
96bd691f-1807-456a-bef1-cb5018f5b0b1	3.4271460322066694	2.544788786290257	18908	19394
aafb0ebe-3fde-4cfb-a560-11e85e839dcc	3.7388506566051873	2.403880406930051	19145	19394
fbb7751d-75ca-45aa-af13-ed5cfb01ef41	3.582762384468883	2.4671929727763096	19145	19394
d4d43ae0-2a4c-49e5-8481-fa3614dfe5c1	3.4948686210965283	2.4644817154027017	19086	19394
3c17efb2-ed6c-4c73-800c-a5d896d80372	3.6929040753100093	2.455675049555541	19121	19394
fbc90b42-7d26-456b-a166-41993a1d3f0d	3.457644491136947	2.4762162395178358	18930	19394
ca71bc74-8511-48b2-a84f-6dbbd01aefc3	3.77311844796581	2.3428826186408394	19121	19394
a4d06d63-8da9-4c3c-a75d-4079c2238aa8	3.6703577956148075	2.447180333882738	19196	19394
9de8d353-3442-41d8-8bfe-a08c4975eaca	3.72132172041783	2.3691611446762293	19201	19394
f65c895f-cfea-46a3-b3a0-7c8a98d7522a	3.5033875123710847	2.4132692553142614	19177	19394
c8aa8a2e-e681-4a82-9320-f35f67650581	3.596891853744987	2.4967363872358743	19042	19394
9cea4206-b460-433b-bf50-29c56cb8e33d	3.824206665649037	2.247796887152567	19270	19394
6c206676-e511-4281-91f5-bfe91b3279a4	3.5870633323522334	2.3615748745192486	18877	19394
09656581-db34-4e6e-afe0-80666eb5fba6	3.4418427045902895	2.4307734624094595	18971	19394
98bee17e-0b07-40d8-a70f-3163dbfd9c79	3.621618723296159	2.464375590016236	18960	19394
708a8742-f6d6-411d-9340-2c6c25885d22	3.5253915314438506	2.5117901757782244	18862	19394
3af63e86-157b-408c-9527-58a45107ddd2	3.543140623828794	2.4535080963331954	18982	19394
d84e1b10-b7c6-4916-afbc-b311d2ccf19d	3.5463761829120566	2.4704795513650653	19071	19394
98e01ce5-8af3-4f2c-b5a1-36730a3c806a	3.571435811900265	2.3907612661995947	18817	19394
07c1fce4-ec48-47a4-8391-e553936b67f2	3.692414270417352	2.4074424202776563	19283	19394
cba50f48-facb-4eb3-9a72-73c5b585bdc6	3.6412028252858164	2.380075444366232	19204	19394
44d07be5-4621-41a2-a574-35122a3e5fbc	3.656792333059634	2.3804963196475724	19134	19394
aed669e8-23b6-4786-9398-6bb048815dfa	3.5737792770263748	2.3909363498916005	19022	19394
9ded6605-39a3-4c0f-ad2e-7f6863960dbe	3.3275135225144687	2.5098417604247882	19030	19394
0deed408-8acb-43ce-84a3-143aabd23312	3.6235499400522815	2.3133558132091063	19180	19394
c8c5aa67-c6b9-48ba-ace2-b040170d73fc	3.6187259046430307	2.410093440447697	19101	19394
c7c2f2f3-d5f6-4fb8-b02a-79fa39a42756	3.649658620152594	2.419463394653253	19050	19394
6ea79640-5376-40fd-b9d4-e846335579d2	3.7154535731100338	2.3103864448388087	19238	19394
785b0c56-bed5-4d19-b7b3-d1a0ceb5d648	3.596915724700715	2.516718973863334	18963	19394
b574f6d5-8cd6-4e23-92ac-2a2b64eded38	3.6224478673728635	2.3705774082176685	19095	19394
fab452a2-a57a-4d63-80bc-2ad2b5a20f03	3.4864043696960656	2.4660296603716154	18857	19394
de0e8b86-5791-4e7c-b939-30857cd7b0a8	3.558985317888687	2.449442055157055	19020	19394
d342edd9-680a-40d4-bb18-9cd7810bb052	3.581539667925051	2.477809654992993	19032	19394
d00051b0-6181-47be-91c4-79d9530d18a5	3.7673140381056496	2.243833246213381	19284	19394
ce18c482-da4e-4166-a49c-29dc0bfb4472	3.5653757231019565	2.4820631915148716	19141	19394
48e8bef9-85ff-4b0f-b249-a1f6c63dd100	3.5076783840858057	2.5243452299769227	18925	19394
97df724f-afe1-4db4-9563-853245093fbb	3.595756217946339	2.4218279769528253	19081	19394
ed2389b5-16eb-43e8-87b8-a15304da629a	3.514578623274805	2.421376695703581	19006	19394
9ed482d9-2aea-4200-a994-107a1e88f17b	3.5233308105546426	2.481132061055279	18966	19394
df25f146-a833-4bfd-adf7-b41b6a7f797e	3.738407452824975	2.4085309303622755	19112	19394
a06a952f-aaea-4471-8004-26108e382a9b	3.620079597974237	2.3371767124671083	19223	19394
a1283c20-bb35-40bb-91f7-e21b3307f031	3.7017882187603512	2.4076465165022625	19127	19394
d994817a-474e-4f92-8a78-7586caa85d52	3.5255860183195775	2.4505793296802447	18882	19394
a096292c-055c-4243-b625-1e2a5f31e3d6	3.4207589309419992	2.4112358902174837	19084	19394
cd1bdd0b-eae2-4fc5-8da2-4d13926c7885	3.4905564831449083	2.358116932728194	18984	19394
82c59ef8-ba24-4538-a643-e07e604206a5	3.591956001080405	2.374840346312931	19195	19394
4bbc2e4d-c9c2-4142-924c-c4d939522ddd	3.7251739665281063	2.374861950022273	19165	19394
9ee35460-266a-485d-966d-b235fe620ccc	3.7203757078802053	2.3185308637723083	19124	19394
e48c5428-b22b-40a8-8f42-193c68e48f07	3.7290648845548353	2.355545174891907	19066	19394
482c1c70-ae61-45da-b1c0-4303abdda2cd	3.7848870093270364	2.343304387535765	19150	19394
92514fd2-a178-42e8-8929-0910558e7f87	3.601354511357857	2.3875869075203293	19076	19394
cfe0f0e4-d8bf-40ce-99f1-2bf99ceca18b	3.656912780579634	2.448246946470316	18955	19394
5e686ec3-9100-4153-9a90-8b7fb8d4ba0a	3.63921107538136	2.410305896808345	19205	19394
32c4dcd3-8cc1-4a7d-b593-b8d0b7541c1b	3.6195045438539726	2.442536109836497	19118	19394
f6e030dc-ed9a-43c5-8d47-bf2f039e780d	3.7135422460076204	2.377031361504373	19220	19394
5efd5b2c-3db1-4153-b01f-8f0087d96940	3.732249624792604	2.339089868501294	19295	19394
a1733a18-9fe8-4fed-a8d4-0d9dea6cefba	3.5682561827478643	2.311397191934747	19173	19394
96a05d4b-3731-4b98-b38f-a6b33cd6ed96	3.5749270243465143	2.5474282010472646	18902	19394
cea128ca-4e69-4bf4-be47-e0481a809727	3.8024742905391613	2.3055029291396294	19208	19394
58dcad42-2e30-4cb9-ada6-5e72c4bcf406	3.549935646277888	2.3194430311536154	19036	19394
e4416303-50b0-4316-bfee-030c7b29fac6	3.716981584977498	2.3920978173995864	19096	19394
d845174b-1a04-4d22-b34f-c48d7ae35233	3.5587383401905064	2.480063421770767	18797	19394
d1f3852d-d23c-41af-9ec0-19c4ba1b1da5	3.6801234053067606	2.361859536843254	19223	19394
7f56df3f-b649-43d1-ab46-ad460233e46b	3.7895932845587836	2.383763232953665	19292	19394
7ed47e1b-1d36-4f8a-a101-3ef0756ad08f	3.4366788058594597	2.522734227122916	18956	19394
ff0ad6a3-94e2-4dea-a9c8-7c790d65e56e	3.770981993599187	2.259476418651803	19141	19394
4ed3eaec-0085-4115-bbe7-27645b6a3a8b	3.579124944019882	2.2967782784718933	19106	19394
bdd75bca-6224-4743-a367-cb1ff01e8121	3.6153719928913404	2.34844480724683	19240	19394
b2e72f91-58fb-4a15-9a13-09c93b339bc6	3.6493118104634883	2.3461092180212733	19228	19394
f9455bbc-a475-476e-bd97-6137fb011e65	3.475132596415389	2.3734045998492275	18748	19394
f274b7e1-4f18-4f90-851f-5c2d8b984fd3	3.5569399444971825	2.4503795090116105	18960	19394
4a1d97dd-fdd4-4c57-8dda-7b320237af36	3.56800335910167	2.4883156621726656	19123	19394
9ab40e48-6979-43cb-9acf-1d4f474cad4d	3.5373832247154677	2.4069250007003666	19085	19394
5d7dae28-fc9f-4160-83aa-122f999668b0	3.675071175491798	2.451074351651411	19124	19394
ed61ac6a-f21f-4b88-928a-029340d4aebd	3.620942932782111	2.443204058870972	19217	19394
e190a9e4-10ae-4060-a071-4b8b73479023	3.804102060411545	2.3532622362485554	19295	19394
72218786-f74e-4746-9447-26ca882b83a5	3.761705649458447	2.325372144396739	19228	19394
b08432a7-891a-41ee-a2c0-10a994d01e00	3.674793849585729	2.390522170358128	19137	19394
ccdde798-056a-4cc9-8aa8-63cf283691d9	3.6701470313508455	2.400038102540712	19233	19394
e3ab8511-d37d-4cec-a954-cfc616b2cefd	3.6375630984254754	2.4512730611731137	18878	19394
ec52b227-65eb-406f-a02b-f4cd1fdf6b3c	3.511841190739461	2.457639399813314	19109	19394
e273b4e3-35dc-4f46-a668-70d6eb8bf4fc	3.6484452247363794	2.4023005826987114	19195	19394
5e72a9b0-5f80-462e-a586-262f573dc62c	3.605358895259733	2.41640930989693	19089	19394
51206ca4-92c3-4fab-94a7-7f38aa4e0bee	3.461122553998538	2.4308371845449974	18985	19394
ee6445a5-22e8-42d8-a2e3-8f0058066352	3.747156408875778	2.402332075478338	19250	19394
e54ef0f0-38a5-4226-9a6a-c76aa12de589	3.7652685176778227	2.3763795600223854	19227	19394
bfde37f2-ab6f-4426-a33d-ef9d21772f02	3.5074844254079385	2.4701910088869696	18995	19394
fdbfdf52-c0cd-4fbb-a910-b747516dfef4	3.482789155900728	2.4767543418306794	19131	19394
586803bd-5ffb-4d14-8dc9-3e540a683afe	3.782648985486844	2.32568983893938	19260	19394
7ec420fc-c770-4cb8-a186-8ce94f791444	3.250553275091094	2.3315998517930483	19115	19394
98bbbf97-fbf4-4cbc-9536-f11febbf350b	3.473699215723076	2.455170138983895	18863	19394
9edea53d-ad06-4b5d-bff0-48e834c3684f	3.0981787522465103	2.423352763236221	18990	19394
c7f76210-d0f2-4fb8-80f1-35098dbe03de	3.5229503365550365	2.486067038343996	18880	19394
43ab9d3a-9e4e-49a1-8044-280850a5cd7e	3.6654873330869475	2.3632572896350847	19021	19394
7f64139d-0e81-4bbd-9719-85d0ad471ed5	3.2856015014186664	2.371727211354582	18988	19394
b4cff170-45a5-488f-8dbe-07e934f683d9	3.965238204824737	2.28619482286535	19132	19394
d69112ac-842a-4ac1-82be-af6fac624ca4	3.6332441684435994	2.4148337612046284	18800	19394
dd9a6c68-b8b4-4168-9ff9-72a45f20c44f	3.5279115077096432	2.478652213770787	19184	19394
7901609b-ec53-48e1-80ee-489fa4187ebb	3.623175929320288	2.400976173659249	18970	19394
a9c846b1-9ee0-4f96-85bf-b7dd53c4230c	3.755257753351265	2.3054332986921273	19150	19394
d0090140-e835-484e-bef0-e83011931b66	3.691551617993052	2.4216297812481535	19130	19394
64fb8eba-a055-4128-92ca-695a3a6f8ebd	3.40956418900747	2.4648749603955955	18904	19394
f9e817fa-fc13-419f-9039-ee7422f0d10d	3.415721064294617	2.433830965295825	19033	19394
fbce7d71-f82c-4457-a1c5-53edd05a0ea4	3.6343057483901053	2.401012957224049	19012	19394
4afc6152-819b-4e55-817d-df8a42eb0d36	3.5166437600249165	2.499185083552098	18834	19394
8010b0ae-f003-491e-aa81-36a9dff7de96	3.64502738121097	2.382413133032219	19214	19394
3d39d81b-c341-426c-b979-560c429b3af2	3.822515056231754	2.2798754324950528	19231	19394
ad9a794f-52dd-4572-bf29-cd3d11ba6c24	3.7453070116811276	2.419667025302223	19196	19394
e7a733ac-55e0-4395-ad3b-7cfc5b526d01	3.58126311979871	2.4746672938662684	19182	19394
d516aff8-1bb4-4627-885a-0c247ae4ae57	3.801411463693153	2.3582736129467525	19243	19394
a6096034-3c2c-4c96-88fe-56a22c2d167c	3.65174029842133	2.4380511082900926	19161	19394
21483940-2c8f-411d-b36f-fb927cfbd6d4	3.556975017571049	2.3163276922200273	19233	19394
44b1d21c-0794-428c-ba01-82812d74da2f	3.407859430872448	2.4702695820823797	19205	19394
55b07618-5b99-436f-a0dd-fe96a13851d6	3.6580417793876054	2.3650048235414274	19183	19394
f9f9c1dd-8462-4560-82b8-aea4309854c9	3.85194757308227	2.3154199204165176	19323	19394
f8961f5c-e28b-44a2-8e4e-b5759fe2d849	3.604728971661979	2.408107658470925	19028	19394
c9e092b2-d6c3-4161-bd9e-0fa4015bebbb	3.451870474229546	2.4288286110408253	19218	19394
b8e996d3-14b1-465f-b1e3-d6849b144be1	3.6929862797221733	2.389981699282039	19197	19394
ddbe2867-b02a-45d6-8514-921eaf6074ea	3.7257389634530518	2.2938987450977164	19147	19394
af744755-51eb-4daf-9029-5cf88730b1dc	3.7777144177874082	2.374162224435394	19133	19394
baa282a3-b78b-4be7-9756-4e4c6298f8a3	3.7178015611270805	2.3866615907421185	19152	19394
feec7fa2-1f3f-4cbe-a89c-df01d13a9299	3.507793772017097	2.4156093778014642	19204	19394
dc242475-d2c0-4c6a-b227-f6a21a27179a	3.8062810058464276	2.321892076989196	19261	19394
7b1d8b50-f3df-4aab-a654-c3810d8d576d	3.691907619430055	2.3948660451222543	19060	19394
bdab4848-dfb5-4b58-9d79-4ab0f0f80cbd	3.354927257974908	2.4786425968946935	18403	19394
37a8d3a5-baa0-427c-ab43-48ae4b93633b	3.7525822917386185	2.3797526599013152	19127	19394
84e27f5e-ce0d-4bb7-9ae8-5b12162bb801	3.5005739786451953	2.4660040711549254	18986	19394
3b2ed302-d8f1-4078-95f0-3b5c5b322deb	3.682970815230786	2.3894498233075376	19111	19394
ed940a3c-39ed-4127-9174-03ffcf448505	3.7233195957324137	2.4040246798278333	19052	19394
f0054242-3f54-41d4-9f74-94f61fefbfbc	3.747826672618046	2.417141607466651	19166	19394
66e63d23-d3e7-4c6a-b099-4000ebaf8c71	3.7507993100951085	2.3537256279692436	19153	19394
a08a22c9-5b3a-4748-89af-0fae50522f1b	3.6619302708997674	2.417290192824653	19137	19394
97025733-075c-49a4-a587-ba54a1714207	3.647817019370268	2.467314620776167	18960	19394
c52909f8-5d3f-4db2-952a-8c13814ddfb0	3.7359044341161254	2.3292710728437593	19167	19394
fceb89f9-c4db-42b4-84dd-06a8603c071b	3.6220568283998285	2.3737572997292617	18968	19394
8d9491e7-9b14-4988-8fa7-e6af041120bd	3.568173000319362	2.4511209530147284	19008	19394
b187fc64-f51c-4be1-8f97-0075472aafd4	3.668372927304619	2.4289597987754226	19136	19394
f40fdd2f-868d-4cda-952e-bd385e8cc84c	3.4852759470603765	2.4462211233765134	19114	19394
7ecb9621-7a1f-4876-9dfb-9b77cc4cb7b4	3.4435622535070345	2.5446535206452685	18963	19394
81fb5fa9-d901-4faa-b909-376b8676d2bc	3.7337738275025076	2.422573761206689	19102	19394
74bcf2d5-fd42-423e-bd96-b2de1b0cf778	3.4718574138779212	2.378298216427639	19012	19394
5b90379e-83f2-459a-be36-bd7ebbb6bfff	3.6029258023648683	2.465386187933624	19009	19394
96bdafe1-b0fb-4126-9734-1374d615ef6d	3.6259807502500325	2.3858566281123776	19252	19394
826d2a46-4a89-4398-8a22-1ba7fefe4a7b	3.691309202563683	2.3669018623349336	19049	19394
a05b004e-8a92-4520-a3e1-85ed60db14fa	3.571314415933627	2.4519335749985154	19099	19394
edba8888-6d1b-43a7-988d-5df420922c80	3.668934090836028	2.4062705885173634	19163	19394
9ce83cc4-7b9b-4ce7-98f5-5ce8a8d70902	3.735202688581209	2.380872299168469	19093	19394
e71a1971-e1c7-4cd9-ae0a-9458a053042d	3.700869738716211	2.3258641643373155	19188	19394
8f274178-7a8e-46b6-8d2c-900338bbb946	3.589715261926784	2.4737777948882855	19113	19394
b307dae9-2cc8-4afd-a268-84788309ac61	3.377968389614468	2.404934812525844	18927	19394
e58e47db-7d0b-4ccc-8878-9b1e78e3b365	3.5200616894939203	2.434901966211692	19141	19394
913fecc1-d660-473e-bee1-366644b4077a	3.4153285526341035	2.580914728197758	17587	19394
de7f6b99-ea71-4c44-b412-ab20b1616c40	3.589026662513243	2.457904991476719	18740	19394
bdf6623f-2750-4141-9a68-732cf82d26e9	3.6292660571852697	2.418852450485407	18967	19394
6483a131-0ac0-4d9d-b184-b249e1ac971f	3.556943097195614	2.3845780624076403	18878	19394
7cc80938-e5a3-4bfb-a988-e4c876894bcf	3.635255500856263	2.455667170953414	19073	19394
fb1ebc1d-d580-4754-8f48-1dfb7a1054a4	3.326611747420655	2.461348690532284	18476	19394
67d6e183-9565-4e35-be64-30cfb74b2b65	3.5720488603162335	2.4582762216050407	18904	19394
f843e0b7-c3ca-4efb-bc6f-ab3198dcf00a	3.461381507847218	2.480147896664813	18720	19394
806186aa-fe7d-448a-9f59-c7acbe044621	3.50171823091782	2.479985683188072	18008	19394
f3db9b58-d60d-41f7-a3d7-6f713272efb5	3.624321142313918	2.4239032859286715	18851	19394
7ce1f7c4-c7b2-4a2f-a3f1-b96bef4f6b63	3.504878687824344	2.515025919693477	18943	19394
729a801d-5238-4020-bbff-73eaaa3a36d0	3.516466709769184	2.53000560862996	17870	19394
ecf0f65b-bf3c-4d0e-899a-f209247cbe97	3.3608973667607542	2.5883713680788816	18808	19394
73e8948f-809c-4fb4-8174-caaa7f202f76	3.3410784105419498	2.5695687506195504	18529	19394
8d529023-abca-4ddc-a265-d5bd1fd48708	3.491034332034274	2.5301694508323473	17962	19394
d4d5deb6-6cfb-4e25-9824-8f7dc8d5b451	3.290413474631412	2.519207721571914	18415	19394
63f1b937-80c9-4399-8544-550b15e9d035	3.666592919681727	2.439294900448525	18818	19394
475f161c-2f7f-43a2-b187-de6038752f39	3.1356352937243255	2.552410854399461	17762	19394
b9e4c00a-fb0a-4727-992b-01bf4be1e73e	3.622881627485412	2.415995096683503	19053	19394
528f5c3e-6b0f-48e7-a57b-56ccd1ec2352	3.377390911874275	2.576748904111341	18718	19394
be361e78-868c-4c27-aa2a-5492901aee55	2.9844308087490563	2.470231775327932	18436	19394
7a775f5c-32e5-4d88-b647-e1326ab369fd	3.451938240124929	2.536792780603647	18950	19394
cd96dee2-5b44-4014-bfbd-4358a461497e	3.4856825591149594	2.4792184763123584	18973	19394
82e7493d-1346-4598-91c9-a5582b337c21	3.4906125956209735	2.4876741963776707	18996	19394
74e9942c-3adb-47d1-bd92-f97095865ee1	3.5255492903866306	2.547751669224633	18922	19394
9ec837eb-3f91-4642-8563-15c725e6424c	3.7077064449014	2.3847349472604256	19151	19394
8aba8350-b5ee-4ca2-bc99-5c7922a886c4	3.163215451830121	2.462940535274758	17773	19394
a34342d8-c1b5-4043-aaad-23d2c63a5241	3.525883201664236	2.5241330134461566	18985	19394
df310e3e-d633-4f03-af1c-861e453e22cc	3.5417209674812655	2.541152301036477	18961	19394
9e071449-9392-4384-b38f-26722d2d5c51	3.5531236758348106	2.516455794833121	18828	19394
2575e283-a731-45c4-ac86-e6f927c204e7	3.31161147573958	2.427491462893752	18735	19394
ea9e7e8c-4151-4cfc-8631-5880c6f1a21f	3.534818198072658	2.490010325609876	18732	19394
e2843875-a4de-4d90-bda2-0fbbc929757f	3.455353624245737	2.5240536426709514	18752	19394
e312aa23-66f6-48b0-90ab-d5e9672dc654	3.603014519515031	2.4999708497111306	19036	19394
a5945f6b-31da-4742-811e-e85f2e2e8ffc	3.4678833342340436	2.5020242747672214	18676	19394
c71c031c-3089-44e5-a49f-5284d7d300ce	3.427586938226874	2.497651754088259	18803	19394
afc23299-5975-4ed8-b9f1-7b8fef14384b	3.452646001576768	2.57213724558472	18888	19394
46f8f339-748f-4fcd-aeee-6ead28bc5010	3.4564442827094073	2.470876683134985	19035	19394
a3d5af60-a1f3-4345-ace3-c000367aecc0	3.6651854814914144	2.4775053455967453	19038	19394
2913b2f9-5f05-4e40-a1e7-7d5f1e17d6ab	3.4964126208903012	2.5464473745969687	18859	19394
6f0e65b2-7ca0-4f10-8952-b64900009001	3.195698545937017	2.4668577778264345	18119	19394
de3d658f-5dd9-4f16-9282-e02162ee486c	3.522860406125999	2.5649788141305616	18951	19394
e56324ef-8fbe-4a0c-9515-4b2608e2cf02	3.36702124800346	2.5183051897628386	18734	19394
b58fb743-7eab-4021-95fb-1981fa522ccf	3.394312412079137	2.5067614652071	18518	19394
96ca99ae-ae8d-4325-a9b6-4c32d6cbe52c	3.62025268758281	2.484301186864313	19054	19394
a4ce3727-4506-493b-95f4-2f11ceb09ceb	3.4218003945193285	2.5200670380885795	18914	19394
4f4d9529-09e0-4a0d-8a9f-0060b643444d	3.47536432156658	2.4788986420310506	18876	19394
9f5ad422-c94d-4914-b6f0-071596ecb589	3.3689350877694744	2.5450270463023257	18860	19394
73b6994e-c9bf-41a8-a455-17d7be309a9f	3.6535230139581722	2.421349060891224	19029	19394
8983e29e-9354-4ce3-8f59-702032f1c25c	3.57417122024676	2.4889167652724287	19104	19394
72930683-b2dc-4cd8-8a0b-0cf57c77b1a9	3.4784678340633857	2.550215576473566	18880	19394
fb550b01-76b0-4465-bcf5-b72a7e9a378c	3.4564219520855306	2.4924341664055603	18559	19394
cac671b1-b9d0-484b-9add-fd935d4efc93	3.681701343974596	2.4722978182180553	19125	19394
88b3045c-bb2e-4ad6-adbb-b52fabb7b917	3.3957105984352185	2.5868288290247583	18742	19394
5747e3d1-3c16-4c85-be2e-bfab9584d61b	3.336563770758121	2.5290159006514323	18877	19394
a67c65a3-f80d-4532-9a32-20b2fecadb93	3.4356893921221126	2.522383406517191	18553	19394
801b8d05-2d29-4f8c-8d8d-634b2e21b867	3.4203179355716404	2.522202693665785	18930	19394
baa29aee-e36f-417a-9f72-b70d9c8d47ed	3.3711628585252247	2.5747987410200106	18745	19394
d3daa95a-19b5-4822-bcbe-35ceec12fdf1	3.122595541975384	2.484196029190323	18202	19394
b907ab67-7a44-42a0-a79a-beb625303104	3.498889804115809	2.56313176792995	18822	19394
a81e2e72-e4ef-4a72-8338-3e234fe412ff	3.466430392028251	2.494736936319105	18824	19394
b7ac160a-52a7-400f-9ff8-86eeec078b15	3.5083108192422707	2.534670285832864	18332	19394
9cfcf069-f971-476c-9084-4d62a75cb3a7	3.580525578359184	2.5065369742176626	19061	19394
4d16e41a-b100-4080-a759-1f62e54c1c91	3.6597724797289435	2.4143506913843704	19080	19394
e00ba2f0-aa08-4fe7-8868-59affd52eec5	3.6079151806608376	2.487175579905504	18849	19394
33754280-57c0-45b7-8f33-984ceb7ddffb	3.3428680194322724	2.601107519206458	18485	19394
f675116a-bfec-47ae-ac24-9b61dd3cc6c1	3.397049298070942	2.5351796999766663	18878	19394
fe13b56a-9379-4a6f-ba76-3ea8aa5721ce	3.594398090103172	2.46696457213514	19059	19394
8ca89bdb-5e75-4432-a825-bef048fb48c2	3.614461840680838	2.5110585249080173	18912	19394
e9ac4856-032e-401f-b3e6-54e7f796faa4	3.4773152821992954	2.5217418851724913	18842	19394
22f0ccad-11a2-4a4f-81f1-8c1c324ee86a	3.4619110100938566	2.4729610906775696	19015	19394
a111b68c-b45c-4cfc-9733-9dd140e81419	3.5888513240657156	2.5332875970057938	19110	19394
e0766706-baf6-4009-833e-6c3b0b9543ce	3.2297707960574145	2.545958868305813	18558	19394
bfdf24b7-f635-414f-8ba4-5eb58c8c4577	3.3470683497272113	2.590192839949886	18708	19394
c35cb7b2-7a85-4320-89ac-3a395ef8c1be	3.643690641538997	2.3804400950151514	19074	19394
9b637a29-ee08-4ab2-8160-7584c170f87b	3.4510543712299664	2.5837627879464726	18861	19394
37dafbf4-edb7-4c00-9007-36cb0f9299f1	3.477318455525133	2.4414559989729128	18721	19394
7b8ece19-62ea-47d9-8541-06e232b4fc51	3.568931434907828	2.4080159668359005	19127	19394
edec4f1e-7e35-48d3-950f-9e94cec48c45	3.4180965313318104	2.5942622195474985	18394	19394
bfdf3d03-51aa-41eb-93bf-d39ff501a824	3.445685225824367	2.5445353961900965	18953	19394
fdff57a6-2ce6-4b58-9bbe-83c0da7f816c	3.426207564843649	2.5804594467562736	18641	19394
ff1f5513-8463-4b1e-b254-72d9e0863d35	3.672600903521271	2.455182169556542	19170	19394
f10f139d-1d7f-4923-8129-f103f5d3163b	3.5199115370609806	2.432198480315686	18244	19394
baac9aeb-b124-47bc-a454-4026847eb3e3	3.556453190113225	2.4971691831411276	19037	19394
a1d1c0a9-8f09-4a3b-8e3a-b898bae89a77	3.3880606293780184	2.543039374140538	18558	19394
dc23bafb-2cfb-4c1b-9e66-b9cab22ae855	3.621856014752779	2.5040940938076517	19015	19394
dc1ffda5-5b8f-4227-be04-321643f73731	3.5719744488034433	2.448457117290648	18558	19394
eb97d34e-7333-4e9d-b559-34dd6436c14c	3.4384802895831905	2.4566538144228125	18949	19394
11890703-2c2f-4663-aa57-cc9ff6504284	3.4477767597677613	2.5732654714286194	18013	19394
1e191eed-2238-450e-a384-26df9c569fd0	3.488312191710156	2.4658133159988775	18338	19394
eee77960-898b-4e4b-926a-d6782fa9ed83	3.423554790618625	2.505445637336805	18614	19394
c95acbd6-8dd8-49f7-8c0e-8c2aa4f3a72c	3.642127796857153	2.4157772336332695	19142	19394
3d753b5b-8e33-4307-9321-e4ad4821f3bf	3.649940008415942	2.486153606920859	19061	19394
5743700c-cbd3-4f87-8109-6349a96eb605	3.2172126611900356	2.59894122131333	18010	19394
ed37a5c0-341c-4ecc-8fb8-4b705e76e2af	3.5181568507682948	2.4603951074554273	18821	19394
bb60b35b-cd5d-4f14-a7e0-c9af4f6f8c3c	3.358365956449594	2.565060917027281	18335	19394
2b12e104-94f6-4945-a50f-d00ef9514748	3.4173477382424937	2.5517250895465944	18337	19394
fba03796-b9c8-4042-9720-f21660cfec28	3.3416542832081215	2.522736224365652	18640	19394
cbbd1187-e8f7-4e63-a8e2-3c19863e89f5	3.405826261338574	2.575963977892278	18213	19394
f69e80aa-237d-4e75-8d04-7c1b5ae9007b	3.404525889283229	2.51359391006878	18999	19394
40b2b04e-371d-42ef-905e-5b9006384a65	3.264891200765334	2.5603426334067114	18722	19394
c1a72c32-2588-4d38-a634-ed1868dc9969	3.6545942416539106	2.4569644392875603	18897	19394
7904523e-e859-47b9-8ba0-c1a1363afa0c	3.459689476772245	2.478238590993864	18911	19394
f7c33a3a-f7e2-4827-97ea-b0a2921dec08	3.452064438811088	2.483499697711476	18879	19394
ca5eefe8-5841-4745-a5e5-2745fb77b74f	3.44270713955394	2.4890151200243578	18527	19394
cabe4e1d-719b-4f82-ae86-df499e022085	3.4905756226286924	2.4668845956626275	19049	19394
b534999a-a60d-4da7-a152-90ce37df4ce0	3.6514192774289485	2.5041975579593503	19102	19394
84353925-7847-4e40-a5a2-c5be6539261f	3.353365175313941	2.5435963538563984	18755	19394
e10ca275-47db-4d0b-8cc1-6680aad968b2	3.4782451407245003	2.547266461008026	18766	19394
e4ebbf6d-9374-4d8d-90a8-75cc4c7baeda	3.297391846967148	2.5587385972907253	18551	19394
95601410-9608-4dda-ba3f-462be0e8c35f	3.5525435977815056	2.5024255656842374	19071	19394
289f0934-51f9-4f35-a7d1-c193142e794d	3.528184420130862	2.506800691014328	19019	19394
8ec9edae-7252-46c0-ada6-0d7998677aca	3.5447381913580447	2.5135847314932667	18984	19394
9110e2e7-fa66-476c-9421-c849d875fcb6	3.028488251449244	2.469307943270907	18079	19394
df80b5ed-3ce8-4b06-978e-f972f659d206	3.65374827819535	2.4622631684086134	19113	19394
d448668c-90f3-40fa-9961-88407090da31	3.62432811195017	2.4480959594852094	18637	19394
e7390b8c-fc12-43f1-8c94-f5daf0d186f7	3.373569379786272	2.5062407905399176	18731	19394
9144c7fc-9c78-4b99-814f-4059a11ec33b	3.293726604835206	2.4548144364345816	18892	19394
559a6934-457d-44c7-a418-dff196995fcf	3.4098469968385734	2.561065837133904	18649	19394
c281d8eb-0aaf-409c-b8d1-5681c8dc27be	3.5770630030144726	2.509017064525519	18939	19394
e86137c5-37af-4a47-8f29-5a947e013536	3.407021639757169	2.5407771290676346	18592	19394
2498a44f-8b61-4cd9-80c0-35972760f361	3.586047371192917	2.477325629098348	18893	19394
2e058edb-ab27-4016-9240-1dc9e103894b	3.6015108360188828	2.4659038176313284	19090	19394
6de3e241-606b-441e-9185-7e9f1cd1e61b	3.5019606575263587	2.5201978104861085	19093	19394
cea58113-36e8-474f-89a5-604ff5188a92	3.49202284973992	2.470009376560283	18708	19394
41a03a2c-133a-4d97-a7a5-f32ff8b2b697	3.5799091224527704	2.4568123577052208	19144	19394
a7aa065f-78f9-460a-a010-bd063ec5c851	3.492387794303267	2.4468567668126124	18766	19394
4b13bcc0-d9ff-4616-b6cf-543a86881828	3.3638685760191485	2.6122214812001743	18308	19394
f1b2ca40-f20a-42de-aba2-4f730d7ccc09	3.5646008702832854	2.4359506281777827	19070	19394
ebb1c63f-0862-4859-8ad1-5f1b86050635	3.5398205498311457	2.4902218282956934	18639	19394
faed408c-c7f8-4a40-b7ab-7713129c1211	3.4193667273238892	2.5283102579087466	18728	19394
8f80047b-a700-413c-b228-6d170648e168	3.5387006147215927	2.528543651163224	18938	19394
c255e546-c53c-4225-9721-f5050c45e1b8	3.5999880310843024	2.5160634975071896	18635	19394
8c5799bf-db65-40f6-9a67-abd4da4025f2	3.5701157201860902	2.461884946105709	18859	19394
2e1b57ad-631a-4f73-92ee-06a1e5c5091f	3.4085866615718996	2.48255058756316	18584	19394
b083e3cb-0af1-44ea-854d-85fd99b75ad5	3.533736460090399	2.503831299863844	18840	19394
85991716-6807-4f31-be63-bf80cec40cc2	3.1424618781857583	2.5202014812333884	18373	19394
efbe740e-5ea0-425c-8d1b-ed00a02d7576	3.515170561030926	2.407740002591116	18841	19394
ca4388c7-69e7-42b4-81c8-48b8863264c1	3.622042277794939	2.402862618447185	18894	19394
b35229f7-d11e-4357-ab86-53e9a5867f55	3.5814416399111324	2.4265584985079443	19209	19394
abff22c2-1021-4d1f-872e-2380a375f98f	3.5113815498831467	2.4905976142216066	19031	19394
69ef3e70-5d7a-4e30-abde-0f9f76ea3141	3.5532718867359514	2.537634618107227	18967	19394
96319b52-d5b9-44bf-9a98-2876d911988f	3.6195769418873716	2.5188323022410706	19007	19394
9ca7e5df-f832-435f-842e-4be86c01a554	3.317292338825063	2.5013768054616046	18473	19394
e950bc59-116f-4366-8524-f0731b1c9a3d	3.6623363653110568	2.4371314284484886	18821	19394
ef88e2b5-41f4-4d62-ac3d-d10ec8192778	3.3764162366612362	2.591003065125181	18419	19394
e29a1283-3e22-41f6-bc76-bfb244a044ae	3.776473978058198	2.3789251550076633	19175	19394
4c09ff32-902b-4d36-bdf7-f4d3399c059f	3.470265444480694	2.493202918895377	18923	19394
e7891fe7-c65c-4b08-b2a0-71b72cf78eeb	3.2067369695874515	2.5035115346577386	18205	19394
babd6a62-0359-4680-a8ed-1429a1bfb6a8	3.4612234398492907	2.529398289362633	18820	19394
1dc340a0-b8d0-47b3-b87b-d5546e6ee77e	3.5621394267527924	2.5109453765191323	19020	19394
f793e6b4-c9b9-45b5-8ebb-d151dbc7508e	3.1866040667601228	2.48899931149922	18209	19394
b0435a6b-e0e3-4959-a757-271c8238b748	3.5339558668088085	2.5139228411263312	18695	19394
f80aef75-2b96-4085-b388-fab93485f809	3.583000585824352	2.52004262517634	18945	19394
18d3b88c-852a-4782-a6b4-9e6e1a93718d	3.465119863935949	2.5072151712340642	18617	19394
aec31f5d-022d-4833-b0ce-a9c5cb1f6650	3.54443226844216	2.5381064702885707	18728	19394
5dfdd1a3-8eee-4057-a850-ad01eccba02a	3.5001377000237133	2.542969799446823	18539	19394
bde9ee05-b6c2-49c7-a1d4-7fa823a087d9	3.5341605052502234	2.5074916193544756	19005	19394
a4b18666-1f38-4bc8-9472-d0ea63ae5a2d	3.4875482050638182	2.515947319290285	18617	19394
87a57810-8b62-4af1-adb9-4715a71ed632	3.6709564192577733	2.361786805539938	19211	19394
c8a9e194-fbb4-4cc5-8cda-665540e8acdc	3.5429292924341027	2.5071436298626883	18868	19394
a657afdb-5322-454f-8dd7-8397291401c5	3.1687236730100183	2.480882602523428	18505	19394
ba9e5603-bb1d-4aa8-93e4-40043164f143	3.3749653821296963	2.5144437507601993	18586	19394
ecade2c1-9de2-4b05-b30c-4c8b81c65ae1	3.568718346877015	2.470962425439541	18854	19394
f235afbb-dc2a-41dd-b373-77c0aacefb37	3.6376642611017287	2.5135179311005325	19062	19394
ec60d3a7-14ff-4171-9d46-a2b6f898c5f1	3.5241520459806517	2.574034010471665	18880	19394
a172cf89-8820-4a84-97ef-6731e7ae71e2	3.335402382997906	2.464777792272826	18501	19394
f4271689-b9a3-4493-9be0-3cb059e626a7	3.446328706055631	2.522690366190062	18831	19394
7e5e20f6-5276-4cba-a73f-1580df93aa58	3.4565572884900813	2.5031620051832864	18949	19394
a08a26d6-153c-4e79-a4cc-dbbe1620dc8f	3.5827576839730475	2.454907245205994	19129	19394
d52f3d05-1850-473e-8e1e-ab2b4f88af2a	3.538048486505518	2.443400897411215	18848	19394
a2412f6f-324e-4ef2-bd46-0d33596a033b	3.4048271364396365	2.5099503025338996	19017	19394
86158696-60a3-45b7-8351-d800f57ef23b	3.4024223759023395	2.4928056262263403	18682	19394
f1f8ef32-d706-4ac1-929b-f678491f2fd8	3.4097127776955167	2.475570306648596	19071	19394
ce97b1c6-7a17-4cd3-888d-b55e4e585459	3.4279274831272755	2.4711843024973317	18875	19394
6a3170a2-0064-44eb-a247-4712d6a85c9b	3.6205977561224123	2.4758619862250604	19084	19394
cc8bda91-9a72-47dd-97c6-ca5e09fca229	3.1278538702424408	2.509858489131106	18766	19394
c48314ee-c778-4b82-8e5a-4923df4c8413	3.5668327746339274	2.4993651935423444	18928	19394
73f2fc25-c775-4567-8ca1-5732aa0dd156	3.685252184890299	2.4351104082490735	19197	19394
b9e728d2-143f-44d1-b2ee-0f6eccca507f	3.560867898710488	2.486417238387831	19061	19394
22b0fa6d-cad9-4937-b1f6-387fc7a6614d	3.5064813835608115	2.520687704642323	18896	19394
f6ce2f9b-b631-47e7-a32b-eaeaed4cf008	3.3878483979999556	2.5623429862920184	18753	19394
5452ad7b-5c57-485b-80c4-008d922ecee6	3.648146514167874	2.4583470206751206	18812	19394
76785e44-fd29-4077-8fbe-17214933e1be	3.347738963256853	2.575632870491071	18688	19394
bfc99c6d-7791-4037-9c74-a74be68e616a	3.0917720346828514	2.5111862872514514	17898	19394
3048539a-b914-4e43-b1cc-43ea707e3b3d	3.6078144904572613	2.4267606163361632	19183	19394
50560725-c72d-4bab-b602-5e50e6bececd	3.4757068716688306	2.511139291836606	18878	19394
b1399cb9-c870-4c6d-9afe-a85435437ef6	3.44385414482658	2.5547348206475418	18494	19394
badb214a-6225-4c0c-b0aa-a8b034e236ca	3.685532261540533	2.4339234029456964	19138	19394
d463f9a9-109e-40a8-8ee9-d16545b0c151	3.395154273361478	2.528425051506635	18726	19394
f954eaaa-3a62-4fe9-8568-ad2386548edd	3.627510309935109	2.5650635483763877	18831	19394
d664f620-cfee-4700-b00e-68b65387883c	3.4688679450339635	2.498977222977687	18698	19394
f5acd8b8-32c4-4f3c-aacd-259f8e1fdfee	3.4264215363548303	2.4353175652465784	19051	19394
f66358d4-9319-4c23-983d-ab5056daacf1	3.5775668756855667	2.464861149846919	18944	19394
699d9e14-0968-4773-b077-17db941f5c38	3.3569700316594453	2.4467760447856324	18988	19394
d6023f30-0d07-4839-98d1-0b22b366cc51	3.6233042208167996	2.4796910784706934	19146	19394
c216cce6-3e13-466e-942d-348f9f803ab2	3.5965984024559097	2.4711844432792156	19089	19394
cc3a7053-34f6-412f-85b8-de4c8b481d7e	3.3786065251815374	2.493302877705891	18768	19394
7e2ed541-38ee-473f-ac5d-3cae6f5d9a56	3.691877084586822	2.4041890600286355	19223	19394
c90925f3-2126-478f-b0d4-f3b2c50cfbf9	3.4538657000680937	2.410745301371482	19078	19394
c6e14fab-a2a2-4102-8b70-2865757d2f48	3.57597165695412	2.476788384150511	19089	19394
7b2cc917-cd91-486b-bb9b-4c57cf4e86e0	3.5117918510666652	2.5025054589376987	18976	19394
69f11430-f6f2-46bd-ba02-f09cec02e168	3.3752871864006644	2.5415163558684406	18528	19394
a3ac21e2-b92b-4597-a870-8444ddc6b4d6	3.537398860990663	2.466408397768126	19100	19394
e8232960-f69e-4491-9cf0-ed7bdcf20031	3.747422887445032	2.3845746208749694	19205	19394
2fa19af2-6fa0-4164-a0bb-8524d6085d80	3.710934119160504	2.3845772319289775	19141	19394
476b6ab5-f108-4280-9d53-7eb75fe17e4a	3.5226853038741632	2.4620661971101505	19140	19394
a28d9c46-4774-4167-8c1e-ee95436c7b2e	3.4452975173205123	2.5595668786368173	18873	19394
b2905a3f-810b-4e74-af5c-42d513d91746	3.5580759279940004	2.4802084576655785	19120	19394
dfb7fb86-5f46-4666-a008-395aa0881267	3.401576397088619	2.473622886808379	19023	19394
d79df987-e362-43f5-acbd-b19522bace7d	3.5791407233639294	2.462975063788803	19171	19394
ef8c35b3-bdab-4a7e-b5ab-a0a99f4db803	3.197677711107883	2.5365916124815433	18621	19394
f05204c8-8301-4117-b826-b5fa194d28d2	3.6237337268552077	2.447897313547394	19122	19394
69886602-a4f1-4ad4-ba56-a0e031c2e295	3.517191498346842	2.5452671727810436	18993	19394
6f8b48ba-ef24-4d33-a0c3-bc900a6c8cd2	3.4860356581624115	2.460109189050257	19105	19394
b884af8f-ff0c-4cac-9a26-f4f27b35f8e7	3.744238328974953	2.4173745940344538	19128	19394
f4f60d69-6c0d-4a73-90fa-ee369de95fdd	3.628804943669178	2.476752317242616	18925	19394
9992eeb9-901b-4a32-badc-e9be7c9ba4ba	3.737401025420263	2.398433700833704	19093	19394
edf2dbbe-b055-4d90-bc41-72355621b99e	3.4827893563389494	2.554336768484429	19033	19394
9ebe5223-7566-4026-83ae-812283a8aaeb	3.727788991577448	2.408708357461783	19193	19394
aa5103b4-c25d-4ca4-847b-a1ece4c14aff	3.3250541025123512	2.5873294095008195	18629	19394
b7542984-1410-45e6-b936-8333ff902eb4	3.549954345385808	2.4674456767982154	19161	19394
6bfd7e43-77e4-4666-9b28-c5d4cdcd6ad7	3.5965700859940317	2.453940243009524	19100	19394
4a7c76a9-c3a2-4b57-a57a-de055152dcf8	3.56288972877723	2.5387742973469907	19100	19394
e70a8d1b-f29d-412f-8c90-85862a2b75ad	3.5778597529445357	2.5385207612137224	18858	19394
ef5821f3-677a-4bd3-9d99-d9cdd533cdb5	3.611412500162394	2.479063687445727	19117	19394
daec3a82-e1f5-4d6f-87dd-90853e48bf29	3.6311890197973438	2.436455945408029	19060	19394
96c72a6b-a6c2-4965-be92-0910312689f3	3.4465358499327263	2.4255634296234105	19144	19394
eeb8b594-1bba-4af3-be80-682e261965b4	3.380712978330748	2.4452070523413	18987	19394
b8348b74-69a1-43b1-a7f5-3ab429378ebb	3.338836639522933	2.4551907771848716	18760	19394
8b5c92b7-52d5-4859-926f-f1264e9c1650	3.6595207333469038	2.439754305813271	19074	19394
ffb838b0-db61-4dc9-aadc-41562f677f54	3.6898289869120124	2.394633275210735	19139	19394
6adbf536-e89b-4148-8ed6-9b9117f78c64	3.7348960386229844	2.4875147847376415	19120	19394
018b2eaa-216b-4726-a26e-ac726f4b47d3	3.4383139789097754	2.458398382380907	18892	19394
e0e00806-1aa3-441d-b22e-6ae01a8473f2	3.576784350122378	2.4951251798205387	18938	19394
e405d22f-86a6-4141-ae74-7098d0fdedfd	3.5135277775473055	2.496157634784612	18994	19394
9ff0477c-10cd-47d6-8d0d-4e763ea185a8	3.622394411256591	2.5023756770246233	19139	19394
c5181ae5-bd05-459f-920d-26bd31bd9088	3.5901591206774826	2.426134405305676	19170	19394
75103265-c66d-4bd9-8ecf-cfcf66402918	3.292421577589196	2.328650598772349	19059	19394
caa2d510-9024-4d7d-b0ef-80fa4be1e2ee	3.5623178205713	2.4613131369977115	19169	19394
c144ae50-ed29-4e27-bbee-fa81e79ac7db	3.5990297537982374	2.440797236353313	19221	19394
3a36b403-ea38-49f9-9c28-710c5d141164	3.685358160550531	2.483256158158933	19023	19394
4c42ec4c-0ebd-41ff-8758-1e6a69cf7eb3	3.156748472474756	2.5025748234865786	18477	19394
c0819744-0dad-4597-b9ac-9117497418a8	3.7233540371968767	2.3929802788517316	19210	19394
fc1f0ad4-8412-4143-8ebf-fa6592f396e9	3.515493222063255	2.451705955065748	19166	19394
98193dab-86d9-456c-b67f-e3350327a609	3.845322363106767	2.3249269487370094	19207	19394
5dc7e339-f508-4d0d-ae4e-016a5425aba4	3.657186917010381	2.4657127240123238	19104	19394
ca3c9a05-88b7-4d99-abd5-fc557e3929a0	3.371579531450068	2.3713041739920384	19066	19394
d6f5c34a-0f5c-4aed-977a-74a1e5d50915	3.6318595767463577	2.4984613688044774	19147	19394
e1df2e78-ade5-4ff7-a636-95c79e23b942	3.4417338648068525	2.497816890743446	18765	19394
b8e8e280-c3ea-4757-bb41-1611c95dc868	3.7830441743358256	2.362865328647193	19236	19394
e5c7ea3c-3aaa-4409-b10b-372f2f8e30f6	3.599222890336876	2.3966440838207568	19090	19394
a6b12e25-7b2d-460c-876f-02a75a82d7d2	3.539871939118913	2.4635889697935296	19056	19394
a7945d1c-35ca-4c95-98c6-ccb6e6d2b39c	3.7926303622883992	2.423063602669387	19178	19394
bbe1e6e5-7c52-44aa-940e-104f07751e11	3.671830189230141	2.357492636838919	19122	19394
63792ecf-4f55-4eb5-bfbc-78accb4f104a	3.502829852261538	2.4423418834234716	19074	19394
f754aa5f-49c8-4e8b-a1fe-f370f807499a	3.7281233954974624	2.431541128707825	19210	19394
79763193-268d-49e7-b94c-5cb95f7271b6	3.5629051314982108	2.4660347823820654	19083	19394
993d2cba-b4f8-4a46-994b-b97bb9f10d34	3.371602362931681	2.549643652410036	18880	19394
9f6511cf-f17a-48b9-8e58-9c251bd5e8f4	3.4978380396898583	2.48827121345844	18999	19394
9c531ed5-e501-4cbf-9977-202dc1c5e623	3.565307594666814	2.4736329262875594	19033	19394
750932d7-0e9d-44e0-bc5a-6031ca4b0448	3.5960622966656186	2.4668177125190396	19149	19394
93ce6743-424b-4a1e-8748-e11756399b2b	3.6312705438616524	2.362030226189927	19057	19394
5ac66414-2c9e-45d0-837a-f620898a86e0	3.731131311071445	2.393730157285341	19120	19394
ece8ab6e-9a67-440a-8f3e-c80f3820474f	3.7752851706470407	2.379613634727657	19202	19394
660954c6-51ed-4b74-8eb0-65c282da3971	3.645680471216873	2.4704139437748798	19017	19394
b6702fc2-9794-466e-a2e3-a8407674d05f	3.655847206224376	2.4559944022101075	19147	19394
8d9f2037-1c1f-4c73-a993-dc4c2aa67d30	3.439053693089952	2.546093337271306	19021	19394
d6dcbd76-1146-4535-afd6-9a9c0e3c56a9	3.726990384851031	2.4720674305056867	18947	19394
3f33a14d-7797-4ade-85f7-1dbec18f774f	3.557139537164591	2.3977611055375454	19141	19394
9ff22b6b-ec23-41f5-a887-a59da1639858	3.563964960764255	2.4587829407048543	19145	19394
835ef481-0c0c-4621-9111-e23d63ca9d7c	3.603792855536789	2.4655240234414912	19094	19394
2223917e-5ff9-4726-99be-c73b19522265	3.711354570468438	2.475997348838213	19119	19394
f76e87a9-4a50-48b4-9527-eac98c38800e	3.5242199596716626	2.5214869991624025	18887	19394
e57574e4-7e01-4e61-bd29-ee4ec63dddd6	3.417746902022921	2.5242553620513277	18955	19394
e5053de2-2a3b-4559-a166-35df5386d644	3.569790362559085	2.495330931937249	19037	19394
f472b29c-f85a-422e-8446-453468ab9cc9	3.306894169231828	2.416552908041761	18752	19394
a56ee32f-1975-400f-a09e-a747383c9a46	3.5448381284039128	2.5256890076118412	18689	19394
9ef8142a-8627-4dcf-8c87-15b1bc2bfea2	3.4505918896374705	2.507677945951897	19074	19394
eadfbcf9-0058-4021-8dde-7296d441e42f	3.603267808017855	2.501770331985874	19083	19394
e315f3f0-664e-47fb-9f3a-c55b3eda826a	3.732974607084912	2.4068650580088558	19297	19394
a869827a-f639-4cbf-8efb-1a5f00ed2d0a	3.6759473126109894	2.424911834438112	19186	19394
b36c8878-bab6-4f61-9a4e-4dcfca21391e	3.4769381832967947	2.521102201939022	18955	19394
8318a9a4-e78e-4db8-97c7-2cc733d0c512	3.7931724645451754	2.389992174586017	19168	19394
b09dcf83-93a7-466b-9414-12896ac7749c	3.559683911027029	2.4720845507042344	19101	19394
5854b639-f677-4ee3-9d68-61b1cdd5a647	3.7618187473615285	2.417644378204468	19171	19394
8046edc0-e5f9-42ec-85f2-6cc66596633f	3.474087560602003	2.471273699214118	19028	19394
b6359ede-df10-44b9-a2e2-bbf900eeb241	3.500966287528588	2.3965062162776927	19101	19394
dcc31bf1-9890-4fb1-9677-b5fb77e1fc37	3.542321112506907	2.4946728928262845	19096	19394
50233285-5aef-412a-a225-3ed14eaa69d8	3.4513582811738672	2.5741037946228977	18941	19394
796df715-916f-46e4-9da1-e19c94958e07	3.6830103240916827	2.3870759172955385	19188	19394
78910f0b-59f1-4b4b-a7de-a6cf2402a097	3.533824570023334	2.49902324351591	19153	19394
b6fe1d5a-f1c0-470d-bf49-b5a13157d2c6	3.456541396615181	2.4423289680170237	19079	19394
e586a2b3-1132-45db-9283-dc318653a09f	3.603855600540266	2.454718866432529	19166	19394
47436ce0-438f-475b-ac0d-1972d0c5285e	3.3868609945298336	2.4504214238079305	18873	19394
9cd3fc34-5380-4318-87fa-ccff0dbea879	3.584944878420172	2.517896271917704	19098	19394
df545b98-f81f-4e0d-a714-90b406f2a238	3.5534736752360963	2.4514306065735423	19097	19394
7295d5c2-d7bc-4d35-bdcb-17c4ec5e5de0	3.5726582193403753	2.547300185398559	19055	19394
ddfbecf6-37e3-4015-bb24-125ccdd60d25	3.4714412585116383	2.4497681541831553	19019	19394
4a21e922-a294-43f0-89cb-862dabed4f8c	3.5238160508804017	2.4472036816200906	19113	19394
eee3738e-89d5-41be-8f9d-564e46b4e065	3.5669926502872693	2.5062348857954744	19108	19394
9ae522c2-0fbf-493c-b3c7-a6ccd685c787	3.6173886277606773	2.445415920988121	19159	19394
55a21e0c-e8a7-43bf-8b28-0e06211114d7	3.572287530342952	2.440436198500907	19120	19394
bf055644-7bca-43b6-8f5a-e21c42f7cf88	3.598505826147342	2.506042690465359	19034	19394
e7bb0755-d706-480d-989d-108b3e817973	3.5664919818204894	2.39690435254697	18557	19394
9df5fb66-44da-4d92-899a-99c07cd23fff	3.604328532735884	2.4547663955565717	19126	19394
cd002b40-3caf-429b-934f-64f4ada1731d	3.65780676243049	2.4146581684994453	19182	19394
ac9318f5-9e1f-4340-8da6-3815fff8bff5	3.5518456600836967	2.4430178949287216	19061	19394
bbf837cc-d336-45bc-9024-a018a667f8ec	3.567805815918735	2.4391730896848443	19115	19394
0a43ad98-2671-4701-9e5d-35ad63e8ad50	3.5639949851230845	2.4070915655299623	19198	19394
93324982-7cfa-477c-88a0-b6eef61f6ca2	3.5685497266936577	2.5082987482885937	18990	19394
bfb67ae4-dcfe-4002-8f5a-35dbec269889	3.6401719938310957	2.52565914351568	19043	19394
891365b0-3bb1-4f7c-b351-6191b18ee9d7	3.7628006443030664	2.41272954454466	19214	19394
f93c9b46-b07e-4a5f-9b3e-d7cebe34ebed	3.487142390768933	2.5359075891464196	18959	19394
b8718131-47af-4eec-b601-12fa3969ca44	3.5786494800765314	2.4462813280970206	19036	19394
d7dc97c6-5819-48ee-99db-e34f117ab1a3	3.459043452014935	2.457665483269973	19066	19394
b692cb10-ff2f-456b-a2c0-706b608d4e7e	3.717787395088974	2.4705769796681043	19185	19394
9ad80473-9148-45a7-ad6d-9936a899e022	3.6279748841234376	2.5580663502583207	18772	19394
62d4d442-98a0-4540-b22a-4acf1fbfc40b	3.714753009571562	2.379452979723993	19218	19394
49bfd2cc-fddd-4376-8e53-8008ca075779	3.5252947022460317	2.4502162885056937	19067	19394
3b3eab6c-c039-4c2b-ae4c-18b043d3d810	3.550532304329733	2.5063387251104308	18925	19394
e6142f96-4b9b-4691-8e7d-47d36bbdf37f	3.7294838208751178	2.3381071785116756	19248	19394
c6ba5d28-97b4-4f07-b91c-997b286dff03	3.421242908000898	2.5373041009490005	18998	19394
5b9560c4-0632-479a-835f-67d373e59206	3.4956940910810372	2.4883918544899246	19018	19394
581cc2a6-e95c-46e1-8530-598a616e86be	3.5414768209457597	2.464273479203911	19069	19394
7d53f59e-5ae6-4325-9054-c9b1eac7983d	3.6553763665422423	2.455207981350595	18831	19394
95f2fd0c-9121-47bf-b2c1-dd9ed667a146	3.465659725412786	2.425463461254436	19109	19394
eb2de640-6c2a-4c8a-87c3-80f9fbdc3d9b	3.7079961373632027	2.4356419650404195	19205	19394
6b1bb382-0103-4207-a0e8-871aa6aae81c	3.402870798669803	2.5216157439649742	19013	19394
29ac24fb-0065-47f8-b044-f4a66fad2394	3.5450235213875465	2.4475148636539696	19091	19394
e4f422a0-1142-4bf2-b848-b681295b370e	3.5841055392965973	2.3686406225464767	19172	19394
86de89ef-d62d-4146-bc8a-e138c9ef7555	3.5420213291807707	2.4626987344560374	19131	19394
e355913a-6e4c-4d63-8a53-8be4c5b003b8	3.6520766020911264	2.4137130288645716	18855	19394
63963cdd-909a-47d8-bae5-965aa9d1cb99	3.540168710397062	2.5408117677568227	18799	19394
be0c070b-a114-4bae-9409-33f216bbfd4f	3.63381176417345	2.3956053350765703	19152	19394
ce3a4469-8d19-4661-9c48-1baf6e84f49c	3.5557495152320295	2.552804269680243	18874	19394
c26f4fcf-bb96-46ba-80df-c8f3b926a296	3.8397909536988726	2.3719558459899353	19206	19394
dd8ebcff-9598-45db-b762-7ef446159e52	3.7153056792915273	2.433240770541951	19260	19394
e3cf8f8c-8fe6-45e2-b786-7db5590c08cb	3.560070597842723	2.4979144119788144	19031	19394
f0471d79-d107-4809-976e-fe5b231f0e9d	3.5917812906340747	2.4572389103567063	19237	19394
7ec2c455-d90f-4cd5-9bbb-aedbf21eca00	3.484116439883567	2.502159207762313	18802	19394
0692591c-b717-4d4e-b3ce-ea1620eb127e	3.3076810913302683	2.50319289807334	18722	19394
af859133-ccf5-4157-a260-738c9583c17b	3.409063040905063	2.537274934753998	18747	19394
ef196594-35dc-4ba9-8beb-1efe72d59e6a	3.629433532773723	2.446736654217188	18982	19394
4ad4076c-16c8-425e-9400-57fbf30bffee	3.7014564796708878	2.442775417181979	19091	19394
700477dc-5eb4-4efb-a301-12172a7469f7	3.528487560389517	2.4886721104744796	18977	19394
27c9fa1c-e5e1-40d3-8d25-81f10d27d984	3.606015775590498	2.4639503876730364	19206	19394
992d3519-cd51-4f48-880c-81fef52be1bf	3.7619746591822456	2.429773554417145	19157	19394
f71ea58f-a4b4-464c-a276-92747efcc0b9	3.5811826417505794	2.508675280108762	19030	19394
c18a3e05-f8ee-454c-89b2-5659045ba68e	3.595896348109399	2.456556801528305	19088	19394
4530d39f-1a96-46b3-9964-cba7c03ad9c9	3.482356611561037	2.4111152041898665	19163	19394
c2300b5b-43a7-43b8-8cd1-22ff7e89a21a	3.7864805966485835	2.3900148069824017	19233	19394
7d3dea42-f18f-4cf6-973d-ea2bae39ba38	3.604184261303882	2.3300589458478895	19156	19394
50c357b1-a9fc-44e4-9a7b-937e6d74e081	3.72969291469441	2.392038973689711	19135	19394
30d31924-b87c-4065-a437-00d6033f2979	3.6670487341011055	2.4229750299160733	19215	19394
de71b625-2b73-43a7-9bc0-89d6a13d0d52	3.6426928968058934	2.428659485877953	19205	19394
dd38ba60-656a-46f7-b22b-bcee3b6d2f19	3.6382195214780193	2.4378614193374823	19156	19394
41dc8345-7968-42b2-af20-8501b9d2223d	3.4420683227565063	2.4323523812219046	18908	19394
87aae20e-c532-4d73-aab6-88befc3a2e6f	3.7093967164524004	2.432641667318525	19078	19394
e56e785d-f9b1-4afa-bc2d-b6cebf9e64cc	3.5612297463038614	2.5670868739342625	18565	19394
24e9d23a-1340-4074-9268-ca85896569cf	3.7220916005300517	2.389512792909023	19167	19394
8c8d4bd4-3aa9-4ad1-9715-2376ee540a0c	3.6673683579499263	2.4512197169203467	18934	19394
db1c378a-1974-4b79-a027-928cba385e40	3.6437662355035445	2.4202416240483537	19210	19394
dac9090c-fae9-4d99-b5d7-fc3c8b6a201a	3.510336544627867	2.506175319111319	18864	19394
aafc7bc4-1e57-4df9-9bad-a04a4d9edebd	3.4952863564393426	2.3866851494383248	19097	19394
aa1037f4-1414-4e05-b11a-c558a23b7e62	3.6371635213902516	2.4878012936716973	18793	19394
7a3b5790-35c8-473a-b952-bb603aca5aa1	3.492043125837202	2.499239713725072	19028	19394
cb7c50bf-c1df-4b2d-939d-cbe1a4b7b667	3.686410446383855	2.4106054616427253	19116	19394
fbf64fdd-6787-4647-b0cd-860acc8abce6	3.6214381316212054	2.434628703270148	19174	19394
ca263104-9c70-4b9f-95d1-7a886587eebd	3.4890482146963824	2.5391305878594497	18988	19394
50111388-1058-413a-ac2a-3fd4f84091aa	3.5462109275541334	2.5168342184748433	19098	19394
9e1c48c2-ce8e-4256-8cb2-31b12c523c66	3.510688286464789	2.457320635403981	19133	19394
c5eb7bf2-fc4a-497e-ace9-c715fea47e5b	3.5853962999015017	2.5044983246553767	19023	19394
d09d5a48-2dc0-4d0f-8b20-d1f11a08143b	3.554486354626006	2.531187743341409	18740	19394
cb62cd95-92ca-4b83-b8db-1cb9584befc0	3.520835245070005	2.5888503864515005	18874	19394
7cb99442-005b-4611-94f9-03af195ec7e3	3.5988330212452433	2.450664001638619	19107	19394
eae4c66c-03a5-4663-a484-a01612602409	3.5029007168178703	2.4732040510754802	19051	19394
7231d76b-0aa1-4614-bdaa-84411618c8c0	3.588748344018309	2.54414382711524	18941	19394
e8eda441-d2d9-4708-bb9c-21f7da4e3094	3.664153455756324	2.4606562046906477	19172	19394
c9ec05fa-5548-4fe3-8c09-a32c9e599d90	3.4878905661282316	2.520636543151934	19003	19394
7bd968be-14ae-4a63-96d5-814d16072818	3.5252850484638882	2.427812369385627	19110	19394
75e9ad4a-ae3e-4331-9c35-0ce639ed3009	3.817727518860519	2.3164785866105784	19220	19394
8caec376-1f90-4802-947f-b893c370f219	3.6491279270072337	2.487579825914479	19189	19394
8137ffee-bb4f-4e5f-b831-acfc9c5585a8	3.6029073805079106	2.435242812355091	19201	19394
4bdb6c69-67b3-406b-9ac6-9cca2c15f52f	3.498819422315107	2.523597083131714	19070	19394
d22e0f16-8d28-467d-ab10-2dd72f7eab42	3.6961369547781078	2.3881676101572604	19139	19394
e8811c84-1822-40cb-ba64-10939e29cd35	3.3634517333840295	2.577954875631999	18842	19394
27ac43e4-c348-4f83-97f5-cc0f4a87b670	3.610713745802272	2.509846282051306	19034	19394
9eaa7f15-8a97-4a49-9e93-b5790a1fade0	3.593827794206265	2.492127067474724	19088	19394
dbeeddc1-d149-46f7-91ff-d057f8c6bffb	3.6893507957803764	2.4951059262403135	19126	19394
f411d1ba-697f-4759-afb1-89eaa56e6da7	3.6914072351518095	2.5032519403173676	19121	19394
bf42e8ce-cd3e-46c8-92f9-ea5cda443a6f	3.7983250077368167	2.4089155758561427	19215	19394
e8ff6081-cb82-4316-8c22-1c1cb1b6552b	3.5616778047820716	2.483882561901255	19155	19394
bfd30c90-9b30-4e7b-96f5-1f1b2ce23f04	3.726399759106538	2.432660793759916	19264	19394
644c9a14-09da-4382-a6d1-dce67f25a4ff	3.6487366440225393	2.4158431834092355	19181	19394
f0cf4acd-6b09-4538-b58c-e86c623b6c71	3.5334720724279896	2.4362105632030766	19196	19394
8063e0be-03ea-4a66-8592-dbb2d9f49045	3.565930275245637	2.4451550845255756	18914	19394
b0763e0d-56a7-4953-ad36-c3b218c059b3	3.7032091024942377	2.3588925848721685	18962	19394
81fc993e-8f5a-4b3b-bea3-4c4c2f5e4ef2	3.5711729954240248	2.533500797507999	19056	19394
d19fe184-84a8-4a49-a4d4-75891670da4d	3.6445796119914635	2.467588412977702	19113	19394
d728c743-10a6-4ac4-8725-61c0d2980057	3.6385223872020207	2.4574169886488617	19170	19394
dcf7829e-abaa-435f-b41d-a2bcfde5d66a	3.5194525476464635	2.508632714552986	19042	19394
a7cc9298-d6f1-48ef-a93a-9c75fc0cb800	3.566765062925444	2.4269713054361968	19167	19394
fffbf817-1853-4783-b3e3-d05261cf2cd8	3.6890736689248107	2.3780250293480765	19154	19394
9ae58006-9650-4494-991a-6ee217331740	3.367847245922886	2.5457372089330024	18848	19394
c6f8aca1-259f-48ab-a470-a1afecb8a2a9	3.634843752834856	2.469882375662395	19125	19394
ee6b71d0-3596-4669-b138-af822c2c3c6b	3.6602004895023907	2.294102609906069	19048	19394
c2f00c0c-9ad9-4c1d-912c-52eacedcba12	3.781843824683093	2.417028765822424	19191	19394
8e324f79-8fbf-4d12-94d2-7b5a978425fc	3.6603566684891753	2.420733625046101	19124	19394
a6cd09dc-ac7c-4bdc-9bb4-14f8cce6642d	3.549798528828641	2.5064336269415715	18889	19394
b58f47b2-c3ce-49a2-9bd2-f4c2cbda734c	3.5763702521214586	2.50026214105709	19056	19394
7adf414b-c3f7-4e2c-aa80-81d3edd9764e	3.5035003375289366	2.4674047165684923	19062	19394
fed3a891-21be-4196-b9ef-0bf7c8f976aa	3.5478445554956606	2.4798068804462683	19086	19394
4ab470ca-b87c-448e-b4c6-48db22e39a39	3.4926418733415794	2.533998066051048	18636	19394
685b5df4-0620-40e2-aa09-0dd736bb5e2b	3.6530345736684637	2.4112227000733952	19128	19394
dba36215-670e-400f-864e-a46702d49240	3.6012457686971673	2.50742407653195	18870	19394
bc641d07-e041-403a-aa3a-e76279a8a1d1	3.698883136837691	2.4144423104419324	19205	19394
da53d0eb-95fd-466a-a7aa-6251cb4ce408	3.6345819775333803	2.4512856448666844	19065	19394
f2deda2c-63c8-4b4f-a725-381f00298cd0	3.6139016053535933	2.4213032558025707	19146	19394
4c54a99b-a820-4602-9b39-deaca98034a5	3.5464681544246632	2.464194816813788	19183	19394
3ee32152-2834-4137-a6e8-254f3cca6b6e	3.554332728284132	2.4423650694973262	19127	19394
e24e7c7e-1cd5-4c45-b50c-a731f894cdbe	3.6994132237553945	2.374075248396216	19212	19394
c94232f8-2e37-46d0-b12a-b8e920e659d9	3.6509616022250793	2.468424484707419	19089	19394
e3a1436e-8e38-4cb9-a913-0a50512db5b3	3.912888335740539	2.3263165698298853	19267	19394
e5c171ac-f700-439c-9e44-6cfed2c9cea7	3.514267743356097	2.499949628545289	19020	19394
ded3862e-9e2f-468a-8a40-d90363a2742e	3.5347727440653878	2.4671830805182706	18981	19394
fc56be13-c3dd-4dd9-8c34-dc6c7f9d1e16	3.6653056814540865	2.4408813712378894	19105	19394
aa21df77-6622-405a-821a-1122f9c93159	3.6197012360033876	2.4716753286824806	19063	19394
2923c735-34a1-4db6-a248-1c5de2241dd4	3.591091130331474	2.4967363753823424	19101	19394
d1224e18-6c94-45f7-afb0-d4321150cc8f	3.51487995078272	2.4737701282650595	19173	19394
6a1c2fdb-18ce-40ec-af79-191b489f39a7	3.376376368029871	2.417576751507435	19089	19394
3dc0bc4f-6863-4297-8915-f29e1aa25d26	3.6277802665627132	2.450215480755573	19056	19394
ae08dbd6-548a-469c-ba12-b6a87515bce7	3.6029312353781022	2.47524054549098	19071	19394
fabfec99-220b-4a94-a8fe-01dfd71487f6	3.705117318472479	2.439167969299876	19188	19394
a14e7e3d-0593-4d69-b17b-e79dfb065a0f	3.6022157859159156	2.3824870326231413	19093	19394
3b675bbd-b18e-4b72-b3c3-30527a9c157a	3.4810454885089106	2.564037930284032	18906	19394
e11babda-c07c-4406-85ed-0b1d45985017	3.590151563734082	2.475892198377807	19097	19394
b85be663-edba-4e1e-a10c-d0297744a0e9	3.5471065537889337	2.5850626538897226	18715	19394
bf0f55ac-2f35-4f8b-a1d9-c4e283fc7365	3.5801035901306544	2.476047784793154	19111	19394
2b62733a-fcbd-46b9-b2be-9397c563e3bd	3.6332832392865084	2.468814909884381	19068	19394
ea0b870f-324e-4d12-be78-1737ef7f80b5	3.3978405378252226	2.4874662801054837	18955	19394
de6d4267-c1cb-4761-a539-5f83368735af	3.691394281756966	2.403988546264817	19174	19394
5b01ed81-2119-4797-9be9-67bc21abc7d9	3.5981976734151004	2.3826827957339183	19102	19394
f549267b-0932-45f0-b7e6-c4a42cac50c8	3.6528486824470945	2.4130028892163526	19159	19394
ca3a64da-cebc-4451-ad48-5fdb6b9c26cc	3.5787601243367075	2.4248531451129893	19058	19394
fca8da49-849b-4790-a956-db7ee97c39e9	3.5226148159567705	2.372647544299205	19141	19394
423305a8-f060-44da-a053-18dd8c2b172e	3.604661658899681	2.4918262859155442	19110	19394
5c703f38-38a5-4543-a964-88cf1d5ba2f1	3.38931390955493	2.5211890092557057	19052	19394
31e5bc10-074b-4bb2-92f9-d9217c0efc3b	3.778265743122458	2.3903366007654094	19224	19394
eb11d414-2f0e-44a1-843c-ecacc7212e91	3.715368207721396	2.423822356653745	19133	19394
ace39ef3-1b5e-4ad2-a20d-62957e524281	3.463229640645014	2.520999513238821	19080	19394
caa51a8b-eadc-4d87-b0f8-f6ffc17723b5	3.42921265248778	2.500342102419373	18835	19394
bdc13064-e554-4a1e-9037-03187bcb3507	3.6989447005052334	2.4169018793158394	19183	19394
9caf2f97-a056-4274-be21-cf06656116fa	3.594291388995204	2.5541835554603534	18899	19394
46f79f16-4d38-4a71-ad9e-24037054966c	3.8318124408013667	2.3744496990372417	19220	19394
ba0b6f0b-4e90-40b5-a47b-44ed4eb5dde2	3.8011759666378846	2.370424201667831	19089	19394
d3263082-946d-4420-8a63-8d67eeee09c5	3.560302010414196	2.4628843519935772	19099	19394
8ef7ad6f-a6e4-405c-b20e-d547985bd9d6	3.642636470741419	2.4711682855317276	19015	19394
c1898b32-a9c5-410b-a197-572b2a6a2d7a	3.6340082499544546	2.4686480517413867	19122	19394
b1de1587-febd-4e50-99ac-eb3dcb23033a	3.5333197871129864	2.5337023211648213	18883	19394
dce6cac3-6c76-4574-b7a8-c7083b12f22e	3.481610033104334	2.469831060710132	19037	19394
5d7a6563-6e74-48cb-a6a9-6d860759ddac	3.8358719946573028	2.3789619402524242	19182	19394
9d657232-b6b4-4100-833c-5f94059a9ba7	3.6740733597420436	2.4815707443284363	19177	19394
f713031b-b8ee-4195-91b1-ac9cf63d76a4	3.6721624897008907	2.4416095624388947	19175	19394
9d772786-6ac9-4e52-9899-023ffa7247d2	3.3872041648649853	2.484554786444836	18856	19394
f6cc81c4-e7b6-462c-a97a-27c1ef62b958	3.48462946962881	2.54611215490785	18767	19394
d7e3b628-d5fd-4e79-9c4a-6409330fb8a7	3.4705306992246476	2.5494964670297993	19014	19394
99095138-b471-48d0-aed9-dd8afc8ded68	3.418054623832663	2.482770949892954	18971	19394
ce4833ca-7926-4c85-9a2d-1def273d4f77	3.5042916584622685	2.465123959951164	19106	19394
cf2b65de-c6a1-4ebc-a62a-c652ce17d2d0	3.320021306455279	2.5083094003258135	18897	19394
9bd5963e-d8f4-4eed-b32b-2eedb00db268	3.578075824128422	2.4670240779940324	19129	19394
d36bac7b-872b-44a8-8c7f-8cb850b49603	3.9168580352464897	2.350013844804075	19129	19394
d5d86fc3-a720-43b7-8125-160f3af04de0	3.684126102391751	2.4615606710898534	19117	19394
8d65b4ee-183b-4767-9091-dec23a17af93	3.689065503333418	2.492682557297108	19022	19394
d763edf9-b6f2-4814-b263-180aced12da2	3.5296768305036617	2.4775458426287127	19107	19394
f2b7091e-ed85-4546-8f11-307154153d31	3.5751974583975774	2.519134395959978	18836	19394
dc85267a-0ce1-439e-9ecf-e5a13ad06f26	3.6237706908572838	2.3515847930514293	19361	19394
b8e11365-4360-4db7-bfe8-a8da3ca4819b	3.636381840502661	2.4023049140118036	19193	19394
c8426c95-e975-4a7e-9943-f5c513dd95ef	3.582363626888349	2.5130749636606367	19097	19394
efddcf44-ac69-436a-ba29-261e8dc6ad55	3.599837291516199	2.415801398576752	19160	19394
bea52276-596c-479e-981d-ca9132742098	3.2865296221761415	2.5802353775977056	18655	19394
b4402906-2bfa-4b75-b479-4e660556fbe5	3.6739620203783	2.4654052298178897	19126	19394
92b16015-e552-48e3-a095-0197b99b52a8	3.732924529827932	2.4333936016942257	19102	19394
fc3fe505-f138-426f-87d3-c7ae138be02d	3.6129941083773325	2.5198347042712768	19047	19394
8e666196-bf9d-4b71-9c66-ee9272b671a5	3.5896768287313408	2.4737090101182555	19137	19394
8434f4a2-0ead-40f6-9b63-9c958a3fb812	3.7219350696886493	2.3745570412907213	19058	19394
a9d130f4-84e6-4f3c-982f-69971b5b7a46	3.363519417770807	2.4822048822785505	18654	19394
ce3c01d9-e8c7-4bd6-84f9-741f38b07267	3.561408577303694	2.4927342923491103	19044	19394
da9dc40b-0350-4b8c-8a7a-15100d5aeb90	3.523384367706348	2.537318298691297	18920	19394
4c70c0b1-1566-4e39-9dec-5050f62cd0a8	3.5975116231195923	2.474464765252463	19186	19394
e3118dbe-9f93-45b0-81d3-2e64f06b7c74	3.610395712754311	2.487682135932133	18996	19394
c385c7fc-0e3e-4fc8-87c1-6db442e5606f	3.6876653834313218	2.444677274127785	19189	19394
efe1592d-ef98-40df-b31e-545baef69207	3.5880849138463464	2.4569405370416546	19063	19394
8a790c78-8ad4-4e0b-9728-0e24cadc1f98	3.5785710790253007	2.5121487124105655	18879	19394
84ff236c-bc58-4797-9a34-da53eb1620dc	3.7554236871781357	2.3975559882840702	19182	19394
8a384d0c-be3c-4a35-8b57-2c48de743ebe	3.6135490490255333	2.369145986185789	19144	19394
35276e2e-eb29-47be-88ab-3822b82153ea	3.8117255229012805	2.365413627981743	19194	19394
ac0612f6-3d84-44d5-a224-6cbe65531505	3.4285019482542163	2.4650399752628607	19014	19394
764a5732-0b44-4cbe-93f2-7b84fd7d81a1	3.7692688055481445	2.3544983036198253	19149	19394
cc10feb5-ced7-4c1e-b429-c4ac77236765	3.5820876092206415	2.4891661816238058	18676	19394
c685196b-c3cf-49fa-aae4-f6ccbe04779f	3.7639766212140944	2.408916438013324	19226	19394
a1953616-e244-4a52-b283-2e39d58f2c9a	3.588448305403316	2.3941426542401274	19068	19394
e11dab7d-dc9c-416c-8200-ebdf8a64e3ea	3.762894187715609	2.3846010745282693	19213	19394
7c44fbbe-00db-4ad7-86a9-61b5968d1a00	3.4865706553906657	2.4824163108377197	19101	19394
550f24b0-a925-41d6-be27-96c827693611	3.6286374469680265	2.459148841742378	19101	19394
fe0ddcfc-f6e9-460d-b8e6-5187ffe8eb4f	3.833978807821159	2.3905375518549143	19183	19394
efbff161-d65a-4009-8e95-50d7f6cae435	3.4637292721318214	2.5295846804050437	18899	19394
c9e12d18-6092-499f-92ae-6fd6b16f2acd	3.3976011138490825	2.367782117366618	18898	19394
93a3fc8a-1b50-4da3-9dbb-cf9f582fc22e	3.5214531564887728	2.549436193182772	18957	19394
b4c19f4e-c5bf-4c4f-bad8-9c18128c112d	3.5110267255979304	2.4303591703839555	19053	19394
41af42ec-7521-4783-916e-2c982eef0f98	3.5311457065027256	2.565666587486655	19055	19394
c514a893-e085-4a67-b386-b61c3b63a22c	3.5367944062045846	2.5009309266756032	18889	19394
571468b9-6fb4-40c6-8830-1ffad5419b60	3.633633679975124	2.4694421126746238	18973	19394
4320c739-978f-4ebf-85c6-23d4735a38c1	3.5077314937005446	2.4565537102187287	19146	19394
9113cf96-0feb-4e13-b1d5-0ddd12c2cab7	3.4636932457401843	2.4290318130917257	19196	19394
a36231aa-f304-4bbf-aa86-b9547916c097	3.574547526529137	2.494943107856374	18942	19394
8518e829-4248-4f12-b32f-f4019f7ba4e2	3.7884211359417703	2.3470182005658122	19196	19394
e35fcfbe-0550-4a39-9996-5d178e3f40ef	3.81078685384434	2.392256207658283	19212	19394
72439e36-3c17-4a90-b3e1-8f6ccfd3dcd4	3.530914950384113	2.5283946003720033	19024	19394
afed1e5d-c6c1-4d95-9e57-d82f6a823543	3.610932492695901	2.399872846825807	19062	19394
b98aa84f-5144-4062-badc-32e89368d684	3.4598257225299665	2.490147171236053	19072	19394
cb389c7a-50d4-4f2d-9c5c-c1fff17e442a	3.652981668367814	2.3733369827426043	19011	19394
f7622b8a-b57c-42f0-bad1-c85edd41f034	3.7029602408162168	2.42471760489744	19178	19394
be694dea-a16a-4841-9588-89bba1b37dc6	3.7877129307866713	2.3636030137024737	19239	19394
cec6ad5e-a8d3-43cd-8a74-2199899f2422	3.7437378476709973	2.3786434960580713	19180	19394
7cd3890a-bac7-42d0-a615-4b0f862200b8	3.526821131101362	2.3381797961288093	19198	19394
4584c7e2-8011-4231-a5e6-26a264f6d1b1	3.4392367000911723	2.549163307323546	18992	19394
c8e05740-9d67-4e06-a30f-4298b6523a5a	3.4765745161032413	2.4626390549994293	19043	19394
a0de3018-8916-4e06-8ba1-beb1d218e30e	3.7746177520965736	2.430091008269539	19129	19394
e958ea52-21bc-43ce-9a24-72acda04e48d	3.7485887787437484	2.4288759205940633	19024	19394
796e565c-3841-425a-bdfb-569776d7c9ac	3.455603382384678	2.580955846631131	18953	19394
fe23a254-a0a4-452c-a2ba-685f66738a86	3.407522389057286	2.6140921713940637	18674	19394
e61873d5-bfd2-4fcc-9f9e-ca80779d36b7	3.747265092467057	2.3650973207867834	19198	19394
bfc636bb-4e93-4e8b-bcc3-c98cf820e6e7	3.8063459171591547	2.3664434059420363	19253	19394
7cfe5395-8477-405a-8260-b3b3aaf46a42	3.6627953460195326	2.404250126812135	19140	19394
62ce9f85-13d7-445b-a32a-11f6001617e4	3.6853449116426	2.426004404018695	19169	19394
ee368eb1-55e1-471e-b88b-bab896e37b5c	3.7047139457230776	2.4256339925711456	19142	19394
cde5b270-bec9-40d4-9c59-29f93ef08293	3.535054711214141	2.373849746991952	19190	19394
f2a49aa7-b756-4eaa-a6fd-00f56c7e7851	3.549636507285774	2.4591574200759765	19047	19394
74fcf73e-30a7-446d-9066-07d2e29ac78f	3.4843145501111072	2.5371113746420817	18889	19394
d5de71c5-b810-426d-a1f9-7f7ff07b775f	3.478026808880946	2.5510780199214467	18640	19394
7daa9124-2878-4708-ae74-28b17ef4898c	3.6704146714782317	2.3643636632054688	19127	19394
dbd8fda0-bdf2-40f0-80b6-daef5ebf9c97	3.62676053716414	2.5089515367887025	19084	19394
287b037a-c32a-49f0-bed6-7674d2e26574	3.6395877394950085	2.4291894985281135	19137	19394
d6e981ee-1afc-4f84-a3be-e87e0d1460cd	3.485902174628637	2.4510007128674722	18973	19394
8867f07e-0993-4c9a-96df-18e24801ba80	3.5781908096597834	2.486493318823626	19170	19394
b280103f-8732-4ee4-9e61-357a9cb3a0a9	3.5656037089125583	2.4191495629757833	19071	19394
fa3f34b7-5f69-41f8-9384-42af0260d7ec	3.4950889536809213	2.473119457483119	18893	19394
e943ba18-21be-49ec-8d2a-cfad16e37fa0	3.528443326029792	2.533897855378949	18960	19394
87845b6d-d3a0-43bf-82cf-a9429759e353	3.625638943243126	2.411494955587993	18963	19394
95c533d3-798c-4aca-8f38-dc4825f254b5	3.4361449855297495	2.472069999267841	19018	19394
cf11642a-eb96-4b37-b914-371c71f8e0ca	3.608548558688784	2.442246779498854	19176	19394
b32287fb-5ff5-4f5f-a9dc-0c0d514351b4	3.6807632587445056	2.4736424558558663	19173	19394
57e65074-4dc7-4f55-9638-8d123702305c	3.7999930671003415	2.3783119615605757	19262	19394
28e05d2f-0559-425a-accf-d5b4c1152548	3.633757814337459	2.469459539978995	19023	19394
f45e5bb1-c07d-4869-8acd-03036629e83d	3.7033852394230404	2.393438860921194	19147	19394
7909743a-2bde-48c3-8254-3fbd57ac2e33	3.5266307629176072	2.4705123614402873	19031	19394
a189a276-126a-4357-8aea-9ac6a791a1c5	3.8351112163654153	2.368884922429761	19141	19394
e5a9fa79-2d0f-4cda-9fea-baab86f78b8e	3.5803532254234245	2.485244044086638	19033	19394
d32e480b-d1ee-4bae-af15-8b5b94c1cc8a	3.603017370402232	2.4944588031979036	19177	19394
bb83d6d7-e5e4-49cb-a533-bdf2fb330bae	3.6706147795020305	2.4166555579742464	19163	19394
d4371446-8326-4e35-9e86-d8a48393efae	3.689650173302685	2.4260410822167464	19194	19394
b2921c9d-c655-46f3-86e5-2fc2bed1ed33	3.6055589620944004	2.465171718206507	18979	19394
a56aa062-cc7f-4ceb-96d6-2a6c251fc9b5	3.64794150339961	2.4351348246277467	19138	19394
e2ef6df2-c375-4c59-ae1b-c8cca22a8387	3.522984988776316	2.4828131869822205	19042	19394
723a715f-02aa-4708-bb61-84a36792ec83	3.702829414489019	2.3818998002970226	19090	19394
f2eac3ac-cb30-4d6d-a85a-4ea1ad3e7301	3.6141122417869873	2.4831849377910866	19125	19394
fb0b2d84-d982-4d3a-9803-36420f2e7e46	3.6428422906250866	2.424694397021433	19080	19394
e2b02d95-df95-48ad-b26f-3eb15201969d	3.4645384999955957	2.425794468805893	19355	19394
6e7092aa-e92c-4d9b-8ed1-f8c32f39fe80	3.55277874475536	2.5172768126235208	19035	19394
c6514deb-3214-4ceb-8db6-46daca13911f	3.5173420574181424	2.3537263465351996	19154	19394
d8afcb32-81d0-43b3-ad5c-e8c735710624	3.456385039135232	2.468908856891856	18854	19394
e17e273d-6f53-4419-9f0c-1e4e667c5257	3.5234803884605683	2.4048024481816372	19126	19394
a63690bb-5761-47d7-854e-7be44d9b0b3a	3.7172178719875717	2.4506382765446326	19065	19394
ec76e770-ba6b-4294-a992-993183640ff8	3.729297822286857	2.420188692429729	19195	19394
f386bdc5-6530-400d-9f82-db2c96449a70	3.6361250912868743	2.325639748766071	19154	19394
ea78a749-5aee-44e6-9592-b2e20eeb7ff9	3.7442272618263757	2.424703560218784	19127	19394
81bebbeb-bdb8-43f4-8113-b8f53425b725	3.5695333568232157	2.5783996736162402	18773	19394
bc05cd4d-188f-4634-b6e4-c72a3683afed	3.249283905215932	2.5646648013052094	18389	19394
6d129f34-7de2-4f8a-b150-e6111c5845cc	3.575734984910064	2.4770173614087043	19014	19394
c32e8a89-bc6b-4e8a-8719-4509412b5729	3.6901862921115423	2.4043514942943975	19144	19394
bc4ef13b-1ab7-4929-953d-45592691394f	3.8118586897653786	2.3643022900321067	19156	19394
2f2d2e05-c6ea-4f29-8bed-040bd9c46911	3.228253693942268	2.5278069830837655	18680	19394
401d075c-d443-4592-8c03-e675caad2b50	3.632189616779388	2.4613934011818976	19150	19394
50bd5c91-6557-4456-92d3-ae40cf7a8b9d	3.638873430912409	2.340036580226391	19184	19394
6526e884-ca7a-4f10-9cb8-fe8fa90f1dbb	3.4895618825740695	2.4223030102360035	18898	19394
e2da00f3-fdb9-4ab4-964a-6828568e2e6e	3.5520072467999744	2.47380168022926	18942	19394
e1c492c0-cf81-445d-8aa2-a8e8068ead1d	3.5438528368389832	2.507278152353581	19172	19394
adbf4056-e7d4-4282-8771-f2d6029386ab	3.707278876342929	2.449567009847399	19086	19394
973ee776-e287-4568-a43d-7b16cc0094a9	3.57769562378091	2.475057904185754	19146	19394
ed47a919-be85-4d06-aee3-87b6485498cc	3.540586895473529	2.2761708800486873	19028	19394
a896cc6d-91d8-4c63-b9c6-2b049e88b8b3	3.810763378566897	2.3788014875005223	19189	19394
ca459603-f477-4ff4-9d47-902b3cbad196	3.6867938569723275	2.4268597663586133	19110	19394
122305ed-ca1e-431f-a332-0ac3409cded2	3.5554230722268456	2.4667917196469533	19115	19394
5423b7f8-d2bb-47c8-9af8-3d3e1276888c	3.5765302349860857	2.3635475970322743	19047	19394
438152c8-2d26-4b35-9f68-a4b6c473916e	3.6148087553273824	2.4405163281959634	19145	19394
d5adaf35-04b1-4198-b308-f4720b3d6417	3.601661481328288	2.465974546944453	19126	19394
a4c6b7c7-739f-42e9-a9e0-9b59f1503f16	3.4861399619194495	2.388215105587353	19136	19394
81f193d9-ad19-43c2-b89f-54003a8d133e	3.6850278671086394	2.429871346579114	19206	19394
bc220c5a-7255-40be-9c68-2997f0b0d319	3.612868655158278	2.4789438891002042	19030	19394
8ba927e8-83e7-43d8-ba16-00d45a0f0484	3.4641564469092447	2.431190003918275	18930	19394
a439dcc3-4377-449d-983e-f34f8e5741e3	3.6068271038831683	2.511010816416989	19020	19394
46b0a695-f283-4623-a78b-954753e8ee62	3.5440076216736762	2.4768822183381007	19086	19394
ca0d78dc-c860-4835-ad07-052f176804a4	3.511155172957501	2.4247379630275936	19142	19394
fe3921db-1691-432f-b7fa-703ae8d7bfd2	3.6387101445834076	2.4058898323094984	19131	19394
4c6bdfb2-3438-4216-b76d-d87c386bfa96	3.571035678856316	2.4269485800422554	19106	19394
9f40b937-e6c0-4259-bc0a-5fdcc6549b46	3.5515622055621825	2.478129667533787	18984	19394
c6d8d136-3bd3-49d2-8305-3377240a1ce7	3.74031893382636	2.447024649273482	19145	19394
989450c7-cf32-4ed9-a74e-259a9be428ac	3.403412264537729	2.516605073167546	19048	19394
e4dee88b-58d0-4953-ad4a-a2df876f3c95	3.3878310841225274	2.3259850446132777	19062	19394
8a0c0515-abdd-4e78-9205-bd8f80f60397	3.67809707566503	2.461519811101642	19085	19394
f5678056-2dc2-4f1c-87e9-4fba6c78b460	3.388198453421145	2.569673773880965	18802	19394
da3319a2-f906-495c-b0de-38cb8672e28f	3.72419498438461	2.3816804226275567	19055	19394
cef6023a-2fbf-44ee-a9b3-df78707bd85a	3.5807413275980613	2.40927347599706	19104	19394
c3927b5c-d641-45e5-87ea-9cc18c7ec85e	3.6963464256355354	2.409811225977657	19197	19394
92f1452b-54af-408f-98a8-cd76191f472b	3.7199254861522153	2.44312222839722	19174	19394
acc566d9-9cfe-4deb-b1a0-f04b5a0449f5	3.6926906214361885	2.4576900338495205	19100	19394
9f55d4c8-5e41-4ffe-b819-1d8bfd06927b	3.742678709164491	2.412422840520077	19160	19394
f5675b71-ed1b-4fdb-be07-d627dc98ed88	3.473873938000711	2.476469518852441	19032	19394
ef0d266d-d3a7-4f80-91ae-7e275dd2f0df	3.5453582993613444	2.558565751677375	18900	19394
d12bd5fd-838e-491b-8949-6a22f78194ad	3.6391870954302066	2.442662444185432	19191	19394
d92b4202-25d2-40b1-a704-c6bca0eb5bc3	3.6388574943553436	2.3229678023587685	19238	19394
5c031f2a-0e98-4ab4-b8c5-3a296fda419d	3.5524136615336537	2.535117229790301	18940	19394
3374057f-4159-464c-b6c3-276bb12a8902	3.8998340651825942	2.3212696990589468	19231	19394
ae72a901-e7b7-41cf-8eeb-2a7fb51e14f0	3.5450603468957507	2.420861261170212	19205	19394
d78ecfd3-1a99-47e6-bb5f-a13c57148a76	3.679367323881352	2.465319865652665	19102	19394
b13ab974-e4a4-4926-bd17-17a1e9ca7ce6	3.7319039683908364	2.316066739291312	19218	19394
ed00a16b-6b8e-44e4-998a-ae4dcca5a93c	3.523538770087289	2.4872533401190347	19140	19394
d1991ebd-1cd1-4c2d-ac99-2a6ecd3f90f1	3.632707089997447	2.465615088849546	19104	19394
601e0a1b-309d-41c2-a7ba-a2282db846fa	3.6989401002327766	2.439040747183592	19174	19394
5af3de3e-4376-41ab-ae28-4ea9a95dce2d	3.6739296146002416	2.428896684396291	19039	19394
b9ae712b-823b-4ff8-bd1b-2eab4a2b5790	3.648960437574814	2.3973779701449827	19091	19394
83ec5738-3a27-4100-83f2-8b30ae3b2fb7	3.616813095009913	2.47782773386287	18885	19394
8b7229cb-2578-4a81-8463-407df893b47c	3.6031232738135475	2.4500221033474348	19132	19394
5012e9c0-a0f3-4f57-8840-fee059dfe671	3.6965845311481362	2.4104926255481405	19170	19394
a3afbb9f-f611-4bf7-a7f7-8db59022f66f	3.060246209042228	2.417741802741074	18701	19394
e216aa55-98fc-4d0d-a24e-cfa05778f973	3.575848628854559	2.4649615535324325	19087	19394
31f45863-c419-4a07-896c-722b9724ce76	3.672253909139637	2.440151988710428	19116	19394
9970c93c-8a6c-4e05-9d2f-4b6bdf087a98	3.691161334230016	2.468389471654522	19149	19394
f225775e-e46f-4d1d-8b13-042e9776dd72	3.7514527344705257	2.4105310458602247	19205	19394
7f15f76b-305d-43f7-8d02-34cd0f76340e	3.6156660117320603	2.4971292539361154	19110	19394
298e1da3-0691-4675-931e-4a36f2ca858d	3.559996934722655	2.4370043478445442	19071	19394
7a3cd962-7512-4797-864a-cf374b5cb385	3.5368610893543684	2.5130502313499252	19045	19394
5da663cd-e223-41ec-8b2f-796c141ec677	3.5549364166415702	2.5010410682000632	19133	19394
ba869eea-6e25-4afb-a0ad-73fda57a1d88	3.539328381987627	2.493141837004701	19105	19394
759a1619-0432-4988-8a6f-5a0ef0956f87	3.5671963078689237	2.4352466339180037	19162	19394
f642ec37-b771-4b55-a133-a54f3b54ac99	3.404238460133533	2.505901551441602	19032	19394
8deb20df-b01a-40d8-a398-5dbb14786792	3.6337112460678314	2.4158237937120566	19212	19394
c1adf54e-8248-4b44-a9a1-e883fcc4f702	3.550557444795356	2.4995310815731786	18529	19394
a919faa8-0df6-4a94-b12d-46d99df6f26d	3.3282928140864136	2.294150855960498	19052	19394
940d64bd-8c96-476f-84f9-678d1ed3500f	3.7981578209484685	2.391789862810969	19182	19394
723e0934-327e-46f2-94f0-20a65da1ea0e	3.3041052714916703	2.396991350342239	19079	19394
be145e7b-25ee-409a-8c9c-5e17c9b6c5aa	3.583878936490833	2.483996485809571	18985	19394
f773ae1d-0ad9-42dd-9675-c8b7287fec85	3.6096431356439753	2.4740752373605455	19197	19394
76c09917-15f9-4908-ab22-ea1401abcb3b	3.6275259793020456	2.474089317494615	19134	19394
da7fe5e0-6ae0-47f0-9b32-fb6b80c4be38	3.7055908196011726	2.4173581121414376	19220	19394
9cbd4bd6-244b-4274-a230-a7bd02e79571	3.694933322621834	2.392757673513979	19243	19394
b9140410-1ed1-4012-9637-412b7c688d68	3.4790923814147616	2.555837951233458	18942	19394
aeea59ad-9570-41c9-9244-348e1c8350fd	3.5449829467867913	2.461282014753141	19145	19394
dade6383-329a-4443-bdef-939c34d8c5a0	3.6994816367703236	2.46325402273856	19176	19394
acc34a68-41a6-4c75-8f69-c0ce8727d7e7	3.4028344073696135	2.375598390680753	19098	19394
5d1cb65a-7798-455d-8100-25871cec5a47	3.50351216120848	2.374550667541016	18952	19394
96e71b7b-d32b-48bc-858d-20f7c8b7812d	3.74993096147384	2.3880273051859744	19215	19394
81243c1f-affa-4985-ba0e-1f19db52db73	3.535819802072424	2.495215603167315	19054	19394
193a40b4-4410-408c-92d6-486472c1e6fb	3.5638255695130487	2.5106427867126007	18897	19394
e53d7a9a-3db0-4a24-8dc1-6dc80428cd24	3.430751579197095	2.432968501655917	18969	19394
63baef92-6733-4791-b897-0abe9131a5f5	3.5490666017216577	2.3973243530954886	19096	19394
cb5043e3-c1c1-4b06-9135-1aada484ba4b	3.4887828864446386	2.3867164315031113	19125	19394
8fa798fe-f032-4d77-b362-06261db78e6d	3.49444658010681	2.4718699739801635	19179	19394
d490330a-de38-478f-9504-a69260ab3967	3.4391533886737915	2.4756182049901314	19087	19394
e5bfc024-9ee5-4e37-97ee-45e695489f8d	3.588382134931419	2.522237433986614	18979	19394
6f1fc322-359b-49fd-ac0d-cc7626f52604	3.613265380593579	2.441783787916505	19129	19394
f9029956-e7fb-447a-9b6a-ea3dd2acadf4	3.6846214637701005	2.447035715195339	19220	19394
582b2af4-08e5-44d8-996d-d00db1e98413	3.543846887857935	2.5733675556568403	18792	19394
cf5fda71-8fba-43fc-91f3-e4baa36571dd	3.2619244844314212	2.490598081160135	18551	19394
a6c10459-25fb-486d-a027-d17f1941b5ae	3.63665200652635	2.446062906477874	19027	19394
cd17957d-1e5c-4874-8070-890c1d692a0b	3.701972573440557	2.448463456406267	19095	19394
ae5c9a58-e3ae-420f-8f72-1e4ffdd3df24	3.4938306145457623	2.4923675131709357	18923	19394
7877c9a9-2002-4d6d-9ca4-f200c1ac00e7	3.548479158308373	2.4771530415438843	19069	19394
ece822af-ea84-419b-99f1-6ce53e4c1e8a	3.47482870138239	2.57178861106785	18428	19394
af9f631b-2857-48e2-8d77-34f66c1c6149	3.52441429339571	2.5004419834950538	19034	19394
174435cc-64d1-4d33-953c-1ada5df46ecd	3.5881988375554985	2.4608850930362722	19021	19394
91657171-7e5e-4a81-9201-d0b2d5806c04	3.6085806078701643	2.391496191545494	19090	19394
b462982a-4dd0-425e-bce3-0eb8f5527264	3.451820162074301	2.5154983261674038	19050	19394
67d804d7-b6a5-4a70-92cd-f93195d928a4	3.5056434062320068	2.544682130778886	18950	19394
cd8ac496-cd1b-426f-8e17-8f15ba8e94d1	3.4889674684569387	2.4749192576305736	19020	19394
e8cb34ed-67cb-48b7-83cd-621a1224e781	3.6161420115212817	2.3935997916956993	18996	19394
e20c3a54-2fe7-4e5e-a41c-ad4efeb97f76	3.6678253391813245	2.4909323993829533	19166	19394
1acae6e0-3100-4de8-a436-e15cdbe1322b	3.533736045962466	2.400266843504376	19213	19394
e61781e7-6c4e-4a6f-8f8d-22896b1243ca	3.675074348412615	2.4424661471944864	19171	19394
ef48e806-e31c-4a11-afe8-dcc232357329	3.598716445191883	2.4424389722298496	19110	19394
ddee0b07-2771-40c7-bdda-c1100958f0d8	3.615235150109687	2.454016196009452	19195	19394
f26df76e-66bc-4e25-8a27-41b6147dc67b	3.6237547609088616	2.4433703153772894	19125	19394
e29fc4e1-4c82-46d7-997c-be59470c7751	3.4394476072425832	2.5224432360324043	18945	19394
7fa91f3b-34db-41ba-8447-d745eebac2db	3.5957372046385023	2.4102821359710305	18861	19394
fb635f1d-5ee1-4e58-86ea-b1aada2de4ba	3.640642926783661	2.4949370578241385	19164	19394
ed3f6393-6955-41af-bb3a-7723b5dbe41e	3.678987558544816	2.4584064800434837	19111	19394
9f55d963-2c1d-4886-980e-edff099babf5	3.653509778169942	2.4724377149855306	18992	19394
518be2c7-fba5-47b1-8c8b-fef812fa74a4	3.568244088202896	2.4837831512651865	19161	19394
9439bb31-588c-433b-a7a5-787d8b496f57	3.744685758160761	2.4092443790489897	19191	19394
f3ac7557-714a-492c-a166-246ef7298952	3.7467744356745163	2.398460908891897	19200	19394
930b82a6-a039-4f8f-8487-b0abb4fe7aba	3.495977991619024	2.476031596663564	19022	19394
a99e45da-6933-4300-9c8a-e9d0f9e9c825	3.5539801680787666	2.4138782900571454	19041	19394
f984e167-e005-438d-ac04-d4825043b128	3.768959890948528	2.454111904599343	19128	19394
c1e94fa4-ace1-4ee2-9cdc-ec7b13e6bc8a	3.6322991359704253	2.4209260541312543	19156	19394
e852c16b-cd36-4551-8cc5-8b59719ca987	3.699159961894921	2.397284996716577	19140	19394
80105f2a-438a-4d44-947d-3f5a50d6cab0	3.5436723627702067	2.346413298336371	19051	19394
d3a81bab-cce2-48b3-8eb8-9ef9766af108	3.532866562301878	2.3537314950865693	18916	19394
c46d2ade-620c-44a6-93ba-8edda9909c1b	3.721800007089985	2.4120792300403737	19219	19394
93827307-1efa-43b5-aea5-380c6ce5feed	3.601181180039786	2.369856611892464	19243	19394
a047a512-409f-4293-9585-9933f1503f9d	3.6378838755675145	2.3994320033226852	18971	19394
87b7ed22-4fe1-4539-8c37-ab085e2cb9c1	3.7113131216053024	2.377600581875251	19151	19394
b6568556-a2fb-4eec-a953-b8b81d2fd6dd	3.7025878592908508	2.312940902753215	19288	19394
e4ccc95d-79ca-49e3-8cd0-c8452c5f9aa2	3.5836166275227526	2.298630431300604	19149	19394
95bc63bd-436a-4ee4-91dd-95c5188fe261	3.5957464264639407	2.304795823302891	19163	19394
aefe6c18-3891-4c17-99d3-16931151d96e	3.5410694669192853	2.36556692477276	19134	19394
44b8b591-5dd6-4b93-bd8f-d1c3284af41f	3.361803873167959	2.317001203476009	18791	19394
8c53c83d-85c8-49b5-8838-cb0585c894b2	3.5228822226313476	2.4171913458263052	19128	19394
a3f8dcad-c42a-4070-80c4-782627bbaca2	3.7030945811259275	2.3223774522428795	19175	19394
a3d8fe02-63fa-40ff-9563-38e8d2bf04bb	3.544786193059753	2.3545874334387236	19204	19394
b2f596ea-10ad-4a17-aea3-88756fb0b7f9	3.6361866452910636	2.3107853505394917	19244	19394
62043d1b-2c38-4c45-abd0-97ff2f77176b	3.528460065570672	2.3681809168776295	19057	19394
7150c48b-144f-40f0-b4d0-e4b34e35556d	3.6587458125145442	2.435797839403134	19107	19394
8f4f9492-0d28-4747-b4bb-25ddc99e4327	3.5342927917699325	2.427593442698874	19117	19394
e5e22755-8759-4349-a6ba-87fff441183c	3.8009163982904686	2.31686757268881	19204	19394
fe693f25-efb5-46d5-8bab-de5b87eef1ad	3.500039195041718	2.3677742150101264	19051	19394
dd8556f8-461a-468d-8604-c4f2366b1cd7	3.7621855779514646	2.3578180356345824	19225	19394
930c3552-f960-4a57-aa35-b504807a9676	3.519186693753217	2.3213043821804105	19049	19394
bb14a720-4899-48d9-a57b-e1fd2aa9d8ec	3.6480157288709267	2.4084893880422436	19153	19394
b40f7345-8f0c-4db7-90ba-424ae5ee22ed	3.6685996035434565	2.358484472673796	19198	19394
bffd965b-885f-4914-b25b-a993338acaad	3.5360050620273618	2.414536401592636	19018	19394
c8767fb2-1e4a-42de-b648-847d4a5df78b	3.6096646739518836	2.377281385758467	19015	19394
effbbc75-67d0-4d2b-bef5-00ed066b0885	3.6465189125175375	2.4263164204715495	19074	19394
7cb799d4-b69f-4cac-b975-1df91396250a	3.2998780582832774	2.3189935545949063	18868	19394
3590ce4c-2c63-42f8-ac73-8d813301ef2d	3.572234840532371	2.3394879922240372	19177	19394
7fec33cd-6f46-44c7-8204-e0f42b543abe	3.590504260919182	2.2856150793608054	19125	19394
cbdafa49-7dd7-4a42-b0a5-891aad11a802	3.5224510261641475	2.4489801610893824	19138	19394
f1989bf4-c884-430d-a075-679f7b4a4b07	3.6217609700607847	2.3673888434162254	19182	19394
d458ab44-bd23-410d-9ffa-4d469d16c62b	3.8549557445291325	2.326985423039817	19162	19394
f2e6f90f-6117-406d-8106-2ef4b37e19d2	3.651586074722221	2.3625083295750096	19231	19394
90c52b7a-a0fb-4e5f-9c80-ee94516ab8d9	3.5508352519135964	2.3538009853645776	19091	19394
fe8b3cb8-15ce-4d0c-b168-d8d3db4be176	3.518364173960352	2.436761344819536	19051	19394
8f515078-38de-44c1-81ce-e40d8a942fc7	3.690595614124362	2.3171127229690085	19192	19394
fdb8966d-55c9-49be-80dd-369246604aad	3.511574212379159	2.418258580166407	19063	19394
4416312b-c64f-4fb2-9819-6ccf9b8ab219	3.550791047177197	2.363666033131544	19012	19394
d900cebf-8795-4385-8f57-77209178ff43	3.6062426557064984	2.394624878775945	19196	19394
8a3e4430-40be-46e0-bb38-946435911371	3.7177660989545167	2.4446593244842716	19072	19394
bbe4ea81-6f31-4589-8797-b140bcb35d2b	3.6791173338204057	2.326776904307752	19076	19394
eb401991-7a9a-494a-8f7c-072f39e40ec2	3.6858599508218344	2.349312001836514	19162	19394
69d76e7a-e0cb-4a8d-b6cd-67d8702d2af9	3.5873957474029274	2.379051505213493	19092	19394
cd81e8c8-2526-4427-a1db-6ce6bff105e6	3.5905175284595834	2.4635472623595653	19082	19394
efc25de9-e672-4b44-9003-5b277a47a625	3.5645423854572327	2.4081568809418608	19063	19394
c505b908-c303-4e98-b0c3-d4252afd01c2	3.63170817807059	2.331538702678376	19119	19394
efe5ae48-c145-4b24-a1df-ba485d355dfa	3.823394339897534	2.32495267525025	19258	19394
c20183e0-600b-4d1d-975f-2b6e43c35d0d	3.6537941074129843	2.361979023231061	19060	19394
61513da0-4eb3-4cae-bfff-7b05f3362488	3.621313946570407	2.3915331222978984	19190	19394
4a52777f-e23f-49f8-b853-be84b9a74bda	3.5992420406019328	2.3114399641721497	19119	19394
9aae154c-ffe9-4e86-9111-903b55de9228	3.463180174013047	2.2965319120098466	19117	19394
7d811a29-b303-453e-9c0e-91ae12907510	3.611986695162507	2.3510843125093057	19194	19394
dfcd4fbd-4441-40aa-a36a-13383c8d7f1a	3.662795079813271	2.386023844470648	18996	19394
e4d6fa52-fb29-47ac-aade-8f6020a5b55e	3.6583384704567266	2.2939075870926766	19194	19394
a081a22a-184f-44af-92cf-674c7d349e03	3.5710177336165203	2.3615876561272326	19134	19394
a36ab3e1-b5fb-4557-af54-88d4ada2aaaf	3.5828735811094203	2.418352531535871	19078	19394
8e66ac32-4df0-45b2-915e-37eacd1040a2	3.372762438485608	2.3903182448397855	19007	19394
a323f2f5-b250-40a6-a318-084a3933e829	3.5488038138346076	2.3798585726477475	19143	19394
fce7a055-f6ea-4dc3-a42f-51b8ed236ca7	3.455157326902284	2.379221403363171	19012	19394
9347d927-3747-4f06-ab2a-672aefdf48ea	3.601869910263666	2.3575975223459795	19177	19394
e134063e-745d-4c97-8d48-6f3e238daefc	3.6200052559443816	2.331894441693952	19210	19394
e6751f11-2f24-426c-a34f-c03cddc999cc	3.5934870050931975	2.3802648690970845	19209	19394
7d9f2d6d-3ec6-4fed-9d3a-52e813bd8be6	3.508109613138562	2.328388737237464	19108	19394
981e7677-6bde-4617-8c24-732d606b81e4	3.6242247960519975	2.394096390075796	18975	19394
b38f209a-000b-4cbf-a4bd-0bc6f027fce3	3.4255080480842506	2.3486933851918894	19199	19394
fdf5e5b9-8d6c-4581-93d4-bedae0bf371d	3.5945995011358773	2.4236607774182906	19037	19394
fcd83e7f-2210-465d-8362-3b5e2c368625	3.6020869028086535	2.3383942190298206	19115	19394
e14eecdb-9843-4549-917b-ee1e3d77025d	3.461070791652431	2.3854099707486363	19052	19394
b5e8849b-9002-4b65-a2ea-6a46c04aba4a	3.592182737218861	2.3893878658016976	19104	19394
c084ec17-62a3-43d7-bc0d-ab806bcd35a3	3.7306212232959517	2.333664686424552	19139	19394
afb43292-69c2-4d84-84f5-0bde9a6e9ea5	3.3293103882932713	2.330137060290723	18927	19394
46d32513-dc68-4261-8e1b-26d407b6546a	3.5070278073879306	2.412478093450959	19204	19394
4a2528c7-eaba-46da-b1e5-431a17bff9c7	3.6718511044992987	2.3933796954089956	19196	19394
a2667408-6465-4258-9e68-f88ec3cd7b7d	3.8878960438066157	2.2824386503372383	19263	19394
ed537d83-388b-4125-8c8c-204a0bcbcde8	3.772789656178431	2.384016434653043	19201	19394
ee7d5c16-fb34-4500-87f4-c920f797d9f5	3.5029175003952187	2.3824995489222602	19169	19394
96d1655d-0a5e-4e2e-b9eb-f422ced79483	3.5941607135163713	2.3596198580314307	19098	19394
d1a2fb08-a7b9-4920-af5a-33118478a429	3.7315509674862506	2.388578562819538	19099	19394
e66d5c81-a9e3-4642-9bcb-655372f247a5	3.629244196959331	2.4380194573163587	19138	19394
b3909bea-c426-4dad-94a9-15577e9f0c09	3.6163278825149554	2.393033465356539	19166	19394
ce884866-7563-44b2-a7b0-849512c66abf	3.5557987340346306	2.3747335744567057	19145	19394
469795c3-7cfa-4b95-9b0f-3fc7a3336f22	3.5970765032418734	2.4199640168718384	19034	19394
6b4aff1a-568e-453f-9679-55b3442c491d	3.6209208706960943	2.396227791682373	19175	19394
50633d92-0d7d-476e-8d4b-9a8de94771a2	3.528766754802367	2.349112119724273	19131	19394
e1eda97e-24fe-4dc8-92eb-080399b1d82d	3.529898759241239	2.3892763022930237	19169	19394
e1be8ad9-1a52-4677-8436-3da22ad12e9a	3.56393591139938	2.355339722038342	19112	19394
fc1a6b07-e91e-47c5-bf00-80be3c167605	3.5482078943448214	2.3700826982224275	19192	19394
9ba8451e-7ffc-43f2-b602-8ce8764dfc14	3.7456215737501757	2.3802041772367426	19202	19394
4b2b6e5e-248c-46f6-938a-95571577e02d	3.5331929826648345	2.367798615216143	19004	19394
ce503b11-3be6-4c58-85b6-d987033232e0	3.4607066038839625	2.432898004936159	18991	19394
bbfeb712-4736-49c9-9cc6-74a94c6e8195	3.656271810258514	2.3471700099761303	19218	19394
98675894-f21c-4dc4-b822-a6e52634d470	3.445462046381024	2.4091012189908305	19078	19394
c24a2f48-af41-4e1b-9e23-fbac94d02da4	3.5577135623083564	2.440164777030658	19105	19394
2892b681-6001-4124-ae86-3363be75463b	3.698622771633071	2.369884553732686	19151	19394
ba4d22b5-f97a-413f-9cc7-30d1e5c91f7e	3.811173137260393	2.321371874191773	19200	19394
b2cde517-9404-45b2-bd39-3dedb4e129fc	3.8625587484319874	2.2738136546017946	19250	19394
daabfedb-ac0a-4bc9-b145-9bef04bdd66f	3.41004196771499	2.451234775968988	18965	19394
d800778e-cc83-4447-9cfa-ca29adeacb8f	3.669135029657068	2.4477389544239507	18976	19394
146f9463-de59-4418-9099-2425a6f86a0f	3.645121437811608	2.3482078089064133	19063	19394
7432f954-a16f-4053-bedd-aa776f939f71	3.4086119626767752	2.3335554546577337	18907	19394
96e08856-06cc-463d-b2c5-5ed29204f66e	3.561656099652741	2.372822044903148	19198	19394
6fe8f2d5-83c6-42f0-b82e-d8c532af9bbc	3.703550871035987	2.4500607286215472	19085	19394
71484ed8-3496-48b2-81b8-888d04f10f0a	3.503639011611033	2.3482158749962814	19192	19394
f21ac7ce-b8b2-4c44-be65-4c4abf8a86c4	3.30392200704521	2.370747521892141	18762	19394
84d06f56-6611-4fa1-89fd-df8780f7f446	3.6552228905351245	2.2368342610695016	19064	19394
c9aa3e59-a10a-4e4c-b8cb-40d970f43df7	3.6053953877316864	2.3686110341920807	19180	19394
ccd3903e-eee6-41f0-9a07-4351a00a7dc3	3.596459882941779	2.404607325029264	19207	19394
eae870be-bbc8-4ffe-bffc-86d87414ff4b	3.4555268319717976	2.371523415084748	19135	19394
88152ab3-4bbc-4d80-9e1e-34c96de3d604	3.5596630617300127	2.3371474604368667	19002	19394
6ae6b10a-fc2b-4c6e-a30e-0299c22ac042	3.535701301764859	2.3329528671680966	19035	19394
f3cea00c-bc4a-450f-ae7b-cd97ab7369be	3.5529791895822114	2.3210462710288864	19122	19394
98f6fcfd-df24-422f-a14d-144fd1a02849	3.562312983898455	2.3734790804549117	19192	19394
c063d066-9073-4f05-8a38-601aa65dc5bf	3.6266071753539233	2.419373234340871	19137	19394
91054520-9955-4d9b-bb06-e0bdd253c687	3.532340039671576	2.2763905497175676	19179	19394
d8ecb5e2-5af0-4a84-8b51-22c395850721	3.6086932568309793	2.4436006600721467	19100	19394
cbfe2502-c3d1-44a5-bd1a-4a775c86d27f	3.502292155964457	2.3792779192095352	19060	19394
d7ad6239-b56b-4762-9656-7653f308e01d	3.609149053935154	2.3810648856242387	19190	19394
c352a6f8-dee5-473c-a1a4-d85250ac8ddf	3.494733778296338	2.3676205971969133	19159	19394
e24b153c-001b-43a3-b0d4-2b6eec615cfd	3.7976447795308714	2.253981898636872	19230	19394
c2699551-32d9-46ad-9c41-04730ef6a8a4	3.916986640004206	2.3235107769398025	19098	19394
593a4322-bd6f-49d3-9fc6-0f56a1943664	3.2363379209321863	2.383478597767903	19024	19394
b0dfa5b0-79fc-4f28-bca7-d47f54c05775	3.5645156369070294	2.3767446762418016	19200	19394
db9720f0-d7ef-469c-ae11-e8f17488126b	3.5423153106087275	2.3630305331360515	19143	19394
5b68e68c-3cbf-4506-ac94-4b23b3daba70	3.3577472199437235	2.3053365851655356	18935	19394
5287e961-91f0-4fb0-a00a-d570377cee62	3.726245634864317	2.3214736130543914	19158	19394
702cc8d9-38f6-474a-bd7e-e56820c5a5b0	3.6277142942473546	2.302477276081821	19138	19394
6ecade07-4c2f-4587-9c8b-589943f1c9e6	3.4410717244985647	2.3579573042229183	18992	19394
c6987abb-e8cb-4701-bee2-416627c1f970	3.2926983375614953	2.3478326866177874	18905	19394
a0300830-9dd9-46bc-94c0-23b2e8703e25	3.6853097547231473	2.4352610472259775	19158	19394
9ea630a2-1412-4f40-897a-38a52600a1cb	3.5654361093248124	2.419693191860374	19127	19394
c9aa6cf0-f536-4640-8290-3e745ae2a36b	3.7637848202716513	2.352496461429444	19212	19394
cc6a73f6-9dee-4eeb-85c3-c81f02d1adef	3.6886546091453383	2.3673557343602947	19188	19394
ae00d18f-7117-4cfb-a306-168f1f5d493a	3.659527776121134	2.364390023240458	19183	19394
d86b5d2b-9a8e-4bfa-9549-12fd45e8c296	3.526170578872486	2.3871441998889917	19058	19394
5dbb6c5e-be66-47ca-9bb4-1845b8004286	3.772455544544184	2.3674714346336456	19200	19394
b8243412-b7b4-4a7b-b823-4b33488ff429	3.6506829880592058	2.302292229914238	19155	19394
828b6893-62cd-4248-a31b-7da875d657f1	3.6735273545946563	2.3853486125156365	19067	19394
f39ab685-fda1-43e8-aa70-fa3ed1566061	3.673046144212539	2.360833791413152	19204	19394
dfaf19b4-03b4-49d3-b39f-01aaeb897a2a	3.2981344053618527	2.4434681842786232	19008	19394
8eab6a91-e73b-4555-9915-8ac4b91d9de3	3.68213668516981	2.368985685585618	19172	19394
ef7f3a0d-b620-4355-8212-4bad381fe29c	3.774922096619528	2.3967364322822027	19215	19394
424254f5-1bdf-43ed-b867-33a73a3c919f	3.7638890964541236	2.3334041688771237	19200	19394
ed9c97d8-4df2-4ed3-b455-4955d72901a8	3.5693709744860693	2.4205757641324075	19034	19394
d5cad767-265f-480f-a3bf-185bd4a75d5e	3.5576963432057425	2.441383031470252	18945	19394
389cd452-fcf0-498b-9e65-7e28dbe8d5a4	3.8725177944448634	2.312074622622074	19105	19394
ddb8c0dd-c3df-4b78-850d-56b0644e12d7	3.4084869183193414	2.4302327356421274	19114	19394
90d6af06-579f-42a2-90f4-bf587e209d70	3.6134109046724903	2.4346105426395517	19151	19394
b3716b9c-af9c-41cd-9ceb-f45fcda4a2d5	3.463960444724286	2.369806130587612	19055	19394
389c632d-45cf-447e-9069-11b2fcb543f5	3.7358145374687837	2.345982198406271	19248	19394
bc979254-2b16-43ab-ba8d-7670a3b4ab3a	3.6760137461218196	2.3201218779817436	19177	19394
6feb1257-da6f-4a70-bbd1-f3aa843ef72a	3.5162087701754494	2.3145795180916697	19137	19394
65e5e0dc-01e3-43b1-80b5-09762432309e	3.2270812160433926	2.434603276632958	18780	19394
a155cdf0-597c-4ddd-a184-10a29ff428e1	3.450391995049029	2.452087151923136	18997	19394
145c1cbf-1d36-4439-896b-afabfcc8d864	3.7471325507265254	2.360707382032622	18994	19394
e370c642-1d03-4f08-8bd4-1c99dae80679	3.723586746536511	2.3832387569352633	19141	19394
7ce668a0-da92-4201-9f07-2c5b02df2c88	3.7357048625878067	2.321385601320572	19269	19394
f6508c57-7de6-489b-9615-12c56dc8d8af	3.3021470491886498	2.4281467166822917	19018	19394
d445f92f-5b61-4131-b474-f0ce49e52379	3.6453214860417638	2.3872643081409612	19151	19394
98198891-a060-4107-b56d-61f19ac5fab5	3.6492369674927962	2.3625694326023856	19086	19394
f46d6e67-40ef-4a8c-99fc-700d8e598131	3.346648829727177	2.360130027851472	19080	19394
73a2a82b-c87c-4c04-8cfe-cc679379b28d	3.6989524970389174	2.3994646427955715	19155	19394
7423b7ef-05e4-4b6c-bad0-bb815d6cfa9a	3.37669299731003	2.4036890339639347	18851	19394
f2b9f258-092d-4f46-a6c3-f5dc86188746	3.6546182430698675	2.224279729483112	19221	19394
d10b7299-8788-4800-b0a4-e836a18d5def	3.624355843824827	2.4415435023309193	19041	19394
9236e7c0-7b03-4bed-9f19-e3cf805be49b	3.6477816100467755	2.24803379974425	19177	19394
c6045243-4072-4342-8fb1-f2bbea55fe7b	3.363246372865855	2.3846295859855933	18960	19394
dc3d8cea-908f-423f-976d-150bb1050063	3.7488594126392747	2.319101594685779	19255	19394
3d547b69-ceaa-49c1-8ea9-03a32b3fac90	3.735128645285563	2.368172318728782	19257	19394
fb634d39-a4fe-493e-a982-2e360e69cbd2	3.770002579090056	2.3552176263435105	19181	19394
f7011673-3a61-4450-b6b9-043ef33ac682	3.5142170310280947	2.3646049106335467	19072	19394
ed59c414-e594-44c8-b920-159336d45b4f	3.6409807357632946	2.364216327750762	19217	19394
faf406a4-d3d4-4ff5-8a3b-86ecbc6802ab	3.6965157260659196	2.360972621703843	19123	19394
cd341ba2-d2cf-4f44-bc52-4731d6041a0c	3.7215439133995973	2.3340258314036944	19248	19394
f0f721b2-edab-49c9-b271-2204878c2ae5	3.6189072870666283	2.4835577214545803	18933	19394
eaf742ea-5bdc-4f44-a390-77cba766d260	3.638303245144877	2.3770875837956282	19235	19394
25d8f564-9ba7-4336-9b92-038fc26dcbd1	3.547461195998019	2.403831319498165	19228	19394
b9a63363-bd0c-496f-a375-fce0d0a370d8	3.556855496892276	2.377967372810536	19027	19394
cdaa3a57-c3e7-4858-a048-8f75b882dde7	3.567317255015087	2.388057408475222	19198	19394
a7e17e91-e9d2-4118-8215-86546f8e2feb	3.2485127790883617	2.293043110755624	18760	19394
7404e874-190e-4353-8755-1d9be35eedb7	3.5959325687240744	2.3320656492940293	18940	19394
fd3e7ba8-21a5-438b-82ee-482ed6905310	3.553524182580444	2.412867383092676	19108	19394
fce206e4-6f50-466b-800c-7e295ea56124	3.4941381342010263	2.3732664881931487	19127	19394
a0a9b124-82fa-4eff-a5df-38932e8ce44a	3.64001083693815	2.3919825361875824	19251	19394
45893b0e-301f-474a-b390-936d7d74f57e	3.5249034468168734	2.335883703749775	19054	19394
