ligand_complex	receptor_complex	dataset_support_n	dataset_support	SC001	SC002	SC003	SC004	conservation_class
A2M	LRP1	3	SC001,SC002,SC003	1	1	1	0	3_DATASETS
ACE	BDKRB2	2	SC002,SC003	0	1	1	0	2_DATASETS
ACTR2	ADRB2	3	SC001,SC002,SC003	1	1	1	0	3_DATASETS
ACTR2	LDLR	4	SC001,SC002,SC003,SC004	1	1	1	1	ALL_4_DATASETS
ADA	DPP4	4	SC001,SC002,SC003,SC004	1	1	1	1	ALL_4_DATASETS
ADAM10	AXL	4	SC001,SC002,SC003,SC004	1	1	1	1	ALL_4_DATASETS
ADAM10	CADM1	4	SC001,SC002,SC003,SC004	1	1	1	1	ALL_4_DATASETS
ADAM10	CD44	4	SC001,SC002,SC003,SC004	1	1	1	1	ALL_4_DATASETS
ADAM10	EPHA3	1	SC003	0	0	1	0	SINGLE_DATASET
ADAM10	GPNMB	3	SC001,SC002,SC003	1	1	1	0	3_DATASETS
ADAM10	IL6R	3	SC001,SC002,SC003	1	1	1	0	3_DATASETS
ADAM10	MET	4	SC001,SC002,SC003,SC004	1	1	1	1	ALL_4_DATASETS
ADAM10	NOTCH1	4	SC001,SC002,SC003,SC004	1	1	1	1	ALL_4_DATASETS
ADAM10	NOTCH2	4	SC001,SC002,SC003,SC004	1	1	1	1	ALL_4_DATASETS
ADAM10	NRCAM	1	SC004	0	0	0	1	SINGLE_DATASET
ADAM10	TSPAN10	4	SC001,SC002,SC003,SC004	1	1	1	1	ALL_4_DATASETS
ADAM10	TSPAN12	4	SC001,SC002,SC003,SC004	1	1	1	1	ALL_4_DATASETS
ADAM10	TSPAN14	4	SC001,SC002,SC003,SC004	1	1	1	1	ALL_4_DATASETS
ADAM10	TSPAN15	4	SC001,SC002,SC003,SC004	1	1	1	1	ALL_4_DATASETS
ADAM10	TSPAN17	4	SC001,SC002,SC003,SC004	1	1	1	1	ALL_4_DATASETS
ADAM10	TSPAN5	4	SC001,SC002,SC003,SC004	1	1	1	1	ALL_4_DATASETS
ADAM12	ITGA9	3	SC001,SC002,SC003	1	1	1	0	3_DATASETS
ADAM12	ITGB1	4	SC001,SC002,SC003,SC004	1	1	1	1	ALL_4_DATASETS
ADAM12	SDC4	4	SC001,SC002,SC003,SC004	1	1	1	1	ALL_4_DATASETS
ADAM15	ITGA5	4	SC001,SC002,SC003,SC004	1	1	1	1	ALL_4_DATASETS
ADAM15	ITGA9	3	SC001,SC002,SC003	1	1	1	0	3_DATASETS
ADAM15	ITGAV	4	SC001,SC002,SC003,SC004	1	1	1	1	ALL_4_DATASETS
ADAM15	ITGB1	4	SC001,SC002,SC003,SC004	1	1	1	1	ALL_4_DATASETS
ADAM15	ITGB3	4	SC001,SC002,SC003,SC004	1	1	1	1	ALL_4_DATASETS
ADAM17	ERBB4	2	SC001,SC003	1	0	1	0	2_DATASETS
ADAM17	IL6R	3	SC001,SC002,SC003	1	1	1	0	3_DATASETS
ADAM17	ITGA5	4	SC001,SC002,SC003,SC004	1	1	1	1	ALL_4_DATASETS
ADAM17	ITGB1	4	SC001,SC002,SC003,SC004	1	1	1	1	ALL_4_DATASETS
ADAM17	MET	4	SC001,SC002,SC003,SC004	1	1	1	1	ALL_4_DATASETS
ADAM17	MUC1	4	SC001,SC002,SC003,SC004	1	1	1	1	ALL_4_DATASETS
ADAM17	NOTCH1	4	SC001,SC002,SC003,SC004	1	1	1	1	ALL_4_DATASETS
ADAM17	RHBDF2	4	SC001,SC002,SC003,SC004	1	1	1	1	ALL_4_DATASETS
ADAM23	ITGA4	2	SC001,SC003	1	0	1	0	2_DATASETS
ADAM23	ITGA5	2	SC001,SC003	1	0	1	0	2_DATASETS
ADAM23	ITGB3	2	SC001,SC003	1	0	1	0	2_DATASETS
ADAM28	ITGA4	3	SC001,SC002,SC003	1	1	1	0	3_DATASETS
ADAM9	ITGA3	4	SC001,SC002,SC003,SC004	1	1	1	1	ALL_4_DATASETS
ADAM9	ITGA6	4	SC001,SC002,SC003,SC004	1	1	1	1	ALL_4_DATASETS
ADAM9	ITGAV	4	SC001,SC002,SC003,SC004	1	1	1	1	ALL_4_DATASETS
ADAM9	ITGB1	4	SC001,SC002,SC003,SC004	1	1	1	1	ALL_4_DATASETS
ADAM9	ITGB5	4	SC001,SC002,SC003,SC004	1	1	1	1	ALL_4_DATASETS
ADCYAP1	ADRB2	2	SC001,SC002	1	1	0	0	2_DATASETS
ADCYAP1	DPP4	3	SC001,SC002,SC004	1	1	0	1	3_DATASETS
ADCYAP1	RAMP2	2	SC001,SC002	1	1	0	0	2_DATASETS
ADCYAP1	TSHR	2	SC001,SC002	1	1	0	0	2_DATASETS
ADCYAP1	VIPR1	2	SC001,SC002	1	1	0	0	2_DATASETS
ADCYAP1	VIPR2	1	SC002	0	1	0	0	SINGLE_DATASET
ADM	ACKR3	3	SC001,SC002,SC003	1	1	1	0	3_DATASETS
ADM	ADRB2	3	SC001,SC002,SC003	1	1	1	0	3_DATASETS
ADM	CALCRL	3	SC001,SC002,SC003	1	1	1	0	3_DATASETS
ADM	RAMP1	4	SC001,SC002,SC003,SC004	1	1	1	1	ALL_4_DATASETS
ADM	RAMP2	2	SC001,SC002	1	1	0	0	2_DATASETS
ADM	TSHR	3	SC001,SC002,SC003	1	1	1	0	3_DATASETS
ADM	VIPR1	3	SC001,SC002,SC003	1	1	1	0	3_DATASETS
ADM2	ADRB2	2	SC001,SC003	1	0	1	0	2_DATASETS
ADM2	CALCRL	2	SC001,SC003	1	0	1	0	2_DATASETS
ADM2	RAMP1	2	SC001,SC003	1	0	1	0	2_DATASETS
ADM2	RAMP2	1	SC001	1	0	0	0	SINGLE_DATASET
ADM2	TSHR	2	SC001,SC003	1	0	1	0	2_DATASETS
ADM2	VIPR1	2	SC001,SC003	1	0	1	0	2_DATASETS
ADO	ADORA2A	3	SC001,SC002,SC003	1	1	1	0	3_DATASETS
ADO	ADORA2B	4	SC001,SC002,SC003,SC004	1	1	1	1	ALL_4_DATASETS
AFDN	EPHA7	2	SC002,SC003	0	1	1	0	2_DATASETS
AFDN	EPHB2	4	SC001,SC002,SC003,SC004	1	1	1	1	ALL_4_DATASETS
AFDN	EPHB3	3	SC001,SC002,SC003	1	1	1	0	3_DATASETS
AFDN	EPHB6	3	SC001,SC003,SC004	1	0	1	1	3_DATASETS
AGRN	ATP1A3	4	SC001,SC002,SC003,SC004	1	1	1	1	ALL_4_DATASETS
AGRN	DAG1	4	SC001,SC002,SC003,SC004	1	1	1	1	ALL_4_DATASETS
AGRN	ITGB1	4	SC001,SC002,SC003,SC004	1	1	1	1	ALL_4_DATASETS
AGRN	LRP1	4	SC001,SC002,SC003,SC004	1	1	1	1	ALL_4_DATASETS
AGRN	LRP4	2	SC002,SC003	0	1	1	0	2_DATASETS
AGRN	MUSK	2	SC002,SC003	0	1	1	0	2_DATASETS
AGT	ADRA2A	2	SC002,SC003	0	1	1	0	2_DATASETS
AGT	AGTR1	2	SC001,SC002	1	1	0	0	2_DATASETS
AGT	ENPEP	3	SC001,SC002,SC003	1	1	1	0	3_DATASETS
AGT	GRM7	2	SC001,SC003	1	0	1	0	2_DATASETS
AGT	MAS1	3	SC001,SC002,SC003	1	1	1	0	3_DATASETS
AGTRAP	RACK1	4	SC001,SC002,SC003,SC004	1	1	1	1	ALL_4_DATASETS
AIMP1	NTRK1	3	SC001,SC002,SC003	1	1	1	0	3_DATASETS
ALCAM	CD6	3	SC001,SC002,SC003	1	1	1	0	3_DATASETS
ALCAM	CHL1	3	SC001,SC002,SC003	1	1	1	0	3_DATASETS
ALCAM	NRP1	4	SC001,SC002,SC003,SC004	1	1	1	1	ALL_4_DATASETS
ALKAL2	ALK	1	SC003	0	0	1	0	SINGLE_DATASET
ALKAL2	LTK	1	SC003	0	0	1	0	SINGLE_DATASET
AMH	EGFR	1	SC003	0	0	1	0	SINGLE_DATASET
AMH	GREM2	1	SC003	0	0	1	0	SINGLE_DATASET
ANG	EGFR	3	SC001,SC002,SC003	1	1	1	0	3_DATASETS
ANG	PLXNB2	3	SC001,SC002,SC003	1	1	1	0	3_DATASETS
ANGPT1	ITGA5	3	SC001,SC002,SC003	1	1	1	0	3_DATASETS
ANGPT1	ITGB1	3	SC001,SC002,SC003	1	1	1	0	3_DATASETS
ANGPT1	TEK	2	SC001,SC002	1	1	0	0	2_DATASETS
ANGPT1	TIE1	3	SC001,SC002,SC003	1	1	1	0	3_DATASETS
ANGPT2	ITGA5_ITGB1	3	SC001,SC002,SC003	1	1	1	0	3_DATASETS
ANGPT2	TEK	2	SC001,SC002	1	1	0	0	2_DATASETS
ANGPT2	TIE1	3	SC001,SC002,SC003	1	1	1	0	3_DATASETS
ANGPT4	TIE1	1	SC003	0	0	1	0	SINGLE_DATASET
ANGPTL1	ITGA1_ITGB1	3	SC001,SC002,SC003	1	1	1	0	3_DATASETS
ANGPTL1	LILRB3	3	SC001,SC002,SC003	1	1	1	0	3_DATASETS
ANGPTL1	TEK	2	SC001,SC002	1	1	0	0	2_DATASETS
ANGPTL2	ITGA5_ITGB1	2	SC001,SC002	1	1	0	0	2_DATASETS
ANGPTL2	LILRB3	2	SC001,SC002	1	1	0	0	2_DATASETS
ANGPTL2	TIE1	2	SC001,SC002	1	1	0	0	2_DATASETS
ANGPTL2	TLR4	2	SC001,SC002	1	1	0	0	2_DATASETS
ANGPTL4	CDH11	4	SC001,SC002,SC003,SC004	1	1	1	1	ALL_4_DATASETS
ANGPTL4	CDH5	3	SC001,SC002,SC003	1	1	1	0	3_DATASETS
ANGPTL4	ITGA5_ITGB1	4	SC001,SC002,SC003,SC004	1	1	1	1	ALL_4_DATASETS
ANGPTL4	ITGAV_ITGB3	4	SC001,SC002,SC003,SC004	1	1	1	1	ALL_4_DATASETS
ANGPTL4	SDC1	4	SC001,SC002,SC003,SC004	1	1	1	1	ALL_4_DATASETS
ANGPTL4	SDC2	4	SC001,SC002,SC003,SC004	1	1	1	1	ALL_4_DATASETS
ANGPTL4	SDC3	4	SC001,SC002,SC003,SC004	1	1	1	1	ALL_4_DATASETS
ANGPTL4	SDC4	4	SC001,SC002,SC003,SC004	1	1	1	1	ALL_4_DATASETS
ANGPTL4	TIE1	3	SC001,SC002,SC003	1	1	1	0	3_DATASETS
ANGPTL7	LILRB3	1	SC002	0	1	0	0	SINGLE_DATASET
ANOS1	FGFR1	3	SC001,SC002,SC003	1	1	1	0	3_DATASETS
ANOS1	SDC2	3	SC001,SC002,SC003	1	1	1	0	3_DATASETS
ANXA1	ADRA2A	2	SC002,SC003	0	1	1	0	2_DATASETS
ANXA1	DYSF	3	SC001,SC002,SC003	1	1	1	0	3_DATASETS
ANXA1	EGFR	4	SC001,SC002,SC003,SC004	1	1	1	1	ALL_4_DATASETS
ANXA1	FPR1	3	SC001,SC002,SC003	1	1	1	0	3_DATASETS
ANXA1	FPR2_FPR3	3	SC001,SC002,SC003	1	1	1	0	3_DATASETS
ANXA1	GRM7	2	SC001,SC003	1	0	1	0	2_DATASETS
ANXA2	ROBO4	3	SC001,SC002,SC003	1	1	1	0	3_DATASETS
ANXA2	TLR2	4	SC001,SC002,SC003,SC004	1	1	1	1	ALL_4_DATASETS
APLN	ADRA2A	1	SC002	0	1	0	0	SINGLE_DATASET
APOC1	VLDLR	3	SC001,SC003,SC004	1	0	1	1	3_DATASETS
APOC4	VLDLR	1	SC003	0	0	1	0	SINGLE_DATASET
APOD	LEPR	3	SC001,SC002,SC003	1	1	1	0	3_DATASETS
APOE	ABCA1	4	SC001,SC002,SC003,SC004	1	1	1	1	ALL_4_DATASETS
APOE	LDLR	4	SC001,SC002,SC003,SC004	1	1	1	1	ALL_4_DATASETS
APOE	LRP1	4	SC001,SC002,SC003,SC004	1	1	1	1	ALL_4_DATASETS
APOE	LRP4	2	SC002,SC003	0	1	1	0	2_DATASETS
APOE	LRP5	4	SC001,SC002,SC003,SC004	1	1	1	1	ALL_4_DATASETS
APOE	LRP8	4	SC001,SC002,SC003,SC004	1	1	1	1	ALL_4_DATASETS
APOE	LSR	4	SC001,SC002,SC003,SC004	1	1	1	1	ALL_4_DATASETS
APOE	SCARB1	4	SC001,SC002,SC003,SC004	1	1	1	1	ALL_4_DATASETS
APOE	SDC2	4	SC001,SC002,SC003,SC004	1	1	1	1	ALL_4_DATASETS
APOE	SORL1	4	SC001,SC002,SC003,SC004	1	1	1	1	ALL_4_DATASETS
APOE	VLDLR	3	SC001,SC003,SC004	1	0	1	1	3_DATASETS
APP	ADRA2A	2	SC002,SC003	0	1	1	0	2_DATASETS
APP	AGER	2	SC001,SC003	1	0	1	0	2_DATASETS
APP	CD74	4	SC001,SC002,SC003,SC004	1	1	1	1	ALL_4_DATASETS
APP	FPR2	3	SC001,SC002,SC003	1	1	1	0	3_DATASETS
APP	GPC1	4	SC001,SC002,SC003,SC004	1	1	1	1	ALL_4_DATASETS
APP	LRP1	4	SC001,SC002,SC003,SC004	1	1	1	1	ALL_4_DATASETS
APP	LRP10	4	SC001,SC002,SC003,SC004	1	1	1	1	ALL_4_DATASETS
APP	NCSTN	4	SC001,SC002,SC003,SC004	1	1	1	1	ALL_4_DATASETS
APP	NGFR	1	SC002	0	1	0	0	SINGLE_DATASET
APP	NOTCH2	4	SC001,SC002,SC003,SC004	1	1	1	1	ALL_4_DATASETS
APP	PTGER2	3	SC001,SC002,SC004	1	1	0	1	3_DATASETS
APP	TNFRSF21	4	SC001,SC002,SC003,SC004	1	1	1	1	ALL_4_DATASETS
APP	TSPAN12	4	SC001,SC002,SC003,SC004	1	1	1	1	ALL_4_DATASETS
APP	TSPAN15	4	SC001,SC002,SC003,SC004	1	1	1	1	ALL_4_DATASETS
AREG	EGFR_ERBB2	4	SC001,SC002,SC003,SC004	1	1	1	1	ALL_4_DATASETS
AREG	ERBB3	4	SC001,SC002,SC003,SC004	1	1	1	1	ALL_4_DATASETS
ARF1	CHRM3	3	SC001,SC002,SC003	1	1	1	0	3_DATASETS
ARF1	INSR	4	SC001,SC002,SC003,SC004	1	1	1	1	ALL_4_DATASETS
ARF1	PLD2	2	SC001,SC003	1	0	1	0	2_DATASETS
ARF6	PLD1	4	SC001,SC002,SC003,SC004	1	1	1	1	ALL_4_DATASETS
ARF6	SMAP1	4	SC001,SC002,SC003,SC004	1	1	1	1	ALL_4_DATASETS
ARPC5	ADRB2	3	SC001,SC002,SC003	1	1	1	0	3_DATASETS
ARPC5	LDLR	4	SC001,SC002,SC003,SC004	1	1	1	1	ALL_4_DATASETS
AZGP1	ITGAV	3	SC001,SC002,SC003	1	1	1	0	3_DATASETS
B2M	HFE_TFRC	3	SC001,SC002,SC003	1	1	1	0	3_DATASETS
B2M	KLRC1	3	SC001,SC002,SC003	1	1	1	0	3_DATASETS
B2M	KLRC2	3	SC001,SC002,SC003	1	1	1	0	3_DATASETS
B2M	KLRD1	4	SC001,SC002,SC003,SC004	1	1	1	1	ALL_4_DATASETS
BCAN	EGFR	1	SC001	1	0	0	0	SINGLE_DATASET
BDNF	BEX3	3	SC001,SC003,SC004	1	0	1	1	3_DATASETS
BDNF	ERBB2	3	SC001,SC003,SC004	1	0	1	1	3_DATASETS
BDNF	NTRK2	2	SC001,SC003	1	0	1	0	2_DATASETS
BDNF	SORT1	3	SC001,SC003,SC004	1	0	1	1	3_DATASETS
BGN	LY96	3	SC001,SC002,SC003	1	1	1	0	3_DATASETS
BGN	TLR1	3	SC001,SC002,SC003	1	1	1	0	3_DATASETS
BGN	TLR2	4	SC001,SC002,SC003,SC004	1	1	1	1	ALL_4_DATASETS
BGN	TLR4	4	SC001,SC002,SC003,SC004	1	1	1	1	ALL_4_DATASETS
BMP1	BMPR1A	4	SC001,SC002,SC003,SC004	1	1	1	1	ALL_4_DATASETS
BMP1	BMPR1B	2	SC001,SC003	1	0	1	0	2_DATASETS
BMP1	BMPR2	4	SC001,SC002,SC003,SC004	1	1	1	1	ALL_4_DATASETS
BMP2	ACTR2	3	SC001,SC002,SC004	1	1	0	1	3_DATASETS
BMP2	ACVR1	2	SC001,SC002	1	1	0	0	2_DATASETS
BMP2	ACVR2A_BMPR1A	3	SC001,SC002,SC004	1	1	0	1	3_DATASETS
BMP2	ACVR2A_BMPR1B	1	SC001	1	0	0	0	SINGLE_DATASET
BMP2	ACVR2B_BMPR1A	3	SC001,SC002,SC004	1	1	0	1	3_DATASETS
BMP2	ACVR2B_BMPR1B	1	SC001	1	0	0	0	SINGLE_DATASET
BMP2	BMPR1A_BMPR2	3	SC001,SC002,SC004	1	1	0	1	3_DATASETS
BMP2	BMPR1B_BMPR2	1	SC001	1	0	0	0	SINGLE_DATASET
BMP2	ENG	3	SC001,SC002,SC004	1	1	0	1	3_DATASETS
BMP2	GPC1	3	SC001,SC002,SC004	1	1	0	1	3_DATASETS
BMP2	RGMB	2	SC001,SC002	1	1	0	0	2_DATASETS
BMP2	SMO	1	SC004	0	0	0	1	SINGLE_DATASET
BMP3	ACVR1B_ACVR2A	2	SC001,SC003	1	0	1	0	2_DATASETS
BMP3	ACVR2B	2	SC001,SC003	1	0	1	0	2_DATASETS
BMP3	BMPR1A	2	SC001,SC003	1	0	1	0	2_DATASETS
BMP3	BMPR1B	2	SC001,SC003	1	0	1	0	2_DATASETS
BMP3	BMPR2	2	SC001,SC003	1	0	1	0	2_DATASETS
BMP4	ACVR2A_BMPR1A	3	SC001,SC002,SC003	1	1	1	0	3_DATASETS
BMP4	ACVR2A_BMPR1B	2	SC001,SC003	1	0	1	0	2_DATASETS
BMP4	ACVR2B_BMPR1A	3	SC001,SC002,SC003	1	1	1	0	3_DATASETS
BMP4	ACVR2B_BMPR1B	2	SC001,SC003	1	0	1	0	2_DATASETS
BMP4	BMPR1A_BMPR2	3	SC001,SC002,SC003	1	1	1	0	3_DATASETS
BMP4	BMPR1B_BMPR2	2	SC001,SC003	1	0	1	0	2_DATASETS
BMP4	GREM2	2	SC002,SC003	0	1	1	0	2_DATASETS
BMP4	RGMB	3	SC001,SC002,SC003	1	1	1	0	3_DATASETS
BMP6	ACVR1_ACVR2A	2	SC001,SC003	1	0	1	0	2_DATASETS
BMP6	ACVR1_ACVR2B	2	SC001,SC003	1	0	1	0	2_DATASETS
BMP6	ACVR1_BMPR2	2	SC001,SC003	1	0	1	0	2_DATASETS
BMP6	ACVR2A_BMPR1A	2	SC001,SC003	1	0	1	0	2_DATASETS
BMP6	ACVR2A_BMPR1B	2	SC001,SC003	1	0	1	0	2_DATASETS
BMP6	ACVR2B_BMPR1A	2	SC001,SC003	1	0	1	0	2_DATASETS
BMP6	ACVR2B_BMPR1B	2	SC001,SC003	1	0	1	0	2_DATASETS
BMP6	BMPR1A_BMPR2	2	SC001,SC003	1	0	1	0	2_DATASETS
BMP6	BMPR1B_BMPR2	2	SC001,SC003	1	0	1	0	2_DATASETS
BMP7	ACTR2	4	SC001,SC002,SC003,SC004	1	1	1	1	ALL_4_DATASETS
BMP7	ACVR1B	4	SC001,SC002,SC003,SC004	1	1	1	1	ALL_4_DATASETS
BMP7	ACVR1_ACVR2A	2	SC001,SC003	1	0	1	0	2_DATASETS
BMP7	ACVR1_ACVR2B	2	SC001,SC003	1	0	1	0	2_DATASETS
BMP7	ACVR1_BMPR2	3	SC001,SC002,SC003	1	1	1	0	3_DATASETS
BMP7	ACVR2A_BMPR1A	4	SC001,SC002,SC003,SC004	1	1	1	1	ALL_4_DATASETS
BMP7	ACVR2A_BMPR1B	2	SC001,SC003	1	0	1	0	2_DATASETS
BMP7	ACVR2B_BMPR1A	4	SC001,SC002,SC003,SC004	1	1	1	1	ALL_4_DATASETS
BMP7	ACVR2B_BMPR1B	2	SC001,SC003	1	0	1	0	2_DATASETS
BMP7	BMPR1A_BMPR2	4	SC001,SC002,SC003,SC004	1	1	1	1	ALL_4_DATASETS
BMP7	BMPR1B_BMPR2	2	SC001,SC003	1	0	1	0	2_DATASETS
BMP7	ENG	4	SC001,SC002,SC003,SC004	1	1	1	1	ALL_4_DATASETS
BMP7	PTPRK	4	SC001,SC002,SC003,SC004	1	1	1	1	ALL_4_DATASETS
BMP8A	ACVR1_ACVR2A	1	SC003	0	0	1	0	SINGLE_DATASET
BMP8A	ACVR1_ACVR2B	1	SC003	0	0	1	0	SINGLE_DATASET
BMP8A	ACVR1_BMPR2	1	SC003	0	0	1	0	SINGLE_DATASET
BMP8A	ACVR2A_BMPR1A	1	SC003	0	0	1	0	SINGLE_DATASET
BMP8A	ACVR2A_BMPR1B	1	SC003	0	0	1	0	SINGLE_DATASET
BMP8A	ACVR2B_BMPR1A	1	SC003	0	0	1	0	SINGLE_DATASET
BMP8A	ACVR2B_BMPR1B	1	SC003	0	0	1	0	SINGLE_DATASET
BMP8A	BMPR1A_BMPR2	1	SC003	0	0	1	0	SINGLE_DATASET
BMP8A	BMPR1B_BMPR2	1	SC003	0	0	1	0	SINGLE_DATASET
BMP8A	TGFBR1	1	SC003	0	0	1	0	SINGLE_DATASET
BMP8A	TGFBR2	1	SC003	0	0	1	0	SINGLE_DATASET
BMP8B	ACVR1_ACVR2A	1	SC003	0	0	1	0	SINGLE_DATASET
BMP8B	ACVR1_ACVR2B	1	SC003	0	0	1	0	SINGLE_DATASET
BMP8B	ACVR1_BMPR2	1	SC003	0	0	1	0	SINGLE_DATASET
BMP8B	ACVR2A_BMPR1A	1	SC003	0	0	1	0	SINGLE_DATASET
BMP8B	ACVR2A_BMPR1B	1	SC003	0	0	1	0	SINGLE_DATASET
BMP8B	ACVR2B_BMPR1A	1	SC003	0	0	1	0	SINGLE_DATASET
BMP8B	ACVR2B_BMPR1B	1	SC003	0	0	1	0	SINGLE_DATASET
BMP8B	BMPR1A_BMPR2	1	SC003	0	0	1	0	SINGLE_DATASET
BMP8B	BMPR1B_BMPR2	1	SC003	0	0	1	0	SINGLE_DATASET
BMP8B	PLAUR	1	SC003	0	0	1	0	SINGLE_DATASET
BSG	SLC16A1	4	SC001,SC002,SC003,SC004	1	1	1	1	ALL_4_DATASETS
BSG	SLC16A7	4	SC001,SC002,SC003,SC004	1	1	1	1	ALL_4_DATASETS
BST1	CAV1	4	SC001,SC002,SC003,SC004	1	1	1	1	ALL_4_DATASETS
BTC	EGFR_ERBB2	3	SC001,SC002,SC003	1	1	1	0	3_DATASETS
BTC	ERBB2_ERBB4	2	SC001,SC003	1	0	1	0	2_DATASETS
BTC	ERBB3	3	SC001,SC002,SC003	1	1	1	0	3_DATASETS
BTLA	CD247	3	SC001,SC002,SC003	1	1	1	0	3_DATASETS
BTLA	CD79A	3	SC001,SC002,SC003	1	1	1	0	3_DATASETS
BTLA	TNFRSF14	3	SC001,SC002,SC003	1	1	1	0	3_DATASETS
C3	ADRA2A	2	SC002,SC003	0	1	1	0	2_DATASETS
C3	C3AR1	3	SC001,SC002,SC003	1	1	1	0	3_DATASETS
C3	C5AR2	3	SC001,SC002,SC003	1	1	1	0	3_DATASETS
C3	CD46	4	SC001,SC002,SC003,SC004	1	1	1	1	ALL_4_DATASETS
C3	CD81	4	SC001,SC002,SC003,SC004	1	1	1	1	ALL_4_DATASETS
C3	CR1	3	SC001,SC002,SC003	1	1	1	0	3_DATASETS
C3	CR2	2	SC002,SC003	0	1	1	0	2_DATASETS
C3	GRM7	2	SC001,SC003	1	0	1	0	2_DATASETS
C3	IFITM1	4	SC001,SC002,SC003,SC004	1	1	1	1	ALL_4_DATASETS
C3	ITGAM	3	SC001,SC002,SC003	1	1	1	0	3_DATASETS
C3	ITGAX	3	SC001,SC002,SC003	1	1	1	0	3_DATASETS
C3	LRP1	4	SC001,SC002,SC003,SC004	1	1	1	1	ALL_4_DATASETS
C3	NRP1	4	SC001,SC002,SC003,SC004	1	1	1	1	ALL_4_DATASETS
C4A	C3AR1	3	SC001,SC002,SC003	1	1	1	0	3_DATASETS
C4A	C5AR2	3	SC001,SC002,SC003	1	1	1	0	3_DATASETS
C4A	CD46	3	SC001,SC002,SC003	1	1	1	0	3_DATASETS
C4A	CR1	3	SC001,SC002,SC003	1	1	1	0	3_DATASETS
C4A	CR2	2	SC002,SC003	0	1	1	0	2_DATASETS
C4A	NRP1	3	SC001,SC002,SC003	1	1	1	0	3_DATASETS
C4B	CD46	3	SC001,SC002,SC003	1	1	1	0	3_DATASETS
C4B	CR1	3	SC001,SC002,SC003	1	1	1	0	3_DATASETS
C5	ADRA2A	2	SC002,SC003	0	1	1	0	2_DATASETS
C5	C5AR1	3	SC001,SC002,SC003	1	1	1	0	3_DATASETS
C5	C5AR2	3	SC001,SC002,SC003	1	1	1	0	3_DATASETS
C5	GRM7	2	SC001,SC003	1	0	1	0	2_DATASETS
CADM1	CRTAM	3	SC001,SC002,SC003	1	1	1	0	3_DATASETS
CADM3	CADM1	4	SC001,SC002,SC003,SC004	1	1	1	1	ALL_4_DATASETS
CADM3	NECTIN1	3	SC001,SC002,SC003	1	1	1	0	3_DATASETS
CALCA	ACKR3	1	SC001	1	0	0	0	SINGLE_DATASET
CALCA	ADRB2	1	SC001	1	0	0	0	SINGLE_DATASET
CALCA	CALCRL_RAMP1	1	SC001	1	0	0	0	SINGLE_DATASET
CALCA	CALCRL_RAMP2	1	SC001	1	0	0	0	SINGLE_DATASET
CALCA	TSHR	1	SC001	1	0	0	0	SINGLE_DATASET
CALCA	VIPR1	1	SC001	1	0	0	0	SINGLE_DATASET
CALCB	ADRB2	2	SC001,SC003	1	0	1	0	2_DATASETS
CALCB	CALCRL	2	SC001,SC003	1	0	1	0	2_DATASETS
CALCB	RAMP1	2	SC001,SC003	1	0	1	0	2_DATASETS
CALCB	RAMP2	1	SC001	1	0	0	0	SINGLE_DATASET
CALCB	TSHR	2	SC001,SC003	1	0	1	0	2_DATASETS
CALCB	VIPR1	2	SC001,SC003	1	0	1	0	2_DATASETS
CALM1	AQP1	2	SC001,SC002	1	1	0	0	2_DATASETS
CALM1	AQP6	1	SC003	0	0	1	0	SINGLE_DATASET
CALM1	CACNA1C	1	SC003	0	0	1	0	SINGLE_DATASET
CALM1	FAS	4	SC001,SC002,SC003,SC004	1	1	1	1	ALL_4_DATASETS
CALM1	GRM3	1	SC003	0	0	1	0	SINGLE_DATASET
CALM1	GRM4	1	SC003	0	0	1	0	SINGLE_DATASET
CALM1	GRM7	2	SC001,SC003	1	0	1	0	2_DATASETS
CALM1	HMMR	4	SC001,SC002,SC003,SC004	1	1	1	1	ALL_4_DATASETS
CALM1	INSR	4	SC001,SC002,SC003,SC004	1	1	1	1	ALL_4_DATASETS
CALM1	KCNN4	4	SC001,SC002,SC003,SC004	1	1	1	1	ALL_4_DATASETS
CALM1	KCNQ1	3	SC001,SC002,SC003	1	1	1	0	3_DATASETS
CALM1	KCNQ3	3	SC001,SC003,SC004	1	0	1	1	3_DATASETS
CALM1	KCNQ5	2	SC001,SC003	1	0	1	0	2_DATASETS
CALM1	MIP	1	SC003	0	0	1	0	SINGLE_DATASET
CALM1	OPRM1	1	SC003	0	0	1	0	SINGLE_DATASET
CALM1	PDE1A	3	SC001,SC002,SC003	1	1	1	0	3_DATASETS
CALM1	PDE1B	2	SC001,SC003	1	0	1	0	2_DATASETS
CALM1	PDE1C	2	SC003,SC004	0	0	1	1	2_DATASETS
CALM1	PTH2R	2	SC003,SC004	0	0	1	1	2_DATASETS
CALM1	PTPRA	4	SC001,SC002,SC003,SC004	1	1	1	1	ALL_4_DATASETS
CALM1	RYR2	1	SC003	0	0	1	0	SINGLE_DATASET
CALM1	TRPC3	1	SC003	0	0	1	0	SINGLE_DATASET
CALM1	TRPC5	1	SC003	0	0	1	0	SINGLE_DATASET
CALM1	VIPR1	3	SC001,SC002,SC003	1	1	1	0	3_DATASETS
CALM3	AQP1	2	SC001,SC002	1	1	0	0	2_DATASETS
CALM3	AQP6	1	SC003	0	0	1	0	SINGLE_DATASET
CALM3	AR	3	SC001,SC002,SC003	1	1	1	0	3_DATASETS
CALM3	CACNA1C	1	SC003	0	0	1	0	SINGLE_DATASET
CALM3	EGFR	4	SC001,SC002,SC003,SC004	1	1	1	1	ALL_4_DATASETS
CALM3	ESR1	2	SC001,SC003	1	0	1	0	2_DATASETS
CALM3	GRM7	2	SC001,SC003	1	0	1	0	2_DATASETS
CALM3	INSR	4	SC001,SC002,SC003,SC004	1	1	1	1	ALL_4_DATASETS
CALM3	KCNQ1	3	SC001,SC002,SC003	1	1	1	0	3_DATASETS
CALM3	KCNQ3	3	SC001,SC003,SC004	1	0	1	1	3_DATASETS
CALM3	KCNQ5	2	SC001,SC003	1	0	1	0	2_DATASETS
CALM3	PDE1A	3	SC001,SC002,SC003	1	1	1	0	3_DATASETS
CALM3	PDE1B	2	SC001,SC003	1	0	1	0	2_DATASETS
CALM3	PDE1C	2	SC003,SC004	0	0	1	1	2_DATASETS
CALM3	RYR2	1	SC003	0	0	1	0	SINGLE_DATASET
CALM3	TRPC5	1	SC003	0	0	1	0	SINGLE_DATASET
CALR	ITGA2B	3	SC001,SC002,SC003	1	1	1	0	3_DATASETS
CALR	ITGA3	4	SC001,SC002,SC003,SC004	1	1	1	1	ALL_4_DATASETS
CALR	ITGAV	4	SC001,SC002,SC003,SC004	1	1	1	1	ALL_4_DATASETS
CALR	LRP1	4	SC001,SC002,SC003,SC004	1	1	1	1	ALL_4_DATASETS
CALR	MPL	1	SC003	0	0	1	0	SINGLE_DATASET
CALR	SCARF1	3	SC001,SC002,SC003	1	1	1	0	3_DATASETS
CALR	TSHR	3	SC001,SC002,SC003	1	1	1	0	3_DATASETS
CCL16	ADRA2A	1	SC003	0	0	1	0	SINGLE_DATASET
CCL16	CCR1	1	SC003	0	0	1	0	SINGLE_DATASET
CCL16	GRM7	1	SC003	0	0	1	0	SINGLE_DATASET
CCL16	HRH4	1	SC003	0	0	1	0	SINGLE_DATASET
CCL2	ACKR2	1	SC003	0	0	1	0	SINGLE_DATASET
CCL2	ACKR4	3	SC001,SC002,SC003	1	1	1	0	3_DATASETS
CCL2	CCR1	3	SC001,SC002,SC003	1	1	1	0	3_DATASETS
CCL2	CCR10	3	SC001,SC002,SC003	1	1	1	0	3_DATASETS
CCL2	CCR3	2	SC001,SC003	1	0	1	0	2_DATASETS
CCL2	CCR4	1	SC003	0	0	1	0	SINGLE_DATASET
CCL20	ACKR4	3	SC001,SC002,SC003	1	1	1	0	3_DATASETS
CCL20	ADRA2A	2	SC002,SC003	0	1	1	0	2_DATASETS
CCL20	CCR6	3	SC001,SC002,SC003	1	1	1	0	3_DATASETS
CCL20	CXCR3	3	SC001,SC002,SC003	1	1	1	0	3_DATASETS
CCL20	GRM7	2	SC001,SC003	1	0	1	0	2_DATASETS
CCL22	ACKR2	1	SC003	0	0	1	0	SINGLE_DATASET
CCL22	CCR4	1	SC003	0	0	1	0	SINGLE_DATASET
CCL22	DPP4	1	SC003	0	0	1	0	SINGLE_DATASET
CCL24	ACKR2	1	SC003	0	0	1	0	SINGLE_DATASET
CCL24	CCR3	2	SC001,SC003	1	0	1	0	2_DATASETS
CCL26	CCR1	2	SC001,SC002	1	1	0	0	2_DATASETS
CCL26	CCR3	1	SC001	1	0	0	0	SINGLE_DATASET
CCL28	ACKR2	1	SC003	0	0	1	0	SINGLE_DATASET
CCL28	ADRA2A	2	SC002,SC003	0	1	1	0	2_DATASETS
CCL28	CCR10	3	SC001,SC002,SC003	1	1	1	0	3_DATASETS
CCL28	CCR3	2	SC001,SC003	1	0	1	0	2_DATASETS
CCL28	GRM7	2	SC001,SC003	1	0	1	0	2_DATASETS
CCL4	ACKR2	1	SC003	0	0	1	0	SINGLE_DATASET
CCL4	CCR1	3	SC001,SC002,SC003	1	1	1	0	3_DATASETS
CCL4	CCR3	2	SC001,SC003	1	0	1	0	2_DATASETS
CCL4	CNR2	3	SC001,SC002,SC003	1	1	1	0	3_DATASETS
CCL5	ACKR2	1	SC003	0	0	1	0	SINGLE_DATASET
CCL5	ACKR4	3	SC001,SC002,SC003	1	1	1	0	3_DATASETS
CCL5	ADRA2A	2	SC002,SC003	0	1	1	0	2_DATASETS
CCL5	CCR1	3	SC001,SC002,SC003	1	1	1	0	3_DATASETS
CCL5	CCR3	2	SC001,SC003	1	0	1	0	2_DATASETS
CCL5	CCR4	1	SC003	0	0	1	0	SINGLE_DATASET
CCL5	CCRL2	3	SC001,SC002,SC003	1	1	1	0	3_DATASETS
CCL5	CXCR3	3	SC001,SC002,SC003	1	1	1	0	3_DATASETS
CCL5	DPP4	4	SC001,SC002,SC003,SC004	1	1	1	1	ALL_4_DATASETS
CCL5	GPR75	1	SC003	0	0	1	0	SINGLE_DATASET
CCL5	GRM7	2	SC001,SC003	1	0	1	0	2_DATASETS
CCL5	SDC1	4	SC001,SC002,SC003,SC004	1	1	1	1	ALL_4_DATASETS
CCL5	SDC4	4	SC001,SC002,SC003,SC004	1	1	1	1	ALL_4_DATASETS
CCL7	ACKR2	1	SC003	0	0	1	0	SINGLE_DATASET
CCL7	ACKR4	3	SC001,SC002,SC003	1	1	1	0	3_DATASETS
CCL7	CCR1	3	SC001,SC002,SC003	1	1	1	0	3_DATASETS
CCL7	CCR10	3	SC001,SC002,SC003	1	1	1	0	3_DATASETS
CCL7	CCR3	2	SC001,SC003	1	0	1	0	2_DATASETS
CCL7	CXCR3	3	SC001,SC002,SC003	1	1	1	0	3_DATASETS
CCN1	CAV1	4	SC001,SC002,SC003,SC004	1	1	1	1	ALL_4_DATASETS
CCN1	ITGA5	4	SC001,SC002,SC003,SC004	1	1	1	1	ALL_4_DATASETS
CCN1	ITGAM	3	SC001,SC002,SC003	1	1	1	0	3_DATASETS
CCN1	ITGAV	4	SC001,SC002,SC003,SC004	1	1	1	1	ALL_4_DATASETS
CCN1	ITGB2	3	SC001,SC002,SC003	1	1	1	0	3_DATASETS
CCN1	ITGB3	4	SC001,SC002,SC003,SC004	1	1	1	1	ALL_4_DATASETS
CCN1	ITGB5	4	SC001,SC002,SC003,SC004	1	1	1	1	ALL_4_DATASETS
CCN1	SDC4	4	SC001,SC002,SC003,SC004	1	1	1	1	ALL_4_DATASETS
CCN1	TLR2	4	SC001,SC002,SC003,SC004	1	1	1	1	ALL_4_DATASETS
CCN1	TLR4	4	SC001,SC002,SC003,SC004	1	1	1	1	ALL_4_DATASETS
CCN2	EGFR	4	SC001,SC002,SC003,SC004	1	1	1	1	ALL_4_DATASETS
CCN2	ERBB4	2	SC001,SC003	1	0	1	0	2_DATASETS
CCN2	FGFR2	3	SC001,SC002,SC003	1	1	1	0	3_DATASETS
CCN2	IGF2R	4	SC001,SC002,SC003,SC004	1	1	1	1	ALL_4_DATASETS
CCN2	ITGA5	4	SC001,SC002,SC003,SC004	1	1	1	1	ALL_4_DATASETS
CCN2	ITGAM	3	SC001,SC002,SC003	1	1	1	0	3_DATASETS
CCN2	ITGB2	3	SC001,SC002,SC003	1	1	1	0	3_DATASETS
CCN2	LRP1	4	SC001,SC002,SC003,SC004	1	1	1	1	ALL_4_DATASETS
CCN2	NTRK1	3	SC001,SC002,SC003	1	1	1	0	3_DATASETS
CCN3	NOTCH1	2	SC002,SC003	0	1	1	0	2_DATASETS
CCN3	PLXNA1	2	SC002,SC003	0	1	1	0	2_DATASETS
CCN4	ITGA5	3	SC001,SC002,SC003	1	1	1	0	3_DATASETS
CCN4	ITGB1	3	SC001,SC002,SC003	1	1	1	0	3_DATASETS
CCN6	SORL1	2	SC003,SC004	0	0	1	1	2_DATASETS
CD14	ITGA4	3	SC001,SC002,SC003	1	1	1	0	3_DATASETS
CD14	ITGB1	3	SC001,SC002,SC003	1	1	1	0	3_DATASETS
CD14	ITGB2	3	SC001,SC002,SC003	1	1	1	0	3_DATASETS
CD14	RIPK1	3	SC001,SC002,SC003	1	1	1	0	3_DATASETS
CD14	TLR1	3	SC001,SC002,SC003	1	1	1	0	3_DATASETS
CD14	TLR4	3	SC001,SC002,SC003	1	1	1	0	3_DATASETS
CD14	TLR6	3	SC001,SC002,SC003	1	1	1	0	3_DATASETS
CD14	TLR9	1	SC003	0	0	1	0	SINGLE_DATASET
CD177	PECAM1	2	SC001,SC002	1	1	0	0	2_DATASETS
CD1D	CEACAM5	3	SC001,SC002,SC003	1	1	1	0	3_DATASETS
CD200	CD200R1	1	SC003	0	0	1	0	SINGLE_DATASET
CD200R1	CD200	1	SC003	0	0	1	0	SINGLE_DATASET
CD22	PTPRC	3	SC001,SC002,SC003	1	1	1	0	3_DATASETS
CD24	SELP	1	SC002	0	1	0	0	SINGLE_DATASET
CD24	SIGLEC10	3	SC001,SC002,SC003	1	1	1	0	3_DATASETS
CD34	SELL	3	SC001,SC002,SC003	1	1	1	0	3_DATASETS
CD34	SELP	1	SC002	0	1	0	0	SINGLE_DATASET
CD38	PECAM1	3	SC001,SC002,SC003	1	1	1	0	3_DATASETS
CD47	SIRPA	4	SC001,SC002,SC003,SC004	1	1	1	1	ALL_4_DATASETS
CD47	SIRPG	3	SC001,SC002,SC003	1	1	1	0	3_DATASETS
CD55	ADGRE2	3	SC001,SC002,SC003	1	1	1	0	3_DATASETS
CD55	ADGRE5	4	SC001,SC002,SC003,SC004	1	1	1	1	ALL_4_DATASETS
CD55	CR1	3	SC001,SC002,SC003	1	1	1	0	3_DATASETS
CD59	STAB1	3	SC001,SC002,SC003	1	1	1	0	3_DATASETS
CD70	CD27	3	SC001,SC002,SC003	1	1	1	0	3_DATASETS
CD86	CTLA4	3	SC001,SC002,SC003	1	1	1	0	3_DATASETS
CD96	NECTIN1	3	SC001,SC002,SC003	1	1	1	0	3_DATASETS
CD96	PVR	4	SC001,SC002,SC003,SC004	1	1	1	1	ALL_4_DATASETS
CD99	CD81	4	SC001,SC002,SC003,SC004	1	1	1	1	ALL_4_DATASETS
CD99	CD99L2	4	SC001,SC002,SC003,SC004	1	1	1	1	ALL_4_DATASETS
CD99	PILRA	3	SC001,SC002,SC003	1	1	1	0	3_DATASETS
CD99	PILRB	4	SC001,SC002,SC003,SC004	1	1	1	1	ALL_4_DATASETS
CDH1	CDH2	3	SC002,SC003,SC004	0	1	1	1	3_DATASETS
CDH1	EGFR	4	SC001,SC002,SC003,SC004	1	1	1	1	ALL_4_DATASETS
CDH1	IGF1R	4	SC001,SC002,SC003,SC004	1	1	1	1	ALL_4_DATASETS
CDH1	ITGA2_ITGB1	4	SC001,SC002,SC003,SC004	1	1	1	1	ALL_4_DATASETS
CDH1	ITGAE_ITGB7	3	SC001,SC002,SC003	1	1	1	0	3_DATASETS
CDH1	KLRG1	3	SC001,SC002,SC003	1	1	1	0	3_DATASETS
CDH1	LRP5	4	SC001,SC002,SC003,SC004	1	1	1	1	ALL_4_DATASETS
CDH1	PTPRF	4	SC001,SC002,SC003,SC004	1	1	1	1	ALL_4_DATASETS
CDH1	PTPRM	4	SC001,SC002,SC003,SC004	1	1	1	1	ALL_4_DATASETS
CEACAM1	EGFR	3	SC001,SC002,SC003	1	1	1	0	3_DATASETS
CEACAM1	HAVCR2	3	SC001,SC002,SC003	1	1	1	0	3_DATASETS
CEACAM5	CD8A	3	SC001,SC002,SC003	1	1	1	0	3_DATASETS
CEACAM8	CEACAM1	1	SC003	0	0	1	0	SINGLE_DATASET
CFH	ITGAM	3	SC001,SC002,SC003	1	1	1	0	3_DATASETS
CGA	ADRB2	1	SC003	0	0	1	0	SINGLE_DATASET
CGA	TSHR	1	SC003	0	0	1	0	SINGLE_DATASET
CGA	VIPR1	1	SC003	0	0	1	0	SINGLE_DATASET
CGN	OCLN	3	SC001,SC002,SC003	1	1	1	0	3_DATASETS
CGN	TGFBR1	3	SC001,SC002,SC003	1	1	1	0	3_DATASETS
CGN	TGFBR2	3	SC001,SC002,SC003	1	1	1	0	3_DATASETS
CIRBP	TREM1	3	SC001,SC002,SC003	1	1	1	0	3_DATASETS
CKLF	CCR4	1	SC003	0	0	1	0	SINGLE_DATASET
CLCF1	CRLF1	1	SC001	1	0	0	0	SINGLE_DATASET
CLCF1	SORL1	2	SC001,SC003	1	0	1	0	2_DATASETS
CLEC11A	ITGA10	3	SC001,SC002,SC003	1	1	1	0	3_DATASETS
CLEC11A	ITGA11	2	SC002,SC003	0	1	1	0	2_DATASETS
CLEC11A	ITGB1	4	SC001,SC002,SC003,SC004	1	1	1	1	ALL_4_DATASETS
CLEC2B	KLRF1	1	SC001	1	0	0	0	SINGLE_DATASET
CLEC2D	KLRB1	3	SC001,SC002,SC003	1	1	1	0	3_DATASETS
CNTN1	NOTCH1	2	SC001,SC003	1	0	1	0	2_DATASETS
CNTN1	NOTCH2	2	SC001,SC003	1	0	1	0	2_DATASETS
CNTN1	PTPRZ1	2	SC001,SC003	1	0	1	0	2_DATASETS
CNTN2	CNTN1	2	SC001,SC003	1	0	1	0	2_DATASETS
CNTN2	NRP1	3	SC001,SC002,SC003	1	1	1	0	3_DATASETS
CNTN3	PTPRG	1	SC001	1	0	0	0	SINGLE_DATASET
CNTN4	APLP1	3	SC001,SC002,SC003	1	1	1	0	3_DATASETS
CNTN4	PTPRG	3	SC001,SC002,SC003	1	1	1	0	3_DATASETS
COL10A1	ITGA10_ITGB1	3	SC001,SC002,SC003	1	1	1	0	3_DATASETS
COL10A1	ITGA11_ITGB1	2	SC002,SC003	0	1	1	0	2_DATASETS
COL10A1	ITGA1_ITGB1	3	SC001,SC002,SC003	1	1	1	0	3_DATASETS
COL10A1	ITGA2_ITGB1	3	SC001,SC002,SC003	1	1	1	0	3_DATASETS
COL11A1	DDR1	2	SC002,SC003	0	1	1	0	2_DATASETS
COL11A1	ITGA10_ITGB1	2	SC002,SC003	0	1	1	0	2_DATASETS
COL11A1	ITGA11_ITGB1	2	SC002,SC003	0	1	1	0	2_DATASETS
COL11A1	ITGA1_ITGB1	2	SC002,SC003	0	1	1	0	2_DATASETS
COL11A1	ITGA2_ITGB1	2	SC002,SC003	0	1	1	0	2_DATASETS
COL12A1	ITGA10_ITGB1	3	SC001,SC002,SC003	1	1	1	0	3_DATASETS
COL12A1	ITGA11_ITGB1	2	SC002,SC003	0	1	1	0	2_DATASETS
COL12A1	ITGA1_ITGB1	4	SC001,SC002,SC003,SC004	1	1	1	1	ALL_4_DATASETS
COL12A1	ITGA2_ITGB1	4	SC001,SC002,SC003,SC004	1	1	1	1	ALL_4_DATASETS
COL13A1	ITGA10_ITGB1	3	SC001,SC002,SC003	1	1	1	0	3_DATASETS
COL13A1	ITGA11_ITGB1	2	SC002,SC003	0	1	1	0	2_DATASETS
COL13A1	ITGA1_ITGB1	3	SC001,SC002,SC003	1	1	1	0	3_DATASETS
COL13A1	ITGA2_ITGB1	3	SC001,SC002,SC003	1	1	1	0	3_DATASETS
COL14A1	CD44	3	SC001,SC002,SC003	1	1	1	0	3_DATASETS
COL14A1	ITGA10_ITGB1	3	SC001,SC002,SC003	1	1	1	0	3_DATASETS
COL14A1	ITGA11_ITGB1	2	SC002,SC003	0	1	1	0	2_DATASETS
COL14A1	ITGA1_ITGB1	3	SC001,SC002,SC003	1	1	1	0	3_DATASETS
COL14A1	ITGA2_ITGB1	3	SC001,SC002,SC003	1	1	1	0	3_DATASETS
COL15A1	ITGA10_ITGB1	3	SC001,SC002,SC003	1	1	1	0	3_DATASETS
COL15A1	ITGA11_ITGB1	2	SC002,SC003	0	1	1	0	2_DATASETS
COL15A1	ITGA1_ITGB1	3	SC001,SC002,SC003	1	1	1	0	3_DATASETS
COL15A1	ITGA2_ITGB1	3	SC001,SC002,SC003	1	1	1	0	3_DATASETS
COL16A1	ITGA10_ITGB1	3	SC001,SC002,SC003	1	1	1	0	3_DATASETS
COL16A1	ITGA11_ITGB1	2	SC002,SC003	0	1	1	0	2_DATASETS
COL16A1	ITGA1_ITGB1	3	SC001,SC002,SC003	1	1	1	0	3_DATASETS
COL16A1	ITGA2_ITGB1	3	SC001,SC002,SC003	1	1	1	0	3_DATASETS
COL17A1	ITGA10_ITGB1	3	SC001,SC002,SC003	1	1	1	0	3_DATASETS
COL17A1	ITGA11_ITGB1	2	SC002,SC003	0	1	1	0	2_DATASETS
COL17A1	ITGA1_ITGB1	3	SC001,SC002,SC003	1	1	1	0	3_DATASETS
COL17A1	ITGA2_ITGB1	3	SC001,SC002,SC003	1	1	1	0	3_DATASETS
COL18A1	GPC1	4	SC001,SC002,SC003,SC004	1	1	1	1	ALL_4_DATASETS
COL18A1	GPC4	3	SC001,SC002,SC003	1	1	1	0	3_DATASETS
COL18A1	ITGA10_ITGB1	3	SC001,SC002,SC003	1	1	1	0	3_DATASETS
COL18A1	ITGA11_ITGB1	2	SC002,SC003	0	1	1	0	2_DATASETS
COL18A1	ITGA1_ITGB1	4	SC001,SC002,SC003,SC004	1	1	1	1	ALL_4_DATASETS
COL18A1	ITGA2_ITGB1	4	SC001,SC002,SC003,SC004	1	1	1	1	ALL_4_DATASETS
COL18A1	ITGA3	4	SC001,SC002,SC003,SC004	1	1	1	1	ALL_4_DATASETS
COL18A1	ITGA5	4	SC001,SC002,SC003,SC004	1	1	1	1	ALL_4_DATASETS
COL18A1	ITGB3	4	SC001,SC002,SC003,SC004	1	1	1	1	ALL_4_DATASETS
COL18A1	ITGB5	4	SC001,SC002,SC003,SC004	1	1	1	1	ALL_4_DATASETS
COL18A1	KDR	4	SC001,SC002,SC003,SC004	1	1	1	1	ALL_4_DATASETS
COL18A1	PTPRS	4	SC001,SC002,SC003,SC004	1	1	1	1	ALL_4_DATASETS
COL1A1	CD36	3	SC001,SC002,SC003	1	1	1	0	3_DATASETS
COL1A1	CD44	4	SC001,SC002,SC003,SC004	1	1	1	1	ALL_4_DATASETS
COL1A1	DDR1	4	SC001,SC002,SC003,SC004	1	1	1	1	ALL_4_DATASETS
COL1A1	DDR2	4	SC001,SC002,SC003,SC004	1	1	1	1	ALL_4_DATASETS
COL1A1	FLT4	2	SC002,SC003	0	1	1	0	2_DATASETS
COL1A1	ITGA10_ITGB1	3	SC001,SC002,SC003	1	1	1	0	3_DATASETS
COL1A1	ITGA11_ITGB1	2	SC002,SC003	0	1	1	0	2_DATASETS
COL1A1	ITGA1_ITGB1	4	SC001,SC002,SC003,SC004	1	1	1	1	ALL_4_DATASETS
COL1A1	ITGA2_ITGB1	4	SC001,SC002,SC003,SC004	1	1	1	1	ALL_4_DATASETS
COL1A1	ITGA3_ITGB1	4	SC001,SC002,SC003,SC004	1	1	1	1	ALL_4_DATASETS
COL1A1	ITGA5	4	SC001,SC002,SC003,SC004	1	1	1	1	ALL_4_DATASETS
COL1A1	ITGA9_ITGB1	3	SC001,SC002,SC003	1	1	1	0	3_DATASETS
COL1A1	ITGAV_ITGB8	4	SC001,SC002,SC003,SC004	1	1	1	1	ALL_4_DATASETS
COL1A1	SDC1	4	SC001,SC002,SC003,SC004	1	1	1	1	ALL_4_DATASETS
COL1A2	CD36	3	SC001,SC002,SC003	1	1	1	0	3_DATASETS
COL1A2	CD44	4	SC001,SC002,SC003,SC004	1	1	1	1	ALL_4_DATASETS
COL1A2	FLT4	2	SC002,SC003	0	1	1	0	2_DATASETS
COL1A2	ITGA10_ITGB1	3	SC001,SC002,SC003	1	1	1	0	3_DATASETS
COL1A2	ITGA11_ITGB1	2	SC002,SC003	0	1	1	0	2_DATASETS
COL1A2	ITGA1_ITGB1	4	SC001,SC002,SC003,SC004	1	1	1	1	ALL_4_DATASETS
COL1A2	ITGA2B	3	SC001,SC002,SC003	1	1	1	0	3_DATASETS
COL1A2	ITGA2_ITGB1	4	SC001,SC002,SC003,SC004	1	1	1	1	ALL_4_DATASETS
COL1A2	ITGA3_ITGB1	4	SC001,SC002,SC003,SC004	1	1	1	1	ALL_4_DATASETS
COL1A2	ITGA9_ITGB1	3	SC001,SC002,SC003	1	1	1	0	3_DATASETS
COL1A2	ITGAV_ITGB8	4	SC001,SC002,SC003,SC004	1	1	1	1	ALL_4_DATASETS
COL1A2	ITGB3	4	SC001,SC002,SC003,SC004	1	1	1	1	ALL_4_DATASETS
COL1A2	SDC1	4	SC001,SC002,SC003,SC004	1	1	1	1	ALL_4_DATASETS
COL20A1	ITGA10_ITGB1	1	SC003	0	0	1	0	SINGLE_DATASET
COL20A1	ITGA11_ITGB1	1	SC003	0	0	1	0	SINGLE_DATASET
COL20A1	ITGA1_ITGB1	1	SC003	0	0	1	0	SINGLE_DATASET
COL20A1	ITGA2_ITGB1	1	SC003	0	0	1	0	SINGLE_DATASET
COL21A1	ITGA10_ITGB1	3	SC001,SC002,SC003	1	1	1	0	3_DATASETS
COL21A1	ITGA11_ITGB1	2	SC002,SC003	0	1	1	0	2_DATASETS
COL21A1	ITGA1_ITGB1	3	SC001,SC002,SC003	1	1	1	0	3_DATASETS
COL21A1	ITGA2_ITGB1	3	SC001,SC002,SC003	1	1	1	0	3_DATASETS
COL22A1	ITGA10_ITGB1	1	SC003	0	0	1	0	SINGLE_DATASET
COL22A1	ITGA11_ITGB1	1	SC003	0	0	1	0	SINGLE_DATASET
COL22A1	ITGA1_ITGB1	1	SC003	0	0	1	0	SINGLE_DATASET
COL22A1	ITGA2_ITGB1	1	SC003	0	0	1	0	SINGLE_DATASET
COL24A1	ITGA10_ITGB1	1	SC003	0	0	1	0	SINGLE_DATASET
COL24A1	ITGA11_ITGB1	1	SC003	0	0	1	0	SINGLE_DATASET
COL24A1	ITGA1_ITGB1	1	SC003	0	0	1	0	SINGLE_DATASET
COL24A1	ITGA2_ITGB1	1	SC003	0	0	1	0	SINGLE_DATASET
COL26A1	ITGA10_ITGB1	1	SC003	0	0	1	0	SINGLE_DATASET
COL26A1	ITGA11_ITGB1	1	SC003	0	0	1	0	SINGLE_DATASET
COL26A1	ITGA1_ITGB1	1	SC003	0	0	1	0	SINGLE_DATASET
COL26A1	ITGA2_ITGB1	1	SC003	0	0	1	0	SINGLE_DATASET
COL27A1	ITGA10_ITGB1	3	SC001,SC002,SC003	1	1	1	0	3_DATASETS
COL27A1	ITGA11_ITGB1	2	SC002,SC003	0	1	1	0	2_DATASETS
COL27A1	ITGA1_ITGB1	4	SC001,SC002,SC003,SC004	1	1	1	1	ALL_4_DATASETS
COL27A1	ITGA2_ITGB1	4	SC001,SC002,SC003,SC004	1	1	1	1	ALL_4_DATASETS
COL28A1	ITGA10_ITGB1	3	SC001,SC002,SC003	1	1	1	0	3_DATASETS
COL28A1	ITGA11_ITGB1	2	SC002,SC003	0	1	1	0	2_DATASETS
COL28A1	ITGA1_ITGB1	3	SC001,SC002,SC003	1	1	1	0	3_DATASETS
COL28A1	ITGA2_ITGB1	3	SC001,SC002,SC003	1	1	1	0	3_DATASETS
COL2A1	CD44	1	SC001	1	0	0	0	SINGLE_DATASET
COL2A1	DDR1	1	SC001	1	0	0	0	SINGLE_DATASET
COL2A1	ITGA10_ITGB1	1	SC001	1	0	0	0	SINGLE_DATASET
COL2A1	ITGA1_ITGB1	1	SC001	1	0	0	0	SINGLE_DATASET
COL2A1	ITGA2B	1	SC001	1	0	0	0	SINGLE_DATASET
COL2A1	ITGA2_ITGB1	1	SC001	1	0	0	0	SINGLE_DATASET
COL2A1	ITGA3_ITGB1	1	SC001	1	0	0	0	SINGLE_DATASET
COL2A1	ITGA9_ITGB1	1	SC001	1	0	0	0	SINGLE_DATASET
COL2A1	ITGAV_ITGB8	1	SC001	1	0	0	0	SINGLE_DATASET
COL2A1	SDC1	1	SC001	1	0	0	0	SINGLE_DATASET
COL2A1	TNFRSF10A	1	SC001	1	0	0	0	SINGLE_DATASET
COL3A1	DDR1	4	SC001,SC002,SC003,SC004	1	1	1	1	ALL_4_DATASETS
COL3A1	DDR2	4	SC001,SC002,SC003,SC004	1	1	1	1	ALL_4_DATASETS
COL3A1	ITGA10_ITGB1	3	SC001,SC002,SC003	1	1	1	0	3_DATASETS
COL3A1	ITGA11_ITGB1	2	SC002,SC003	0	1	1	0	2_DATASETS
COL3A1	ITGA1_ITGB1	4	SC001,SC002,SC003,SC004	1	1	1	1	ALL_4_DATASETS
COL3A1	ITGA2_ITGB1	4	SC001,SC002,SC003,SC004	1	1	1	1	ALL_4_DATASETS
COL3A1	MAG	1	SC004	0	0	0	1	SINGLE_DATASET
COL4A1	CD44	4	SC001,SC002,SC003,SC004	1	1	1	1	ALL_4_DATASETS
COL4A1	CD47	4	SC001,SC002,SC003,SC004	1	1	1	1	ALL_4_DATASETS
COL4A1	ITGA10_ITGB1	3	SC001,SC002,SC003	1	1	1	0	3_DATASETS
COL4A1	ITGA11_ITGB1	2	SC002,SC003	0	1	1	0	2_DATASETS
COL4A1	ITGA1_ITGB1	4	SC001,SC002,SC003,SC004	1	1	1	1	ALL_4_DATASETS
COL4A1	ITGA2_ITGB1	4	SC001,SC002,SC003,SC004	1	1	1	1	ALL_4_DATASETS
COL4A1	ITGA3_ITGB1	4	SC001,SC002,SC003,SC004	1	1	1	1	ALL_4_DATASETS
COL4A1	ITGA9_ITGB1	3	SC001,SC002,SC003	1	1	1	0	3_DATASETS
COL4A1	ITGAV_ITGB8	4	SC001,SC002,SC003,SC004	1	1	1	1	ALL_4_DATASETS
COL4A1	SDC1	4	SC001,SC002,SC003,SC004	1	1	1	1	ALL_4_DATASETS
COL4A2	CD44	4	SC001,SC002,SC003,SC004	1	1	1	1	ALL_4_DATASETS
COL4A2	ITGA10_ITGB1	3	SC001,SC002,SC003	1	1	1	0	3_DATASETS
COL4A2	ITGA11_ITGB1	2	SC002,SC003	0	1	1	0	2_DATASETS
COL4A2	ITGA1_ITGB1	4	SC001,SC002,SC003,SC004	1	1	1	1	ALL_4_DATASETS
COL4A2	ITGA2_ITGB1	4	SC001,SC002,SC003,SC004	1	1	1	1	ALL_4_DATASETS
COL4A2	ITGA3_ITGB1	4	SC001,SC002,SC003,SC004	1	1	1	1	ALL_4_DATASETS
COL4A2	ITGA9_ITGB1	3	SC001,SC002,SC003	1	1	1	0	3_DATASETS
COL4A2	ITGAV_ITGB8	4	SC001,SC002,SC003,SC004	1	1	1	1	ALL_4_DATASETS
COL4A2	ITGB3	4	SC001,SC002,SC003,SC004	1	1	1	1	ALL_4_DATASETS
COL4A2	ITGB5	4	SC001,SC002,SC003,SC004	1	1	1	1	ALL_4_DATASETS
COL4A2	SDC1	4	SC001,SC002,SC003,SC004	1	1	1	1	ALL_4_DATASETS
COL4A3	CD44	2	SC001,SC003	1	0	1	0	2_DATASETS
COL4A3	CD47	2	SC001,SC003	1	0	1	0	2_DATASETS
COL4A3	ITGA10_ITGB1	2	SC001,SC003	1	0	1	0	2_DATASETS
COL4A3	ITGA11_ITGB1	1	SC003	0	0	1	0	SINGLE_DATASET
COL4A3	ITGA1_ITGB1	2	SC001,SC003	1	0	1	0	2_DATASETS
COL4A3	ITGA2_ITGB1	2	SC001,SC003	1	0	1	0	2_DATASETS
COL4A3	ITGA3_ITGB1	2	SC001,SC003	1	0	1	0	2_DATASETS
COL4A3	ITGA9_ITGB1	2	SC001,SC003	1	0	1	0	2_DATASETS
COL4A3	ITGAV_ITGB8	2	SC001,SC003	1	0	1	0	2_DATASETS
COL4A3	ITGB3	2	SC001,SC003	1	0	1	0	2_DATASETS
COL4A3	SDC1	2	SC001,SC003	1	0	1	0	2_DATASETS
COL4A4	CD44	4	SC001,SC002,SC003,SC004	1	1	1	1	ALL_4_DATASETS
COL4A4	CD47	4	SC001,SC002,SC003,SC004	1	1	1	1	ALL_4_DATASETS
COL4A4	ITGA10_ITGB1	3	SC001,SC002,SC003	1	1	1	0	3_DATASETS
COL4A4	ITGA11_ITGB1	2	SC002,SC003	0	1	1	0	2_DATASETS
COL4A4	ITGA1_ITGB1	4	SC001,SC002,SC003,SC004	1	1	1	1	ALL_4_DATASETS
COL4A4	ITGA2_ITGB1	4	SC001,SC002,SC003,SC004	1	1	1	1	ALL_4_DATASETS
COL4A4	ITGA3_ITGB1	4	SC001,SC002,SC003,SC004	1	1	1	1	ALL_4_DATASETS
COL4A4	ITGA9_ITGB1	3	SC001,SC002,SC003	1	1	1	0	3_DATASETS
COL4A4	ITGAV_ITGB8	4	SC001,SC002,SC003,SC004	1	1	1	1	ALL_4_DATASETS
COL4A4	ITGB3	4	SC001,SC002,SC003,SC004	1	1	1	1	ALL_4_DATASETS
COL4A4	SDC1	4	SC001,SC002,SC003,SC004	1	1	1	1	ALL_4_DATASETS
COL4A5	CD44	3	SC002,SC003,SC004	0	1	1	1	3_DATASETS
COL4A5	CD47	3	SC002,SC003,SC004	0	1	1	1	3_DATASETS
COL4A5	ITGA10_ITGB1	2	SC002,SC003	0	1	1	0	2_DATASETS
COL4A5	ITGA11_ITGB1	2	SC002,SC003	0	1	1	0	2_DATASETS
COL4A5	ITGA1_ITGB1	3	SC002,SC003,SC004	0	1	1	1	3_DATASETS
COL4A5	ITGA2_ITGB1	3	SC002,SC003,SC004	0	1	1	1	3_DATASETS
COL4A5	ITGA3_ITGB1	3	SC002,SC003,SC004	0	1	1	1	3_DATASETS
COL4A5	ITGA9_ITGB1	2	SC002,SC003	0	1	1	0	2_DATASETS
COL4A5	ITGAV_ITGB8	3	SC002,SC003,SC004	0	1	1	1	3_DATASETS
COL4A5	SDC1	3	SC002,SC003,SC004	0	1	1	1	3_DATASETS
COL4A6	CD44	1	SC004	0	0	0	1	SINGLE_DATASET
COL4A6	CD47	1	SC004	0	0	0	1	SINGLE_DATASET
COL4A6	ITGA1_ITGB1	1	SC004	0	0	0	1	SINGLE_DATASET
COL4A6	ITGA2_ITGB1	1	SC004	0	0	0	1	SINGLE_DATASET
COL4A6	ITGA3_ITGB1	1	SC004	0	0	0	1	SINGLE_DATASET
COL4A6	ITGAV_ITGB8	1	SC004	0	0	0	1	SINGLE_DATASET
COL4A6	SDC1	1	SC004	0	0	0	1	SINGLE_DATASET
COL5A1	ITGA10_ITGB1	2	SC001,SC002	1	1	0	0	2_DATASETS
COL5A1	ITGA11_ITGB1	1	SC002	0	1	0	0	SINGLE_DATASET
COL5A1	ITGA1_ITGB1	3	SC001,SC002,SC004	1	1	0	1	3_DATASETS
COL5A1	ITGA2_ITGB1	3	SC001,SC002,SC004	1	1	0	1	3_DATASETS
COL5A1	SDC3	3	SC001,SC002,SC004	1	1	0	1	3_DATASETS
COL5A2	DDR1	4	SC001,SC002,SC003,SC004	1	1	1	1	ALL_4_DATASETS
COL5A2	ITGA10_ITGB1	3	SC001,SC002,SC003	1	1	1	0	3_DATASETS
COL5A2	ITGA11_ITGB1	2	SC002,SC003	0	1	1	0	2_DATASETS
COL5A2	ITGA1_ITGB1	4	SC001,SC002,SC003,SC004	1	1	1	1	ALL_4_DATASETS
COL5A2	ITGA2_ITGB1	4	SC001,SC002,SC003,SC004	1	1	1	1	ALL_4_DATASETS
COL5A3	ITGA10_ITGB1	2	SC001,SC002	1	1	0	0	2_DATASETS
COL5A3	ITGA11_ITGB1	1	SC002	0	1	0	0	SINGLE_DATASET
COL5A3	ITGA1_ITGB1	2	SC001,SC002	1	1	0	0	2_DATASETS
COL5A3	ITGA2_ITGB1	2	SC001,SC002	1	1	0	0	2_DATASETS
COL5A3	SDC3	2	SC001,SC002	1	1	0	0	2_DATASETS
COL6A1	CD44	4	SC001,SC002,SC003,SC004	1	1	1	1	ALL_4_DATASETS
COL6A1	ITGA10_ITGB1	3	SC001,SC002,SC003	1	1	1	0	3_DATASETS
COL6A1	ITGA11_ITGB1	2	SC002,SC003	0	1	1	0	2_DATASETS
COL6A1	ITGA1_ITGB1	4	SC001,SC002,SC003,SC004	1	1	1	1	ALL_4_DATASETS
COL6A1	ITGA2_ITGB1	4	SC001,SC002,SC003,SC004	1	1	1	1	ALL_4_DATASETS
COL6A1	ITGA3_ITGB1	4	SC001,SC002,SC003,SC004	1	1	1	1	ALL_4_DATASETS
COL6A1	ITGA6	4	SC001,SC002,SC003,SC004	1	1	1	1	ALL_4_DATASETS
COL6A1	ITGA9_ITGB1	3	SC001,SC002,SC003	1	1	1	0	3_DATASETS
COL6A1	ITGAV_ITGB8	4	SC001,SC002,SC003,SC004	1	1	1	1	ALL_4_DATASETS
COL6A1	SDC1	4	SC001,SC002,SC003,SC004	1	1	1	1	ALL_4_DATASETS
COL6A2	CD44	4	SC001,SC002,SC003,SC004	1	1	1	1	ALL_4_DATASETS
COL6A2	ITGA10_ITGB1	3	SC001,SC002,SC003	1	1	1	0	3_DATASETS
COL6A2	ITGA11_ITGB1	2	SC002,SC003	0	1	1	0	2_DATASETS
COL6A2	ITGA1_ITGB1	4	SC001,SC002,SC003,SC004	1	1	1	1	ALL_4_DATASETS
COL6A2	ITGA2_ITGB1	4	SC001,SC002,SC003,SC004	1	1	1	1	ALL_4_DATASETS
COL6A2	ITGA3_ITGB1	4	SC001,SC002,SC003,SC004	1	1	1	1	ALL_4_DATASETS
COL6A2	ITGA9_ITGB1	3	SC001,SC002,SC003	1	1	1	0	3_DATASETS
COL6A2	ITGAV_ITGB8	4	SC001,SC002,SC003,SC004	1	1	1	1	ALL_4_DATASETS
COL6A2	SDC1	4	SC001,SC002,SC003,SC004	1	1	1	1	ALL_4_DATASETS
COL6A3	CD44	4	SC001,SC002,SC003,SC004	1	1	1	1	ALL_4_DATASETS
COL6A3	ITGA10_ITGB1	3	SC001,SC002,SC003	1	1	1	0	3_DATASETS
COL6A3	ITGA11_ITGB1	2	SC002,SC003	0	1	1	0	2_DATASETS
COL6A3	ITGA1_ITGB1	4	SC001,SC002,SC003,SC004	1	1	1	1	ALL_4_DATASETS
COL6A3	ITGA2_ITGB1	4	SC001,SC002,SC003,SC004	1	1	1	1	ALL_4_DATASETS
COL6A3	ITGA3_ITGB1	4	SC001,SC002,SC003,SC004	1	1	1	1	ALL_4_DATASETS
COL6A3	ITGA9_ITGB1	3	SC001,SC002,SC003	1	1	1	0	3_DATASETS
COL6A3	ITGAV_ITGB8	4	SC001,SC002,SC003,SC004	1	1	1	1	ALL_4_DATASETS
COL6A3	SDC1	4	SC001,SC002,SC003,SC004	1	1	1	1	ALL_4_DATASETS
COL6A6	CD44	1	SC001	1	0	0	0	SINGLE_DATASET
COL6A6	ITGA10_ITGB1	1	SC001	1	0	0	0	SINGLE_DATASET
COL6A6	ITGA1_ITGB1	1	SC001	1	0	0	0	SINGLE_DATASET
COL6A6	ITGA2_ITGB1	1	SC001	1	0	0	0	SINGLE_DATASET
COL6A6	ITGA3_ITGB1	1	SC001	1	0	0	0	SINGLE_DATASET
COL6A6	ITGA9_ITGB1	1	SC001	1	0	0	0	SINGLE_DATASET
COL6A6	ITGAV_ITGB8	1	SC001	1	0	0	0	SINGLE_DATASET
COL6A6	SDC1	1	SC001	1	0	0	0	SINGLE_DATASET
COL7A1	ITGA10_ITGB1	3	SC001,SC002,SC003	1	1	1	0	3_DATASETS
COL7A1	ITGA11_ITGB1	2	SC002,SC003	0	1	1	0	2_DATASETS
COL7A1	ITGA1_ITGB1	4	SC001,SC002,SC003,SC004	1	1	1	1	ALL_4_DATASETS
COL7A1	ITGA2_ITGB1	4	SC001,SC002,SC003,SC004	1	1	1	1	ALL_4_DATASETS
COL8A1	ITGA10_ITGB1	3	SC001,SC002,SC003	1	1	1	0	3_DATASETS
COL8A1	ITGA11_ITGB1	2	SC002,SC003	0	1	1	0	2_DATASETS
COL8A1	ITGA1_ITGB1	4	SC001,SC002,SC003,SC004	1	1	1	1	ALL_4_DATASETS
COL8A1	ITGA2_ITGB1	4	SC001,SC002,SC003,SC004	1	1	1	1	ALL_4_DATASETS
COL8A2	ITGA10_ITGB1	2	SC001,SC002	1	1	0	0	2_DATASETS
COL8A2	ITGA11_ITGB1	1	SC002	0	1	0	0	SINGLE_DATASET
COL8A2	ITGA1_ITGB1	2	SC001,SC002	1	1	0	0	2_DATASETS
COL8A2	ITGA2_ITGB1	2	SC001,SC002	1	1	0	0	2_DATASETS
COL8A2	SLC4A11	2	SC001,SC002	1	1	0	0	2_DATASETS
COL9A1	CD44	1	SC003	0	0	1	0	SINGLE_DATASET
COL9A1	ITGA10_ITGB1	1	SC003	0	0	1	0	SINGLE_DATASET
COL9A1	ITGA11_ITGB1	1	SC003	0	0	1	0	SINGLE_DATASET
COL9A1	ITGA1_ITGB1	1	SC003	0	0	1	0	SINGLE_DATASET
COL9A1	ITGA2_ITGB1	1	SC003	0	0	1	0	SINGLE_DATASET
COL9A1	ITGA3_ITGB1	1	SC003	0	0	1	0	SINGLE_DATASET
COL9A1	ITGA9_ITGB1	1	SC003	0	0	1	0	SINGLE_DATASET
COL9A1	ITGAV_ITGB8	1	SC003	0	0	1	0	SINGLE_DATASET
COL9A1	SDC1	1	SC003	0	0	1	0	SINGLE_DATASET
COL9A2	CD44	3	SC001,SC002,SC003	1	1	1	0	3_DATASETS
COL9A2	ITGA10_ITGB1	3	SC001,SC002,SC003	1	1	1	0	3_DATASETS
COL9A2	ITGA11_ITGB1	2	SC002,SC003	0	1	1	0	2_DATASETS
COL9A2	ITGA1_ITGB1	3	SC001,SC002,SC003	1	1	1	0	3_DATASETS
COL9A2	ITGA2_ITGB1	3	SC001,SC002,SC003	1	1	1	0	3_DATASETS
COL9A2	ITGA3_ITGB1	3	SC001,SC002,SC003	1	1	1	0	3_DATASETS
COL9A2	ITGA9_ITGB1	3	SC001,SC002,SC003	1	1	1	0	3_DATASETS
COL9A2	ITGAV_ITGB8	3	SC001,SC002,SC003	1	1	1	0	3_DATASETS
COL9A2	SDC1	3	SC001,SC002,SC003	1	1	1	0	3_DATASETS
COL9A3	CD44	2	SC001,SC002	1	1	0	0	2_DATASETS
COL9A3	ITGA10_ITGB1	2	SC001,SC002	1	1	0	0	2_DATASETS
COL9A3	ITGA11_ITGB1	1	SC002	0	1	0	0	SINGLE_DATASET
COL9A3	ITGA1_ITGB1	2	SC001,SC002	1	1	0	0	2_DATASETS
COL9A3	ITGA2_ITGB1	2	SC001,SC002	1	1	0	0	2_DATASETS
COL9A3	ITGA3_ITGB1	2	SC001,SC002	1	1	0	0	2_DATASETS
COL9A3	ITGA9_ITGB1	2	SC001,SC002	1	1	0	0	2_DATASETS
COL9A3	ITGAV_ITGB8	2	SC001,SC002	1	1	0	0	2_DATASETS
COL9A3	SDC1	2	SC001,SC002	1	1	0	0	2_DATASETS
COLQ	MUSK	1	SC003	0	0	1	0	SINGLE_DATASET
COMP	CD36	2	SC002,SC003	0	1	1	0	2_DATASETS
COMP	CD47	2	SC002,SC003	0	1	1	0	2_DATASETS
COMP	ITGA3_ITGB1	2	SC002,SC003	0	1	1	0	2_DATASETS
COMP	ITGA5	2	SC002,SC003	0	1	1	0	2_DATASETS
COMP	ITGAV_ITGB3	2	SC002,SC003	0	1	1	0	2_DATASETS
COMP	SDC1	2	SC002,SC003	0	1	1	0	2_DATASETS
COPA	CD74	4	SC001,SC002,SC003,SC004	1	1	1	1	ALL_4_DATASETS
COPA	NTRK1	3	SC001,SC002,SC003	1	1	1	0	3_DATASETS
COPA	P2RY6	4	SC001,SC002,SC003,SC004	1	1	1	1	ALL_4_DATASETS
CP	SLC40A1	3	SC001,SC002,SC003	1	1	1	0	3_DATASETS
CRTAM	CADM1	3	SC001,SC002,SC003	1	1	1	0	3_DATASETS
CSF1	CELSR3	2	SC001,SC003	1	0	1	0	2_DATASETS
CSF1	CSF2RA	3	SC001,SC002,SC003	1	1	1	0	3_DATASETS
CSF1	CSF3R	3	SC001,SC002,SC003	1	1	1	0	3_DATASETS
CSF1	SIRPA	4	SC001,SC002,SC003,SC004	1	1	1	1	ALL_4_DATASETS
CSF1_IL34	CSF1R	1	SC002	0	1	0	0	SINGLE_DATASET
CSF2	CSF1R	1	SC003	0	0	1	0	SINGLE_DATASET
CSF2	CSF2RA_CSF2RB	1	SC003	0	0	1	0	SINGLE_DATASET
CSF2	CSF3R	1	SC003	0	0	1	0	SINGLE_DATASET
CSF2	IL3RA	1	SC003	0	0	1	0	SINGLE_DATASET
CSF2	ITGA9	1	SC003	0	0	1	0	SINGLE_DATASET
CSF2	ITGB1	1	SC003	0	0	1	0	SINGLE_DATASET
CSF2	SDC2	1	SC003	0	0	1	0	SINGLE_DATASET
CSF3	CSF1R	1	SC001	1	0	0	0	SINGLE_DATASET
CSF3	CSF2RA	1	SC001	1	0	0	0	SINGLE_DATASET
CSF3	CSF3R	1	SC001	1	0	0	0	SINGLE_DATASET
CSPG4	ITGA3_ITGB1	2	SC001,SC002	1	1	0	0	2_DATASETS
CTF1	IL6ST_LIFR	1	SC003	0	0	1	0	SINGLE_DATASET
CTHRC1	FZD3	4	SC001,SC002,SC003,SC004	1	1	1	1	ALL_4_DATASETS
CTHRC1	FZD5	3	SC001,SC002,SC003	1	1	1	0	3_DATASETS
CTHRC1	FZD6	4	SC001,SC002,SC003,SC004	1	1	1	1	ALL_4_DATASETS
CTHRC1	ROR2	2	SC001,SC002	1	1	0	0	2_DATASETS
CX3CL1	ITGAV	3	SC001,SC002,SC003	1	1	1	0	3_DATASETS
CX3CL1	ITGB3	3	SC001,SC002,SC003	1	1	1	0	3_DATASETS
CXCL1	ADRA2A	2	SC002,SC003	0	1	1	0	2_DATASETS
CXCL1	GRM7	2	SC001,SC003	1	0	1	0	2_DATASETS
CXCL10	ADRA2A	2	SC002,SC003	0	1	1	0	2_DATASETS
CXCL10	CCR3	1	SC003	0	0	1	0	SINGLE_DATASET
CXCL10	CXCR3	2	SC002,SC003	0	1	1	0	2_DATASETS
CXCL10	DPP4	2	SC002,SC003	0	1	1	0	2_DATASETS
CXCL10	GRM7	1	SC003	0	0	1	0	SINGLE_DATASET
CXCL10	SDC4	2	SC002,SC003	0	1	1	0	2_DATASETS
CXCL10	TLR4	2	SC002,SC003	0	1	1	0	2_DATASETS
CXCL12	ACKR3	3	SC001,SC002,SC003	1	1	1	0	3_DATASETS
CXCL12	AVPR1A	2	SC002,SC003	0	1	1	0	2_DATASETS
CXCL12	CCR4	1	SC003	0	0	1	0	SINGLE_DATASET
CXCL12	CD4	3	SC001,SC002,SC003	1	1	1	0	3_DATASETS
CXCL12	CXCR3	3	SC001,SC002,SC003	1	1	1	0	3_DATASETS
CXCL12	CXCR4	3	SC001,SC002,SC003	1	1	1	0	3_DATASETS
CXCL12	DPP4	3	SC001,SC002,SC003	1	1	1	0	3_DATASETS
CXCL12	GRM7	2	SC001,SC003	1	0	1	0	2_DATASETS
CXCL12	ITGA4	3	SC001,SC002,SC003	1	1	1	0	3_DATASETS
CXCL12	ITGA5	3	SC001,SC002,SC003	1	1	1	0	3_DATASETS
CXCL12	ITGAV	3	SC001,SC002,SC003	1	1	1	0	3_DATASETS
CXCL12	ITGB1	3	SC001,SC002,SC003	1	1	1	0	3_DATASETS
CXCL12	ITGB3	3	SC001,SC002,SC003	1	1	1	0	3_DATASETS
CXCL12	SDC4	3	SC001,SC002,SC003	1	1	1	0	3_DATASETS
CXCL14	CXCR4	3	SC001,SC002,SC003	1	1	1	0	3_DATASETS
CXCL16	GRM7	2	SC001,SC003	1	0	1	0	2_DATASETS
CXCL2	DPP4	4	SC001,SC002,SC003,SC004	1	1	1	1	ALL_4_DATASETS
CXCL2	GRM7	2	SC001,SC003	1	0	1	0	2_DATASETS
CXCL3	GRM7	2	SC001,SC003	1	0	1	0	2_DATASETS
CXCL5	ADRA2A	1	SC002	0	1	0	0	SINGLE_DATASET
CXCL5	GRM7	1	SC001	1	0	0	0	SINGLE_DATASET
CXCL6	ADRA2A	1	SC002	0	1	0	0	SINGLE_DATASET
CXCL8	ADRA2A	2	SC002,SC003	0	1	1	0	2_DATASETS
CXCL8	CD79A	3	SC001,SC002,SC003	1	1	1	0	3_DATASETS
CXCL8	GRM7	2	SC001,SC003	1	0	1	0	2_DATASETS
CXCL8	KDR	4	SC001,SC002,SC003,SC004	1	1	1	1	ALL_4_DATASETS
CXCL8	SDC1	4	SC001,SC002,SC003,SC004	1	1	1	1	ALL_4_DATASETS
CXCL8	SDC2	4	SC001,SC002,SC003,SC004	1	1	1	1	ALL_4_DATASETS
CXCL8	SDC3	4	SC001,SC002,SC003,SC004	1	1	1	1	ALL_4_DATASETS
DCN	EGFR	4	SC001,SC002,SC003,SC004	1	1	1	1	ALL_4_DATASETS
DCN	ERBB4	2	SC001,SC003	1	0	1	0	2_DATASETS
DCN	MET	4	SC001,SC002,SC003,SC004	1	1	1	1	ALL_4_DATASETS
DCN	TLR2	4	SC001,SC002,SC003,SC004	1	1	1	1	ALL_4_DATASETS
DCN	TLR4	4	SC001,SC002,SC003,SC004	1	1	1	1	ALL_4_DATASETS
DEFB1	CCR6	3	SC001,SC002,SC003	1	1	1	0	3_DATASETS
DHH	BOC	1	SC003	0	0	1	0	SINGLE_DATASET
DHH	CDON	1	SC003	0	0	1	0	SINGLE_DATASET
DHH	HHIP	1	SC003	0	0	1	0	SINGLE_DATASET
DHH	PTCH1_SMO	1	SC003	0	0	1	0	SINGLE_DATASET
DHH	PTCH2_SMO	1	SC003	0	0	1	0	SINGLE_DATASET
DKK1	KREMEN1	3	SC001,SC003,SC004	1	0	1	1	3_DATASETS
DKK1	KREMEN2	1	SC001	1	0	0	0	SINGLE_DATASET
DKK1	LRP4	1	SC003	0	0	1	0	SINGLE_DATASET
DKK1	LRP5	3	SC001,SC003,SC004	1	0	1	1	3_DATASETS
DKK3	KREMEN1	3	SC001,SC002,SC004	1	1	0	1	3_DATASETS
DLK2	NOTCH1	2	SC001,SC003	1	0	1	0	2_DATASETS
DLL3	NOTCH1	2	SC001,SC004	1	0	0	1	2_DATASETS
DLL3	NOTCH2	2	SC001,SC004	1	0	0	1	2_DATASETS
DLL3	NOTCH3	2	SC001,SC004	1	0	0	1	2_DATASETS
DLL3	NOTCH4	1	SC001	1	0	0	0	SINGLE_DATASET
DLL4	NOTCH1	3	SC001,SC002,SC003	1	1	1	0	3_DATASETS
DLL4	NOTCH2	3	SC001,SC002,SC003	1	1	1	0	3_DATASETS
DLL4	NOTCH3	3	SC001,SC002,SC003	1	1	1	0	3_DATASETS
DLL4	NOTCH4	2	SC001,SC003	1	0	1	0	2_DATASETS
DNAJB11	PRTG	2	SC001,SC003	1	0	1	0	2_DATASETS
DSC2	DSG3	4	SC001,SC002,SC003,SC004	1	1	1	1	ALL_4_DATASETS
DSC3	DSG3	4	SC001,SC002,SC003,SC004	1	1	1	1	ALL_4_DATASETS
DSG2	DSC3	4	SC001,SC002,SC003,SC004	1	1	1	1	ALL_4_DATASETS
ECM1	ITGB4	3	SC001,SC002,SC003	1	1	1	0	3_DATASETS
EDA	EDA2R	1	SC003	0	0	1	0	SINGLE_DATASET
EDIL3	ITGAV	4	SC001,SC002,SC003,SC004	1	1	1	1	ALL_4_DATASETS
EDIL3	ITGB3	4	SC001,SC002,SC003,SC004	1	1	1	1	ALL_4_DATASETS
EDIL3	ITGB5	4	SC001,SC002,SC003,SC004	1	1	1	1	ALL_4_DATASETS
EDN1	ADGRL4	3	SC001,SC002,SC003	1	1	1	0	3_DATASETS
EDN1	EDNRA	2	SC001,SC002	1	1	0	0	2_DATASETS
EDN1	EDNRB	3	SC001,SC002,SC003	1	1	1	0	3_DATASETS
EDN1	KEL	1	SC003	0	0	1	0	SINGLE_DATASET
EDN2	EDNRA	1	SC001	1	0	0	0	SINGLE_DATASET
EDN2	EDNRB	1	SC001	1	0	0	0	SINGLE_DATASET
EFEMP1	EGFR	4	SC001,SC002,SC003,SC004	1	1	1	1	ALL_4_DATASETS
EFEMP2	AQP1	2	SC001,SC002	1	1	0	0	2_DATASETS
EFEMP2	PLSCR4	2	SC001,SC002	1	1	0	0	2_DATASETS
EFNA1	EPHA10	3	SC001,SC002,SC003	1	1	1	0	3_DATASETS
EFNA1	EPHA2	4	SC001,SC002,SC003,SC004	1	1	1	1	ALL_4_DATASETS
EFNA1	EPHA3	1	SC003	0	0	1	0	SINGLE_DATASET
EFNA1	EPHA4	4	SC001,SC002,SC003,SC004	1	1	1	1	ALL_4_DATASETS
EFNA1	EPHA5	1	SC003	0	0	1	0	SINGLE_DATASET
EFNA1	EPHA6	1	SC003	0	0	1	0	SINGLE_DATASET
EFNA1	EPHA7	2	SC002,SC003	0	1	1	0	2_DATASETS
EFNA1	EPHB1	1	SC003	0	0	1	0	SINGLE_DATASET
EFNA1	EPHB6	3	SC001,SC003,SC004	1	0	1	1	3_DATASETS
EFNA2	EPHA10	2	SC002,SC003	0	1	1	0	2_DATASETS
EFNA2	EPHA2	2	SC002,SC003	0	1	1	0	2_DATASETS
EFNA2	EPHA3	1	SC003	0	0	1	0	SINGLE_DATASET
EFNA2	EPHA4	2	SC002,SC003	0	1	1	0	2_DATASETS
EFNA2	EPHA5	1	SC003	0	0	1	0	SINGLE_DATASET
EFNA2	EPHA6	1	SC003	0	0	1	0	SINGLE_DATASET
EFNA2	EPHA7	2	SC002,SC003	0	1	1	0	2_DATASETS
EFNA3	EPHA10	3	SC001,SC002,SC003	1	1	1	0	3_DATASETS
EFNA3	EPHA2	3	SC001,SC002,SC003	1	1	1	0	3_DATASETS
EFNA3	EPHA3	1	SC003	0	0	1	0	SINGLE_DATASET
EFNA3	EPHA4	3	SC001,SC002,SC003	1	1	1	0	3_DATASETS
EFNA3	EPHA5	1	SC003	0	0	1	0	SINGLE_DATASET
EFNA3	EPHA6	1	SC003	0	0	1	0	SINGLE_DATASET
EFNA3	EPHA7	2	SC002,SC003	0	1	1	0	2_DATASETS
EFNA3	EPHB1	1	SC003	0	0	1	0	SINGLE_DATASET
EFNA3	EPHB6	2	SC001,SC003	1	0	1	0	2_DATASETS
EFNA4	EPHA10	3	SC001,SC002,SC003	1	1	1	0	3_DATASETS
EFNA4	EPHA2	4	SC001,SC002,SC003,SC004	1	1	1	1	ALL_4_DATASETS
EFNA4	EPHA3	1	SC003	0	0	1	0	SINGLE_DATASET
EFNA4	EPHA4	4	SC001,SC002,SC003,SC004	1	1	1	1	ALL_4_DATASETS
EFNA4	EPHA5	1	SC003	0	0	1	0	SINGLE_DATASET
EFNA4	EPHA6	1	SC003	0	0	1	0	SINGLE_DATASET
EFNA4	EPHA7	2	SC002,SC003	0	1	1	0	2_DATASETS
EFNA5	EPHA10	2	SC001,SC003	1	0	1	0	2_DATASETS
EFNA5	EPHA2	3	SC001,SC003,SC004	1	0	1	1	3_DATASETS
EFNA5	EPHA3	1	SC003	0	0	1	0	SINGLE_DATASET
EFNA5	EPHA4	3	SC001,SC003,SC004	1	0	1	1	3_DATASETS
EFNA5	EPHA5	1	SC003	0	0	1	0	SINGLE_DATASET
EFNA5	EPHA6	1	SC003	0	0	1	0	SINGLE_DATASET
EFNA5	EPHA7	1	SC003	0	0	1	0	SINGLE_DATASET
EFNA5	EPHB1	1	SC003	0	0	1	0	SINGLE_DATASET
EFNA5	EPHB2	3	SC001,SC003,SC004	1	0	1	1	3_DATASETS
EFNA5	EPHB6	3	SC001,SC003,SC004	1	0	1	1	3_DATASETS
EFNB1	EPHA4	4	SC001,SC002,SC003,SC004	1	1	1	1	ALL_4_DATASETS
EFNB1	EPHA6	1	SC003	0	0	1	0	SINGLE_DATASET
EFNB1	EPHB1	1	SC003	0	0	1	0	SINGLE_DATASET
EFNB1	EPHB2	4	SC001,SC002,SC003,SC004	1	1	1	1	ALL_4_DATASETS
EFNB1	EPHB3	3	SC001,SC002,SC003	1	1	1	0	3_DATASETS
EFNB1	EPHB4	4	SC001,SC002,SC003,SC004	1	1	1	1	ALL_4_DATASETS
EFNB1	EPHB6	3	SC001,SC003,SC004	1	0	1	1	3_DATASETS
EFNB1	ERBB2	4	SC001,SC002,SC003,SC004	1	1	1	1	ALL_4_DATASETS
EFNB2	EPHA3	1	SC003	0	0	1	0	SINGLE_DATASET
EFNB2	EPHA4	4	SC001,SC002,SC003,SC004	1	1	1	1	ALL_4_DATASETS
EFNB2	EPHA6	1	SC003	0	0	1	0	SINGLE_DATASET
EFNB2	EPHB1	1	SC003	0	0	1	0	SINGLE_DATASET
EFNB2	EPHB2	4	SC001,SC002,SC003,SC004	1	1	1	1	ALL_4_DATASETS
EFNB2	EPHB3	3	SC001,SC002,SC003	1	1	1	0	3_DATASETS
EFNB2	EPHB4	4	SC001,SC002,SC003,SC004	1	1	1	1	ALL_4_DATASETS
EFNB2	EPHB6	3	SC001,SC003,SC004	1	0	1	1	3_DATASETS
EFNB2	PECAM1	3	SC001,SC002,SC003	1	1	1	0	3_DATASETS
EFNB2	RHBDL2	3	SC001,SC002,SC003	1	1	1	0	3_DATASETS
EFNB3	EPHA4	1	SC001	1	0	0	0	SINGLE_DATASET
EFNB3	EPHB2	1	SC001	1	0	0	0	SINGLE_DATASET
EFNB3	EPHB3	1	SC001	1	0	0	0	SINGLE_DATASET
EFNB3	EPHB4	1	SC001	1	0	0	0	SINGLE_DATASET
EFNB3	EPHB6	1	SC001	1	0	0	0	SINGLE_DATASET
EFNB3	RHBDL2	1	SC001	1	0	0	0	SINGLE_DATASET
EGF	ADRB2	1	SC003	0	0	1	0	SINGLE_DATASET
EGF	AXL	1	SC003	0	0	1	0	SINGLE_DATASET
EGF	CAV1	1	SC003	0	0	1	0	SINGLE_DATASET
EGF	EGFR_ERBB2	1	SC003	0	0	1	0	SINGLE_DATASET
EGF	ERBB3	1	SC003	0	0	1	0	SINGLE_DATASET
EGF	ERBB4	1	SC003	0	0	1	0	SINGLE_DATASET
EGF	LDLR	1	SC003	0	0	1	0	SINGLE_DATASET
EGF	NRP1	1	SC003	0	0	1	0	SINGLE_DATASET
EGF	PLD2	1	SC003	0	0	1	0	SINGLE_DATASET
EGF	RHBDL2	1	SC003	0	0	1	0	SINGLE_DATASET
EGF	TNFRSF11B	1	SC003	0	0	1	0	SINGLE_DATASET
ENHO	GPR19	1	SC003	0	0	1	0	SINGLE_DATASET
ENTPD1	ADORA2A	3	SC001,SC002,SC003	1	1	1	0	3_DATASETS
ENTPD1	ADORA2B	3	SC001,SC002,SC003	1	1	1	0	3_DATASETS
EPGN	EGFR	4	SC001,SC002,SC003,SC004	1	1	1	1	ALL_4_DATASETS
EREG	EGFR_ERBB2	4	SC001,SC002,SC003,SC004	1	1	1	1	ALL_4_DATASETS
EREG	ERBB2_ERBB4	2	SC001,SC003	1	0	1	0	2_DATASETS
EREG	ERBB3	4	SC001,SC002,SC003,SC004	1	1	1	1	ALL_4_DATASETS
ERFE	LRP1	4	SC001,SC002,SC003,SC004	1	1	1	1	ALL_4_DATASETS
ETV5	ERBB2	4	SC001,SC002,SC003,SC004	1	1	1	1	ALL_4_DATASETS
F10	F3	2	SC001,SC002	1	1	0	0	2_DATASETS
F10	ITGAM	2	SC001,SC002	1	1	0	0	2_DATASETS
F11R	ITGAL_ITGB2	3	SC001,SC002,SC003	1	1	1	0	3_DATASETS
F12	GP1BB	1	SC003	0	0	1	0	SINGLE_DATASET
F13A1	ITGA4	3	SC001,SC002,SC003	1	1	1	0	3_DATASETS
F13A1	ITGA9	3	SC001,SC002,SC003	1	1	1	0	3_DATASETS
F13A1	ITGB1	3	SC001,SC002,SC003	1	1	1	0	3_DATASETS
F7	F3	1	SC003	0	0	1	0	SINGLE_DATASET
F8	LDLR	3	SC001,SC002,SC003	1	1	1	0	3_DATASETS
F8	LRP1	3	SC001,SC002,SC003	1	1	1	0	3_DATASETS
F8	LRP4	2	SC002,SC003	0	1	1	0	2_DATASETS
FABP5	RXRA	4	SC001,SC002,SC003,SC004	1	1	1	1	ALL_4_DATASETS
FADD	ABCA1	4	SC001,SC002,SC003,SC004	1	1	1	1	ALL_4_DATASETS
FADD	FAS	4	SC001,SC002,SC003,SC004	1	1	1	1	ALL_4_DATASETS
FADD	TRADD	4	SC001,SC002,SC003,SC004	1	1	1	1	ALL_4_DATASETS
FADD	TRAF2	4	SC001,SC002,SC003,SC004	1	1	1	1	ALL_4_DATASETS
FAM3B	LRP5	2	SC001,SC003	1	0	1	0	2_DATASETS
FAM3C	CLEC2D	3	SC001,SC002,SC003	1	1	1	0	3_DATASETS
FAM3C	FFAR2	1	SC003	0	0	1	0	SINGLE_DATASET
FAM3C	LAMP1	4	SC001,SC002,SC003,SC004	1	1	1	1	ALL_4_DATASETS
FAM3C	LIFR	4	SC001,SC002,SC003,SC004	1	1	1	1	ALL_4_DATASETS
FARP2	PLXNA1	4	SC001,SC002,SC003,SC004	1	1	1	1	ALL_4_DATASETS
FARP2	PLXNA2	4	SC001,SC002,SC003,SC004	1	1	1	1	ALL_4_DATASETS
FARP2	PLXNA3	4	SC001,SC002,SC003,SC004	1	1	1	1	ALL_4_DATASETS
FARP2	PLXNA4	1	SC003	0	0	1	0	SINGLE_DATASET
FAT4	DCHS1	2	SC002,SC003	0	1	1	0	2_DATASETS
FBLN1	ITGB1	4	SC001,SC002,SC003,SC004	1	1	1	1	ALL_4_DATASETS
FBLN2	ITGB3	4	SC001,SC002,SC003,SC004	1	1	1	1	ALL_4_DATASETS
FBN1	ITGA5	4	SC001,SC002,SC003,SC004	1	1	1	1	ALL_4_DATASETS
FBN1	ITGB1	4	SC001,SC002,SC003,SC004	1	1	1	1	ALL_4_DATASETS
FBN1	ITGB3	4	SC001,SC002,SC003,SC004	1	1	1	1	ALL_4_DATASETS
FBN1	ITGB6	4	SC001,SC002,SC003,SC004	1	1	1	1	ALL_4_DATASETS
FGB	CDH5	2	SC001,SC003	1	0	1	0	2_DATASETS
FGB	ITGA2B	2	SC001,SC003	1	0	1	0	2_DATASETS
FGB	ITGA5	3	SC001,SC003,SC004	1	0	1	1	3_DATASETS
FGB	ITGAM	2	SC001,SC003	1	0	1	0	2_DATASETS
FGB	ITGB1	3	SC001,SC003,SC004	1	0	1	1	3_DATASETS
FGB	ITGB3	3	SC001,SC003,SC004	1	0	1	1	3_DATASETS
FGB	TLR4	3	SC001,SC003,SC004	1	0	1	1	3_DATASETS
FGF1	CD44	2	SC003,SC004	0	0	1	1	2_DATASETS
FGF1	EGFR	2	SC003,SC004	0	0	1	1	2_DATASETS
FGF1	FGFR1	2	SC003,SC004	0	0	1	1	2_DATASETS
FGF1	FGFR2	1	SC003	0	0	1	0	SINGLE_DATASET
FGF1	FGFR3	1	SC003	0	0	1	0	SINGLE_DATASET
FGF1	FGFR4	1	SC003	0	0	1	0	SINGLE_DATASET
FGF1	FGFRL1	2	SC003,SC004	0	0	1	1	2_DATASETS
FGF1	ITGB3	2	SC003,SC004	0	0	1	1	2_DATASETS
FGF1	NRP1	2	SC003,SC004	0	0	1	1	2_DATASETS
FGF1	TGFBR3	1	SC003	0	0	1	0	SINGLE_DATASET
FGF12	FGFR1	2	SC001,SC003	1	0	1	0	2_DATASETS
FGF12	FGFR2	2	SC001,SC003	1	0	1	0	2_DATASETS
FGF13	EGFR	3	SC001,SC002,SC003	1	1	1	0	3_DATASETS
FGF13	FGFR1	3	SC001,SC002,SC003	1	1	1	0	3_DATASETS
FGF13	FGFR2	3	SC001,SC002,SC003	1	1	1	0	3_DATASETS
FGF13	FGFR3	3	SC001,SC002,SC003	1	1	1	0	3_DATASETS
FGF13	FGFR4	3	SC001,SC002,SC003	1	1	1	0	3_DATASETS
FGF13	SCN5A	1	SC003	0	0	1	0	SINGLE_DATASET
FGF13	SCN8A	1	SC003	0	0	1	0	SINGLE_DATASET
FGF14	FGFR1	2	SC001,SC003	1	0	1	0	2_DATASETS
FGF14	FGFR2	2	SC001,SC003	1	0	1	0	2_DATASETS
FGF18	FGFR1	2	SC003,SC004	0	0	1	1	2_DATASETS
FGF18	FGFR2	1	SC003	0	0	1	0	SINGLE_DATASET
FGF18	FGFR3	1	SC003	0	0	1	0	SINGLE_DATASET
FGF18	FGFR4	1	SC003	0	0	1	0	SINGLE_DATASET
FGF19	FGFR1	1	SC001	1	0	0	0	SINGLE_DATASET
FGF19	FGFR2	1	SC001	1	0	0	0	SINGLE_DATASET
FGF19	FGFR3	1	SC001	1	0	0	0	SINGLE_DATASET
FGF19	FGFR4	1	SC001	1	0	0	0	SINGLE_DATASET
FGF2	CD44	2	SC003,SC004	0	0	1	1	2_DATASETS
FGF2	FGFR1	2	SC003,SC004	0	0	1	1	2_DATASETS
FGF2	FGFR2	1	SC003	0	0	1	0	SINGLE_DATASET
FGF2	FGFR3	1	SC003	0	0	1	0	SINGLE_DATASET
FGF2	FGFR4	1	SC003	0	0	1	0	SINGLE_DATASET
FGF2	FGFRL1	2	SC003,SC004	0	0	1	1	2_DATASETS
FGF2	GPC4	1	SC003	0	0	1	0	SINGLE_DATASET
FGF2	ITGB3	2	SC003,SC004	0	0	1	1	2_DATASETS
FGF2	NRP1	2	SC003,SC004	0	0	1	1	2_DATASETS
FGF2	SDC1	2	SC003,SC004	0	0	1	1	2_DATASETS
FGF2	SDC2	2	SC003,SC004	0	0	1	1	2_DATASETS
FGF2	SDC3	2	SC003,SC004	0	0	1	1	2_DATASETS
FGF2	SDC4	2	SC003,SC004	0	0	1	1	2_DATASETS
FGF22	FGFR1	2	SC001,SC003	1	0	1	0	2_DATASETS
FGF22	FGFR2	2	SC001,SC003	1	0	1	0	2_DATASETS
FGF22	FGFRL1	2	SC001,SC003	1	0	1	0	2_DATASETS
FGF23	FGFR1	1	SC003	0	0	1	0	SINGLE_DATASET
FGF23	FGFR2	1	SC003	0	0	1	0	SINGLE_DATASET
FGF23	FGFR3	1	SC003	0	0	1	0	SINGLE_DATASET
FGF23	FGFR4	1	SC003	0	0	1	0	SINGLE_DATASET
FGF23	PHEX	1	SC003	0	0	1	0	SINGLE_DATASET
FGF5	FGFR1	2	SC003,SC004	0	0	1	1	2_DATASETS
FGF5	FGFR2	1	SC003	0	0	1	0	SINGLE_DATASET
FGF5	FGFR3	1	SC003	0	0	1	0	SINGLE_DATASET
FGF5	FGFR4	1	SC003	0	0	1	0	SINGLE_DATASET
FGF7	FGFR1	4	SC001,SC002,SC003,SC004	1	1	1	1	ALL_4_DATASETS
FGF7	FGFR2	3	SC001,SC002,SC003	1	1	1	0	3_DATASETS
FGF7	FGFR3	3	SC001,SC002,SC003	1	1	1	0	3_DATASETS
FGF7	FGFR4	3	SC001,SC002,SC003	1	1	1	0	3_DATASETS
FGF7	NRP1	4	SC001,SC002,SC003,SC004	1	1	1	1	ALL_4_DATASETS
FGF9	FGFR1	2	SC002,SC003	0	1	1	0	2_DATASETS
FGF9	FGFR2	2	SC002,SC003	0	1	1	0	2_DATASETS
FGF9	FGFR3	2	SC002,SC003	0	1	1	0	2_DATASETS
FGF9	FGFR4	2	SC002,SC003	0	1	1	0	2_DATASETS
FGFR3	EPHA4	3	SC001,SC002,SC003	1	1	1	0	3_DATASETS
FGFR4	EPHA4	3	SC001,SC002,SC003	1	1	1	0	3_DATASETS
FGFR4	PTPRR	2	SC001,SC002	1	1	0	0	2_DATASETS
FGFR4	TNFRSF10A	3	SC001,SC002,SC003	1	1	1	0	3_DATASETS
FGL1	EGFR	2	SC001,SC003	1	0	1	0	2_DATASETS
FGL1	LAG3	2	SC001,SC003	1	0	1	0	2_DATASETS
FN1	C5AR1	3	SC001,SC002,SC003	1	1	1	0	3_DATASETS
FN1	CD44	4	SC001,SC002,SC003,SC004	1	1	1	1	ALL_4_DATASETS
FN1	CD79A	3	SC001,SC002,SC003	1	1	1	0	3_DATASETS
FN1	DPP4	4	SC001,SC002,SC003,SC004	1	1	1	1	ALL_4_DATASETS
FN1	FLT4	2	SC002,SC003	0	1	1	0	2_DATASETS
FN1	IL17RC	4	SC001,SC002,SC003,SC004	1	1	1	1	ALL_4_DATASETS
FN1	ITGA2	4	SC001,SC002,SC003,SC004	1	1	1	1	ALL_4_DATASETS
FN1	ITGA2B_ITGB3	1	SC003	0	0	1	0	SINGLE_DATASET
FN1	ITGA3_ITGB1	4	SC001,SC002,SC003,SC004	1	1	1	1	ALL_4_DATASETS
FN1	ITGA4_ITGB1	4	SC001,SC002,SC003,SC004	1	1	1	1	ALL_4_DATASETS
FN1	ITGA4_ITGB7	3	SC001,SC002,SC003	1	1	1	0	3_DATASETS
FN1	ITGA5_ITGB1	4	SC001,SC002,SC003,SC004	1	1	1	1	ALL_4_DATASETS
FN1	ITGA6	4	SC001,SC002,SC003,SC004	1	1	1	1	ALL_4_DATASETS
FN1	ITGA9	3	SC001,SC002,SC003	1	1	1	0	3_DATASETS
FN1	ITGAV_ITGB1	4	SC001,SC002,SC003,SC004	1	1	1	1	ALL_4_DATASETS
FN1	ITGAV_ITGB3	4	SC001,SC002,SC003,SC004	1	1	1	1	ALL_4_DATASETS
FN1	ITGAV_ITGB6	4	SC001,SC002,SC003,SC004	1	1	1	1	ALL_4_DATASETS
FN1	ITGAV_ITGB8	4	SC001,SC002,SC003,SC004	1	1	1	1	ALL_4_DATASETS
FN1	MAG	1	SC004	0	0	0	1	SINGLE_DATASET
FN1	NT5E	4	SC001,SC002,SC003,SC004	1	1	1	1	ALL_4_DATASETS
FN1	PLAUR	4	SC001,SC002,SC003,SC004	1	1	1	1	ALL_4_DATASETS
FN1	ROBO4	3	SC001,SC002,SC003	1	1	1	0	3_DATASETS
FN1	SDC1	4	SC001,SC002,SC003,SC004	1	1	1	1	ALL_4_DATASETS
FN1	SDC2	4	SC001,SC002,SC003,SC004	1	1	1	1	ALL_4_DATASETS
FN1	TNFRSF11B	3	SC001,SC002,SC003	1	1	1	0	3_DATASETS
FN1	TSHR	3	SC001,SC002,SC003	1	1	1	0	3_DATASETS
FRS3	FGFR1	2	SC001,SC003	1	0	1	0	2_DATASETS
FST	BMPR1B	2	SC001,SC003	1	0	1	0	2_DATASETS
FST	BMPR2	3	SC001,SC002,SC003	1	1	1	0	3_DATASETS
FSTL1	DIP2A	4	SC001,SC002,SC003,SC004	1	1	1	1	ALL_4_DATASETS
GAD1	GRM4	1	SC003	0	0	1	0	SINGLE_DATASET
GAL	ADRA2A	2	SC002,SC003	0	1	1	0	2_DATASETS
GAL	GALR1	2	SC001,SC003	1	0	1	0	2_DATASETS
GAL	GALR2	1	SC001	1	0	0	0	SINGLE_DATASET
GAL	GRM7	2	SC001,SC003	1	0	1	0	2_DATASETS
GAL	HLA-DPA1	4	SC001,SC002,SC003,SC004	1	1	1	1	ALL_4_DATASETS
GAS6	AXL	4	SC001,SC002,SC003,SC004	1	1	1	1	ALL_4_DATASETS
GAS6	MERTK	3	SC001,SC002,SC003	1	1	1	0	3_DATASETS
GAS6	TYRO3	2	SC001,SC003	1	0	1	0	2_DATASETS
GDF11	ACTR2	4	SC001,SC002,SC003,SC004	1	1	1	1	ALL_4_DATASETS
GDF11	ACVR1B_ACVR2A	4	SC001,SC002,SC003,SC004	1	1	1	1	ALL_4_DATASETS
GDF11	ACVR1B_ACVR2B	4	SC001,SC002,SC003,SC004	1	1	1	1	ALL_4_DATASETS
GDF11	ACVR1C	1	SC002	0	1	0	0	SINGLE_DATASET
GDF11	ACVR2A_TGFBR1	4	SC001,SC002,SC003,SC004	1	1	1	1	ALL_4_DATASETS
GDF11	ACVR2B_TGFBR1	4	SC001,SC002,SC003,SC004	1	1	1	1	ALL_4_DATASETS
GDF11	ANTXR1	4	SC001,SC002,SC003,SC004	1	1	1	1	ALL_4_DATASETS
GDF11	BMPR1A	4	SC001,SC002,SC003,SC004	1	1	1	1	ALL_4_DATASETS
GDF11	BMPR1B	2	SC001,SC003	1	0	1	0	2_DATASETS
GDF11	BMPR2	4	SC001,SC002,SC003,SC004	1	1	1	1	ALL_4_DATASETS
GDF15	GFRAL	1	SC003	0	0	1	0	SINGLE_DATASET
GDF15	RET	1	SC003	0	0	1	0	SINGLE_DATASET
GDF15	TGFBR2	4	SC001,SC002,SC003,SC004	1	1	1	1	ALL_4_DATASETS
GDF5	ACVR1	1	SC003	0	0	1	0	SINGLE_DATASET
GDF5	ACVR2A_BMPR1A	1	SC003	0	0	1	0	SINGLE_DATASET
GDF5	ACVR2A_BMPR1B	1	SC003	0	0	1	0	SINGLE_DATASET
GDF5	ACVR2B_BMPR1A	1	SC003	0	0	1	0	SINGLE_DATASET
GDF5	ACVR2B_BMPR1B	1	SC003	0	0	1	0	SINGLE_DATASET
GDF5	BMPR1A_BMPR2	1	SC003	0	0	1	0	SINGLE_DATASET
GDF5	BMPR1B_BMPR2	1	SC003	0	0	1	0	SINGLE_DATASET
GDF6	ACVR2A_BMPR1A	1	SC004	0	0	0	1	SINGLE_DATASET
GDF6	ACVR2B_BMPR1A	1	SC004	0	0	0	1	SINGLE_DATASET
GDF6	BMPR1A_BMPR2	1	SC004	0	0	0	1	SINGLE_DATASET
GDF7	ACVR2A_BMPR1A	1	SC003	0	0	1	0	SINGLE_DATASET
GDF7	ACVR2A_BMPR1B	1	SC003	0	0	1	0	SINGLE_DATASET
GDF7	ACVR2B_BMPR1A	1	SC003	0	0	1	0	SINGLE_DATASET
GDF7	ACVR2B_BMPR1B	1	SC003	0	0	1	0	SINGLE_DATASET
GDF7	BMPR1A_BMPR2	1	SC003	0	0	1	0	SINGLE_DATASET
GDF7	BMPR1B_BMPR2	1	SC003	0	0	1	0	SINGLE_DATASET
GDF9	ACVR1B_BMPR2	1	SC003	0	0	1	0	SINGLE_DATASET
GDF9	ACVR2A	1	SC003	0	0	1	0	SINGLE_DATASET
GDF9	BMPR1A	1	SC003	0	0	1	0	SINGLE_DATASET
GDF9	BMPR1B	1	SC003	0	0	1	0	SINGLE_DATASET
GDF9	BMPR2_TGFBR1	1	SC003	0	0	1	0	SINGLE_DATASET
GDF9	FXYD6	1	SC003	0	0	1	0	SINGLE_DATASET
GDF9	ORAI2	1	SC003	0	0	1	0	SINGLE_DATASET
GDNF	EDNRB	1	SC003	0	0	1	0	SINGLE_DATASET
GDNF	GFRA1_RET	1	SC003	0	0	1	0	SINGLE_DATASET
GHRL	GPR39	1	SC003	0	0	1	0	SINGLE_DATASET
GHRL	PTGIR	1	SC003	0	0	1	0	SINGLE_DATASET
GHRL	TBXA2R	1	SC003	0	0	1	0	SINGLE_DATASET
GNAI2	ADCY1	1	SC003	0	0	1	0	SINGLE_DATASET
GNAI2	ADCY7	3	SC001,SC002,SC003	1	1	1	0	3_DATASETS
GNAI2	ADCY9	3	SC001,SC003,SC004	1	0	1	1	3_DATASETS
GNAI2	ADRA2A	2	SC002,SC003	0	1	1	0	2_DATASETS
GNAI2	C5AR1	3	SC001,SC002,SC003	1	1	1	0	3_DATASETS
GNAI2	CAV1	4	SC001,SC002,SC003,SC004	1	1	1	1	ALL_4_DATASETS
GNAI2	CNR1	2	SC003,SC004	0	0	1	1	2_DATASETS
GNAI2	CXCR3	3	SC001,SC002,SC003	1	1	1	0	3_DATASETS
GNAI2	EDNRA	2	SC001,SC002	1	1	0	0	2_DATASETS
GNAI2	EDNRB	3	SC001,SC002,SC003	1	1	1	0	3_DATASETS
GNAI2	EGFR	4	SC001,SC002,SC003,SC004	1	1	1	1	ALL_4_DATASETS
GNAI2	F2R	4	SC001,SC002,SC003,SC004	1	1	1	1	ALL_4_DATASETS
GNAI2	FPR1	3	SC001,SC002,SC003	1	1	1	0	3_DATASETS
GNAI2	IGF1R	4	SC001,SC002,SC003,SC004	1	1	1	1	ALL_4_DATASETS
GNAI2	LPAR3	3	SC001,SC003,SC004	1	0	1	1	3_DATASETS
GNAI2	OPRD1	1	SC003	0	0	1	0	SINGLE_DATASET
GNAI2	OPRM1	1	SC003	0	0	1	0	SINGLE_DATASET
GNAI2	PTPRU	3	SC001,SC002,SC003	1	1	1	0	3_DATASETS
GNAI2	S1PR1	3	SC001,SC002,SC003	1	1	1	0	3_DATASETS
GNAI2	S1PR3	4	SC001,SC002,SC003,SC004	1	1	1	1	ALL_4_DATASETS
GNAI2	S1PR4	3	SC001,SC002,SC003	1	1	1	0	3_DATASETS
GNAI2	S1PR5	2	SC001,SC003	1	0	1	0	2_DATASETS
GNAI2	TBXA2R	2	SC002,SC003	0	1	1	0	2_DATASETS
GNAI2	TSHR	3	SC001,SC002,SC003	1	1	1	0	3_DATASETS
GNAI2	UNC5B	3	SC001,SC002,SC003	1	1	1	0	3_DATASETS
GNAS	ADCY1	1	SC003	0	0	1	0	SINGLE_DATASET
GNAS	ADCY7	3	SC001,SC002,SC003	1	1	1	0	3_DATASETS
GNAS	ADCY9	3	SC001,SC003,SC004	1	0	1	1	3_DATASETS
GNAS	ADRB2	3	SC001,SC002,SC003	1	1	1	0	3_DATASETS
GNAS	TSHR	3	SC001,SC002,SC003	1	1	1	0	3_DATASETS
GNAS	VIPR1	3	SC001,SC002,SC003	1	1	1	0	3_DATASETS
GNB3	GABBR2	1	SC001	1	0	0	0	SINGLE_DATASET
GNB3	TGFBR1	1	SC001	1	0	0	0	SINGLE_DATASET
GPC3	CD81	3	SC001,SC002,SC003	1	1	1	0	3_DATASETS
GPC3	FLT1	3	SC001,SC002,SC003	1	1	1	0	3_DATASETS
GPC3	IGF1R	3	SC001,SC002,SC003	1	1	1	0	3_DATASETS
GPC3	LRP1	3	SC001,SC002,SC003	1	1	1	0	3_DATASETS
GPC3	TNFRSF11B	3	SC001,SC002,SC003	1	1	1	0	3_DATASETS
GPC3	UNC5C	1	SC002	0	1	0	0	SINGLE_DATASET
GPC3	VSIG10L	2	SC001,SC003	1	0	1	0	2_DATASETS
GPI	AMFR	4	SC001,SC002,SC003,SC004	1	1	1	1	ALL_4_DATASETS
GPI	NTRK1	3	SC001,SC002,SC003	1	1	1	0	3_DATASETS
GRN	CLEC4M	1	SC003	0	0	1	0	SINGLE_DATASET
GRN	EGFR	4	SC001,SC002,SC003,SC004	1	1	1	1	ALL_4_DATASETS
GRN	NTRK1	3	SC001,SC002,SC003	1	1	1	0	3_DATASETS
GRN	SORT1	4	SC001,SC002,SC003,SC004	1	1	1	1	ALL_4_DATASETS
GRN	TNFRSF1A	4	SC001,SC002,SC003,SC004	1	1	1	1	ALL_4_DATASETS
GRN	TNFRSF1B	4	SC001,SC002,SC003,SC004	1	1	1	1	ALL_4_DATASETS
GSTM2	RYR2	1	SC003	0	0	1	0	SINGLE_DATASET
GSTO1	RYR1	2	SC001,SC003	1	0	1	0	2_DATASETS
GSTP1	EGFR	4	SC001,SC002,SC003,SC004	1	1	1	1	ALL_4_DATASETS
GSTP1	TRAF2	4	SC001,SC002,SC003,SC004	1	1	1	1	ALL_4_DATASETS
HAPLN1	ADGRA2	1	SC002	0	1	0	0	SINGLE_DATASET
HAPLN1	IL1RL1	1	SC002	0	1	0	0	SINGLE_DATASET
HAPLN1	TNFRSF11B	1	SC002	0	1	0	0	SINGLE_DATASET
HAS2	CD44	4	SC001,SC002,SC003,SC004	1	1	1	1	ALL_4_DATASETS
HAS2	HMMR	4	SC001,SC002,SC003,SC004	1	1	1	1	ALL_4_DATASETS
HBEGF	CD44	4	SC001,SC002,SC003,SC004	1	1	1	1	ALL_4_DATASETS
HBEGF	CD82	4	SC001,SC002,SC003,SC004	1	1	1	1	ALL_4_DATASETS
HBEGF	CD9	4	SC001,SC002,SC003,SC004	1	1	1	1	ALL_4_DATASETS
HBEGF	EGFR_ERBB2	4	SC001,SC002,SC003,SC004	1	1	1	1	ALL_4_DATASETS
HBEGF	ERBB2_ERBB4	2	SC001,SC003	1	0	1	0	2_DATASETS
HBEGF	PRLR	2	SC002,SC003	0	1	1	0	2_DATASETS
HEBP1	ADRA2A	2	SC002,SC003	0	1	1	0	2_DATASETS
HEBP1	FPR3	3	SC001,SC002,SC003	1	1	1	0	3_DATASETS
HEBP1	GRM7	2	SC001,SC003	1	0	1	0	2_DATASETS
HGF	CD44	3	SC001,SC002,SC003	1	1	1	0	3_DATASETS
HGF	ITGB1	3	SC001,SC002,SC003	1	1	1	0	3_DATASETS
HGF	MET	3	SC001,SC002,SC003	1	1	1	0	3_DATASETS
HGF	NRP1	3	SC001,SC002,SC003	1	1	1	0	3_DATASETS
HGF	SDC1	3	SC001,SC002,SC003	1	1	1	0	3_DATASETS
HGF	SDC2	3	SC001,SC002,SC003	1	1	1	0	3_DATASETS
HGF	ST14	3	SC001,SC002,SC003	1	1	1	0	3_DATASETS
HHLA2	TMIGD2	3	SC001,SC002,SC003	1	1	1	0	3_DATASETS
HLA-A	APLP2	4	SC001,SC002,SC003,SC004	1	1	1	1	ALL_4_DATASETS
HLA-A	CD8A	3	SC001,SC002,SC003	1	1	1	0	3_DATASETS
HLA-A	CD8B	3	SC001,SC002,SC003	1	1	1	0	3_DATASETS
HLA-A	ERBB2	4	SC001,SC002,SC003,SC004	1	1	1	1	ALL_4_DATASETS
HLA-B	CD3D	3	SC001,SC002,SC003	1	1	1	0	3_DATASETS
HLA-B	CD8A	3	SC001,SC002,SC003	1	1	1	0	3_DATASETS
HLA-B	CD8B	3	SC001,SC002,SC003	1	1	1	0	3_DATASETS
HLA-B	KLRD1	4	SC001,SC002,SC003,SC004	1	1	1	1	ALL_4_DATASETS
HLA-C	CD8A	3	SC001,SC002,SC003	1	1	1	0	3_DATASETS
HLA-C	CD8B	3	SC001,SC002,SC003	1	1	1	0	3_DATASETS
HLA-DMA	CD4	3	SC001,SC002,SC003	1	1	1	0	3_DATASETS
HLA-DMB	CD4	3	SC001,SC002,SC003	1	1	1	0	3_DATASETS
HLA-DOB	CD4	3	SC001,SC002,SC003	1	1	1	0	3_DATASETS
HLA-DPA1	CD4	3	SC001,SC002,SC003	1	1	1	0	3_DATASETS
HLA-DPA1	LAG3	3	SC001,SC002,SC003	1	1	1	0	3_DATASETS
HLA-DPB1	CD4	3	SC001,SC002,SC003	1	1	1	0	3_DATASETS
HLA-DPB1	LAG3	3	SC001,SC002,SC003	1	1	1	0	3_DATASETS
HLA-DQA1	CD4	3	SC001,SC002,SC003	1	1	1	0	3_DATASETS
HLA-DQA1	LAG3	3	SC001,SC002,SC003	1	1	1	0	3_DATASETS
HLA-DQB1	CD4	3	SC001,SC002,SC003	1	1	1	0	3_DATASETS
HLA-DQB1	LAG3	3	SC001,SC002,SC003	1	1	1	0	3_DATASETS
HLA-DRA	CD4	3	SC001,SC002,SC003	1	1	1	0	3_DATASETS
HLA-DRA	LAG3	3	SC001,SC002,SC003	1	1	1	0	3_DATASETS
HLA-DRB1	CD4	3	SC001,SC002,SC003	1	1	1	0	3_DATASETS
HLA-DRB1	LAG3	3	SC001,SC002,SC003	1	1	1	0	3_DATASETS
HLA-DRB5	CD4	1	SC003	0	0	1	0	SINGLE_DATASET
HLA-DRB5	LAG3	1	SC003	0	0	1	0	SINGLE_DATASET
HLA-E	CD8A	3	SC001,SC002,SC003	1	1	1	0	3_DATASETS
HLA-E	CD8B	3	SC001,SC002,SC003	1	1	1	0	3_DATASETS
HLA-E	KLRC1_KLRD1	3	SC001,SC002,SC003	1	1	1	0	3_DATASETS
HLA-E	KLRC2_KLRD1	3	SC001,SC002,SC003	1	1	1	0	3_DATASETS
HLA-E	KLRC3_KLRD1	2	SC001,SC002	1	1	0	0	2_DATASETS
HLA-E	KLRK1	3	SC001,SC002,SC003	1	1	1	0	3_DATASETS
HLA-F	CD8A	3	SC001,SC002,SC003	1	1	1	0	3_DATASETS
HLA-F	CD8B	3	SC001,SC002,SC003	1	1	1	0	3_DATASETS
HLA-G	CD4	1	SC003	0	0	1	0	SINGLE_DATASET
HLA-G	CD8A	1	SC003	0	0	1	0	SINGLE_DATASET
HLA-G	CD8B	1	SC003	0	0	1	0	SINGLE_DATASET
HLA-G	KLRC1	1	SC003	0	0	1	0	SINGLE_DATASET
HLA-G	KLRD1	1	SC003	0	0	1	0	SINGLE_DATASET
HMGB1	AGER	2	SC001,SC003	1	0	1	0	2_DATASETS
HMGB1	CXCR4	3	SC001,SC002,SC003	1	1	1	0	3_DATASETS
HMGB1	HAVCR2	3	SC001,SC002,SC003	1	1	1	0	3_DATASETS
HMGB1	SDC1	4	SC001,SC002,SC003,SC004	1	1	1	1	ALL_4_DATASETS
HMGB1	THBD	4	SC001,SC002,SC003,SC004	1	1	1	1	ALL_4_DATASETS
HMGB1	TLR2	4	SC001,SC002,SC003,SC004	1	1	1	1	ALL_4_DATASETS
HMGB1	TLR4	4	SC001,SC002,SC003,SC004	1	1	1	1	ALL_4_DATASETS
HMGB1	TLR9	1	SC003	0	0	1	0	SINGLE_DATASET
HP	ASGR1	2	SC001,SC003	1	0	1	0	2_DATASETS
HP	CD22	2	SC001,SC003	1	0	1	0	2_DATASETS
HP	ITGAM	2	SC001,SC003	1	0	1	0	2_DATASETS
HP	ITGB2	2	SC001,SC003	1	0	1	0	2_DATASETS
HP	TLR4	2	SC001,SC003	1	0	1	0	2_DATASETS
HPX	LRP1	1	SC003	0	0	1	0	SINGLE_DATASET
HRAS	AGTR1	2	SC001,SC002	1	1	0	0	2_DATASETS
HRAS	CAV1	4	SC001,SC002,SC003,SC004	1	1	1	1	ALL_4_DATASETS
HRAS	INSR	4	SC001,SC002,SC003,SC004	1	1	1	1	ALL_4_DATASETS
HRAS	TLR9	1	SC003	0	0	1	0	SINGLE_DATASET
HRG	ERBB2	1	SC003	0	0	1	0	SINGLE_DATASET
HRG	ERBB3	1	SC003	0	0	1	0	SINGLE_DATASET
HSPA1A	GRIN2D	1	SC002	0	1	0	0	SINGLE_DATASET
HSPA1A	TLR4	4	SC001,SC002,SC003,SC004	1	1	1	1	ALL_4_DATASETS
HSPA4	TLR4	4	SC001,SC002,SC003,SC004	1	1	1	1	ALL_4_DATASETS
HSPA8	ADRB2	3	SC001,SC002,SC003	1	1	1	0	3_DATASETS
HSPA8	LDLR	4	SC001,SC002,SC003,SC004	1	1	1	1	ALL_4_DATASETS
HSPG2	DAG1	4	SC001,SC002,SC003,SC004	1	1	1	1	ALL_4_DATASETS
HSPG2	FGFR1	4	SC001,SC002,SC003,SC004	1	1	1	1	ALL_4_DATASETS
HSPG2	ITGA2	4	SC001,SC002,SC003,SC004	1	1	1	1	ALL_4_DATASETS
HSPG2	ITGB1	4	SC001,SC002,SC003,SC004	1	1	1	1	ALL_4_DATASETS
HSPG2	LRP1	4	SC001,SC002,SC003,SC004	1	1	1	1	ALL_4_DATASETS
HSPG2	PTPRS	4	SC001,SC002,SC003,SC004	1	1	1	1	ALL_4_DATASETS
HSPG2	SDC1	4	SC001,SC002,SC003,SC004	1	1	1	1	ALL_4_DATASETS
IAPP	ADRB2	3	SC001,SC002,SC003	1	1	1	0	3_DATASETS
IAPP	CALCRL	3	SC001,SC002,SC003	1	1	1	0	3_DATASETS
IAPP	RAMP1	3	SC001,SC002,SC003	1	1	1	0	3_DATASETS
IAPP	RAMP2	2	SC001,SC002	1	1	0	0	2_DATASETS
IAPP	TSHR	3	SC001,SC002,SC003	1	1	1	0	3_DATASETS
IAPP	VIPR1	3	SC001,SC002,SC003	1	1	1	0	3_DATASETS
ICAM1	CAV1	4	SC001,SC002,SC003,SC004	1	1	1	1	ALL_4_DATASETS
ICAM1	EGFR	4	SC001,SC002,SC003,SC004	1	1	1	1	ALL_4_DATASETS
ICAM1	ITGAL_ITGB2	3	SC001,SC002,SC003	1	1	1	0	3_DATASETS
ICAM1	ITGAM_ITGB2	3	SC001,SC002,SC003	1	1	1	0	3_DATASETS
ICAM1	ITGAX_ITGB2	3	SC001,SC002,SC003	1	1	1	0	3_DATASETS
ICAM1	MUC1	4	SC001,SC002,SC003,SC004	1	1	1	1	ALL_4_DATASETS
ICAM1	SPN	3	SC001,SC002,SC003	1	1	1	0	3_DATASETS
ICAM2	ITGAL_ITGB2	3	SC001,SC002,SC003	1	1	1	0	3_DATASETS
ICAM2	ITGAM_ITGB2	3	SC001,SC002,SC003	1	1	1	0	3_DATASETS
ICAM3	CLEC4M	1	SC003	0	0	1	0	SINGLE_DATASET
ICAM3	ITGAL	3	SC001,SC002,SC003	1	1	1	0	3_DATASETS
ICAM4	ITGA2B	3	SC001,SC002,SC003	1	1	1	0	3_DATASETS
ICAM4	ITGA4	3	SC001,SC002,SC003	1	1	1	0	3_DATASETS
ICAM4	ITGAL	3	SC001,SC002,SC003	1	1	1	0	3_DATASETS
ICAM4	ITGAM	3	SC001,SC002,SC003	1	1	1	0	3_DATASETS
ICAM4	ITGAV	3	SC001,SC002,SC003	1	1	1	0	3_DATASETS
ICAM4	ITGB1	3	SC001,SC002,SC003	1	1	1	0	3_DATASETS
ICAM4	ITGB2	3	SC001,SC002,SC003	1	1	1	0	3_DATASETS
ICAM4	ITGB3	3	SC001,SC002,SC003	1	1	1	0	3_DATASETS
ICAM4	RHAG	3	SC001,SC002,SC003	1	1	1	0	3_DATASETS
ICOSLG	CTLA4	3	SC001,SC002,SC003	1	1	1	0	3_DATASETS
IGF1	IGF1R	3	SC001,SC002,SC003	1	1	1	0	3_DATASETS
IGF1	IGF2R	3	SC001,SC002,SC003	1	1	1	0	3_DATASETS
IGF1	INSR	3	SC001,SC002,SC003	1	1	1	0	3_DATASETS
IGF1	ITGA6_ITGB4	3	SC001,SC002,SC003	1	1	1	0	3_DATASETS
IGF1	ITGAV_ITGB3	3	SC001,SC002,SC003	1	1	1	0	3_DATASETS
IGF2	IGF1R	4	SC001,SC002,SC003,SC004	1	1	1	1	ALL_4_DATASETS
IGF2	IGF2R	4	SC001,SC002,SC003,SC004	1	1	1	1	ALL_4_DATASETS
IGF2	INSR	4	SC001,SC002,SC003,SC004	1	1	1	1	ALL_4_DATASETS
IGF2	ITGA6_ITGB4	4	SC001,SC002,SC003,SC004	1	1	1	1	ALL_4_DATASETS
IGF2	ITGAV_ITGB3	4	SC001,SC002,SC003,SC004	1	1	1	1	ALL_4_DATASETS
IGFBP4	FZD8	1	SC003	0	0	1	0	SINGLE_DATASET
IGFBP7	MPIG6B	1	SC003	0	0	1	0	SINGLE_DATASET
IGFL2	IGFLR1	3	SC001,SC002,SC003	1	1	1	0	3_DATASETS
IGSF1	ACVR1B	3	SC001,SC002,SC003	1	1	1	0	3_DATASETS
IGSF10	MILR1	3	SC001,SC002,SC003	1	1	1	0	3_DATASETS
IGSF10	SLAMF9	1	SC001	1	0	0	0	SINGLE_DATASET
IGSF11	VSIR	1	SC003	0	0	1	0	SINGLE_DATASET
IL10	CD27	2	SC002,SC003	0	1	1	0	2_DATASETS
IL10	CD70	2	SC002,SC003	0	1	1	0	2_DATASETS
IL10	IFNLR1	2	SC002,SC003	0	1	1	0	2_DATASETS
IL10	IL10RA_IL10RB	2	SC002,SC003	0	1	1	0	2_DATASETS
IL11	IL11RA_IL6ST	2	SC002,SC003	0	1	1	0	2_DATASETS
IL11	IL6R	3	SC001,SC002,SC003	1	1	1	0	3_DATASETS
IL15RA	AXL	4	SC001,SC002,SC003,SC004	1	1	1	1	ALL_4_DATASETS
IL16	CD4	3	SC001,SC002,SC003	1	1	1	0	3_DATASETS
IL16	CD9	3	SC001,SC002,SC003	1	1	1	0	3_DATASETS
IL16	GRIN2A	1	SC003	0	0	1	0	SINGLE_DATASET
IL16	GRIN2B	2	SC002,SC003	0	1	1	0	2_DATASETS
IL16	GRIN2C	1	SC003	0	0	1	0	SINGLE_DATASET
IL16	GRIN2D	1	SC002	0	1	0	0	SINGLE_DATASET
IL16	KCNJ10	1	SC003	0	0	1	0	SINGLE_DATASET
IL16	KCNJ15	3	SC001,SC002,SC003	1	1	1	0	3_DATASETS
IL18	IL18BP	3	SC001,SC002,SC003	1	1	1	0	3_DATASETS
IL19	IL20RA_IL20RB	3	SC001,SC002,SC003	1	1	1	0	3_DATASETS
IL1A	IL1R1_IL1RAP	3	SC001,SC003,SC004	1	0	1	1	3_DATASETS
IL1A	IL1R2_IL1RAP	2	SC001,SC003	1	0	1	0	2_DATASETS
IL1B	ADRB2	3	SC001,SC002,SC003	1	1	1	0	3_DATASETS
IL1B	IL1R1_IL1RAP	3	SC001,SC003,SC004	1	0	1	1	3_DATASETS
IL1B	IL1R2_IL1RAP	2	SC001,SC003	1	0	1	0	2_DATASETS
IL1B	SIGIRR	4	SC001,SC002,SC003,SC004	1	1	1	1	ALL_4_DATASETS
IL23A	IL12RB2	2	SC001,SC003	1	0	1	0	2_DATASETS
IL23A	SIGLEC6	2	SC001,SC003	1	0	1	0	2_DATASETS
IL24	IL10RB	2	SC003,SC004	0	0	1	1	2_DATASETS
IL24	IL20RA_IL20RB	1	SC003	0	0	1	0	SINGLE_DATASET
IL24	NOTCH2	2	SC003,SC004	0	0	1	1	2_DATASETS
IL32	ITGB3	4	SC001,SC002,SC003,SC004	1	1	1	1	ALL_4_DATASETS
IL33	IL1RAP_IL1RL1	1	SC003	0	0	1	0	SINGLE_DATASET
IL34	PTPRZ1	1	SC002	0	1	0	0	SINGLE_DATASET
IL6	F3	4	SC001,SC002,SC003,SC004	1	1	1	1	ALL_4_DATASETS
IL6	HRH1	4	SC001,SC002,SC003,SC004	1	1	1	1	ALL_4_DATASETS
IL6	IL6R_IL6ST	3	SC001,SC002,SC003	1	1	1	0	3_DATASETS
IL6	MUSK	2	SC002,SC003	0	1	1	0	2_DATASETS
IMPG2	PRLR	1	SC003	0	0	1	0	SINGLE_DATASET
INHA	ACVR1	1	SC003	0	0	1	0	SINGLE_DATASET
INHA	TGFBR3	1	SC003	0	0	1	0	SINGLE_DATASET
INHA_INHBA	ACVR2A	1	SC003	0	0	1	0	SINGLE_DATASET
INHA_INHBB	ACVR2B	1	SC003	0	0	1	0	SINGLE_DATASET
INHBA	ACTR2	4	SC001,SC002,SC003,SC004	1	1	1	1	ALL_4_DATASETS
INHBA	BAMBI	4	SC001,SC002,SC003,SC004	1	1	1	1	ALL_4_DATASETS
INHBA	ENG	4	SC001,SC002,SC003,SC004	1	1	1	1	ALL_4_DATASETS
INHBA	TGFBR3	3	SC001,SC002,SC003	1	1	1	0	3_DATASETS
INHBA_INHBB	ACVR1B_ACVR2A	2	SC003,SC004	0	0	1	1	2_DATASETS
INHBA_INHBB	ACVR1B_ACVR2B	2	SC003,SC004	0	0	1	1	2_DATASETS
INHBA_INHBB	ACVR1_ACVR2A	1	SC003	0	0	1	0	SINGLE_DATASET
INHBA_INHBB	ACVR1_ACVR2B	1	SC003	0	0	1	0	SINGLE_DATASET
INSL3	ADRB2	1	SC003	0	0	1	0	SINGLE_DATASET
INSL3	TSHR	1	SC003	0	0	1	0	SINGLE_DATASET
INSL3	VIPR1	1	SC003	0	0	1	0	SINGLE_DATASET
IRAK4	TLR4	3	SC001,SC002,SC003	1	1	1	0	3_DATASETS
IRAK4	TLR6	3	SC001,SC002,SC003	1	1	1	0	3_DATASETS
IRAK4	TLR7	3	SC001,SC002,SC003	1	1	1	0	3_DATASETS
ITGAV	THY1	4	SC001,SC002,SC003,SC004	1	1	1	1	ALL_4_DATASETS
ITGB2	CD226	3	SC001,SC002,SC003	1	1	1	0	3_DATASETS
ITGB2	THY1	3	SC001,SC002,SC003	1	1	1	0	3_DATASETS
ITGB3BP	ITGB3	4	SC001,SC002,SC003,SC004	1	1	1	1	ALL_4_DATASETS
ITGB3BP	ITGB5	4	SC001,SC002,SC003,SC004	1	1	1	1	ALL_4_DATASETS
IZUMO1	CD9	1	SC003	0	0	1	0	SINGLE_DATASET
JAG1	CD46	4	SC001,SC002,SC003,SC004	1	1	1	1	ALL_4_DATASETS
JAG1	NOTCH1	4	SC001,SC002,SC003,SC004	1	1	1	1	ALL_4_DATASETS
JAG1	NOTCH2	4	SC001,SC002,SC003,SC004	1	1	1	1	ALL_4_DATASETS
JAG1	NOTCH3	4	SC001,SC002,SC003,SC004	1	1	1	1	ALL_4_DATASETS
JAG1	NOTCH4	2	SC001,SC003	1	0	1	0	2_DATASETS
JAG2	NOTCH1	3	SC001,SC002,SC004	1	1	0	1	3_DATASETS
JAG2	NOTCH2	3	SC001,SC002,SC004	1	1	0	1	3_DATASETS
JAG2	NOTCH3	3	SC001,SC002,SC004	1	1	0	1	3_DATASETS
JAG2	NOTCH4	1	SC001	1	0	0	0	SINGLE_DATASET
JAM2	ITGA3_ITGB1	3	SC001,SC002,SC003	1	1	1	0	3_DATASETS
JAM2	ITGA4_ITGB1	3	SC001,SC002,SC003	1	1	1	0	3_DATASETS
JAM2	ITGAV_ITGB1	3	SC001,SC002,SC003	1	1	1	0	3_DATASETS
JAM3	ITGAM_ITGB2	3	SC001,SC002,SC003	1	1	1	0	3_DATASETS
JAM3	ITGB1	4	SC001,SC002,SC003,SC004	1	1	1	1	ALL_4_DATASETS
KITLG	EPOR	2	SC001,SC003	1	0	1	0	2_DATASETS
KITLG	KIT	3	SC001,SC002,SC003	1	1	1	0	3_DATASETS
KITLG	LRRN3	3	SC001,SC002,SC003	1	1	1	0	3_DATASETS
L1CAM	CD9	1	SC002	0	1	0	0	SINGLE_DATASET
L1CAM	EGFR	1	SC002	0	1	0	0	SINGLE_DATASET
L1CAM	EPHB2	1	SC002	0	1	0	0	SINGLE_DATASET
L1CAM	ERBB2	1	SC002	0	1	0	0	SINGLE_DATASET
L1CAM	ERBB3	1	SC002	0	1	0	0	SINGLE_DATASET
L1CAM	FGFR2	1	SC002	0	1	0	0	SINGLE_DATASET
L1CAM	ITGA4_ITGB7	1	SC002	0	1	0	0	SINGLE_DATASET
L1CAM	ITGA5_ITGB1	1	SC002	0	1	0	0	SINGLE_DATASET
L1CAM	ITGAV_ITGB3	1	SC002	0	1	0	0	SINGLE_DATASET
L1CAM	PTPRZ1	1	SC002	0	1	0	0	SINGLE_DATASET
LAMA1	CD44	2	SC002,SC003	0	1	1	0	2_DATASETS
LAMA1	DAG1	2	SC002,SC003	0	1	1	0	2_DATASETS
LAMA1	GPC1	2	SC002,SC003	0	1	1	0	2_DATASETS
LAMA1	ITGA1	2	SC002,SC003	0	1	1	0	2_DATASETS
LAMA1	ITGA2_ITGB1	2	SC002,SC003	0	1	1	0	2_DATASETS
LAMA1	ITGA3_ITGB1	2	SC002,SC003	0	1	1	0	2_DATASETS
LAMA1	ITGA6_ITGB1	2	SC002,SC003	0	1	1	0	2_DATASETS
LAMA1	ITGA6_ITGB4	2	SC002,SC003	0	1	1	0	2_DATASETS
LAMA1	ITGA7_ITGB1	2	SC002,SC003	0	1	1	0	2_DATASETS
LAMA1	ITGA9_ITGB1	2	SC002,SC003	0	1	1	0	2_DATASETS
LAMA1	ITGAV_ITGB8	2	SC002,SC003	0	1	1	0	2_DATASETS
LAMA1	NT5E	2	SC002,SC003	0	1	1	0	2_DATASETS
LAMA1	RPSA	2	SC002,SC003	0	1	1	0	2_DATASETS
LAMA1	SDC2	2	SC002,SC003	0	1	1	0	2_DATASETS
LAMA1	SDC4	2	SC002,SC003	0	1	1	0	2_DATASETS
LAMA2	CD44	3	SC001,SC002,SC003	1	1	1	0	3_DATASETS
LAMA2	DAG1	3	SC001,SC002,SC003	1	1	1	0	3_DATASETS
LAMA2	ITGA1	3	SC001,SC002,SC003	1	1	1	0	3_DATASETS
LAMA2	ITGA2_ITGB1	3	SC001,SC002,SC003	1	1	1	0	3_DATASETS
LAMA2	ITGA3_ITGB1	3	SC001,SC002,SC003	1	1	1	0	3_DATASETS
LAMA2	ITGA6_ITGB1	3	SC001,SC002,SC003	1	1	1	0	3_DATASETS
LAMA2	ITGA6_ITGB4	3	SC001,SC002,SC003	1	1	1	0	3_DATASETS
LAMA2	ITGA7_ITGB1	3	SC001,SC002,SC003	1	1	1	0	3_DATASETS
LAMA2	ITGA9_ITGB1	3	SC001,SC002,SC003	1	1	1	0	3_DATASETS
LAMA2	ITGAV_ITGB8	3	SC001,SC002,SC003	1	1	1	0	3_DATASETS
LAMA2	RPSA	3	SC001,SC002,SC003	1	1	1	0	3_DATASETS
LAMA3	CD44	4	SC001,SC002,SC003,SC004	1	1	1	1	ALL_4_DATASETS
LAMA3	DAG1	4	SC001,SC002,SC003,SC004	1	1	1	1	ALL_4_DATASETS
LAMA3	ITGA2_ITGB1	4	SC001,SC002,SC003,SC004	1	1	1	1	ALL_4_DATASETS
LAMA3	ITGA3_ITGB1	4	SC001,SC002,SC003,SC004	1	1	1	1	ALL_4_DATASETS
LAMA3	ITGA6_ITGB1	4	SC001,SC002,SC003,SC004	1	1	1	1	ALL_4_DATASETS
LAMA3	ITGA6_ITGB4	4	SC001,SC002,SC003,SC004	1	1	1	1	ALL_4_DATASETS
LAMA3	ITGA7_ITGB1	4	SC001,SC002,SC003,SC004	1	1	1	1	ALL_4_DATASETS
LAMA3	ITGA9_ITGB1	3	SC001,SC002,SC003	1	1	1	0	3_DATASETS
LAMA3	ITGAV_ITGB8	4	SC001,SC002,SC003,SC004	1	1	1	1	ALL_4_DATASETS
LAMA3	SDC2	4	SC001,SC002,SC003,SC004	1	1	1	1	ALL_4_DATASETS
LAMA4	CD44	4	SC001,SC002,SC003,SC004	1	1	1	1	ALL_4_DATASETS
LAMA4	DAG1	4	SC001,SC002,SC003,SC004	1	1	1	1	ALL_4_DATASETS
LAMA4	ITGA2_ITGB1	4	SC001,SC002,SC003,SC004	1	1	1	1	ALL_4_DATASETS
LAMA4	ITGA3_ITGB1	4	SC001,SC002,SC003,SC004	1	1	1	1	ALL_4_DATASETS
LAMA4	ITGA6_ITGB1	4	SC001,SC002,SC003,SC004	1	1	1	1	ALL_4_DATASETS
LAMA4	ITGA6_ITGB4	4	SC001,SC002,SC003,SC004	1	1	1	1	ALL_4_DATASETS
LAMA4	ITGA7_ITGB1	4	SC001,SC002,SC003,SC004	1	1	1	1	ALL_4_DATASETS
LAMA4	ITGA9_ITGB1	3	SC001,SC002,SC003	1	1	1	0	3_DATASETS
LAMA4	ITGAV_ITGB8	4	SC001,SC002,SC003,SC004	1	1	1	1	ALL_4_DATASETS
LAMA5	BCAM	4	SC001,SC002,SC003,SC004	1	1	1	1	ALL_4_DATASETS
LAMA5	CD44	4	SC001,SC002,SC003,SC004	1	1	1	1	ALL_4_DATASETS
LAMA5	DAG1	4	SC001,SC002,SC003,SC004	1	1	1	1	ALL_4_DATASETS
LAMA5	ITGA2_ITGB1	4	SC001,SC002,SC003,SC004	1	1	1	1	ALL_4_DATASETS
LAMA5	ITGA3_ITGB1	4	SC001,SC002,SC003,SC004	1	1	1	1	ALL_4_DATASETS
LAMA5	ITGA6_ITGB1	4	SC001,SC002,SC003,SC004	1	1	1	1	ALL_4_DATASETS
LAMA5	ITGA6_ITGB4	4	SC001,SC002,SC003,SC004	1	1	1	1	ALL_4_DATASETS
LAMA5	ITGA7_ITGB1	4	SC001,SC002,SC003,SC004	1	1	1	1	ALL_4_DATASETS
LAMA5	ITGA9_ITGB1	3	SC001,SC002,SC003	1	1	1	0	3_DATASETS
LAMA5	ITGAV_ITGB8	4	SC001,SC002,SC003,SC004	1	1	1	1	ALL_4_DATASETS
LAMA5	SDC1	4	SC001,SC002,SC003,SC004	1	1	1	1	ALL_4_DATASETS
LAMB1	CD44	4	SC001,SC002,SC003,SC004	1	1	1	1	ALL_4_DATASETS
LAMB1	DAG1	4	SC001,SC002,SC003,SC004	1	1	1	1	ALL_4_DATASETS
LAMB1	ITGA1	4	SC001,SC002,SC003,SC004	1	1	1	1	ALL_4_DATASETS
LAMB1	ITGA2_ITGB1	4	SC001,SC002,SC003,SC004	1	1	1	1	ALL_4_DATASETS
LAMB1	ITGA3_ITGB1	4	SC001,SC002,SC003,SC004	1	1	1	1	ALL_4_DATASETS
LAMB1	ITGA6_ITGB1	4	SC001,SC002,SC003,SC004	1	1	1	1	ALL_4_DATASETS
LAMB1	ITGA6_ITGB4	4	SC001,SC002,SC003,SC004	1	1	1	1	ALL_4_DATASETS
LAMB1	ITGA7_ITGB1	4	SC001,SC002,SC003,SC004	1	1	1	1	ALL_4_DATASETS
LAMB1	ITGA9_ITGB1	3	SC001,SC002,SC003	1	1	1	0	3_DATASETS
LAMB1	ITGAV_ITGB8	4	SC001,SC002,SC003,SC004	1	1	1	1	ALL_4_DATASETS
LAMB2	CD44	4	SC001,SC002,SC003,SC004	1	1	1	1	ALL_4_DATASETS
LAMB2	DAG1	4	SC001,SC002,SC003,SC004	1	1	1	1	ALL_4_DATASETS
LAMB2	ITGA2_ITGB1	4	SC001,SC002,SC003,SC004	1	1	1	1	ALL_4_DATASETS
LAMB2	ITGA3_ITGB1	4	SC001,SC002,SC003,SC004	1	1	1	1	ALL_4_DATASETS
LAMB2	ITGA6_ITGB1	4	SC001,SC002,SC003,SC004	1	1	1	1	ALL_4_DATASETS
LAMB2	ITGA6_ITGB4	4	SC001,SC002,SC003,SC004	1	1	1	1	ALL_4_DATASETS
LAMB2	ITGA7_ITGB1	4	SC001,SC002,SC003,SC004	1	1	1	1	ALL_4_DATASETS
LAMB2	ITGA9_ITGB1	3	SC001,SC002,SC003	1	1	1	0	3_DATASETS
LAMB2	ITGAV_ITGB8	4	SC001,SC002,SC003,SC004	1	1	1	1	ALL_4_DATASETS
LAMB2	RPSA	4	SC001,SC002,SC003,SC004	1	1	1	1	ALL_4_DATASETS
LAMB3	CD151	4	SC001,SC002,SC003,SC004	1	1	1	1	ALL_4_DATASETS
LAMB3	CD44	4	SC001,SC002,SC003,SC004	1	1	1	1	ALL_4_DATASETS
LAMB3	DAG1	4	SC001,SC002,SC003,SC004	1	1	1	1	ALL_4_DATASETS
LAMB3	ITGA2_ITGB1	4	SC001,SC002,SC003,SC004	1	1	1	1	ALL_4_DATASETS
LAMB3	ITGA3_ITGB1	4	SC001,SC002,SC003,SC004	1	1	1	1	ALL_4_DATASETS
LAMB3	ITGA6_ITGB1	4	SC001,SC002,SC003,SC004	1	1	1	1	ALL_4_DATASETS
LAMB3	ITGA6_ITGB4	4	SC001,SC002,SC003,SC004	1	1	1	1	ALL_4_DATASETS
LAMB3	ITGA7_ITGB1	4	SC001,SC002,SC003,SC004	1	1	1	1	ALL_4_DATASETS
LAMB3	ITGA9_ITGB1	3	SC001,SC002,SC003	1	1	1	0	3_DATASETS
LAMB3	ITGAV_ITGB8	4	SC001,SC002,SC003,SC004	1	1	1	1	ALL_4_DATASETS
LAMC1	CD44	4	SC001,SC002,SC003,SC004	1	1	1	1	ALL_4_DATASETS
LAMC1	DAG1	4	SC001,SC002,SC003,SC004	1	1	1	1	ALL_4_DATASETS
LAMC1	ITGA1	4	SC001,SC002,SC003,SC004	1	1	1	1	ALL_4_DATASETS
LAMC1	ITGA2_ITGB1	4	SC001,SC002,SC003,SC004	1	1	1	1	ALL_4_DATASETS
LAMC1	ITGA3_ITGB1	4	SC001,SC002,SC003,SC004	1	1	1	1	ALL_4_DATASETS
LAMC1	ITGA6_ITGB1	4	SC001,SC002,SC003,SC004	1	1	1	1	ALL_4_DATASETS
LAMC1	ITGA6_ITGB4	4	SC001,SC002,SC003,SC004	1	1	1	1	ALL_4_DATASETS
LAMC1	ITGA7_ITGB1	4	SC001,SC002,SC003,SC004	1	1	1	1	ALL_4_DATASETS
LAMC1	ITGA9_ITGB1	3	SC001,SC002,SC003	1	1	1	0	3_DATASETS
LAMC1	ITGAV_ITGB8	4	SC001,SC002,SC003,SC004	1	1	1	1	ALL_4_DATASETS
LAMC2	CD151	4	SC001,SC002,SC003,SC004	1	1	1	1	ALL_4_DATASETS
LAMC2	CD44	4	SC001,SC002,SC003,SC004	1	1	1	1	ALL_4_DATASETS
LAMC2	DAG1	4	SC001,SC002,SC003,SC004	1	1	1	1	ALL_4_DATASETS
LAMC2	ITGA2_ITGB1	4	SC001,SC002,SC003,SC004	1	1	1	1	ALL_4_DATASETS
LAMC2	ITGA3_ITGB1	4	SC001,SC002,SC003,SC004	1	1	1	1	ALL_4_DATASETS
LAMC2	ITGA6_ITGB1	4	SC001,SC002,SC003,SC004	1	1	1	1	ALL_4_DATASETS
LAMC2	ITGA6_ITGB4	4	SC001,SC002,SC003,SC004	1	1	1	1	ALL_4_DATASETS
LAMC2	ITGA7_ITGB1	4	SC001,SC002,SC003,SC004	1	1	1	1	ALL_4_DATASETS
LAMC2	ITGA9_ITGB1	3	SC001,SC002,SC003	1	1	1	0	3_DATASETS
LAMC2	ITGAV_ITGB8	4	SC001,SC002,SC003,SC004	1	1	1	1	ALL_4_DATASETS
LAMC3	CD44	3	SC001,SC002,SC003	1	1	1	0	3_DATASETS
LAMC3	DAG1	3	SC001,SC002,SC003	1	1	1	0	3_DATASETS
LAMC3	ITGA2_ITGB1	3	SC001,SC002,SC003	1	1	1	0	3_DATASETS
LAMC3	ITGA3_ITGB1	3	SC001,SC002,SC003	1	1	1	0	3_DATASETS
LAMC3	ITGA6_ITGB1	3	SC001,SC002,SC003	1	1	1	0	3_DATASETS
LAMC3	ITGA6_ITGB4	3	SC001,SC002,SC003	1	1	1	0	3_DATASETS
LAMC3	ITGA7_ITGB1	3	SC001,SC002,SC003	1	1	1	0	3_DATASETS
LAMC3	ITGA9_ITGB1	3	SC001,SC002,SC003	1	1	1	0	3_DATASETS
LAMC3	ITGAV_ITGB8	3	SC001,SC002,SC003	1	1	1	0	3_DATASETS
LCK	CD8A_CD8B	3	SC001,SC002,SC003	1	1	1	0	3_DATASETS
LEFTY1	ACVR1B	1	SC002	0	1	0	0	SINGLE_DATASET
LEFTY1	ACVR2A	1	SC002	0	1	0	0	SINGLE_DATASET
LEFTY1	ACVR2B	1	SC002	0	1	0	0	SINGLE_DATASET
LEP	ISLR2	1	SC003	0	0	1	0	SINGLE_DATASET
LEP	LEPR	1	SC003	0	0	1	0	SINGLE_DATASET
LGALS1	CD69	3	SC001,SC002,SC003	1	1	1	0	3_DATASETS
LGALS1	ITGB1	4	SC001,SC002,SC003,SC004	1	1	1	1	ALL_4_DATASETS
LGALS1	PTPRC	3	SC001,SC002,SC003	1	1	1	0	3_DATASETS
LGALS3	ENG	4	SC001,SC002,SC003,SC004	1	1	1	1	ALL_4_DATASETS
LGALS3	LAG3	3	SC001,SC002,SC003	1	1	1	0	3_DATASETS
LGALS3	MCAM	4	SC001,SC002,SC003,SC004	1	1	1	1	ALL_4_DATASETS
LGALS3BP	CD33	3	SC001,SC002,SC003	1	1	1	0	3_DATASETS
LGALS3BP	ITGB1	4	SC001,SC002,SC003,SC004	1	1	1	1	ALL_4_DATASETS
LGALS8	ITGA3	4	SC001,SC002,SC003,SC004	1	1	1	1	ALL_4_DATASETS
LGALS9	CD44	3	SC001,SC002,SC003	1	1	1	0	3_DATASETS
LGALS9	CD47	3	SC001,SC002,SC003	1	1	1	0	3_DATASETS
LGALS9	COLEC12	3	SC001,SC002,SC003	1	1	1	0	3_DATASETS
LGALS9	HAVCR2	3	SC001,SC002,SC003	1	1	1	0	3_DATASETS
LGALS9	LRP1	3	SC001,SC002,SC003	1	1	1	0	3_DATASETS
LGALS9	MET	3	SC001,SC002,SC003	1	1	1	0	3_DATASETS
LGALS9	MRC2	3	SC001,SC002,SC003	1	1	1	0	3_DATASETS
LGALS9	PTPRC	3	SC001,SC002,SC003	1	1	1	0	3_DATASETS
LGALS9	PTPRK	3	SC001,SC002,SC003	1	1	1	0	3_DATASETS
LGALS9	SLC1A5	3	SC001,SC002,SC003	1	1	1	0	3_DATASETS
LGI1	ADAM22	1	SC003	0	0	1	0	SINGLE_DATASET
LGI1	ADAM23	1	SC003	0	0	1	0	SINGLE_DATASET
LGI3	ADAM23	1	SC001	1	0	0	0	SINGLE_DATASET
LGI3	FLOT1	1	SC001	1	0	0	0	SINGLE_DATASET
LGI3	STX1A	1	SC001	1	0	0	0	SINGLE_DATASET
LGI4	ADAM23	1	SC001	1	0	0	0	SINGLE_DATASET
LIF	IL6ST_LIFR	4	SC001,SC002,SC003,SC004	1	1	1	1	ALL_4_DATASETS
LIN7C	ABCA1	4	SC001,SC002,SC003,SC004	1	1	1	1	ALL_4_DATASETS
LIPC	LRP1	1	SC003	0	0	1	0	SINGLE_DATASET
LIPH	LPAR1	2	SC001,SC002	1	1	0	0	2_DATASETS
LIPH	LPAR2	3	SC001,SC002,SC003	1	1	1	0	3_DATASETS
LIPH	LPAR4	1	SC003	0	0	1	0	SINGLE_DATASET
LMAN1	MCFD2	4	SC001,SC002,SC003,SC004	1	1	1	1	ALL_4_DATASETS
LPL	CD44	3	SC001,SC002,SC003	1	1	1	0	3_DATASETS
LPL	LRP1	3	SC001,SC002,SC003	1	1	1	0	3_DATASETS
LPL	SDC1	3	SC001,SC002,SC003	1	1	1	0	3_DATASETS
LPL	VLDLR	2	SC001,SC003	1	0	1	0	2_DATASETS
LRIG1	EGFR	3	SC001,SC002,SC003	1	1	1	0	3_DATASETS
LRIG1	MET	3	SC001,SC002,SC003	1	1	1	0	3_DATASETS
LRIG2	EGFR	4	SC001,SC002,SC003,SC004	1	1	1	1	ALL_4_DATASETS
LRP1B	PLAUR	1	SC003	0	0	1	0	SINGLE_DATASET
LRPAP1	LDLR	4	SC001,SC002,SC003,SC004	1	1	1	1	ALL_4_DATASETS
LRPAP1	LRP1	4	SC001,SC002,SC003,SC004	1	1	1	1	ALL_4_DATASETS
LRPAP1	LRP8	4	SC001,SC002,SC003,SC004	1	1	1	1	ALL_4_DATASETS
LRPAP1	SORL1	4	SC001,SC002,SC003,SC004	1	1	1	1	ALL_4_DATASETS
LRPAP1	SORT1	4	SC001,SC002,SC003,SC004	1	1	1	1	ALL_4_DATASETS
LRPAP1	VLDLR	3	SC001,SC003,SC004	1	0	1	1	3_DATASETS
LTA	RIPK1	2	SC002,SC003	0	1	1	0	2_DATASETS
LTA	TNFRSF14	2	SC002,SC003	0	1	1	0	2_DATASETS
LTA	TNFRSF1A	2	SC002,SC003	0	1	1	0	2_DATASETS
LTA	TNFRSF1B	2	SC002,SC003	0	1	1	0	2_DATASETS
LTA_LTB	LTBR	2	SC002,SC003	0	1	1	0	2_DATASETS
LTB	CD40	3	SC001,SC002,SC003	1	1	1	0	3_DATASETS
LTB	TNFRSF1A	4	SC001,SC002,SC003,SC004	1	1	1	1	ALL_4_DATASETS
LTBP1	ITGB5	4	SC001,SC002,SC003,SC004	1	1	1	1	ALL_4_DATASETS
LTBP3	ITGB5	4	SC001,SC002,SC003,SC004	1	1	1	1	ALL_4_DATASETS
LUM	ITGB1	3	SC001,SC002,SC003	1	1	1	0	3_DATASETS
LYPD3	AGR2	2	SC001,SC003	1	0	1	0	2_DATASETS
MATN1	ITGA1	1	SC003	0	0	1	0	SINGLE_DATASET
MATN1	ITGB1	1	SC003	0	0	1	0	SINGLE_DATASET
MDK	ALK	1	SC003	0	0	1	0	SINGLE_DATASET
MDK	GPC2	3	SC001,SC003,SC004	1	0	1	1	3_DATASETS
MDK	ITGA4_ITGB1	4	SC001,SC002,SC003,SC004	1	1	1	1	ALL_4_DATASETS
MDK	ITGA6_ITGB1	4	SC001,SC002,SC003,SC004	1	1	1	1	ALL_4_DATASETS
MDK	LRP1	4	SC001,SC002,SC003,SC004	1	1	1	1	ALL_4_DATASETS
MDK	NCL	4	SC001,SC002,SC003,SC004	1	1	1	1	ALL_4_DATASETS
MDK	NOTCH2	4	SC001,SC002,SC003,SC004	1	1	1	1	ALL_4_DATASETS
MDK	PTPRZ1	3	SC001,SC002,SC003	1	1	1	0	3_DATASETS
MDK	SDC1	4	SC001,SC002,SC003,SC004	1	1	1	1	ALL_4_DATASETS
MDK	SDC2	4	SC001,SC002,SC003,SC004	1	1	1	1	ALL_4_DATASETS
MDK	SDC3	4	SC001,SC002,SC003,SC004	1	1	1	1	ALL_4_DATASETS
MDK	SDC4	4	SC001,SC002,SC003,SC004	1	1	1	1	ALL_4_DATASETS
MDK	SORL1	4	SC001,SC002,SC003,SC004	1	1	1	1	ALL_4_DATASETS
MDK	TSPAN1	3	SC001,SC002,SC003	1	1	1	0	3_DATASETS
MELTF	TFRC	4	SC001,SC002,SC003,SC004	1	1	1	1	ALL_4_DATASETS
MFAP2	NOTCH1	4	SC001,SC002,SC003,SC004	1	1	1	1	ALL_4_DATASETS
MFAP5	NOTCH1	4	SC001,SC002,SC003,SC004	1	1	1	1	ALL_4_DATASETS
MFGE8	ITGAV	4	SC001,SC002,SC003,SC004	1	1	1	1	ALL_4_DATASETS
MFGE8	ITGB3	4	SC001,SC002,SC003,SC004	1	1	1	1	ALL_4_DATASETS
MFGE8	ITGB5	4	SC001,SC002,SC003,SC004	1	1	1	1	ALL_4_DATASETS
MFGE8	PDGFRB	3	SC001,SC002,SC003	1	1	1	0	3_DATASETS
MFNG	NOTCH1	3	SC001,SC002,SC003	1	1	1	0	3_DATASETS
MFNG	NOTCH2	3	SC001,SC002,SC003	1	1	1	0	3_DATASETS
MIA	CDH7	1	SC003	0	0	1	0	SINGLE_DATASET
MIA	ITGA4	3	SC001,SC002,SC003	1	1	1	0	3_DATASETS
MIA	ITGA4_ITGB1	3	SC001,SC002,SC003	1	1	1	0	3_DATASETS
MIA	ITGA5	3	SC001,SC002,SC003	1	1	1	0	3_DATASETS
MIA	ITGA5_ITGB1	3	SC001,SC002,SC003	1	1	1	0	3_DATASETS
MICA	HCST_KLRK1	3	SC001,SC002,SC003	1	1	1	0	3_DATASETS
MICB	HCST_KLRK1	3	SC001,SC002,SC003	1	1	1	0	3_DATASETS
MIF	ACKR3	3	SC001,SC002,SC003	1	1	1	0	3_DATASETS
MIF	CD44_CD74	4	SC001,SC002,SC003,SC004	1	1	1	1	ALL_4_DATASETS
MIF	CD74_CXCR4	3	SC001,SC002,SC003	1	1	1	0	3_DATASETS
MIF	EGFR	4	SC001,SC002,SC003,SC004	1	1	1	1	ALL_4_DATASETS
MIF	TNFRSF10D	4	SC001,SC002,SC003,SC004	1	1	1	1	ALL_4_DATASETS
MIF	TNFRSF14	3	SC001,SC002,SC003	1	1	1	0	3_DATASETS
MMP1	CD44	2	SC001,SC002	1	1	0	0	2_DATASETS
MMP1	ITGA2	2	SC001,SC002	1	1	0	0	2_DATASETS
MMP2	FGFR1	4	SC001,SC002,SC003,SC004	1	1	1	1	ALL_4_DATASETS
MMP2	PECAM1	3	SC001,SC002,SC003	1	1	1	0	3_DATASETS
MMP7	CD151	4	SC001,SC002,SC003,SC004	1	1	1	1	ALL_4_DATASETS
MMP7	CD44	4	SC001,SC002,SC003,SC004	1	1	1	1	ALL_4_DATASETS
MMP7	ERBB4	2	SC001,SC003	1	0	1	0	2_DATASETS
MMP7	SDC1	4	SC001,SC002,SC003,SC004	1	1	1	1	ALL_4_DATASETS
MMP9	CD44	2	SC001,SC002	1	1	0	0	2_DATASETS
MMP9	EPHB2	2	SC001,SC002	1	1	0	0	2_DATASETS
MMP9	IFNAR1	2	SC001,SC002	1	1	0	0	2_DATASETS
MMP9	ITGAM	2	SC001,SC002	1	1	0	0	2_DATASETS
MMP9	LRP1	2	SC001,SC002	1	1	0	0	2_DATASETS
MMP9	RECK	2	SC001,SC002	1	1	0	0	2_DATASETS
MMRN2	CD248	2	SC001,SC002	1	1	0	0	2_DATASETS
MPZ	MPZL1	1	SC002	0	1	0	0	SINGLE_DATASET
MRC1	PTPRC	3	SC001,SC002,SC003	1	1	1	0	3_DATASETS
MST1	MST1R	2	SC001,SC003	1	0	1	0	2_DATASETS
MXRA5	AGER	2	SC001,SC003	1	0	1	0	2_DATASETS
MXRA5	AXL	4	SC001,SC002,SC003,SC004	1	1	1	1	ALL_4_DATASETS
MXRA5	CD69	3	SC001,SC002,SC003	1	1	1	0	3_DATASETS
MXRA5	ILDR1	1	SC003	0	0	1	0	SINGLE_DATASET
MXRA5	MAG	1	SC004	0	0	0	1	SINGLE_DATASET
MXRA5	MFAP3L	2	SC001,SC003	1	0	1	0	2_DATASETS
MXRA5	MPIG6B	1	SC003	0	0	1	0	SINGLE_DATASET
MXRA5	PILRA	3	SC001,SC002,SC003	1	1	1	0	3_DATASETS
MXRA5	PILRB	4	SC001,SC002,SC003,SC004	1	1	1	1	ALL_4_DATASETS
MXRA5	SCN2B	1	SC003	0	0	1	0	SINGLE_DATASET
MYL9	CD69	3	SC001,SC002,SC003	1	1	1	0	3_DATASETS
NAMPT	ADORA2A	3	SC001,SC002,SC003	1	1	1	0	3_DATASETS
NAMPT	INSR	4	SC001,SC002,SC003,SC004	1	1	1	1	ALL_4_DATASETS
NAMPT	ITGA5_ITGB1	4	SC001,SC002,SC003,SC004	1	1	1	1	ALL_4_DATASETS
NCAM1	CACNA1C	1	SC003	0	0	1	0	SINGLE_DATASET
NCAM1	FGFR1	2	SC002,SC003	0	1	1	0	2_DATASETS
NCAM1	FGFR2	2	SC002,SC003	0	1	1	0	2_DATASETS
NCAM1	GFRA1	2	SC002,SC003	0	1	1	0	2_DATASETS
NCAM1	NCAM2	1	SC003	0	0	1	0	SINGLE_DATASET
NCAM1	PTPRA	2	SC002,SC003	0	1	1	0	2_DATASETS
NCAM1	PTPRZ1	2	SC002,SC003	0	1	1	0	2_DATASETS
NCAM1	ROBO1	2	SC002,SC003	0	1	1	0	2_DATASETS
NCAM1	ROBO3	2	SC002,SC003	0	1	1	0	2_DATASETS
NECTIN1	CD96	3	SC001,SC002,SC003	1	1	1	0	3_DATASETS
NECTIN1	NECTIN4	3	SC001,SC002,SC003	1	1	1	0	3_DATASETS
NECTIN2	CD226	3	SC001,SC002,SC003	1	1	1	0	3_DATASETS
NECTIN2	CD96	4	SC001,SC002,SC003,SC004	1	1	1	1	ALL_4_DATASETS
NECTIN2	TIGIT	3	SC001,SC002,SC003	1	1	1	0	3_DATASETS
NECTIN3	CADM1	4	SC001,SC002,SC003,SC004	1	1	1	1	ALL_4_DATASETS
NECTIN3	NECTIN1	3	SC001,SC002,SC003	1	1	1	0	3_DATASETS
NECTIN3	NECTIN2	4	SC001,SC002,SC003,SC004	1	1	1	1	ALL_4_DATASETS
NECTIN3	PVR	4	SC001,SC002,SC003,SC004	1	1	1	1	ALL_4_DATASETS
NECTIN3	TIGIT	3	SC001,SC002,SC003	1	1	1	0	3_DATASETS
NECTIN4	TIGIT	3	SC001,SC002,SC003	1	1	1	0	3_DATASETS
NELL2	ROBO3	2	SC001,SC003	1	0	1	0	2_DATASETS
NFASC	CNTN1_CNTNAP1	1	SC003	0	0	1	0	SINGLE_DATASET
NGF	BEX3	1	SC002	0	1	0	0	SINGLE_DATASET
NGF	ERBB2	1	SC002	0	1	0	0	SINGLE_DATASET
NGF	KIDINS220	1	SC002	0	1	0	0	SINGLE_DATASET
NGF	MAGED1	1	SC002	0	1	0	0	SINGLE_DATASET
NGF	NGFR	1	SC002	0	1	0	0	SINGLE_DATASET
NGF	NTRK1	1	SC002	0	1	0	0	SINGLE_DATASET
NGF	SORT1	1	SC002	0	1	0	0	SINGLE_DATASET
NID1	ITGA3	3	SC001,SC002,SC004	1	1	0	1	3_DATASETS
NID1	ITGAV	3	SC001,SC002,SC004	1	1	0	1	3_DATASETS
NID1	ITGB1	3	SC001,SC002,SC004	1	1	0	1	3_DATASETS
NID1	ITGB3	3	SC001,SC002,SC004	1	1	0	1	3_DATASETS
NID1	PTPRF	3	SC001,SC002,SC004	1	1	0	1	3_DATASETS
NLGN1	NRXN1	1	SC003	0	0	1	0	SINGLE_DATASET
NLGN1	NRXN2	1	SC003	0	0	1	0	SINGLE_DATASET
NLGN1	NRXN3	1	SC003	0	0	1	0	SINGLE_DATASET
NLGN3	NRXN1	2	SC002,SC003	0	1	1	0	2_DATASETS
NLGN3	NRXN2	1	SC003	0	0	1	0	SINGLE_DATASET
NLGN3	NRXN3	3	SC001,SC002,SC003	1	1	1	0	3_DATASETS
NLGN4X	NRXN1	2	SC002,SC003	0	1	1	0	2_DATASETS
NMU	ADRA2A	1	SC002	0	1	0	0	SINGLE_DATASET
NMU	GRM7	1	SC001	1	0	0	0	SINGLE_DATASET
NMU	NMUR1	1	SC001	1	0	0	0	SINGLE_DATASET
NPB	ADRA2A	1	SC003	0	0	1	0	SINGLE_DATASET
NPB	GRM7	2	SC001,SC003	1	0	1	0	2_DATASETS
NPPC	NPR2	1	SC003	0	0	1	0	SINGLE_DATASET
NPPC	NPR3	1	SC003	0	0	1	0	SINGLE_DATASET
NPTX1	NPTXR	1	SC003	0	0	1	0	SINGLE_DATASET
NPTX2	NPTXR	1	SC003	0	0	1	0	SINGLE_DATASET
NPW	GRM7	1	SC001	1	0	0	0	SINGLE_DATASET
NRG1	ADGRL1	4	SC001,SC002,SC003,SC004	1	1	1	1	ALL_4_DATASETS
NRG1	EGFR	4	SC001,SC002,SC003,SC004	1	1	1	1	ALL_4_DATASETS
NRG1	ERBB2_ERBB3	3	SC001,SC002,SC003	1	1	1	0	3_DATASETS
NRG1	ERBB2_ERBB4	2	SC001,SC003	1	0	1	0	2_DATASETS
NRG1	GPC1	4	SC001,SC002,SC003,SC004	1	1	1	1	ALL_4_DATASETS
NRG1	HLA-DPB1	4	SC001,SC002,SC003,SC004	1	1	1	1	ALL_4_DATASETS
NRG1	ITGAV_ITGB3	4	SC001,SC002,SC003,SC004	1	1	1	1	ALL_4_DATASETS
NRG1	LGR4	4	SC001,SC002,SC003,SC004	1	1	1	1	ALL_4_DATASETS
NRG1	LSR	4	SC001,SC002,SC003,SC004	1	1	1	1	ALL_4_DATASETS
NRG1	MS4A4A	3	SC001,SC002,SC003	1	1	1	0	3_DATASETS
NRG1	NETO2	4	SC001,SC002,SC003,SC004	1	1	1	1	ALL_4_DATASETS
NRG4	EGFR	2	SC001,SC003	1	0	1	0	2_DATASETS
NRG4	ERBB2_ERBB4	2	SC001,SC003	1	0	1	0	2_DATASETS
NRXN1	NLGN1	1	SC003	0	0	1	0	SINGLE_DATASET
NRXN1	NLGN3	2	SC002,SC003	0	1	1	0	2_DATASETS
NRXN2	NLGN1	1	SC003	0	0	1	0	SINGLE_DATASET
NRXN2	NLGN3	1	SC003	0	0	1	0	SINGLE_DATASET
NRXN3	NLGN1	1	SC003	0	0	1	0	SINGLE_DATASET
NRXN3	NLGN3	3	SC001,SC002,SC003	1	1	1	0	3_DATASETS
NTF3	NGFR	1	SC002	0	1	0	0	SINGLE_DATASET
NTF3	NTRK1	1	SC002	0	1	0	0	SINGLE_DATASET
NTF3	NTRK2	1	SC002	0	1	0	0	SINGLE_DATASET
NTF3	NTRK3	1	SC002	0	1	0	0	SINGLE_DATASET
NTF4	BEX3	1	SC001	1	0	0	0	SINGLE_DATASET
NTF4	NTRK1	1	SC001	1	0	0	0	SINGLE_DATASET
NTF4	NTRK2	1	SC001	1	0	0	0	SINGLE_DATASET
NTN1	ADORA2B	2	SC001,SC003	1	0	1	0	2_DATASETS
NTN1	MCAM	2	SC001,SC003	1	0	1	0	2_DATASETS
NTN1	NEO1	2	SC001,SC003	1	0	1	0	2_DATASETS
NTN1	UNC5A	1	SC003	0	0	1	0	SINGLE_DATASET
NTN1	UNC5B	2	SC001,SC003	1	0	1	0	2_DATASETS
NTN4	UNC5A	1	SC003	0	0	1	0	SINGLE_DATASET
NTNG1	LRRC4C	1	SC003	0	0	1	0	SINGLE_DATASET
NTNG2	LRRC4C	1	SC003	0	0	1	0	SINGLE_DATASET
NTRK3	PTPRD	2	SC002,SC003	0	1	1	0	2_DATASETS
NTRK3	PTPRF	2	SC002,SC003	0	1	1	0	2_DATASETS
NTRK3	PTPRS	2	SC002,SC003	0	1	1	0	2_DATASETS
NTS	SORT1	1	SC001	1	0	0	0	SINGLE_DATASET
NUCB2	ERAP1	3	SC001,SC002,SC003	1	1	1	0	3_DATASETS
OLFM2	ROBO2	1	SC003	0	0	1	0	SINGLE_DATASET
OMG	LINGO1	1	SC003	0	0	1	0	SINGLE_DATASET
OMG	RTN4R	1	SC001	1	0	0	0	SINGLE_DATASET
OMG	TNFRSF1B	2	SC001,SC003	1	0	1	0	2_DATASETS
OSM	IL6ST_LIFR	1	SC002	0	1	0	0	SINGLE_DATASET
OSM	IL6ST_OSMR	1	SC002	0	1	0	0	SINGLE_DATASET
OSTN	NPR3	1	SC003	0	0	1	0	SINGLE_DATASET
PAM	DPP4	4	SC001,SC002,SC003,SC004	1	1	1	1	ALL_4_DATASETS
PAM	FAP	3	SC001,SC002,SC003	1	1	1	0	3_DATASETS
PDAP1	PDGFRB	3	SC001,SC002,SC003	1	1	1	0	3_DATASETS
PDCD1LG2	PDCD2	1	SC002	0	1	0	0	SINGLE_DATASET
PDCD1LG2	RGMB	1	SC002	0	1	0	0	SINGLE_DATASET
PDGFA	PDGFRA	4	SC001,SC002,SC003,SC004	1	1	1	1	ALL_4_DATASETS
PDGFA	PDGFRB	3	SC001,SC002,SC003	1	1	1	0	3_DATASETS
PDGFB	ADGRV1	1	SC003	0	0	1	0	SINGLE_DATASET
PDGFB	ITGAV	3	SC002,SC003,SC004	0	1	1	1	3_DATASETS
PDGFB	LRP1	3	SC002,SC003,SC004	0	1	1	1	3_DATASETS
PDGFB	PDGFRA_PDGFRB	2	SC002,SC003	0	1	1	0	2_DATASETS
PDGFB	S1PR1	2	SC002,SC003	0	1	1	0	2_DATASETS
PDGFC	FLT1	3	SC001,SC002,SC003	1	1	1	0	3_DATASETS
PDGFC	FLT4	2	SC002,SC003	0	1	1	0	2_DATASETS
PDGFC	KDR	4	SC001,SC002,SC003,SC004	1	1	1	1	ALL_4_DATASETS
PDGFC	PDGFRA	4	SC001,SC002,SC003,SC004	1	1	1	1	ALL_4_DATASETS
PDGFC	PDGFRB	3	SC001,SC002,SC003	1	1	1	0	3_DATASETS
PDGFD	PDGFRA_PDGFRB	3	SC001,SC002,SC003	1	1	1	0	3_DATASETS
PGF	FLT1_KDR	3	SC001,SC002,SC003	1	1	1	0	3_DATASETS
PGF	NRP1	4	SC001,SC002,SC003,SC004	1	1	1	1	ALL_4_DATASETS
PGF	NRP2	4	SC001,SC002,SC003,SC004	1	1	1	1	ALL_4_DATASETS
PI16	MFAP3L	1	SC001	1	0	0	0	SINGLE_DATASET
PI16	TNFRSF21	2	SC001,SC002	1	1	0	0	2_DATASETS
PI3	PLD2	1	SC001	1	0	0	0	SINGLE_DATASET
PIGA	PIGR	3	SC001,SC002,SC003	1	1	1	0	3_DATASETS
PIGF	FLT1	3	SC001,SC002,SC003	1	1	1	0	3_DATASETS
PIP	CD4	2	SC001,SC003	1	0	1	0	2_DATASETS
PIP	NPTN	2	SC001,SC003	1	0	1	0	2_DATASETS
PKM	CD44	4	SC001,SC002,SC003,SC004	1	1	1	1	ALL_4_DATASETS
PLA2G10	PLA2R1	3	SC001,SC002,SC003	1	1	1	0	3_DATASETS
PLAT	ITGAM	3	SC001,SC002,SC003	1	1	1	0	3_DATASETS
PLAT	LRP1	4	SC001,SC002,SC003,SC004	1	1	1	1	ALL_4_DATASETS
PLAU	IGF2R	4	SC001,SC002,SC003,SC004	1	1	1	1	ALL_4_DATASETS
PLAU	ITGA3	4	SC001,SC002,SC003,SC004	1	1	1	1	ALL_4_DATASETS
PLAU	ITGA5	4	SC001,SC002,SC003,SC004	1	1	1	1	ALL_4_DATASETS
PLAU	ITGAM	3	SC001,SC002,SC003	1	1	1	0	3_DATASETS
PLAU	ITGB1	4	SC001,SC002,SC003,SC004	1	1	1	1	ALL_4_DATASETS
PLAU	ITGB5	4	SC001,SC002,SC003,SC004	1	1	1	1	ALL_4_DATASETS
PLAU	LRP1	4	SC001,SC002,SC003,SC004	1	1	1	1	ALL_4_DATASETS
PLAU	PLAUR	4	SC001,SC002,SC003,SC004	1	1	1	1	ALL_4_DATASETS
PLAU	ST14	4	SC001,SC002,SC003,SC004	1	1	1	1	ALL_4_DATASETS
PLAU	VLDLR	3	SC001,SC003,SC004	1	0	1	1	3_DATASETS
PLG	F2R	1	SC003	0	0	1	0	SINGLE_DATASET
PLG	F2RL1	1	SC003	0	0	1	0	SINGLE_DATASET
PLG	F2RL2	1	SC003	0	0	1	0	SINGLE_DATASET
PLG	F2RL3	1	SC003	0	0	1	0	SINGLE_DATASET
PLG	F3	1	SC003	0	0	1	0	SINGLE_DATASET
PLG	FLT1	1	SC003	0	0	1	0	SINGLE_DATASET
PLG	IGF2R	1	SC003	0	0	1	0	SINGLE_DATASET
PLG	ITGA9	1	SC003	0	0	1	0	SINGLE_DATASET
PLG	ITGAM	1	SC003	0	0	1	0	SINGLE_DATASET
PLG	ITGB1	1	SC003	0	0	1	0	SINGLE_DATASET
PLG	ITGB2	1	SC003	0	0	1	0	SINGLE_DATASET
PLG	PARD3	1	SC003	0	0	1	0	SINGLE_DATASET
PLG	PLAUR	1	SC003	0	0	1	0	SINGLE_DATASET
PLG	PLGRKT	1	SC003	0	0	1	0	SINGLE_DATASET
PLTP	ABCA1	4	SC001,SC002,SC003,SC004	1	1	1	1	ALL_4_DATASETS
PNOC	ADRA2A	2	SC002,SC003	0	1	1	0	2_DATASETS
PNOC	GRM7	2	SC001,SC003	1	0	1	0	2_DATASETS
PODXL	SELL	3	SC001,SC002,SC003	1	1	1	0	3_DATASETS
PODXL2	SELL	3	SC001,SC002,SC003	1	1	1	0	3_DATASETS
POMC	ADRB2	1	SC001	1	0	0	0	SINGLE_DATASET
POMC	GRM7	1	SC001	1	0	0	0	SINGLE_DATASET
POMC	MC1R	1	SC001	1	0	0	0	SINGLE_DATASET
POMC	RAMP2	1	SC001	1	0	0	0	SINGLE_DATASET
POMC	TSHR	1	SC001	1	0	0	0	SINGLE_DATASET
POMC	VIPR1	1	SC001	1	0	0	0	SINGLE_DATASET
POSTN	ITGAV_ITGB3	4	SC001,SC002,SC003,SC004	1	1	1	1	ALL_4_DATASETS
POSTN	ITGAV_ITGB5	4	SC001,SC002,SC003,SC004	1	1	1	1	ALL_4_DATASETS
POSTN	PTK7	4	SC001,SC002,SC003,SC004	1	1	1	1	ALL_4_DATASETS
PRG4	CD44	1	SC003	0	0	1	0	SINGLE_DATASET
PRG4	TLR2	1	SC003	0	0	1	0	SINGLE_DATASET
PRG4	TLR4	1	SC003	0	0	1	0	SINGLE_DATASET
PRND	RPSA	1	SC003	0	0	1	0	SINGLE_DATASET
PROC	ITGAM	2	SC001,SC003	1	0	1	0	2_DATASETS
PROC	PROCR	2	SC001,SC003	1	0	1	0	2_DATASETS
PROC	TEK	1	SC001	1	0	0	0	SINGLE_DATASET
PROC	THBD	2	SC001,SC003	1	0	1	0	2_DATASETS
PROS1	AXL	4	SC001,SC002,SC003,SC004	1	1	1	1	ALL_4_DATASETS
PROS1	MERTK	3	SC001,SC002,SC003	1	1	1	0	3_DATASETS
PROS1	TYRO3	2	SC001,SC003	1	0	1	0	2_DATASETS
PRSS2	F2R	1	SC002	0	1	0	0	SINGLE_DATASET
PRSS2	F2RL1	1	SC002	0	1	0	0	SINGLE_DATASET
PRSS2	F2RL3	1	SC002	0	1	0	0	SINGLE_DATASET
PRSS2	PARD3	1	SC002	0	1	0	0	SINGLE_DATASET
PSAP	AR	3	SC001,SC002,SC003	1	1	1	0	3_DATASETS
PSAP	CELSR1	4	SC001,SC002,SC003,SC004	1	1	1	1	ALL_4_DATASETS
PSAP	GPR37	1	SC001	1	0	0	0	SINGLE_DATASET
PSAP	GPR37L1	1	SC003	0	0	1	0	SINGLE_DATASET
PSAP	LRP1	4	SC001,SC002,SC003,SC004	1	1	1	1	ALL_4_DATASETS
PSAP	SORT1	4	SC001,SC002,SC003,SC004	1	1	1	1	ALL_4_DATASETS
PSEN1	CD44	4	SC001,SC002,SC003,SC004	1	1	1	1	ALL_4_DATASETS
PSEN1	NCSTN	4	SC001,SC002,SC003,SC004	1	1	1	1	ALL_4_DATASETS
PSEN1	NOTCH1	4	SC001,SC002,SC003,SC004	1	1	1	1	ALL_4_DATASETS
PSEN1	NOTCH2	4	SC001,SC002,SC003,SC004	1	1	1	1	ALL_4_DATASETS
PSEN1	NOTCH3	4	SC001,SC002,SC003,SC004	1	1	1	1	ALL_4_DATASETS
PSEN1	NOTCH4	2	SC001,SC003	1	0	1	0	2_DATASETS
PSPN	GFRA1	1	SC003	0	0	1	0	SINGLE_DATASET
PSPN	SDC3	1	SC003	0	0	1	0	SINGLE_DATASET
PTDSS1	JMJD6	4	SC001,SC002,SC003,SC004	1	1	1	1	ALL_4_DATASETS
PTDSS1	SCARB1	4	SC001,SC002,SC003,SC004	1	1	1	1	ALL_4_DATASETS
PTGS2	ALOX5	3	SC001,SC002,SC003	1	1	1	0	3_DATASETS
PTGS2	CAV1	4	SC001,SC002,SC003,SC004	1	1	1	1	ALL_4_DATASETS
PTHLH	ADRB2	3	SC001,SC002,SC003	1	1	1	0	3_DATASETS
PTHLH	PRLHR	1	SC003	0	0	1	0	SINGLE_DATASET
PTHLH	PTH2R	2	SC003,SC004	0	0	1	1	2_DATASETS
PTHLH	RAMP2	2	SC001,SC002	1	1	0	0	2_DATASETS
PTHLH	TSHR	3	SC001,SC002,SC003	1	1	1	0	3_DATASETS
PTHLH	VIPR1	3	SC001,SC002,SC003	1	1	1	0	3_DATASETS
PTN	ALK	1	SC003	0	0	1	0	SINGLE_DATASET
PTN	CDH10	1	SC003	0	0	1	0	SINGLE_DATASET
PTN	ITGAV_ITGB3	3	SC001,SC002,SC003	1	1	1	0	3_DATASETS
PTN	NCL	3	SC001,SC002,SC003	1	1	1	0	3_DATASETS
PTN	PLXNB2	3	SC001,SC002,SC003	1	1	1	0	3_DATASETS
PTN	PTPRB	3	SC001,SC002,SC003	1	1	1	0	3_DATASETS
PTN	PTPRS	3	SC001,SC002,SC003	1	1	1	0	3_DATASETS
PTN	PTPRZ1	3	SC001,SC002,SC003	1	1	1	0	3_DATASETS
PTN	SDC1	3	SC001,SC002,SC003	1	1	1	0	3_DATASETS
PTN	SDC2	3	SC001,SC002,SC003	1	1	1	0	3_DATASETS
PTN	SDC3	3	SC001,SC002,SC003	1	1	1	0	3_DATASETS
PTN	SDC4	3	SC001,SC002,SC003	1	1	1	0	3_DATASETS
PTPN6	CLEC12A	3	SC001,SC002,SC003	1	1	1	0	3_DATASETS
PTPN6	EGFR	4	SC001,SC002,SC003,SC004	1	1	1	1	ALL_4_DATASETS
QDPR	DYSF	3	SC001,SC002,SC003	1	1	1	0	3_DATASETS
RAET1E	HCST_KLRK1	2	SC001,SC003	1	0	1	0	2_DATASETS
RAET1G	HCST_KLRK1	1	SC003	0	0	1	0	SINGLE_DATASET
RAET1L	HCST_KLRK1	3	SC001,SC002,SC003	1	1	1	0	3_DATASETS
RARRES1	NRP2	4	SC001,SC002,SC003,SC004	1	1	1	1	ALL_4_DATASETS
RARRES2	CCRL2	2	SC001,SC002	1	1	0	0	2_DATASETS
RARRES2	CMKLR1	2	SC001,SC002	1	1	0	0	2_DATASETS
RELN	ITGA3_ITGB1	3	SC001,SC002,SC003	1	1	1	0	3_DATASETS
RELN	LRP8	3	SC001,SC002,SC003	1	1	1	0	3_DATASETS
RELN	VLDLR	2	SC001,SC003	1	0	1	0	2_DATASETS
RGMA	BMPR1B	2	SC001,SC003	1	0	1	0	2_DATASETS
RGMA	BMPR2	4	SC001,SC002,SC003,SC004	1	1	1	1	ALL_4_DATASETS
RGMA	HFE	3	SC001,SC002,SC003	1	1	1	0	3_DATASETS
RGMA	NEO1	3	SC001,SC002,SC003	1	1	1	0	3_DATASETS
RGMA	TFR2	2	SC001,SC003	1	0	1	0	2_DATASETS
RGMB	BMPR1B	2	SC001,SC003	1	0	1	0	2_DATASETS
RGMB	BMPR2	3	SC001,SC002,SC003	1	1	1	0	3_DATASETS
RGMB	NEO1	3	SC001,SC002,SC003	1	1	1	0	3_DATASETS
RIMS1	CACNA1C	1	SC003	0	0	1	0	SINGLE_DATASET
RIMS1	SLC17A7	1	SC003	0	0	1	0	SINGLE_DATASET
RIMS1	SLC18A2	1	SC003	0	0	1	0	SINGLE_DATASET
RIMS2	ABCA1	4	SC001,SC002,SC003,SC004	1	1	1	1	ALL_4_DATASETS
RLN2	ADRB2	1	SC001	1	0	0	0	SINGLE_DATASET
RLN2	RAMP2	1	SC001	1	0	0	0	SINGLE_DATASET
RLN2	TSHR	1	SC001	1	0	0	0	SINGLE_DATASET
RLN2	VIPR1	1	SC001	1	0	0	0	SINGLE_DATASET
RPS19	C5AR1	3	SC001,SC002,SC003	1	1	1	0	3_DATASETS
RSPO3	LGR4	3	SC001,SC002,SC004	1	1	0	1	3_DATASETS
RSPO3	LGR5	1	SC002	0	1	0	0	SINGLE_DATASET
RSPO3	LGR6	1	SC002	0	1	0	0	SINGLE_DATASET
RSPO3	RNF43	2	SC001,SC002	1	1	0	0	2_DATASETS
RSPO3	SDC4	3	SC001,SC002,SC004	1	1	0	1	3_DATASETS
RSPO3	ZNRF3	3	SC001,SC002,SC004	1	1	0	1	3_DATASETS
RTN4	CNTNAP1	1	SC003	0	0	1	0	SINGLE_DATASET
RTN4	GJB2	3	SC001,SC002,SC003	1	1	1	0	3_DATASETS
RTN4	LINGO1	2	SC002,SC003	0	1	1	0	2_DATASETS
RTN4	NGFR	1	SC002	0	1	0	0	SINGLE_DATASET
RTN4	RTN4R	1	SC001	1	0	0	0	SINGLE_DATASET
RTN4	S1PR2	4	SC001,SC002,SC003,SC004	1	1	1	1	ALL_4_DATASETS
RTN4	TNFRSF19	3	SC001,SC002,SC003	1	1	1	0	3_DATASETS
S100A1	AGER	1	SC003	0	0	1	0	SINGLE_DATASET
S100A1	RYR1	1	SC003	0	0	1	0	SINGLE_DATASET
S100A1	RYR2	1	SC003	0	0	1	0	SINGLE_DATASET
S100A1	TLR4	3	SC002,SC003,SC004	0	1	1	1	3_DATASETS
S100A1	TRPM3	3	SC002,SC003,SC004	0	1	1	1	3_DATASETS
S100A10	TRPV6	1	SC003	0	0	1	0	SINGLE_DATASET
S100A4	EGFR	4	SC001,SC002,SC003,SC004	1	1	1	1	ALL_4_DATASETS
S100A4	ERBB2	4	SC001,SC002,SC003,SC004	1	1	1	1	ALL_4_DATASETS
S100A4	ERBB3	4	SC001,SC002,SC003,SC004	1	1	1	1	ALL_4_DATASETS
S100A8	AGER	2	SC001,SC003	1	0	1	0	2_DATASETS
S100A8	CD36	3	SC001,SC002,SC003	1	1	1	0	3_DATASETS
S100A8	CD68	3	SC001,SC002,SC003	1	1	1	0	3_DATASETS
S100A8	CD69	3	SC001,SC002,SC003	1	1	1	0	3_DATASETS
S100A8	ITGB2	3	SC001,SC002,SC003	1	1	1	0	3_DATASETS
S100A8	TLR4	3	SC001,SC002,SC003	1	1	1	0	3_DATASETS
S100A9	AGER	2	SC001,SC003	1	0	1	0	2_DATASETS
S100A9	CD36	3	SC001,SC002,SC003	1	1	1	0	3_DATASETS
S100A9	CD68	4	SC001,SC002,SC003,SC004	1	1	1	1	ALL_4_DATASETS
S100A9	ITGB2	3	SC001,SC002,SC003	1	1	1	0	3_DATASETS
S100A9	TLR4	4	SC001,SC002,SC003,SC004	1	1	1	1	ALL_4_DATASETS
S100B	AGER	2	SC001,SC003	1	0	1	0	2_DATASETS
SAA1	ADRA2A	1	SC003	0	0	1	0	SINGLE_DATASET
SAA1	CD36	2	SC001,SC003	1	0	1	0	2_DATASETS
SAA1	FPR1	2	SC001,SC003	1	0	1	0	2_DATASETS
SAA1	FPR2	2	SC001,SC003	1	0	1	0	2_DATASETS
SAA1	GRM7	2	SC001,SC003	1	0	1	0	2_DATASETS
SAA1	SCARB1	3	SC001,SC003,SC004	1	0	1	1	3_DATASETS
SAA1	TLR2	3	SC001,SC003,SC004	1	0	1	1	3_DATASETS
SCEL	ENG	3	SC001,SC002,SC004	1	1	0	1	3_DATASETS
SCGB3A1	MARCO	2	SC001,SC003	1	0	1	0	2_DATASETS
SCGB3A1	NOTCH3	2	SC001,SC003	1	0	1	0	2_DATASETS
SCGB3A2	MARCO	2	SC001,SC003	1	0	1	0	2_DATASETS
SCT	ADRB2	2	SC002,SC003	0	1	1	0	2_DATASETS
SCT	RAMP2	1	SC002	0	1	0	0	SINGLE_DATASET
SCT	TSHR	2	SC002,SC003	0	1	1	0	2_DATASETS
SCT	VIPR1	2	SC002,SC003	0	1	1	0	2_DATASETS
SCT	VIPR2	2	SC002,SC003	0	1	1	0	2_DATASETS
SCUBE2	KDR	2	SC001,SC003	1	0	1	0	2_DATASETS
SDC2	PTPRJ	4	SC001,SC002,SC003,SC004	1	1	1	1	ALL_4_DATASETS
SECTM1	CD7	4	SC001,SC002,SC003,SC004	1	1	1	1	ALL_4_DATASETS
SELL	PODXL	3	SC001,SC002,SC003	1	1	1	0	3_DATASETS
SELPLG	ESAM	3	SC001,SC002,SC003	1	1	1	0	3_DATASETS
SELPLG	ITGAM	3	SC001,SC002,SC003	1	1	1	0	3_DATASETS
SELPLG	ITGB2	3	SC001,SC002,SC003	1	1	1	0	3_DATASETS
SELPLG	SELL	3	SC001,SC002,SC003	1	1	1	0	3_DATASETS
SELPLG	SELP	1	SC002	0	1	0	0	SINGLE_DATASET
SEMA3A	NRP1_PLXNA1	3	SC001,SC003,SC004	1	0	1	1	3_DATASETS
SEMA3A	NRP1_PLXNA2	3	SC001,SC003,SC004	1	0	1	1	3_DATASETS
SEMA3A	NRP1_PLXNA3	3	SC001,SC003,SC004	1	0	1	1	3_DATASETS
SEMA3A	NRP1_PLXNA4	1	SC003	0	0	1	0	SINGLE_DATASET
SEMA3A	NRP2	3	SC001,SC003,SC004	1	0	1	1	3_DATASETS
SEMA3B	NRP1_PLXNA1	4	SC001,SC002,SC003,SC004	1	1	1	1	ALL_4_DATASETS
SEMA3B	NRP1_PLXNA2	4	SC001,SC002,SC003,SC004	1	1	1	1	ALL_4_DATASETS
SEMA3B	NRP1_PLXNA3	3	SC001,SC003,SC004	1	0	1	1	3_DATASETS
SEMA3B	NRP1_PLXNA4	1	SC003	0	0	1	0	SINGLE_DATASET
SEMA3B	NRP2_PLXNA1	4	SC001,SC002,SC003,SC004	1	1	1	1	ALL_4_DATASETS
SEMA3B	NRP2_PLXNA2	4	SC001,SC002,SC003,SC004	1	1	1	1	ALL_4_DATASETS
SEMA3B	NRP2_PLXNA3	4	SC001,SC002,SC003,SC004	1	1	1	1	ALL_4_DATASETS
SEMA3B	NRP2_PLXNA4	1	SC003	0	0	1	0	SINGLE_DATASET
SEMA3C	NRP1_NRP2_PLXND1	4	SC001,SC002,SC003,SC004	1	1	1	1	ALL_4_DATASETS
SEMA3C	NRP1_PLXNA1	4	SC001,SC002,SC003,SC004	1	1	1	1	ALL_4_DATASETS
SEMA3C	NRP1_PLXNA2	4	SC001,SC002,SC003,SC004	1	1	1	1	ALL_4_DATASETS
SEMA3C	NRP1_PLXNA3	3	SC001,SC003,SC004	1	0	1	1	3_DATASETS
SEMA3C	NRP1_PLXNA4	1	SC003	0	0	1	0	SINGLE_DATASET
SEMA3C	NRP2_PLXNA1	4	SC001,SC002,SC003,SC004	1	1	1	1	ALL_4_DATASETS
SEMA3C	NRP2_PLXNA2	4	SC001,SC002,SC003,SC004	1	1	1	1	ALL_4_DATASETS
SEMA3C	NRP2_PLXNA3	4	SC001,SC002,SC003,SC004	1	1	1	1	ALL_4_DATASETS
SEMA3C	NRP2_PLXNA4	1	SC003	0	0	1	0	SINGLE_DATASET
SEMA3D	NRP1_PLXNA1	2	SC001,SC003	1	0	1	0	2_DATASETS
SEMA3D	NRP1_PLXNA2	2	SC001,SC003	1	0	1	0	2_DATASETS
SEMA3D	NRP1_PLXNA3	2	SC001,SC003	1	0	1	0	2_DATASETS
SEMA3D	NRP1_PLXNA4	1	SC003	0	0	1	0	SINGLE_DATASET
SEMA3D	NRP2_PLXNA1	2	SC001,SC003	1	0	1	0	2_DATASETS
SEMA3D	NRP2_PLXNA2	2	SC001,SC003	1	0	1	0	2_DATASETS
SEMA3D	NRP2_PLXNA3	2	SC001,SC003	1	0	1	0	2_DATASETS
SEMA3D	NRP2_PLXNA4	1	SC003	0	0	1	0	SINGLE_DATASET
SEMA3D	PLXND1	2	SC001,SC003	1	0	1	0	2_DATASETS
SEMA3E	NRP1	4	SC001,SC002,SC003,SC004	1	1	1	1	ALL_4_DATASETS
SEMA3E	NRP2	4	SC001,SC002,SC003,SC004	1	1	1	1	ALL_4_DATASETS
SEMA3E	PLXND1	4	SC001,SC002,SC003,SC004	1	1	1	1	ALL_4_DATASETS
SEMA3F	NRP1	4	SC001,SC002,SC003,SC004	1	1	1	1	ALL_4_DATASETS
SEMA3F	NRP2_PLXNA1	4	SC001,SC002,SC003,SC004	1	1	1	1	ALL_4_DATASETS
SEMA3F	NRP2_PLXNA2	4	SC001,SC002,SC003,SC004	1	1	1	1	ALL_4_DATASETS
SEMA3F	NRP2_PLXNA3	4	SC001,SC002,SC003,SC004	1	1	1	1	ALL_4_DATASETS
SEMA3F	NRP2_PLXNA4	1	SC003	0	0	1	0	SINGLE_DATASET
SEMA3G	FCGR2A	2	SC001,SC002	1	1	0	0	2_DATASETS
SEMA3G	NRP2_PLXNA1	2	SC001,SC002	1	1	0	0	2_DATASETS
SEMA3G	NRP2_PLXNA2	2	SC001,SC002	1	1	0	0	2_DATASETS
SEMA3G	NRP2_PLXNA3	2	SC001,SC002	1	1	0	0	2_DATASETS
SEMA4A	NRP1_PLXNA1	3	SC001,SC002,SC003	1	1	1	0	3_DATASETS
SEMA4A	NRP1_PLXNA2	3	SC001,SC002,SC003	1	1	1	0	3_DATASETS
SEMA4A	NRP1_PLXNA3	2	SC001,SC003	1	0	1	0	2_DATASETS
SEMA4A	NRP1_PLXNA4	1	SC003	0	0	1	0	SINGLE_DATASET
SEMA4A	PLXNB1	3	SC001,SC002,SC003	1	1	1	0	3_DATASETS
SEMA4A	PLXNB2	3	SC001,SC002,SC003	1	1	1	0	3_DATASETS
SEMA4A	PLXNB3	1	SC003	0	0	1	0	SINGLE_DATASET
SEMA4A	PLXND1	3	SC001,SC002,SC003	1	1	1	0	3_DATASETS
SEMA4B	DCBLD2	4	SC001,SC002,SC003,SC004	1	1	1	1	ALL_4_DATASETS
SEMA4C	PLXNB2	4	SC001,SC002,SC003,SC004	1	1	1	1	ALL_4_DATASETS
SEMA4D	CD72	3	SC001,SC002,SC003	1	1	1	0	3_DATASETS
SEMA4D	ERBB2	3	SC001,SC002,SC003	1	1	1	0	3_DATASETS
SEMA4D	MET	3	SC001,SC002,SC003	1	1	1	0	3_DATASETS
SEMA4D	PLXNB1	3	SC001,SC002,SC003	1	1	1	0	3_DATASETS
SEMA4D	PLXNB2	3	SC001,SC002,SC003	1	1	1	0	3_DATASETS
SEMA4D	PLXNB3	1	SC003	0	0	1	0	SINGLE_DATASET
SEMA4F	NRP2	4	SC001,SC002,SC003,SC004	1	1	1	1	ALL_4_DATASETS
SEMA4G	PLXNB2	2	SC002,SC003	0	1	1	0	2_DATASETS
SEMA5A	MET	3	SC001,SC002,SC003	1	1	1	0	3_DATASETS
SEMA5A	PLXNA1	3	SC001,SC002,SC003	1	1	1	0	3_DATASETS
SEMA5A	PLXNA3	3	SC001,SC002,SC003	1	1	1	0	3_DATASETS
SEMA5A	PLXNB3	1	SC003	0	0	1	0	SINGLE_DATASET
SEMA5B	PLXNA1	1	SC003	0	0	1	0	SINGLE_DATASET
SEMA5B	PLXNA3	1	SC003	0	0	1	0	SINGLE_DATASET
SEMA6A	PLXNA2	3	SC001,SC002,SC003	1	1	1	0	3_DATASETS
SEMA6A	PLXNA4	1	SC003	0	0	1	0	SINGLE_DATASET
SEMA6B	PLXNA2	4	SC001,SC002,SC003,SC004	1	1	1	1	ALL_4_DATASETS
SEMA6B	PLXNA4	1	SC003	0	0	1	0	SINGLE_DATASET
SEMA6D	KDR_PLXNA1	2	SC001,SC003	1	0	1	0	2_DATASETS
SERPINA1	LRP1	3	SC001,SC002,SC003	1	1	1	0	3_DATASETS
SERPINE1	ITGB5	4	SC001,SC002,SC003,SC004	1	1	1	1	ALL_4_DATASETS
SERPINE1	LRP1	4	SC001,SC002,SC003,SC004	1	1	1	1	ALL_4_DATASETS
SERPINE1	PLAUR	4	SC001,SC002,SC003,SC004	1	1	1	1	ALL_4_DATASETS
SERPINE2	LRP1	4	SC001,SC002,SC003,SC004	1	1	1	1	ALL_4_DATASETS
SERPINF1	PLXDC1	3	SC001,SC002,SC003	1	1	1	0	3_DATASETS
SERPINF1	PLXDC2	3	SC001,SC002,SC003	1	1	1	0	3_DATASETS
SERPING1	LRP1	4	SC001,SC002,SC003,SC004	1	1	1	1	ALL_4_DATASETS
SERPING1	SELP	1	SC002	0	1	0	0	SINGLE_DATASET
SERTAD1	AR	3	SC001,SC002,SC003	1	1	1	0	3_DATASETS
SFRP1	FZD2	2	SC003,SC004	0	0	1	1	2_DATASETS
SFRP1	FZD6	4	SC001,SC002,SC003,SC004	1	1	1	1	ALL_4_DATASETS
SFRP2	FZD5	3	SC001,SC002,SC003	1	1	1	0	3_DATASETS
SFTPD	LAIR1	1	SC001	1	0	0	0	SINGLE_DATASET
SFTPD	LY96	1	SC001	1	0	0	0	SINGLE_DATASET
SFTPD	SIRPA	1	SC001	1	0	0	0	SINGLE_DATASET
SFTPD	TLR4	1	SC001	1	0	0	0	SINGLE_DATASET
SHANK1	ADGRL1	1	SC003	0	0	1	0	SINGLE_DATASET
SHANK1	SSTR2	1	SC003	0	0	1	0	SINGLE_DATASET
SHH	BOC	2	SC002,SC003	0	1	1	0	2_DATASETS
SHH	CDON	2	SC002,SC003	0	1	1	0	2_DATASETS
SHH	GAS1	1	SC002	0	1	0	0	SINGLE_DATASET
SHH	GPC1	2	SC002,SC003	0	1	1	0	2_DATASETS
SHH	HHIP	1	SC003	0	0	1	0	SINGLE_DATASET
SHH	PTCH1_SMO	1	SC003	0	0	1	0	SINGLE_DATASET
SHH	PTCH2_SMO	1	SC003	0	0	1	0	SINGLE_DATASET
SHH	SCUBE2	1	SC003	0	0	1	0	SINGLE_DATASET
SIRPA	CD47	4	SC001,SC002,SC003,SC004	1	1	1	1	ALL_4_DATASETS
SIRPB2	CD47	2	SC001,SC003	1	0	1	0	2_DATASETS
SIRPG	CD47	3	SC001,SC002,SC003	1	1	1	0	3_DATASETS
SLC6A8	LIFR	4	SC001,SC002,SC003,SC004	1	1	1	1	ALL_4_DATASETS
SLIT1	FLRT3	1	SC003	0	0	1	0	SINGLE_DATASET
SLIT1	GPC1	1	SC003	0	0	1	0	SINGLE_DATASET
SLIT1	ROBO1	1	SC003	0	0	1	0	SINGLE_DATASET
SLIT1	ROBO2	1	SC003	0	0	1	0	SINGLE_DATASET
SLIT1	SDC1	1	SC003	0	0	1	0	SINGLE_DATASET
SLIT2	APP	3	SC001,SC002,SC003	1	1	1	0	3_DATASETS
SLIT2	GPC1	3	SC001,SC002,SC003	1	1	1	0	3_DATASETS
SLIT2	PLXNA1	3	SC001,SC002,SC003	1	1	1	0	3_DATASETS
SLIT2	ROBO1	3	SC001,SC002,SC003	1	1	1	0	3_DATASETS
SLIT2	ROBO2	1	SC003	0	0	1	0	SINGLE_DATASET
SLIT2	ROBO4	3	SC001,SC002,SC003	1	1	1	0	3_DATASETS
SLIT2	SDC1	3	SC001,SC002,SC003	1	1	1	0	3_DATASETS
SLIT3	ROBO1	4	SC001,SC002,SC003,SC004	1	1	1	1	ALL_4_DATASETS
SLIT3	ROBO2	1	SC003	0	0	1	0	SINGLE_DATASET
SLIT3	ROBO4	3	SC001,SC002,SC003	1	1	1	0	3_DATASETS
SLITRK5	PTPRD	1	SC003	0	0	1	0	SINGLE_DATASET
SLITRK6	PTPRS	3	SC001,SC002,SC003	1	1	1	0	3_DATASETS
SLPI	CD4	3	SC001,SC002,SC003	1	1	1	0	3_DATASETS
SLPI	PLSCR1	4	SC001,SC002,SC003,SC004	1	1	1	1	ALL_4_DATASETS
SLPI	PLSCR4	3	SC001,SC002,SC003	1	1	1	0	3_DATASETS
SLURP2	CHRNA7	1	SC001	1	0	0	0	SINGLE_DATASET
SNCA	LAG3	3	SC001,SC002,SC003	1	1	1	0	3_DATASETS
SOCS2	EPOR	3	SC001,SC003,SC004	1	0	1	1	3_DATASETS
SORBS1	ITGA1	2	SC002,SC003	0	1	1	0	2_DATASETS
SORBS1	ITGB5	2	SC002,SC003	0	1	1	0	2_DATASETS
SOSTDC1	LRP4	1	SC002	0	1	0	0	SINGLE_DATASET
SOSTDC1	LRP5	1	SC002	0	1	0	0	SINGLE_DATASET
SPARC	ENG	4	SC001,SC002,SC003,SC004	1	1	1	1	ALL_4_DATASETS
SPARC	FGFR1	4	SC001,SC002,SC003,SC004	1	1	1	1	ALL_4_DATASETS
SPINK1	EGFR	3	SC001,SC002,SC003	1	1	1	0	3_DATASETS
SPINT1	ST14	4	SC001,SC002,SC003,SC004	1	1	1	1	ALL_4_DATASETS
SPON1	APP	4	SC001,SC002,SC003,SC004	1	1	1	1	ALL_4_DATASETS
SPON1	LRP8	4	SC001,SC002,SC003,SC004	1	1	1	1	ALL_4_DATASETS
SPON2	ITGA4	3	SC001,SC002,SC003	1	1	1	0	3_DATASETS
SPON2	ITGA5	3	SC001,SC002,SC003	1	1	1	0	3_DATASETS
SPON2	ITGAM	3	SC001,SC002,SC003	1	1	1	0	3_DATASETS
SPON2	ITGB1	3	SC001,SC002,SC003	1	1	1	0	3_DATASETS
SPON2	ITGB2	3	SC001,SC002,SC003	1	1	1	0	3_DATASETS
SPP1	CD44	4	SC001,SC002,SC003,SC004	1	1	1	1	ALL_4_DATASETS
SPP1	ITGA4_ITGB1	4	SC001,SC002,SC003,SC004	1	1	1	1	ALL_4_DATASETS
SPP1	ITGA5_ITGB1	4	SC001,SC002,SC003,SC004	1	1	1	1	ALL_4_DATASETS
SPP1	ITGA9_ITGB1	3	SC001,SC002,SC003	1	1	1	0	3_DATASETS
SPP1	ITGAV_ITGB1	4	SC001,SC002,SC003,SC004	1	1	1	1	ALL_4_DATASETS
SPP1	ITGAV_ITGB3	4	SC001,SC002,SC003,SC004	1	1	1	1	ALL_4_DATASETS
SPP1	ITGAV_ITGB5	4	SC001,SC002,SC003,SC004	1	1	1	1	ALL_4_DATASETS
SPP1	ITGAV_ITGB6	4	SC001,SC002,SC003,SC004	1	1	1	1	ALL_4_DATASETS
SPP1	PTGER4	3	SC001,SC002,SC003	1	1	1	0	3_DATASETS
SPP1	S1PR1	3	SC001,SC002,SC003	1	1	1	0	3_DATASETS
SPTAN1	PTPRA	4	SC001,SC002,SC003,SC004	1	1	1	1	ALL_4_DATASETS
SPTBN2	PTPRA	4	SC001,SC002,SC003,SC004	1	1	1	1	ALL_4_DATASETS
ST6GAL1	CD22	4	SC001,SC002,SC003,SC004	1	1	1	1	ALL_4_DATASETS
ST6GAL1	EGFR	4	SC001,SC002,SC003,SC004	1	1	1	1	ALL_4_DATASETS
TCN2	CNR1	2	SC003,SC004	0	0	1	1	2_DATASETS
TCTN1	TMEM67	4	SC001,SC002,SC003,SC004	1	1	1	1	ALL_4_DATASETS
TF	ADRB2	3	SC001,SC002,SC003	1	1	1	0	3_DATASETS
TF	HFE	3	SC001,SC002,SC003	1	1	1	0	3_DATASETS
TF	LDLR	4	SC001,SC002,SC003,SC004	1	1	1	1	ALL_4_DATASETS
TF	TFR2	2	SC001,SC003	1	0	1	0	2_DATASETS
TF	TFRC	4	SC001,SC002,SC003,SC004	1	1	1	1	ALL_4_DATASETS
TFF2	CXCR4	2	SC002,SC003	0	1	1	0	2_DATASETS
TFPI	F3	4	SC001,SC002,SC003,SC004	1	1	1	1	ALL_4_DATASETS
TFPI	LRP1	4	SC001,SC002,SC003,SC004	1	1	1	1	ALL_4_DATASETS
TFPI	SDC4	4	SC001,SC002,SC003,SC004	1	1	1	1	ALL_4_DATASETS
TFPI	VLDLR	3	SC001,SC003,SC004	1	0	1	1	3_DATASETS
TG	ASGR1	1	SC003	0	0	1	0	SINGLE_DATASET
TGFA	EGFR_ERBB2	4	SC001,SC002,SC003,SC004	1	1	1	1	ALL_4_DATASETS
TGFA	ERBB3	4	SC001,SC002,SC003,SC004	1	1	1	1	ALL_4_DATASETS
TGFA	ERBB4	2	SC001,SC003	1	0	1	0	2_DATASETS
TGFA	PTPRD	2	SC002,SC003	0	1	1	0	2_DATASETS
TGFB1	ACVR1B_TGFBR2	4	SC001,SC002,SC003,SC004	1	1	1	1	ALL_4_DATASETS
TGFB1	ACVR1C_TGFBR2	1	SC002	0	1	0	0	SINGLE_DATASET
TGFB1	ACVR1_TGFBR1_TGFBR2	3	SC001,SC002,SC003	1	1	1	0	3_DATASETS
TGFB1	ACVR1_TGFBR2	3	SC001,SC002,SC003	1	1	1	0	3_DATASETS
TGFB1	ACVRL1	3	SC001,SC002,SC003	1	1	1	0	3_DATASETS
TGFB1	CAV1	4	SC001,SC002,SC003,SC004	1	1	1	1	ALL_4_DATASETS
TGFB1	CXCR4	3	SC001,SC002,SC003	1	1	1	0	3_DATASETS
TGFB1	EGFR	4	SC001,SC002,SC003,SC004	1	1	1	1	ALL_4_DATASETS
TGFB1	ENG	4	SC001,SC002,SC003,SC004	1	1	1	1	ALL_4_DATASETS
TGFB1	ITGAV_ITGB6	4	SC001,SC002,SC003,SC004	1	1	1	1	ALL_4_DATASETS
TGFB1	ITGB1	4	SC001,SC002,SC003,SC004	1	1	1	1	ALL_4_DATASETS
TGFB1	ITGB3	4	SC001,SC002,SC003,SC004	1	1	1	1	ALL_4_DATASETS
TGFB1	ITGB5	4	SC001,SC002,SC003,SC004	1	1	1	1	ALL_4_DATASETS
TGFB1	ITGB8	4	SC001,SC002,SC003,SC004	1	1	1	1	ALL_4_DATASETS
TGFB1	LPP	4	SC001,SC002,SC003,SC004	1	1	1	1	ALL_4_DATASETS
TGFB1	SDC2	4	SC001,SC002,SC003,SC004	1	1	1	1	ALL_4_DATASETS
TGFB1	TGFBR1_TGFBR2	4	SC001,SC002,SC003,SC004	1	1	1	1	ALL_4_DATASETS
TGFB1	TGFBR3	3	SC001,SC002,SC003	1	1	1	0	3_DATASETS
TGFB1	VASN	4	SC001,SC002,SC003,SC004	1	1	1	1	ALL_4_DATASETS
TGFB2	ACVR1B_TGFBR2	3	SC001,SC003,SC004	1	0	1	1	3_DATASETS
TGFB2	ACVR1_TGFBR1_TGFBR2	2	SC001,SC003	1	0	1	0	2_DATASETS
TGFB2	ACVR1_TGFBR2	2	SC001,SC003	1	0	1	0	2_DATASETS
TGFB2	ENG	3	SC001,SC003,SC004	1	0	1	1	3_DATASETS
TGFB2	TGFBR1_TGFBR2	3	SC001,SC003,SC004	1	0	1	1	3_DATASETS
TGFB2	TGFBR3	2	SC001,SC003	1	0	1	0	2_DATASETS
TGFB3	ACVR1B_TGFBR2	3	SC001,SC002,SC003	1	1	1	0	3_DATASETS
TGFB3	ACVR1C_TGFBR2	1	SC002	0	1	0	0	SINGLE_DATASET
TGFB3	ACVR1_TGFBR1_TGFBR2	3	SC001,SC002,SC003	1	1	1	0	3_DATASETS
TGFB3	ACVR1_TGFBR2	3	SC001,SC002,SC003	1	1	1	0	3_DATASETS
TGFB3	ACVRL1	3	SC001,SC002,SC003	1	1	1	0	3_DATASETS
TGFB3	ENG	3	SC001,SC002,SC003	1	1	1	0	3_DATASETS
TGFB3	ITGB1	3	SC001,SC002,SC003	1	1	1	0	3_DATASETS
TGFB3	ITGB3	3	SC001,SC002,SC003	1	1	1	0	3_DATASETS
TGFB3	ITGB5	3	SC001,SC002,SC003	1	1	1	0	3_DATASETS
TGFB3	ITGB6	3	SC001,SC002,SC003	1	1	1	0	3_DATASETS
TGFB3	TGFBR1_TGFBR2	3	SC001,SC002,SC003	1	1	1	0	3_DATASETS
TGFB3	TGFBR3	3	SC001,SC002,SC003	1	1	1	0	3_DATASETS
TGM2	ADGRG1	4	SC001,SC002,SC003,SC004	1	1	1	1	ALL_4_DATASETS
TGM2	ITGA4	4	SC001,SC002,SC003,SC004	1	1	1	1	ALL_4_DATASETS
TGM2	ITGA9	3	SC001,SC002,SC003	1	1	1	0	3_DATASETS
TGM2	ITGB1	4	SC001,SC002,SC003,SC004	1	1	1	1	ALL_4_DATASETS
TGM2	ITGB3	4	SC001,SC002,SC003,SC004	1	1	1	1	ALL_4_DATASETS
TGM2	SDC4	4	SC001,SC002,SC003,SC004	1	1	1	1	ALL_4_DATASETS
TGM2	TBXA2R	2	SC002,SC003	0	1	1	0	2_DATASETS
TGS1	RXRA	4	SC001,SC002,SC003,SC004	1	1	1	1	ALL_4_DATASETS
THBS1	CD36	3	SC001,SC002,SC003	1	1	1	0	3_DATASETS
THBS1	CD47	4	SC001,SC002,SC003,SC004	1	1	1	1	ALL_4_DATASETS
THBS1	ITGA2B_ITGB3	1	SC003	0	0	1	0	SINGLE_DATASET
THBS1	ITGA3_ITGB1	4	SC001,SC002,SC003,SC004	1	1	1	1	ALL_4_DATASETS
THBS1	ITGA4	4	SC001,SC002,SC003,SC004	1	1	1	1	ALL_4_DATASETS
THBS1	ITGA6	4	SC001,SC002,SC003,SC004	1	1	1	1	ALL_4_DATASETS
THBS1	ITGAV_ITGB3	4	SC001,SC002,SC003,SC004	1	1	1	1	ALL_4_DATASETS
THBS1	LRP1	4	SC001,SC002,SC003,SC004	1	1	1	1	ALL_4_DATASETS
THBS1	LRP5	4	SC001,SC002,SC003,SC004	1	1	1	1	ALL_4_DATASETS
THBS1	PTPRJ	4	SC001,SC002,SC003,SC004	1	1	1	1	ALL_4_DATASETS
THBS1	SCARB1	4	SC001,SC002,SC003,SC004	1	1	1	1	ALL_4_DATASETS
THBS1	SDC1	4	SC001,SC002,SC003,SC004	1	1	1	1	ALL_4_DATASETS
THBS1	SDC4	4	SC001,SC002,SC003,SC004	1	1	1	1	ALL_4_DATASETS
THBS1	TNFRSF11B	3	SC001,SC002,SC003	1	1	1	0	3_DATASETS
THBS2	CD36	3	SC001,SC002,SC003	1	1	1	0	3_DATASETS
THBS2	CD47	4	SC001,SC002,SC003,SC004	1	1	1	1	ALL_4_DATASETS
THBS2	ITGA3_ITGB1	4	SC001,SC002,SC003,SC004	1	1	1	1	ALL_4_DATASETS
THBS2	ITGA4	4	SC001,SC002,SC003,SC004	1	1	1	1	ALL_4_DATASETS
THBS2	ITGA6	4	SC001,SC002,SC003,SC004	1	1	1	1	ALL_4_DATASETS
THBS2	ITGAV_ITGB3	4	SC001,SC002,SC003,SC004	1	1	1	1	ALL_4_DATASETS
THBS2	NOTCH3	4	SC001,SC002,SC003,SC004	1	1	1	1	ALL_4_DATASETS
THBS2	NOTCH4	2	SC001,SC003	1	0	1	0	2_DATASETS
THBS2	SDC1	4	SC001,SC002,SC003,SC004	1	1	1	1	ALL_4_DATASETS
THBS3	ITGA3_ITGB1	4	SC001,SC002,SC003,SC004	1	1	1	1	ALL_4_DATASETS
THBS3	ITGAV_ITGB3	4	SC001,SC002,SC003,SC004	1	1	1	1	ALL_4_DATASETS
THBS4	CD36	1	SC002	0	1	0	0	SINGLE_DATASET
THBS4	CD47	1	SC002	0	1	0	0	SINGLE_DATASET
THBS4	ITGA3_ITGB1	1	SC002	0	1	0	0	SINGLE_DATASET
THBS4	ITGAV_ITGB3	1	SC002	0	1	0	0	SINGLE_DATASET
THBS4	SDC1	1	SC002	0	1	0	0	SINGLE_DATASET
THY1	ITGAM_ITGB2	3	SC001,SC002,SC003	1	1	1	0	3_DATASETS
THY1	ITGAV_ITGB3	4	SC001,SC002,SC003,SC004	1	1	1	1	ALL_4_DATASETS
THY1	ITGAX_ITGB2	3	SC001,SC002,SC003	1	1	1	0	3_DATASETS
TIGIT	NECTIN2	3	SC001,SC002,SC003	1	1	1	0	3_DATASETS
TIGIT	PVR	3	SC001,SC002,SC003	1	1	1	0	3_DATASETS
TIMP1	CD63	4	SC001,SC002,SC003,SC004	1	1	1	1	ALL_4_DATASETS
TIMP1	FGFR2	3	SC001,SC002,SC003	1	1	1	0	3_DATASETS
TIMP2	CD44	4	SC001,SC002,SC003,SC004	1	1	1	1	ALL_4_DATASETS
TIMP2	ITGA3	4	SC001,SC002,SC003,SC004	1	1	1	1	ALL_4_DATASETS
TIMP2	ITGB1	4	SC001,SC002,SC003,SC004	1	1	1	1	ALL_4_DATASETS
TIMP3	CD44	4	SC001,SC002,SC003,SC004	1	1	1	1	ALL_4_DATASETS
TIMP3	DDR1	4	SC001,SC002,SC003,SC004	1	1	1	1	ALL_4_DATASETS
TIMP3	KDR	4	SC001,SC002,SC003,SC004	1	1	1	1	ALL_4_DATASETS
TIMP3	MET	4	SC001,SC002,SC003,SC004	1	1	1	1	ALL_4_DATASETS
TLN1	ITGB3	4	SC001,SC002,SC003,SC004	1	1	1	1	ALL_4_DATASETS
TLN1	ITGB5	4	SC001,SC002,SC003,SC004	1	1	1	1	ALL_4_DATASETS
TNC	CNTN1	2	SC001,SC003	1	0	1	0	2_DATASETS
TNC	EGFR	3	SC001,SC002,SC003	1	1	1	0	3_DATASETS
TNC	ITGA2	3	SC001,SC002,SC003	1	1	1	0	3_DATASETS
TNC	ITGA2B_ITGB3	1	SC003	0	0	1	0	SINGLE_DATASET
TNC	ITGA5	3	SC001,SC002,SC003	1	1	1	0	3_DATASETS
TNC	ITGA7	3	SC001,SC002,SC003	1	1	1	0	3_DATASETS
TNC	ITGA9_ITGB1	3	SC001,SC002,SC003	1	1	1	0	3_DATASETS
TNC	ITGAV_ITGB3	3	SC001,SC002,SC003	1	1	1	0	3_DATASETS
TNC	ITGAV_ITGB6	3	SC001,SC002,SC003	1	1	1	0	3_DATASETS
TNC	PTPRB	3	SC001,SC002,SC003	1	1	1	0	3_DATASETS
TNC	PTPRZ1	3	SC001,SC002,SC003	1	1	1	0	3_DATASETS
TNC	SDC1	3	SC001,SC002,SC003	1	1	1	0	3_DATASETS
TNC	SDC4	3	SC001,SC002,SC003	1	1	1	0	3_DATASETS
TNF	CELSR2	2	SC001,SC003	1	0	1	0	2_DATASETS
TNF	FAS	3	SC001,SC002,SC003	1	1	1	0	3_DATASETS
TNF	FFAR2	1	SC003	0	0	1	0	SINGLE_DATASET
TNF	FLT4	2	SC002,SC003	0	1	1	0	2_DATASETS
TNF	NOTCH1	3	SC001,SC002,SC003	1	1	1	0	3_DATASETS
TNF	PTPRS	3	SC001,SC002,SC003	1	1	1	0	3_DATASETS
TNF	SEMA4C	3	SC001,SC002,SC003	1	1	1	0	3_DATASETS
TNF	TNFRSF1A	3	SC001,SC002,SC003	1	1	1	0	3_DATASETS
TNF	TNFRSF1B	3	SC001,SC002,SC003	1	1	1	0	3_DATASETS
TNF	TNFRSF21	3	SC001,SC002,SC003	1	1	1	0	3_DATASETS
TNF	TRADD	3	SC001,SC002,SC003	1	1	1	0	3_DATASETS
TNF	TRAF2	3	SC001,SC002,SC003	1	1	1	0	3_DATASETS
TNF	TRPM2	3	SC001,SC002,SC003	1	1	1	0	3_DATASETS
TNF	VSIR	3	SC001,SC002,SC003	1	1	1	0	3_DATASETS
TNFSF10	CCR6	3	SC001,SC002,SC003	1	1	1	0	3_DATASETS
TNFSF10	RIPK1	4	SC001,SC002,SC003,SC004	1	1	1	1	ALL_4_DATASETS
TNFSF10	TNFRSF10A	4	SC001,SC002,SC003,SC004	1	1	1	1	ALL_4_DATASETS
TNFSF10	TNFRSF10B	4	SC001,SC002,SC003,SC004	1	1	1	1	ALL_4_DATASETS
TNFSF10	TNFRSF10D	4	SC001,SC002,SC003,SC004	1	1	1	1	ALL_4_DATASETS
TNFSF10	TNFRSF11B	3	SC001,SC002,SC003	1	1	1	0	3_DATASETS
TNFSF11	LGR4	1	SC003	0	0	1	0	SINGLE_DATASET
TNFSF11	TNFRSF11A	1	SC003	0	0	1	0	SINGLE_DATASET
TNFSF11	TNFRSF11B	1	SC003	0	0	1	0	SINGLE_DATASET
TNFSF12	TNFRSF12A	3	SC001,SC002,SC003	1	1	1	0	3_DATASETS
TNFSF12	TNFRSF25	3	SC001,SC002,SC003	1	1	1	0	3_DATASETS
TNFSF13	FAS	3	SC001,SC002,SC003	1	1	1	0	3_DATASETS
TNFSF13	SDC2	3	SC001,SC002,SC003	1	1	1	0	3_DATASETS
TNFSF13	TNFRSF11B	3	SC001,SC002,SC003	1	1	1	0	3_DATASETS
TNFSF13	TNFRSF14	3	SC001,SC002,SC003	1	1	1	0	3_DATASETS
TNFSF13	TNFRSF1A	3	SC001,SC002,SC003	1	1	1	0	3_DATASETS
TNFSF13B	CD40	3	SC001,SC002,SC003	1	1	1	0	3_DATASETS
TNFSF13B	HLA-DPB1	3	SC001,SC002,SC003	1	1	1	0	3_DATASETS
TNFSF13B	TFRC	3	SC001,SC002,SC003	1	1	1	0	3_DATASETS
TNFSF13B	TNFRSF13C	3	SC001,SC002,SC003	1	1	1	0	3_DATASETS
TNFSF14	LTBR	4	SC001,SC002,SC003,SC004	1	1	1	1	ALL_4_DATASETS
TNFSF14	TNFRSF14	3	SC001,SC002,SC003	1	1	1	0	3_DATASETS
TNFSF14	TNFRSF6B	3	SC001,SC002,SC004	1	1	0	1	3_DATASETS
TNFSF15	TNFRSF25	3	SC001,SC002,SC003	1	1	1	0	3_DATASETS
TNFSF15	TNFRSF6B	2	SC001,SC002	1	1	0	0	2_DATASETS
TNFSF18	TNFRSF18	1	SC003	0	0	1	0	SINGLE_DATASET
TNFSF4	TNFRSF4	2	SC002,SC003	0	1	1	0	2_DATASETS
TNFSF4	TRAF2	2	SC002,SC003	0	1	1	0	2_DATASETS
TNFSF9	HLA-DPA1	2	SC002,SC003	0	1	1	0	2_DATASETS
TNFSF9	PVR	2	SC002,SC003	0	1	1	0	2_DATASETS
TNFSF9	TNFRSF9	2	SC002,SC003	0	1	1	0	2_DATASETS
TNFSF9	TRAF2	2	SC002,SC003	0	1	1	0	2_DATASETS
TNXB	ITGA2B_ITGB3	1	SC003	0	0	1	0	SINGLE_DATASET
TNXB	ITGA9_ITGB1	3	SC001,SC002,SC003	1	1	1	0	3_DATASETS
TNXB	ITGAV_ITGB3	4	SC001,SC002,SC003,SC004	1	1	1	1	ALL_4_DATASETS
TNXB	ITGAV_ITGB6	4	SC001,SC002,SC003,SC004	1	1	1	1	ALL_4_DATASETS
TNXB	SDC1	4	SC001,SC002,SC003,SC004	1	1	1	1	ALL_4_DATASETS
TOR2A	ATP5F1B	3	SC001,SC002,SC003	1	1	1	0	3_DATASETS
TPH1	HTR1D	1	SC003	0	0	1	0	SINGLE_DATASET
TPH1	HTR2A	1	SC003	0	0	1	0	SINGLE_DATASET
TPH1	HTR2B	1	SC003	0	0	1	0	SINGLE_DATASET
TXLNA	STX1A	2	SC001,SC003	1	0	1	0	2_DATASETS
TXLNA	STX3	4	SC001,SC002,SC003,SC004	1	1	1	1	ALL_4_DATASETS
TXLNA	STX4	4	SC001,SC002,SC003,SC004	1	1	1	1	ALL_4_DATASETS
ULBP1	HCST_KLRK1	2	SC001,SC003	1	0	1	0	2_DATASETS
ULBP2	HCST_KLRK1	3	SC001,SC002,SC003	1	1	1	0	3_DATASETS
ULBP3	HCST_KLRK1	2	SC001,SC003	1	0	1	0	2_DATASETS
UTS2	UTS2R	3	SC001,SC002,SC003	1	1	1	0	3_DATASETS
UTS2B	UTS2R	1	SC003	0	0	1	0	SINGLE_DATASET
VCAM1	ITGA4_ITGB1	4	SC001,SC002,SC003,SC004	1	1	1	1	ALL_4_DATASETS
VCAM1	ITGA4_ITGB7	3	SC001,SC002,SC003	1	1	1	0	3_DATASETS
VCAM1	ITGA9_ITGB1	3	SC001,SC002,SC003	1	1	1	0	3_DATASETS
VCAN	CD44	4	SC001,SC002,SC003,SC004	1	1	1	1	ALL_4_DATASETS
VCAN	EGFR	4	SC001,SC002,SC003,SC004	1	1	1	1	ALL_4_DATASETS
VCAN	ITGA4	4	SC001,SC002,SC003,SC004	1	1	1	1	ALL_4_DATASETS
VCAN	ITGB1	4	SC001,SC002,SC003,SC004	1	1	1	1	ALL_4_DATASETS
VCAN	SELL	3	SC001,SC002,SC003	1	1	1	0	3_DATASETS
VCAN	SELP	1	SC002	0	1	0	0	SINGLE_DATASET
VCAN	TLR1	3	SC001,SC002,SC003	1	1	1	0	3_DATASETS
VCAN	TLR2	4	SC001,SC002,SC003,SC004	1	1	1	1	ALL_4_DATASETS
VCL	ALK	1	SC003	0	0	1	0	SINGLE_DATASET
VCL	ITGB5	4	SC001,SC002,SC003,SC004	1	1	1	1	ALL_4_DATASETS
VEGFA	CD44	4	SC001,SC002,SC003,SC004	1	1	1	1	ALL_4_DATASETS
VEGFA	EGFR	4	SC001,SC002,SC003,SC004	1	1	1	1	ALL_4_DATASETS
VEGFA	EPHB2	4	SC001,SC002,SC003,SC004	1	1	1	1	ALL_4_DATASETS
VEGFA	FLT1_KDR	3	SC001,SC002,SC003	1	1	1	0	3_DATASETS
VEGFA	GPC1	4	SC001,SC002,SC003,SC004	1	1	1	1	ALL_4_DATASETS
VEGFA	GRIN2B	3	SC002,SC003,SC004	0	1	1	1	3_DATASETS
VEGFA	ITGA9	3	SC001,SC002,SC003	1	1	1	0	3_DATASETS
VEGFA	ITGAV	4	SC001,SC002,SC003,SC004	1	1	1	1	ALL_4_DATASETS
VEGFA	ITGB1	4	SC001,SC002,SC003,SC004	1	1	1	1	ALL_4_DATASETS
VEGFA	ITGB3	4	SC001,SC002,SC003,SC004	1	1	1	1	ALL_4_DATASETS
VEGFA	NRP1	4	SC001,SC002,SC003,SC004	1	1	1	1	ALL_4_DATASETS
VEGFA	NRP2	4	SC001,SC002,SC003,SC004	1	1	1	1	ALL_4_DATASETS
VEGFA	RET	1	SC003	0	0	1	0	SINGLE_DATASET
VEGFA	SIRPA	4	SC001,SC002,SC003,SC004	1	1	1	1	ALL_4_DATASETS
VEGFA	TYRO3	2	SC001,SC003	1	0	1	0	2_DATASETS
VEGFB	ADRB2	3	SC001,SC002,SC003	1	1	1	0	3_DATASETS
VEGFB	FLT1_KDR	3	SC001,SC002,SC003	1	1	1	0	3_DATASETS
VEGFB	NRP1	4	SC001,SC002,SC003,SC004	1	1	1	1	ALL_4_DATASETS
VEGFB	RET	1	SC003	0	0	1	0	SINGLE_DATASET
VEGFC	CCBE1	2	SC002,SC004	0	1	0	1	2_DATASETS
VEGFC	FLT1	1	SC002	0	1	0	0	SINGLE_DATASET
VEGFC	FLT4_KDR	1	SC002	0	1	0	0	SINGLE_DATASET
VEGFC	ITGA9	1	SC002	0	1	0	0	SINGLE_DATASET
VEGFC	ITGB1	2	SC002,SC004	0	1	0	1	2_DATASETS
VEGFC	NRP2	2	SC002,SC004	0	1	0	1	2_DATASETS
VEGFC	VIPR2	1	SC002	0	1	0	0	SINGLE_DATASET
VEGFD	FLT1	2	SC001,SC002	1	1	0	0	2_DATASETS
VEGFD	FLT4_KDR	1	SC002	0	1	0	0	SINGLE_DATASET
VEGFD	ITGA1	2	SC001,SC002	1	1	0	0	2_DATASETS
VEGFD	ITGA2	2	SC001,SC002	1	1	0	0	2_DATASETS
VEGFD	ITGA4	2	SC001,SC002	1	1	0	0	2_DATASETS
VEGFD	ITGA5	2	SC001,SC002	1	1	0	0	2_DATASETS
VEGFD	ITGA9	2	SC001,SC002	1	1	0	0	2_DATASETS
VEGFD	ITGB1	2	SC001,SC002	1	1	0	0	2_DATASETS
VEGFD	NRP2	2	SC001,SC002	1	1	0	0	2_DATASETS
VGF	NTRK1	1	SC001	1	0	0	0	SINGLE_DATASET
VIM	CD44	4	SC001,SC002,SC003,SC004	1	1	1	1	ALL_4_DATASETS
VWF	ITGA2B_ITGB3	1	SC003	0	0	1	0	SINGLE_DATASET
VWF	ITGA4	3	SC001,SC002,SC003	1	1	1	0	3_DATASETS
VWF	ITGA9	3	SC001,SC002,SC003	1	1	1	0	3_DATASETS
VWF	ITGAV_ITGB3	3	SC001,SC002,SC003	1	1	1	0	3_DATASETS
VWF	ITGB1	3	SC001,SC002,SC003	1	1	1	0	3_DATASETS
VWF	LRP1	3	SC001,SC002,SC003	1	1	1	0	3_DATASETS
VWF	SCARA5	2	SC001,SC002	1	1	0	0	2_DATASETS
VWF	SELP	1	SC002	0	1	0	0	SINGLE_DATASET
VWF	SIRPA	3	SC001,SC002,SC003	1	1	1	0	3_DATASETS
VWF	TNFRSF11B	3	SC001,SC002,SC003	1	1	1	0	3_DATASETS
WNT10A	FZD10_LRP5	1	SC003	0	0	1	0	SINGLE_DATASET
WNT10A	FZD1_LRP5	1	SC003	0	0	1	0	SINGLE_DATASET
WNT10A	FZD2_LRP5	1	SC003	0	0	1	0	SINGLE_DATASET
WNT10A	FZD3_LRP5	2	SC002,SC003	0	1	1	0	2_DATASETS
WNT10A	FZD4_LRP5	1	SC003	0	0	1	0	SINGLE_DATASET
WNT10A	FZD5_LRP5	2	SC002,SC003	0	1	1	0	2_DATASETS
WNT10A	FZD6_LRP5	2	SC002,SC003	0	1	1	0	2_DATASETS
WNT10A	FZD7_LRP5	1	SC003	0	0	1	0	SINGLE_DATASET
WNT10A	FZD8_LRP5	1	SC003	0	0	1	0	SINGLE_DATASET
WNT11	FZD3	1	SC002	0	1	0	0	SINGLE_DATASET
WNT11	FZD4	1	SC002	0	1	0	0	SINGLE_DATASET
WNT11	FZD5	1	SC002	0	1	0	0	SINGLE_DATASET
WNT11	FZD6	1	SC002	0	1	0	0	SINGLE_DATASET
WNT11	FZD7	1	SC002	0	1	0	0	SINGLE_DATASET
WNT11	MUSK	1	SC002	0	1	0	0	SINGLE_DATASET
WNT16	FZD10_LRP5	1	SC003	0	0	1	0	SINGLE_DATASET
WNT16	FZD1_LRP5	1	SC003	0	0	1	0	SINGLE_DATASET
WNT16	FZD2_LRP5	1	SC003	0	0	1	0	SINGLE_DATASET
WNT16	FZD3_LRP5	1	SC003	0	0	1	0	SINGLE_DATASET
WNT16	FZD4_LRP5	1	SC003	0	0	1	0	SINGLE_DATASET
WNT16	FZD5_LRP5	1	SC003	0	0	1	0	SINGLE_DATASET
WNT16	FZD6_LRP5	1	SC003	0	0	1	0	SINGLE_DATASET
WNT16	FZD7_LRP5	1	SC003	0	0	1	0	SINGLE_DATASET
WNT16	FZD8_LRP5	1	SC003	0	0	1	0	SINGLE_DATASET
WNT2	FZD10_LRP5	1	SC001	1	0	0	0	SINGLE_DATASET
WNT2	FZD1_LRP5	1	SC001	1	0	0	0	SINGLE_DATASET
WNT2	FZD3_LRP5	2	SC001,SC002	1	1	0	0	2_DATASETS
WNT2	FZD4_LRP5	1	SC001	1	0	0	0	SINGLE_DATASET
WNT2	FZD5_LRP5	2	SC001,SC002	1	1	0	0	2_DATASETS
WNT2	FZD6_LRP5	2	SC001,SC002	1	1	0	0	2_DATASETS
WNT2	FZD7_LRP5	1	SC001	1	0	0	0	SINGLE_DATASET
WNT2B	FZD10_LRP5	2	SC001,SC003	1	0	1	0	2_DATASETS
WNT2B	FZD1_LRP5	2	SC001,SC003	1	0	1	0	2_DATASETS
WNT2B	FZD2_LRP5	2	SC003,SC004	0	0	1	1	2_DATASETS
WNT2B	FZD3_LRP5	4	SC001,SC002,SC003,SC004	1	1	1	1	ALL_4_DATASETS
WNT2B	FZD4_LRP5	2	SC001,SC003	1	0	1	0	2_DATASETS
WNT2B	FZD5_LRP5	3	SC001,SC002,SC003	1	1	1	0	3_DATASETS
WNT2B	FZD6_LRP5	4	SC001,SC002,SC003,SC004	1	1	1	1	ALL_4_DATASETS
WNT2B	FZD7_LRP5	3	SC001,SC003,SC004	1	0	1	1	3_DATASETS
WNT2B	FZD8_LRP5	1	SC003	0	0	1	0	SINGLE_DATASET
WNT3	FZD10_LRP5	2	SC001,SC003	1	0	1	0	2_DATASETS
WNT3	FZD1_LRP5	2	SC001,SC003	1	0	1	0	2_DATASETS
WNT3	FZD2_LRP5	1	SC003	0	0	1	0	SINGLE_DATASET
WNT3	FZD3_LRP5	2	SC001,SC003	1	0	1	0	2_DATASETS
WNT3	FZD4_LRP5	2	SC001,SC003	1	0	1	0	2_DATASETS
WNT3	FZD5_LRP5	2	SC001,SC003	1	0	1	0	2_DATASETS
WNT3	FZD6_LRP5	2	SC001,SC003	1	0	1	0	2_DATASETS
WNT3	FZD7_LRP5	2	SC001,SC003	1	0	1	0	2_DATASETS
WNT3	FZD8_LRP5	1	SC003	0	0	1	0	SINGLE_DATASET
WNT3	ROR2	1	SC001	1	0	0	0	SINGLE_DATASET
WNT3	RYK	2	SC001,SC003	1	0	1	0	2_DATASETS
WNT4	FZD10_LRP5	1	SC003	0	0	1	0	SINGLE_DATASET
WNT4	FZD1_LRP5	1	SC003	0	0	1	0	SINGLE_DATASET
WNT4	FZD2_LRP5	1	SC003	0	0	1	0	SINGLE_DATASET
WNT4	FZD3_LRP5	1	SC003	0	0	1	0	SINGLE_DATASET
WNT4	FZD4_LRP5	1	SC003	0	0	1	0	SINGLE_DATASET
WNT4	FZD5_LRP5	1	SC003	0	0	1	0	SINGLE_DATASET
WNT4	FZD6_LRP5	1	SC003	0	0	1	0	SINGLE_DATASET
WNT4	FZD7_LRP5	1	SC003	0	0	1	0	SINGLE_DATASET
WNT4	FZD8_LRP5	1	SC003	0	0	1	0	SINGLE_DATASET
WNT4	NOTCH1	1	SC003	0	0	1	0	SINGLE_DATASET
WNT4	SMO	1	SC003	0	0	1	0	SINGLE_DATASET
WNT5A	ADRB2	3	SC001,SC002,SC003	1	1	1	0	3_DATASETS
WNT5A	ANTXR1	4	SC001,SC002,SC003,SC004	1	1	1	1	ALL_4_DATASETS
WNT5A	EPHA7	2	SC002,SC003	0	1	1	0	2_DATASETS
WNT5A	FZD1	3	SC001,SC002,SC003	1	1	1	0	3_DATASETS
WNT5A	FZD10	2	SC001,SC003	1	0	1	0	2_DATASETS
WNT5A	FZD2	2	SC003,SC004	0	0	1	1	2_DATASETS
WNT5A	FZD3	4	SC001,SC002,SC003,SC004	1	1	1	1	ALL_4_DATASETS
WNT5A	FZD4	3	SC001,SC002,SC003	1	1	1	0	3_DATASETS
WNT5A	FZD5	3	SC001,SC002,SC003	1	1	1	0	3_DATASETS
WNT5A	FZD6	4	SC001,SC002,SC003,SC004	1	1	1	1	ALL_4_DATASETS
WNT5A	FZD7	4	SC001,SC002,SC003,SC004	1	1	1	1	ALL_4_DATASETS
WNT5A	FZD8	1	SC003	0	0	1	0	SINGLE_DATASET
WNT5A	LDLR	4	SC001,SC002,SC003,SC004	1	1	1	1	ALL_4_DATASETS
WNT5A	LRP5	4	SC001,SC002,SC003,SC004	1	1	1	1	ALL_4_DATASETS
WNT5A	MCAM	4	SC001,SC002,SC003,SC004	1	1	1	1	ALL_4_DATASETS
WNT5A	PTK7	4	SC001,SC002,SC003,SC004	1	1	1	1	ALL_4_DATASETS
WNT5A	PTPRK	4	SC001,SC002,SC003,SC004	1	1	1	1	ALL_4_DATASETS
WNT5A	ROR1	3	SC002,SC003,SC004	0	1	1	1	3_DATASETS
WNT5A	ROR2	2	SC001,SC002	1	1	0	0	2_DATASETS
WNT5A	RYK	4	SC001,SC002,SC003,SC004	1	1	1	1	ALL_4_DATASETS
WNT5A	VANGL2	3	SC001,SC003,SC004	1	0	1	1	3_DATASETS
WNT5B	FZD10_LRP5	2	SC001,SC003	1	0	1	0	2_DATASETS
WNT5B	FZD1_LRP5	2	SC001,SC003	1	0	1	0	2_DATASETS
WNT5B	FZD2_LRP5	2	SC003,SC004	0	0	1	1	2_DATASETS
WNT5B	FZD3_LRP5	3	SC001,SC003,SC004	1	0	1	1	3_DATASETS
WNT5B	FZD4	2	SC001,SC003	1	0	1	0	2_DATASETS
WNT5B	FZD5_LRP5	2	SC001,SC003	1	0	1	0	2_DATASETS
WNT5B	FZD6_LRP5	3	SC001,SC003,SC004	1	0	1	1	3_DATASETS
WNT5B	FZD7_LRP5	3	SC001,SC003,SC004	1	0	1	1	3_DATASETS
WNT5B	FZD8_LRP5	1	SC003	0	0	1	0	SINGLE_DATASET
WNT5B	KLRG2	1	SC001	1	0	0	0	SINGLE_DATASET
WNT6	FZD3_LRP5	1	SC002	0	1	0	0	SINGLE_DATASET
WNT6	FZD5_LRP5	1	SC002	0	1	0	0	SINGLE_DATASET
WNT6	FZD6_LRP5	1	SC002	0	1	0	0	SINGLE_DATASET
WNT7B	ADGRA2	3	SC001,SC002,SC003	1	1	1	0	3_DATASETS
WNT7B	FZD10_LRP5	2	SC001,SC003	1	0	1	0	2_DATASETS
WNT7B	FZD1_LRP5	2	SC001,SC003	1	0	1	0	2_DATASETS
WNT7B	FZD2_LRP5	2	SC003,SC004	0	0	1	1	2_DATASETS
WNT7B	FZD3_LRP5	4	SC001,SC002,SC003,SC004	1	1	1	1	ALL_4_DATASETS
WNT7B	FZD4_LRP5	2	SC001,SC003	1	0	1	0	2_DATASETS
WNT7B	FZD5_LRP5	3	SC001,SC002,SC003	1	1	1	0	3_DATASETS
WNT7B	FZD6_LRP5	4	SC001,SC002,SC003,SC004	1	1	1	1	ALL_4_DATASETS
WNT7B	FZD7_LRP5	3	SC001,SC003,SC004	1	0	1	1	3_DATASETS
WNT7B	FZD8_LRP5	1	SC003	0	0	1	0	SINGLE_DATASET
WNT7B	TMED5	4	SC001,SC002,SC003,SC004	1	1	1	1	ALL_4_DATASETS
WNT9A	FZD10_LRP5	2	SC001,SC003	1	0	1	0	2_DATASETS
WNT9A	FZD1_LRP5	2	SC001,SC003	1	0	1	0	2_DATASETS
WNT9A	FZD2_LRP5	1	SC003	0	0	1	0	SINGLE_DATASET
WNT9A	FZD3_LRP5	2	SC001,SC003	1	0	1	0	2_DATASETS
WNT9A	FZD4_LRP5	2	SC001,SC003	1	0	1	0	2_DATASETS
WNT9A	FZD5_LRP5	2	SC001,SC003	1	0	1	0	2_DATASETS
WNT9A	FZD6_LRP5	2	SC001,SC003	1	0	1	0	2_DATASETS
WNT9A	FZD7_LRP5	2	SC001,SC003	1	0	1	0	2_DATASETS
WNT9A	FZD8_LRP5	1	SC003	0	0	1	0	SINGLE_DATASET
WNT9B	FZD10_LRP5	1	SC003	0	0	1	0	SINGLE_DATASET
WNT9B	FZD1_LRP5	1	SC003	0	0	1	0	SINGLE_DATASET
WNT9B	FZD2_LRP5	1	SC003	0	0	1	0	SINGLE_DATASET
WNT9B	FZD3_LRP5	1	SC003	0	0	1	0	SINGLE_DATASET
WNT9B	FZD4_LRP5	1	SC003	0	0	1	0	SINGLE_DATASET
WNT9B	FZD5_LRP5	1	SC003	0	0	1	0	SINGLE_DATASET
WNT9B	FZD6_LRP5	1	SC003	0	0	1	0	SINGLE_DATASET
WNT9B	FZD7_LRP5	1	SC003	0	0	1	0	SINGLE_DATASET
WNT9B	FZD8_LRP5	1	SC003	0	0	1	0	SINGLE_DATASET
YBX1	NOTCH1	4	SC001,SC002,SC003,SC004	1	1	1	1	ALL_4_DATASETS
ZG16B	CXCR4	3	SC001,SC002,SC003	1	1	1	0	3_DATASETS
ZG16B	TLR2	3	SC001,SC002,SC003	1	1	1	0	3_DATASETS
ZG16B	TLR4	3	SC001,SC002,SC003	1	1	1	0	3_DATASETS
ZG16B	TLR5	3	SC001,SC002,SC003	1	1	1	0	3_DATASETS
ZG16B	TLR6	3	SC001,SC002,SC003	1	1	1	0	3_DATASETS
ZP3	CHRNA7	2	SC001,SC003	1	0	1	0	2_DATASETS
ZP3	EGFR	4	SC001,SC002,SC003,SC004	1	1	1	1	ALL_4_DATASETS
ZP3	MERTK	3	SC001,SC002,SC003	1	1	1	0	3_DATASETS
