sample_id	total_genes	loss_genes	neutral_genes	gain_genes	missing_genes	called_genes	loss_fraction_all_genes	neutral_fraction_all_genes	gain_fraction_all_genes	missing_fraction	loss_fraction_called	gain_fraction_called
9ab03618-703c-4401-a198-e02510807646	60623	86	18172	38646	3719	56904	0.00141860350032166	0.2997542186958745	0.6374808241096613	0.061346353694142486	0.0015113173063405034	0.679143821172501
e4cb66f4-e847-40bf-af14-20a3867a1c35	60623	4046	49331	2345	4901	55722	0.06674034607327252	0.8137340613298583	0.038681688468073176	0.080843904128796	0.07261045906464234	0.04208391658590862
d1522a7e-c35b-4b1f-9a53-214b7ce3d967	60623	171	6219	53428	805	59818	0.0028207116111046964	0.10258482754070238	0.8813156722696006	0.013278788578592283	0.002858671302952289	0.893175967100204
5a6826b4-7926-4378-86bf-76c028508b3b	60623	21	2199	54560	3843	56780	0.00034640318031110303	0.036273361595434074	0.899988453227323	0.06339178199693185	0.00036984853821768227	0.960901725959845
93b55ce3-3ab0-4bc1-b1a2-3f02b13dc7b0	60623	619	5567	49217	5220	55403	0.010210646124408227	0.09182983356151955	0.8118535869224551	0.08610593339161704	0.011172680179773659	0.8883453964586755
5df2899e-b0f2-4508-917f-2f785f312419	60623	862	8033	50919	809	59814	0.01421902578229385	0.13250746416376621	0.8399287399171932	0.01334477013674678	0.014411341826328285	0.8512889958872505
9622c370-68d0-48da-a7e0-5eb4765b6f27	60623	2334	53369	0	4920	55703	0.03850023918314831	0.8803424442868218	0.0	0.08115731653002986	0.04190079528930219	0.0
f8a79bdf-6b97-44be-9cf1-b51faeca5d63	60623	2182	8346	44641	5454	55169	0.03599293997327747	0.1376705210893555	0.736370684393712	0.08996585454365505	0.03955119723032863	0.8091681922818974
8233d315-fab6-4ea1-b861-6b1130b93aaa	60623	16992	36077	6750	804	59819	0.28028965904029823	0.5951041683849364	0.11134387938571169	0.01326229318905366	0.2840569049967402	0.11284040187900166
ef88b85a-61ee-44e1-bb63-1b4ce9154bfb	60623	0	9753	45517	5353	55270	0.0	0.16087953417019943	0.7508206456295465	0.08829982020025402	0.0	0.8235389904107111
4282fbeb-27b9-4bf9-bc76-44df35d48126	60623	2381	10166	47273	803	59820	0.039275522491463634	0.1676921300496511	0.7797865496593702	0.013245797799515036	0.03980274155800736	0.7902540956201939
df16b5d4-5e5d-455c-9c5f-a151e5864557	60623	4761	45310	5247	5305	55318	0.07853454959338865	0.7474060999950514	0.0865513089091599	0.08750804150240007	0.08606601829422611	0.09485158537908095
2b2bc6f3-088e-4a84-afb3-182a4acb0652	60623	2805	16510	35812	5496	55127	0.04626956765584019	0.27233888128268147	0.5907328901572011	0.09065866090427725	0.05088250766412103	0.6496272244090917
7873c1a9-b1ea-46cc-b787-dfbad3366494	60623	0	512	56392	3719	56904	0.0	0.008445639443775466	0.930208006862082	0.061346353694142486	0.0	0.9910023899901589
fc511a67-5383-4877-aeef-36c0b7934b77	60623	2128	18472	34090	5933	54690	0.035102188938191774	0.3047028355574617	0.5623278293716906	0.09786714613265592	0.038910221247028705	0.6233315048454928
21ac5886-832b-4352-95d2-0147f90423cc	60623	2367	20272	37175	809	59814	0.0390445870379229	0.3343945367269848	0.6132161060983455	0.01334477013674678	0.03957267529340957	0.6215100143779049
e63d9a32-593f-46e7-9d3b-866435cab585	60623	1036	4518	49667	5402	55221	0.017089223562014418	0.07452616993550303	0.819276512214836	0.0891080942876466	0.018760978613208742	0.8994223212183771
66f464d3-d400-4c1e-b1fb-c168901c8958	60623	1085	4841	53885	812	59811	0.017897497649406992	0.07985418075647857	0.8888540652887518	0.01339425630536265	0.018140475832204777	0.9009212352242898
9fcabda1-ea79-4188-8b3f-7d0fd060a819	60623	6163	50196	3868	396	60227	0.10166108572653944	0.828002573280768	0.06380416673539746	0.006532174257295086	0.102329519982732	0.06422368705065834
d1fb0862-8d9c-4bc4-aac6-81dc4eed66c9	60623	1062	17653	36530	5378	55245	0.01751810369001864	0.2911931115253287	0.602576579845933	0.08871220493871963	0.019223459136573445	0.6612363109783691
5812901f-a0ce-4772-862d-ff9ad12b0ee8	60623	1313	16989	41509	812	59811	0.021658446464213253	0.28024017287168235	0.6847071243587417	0.01339425630536265	0.021952483656852418	0.6940027754092056
5711ce53-0bac-4a5d-b7ba-4e1bc0c56924	60623	18	13602	41523	5480	55143	0.00029691701169523116	0.22437028850436302	0.6849380598122825	0.09039473467165927	0.0003264240248082259	0.7530058212284424
bd57c86d-bb0d-40a3-9292-97d6b33db1ea	60623	15826	36757	4490	3550	57073	0.26105603483826273	0.6063210332712007	0.07406429902842156	0.05855863286211504	0.277293991905104	0.0786711755120635
81bfa60b-0e23-4d92-b82c-7a9c90e76fd7	60623	0	206	59611	806	59817	0.0	0.0033980502449565348	0.9833066657869125	0.013295283968130907	0.0	0.996556162963706
01f94091-eb70-40d3-9d56-70c4f847cb4c	60623	4171	32139	18848	5465	55158	0.06880226976560051	0.5301453243818353	0.3109051020239843	0.09014730382857991	0.07561913049784257	0.3417092715471917
1a954c08-6297-4c7f-ad8c-e50cb2754f7e	60623	2358	48102	6689	3474	57149	0.03889612853207528	0.7934612275868894	0.11033766062385564	0.05730498325717962	0.0412605644893174	0.11704491767135033
2b87b12c-5ca7-4492-a2f6-26f9644e1d5a	60623	6	13173	42171	5273	55350	9.897233723174372e-05	0.21729376639229336	0.6956270722333108	0.08698018903716412	0.00010840108401084011	0.7618970189701897
aee334d0-5a07-4392-bf02-aca59066a68f	60623	366	39177	15977	5103	55520	0.006037312571136368	0.6462398759546707	0.2635468386585949	0.08417597281559804	0.006592219020172911	0.2877701729106628
1e14e0d8-e15d-48fa-85bd-eb045a214792	60623	16	362	59442	803	59820	0.0002639262326179833	0.0059713310129818715	0.9805189449548851	0.013245797799515036	0.00026746907388833165	0.9936810431293882
49a0ab8a-f379-4394-accf-0b4b08d2dcc6	60623	772	13182	40863	5806	54817	0.012734440723817693	0.21744222489814097	0.6740511027167907	0.09577223166125068	0.014083222358027619	0.74544393162705
ad66185f-983d-4416-b705-25d3d4d8b5a5	60623	7447	48941	182	4053	56570	0.12284116589413259	0.807300859409795	0.00300216089602956	0.0668558138000429	0.1316422131872017	0.003217252960933357
2640d6dc-15c7-405f-a348-6751393dee6d	60623	7588	52231	1	803	59820	0.12516701581907858	0.8615706909918678	1.6495389538623956e-05	0.013245797799515036	0.12684720829154128	1.6716817118020728e-05
cef2c059-5564-4d16-b57f-4bf83e2eeb95	60623	4978	43912	7832	3901	56722	0.08211404912327004	0.7243455454200551	0.12919189086650282	0.06434851459017205	0.08776136243432883	0.1380769366383414
85e8a3bf-0536-4556-a40f-8a523c04b337	60623	796	17405	36584	5838	54785	0.013130330072744667	0.28710225491974994	0.6034673308810188	0.09630008412648665	0.014529524504882723	0.6677740257369718
c5363830-3db9-4c0c-aa47-b32fdc888c60	60623	0	18250	37097	5276	55347	0.0	0.30104085907988715	0.6119294657143328	0.08702967520577999	0.0	0.6702621641642726
254f2707-c4fb-41da-bfc0-2190eb9368d5	60623	28939	25908	4967	809	59814	0.47736007785823864	0.4273625521666694	0.08193259983834518	0.01334477013674678	0.4838164978098773	0.08304075968836727
6e10437d-da57-4298-b082-9d7c59d09c5c	60623	3632	50556	2990	3445	57178	0.0599112548042822	0.8339409135146727	0.049321214720485625	0.056826616960559524	0.0635209346252055	0.05229283990345937
b0410cd6-693d-41d6-9dad-d1b1c30bf5cb	60623	2878	21440	30956	5349	55274	0.04747373109215974	0.3536611517080976	0.5106312785576431	0.08823383864209954	0.052067880015920685	0.5600463147230162
cc72dc0d-9c39-4217-b5cb-8cad390d7e86	60623	1533	23682	35012	396	60227	0.02528743216271052	0.3906438150536925	0.5775365785263019	0.006532174257295086	0.02545370016769887	0.5813339532103542
f716c981-41d1-479d-962e-881d6199abce	60623	1	23654	31338	5630	54993	1.6495389538623956e-05	0.390181944146611	0.5169325173613974	0.09286904310245286	1.818413252595785e-05	0.5698543450984671
7ed5cac5-e2b4-498a-89fe-072cd4557c53	60623	2481	21620	36106	416	60207	0.04092506144532603	0.3566303218250499	0.5955825346815565	0.006862082048067565	0.041207832976232	0.5996977095686548
98687adb-f8e9-4e6e-bc1b-396a3ddfac96	60623	2	524	54610	5487	55136	3.299077907724791e-05	0.008643584118238953	0.9008132227042541	0.09051020239842963	3.627394080092861e-05	0.9904599535693558
7d689c5f-365d-4e69-8ae6-971d96d56df1	60623	564	13657	45595	807	59816	0.00930339969978391	0.22527753492898736	0.7521072860135593	0.013311779357669532	0.009428915340377157	0.7622542463554902
8950ac53-1f70-46bc-a094-ec946e6e3a78	60623	15367	37875	2066	5315	55308	0.2534846510400343	0.6247628787753823	0.03407947478679709	0.08767299539778632	0.27784407319013527	0.03735445143559702
bc0fe45c-3249-46d7-8991-c6888f0b9579	60623	0	0	55411	5212	55411	0.0	0.0	0.9140260297246919	0.08597397027530805	0.0	1.0
fbc17626-365c-4be6-b3a7-d282e7c19236	60623	12	22032	33245	5334	55289	0.00019794467446348745	0.36342642231496297	0.5483892252115534	0.08798640779902017	0.00021704136446671127	0.6012950134746514
8a62573e-42a0-4bd7-9cc3-d998a03f9f42	60623	924	21699	37158	842	59781	0.015241739933688533	0.3579334575986012	0.612935684476189	0.01388911799152137	0.015456415918101069	0.6215687258493501
7e66ee53-b64f-452e-aeb2-00f97813c126	60623	563	26789	27664	5607	55016	0.009286904310245286	0.44189499035019714	0.4563284561964931	0.09248964914306451	0.010233386651156027	0.502835538752363
7c3d7b46-aadf-4a1a-8a68-3f5905fdcae0	60623	3459	27486	29314	364	60259	0.05705755241410026	0.453392276858618	0.4835458489352226	0.00600432179205912	0.05740221377719511	0.4864667518544948
eb822f95-8b15-4c86-b5e5-b0afe9c32e0c	60623	2340	37259	15289	5735	54888	0.03859921152038005	0.6146017188195899	0.25219801065602165	0.09460105900400838	0.04263226934849147	0.2785490453286693
85c1e746-d2e4-4bce-bbc3-11feb9ce4c28	60623	36223	15285	8305	810	59813	0.5975124952575755	0.25213202909786714	0.13699421011827195	0.013361265526285403	0.6056041328808118	0.13884941400698844
6a27f5f8-f4ee-45c7-b953-ddd7d0291dbb	60623	14725	39368	695	5835	54788	0.24289461095623774	0.6493904953565478	0.011464295729343649	0.09625059795787078	0.26876323282470616	0.01268525954588596
1a762ac4-b6ef-4ea1-889a-0fda1df26765	60623	16978	41764	1078	803	59820	0.2800587235867575	0.6889134486910908	0.017782029922636625	0.013245797799515036	0.28381812102975595	0.018020728853226347
ab07da42-d065-45d5-8eee-7904295044c3	60623	8767	41992	6376	3488	57135	0.1446150800851162	0.6926743975058971	0.10517460369826634	0.057535918710720356	0.15344359849479303	0.11159534435984948
6d8dbfbe-1510-4f54-86b7-a4bdc90a27fc	60623	0	10508	49310	805	59818	0.0	0.1733335532718605	0.8133876581495472	0.013278788578592283	0.0	0.8243338125647798
a5bff681-5b9e-4d3e-93d8-b7ae8f2fd233	60623	12516	40800	3393	3914	56709	0.2064562954654174	0.6730118931758573	0.055968856704551075	0.06456295465417417	0.2207057080886632	0.05983177273448659
16a2d381-75a0-423b-aac2-d5710afb183b	60623	15962	34240	4891	5530	55093	0.2632994078155156	0.5648021378024842	0.08067895023340976	0.09121950414859047	0.28972827763962755	0.08877715862269253
0ebe60d2-3a5b-41a5-a3f2-8e50a72dc2d1	60623	88	8998	50728	809	59814	0.001451594279398908	0.14842551506853835	0.836778120515316	0.01334477013674678	0.0014712274718293376	0.8480957635336209
9b416640-9aec-4b0d-aa88-b94287375950	60623	4417	23242	27337	5627	54996	0.07286013559210201	0.383385843656698	0.4509344638173631	0.09281955693383699	0.08031493199505418	0.4970725143646811
a9d69d7e-298c-4ab6-b64f-1edc58832ccd	60623	14269	39856	1544	4954	55669	0.2353727133266252	0.6574402454513963	0.025468881447635386	0.08171815977434307	0.25631859742406005	0.027735364385923944
aeb9e1bc-a9d2-4aa3-8cdd-cc4edbf5edf9	60623	651	30495	24292	5185	55438	0.010738498589644194	0.5030269039803374	0.4007060026722531	0.08552859475776521	0.011742847866084635	0.43818319564197844
71de7aed-0fd7-4381-847b-885e1310d6ef	60623	11104	39844	5760	3915	56708	0.18316480543688038	0.6572423007769328	0.09501344374247397	0.06457945004371278	0.19581011497495945	0.10157297030401355
031c0350-1f8e-4886-9a12-e9700aee7e07	60623	10945	34247	14628	803	59820	0.18054203850023917	0.5649176055292545	0.2412945581709912	0.013245797799515036	0.1829655633567369	0.2445336008024072
5e9ed3d4-fad6-47fc-aa55-c7e710b76dc8	60623	3815	42799	9055	4954	55669	0.06292991108985038	0.7059861768635667	0.14936575227223992	0.08171815977434307	0.06853006161418383	0.16265785266485835
24057913-52eb-4f50-a501-c11003b2356a	60623	1496	16527	38714	3886	56737	0.024677102749781438	0.2726193029048381	0.6386025105982878	0.06410108374709268	0.02636727356046319	0.6823413292912914
cffeea21-61c8-4f86-b8d3-e67b019768cc	60623	2305	25867	28409	4042	56581	0.03802187288652822	0.42668624119558585	0.4686175214027679	0.06667436451511803	0.04073805694491084	0.502094342623849
b375a785-5db2-4eaf-86aa-ef86c4af60ce	60623	4004	26875	28931	813	59810	0.06604753971265032	0.4433135938505188	0.4772281147419296	0.013410751694901276	0.06694532686841666	0.4837150978097308
034cf68f-79af-40f3-bb6e-26ae98b3a62f	60623	757	15745	40042	4079	56544	0.012487009880738333	0.2597199082856342	0.6605083879055804	0.0672846939280471	0.013387804187889077	0.7081564799094511
7dbabdaa-9fdf-4a94-815a-a493b5dac4ce	60623	2819	25474	28482	3848	56775	0.046500503109380927	0.4202035531069066	0.4698216848390875	0.06347425894462498	0.04965213562307354	0.501664464993395
91d58448-b712-4626-82c6-a451fddf277d	60623	56	12251	42975	5341	55282	0.0009237418141629414	0.20208501723768207	0.7088893654223645	0.08810187552579055	0.0010129879526789914	0.7773778083282081
81d96b93-9b78-47f3-b684-564e24bff2a5	60623	41	10608	49167	807	59816	0.0006763109710835821	0.17498309222572292	0.811028817445524	0.013311779357669532	0.0006854353350274175	0.8219707101778788
22434a49-eb8a-43ac-8c08-ae6dcbe6fbb8	60623	36497	17987	778	5361	55262	0.6020322319911585	0.2967025716312291	0.012833413061049436	0.08843178331656303	0.6604357424631754	0.014078390213890195
9a7a1b22-9df6-438f-ad00-54755c7dbc7c	60623	215	17263	37839	5306	55317	0.00354650875080415	0.2847599096052653	0.6241690447519919	0.0875245368919387	0.003886689444474574	0.6840392646022019
7bd574da-43aa-40f4-9b95-e50682aed48f	60623	233	17667	41916	807	59816	0.0038434257624993815	0.2914240469788694	0.6914207479009616	0.013311779357669532	0.003895278855155811	0.70074896348803
0bdbe623-cf95-465a-917d-87dfb6a8618e	60623	7	3261	52202	5153	55470	0.00011546772677036768	0.053791465285452714	0.8610923246952477	0.08500074229252924	0.00012619433928249505	0.9410852713178295
9dcb355a-c122-4341-89d7-1df471315a49	60623	2551	52976	9	5087	55536	0.04207973871302971	0.8738597561981426	0.00014845850584761558	0.08391204658298006	0.045934168827427256	0.00016205704407951598
0596228b-476c-4273-954c-23270fd769bf	60623	2379	57441	0	803	59820	0.03924253171238639	0.9475116704880986	0.0	0.013245797799515036	0.03976930792377131	0.0
5aa09c6e-a062-4834-aa6d-4ec1bed510d7	60623	2337	25168	27887	5231	55392	0.03854972535176418	0.4151559639080877	0.4600069280636062	0.0862873826765419	0.04219020797227036	0.5034481513575968
646402af-ba5f-438c-ae63-213ebd58b16d	60623	1433	20303	33139	5748	54875	0.023637893208848126	0.33490589380268215	0.5466407139204592	0.0948154990680105	0.026113895216400913	0.6038997722095671
bf8fdf82-62b4-4b5d-93e7-ce153576fe49	60623	649	6975	47279	5720	54903	0.010705507810566946	0.11505534203190208	0.779885521996602	0.09435362816092902	0.011820847676811831	0.8611369141941242
8586678e-d6d9-4b29-bb21-bf7bd0244322	60623	1037	7040	51733	813	59810	0.01710571895155304	0.11612754235191264	0.8533559870016331	0.013410751694901276	0.017338237752884133	0.8649556930279217
4131da8f-3c6c-43e1-a7eb-81cb8988f524	60623	1473	23076	30629	5445	55178	0.024297708790393086	0.38064760899328637	0.5052372861785132	0.08981739603780743	0.026695422088513537	0.5550944216898039
373c5231-b6ae-49db-ac0d-d674a0c9c100	60623	18308	34869	2042	5404	55219	0.30199759167312734	0.5751777378222787	0.03368358543787012	0.08914108506672386	0.3315525453195458	0.03698002499139789
60d4bb1a-a25f-485e-8247-1ea42220015a	60623	8382	45444	1749	5048	55575	0.13826435511274598	0.749616482193227	0.028850436303053298	0.08326872639097373	0.15082321187584347	0.03147098515519568
1c410851-0320-4529-9655-2942cb81508f	60623	9022	48390	2408	803	59820	0.14882140441746533	0.7982118997740132	0.03972089800900648	0.013245797799515036	0.150819124038783	0.040254095620193914
49cf5040-2d73-4538-8825-7fba37379289	60623	0	2189	52615	5819	54804	0.0	0.036108407700047834	0.8679049205746994	0.0959866717252528	0.0	0.9600576600248157
933577d0-75b1-4f9f-baa1-2dd1ab254fd2	60623	7626	16076	32963	3958	56665	0.12579384062154628	0.2651798822229187	0.5437375253616614	0.06528875179387361	0.13458042883614224	0.5817171093267449
663559f3-481e-4e43-86cd-9ab54cc3f6fd	60623	18157	23890	17771	805	59818	0.29950678785279516	0.3940748560777263	0.2931395674908863	0.013278788578592283	0.30353739677020297	0.2970844896185095
597d38ff-839c-4fe3-b889-efd0f680b715	60623	1656	20243	32141	6583	54040	0.027316365075961267	0.3339161704303647	0.5301783151609125	0.1085891493327615	0.0306439674315322	0.5947631384159882
2ce7ef53-0d6a-4f18-8362-576d12046779	60623	2070	22766	34970	817	59806	0.034145456344951586	0.37553403823631293	0.5768437721656797	0.01347673325305577	0.034611911848309536	0.5847239407417316
727baf6e-e991-426e-a823-07908aa85202	60623	8269	42697	5200	4457	56166	0.13640037609488148	0.704303647130627	0.08577602560084456	0.07351995117364697	0.14722429939821244	0.09258270127835345
73a77977-fab0-486f-8d15-be8b30c8808a	60623	1286	7557	46308	5472	55151	0.021213070946670406	0.12465565874338122	0.7638684987545981	0.09026277155535029	0.02331780022121086	0.8396583924135556
1822469a-d526-4a61-b1b3-7f167407448b	60623	6	856	58957	804	59819	9.897233723174372e-05	0.014120053445062106	0.9725186810286525	0.01326229318905366	0.00010030257944800147	0.9855898627526372
60a9564a-c68d-4791-a093-19b144ee7717	60623	0	59106	714	803	59820	0.0	0.9749764940699075	0.011777708130577503	0.013245797799515036	0.0	0.011935807422266801
f0a4ae58-d5bc-4ab0-b1cf-0d951ea91fc7	60623	13	4621	50654	5335	55288	0.0002144400640021114	0.0762251950579813	0.8355574616894578	0.0880029031885588	0.0002351323976269715	0.9161843437997396
d9548fe4-5631-473a-82cd-1b089b638963	60623	13	6823	52979	808	59815	0.0002144400640021114	0.11254804282203124	0.8739092423667585	0.013328274747208156	0.00021733678843099556	0.8857142857142857
4f516204-3c17-4df0-b9bb-6b6dc9af4fd2	60623	0	17512	37830	5281	55342	0.0	0.2888672616003827	0.6240205862461442	0.08711215215347311	0.0	0.6835676339850385
b671ceeb-72d0-40e3-8279-954e6ed242dd	60623	7	2497	52606	5513	55110	0.00011546772677036768	0.04118898767794402	0.8677564620688517	0.09093908252643386	0.0001270186898929414	0.9545636000725821
9f19b661-4624-4098-9656-a195ae1156b7	60623	30	2758	57024	811	59812	0.0004948616861587187	0.045494284347524866	0.9406330930504924	0.013377760915824027	0.0005015715909850866	0.9533872801444526
d1194f81-3244-41e2-a4ab-5fa0485ec6aa	60623	15973	35267	3690	5693	54930	0.26348085710044045	0.581742902858651	0.060867987397522395	0.09390825264338618	0.2907882759876206	0.06717640633533588
5d8e8c0c-2fe4-4170-97ab-414acbbfd374	60623	2463	11605	45746	809	59814	0.0406281444336308	0.19142899559573098	0.7545980898338914	0.01334477013674678	0.041177650717223395	0.7648042264352827
13b0d336-205a-42ac-8a50-db0eb065013d	60623	370	16342	38317	5594	55029	0.006103294129290863	0.26956765584019265	0.6320538409514541	0.0922752090790624	0.0067237274891420885	0.6963055843282633
45c17476-0525-46d2-8448-48d4de6713f1	60623	2856	56059	3	1705	58918	0.04711083252231001	0.9247150421457203	4.948616861587186e-05	0.028124639163353844	0.048474150514274075	5.091822533011983e-05
d2b8a9f4-7d70-43a0-b5f6-5b7365a03944	60623	34664	19540	919	5500	55123	0.5717961829668607	0.32231991158471207	0.015159262985995414	0.09072464246243175	0.6288482121800337	0.016671806686863924
75466b3d-0206-4441-a1dc-d9503457fbc2	60623	1014	16770	42035	804	59819	0.01672632499216469	0.27662768256272374	0.6933836992560579	0.01326229318905366	0.016951135926712248	0.7027031545161236
6f44f833-1108-4ea1-a472-f3964f2d73a8	60623	2387	57433	0	803	59820	0.03937449482869538	0.9473797073717896	0.0	0.013245797799515036	0.03990304246071548	0.0
ed5b47c1-569f-492b-8d6c-155e3ba79acb	60623	25912	26974	2076	5661	54962	0.4274285337248239	0.4449466374148425	0.03424442868218333	0.0933804001781502	0.47145300389359923	0.03777155125359339
e4463ff5-d83e-4c36-b700-ef17ddb195ab	60623	29921	27745	2149	808	59815	0.4935585503851673	0.45766458274912164	0.035448592118502875	0.013328274747208156	0.5002256958956783	0.03592744294909304
37901d81-dc2a-4f55-b6c5-f117274d50b8	60623	0	832	54283	5508	55115	0.0	0.01372416409613513	0.8954192303251242	0.09085660557874074	0.0	0.9849042910278508
241370f2-396a-498e-9e15-6181e3afcead	60623	16	4187	55610	810	59813	0.0002639262326179833	0.0690661959982185	0.9173086122428781	0.013361265526285403	0.000267500376172404	0.9297309949342116
4a42220d-afcf-4cda-b030-f84cddd61e66	60623	18386	32607	4471	5159	55464	0.30328423205714	0.5378651666859113	0.0737508866271877	0.08509971462976099	0.33149430261070245	0.08061084667532092
c7d727b6-47c6-4339-b9dd-5baf41527bd4	60623	168	20059	34979	5417	55206	0.0027712254424888242	0.3308810187552579	0.5769922306715273	0.08935552513072596	0.003043147483969134	0.6336086657247401
72ca76ae-bcf6-4f98-b891-95bec77fad2d	60623	907	24841	31016	3859	56764	0.014961318311531926	0.40976197152895766	0.5116210019299606	0.06365570822954984	0.015978437037559017	0.5464026495666268
5cc1bc02-faff-48f4-a933-0ca009efe45f	60623	2587	25954	31276	806	59817	0.04267357273642017	0.4281213400854461	0.5159098032100028	0.013295283968130907	0.04324857481986726	0.5228613939181169
ef98c575-44c9-4524-8754-45250f60a5c8	60623	631	32300	24117	3575	57048	0.010408590798871716	0.5328010820975537	0.39781930950299393	0.058971017600580634	0.011060861029308653	0.42274926377787125
5fc78ac7-651c-40f8-9215-1f6d167d97e0	60623	2573	33096	24125	829	59794	0.042442637282879433	0.5459314121702984	0.3979512726193029	0.013674677927519259	0.04303107335184132	0.4034685754423521
0d1aff40-772d-436f-9802-971880a2058b	60623	891	5844	48725	5163	55460	0.014697392078913943	0.0963990564637184	0.8037378552694522	0.08516569618791547	0.016065632888568337	0.8785611251352325
e7ed1627-7ec0-48f5-983d-09b1241c28ec	60623	2	9258	47300	4063	56560	3.299077907724791e-05	0.15271431634858057	0.7802319251769131	0.06702076769542913	3.536067892503536e-05	0.8362800565770863
58b5e666-e54d-462c-8324-5a75a09cd20b	60623	0	0	59815	808	59815	0.0	0.0	0.9866717252527919	0.013328274747208156	0.0	1.0
5d0ed8d1-6e84-4f6c-8e0e-0317aa8b0e3f	60623	0	55704	0	4919	55704	0.0	0.9188591788595087	0.0	0.08114082114049123	0.0	0.0
0cdb8e18-bea8-4f10-9863-33346b44e43a	60623	67	59753	0	803	59820	0.001105191099087805	0.9856490111013971	0.0	0.013245797799515036	0.001120026746907389	0.0
55f79464-e4d9-47be-8ce8-c4959e9eb753	60623	1353	14327	39177	5766	54857	0.02231826204575821	0.2363294459198654	0.6462398759546707	0.09511241607970572	0.02466412672949669	0.7141659223070893
bff592ed-0ba6-44c2-b04e-0aad7b73089d	60623	2	9846	45227	5548	55075	3.299077907724791e-05	0.16241360539729147	0.7460369826633456	0.0915164211602857	3.631411711302769e-05	0.8211892873354517
6276aece-90e0-4d4d-87a9-4a67a314a9e8	60623	2387	9944	47488	804	59819	0.03937449482869538	0.1640301535720766	0.7833330584101743	0.01326229318905366	0.039903709523729916	0.7938614821377823
d0bfb6cc-abc4-4b09-b668-1003f3eed1a7	60623	1835	41133	12470	5185	55438	0.030269039803374958	0.6785048578922191	0.2056975075466407	0.08552859475776521	0.03310003968397128	0.22493596450088388
3a6bf033-558e-469d-8798-570b7b60c962	60623	0	758	59057	808	59815	0.0	0.012503505270276957	0.9741682199825149	0.013328274747208156	0.0	0.9873275934130235
c58243d7-77ea-4806-8298-2e322d5219a3	60623	8124	32949	14278	5272	55351	0.134008544611781	0.5435065899081207	0.23552117183247281	0.08696369364762549	0.14677241603584398	0.2579537858394609
2315f189-cce1-4ee2-8943-9bba2099a391	60623	7679	36041	16100	803	59820	0.12666809626709336	0.594510334361546	0.26557577157184564	0.013245797799515036	0.12836843864928119	0.26914075560013373
efd3f14f-f785-4aec-9efd-6dd8e9c41eba	60623	12135	29370	13646	5472	55151	0.20017155205120168	0.48446959074938556	0.22509608564406247	0.09026277155535029	0.22003227502674474	0.24742978368479265
d6ef8f0b-39ad-42bd-b2bd-62b42bbb69e2	60623	15276	28104	16435	808	59815	0.25198357059201953	0.4635864275934876	0.2711017270672847	0.013328274747208156	0.2553874446209145	0.2747638552202625
558e3668-fbe7-4e8e-beb0-90ab33587b5a	60623	101	27626	28457	4439	56184	0.0016660343434010195	0.45570163139402536	0.4694093001006219	0.07322303416195174	0.0017976648156058665	0.506496511462338
099466ba-0a3c-4c00-a5f2-59319494ae17	60623	7	28878	30934	804	59819	0.00011546772677036768	0.47635385909638256	0.5102683799877934	0.01326229318905366	0.00011701967602266839	0.5171266654407463
ec51c45a-d518-4333-bd7e-3ae606b40d01	60623	36	7520	48569	4498	56125	0.0005938340233904623	0.12404532933045213	0.8011645745014269	0.07419626214473055	0.0006414253897550112	0.8653719376391982
3efbff90-339d-4439-b367-97c4c6c0ff43	60623	26	9966	49827	804	59819	0.0004288801280042228	0.16439305214192634	0.8219157745410158	0.01326229318905366	0.00043464451094133973	0.8329627710259282
59546c0f-5f27-43bf-aa2e-90dc44c971b6	60623	10654	38560	10604	805	59818	0.17574188014449962	0.6360622206093397	0.1749171106675684	0.013278788578592283	0.17810692433715605	0.1772710555351232
63315e75-2b50-4b79-b553-036fa7fd024f	60623	1271	34765	20711	3876	56747	0.020965640103591046	0.5734622173102618	0.3416360127344407	0.06393612985170645	0.022397659788182634	0.3649708354626676
a28cc4b4-4819-41ef-adf7-34ee50e29ba6	60623	344	34549	21914	3816	56807	0.00567441400128664	0.569899213169919	0.3614799663494053	0.06294640647938901	0.006055591740454521	0.38576231802418715
478cc306-6aee-4597-8834-1e5cf8b05a59	60623	7145	36702	11547	5229	55394	0.11785955825346815	0.6054137868465764	0.19047226300249082	0.08625439189746466	0.1289850886377586	0.2084521789363469
68f1d178-71de-4185-82ef-2fbb221759ec	60623	116	1579	53638	5290	55333	0.0019134651864803787	0.026046220081487225	0.8847797040727117	0.08726061065932073	0.0020963981710733198	0.9693672853450924
da010683-c537-478f-8f95-e606b05dbc5c	60623	380	1503	52980	5760	54863	0.006268248024677103	0.024792570476551805	0.8739257377562971	0.09501344374247397	0.006926343801833658	0.9656781437398612
a65c5573-b230-4ca0-8be3-8bcce6be385e	60623	546	3629	55641	807	59816	0.00900648268808868	0.05986176863566633	0.9178199693185755	0.013311779357669532	0.00912799251036512	0.9302026213722081
4b24bb00-acf5-4cf4-a84a-020baa60782d	60623	15932	37582	3626	3483	57140	0.26280454612935683	0.6199297296405655	0.05981228246705046	0.05745344176302723	0.27882394119705983	0.06345817290864543
26c196df-86a1-452a-98ea-717aff6e9be0	60623	15557	37979	6284	803	59820	0.25661877505237285	0.6264783992873991	0.10365702786071293	0.013245797799515036	0.2600635239050485	0.10504847876964225
7dceaead-79bb-4e91-a724-f0fae56442ce	60623	1208	23863	29486	6066	54557	0.01992643056265774	0.39362948056018343	0.48638305593586595	0.10006103294129291	0.022141979947577762	0.5404622688197664
2bde5f85-c872-4f09-8a6b-cb1774777b33	60623	64	3134	56607	818	59805	0.0010557049304719332	0.051696550814047476	0.9337545156128862	0.013493228642594396	0.001070144636736059	0.946526210183095
c12f1638-214d-40f8-a553-b616a52f6933	60623	23660	27072	5954	3937	56686	0.3902809164838428	0.4465631855896277	0.09821354931296702	0.0649423486135625	0.41738700913805876	0.10503475284902798
43780cdc-c9cd-4ef4-af4d-ce271a5e5717	60623	24608	29234	5973	808	59815	0.40591854576645825	0.4822262177721327	0.09852696171420088	0.013328274747208156	0.4114018222853799	0.09985789517679512
9602a00c-a48d-455e-ab57-0e61414098fe	60623	16323	35828	3974	4498	56125	0.2692542434389588	0.590996816389819	0.06555267802649159	0.07419626214473055	0.2908329621380846	0.07080623608017818
465591dc-8216-4773-aa82-68e79fff13a2	60623	15414	39467	4939	803	59820	0.25425993434834965	0.6510235389208716	0.08147072893126371	0.013245797799515036	0.2576730190571715	0.08256435974590438
79cf84b5-84ff-42e5-b438-697b35d272fc	60623	11446	37201	6498	5478	55145	0.18880622865908978	0.6136449862263498	0.10718704122197846	0.09036174389258202	0.20756188231027292	0.11783479916583553
0250727d-cbe6-4d03-89cc-5221ac72a065	60623	2917	34335	17769	5602	55021	0.048117051284166074	0.5663691998086535	0.29310657671180906	0.0924071721953714	0.05301612111739154	0.3229494193126261
bac0b02d-ac3b-4784-b8bf-180eadd548a3	60623	572	3309	51017	5725	54898	0.009435362816092903	0.05458324398330667	0.8415452880919783	0.09443610510862215	0.010419323108309956	0.9293052570221138
4edd48ee-134e-43cd-9846-6414c4842941	60623	635	4811	54368	809	59814	0.01047457235702621	0.07935931907031984	0.8968213384359072	0.01334477013674678	0.010616243688768515	0.9089510816865617
cce6d71f-369e-467f-bd7e-03d20e97b7f3	60623	1638	17589	35768	5628	54995	0.02701944806426604	0.29013740659485676	0.5900070930175016	0.09283605232337562	0.029784525865987815	0.650386398763524
adf04f24-d50f-473d-aa66-ad4778abad3b	60623	1832	27525	30459	807	59816	0.030219553634759085	0.45403559705062435	0.502433069956947	0.013311779357669532	0.03062725692122509	0.5092115821853684
b572a3ea-e568-49db-8e35-a80f4a6d82e9	60623	46	55328	1572	3677	56946	0.0007587879187767019	0.9126569123929862	0.025930752354716858	0.06065354733352028	0.0008077828117866049	0.027605099568011802
7fadcad8-20fc-43e0-8c87-67013b77c286	60623	2387	56328	1105	803	59820	0.03937449482869538	0.9291523019316101	0.01822740544017947	0.013245797799515036	0.03990304246071548	0.018472082915412906
174e4405-4848-4e5e-93cc-0cdf2795c91a	60623	23559	28359	3369	5336	55287	0.38861488214044176	0.46779275192583675	0.0555729673556241	0.08801939857809742	0.4261218731347333	0.06093656736665039
a3bf3f65-7b44-4993-a126-c76870dbbbac	60623	984	9502	44900	5237	55386	0.016231463306005972	0.1567391913960048	0.7406429902842155	0.08638635501377365	0.01776622251110389	0.8106741775900047
6f511ca7-0730-4138-8482-2b50c81db218	60623	3900	17693	38225	805	59818	0.06433201920063342	0.2918529271068736	0.6305362651139007	0.013278788578592283	0.06519776655856097	0.6390216991541008
3b284fc6-7dc4-46c2-8ec9-1121ef0b4308	60623	2318	23697	29389	5219	55404	0.03823631295053033	0.3908912458967719	0.4847830031506194	0.08608943800207843	0.04183813443072702	0.5304490650494549
36576033-1b30-4d02-977b-983220fc8f32	60623	722	14526	41588	3787	56836	0.011909671246886496	0.23961202843805157	0.686010260132293	0.062468040182768914	0.012703216271377295	0.7317193328172286
a5d9be94-1204-49cb-8758-1505d853564c	60623	1639	28350	24988	5646	54977	0.02703594345380466	0.4676442934199891	0.4121867937911354	0.09313296933507084	0.02981246703166779	0.45451734361642143
91723d8e-9d3e-4540-8893-d6bb2f53bc12	60623	4555	31678	23580	810	59813	0.07513649934843211	0.5225409498045296	0.38896128532075286	0.013361265526285403	0.07615401334158126	0.3942286793840804
3e30dbd1-10bf-4450-8d19-6f44d3284e02	60623	260	51270	4120	4973	55650	0.004288801280042228	0.8457186216452501	0.06796100489913069	0.08203157217557693	0.004672057502246182	0.07403414195867027
45021ebd-8e13-44c2-8203-aa9f72b50e6e	60623	505	22233	32581	5304	55319	0.008330171717005097	0.36674199561222637	0.5374362865579071	0.08749154611286146	0.009128870731575046	0.5889658164464289
b3585415-9ab9-4614-8b15-8edb66efd1dc	60623	11756	39784	3371	5712	54911	0.19391979941606322	0.6562525774046154	0.05560595813470135	0.09422166504462003	0.21409189415599789	0.06139024967674965
2ac5a016-5b17-4868-9f75-cc85f6430cd0	60623	11158	45923	2738	804	59819	0.1840555564719661	0.7575177737822278	0.045164376556752386	0.01326229318905366	0.1865293635801334	0.04577141042143801
0c06cf85-61eb-4e6d-ae54-b8f5cbab9b63	60623	4489	50132	1009	4993	55630	0.07404780363888293	0.8269468683502961	0.01664384804447157	0.0823614799663494	0.08069387021391336	0.01813769548804602
d23900e0-0335-429c-b9b6-16fa06740f92	60623	30372	23032	2214	5005	55618	0.5009979710670868	0.3799218118535869	0.03652079243851344	0.0825594246408129	0.5460822036031501	0.03980725664353267
08c97cef-d757-4dc8-a216-c34074982c1f	60623	31655	23116	5043	809	59814	0.5221615558451412	0.38130742457483136	0.0831862494432806	0.01334477013674678	0.52922392750861	0.08431136523221988
90e374aa-f02d-40dd-b306-cf392ef1026d	60623	2	16187	43631	803	59820	3.299077907724791e-05	0.26701087046170596	0.7197103409597018	0.013245797799515036	3.3433634236041456e-05	0.7293714476763624
3012b1da-0624-4538-8835-a701b0be5c66	60623	181	10775	45858	3809	56814	0.0029856655064909358	0.1777378222786731	0.7564455734622173	0.06283093875261864	0.003185834477417538	0.8071602069912346
84cb5264-6158-40ec-8b65-f96a4a7d6ce4	60623	4749	40468	9790	5616	55007	0.07833660491892516	0.6675354238490342	0.16148986358312853	0.09263810764891213	0.0863344665224426	0.17797734833748433
8e690229-01ba-4158-ac60-256310bae644	60623	18	4823	52009	3773	56850	0.00029691701169523116	0.07955726374478334	0.8579087145142933	0.06223710472922818	0.000316622691292876	0.9148460861917326
5adb6d46-69cf-41d9-9285-4e383a3cc4dc	60623	11144	43102	5573	804	59819	0.18382462101842534	0.7109842798937697	0.0919288058987513	0.01326229318905366	0.18629532422808806	0.0931643792106187
122aaa4f-8fd5-4c41-bff8-8a45bdfb3f81	60623	6	6197	49193	5227	55396	9.897233723174372e-05	0.10222192897085265	0.8114576975735281	0.08622140111838741	0.00010831106939129179	0.8880244060943029
8fa41683-e16d-4f46-a3db-672c9f1b7823	60623	28351	26564	1604	4104	56519	0.4676607888095277	0.4381835277040067	0.026458604819952825	0.06769707866651271	0.5016189246094234	0.0283798368690175
2369b01d-3a23-4d58-a22e-87ac80d40ec4	60623	0	3311	56508	804	59819	0.0	0.05461623476238391	0.9321214720485624	0.01326229318905366	0.0	0.9446496932412779
0ecbd044-0689-4395-a3d6-fb0d46fcf226	60623	30994	21865	3792	3972	56651	0.5112581033601108	0.3606716922620128	0.06255051713046203	0.06551968724741435	0.5471041993963037	0.06693615293640007
3e08e880-bb50-4460-b1bf-06064f12d0c2	60623	115	10606	46177	3725	56898	0.0018969697969417549	0.17495010144664566	0.7617076027250383	0.06144532603137423	0.002021160673485887	0.8115750993005026
e97a07a0-16bb-40c7-9df4-95dadf83b04c	60623	1655	23019	30546	5403	55220	0.027299869686422645	0.3797073717895848	0.5038681688468073	0.08912458967718523	0.02997102499094531	0.5531691416153568
b85be894-bb6c-4994-be61-dee0ddb5c7a4	60623	3813	25462	30512	836	59787	0.06289692031077314	0.4200056084324431	0.5033073256024941	0.013790145654289626	0.06377640624215966	0.5103450582902638
b560df97-986b-4a88-a0f1-c38a30080edb	60623	4874	44664	10715	370	60253	0.08039852861125316	0.7367500783531004	0.17674809890635568	0.006103294129290863	0.08089223773090136	0.1778334688729192
7c606f64-69a1-465c-9f4e-2eb1ebeda5d7	60623	927	9578	46294	3824	56799	0.015291226102304406	0.15799284100094024	0.7636375633010574	0.063078369595698	0.01632070987165267	0.815049560731703
1163fbc8-706b-4d7d-8454-bbb24e2bf27d	60623	601	59165	502	355	60268	0.009913729112712997	0.9759497220526863	0.008280685548389226	0.0058558632862115035	0.00997212451051968	0.008329461737572177
18129c77-70f2-4db9-9b5b-39e6d9c429a0	60623	927	8661	50229	806	59817	0.015291226102304406	0.14286656879402207	0.8285469211355426	0.013295283968130907	0.015497266663323135	0.8397111189126837
4b202550-9744-4c6c-ad17-97f764ea3f18	60623	81	12913	42124	5505	55118	0.0013361265526285403	0.21300496511225112	0.6948517889249954	0.09080711941012487	0.001469574367720164	0.7642512427881999
e88b670d-57af-4001-a9f3-0e13496b426a	60623	14020	25197	17579	3827	56796	0.23126536133150785	0.4156343302047078	0.2899724526994705	0.06312785576431387	0.2468483696034932	0.3095112331854356
2dc10f3c-1ae3-4321-8591-9cb71e468551	60623	2386	45400	12034	803	59820	0.03935799943915676	0.7488906850535275	0.19850551770780067	0.013245797799515036	0.03988632564359746	0.20117017719826144
b8a5a1e0-3095-49b6-aae7-f7621c398f59	60623	3	6264	49181	5175	55448	4.948616861587186e-05	0.10332712006994045	0.8112597528990647	0.08536364086237896	5.410474678978502e-05	0.8869751839561391
42712bd0-dae3-4aee-bdda-6d553eb29ee7	60623	3	6565	53251	804	59819	4.948616861587186e-05	0.10829223232106626	0.8783959883212642	0.01326229318905366	5.015128972400073e-05	0.8902021096975877
4ddf0a0c-a1ec-4f94-b886-ad444a50be97	60623	1148	11372	44254	3849	56774	0.0189367071903403	0.1875855698332316	0.7299869686422645	0.0634907543341636	0.020220523479057315	0.779476520942685
1fd0b739-e037-4791-b4a4-daf75d55022b	60623	2139	48504	5211	4769	55854	0.03528363822311664	0.8000923741814163	0.08595747488576942	0.07866651270969764	0.0382962724245354	0.09329680953915566
db809a73-5e5f-42f2-ab05-89bac944411d	60623	100	8484	47946	4093	56530	0.0016495389538623954	0.13994688484568563	0.7908879468188641	0.06751562938158785	0.0017689722271360339	0.8481514240226429
b9d4a44e-7bd4-4f5a-859f-0dbcdd3536fc	60623	28	8494	51289	812	59811	0.0004618709070814707	0.14011183874107186	0.846032034046484	0.01339425630536265	0.000468141311798833	0.8575178478875123
a6342eed-126b-4afb-86ef-2257b1645e5e	60623	767	15146	39328	5382	55241	0.012651963776124573	0.24983916995199842	0.6487306797750029	0.08877818649687412	0.013884614688365526	0.7119349758331673
1726b748-4972-4d0a-beee-288bf5af8f08	60623	2412	17631	39770	810	59813	0.039786879567160975	0.29083021295547895	0.6560216419510747	0.013361265526285403	0.040325681707989905	0.6649056225235317
adb65cdc-08c7-46e3-a74f-7fa4d0ca4e3b	60623	2026	22817	30480	5300	55323	0.03341965920525213	0.3763753031027828	0.5027794731372581	0.08742556455470696	0.03662129674818791	0.5509462610487501
3d97275d-047f-4222-8093-7b79792018c1	60623	21024	29304	9485	810	59813	0.34679906966003005	0.4833808950398364	0.1564587697738482	0.013361265526285403	0.35149549429053883	0.15857756674970325
b32f509d-91e5-4601-b8b3-4b0a5212c22b	60623	10423	39431	5728	5041	55582	0.17193144516107747	0.6504297048974812	0.09448559127723802	0.08315325866420335	0.18752473822460508	0.10305494584577742
68dd1c45-4dbe-4b8d-b6b6-034eb1ae9dc0	60623	0	13455	46360	808	59815	0.0	0.2219454662421853	0.7647262590106065	0.013328274747208156	0.0	0.7750564239739196
848cfbda-c996-41e3-ad7a-474814fd3f4e	60623	20	1577	55244	3782	56841	0.00032990779077247907	0.026013229302409978	0.9112712996717417	0.0623855632350758	0.00035185869354867084	0.9719040833201387
cf14428a-1964-4f11-aa9a-d60c6631c2c6	60623	469	16196	40002	3956	56667	0.007736337693614635	0.26715932896755357	0.6598485723240355	0.06525576101479637	0.008276421903400569	0.7059134946265022
5593f581-3d45-4a4a-a525-bfae1f4753a0	60623	1528	20018	35263	3814	56809	0.025204955215017404	0.3302047077841743	0.5816769213004965	0.06291341570031177	0.026897146578887147	0.6207291098241475
14f26352-b073-4ed8-8b2a-96b9429f25a0	60623	2405	57853	15	350	60273	0.03967141184039061	0.9543077709780117	0.00024743084307935934	0.0057733863385183845	0.03990178023327195	0.0002488676521825693
8ab7f1ee-35f0-460c-8a4f-751748de5e4a	60623	218	10103	44933	5369	55254	0.0035959949194200222	0.1666529205087178	0.7411873381389902	0.08856374643287201	0.003945415716509212	0.81320809353169
3e7cdfb1-cdeb-4c56-91aa-08930083b39d	60623	22	1912	55024	3665	56958	0.000362898569849727	0.031539184797849	0.9076423139732445	0.06045560265905679	0.0003862495171881035	0.9660451560799186
b49eb906-19c3-4eb7-93f7-1c37bc85ce61	60623	3993	37566	13143	5921	54702	0.06586609042772545	0.6196658034079475	0.21679890470613464	0.09766920145819244	0.07299550290665789	0.24026543819238785
9d47a514-6bf2-4057-b84b-8143949bf5aa	60623	6327	39716	13771	809	59814	0.10436632961087376	0.655130890915989	0.22715800933639047	0.01334477013674678	0.10577791152572977	0.23023038084729328
587f8383-3a48-49af-8ac4-d86e6009c96b	60623	38	16886	38270	5429	55194	0.0006268248024677102	0.2785411477492041	0.6312785576431388	0.08955346980518945	0.0006884806319527485	0.6933724680218865
1b856a2b-97be-4461-a496-279df908c30e	60623	50	10617	44227	5729	54894	0.0008247694769311977	0.17513155073157052	0.7295415931247217	0.09450208666677663	0.000910846358436259	0.8056800378912085
dacbc55d-25c6-4e86-bd1b-38345b4df7a7	60623	8412	41005	5444	5762	54861	0.1387592167989047	0.6763934480312752	0.0898009006482688	0.09504643452155123	0.15333296877563296	0.0992326060407211
c0a8c73c-35ba-4724-b13a-9a9986af36c0	60623	2	29269	26127	5225	55398	3.299077907724791e-05	0.48280355640598455	0.43097504247562807	0.08618841033931016	3.610238636773891e-05	0.47162352431495724
5942f197-2b77-4a7f-8bca-763cc1902a0b	60623	645	8093	47885	4000	56623	0.01063952625241245	0.13349718753608367	0.7898817280570081	0.06598155815449581	0.01139113081256733	0.845681083658584
b4c61d50-4631-442d-b518-ca666d0243f5	60623	37	13315	43276	3995	56628	0.0006103294129290863	0.21963611170677796	0.7138544776734903	0.0658990812068027	0.0006533870170233807	0.7642155823974006
cf53a83e-bff6-4b6b-80aa-1847866fa09b	60623	3	5540	49998	5082	55541	4.948616861587186e-05	0.09138445804397671	0.8247364861521205	0.08382956963528694	5.401415170774743e-05	0.9001998523613187
c8adcab2-2ccd-4b71-9172-9de5bdfb1faa	60623	5895	51465	2458	805	59818	0.09724032133018821	0.8489352226052819	0.04054566748593768	0.013278788578592283	0.098548931759671	0.041091310307934066
08d8f333-08f9-4268-99b7-61f7b057f542	60623	1218	27189	27140	5076	55547	0.020091384458043978	0.4484931461656467	0.44768487207825414	0.0837305972980552	0.02192737681602967	0.4885952436675248
9e129d06-15b7-4d89-bac0-9cb62c54dc5a	60623	12678	30094	13497	4354	56269	0.2091285485706745	0.4964122527753493	0.22263827260280752	0.0718209260511687	0.22531056176580355	0.2398656453820043
10e8cc8a-cb5e-40c7-be44-555dc6102e4f	60623	1	13255	46549	818	59805	1.6495389538623956e-05	0.2186463883344605	0.7678438876334065	0.013493228642594396	1.672100994900092e-05	0.7783462921160438
0382e297-1b96-433b-9440-6811d685b13b	60623	904	8194	45997	5528	55095	0.014911832142916056	0.13516322187948468	0.758738432608086	0.09118651336951322	0.016408022506579543	0.8348670478264816
b24cfbec-f890-4685-9e7f-405da7eac9ad	60623	99	18934	36326	5264	55359	0.0016330435643237716	0.31232370552430594	0.5992115203800538	0.0868317305313165	0.001788327101284344	0.6561895988005564
40bfeee7-9932-47d6-87a8-5fd7514c2917	60623	7882	44337	4824	3580	57043	0.130016660343434	0.7313560859739703	0.07957375913432195	0.05905349454827376	0.13817646336973863	0.08456778219939344
19a37f0e-1c93-4cc4-8e6b-f3af2176c15b	60623	0	10340	49479	804	59819	0.0	0.1705623278293717	0.8161753789815747	0.01326229318905366	0.0	0.8271452214179441
452d513d-d9f8-40bf-a3a7-75453c875561	60623	3202	30747	22724	3950	56673	0.052818237302673904	0.5071837421440707	0.37484123187569074	0.06515678867756462	0.05649956769537522	0.40096695075256295
81905199-81c6-4718-8bea-951bc6c810a1	60623	4243	50646	2049	3685	56938	0.06998993781238144	0.8354254985731489	0.033799053164640484	0.06078551044982927	0.07451965295584671	0.035986511644244615
16b69336-4174-4804-b6b9-18e846618da4	60623	0	3975	55826	822	59801	0.0	0.06556917341603022	0.9208716163832209	0.01355921020074889	0.0	0.9335295396398053
37599a47-3ab8-4b42-a227-270e8652c160	60623	276	11805	42495	6047	54576	0.0045527275126602115	0.19472807350345578	0.700971578443825	0.09974762054005905	0.005057167985927881	0.7786389621811786
25c103a5-4caa-43f0-9740-546624249242	60623	284	14768	44764	807	59816	0.004684690628969203	0.24360391270639856	0.7383996173069627	0.013311779357669532	0.004747893540189916	0.7483616423699345
83973755-fa6a-460a-a042-385b34698c39	60623	1197	27848	25874	5704	54919	0.019744981277732873	0.4593636078715999	0.4268017089223562	0.09408970192831104	0.02179573553779202	0.47113020994555616
12870223-d36b-4a35-ba3d-70ed75eeab1d	60623	760	11430	42701	5732	54891	0.012536496049354206	0.1885423024264718	0.7043696286887815	0.0945515728353925	0.013845621322256836	0.7779235211601173
5bae2e45-6dbc-458c-a66f-702eb1af7357	60623	2	14238	40763	5620	55003	3.299077907724791e-05	0.23486135625092786	0.6724015637629283	0.09270408920706663	3.6361653000745415e-05	0.7411050306346927
b675e2fa-e96b-48a1-aff0-7d311c053d5a	60623	904	15851	38370	5498	55125	0.014911832142916056	0.2614684195767283	0.6329280965970011	0.0906916516833545	0.016399092970521542	0.6960544217687075
785daa57-5e12-4b23-8287-384d46e55e57	60623	1694	4296	49138	5495	55128	0.02794318987842898	0.0708641934579285	0.8105504511489039	0.09064216551473864	0.03072848643157742	0.8913437817443042
6b0b11c9-2adc-4b55-b7bb-cf67b11cab86	60623	645	12759	41213	6006	54617	0.01063952625241245	0.21046467512330302	0.679824489055309	0.09907130956897547	0.011809509859567534	0.754581906732336
40a0fcec-e363-40df-93e4-5d532ddf2587	60623	650	12125	47039	809	59814	0.01072200320010557	0.20000659815581545	0.7759266285073322	0.01334477013674678	0.010867021098739426	0.7864212391747751
54984e66-1d2a-4a62-a5aa-847bc12e02fc	60623	340	6720	48004	5559	55064	0.005608432443132145	0.11084901769955298	0.7918446794121043	0.09169787044521056	0.006174633154147901	0.8717855586226936
ee0d4640-5609-430e-8b80-3058a3f313a8	60623	2007	47760	5631	5225	55398	0.033106246804018274	0.78781980436468	0.09288553849199149	0.08618841033931016	0.03622874472002599	0.1016462688183689
8d71845f-3c44-4e52-8e28-dddeaa80e683	60623	2041	51670	6108	804	59819	0.03366709004833149	0.8523167774606998	0.10075383930191512	0.01326229318905366	0.03411959410889517	0.1021080258780655
962f85ff-1f27-49e4-8c3d-798facea122f	60623	2101	19261	33560	5701	54922	0.03465681342064893	0.317717697903436	0.55358527291622	0.09404021575969516	0.038254251483922655	0.6110483959069225
8a603532-91db-487a-a4e2-a8c1f848fa19	60623	3319	23169	33325	810	59813	0.05474819787869291	0.3821816802203784	0.5497088563746433	0.013361265526285403	0.055489609282263055	0.5571531272465852
500910ea-f0c9-4ed9-a2c6-510f92c36e7d	60623	2498	46137	6741	5247	55376	0.04120548306748264	0.7610477871434934	0.11119542087986407	0.0865513089091599	0.045109794856977754	0.12173143600115574
58084363-d165-44b9-9702-9a1e3732ee1b	60623	911	16991	38666	4055	56568	0.015027299869686423	0.2802731636507596	0.6378107319004338	0.06688880457912014	0.016104511384528356	0.683531325130816
055c1c08-3f8e-4dfe-b508-41493dd21cba	60623	1048	19201	39563	811	59812	0.017287168236477905	0.31672797453111856	0.6526070963165795	0.013377760915824027	0.017521567578412358	0.6614558951380993
5de445ab-85e8-4bec-bf61-f6b4240306e1	60623	15394	35487	5988	3754	56869	0.2539300265575772	0.5853718885571483	0.09877439255728024	0.06192369232799433	0.27069229281330776	0.10529462448785806
fdfca85d-9c11-4f55-8f43-7e4d54afdf9e	60623	24261	26463	5873	4026	56597	0.40019464559655576	0.4365174933606057	0.09687742276033849	0.06641043828250004	0.4286622965881584	0.10376875099386894
838b014d-cfc1-4831-a019-c367d3ffd57b	60623	22783	30425	6604	811	59812	0.37581445985846956	0.5018722267126339	0.10893555251307259	0.013377760915824027	0.3809101852471076	0.1104126262288504
e40ad349-500b-49cb-977d-3dc18d0ccbf9	60623	2720	52981	1	4921	55702	0.04486745954505716	0.8739422331458357	1.6495389538623956e-05	0.08117381191956848	0.04883128074395893	1.7952676744102546e-05
11d9770b-46bc-47a4-b3e6-2a0d64249b0c	60623	2841	56978	1	803	59820	0.04686340167923066	0.9398743051317157	1.6495389538623956e-05	0.013245797799515036	0.04749247743229689	1.6716817118020728e-05
ee72f78d-e5db-4c99-9034-0b5bbf6df849	60623	0	740	54413	5470	55153	0.0	0.012206588258581726	0.8975636309651452	0.09022978077627303	0.0	0.9865827788152957
395cfde3-b76f-4358-bd47-acf9cd673ab6	60623	28421	28818	2575	809	59814	0.4688154660772314	0.4753641357240651	0.042475628061956684	0.01334477013674678	0.47515631791888185	0.04305012204500618
c70ede8e-5761-434c-af09-8315bd688cd4	60623	3269	19499	33766	4089	56534	0.05392342840176171	0.3216436006136285	0.5569833231611765	0.06744964782343335	0.05782361057063006	0.5972689001308947
c85ed66e-c58b-45d9-82f6-8248b9e05338	60623	585	17699	36914	5425	55198	0.009649802880095013	0.2919518994441054	0.6089108094287646	0.08948748824703495	0.010598210080075365	0.6687561143519692
8ad4262e-2882-47d3-a93e-f6c9ab9d0634	60623	20590	35899	3331	803	59820	0.33964007060026724	0.5921679890470614	0.05494614255315639	0.013245797799515036	0.3441992644600468	0.05568371782012705
168a4a36-b73d-4c17-aaa4-1e4824a155c2	60623	8475	35464	11433	5251	55372	0.13979842633983802	0.5849924945977599	0.18859178859508768	0.08661729046731438	0.1530556960196489	0.20647619735606443
61358ba0-7194-40f5-b239-2ed06cbaf546	60623	1785	18095	34833	5910	54713	0.02944427032644376	0.29848407370140045	0.5745839037988882	0.09748775217326758	0.03262478752764425	0.636649425182315
b8f9acbf-0e4b-4967-a11b-7234b6cf83e0	60623	2135	17610	37054	3824	56799	0.03521765666496214	0.29048380977516786	0.611220163964172	0.063078369595698	0.037588689941724325	0.6523706403281748
ee8a12e2-8827-4abe-af6f-aa39995f6b99	60623	1401	29746	25695	3781	56842	0.02311004074361216	0.49067185721590817	0.4238490341949425	0.062369067845537175	0.02464726786531086	0.4520425037824144
45ee9f8f-b732-4342-8c14-4c15fae311f4	60623	1541	32284	25987	811	59812	0.025419395279019513	0.5325371558649358	0.4286656879402207	0.013377760915824027	0.025764060723600615	0.4344780311643148
228443d4-e892-4ae7-88b4-a47463d4094c	60623	827	14871	39540	5385	55238	0.01364168714844201	0.24530293782887683	0.6522277023571912	0.08882767266548999	0.01497157753720265	0.715811578985481
dea6de72-0f67-44f8-aea7-28c15adf4e60	60623	5281	47727	3856	3759	56864	0.08711215215347311	0.7872754565099055	0.06360622206093397	0.062006169275687445	0.09287070906021384	0.06781091727630839
afd144f3-77bf-45fe-8d8b-eea4288c1d74	60623	7586	41559	7413	4065	56558	0.12513402504000132	0.6855318938356729	0.12228032264981938	0.06705375847450637	0.13412779801265956	0.13106899112415574
07ab41e3-63a5-461b-9cf2-6bebc0e4d81e	60623	10212	43931	2378	4102	56521	0.16845091796842782	0.724658957821289	0.03922603632284776	0.06766408788743546	0.18067620884273103	0.04207285787583376
323d4a3b-38d8-4428-9135-437a839dc8e4	60623	14998	34844	5311	5470	55153	0.24739785230028208	0.574765353083813	0.08760701383963182	0.09022978077627303	0.27193443692999475	0.09629575907022284
63d5b15a-fb94-4b8b-9e93-1dd1cc0a157f	60623	57	22775	32354	5437	55186	0.0009402372037015654	0.3756824967421606	0.5336918331326395	0.08968543292149844	0.0010328706556010582	0.5862718805494147
22efba46-b381-4b78-82bc-f17d47fcc969	60623	28395	30892	533	803	59820	0.46838658594922716	0.5095755736271712	0.008792042624086567	0.013245797799515036	0.4746740220661986	0.008910063523905049
ecbaf334-d86b-4316-ae93-84feff5da296	60623	1795	22180	32627	4021	56602	0.02960922422183	0.3658677399666793	0.5381950744766838	0.06632796133480692	0.03171266033002367	0.576428394756369
e62b7305-ae1b-4c03-a8d6-be65754256cd	60623	1048	22598	36162	815	59808	0.017287168236477905	0.3727628127938241	0.5965062764957194	0.013443742473978523	0.01752273943285179	0.6046348314606742
ade256d3-7ad5-441c-ad53-ab635b1668e4	60623	16280	36403	2674	5266	55357	0.268544941688798	0.6004816653745279	0.04410867162628045	0.08686472131039374	0.29409108152537167	0.04830464078616977
79669b0a-d864-444b-8554-1d36a67ca99b	60623	18623	38506	2691	803	59820	0.3071936393777939	0.635171469574254	0.04438909324843706	0.013245797799515036	0.3113172851889	0.04498495486459378
96bd691f-1807-456a-bef1-cb5018f5b0b1	60623	2307	30498	22739	5079	55544	0.03805486366560546	0.5030763901489533	0.3750886627187701	0.08378008346667107	0.04153463920495463	0.4093871525277258
4c743019-3a78-4042-abf2-87689b40e79a	60623	5	2763	57047	808	59815	8.247694769311977e-05	0.04557676129521799	0.9410124870098807	0.013328274747208156	8.359107247345983e-05	0.9537239822786926
79843244-8e55-4f0b-9282-20ffc846e690	60623	0	59753	65	805	59818	0.0	0.9856490111013971	0.001072200320010557	0.013278788578592283	0.0	0.001086629442642683
11e65f8b-4e48-42e7-a87c-bcf2538168c6	60623	21046	32532	1931	5114	55509	0.34716196822987977	0.5366280124705145	0.03185259719908286	0.0843574221005229	0.3791457241168099	0.03478715163306851
20c166c8-6e1f-44b0-81ba-c41add0e0466	60623	372	14164	40603	5484	55139	0.006136284908368111	0.23364069742506968	0.6697623014367484	0.09046071622981376	0.0067465859010863456	0.7363753423166906
aafb0ebe-3fde-4cfb-a560-11e85e839dcc	60623	8960	45967	2114	3582	57041	0.14779869026607062	0.7582435709219273	0.03487125348465104	0.05908648532735101	0.15707999509125015	0.03706106134184183
7c53c97b-f412-4ed9-876c-dc7213d5fdd0	60623	8987	48533	2299	804	59819	0.1482440657836135	0.8005707404780363	0.03792290054929647	0.01326229318905366	0.15023654691653154	0.03843260502515923
78b3d4a5-8563-433d-b271-6e37385e0584	60623	5773	7593	41695	5562	55061	0.0952278838064761	0.1252494927667717	0.6877752668129258	0.09174735661382644	0.10484735111966728	0.7572510488367447
15321297-7110-4e79-8d6f-94c95bc83c94	60623	299	19192	35628	5504	55119	0.004932121472048563	0.31657951602527096	0.5876977384820943	0.09079062402058624	0.005424626716740144	0.6463832798127688
fbb7751d-75ca-45aa-af13-ed5cfb01ef41	60623	2520	49174	3804	5125	55498	0.04156838163733237	0.8111442851722943	0.06274846180492552	0.08453887138544777	0.04540704169519622	0.06854301055893906
4323f2ad-b263-4d7b-9d13-296f8074dc8e	60623	3861	51822	4136	804	59819	0.06368869900862709	0.8548240766705706	0.06822493113174867	0.01326229318905366	0.06454470987478894	0.06914191143282235
5a8b5291-c9c2-48a8-9d01-66b150a71eb7	60623	1236	18324	40255	808	59815	0.020388301469739207	0.30226151790574535	0.6640219058773073	0.013328274747208156	0.02066371311543927	0.6729917244838252
a527b0d5-599a-4ec6-9eca-bae98872f440	60623	6208	37547	10776	6092	54531	0.10240337825577751	0.6193523910067136	0.17775431766821173	0.10048991306929714	0.11384350186132658	0.1976123672773285
091e0712-7fde-442c-aef1-5c504f91b227	60623	11977	41687	3385	3574	57049	0.1975652805040991	0.6876433036966167	0.055836893588242086	0.05895452221104201	0.20994233027748077	0.05933495766796964
d4d43ae0-2a4c-49e5-8481-fa3614dfe5c1	60623	60	8912	46223	5428	55195	0.0009897233723174374	0.14700691156821669	0.762466390643815	0.08953697441565082	0.0010870549868647523	0.8374490442974907
861ffb94-0306-437d-a31b-65ef73f6d962	60623	59	9342	50418	804	59819	0.0009732279827788133	0.15409992906982498	0.8316645497583426	0.01326229318905366	0.0009863086979053479	0.8428425751015564
007783b3-a1b5-4e9b-8add-6d01fefb5697	60623	18971	34669	1494	5489	55134	0.31293403493723504	0.5718786599145539	0.024644111970704187	0.09054319317750689	0.34408894692929953	0.027097616715638262
5ae9b10f-347c-48c3-90cd-9290055cfe4b	60623	1975	48166	4834	5648	54975	0.03257839433878231	0.7945169325173614	0.0797387130297082	0.0931659601141481	0.035925420645748066	0.08793087767166895
3c17efb2-ed6c-4c73-800c-a5d896d80372	60623	4353	32632	19648	3990	56633	0.07180443066163007	0.5382775514243768	0.3241014136548835	0.06581660425910958	0.07686331290943443	0.3469355322868292
0e7c0814-e961-4e18-897d-ddbb0ab675d5	60623	50	2860	56904	809	59814	0.0008247694769311977	0.04717681408046451	0.9386536463058575	0.01334477013674678	0.0008359246999030327	0.9513491824656435
fbc90b42-7d26-456b-a166-41993a1d3f0d	60623	4216	41934	9551	4922	55701	0.06954456229483859	0.691717664912657	0.1575474654833974	0.0811903073091071	0.07568984398843827	0.17146909391213802
cbff89af-5fc7-4c9c-b081-5774657967c2	60623	12416	37772	9625	810	59813	0.20480675651155503	0.6230638536529041	0.15876812430925558	0.013361265526285403	0.2075802919097855	0.16091819504121177
4736860e-fd90-40d1-815e-e1d164123dd8	60623	1755	50631	3296	4941	55682	0.02894940864028504	0.8351780677300694	0.054368803919304556	0.08150371971034095	0.03151826443015696	0.05919327610358823
ca71bc74-8511-48b2-a84f-6dbbd01aefc3	60623	110	56773	32	3708	56915	0.001814492849248635	0.9364927502762977	0.0005278524652359666	0.061164904409217624	0.001932706667838004	0.0005622419397346921
75ec9c8e-7ff6-42c5-a756-11a8e7e07329	60623	0	59820	0	803	59820	0.0	0.9867542022004849	0.0	0.013245797799515036	0.0	0.0
8f55069f-2232-44b6-b9e8-7e12b3a268bd	60623	549	44870	10934	4270	56353	0.00905596885670455	0.7401481285980569	0.1803605892153143	0.07043531332992428	0.009742161020708746	0.19402693734140153
afec3b25-c3f7-4e48-8fb0-6fb4dd581081	60623	9	11483	43383	5748	54875	0.00014845850584761558	0.18941655807201888	0.715619484354123	0.0948154990680105	0.00016400911161731208	0.7905785876993167
a4d06d63-8da9-4c3c-a75d-4079c2238aa8	60623	0	3368	51888	5367	55256	0.0	0.05555647196608548	0.8559127723801198	0.08853075565379477	0.0	0.9390473432749384
83108c37-2c1c-4b3e-baa1-e2df6c56f32b	60623	0	10120	49695	808	59815	0.0	0.1669333421308744	0.8197383831219174	0.013328274747208156	0.0	0.8308116693137173
9de8d353-3442-41d8-8bfe-a08c4975eaca	60623	8132	43433	4009	5049	55574	0.13414050772809	0.7164442538310543	0.06613001666034343	0.08328522178051234	0.14632741929679347	0.07213805016734444
16079d83-5f07-4340-9e87-59ab00c68f9b	60623	8927	44878	6014	804	59819	0.14725434241129604	0.7402800917143658	0.09920327268528446	0.01326229318905366	0.14923352112205152	0.10053661880004681
f65c895f-cfea-46a3-b3a0-7c8a98d7522a	60623	14013	34865	6204	5541	55082	0.23114989360473748	0.5751117562641241	0.10233739669762301	0.09140095343351533	0.2544025271413529	0.11263207581424059
8f6b7ec8-1e40-4851-a570-97cfbdc0b990	60623	15347	33131	11342	803	59820	0.25315474324926185	0.5465087508041503	0.1870907081470729	0.013245797799515036	0.2565529923102641	0.1896021397525911
42395277-99e9-40db-8fae-b91681b9fd4e	60623	2664	48720	4085	5154	55469	0.04394371773089421	0.803655378321759	0.06738366626527885	0.08501723768206786	0.04802682579458797	0.07364473850258703
c8aa8a2e-e681-4a82-9320-f35f67650581	60623	71	18000	36857	5695	54928	0.0011711726572423008	0.29691701169523116	0.6079705722250631	0.09394124342246342	0.0012926012234197495	0.6710056801631227
2fc6db5d-86d1-4473-b4d5-f70eb4210fe9	60623	985	20431	38394	813	59810	0.016247958695544594	0.33701730366362603	0.6333239859459281	0.013410751694901276	0.016468817923424178	0.6419327871593379
af5e9c02-8823-4c78-8238-fdc419e5d309	60623	1685	18536	39587	815	59808	0.027794731372581365	0.3057585404879336	0.6530029856655065	0.013443742473978523	0.028173488496522205	0.661901417870519
9cea4206-b460-433b-bf50-29c56cb8e33d	60623	0	7458	47765	5400	55223	0.0	0.12302261517905745	0.7879022813123732	0.08907510350856936	0.0	0.8649475761910798
05d8ef38-3df1-4a32-a274-213d9868e44b	60623	0	8013	51807	803	59820	0.0	0.13217755637299375	0.8545766458274913	0.013245797799515036	0.0	0.8660481444332999
a236f15a-76cc-4a2d-9087-e824ad581453	60623	1361	18839	36765	3658	56965	0.0224502251620672	0.3107566435181367	0.6064529963875097	0.060340134932286425	0.023891863424910034	0.6453962959712104
6c206676-e511-4281-91f5-bfe91b3279a4	60623	4143	43373	9229	3878	56745	0.06834039885851904	0.7154545304587367	0.15223595005196047	0.0639691206307837	0.07301083795929157	0.16263988016565337
3550896e-18d2-4617-a27b-f600ba8b22ed	60623	524	59748	2	349	60274	0.008643584118238953	0.985566534153704	3.299077907724791e-05	0.00575689094897976	0.008693632411985267	3.318180309918041e-05
09656581-db34-4e6e-afe0-80666eb5fba6	60623	1292	22587	31070	5674	54949	0.02131204328390215	0.37258136350889925	0.5125117529650463	0.09359484024215232	0.023512711787293673	0.5654334018817448
03e793ea-077a-4000-84e4-279ba2c0c9d0	60623	1805	24384	33625	809	59814	0.02977417811721624	0.4022235785098065	0.5546574732362305	0.01334477013674678	0.030176881666499483	0.5621593606847896
98bee17e-0b07-40d8-a70f-3163dbfd9c79	60623	7158	41525	6909	5031	55592	0.11807399831747027	0.6849710505913598	0.1139666463223529	0.08298830476881712	0.12875953374586271	0.1242804720103612
21fac452-927c-4827-95b7-50f7026bbe81	60623	9538	43118	7163	804	59819	0.15733302541939528	0.7112482061263877	0.11815647526516339	0.01326229318905366	0.159447667129173	0.11974456276433909
356e0f37-c095-455e-b3ea-252afa34806e	60623	10070	39459	5643	5451	55172	0.16610857265394322	0.6508915758045626	0.09308348316645497	0.08991636837503918	0.18252011890089176	0.10228014210106576
708a8742-f6d6-411d-9340-2c6c25885d22	60623	766	14652	39003	6202	54421	0.01263546838658595	0.2416904475199182	0.64336967817495	0.10230440591854577	0.014075448815714523	0.7166902482497566
3c1e2c11-a721-4af0-ba91-fd0d77a75e0c	60623	913	7321	51575	814	59809	0.01506029064876367	0.12076274681226597	0.8507497154545305	0.0134272470844399	0.015265261081108195	0.8623284121118895
185bc9bd-1e20-467c-9c06-908c8aa27e7d	60623	326	831	54136	5330	55293	0.0053774969895914095	0.013707668706596506	0.8929944080629464	0.08792042624086568	0.005895863852567232	0.9790751089649684
3af63e86-157b-408c-9527-58a45107ddd2	60623	13640	30000	11439	5544	55079	0.22499711330683075	0.4948616861587186	0.18869076093231943	0.0914504396021312	0.24764429274315075	0.20768350914141506
1bbb46b1-7cea-49f8-aaa9-c7e7994bb9f3	60623	14322	30142	15355	804	59819	0.2362469689721723	0.49720403147320325	0.2532867063655708	0.01326229318905366	0.23942225714237952	0.25669101790401044
2885d4b3-34a6-421d-b20c-eedad721d10a	60623	182	15775	38905	5761	54862	0.00300216089602956	0.2602147699717929	0.641753130000165	0.0950299391320126	0.0033174146039152783	0.7091429404688127
d84e1b10-b7c6-4916-afbc-b311d2ccf19d	60623	2031	20329	32700	5563	55060	0.03350213615294525	0.3353347739306864	0.5393992379130034	0.09176385200336507	0.036887032328369054	0.5938975662913185
70469e54-c128-4d9b-84fb-dc9d7fe3b7cf	60623	2652	21897	35262	812	59811	0.04374577305643073	0.36119954472724874	0.5816604259109579	0.01339425630536265	0.04433966996037518	0.5895571048803732
c4c061cd-e926-400b-b18c-b47c234337ca	60623	9494	40275	5490	5364	55259	0.15660722827969584	0.6643518136680798	0.09055968856704551	0.0884812694851789	0.17180911706690313	0.09935033207260356
2ff8bafd-2ac5-4bfd-8c60-81519cd44166	60623	26052	23670	6364	4537	56086	0.42973788826023124	0.390445870379229	0.10497665902380285	0.07483958233673688	0.4645009449773562	0.11346860179010805
3a9be0ad-9ffd-4c4b-8b12-bae55310b0c7	60623	561	59569	142	351	60272	0.00925391353116804	0.9826138594262903	0.0023423453144846016	0.005789881728057008	0.00930780461906026	0.002355986195911866
1a929496-806b-42f7-a45d-5f66a73eedcd	60623	842	11997	44129	3655	56968	0.01388911799152137	0.19789518829487157	0.7279250449499365	0.06029064876367055	0.014780227496138183	0.7746278612554417
cca5449d-6645-4588-a0b5-c1f0b57e5c3b	60623	13802	28104	15008	3709	56914	0.22766936641208782	0.4635864275934876	0.2475628061956683	0.061181399798756246	0.24250623748111186	0.2636961028920828
b5c9beed-da9d-4110-9b6d-54a66498d5cc	60623	1042	9032	46634	3915	56708	0.01718819589924616	0.14898635831285156	0.7692459957441895	0.06457945004371278	0.018374832475135782	0.8223531071453763
0d7f5772-0319-4b56-9970-49fd21082f04	60623	1710	19678	35114	4121	56502	0.02820711611104696	0.3245962753410422	0.5792191082592415	0.06797750028866932	0.030264415418923225	0.6214647269123217
98e01ce5-8af3-4f2c-b5a1-36730a3c806a	60623	144	25604	30982	3893	56730	0.0023753360935618493	0.42234795374692774	0.5110601586856474	0.06421655147386306	0.002538339502908514	0.5461307949938304
458cc1ff-6ee4-42c3-b627-d9d6022f42b6	60623	27568	24590	7657	808	59815	0.45474489880078517	0.40562162875476304	0.12630519769724363	0.013328274747208156	0.46088773718966813	0.1280113683858564
07c1fce4-ec48-47a4-8391-e553936b67f2	60623	15	16965	38114	5529	55094	0.00024743084307935934	0.27984428352275537	0.6287052768751135	0.09120300875905185	0.00027226195229970593	0.6917994699967328
02c4f8d1-061f-4897-af1f-755345d7d91b	60623	347	23262	36208	806	59817	0.005723900169902512	0.38371575144747044	0.5972650644144961	0.013295283968130907	0.005801026464048682	0.6053128709229818
2df58e78-c244-4e4e-9360-d1ce8943c01d	60623	2008	18293	36354	3968	56655	0.0331227421935569	0.301750160830048	0.5996733912871353	0.06545370568925986	0.035442591121701526	0.6416732856764628
cba50f48-facb-4eb3-9a72-73c5b585bdc6	60623	10371	39030	6070	5152	55471	0.17107368490506902	0.6438150536924929	0.1001270144994474	0.08498424690299061	0.18696255701177192	0.10942654720484578
4ee3d336-78f8-41e8-a0f9-e78f228af8b9	60623	0	13017	46798	808	59815	0.0	0.21472048562426801	0.7719512396285239	0.013328274747208156	0.0	0.7823790019225947
44d07be5-4621-41a2-a574-35122a3e5fbc	60623	35	1575	54670	4343	56280	0.0005773386338518384	0.025980238523332727	0.9018029460765716	0.07163947676624384	0.0006218905472636816	0.9713930348258707
301f0b81-a682-4d3e-a904-27b32381f43f	60623	797	13812	45200	814	59809	0.013146825462283292	0.22783432030747405	0.7455916071458027	0.0134272470844399	0.013325753649116354	0.7557391028106137
aed669e8-23b6-4786-9398-6bb048815dfa	60623	2314	53390	0	4919	55704	0.03817033139237583	0.8806888474671329	0.0	0.08114082114049123	0.04154100244147638	0.0
87f81c71-f9d9-4067-ba19-aa06d36b1fda	60623	2347	57473	0	803	59820	0.03871467924715042	0.9480395229533345	0.0	0.013245797799515036	0.03923436977599465	0.0
9ded6605-39a3-4c0f-ad2e-7f6863960dbe	60623	17	16799	38049	5758	54865	0.0002804216221566072	0.2771060488593438	0.6276330765551028	0.09498045296339673	0.00030985145356784836	0.6935022327531213
440ed729-af4a-44c2-af41-ab7cd2d6b796	60623	2432	17805	39573	813	59810	0.040116787357933455	0.29370041073519954	0.6527720502119657	0.013410751694901276	0.040662096639357964	0.661645209831132
3bce57d8-32d5-4f56-b0a4-544c3fee778f	60623	16611	37003	2671	4338	56285	0.27400491562608253	0.6103788990977022	0.04405918545766458	0.07155699981855071	0.2951230345562761	0.04745491694057031
0deed408-8acb-43ce-84a3-143aabd23312	60623	156	26545	30256	3666	56957	0.0025732807680253367	0.43787011530277287	0.4990845058806064	0.060472098048595414	0.002738908299243289	0.5312077532173394
0bb43288-433a-42e6-bd3a-d3604ce73a19	60623	0	59820	0	803	59820	0.0	0.9867542022004849	0.0	0.013245797799515036	0.0	0.0
c8c5aa67-c6b9-48ba-ace2-b040170d73fc	60623	53	5475	49812	5283	55340	0.0008742556455470696	0.09031225772396616	0.8216683436979364	0.08714514293255035	0.0009577159378388146	0.9001084206722082
bb5a61ba-dcb6-4b1d-bb72-4402e1539628	60623	64	8087	51669	803	59820	0.0010557049304719332	0.13339821519885192	0.8523002820711612	0.013245797799515036	0.0010698762955533266	0.863741223671013
9fd8c73a-da18-4019-9deb-16c93fe1fce2	60623	1294	19657	34376	5296	55327	0.0213450340629794	0.3242498721607311	0.5670455107797371	0.08735958299655246	0.02338821913351528	0.621324127460372
c7c2f2f3-d5f6-4fb8-b02a-79fa39a42756	60623	9517	40634	5137	5335	55288	0.1569866222390842	0.6702736585124458	0.08473681605991125	0.0880029031885588	0.1721350021704529	0.09291347127767327
8150c995-21b7-4f09-b562-55b03b722814	60623	16812	37853	5599	359	60264	0.27732048892334593	0.6243999802055326	0.09235768602675552	0.005921844844366	0.2789725209080048	0.09290787202973583
809e1bc1-cd8f-418f-92d7-05e91cb0cce4	60623	9280	40356	10184	803	59820	0.1530772149184303	0.6656879402207083	0.16798904706134635	0.013245797799515036	0.15513206285523237	0.1702440655299231
6ea79640-5376-40fd-b9d4-e846335579d2	60623	557	45399	9332	5335	55288	0.009187931973013543	0.7488741896639889	0.15393497517443874	0.0880029031885588	0.01007451888294024	0.168788887281146
0ca1ce20-d5f2-46e8-a692-ff90b959446d	60623	1769	50957	7094	803	59820	0.029180344093825777	0.8405555647196609	0.11701829338699833	0.013245797799515036	0.02957204948177867	0.11858910063523904
597244d5-db58-435e-9ddb-98e0c2ec97fd	60623	11476	39015	6253	3879	56744	0.1893010903452485	0.6435676228494136	0.10314567078501559	0.06398561602032232	0.20224164669392358	0.11019667277597632
785b0c56-bed5-4d19-b7b3-d1a0ceb5d648	60623	6	0	54772	5845	54778	9.897233723174372e-05	0.0	0.9034854758095112	0.09641555185325701	0.00010953302420679835	0.9998904669757932
3f3a0974-5aad-4895-8153-b95d0d46595d	60623	3	5594	54218	808	59815	4.948616861587186e-05	0.0922752090790624	0.8943470300051136	0.013328274747208156	5.01546434840759e-05	0.906428153473209
dd9c2f71-145a-4f7f-8b64-095b1fc75c3d	60623	21835	31109	2412	5267	55356	0.36017683057585403	0.5131550731570526	0.039786879567160975	0.08688121669993237	0.394446853096322	0.043572512464773464
1454406f-934b-4073-814e-387008c99a2b	60623	333	7549	49051	3690	56933	0.005492964716361777	0.12452369562707223	0.8091153522590436	0.060867987397522395	0.005848980380447192	0.8615565664904361
d2355f3a-e2ce-4791-b1fb-b570850681df	60623	2112	21490	31488	5533	55090	0.03483826270557379	0.3544859211850288	0.5194068257921911	0.09126899031720634	0.03833726629152296	0.5715737883463423
b574f6d5-8cd6-4e23-92ac-2a2b64eded38	60623	4755	42393	9650	3825	56798	0.07843557725615691	0.6992890487108853	0.15918050904772116	0.06309486498523663	0.08371773654001902	0.16990034860382408
85a8e3c9-38af-4b20-822c-75e22923da5d	60623	4	4396	55420	803	59820	6.598155815449583e-05	0.0725137324117909	0.9141744882305396	0.013245797799515036	6.686726847208291e-05	0.9264460046807088
fab452a2-a57a-4d63-80bc-2ad2b5a20f03	60623	4385	47661	3612	4965	55658	0.07233228312686604	0.7861867608003563	0.05958134701350972	0.08189960905926794	0.07878472097452298	0.06489633116533113
8efb4f70-fc31-42d6-8e99-b95069c771a4	60623	6986	48282	4547	808	59815	0.11523679131682694	0.7964303977038418	0.07500453623212312	0.013328274747208156	0.11679344645991808	0.07601772130736438
de0e8b86-5791-4e7c-b939-30857cd7b0a8	60623	21	6682	50054	3866	56757	0.00034640318031110303	0.11022219289708526	0.8256602279662835	0.0637711759563202	0.0003699984142925102	0.8819000299522526
9bd84d50-049b-4249-93bb-3f9529c9e990	60623	9	7975	51828	811	59812	0.00014845850584761558	0.13155073157052605	0.8549230490078024	0.013377760915824027	0.00015047147729552597	0.8665150805858356
ba172f1c-7e94-41e6-8078-41079b8eeee8	60623	15	654	56071	3883	56740	0.00024743084307935934	0.010787984758260066	0.9249129868201837	0.06405159757847681	0.00026436376454000703	0.9882093761015157
d342edd9-680a-40d4-bb18-9cd7810bb052	60623	0	8528	46257	5838	54785	0.0	0.14067268198538507	0.7630272338881283	0.09630008412648665	0.0	0.8443369535456786
b77da59b-dfde-48ff-a31b-4a1b3148af55	60623	0	10255	49564	804	59819	0.0	0.16916021971858866	0.8175774870923577	0.01326229318905366	0.0	0.8285661746267908
07b7f665-383c-4cf0-a677-52bce36a674c	60623	60	17061	39830	3672	56951	0.0009897233723174374	0.2814278409184633	0.6570113653233921	0.06057107038582716	0.0010535372513213112	0.6993731453354638
d00051b0-6181-47be-91c4-79d9530d18a5	60623	22	5694	50837	4070	56553	0.000362898569849727	0.0939247480329248	0.838576117975026	0.0671362354221995	0.00038901561367213057	0.8989266705568228
49ff1b99-6e95-4c2e-a94b-25a176260dcc	60623	8213	47508	4098	804	59819	0.13547663428071854	0.7836629662009469	0.06759810632928097	0.01326229318905366	0.13729751416773936	0.068506661762985
07af724b-7a04-47b8-b282-662710a1c347	60623	421	24112	32374	3716	56907	0.006944558995760685	0.3977368325553008	0.5340217409234119	0.06129686752552661	0.007398035391076669	0.5688931062962377
ce18c482-da4e-4166-a49c-29dc0bfb4472	60623	39614	14563	771	5675	54948	0.6534483611830494	0.24022235785098064	0.01271794533427907	0.09361133563169094	0.7209361578219408	0.014031447914391789
49d32568-b016-4a49-b866-53486697fea7	60623	0	451	59369	803	59820	0.0	0.007439420681919403	0.9793147815185655	0.013245797799515036	0.0	0.9924607154797727
6601f037-bdf0-4171-86e4-aa4da7c9e83e	60623	270	18113	38461	3779	56844	0.004453755175428468	0.29878099071309566	0.6344291770450159	0.062336077066459925	0.004749841671944269	0.6766061501653649
754b78a3-43cd-467c-bcca-377f76b9038f	60623	0	3013	52375	5235	55388	0.0	0.04970060867987398	0.8639460270854297	0.0863533642346964	0.0	0.9456019354372789
763310b9-3fb9-4a22-851c-e4335a2ed21c	60623	1403	19905	33951	5364	55259	0.023143031522689407	0.3283407287663098	0.5600349702258219	0.0884812694851789	0.02538952930744313	0.6143976546806855
48e8bef9-85ff-4b0f-b249-a1f6c63dd100	60623	1	485	54707	5430	55193	1.6495389538623956e-05	0.008000263926232617	0.9024132754895007	0.08956996519472807	1.811823963183737e-05	0.991194535538927
36e7df06-a79d-4f45-99db-30eba6a62c34	60623	1	492	59325	805	59818	1.6495389538623956e-05	0.008115731653002986	0.9785889843788661	0.013278788578592283	1.6717376040656658e-05	0.9917583336119563
337b38b7-752e-4246-aba2-163140b1e3c7	60623	1662	40825	13917	4219	56404	0.027415337413193012	0.6734242779143229	0.22956633620902958	0.06959404846345446	0.029465995319480888	0.24673782001276506
97df724f-afe1-4db4-9563-853245093fbb	60623	17510	37126	1580	4407	56216	0.28883427082130547	0.612407832010953	0.026062715471025847	0.07269518169671577	0.31147715952753663	0.028105877330297423
494efb4a-d30b-4039-b5b1-87a218157452	60623	0	1236	58579	808	59815	0.0	0.020388301469739207	0.9662834237830527	0.013328274747208156	0.0	0.9793362868845608
29152789-d08a-49d2-87b2-2e2ea8ff6573	60623	445	13971	40972	5235	55388	0.00734044834468766	0.23045708724411526	0.6758491001765007	0.0863533642346964	0.008034231241424135	0.7397270166823139
ed2389b5-16eb-43e8-87b8-a15304da629a	60623	0	51609	4073	4941	55682	0.0	0.8513105586988436	0.06718572159081537	0.08150371971034095	0.0	0.07314751625300815
75bea0a1-0198-40ac-9a57-d2d0ee244c2f	60623	152	59668	0	803	59820	0.002507299209870841	0.9842469029906141	0.0	0.013245797799515036	0.0025409562019391508	0.0
9ed482d9-2aea-4200-a994-107a1e88f17b	60623	481	26731	28069	5342	55281	0.007934282368078123	0.44093825775695694	0.4630090889596358	0.08811837091532916	0.008701000343698558	0.5077513069589913
572aec4a-6aa4-4528-b994-885415e7eea2	60623	2065	43472	14278	808	59815	0.03406297939725847	0.7170875740230606	0.23552117183247281	0.013328274747208156	0.03452311293153891	0.2387026665552119
df25f146-a833-4bfd-adf7-b41b6a7f797e	60623	18666	34570	2080	5307	55316	0.30790294112795474	0.5702456163502301	0.034310410240337826	0.08754103228147733	0.3374430544507918	0.037602140429532145
affbf41b-ea28-406a-bdcb-146b9c053978	60623	22152	35225	2442	804	59819	0.3654058690595978	0.5810500964980289	0.040281741253319694	0.01326229318905366	0.37031712332202144	0.0408231498353366
56703aef-270a-4537-b9a1-c9ebbe873411	60623	19027	34601	1776	5219	55404	0.313857776751398	0.5707569734259275	0.029295811820596145	0.08608943800207843	0.3434228575554112	0.03205544726012562
0e02dc1a-653b-4b16-824a-251a1aa41c2d	60623	460	1131	53433	5599	55024	0.0075878791877670194	0.018656285568183693	0.8813981492172938	0.09235768602675552	0.008359988368711834	0.9710853445769119
dab00804-e92f-43f1-9348-16f3015b5dce	60623	301	15951	38579	5792	54831	0.00496511225112581	0.2631179585305907	0.6363756330105735	0.09554129620770994	0.005489595301927741	0.7035983294121938
9a91307f-a0b6-4baf-85be-95bfcf0d095a	60623	6583	37575	12449	4016	56607	0.1085891493327615	0.6198142619137951	0.2053511043663296	0.0662454843871138	0.11629303796350275	0.21991979790485275
a06a952f-aaea-4471-8004-26108e382a9b	60623	3	52625	3075	4920	55703	4.948616861587186e-05	0.8680698744700857	0.05072332283126866	0.08115731653002986	5.385706335385886e-05	0.05520348993770533
91d991e4-0ad8-4f93-9274-36c0c138ce96	60623	2380	52083	5357	803	59820	0.03925902710192501	0.8591293733401514	0.08836580175840852	0.013245797799515036	0.03978602474088933	0.08955198930123705
a1283c20-bb35-40bb-91f7-e21b3307f031	60623	295	2919	52886	4523	56100	0.0048661399138940666	0.048150042063243324	0.8723751711396664	0.07460864688319614	0.005258467023172906	0.9427094474153298
3882883e-f562-47eb-9c41-6141a18eb8d4	60623	184	2806	56829	804	59819	0.0030351516751068075	0.046286063045378814	0.9374164920904607	0.01326229318905366	0.0030759457697387116	0.950015881241746
08acba8a-143f-43e6-9562-e41dcacba681	60623	427	9569	44762	5865	54758	0.007043531332992428	0.1578443824950926	0.7383666265278854	0.09674545964402949	0.007797947331896709	0.8174513313123196
d994817a-474e-4f92-8a78-7586caa85d52	60623	25	10184	44942	5472	55151	0.00041238473846559885	0.16798904706134635	0.7413357966448377	0.09026277155535029	0.0004533009374263386	0.8148900291925804
84f43782-7249-46c3-9241-51e8933fa720	60623	0	10351	49463	809	59814	0.0	0.17074377711429656	0.8159114527489567	0.01334477013674678	0.0	0.8269468686260741
8745dbd3-cf9f-4edb-b419-5f0bd590f273	60623	11778	38939	4223	5683	54940	0.19428269798591294	0.6423139732444781	0.06966003002160896	0.09374329874799993	0.2143793228977066	0.07686567164179105
23157ce2-7257-4118-9a6e-4cdfbc6c4bf7	60623	982	4418	49961	5262	55361	0.016198472526928725	0.07287663098164063	0.8241261567391914	0.08679873975223924	0.017738118892361047	0.9024584093495421
43f5270a-f2f2-4dd9-83b5-486b805e35b8	60623	16833	28655	14735	400	60223	0.277666892103657	0.47267538722926944	0.24305956485162397	0.006598155815449582	0.2795111502249971	0.24467396177540143
62d62df2-aecf-4aa6-a687-a91a8ff7057a	60623	563	59593	116	351	60272	0.009286904310245286	0.9830097487752173	0.0019134651864803787	0.005789881728057008	0.009340987523228032	0.0019246084417308203
a096292c-055c-4243-b625-1e2a5f31e3d6	60623	1246	14235	39474	5668	54955	0.020553255365125447	0.234811870082312	0.651139006647642	0.09349586790492058	0.022673096169593305	0.718296788281321
0fdc248d-c5d7-4461-ae4e-8994bfc71e59	60623	1285	15168	43363	807	59816	0.02119657555713178	0.2502020685218481	0.7152895765633506	0.013311779357669532	0.0214825464758593	0.7249398154339975
c0fe5ffe-c0a3-4e62-aa55-2bc18788e505	60623	0	52689	3015	4919	55704	0.0	0.8691255794005576	0.04973359945895122	0.08114082114049123	0.0	0.05412537699267557
cd1bdd0b-eae2-4fc5-8da2-4d13926c7885	60623	929	19038	35454	5202	55421	0.015324216881381653	0.31403922603632284	0.5848275407023736	0.08580901637992182	0.01676259901481388	0.6397214052434997
944a62b6-b610-418d-b679-9b722278227a	60623	2999	33296	23522	806	59817	0.04946967322633324	0.5492304900780232	0.38800455272751266	0.013295283968130907	0.05013624889245532	0.39323269304712705
27e4accb-fbc9-4d65-93d1-169870998203	60623	14280	38861	1980	5502	55121	0.23555416261155007	0.6410273328604655	0.03266087128647543	0.090757633241509	0.25906641751782444	0.03592097385751347
82c59ef8-ba24-4538-a643-e07e604206a5	60623	26	8306	46825	5466	55157	0.0004288801280042228	0.13701070550781055	0.7723966151460667	0.09016379921811854	0.0004713816922602752	0.8489402976956687
6cc8f2ba-e7b6-4fb8-b16a-7bfe89190f05	60623	20941	30912	7961	809	59814	0.34542995232832424	0.5099054814179437	0.1313197961169853	0.01334477013674678	0.35010198281338817	0.13309593071856088
4bbc2e4d-c9c2-4142-924c-c4d939522ddd	60623	13649	38779	4476	3719	56904	0.22514557181267836	0.6396747109182983	0.07383336357488082	0.061346353694142486	0.23986011528187826	0.07865879375790806
38a77446-9c55-4d6a-b791-1bf3fd64318a	60623	13402	36923	9490	808	59815	0.22107121059663823	0.6090592679346123	0.15654124672154132	0.013328274747208156	0.22405751065786175	0.15865585555462677
9ee35460-266a-485d-966d-b235fe620ccc	60623	54	15311	39988	5270	55353	0.0008907510350856935	0.2525609092258714	0.6596176368704947	0.08693070286854825	0.000975556880385887	0.7224179357939046
32727a14-832e-4a74-9a6f-27cb1658d8b6	60623	112	14353	45348	810	59813	0.0018474836283258829	0.23675832604786962	0.748032924797519	0.013361265526285403	0.001872502633206828	0.758162941166636
1c1c73ec-c57d-4b5b-9a17-8cd3557f21f9	60623	3932	48803	4284	3604	57019	0.06485987166586939	0.8050244956534649	0.07066624878346502	0.05944938389720073	0.06895946965046738	0.07513285045335766
e48c5428-b22b-40a8-8f42-193c68e48f07	60623	20139	34755	1555	4174	56449	0.3322006499183478	0.5732972634148755	0.02565033073256025	0.06885175593421639	0.35676451310032065	0.02754698931779128
7fcef228-4471-457a-b6f7-625edc21d955	60623	15821	42191	1808	803	59820	0.2609735578905696	0.6959569800240832	0.02982366428583211	0.013245797799515036	0.26447676362420597	0.030224005349381477
482c1c70-ae61-45da-b1c0-4303abdda2cd	60623	1	14526	40152	5944	54679	1.6495389538623956e-05	0.23961202843805157	0.662322880754829	0.09804859541758079	1.8288556849978968e-05	0.7343221346403556
3bee80e9-6203-4731-a23f-af132b33f0e2	60623	0	12545	47275	803	59820	0.0	0.2069346617620375	0.7798195404384475	0.013245797799515036	0.0	0.7902875292544299
752c10cd-6816-459f-9844-1775e75ad6cf	60623	7694	42919	6122	3888	56735	0.1269155271101727	0.7079656236082015	0.10098477475545585	0.06413407452616994	0.13561293734026614	0.10790517317352605
2cf77e0e-8054-4ec4-97a6-247c7c881c6f	60623	19535	32394	7886	808	59815	0.3222374346370189	0.5343516487141844	0.1300826419015885	0.013328274747208156	0.32659032015380757	0.13183983950514086
92514fd2-a178-42e8-8929-0910558e7f87	60623	18870	35371	1182	5200	55423	0.311268000593834	0.5834584233706679	0.019497550434653513	0.08577602560084456	0.3404723670678238	0.021326885949876404
71fc99bf-0be2-44e2-b3dd-e000ef28734a	60623	0	17290	42523	810	59813	0.0	0.2852052851228082	0.7014334493509065	0.013361265526285403	0.0	0.7109324059986959
32342d96-3b04-4881-9e98-9cb63918fe48	60623	1258	2865	50837	5663	54960	0.020751200039588934	0.04725929102815763	0.838576117975026	0.09341339095722745	0.022889374090247452	0.9249818049490539
1a40c0ef-0b6f-48c9-98cc-b64e8660f2a3	60623	995	8961	46535	4132	56491	0.016412912590930834	0.14781518565560925	0.7676129521798657	0.06815894957359418	0.01761342514736861	0.823759536917385
5a1d5fb9-900f-4f73-bead-d67cae987a8a	60623	487	21039	35200	3897	56726	0.008033254705309866	0.34704650050310937	0.5806377117595632	0.06428253303201754	0.008585128512498678	0.6205267425871734
39509ea1-e728-4350-b444-798c72ade33a	60623	4389	32967	17890	5377	55246	0.07239826468502053	0.5438035069198159	0.29510251884598254	0.088695709549181	0.0794446656771531	0.3238243492741556
cfe0f0e4-d8bf-40ce-99f1-2bf99ceca18b	60623	646	480	54089	5408	55215	0.010656021641951076	0.007917786978539499	0.892219124754631	0.08920706662487835	0.011699719279181382	0.9796069908539347
4a3b397b-ad28-4817-a3ec-ef0b80996384	60623	27737	29937	2142	807	59816	0.4575326196328126	0.49382247661778533	0.03533312439173251	0.013311779357669532	0.4637053631135482	0.03580981677143239
4bee0576-d35f-477b-b974-79cb89c88950	60623	6118	45889	2811	5805	54818	0.10091879319730135	0.7569569305379147	0.04636853999307194	0.09575573627171205	0.11160567696741946	0.05127877704403663
5e686ec3-9100-4153-9a90-8b7fb8d4ba0a	60623	8	20935	34285	5395	55228	0.00013196311630899165	0.34533097999109247	0.5655444303317223	0.08899262656087624	0.00014485405953501847	0.6207901788947635
13b1f96d-d0f6-4408-bea3-1717f33bb263	60623	2902	19931	36982	808	59815	0.04786962044108672	0.32876960889431406	0.6100324959173911	0.013328274747208156	0.048516258463596085	0.6182730084426983
63e09d3b-9462-4555-b5e7-41740faa7dde	60623	8	14837	40511	5267	55356	0.00013196311630899165	0.2447420945845636	0.668244725599195	0.08688121669993237	0.00014451911265264832	0.7318267215839295
431c3f05-aa24-4d13-8dfe-96145289ae02	60623	1001	22743	33089	3790	56833	0.01651188492816258	0.3751546442769246	0.545815944443528	0.06251752635138479	0.017613006527897525	0.5822145584431581
32c4dcd3-8cc1-4a7d-b593-b8d0b7541c1b	60623	44	8197	48838	3544	57079	0.000725797139699454	0.13521270804810057	0.8056018342873167	0.05845966052488329	0.0007708614376565812	0.855621156642548
221aa285-45e0-4371-a6c9-63f211ac171b	60623	23989	31093	4738	803	59820	0.39570789964205005	0.5128911469244346	0.0781551556340003	0.013245797799515036	0.40101972584419926	0.07920427950518222
f6e030dc-ed9a-43c5-8d47-bf2f039e780d	60623	15081	39362	362	5818	54805	0.24876696963198786	0.6492915230193161	0.0059713310129818715	0.09597017633571417	0.2751756226621659	0.006605236748471854
04116934-e9b5-49f7-833b-ad63fb6c44fd	60623	13755	42293	3767	808	59815	0.2268940831037725	0.6976395097570229	0.062138132391996434	0.013328274747208156	0.229959040374488	0.06297751400150464
5efd5b2c-3db1-4153-b01f-8f0087d96940	60623	16863	31338	8628	3794	56829	0.2781617537898157	0.5169325173613974	0.14232222093924748	0.06258350790953929	0.2967323021696669	0.15182389273082406
55b8b4bf-6355-49fe-93ad-8ce4c0505db5	60623	12240	36623	10952	808	59815	0.2019035679527572	0.6041106510730251	0.18065750622700955	0.013328274747208156	0.20463094541502969	0.18309788514586642
a1733a18-9fe8-4fed-a8d4-0d9dea6cefba	60623	7120	34809	13483	5211	55412	0.11744717351500256	0.5741880144499613	0.22240733714926678	0.08595747488576942	0.1284920233884357	0.24332274597560094
4bb4c74e-4e1d-4d4f-9c76-41748778d0ec	60623	1392	53347	5081	803	59820	0.022961582237764545	0.8799795457169721	0.08381307424574831	0.013245797799515036	0.023269809428284854	0.08493814777666332
96a05d4b-3731-4b98-b38f-a6b33cd6ed96	60623	795	7312	47096	5420	55203	0.013113834683206043	0.12061428830641836	0.7768668657110338	0.08940501129934184	0.014401391228737568	0.8531420393819177
599c32bd-7967-4ced-a571-8836135510a9	60623	819	11732	47267	805	59818	0.01350972403213302	0.19352391006713623	0.7796875773221384	0.013278788578592283	0.013691530977297804	0.7901802133137182
e13c84fa-e93c-42dd-874f-c1d616c72dd8	60623	23427	31609	1596	3991	56632	0.38643749072134337	0.5214027679263645	0.026326641703643832	0.0658330996486482	0.4136707162028535	0.02818194660262749
cea128ca-4e69-4bf4-be47-e0481a809727	60623	9997	45465	1511	3650	56973	0.16490440921762367	0.7499628853735381	0.024924533592860794	0.060208171815977436	0.1754690818457866	0.026521334667298543
41009ce0-deba-49c9-905f-649e331df5f1	60623	10406	47270	2144	803	59820	0.17165102353892087	0.7797370634907543	0.03536611517080976	0.013245797799515036	0.1739551989301237	0.035840855901036445
21b2f32e-ccea-4b20-86d3-6647e99825cf	60623	17537	27716	10351	5019	55604	0.2892796463388483	0.4571862164525015	0.17074377711429656	0.08279036009435363	0.31539097906625424	0.1861556722537947
8e131477-b3c5-43ea-bb00-c3052e67c74b	60623	911	23005	30447	6260	54363	0.015027299869686423	0.37947643633604405	0.5022351252824836	0.10326113851178595	0.016757721244228613	0.5600684288946526
a6db405d-97ac-4a86-880d-d81838caef14	60623	38728	17678	733	3484	57139	0.6388334460518286	0.2916054962637943	0.01209112053181136	0.057469937152565854	0.6777857505381614	0.012828365914699243
58dcad42-2e30-4cb9-ada6-5e72c4bcf406	60623	144	12145	43948	4386	56237	0.0023753360935618493	0.20033650594658792	0.7249393794434456	0.07234877851640467	0.002560591781211658	0.7814783861159024
4940fb90-557b-42eb-b172-a7d62ef087a5	60623	142	13358	46310	813	59810	0.0023423453144846016	0.22034541345693878	0.7639014895336753	0.013410751694901276	0.0023741849189098814	0.7742852365825112
e4416303-50b0-4316-bfee-030c7b29fac6	60623	1752	50714	2998	5159	55464	0.028899922471669167	0.8365471850617753	0.049453177836794614	0.08509971462976099	0.03158805711813068	0.05405307947497476
397704e5-f64f-4dd7-b323-b8e5b4e8b25c	60623	4194	52212	3414	803	59820	0.06918166372498886	0.861257278590634	0.05631525988486218	0.013245797799515036	0.07011033099297893	0.05707121364092277
d845174b-1a04-4d22-b34f-c48d7ae35233	60623	40846	12328	2224	5225	55398	0.673770681094634	0.2033551622321561	0.03668574633389968	0.08618841033931016	0.7373190367883317	0.04014585364092566
2e7c5e7e-ea36-42be-a7e5-994d8b348789	60623	5323	43354	11142	804	59819	0.08780495851409531	0.7151411180575029	0.1837916302393481	0.01326229318905366	0.08898510506695197	0.18626189003493873
d1f3852d-d23c-41af-9ec0-19c4ba1b1da5	60623	3	7957	47124	5539	55084	4.948616861587186e-05	0.1312538145588308	0.7773287366181152	0.09136796265443808	5.4462275796964633e-05	0.8554934282187205
56910950-76be-48ff-bbed-2bd1fbcfaacb	60623	17202	39124	3494	803	59820	0.2837536908434093	0.6453656203091236	0.057634891047952094	0.013245797799515036	0.28756268806419255	0.05840855901036442
0791e7aa-e97c-4dd0-9615-09ec7090f684	60623	5	339	54541	5738	54885	8.247694769311977e-05	0.00559193705359352	0.8996750408260891	0.09465054517262425	9.10995718320124e-05	0.9937323494579575
7f56df3f-b649-43d1-ab46-ad460233e46b	60623	207	657	53331	6428	54195	0.0034145456344951584	0.010837470926875939	0.8797156194843542	0.10603236395427477	0.003819540548021035	0.9840575698865209
1b4eb32a-c506-4843-9ffd-3abbcebd772c	60623	373	882	58556	812	59811	0.006152780297906735	0.014548933573066329	0.9659040298236643	0.01339425630536265	0.006236311046463025	0.9790172376318738
89aa7c0e-a004-4338-899b-b99728889969	60623	48218	7352	138	4915	55708	0.7953746927733698	0.12127410388796331	0.0022763637563301057	0.08107483958233673	0.8655489337258563	0.002477202556185826
a8db5a04-924f-4348-9bcd-24c24e2346dd	60623	23	57099	8	3493	57130	0.00037939395938835094	0.9418702472658892	0.00013196311630899165	0.05761839565841347	0.0004025905828811483	0.00014003150708909504
357f3efe-e2c9-432a-a2b6-75a5fdbae3be	60623	0	1431	54245	4947	55676	0.0	0.02360490242977088	0.8947924055226564	0.0816026920475727	0.0	0.9742977225375387
7ed47e1b-1d36-4f8a-a101-3ef0756ad08f	60623	18356	27872	8357	6038	54585	0.3027893703709813	0.45975949722052684	0.13785197037428037	0.09959916203421144	0.3362828615920125	0.1531006686818723
0925fff5-9a6d-4e22-a84e-4e2d47f433fd	60623	21451	30227	8141	804	59819	0.35384260099302245	0.49860613958398625	0.1342889662339376	0.01326229318905366	0.3585984386231799	0.13609388321436333
ff0ad6a3-94e2-4dea-a9c8-7c790d65e56e	60623	4	6705	49727	4187	56436	6.598155815449583e-05	0.11060158685647362	0.8202662355871534	0.0690661959982185	7.0876745339854e-05	0.8811219788787299
9fc5cf8a-0d5a-4f14-9f4d-da8a2d083d22	60623	6767	40162	12891	803	59820	0.1116243010078683	0.6624878346502152	0.2126420665424014	0.013245797799515036	0.11312270143764627	0.21549648946840522
6023ee7e-e392-4f33-a781-7af6bff1a403	60623	5548	50479	311	4285	56338	0.0915164211602857	0.8326707685201986	0.00513006614651205	0.07068274417300364	0.09847704923852461	0.00552025276012638
1e39a044-eed2-4c19-9cc7-4c80d21087ab	60623	1379	32895	22423	3926	56697	0.022747142173762433	0.542615838873035	0.36987611962456496	0.06476089932863764	0.02432227454715417	0.3954882974407817
4ed3eaec-0085-4115-bbe7-27645b6a3a8b	60623	766	27759	28335	3763	56860	0.01263546838658595	0.45789551820266233	0.46739686257690977	0.06207215083384194	0.01347168483995779	0.4983292296869504
15b98be9-ca8c-4bd0-a3d2-56503f373af2	60623	829	30133	28858	803	59820	0.013674677927519259	0.49705557296735564	0.4760239513056101	0.013245797799515036	0.013858241390839184	0.48241390839184217
d5cb5845-eb00-422d-a3d1-d3061ba078d5	60623	6211	36402	14168	3842	56781	0.10245286442439339	0.6004651699849892	0.2337066789832242	0.06337528660739324	0.1093851816628802	0.2495200859442419
bdd75bca-6224-4743-a367-cb1ff01e8121	60623	5765	35786	13897	5175	55448	0.0950959206901671	0.5903040100291969	0.2292364284182571	0.08536364086237896	0.10397128841437023	0.25063122204588084
33b96fad-daf0-4e90-834c-4bbe9f2fd129	60623	5251	22541	32434	397	60226	0.08661729046731438	0.37182257559012255	0.5350114642957293	0.00654866964683371	0.08718825756317869	0.5385381728821439
b2e72f91-58fb-4a15-9a13-09c93b339bc6	60623	0	24	56387	4212	56411	0.0	0.0003958893489269749	0.9301255299143889	0.0694785807366841	0.0	0.999574551062736
a4b3a5f2-3c78-4a4b-9345-c2db228785a2	60623	12114	46745	960	804	59819	0.1998251488708906	0.7710769839829767	0.015835573957078998	0.01326229318905366	0.20251090790551496	0.016048412711680237
4d85772b-287e-4790-b1e8-cd1c0e88ad48	60623	14558	39544	1178	5343	55280	0.24013988090328753	0.6522936839153457	0.01943156887649902	0.08813486630486779	0.2633502170767004	0.02130969609261939
f9455bbc-a475-476e-bd97-6137fb011e65	60623	3125	48532	3891	5075	55548	0.05154809230819986	0.8005542450884978	0.06418356069478581	0.08371410190851657	0.05625765104054151	0.07004752646359905
557e6d0d-1b85-4764-8238-8e25c9f6da1b	60623	3206	52379	4234	804	59819	0.0528842188608284	0.8640120086435841	0.06984147930653382	0.01326229318905366	0.05359501161838212	0.0707801868971397
f274b7e1-4f18-4f90-851f-5c2d8b984fd3	60623	20680	33570	386	5987	54636	0.3411246556587434	0.5537502268116061	0.0063672203619088465	0.09875789716774161	0.3785050150084194	0.007064938868145545
b42fbf86-25db-46ec-b71f-18b8d9b83bc1	60623	26437	33054	329	803	59820	0.4360886132326015	0.5452386058096762	0.005426983158207281	0.013245797799515036	0.441942494149114	0.00549983283182882
4a1d97dd-fdd4-4c57-8dda-7b320237af36	60623	1177	14083	39848	5515	55108	0.019415073486960394	0.23230457087244116	0.6573082823350873	0.0909720733055111	0.0213580605356754	0.7230892066487624
29a1a3a3-a085-42f7-b5e5-18b1f47f5261	60623	1231	17376	41207	809	59814	0.020305824522046087	0.2866238886231298	0.6797255167180773	0.01334477013674678	0.020580466111612666	0.6889189821780854
d809a778-d1ac-4406-ab09-67cc70f1f0c2	60623	523	4366	50021	5713	54910	0.008627088728700329	0.07201887072563219	0.8251158801115088	0.09423816043415865	0.009524676743762521	0.910963394645784
bc4e0d7d-c267-46d7-a79b-075456fb3b68	60623	0	7602	47310	5711	54912	0.0	0.1253979512726193	0.7803968790722993	0.09420516965508141	0.0	0.8615603146853147
9ab40e48-6979-43cb-9acf-1d4f474cad4d	60623	496	15379	39414	5334	55289	0.008181713211157482	0.2536825957144978	0.6501492832753245	0.08798640779902017	0.008971043064624066	0.7128723615909132
655ad2e6-05ff-4a3f-9947-4f21da1f4fdf	60623	777	20215	38827	804	59819	0.012816917671510813	0.33345429952328326	0.6404664896161523	0.01326229318905366	0.012989184038516191	0.6490747087045922
48257830-1c09-4bb6-b7a4-3dd3049a42f7	60623	4640	27041	25271	3671	56952	0.07653860745921515	0.4460518285139304	0.41685498903056595	0.06055457499628854	0.08147211687034696	0.443724539963478
5d7dae28-fc9f-4160-83aa-122f999668b0	60623	812	19887	33909	6015	54608	0.01339425630536265	0.3280438117546146	0.5593421638651996	0.09921976807482309	0.014869616173454439	0.6209529739232347
4da6a729-3cae-47f9-8739-d4b614b8561d	60623	1443	22797	35580	803	59820	0.023802847104234366	0.3760453953120103	0.5869059597842403	0.013245797799515036	0.024122367101303912	0.5947843530591775
ed61ac6a-f21f-4b88-928a-029340d4aebd	60623	166	16004	38668	5785	54838	0.0027382346634115765	0.2639922141761378	0.6378437226795111	0.09542582848093958	0.0030270979977387942	0.7051314781720704
bdcac214-ba95-4ddd-8c84-9b60c14109bb	60623	184	15990	43640	809	59814	0.0030351516751068075	0.263761278722597	0.7198587994655494	0.01334477013674678	0.0030762028956431604	0.7295950780753669
b355e6c2-b427-40e7-92a6-2c8c942db86f	60623	695	22050	32468	5410	55213	0.011464295729343649	0.3637233393266582	0.5355723075400426	0.08924005740395559	0.012587615235542355	0.5880499157807039
3c330531-cd16-4176-b67a-7997c4e518b5	60623	139	56963	3	3518	57105	0.00229285914586873	0.9396268742886363	4.948616861587186e-05	0.058030780396879075	0.002434112599597233	5.253480430785395e-05
e190a9e4-10ae-4060-a071-4b8b73479023	60623	95	16516	38739	5273	55350	0.0015670620061692757	0.27243785361991324	0.6390148953367534	0.08698018903716412	0.0017163504968383018	0.6998915989159892
879ed8ba-d185-46aa-b6d2-6f89ceb858c0	60623	1425	18553	39835	810	59813	0.023505930092539134	0.30603896211009024	0.6570938422710852	0.013361265526285403	0.02382425225285473	0.665992342801732
bf5d88da-2302-4b32-be0f-cc45638039c9	60623	16	9383	45974	5250	55373	0.0002639262326179833	0.15477624004090856	0.7583590386486977	0.08660079507777577	0.0002889494880176259	0.8302602351326459
6c2f3100-7ed8-41dd-9f8f-98b8eb245c12	60623	0	19855	35448	5320	55303	0.0	0.3275159592893786	0.584728568365142	0.08775547234547944	0.0	0.6409778854673345
ce8e86ec-52dd-45ad-b65f-ca10e5f782f4	60623	63	6133	48018	6409	54214	0.0010392095409333091	0.10116622404038071	0.792075614865645	0.10571895155304092	0.0011620614601394474	0.8857121776662855
72218786-f74e-4746-9447-26ca882b83a5	60623	5	9	56293	4316	56307	8.247694769311977e-05	0.00014845850584761558	0.9285749632977582	0.07119410124870099	8.879890599747812e-05	0.9997513630632071
6bfcf042-ced7-4b3a-9aa5-29201c81f4d2	60623	24077	26537	9205	804	59819	0.39715949392144895	0.4377381521864639	0.1518400607030335	0.01326229318905366	0.40249753422825524	0.15388087396980893
4420aae3-3f44-4852-974d-74f155b99fe4	60623	9419	41041	4566	5597	55026	0.15537007406429904	0.6769872820546657	0.07531794863335697	0.09232469524767828	0.1711736270126849	0.08297895540290044
6a460559-d291-43c0-a624-25474e601e99	60623	6865	35245	12763	5750	54873	0.11324084918265345	0.5813800042888013	0.21053065668145754	0.09484848984708774	0.12510706540557287	0.23259162065132213
b08432a7-891a-41ee-a2c0-10a994d01e00	60623	8980	43555	4592	3496	57127	0.1481285980568431	0.7184566913547663	0.0757468287613612	0.057667881827029345	0.1571936212298913	0.08038230608993996
97df1e7d-9c1d-4a4b-95b5-5233721ec910	60623	11361	43881	4572	809	59814	0.18740412054830674	0.7238341883443578	0.07541692097058872	0.01334477013674678	0.1899388103119671	0.07643695455913331
ccdde798-056a-4cc9-8aa8-63cf283691d9	60623	10160	43746	1406	5311	55312	0.16759315771241937	0.7216073107566435	0.02319251769130528	0.08760701383963182	0.18368527625108474	0.025419438819785943
27320c18-8742-4644-bf2c-af1d570be97e	60623	10598	47451	1771	803	59820	0.17481813833033666	0.7827227289972453	0.029213334872903025	0.013245797799515036	0.1771648278167837	0.02960548311601471
336eb991-5705-4bc0-a167-6d7f82f81697	60623	1064	39419	14678	5462	55161	0.017551094469095887	0.6502317602230177	0.2421193276479224	0.09009781765996404	0.019288990409891047	0.2660937981544932
556bb046-bd81-4366-a167-e86d991ee732	60623	27	9631	47146	3819	56804	0.00044537551754284676	0.1588670966464873	0.7776916351879649	0.06299589264800488	0.0004753186395324273	0.8299767621998451
e3ab8511-d37d-4cec-a954-cfc616b2cefd	60623	441	2871	53410	3901	56722	0.007274466786533164	0.047358263365389376	0.8810187552579054	0.06434851459017205	0.007774761115616515	0.941609957335778
645f0f8a-c806-49d4-b2b1-dcf58c0ed5f2	60623	3166	44549	12105	803	59820	0.05222440327928344	0.7348531085561586	0.19967669036504296	0.013245797799515036	0.052925442995653625	0.2023570712136409
ec52b227-65eb-406f-a02b-f4cd1fdf6b3c	60623	54	266	54641	5662	54961	0.0008907510350856935	0.004387773617273972	0.9013245797799515	0.09339689556768883	0.000982514874183512	0.9941776896344681
4a232329-f491-41be-8557-9aec06e97046	60623	64	503	59246	810	59813	0.0010557049304719332	0.00829718093792785	0.9772858486053149	0.013361265526285403	0.001070001504689616	0.9905204554193905
e273b4e3-35dc-4f46-a668-70d6eb8bf4fc	60623	68	5581	49936	5038	55585	0.0011216864886264288	0.09206076901506029	0.8237137720007258	0.08310377249558748	0.0012233516236394711	0.8983718629126562
ca4593fe-93e0-4f42-8983-7b6126449d8a	60623	0	5571	54227	825	59798	0.0	0.09189581511967405	0.8944954885109612	0.013608696369364763	0.0	0.906836349041774
5e72a9b0-5f80-462e-a586-262f573dc62c	60623	551	27476	26850	5746	54877	0.0090889596357818	0.45322732296323176	0.44290120911205316	0.09478250828893324	0.010040636332161014	0.4892760172749968
1aaaf49e-54f1-41d4-bbc3-cd1302f088c9	60623	28883	21614	9323	803	59820	0.4764363360440757	0.35653134948781817	0.15378651666859114	0.013245797799515036	0.4828318288197927	0.15585088599130725
51206ca4-92c3-4fab-94a7-7f38aa4e0bee	60623	21865	31188	2484	5086	55537	0.3606716922620128	0.5144582089306039	0.040974547613941904	0.08389555119344143	0.39370149629976414	0.04472693879755838
17601644-3495-4035-88b5-255c2b9fa8a7	60623	23790	33152	2836	845	59778	0.39242531712386386	0.5468551539844614	0.04678092473153753	0.013938604160137242	0.39797249824350095	0.0474422028170899
ee6445a5-22e8-42d8-a2e3-8f0058066352	60623	6189	22051	26715	5668	54955	0.10208996585454365	0.3637398347161968	0.44067433152433894	0.09349586790492058	0.11261941588572469	0.4861250113729415
af997295-6240-48a7-a6b5-c4a77386d268	60623	7039	25741	27033	810	59813	0.11611104696237402	0.4246078221137192	0.44591986539762135	0.013361265526285403	0.11768344674234699	0.4519586043167873
3073311b-5b00-4fd7-b1f6-1067d2e86564	60623	13578	37720	5125	4200	56423	0.22397439915543604	0.6222060933968956	0.08453887138544777	0.06928063606222061	0.2406465448487319	0.09083175300852489
05c6aeef-ef6a-4176-b283-68def74d13ae	60623	7486	42341	5525	5271	55352	0.12348448608613892	0.6984312884548769	0.09113702720089735	0.08694719825808686	0.13524353230235583	0.09981572481572482
8178f402-db5c-4343-a6f6-4d4f9d3bf4ac	60623	8	6307	50624	3684	56939	0.00013196311630899165	0.10403642182010128	0.8350626000032991	0.06076901506029065	0.00014050123816716136	0.889091835121797
1f5fa8fd-1de8-4456-8935-71b5a8b54bd2	60623	55	7745	46844	5979	54644	0.0009072464246243175	0.12775679197664253	0.7727100275473006	0.09862593405143262	0.001006514896420467	0.8572578874167338
745aaf77-a464-4363-b6e4-10d30ff947b8	60623	0	1313	53633	5677	54946	0.0	0.021658446464213253	0.8846972271250185	0.0936443264107682	0.0	0.9761038110144505
1e9dac94-1a10-47d0-ae92-81d38a264376	60623	9156	45456	805	5206	55417	0.15103178661564093	0.7498144268676905	0.013278788578592283	0.0858749979380763	0.1652200588267138	0.014526228413663677
e54ef0f0-38a5-4226-9a6a-c76aa12de589	60623	561	3851	50563	5648	54975	0.00925391353116804	0.06352374511324085	0.834056381241443	0.0931659601141481	0.010204638472032743	0.9197453387903592
7eb5a90c-7b49-43bc-825f-2bed1481a1e5	60623	609	8305	50899	810	59813	0.010045692229021989	0.13699421011827195	0.8395988321264206	0.013361265526285403	0.010181733068062127	0.8509688529249494
bfde37f2-ab6f-4426-a33d-ef9d21772f02	60623	4986	30998	19529	5110	55513	0.08224601223957904	0.5113240849182653	0.3221384622997872	0.08429144054236841	0.08981679966854611	0.3517914722677571
0e18e1b8-3e7a-43ff-bb86-f097eb9babc5	60623	94	4852	54869	808	59815	0.0015505666166306517	0.08003563004140343	0.9050855285947578	0.013328274747208156	0.001571512162501045	0.9173117111092536
54e85adb-6f45-4815-9816-a18b349cce42	60623	1972	48773	4888	4990	55633	0.03252890817016644	0.8045296339673061	0.08062946406479389	0.08231199379773353	0.03544658745708482	0.0878615210396707
fdbfdf52-c0cd-4fbb-a910-b747516dfef4	60623	189	15976	39033	5425	55198	0.0031176286227999274	0.2635303432690563	0.6438645398611088	0.08948748824703495	0.0034240371027935796	0.7071451864197978
8e273348-f4da-41d4-8fea-080222382ffa	60623	532	18402	40885	804	59819	0.008775547234547943	0.303548158289758	0.6744140012866404	0.01326229318905366	0.008893495377722797	0.6834784934552567
11f47c9a-6435-47fb-ace2-74f29f5f3f01	60623	301	13129	41435	5758	54865	0.00496511225112581	0.2165679692525939	0.6834864655328836	0.09498045296339673	0.005486193383760139	0.7552173516813998
586803bd-5ffb-4d14-8dc9-3e540a683afe	60623	1203	54499	1	4920	55703	0.01984395361496462	0.8989822344654669	1.6495389538623956e-05	0.08115731653002986	0.021596682404897403	1.7952354451286285e-05
2eb04407-9968-4000-a534-683fc8b713ea	60623	1241	58579	0	803	59820	0.020470778417432327	0.9662834237830527	0.0	0.013245797799515036	0.020745570043463724	0.0
796a6e60-2289-48e0-8a50-ddfce6ebf73b	60623	815	12010	42105	5693	54930	0.013443742473978523	0.1981096283588737	0.6945383765237616	0.09390825264338618	0.014837065355907519	0.7665210267613326
657cb9df-3597-459a-991a-2dda352e08ae	60623	6207	38469	10657	5290	55333	0.10238688286623888	0.6345611401613249	0.17579136631311548	0.08726061065932073	0.1121753745504491	0.192597545768348
7ec420fc-c770-4cb8-a186-8ce94f791444	60623	2145	50719	2604	5155	55468	0.03538261056034838	0.8366296620094683	0.042953994358576775	0.08503373307160648	0.03867094540996611	0.046945986875315496
42f6da97-7725-42a3-ac10-d6b16c05a8f1	60623	4219	52665	2936	803	59820	0.06959404846345446	0.8687296900516306	0.04843046368539993	0.013245797799515036	0.07052825142092946	0.04908057505850886
98bbbf97-fbf4-4cbc-9536-f11febbf350b	60623	4602	45834	4745	5442	55181	0.07591178265674745	0.7560496841132903	0.07827062336077066	0.08976790986919156	0.08339827114405321	0.08598974284626955
4a6bb74e-a753-488f-89db-f2633b4d3a78	60623	7158	47248	5411	806	59817	0.11807399831747027	0.7793741649209046	0.08925655279349422	0.013295283968130907	0.11966497818345956	0.09045923399702425
9edea53d-ad06-4b5d-bff0-48e834c3684f	60623	0	27121	28082	5420	55203	0.0	0.4473714596770203	0.4632235290236379	0.08940501129934184	0.0	0.508704237088564
5185faf2-69d2-40d6-8554-97d5d71ab112	60623	2432	19811	37576	804	59819	0.040116787357933455	0.32679016214967915	0.6198307573033337	0.01326229318905366	0.04065597886958993	0.6281616208896839
c7f76210-d0f2-4fb8-80f1-35098dbe03de	60623	0	3435	51828	5360	55263	0.0	0.056661663065173284	0.8549230490078024	0.0884152879270244	0.0	0.937842679550513
b038c472-1af2-45e1-81d8-b66fae6fd66f	60623	0	3699	56113	811	59812	0.0	0.061016445903370006	0.9256057931808059	0.013377760915824027	0.0	0.9381562228315388
43ab9d3a-9e4e-49a1-8044-280850a5cd7e	60623	2616	47425	5813	4769	55854	0.043151939033040265	0.782293848869241	0.09588769938802105	0.07866651270969764	0.04683639488666882	0.10407490958570559
33fda7bf-0a0b-40b8-b25f-710b33dccb30	60623	5243	48229	6347	804	59819	0.08648532735100539	0.7955561420582947	0.10469623740164624	0.01326229318905366	0.08764773734097862	0.10610341195941089
7f64139d-0e81-4bbd-9719-85d0ad471ed5	60623	15323	36736	3265	5299	55324	0.25275885390033487	0.6059746300908896	0.053857446843607215	0.08740906916516833	0.2769684043091606	0.0590159785987998
0540da47-40c2-4a83-a15a-0a0c6c765b87	60623	0	17069	42750	804	59819	0.0	0.28155980403477227	0.7051779027761741	0.01326229318905366	0.0	0.7146558785670105
2421f79c-fb83-46f6-9ae2-dd275575f568	60623	1577	11992	43359	3695	56928	0.026013229302409978	0.19781271134717845	0.7152235950051961	0.06095046434521551	0.027701658234963462	0.7616462900505903
b4cff170-45a5-488f-8dbe-07e934f683d9	60623	3459	49409	4004	3751	56872	0.05705755241410026	0.815020701713871	0.06604753971265032	0.061874206159378456	0.0608207905471937	0.07040371360247573
7886753d-5130-4d6b-a538-6f04eab9fa96	60623	0	59750	70	803	59820	0.0	0.9855995249327812	0.0011546772677036767	0.013245797799515036	0.0	0.001170177198261451
d69112ac-842a-4ac1-82be-af6fac624ca4	60623	12001	39762	3948	4912	55711	0.1979611698530261	0.6558896788347657	0.06512379789848738	0.08102535341372087	0.2154152680799124	0.07086571772181437
d0fb1f35-19cf-4569-a303-67cd137ade09	60623	1592	13111	45115	805	59818	0.026260660145489334	0.21627105224089868	0.7441894990350197	0.013278788578592283	0.0266140626567254	0.7542044200742252
1d8e9258-d210-4ef8-b448-65d628bb3063	60623	546	18528	37696	3853	56770	0.00900648268808868	0.30562657737162463	0.6218102040479686	0.0635567358923181	0.009617755856966708	0.6640126827549763
dd9a6c68-b8b4-4168-9ff9-72a45f20c44f	60623	8022	35508	13056	4037	56586	0.13232601487884135	0.5857182917374594	0.21536380581627435	0.0665918875674249	0.14176651468561127	0.23072844873290213
12a479eb-e78d-4e5f-a8cd-0de12e7418da	60623	10364	34322	15128	809	59814	0.17095821717829868	0.5661547597446513	0.2495422529403032	0.01334477013674678	0.17327047179590063	0.2529173772026616
45885727-79fe-43d6-866e-1fe7ded4bfdc	60623	487	4579	50350	5207	55416	0.008033254705309866	0.07553238869735909	0.8305428632697162	0.08589149332761493	0.00878807564602281	0.9085823588855204
7901609b-ec53-48e1-80ee-489fa4187ebb	60623	3998	35408	17206	4011	56612	0.06594856737541857	0.5840687527835969	0.28381967240156375	0.06616300743942068	0.07062106973786476	0.3039284957252879
568a9271-793e-4dc5-8ca8-25e1096333e0	60623	4022	37834	17956	811	59812	0.06634445672434555	0.6240865678042987	0.2961912145555317	0.013377760915824027	0.06724403129806727	0.30020731625760716
49a4f112-f32d-4b68-989b-d761767ee973	60623	8583	40989	5952	5099	55524	0.1415799284100094	0.6761295217986573	0.09818055853388978	0.08410999125744355	0.15458180246379943	0.10719688783228874
3e88613e-9b97-4dbc-a052-b6dfe8c09956	60623	927	18395	36252	5049	55574	0.015291226102304406	0.30343269056298766	0.5979908615541956	0.08328522178051234	0.01668046208658725	0.6523194299492568
3e11762a-faf0-489d-8985-8ede2ccabd76	60623	15	13641	43295	3672	56951	0.00024743084307935934	0.22501360869636935	0.7141678900747241	0.06057107038582716	0.0002633843128303278	0.7602149215992695
42208ba8-f465-4d62-9ed9-5dbfaa525913	60623	2966	4807	47565	5285	55338	0.04892532537155865	0.07929333751216534	0.7846032034046484	0.0871781337116276	0.05359788933463443	0.8595359427518161
5d4e89c1-563b-4008-9cfd-1b3eb4fbf88a	60623	8924	34470	13239	3990	56633	0.14720485624268018	0.5685960773963677	0.21838246210184253	0.06581660425910958	0.15757597160666043	0.23376829763565413
88c65791-1a9c-4121-955a-9bd5ed1b0bba	60623	585	7711	46328	5999	54624	0.009649802880095013	0.1271959487323293	0.7641984065453705	0.0989558418422051	0.010709578207381372	0.8481253661394259
a9c846b1-9ee0-4f96-85bf-b7dd53c4230c	60623	2340	20012	34194	4077	56546	0.03859921152038005	0.3301057354469426	0.5640433498837075	0.06725170314896986	0.0413822374703781	0.6047112085735508
7984b890-1c06-45c5-bbde-3549603e309c	60623	2384	17377	40054	808	59815	0.039325008660079507	0.28664038401266845	0.6607063325800439	0.013328274747208156	0.03985622335534565	0.6696313633703921
3e8b8c83-55c0-43f7-a4c1-24386b6f4f3a	60623	102	24924	31346	4251	56372	0.0016825297329396433	0.41113108886066346	0.5170644804777065	0.07012190092869043	0.0018094089264173703	0.5560561981125381
25b98904-0171-403a-a66f-11f586ecf8c0	60623	91	1038	53710	5784	54839	0.00150108044801478	0.017122214341091666	0.8859673721194926	0.09540933309140096	0.0016594029796312842	0.9794124619340251
d0090140-e835-484e-bef0-e83011931b66	60623	28392	24454	2352	5425	55198	0.46833709978061133	0.4033782557775102	0.03879715619484354	0.08948748824703495	0.514366462552991	0.04261023950143121
856f6a44-102d-433b-9943-cf3e0b3215b6	60623	7	17185	42623	808	59815	0.00011546772677036768	0.28347326922125266	0.7030829883047688	0.013328274747208156	0.00011702750146284377	0.7125804564072558
64fb8eba-a055-4128-92ca-695a3a6f8ebd	60623	5108	45449	5091	4975	55648	0.08425844976329117	0.7496989591409201	0.08397802814113456	0.08206456295465417	0.09179125934445083	0.0914857676825762
0dd94b00-f572-4650-b646-6b71685fa36c	60623	5227	49136	5455	805	59818	0.08622140111838741	0.8105174603698266	0.08998234993319368	0.013278788578592283	0.08738172456451235	0.09119328630178207
f9e817fa-fc13-419f-9039-ee7422f0d10d	60623	0	1082	53813	5728	54895	0.0	0.01784801148079112	0.8876663972419708	0.09448559127723802	0.0	0.9802896438655615
8a998eb3-dde3-4728-8bc3-34eebdea9f0e	60623	0	1933	57886	804	59819	0.0	0.0318855879781601	0.9548521188327862	0.01326229318905366	0.0	0.9676858523211689
fbce7d71-f82c-4457-a1c5-53edd05a0ea4	60623	1276	21329	34332	3686	56937	0.021048117051284166	0.35183016346931034	0.5663197136400376	0.060802005839367894	0.022410734671654636	0.6029822435323252
d6f36e57-25e1-43bd-b1e9-bb614fb5bd4e	60623	1320	21368	37126	809	59814	0.02177391419098362	0.35247348366131664	0.612407832010953	0.01334477013674678	0.022068412077440064	0.6206908081719998
4afc6152-819b-4e55-817d-df8a42eb0d36	60623	85	8308	46716	5514	55109	0.0014021081107830362	0.1370436962868878	0.7705986176863566	0.09095557791597249	0.0015423977934638626	0.8477018272877388
27bf26d9-15f2-4a21-a62a-2c1ae8fa5ce4	60623	2485	8741	48594	803	59820	0.040991043003480526	0.144186199957112	0.8015769592398925	0.013245797799515036	0.04154129053828151	0.8123370110330993
7d86a05d-f448-4a95-9bbc-6e19338ba98c	60623	16	57037	144	3426	57197	0.0002639262326179833	0.9408475331144945	0.0023753360935618493	0.05651320455932567	0.00027973495113380075	0.0025176145602042064
38c83b40-fba4-48d4-ad6e-93768cb6139f	60623	0	10364	44722	5537	55086	0.0	0.17095821717829868	0.7377068109463405	0.09133497187536084	0.0	0.8118578223141996
8010b0ae-f003-491e-aa81-36a9dff7de96	60623	94	182	54949	5398	55225	0.0015505666166306517	0.00300216089602956	0.9064051597578476	0.08904211272949211	0.001702127659574468	0.9950022634676324
11126335-28d8-40f2-87b9-5f64ff0ed4b3	60623	283	3113	56424	803	59820	0.0046681952394305795	0.05135014763373637	0.9307358593273181	0.013245797799515036	0.004730859244399866	0.9432296890672016
2e0b958b-1e93-41ab-8a8a-21a2d7f99935	60623	1267	7893	45784	5679	54944	0.02089965854543655	0.13019810962835887	0.7552249146363591	0.09367731718984544	0.02305984274898078	0.8332847990681421
3d39d81b-c341-426c-b979-560c429b3af2	60623	10714	37054	9096	3759	56864	0.17673160351681705	0.611220163964172	0.1500420632433235	0.062006169275687445	0.1884144625773776	0.15996060776589757
034d3d26-0f35-41b0-8aec-11663f4fecc8	60623	1194	8607	50019	803	59820	0.019695495109117	0.1419758177589364	0.8250828893324316	0.013245797799515036	0.01995987963891675	0.8361584754262789
7ca68089-c61f-4d31-8cc8-fb11ae70910a	60623	6379	44891	4076	5277	55346	0.10522408986688221	0.740494531778368	0.06723520775943125	0.0870461705953186	0.1152567484551729	0.0736457919271492
5449bced-1356-4de5-9352-349725656c5c	60623	0	5931	49565	5127	55496	0.0	0.09783415535357867	0.8175939824818963	0.08457186216452502	0.0	0.8931274326077555
ad9a794f-52dd-4572-bf29-cd3d11ba6c24	60623	461	26339	27948	5875	54748	0.007604374577305643	0.4344720650578163	0.4610131468254623	0.09691041353941574	0.008420398918681961	0.5104844012566669
1233cc10-ae87-42d7-b2d3-a9f6d761d0d8	60623	3235	26287	25256	5845	54778	0.053362585157448496	0.4336143048018079	0.41660755818748657	0.09641555185325701	0.059056555551498774	0.4610610098944832
e7a733ac-55e0-4395-ad3b-7cfc5b526d01	60623	1311	16921	36957	5434	55189	0.021625455685136005	0.2791184863830559	0.6096201111789255	0.08963594675288257	0.023754733733171465	0.6696443131783507
38df0ceb-f530-4179-ab64-4f3508cab27f	60623	1039	19311	39466	807	59816	0.017138709730630287	0.3185424673803672	0.651007043531333	0.013311779357669532	0.0173699344656948	0.6597900227363916
5e04d394-7a40-4e89-ba20-892774dcb469	60623	28094	24038	2838	5653	54970	0.4634214736981014	0.39651617372944264	0.046813915510614784	0.09324843706184122	0.5110787702383118	0.05162816081498999
d516aff8-1bb4-4627-885a-0c247ae4ae57	60623	0	2259	52854	5510	55113	0.0	0.03726308496775151	0.8718473186744305	0.09088959635781799	0.0	0.9590114854934407
51dfca3a-bbb1-4b64-a6ae-dbc4ad969ef6	60623	0	3542	56273	808	59815	0.0	0.05842666974580605	0.9282450555069858	0.013328274747208156	0.0	0.9407840842598011
a6096034-3c2c-4c96-88fe-56a22c2d167c	60623	5825	45160	4433	5205	55418	0.09608564406248453	0.7449317915642578	0.07312406182471999	0.08585850254853768	0.10511025298639431	0.07999206034140532
8b7cdd0c-a3b6-4e2c-a4a7-033e79573bff	60623	2156	50171	7493	803	59820	0.03556405984527325	0.8275901885423024	0.1235999538129093	0.013245797799515036	0.036041457706452694	0.12525911066532933
68d19e88-7fbd-48cc-a09f-55c47bfaf6e7	60623	6096	46966	2143	5418	55205	0.10055589462745163	0.7747224650710126	0.03534961978127114	0.08937202052026459	0.11042478036409746	0.038818947559097906
a74f6423-b5d3-4ae2-b61f-3ee04b1073bf	60623	102	955	53910	5656	54967	0.0016825297329396433	0.015753097009385878	0.8892664500272174	0.09329792323045709	0.0018556588498553678	0.9807702803500282
a7347072-546c-4370-9214-96a17a713b27	60623	0	10875	44564	5184	55439	0.0	0.1793873612325355	0.7351005393992379	0.08551209936822658	0.0	0.8038384530745504
d2198941-e96f-40bd-9fbe-82886217d5db	60623	1407	16708	38748	3760	56863	0.023209013080843905	0.27560496841132903	0.639163353842601	0.06202266466522607	0.02474368218349366	0.6814272901535269
1c79e3d0-1fdf-4157-8f58-91cb80ff7194	60623	2403	57671	199	350	60273	0.039638421061313364	0.9513056100819821	0.0032825825181861668	0.0057733863385183845	0.0398685978796476	0.003301644185622086
ca466355-1e35-452f-aab2-5df37e6407d1	60623	1389	19555	38876	803	59820	0.022912096069148673	0.32256734242779145	0.6412747637035449	0.013245797799515036	0.023219658976930794	0.6498829822801738
4eaa4b4a-e9db-4e65-97d6-7fa1a205da95	60623	4049	51649	0	4925	55698	0.06678983224188839	0.8519703742803886	0.0	0.08123979347772298	0.0726956084599088	0.0
08b21fc8-ce08-47c4-b715-6e34213edc07	60623	0	3464	51825	5334	55289	0.0	0.05714002936179338	0.8548735628391865	0.08798640779902017	0.0	0.9373473927906093
c35a5ed1-1821-4077-ba1e-b972dfa3233b	60623	152	4629	50104	5738	54885	0.002507299209870841	0.07635715817429028	0.8264849974432146	0.09465054517262425	0.0027694269836931766	0.9128905894142297
1e5c2507-a7ee-4714-afdc-08a6c0f415e9	60623	12502	39026	4102	4993	55630	0.2062253600118767	0.6437490721343384	0.06766408788743546	0.0823614799663494	0.22473485529390616	0.07373719216250224
21483940-2c8f-411d-b36f-fb927cfbd6d4	60623	1874	23060	32074	3615	57008	0.03091235999538129	0.3803836827606684	0.5290731240618247	0.059630833182125594	0.0328725792871176	0.56262278978389
003970d1-df5f-4c5f-bf05-f733b3bf4982	60623	1767	22961	35085	810	59813	0.029147353314748527	0.3787506391963446	0.5787407419626215	0.013361265526285403	0.029542072793539865	0.5865781686255497
44b1d21c-0794-428c-ba01-82812d74da2f	60623	14	53793	2028	4788	55835	0.00023093545354073536	0.8873364894511984	0.03345264998432938	0.07897992511093149	0.000250738783916898	0.03632130384167637
0c58725d-22c6-4621-b1ea-d8e3e212d366	60623	2412	55555	2304	352	60271	0.039786879567160975	0.9164013658182538	0.03800537749698959	0.005806377117595632	0.040019246403743096	0.03822733984835161
37dd3ded-0df0-4d10-8756-0429a6da5405	60623	190	1870	54716	3847	56776	0.0031341240123385515	0.030846378437226794	0.9025617339953483	0.06345776355508635	0.003346484430040862	0.963717063547978
55b07618-5b99-436f-a0dd-fe96a13851d6	60623	13635	33157	8205	5626	54997	0.2249146363591376	0.5469376309321544	0.13534467116440954	0.09280306154429836	0.24792261396076148	0.14918995581577177
4ec2fb0b-5f46-4e90-8d13-8fbd7fcd8605	60623	13351	33686	12780	806	59817	0.2202299457301684	0.5556636919980865	0.21081107830361415	0.013295283968130907	0.22319741879398833	0.21365163749435778
57e160f5-45fc-44ef-95c6-54e112e3b7f5	60623	20	4852	50133	5618	55005	0.00032990779077247907	0.08003563004140343	0.8269633637398347	0.09267109842798937	0.00036360330879011	0.9114262339787292
f9f9c1dd-8462-4560-82b8-aea4309854c9	60623	1046	13191	41248	5138	55485	0.017254177457400658	0.21759068340398857	0.6804018276891609	0.08475331144944988	0.0188519419662972	0.7434081283229702
c6eb2230-098b-4b50-85f5-1cddfb1fb9a3	60623	1465	15741	42613	804	59819	0.024165745674084093	0.25965392672747967	0.7029180344093826	0.01326229318905366	0.024490546481887025	0.7123656363362811
5a9f5ccb-635d-440e-ad03-fde8f63a2233	60623	114	6234	48328	5947	54676	0.0018804744074031308	0.10283225838378174	0.7971891856226184	0.09809808158619666	0.0020850098763625724	0.8838978710951789
f8961f5c-e28b-44a2-8e4e-b5759fe2d849	60623	932	1832	52178	5681	54942	0.015373703049997526	0.030219553634759085	0.8606964353463207	0.09371030796892268	0.0169633431618798	0.9496924028976012
dbf225d7-8bdd-4c28-b0e9-55ebe7404a4c	60623	4139	13159	42512	813	59810	0.06827441730036454	0.21706283093875262	0.7012520000659815	0.013410751694901276	0.06920247450259154	0.7107841498077244
c9e092b2-d6c3-4161-bd9e-0fa4015bebbb	60623	7598	43064	4235	5726	54897	0.1253319697144648	0.710357455091302	0.06985797469607245	0.09445260049816076	0.13840464870575805	0.07714447055394648
5808a3f7-0876-4816-94d6-4dbe08257955	60623	7631	41581	10608	803	59820	0.1258763175692394	0.6858947924055226	0.17498309222572292	0.013245797799515036	0.1275660314276162	0.1773319959879639
b8e996d3-14b1-465f-b1e3-d6849b144be1	60623	713	11991	42893	5026	55597	0.01176121274103888	0.19779621595763983	0.7075367434801972	0.08290582782112399	0.01282443297300214	0.7714984621472382
55c389aa-d872-42ab-84c8-8e7eccbb491a	60623	1488	13596	44735	804	59819	0.024545139633472445	0.22427131616713128	0.7379212510103426	0.01326229318905366	0.024875039703104364	0.7478393152677243
728db9f6-58b5-4270-a494-1298809f17c0	60623	6530	42741	7542	3810	56813	0.10771489368721443	0.7050294442703264	0.12440822790030187	0.06284743414215727	0.11493848238959394	0.13275130691919104
ddbe2867-b02a-45d6-8514-921eaf6074ea	60623	16	57135	6	3466	57157	0.0002639262326179833	0.9424640812892796	9.897233723174372e-05	0.057173020140870626	0.000279930717147506	0.00010497401893031474
75febd6f-9a00-47b0-9021-b918f6e6de3e	60623	0	59735	85	803	59820	0.0	0.9853520940897019	0.0014021081107830362	0.013245797799515036	0.0	0.0014209294550317619
7d0017c2-db42-4758-8dc4-0250ec5fd83c	60623	13981	38623	2953	5066	55557	0.23062204113950152	0.637101430150273	0.04871088530755654	0.08356564340266895	0.2516514570621164	0.05315261803193117
063385d8-f8bc-4268-8219-63dc2dc7973c	60623	1	52696	4252	3674	56949	1.6495389538623956e-05	0.8692410471273279	0.07013839631822906	0.06060406116490441	1.755957084408857e-05	0.0746632952290646
af744755-51eb-4daf-9029-5cf88730b1dc	60623	2222	19834	32833	5734	54889	0.036652755554822426	0.3271695561090675	0.5415931247216403	0.09458456361446975	0.04048169942975824	0.598170853905154
939e41ba-b671-4b7a-8b40-8ec680f5327c	60623	2532	23039	34240	812	59811	0.04176632631179585	0.38003727958035727	0.5648021378024842	0.01339425630536265	0.0423333500526659	0.5724699469997158
baa282a3-b78b-4be7-9756-4e4c6298f8a3	60623	1930	28062	26823	3808	56815	0.031836101809544236	0.4628936212328654	0.44245583359451035	0.06281444336308002	0.033969902314529614	0.47211123822934087
282c7f20-4e45-42b4-9285-34e68d1ab632	60623	1554	27480	30783	806	59817	0.025633835343021626	0.4532933045213863	0.5077775761674612	0.013295283968130907	0.02597923667184914	0.5146195897487337
64a45521-0494-45f6-b605-198e5c2c56ba	60623	1043	36983	17510	5087	55536	0.017204691288784785	0.6100489913069297	0.28883427082130547	0.08391204658298006	0.0187806107749928	0.3152909824258139
feec7fa2-1f3f-4cbe-a89c-df01d13a9299	60623	11333	34559	9482	5249	55374	0.18694224964122527	0.5700641670653053	0.15640928360523235	0.08658429968823714	0.20466283815509084	0.17123559793404847
d958a4bc-de4f-4ba0-93dd-3a01375e1346	60623	18588	37807	3877	351	60272	0.3066163007439421	0.6236411922867559	0.06395262524124508	0.005789881728057008	0.30840191133528005	0.0643250597292275
43c2448e-0f93-4437-85cb-5f61397b0f4c	60623	174	56218	3426	805	59818	0.002870197779720568	0.9273378090823615	0.05651320455932567	0.013278788578592283	0.0029088234310742584	0.05727373031528971
1aea8530-43fd-47ea-a2f1-377267dc9d33	60623	179	2590	51821	6033	54590	0.002952674727413688	0.04272305890503604	0.854807581281032	0.09951668508651831	0.0032789888257922697	0.9492764242535263
493205f9-34b7-483b-885a-ace1e4894250	60623	1229	19125	36108	4161	56462	0.02027283374296884	0.31547432492618316	0.5956155254606338	0.06863731587021428	0.0217668520420814	0.6395097587758138
dc242475-d2c0-4c6a-b227-f6a21a27179a	60623	4104	23607	27655	5257	55366	0.06769707866651271	0.38940666083829567	0.4561799976906455	0.08671626280454613	0.07412491420727522	0.49949427446447275
75bed1d7-8db1-4429-a43f-86fc64384848	60623	4341	31185	24292	805	59818	0.07160648598716658	0.514408722761988	0.4007060026722531	0.013278788578592283	0.07257012939249055	0.40609849877963156
7a03048b-58b6-4cae-b143-81c0a4977ac6	60623	6320	47405	1675	5223	55400	0.10425086188410339	0.7819639410784686	0.027629777477195125	0.08615541956023291	0.11407942238267148	0.03023465703971119
70058d0b-3a99-490d-8f3a-97611faf2326	60623	9	39082	17837	3695	56928	0.00014845850584761558	0.6446728139485014	0.2942282632004355	0.06095046434521551	0.00015809443507588532	0.31332560427206296
359f80d0-faea-42ad-82c7-e34d238a3a3e	60623	1550	20172	33189	5712	54911	0.02556785378486713	0.3327449977731224	0.5474654833973904	0.09422166504462003	0.028227495401649944	0.604414416055071
7b1d8b50-f3df-4aab-a654-c3810d8d576d	60623	237	12663	41674	6049	54574	0.003909407320653877	0.20888111772759513	0.6874288636326147	0.0997806113191363	0.004342727306043171	0.7636237035951186
41433a93-f941-40d7-bd47-cb6bef90d289	60623	147	16227	43434	815	59808	0.0024248222621777215	0.2676706860432509	0.7164607492205929	0.013443742473978523	0.0024578651685393258	0.7262239165329053
d1a83e2e-276f-4366-acd1-fe6bd3f7988f	60623	2116	52291	1249	4967	55656	0.03490424426372829	0.8625604143641852	0.02060274153374132	0.08193259983834518	0.03801926117579416	0.02244142590196924
3ba5f6b9-6458-44e2-a0aa-b5c7e5fcd632	60623	960	40810	13594	5259	55364	0.015835573957078998	0.6731768470712436	0.22423832538805405	0.08674925358362338	0.017339787587602053	0.2455386171519399
35300581-d122-4221-814e-801512df4984	60623	318	11566	43242	5497	55126	0.005245533873282418	0.19078567540372465	0.713293634429177	0.09067515629381588	0.005768602837136741	0.784421144287632
de4bb1d0-8bd9-4614-85ca-c39d8c636bcc	60623	4	11788	43612	5219	55404	6.598155815449583e-05	0.19444765188129917	0.7193969285584679	0.08608943800207843	7.219695328857122e-05	0.787163381705292
bdab4848-dfb5-4b58-9d79-4ab0f0f80cbd	60623	230	4570	50600	5223	55400	0.0037939395938835097	0.07538393019151148	0.8346667106543721	0.08615541956023291	0.004151624548736462	0.9133574007220217
657670fe-02ad-4fe7-bc2e-28797774b73f	60623	442	6994	52377	810	59813	0.007290962176071788	0.11536875443313593	0.8639790178645068	0.013361265526285403	0.00738969789176266	0.8756792001738752
6dd5d1bd-d39f-462e-9d6e-158dc08dc0af	60623	111	8894	47911	3707	56916	0.001830988238787259	0.14670999455652145	0.7903106081850123	0.061148409019679	0.0019502424625764284	0.8417843840044978
37a8d3a5-baa0-427c-ab43-48ae4b93633b	60623	136	37897	18973	3617	57006	0.0022433729772528576	0.625125777345232	0.3129670257163123	0.059663823961202844	0.0023857137845139107	0.33282461495281196
0f56a5d5-274e-4599-9566-3eaba30af2f9	60623	119	38113	21588	803	59820	0.0019629513550962507	0.6286887814855748	0.35610246935981393	0.013245797799515036	0.0019893012370444667	0.3608826479438315
9f9bd43e-2204-4837-a4a1-8bba437b179b	60623	0	5354	51249	4020	56603	0.0	0.08831631558979265	0.845372218464939	0.0663114659452683	0.0	0.905411373955444
1c0bc537-7eb8-4bbf-b7bb-cc8e0e610277	60623	6	5423	50898	4296	56327	9.897233723174372e-05	0.08945449746795771	0.8395823367368821	0.0708641934579285	0.00010652085145667264	0.903616382906954
84e27f5e-ce0d-4bb7-9ae8-5b12162bb801	60623	12131	37892	4452	6148	54475	0.2001055704930472	0.6250433003975389	0.07343747422595384	0.10141365488346007	0.22268930702156953	0.0817255621844883
8281b534-7b60-4fc6-ba0a-a711b0a19e64	60623	12525	42421	4869	808	59815	0.20660475397126504	0.6997509196179668	0.08031605166356004	0.013328274747208156	0.2093956365460169	0.08140098637465519
d7fa3625-5e16-4211-b96b-b36b91b3d491	60623	9798	33414	11836	5575	55048	0.1616218266994375	0.5511769460435808	0.19523943057915313	0.09196179667782854	0.17799011771544834	0.2150123528556896
3b2ed302-d8f1-4078-95f0-3b5c5b322deb	60623	1607	25931	27590	5495	55128	0.026508090988568694	0.42774194612605776	0.4551077973706349	0.09064216551473864	0.029150341024524743	0.5004716296618779
2ee7cf16-ecac-4175-a280-c7c8c38cdcc9	60623	2339	28402	29076	806	59817	0.03858271613084143	0.46850205367599757	0.4796199462250301	0.013295283968130907	0.039102596251901635	0.48608255178293797
27a64f32-69c5-4c49-86b4-c8fc923cae08	60623	3415	53074	179	3955	56668	0.056331755274400805	0.8754763043729278	0.002952674727413688	0.06523926562525774	0.06026328792263711	0.0031587492059010377
a0a486e0-a85c-415a-b7c0-399d6b2e6e99	60623	5336	54346	592	349	60274	0.08801939857809742	0.8964584398660574	0.00976527060686538	0.00575689094897976	0.08852905066861333	0.009821813717357401
180eb213-0ddc-4f10-ab0e-b3af92cde3c3	60623	2	22107	33213	5301	55322	3.299077907724791e-05	0.36466357653035975	0.5478613727463174	0.08744205994424559	3.615198293626405e-05	0.600357904631069
ed940a3c-39ed-4127-9174-03ffcf448505	60623	7925	45568	3489	3641	56982	0.13072596209359483	0.7516619104960164	0.05755241410025898	0.06005971331012982	0.13907900740584747	0.061229862061703694
0ae112a3-1dcc-40bf-9421-1adfa6223e0d	60623	472	57924	1424	803	59820	0.0077858238622305065	0.955478943635254	0.023489434703000512	0.013245797799515036	0.007890337679705784	0.02380474757606152
f0054242-3f54-41d4-9f74-94f61fefbfbc	60623	3040	50156	2478	4949	55674	0.050145984197416824	0.827342757699223	0.04087557527671016	0.08163568282664996	0.054603585156446456	0.04450910658476129
99c8a10e-737d-4541-b7b6-6392be964f6a	60623	3161	53115	3543	804	59819	0.05214192633159032	0.8761526153440113	0.05844316513534467	0.01326229318905366	0.05284274227252211	0.05922867316404487
66e63d23-d3e7-4c6a-b099-4000ebaf8c71	60623	22223	28848	5129	4423	56200	0.36657704171684014	0.47585899741022386	0.08460485294360226	0.07295910792933376	0.3954270462633452	0.09126334519572954
43077cf8-cbee-4e24-aff0-e8a343d8a0c2	60623	2381	57298	141	803	59820	0.039275522491463634	0.9451528297840753	0.0023258499249459775	0.013245797799515036	0.03980274155800736	0.0023570712136409227
a08a22c9-5b3a-4748-89af-0fae50522f1b	60623	26037	23622	7391	3573	57050	0.4294904574171519	0.38965409168137505	0.12191742407996965	0.05893802682150339	0.4563891323400526	0.12955302366345312
05c22d17-880e-46fd-811a-c9c6371eb03e	60623	18950	22316	18554	803	59820	0.31258763175692394	0.3681111129439322	0.30605545749962887	0.013245797799515036	0.3167836843864928	0.3101638248077566
b45ae61c-6377-403d-a094-2b7a245cb45d	60623	656	12056	44111	3800	56823	0.010820975537337314	0.1988684162776504	0.7276281279382413	0.06268248024677103	0.011544621016137832	0.7762877707970364
97025733-075c-49a4-a587-ba54a1714207	60623	2056	17847	34387	6333	54290	0.03391452089141085	0.2943932170958217	0.5672269600646619	0.10446530194810551	0.03787069441886167	0.6333947319948425
0c889f80-4d6f-4f5d-a632-fa4721e59209	60623	1224	19237	39357	805	59818	0.02019035679527572	0.31732180855450903	0.649209046071623	0.013278788578592283	0.02046206827376375	0.6579457688321241
c52909f8-5d3f-4db2-952a-8c13814ddfb0	60623	16811	34064	4339	5409	55214	0.2773039935338073	0.5618989492436864	0.07157349520808934	0.08922356201441697	0.3044698808273264	0.07858514144963234
78fc7ec1-6795-45d8-a9e1-c8ef88d202e5	60623	1185	7633	50996	809	59814	0.019547036603269386	0.12590930834831665	0.8411988849116672	0.01334477013674678	0.019811415387701876	0.8525763199251012
34492a58-bfc3-48a7-a1dc-a5c3f5f7d462	60623	3393	43357	10058	3815	56808	0.055968856704551075	0.7151906042261188	0.16591062797947972	0.06292991108985038	0.05972750316856781	0.17705252781298408
fceb89f9-c4db-42b4-84dd-06a8603c071b	60623	163	16950	39469	4041	56582	0.0026887484947957048	0.27959685267967604	0.6510565296999489	0.0666578691255794	0.002880774804708211	0.697553992435757
9cfbcafe-4c60-43ab-8bf1-6bcc27647571	60623	165	19232	40416	810	59813	0.0027217392738729525	0.3172393316068159	0.6666776635930257	0.013361265526285403	0.002758597629277916	0.6757059502114925
43b96e20-df08-4c56-915f-5d626f90c415	60623	1	1450	53486	5686	54937	1.6495389538623956e-05	0.023918314831004733	0.8822724048628409	0.0937927849166158	1.8202668511203744e-05	0.9735879279902434
8d9491e7-9b14-4988-8fa7-e6af041120bd	60623	1574	40514	13598	4937	55686	0.025963743133794105	0.6682942117678109	0.22430430694620854	0.08143773815218647	0.02826563229537047	0.24419064037639623
656a0565-869d-462e-899b-eb5da57c75c7	60623	1579	42587	15654	803	59820	0.026046220081487225	0.7024891542813784	0.2582188278376194	0.013245797799515036	0.02639585422935473	0.2616850551654965
b187fc64-f51c-4be1-8f97-0075472aafd4	60623	5084	43691	6786	5062	55561	0.08386256041436418	0.7207000643320192	0.11193771340910215	0.08349966184451446	0.09150303270279513	0.12213603066899444
2a85bb92-6ae3-416a-88f3-4b058fc21058	60623	5238	47637	6945	803	59820	0.08640285040331228	0.7857908714514293	0.11456048034574337	0.013245797799515036	0.08756268806419258	0.11609829488465397
2a675528-1abc-4220-a61a-25109850ce0d	60623	937	14226	39672	5788	54835	0.015456179997690646	0.23466341157646436	0.6544050937762895	0.09547531464955544	0.01708762651591137	0.7234795294975837
cd8ff232-b36b-4ed0-a0c6-7e0e172ea390	60623	13182	38694	3350	5397	55226	0.21744222489814097	0.6382726028075153	0.05525955495439025	0.08902561733995348	0.23869192047224133	0.06065983413609532
5d0e7b83-5577-450a-b1a5-59ca03fc3bc5	60623	1609	13230	40329	5455	55168	0.026541081767645944	0.21823400359599493	0.6652425647031655	0.08998234993319368	0.029165458236658934	0.7310216067285383
f40fdd2f-868d-4cda-952e-bd385e8cc84c	60623	17802	37221	386	5214	55409	0.29365092456658365	0.6139748940171222	0.0063672203619088465	0.0860069610543853	0.32128354599433306	0.006966377303326174
ab8bd9c6-b73c-49db-a9ec-aece9c3b9dc0	60623	15050	44021	745	807	59816	0.24825561255629053	0.7261435428797651	0.012289065206274846	0.013311779357669532	0.2516049217600642	0.012454861575498194
7407d705-6ec6-4143-93d2-eedcf5a22399	60623	2841	45810	6843	5129	55494	0.04686340167923066	0.7556537947643633	0.11287795061280372	0.08460485294360226	0.05119472375391934	0.12331062817601902
485a7981-a812-4c8c-a288-4f5cd8a50607	60623	2344	19907	36665	1707	58916	0.03866519307853455	0.3283737195453871	0.6048034574336473	0.02815762994243109	0.03978545726118542	0.6223267024237898
89850fa4-1b8c-429b-bdfd-8a92804e289a	60623	449	11955	42559	5660	54963	0.007406429902842156	0.19720238193424938	0.7020272833742969	0.09336390478861158	0.008169131961501373	0.7743209067918417
7ecb9621-7a1f-4876-9dfb-9b77cc4cb7b4	60623	15833	34327	4847	5616	55007	0.2611715025650331	0.5662372366923445	0.0799531530937103	0.09263810764891213	0.2878360935880888	0.08811605795626011
0e7847d9-d1d0-4980-8f44-c428f36b83f0	60623	18738	35936	5145	804	59819	0.3090906091747357	0.5927783184599904	0.08486877917622025	0.01326229318905366	0.3132449556161086	0.08600946187666127
81fb5fa9-d901-4faa-b909-376b8676d2bc	60623	0	7689	47126	5808	54815	0.0	0.1268330501624796	0.7773617273971924	0.09580522244032792	0.0	0.859728176593998
13e45b70-064b-4330-8f64-7005591a02eb	60623	0	10104	49712	807	59816	0.0	0.16666941589825643	0.8200188047440741	0.013311779357669532	0.0	0.8310819847532432
74bcf2d5-fd42-423e-bd96-b2de1b0cf778	60623	17114	34291	3889	5329	55294	0.28230209656401034	0.5656434026689541	0.06415056991570856	0.08790393085132706	0.30950916916844506	0.07033312836835823
24ddd7c7-2df0-4560-bf76-e32b76ade696	60623	62	11269	48489	803	59820	0.0010227141513946853	0.18588654471075333	0.7998449433383369	0.013245797799515036	0.0010364426613172853	0.8105817452357071
7e1638d3-f134-4dc8-becc-9f4d49d83024	60623	10067	42882	2659	5015	55608	0.16605908648532736	0.7073552941952724	0.0438612407832011	0.08272437853619913	0.18103510286289742	0.04781686088332614
5b90379e-83f2-459a-be36-bd7ebbb6bfff	60623	20930	32748	1452	5493	55130	0.3452485030433994	0.5401910166108572	0.02395130561008198	0.09060917473566138	0.37964810448031927	0.02633774714311627
5af84779-8d50-4ba9-a61c-04bd7de3f812	60623	168	19285	40364	806	59817	0.0027712254424888242	0.31811358725236294	0.6658199033370173	0.013295283968130907	0.0028085661266863933	0.674791447247438
76c0adae-eef5-459e-a4c9-397d94ebfdcc	60623	0	0	55311	5312	55311	0.0	0.0	0.9123764907708296	0.08762350922917045	0.0	1.0
96bdafe1-b0fb-4126-9734-1374d615ef6d	60623	4293	51404	5	4921	55702	0.07081470728931263	0.8479290038434257	8.247694769311977e-05	0.08117381191956848	0.07707084126243223	8.976338372051272e-05
50e0d338-5208-46e4-91ab-f6232219dfac	60623	0	2828	56992	803	59820	0.0	0.046648961615228544	0.9401052405852565	0.013245797799515036	0.0	0.9527248411902374
ea75499c-7bf0-47be-9b09-3c12aaa22f12	60623	377	10522	44387	5337	55286	0.006218761856061231	0.17356448872540126	0.7321808554509015	0.08803589396763604	0.006819086206272836	0.8028614839199797
83d01ff9-d0a9-4606-80ed-9a417a980ef7	60623	12555	32290	9710	6068	54555	0.20709961565742374	0.5326361282021675	0.1601702324200386	0.10009402372037016	0.230134726422876	0.17798551920080652
6614550d-d050-4b77-9cc0-1e6a7438c675	60623	1687	32946	22243	3747	56876	0.027827722151658612	0.5434571037395048	0.3669069495076126	0.061808224601223954	0.029661016949152543	0.39107883817427386
826d2a46-4a89-4398-8a22-1ba7fefe4a7b	60623	74	6858	49715	3976	56647	0.0012206588258581725	0.11312538145588308	0.82006829091269	0.06558566880556885	0.0013063357282821686	0.877628117993892
2c99cfac-714b-4d1f-99b1-86e40a998f7d	60623	68	7004	52741	810	59813	0.0011216864886264288	0.11553370832852218	0.8699833396565659	0.013361265526285403	0.001136876598732717	0.8817648337317975
3e2f1a0a-b097-45b4-8cf4-92a38e134bc5	60623	13085	37843	5961	3734	56889	0.21584217211289444	0.6242350263101463	0.0983290170397374	0.06159378453722185	0.23000931638805394	0.10478299847070612
48dd9724-8848-48c3-8628-7e78a24e3f2c	60623	9543	43139	7535	406	60217	0.1574155023670884	0.7115946093066988	0.1242927601735315	0.006697128152681325	0.1584768420877825	0.1251307770230998
91719392-76ce-479f-ba05-e43bf0201cc4	60623	783	20496	33483	5861	54762	0.012915890008742556	0.3380895039836366	0.5523151279217459	0.096679478085875	0.014298236003067821	0.6114276322997699
1028d7a9-0ac0-4fd8-a34b-46f3e6e53f79	60623	521	897	58799	406	60217	0.00859409794962308	0.014796364416145687	0.9699124094815499	0.006697128152681325	0.008652041782220968	0.976451832538984
a05b004e-8a92-4520-a3e1-85ed60db14fa	60623	3202	45970	5867	5584	55039	0.052818237302673904	0.7582930570905432	0.09677845042310675	0.09211025518367616	0.05817692908664765	0.10659714020966951
0813a04e-c697-45f2-9fe6-157fdda8bf43	60623	6029	45745	8041	808	59815	0.09945070352836383	0.7545815944443528	0.13263942728007522	0.013328274747208156	0.10079411518849787	0.1344311627518181
edba8888-6d1b-43a7-988d-5df420922c80	60623	64	15783	39382	5394	55229	0.0010557049304719332	0.26034673308810186	0.6496214308100886	0.08897613117133761	0.0011588114939615056	0.7130674102373753
4826dae4-d805-44f9-9b51-cc65ff25e5e5	60623	0	19605	40214	804	59819	0.0	0.3233921119047226	0.6633455949062237	0.01326229318905366	0.0	0.6722613216536552
9ce83cc4-7b9b-4ce7-98f5-5ce8a8d70902	60623	11	13278	41854	5480	55143	0.0001814492849248635	0.21902578229384886	0.690398033749567	0.09039473467165927	0.00019948134849391582	0.7590083963513048
202767fd-8637-4451-a049-568e10e752d2	60623	0	15589	44224	810	59813	0.0	0.2571466275176088	0.7294921069561058	0.013361265526285403	0.0	0.7393710397405246
194612e8-9876-4350-b54d-404db4ac27c3	60623	10652	41147	5106	3718	56905	0.17570888936542237	0.6787357933457598	0.08422545898421391	0.061329858304603864	0.18718917494069062	0.08972849485985414
9a479d32-13a4-46c2-b26d-34cb6051a891	60623	0	15139	40022	5462	55161	0.0	0.24972370222522805	0.660178480114808	0.09009781765996404	0.0	0.725548847917913
0a2d9fad-c5df-46c1-bf96-529c7c92dfba	60623	471	13398	40747	6007	54616	0.007769328472691883	0.22100522903848374	0.6721376375303103	0.09908780495851409	0.008623846491870514	0.7460634246374689
e71a1971-e1c7-4cd9-ae0a-9458a053042d	60623	3882	28067	24502	4172	56451	0.0640351021889382	0.4629760981805585	0.40417003447536415	0.06881876515513914	0.06876760376255514	0.4340401410072452
8b5a93d7-d73e-49d4-8631-84d5dfd640f4	60623	6731	37295	15788	809	59814	0.11103046698447784	0.6151955528429804	0.260429210035795	0.01334477013674678	0.11253218310094627	0.2639515832413816
745a2adb-7096-4c8a-a830-c627ade98da9	60623	10713	39980	6253	3677	56946	0.17671510812727842	0.6594856737541857	0.10314567078501559	0.06065354733352028	0.1881255926667369	0.10980578091525305
c78b35b2-7299-4fd3-88df-a40b087455e0	60623	10977	42158	3417	4071	56552	0.18106989096547516	0.6954126321693087	0.056364746053478056	0.06715273081173811	0.19410454095345878	0.060422266232847646
6176e1f7-8dfd-4de4-8abb-3eff1839de56	60623	100	8661	48157	3705	56918	0.0016495389538623954	0.14286656879402207	0.7943684740115138	0.06111541824060175	0.001756913454443234	0.8460768122562282
8f274178-7a8e-46b6-8d2c-900338bbb946	60623	0	12436	42749	5438	55185	0.0	0.2051366643023275	0.7051614073866355	0.08970192831103707	0.0	0.7746489082178128
6ae21fea-41be-4cd2-bfcb-ec138d42cff3	60623	0	15784	44034	805	59818	0.0	0.2603632284776405	0.7263579829437672	0.013278788578592283	0.0	0.7361329365742753
b307dae9-2cc8-4afd-a268-84788309ac61	60623	1529	49846	4085	5163	55460	0.025221450604556026	0.8222291869422497	0.06738366626527885	0.08516569618791547	0.02756941940137036	0.07365668950595024
9d1428eb-0807-4638-9ac2-6b5e73b7a500	60623	107	59713	0	803	59820	0.0017650066806327632	0.9849891955198522	0.0	0.013245797799515036	0.001788699431628218	0.0
4bdf77d2-33cc-46e0-af34-1e66a90a213a	60623	23464	26121	5030	6008	54615	0.38704782013427247	0.4308760701383963	0.08297180937927849	0.09910430034805272	0.42962556074338554	0.0920992401354939
a0863fa6-515c-44fa-825f-f9e243f945f1	60623	7172	43257	9798	396	60227	0.118304933771011	0.7135410652722564	0.1616218266994375	0.006532174257295086	0.1190828033938267	0.16268451026948047
9c146f5d-ca52-4cb9-a64b-158593d038da	60623	562	59496	211	354	60269	0.009270408920706663	0.9814096959899709	0.0034805271926496542	0.00583936789667288	0.009324860210058239	0.0035009706482602996
284de41b-6ad8-4c29-9eca-9a841cd7c3b7	60623	4517	27933	21973	6200	54423	0.0745096745459644	0.4607657159823829	0.36245319433218415	0.10227141513946852	0.08299799717031402	0.40374474027525126
cb0017ba-aee1-4046-81da-320040863bc2	60623	1360	19872	34020	5371	55252	0.02243372977252858	0.32779638091153523	0.5611731521039869	0.08859673721194926	0.024614493592992108	0.6157243176717585
252c5d60-7033-44c3-8ab5-4604670a80f4	60623	884	21161	32597	5981	54642	0.014581924352143576	0.34905893802682153	0.537700212790525	0.09865892483050988	0.016178031550821714	0.5965557629662165
98038913-75d0-41a6-ac67-a9263f5ab18a	60623	1637	28639	25187	5160	55463	0.027002952674727413	0.47241146099665143	0.41546937630932157	0.0851162100192996	0.029515172277013505	0.4541225681986189
e58e47db-7d0b-4ccc-8878-9b1e78e3b365	60623	65	4475	50292	5791	54832	0.001072200320010557	0.0738168681853422	0.8295861306764759	0.09552480081817132	0.0011854391596148235	0.9172016340822877
4266cc1e-f64d-4938-844d-36636e6514f2	60623	2448	4808	52540	827	59796	0.04038071359055144	0.07930983290170397	0.8666677663593025	0.01364168714844201	0.040939193257074055	0.8786540905746204
2f073ffa-787e-4657-b1cd-d2db4865c809	60623	1004	7335	48491	3793	56830	0.01656137109677845	0.1209936822658067	0.7998779341174141	0.06256701252000066	0.017666725321133205	0.8532641210628189
ccfec92a-3843-4e73-9f83-746d9b2df60c	60623	13377	40105	1449	5692	54931	0.22065882585817265	0.6615475974465137	0.02390181944146611	0.09389175725384755	0.24352369336076168	0.02637854763248439
58493fd3-5923-436c-bf10-7315b007c5c0	60623	1253	50569	4002	4799	55824	0.020668723091895814	0.8341553535786748	0.06601454893357307	0.07916137439585635	0.02244554313556893	0.0716895958727429
7c12327f-05c5-4721-8031-93a318835580	60623	6831	42820	5921	5051	55572	0.11268000593834024	0.7063325800438778	0.09766920145819244	0.0833182125595896	0.12292161520190023	0.10654646224717483
5e797e09-26d0-42f4-838f-3b05e489e6ec	60623	0	4754	50849	5020	55603	0.0	0.07841908186661828	0.8387740626494895	0.08280685548389226	0.0	0.9145010161322231
16acbdbc-a397-4318-b11a-244d7e1350e6	60623	8648	43210	3342	5423	55200	0.14265212873001995	0.712765781963941	0.055127591838081254	0.08945449746795771	0.15666666666666668	0.06054347826086957
418736a4-00d2-406b-a625-0d15726713ca	60623	3214	30340	21440	5629	54994	0.05301618197713739	0.5004701186018508	0.3536611517080976	0.09285254771291424	0.05844273920791359	0.3898607120776812
9195e450-b568-49e9-b977-7241aeed04b9	60623	1	3754	51512	5356	55267	1.6495389538623956e-05	0.06192369232799433	0.8497105059135972	0.0883493063688699	1.8093980132809815e-05	0.9320571046012992
913fecc1-d660-473e-bee1-366644b4077a	60623	2360	45382	7798	5083	55540	0.03892911931115253	0.7485937680418323	0.1286310476221896	0.08384606502482556	0.04249189773136478	0.14040331292761973
3f4a8f62-c0ac-4541-9f0e-ac61bc20e6cb	60623	4962	46745	8564	352	60271	0.08185012289065206	0.7710769839829767	0.14126651600877554	0.005806377117595632	0.08232815118381975	0.1420915531515986
de7f6b99-ea71-4c44-b412-ab20b1616c40	60623	43	52746	2985	4849	55774	0.00070930175016083	0.8700658166042591	0.0492387377727925	0.07998614387278756	0.000770968551654893	0.053519561085810595
4a1901b7-6105-4341-b469-df4a1218608a	60623	45	56664	3104	810	59813	0.0007422925292380779	0.9346947528165878	0.05120168912788876	0.013361265526285403	0.0007523448079848862	0.051895072977446374
bdf6623f-2750-4141-9a68-732cf82d26e9	60623	21	52937	2726	4939	55684	0.00034640318031110303	0.8732164360061363	0.0449664318822889	0.08147072893126371	0.000377128079879319	0.04895481646433446
361d3edc-cf3c-4c03-b577-824321a6d2ff	60623	2402	54468	2949	804	59819	0.03962192567177474	0.8984708773897696	0.048644903749402044	0.01326229318905366	0.04015446597234992	0.04929871779869272
4ea1a466-beb0-476e-8ae7-29c1f09ff7f6	60623	22365	36576	1319	363	60260	0.36891938703132476	0.6033353677647098	0.021757418801444998	0.005987826402520495	0.3711417192167275	0.02188848323929638
6483a131-0ac0-4d9d-b184-b249e1ac971f	60623	904	11310	46183	2226	58397	0.014911832142916056	0.18656285568183692	0.7618065750622701	0.03671873711297692	0.015480247272976352	0.7908454201414457
0cbecbc0-e9d6-491f-95c4-96b962b94cbc	60623	891	11438	47486	808	59815	0.014697392078913943	0.1886742655427808	0.7833000676310972	0.013328274747208156	0.014895929114770542	0.7938811334949427
46fb1711-e385-49a4-bf15-7990123cbe6b	60623	7282	49238	1797	2306	58317	0.12011942662025964	0.8121999901027662	0.029642215000907246	0.03803836827606684	0.12486924910403484	0.03081434230155872
7cc80938-e5a3-4bfb-a988-e4c876894bcf	60623	1373	5650	48597	5003	55620	0.02264816983653069	0.09319895089322534	0.8016264454085084	0.08252643386173565	0.024685364976627114	0.873732470334412
6de48bd7-429a-47e2-be98-3b0805c4fe6f	60623	1422	5997	52401	803	59820	0.023456443923923265	0.09892285106312786	0.8643749072134338	0.013245797799515036	0.023771313941825477	0.8759779338014042
be63c85e-73ba-436a-aa62-c318131d1d92	60623	4584	45621	5510	4908	55715	0.07561486564505221	0.7525361661415634	0.09088959635781799	0.08095937185556637	0.08227586825809925	0.09889616799784619
2fc854d7-4f80-4c39-bd92-397e94fee4a0	60623	5609	46714	3126	5174	55449	0.09252263992214176	0.7705656269072794	0.05156458769773848	0.08534714547284034	0.10115601724106837	0.05637612941622031
68e7b9b7-1565-4034-91e9-9ec4e1a34b39	60623	0	4589	50489	5545	55078	0.0	0.07569734259274533	0.8328357224155848	0.09146693499166983	0.0	0.916681796724645
fb1ebc1d-d580-4754-8f48-1dfb7a1054a4	60623	5679	48680	831	5433	55190	0.09367731718984544	0.8029955627402141	0.013707668706596506	0.08961945136334394	0.10289907591955064	0.015057075557166153
9997ff23-42ee-4fe9-a9ee-26d099694017	60623	9949	46482	3382	810	59813	0.16411263051976974	0.7667386965343187	0.05578740741962621	0.013361265526285403	0.16633507765870295	0.05654289201344189
0152ba53-d53b-4ec8-a256-3dcad8e8d2a3	60623	1549	8064	45927	5083	55540	0.025551358395328506	0.13301882123946357	0.7575837553403824	0.08384606502482556	0.027889809146561036	0.8269175369103349
67d6e183-9565-4e35-be64-30cfb74b2b65	60623	3	9399	45914	5307	55316	4.948616861587186e-05	0.15504016627352654	0.7573693152763803	0.08754103228147733	5.423385638874828e-05	0.8300310940776628
60e673bf-2e27-4a21-90ac-43b028dec15f	60623	0	12530	47289	804	59819	0.0	0.20668723091895816	0.7800504758919882	0.01326229318905366	0.0	0.7905347799194236
b09f0a46-e2bb-49e7-b1a6-5d684cf9a47d	60623	544	52129	2995	4955	55668	0.00897349190901143	0.8598881612589281	0.04940369166817874	0.08173465516388169	0.009772221024646116	0.05380110656032191
04dd54d3-e4d1-4c72-860b-20e971609a5a	60623	2713	49947	2995	4968	55655	0.04475199181828679	0.8238952212856506	0.04940369166817874	0.08194909522788381	0.048746743329440304	0.05381367352439134
f843e0b7-c3ca-4efb-bc6f-ab3198dcf00a	60623	432	46824	8411	4956	55667	0.007126008280685548	0.7723801197565281	0.13874272140936608	0.08175115055342032	0.007760432572260046	0.15109490362333158
7383dd7c-394c-4399-bb6f-33e5760a1981	60623	483	50792	8959	389	60234	0.00796727314715537	0.8378338254457879	0.14778219487653202	0.006416706530524718	0.008018726964837136	0.14873659395026065
07a8c609-d838-4571-8d74-81e7083cbd76	60623	6295	45527	3737	5064	55559	0.10383847714563779	0.7509855995249328	0.06164327070583772	0.0835326526235917	0.11330297521553663	0.06726182976655447
1bc0790d-1383-43a2-920a-ae5c7205e518	60623	776	10013	44356	5478	55145	0.01280042228197219	0.16516833545024165	0.7316694983752041	0.09036174389258202	0.014071992021035451	0.8043521624807326
6ab79ec9-2416-41ef-b2c4-49850a5ddf34	60623	1	55677	1	4944	55679	1.6495389538623956e-05	0.9184138033419659	1.6495389538623956e-05	0.08155320587895683	1.7960092674078197e-05	1.7960092674078197e-05
844a9153-02d7-473e-a371-85b9d63c642d	60623	4	24856	30592	5171	55452	6.598155815449583e-05	0.41000940237203704	0.504626956765584	0.08529765930422446	7.213445863088797e-05	0.5516843396090312
8824fcd3-242a-47a9-933e-632d5531bd6c	60623	0	48799	6867	4957	55666	0.0	0.8049585140953104	0.1132738399617307	0.08176764594295895	0.0	0.12336075881148277
1fcb9c83-18cb-42a4-8769-fddb3541c95d	60623	666	11007	48582	368	60255	0.010985929432723553	0.18156475265163388	0.8013790145654289	0.006070303350213615	0.011053024645257654	0.8062733383121733
806186aa-fe7d-448a-9f59-c7acbe044621	60623	1	19256	36036	5330	55293	1.6495389538623956e-05	0.31763522095574287	0.5944278574138528	0.08792042624086568	1.8085471940390285e-05	0.6517280668439043
36966c36-0ef2-41d6-aa57-8e5241cf61e9	60623	0	20197	39623	803	59820	0.0	0.333157382511588	0.6535968196888969	0.013245797799515036	0.0	0.6623704446673353
f3db9b58-d60d-41f7-a3d7-6f713272efb5	60623	4980	33531	16980	5132	55491	0.0821470399023473	0.5531069066195998	0.28009171436583474	0.08465433911221813	0.08974428285667946	0.3059955668486782
2b34c8e7-8745-4af5-8f39-e3908bce3e8f	60623	5283	36852	17678	810	59813	0.08714514293255035	0.60788809527737	0.2916054962637943	0.013361265526285403	0.08832528045742565	0.29555447812348484
7ce1f7c4-c7b2-4a2f-a3f1-b96bef4f6b63	60623	706	12186	43865	3866	56757	0.011645745014268512	0.2010128169176715	0.7235702621117398	0.0637711759563202	0.01243899430907201	0.7728562115686171
1edcf457-6658-4b65-9391-53a1e9b85f06	60623	598	14109	45108	808	59815	0.009864242944097126	0.23273345100044537	0.7440740313082493	0.013328274747208156	0.009997492267825796	0.7541252194265653
729a801d-5238-4020-bbff-73eaaa3a36d0	60623	483	54405	670	5065	55558	0.00796727314715537	0.8974316678488362	0.01105191099087805	0.08354914801313033	0.008693617480830843	0.012059469383347133
1b073052-164e-4d57-b994-98b53d85a87f	60623	2955	56454	862	352	60271	0.04874387608663379	0.9312307210134767	0.01421902578229385	0.005806377117595632	0.04902855436279471	0.014302068988402382
5673c112-6eb1-41b3-a797-c9ffff67632c	60623	28	9235	46101	5259	55364	0.0004618709070814707	0.15233492238919222	0.7604539531201029	0.08674925358362338	0.0005057438046383931	0.8326891120583773
133c13de-6c6b-45e2-a611-a5c5a4aebaa6	60623	7	55677	0	4939	55684	0.00011546772677036768	0.9184138033419659	0.0	0.08147072893126371	0.000125709359959773	0.0
ecf0f65b-bf3c-4d0e-899a-f209247cbe97	60623	201	3278	52055	5089	55534	0.003315573297263415	0.05407188690760932	0.85866750243307	0.0839450373620573	0.003619404328879605	0.9373536932329743
35f9a684-2413-44f6-88c2-c8257b2b5cc6	60623	269	3340	56203	811	59812	0.0044372597858898435	0.05509460105900401	0.9270903782392821	0.013377760915824027	0.0044974252658329435	0.9396609376044941
73e8948f-809c-4fb4-8174-caaa7f202f76	60623	1112	9579	44669	5263	55360	0.01834287316694984	0.15800933639047887	0.7368325553007934	0.08681523514177787	0.02008670520231214	0.8068822254335261
40cb975c-1f3d-4c33-8811-7905223177ba	60623	1248	12625	45937	813	59810	0.020586246144202694	0.20825429292512743	0.7577487092357686	0.013410751694901276	0.020866075907038956	0.7680488212673466
a0322f55-0853-4b63-9788-4e750557bb58	60623	519	5381	49523	5200	55423	0.008561107170545833	0.0887616911073355	0.8169011761212741	0.08577602560084456	0.00936434332316908	0.8935460007578081
0b6dfffe-43c7-47a7-82aa-fd9f7dec0f13	60623	9301	39651	6597	5074	55549	0.15342361809874142	0.6540586905959784	0.10882008478630223	0.08369760651897795	0.16743775765540334	0.11876001368161443
8d529023-abca-4ddc-a265-d5bd1fd48708	60623	0	12034	43306	5283	55340	0.0	0.19850551770780067	0.714349339359649	0.08714514293255035	0.0	0.782544271774485
2dd7bc9a-05d5-4e70-ab50-5a0a5261aeb4	60623	0	15160	44656	807	59816	0.0	0.25007010540553914	0.7366181152367913	0.013311779357669532	0.0	0.7465561053898623
57733d46-9726-4cc0-825f-77185bc7bea9	60623	3059	42725	9697	5142	55481	0.050459396598650674	0.7047655180377085	0.1599557923560365	0.08481929300760438	0.0551359925019376	0.17478055550548838
4cf1fa0f-6a00-4037-94d1-d5ce2012b2f5	60623	1083	2182	51754	5604	55019	0.017864506870329745	0.03599293997327747	0.8537023901819442	0.09244016297444864	0.019684109125938314	0.940656863992439
d4d5deb6-6cfb-4e25-9824-8f7dc8d5b451	60623	81	1591	53982	4969	55654	0.0013361265526285403	0.026244164755950712	0.8904541180739983	0.08196559061742242	0.0014554209939986345	0.969957235778201
8603228a-5f83-4b2e-a57b-dd3133cde96e	60623	102	1640	58078	803	59820	0.0016825297329396433	0.027052438843343286	0.958019233624202	0.013245797799515036	0.0017051153460381143	0.9708793045804079
d9dc4eb1-ca9d-4f1a-8db9-46d3ab600210	60623	2856	56060	2	1705	58918	0.04711083252231001	0.9247315375352589	3.299077907724791e-05	0.028124639163353844	0.048474150514274075	3.394548355341322e-05
3f3abf12-32b0-493f-abea-d885f4aa0f34	60623	5330	48155	2267	4871	55752	0.08792042624086568	0.7943354832324365	0.0373950480840605	0.08034904244263728	0.09560195149949778	0.04066221839575262
510e5040-0834-4b92-9277-d60b523a22e8	60623	193	8089	47159	5182	55441	0.0031836101809544232	0.13343120597792918	0.7779060752519671	0.08547910858914934	0.003481178189426598	0.8506159701304089
8b3147c8-71a9-40fb-81cf-9e23ef4b9a29	60623	3	55701	0	4919	55704	4.948616861587186e-05	0.9188096926908929	0.0	0.08114082114049123	5.3856096510124945e-05	0.0
63f1b937-80c9-4399-8544-550b15e9d035	60623	5003	49390	1361	4869	55754	0.08252643386173565	0.8147072893126371	0.0224502251620672	0.08031605166356004	0.0897334720378807	0.024410804605947554
5fa302b6-603b-4a09-aeb3-1bb29981c4c1	60623	5313	52702	1805	803	59820	0.08764000461870908	0.8693400194645596	0.02977417811721624	0.013245797799515036	0.08881644934804413	0.030173854898027416
39637cb0-c222-48ce-8a6b-86cfab6a6ef4	60623	1110	9210	45152	5151	55472	0.01830988238787259	0.15192253765072664	0.7447998284479488	0.08496775151345198	0.020010095183155465	0.813960196134987
0f5128f0-8b2d-45cf-858b-5cd4147ae689	60623	8313	40543	6007	5760	54863	0.13712617323458093	0.668772578064431	0.09908780495851409	0.09501344374247397	0.15152288427537686	0.10949091373056523
a04e922f-f436-45ae-ad28-5cdf9d351c3a	60623	12	9106	46346	5159	55464	0.00019794467446348745	0.15020701713870974	0.7644953235570658	0.08509971462976099	0.00021635655560363478	0.8356050771671715
61715dc9-a28b-46a4-94a9-9a2b1b379831	60623	15352	39327	4233	1711	58912	0.25323722019695494	0.6487141843854642	0.0698249839169952	0.028223611500585586	0.26059206952743075	0.07185293318848451
475f161c-2f7f-43a2-b187-de6038752f39	60623	137	48623	6670	5193	55430	0.0022598683667914817	0.8020553255365126	0.11002424822262177	0.0856605578740742	0.00247158578387155	0.12033195020746888
0c7a7506-169c-471d-8148-f81d48ba20a7	60623	0	0	59820	803	59820	0.0	0.0	0.9867542022004849	0.013245797799515036	0.0	1.0
b9e4c00a-fb0a-4727-992b-01bf4be1e73e	60623	2107	19271	34069	5176	55447	0.03475578575788067	0.31788265179882225	0.5619814261913795	0.0853801362519176	0.03800025249337205	0.6144426208812018
98857de8-ab4a-400d-a675-a579857d5de9	60623	2575	24681	32563	804	59819	0.042475628061956684	0.4071227092027778	0.5371393695462119	0.01326229318905366	0.0430465236797673	0.5443588157608786
573ce44a-ee08-4f10-8b97-35cd0454ddc7	60623	4859	10124	40071	5569	55054	0.08015109776817379	0.16699932368902892	0.6609867542022004	0.0918628243405968	0.08825880045046681	0.727849020961238
7ab37803-051a-4731-8d63-201f0400d435	60623	6276	38211	11105	5031	55592	0.10352506474440394	0.6303053296603599	0.183181300826419	0.08298830476881712	0.11289394157432724	0.199758958123471
59a3ebb6-0bc0-4790-99bf-3caf74cb5c6e	60623	8235	38633	8693	5062	55561	0.13583953285056827	0.6372663840456593	0.14339442125925803	0.08349966184451446	0.14821547488346143	0.15645866705062905
0bf53b2c-319a-4657-901f-a2182af61352	60623	1179	28247	25801	5396	55227	0.01944806426603764	0.4659452682975109	0.4255975454860367	0.08900912195041485	0.021348253571622577	0.4671809078892571
1fddbfcc-b6a4-4f7c-aa5c-ce1e170e21bd	60623	2	16572	39017	5032	55591	3.299077907724791e-05	0.2733615954340762	0.6436006136284909	0.08300480015835573	3.597704664424097e-05	0.7018582144591751
528f5c3e-6b0f-48e7-a57b-56ccd1ec2352	60623	0	3134	52081	5408	55215	0.0	0.051696550814047476	0.8590963825610742	0.08920706662487835	0.0	0.9432400615774699
2ec55b2d-93d0-4bd1-be08-e4c183ec0d58	60623	7	3230	56583	803	59820	0.00011546772677036768	0.05328010820975537	0.9333586262639593	0.013245797799515036	0.0001170177198261451	0.9458876629889669
69125f72-2011-4b8a-a450-1eae83b74266	60623	734	8679	45287	5923	54700	0.012107615921349983	0.1431634858057173	0.747026706035663	0.09770219223726968	0.013418647166361975	0.8279159049360146
be361e78-868c-4c27-aa2a-5492901aee55	60623	29	51854	3785	4955	55668	0.0004783662966200947	0.8553519291358065	0.06243504940369167	0.08173465516388169	0.0005209456060932672	0.06799238341596608
3481e897-b54a-41de-9a35-2141269dbf78	60623	31	55775	4010	807	59816	0.0005113570756973426	0.920030351516751	0.06614651204988206	0.013311779357669532	0.0005182559850207303	0.06703891935268155
1cdee84f-33d8-4836-b569-5b157aec38e5	60623	7756	41879	5193	5795	54828	0.1279382412615674	0.6908104184880326	0.0856605578740742	0.09559078237632582	0.14146056759320055	0.09471437951411688
7a775f5c-32e5-4d88-b647-e1326ab369fd	60623	404	10400	44225	5594	55029	0.006664137373604078	0.17155205120168912	0.7295086023456444	0.0922752090790624	0.007341583528684875	0.803667157317051
3066eb84-5352-4398-86ed-4ff01b11e242	60623	502	12899	46414	808	59815	0.008280685548389226	0.2127740296587104	0.7656170100456923	0.013328274747208156	0.008392543676335367	0.775959207556633
cd96dee2-5b44-4014-bfbd-4358a461497e	60623	14	50039	5738	4832	55791	0.00023093545354073536	0.825412797123204	0.09465054517262425	0.07970572225063095	0.0002509365309816996	0.10284812962664229
7641cb1b-dd0c-4244-badd-d7eeb243e4fd	60623	16	53941	5863	803	59820	0.0002639262326179833	0.8897778071029148	0.09671246886495224	0.013245797799515036	0.00026746907388833165	0.09801069876295554
1a8e2409-ca0b-4b53-8d28-df63f7942722	60623	626	11132	43394	5471	55152	0.010326113851178596	0.18362667634396188	0.7158009336390478	0.09024627616581166	0.01135044966637656	0.7868073687264288
59eff44d-c532-4ea4-b8e4-e4478f5b12de	60623	69	43240	12459	4855	55768	0.0011381818781650529	0.7132606436500998	0.20551605826171584	0.0800851162100193	0.0012372686845502797	0.22340768899727442
82e7493d-1346-4598-91c9-a5582b337c21	60623	27	55643	17	4936	55687	0.00044537551754284676	0.9178529600976527	0.0002804216221566072	0.08142124276264784	0.0004848528381848546	0.00030527771293120475
5a20d01d-7d07-45c2-aa6d-08bb5c708fae	60623	2406	57414	0	803	59820	0.03968790722992924	0.9470662949705557	0.0	0.013245797799515036	0.040220661985957876	0.0
74e9942c-3adb-47d1-bd92-f97095865ee1	60623	6	15464	39771	5382	55241	9.897233723174372e-05	0.2550847038252808	0.6560381373406133	0.08877818649687412	0.00010861497800546695	0.7199543817092378
5e0f29bc-8ab7-4054-8d46-a58be71dec1a	60623	6	16266	43546	805	59818	9.897233723174372e-05	0.26831400623525725	0.7183082328489188	0.013278788578592283	0.00010030425624393995	0.7279748570664348
115e6be9-dd9a-4137-8a5c-821ff7860a8f	60623	3041	52255	0	5327	55296	0.050162479586955445	0.8619665803407948	0.0	0.08787094007224981	0.054994936342592594	0.0
9ec837eb-3f91-4642-8563-15c725e6424c	60623	4341	20992	29950	5340	55283	0.07160648598716658	0.34627121719479403	0.49403691668178745	0.08808538013625192	0.07852323499086518	0.5417578640811823
521df24a-4ec5-40dd-835b-93f3b45ab8d9	60623	4933	23296	31588	806	59817	0.08137175659403197	0.38427659469178366	0.5210563647460534	0.013295283968130907	0.08246819466038083	0.5280773024391059
8aba8350-b5ee-4ca2-bc99-5c7922a886c4	60623	0	55704	0	4919	55704	0.0	0.9188591788595087	0.0	0.08114082114049123	0.0	0.0
3ced81f6-87ab-49f3-9c9c-0e2a7da86182	60623	3	59817	0	803	59820	4.948616861587186e-05	0.986704716031869	0.0	0.013245797799515036	5.0150451354062184e-05	0.0
a34342d8-c1b5-4043-aaad-23d2c63a5241	60623	0	14248	40758	5617	55006	0.0	0.23502631014631412	0.6723190868152351	0.09265460303845076	0.0	0.7409737119586954
9a47edc3-2e19-4dc3-ab50-2b549807d6c2	60623	775	14923	44120	805	59818	0.012783926892433566	0.24616069808488528	0.7277765864440888	0.013278788578592283	0.01295596643150891	0.7375706309137717
df310e3e-d633-4f03-af1c-861e453e22cc	60623	279	51213	4037	5094	55529	0.004602213681276083	0.8447783844415486	0.0665918875674249	0.08402751430975043	0.0050244016639953894	0.07270075095895838
707ad85a-c958-458e-b164-048254dddd0f	60623	2670	52868	4282	803	59820	0.04404269006812596	0.8720782541279712	0.07063325800438777	0.013245797799515036	0.044633901705115345	0.07158141089936476
2300f1fc-07fa-443c-bae8-f1b6fd3705bf	60623	1680	23494	30015	5434	55189	0.027712254424888245	0.38754268182043117	0.495109117001798	0.08963594675288257	0.030440848719853593	0.5438583775752415
9e071449-9392-4384-b38f-26722d2d5c51	60623	0	5423	49838	5362	55261	0.0	0.08945449746795771	0.8220972238259406	0.08844827870610164	0.0	0.9018656918984456
9d851bd7-7241-494f-85ff-7a7c6faba09b	60623	0	5728	54088	807	59816	0.0	0.09448559127723802	0.8922026293650924	0.013311779357669532	0.0	0.9042396683161695
095b4b7f-be2f-4a76-85d7-f7cc8a6d572a	60623	14814	38485	2159	5165	55458	0.24436270062517526	0.6348250663939429	0.035613546013889115	0.08519868696699273	0.26712106458941903	0.03893036171517184
2575e283-a731-45c4-ac86-e6f927c204e7	60623	931	4448	50219	5025	55598	0.015357207660458902	0.07337149266779935	0.8283819672401563	0.08288933243158537	0.016745206662110147	0.9032519155365301
015e4320-b884-45ea-be8a-8e6751a445cf	60623	1102	7029	51689	803	59820	0.0181779192715636	0.11594609306698778	0.8526301898619336	0.013245797799515036	0.018421932464058842	0.8640755600133735
ea9e7e8c-4151-4cfc-8631-5880c6f1a21f	60623	91	55533	6	4993	55630	0.00150108044801478	0.9160384672484041	9.897233723174372e-05	0.0823614799663494	0.0016358080172568757	0.00010785547366528851
38bb4c4a-4414-411e-b94b-6a1044286106	60623	100	57293	2427	803	59820	0.0016495389538623954	0.9450703528363822	0.04003431041024034	0.013245797799515036	0.001671681711802073	0.04057171514543631
633afc4c-4a35-420e-9ce6-ff4670e28395	60623	0	7864	47197	5562	55061	0.0	0.12971974333173877	0.7785329000544348	0.09174735661382644	0.0	0.8571765859682897
0225a318-9bb2-4340-a34a-99fcbc563e0a	60623	0	20016	35329	5278	55345	0.0	0.33017171700509707	0.5827656170100457	0.08706266598485723	0.0	0.6383413135784624
346253c0-8e8b-459b-a6d5-03da9586578f	60623	2472	43593	10874	3684	56939	0.040776602939478414	0.7190835161572341	0.17937086584299688	0.06076901506029065	0.04341488259365286	0.19097630797871407
66c10757-2011-40ae-8b77-2647785fd463	60623	2327	41097	12266	4933	55690	0.03838477145637794	0.6779110238688286	0.20233244808076142	0.08137175659403197	0.04178488058897468	0.2202549829412821
7d09112d-53f5-4b72-993a-337c55a0c902	60623	11	10636	44649	5327	55296	0.0001814492849248635	0.1754449631328044	0.7365026475100209	0.08787094007224981	0.00019892939814814814	0.8074544270833334
41192387-8da9-4bd2-be0f-f74157e7bab9	60623	4473	48018	3096	5036	55587	0.07378387740626495	0.792075614865645	0.05106972601157976	0.08307078171651024	0.08046845485455233	0.0556964757947002
65eb6269-3250-49d1-89e3-bbee5519bd45	60623	11455	38389	5645	5134	55489	0.1889546871649374	0.633241508998235	0.09311647394553223	0.08468732989129538	0.20643731189965578	0.10173187478599362
32fc9332-a9fd-47f6-9dee-6413e58e8cce	60623	2994	44529	8111	4989	55634	0.04938719627864012	0.734523200765386	0.1337941045477789	0.0822954984081949	0.053816011791350614	0.14579214149620737
09ddb59b-46b1-42d3-bb06-62e67a213394	60623	16	53273	2404	4930	55693	0.0002639262326179833	0.8787588868911139	0.039654916450851986	0.0813222704254161	0.0002872892464043955	0.043165209272260426
0c4daf52-cc9f-4099-8825-33c484ced5b1	60623	8444	43065	3621	5493	55130	0.13928706926414067	0.7103739504808406	0.05972980551935734	0.09060917473566138	0.15316524578269544	0.06568111735896971
e2843875-a4de-4d90-bda2-0fbbc929757f	60623	7179	36803	11326	5315	55308	0.11842040149778137	0.6070798211899774	0.1868267819144549	0.08767299539778632	0.12980039054024733	0.2047805019165401
52bf3a80-1cc2-4d58-b5c5-d83c98958d62	60623	7805	40266	11749	803	59820	0.12874651534895998	0.6642033551622322	0.19380433168929284	0.013245797799515036	0.1304747576061518	0.19640588431962555
56dd63cb-cf0a-48c3-bccc-c5094f8d8ac0	60623	4	55677	6	4936	55687	6.598155815449583e-05	0.9184138033419659	9.897233723174372e-05	0.08142124276264784	7.183005010145995e-05	0.00010774507515218992
e312aa23-66f6-48b0-90ab-d5e9672dc654	60623	11	35334	20169	5109	55514	0.0001814492849248635	0.5828480939577388	0.33269551160450656	0.08427494515282978	0.0001981482148647188	0.36331375869150123
6de3c673-7672-4fdf-bd2f-a038d06db27d	60623	10	0	59810	803	59820	0.00016495389538623954	0.0	0.9865892483050988	0.013245797799515036	0.00016716817118020728	0.9998328318288198
a5945f6b-31da-4742-811e-e85f2e2e8ffc	60623	17	6192	49208	5206	55417	0.0002804216221566072	0.10213945202315952	0.8117051284166076	0.0858749979380763	0.00030676507208979195	0.8879585686702637
53e0b95b-06bf-4515-8160-c41a164e156e	60623	545	6660	53019	399	60224	0.008989987298550056	0.10985929432723554	0.8745690579483034	0.006581660425910958	0.009049548352816152	0.8803633103081828
c71c031c-3089-44e5-a49f-5284d7d300ce	60623	4	55689	0	4930	55693	6.598155815449583e-05	0.9186117480164294	0.0	0.0813222704254161	7.182231160109888e-05	0.0
3ea9a3fd-16a0-4ed0-a9c8-45cb3972fe2b	60623	2381	57439	0	803	59820	0.039275522491463634	0.9474786797090213	0.0	0.013245797799515036	0.03980274155800736	0.0
87ffeaea-93d7-4c88-85b9-b1b29b7f8e1d	60623	1	52822	2990	4810	55813	1.6495389538623956e-05	0.8713194662091945	0.049321214720485625	0.07934282368078122	1.791697274828445e-05	0.0535717485173705
9f9961f0-4ee2-4471-ae4a-a0122d630a28	60623	0	55703	0	4920	55703	0.0	0.9188426834699701	0.0	0.08115731653002986	0.0	0.0
afc23299-5975-4ed8-b9f1-7b8fef14384b	60623	334	52499	2830	4960	55663	0.005509460105900401	0.865991455388219	0.04668195239430579	0.08181713211157482	0.006000395235614322	0.05084167220595368
9a956a8b-ef06-4494-b94c-44e61ba077c7	60623	360	54109	5350	804	59819	0.005938340233904623	0.8925490325454035	0.08825033403163816	0.01326229318905366	0.0060181547668800885	0.08943646667446797
9fa268c0-9e08-436b-a18b-fa9db1794296	60623	7307	43387	8165	1764	58859	0.12053181135872523	0.7156854659122776	0.13468485558286458	0.029097867146132658	0.124144141082927	0.13872135102533173
2c2efcd3-bf49-4619-80e1-bfb614ab6b23	60623	115	6716	52982	810	59813	0.0018969697969417549	0.11078303614139848	0.8739587285353744	0.013361265526285403	0.0019226589537391537	0.8857940581478942
a0d03ed1-358a-45ce-a26a-f16d6ffa6050	60623	5	55538	2	5078	55545	8.247694769311977e-05	0.9161209441960972	3.299077907724791e-05	0.08376358807713244	9.001710324961742e-05	3.6006841299846974e-05
46f8f339-748f-4fcd-aeee-6ead28bc5010	60623	3257	50460	1923	4983	55640	0.05372548372729822	0.8323573561189648	0.03172063408277386	0.08219652607096317	0.05853702372393961	0.03456146657081237
1445879a-a80c-4766-9caf-8df09dce40b7	60623	5770	52030	2020	803	59820	0.09517839763786022	0.8582551176946044	0.03332068686802039	0.013245797799515036	0.09645603477097961	0.03376797057840187
cb16e564-e613-4f02-9f74-e807a51dd512	60623	17	12319	43116	5171	55452	0.0002804216221566072	0.2032067037263085	0.7112152153473105	0.08529765930422446	0.0003065714491812739	0.7775373295823415
20eccd8a-dfaf-40e4-8128-d77aa41680c4	60623	12629	44574	3060	360	60263	0.20832027448328191	0.7352654932946242	0.0504758919881893	0.005938340233904623	0.20956474121766258	0.050777425617709045
a3d5af60-a1f3-4345-ace3-c000367aecc0	60623	0	6246	48755	5622	55001	0.0	0.10303020305824521	0.8042327169556109	0.09273707998614387	0.0	0.8864384283922111
89a03f3b-fc01-4f04-bea2-8f8dbea7f332	60623	1	5424	54395	803	59820	1.6495389538623956e-05	0.08947099285749632	0.89726671395345	0.013245797799515036	1.6716817118020728e-05	0.9093112671347375
2913b2f9-5f05-4e40-a1e7-7d5f1e17d6ab	60623	504	12632	42005	5482	55141	0.008313676327466473	0.2083697606518978	0.6928888375698992	0.09042772545073652	0.00914020420376852	0.7617743602763823
1fefa759-2ee8-44df-ad4a-8d45ab683b46	60623	567	15435	43813	808	59815	0.009352885868399783	0.25460633752866074	0.7227125018557313	0.013328274747208156	0.009479227618490346	0.7324751316559391
6f0e65b2-7ca0-4f10-8952-b64900009001	60623	5896	45192	4590	4945	55678	0.09725681671972683	0.7454596440294937	0.07571383798228395	0.08156970126849546	0.10589460828334352	0.08243830597363411
54f3dce1-f69b-44bd-bafb-17a6c937452e	60623	6304	48780	4733	806	59817	0.10398693565148541	0.8046451016940765	0.07807267868630717	0.013295283968130907	0.10538810037280372	0.07912466355718274
de3d658f-5dd9-4f16-9282-e02162ee486c	60623	787	16681	37821	5334	55289	0.012981871566897053	0.27515959289378616	0.6238721277402965	0.08798640779902017	0.014234296152941814	0.6840601204579573
b35e1d2b-18d3-46d1-8bf8-03da3681cce7	60623	847	29993	28979	804	59819	0.01397159493921449	0.49474621843194827	0.47801989343978357	0.01326229318905366	0.014159380798742875	0.4844447416372724
e56324ef-8fbe-4a0c-9515-4b2608e2cf02	60623	1190	42887	10907	5639	54984	0.019629513550962506	0.7074377711429656	0.17991521369777147	0.09301750160830048	0.02164265968281682	0.19836679761385131
24594865-3053-40d0-a8b8-ddda3a6ad6e2	60623	3609	44809	11401	804	59819	0.059531860844893855	0.7391419098362008	0.1880639361298517	0.01326229318905366	0.060332001537972885	0.19059161804777747
844a005f-471c-45d5-86de-956951d6b7d1	60623	3923	36505	15043	5152	55471	0.06471141316002177	0.6021641951074674	0.24814014482952015	0.08498424690299061	0.07072163833354365	0.2711867462277586
b58fb743-7eab-4021-95fb-1981fa522ccf	60623	6066	47831	1829	4897	55726	0.10006103294129291	0.7889909770219223	0.030170067466143213	0.08077792257064151	0.10885403581811004	0.032821304238595986
a3258baf-5d14-4fdb-9a6d-023b838b5e95	60623	7204	46081	6535	803	59820	0.11883278623624696	0.7601240453293304	0.10779737063490755	0.013245797799515036	0.12042795051822133	0.10924439986626547
96ca99ae-ae8d-4325-a9b6-4c32d6cbe52c	60623	9868	40509	4931	5315	55308	0.1627765039671412	0.6682117348201178	0.08133876581495472	0.08767299539778632	0.17841903522094452	0.08915527590945252
8f70aae8-ea19-4dd6-a25d-5fc40899f20e	60623	41	12365	47412	805	59818	0.0006763109710835821	0.2039654916450852	0.782079408805239	0.013278788578592283	0.000685412417666923	0.7926042328396135
04aede4a-8d61-4501-bdca-10ea9bc343f9	60623	0	14595	40824	5204	55419	0.0	0.24075021031621663	0.6734077825247843	0.08584200715899906	0.0	0.7366426676771505
a4ce3727-4506-493b-95f4-2f11ceb09ceb	60623	0	51829	3655	5139	55484	0.0	0.854939544397341	0.06029064876367055	0.0847698068389885	0.0	0.06587484680268185
9c0c79f7-1500-452c-904c-35cc9d3c4634	60623	2379	53275	4165	804	59819	0.03924253171238639	0.8787918776701912	0.06870329742836877	0.01326229318905366	0.03976997275113258	0.06962670723348768
4f4d9529-09e0-4a0d-8a9f-0060b643444d	60623	3127	45182	6757	5557	55066	0.05158108308727711	0.7452946901341075	0.11145934711248207	0.09166487966613332	0.05678640177241855	0.12270729669850725
4c9c5b0d-3f73-4b84-9960-5787c80a1cfe	60623	3432	49442	6946	803	59820	0.05661217689655741	0.8155650495686456	0.11457697573528199	0.013245797799515036	0.05737211634904714	0.11611501170177198
5ee6076c-f966-4b12-96fb-3a9b198122d9	60623	151	3857	51700	4915	55708	0.0024908038203322173	0.0636227174504726	0.8528116391468584	0.08107483958233673	0.002710562217275795	0.9280534214116465
98ad41d5-fd77-4f30-94b5-03bf7b9c69b9	60623	15	34362	20600	5646	54977	0.00024743084307935934	0.5668145753261963	0.3398050244956535	0.09313296933507084	0.00027284137002746604	0.37470214817105335
08003f93-05c8-40ed-95dc-16abf83b1e43	60623	47	8354	47066	5156	55467	0.0007752833083153258	0.13780248420566452	0.776372004024875	0.08505022846114511	0.0008473506769791047	0.848540573674437
180853ab-cdf4-431a-a88f-9bdf0602a3a9	60623	5	715	59100	803	59820	8.247694769311977e-05	0.011794203520116127	0.9748775217326757	0.013245797799515036	8.358408559010364e-05	0.9879638916750251
9f5ad422-c94d-4914-b6f0-071596ecb589	60623	44	23	56618	3938	56685	0.000725797139699454	0.00037939395938835094	0.933935964897811	0.06495884400310113	0.0007762194584105143	0.9988180294610567
58c00ffa-0fed-45a2-b928-47524df3e6d2	60623	0	11	59809	803	59820	0.0	0.0001814492849248635	0.9865727529155601	0.013245797799515036	0.0	0.9998161150117018
73b6994e-c9bf-41a8-a455-17d7be309a9f	60623	7713	49674	2433	803	59820	0.12722893951140657	0.8193919799416063	0.040133282747472084	0.013245797799515036	0.12893681043129387	0.04067201604814443
955a8753-b2cc-4378-bbc0-4100f76e3609	60623	523	59610	142	348	60275	0.008627088728700329	0.983290170397374	0.0023423453144846016	0.005740395559441136	0.008676897552882621	0.0023558689340522606
582f2b5d-ed8e-4f78-b116-76ec00bee2d4	60623	11	7899	47533	5180	55443	0.0001814492849248635	0.13029708196559062	0.7840753509394124	0.08544611781007208	0.00019840196237577332	0.8573309525097849
8983e29e-9354-4ce3-8f59-702032f1c25c	60623	10266	41244	3623	5490	55133	0.16934166900351352	0.6803358461310064	0.05976279629843459	0.09055968856704551	0.1862042696751492	0.06571381930966934
1dbbea97-20ac-4a60-a46b-3861e99c4f74	60623	9558	33619	17095	351	60272	0.15766293321016775	0.5545585008989987	0.2819886841627765	0.005789881728057008	0.15858109901778603	0.2836308733740377
4410c7ed-286b-4452-bf3e-782673177b97	60623	7587	41164	6823	5049	55574	0.12515052042953995	0.6790162149679164	0.11254804282203124	0.08328522178051234	0.1365206751358549	0.12277323928455752
5d1d7c40-f636-46c6-9540-4df11a466b15	60623	539	53065	1948	5071	55552	0.008891014961318312	0.8753278458670801	0.032133018821239465	0.08364812035036208	0.009702620967741936	0.03506624423963134
8bbfb052-46f4-46e6-8c34-e0b9923c3426	60623	257	54413	1029	4924	55699	0.004239315111426356	0.8975636309651452	0.016973755835244048	0.08122329808818435	0.004614086428840734	0.01847429935905492
7ff8b9ce-57b0-4e8d-8607-aef212854f56	60623	562	59601	109	351	60272	0.009270408920706663	0.9831417118915263	0.0017979974597100111	0.005789881728057008	0.009324396071144147	0.0018084682771436157
4582b393-8635-4b82-871b-1fa117abfece	60623	694	54943	2	4984	55639	0.011447800339805024	0.906306187420616	3.299077907724791e-05	0.08221302146050179	0.012473265155736084	3.59460090943403e-05
f4337307-e3c2-46f5-aa59-e77e6e64d734	60623	2000	58119	155	349	60274	0.03299077907724791	0.9586955445952856	0.002556785378486713	0.00575689094897976	0.03318180309918041	0.0025715897401864815
72930683-b2dc-4cd8-8a0b-0cf57c77b1a9	60623	13	55609	38	4963	55660	0.0002144400640021114	0.9172921168533394	0.0006268248024677102	0.08186661828019069	0.00023356090549766438	0.0006827164929931729
6da8a7a4-494e-49ef-b190-50a0a417268c	60623	2405	57392	23	803	59820	0.03967141184039061	0.946703396400706	0.00037939395938835094	0.013245797799515036	0.04020394516883985	0.00038448679371447676
fb550b01-76b0-4465-bcf5-b72a7e9a378c	60623	1946	37390	16244	5043	55580	0.032100028042162214	0.6167626148491496	0.26795110766540753	0.0831862494432806	0.03501259445843829	0.29226340410219503
1ab35d0a-425d-4fce-8a5e-258755b8c79f	60623	1985	38595	19240	803	59820	0.03274334823416855	0.6366395592431915	0.31737129472312486	0.013245797799515036	0.03318288197927115	0.3216315613507188
037ba047-2228-43de-8df8-32920a689eca	60623	3184	56630	6	803	59820	0.05252132029097867	0.9341339095722746	9.897233723174372e-05	0.013245797799515036	0.053226345703778	0.00010030090270812437
1eb2a255-6edd-4adb-b52d-99dcec590c5d	60623	993	14501	39840	5289	55334	0.016379921811853587	0.23919964369958596	0.6571763192187784	0.0872441152697821	0.017945566920880472	0.719991325405718
cac671b1-b9d0-484b-9add-fd935d4efc93	60623	15969	36306	6626	1722	58901	0.26341487554228593	0.5988816125892813	0.10929845108292233	0.02840506078551045	0.2711159403066162	0.11249384560533777
3313c18b-7e65-4b3f-ae6e-e1d4be6642cb	60623	16104	37191	6525	803	59820	0.26564175313000016	0.6134800323309635	0.1076324167395213	0.013245797799515036	0.26920762286860583	0.10907723169508525
88b3045c-bb2e-4ad6-adbb-b52fabb7b917	60623	1449	47210	7023	4941	55682	0.02390181944146611	0.7787473401184369	0.11584712072975603	0.08150371971034095	0.026022772170539853	0.12612693509572215
7a623c0e-85fd-49fc-a830-ce507426f529	60623	2009	49356	8861	397	60226	0.033139237583095525	0.8141464460683239	0.14616564670174687	0.00654866964683371	0.03335768604921462	0.14712914688008502
5b5d5baf-0350-4053-9c24-a9ad0f3d06cc	60623	0	3471	52035	5117	55506	0.0	0.05725549708856375	0.8583375946422975	0.08440690826913877	0.0	0.9374662198681224
18c55689-4c2e-4592-867a-d7e0ba752ed7	60623	0	55652	3	4968	55655	0.0	0.9180014186035004	4.948616861587186e-05	0.08194909522788381	0.0	5.390351271224508e-05
5747e3d1-3c16-4c85-be2e-bfab9584d61b	60623	205	8976	46363	5079	55544	0.0033815548554179107	0.14806261649868863	0.7647757451792224	0.08378008346667107	0.0036907676796773727	0.8347076191847904
4f7fdba0-515a-4762-9972-7c70187518e1	60623	216	8005	51593	809	59814	0.003563004140342774	0.13204559325668475	0.8510466324662257	0.01334477013674678	0.0036111947035811012	0.8625572608419434
81505915-6c01-4299-ae89-964dc20d93cb	60623	3401	13226	43632	364	60259	0.05610081982086007	0.21816802203784041	0.7197268363492404	0.00600432179205912	0.0564397019532352	0.724074412121011
a67c65a3-f80d-4532-9a32-20b2fecadb93	60623	0	53300	2404	4919	55704	0.0	0.8792042624086568	0.039654916450851986	0.08114082114049123	0.0	0.043156685336780125
556e96c2-d682-4951-a9d5-944edf64e8d4	60623	0	0	59816	807	59816	0.0	0.0	0.9866882206423304	0.013311779357669532	0.0	1.0
801b8d05-2d29-4f8c-8d8d-634b2e21b867	60623	22	6800	48498	5303	55320	0.000362898569849727	0.1121686488626429	0.7999934018441845	0.08747505072332283	0.0003976861894432393	0.8766811279826464
62c770d8-da34-438e-9a89-59c48ee76805	60623	0	7264	52555	804	59819	0.0	0.1198225096085644	0.866915197202382	0.01326229318905366	0.0	0.8785670104816196
baa29aee-e36f-417a-9f72-b70d9c8d47ed	60623	11566	37716	5930	5411	55212	0.19078567540372465	0.6221401118387411	0.09781765996404006	0.08925655279349422	0.20948344562776208	0.107404187495472
756c13de-47a8-400b-ae05-6685780e709a	60623	14708	39011	6101	803	59820	0.24261418933408113	0.6435016412912591	0.10063837157514474	0.013245797799515036	0.24587094617184888	0.10198930123704447
5321bcc9-a2a0-4671-875a-b1153ff47e13	60623	0	4988	50375	5260	55363	0.0	0.08227900301865629	0.8309552480081818	0.086765748973162	0.0	0.9099037263154092
d3daa95a-19b5-4822-bcbe-35ceec12fdf1	60623	2	10414	44994	5213	55410	3.299077907724791e-05	0.17178298665522987	0.7421935569008462	0.08599046566484668	3.609456776755098e-05	0.8120194910665944
9b97d882-564d-4683-aae3-4aa286113ec5	60623	2	13694	46124	803	59820	3.299077907724791e-05	0.22588786434191643	0.7608333470794912	0.013245797799515036	3.3433634236041456e-05	0.7710464727515881
5bd478fc-a97d-413f-a4f8-7d24c305334f	60623	61	53201	2404	4957	55666	0.0010062187618560612	0.877571218844333	0.039654916450851986	0.08176764594295895	0.0010958215068443934	0.043186145941867565
b907ab67-7a44-42a0-a79a-beb625303104	60623	12	4102	51097	5412	55211	0.00019794467446348745	0.06766408788743546	0.8428649192550682	0.08927304818303285	0.0002173479922479216	0.9254858633243376
944670b3-63dd-470c-9394-89083d4ee183	60623	14	464	59342	803	59820	0.00023093545354073536	0.007653860745921515	0.9788694060010227	0.013245797799515036	0.0002340354396522902	0.9920093614175861
8aca008c-f55a-420a-82c7-acd2cca77d85	60623	2896	27846	29432	449	60174	0.04777064810385497	0.45933061709252265	0.4854923049007802	0.007406429902842156	0.048127098082228204	0.4891149001229767
d67fc406-7974-433e-896d-57197eced52b	60623	0	55656	31	4936	55687	0.0	0.9180674001616548	0.0005113570756973426	0.08142124276264784	0.0	0.0005566828882863146
17cce7e3-9bc7-478d-8cac-9254a1360ddb	60623	18905	32541	3751	5426	55197	0.31184533922768587	0.536776470976362	0.061874206159378456	0.08950398363657358	0.34250049821548273	0.06795659184375963
a81e2e72-e4ef-4a72-8338-3e234fe412ff	60623	202	1260	53849	5312	55311	0.003332068686802039	0.020784190818666184	0.8882602312653614	0.08762350922917045	0.0036520764404910414	0.9735676447722876
771ca1b6-e5ca-4d90-b377-f73bc7f258eb	60623	201	1306	58308	808	59815	0.003315573297263415	0.021542978737442885	0.9618131732180856	0.013328274747208156	0.0033603611134330855	0.9748056507564992
b7ac160a-52a7-400f-9ff8-86eeec078b15	60623	0	5875	49071	5677	54946	0.0	0.09691041353941574	0.8094452600498161	0.0936443264107682	0.0	0.8930768390783679
26622018-cb0b-4d16-a9a0-07c369a50bde	60623	5	8390	51425	803	59820	8.247694769311977e-05	0.138396318229055	0.8482754070237368	0.013245797799515036	8.358408559010364e-05	0.859662320294216
9cfcf069-f971-476c-9084-4d62a75cb3a7	60623	682	48180	6685	5076	55547	0.011249855665341537	0.7947478679709021	0.11027167906570114	0.0837305972980552	0.012277890795182458	0.12034853367418583
153ff477-e775-4f9e-b045-d8bbb80f6ef1	60623	1570	49909	8340	804	59819	0.025897761575639607	0.823268396483183	0.13757154875212377	0.01326229318905366	0.02624584162222705	0.13942058543272204
0ad869d1-24d5-412b-8058-154b97a65853	60623	13	3501	51876	5233	55390	0.0002144400640021114	0.05775035877472247	0.8557148277056563	0.08632037345561916	0.00023469940422458926	0.936558945658061
390070d8-ef9b-46fe-93ee-9cf01a642a92	60623	0	0	59820	803	59820	0.0	0.0	0.9867542022004849	0.013245797799515036	0.0	1.0
4d16e41a-b100-4080-a759-1f62e54c1c91	60623	410	55276	4	4933	55690	0.006763109710835821	0.9117991521369777	6.598155815449583e-05	0.08137175659403197	0.007362183515891543	7.182618064284431e-05
489a0ee9-b8be-49ac-8cd0-f174a00b0990	60623	2795	57023	2	803	59820	0.04610461376045395	0.9406165976609537	3.299077907724791e-05	0.013245797799515036	0.04672350384486794	3.3433634236041456e-05
139cd85f-9a93-421f-8782-78ac917b97e6	60623	274	20923	34306	5120	55503	0.004519736733582963	0.345133035316629	0.5658908335120334	0.08445639443775464	0.00493667008990505	0.6180927157090608
e00ba2f0-aa08-4fe7-8868-59affd52eec5	60623	8773	43654	2816	5380	55243	0.14471405242234794	0.7200897349190901	0.046451016940765054	0.08874519571779688	0.158807450717738	0.05097478413554658
720f75c0-371d-4aa5-bbc9-ffe98730971c	60623	9306	47459	3050	808	59815	0.15350609504643453	0.7828546921135543	0.05031093809280306	0.013328274747208156	0.15557970408760344	0.0509905542088105
33754280-57c0-45b7-8f33-984ceb7ddffb	60623	861	6879	48991	3892	56731	0.014202530392755226	0.11347178463619419	0.8081256288867261	0.06420005608432443	0.015176887416051188	0.8635666566780067
12f6d91b-016c-478a-99b9-904274685938	60623	819	9417	49582	805	59818	0.01350972403213302	0.15533708328522178	0.8178744041040529	0.013278788578592283	0.013691530977297804	0.8288809388478384
16619d78-3748-466d-a194-ea21fd8fb54c	60623	344	50120	5230	4929	55694	0.00567441400128664	0.8267489236758326	0.08627088728700329	0.08130577503587748	0.0061766078931303195	0.0939059862821848
4c8c93dd-b680-4b2e-8801-f667b7ab515b	60623	826	19514	35214	5069	55554	0.013625191758903386	0.32189103145670783	0.5808686472131039	0.08361512957128482	0.014868416315656838	0.6338697483529538
f675116a-bfec-47ae-ac24-9b61dd3cc6c1	60623	897	56147	10	3569	57054	0.014796364416145687	0.9261666364251192	0.00016495389538623954	0.058872045263348896	0.015721947628562414	0.00017527254881340485
615a3bd2-2411-4c69-8187-77ecadaff971	60623	745	59073	2	803	59820	0.012289065206274846	0.9744321462151329	3.299077907724791e-05	0.013245797799515036	0.012454028752925443	3.3433634236041456e-05
fe13b56a-9379-4a6f-ba76-3ea8aa5721ce	60623	0	19531	35638	5454	55169	0.0	0.32217145307886447	0.5878626923774805	0.08996585454365505	0.0	0.6459787199332959
69a0cf27-9363-49fd-b74e-331d895c97f6	60623	24478	24873	10469	803	59820	0.40377414512643717	0.4102898239941936	0.17269023307985418	0.013245797799515036	0.4091942494149114	0.17500835840855902
8ca89bdb-5e75-4432-a825-bef048fb48c2	60623	5966	42889	6082	5686	54937	0.09841149398743052	0.7074707619220428	0.10032495917391089	0.0937927849166158	0.10859712033784152	0.11070862988514116
2aa51bf3-6a98-442c-a743-5abcafa3005c	60623	18928	34527	6361	807	59816	0.3122247331870742	0.5695363146000693	0.10492717285518698	0.013311779357669532	0.3164370736926575	0.1063427845392537
89fc5db9-edff-480f-8fc4-addd28c6d615	60623	4	5573	49759	5287	55336	6.598155815449583e-05	0.0919288058987513	0.8207940880523894	0.08721112449070485	7.228567297961544e-05	0.8992157004481711
288c3d74-c236-4985-a01c-e39ccca065da	60623	4273	38443	12839	5068	55555	0.07048479949854015	0.6341322600333207	0.21178430628639294	0.0835986341817462	0.07691476914769148	0.23110431104311044
e9ac4856-032e-401f-b3e6-54e7f796faa4	60623	15	8321	48640	3647	56976	0.00024743084307935934	0.13725813635088993	0.8023357471586692	0.060158685647361564	0.0002632687447346251	0.8536927829261444
b2c1658b-a03b-415c-b460-d316a7ef0a9b	60623	894	8538	47673	3518	57105	0.014746878247529816	0.14083763588077133	0.7863847054748198	0.058030780396879075	0.01565537168374048	0.8348305752561072
d698395b-af0d-4d4d-b615-6b9f8c9375ac	60623	17	8216	50169	2221	58402	0.0002804216221566072	0.1355261204493344	0.8275571977632252	0.036636260165283804	0.00029108592171500977	0.8590288003835486
2ec2a1ce-591e-4e42-8f1a-7dea0b737cf2	60623	784	25325	29441	5073	55550	0.01293238539828118	0.4177457400656516	0.4856407634066279	0.08368111112943932	0.014113411341134113	0.52999099909991
b481fc53-5b7e-4e28-bb4d-71a25efa6dad	60623	464	55229	0	4930	55693	0.007653860745921515	0.9110238688286624	0.0	0.0813222704254161	0.00833138814572747	0.0
22f0ccad-11a2-4a4f-81f1-8c1c324ee86a	60623	55	12213	43127	5228	55395	0.0009072464246243175	0.20145819243521434	0.7113966646322353	0.08623789650792603	0.0009928693925444535	0.7785359689502662
13a288a5-1030-4b81-adf2-b6e0e5d02797	60623	99	1190	58523	811	59812	0.0016330435643237716	0.019629513550962506	0.9653596819688897	0.013377760915824027	0.0016551862502507857	0.9784491406406741
a111b68c-b45c-4cfc-9733-9dd140e81419	60623	793	9832	44700	5298	55325	0.013080843904128796	0.16218266994375072	0.7373439123764908	0.08739257377562971	0.014333483958427474	0.807953004970628
3c7df581-242c-4883-941a-b08eafac3784	60623	818	12777	46221	807	59816	0.013493228642594396	0.21076159213499826	0.7624333998647378	0.013311779357669532	0.013675270830547011	0.7727196736659088
5241539d-65ac-434d-8eaa-ae57f702c8ce	60623	27	55667	2	4927	55696	0.00044537551754284676	0.9182488494465797	3.299077907724791e-05	0.08127278425680022	0.0004847744900890549	3.590922148807814e-05
1a4d9d59-b0dc-4045-a832-9089d3bc1d52	60623	689	49439	5302	5193	55430	0.011365323392111906	0.8155155634000297	0.0874585553337842	0.0856605578740742	0.01243009200793794	0.09565217391304348
e0766706-baf6-4009-833e-6c3b0b9543ce	60623	229	51234	4350	4810	55813	0.0037774442043448857	0.8451247876218597	0.0717549444930142	0.07934282368078122	0.004102986759357139	0.07793883145503736
032df343-a05e-48bc-8044-dcfc28870af2	60623	1	228	59591	803	59820	1.6495389538623956e-05	0.0037609488148062616	0.98297675799614	0.013245797799515036	1.6716817118020728e-05	0.9961718488799732
f409f2bd-ffb1-4c13-a913-5cf348542135	60623	848	9146	45488	5141	55482	0.013988090328753113	0.1508668327202547	0.7503422793329264	0.08480279761806575	0.015284236328899463	0.8198695072275693
bfdf24b7-f635-414f-8ba4-5eb58c8c4577	60623	818	54813	1	4991	55632	0.013493228642594396	0.9041617867805948	1.6495389538623956e-05	0.08232848918727216	0.014703767615760713	1.79752660339373e-05
afe98275-08b6-412e-9b0a-dc73775ab82d	60623	3242	56578	0	803	59820	0.05347805288421886	0.9332761493162661	0.0	0.013245797799515036	0.054195921096623204	0.0
9932102f-50cd-42e7-be37-038df150b9db	60623	677	12138	42484	5324	55299	0.011167378717648417	0.20022103821981757	0.7007901291589	0.08782145390363394	0.012242536031392973	0.7682598238666161
170c1926-67d9-4237-b365-fe611ed1ee7f	60623	0	5018	50471	5134	55489	0.0	0.082773864704815	0.8325388054038896	0.08468732989129538	0.0	0.9095676620591469
c35cb7b2-7a85-4320-89ac-3a395ef8c1be	60623	8	2267	52937	5411	55212	0.00013196311630899165	0.0373950480840605	0.8732164360061363	0.08925655279349422	0.0001448960370933855	0.9587951894515685
0d65e88c-0275-4a7d-a116-470897a07f13	60623	12	2692	57115	804	59819	0.00019794467446348745	0.04440558863797569	0.9421341734985071	0.01326229318905366	0.00020060515889600293	0.9547969708621007
9b637a29-ee08-4ab2-8160-7584c170f87b	60623	151	10041	46586	3845	56778	0.0024908038203322173	0.16563020635732312	0.7684542170463355	0.06342477277600911	0.0026594807848110183	0.8204938532530205
ae203a80-3207-41ee-91b1-489c75b66ab6	60623	550	57283	2438	352	60271	0.009072464246243176	0.944905398940996	0.0402157596951652	0.005806377117595632	0.009125450050604769	0.04045063131522623
9f1e23db-fbf0-42ba-adf3-8a04c6e472e4	60623	992	16283	37744	5604	55019	0.016363426422314965	0.26859442785741383	0.6226019827458226	0.09244016297444864	0.018030135044257437	0.6860175575710209
2151dc9e-f76a-4cff-8a20-b7c107d59c27	60623	580	39554	15148	5341	55282	0.009567325932401893	0.6524586378107319	0.24987216073107565	0.08810187552579055	0.010491660938460982	0.27401324119966713
6171db74-fe5a-4495-8b6a-724be0cba79e	60623	6692	42647	6276	5008	55615	0.11038714679247151	0.7034788776536958	0.10352506474440394	0.08260891080942877	0.12032724984266835	0.11284725343882046
37dafbf4-edb7-4c00-9007-36cb0f9299f1	60623	59	42643	12547	5374	55249	0.0009732279827788133	0.7034128960955413	0.20696765254111477	0.08864622338056513	0.0010678926315408424	0.2270991330159822
262cd9c4-e64f-422d-be9a-c55a0a9c014a	60623	2446	44222	13151	804	59819	0.040347722811474196	0.7294591161770285	0.21693086782244364	0.01326229318905366	0.040890018221635266	0.21984653705344456
7b8ece19-62ea-47d9-8541-06e232b4fc51	60623	0	53300	2404	4919	55704	0.0	0.8792042624086568	0.039654916450851986	0.08114082114049123	0.0	0.043156685336780125
41f27e79-4eb2-4137-9e2b-5a57e7f75c83	60623	0	59820	0	803	59820	0.0	0.9867542022004849	0.0	0.013245797799515036	0.0	0.0
b0f0ea02-b1da-4613-a9b0-d18a07910010	60623	972	23178	31090	5383	55240	0.016033518631542485	0.382330138726226	0.5128416607558187	0.08879468188641275	0.017595944967414918	0.5628167994207096
edec4f1e-7e35-48d3-950f-9e94cec48c45	60623	3299	46619	5833	4872	55751	0.05441829008792043	0.7689985649011102	0.09621760717879353	0.08036553783217591	0.059173826478448814	0.10462592599235888
0dbed5cc-cb0c-40a9-9ecd-e9ca46a7175d	60623	3955	49851	6464	353	60270	0.06523926562525774	0.8223116638899428	0.10662619797766525	0.005822872507134256	0.06562137049941928	0.10725070516011283
353ef4f3-1c2e-4f6c-a6c9-2e4404c62efe	60623	6	52727	3059	4831	55792	9.897233723174372e-05	0.8697524042030252	0.050459396598650674	0.07968922686109232	0.00010754229997132205	0.05482864926871236
4425892c-8c35-4f6c-b531-1ec510ad19d2	60623	1562	10226	45078	3757	56866	0.025765798459330618	0.16868185342196856	0.7435791696220906	0.061973178496610194	0.02746808286146379	0.792705658917455
41933a62-1325-4089-80b5-06e3ebb238da	60623	300	43499	11474	5350	55273	0.0049486168615871864	0.7175329495406034	0.18926809956617124	0.08825033403163816	0.005427604798002641	0.2075877915076077
bfdf3d03-51aa-41eb-93bf-d39ff501a824	60623	17	55687	0	4919	55704	0.0002804216221566072	0.9185787572373522	0.0	0.08114082114049123	0.000305184546890708	0.0
7f99918e-810b-40eb-8e61-862bd879cbff	60623	18	59802	0	803	59820	0.00029691701169523116	0.9864572851887897	0.0	0.013245797799515036	0.00030090270812437313	0.0
fdff57a6-2ce6-4b58-9bbe-83c0da7f816c	60623	552	53476	1643	4952	55671	0.009105455025320423	0.8821074509674546	0.02710192501195916	0.08168516899526582	0.00991539580751199	0.029512672666199637
d129f934-fb9e-4fab-bb2d-c82af5b31c8f	60623	576	57485	1759	803	59820	0.009501344374247397	0.948237467627798	0.029015390198439538	0.013245797799515036	0.00962888665997994	0.02940488131059846
ff1f5513-8463-4b1e-b254-72d9e0863d35	60623	786	47403	7592	4842	55781	0.012965376177358429	0.7819309502993913	0.12523299737723306	0.07987067614601719	0.014090819454653018	0.13610369122102509
90467e98-c885-467a-8fab-d180e1b4e70a	60623	822	51213	7785	803	59820	0.01355921020074889	0.8447783844415486	0.12841660755818748	0.013245797799515036	0.013741223671013039	0.13014042126379138
0164c63c-d3fc-48ab-88d3-c0ab821c39c4	60623	14	43369	12064	5176	55447	0.00023093545354073536	0.7153885489005822	0.1990003793939594	0.0853801362519176	0.0002524933720489837	0.2175771457427814
197245f6-a310-4af4-9231-0afefc547ecd	60623	20	52521	3002	5080	55543	0.00032990779077247907	0.8663543539580687	0.049519159394949115	0.08379657885620968	0.00036008137839151647	0.054048214896566624
5b04ee05-9488-4141-9178-fb0a101492bd	60623	0	1204	54188	5231	55392	0.0	0.01986044900450324	0.8938521683189549	0.0862873826765419	0.0	0.978264009243212
f10f139d-1d7f-4923-8129-f103f5d3163b	60623	0	2167	53244	5212	55411	0.0	0.03574550913019811	0.8782805205944938	0.08597397027530805	0.0	0.9608922416126762
ca3662d9-88b8-4e80-8c54-9dc7df374de5	60623	2212	53187	4420	804	59819	0.036487801659436186	0.8773402833907923	0.07290962176071789	0.01326229318905366	0.03697821762316321	0.07388956686002775
615fdee9-637e-45c6-8909-36b9201a8eb7	60623	470	50012	6535	3606	57017	0.007752833083153258	0.8249674216056612	0.10779737063490755	0.05948237467627798	0.008243155550099093	0.11461493940403739
7628cf2b-c65a-422c-bb64-d0361de85f20	60623	5693	39377	10491	5062	55561	0.09390825264338618	0.6495389538623955	0.1730531316497039	0.08349966184451446	0.10246395853206386	0.18881949568942244
baac9aeb-b124-47bc-a454-4026847eb3e3	60623	2319	28031	24716	5557	55066	0.03825280834006895	0.4623822641571681	0.40770004783662966	0.09166487966613332	0.04211310064286493	0.44884320633421715
84c69900-313d-4306-afda-583ec5b16b6b	60623	2449	31734	25637	803	59820	0.04039720898009006	0.5234646916186926	0.4228923016017023	0.013245797799515036	0.040939485122032764	0.4285690404546974
9ef79e62-54d7-406b-9a15-893b2871929f	60623	1428	47046	6524	5625	54998	0.023555416261155007	0.7760420962341026	0.10761592134998268	0.09278656615475975	0.0259645805302011	0.11862249536346776
a1d1c0a9-8f09-4a3b-8e3a-b898bae89a77	60623	597	49359	5345	5322	55301	0.0098477475545585	0.8141959322369398	0.08816785708394503	0.08778846312455668	0.010795464819804344	0.09665286342019132
26b9a7d3-133c-4932-8cc0-7135497f3072	60623	679	53360	5772	812	59811	0.011200369496725666	0.8801939857809742	0.09521138841693746	0.01339425630536265	0.0113524268111217	0.09650398756081657
6605cdbc-a37f-4a41-a4b5-42708e5076a3	60623	140	55563	0	4920	55703	0.0023093545354073534	0.9165333289345627	0.0	0.08115731653002986	0.00251332962318008	0.0
dc23bafb-2cfb-4c1b-9e66-b9cab22ae855	60623	5	55699	0	4919	55704	8.247694769311977e-05	0.9187767019118156	0.0	0.08114082114049123	8.976016085020824e-05	0.0
3d8a2ec0-3d65-46e1-8b87-fa7e318d249e	60623	903	58911	6	803	59820	0.01489533675337743	0.9717598931098758	9.897233723174372e-05	0.013245797799515036	0.015095285857572718	0.00010030090270812437
dc1ffda5-5b8f-4227-be04-321643f73731	60623	1	4461	50971	5190	55433	1.6495389538623956e-05	0.07358593273180146	0.8407865001732016	0.08561107170545833	1.8039795789511664e-05	0.919506431187199
5c8c7a7d-1677-43b6-9526-52ef9b17d11a	60623	4636	48603	6576	808	59815	0.07647262590106066	0.80172541774574	0.10847368160599112	0.013328274747208156	0.07750564239739195	0.10993897851709437
0537bad8-0e85-4b05-91b3-fd965e96d0d7	60623	10342	42463	2686	5132	55491	0.17059531860844893	0.700443725978589	0.044306616300743944	0.08465433911221813	0.18637256492043755	0.04840424573354238
27bb0162-62e9-42b4-a6fc-e11361987cdf	60623	431	18945	36225	5022	55601	0.007109512891146925	0.3125051548092308	0.5975454860366528	0.0828398462629695	0.007751659142821173	0.6515170590457006
5703f0d8-db96-40ce-8009-51d2ec188abf	60623	784	11313	43341	5185	55438	0.01293238539828118	0.1866123418504528	0.7149266779935008	0.08552859475776521	0.014141924311843862	0.781792272448501
eb97d34e-7333-4e9d-b559-34dd6436c14c	60623	256	44896	11687	3784	56839	0.004222819721887733	0.740577008726061	0.19278161753789816	0.06241855401415304	0.00450394975281057	0.20561586234803567
5ce67e0c-5056-4af5-8156-72c26688e023	60623	929	46648	12243	803	59820	0.015324216881381653	0.7694769311977302	0.20195305412137307	0.013245797799515036	0.015529923102641258	0.20466399197592777
11890703-2c2f-4663-aa57-cc9ff6504284	60623	54	16076	39351	5142	55481	0.0008907510350856935	0.2651798822229187	0.6491100737343912	0.08481929300760438	0.0009733061768893856	0.7092698401254484
1047540c-aada-4210-a96d-8c11785f7729	60623	54	25827	33935	807	59816	0.0008907510350856935	0.42602642561404086	0.5597710439932039	0.013311779357669532	0.0009027684900361107	0.5673231242476929
1e191eed-2238-450e-a384-26df9c569fd0	60623	685	13179	41346	5413	55210	0.01129934183395741	0.2173927387295251	0.682018375863946	0.08928954357257146	0.012407172613656946	0.7488860713638834
0d2f53a8-9261-4e57-a0cd-5cd5e6376743	60623	0	3834	56397	392	60231	0.0	0.06324332349108425	0.9302904838097752	0.00646619269914059	0.0	0.9363450714748219
2dfb4a43-f4e9-4de6-a385-f96e754d982e	60623	115	6531	50256	3721	56902	0.0018969697969417549	0.10773138907675305	0.8289922966530855	0.06137934447321974	0.002021018593371059	0.8832026993778778
47bf3623-a304-48a1-8651-71b6ed41d886	60623	438	25225	29441	5519	55104	0.007224980617917292	0.41609620111178924	0.4856407634066279	0.0910380548636656	0.007948606271777004	0.5342806329849012
ad9a1a30-a318-4e58-96b3-7d76ab3b6e5d	60623	10306	39550	5649	5118	55505	0.17000148458505848	0.6523926562525774	0.09318245550368671	0.0844234036586774	0.1856769660390956	0.1017746148995586
eee77960-898b-4e4b-926a-d6782fa9ed83	60623	1100	13215	41086	5222	55401	0.01814492849248635	0.21798657275291555	0.6777295745839038	0.0861389241706943	0.01985523727008538	0.741611162253389
b771fe21-e91a-46d9-94fc-2267bf6d565c	60623	172	13610	46038	803	59820	0.00283720700064332	0.22450225162067203	0.7594147435791696	0.013245797799515036	0.0028752925442995653	0.7696088264794383
01680b41-4718-4b82-80a7-851ff5518151	60623	279	48354	7050	4940	55683	0.004602213681276083	0.7976180657506227	0.11629249624729888	0.08148722432080234	0.005010505899466624	0.12660955767469426
c95acbd6-8dd8-49f7-8c0e-8c2aa4f3a72c	60623	0	2758	52472	5393	55230	0.0	0.045494284347524866	0.8655460798706761	0.08895963578179898	0.0	0.950063371356147
24c87fc0-4c58-4a70-8ba2-3fcfa2d00c77	60623	24354	29067	6399	803	59820	0.4017287168236478	0.47947148771918247	0.10555399765765469	0.013245797799515036	0.40712136409227684	0.10697091273821464
49075fad-2d3b-4732-8d6f-7c61cbb76372	60623	6932	40940	7578	5173	55450	0.11434604028174125	0.6753212477112647	0.12500206192369231	0.08533065008330172	0.12501352569882776	0.13666366095581606
3d753b5b-8e33-4307-9321-e4ad4821f3bf	60623	20	56987	133	3483	57140	0.00032990779077247907	0.9400227636375633	0.002193886808636986	0.05745344176302723	0.00035001750087504374	0.002327616380819041
19a8eb0f-13a7-44d7-b13a-08a080586329	60623	2398	57422	0	803	59820	0.03955594411362024	0.9471982580868648	0.0	0.013245797799515036	0.04008692744901371	0.0
5743700c-cbd3-4f87-8109-6349a96eb605	60623	4438	43309	7800	5076	55547	0.07320653877241311	0.7143988255282648	0.12866403840126683	0.0837305972980552	0.07989630403082075	0.14042162493023927
1f703295-7062-4692-87cb-1e5204837a60	60623	4770	47105	7926	822	59801	0.07868300809923626	0.7770153242168814	0.13074245748313346	0.01355921020074889	0.07976455243223357	0.13253958963896925
ed37a5c0-341c-4ecc-8fb8-4b705e76e2af	60623	16111	37687	3280	3545	57078	0.26575722085677056	0.621661745542121	0.05410487768668657	0.05847615591442192	0.28226286835558356	0.05746522302813693
778356ca-554d-418b-a73b-c8eb39ca0b17	60623	719	16853	41338	1713	58910	0.011860185078270623	0.2779967998944295	0.6818864127476371	0.028256602279662833	0.012205058563911051	0.7017144797148193
a2252651-387d-49b8-947c-f9d1872b5822	60623	626	8472	46305	5220	55403	0.010326113851178596	0.13974894017122214	0.7638190125859822	0.08610593339161704	0.011299027128494846	0.8357850657906611
1daeeee4-4980-4424-b31a-2f6a8e7d4e55	60623	4285	49029	2437	4872	55751	0.07068274417300364	0.8087524536891939	0.04019926430562658	0.08036553783217591	0.07685960789940988	0.04371222040860254
bb60b35b-cd5d-4f14-a7e0-c9af4f6f8c3c	60623	179	55498	17	4929	55694	0.002952674727413688	0.9154611286145522	0.0002804216221566072	0.08130577503587748	0.0032139907350881604	0.0003052393435558588
664668b5-3830-475d-936d-00ae75f5d899	60623	194	59594	32	803	59820	0.0032001055704930473	0.9830262441647559	0.0005278524652359666	0.013245797799515036	0.0032430625208960213	0.0005349381477766633
2b12e104-94f6-4945-a50f-d00ef9514748	60623	121	53906	3070	3526	57097	0.0019959421341734984	0.8892004684690629	0.05064084588357554	0.058162743513188064	0.002119200658528469	0.05376814893952397
879e850f-6ce7-4de0-bd42-dd2770b8e243	60623	75	59402	793	353	60270	0.0012371542153967966	0.9798591293733402	0.013080843904128796	0.005822872507134256	0.0012444001991040318	0.013157458105193297
fba03796-b9c8-4042-9720-f21660cfec28	60623	0	42824	12685	5114	55509	0.0	0.7063985616020322	0.20924401629744485	0.0843574221005229	0.0	0.22852150101785296
65cf8358-d83a-4ed2-98b7-5e75a73d77b9	60623	31	46185	14007	400	60223	0.0005113570756973426	0.7618395658413474	0.23105092126750573	0.006598155815449582	0.000514753499493549	0.2325855570131013
a8635b10-cbf2-461b-b459-e82e2aec4589	60623	3784	52455	4034	350	60273	0.06241855401415304	0.8652656582485195	0.06654240139880903	0.0057733863385183845	0.06278101305725615	0.06692880726029897
a7fdc16c-890d-4676-82bc-5a81c715c73a	60623	524	59031	713	355	60268	0.008643584118238953	0.9737393398545107	0.01176121274103888	0.0058558632862115035	0.00869449790933829	0.011830490475874427
5049aeb6-44d3-4e4a-ad30-5dc99c903039	60623	6076	50253	3490	804	59819	0.10022598683667915	0.8289428104844696	0.0575689094897976	0.01326229318905366	0.10157307878767616	0.05834266704558752
cbbd1187-e8f7-4e63-a8e2-3c19863e89f5	60623	370	53740	1548	4965	55658	0.006103294129290863	0.8864622338056514	0.02553486300578988	0.08189960905926794	0.0066477415645549605	0.027812713356570484
74bbc0af-904e-4f03-b750-7a0585d15215	60623	15	68	59737	803	59820	0.00024743084307935934	0.0011216864886264288	0.9853850848687792	0.013245797799515036	0.00025075225677031093	0.9986125041792043
f69e80aa-237d-4e75-8d04-7c1b5ae9007b	60623	157	16528	38765	5173	55450	0.002589776157563961	0.27263579829437673	0.6394437754647576	0.08533065008330172	0.0028313796212804327	0.6990982867448151
310f3e24-c91f-4627-b0cc-56c018aa46d7	60623	157	19455	40207	804	59819	0.002589776157563961	0.32091780347392906	0.6632301271794533	0.01326229318905366	0.002624584162222705	0.6721443019776325
2dfa5bb3-ffde-4614-bb76-d3075819e1a3	60623	2208	18376	34670	5369	55254	0.03642182010128169	0.30311927816175377	0.5718951553040925	0.08856374643287201	0.03996090780757954	0.6274658848228183
40b2b04e-371d-42ef-905e-5b9006384a65	60623	11	55690	3	4919	55704	0.0001814492849248635	0.918628243405968	4.948616861587186e-05	0.08114082114049123	0.00019747235387045813	5.3856096510124945e-05
25fdcd3c-9ffa-4805-a63b-7238b6a90dd0	60623	2409	57408	3	803	59820	0.03973739339854511	0.946967322633324	4.948616861587186e-05	0.013245797799515036	0.04027081243731193	5.0150451354062184e-05
c5849720-9d9f-4af4-9649-27f7a32ba779	60623	71	8643	49659	2250	58373	0.0011711726572423008	0.14256965178232683	0.819144549098527	0.037114626461903895	0.0012163157624244085	0.8507186541723057
c1a72c32-2588-4d38-a634-ed1868dc9969	60623	3667	47152	4644	5160	55463	0.06048859343813404	0.7777906075251967	0.07660458901736965	0.0851162100192996	0.06611614950507545	0.08373149667345799
4310a086-190c-40e1-ad97-0f5b6b3b29a6	60623	3800	51092	4928	803	59820	0.06268248024677103	0.8427824423073751	0.08128927964633885	0.013245797799515036	0.06352390504847877	0.08238047475760615
7904523e-e859-47b9-8ba0-c1a1363afa0c	60623	14817	37359	4686	3761	56862	0.24441218679379115	0.6162512577734524	0.07729739537799185	0.062039160054764696	0.2605782420597235	0.08241004537300833
30c3f2ea-7e60-46fa-93c1-e08412265fa2	60623	147	102	58651	1723	58900	0.0024248222621777215	0.0016825297329396433	0.9674710918298336	0.028421556175049073	0.002495755517826825	0.9957724957555179
f7c33a3a-f7e2-4827-97ea-b0a2921dec08	60623	85	11505	43948	5085	55538	0.0014021081107830362	0.1897794566418686	0.7249393794434456	0.08387905580390281	0.0015304836328279736	0.7913140552414563
a411749e-9dac-4c44-9871-b999cbd59aea	60623	97	12026	47697	803	59820	0.0016000527852465236	0.19837355459149167	0.7867805948237467	0.013245797799515036	0.0016215312604480107	0.7973420260782347
c4543b6b-3b9a-4a7a-8273-36b832eed64b	60623	98	55594	0	4931	55692	0.0016165481747851475	0.9170446860102601	0.0	0.08133876581495472	0.0017596782302664656	0.0
0985b9ce-b40a-40e1-b965-c52d69bfe76b	60623	7701	43592	4255	5075	55548	0.12703099483694308	0.7190670207676955	0.07018788248684493	0.08371410190851657	0.13863685461222727	0.07660041765680133
35aad6ca-2675-42b3-8847-e83f7f840c2b	60623	0	39678	15674	5271	55352	0.0	0.6545040661135213	0.25854873562839187	0.08694719825808686	0.0	0.2831695331695332
ca5eefe8-5841-4745-a5e5-2745fb77b74f	60623	0	5969	49348	5306	55317	0.0	0.09846098015604639	0.814014482952015	0.0875245368919387	0.0	0.892094654446192
3c925b06-c3cb-47e9-b1e5-e657f23b7564	60623	0	8830	50986	807	59816	0.0	0.1456542896260495	0.841033931016281	0.013311779357669532	0.0	0.8523806339440952
cabe4e1d-719b-4f82-ae86-df499e022085	60623	14	7821	47767	5021	55602	0.00023093545354073536	0.12901044158157796	0.7879352720914504	0.08282335087343087	0.0002517895039746772	0.8590878025970289
b0a269f6-ecea-4239-89f6-e9128d76ccb0	60623	21	10759	49039	804	59819	0.00034640318031110303	0.17747389604605512	0.8089174075845801	0.01326229318905366	0.00035105902806800514	0.8197896989250907
b534999a-a60d-4da7-a152-90ce37df4ce0	60623	3195	37438	14944	5046	55577	0.05270276957590354	0.6175543935470036	0.24650710126519637	0.08323573561189647	0.057487809705453696	0.2688882091512676
99a0f842-ef0e-4edb-b9d9-570ad8b7007d	60623	0	3185	56633	805	59818	0.0	0.0525378156805173	0.9341833957408904	0.013278788578592283	0.0	0.9467551573105085
84353925-7847-4e40-a5a2-c5be6539261f	60623	30	55651	15	4927	55696	0.0004948616861587187	0.9179849232139617	0.00024743084307935934	0.08127278425680022	0.0005386383223211721	0.00026931916116058603
3f8a8fc6-15a2-4e74-9e0c-d2464f18e921	60623	2937	55969	10	1707	58916	0.04844695907493855	0.9232304570872442	0.00016495389538623954	0.02815762994243109	0.049850634802091114	0.0001697331794419173
a519f8a7-a83e-4e07-83aa-eed4bcd37266	60623	0	31	55509	5083	55540	0.0	0.0005113570756973426	0.9156425778994771	0.08384606502482556	0.0	0.9994418437162406
08c83da9-c037-464b-a68a-9df6e89ed861	60623	558	15683	39161	5221	55402	0.009204427362552167	0.25869719413423947	0.6459759497220526	0.08612242878115567	0.010071838561784773	0.706851738204397
0b58159a-ab85-4baa-b83e-55a8d080a3c5	60623	9997	41079	4416	5131	55492	0.16490440921762367	0.6776141068571334	0.07284364020256338	0.08463784372267952	0.1801520939955309	0.07957903841995242
e10ca275-47db-4d0b-8cc1-6680aad968b2	60623	4051	35621	15605	5346	55277	0.06682282302096564	0.5875822707553239	0.2574105537502268	0.08818435247348366	0.07328545326265898	0.2823054796750909
1f8f6871-87dd-4b4c-b380-fd0f77760b93	60623	6831	36696	16291	805	59818	0.11268000593834024	0.6053148145093447	0.26872639097372286	0.013278788578592283	0.11419639573372563	0.2723427730783376
445d5e8c-db8d-44f4-b3d0-d1857cb2ef48	60623	982	690	53795	5156	55467	0.016198472526928725	0.01138181878165053	0.8873694802302756	0.08505022846114511	0.017704220527520867	0.9698559503849136
e4ebbf6d-9374-4d8d-90a8-75cc4c7baeda	60623	3	50782	4698	5140	55483	4.948616861587186e-05	0.8376688715504017	0.07749534005245534	0.08478630222852712	5.4070616224789575e-05	0.08467458500802047
ab4403fd-624e-440f-8f0f-53aeeb4c8076	60623	5	54725	5089	804	59819	8.247694769311977e-05	0.9027101925011959	0.0839450373620573	0.01326229318905366	8.358548287333456e-05	0.08507330446847991
73ee34e8-422d-4ab1-b0f0-da8a5a2dd9ab	60623	404	50900	4351	4968	55655	0.006664137373604078	0.8396153275159592	0.07177143988255283	0.08194909522788381	0.0072590063785823375	0.07817806127032612
7bbba7d3-c921-4063-8a82-3496aa6b89d5	60623	14097	36598	6064	3864	56759	0.23253550632598188	0.6036982663345595	0.10002804216221566	0.06373818517724296	0.24836589791927272	0.1068376821297063
81f1e9f6-541f-43df-93cf-c11a569bac93	60623	0	59519	755	349	60274	0.0	0.9817890899493592	0.012454019101661086	0.00575689094897976	0.0	0.012526130669940605
1f10d305-91ee-4008-af7b-a242f4353ec0	60623	6255	36024	13154	5190	55433	0.10317866156409283	0.5942299127393893	0.2169803539910595	0.08561107170545833	0.11283892266339544	0.2372954738152364
5ab15b14-d6c2-4900-add7-24e3b8df2680	60623	10046	41326	3308	5943	54680	0.16571268330501626	0.6816884680731735	0.05456674859376804	0.09803210002804216	0.18372348207754205	0.06049743964886613
0fbbfa5e-f2c3-4cc1-aeb3-456bd307cb85	60623	3	22594	32423	5603	55020	4.948616861587186e-05	0.37269683123566966	0.5348300150108045	0.09242366758491002	5.452562704471101e-05	0.5892948018902218
95601410-9608-4dda-ba3f-462be0e8c35f	60623	6281	43158	7682	3502	57121	0.10360754169209706	0.7119080217079327	0.12671758243570921	0.05776685416426109	0.10995955953152081	0.13448644106370686
5e6da456-bde7-419d-bd20-0578573342ab	60623	17	8312	51490	804	59819	0.0002804216221566072	0.1371096778450423	0.8493476073437474	0.01326229318905366	0.0002841906417693375	0.8607633026295993
732077b5-97b2-44ab-aac9-1ae94fd04887	60623	1217	7763	46297	5346	55277	0.020074889068505353	0.12805370898833776	0.7636870494696733	0.08818435247348366	0.022016390180364345	0.8375454529008448
289f0934-51f9-4f35-a7d1-c193142e794d	60623	1763	23807	30641	4412	56211	0.029081371756594032	0.3927057387460205	0.5054352308529766	0.07277765864440888	0.031363967906637494	0.545106829624095
1ae36215-045f-46a7-b392-9518482ddf1f	60623	2317	25740	30848	1718	58905	0.0382198175609917	0.4245913267241806	0.5088497764874718	0.028339079227355953	0.03933452168746286	0.5236906883965707
8ec9edae-7252-46c0-ada6-0d7998677aca	60623	13147	37436	4493	5547	55076	0.21686488626428913	0.6175214027679263	0.07411378519703743	0.09149992577074707	0.2387065146343235	0.08157818287457332
432bf926-51dd-4590-9786-b241ff9534ef	60623	14606	40588	4624	805	59818	0.2409316596011415	0.6695148705936691	0.07627468122659717	0.013278788578592283	0.24417399444983115	0.07730114681199639
9110e2e7-fa66-476c-9421-c849d875fcb6	60623	6	10200	45378	5039	55584	9.897233723174372e-05	0.16825297329396433	0.7485277864836778	0.08312026788512611	0.0001079447322970639	0.8163860103626943
645cdbb5-ddf1-42bc-952e-0e9483c1d5b3	60623	6	12982	46831	804	59819	9.897233723174372e-05	0.21414314699041617	0.7724955874832984	0.01326229318905366	0.00010030257944800147	0.7828783496882261
d8dce266-1073-4bf2-a714-748e7e942635	60623	93	7301	49674	3555	57068	0.0015340712270920278	0.12043283902149349	0.8193919799416063	0.05864110980980816	0.0016296348216163173	0.8704352702039672
df80b5ed-3ce8-4b06-978e-f972f659d206	60623	1877	32411	21201	5134	55489	0.030961846163997164	0.534632070336341	0.34971875360836646	0.08468732989129538	0.033826524175962804	0.3820757267206113
cf435685-40c7-4a15-b43c-b26fc6f25a4f	60623	6	1917	57891	809	59814	9.897233723174372e-05	0.03162166174554212	0.9549345957804793	0.01334477013674678	0.00010031096398836393	0.9678503360417293
d448668c-90f3-40fa-9961-88407090da31	60623	2266	45130	8215	5012	55611	0.03737855269452188	0.7444369298780991	0.13550962505979577	0.08267489236758326	0.04074733416050781	0.14772257287227347
b4ffac44-ccef-458f-80cc-2d230d78012a	60623	2490	46414	10910	809	59814	0.04107351995117365	0.7656170100456923	0.17996469986638736	0.01334477013674678	0.04162905005517103	0.18239876951884174
9eefa52f-0f0f-4eb0-9d9a-36bb1a1c4903	60623	0	3156	51880	5587	55036	0.0	0.0520594493838972	0.8557808092638107	0.09215974135229203	0.0	0.942655716258449
383f29d6-7db7-42a3-a2f3-fb69dca65f83	60623	1505	12671	40957	5490	55133	0.024825561255629052	0.20901308084390413	0.6756016693334214	0.09055968856704551	0.027297625741389005	0.7428763172691492
e7390b8c-fc12-43f1-8c94-f5daf0d186f7	60623	3214	29442	22928	5039	55584	0.05301618197713739	0.48565725879616645	0.37820629134157	0.08312026788512611	0.057822394933793896	0.4124928036845135
e3329ab2-71a8-4a84-87d0-65ff9bb4ee2a	60623	5852	30589	23378	804	59819	0.09653101958002738	0.5045774705969681	0.38562921663395083	0.01326229318905366	0.09782844915495077	0.39081228372256305
8537633b-6426-4b66-a2a3-fa942eedf01b	60623	3	44289	11006	5325	55298	4.948616861587186e-05	0.7305643072761163	0.18154825726209525	0.08783794929317255	5.425151000036168e-05	0.1990307063546602
f1064663-1462-4901-8bf7-9f50da5ee7b1	60623	2040	21456	31824	5303	55320	0.033650594658792866	0.3539250779407156	0.5249492766771687	0.08747505072332283	0.0368763557483731	0.5752711496746203
02981f5d-786d-4bc8-9449-cede512502bc	60623	22	2079	54827	3695	56928	0.000362898569849727	0.034293914850799204	0.9043927222341356	0.06095046434521551	0.0003864530635188308	0.9630937324339517
9144c7fc-9c78-4b99-814f-4059a11ec33b	60623	1482	47871	6157	5113	55510	0.0244461672962407	0.7896507926034674	0.10156211338930769	0.08434092671098428	0.026697892271662763	0.11091695190055846
19044212-841c-4b6d-8c4f-03cee7ddead7	60623	1577	50200	8035	811	59812	0.026013229302409978	0.8280685548389225	0.13254045494284347	0.013377760915824027	0.02636594663278272	0.13433759111883903
b7e4daef-b24b-45c0-8f9d-21bcf46d9c9a	60623	17	1236	55705	3665	56958	0.0002804216221566072	0.020388301469739207	0.9188756742490474	0.06045560265905679	0.0002984655360089891	0.9780013343165139
559a6934-457d-44c7-a418-dff196995fcf	60623	10	53238	2409	4966	55657	0.00016495389538623954	0.8781815482572621	0.03973739339854511	0.08191610444880656	0.00017967191907576765	0.043282965305352424
0d23c056-c3dd-4097-aaa2-725b667137d6	60623	15	57321	2484	803	59820	0.00024743084307935934	0.9455322237434637	0.040974547613941904	0.013245797799515036	0.00025075225677031093	0.04152457372116349
9076c2ec-bc16-49a9-b9e4-da726de4f1f5	60623	14938	38241	2165	5279	55344	0.24640812892796463	0.6308001913465187	0.03571251835112086	0.08707916137439585	0.2699118242266551	0.03911896501879156
c281d8eb-0aaf-409c-b8d1-5681c8dc27be	60623	11	55685	8	4919	55704	0.0001814492849248635	0.9185457664582749	0.00013196311630899165	0.08114082114049123	0.00019747235387045813	0.0001436162573603332
1570547a-bae6-4680-a1dc-19d0b962cf60	60623	2404	57416	0	803	59820	0.039654916450851986	0.947099285749633	0.0	0.013245797799515036	0.04018722835172183	0.0
44e7b873-77d5-463c-91d2-cea206ee4391	60623	340	3832	51347	5104	55519	0.005608432443132145	0.06321033271200699	0.8469887666397242	0.08419246820513666	0.006124029611484357	0.9248545542967272
e86137c5-37af-4a47-8f29-5a947e013536	60623	21	41754	14009	4839	55784	0.00034640318031110303	0.6887484947957045	0.231083912046583	0.07982118997740131	0.00037645202925570056	0.2511293560877671
456cc2df-f9a7-4f65-8450-a79ed69fa27f	60623	2432	43015	14373	803	59820	0.040116787357933455	0.7095491810039094	0.2370882338386421	0.013245797799515036	0.04065529923102641	0.24027081243731194
22996dd0-8d03-49f2-8395-738c0599339b	60623	26	2149	56231	2217	58406	0.0004288801280042228	0.035448592118502875	0.9275522491463636	0.03657027860712931	0.000445159743861932	0.9627606752730884
47839ff7-7da3-4160-bf1f-d8516a34bbe5	60623	6626	40219	8715	5063	55560	0.10929845108292233	0.6634280718539168	0.14375731982910778	0.08351615723405308	0.11925845932325414	0.15685745140388768
2498a44f-8b61-4cd9-80c0-35972760f361	60623	271	9567	45083	5702	54921	0.004470250564967092	0.15781139171601538	0.7436616465697837	0.0940567111492338	0.004934360262923107	0.8208699768758763
13168afd-69ac-438c-aa08-e6601785618a	60623	2682	10807	46744	390	60233	0.04424063474258945	0.17826567474390909	0.7710604885934381	0.006433201920063343	0.04452708648083276	0.776052994205834
1e7873ce-88c4-44c2-9f8a-aeeae8c98edf	60623	378	40631	14504	5110	55513	0.006235257245599855	0.6702241723438299	0.23924912986820185	0.08429144054236841	0.0068092158593482605	0.26127213445499253
83b624fe-acc8-4777-b606-e4cacdc11a82	60623	9051	38738	7913	4921	55702	0.1492997707140854	0.6389983999472147	0.13052801741913136	0.08117381191956848	0.16248967721087215	0.14205953107608343
190fecab-1ef1-43fa-87a2-104014eb2ce2	60623	3359	38822	13542	4900	55723	0.05540801346023786	0.6403840126684591	0.2233805651320456	0.08082740873925738	0.06028031513019758	0.24302352708935268
2e058edb-ab27-4016-9240-1dc9e103894b	60623	1298	5664	48324	5337	55286	0.021411015621133893	0.09342988634676608	0.797123204064464	0.08803589396763604	0.02347791484281735	0.8740730022067069
09260d57-8a92-499d-97d9-d8cb71b224e2	60623	1375	8355	50075	818	59805	0.02268116061560794	0.13781897959520314	0.8260066311465946	0.013493228642594396	0.022991388679876264	0.8373045731962211
5191b678-f7e1-42f4-a995-aa6abe5fd976	60623	4618	45467	5419	5119	55504	0.07617570888936542	0.7499958761526153	0.0893885159098032	0.08443989904821603	0.08320121072355145	0.09763260305563563
c1ea307f-cf39-4b09-8185-da56c37ce0d9	60623	18018	35674	1544	5387	55236	0.2972139287069264	0.588456526400871	0.025468881447635386	0.08886066344456724	0.3262003041494677	0.027952784415960604
6de3e241-606b-441e-9185-7e9f1cd1e61b	60623	31	1846	55040	3706	56917	0.0005113570756973426	0.03045048908829982	0.9079062402058624	0.06113191363014037	0.0005446527399546708	0.9670221550679059
2979cbb0-05bd-4f0f-a988-fc191178a8f9	60623	30	1665	58125	803	59820	0.0004948616861587187	0.027464823581808885	0.9587945169325174	0.013245797799515036	0.0005015045135406219	0.9716649949849548
cea58113-36e8-474f-89a5-604ff5188a92	60623	59	6062	49010	5492	55131	0.0009732279827788133	0.09999505138313841	0.8084390412879601	0.09059267934612276	0.0010701783025883803	0.88897353576028
32c237da-60ab-4dd5-9dc1-067bd52a4311	60623	1791	7660	50774	398	60225	0.029543242663675504	0.1263546838658595	0.8375369084340927	0.0065651650363723335	0.029738480697384807	0.8430718140307182
4e0e61b3-003a-482d-8749-a7b33be4a4c8	60623	1964	18767	34702	5190	55433	0.03239694505385745	0.30956897547135576	0.5724230077693284	0.08561107170545833	0.035430158930600905	0.6260169934876337
9493c0b9-d2b3-4163-8a4e-ac9deb127045	60623	5543	44021	5921	5138	55485	0.09143394421259259	0.7261435428797651	0.09766920145819244	0.08475331144944988	0.09990087411011986	0.10671352617824638
0c749ae7-1564-4ade-847f-376d21d1753b	60623	2775	33711	18897	5240	55383	0.04577470596968147	0.5560760767365521	0.3117133761113769	0.08643584118238952	0.050105628080819024	0.34120578516873407
41a03a2c-133a-4d97-a7a5-f32ff8b2b697	60623	158	15097	39940	5428	55195	0.002606271547102585	0.24903089586460583	0.6588258581726407	0.08953697441565082	0.002862578132077181	0.7236162695896368
08c40bb6-9ad3-4ba7-8d4a-132327a0d7e7	60623	157	17900	41763	803	59820	0.002589776157563961	0.2952674727413688	0.6888969533015522	0.013245797799515036	0.0026245402875292546	0.6981444332998997
a7aa065f-78f9-460a-a010-bd063ec5c851	60623	6977	42321	6253	5072	55551	0.11508833281097933	0.6981013806641044	0.10314567078501559	0.0836646157399007	0.1255962988965095	0.11256323018487516
68bf3b4b-cc6d-4bdd-bbe6-827663877621	60623	8032	45552	6691	348	60275	0.1324909687742276	0.7513979842633984	0.11037065140293288	0.005740395559441136	0.133255910410618	0.11100788054749067
4b13bcc0-d9ff-4616-b6cf-543a86881828	60623	9955	39795	5695	5178	55445	0.16421160285700148	0.6564340266895403	0.09394124342246342	0.08541312703099484	0.17954729912525927	0.10271440165930201
43101280-5dc1-498e-9284-3b713dd4fa4a	60623	13082	40713	6020	808	59815	0.21579268594427858	0.671576794285997	0.09930224502251621	0.013328274747208156	0.2187076820195603	0.10064365125804564
75a6a64e-11f0-41c8-9cba-179ae3333621	60623	4781	43481	7061	5300	55323	0.07886445738416113	0.7172360325289082	0.11647394553222375	0.08742556455470696	0.08641975308641975	0.1276322686766806
45dc6d68-be3d-4955-954c-46bf948054f4	60623	1424	10472	47912	815	59808	0.023489434703000512	0.17273971924847006	0.7903271035745509	0.013443742473978523	0.023809523809523808	0.8010968432316747
201b6b48-418f-48a3-a568-6e851f85c25e	60623	1	52027	3606	4989	55634	1.6495389538623956e-05	0.8582056315259885	0.05948237467627798	0.0822954984081949	1.7974619836790453e-05	0.06481647913146638
617f14fe-153c-4ddc-b280-600c1fa08ad5	60623	3462	44888	6920	5353	55270	0.05710703858271613	0.7404450456097521	0.11414809560727776	0.08829982020025402	0.0626379591098245	0.1252035462276099
bb39734c-9d9c-4249-9d1b-176b28aba41c	60623	5008	50459	0	5156	55467	0.08260891080942877	0.8323408607294261	0.0	0.08505022846114511	0.09028791894279481	0.0
2104463b-9421-47f3-9974-a00080c6e937	60623	2797	45681	7127	5018	55605	0.0461376045395312	0.7535258895138809	0.11756264124177293	0.082773864704815	0.05030123190360579	0.12817192698498336
f1b2ca40-f20a-42de-aba2-4f730d7ccc09	60623	7	57192	13	3411	57212	0.00011546772677036768	0.9434043184929812	0.0002144400640021114	0.05626577371624631	0.00012235195413549604	0.00022722505768020695
a1fcb039-9fd7-4582-b99a-e4d302cbc6f6	60623	3657	56267	344	355	60268	0.0603236395427478	0.928146083169754	0.00567441400128664	0.0058558632862115035	0.06067896727948497	0.005707838322161014
ebb1c63f-0862-4859-8ad1-5f1b86050635	60623	97	54166	1417	4943	55680	0.0016000527852465236	0.8934892697491051	0.023373966976230145	0.08153671048941821	0.0017420977011494254	0.025448994252873565
624cdaac-f809-440e-bc4e-f3b53ef1dd35	60623	626	58195	1452	350	60273	0.010326113851178596	0.9599491942002211	0.02395130561008198	0.0057733863385183845	0.010386076684419225	0.02409038873127271
698584f0-726b-4a10-bc69-9b4acaed2cef	60623	785	20423	34219	5196	55427	0.012948880787819804	0.336885340547317	0.5644557346221731	0.08571004404269007	0.014162772655925812	0.6173705955581215
faed408c-c7f8-4a40-b7ab-7713129c1211	60623	0	46559	9176	4888	55735	0.0	0.7680088415287927	0.1513616944064134	0.08062946406479389	0.0	0.16463622499327174
90e06d33-d48e-4907-a83d-094ec7192f6c	60623	5063	43034	11723	803	59820	0.08351615723405308	0.7098625934051432	0.19337545156128863	0.013245797799515036	0.08463724506853895	0.19597124707455701
f2bd44d3-a53c-4a10-9ae1-a93e762f174c	60623	24	22752	34052	3795	56828	0.0003958893489269749	0.37530310278277224	0.5617010045692229	0.0626000032990779	0.0004223270218906173	0.5992116562258042
996d2576-2f47-42b3-84dd-80448843abd6	60623	3295	46624	10344	360	60263	0.05435230852976593	0.7690810418488032	0.17062830938752618	0.005938340233904623	0.05467699915370957	0.17164761130378509
d43a7570-e23b-4c73-8ac4-733578a7c47d	60623	16	22571	37233	803	59820	0.0002639262326179833	0.3723174372762813	0.6141728386915857	0.013245797799515036	0.00026746907388833165	0.6224172517552657
8c74f301-7976-4c15-952d-660d53f1215d	60623	1313	26754	27216	5340	55283	0.021658446464213253	0.4413176517163453	0.44893852168318954	0.08808538013625192	0.023750520051372032	0.49230323969393847
8f80047b-a700-413c-b228-6d170648e168	60623	9739	39339	6292	5253	55370	0.16064859871665868	0.6489121290599278	0.10378899097702192	0.08665028124639164	0.17588947083258083	0.11363554271266028
0af15c8c-8cd9-4fba-9810-63207b91eeb1	60623	3	7822	51994	804	59819	4.948616861587186e-05	0.12902693697111658	0.8576612836712139	0.01326229318905366	5.015128972400073e-05	0.8691887193032314
57267a5a-de07-49eb-8021-91f2c3aa8e44	60623	1862	35422	17907	5432	55191	0.030714415320917805	0.5842996882371377	0.2953829404681392	0.08960295597380533	0.033737384718522945	0.3244550741968799
52b17bb5-0476-4d64-9865-c01309b58144	60623	6175	43064	6163	5221	55402	0.10185903040100291	0.710357455091302	0.10166108572653944	0.08612242878115567	0.11145807010577236	0.1112414714270243
71e604ba-4ebd-44e9-84bf-5ef09c37bb67	60623	1003	53336	1365	4919	55704	0.016544875707239826	0.8797980964320472	0.0225162067202217	0.08114082114049123	0.018005888266551775	0.024504523912106852
c255e546-c53c-4225-9721-f5050c45e1b8	60623	68	49939	5563	5053	55570	0.0011216864886264288	0.8237632581693417	0.09176385200336507	0.08335120333866684	0.0012236818427208925	0.10010797192729891
801a4b59-5adb-45a1-a590-fa406da4d1a4	60623	2494	51534	5791	804	59819	0.041139501509328144	0.8500734044834469	0.09552480081817132	0.01326229318905366	0.04169243885721928	0.09680870626389608
8c5799bf-db65-40f6-9a67-abd4da4025f2	60623	190	2901	51525	6007	54616	0.0031341240123385515	0.047853125051548095	0.8499249459775993	0.09908780495851409	0.0034788340413065767	0.9434048630437967
70893cd9-ccf1-423b-b39f-884974a30ea4	60623	223	4332	55262	806	59817	0.0036784718671131417	0.07145802748131898	0.911568216683437	0.013295283968130907	0.0037280371800658676	0.9238510791246636
48cbf5b5-bea9-4d31-bc93-6122a329f3ea	60623	5454	46758	2920	5491	55132	0.08996585454365505	0.7712914240469789	0.048166537452781946	0.09057618395658414	0.09892621345135312	0.052963795980555756
63b2b3b9-7eb1-47b3-a3fc-1d385042fdca	60623	8	55550	116	4949	55674	0.00013196311630899165	0.9163188888705607	0.0019134651864803787	0.08163568282664996	0.0001436936451485433	0.002083557854653878
7da8a1f1-5a85-4bdf-a9c4-6fe98bce5923	60623	107	7962	47551	5003	55620	0.0017650066806327632	0.13133629150652393	0.7843722679511077	0.08252643386173565	0.0019237684286227976	0.8549262855088098
2e1b57ad-631a-4f73-92ee-06a1e5c5091f	60623	8119	38188	8892	5424	55199	0.13392606766408788	0.6299259357009716	0.1466770037774442	0.08947099285749632	0.1470859979347452	0.16108987481657278
06898a00-8997-4cd3-bd7c-ab28c43dde6f	60623	8797	41724	9296	806	59817	0.14510994177127493	0.6882536331095459	0.15334114115104827	0.013295283968130907	0.14706521557416788	0.1554073256766471
89811300-8202-4a82-8353-5b2b2b2ecfd4	60623	426	52763	2405	5029	55594	0.007027035943453805	0.8703462382264158	0.03967141184039061	0.08295531398973986	0.007662697413389934	0.0432600640356873
b083e3cb-0af1-44ea-854d-85fd99b75ad5	60623	928	43803	10895	4997	55626	0.01530772149184303	0.722547547960345	0.17971726902330798	0.0824274615245039	0.01668284615108043	0.1958616474310574
241b4f4d-8ad5-4e7f-92ea-e00956721443	60623	1520	47435	11318	350	60273	0.025072992098708412	0.7824588027646273	0.18669481879814592	0.0057733863385183845	0.025218588754500358	0.18777893916015462
78eecddd-e0d2-4f8a-821a-7e412f92e754	60623	0	9669	45643	5311	55312	0.0	0.15949392144895502	0.7528990647114132	0.08760701383963182	0.0	0.8251916401504195
85991716-6807-4f31-be63-bf80cec40cc2	60623	436	47302	7562	5323	55300	0.0071919898388400445	0.7802649159559903	0.12473813569107435	0.08780495851409531	0.007884267631103075	0.13674502712477396
3ed6a50c-8ac3-49db-9dc1-c2f8c49d78a1	60623	2846	48879	8094	804	59819	0.04694587862692377	0.8062781452584002	0.1335136829256223	0.01326229318905366	0.04757685685150203	0.135308179675354
dad24abd-0eb7-4534-a1f2-ebe38ec402f9	60623	1013	51182	3363	5065	55558	0.016709829602626066	0.8442670273658512	0.05547399501839236	0.08354914801313033	0.018233197739299472	0.06053133662118867
efbe740e-5ea0-425c-8d1b-ed00a02d7576	60623	17893	32046	5362	5322	55301	0.29515200501459843	0.5286112531547432	0.08844827870610164	0.08778846312455668	0.32355653604817275	0.0969602719661489
e7231a00-2eaa-49bf-963c-8d8832ae7eb9	60623	21148	33016	5655	804	59819	0.3488444979628194	0.5446117810072085	0.09328142784091846	0.01326229318905366	0.35353315836105587	0.09453518112974138
41411fc2-420a-425f-94bd-01a52a0402e0	60623	0	50297	4721	5605	55018	0.0	0.829668607624169	0.0778747340118437	0.09245665836398727	0.0	0.08580828092624232
198cf746-6749-487f-a097-dd098a70949c	60623	0	41162	14293	5168	55455	0.0	0.6789832241888393	0.2357686026755522	0.0852481731356086	0.0	0.2577405103236859
496316ba-00b4-49ff-9b67-02273fbfa945	60623	23	52679	3002	4919	55704	0.00037939395938835094	0.8689606255051713	0.049519159394949115	0.08114082114049123	0.0004128967399109579	0.05389200057446503
afc8d98d-6e58-461b-b771-c86486f9f012	60623	0	3996	51362	5265	55358	0.0	0.06591557659634133	0.8472361974828035	0.08684822592085512	0.0	0.9278153112467936
ca4388c7-69e7-42b4-81c8-48b8863264c1	60623	30	8624	46800	5169	55454	0.0004948616861587187	0.142256239381093	0.7719842304076011	0.08526466852514722	0.0005409889277599452	0.8439427273055145
8ac423b4-4c29-4b13-93a3-6e1c90a283cd	60623	30	11262	48517	814	59809	0.0004948616861587187	0.18577107698398299	0.8003068142454184	0.0134272470844399	0.0005015967496530623	0.8111989834305874
3b556594-eff5-4a2a-9cbf-3f81456069f8	60623	6568	40969	8004	5082	55541	0.10834171848968213	0.6757996140078848	0.13202909786714614	0.08382956963528694	0.11825498280549504	0.14410975675627014
1cd9614d-c2eb-4146-a4ff-adefcdad7315	60623	6219	37146	11808	5450	55173	0.10258482754070238	0.6127377398017254	0.19477755967207167	0.08989987298550055	0.11271817736936544	0.21401772606166058
14c176f9-9197-4486-9f98-fe82991c6dc6	60623	7701	41461	6188	5273	55350	0.12703099483694308	0.6839153456608877	0.10207347046500503	0.08698018903716412	0.13913279132791329	0.11179765130984644
076808f3-1a00-4c82-bfa3-91a325f1e73c	60623	247	20	54598	5758	54865	0.004074361216040117	0.00032990779077247907	0.9006152780297907	0.09498045296339673	0.0045019593547799145	0.9951335095233755
b35229f7-d11e-4357-ab86-53e9a5867f55	60623	23	8718	46428	5454	55169	0.00037939395938835094	0.14380680599772364	0.765847945499233	0.08996585454365505	0.0004169007957367362	0.8415595714984865
22726e86-e657-4d50-82f7-43b8d107abf5	60623	15	7547	52251	810	59813	0.00024743084307935934	0.12449070484799499	0.8619005987826402	0.013361265526285403	0.00025078160266162877	0.8735726347115176
5f6cb74f-1d92-4ea4-92e1-ed23f83649fe	60623	136	6928	49947	3612	57011	0.0022433729772528576	0.11428005872358676	0.8238952212856506	0.05958134701350972	0.0023855045517531706	0.8760940871059971
463d4b1e-2068-45dd-9631-fb9c7268fe6c	60623	2	6919	48627	5075	55548	3.299077907724791e-05	0.11413160021773915	0.802121307094667	0.08371410190851657	3.600489666594657e-05	0.8754050550874919
abff22c2-1021-4d1f-872e-2380a375f98f	60623	4	9582	45824	5213	55410	6.598155815449583e-05	0.15805882255909473	0.7558847302179041	0.08599046566484668	7.218913553510196e-05	0.8269987366901281
9c6e1025-9951-4c7a-ba41-f7bd27f7a3b7	60623	5	6148	53660	810	59813	8.247694769311977e-05	0.10141365488346007	0.8851426026425614	0.013361265526285403	8.359386755387624e-05	0.8971293865881999
2fdc7232-2319-49cf-ac47-695523741558	60623	20	55457	221	4925	55698	0.00032990779077247907	0.9147848176434686	0.003645481088035894	0.08123979347772298	0.0003590793206219254	0.003967826492872276
69ef3e70-5d7a-4e30-abde-0f9f76ea3141	60623	36	4215	52594	3778	56845	0.0005938340233904623	0.06952806690529997	0.8675585173943883	0.0623195816769213	0.0006333010818893482	0.9252176972468995
375c0cf9-9bad-4d07-9fa6-017b0258d5a5	60623	26	4134	55655	808	59815	0.0004288801280042228	0.06819194035267143	0.9180509047721161	0.013328274747208156	0.0004346735768619911	0.9304522277020815
25d55cf4-625f-485f-85aa-87adb72e685b	60623	1684	42383	11150	5406	55217	0.02777823598304274	0.6991240948154991	0.18392359335565708	0.0891740758458011	0.030497853921799444	0.20193056486227068
14eb006d-42b2-4765-9dc2-b96f9aa03c10	60623	280	55413	0	4930	55693	0.004618709070814707	0.9140590205037692	0.0	0.0813222704254161	0.005027561812076922	0.0
96319b52-d5b9-44bf-9a98-2876d911988f	60623	5	4095	50877	5646	54977	8.247694769311977e-05	0.0675486201606651	0.8392359335565709	0.09313296933507084	9.094712334248868e-05	0.9254233588591593
4bf73c36-48e5-4f91-bfd6-c03e162fca52	60623	10	4609	55195	809	59814	0.00016495389538623954	0.0760272503835178	0.9104630255843492	0.01334477013674678	0.00016718493998060655	0.9227772762229578
9ca7e5df-f832-435f-842e-4be86c01a554	60623	6686	44011	4592	5334	55289	0.11028817445523977	0.7259785889843788	0.0757468287613612	0.08798640779902017	0.12092821356870263	0.08305449546926151
0f6dab0d-26bd-4820-9047-dba5dc9b0b32	60623	7081	47872	4858	812	59811	0.11680385332299623	0.789667287993006	0.08013460237863518	0.01339425630536265	0.11838959388741202	0.08122251759709752
c525d1fb-ca9e-4c69-97d9-0d00041edb01	60623	0	4302	51260	5061	55562	0.0	0.07096316579516025	0.845553667749864	0.08348316645497583	0.0	0.922572981534142
e950bc59-116f-4366-8524-f0731b1c9a3d	60623	539	21668	33455	4961	55662	0.008891014961318312	0.35742210052290385	0.5518532570146644	0.08183362750111343	0.009683446516474434	0.6010384104056627
08fa1a76-022e-49e6-b416-314f7a02e2a4	60623	625	22588	36604	806	59817	0.010309618461639972	0.3725978588984379	0.6037972386717912	0.013295283968130907	0.010448534697494023	0.6119330625073139
37ad61ea-96d1-40f1-b77a-56408e4243ea	60623	452	8474	46422	5275	55348	0.007455916071458028	0.1397819309502994	0.7657489731620012	0.08701317981624136	0.0081665100816651	0.838729493387295
1a4601f8-e4d6-4c3d-a846-e3186295c137	60623	0	2	55690	4931	55692	0.0	3.299077907724791e-05	0.918628243405968	0.08133876581495472	0.0	0.9999640881993823
0e53a06b-feae-46ab-9b7d-f1aeb31b499b	60623	785	47827	7048	4963	55660	0.012948880787819804	0.7889249954637679	0.11625950546822163	0.08186661828019069	0.014103485447358965	0.12662594322673373
a545fb9a-c386-4a80-9a25-660dc4f62904	60623	0	690	54954	4979	55644	0.0	0.01138181878165053	0.9064876367055408	0.08213054451280867	0.0	0.9875997412119905
8fa7105d-aba3-49e4-bbc0-083c547f3449	60623	8362	40276	11182	803	59820	0.13793444732197352	0.6643683090576183	0.18445144582089307	0.013245797799515036	0.13978602474088933	0.18692744901370778
cd591147-3d00-4f87-bd90-53dd9ff830f7	60623	33	58372	1	2217	58406	0.0005443478547745904	0.9628688781485575	1.6495389538623956e-05	0.03657027860712931	0.0005650104441324522	1.7121528610074307e-05
6f6820c0-beed-4944-a241-d65f58bddf9a	60623	0	49799	5991	4833	55790	0.0	0.8214539036339343	0.09882387872589611	0.07972221764016957	0.0	0.10738483599211328
1a465792-4da7-4d37-9352-73e76ecff4d2	60623	423	55281	0	4919	55704	0.006977549774837933	0.9118816290846709	0.0	0.08114082114049123	0.007593709607927618	0.0
54cf4c36-eb20-41da-990a-2f6230d62cbf	60623	927	53250	2964	3482	57141	0.015291226102304406	0.8783794929317256	0.0488923345924814	0.05743694637348861	0.016223027248385574	0.05187168582978947
ef88e2b5-41f4-4d62-ac3d-d10ec8192778	60623	15	5435	50180	4993	55630	0.00024743084307935934	0.0896524421424212	0.82773864704815	0.0823614799663494	0.0002696386841632213	0.9020312780873629
45c8544c-ec60-447e-91ee-62e41e72a82f	60623	1	9120	46401	5101	55522	1.6495389538623956e-05	0.15043795259225046	0.7654025699816901	0.08414298203652079	1.8010878570656678e-05	0.8357227765570404
c017bcd5-0661-4638-971e-aca208a36512	60623	15	5742	54058	808	59815	0.00024743084307935934	0.09471652673077875	0.8917077676789338	0.013328274747208156	0.0002507732174203795	0.9037532391540584
be4bb915-7700-43e8-a640-ad77faf54f41	60623	3892	29590	22009	5132	55491	0.06420005608432443	0.4880985764478828	0.3630470283555746	0.08465433911221813	0.07013749977473825	0.3966228757816583
b1dcd03c-3cdd-4c23-9391-c5adeebff489	60623	0	9315	45872	5436	55187	0.0	0.15365455355228214	0.756676508915758	0.08966893753195981	0.0	0.831210248790476
a73684e4-7cf1-4e9d-83b8-a6ebebd51101	60623	10189	36423	8912	5099	55524	0.16807152400903946	0.6008115731653003	0.14700691156821669	0.08410999125744355	0.18350623153951445	0.1605071680714646
56092e8e-a259-4178-8682-16518367d20c	60623	5434	39523	10423	5243	55380	0.08963594675288257	0.6519472807350346	0.17193144516107747	0.08648532735100539	0.09812206572769953	0.1882087396171903
bbb4b282-5414-4929-a9f6-08b733d14fa7	60623	1569	44396	9797	4861	55762	0.025881266186100985	0.732329313956749	0.16160533130989888	0.08018408854725104	0.028137441268247194	0.1756931243499157
e29a1283-3e22-41f6-bc76-bfb244a044ae	60623	902	32893	21530	5298	55325	0.014878841363838807	0.5425828480939577	0.35514573676657374	0.08739257377562971	0.016303660189787617	0.38915499322187075
6a4c960d-24e4-4639-9894-d15988309910	60623	1216	35624	22979	804	59819	0.020058393678966727	0.5876317569239398	0.37904755620803987	0.01326229318905366	0.020327989434794965	0.38414216218927094
4c09ff32-902b-4d36-bdf7-f4d3399c059f	60623	2720	54210	5	3688	56935	0.04486745954505716	0.8942150668888046	8.247694769311977e-05	0.060834996618445145	0.047773777114253096	8.781944322472996e-05
2c32f86c-3aa5-4139-8f26-62f2a25f5e6e	60623	9	1393	58418	803	59820	0.00014845850584761558	0.022978077627303167	0.9636276660673342	0.013245797799515036	0.00015045135406218657	0.9765630224005349
e7891fe7-c65c-4b08-b2a0-71b72cf78eeb	60623	32	55792	0	4799	55824	0.0005278524652359666	0.9203107731389076	0.0	0.07916137439585635	0.0005732301519059903	0.0
23250e3e-2c4f-41c6-99fb-e86e9968545c	60623	2414	57406	0	803	59820	0.039819870346238226	0.9469343318542467	0.0	0.013245797799515036	0.04035439652290204	0.0
1ba1877d-e32e-4e04-9701-d13d07fae459	60623	13	1257	54208	5145	55478	0.0002144400640021114	0.020734704650050312	0.8941820761097273	0.08486877917622025	0.00023432712066044197	0.9771080428277876
babd6a62-0359-4680-a8ed-1429a1bfb6a8	60623	47	7928	48682	3966	56657	0.0007752833083153258	0.13077544826221071	0.8030285535192914	0.0654207149101826	0.0008295532767354431	0.8592406940007413
054f106f-28d0-4e4b-b580-b5d73e79e166	60623	48	7558	52213	804	59819	0.0007917786978539498	0.12467215413291985	0.8612737739801726	0.01326229318905366	0.0008024206355840117	0.8728497634530835
1dc340a0-b8d0-47b3-b87b-d5546e6ee77e	60623	32	44590	11165	4836	55787	0.0005278524652359666	0.7355294195272422	0.18417102419873646	0.07977170380878544	0.0005736103393263664	0.20013623245559
0d759081-405f-41e9-b103-2bee566b3f19	60623	46	45914	13860	803	59820	0.0007587879187767019	0.7573693152763803	0.22862609900532802	0.013245797799515036	0.0007689735874289535	0.2316950852557673
f793e6b4-c9b9-45b5-8ebb-d151dbc7508e	60623	4960	39924	10742	4997	55626	0.08181713211157482	0.6585619319400228	0.17719347442389852	0.0824274615245039	0.08916693632474022	0.19311113508071764
0f9ca8b2-bb97-4ab7-b663-a5f28a1792af	60623	6	5281	54493	843	59780	9.897233723174372e-05	0.08711215215347311	0.8988832621282351	0.013905613381059993	0.00010036801605888258	0.911559049849448
b0435a6b-e0e3-4959-a757-271c8238b748	60623	695	6760	48071	5097	55526	0.011464295729343649	0.11150883328109794	0.7929498705111921	0.08407700047836629	0.012516658862514858	0.8657385729207938
5f2e32eb-8bf7-4d2f-b9ae-e199acb227ab	60623	687	9423	49705	808	59815	0.011332332613034657	0.15543605562245352	0.8199033370173037	0.013328274747208156	0.01148541335785338	0.8309788514586642
010eccdb-0d4b-4808-b210-8c462ad05925	60623	4	36225	18833	5561	55062	6.598155815449583e-05	0.5975454860366528	0.3106576711809049	0.09173086122428781	7.264538156986669e-05	0.3420326177763249
f80aef75-2b96-4085-b388-fab93485f809	60623	9680	36468	9403	5072	55551	0.15967537073387988	0.6015538656945384	0.15510614783168106	0.0836646157399007	0.17425428885168584	0.16926787996615722
cb75f0af-85f7-4e0e-bfe7-1a44754f7fb6	60623	10093	37508	12218	804	59819	0.16648796661333157	0.6187090708147073	0.2015406693829075	0.01326229318905366	0.16872565572811313	0.20424948594928033
47ddad9d-1e43-4961-a5d1-55882f68b446	60623	938	34982	19554	5149	55474	0.01547267538722927	0.5770417168401432	0.3225508470382528	0.08493476073437474	0.016908822150917546	0.35248945451923425
18d3b88c-852a-4782-a6b4-9e6e1a93718d	60623	16908	37195	1409	5111	55512	0.2789040463190538	0.613546013889118	0.023242003859921152	0.08430793593190704	0.30458279290964113	0.025381899409136762
0aa1dbb1-235a-4de0-b101-8570c45c6809	60623	19969	38694	1610	350	60273	0.32939643369678173	0.6382726028075153	0.026557577157184566	0.0057733863385183845	0.3313092097622484	0.02671179466759577
52efbeb4-7b23-4c49-92f9-931a3eb99055	60623	584	1237	55039	3763	56860	0.00963330749055639	0.020404796859277832	0.9078897448163238	0.06207215083384194	0.010270840661273303	0.9679739711572283
aec31f5d-022d-4833-b0ce-a9c5cb1f6650	60623	6528	44874	5629	3592	57031	0.10768190290813717	0.7402141101562113	0.09285254771291424	0.05925143922273725	0.11446406340411355	0.09870070663323456
6fcbe6c9-4c01-4a0c-88a2-23f3399cd740	60623	574	59308	386	355	60268	0.00946835359517015	0.9783085627567095	0.0063672203619088465	0.0058558632862115035	0.009524125572443087	0.006404725559169045
5f925197-6100-4594-9351-99c693981f43	60623	631	17495	37202	5295	55328	0.010408590798871716	0.2885868399782261	0.6136614816158884	0.08734308760701384	0.011404713707345287	0.6723901098901099
40dd997d-cfdf-46f9-9c0a-f238b8d6f758	60623	2122	42660	10620	5221	55402	0.03500321660096003	0.7036933177176979	0.1751810369001864	0.08612242878115567	0.03830186635861521	0.19168983069203277
5dfdd1a3-8eee-4057-a850-ad01eccba02a	60623	39	46894	8735	4955	55668	0.0006433201920063342	0.7735347970242318	0.14408722761988024	0.08173465516388169	0.0007005820219874973	0.15691240928360997
4e6075a9-3c52-4222-8ac9-2663a8b25aa3	60623	66	48284	11467	806	59817	0.001088695709549181	0.796463388482919	0.1891526318394009	0.013295283968130907	0.001103365264055369	0.19170135580186234
05711fa9-46f4-43fd-a293-4969790f1004	60623	3038	43866	8599	5120	55503	0.05011299341833957	0.7235867575012784	0.1418438546426274	0.08445639443775464	0.054735780047925335	0.15492856242004938
bde9ee05-b6c2-49c7-a1d4-7fa823a087d9	60623	3	54310	1372	4938	55685	4.948616861587186e-05	0.895864605842667	0.022631674446992066	0.08145423354172508	5.387447247912364e-05	0.024638592080452545
4d8076da-3213-43d0-a97a-a718b1e0da92	60623	0	0	59820	803	59820	0.0	0.0	0.9867542022004849	0.013245797799515036	0.0	1.0
a2dd99bf-3a02-42cd-9aa8-80a018584ee6	60623	795	27907	26746	5175	55448	0.013113834683206043	0.4603368358543787	0.44118568860003626	0.08536364086237896	0.014337757899293032	0.4823618525465301
a4b18666-1f38-4bc8-9472-d0ea63ae5a2d	60623	15117	36143	4106	5257	55366	0.24936080365537833	0.5961928640944856	0.06773006944558996	0.08671626280454613	0.2730376043058917	0.07416103745981288
3cd44397-0d84-43fa-b636-fcb9da71c496	60623	18912	36103	5243	365	60258	0.3119608069544562	0.5955330485129406	0.08648532735100539	0.006020817181597743	0.31385044309469284	0.08700919379999336
87a57810-8b62-4af1-adb9-4715a71ed632	60623	6799	45845	4191	3788	56835	0.11215215347310427	0.7562311333982152	0.06913217755637299	0.06248453557230754	0.1196269904108384	0.07373977302718396
33b05d64-7194-4a95-839a-99b33640242d	60623	0	58403	3	2217	58406	0.0	0.9633802352242549	4.948616861587186e-05	0.03657027860712931	0.0	5.136458583022292e-05
c8a9e194-fbb4-4cc5-8cda-665540e8acdc	60623	0	3564	51826	5233	55390	0.0	0.05878956831565577	0.8548900582287251	0.08632037345561916	0.0	0.9356562556418127
2121d215-5078-4273-8eb2-29273f90a361	60623	53	6560	53205	805	59818	0.0008742556455470696	0.10820975537337314	0.8776372004024875	0.013278788578592283	0.0008860209301548028	0.8894479922431375
a657afdb-5322-454f-8dd7-8397291401c5	60623	397	51518	3765	4943	55680	0.00654866964683371	0.8498094782508289	0.06210514161291919	0.08153671048941821	0.007130028735632184	0.06761853448275862
8ed957c3-4d09-4d1c-ad6d-d7e7b7fcc517	60623	1650	54623	3963	387	60236	0.027217392738729525	0.9010276627682563	0.06537122874156673	0.00638371575144747	0.02739225712198685	0.0657912211966266
ba9e5603-bb1d-4aa8-93e4-40043164f143	60623	48	55590	10	4975	55648	0.0007917786978539498	0.9169787044521056	0.00016495389538623954	0.08206456295465417	0.0008625646923519264	0.000179700977573318
8d10297b-def9-4f00-b231-b1448967fa7a	60623	2442	57376	2	803	59820	0.040281741253319694	0.946439470168088	3.299077907724791e-05	0.013245797799515036	0.040822467402206616	3.3433634236041456e-05
ecade2c1-9de2-4b05-b30c-4c8b81c65ae1	60623	0	32819	22653	5151	55472	0.0	0.5413621892680995	0.3736700592184484	0.08496775151345198	0.0	0.40836818575137007
4f63b73f-95c5-4515-b3a7-58a4a348368f	60623	529	36474	23271	349	60274	0.008726061065932073	0.6016528380317702	0.38386420995331805	0.00575689094897976	0.008776586919733218	0.38608686996051367
f235afbb-dc2a-41dd-b373-77c0aacefb37	60623	516	50129	4857	5121	55502	0.00851162100192996	0.8268973821816802	0.08011810698909655	0.08447288982729327	0.009296962271629851	0.0875103599870275
7a567e2e-3a9b-4631-8dcb-94811af1f5e8	60623	3040	51466	5314	803	59820	0.050145984197416824	0.8489517179948205	0.08765650000824769	0.013245797799515036	0.05081912403878302	0.08883316616516215
ec60d3a7-14ff-4171-9d46-a2b6f898c5f1	60623	2796	24380	28006	5441	55182	0.046121109149992574	0.40215759695165204	0.4619698794187025	0.08975141447965293	0.05066869631401544	0.5075205683012577
714540a7-9c0c-4a39-8292-21e8fab6771f	60623	5320	25525	28974	804	59819	0.08775547234547944	0.42104481797337645	0.4779374164920905	0.01326229318905366	0.08893495377722797	0.4843611561543991
082def2f-4d99-4270-83e7-5a9a5c049c23	60623	66	11240	44038	5279	55344	0.001088695709549181	0.18540817841413326	0.7264239645019217	0.08707916137439585	0.0011925411968777104	0.7957140792136456
a172cf89-8820-4a84-97ef-6731e7ae71e2	60623	18	47333	8331	4941	55682	0.00029691701169523116	0.7807762730316876	0.13742309024627616	0.08150371971034095	0.0003232642505657124	0.14961747063683056
90be4505-6489-43d9-b536-e90418dae2ed	60623	1	2392	57427	803	59820	1.6495389538623956e-05	0.0394569717763885	0.9472807350345578	0.013245797799515036	1.6716817118020728e-05	0.9599966566365764
f4271689-b9a3-4493-9be0-3cb059e626a7	60623	4144	43307	9346	3826	56797	0.06835689424805767	0.7143658347491876	0.1541659106279795	0.06311136037477524	0.07296160008451151	0.16455094459214395
dd9d94d7-7d9c-49ee-8f89-adac3ca0fd65	60623	7	4037	55776	803	59820	0.00011546772677036768	0.0665918875674249	0.9200468469062897	0.013245797799515036	0.0001170177198261451	0.9323971915747242
7e5e20f6-5276-4cba-a73f-1580df93aa58	60623	14782	40556	158	5127	55496	0.2438348481599393	0.6689870181284331	0.002606271547102585	0.08457186216452502	0.26636153957041947	0.0028470520397866515
48074656-c3bb-46d3-920e-aafe63fa067e	60623	9	4	59806	804	59819	0.00014845850584761558	6.598155815449583e-05	0.9865232667469442	0.01326229318905366	0.0001504538691720022	0.9997826777445293
a08a26d6-153c-4e79-a4cc-dbbe1620dc8f	60623	6017	44693	5048	4865	55758	0.09925275885390034	0.7372284446497204	0.08326872639097373	0.08025007010540554	0.10791276588112916	0.09053409376233007
6caaa7a0-2865-4ec8-bb63-8e18b1e53703	60623	8786	45795	5239	803	59820	0.14492849248635006	0.755406363921284	0.0864193457928509	0.013245797799515036	0.14687395519893012	0.0875794048813106
d52f3d05-1850-473e-8e1e-ab2b4f88af2a	60623	2	55657	34	4930	55693	3.299077907724791e-05	0.9180838955511934	0.0005608432443132144	0.0813222704254161	3.591115580054944e-05	0.0006104896486093405
ce518719-0573-4214-9f1e-4387673a57d8	60623	2383	57668	220	352	60271	0.039308513270540885	0.9512561239133662	0.00362898569849727	0.005806377117595632	0.039538086310165754	0.0036501800202419074
019736e0-3672-4aa7-a00d-891bdd1f7f5c	60623	18	55647	0	4958	55665	0.00029691701169523116	0.9179189416558072	0.0	0.08178414133249756	0.00032336297493936947	0.0
bfb18bc1-2476-49d5-9400-d8c7ea001372	60623	0	131	55242	5250	55373	0.0	0.002160896029559738	0.9112383088926646	0.08660079507777577	0.0	0.9976342260668557
a2412f6f-324e-4ef2-bd46-0d33596a033b	60623	3175	38003	14401	5044	55579	0.05237286178513106	0.6268742886363261	0.23755010474572358	0.08320274483281923	0.057125892873207504	0.25910865614710593
03cde413-3796-4e16-8ef7-6ff0b8629f30	60623	3236	41692	14891	804	59819	0.05337908054698712	0.6877257806443099	0.24563284561964932	0.01326229318905366	0.05409652451562213	0.248934285093365
91bec9df-1d87-41e0-81f0-7b7b33a8a72a	60623	0	3844	55975	804	59819	0.0	0.06340827738647048	0.9233294294244758	0.01326229318905366	0.0	0.9357394807669804
2ea59e5d-2191-44f4-b70b-8b180e805b8d	60623	5	13949	41188	5481	55142	8.247694769311977e-05	0.23009418867426554	0.6794121043168434	0.09041123006119789	9.067498458525262e-05	0.746944253019477
86158696-60a3-45b7-8351-d800f57ef23b	60623	9003	43543	2807	5270	55353	0.14850799201623147	0.7182587466803029	0.04630255843491744	0.08693070286854825	0.1626470110021137	0.050710891911910826
5fca30b8-1c68-4449-8070-ce5127cb0bfa	60623	9593	47283	2942	805	59818	0.1582402718440196	0.7799515035547564	0.048529436022631676	0.013278788578592283	0.16036978835801932	0.04918252031161189
f1f8ef32-d706-4ac1-929b-f678491f2fd8	60623	556	13378	41354	5335	55288	0.00917143658347492	0.22067532124771128	0.682150338980255	0.0880029031885588	0.010056431775430473	0.7479742439589061
34fc02b6-8c85-4b5f-8cc3-fa21b2e8b53a	60623	593	9269	49953	808	59815	0.009781765996404006	0.15289576563350543	0.8239941936228824	0.013328274747208156	0.009913901195352336	0.8351249686533478
ce97b1c6-7a17-4cd3-888d-b55e4e585459	60623	2733	51575	1361	4954	55669	0.04508189960905927	0.8507497154545305	0.0224502251620672	0.08171815977434307	0.04909375056135372	0.024448077026711455
13f76905-ecc0-41a7-876f-203a0974027b	60623	2811	53045	3962	805	59818	0.04636853999307194	0.8749979380763077	0.06535473335202811	0.013278788578592283	0.04699254405028587	0.06623424387308167
6a3170a2-0064-44eb-a247-4712d6a85c9b	60623	3346	49488	2790	4999	55624	0.055193573396235755	0.8163238374874222	0.046022136812760836	0.08246045230358115	0.06015389040701855	0.050158205091327485
1643f83b-1314-4628-82a1-85f6793efd4e	60623	3476	52987	3356	804	59819	0.057337974036256865	0.8740412054830675	0.055358527291621995	0.01326229318905366	0.058108627693542185	0.05610257610458216
1aba77ba-8c2c-4060-83e8-fb3bdd2270aa	60623	9190	43974	2457	5002	55621	0.15159262985995414	0.7253682595714498	0.04052917209639906	0.08250993847219702	0.16522536452059475	0.04417396307150177
cc8bda91-9a72-47dd-97c6-ca5e09fca229	60623	0	55780	0	4843	55780	0.0	0.9201128284644442	0.0	0.07988717153555581	0.0	0.0
68297300-c83e-41e4-89db-46ee316ad808	60623	18	59802	0	803	59820	0.00029691701169523116	0.9864572851887897	0.0	0.013245797799515036	0.00030090270812437313	0.0
3e51f010-457d-465e-b7b3-7f65761cd28c	60623	7045	38450	9779	5349	55274	0.11621001929960575	0.6342477277600911	0.16130841429820364	0.08823383864209954	0.12745594673806854	0.17691862358432536
258dd9ce-a865-44d8-a665-f52f3cd368c1	60623	7896	40593	6779	5355	55268	0.13024759579697476	0.6695973475413622	0.11182224568233179	0.08833281097933128	0.14286748208728378	0.12265687196931316
6de71018-d57a-4b0f-a2d3-5ca317889dd1	60623	7108	43149	5033	5333	55290	0.11724922884053907	0.711759563202085	0.08302129554789436	0.08796991240948154	0.12855850967625249	0.09102911918972689
77204666-6ad8-40b2-b121-601fd18bffdb	60623	5	5513	50213	4892	55731	8.247694769311977e-05	0.09093908252643386	0.8282829949029247	0.08069544562294839	8.971667474116739e-05	0.9009886777556476
c48314ee-c778-4b82-8e5a-4923df4c8413	60623	2311	29146	25357	3809	56814	0.03812084522375996	0.48077462349273375	0.41827359253088764	0.06283093875261864	0.040676593797303484	0.4463160488611962
114d22e0-dde4-4af3-8bbc-1a1bc6af3a06	60623	2190	32035	25590	808	59815	0.03612490308958646	0.5284298038698184	0.422117018293387	0.013328274747208156	0.036612889743375406	0.4278191089191674
73f2fc25-c775-4567-8ca1-5732aa0dd156	60623	2923	30301	21956	5443	55180	0.04821602362139782	0.49982679840984445	0.36217277271002757	0.08978440525873019	0.0529720913374411	0.3978977890540051
59deafa9-ecdc-447d-b99b-0e7ea8d8c6c4	60623	6646	44361	8813	803	59820	0.1096283588736948	0.7317519753228973	0.1453738680038929	0.013245797799515036	0.11109996656636577	0.14732530926111667
31ee769f-14d5-4cc3-b25f-76ca354bdb1b	60623	10683	40820	3969	5151	55472	0.1762202464411197	0.6733418009666299	0.06547020107879847	0.08496775151345198	0.19258364580328816	0.071549610614364
b85efaf6-8cb4-4929-b29e-4655c107f61a	60623	7774	40245	9000	3604	57019	0.12823515827326262	0.6638569519819211	0.14845850584761558	0.05944938389720073	0.13634051807292305	0.15784212280117155
0230996e-7ee3-4360-a790-fb420d0b60ba	60623	83	59162	977	401	60222	0.0013691173317057883	0.9759002358840704	0.016115995579235605	0.006614651204988206	0.0013782338680216532	0.01622330709707416
a501e73e-031b-475f-9608-839f677560d5	60623	8536	42315	9380	392	60231	0.14080464510169408	0.6980024083268727	0.1547267538722927	0.00646619269914059	0.1417210406601252	0.15573375836363335
849016dc-fea2-4d92-9bee-24f41fa625e0	60623	3	36997	18508	5115	55508	4.948616861587186e-05	0.6102799267604705	0.30529666958085216	0.08437391749006153	5.4046263601643006e-05	0.33342941557973627
b9e728d2-143f-44d1-b2ee-0f6eccca507f	60623	0	55687	17	4919	55704	0.0	0.9185787572373522	0.0002804216221566072	0.08114082114049123	0.0	0.000305184546890708
2356b58d-d6f7-4296-b86a-fed06e740bab	60623	129	59679	12	803	59820	0.00212790525048249	0.9844283522755389	0.00019794467446348745	0.013245797799515036	0.002156469408224674	0.00020060180541624874
22b0fa6d-cad9-4937-b1f6-387fc7a6614d	60623	32	52719	2222	5650	54973	0.0005278524652359666	0.8696204410867162	0.036652755554822426	0.09319895089322534	0.0005821039419351318	0.04041984246812071
0441f0f0-c77b-4643-8020-3407b1558e2e	60623	143	57507	2165	808	59815	0.0023588407040232256	0.9486003661976478	0.03571251835112086	0.013328274747208156	0.002390704672740951	0.036194934381008105
2fcfeba3-1455-43c1-b10f-1559fd0e03cf	60623	24	45426	9521	5652	54971	0.0003958893489269749	0.7493195651815318	0.15705260379723868	0.09323194167230259	0.0004365938403885685	0.17320041476414838
0b30934d-0c35-41a1-8a1c-8c5f6a9774d9	60623	7	52668	3010	4938	55685	0.00011546772677036768	0.8687791762202465	0.049651122511258104	0.08145423354172508	0.0001257071024512885	0.05405405405405406
1c565c5a-8254-48bc-9b88-c582bfc15204	60623	64	7467	47997	5095	55528	0.0010557049304719332	0.12317107368490507	0.791729211685334	0.08404400969928905	0.0011525716755510734	0.8643747298660135
f6ce2f9b-b631-47e7-a32b-eaeaed4cf008	60623	775	8137	46518	5193	55430	0.012783926892433566	0.1342229846757831	0.7673325305577091	0.0856605578740742	0.013981598412412052	0.839220638643334
9b331160-9443-45dd-ba2a-da1966c552d5	60623	793	8608	50418	804	59819	0.013080843904128796	0.141992313148475	0.8316645497583426	0.01326229318905366	0.01325665758371086	0.8428425751015564
0881378b-2103-4d63-8173-430b34267eac	60623	0	7930	47816	4877	55746	0.0	0.13080843904128797	0.788743546178843	0.08044801477986903	0.0	0.8577476410863559
77abfd72-97d2-4abd-8633-99bedfffbe1d	60623	750	29709	24988	5176	55447	0.012371542153967966	0.49006152780297907	0.4121867937911354	0.0853801362519176	0.01352643064548127	0.4506645986257147
5452ad7b-5c57-485b-80c4-008d922ecee6	60623	235	2250	53213	4925	55698	0.003876416541576629	0.037114626461903895	0.8777691635187965	0.08123979347772298	0.004219182017307623	0.9553843944127258
44b788cc-e4f4-4a62-ac48-8fbee0b679d5	60623	142	2364	57314	803	59820	0.0023423453144846016	0.03899510086930703	0.9454167560166933	0.013245797799515036	0.0023737880307589435	0.95810765630224
76785e44-fd29-4077-8fbe-17214933e1be	60623	411	33758	21228	5226	55397	0.006779605100374445	0.5568513600448675	0.35016412912590933	0.08620490572884879	0.007419174323519324	0.3831976460819178
66f30142-d723-4c1c-8f1d-069a974030ef	60623	405	35393	24021	804	59819	0.0066806327631427015	0.5838213219405176	0.396235752107286	0.01326229318905366	0.006770424112740099	0.40156137682007387
0d1b5f70-169a-415f-93f3-efe0ccc0e4c7	60623	3223	49736	2726	4938	55685	0.053164640482985005	0.820414694093001	0.0449664318822889	0.08145423354172508	0.057879141600071835	0.04895393732603035
70f388b9-4642-41d8-8a78-8f76a8f37943	60623	165	52497	2995	4966	55657	0.0027217392738729525	0.8659584646091417	0.04940369166817874	0.08191610444880656	0.0029645866647501663	0.05381173976319241
066aaaaf-f945-4b04-9db5-d556f0c2bc08	60623	215	51701	3772	4935	55688	0.00354650875080415	0.852828134536397	0.06222060933968956	0.08140474737310921	0.0038607958626634105	0.06773452090216923
a3674348-7d0c-4d1a-b825-a335f79a4b79	60623	3	53206	2294	5120	55503	4.948616861587186e-05	0.8776536957920261	0.03784042360160335	0.08445639443775464	5.4051132371223176e-05	0.04133109921986199
bfc99c6d-7791-4037-9c74-a74be68e616a	60623	688	4707	49860	5368	55255	0.01134882800257328	0.07764379855830296	0.8224601223957904	0.08854725104333339	0.012451361867704281	0.9023617772147317
4b1ca823-0752-4f67-ad05-70bdbcdc73b6	60623	703	5204	53913	803	59820	0.01159625884565264	0.08584200715899906	0.8893159361958333	0.013245797799515036	0.011751922433968573	0.9012537612838516
3048539a-b914-4e43-b1cc-43ea707e3b3d	60623	869	51913	2873	4968	55655	0.014334493509064216	0.8563251571185854	0.04739125414446662	0.08194909522788381	0.015614050848980324	0.051621597340760036
28ca17ad-d2b5-4fb0-a89f-9b380a62b51f	60623	3409	53482	2929	803	59820	0.05623278293716906	0.8822064233046863	0.048314995958629564	0.013245797799515036	0.05698762955533267	0.04896355733868271
50560725-c72d-4bab-b602-5e50e6bececd	60623	262	55421	21	4919	55704	0.004321792059119476	0.9141909836200782	0.00034640318031110303	0.08114082114049123	0.004703432428550912	0.0003769926755708746
115b479f-fbc2-4e59-bfb9-f1d9cdf849cb	60623	2649	57160	11	803	59820	0.04369628688781486	0.9428764660277452	0.0001814492849248635	0.013245797799515036	0.04428284854563691	0.00018388498829822802
87cf1a20-2dc5-4c06-b0c4-16103be40ef0	60623	4723	35026	15666	5208	55415	0.07790772479092094	0.5777675139798426	0.2584167725120829	0.08590798871715355	0.08522963096634485	0.28270323919516377
1a058e77-7c20-4f50-ac89-185067ea7437	60623	24	14057	41224	5318	55305	0.0003958893489269749	0.23187569074443692	0.6800059383402339	0.0877224815664022	0.0004339571467317602	0.7453937257029202
b1399cb9-c870-4c6d-9afe-a85435437ef6	60623	5340	48179	2118	4986	55637	0.08808538013625192	0.7947313725813635	0.034937235042805534	0.08224601223957904	0.09597929435447634	0.03806819203048331
853f8fd1-2cb5-47de-847c-5c047ab2d6bd	60623	521	6923	52785	394	60229	0.00859409794962308	0.11419758177589363	0.8707091367962655	0.006499183478217838	0.008650317953145494	0.876405054043733
18364fcc-5f9c-4e3f-8a9e-56ed18ac893e	60623	3471	47674	4458	5020	55603	0.05725549708856375	0.7864012008643584	0.07353644656318559	0.08280685548389226	0.06242468931532471	0.08017553009729692
c24759f8-566b-42da-a26d-bb0bf51ee15f	60623	3	3509	51548	5563	55060	4.948616861587186e-05	0.05788232189103146	0.8503043399369876	0.09176385200336507	5.448601525608427e-05	0.9362150381402107
1f464f7c-dc4d-4dc2-8623-55233b9f994d	60623	2793	24071	28640	5119	55504	0.04607162298137671	0.39706052158421723	0.47242795638619006	0.08443989904821603	0.05032069760737965	0.515998846929951
badb214a-6225-4c0c-b0aa-a8b034e236ca	60623	1992	53712	0	4919	55704	0.03285881596093892	0.8860003628985699	0.0	0.08114082114049123	0.03576044808272297	0.0
9a47736c-370d-41ba-b4ec-3adfe6a058e4	60623	2033	57787	0	803	59820	0.0335351269320225	0.9532190752684625	0.0	0.013245797799515036	0.033985289200936145	0.0
d463f9a9-109e-40a8-8ee9-d16545b0c151	60623	213	55472	0	4938	55685	0.0035135179717269024	0.915032248486548	0.0	0.08145423354172508	0.0038250875460177788	0.0
807b3096-9816-41ac-8fdc-dcf12ba5b4cd	60623	2610	57210	0	803	59820	0.04305296669580852	0.9437012355046764	0.0	0.013245797799515036	0.043630892678034106	0.0
f954eaaa-3a62-4fe9-8568-ad2386548edd	60623	9833	42526	3198	5066	55557	0.16219916533328935	0.7014829355195223	0.05275225574451941	0.08356564340266895	0.17698939827564483	0.057562503374912255
d1836828-27ec-485d-a759-887019cb59eb	60623	11223	46361	2227	812	59811	0.18512775679197666	0.7647427544001452	0.03673523250251555	0.01339425630536265	0.1876410693685108	0.03723395362057147
4794413c-ed92-451c-a3ce-f411fed5ca82	60623	2789	48576	4174	5084	55539	0.04600564142322221	0.8012800422281973	0.06885175593421639	0.08386256041436418	0.05021696465546733	0.07515439601001098
0cf35153-2c04-4bdd-91e0-d63cb98da5bf	60623	15	44128	11639	4841	55782	0.00024743084307935934	0.7279085495603979	0.1919898388400442	0.07985418075647857	0.00026890394750994943	0.20865153633788677
d664f620-cfee-4700-b00e-68b65387883c	60623	0	11593	43920	5110	55513	0.0	0.1912310509212675	0.7244775085363641	0.08429144054236841	0.0	0.791166033181417
9a6c98f6-f3b0-4bb7-9825-ed33c33c33d0	60623	662	13292	46309	360	60263	0.010919947874569057	0.2192567177473896	0.7638849941441367	0.005938340233904623	0.010985181620563198	0.7684483016112706
f5acd8b8-32c4-4f3c-aacd-259f8e1fdfee	60623	1024	53239	1438	4922	55701	0.01689127888755093	0.8781980436468008	0.023720370156541246	0.0811903073091071	0.018383871025654835	0.02581641263173013
86ddee33-604f-4991-939c-5aaf3ee5a6fe	60623	3424	54812	1584	803	59820	0.05648021378024842	0.9041452913910561	0.026128697029180345	0.013245797799515036	0.05723838181210297	0.026479438314944835
92058c44-a484-4e08-b1fe-dfe2f03a0aa1	60623	2692	51238	1482	5211	55412	0.04440558863797569	0.8451907691800142	0.0244461672962407	0.08595747488576942	0.04858153468562766	0.02674510936259294
f66358d4-9319-4c23-983d-ab5056daacf1	60623	106	55597	0	4920	55703	0.0017485112910941391	0.917094172178876	0.0	0.08115731653002986	0.0019029495718363464	0.0
138366fa-83e0-40d6-bf9b-785c019c9e71	60623	107	58233	64	2219	58404	0.0017650066806327632	0.9605760190026887	0.0010557049304719332	0.036603269386206554	0.0018320662968289844	0.0010958153551126634
3de77930-3151-4658-871e-20a8b7adb9e8	60623	106	59631	81	805	59818	0.0017485112910941391	0.9836365735776851	0.0013361265526285403	0.013278788578592283	0.0017720418603096057	0.0013541074592931894
699d9e14-0968-4773-b077-17db941f5c38	60623	1151	12192	41826	5454	55169	0.018986193358956172	0.20111178925490325	0.6899361628424855	0.08996585454365505	0.02086316590839058	0.7581431601080317
050211b5-3b6d-46f2-98ef-ba18b54ecb92	60623	1150	13756	44905	812	59811	0.018969697969417547	0.22691057849331112	0.7407254672319087	0.01339425630536265	0.01922723244888064	0.7507816287973784
2e4b5ba3-ccc8-40f6-80ac-edaea1685204	60623	27	10291	48070	2235	58388	0.00044537551754284676	0.1697540537419791	0.7929333751216535	0.03686719561882454	0.00046242378570939235	0.8232856066314996
e0630a0d-d4aa-4c20-87ea-441ea60e6cfe	60623	12	56887	303	3421	57202	0.00019794467446348745	0.9383732246837009	0.004998103030203058	0.05643072761163255	0.00020978287472465997	0.0052970175867976645
d6023f30-0d07-4839-98d1-0b22b366cc51	60623	6028	48138	2662	3795	56828	0.0994342081388252	0.7940550616102799	0.04391072695181697	0.0626000032990779	0.10607447033152671	0.04684310551136764
c8af8732-0e02-4100-a2f6-8c7823fd01b9	60623	33	5726	52642	2222	58401	0.0005443478547745904	0.09445260049816076	0.8683502960922422	0.036652755554822426	0.000565058817486002	0.901388674851458
5d1a5545-6934-41e5-b41b-8e0ee88e6ec6	60623	751	6416	47937	5519	55104	0.01238803754350659	0.1058344192798113	0.7907394883130165	0.0910380548636656	0.01362877468060395	0.8699368466898955
c216cce6-3e13-466e-942d-348f9f803ab2	60623	1599	6244	47674	5106	55517	0.026376127872259705	0.10299721227916797	0.7864012008643584	0.08422545898421391	0.028801988580074572	0.8587279572022984
a8f58944-c400-4117-a0b0-ecf0f74947f1	60623	1607	6534	51677	805	59818	0.026508090988568694	0.10778087524536892	0.8524322451874701	0.013278788578592283	0.02686482329733525	0.8639038416530141
3d164bd9-7416-47af-a102-29954e3efe2c	60623	9328	45923	136	5236	55387	0.15386899361628426	0.7575177737822278	0.0022433729772528576	0.08636985962423503	0.168414971022081	0.0024554498347987793
163000c7-0633-4d89-a84f-f487517248db	60623	4	33279	21784	5556	55067	6.598155815449583e-05	0.5489500684558666	0.35933556570938424	0.09164838427659469	7.263878547950679e-05	0.3955908257213939
183a47b2-1b00-4a72-adeb-f35b55692ee1	60623	2388	24331	31639	2265	58358	0.039390990218234	0.40134932286425945	0.5218976296125233	0.03736205730498326	0.04091983961067891	0.5421536036190411
6ae685e1-cd02-4c07-839d-0f2507077955	60623	11275	42491	1949	4908	55715	0.18598551704798508	0.7009055968856704	0.032149514210778087	0.08095937185556637	0.20236920039486672	0.0349816027999641
cc3a7053-34f6-412f-85b8-de4c8b481d7e	60623	88	2351	54098	4086	56537	0.001451594279398908	0.038780660805304915	0.8923675832604787	0.06740016165481748	0.0015565028211613633	0.9568601093089482
2089eca2-f75c-4a35-ade9-b67cc8892efe	60623	373	4241	55197	812	59811	0.006152780297906735	0.0699569470333042	0.9104960163634265	0.01339425630536265	0.006236311046463025	0.922856999548578
7e2ed541-38ee-473f-ac5d-3cae6f5d9a56	60623	5035	48199	2350	5039	55584	0.08305428632697161	0.795061280372136	0.03876416541576629	0.08312026788512611	0.0905836211859528	0.042278353483016694
2c9b563c-6f22-4a54-a232-ce7974b30458	60623	429	59140	245	809	59814	0.0070765221120696765	0.9755373373142207	0.0040413704369628685	0.01334477013674678	0.007172233925168021	0.004096031029524861
c90925f3-2126-478f-b0d4-f3b2c50cfbf9	60623	836	6351	48253	5183	55440	0.013790145654289626	0.10476221895980073	0.7959520314072217	0.08549560397868795	0.01507936507936508	0.8703643578643578
20ef97c3-a55c-432f-a80d-1e70e7bd3d2c	60623	916	9762	49123	822	59801	0.015109776817379543	0.16102799267604703	0.8103030203058246	0.01355921020074889	0.015317469607531647	0.8214411130248658
c6e14fab-a2a2-4102-8b70-2865757d2f48	60623	5879	46333	3144	5267	55356	0.09697639509757022	0.7642808834930637	0.051861504709433716	0.08688121669993237	0.10620348291061493	0.05679601127249079
86fcee08-7bed-4b8c-a97a-c5469f344ccd	60623	5655	50223	3942	803	59820	0.09328142784091846	0.8284479487983109	0.06502482556125563	0.013245797799515036	0.09453360080240722	0.0658976930792377
3182e60d-be44-4f03-ba0c-431e0c1f1d5e	60623	15009	32756	6643	6215	54408	0.24757930158520694	0.5403229797271663	0.10957887270507893	0.10251884598254787	0.27586016762240845	0.12209601529186884
7b2cc917-cd91-486b-bb9b-4c57cf4e86e0	60623	9	5803	49261	5550	55073	0.00014845850584761558	0.0957227454926348	0.8125793840621546	0.09154941193936295	0.00016341946144208595	0.8944673433442885
75984668-b821-4fd2-a80d-674ad145d56f	60623	113	6083	52186	2241	58382	0.001863979017864507	0.10034145456344952	0.8608283984626297	0.036966167956056284	0.0019355280737213525	0.8938713987187832
63aa7e64-3d7c-43e8-87fa-f52855faed80	60623	0	57399	2421	803	59820	0.0	0.9468188641274764	0.03993533807300859	0.013245797799515036	0.0	0.04047141424272818
7b420e74-ed0d-416b-8355-9a80a61d6a4b	60623	7258	41513	6045	5807	54816	0.11972353727133266	0.6847731059168962	0.0997146297609818	0.09578872705078931	0.13240659661412726	0.11027802101576183
69f11430-f6f2-46bd-ba02-f09cec02e168	60623	9585	41737	3678	5623	55000	0.15810830872771062	0.688468073173548	0.060670042723058905	0.09275357537568249	0.17427272727272727	0.06687272727272728
5f236673-bc37-4687-854f-51dd4410081e	60623	10110	44407	3876	2230	58393	0.16676838823548817	0.732510763241674	0.06393612985170645	0.036784718671131415	0.17313719110167314	0.06637781925915777
a3ac21e2-b92b-4597-a870-8444ddc6b4d6	60623	1671	50802	3012	5138	55485	0.027563795919040627	0.8379987793411742	0.04968411329033535	0.08475331144944988	0.03011624763449581	0.054284941876182755
116bee42-9c55-451a-9ea0-b589539bbea3	60623	1926	54859	3035	803	59820	0.031770120251389734	0.9049205746993715	0.0500635072497237	0.013245797799515036	0.03219658976930792	0.05073553995319291
e8232960-f69e-4491-9cf0-ed7bdcf20031	60623	0	3480	51266	5877	54746	0.0	0.05740395559441136	0.8456526400870956	0.09694340431849298	0.0	0.9364337120520221
21521e78-b89a-4556-9944-76a15444e3b7	60623	524	3685	56056	358	60265	0.008643584118238953	0.06078551044982927	0.9246655559771044	0.005905349454827376	0.008694930722641665	0.9301584667717581
14423610-4958-43f4-9a75-1a61c1293024	60623	22187	32402	3808	2226	58397	0.36598320769344966	0.5344836118304934	0.06281444336308002	0.03671873711297692	0.3799339007140778	0.06520882922067914
2fa19af2-6fa0-4164-a0bb-8524d6085d80	60623	0	4555	50712	5356	55267	0.0	0.07513649934843211	0.836514194282698	0.0883493063688699	0.0	0.9175819204950513
250fac03-1a72-4265-bb53-fbb41b484bf1	60623	0	4369	55451	803	59820	0.0	0.07206835689424806	0.9146858453062369	0.013245797799515036	0.0	0.9269642260113674
357e1eca-0f5c-49d6-b437-0ed0afe3b178	60623	14368	36377	4175	5703	54920	0.237005756890949	0.6000527852465236	0.06886825132375501	0.09407320653877241	0.2616168973051712	0.07601966496722505
476b6ab5-f108-4280-9d53-7eb75fe17e4a	60623	293	8729	45826	5775	54848	0.004833149134816818	0.1439882552826485	0.7559177209969813	0.09526087458555334	0.00534203617269545	0.8355090431738623
30ddb3bd-5ecd-431a-9e50-baa874f286de	60623	303	8875	50630	815	59808	0.004998103030203058	0.14639658215528759	0.8351615723405308	0.013443742473978523	0.00506621187800963	0.8465422685928304
a28d9c46-4774-4167-8c1e-ee95436c7b2e	60623	11766	39326	4240	5291	55332	0.19408475331144945	0.6486976889959256	0.06994045164376557	0.08727710604885934	0.21264367816091953	0.07662835249042145
8511971e-372e-4dc1-96a9-3fea2298393b	60623	0	9568	50250	805	59818	0.0	0.157827887105554	0.8288933243158537	0.013278788578592283	0.0	0.840048146042997
b2905a3f-810b-4e74-af5c-42d513d91746	60623	18824	30146	6282	5371	55252	0.3105092126750573	0.49727001303135776	0.10362403708163569	0.08859673721194926	0.34069354955476727	0.1136972417288062
669a4076-13de-42dc-895c-85d040422042	60623	326	16408	41658	2231	58392	0.0053774969895914095	0.2706563515497418	0.6871649373999967	0.036801214060670044	0.0055829565693930674	0.7134196465269215
78f8b01e-292f-4131-a3ef-4f9faec7913a	60623	0	2084	52903	5636	54987	0.0	0.03437639179849232	0.872655592761823	0.09296801543968461	0.0	0.962100132758652
a76bc38a-9eef-4e6c-b021-f940ff5137b8	60623	11	11953	44453	4206	56417	0.0001814492849248635	0.19716939115517212	0.7332695511604507	0.06937960839945236	0.00019497669142279808	0.7879362603470585
dfb7fb86-5f46-4666-a008-395aa0881267	60623	60	54279	1365	4919	55704	0.0009897233723174374	0.8953532487669696	0.0225162067202217	0.08114082114049123	0.001077121930202499	0.024504523912106852
980758fb-9853-458d-81d2-be3377eeb4e6	60623	60	58369	1391	803	59820	0.0009897233723174374	0.9628193919799416	0.02294508684822592	0.013245797799515036	0.0010030090270812437	0.023253092611166835
9de14345-b948-4929-aad7-8abc4e2d35ba	60623	3424	56122	273	804	59819	0.05648021378024842	0.9257542516866536	0.00450324134404434	0.01326229318905366	0.057239338671659507	0.004563767364884067
14193a12-5601-4f0c-90aa-ecd24d6ac41b	60623	19644	33072	2660	5247	55376	0.32403543209672897	0.5455355228213714	0.04387773617273972	0.0865513089091599	0.35473851488009245	0.04803524992776654
d79df987-e362-43f5-acbd-b19522bace7d	60623	990	12505	41133	5995	54628	0.016330435643237714	0.20627484618049255	0.6785048578922191	0.09888986028405061	0.018122574503917403	0.7529655121915502
5098613f-f43f-4cca-ad12-7f1cb8fef4b7	60623	1035	13878	44905	805	59818	0.017072728172475793	0.22892301601702325	0.7407254672319087	0.013278788578592283	0.01730248420207964	0.7506937711056872
5a800052-150a-4273-9d5d-0ce48be4fd8a	60623	1741	53563	0	5319	55304	0.028718473186744305	0.8835425498573148	0.0	0.08773897695594081	0.03148054390279184	0.0
3e936c86-fbb5-415d-a657-f96fe5565e34	60623	8696	43920	4169	3838	56785	0.1434439074278739	0.7244775085363641	0.06876927898652327	0.06330930504923873	0.1531390331953861	0.07341727568900237
ef8c35b3-bdab-4a7e-b5ab-a0a99f4db803	60623	4095	43185	8118	5225	55398	0.0675486201606651	0.7123533972254755	0.13390957227454928	0.08618841033931016	0.07391963608794541	0.14653958626665223
adb9716c-39ea-45c1-9148-d4b22f9f0da3	60623	4406	45579	9834	804	59819	0.07267868630717714	0.7518433597809412	0.16221566072282798	0.01326229318905366	0.07365552750798242	0.16439592771527442
f05204c8-8301-4117-b826-b5fa194d28d2	60623	4050	46062	5227	5284	55339	0.06680632763142702	0.7598106329280966	0.08622140111838741	0.08716163832208898	0.07318527620665354	0.09445418240300692
956bbef7-737e-4ccb-83a1-a54d43c780fc	60623	3704	49122	5575	2222	58401	0.06109892285106313	0.8102865249162859	0.09196179667782854	0.036652755554822426	0.0634235715141864	0.09546069416619578
12ece355-f1d0-446c-84e9-0aed3e6d29f8	60623	89	11820	43096	5618	55005	0.001468089668937532	0.19497550434653516	0.7108853075565379	0.09267109842798937	0.0016180347241159894	0.783492409780929
270be245-2239-4e96-a917-79cca40868ba	60623	465	22002	35909	2247	58376	0.0076703561354601385	0.3629315606288043	0.5923329429424475	0.03706514029328803	0.00796560230231602	0.6151329313416473
58d073a2-68b8-4f48-ba5e-020258abef71	60623	3653	48059	3898	5013	55610	0.06025765798459331	0.7927519258367286	0.06429902842155617	0.08269138775712188	0.06568962416831504	0.07009530659953246
281f2be7-7fb2-46f2-9a4a-033db48329a1	60623	3984	43004	9951	3684	56939	0.06571763192187784	0.7093677317189846	0.16414562129884697	0.06076901506029065	0.06996961660724635	0.17476597762517782
69886602-a4f1-4ad4-ba56-a0e031c2e295	60623	0	7592	47597	5434	55189	0.0	0.12523299737723306	0.7851310558698844	0.08963594675288257	0.0	0.8624363550707569
12519edf-a14b-472e-98cc-d1825f3c2d39	60623	0	7780	52040	803	59820	0.0	0.12833413061049437	0.8584200715899906	0.013245797799515036	0.0	0.8699431628217987
b1379238-cffe-492c-acaa-f8f0b0f733ff	60623	1016	14131	41508	3968	56655	0.01675931577124194	0.2330963495702951	0.6846906289692031	0.06545370568925986	0.017933103874327068	0.7326449563145353
6f8b48ba-ef24-4d33-a0c3-bc900a6c8cd2	60623	43	1029	53950	5601	55022	0.00070930175016083	0.016973755835244048	0.8899262656087623	0.09239067680583277	0.0007815055795863473	0.9805168841554287
244bc31c-747c-4349-9992-03c506cf5d6a	60623	1232	8895	49664	832	59791	0.020322319911584712	0.14672648994606008	0.8192270260462201	0.01372416409613513	0.02060510779214263	0.8306266829455938
b884af8f-ff0c-4cac-9a26-f4f27b35f8e7	60623	6360	47234	2924	4105	56518	0.10491067746564835	0.7791432294673639	0.04823251901093644	0.06771357405605133	0.1125305212498673	0.05173573020984465
38351274-be7a-4c12-adaf-9678688e6640	60623	6380	50469	2971	803	59820	0.10524058525642083	0.8325058146248123	0.04900780231925177	0.013245797799515036	0.10665329321297225	0.04966566365763959
f4f60d69-6c0d-4a73-90fa-ee369de95fdd	60623	2282	16850	36047	5444	55179	0.037642478927139865	0.27794731372581366	0.5946093066987777	0.0898009006482688	0.041356313090124865	0.65327389042933
25067aad-c602-4e7e-99d5-f4bc327c6fd9	60623	2441	19311	38059	812	59811	0.04026524586378107	0.3185424673803672	0.6277980304504891	0.01339425630536265	0.04081189078931969	0.6363210780625638
6292ad22-cf2f-4e72-a95d-2441d667a147	60623	21331	29056	5024	5212	55411	0.3518631542483876	0.4792900384342576	0.08287283704204675	0.08597397027530805	0.3849596650484561	0.09066791792243417
9992eeb9-901b-4a32-badc-e9be7c9ba4ba	60623	968	10070	43923	5662	54961	0.015967537073387987	0.16610857265394322	0.7245269947049799	0.09339689556768883	0.017612488855734066	0.7991666818289332
28462438-fe47-4880-82d9-ee43d534d8a3	60623	842	10224	43871	5686	54937	0.01388911799152137	0.1686488626428913	0.7236692344489715	0.0937927849166158	0.015326646886433551	0.7985692702550193
0927da66-1240-460c-96c4-9ea25a71f94a	60623	2007	9859	46500	2257	58366	0.033106246804018274	0.16262804546129356	0.7670356135460139	0.03723009418867427	0.034386457869307475	0.7966967069869445
8df411bb-1d82-4470-84ff-e2d335698d42	60623	967	5340	52095	2221	58402	0.015951041683849365	0.08808538013625192	0.8593273180146149	0.036636260165283804	0.01655765213520085	0.8920071230437314
cb914f76-be58-463e-b9df-c7cb2811bd3c	60623	4928	48418	3576	3701	56922	0.08128927964633885	0.7986737706810947	0.05898751299011926	0.06104943668244726	0.08657461087101648	0.06282281016127332
edf2dbbe-b055-4d90-bc41-72355621b99e	60623	513	10343	44445	5322	55301	0.00846213483331409	0.17061181399798755	0.7331375880441416	0.08778846312455668	0.00927650494566102	0.8036925191226199
df498d83-c320-43da-8393-1f778b64a611	60623	689	10155	47539	2240	58383	0.011365323392111906	0.16751068076472625	0.7841743232766442	0.036949672566517655	0.011801380538855488	0.8142610006337462
3f104cf7-8de8-4e77-8baa-bad1bbb493ac	60623	7085	44189	7065	2284	58339	0.11686983488115071	0.7289147683222539	0.11653992709037823	0.037675469706217116	0.12144534530931281	0.12110252146934297
9ebe5223-7566-4026-83ae-812283a8aaeb	60623	3249	48106	4110	5158	55465	0.05359352061098923	0.7935272091450439	0.06779605100374446	0.08508321924022236	0.05857748129451005	0.07410078427837374
19384739-bc02-417c-b773-fc44feefb4c9	60623	3364	51968	4485	806	59817	0.055490490407930984	0.8572324035432096	0.07398182208072844	0.013295283968130907	0.05623819315579183	0.07497868498921711
bed56886-f4fe-4917-b32a-18b3d3f47c24	60623	2184	14225	38748	5466	55157	0.03602593075235472	0.23464691618692576	0.639163353842601	0.09016379921811854	0.039596062149863116	0.7025037619885055
2bd0e061-f49d-4f0c-a76d-1a647860e0d0	60623	0	6267	50792	3564	57059	0.0	0.10337660623855632	0.8378338254457879	0.05878956831565577	0.0	0.89016631907324
aa5103b4-c25d-4ca4-847b-a1ece4c14aff	60623	1672	50978	2294	5679	54944	0.027580291308579252	0.840901967899972	0.03784042360160335	0.09367731718984544	0.030430984274898078	0.04175160163075131
3e1ee95c-87b6-43c7-bb91-5c92b0a008b5	60623	1721	55413	2686	803	59820	0.028388565395971826	0.9140590205037692	0.044306616300743944	0.013245797799515036	0.028769642260113675	0.04490137077900368
0201cf15-d073-447f-b96e-eca0800b8cff	60623	14008	36249	6856	3510	57113	0.23106741665704436	0.5979413753855797	0.11309239067680583	0.05789881728057008	0.24526815260973858	0.12004272232241346
b7542984-1410-45e6-b936-8333ff902eb4	60623	12037	30639	12542	5405	55218	0.19855500387641653	0.5054022400738993	0.20688517559342165	0.08915758045626247	0.2179905103408309	0.2271360788148792
2a206224-13a9-44a4-926a-a80e61adaebc	60623	449	13785	44142	2247	58376	0.007406429902842156	0.2273889447899312	0.7281394850139387	0.03706514029328803	0.007691517061806222	0.7561669179114705
6b4d9ae9-5776-4efa-86ac-3772b179d59f	60623	1300	53085	2709	3529	57094	0.02144400640021114	0.8756577536578526	0.044686010260132296	0.05821222968180394	0.022769467895050268	0.04744806809822398
b9eeeaf9-5a04-4f93-b2fb-897377bd57f4	60623	10215	22892	23641	3875	56748	0.1685004041370437	0.37761245731817955	0.3899675040826089	0.06391963446216782	0.1800063438359061	0.4165961796010432
6bfd7e43-77e4-4666-9b28-c5d4cdcd6ad7	60623	2681	49902	3088	4952	55671	0.04422413935305082	0.8231529287564125	0.05093776289527077	0.08168516899526582	0.048157927825977616	0.05546873596666128
5b93458d-adcf-4843-995b-94dbcd85921e	60623	5165	51351	3304	803	59820	0.08519868696699273	0.8470547481978787	0.054500767035613545	0.013245797799515036	0.08634236041457706	0.05523236375794049
4a7c76a9-c3a2-4b57-a57a-de055152dcf8	60623	12939	35431	6187	6066	54557	0.21343384524025535	0.5844481467429853	0.1020569750754664	0.10006103294129291	0.2371648001173085	0.11340432941694008
07e65fe5-2cdd-457d-81ca-e9c54d5b1455	60623	13790	39056	6970	807	59816	0.22747142173762433	0.6442439338204972	0.11497286508420897	0.013311779357669532	0.2305403236592216	0.11652400695466096
0ac12a02-8fe3-4c1b-a885-848aa924a339	60623	5	10272	46409	3937	56686	8.247694769311977e-05	0.16944064134074527	0.7655345330979991	0.0649423486135625	8.820520057862611e-05	0.8187030307306918
e70a8d1b-f29d-412f-8c90-85862a2b75ad	60623	26707	21073	7513	5330	55293	0.44054236840802996	0.3476073437474226	0.12392986160368177	0.08792042624086568	0.48300869911200334	0.1358761506881522
4f52879d-9cb9-4c91-9176-91a862c59a4d	60623	27061	24733	8018	811	59812	0.44638173630470285	0.40798046945878624	0.13226003332068687	0.013377760915824027	0.4524342941215809	0.1340533672172808
ef5821f3-677a-4bd3-9d99-d9cdd533cdb5	60623	3462	42704	9078	5379	55244	0.05710703858271613	0.7044191148573974	0.14974514623162827	0.08872870032825825	0.06266743899790023	0.16432553761494462
d82c9020-b1ee-4be1-9249-0d251320004d	60623	5922	44003	9892	806	59817	0.09768569684773105	0.7258466258680699	0.16317239331606817	0.013295283968130907	0.09900195596569537	0.1653710483641774
312a82ee-9236-4282-b5eb-ee6063babf5a	60623	18770	31384	6480	3989	56634	0.30961846163997164	0.5176913052801742	0.10689012421028322	0.06580010886957095	0.33142635166154605	0.11441890030723594
181ff04b-8315-4069-a4cc-e102796ecde4	60623	4040	47950	2702	5931	54692	0.06664137373604077	0.7909539283770186	0.04457054253336193	0.09783415535357867	0.07386820741607547	0.04940393476193959
a19fbcc1-a781-4496-97ed-487aa83aae29	60623	1652	6383	47009	5579	55044	0.027250383517806773	0.1052900714250367	0.7754317668211734	0.09202777823598304	0.03001235375336095	0.8540258702129205
07c938ad-70f7-418f-b6c9-ec6e4b1dae66	60623	5942	43877	5430	5374	55249	0.09801560463850353	0.7237682067862032	0.08956996519472807	0.08864622338056513	0.10754945790874043	0.09828232185197922
0d7511fd-b57f-4bba-abc2-38b24ba4a15a	60623	50	24804	33540	2229	58394	0.0008247694769311977	0.40915164211602856	0.5532553651254475	0.03676822328159279	0.0008562523546939754	0.5743740795287187
00f81e98-e5c3-43b2-9757-f769ec17f3f8	60623	588	19522	38277	2236	58387	0.009699289048710886	0.32202299457301686	0.6313940253699091	0.03688369100836316	0.010070734923870039	0.6555740147635604
daec3a82-e1f5-4d6f-87dd-90853e48bf29	60623	25276	25443	4611	5293	55330	0.4169374659782591	0.4196921960312093	0.07606024116259505	0.0873100968279366	0.4568227001626604	0.08333634556298572
68ea8887-401b-46d9-ae28-8bcbe624f1c6	60623	26756	28085	4967	815	59808	0.44135064249542255	0.4632730151922538	0.08193259983834518	0.013443742473978523	0.44736490101658644	0.08304909042268593
146bd11a-e66a-4d8d-990a-9f1199cdf255	60623	5740	49756	22	5105	55518	0.0946835359517015	0.8207446018837735	0.000362898569849727	0.08420896359467529	0.10338989156669909	0.00039626787708490937
96c72a6b-a6c2-4965-be92-0910312689f3	60623	5457	48307	3230	3629	56994	0.09001534071227092	0.7968427824423073	0.05328010820975537	0.05986176863566633	0.09574692072849773	0.05667263220689897
075277e5-7ef1-42ae-869d-cd588bf9d892	60623	4366	52138	3316	803	59820	0.07201887072563219	0.8600366197647757	0.054698711710077036	0.013245797799515036	0.0729856235372785	0.05543296556335674
eeb8b594-1bba-4af3-be80-682e261965b4	60623	42	30316	24449	5816	54807	0.0006928063606222061	0.5000742292529238	0.40329577882981704	0.09593718555663693	0.00076632546937435	0.4460926523984163
cb711bf0-eb99-4925-893d-485ac8beef1d	60623	33841	22867	3106	809	59814	0.5582204773765732	0.377200072579714	0.051234679906966	0.01334477013674678	0.5657705553883706	0.051927642357976395
b8348b74-69a1-43b1-a7f5-3ab429378ebb	60623	694	19272	36712	3945	56678	0.011447800339805024	0.3178991471883609	0.6055787407419626	0.0650743117298715	0.012244609901549103	0.647729277673877
9b1a32df-caff-43a0-a4ea-d9f2819a137b	60623	778	20333	38699	813	59810	0.012833413061049436	0.33540075548884085	0.6383550797552084	0.013410751694901276	0.01300785821768935	0.6470322688513627
78feb5be-f9d1-4cc6-baba-274136b9487c	60623	882	16429	37691	5621	55002	0.014548933573066329	0.271002754730053	0.6217277271002755	0.09272058459660525	0.016035780517072107	0.6852659903276245
8b5c92b7-52d5-4859-926f-f1264e9c1650	60623	10053	32729	12476	5365	55258	0.1658281510317866	0.5398776042096234	0.20579647988387245	0.08849776487471751	0.18192840855622716	0.22577726302073908
0af54f51-b0e9-4f88-b20d-bba4bac14a67	60623	8325	22534	28936	828	59795	0.13732411790904442	0.3717071078633522	0.47731059168962275	0.013658182537980634	0.13922568776653566	0.48392006020570283
6b1c8010-d4fe-40e7-8e09-7a7dbdde6616	60623	1817	50431	2326	6049	54574	0.029972122791679726	0.8318789898223446	0.03836827606683932	0.0997806113191363	0.033294242679664306	0.04262102832850808
ffb838b0-db61-4dc9-aadc-41562f677f54	60623	0	9303	46010	5310	55313	0.0	0.15345660887781865	0.7589528726720881	0.0875905184500932	0.0	0.8318116898378319
5d1b63e0-8075-461b-8812-b036a4a60c2a	60623	0	9675	50145	803	59820	0.0	0.15959289378618677	0.8271613084142982	0.013245797799515036	0.0	0.8382647943831495
0fcd1ba3-8461-4533-9952-2831daf6a4db	60623	0	5380	49525	5718	54905	0.0	0.08874519571779688	0.8169341669003514	0.09432063738185177	0.0	0.9020125671614607
6adbf536-e89b-4148-8ed6-9b9117f78c64	60623	3752	48346	3181	5344	55279	0.06189070154891708	0.7974861026343137	0.0524718341223628	0.08815136169440642	0.06787387615550208	0.057544456303478715
213a288c-e033-46b7-b9ae-5a37ab4affee	60623	3505	52364	3945	809	59814	0.05781634033287696	0.8637645778005048	0.0650743117298715	0.01334477013674678	0.058598321463202596	0.06595445882234928
0cc10a1e-a90a-4c55-87a2-a74d47474a4a	60623	0	5723	54085	815	59808	0.0	0.09440311432954489	0.8921531431964765	0.013443742473978523	0.0	0.9043104601391119
018b2eaa-216b-4726-a26e-ac726f4b47d3	60623	0	8566	46670	5387	55236	0.0	0.1412995067878528	0.7698398297675799	0.08886066344456724	0.0	0.8449199797233689
e0e00806-1aa3-441d-b22e-6ae01a8473f2	60623	1855	50812	2999	4957	55666	0.030598947594147437	0.8381637332365603	0.04946967322633324	0.08176764594295895	0.03332375238026803	0.05387489670534976
90008c34-d854-4df1-9fad-ba208c437261	60623	1706	54685	3429	803	59820	0.028141134552892466	0.902050376919651	0.05656269072794154	0.013245797799515036	0.028518890003343362	0.05732196589769308
7e9145f7-ccff-4132-b2b7-9b992eebebf4	60623	1052	24516	32806	2249	58374	0.0173531497946324	0.4044009699289049	0.5411477492040975	0.03709813107236527	0.018021721999520336	0.5619967793880838
a09a99f9-33e3-45d5-bfc2-f57ce149a527	60623	0	8531	46426	5666	54957	0.0	0.14072216815400096	0.7658149547201557	0.09346287712584332	0.0	0.8447695471004604
e405d22f-86a6-4141-ae74-7098d0fdedfd	60623	688	18270	36159	5506	55117	0.01134882800257328	0.30137076687065967	0.5964567903271035	0.0908236147996635	0.012482537148248271	0.656040785964403
73b0d8f6-ccaa-4d34-a39e-04a585854e1e	60623	688	18301	40830	804	59819	0.01134882800257328	0.301882123946357	0.673506754862016	0.01326229318905366	0.011501362443370836	0.6825590531436501
8ba93ad6-932d-42c9-8268-ddda46802057	60623	6927	45042	3162	5492	55131	0.11426356333404813	0.7429853355987002	0.052158421721128945	0.09059267934612276	0.1256461881699951	0.05735430157261795
9ff0477c-10cd-47d6-8d0d-4e763ea185a8	60623	3840	47877	3673	5233	55390	0.06334229582831599	0.789749764940699	0.06058756577536579	0.08632037345561916	0.06932659324787868	0.06631160859360895
04b46e56-9e01-4731-83ef-383aa364a1b4	60623	4097	51857	3864	805	59818	0.06758161093974234	0.8554014153044224	0.06373818517724296	0.013278788578592283	0.06849108963857033	0.06459594102109732
c5181ae5-bd05-459f-920d-26bd31bd9088	60623	12363	35756	7276	5228	55395	0.20393250086600795	0.5898091483430381	0.12002045428302789	0.08623789650792603	0.2231789872732196	0.13134759454824443
4e54bff4-91eb-4855-876c-de918fc4d607	60623	12545	39246	8029	803	59820	0.2069346617620375	0.6473780578328358	0.13244148260561173	0.013245797799515036	0.20971247074557003	0.13421932464058844
75103265-c66d-4bd9-8ecf-cfcf66402918	60623	4072	40479	10532	5540	55083	0.06716922620127674	0.6677168731339591	0.1737294426207875	0.09138445804397671	0.07392480438610824	0.19120236733656482
140122fd-ebea-432c-852b-abb361b36837	60623	6569	42367	10860	827	59796	0.10835821387922076	0.6988601685828811	0.17913993038945614	0.01364168714844201	0.1098568466118135	0.1816174994982942
caa2d510-9024-4d7d-b0ef-80fa4be1e2ee	60623	25130	29664	1973	3856	56767	0.41452913910562	0.489319235273741	0.03254540355970506	0.06360622206093397	0.4426867722444378	0.034756108302358764
7ecbca0f-2185-4bff-9b1c-13bcd82d749d	60623	2380	28685	27319	2239	58384	0.03925902710192501	0.47317024891542814	0.4506375468056678	0.03693317717697903	0.04076459303918882	0.4679192929569745
c75bc2c7-cf1f-482c-b615-f60b56983124	60623	14761	42071	2982	809	59814	0.24348844497962818	0.6939775332794484	0.049189251604176636	0.01334477013674678	0.24678168990537333	0.04985454910221687
d360da4b-c5b4-42e8-96d5-eac486f0ebbd	60623	30296	20528	3988	5811	54812	0.4997443214621513	0.33861735644887253	0.06578361348003232	0.0958547086089438	0.5527256805079179	0.07275779026490549
c144ae50-ed29-4e27-bbee-fa81e79ac7db	60623	4859	44291	6501	4972	55651	0.08015109776817379	0.7305972980551936	0.10723652739059433	0.0820150767860383	0.08731199798745755	0.11681730786508777
70b623d6-e6a5-4bb6-a1be-62e8ef235fe5	60623	5148	46651	6595	2229	58394	0.08491826534483612	0.7695264173663461	0.10878709400722499	0.03676822328159279	0.08815974243929171	0.11293968558413536
3a36b403-ea38-49f9-9c28-710c5d141164	60623	3984	45935	5510	5194	55429	0.06571763192187784	0.7577157184566914	0.09088959635781799	0.08567705326361282	0.07187573291959083	0.09940644788828952
4fcf4afe-40be-40eb-95cb-5b172ed83d11	60623	3475	47825	3802	5521	55102	0.057321478646718244	0.7888920046846907	0.06271547102584828	0.09107104564274285	0.06306486152952706	0.06899931036985954
15a0f69e-6bcb-4680-b4f4-36f03e58012b	60623	5523	50105	4595	400	60223	0.0911040364218201	0.8265014928327532	0.07579631492997707	0.006598155815449582	0.09170914766783454	0.07629975258622121
7ea6d404-9d2c-4b69-ac8b-d9ccd2d6cc65	60623	0	5081	54737	805	59818	0.0	0.08381307424574831	0.9029081371756594	0.013278788578592283	0.0	0.9150590123374235
0dcfd67b-64b2-4333-af18-a2638dd82952	60623	22776	24949	6876	6022	54601	0.3756989921316992	0.411543473599129	0.11342229846757831	0.09933523580159345	0.4171352173037124	0.12593175949158442
4c42ec4c-0ebd-41ff-8758-1e6a69cf7eb3	60623	8562	38167	9758	4136	56487	0.1412335252296983	0.6295795325206605	0.16096201111789255	0.06822493113174867	0.15157469860321843	0.17274771186290652
3c4ee0b4-7992-48a2-be0b-ee5f54068466	60623	0	5335	54484	804	59819	0.0	0.0880029031885588	0.8987348036223876	0.01326229318905366	0.0	0.910814289774152
91d2288c-0d88-4a49-a0e4-0a7d2a95ccc6	60623	3263	48082	5466	3812	56811	0.053824456064529964	0.793131319796117	0.09016379921811854	0.06288042492123451	0.05743605991797363	0.09621376141944342
c0819744-0dad-4597-b9ac-9117497418a8	60623	19037	29291	6256	6039	54584	0.3140227306467842	0.48316645497583427	0.10319515695363146	0.09961565742375006	0.34876520592114907	0.11461234061263374
af547618-d5a4-498f-87a0-a9183a3d4efe	60623	17783	34191	6422	2227	58396	0.2933375121653498	0.5639938637150916	0.10593339161704304	0.03673523250251555	0.3045242824851017	0.10997328584149599
fc1f0ad4-8412-4143-8ebf-fa6592f396e9	60623	41362	11638	2194	5429	55194	0.682282302096564	0.1919733434505056	0.03619088464774096	0.08955346980518945	0.7493930499691995	0.03975069753958763
156c15d8-5e27-49c1-ab20-77b60b4fc665	60623	2100	26472	29825	2226	58397	0.034640318031110305	0.43666595186645335	0.49197499298945946	0.03671873711297692	0.03596075140846276	0.5107282908368581
98193dab-86d9-456c-b67f-e3350327a609	60623	8705	40949	7255	3714	56909	0.14359236593372152	0.6754697062171123	0.1196740511027168	0.06126387674644937	0.1529635031365865	0.12748422920803387
81a14739-0b5f-480a-89be-f92fef8c8ff2	60623	8595	42439	7360	2229	58394	0.1417778730844729	0.700047836629662	0.12140606700427231	0.03676822328159279	0.14718977977189437	0.12604034661095317
82371bb4-13dd-4868-9872-bd3e3e1da67d	60623	5969	44767	7668	2219	58404	0.09846098015604639	0.7384491034755786	0.1264866469821685	0.036603269386206554	0.10220190397917951	0.131292377234436
b8c9196c-182d-4522-b487-734f9a8f9a78	60623	1728	53327	3346	2222	58401	0.028504033122742193	0.8796496379261997	0.055193573396235755	0.036652755554822426	0.029588534442903373	0.057293539494186745
5dc7e339-f508-4d0d-ae4e-016a5425aba4	60623	7865	42981	4645	5132	55491	0.1297362387212774	0.7089883377595962	0.07662108440690826	0.08465433911221813	0.14173469571642247	0.08370726784523616
22b9ba06-2999-4647-bd1a-6423623155ca	60623	8355	46264	5198	806	59817	0.13781897959520314	0.7631427016148986	0.08574303482176732	0.013295283968130907	0.1396760118361001	0.0868983733721183
ca3c9a05-88b7-4d99-abd5-fc557e3929a0	60623	1100	40008	13840	5675	54948	0.01814492849248635	0.6599475446612671	0.22829619121455552	0.09361133563169094	0.020018926985513576	0.25187449952682534
7f7f64f2-6370-461e-ba12-9ec78ce662d6	60623	1137	43142	15541	803	59820	0.018755257905415438	0.7116440954753146	0.2563548488197549	0.013245797799515036	0.019007021063189567	0.25979605483116014
468b4ab5-9750-4685-a967-184da2cfcdb4	60623	1	4106	52588	3928	56695	1.6495389538623956e-05	0.06773006944558996	0.8674595450571565	0.0647938901077149	1.7638239703677574e-05	0.9275597495369962
314e66df-0adc-4b7f-98e0-a32929192c71	60623	6936	48248	0	5439	55184	0.11441202183989575	0.7958695544595286	0.0	0.08971842370057569	0.1256886053928675	0.0
d6f5c34a-0f5c-4aed-977a-74a1e5d50915	60623	0	26943	28158	5522	55101	0.0	0.4444352803391452	0.4644771786285733	0.09108754103228148	0.0	0.5110252082539337
6ec8ccf0-4292-4add-9190-7339ffed7ffa	60623	1079	22933	34344	2267	58356	0.017798525312175247	0.37828876828926317	0.5665176583145011	0.0373950480840605	0.018489958187675647	0.5885256014805675
d189e6c5-830e-4624-9df4-cef3301d0fbc	60623	4635	48337	3918	3733	56890	0.07645613051152203	0.7973376441284661	0.06462893621232865	0.06157728914768322	0.08147301810511513	0.06886974863772193
e1df2e78-ade5-4ff7-a636-95c79e23b942	60623	13134	19211	22092	6186	54437	0.21665044620028703	0.3168929284265048	0.3644161456872804	0.10204047968592778	0.24126972463581756	0.4058269191909914
a3976367-9b44-4ea2-9f99-ca5d1f6d3b0f	60623	14474	21099	24237	813	59810	0.23875426818204312	0.3480362238754268	0.3997987562476288	0.013410751694901276	0.2419996656077579	0.40523323858886473
1bab00ca-778e-48ac-ac59-ce2b99d84403	60623	7182	21596	26380	5465	55158	0.11846988766639724	0.3562344324761229	0.43514837602889994	0.09014730382857991	0.13020776677907103	0.47826244606403423
b8e8e280-c3ea-4757-bb41-1611c95dc868	60623	12032	37248	6934	4409	56214	0.19847252692872341	0.6144202695346651	0.1143790310608185	0.07272817247579301	0.21403920731490375	0.1233500551464048
b258f790-4f5f-4342-bd97-869f35bc66d9	60623	9817	41529	7056	2221	58402	0.16193523910067137	0.6850370321495142	0.11639146858453063	0.036636260165283804	0.16809355843977947	0.1208177802130064
cc937913-802f-48cd-a490-e6b90f007c5d	60623	11	4198	50494	5920	54703	0.0001814492849248635	0.06924764528314337	0.8329181993632779	0.09765270606865381	0.00020108586366378444	0.9230572363490119
1dbb21be-290d-4c22-a6da-9eb4a0c41edf	60623	1213	51807	3484	4119	56504	0.020008907510350858	0.8545766458274913	0.057469937152565854	0.06794450950959206	0.021467506725187598	0.06165935155033272
e5c7ea3c-3aaa-4409-b10b-372f2f8e30f6	60623	8585	44670	3753	3615	57008	0.14161291918908664	0.736849050690332	0.0619071969384557	0.059630833182125594	0.15059289924221161	0.06583286556272804
8f66c003-a1f0-4bcb-8807-bfee1da81019	60623	15	8340	50036	2232	58391	0.00024743084307935934	0.13757154875212377	0.8253633109545881	0.036817709450208666	0.00025688890411193504	0.8569128804096522
a6b12e25-7b2d-460c-876f-02a75a82d7d2	60623	0	0	54964	5659	54964	0.0	0.0	0.9066525906009271	0.09334740939907296	0.0	1.0
7422c1c5-ddfd-40b2-b3e6-1fb9c93c2b50	60623	0	3771	56044	808	59815	0.0	0.062204113950150935	0.9244676113026409	0.013328274747208156	0.0	0.9369556131405166
14f380df-eda0-4593-b00f-43abc87e22d4	60623	1516	46977	6768	5362	55261	0.025007010540553914	0.7749039143559375	0.11164079639740693	0.08844827870610164	0.02743345216337019	0.12247335372143103
7f791228-dd77-4ab0-8227-d784a4c7fea1	60623	1101	50738	3457	5327	55296	0.018161423882024973	0.8369430744107023	0.05702456163502301	0.08787094007224981	0.019911024305555556	0.06251808449074074
15c2deaa-1162-4ee8-b698-179bfd67a78d	60623	10298	37089	11011	2225	58398	0.16986952146874948	0.6117975025980239	0.18163073420978837	0.0367022417234383	0.1763416555361485	0.18855097777321142
a7945d1c-35ca-4c95-98c6-ccb6e6d2b39c	60623	2454	49528	3465	5176	55447	0.040479685927783185	0.8169836530689673	0.057156524751332004	0.0853801362519176	0.044258481072014716	0.06249210958212347
a69155d1-f490-4e2e-9c94-7236ad66e15a	60623	2687	53099	4034	803	59820	0.044323111690282566	0.8758886891113934	0.06654240139880903	0.013245797799515036	0.044918087596121696	0.06743564025409562
6f68a61c-8aec-42d3-b225-22bc6da3e355	60623	2119	50867	5414	2223	58400	0.03495373043234416	0.8390709796611847	0.08930603896211009	0.03666925094436105	0.03628424657534247	0.09270547945205479
bbe1e6e5-7c52-44aa-940e-104f07751e11	60623	6281	38381	9990	5971	54652	0.10360754169209706	0.633109545881926	0.1647889414908533	0.09849397093512363	0.11492717558369318	0.18279294444851057
10bf961d-f329-421e-b1db-edbdcc3bddd4	60623	8334	40512	10974	803	59820	0.13747257641489205	0.6682612209887336	0.18102040479685927	0.013245797799515036	0.13931795386158474	0.1834503510531595
69bfa6ce-ed46-4321-a107-347c49d68951	60623	563	10615	43676	5769	54854	0.009286904310245286	0.17509855995249327	0.7204526334889398	0.09516190224832159	0.010263608852590513	0.796222700258869
662cc11c-da31-4e31-8e77-46011b38ea96	60623	204	25947	32236	2236	58387	0.0033650594658792866	0.42800587235867577	0.5317453771670818	0.03688369100836316	0.00349392844297532	0.5521092023909432
45c79141-a125-4305-b1b7-c838de1af8a3	60623	11714	35248	8312	5349	55274	0.193226993055441	0.5814294904574171	0.1371096778450423	0.08823383864209954	0.21192604117668343	0.15037811629337483
63792ecf-4f55-4eb5-bfbc-78accb4f104a	60623	4047	25318	26130	5128	55495	0.06675684146281115	0.4176302723388813	0.43102452864424395	0.08458835755406365	0.07292548878277322	0.4708532300207226
25dcc66f-5e88-49de-84b7-2bb7ceac51c8	60623	0	2522	57280	821	59802	0.0	0.04160137241640961	0.9448559127723801	0.013542714811210266	0.0	0.9578274974081135
3652a456-36ee-4746-b25d-a6303984b77f	60623	3003	49210	3144	5266	55357	0.04953565478448774	0.8117381191956848	0.051861504709433716	0.08686472131039374	0.05424788193001789	0.05679498527738136
f754aa5f-49c8-4e8b-a1fe-f370f807499a	60623	3380	32623	19486	5134	55489	0.05575441664054897	0.5381290929185293	0.3214291605496264	0.08468732989129538	0.06091297374254357	0.35116870010272305
6c6c1c35-5e1b-4e9f-ab19-550d1ba4cc43	60623	26024	25484	8303	812	59811	0.4292760173531498	0.42036850700229283	0.1369612193391947	0.01339425630536265	0.43510391065188675	0.1388206182809182
4a4d5c63-8e41-487d-839a-f68f28ab9b82	60623	4492	46714	4284	5133	55490	0.0740972898074988	0.7705656269072794	0.07066624878346502	0.08467083450175676	0.08095152279690035	0.07720309965759596
860baf5b-abcf-4014-8b4b-d0a4b0d15c51	60623	8	5671	49572	5372	55251	0.00013196311630899165	0.09354535407353645	0.8177094502086667	0.08861323260148789	0.00014479375938897035	0.8972145300537547
79763193-268d-49e7-b94c-5cb95f7271b6	60623	33	288	54311	5991	54632	0.0005443478547745904	0.0047506721871236985	0.8958811012322055	0.09882387872589611	0.0006040415873480744	0.9941243227412505
0b290880-d67c-42b4-aa57-afd3c3d09518	60623	52	457	59292	822	59801	0.0008577602560084456	0.007538393019151148	0.9780446365240916	0.01355921020074889	0.0008695506764100935	0.9914884366482166
993d2cba-b4f8-4a46-994b-b97bb9f10d34	60623	1688	23176	30385	5374	55249	0.027844217541197234	0.38229714794714875	0.5012124111310888	0.08864622338056513	0.030552589187134608	0.5499647052435338
92a060af-8209-4ad4-be24-fdaf4c56e4e5	60623	1926	22458	35426	813	59810	0.031770120251389734	0.37045345825841675	0.5843656697952923	0.013410751694901276	0.03220197291422839	0.5923089784317004
06239773-a7e3-4262-9b5f-0105e3b1467a	60623	1837	50815	3028	4943	55680	0.030302030582452205	0.8382132194051762	0.04994803952295333	0.08153671048941821	0.03299209770114943	0.05438218390804598
9f6511cf-f17a-48b9-8e58-9c251bd5e8f4	60623	5279	39109	10784	5451	55172	0.08707916137439585	0.6451181894660443	0.17788628078452073	0.08991636837503918	0.09568259261944465	0.1954614659609947
2a87a095-d3a3-46f7-a8b2-a55c6cd5806c	60623	7976	40293	11551	803	59820	0.13156722696006465	0.664648730679775	0.1905382445606453	0.013245797799515036	0.13333333333333333	0.19309595453025744
9c531ed5-e501-4cbf-9977-202dc1c5e623	60623	750	22117	33725	4031	56592	0.012371542153967966	0.364828530425746	0.5563070121900928	0.06649291523019316	0.013252756573367261	0.5959322872490811
813c718b-559f-41d6-a4a4-7cefc5f249a1	60623	31003	23581	5677	362	60261	0.5114065618659585	0.3889777807102915	0.0936443264107682	0.0059713310129818715	0.514478684389572	0.09420686679610361
750932d7-0e9d-44e0-bc5a-6031ca4b0448	60623	18	6961	48281	5363	55260	0.00029691701169523116	0.11482440657836135	0.7964139023143032	0.08846477409564027	0.0003257328990228013	0.8737061165399927
37ca09f2-8e02-49f2-adb4-6d02abc98344	60623	563	7362	51882	816	59807	0.009286904310245286	0.12143905778334955	0.855813800042888	0.013460237863517147	0.009413613791027805	0.8674904275419265
17bb7144-07ec-49d0-8345-2a5b4ceeeaec	60623	762	19104	35312	5445	55178	0.012569486828431453	0.315127921745872	0.5824851953878891	0.08981739603780743	0.01380985175251006	0.6399652035231432
93ce6743-424b-4a1e-8748-e11756399b2b	60623	4046	20671	31727	4179	56444	0.06674034607327252	0.3409761971528958	0.5233492238919222	0.0689342328819095	0.07168166678477783	0.5620969456452413
88de5c12-e551-4b37-b7d9-046e53dba405	60623	438	42224	17158	803	59820	0.007224980617917292	0.6965013278788579	0.2830278937037098	0.013245797799515036	0.007321965897693079	0.2868271481109997
d2d7f976-2330-47aa-b1b3-947b3182b0b0	60623	891	15906	38228	5598	55025	0.014697392078913943	0.26237566600135265	0.6305857512825165	0.0923411906372169	0.01619263970922308	0.694738755111313
17cdb451-9b35-4aab-8bc2-b4a64ef3e3b4	60623	19907	28808	6413	5495	55128	0.3283737195453871	0.4751991818286789	0.10578493311119543	0.09064216551473864	0.3611050645769845	0.11632927006240024
8835b20e-9343-4266-a356-e0343c657130	60623	3856	48136	2769	5862	54761	0.06360622206093397	0.7940220708312027	0.04567573363244973	0.09669597347541362	0.07041507642300177	0.05056518325085371
5ac66414-2c9e-45d0-837a-f620898a86e0	60623	0	3900	51131	5592	55031	0.0	0.06433201920063342	0.8434257624993814	0.09224221829998515	0.0	0.9291308535189257
56665bde-3dad-4734-8d01-6e7bfe3ff35b	60623	0	4902	54912	809	59814	0.0	0.08086039951833462	0.9057948303449186	0.01334477013674678	0.0	0.9180459424215067
ece8ab6e-9a67-440a-8f3e-c80f3820474f	60623	8964	44079	2314	5266	55357	0.14786467182422514	0.7271002754730053	0.03817033139237583	0.08686472131039374	0.161930740466427	0.041801398197156635
949cf794-dec4-4337-a9b6-5874d87c2b7c	60623	11188	45914	2716	805	59818	0.1845504181581248	0.7573693152763803	0.04480147798690266	0.013278788578592283	0.1870340031428667	0.04540439332642349
093150bc-9ea8-4729-8693-32fe1d9690d2	60623	0	3	54565	6055	54568	0.0	4.948616861587186e-05	0.900070930175016	0.09987958365636805	0.0	0.9999450227239408
660954c6-51ed-4b74-8eb0-65c282da3971	60623	5601	41470	9257	4295	56328	0.09239067680583277	0.6840638041667354	0.15269782095904194	0.07084769806838989	0.09943544951001278	0.16434100269848034
580dc219-de38-4381-ba33-5b24bb1c90ec	60623	5663	45017	9134	809	59814	0.09341339095722745	0.7425729508602346	0.1506688880457912	0.01334477013674678	0.09467683151101748	0.152706724178286
b6702fc2-9794-466e-a2e3-a8407674d05f	60623	3261	50266	2137	4959	55664	0.053791465285452714	0.8291572505484717	0.03525064744403939	0.08180063672203619	0.058583644725495834	0.03839106064961196
936b2b1a-b5fb-4abd-91e3-fa3db741454a	60623	2246	54970	2604	803	59820	0.0370486449037494	0.9067515629381588	0.042953994358576775	0.013245797799515036	0.03754597124707456	0.04353059177532598
8d9f2037-1c1f-4c73-a993-dc4c2aa67d30	60623	12593	32398	9760	5872	54751	0.20772644045989147	0.5344176302723389	0.1609950018969698	0.09686092737079986	0.23000493141677777	0.17826158426330113
1401fc34-a96f-4a15-91c8-51c0e71383ed	60623	15243	31976	12593	811	59812	0.25143922273724495	0.5274565758870395	0.20772644045989147	0.013377760915824027	0.2548485253795225	0.21054303484250653
ca44a8bf-428e-48b5-ae58-614f9a3e0fd8	60623	0	10952	44271	5400	55223	0.0	0.18065750622700955	0.7302673902644211	0.08907510350856936	0.0	0.8016768375495718
d6dcbd76-1146-4535-afd6-9a9c0e3c56a9	60623	2851	32906	19005	5861	54762	0.0470283555746169	0.5427972881579598	0.31349487818154825	0.096679478085875	0.05206164858843724	0.3470472225265695
000002fc-53a0-420e-b2aa-a40a358bba37	60623	3026	20031	37164	402	60221	0.04991504874387609	0.33041914784817644	0.6130346568134206	0.00663114659452683	0.05024825227080255	0.617126915859916
5a9087b1-d001-4fcc-b061-f59e7026e711	60623	184	9413	45005	6021	54602	0.0030351516751068075	0.1552711017270673	0.7423750061857711	0.09931874041205484	0.003369839932603201	0.8242372074282993
3f33a14d-7797-4ade-85f7-1dbec18f774f	60623	8815	38390	7801	5617	55006	0.14540685878297016	0.6332580043877736	0.12868053379080546	0.09265460303845076	0.16025524488237647	0.1418208922662982
00eb938e-8d64-4103-8782-ce13f24cd2a6	60623	9095	42420	8294	814	59809	0.15002556785378487	0.6997344242284281	0.1368127608333471	0.0134272470844399	0.15206741460315337	0.1386747813874166
0f6ed829-a59b-48b7-a2ca-3aa9db40e4c2	60623	8	8109	47022	5484	55139	0.00013196311630899165	0.13376111376870164	0.7756462068851756	0.09046071622981376	0.00014508786884056657	0.8527902210776401
1142b1cf-ebf3-485b-aae2-dcf4d8793212	60623	9912	41853	2649	6209	54414	0.16350230110684064	0.6903815383600284	0.04369628688781486	0.10241987364531613	0.18215900319770648	0.048682324401808356
a03cd506-47aa-4333-a9a4-fa1a6815ac75	60623	1183	12832	40806	5802	54821	0.01951404582419214	0.2116688385596226	0.6731108655130891	0.09570625010309619	0.021579321792743657	0.7443497929625509
80265a56-75ca-479d-b92b-4fdaeb18ed17	60623	7525	45515	2316	5267	55356	0.12412780627814526	0.7507876548504693	0.03820332217145308	0.08688121669993237	0.13593829033889732	0.04183828311294169
9ff22b6b-ec23-41f5-a887-a59da1639858	60623	2338	15999	36898	5388	55235	0.03856622074130281	0.26390973722844463	0.6086468831961467	0.08887715883410587	0.04232823390965873	0.668018466552005
21fb3bde-a02f-4de9-9aca-f003d6b3a198	60623	3628	16905	39279	811	59812	0.059845273246127706	0.27885456015043797	0.6479224056876103	0.013377760915824027	0.06065672440312981	0.6567076840767739
d9de9f71-2b39-4d21-9c93-8e199080c011	60623	14	6283	52068	2258	58365	0.00023093545354073536	0.1036405324711743	0.8588819424970721	0.03724658957821289	0.00023986978497387133	0.8921099974299666
835ef481-0c0c-4621-9111-e23d63ca9d7c	60623	1927	10978	41966	5752	54871	0.03178661564092836	0.18108638635501378	0.6922455173778929	0.09488148062616499	0.03511873302837564	0.7648120136319732
3c1bb339-9e32-4a9e-8bd0-9171f91fef94	60623	1993	13272	43126	2232	58391	0.03287531135047754	0.21892680995661712	0.7113801692426966	0.036817709450208666	0.03413197239300577	0.7385727252487541
2223917e-5ff9-4726-99be-c73b19522265	60623	0	41815	13134	5674	54949	0.0	0.6897547135575607	0.21665044620028703	0.09359484024215232	0.0	0.2390216382463739
12189ce3-8af1-4aee-8c17-c6fc5292232f	60623	0	0	59820	803	59820	0.0	0.0	0.9867542022004849	0.013245797799515036	0.0	1.0
f76e87a9-4a50-48b4-9527-eac98c38800e	60623	1	5778	49280	5564	55059	1.6495389538623956e-05	0.09531036075416921	0.8128927964633885	0.09178034739290368	1.8162334949781144e-05	0.8950398663252148
a8cc4c8c-eadd-41f1-9464-492cd986c2d7	60623	0	6144	53669	810	59813	0.0	0.10134767332530557	0.885291061148409	0.013361265526285403	0.0	0.8972798555497968
e57574e4-7e01-4e61-bd29-ee4ec63dddd6	60623	527	20068	34636	5392	55231	0.008693070286854824	0.33102947726110554	0.5713343120597792	0.08894314039226037	0.009541742861798628	0.6271115858847387
a172aef1-943f-4423-8ea0-feec5ebf1958	60623	549	23142	36125	807	59816	0.00905596885670455	0.38173630470283554	0.5958959470827904	0.013311779357669532	0.009178146315367126	0.6039354018991574
796b90a8-99d6-4102-81a0-96c6954e9f26	60623	570	3431	52713	3909	56714	0.009402372037015654	0.05659568150701879	0.8695214687494845	0.06448047770648103	0.010050428465634588	0.9294530451035018
e5053de2-2a3b-4559-a166-35df5386d644	60623	2016	11358	41400	5849	54774	0.03325470530986589	0.18735463437969088	0.6829091268990317	0.09648153341141151	0.036805783766020374	0.7558330594807755
17242dfe-73d4-402f-b719-410f4bee30e6	60623	2075	12173	45563	812	59811	0.03422793329264471	0.20079837685366939	0.7515794335483232	0.01339425630536265	0.03469261507080637	0.761782949624651
2f125802-32af-40b6-b4c8-4018740ccee9	60623	1098	51585	2299	5641	54982	0.0181119377134091	0.8509146693499167	0.03792290054929647	0.09305049238737773	0.019970172056309337	0.04181368447855662
f472b29c-f85a-422e-8446-453468ab9cc9	60623	2237	49106	5762	3518	57105	0.03690018639790179	0.8100225986836679	0.09504643452155123	0.058030780396879075	0.0391734524122231	0.10090184747395149
42cd6126-fbfc-4181-80da-66ece205fad7	60623	0	0	59815	808	59815	0.0	0.0	0.9866717252527919	0.013328274747208156	0.0	1.0
a56ee32f-1975-400f-a09e-a747383c9a46	60623	4637	48916	3401	3669	56954	0.07648912129059927	0.8068884746713294	0.05610081982086007	0.06052158421721129	0.08141658180285845	0.059714857604382485
81b8760d-99db-491f-82d3-354f53f64f8f	60623	0	4610	55209	804	59819	0.0	0.07604374577305643	0.9106939610378899	0.01326229318905366	0.0	0.9229341847907855
7b80a02f-c065-4ec2-95fc-05baf0aa3926	60623	1460	11076	42751	5336	55287	0.024083268726390973	0.1827029345297989	0.7051943981657127	0.08801939857809742	0.02640765460234775	0.7732559191129922
08add75d-f706-458a-a6a8-41da7e07af19	60623	2751	50071	5579	2222	58401	0.0453788166207545	0.82594064958844	0.09202777823598304	0.036652755554822426	0.04710535778496944	0.09552918614407288
9ef8142a-8627-4dcf-8c87-15b1bc2bfea2	60623	1336	22538	31211	5538	55085	0.022037840423601605	0.37177308942150666	0.5148376028899923	0.09135146726489946	0.02425342652264682	0.5665970772442589
0985c5f5-c459-4ab1-90fa-d6bb6f9b23e6	60623	1478	22784	35556	805	59818	0.024380185738086205	0.3758309552480082	0.5865100704353133	0.013278788578592283	0.024708281788090543	0.5944030225015882
eadfbcf9-0058-4021-8dde-7296d441e42f	60623	490	10390	44061	5682	54941	0.008082740873925737	0.1713870973063029	0.7268033584613101	0.09372680335846131	0.008918658196974938	0.8019693853406381
a9d3364e-1e6e-44d5-9d90-3b787183c089	60623	767	13893	45153	810	59813	0.012651963776124573	0.2291704468601026	0.7448163238374874	0.013361265526285403	0.012823299282764617	0.7549027803320348
e315f3f0-664e-47fb-9f3a-c55b3eda826a	60623	10711	40416	3961	5535	55088	0.1766821173482012	0.6666776635930257	0.06533823796248948	0.09130198109628358	0.19443435957014232	0.07190313679930294
8f16e8c0-8126-49cc-91b4-52ae33dde411	60623	10537	44912	4366	808	59815	0.1738119195684806	0.7408409349586791	0.07201887072563219	0.013328274747208156	0.17615982613056924	0.07299172448382513
a869827a-f639-4cbf-8efb-1a5f00ed2d0a	60623	7732	30901	16971	5019	55604	0.1275423519126404	0.5097240321330189	0.27994325585998714	0.08279036009435363	0.13905474426300266	0.30521185526221134
4150d08a-6fd7-454b-8092-ab2c1012d58d	60623	520	0	59712	391	60232	0.008577602560084456	0.0	0.9849727001303136	0.006449697309601966	0.008633284632753353	0.9913667153672466
b36c8878-bab6-4f61-9a4e-4dcfca21391e	60623	0	5716	49620	5287	55336	0.0	0.09428764660277453	0.8185012289065207	0.08721112449070485	0.0	0.8967037733121296
508fe162-1217-4370-8f8f-77ee53f3347c	60623	3	5969	52423	2228	58395	4.948616861587186e-05	0.09846098015604639	0.8647378057832835	0.03675172789205417	5.137426149499101e-05	0.8977309701173045
6bbd477d-699c-4988-a27b-0c3233b595eb	60623	10182	39879	5053	5509	55114	0.16795605628226912	0.6578196394107847	0.08335120333866684	0.09087310096827937	0.18474434807852813	0.0916826940523279
8318a9a4-e78e-4db8-97c7-2cc733d0c512	60623	5248	45552	4113	5710	54913	0.08656780429869851	0.7513979842633984	0.06784553717236033	0.09418867426554278	0.0955693551618014	0.07490029683317247
4f91387a-8561-4a68-a814-be41b4d8e6a2	60623	5454	49815	4550	804	59819	0.08996585454365505	0.8217178298665523	0.075054022400739	0.01326229318905366	0.09117504471823333	0.07606278941473445
05507d2c-3dea-4554-8f06-039fd555309a	60623	649	4704	49995	5275	55348	0.010705507810566946	0.07759431238968709	0.8246869999835046	0.08701317981624136	0.011725807617258076	0.9032846715328468
cee987ef-2eb6-4cdd-8094-331de8ec38ca	60623	0	59820	0	803	59820	0.0	0.9867542022004849	0.0	0.013245797799515036	0.0	0.0
b09dcf83-93a7-466b-9414-12896ac7749c	60623	12148	32694	10456	5325	55298	0.2003859921152038	0.5393002655757716	0.17247579301585206	0.08783794929317255	0.2196824478281312	0.18908459618792722
a3e2bd40-a11c-44f6-8052-2af327d6fe86	60623	12588	36062	11161	812	59811	0.20764396351219835	0.5948567375418571	0.18410504264058195	0.01339425630536265	0.21046295831870393	0.18660447074952768
5ae24b78-4c64-4a08-bd13-3d58182215ad	60623	5983	46139	3379	5122	55501	0.09869191560958712	0.7610807779225707	0.05573792125101034	0.0844893852168319	0.10779985946199168	0.06088178591376732
5854b639-f677-4ee3-9d68-61b1cdd5a647	60623	2334	48150	4978	5161	55462	0.03850023918314831	0.7942530062847434	0.08211404912327004	0.08513270540883823	0.042082867548952435	0.08975514766867405
0d666c3e-47b3-4bb2-8cdf-6820b6b3964a	60623	0	2492	57323	808	59815	0.0	0.04110651073025089	0.9455652145225409	0.013328274747208156	0.0	0.9583382094792277
3596c171-86d4-48ae-80a5-847c874d4860	60623	2808	28677	24094	5044	55579	0.046319053824456065	0.47303828579911916	0.3974399155436056	0.08320274483281923	0.05052267942928084	0.4335090591770273
1be0c409-dd2c-4d82-80c4-2a71ec4d17d4	60623	8183	42729	4422	5289	55334	0.13498177259455982	0.704831499595863	0.07294261253979513	0.0872441152697821	0.14788376043662124	0.0799146998228937
8046edc0-e5f9-42ec-85f2-6cc66596633f	60623	1640	21968	31063	5952	54671	0.027052438843343286	0.36237071738449106	0.5123962852382759	0.09818055853388978	0.029997622139708437	0.5681805710522946
354326b2-059e-494d-a4af-fc76e333da98	60623	1751	24730	33333	809	59814	0.028883427082130545	0.4079309832901704	0.5498408194909523	0.01334477013674678	0.029274082990604206	0.5572775604373558
27b748ba-fef9-4eaa-96b6-a8ad31b5c478	60623	0	14399	40012	6212	54411	0.0	0.23751711396664632	0.6600135262194217	0.102469359813932	0.0	0.7353660105493375
371ee0d6-5c89-4d9e-b57b-d22a0b86987e	60623	914	10435	45496	3778	56845	0.015076786038302295	0.17212938983554096	0.7504742424492354	0.0623195816769213	0.016078810801301784	0.8003518339343829
0d9139aa-d829-4ac9-8a65-822dcf79971c	60623	1742	49073	4654	5154	55469	0.028734968576282927	0.8094782508288934	0.07676954291275588	0.08501723768206786	0.031404928879193786	0.08390272043844309
b6359ede-df10-44b9-a2e2-bbf900eeb241	60623	0	11545	43517	5561	55062	0.0	0.19043927222341356	0.7178298665522986	0.09173086122428781	0.0	0.7903272674439723
1afd00ca-93bf-434f-b31e-ffc4605dfd1d	60623	325	13280	44785	2233	58390	0.005361001600052785	0.21905877307292612	0.7387460204872738	0.03683420483974729	0.005566021579037506	0.7669977735913683
dcc31bf1-9890-4fb1-9677-b5fb77e1fc37	60623	960	49864	4471	5328	55295	0.015835573957078998	0.8225261039539449	0.0737508866271877	0.08788743546178843	0.017361425083642284	0.08085722036350483
d3ce5a8b-3b32-4a10-9205-e1589aabd822	60623	1041	53697	5073	812	59811	0.017171700509707538	0.8857529320554904	0.08368111112943932	0.01339425630536265	0.01740482519937804	0.08481717409841
10f2905c-6bac-4050-9327-926c5c4de29f	60623	8539	42268	4322	5494	55129	0.14085413127030993	0.6972271250185573	0.07129307358593273	0.09062567012520001	0.15489125505632245	0.0783979393785485
50233285-5aef-412a-a225-3ed14eaa69d8	60623	45	19884	34681	6013	54610	0.0007422925292380779	0.3279943255859987	0.5720766045890173	0.09918677729574583	0.0008240249038637612	0.6350668375755356
0749976c-3f03-4fe3-8c24-c68721c58643	60623	179	20966	38647	831	59792	0.002952674727413688	0.34584233706678985	0.6374973194992	0.013707668706596506	0.002993711533315494	0.6463573722237088
796df715-916f-46e4-9da1-e19c94958e07	60623	1308	51120	2695	5500	55123	0.021575969516520133	0.8432443132144566	0.044455074806591555	0.09072464246243175	0.023728752063566932	0.04889066269978049
4ef474e5-c1b4-45ad-928b-957545c674e2	60623	1141	55997	2682	803	59820	0.018821239463569932	0.9236923279943255	0.04424063474258945	0.013245797799515036	0.01907388833166165	0.044834503510531594
78910f0b-59f1-4b4b-a7de-a6cf2402a097	60623	0	14397	40820	5406	55217	0.0	0.23748412318756906	0.6733418009666299	0.0891740758458011	0.0	0.7392650814060887
373dc377-6fff-473d-9884-5119ac340bee	60623	0	15143	44659	821	59802	0.0	0.24978968378338254	0.7366676014054072	0.013542714811210266	0.0	0.746781044112237
e7008896-7348-4b14-a443-d9da1352c80e	60623	6168	45675	3676	5104	55519	0.10174356267423255	0.7534269171766491	0.060637051943981654	0.08419246820513666	0.11109710189304563	0.06621156721122498
b6fe1d5a-f1c0-470d-bf49-b5a13157d2c6	60623	361	4555	50191	5516	55107	0.005954835623443248	0.07513649934843211	0.827920096333075	0.09098856869504973	0.0065508919012103725	0.9107917324477834
60dd5096-617d-4b56-8e93-908299f18c62	60623	359	4510	54949	805	59818	0.005921844844366	0.07439420681919404	0.9064051597578476	0.013278788578592283	0.00600153799859574	0.9186030960580427
ce2a0734-ea41-4e2c-87dd-516f6e5b83d6	60623	77	4307	50285	5954	54669	0.0012701449944740445	0.07104564274285337	0.8294706629497055	0.09821354931296702	0.001408476467467852	0.9198083008652069
7fd5702e-2d7b-4b79-b2d8-5ca4ca33cf65	60623	1690	26513	27007	5413	55210	0.027877208320274485	0.4373422628375369	0.44549098526961717	0.08928954357257146	0.03061039666727042	0.48916862887158125
e586a2b3-1132-45db-9283-dc318653a09f	60623	7632	42398	4847	5746	54877	0.12589281295877802	0.6993715256585784	0.0799531530937103	0.09478250828893324	0.13907465787123932	0.0883247990961605
990dffb5-482a-49ea-ae3a-8f37d7fc0064	60623	10281	43659	5871	812	59811	0.16958909984659287	0.7201722118667833	0.09684443198126123	0.01339425630536265	0.17189145809299292	0.09815920148467673
9864f875-05af-4336-b532-a283e4dfeed6	60623	4339	45511	5327	5446	55177	0.07157349520808934	0.7507216732923148	0.08787094007224981	0.08983389142734606	0.07863783822969715	0.096543849792486
47436ce0-438f-475b-ac0d-1972d0c5285e	60623	1081	27672	26630	5240	55383	0.017831516091252494	0.45646041931280207	0.43927222341355593	0.08643584118238952	0.01951862484878031	0.4808334687539498
20b51f39-8cac-4951-89d6-68d166005cfb	60623	1174	30501	28133	815	59808	0.019365587318344524	0.5031258763175692	0.46406479389010774	0.013443742473978523	0.0196294810058855	0.47038857677902624
4ab5f84d-7ba2-49e2-862b-48ff8cff3c34	60623	2739	44299	8181	5404	55219	0.04518087194629101	0.7307292611715026	0.13494878181548256	0.08914108506672386	0.0496024918959054	0.1481555261775838
9cd3fc34-5380-4318-87fa-ccff0dbea879	60623	185	11706	43245	5487	55136	0.0030516470646454316	0.19309502993913202	0.7133431205977929	0.09051020239842963	0.003355339524085897	0.784333284968079
5fcf7a29-ebdf-4220-ac1b-20e73a3aa768	60623	291	12928	46591	813	59810	0.004800158355739571	0.2132523959553305	0.7685366939940287	0.013410751694901276	0.004865407122554757	0.778983447584016
4fbe5e67-d18a-48d5-bd88-19a2f4c01c8d	60623	26489	27360	1114	5660	54963	0.43694637348860993	0.45131385777675137	0.018375863946027086	0.09336390478861158	0.4819423976129396	0.02026818041227735
df545b98-f81f-4e0d-a714-90b406f2a238	60623	936	14555	39623	5509	55114	0.015439684608152022	0.24009039473467167	0.6535968196888969	0.09087310096827937	0.016982980730848786	0.7189280400624161
6f2e3e26-b9bd-4235-a7ca-bebc6081191a	60623	1186	16127	42498	812	59811	0.01956353199280801	0.2660211470893885	0.7010210646124408	0.01339425630536265	0.019829128421193425	0.710538195315243
03115606-c46f-40ef-a95f-cdc1c174797d	60623	18609	33678	2862	5474	55149	0.3069627039242532	0.5555317288817776	0.04720980485954176	0.09029576233442753	0.3374313224174509	0.05189577326878094
7295d5c2-d7bc-4d35-bdcb-17c4ec5e5de0	60623	9726	35780	9963	5154	55469	0.1604341586526566	0.5902050376919651	0.16434356597331046	0.08501723768206786	0.17534118156087183	0.17961383836016515
3d6ef4d8-0747-495c-987b-69180d051dd8	60623	10033	38595	11184	811	59812	0.16549824324101414	0.6366395592431915	0.1844844365999703	0.013377760915824027	0.1677422590784458	0.18698588911924027
ddfbecf6-37e3-4015-bb24-125ccdd60d25	60623	0	16324	39080	5219	55404	0.0	0.26927073882849745	0.6446398231694241	0.08608943800207843	0.0	0.7053642336293409
c1c70e7d-ccc3-4bb6-a975-1385ff0f5016	60623	0	16551	43262	810	59813	0.0	0.2730151922537651	0.7136235422199495	0.013361265526285403	0.0	0.7232875796231588
4a21e922-a294-43f0-89cb-862dabed4f8c	60623	223	17717	37227	5456	55167	0.0036784718671131417	0.2922488164558006	0.6140738663543539	0.0899988453227323	0.004042271647905451	0.674805590298548
2a679581-38ad-4742-8d7b-89015df11e7d	60623	466	20079	39268	810	59813	0.007686851524998763	0.3312109265460304	0.6477409564026855	0.013361265526285403	0.0077909484560212666	0.6565127982211225
863804ba-7fcd-49ce-a544-5a98eb3f2857	60623	0	3708	53304	3611	57012	0.0	0.061164904409217624	0.8792702439668113	0.0595648516239711	0.0	0.9349610608292991
eee3738e-89d5-41be-8f9d-564e46b4e065	60623	8807	39421	7166	5229	55394	0.14527489566666116	0.6502647510020949	0.11820596143377926	0.08625439189746466	0.15898833808715745	0.12936419106762465
e685a79c-66d3-4a99-b03b-0094fa13d4cd	60623	9200	42571	8048	804	59819	0.15175758375534038	0.7022252280487604	0.1327548950068456	0.01326229318905366	0.15379728848693558	0.1345391932329193
4c3d691c-fdf7-46e3-977e-68500c4ac358	60623	15624	35921	3681	5397	55226	0.25772396615146065	0.5925308876169111	0.06071952889167478	0.08902561733995348	0.28291022344547856	0.06665338789700503
9ae522c2-0fbf-493c-b3c7-a6ccd685c787	60623	165	4100	50312	6046	54577	0.0027217392738729525	0.06763109710835821	0.8299160384672484	0.09973112515052043	0.003023251552851934	0.9218535280429485
636534a4-af19-42df-aeca-8fe1694ffebf	60623	250	6727	52840	806	59817	0.004123847384655988	0.11096448542632334	0.8716163832208897	0.013295283968130907	0.004179413878997609	0.8833609174649347
55a21e0c-e8a7-43bf-8b28-0e06211114d7	60623	1	2251	52932	5439	55184	1.6495389538623956e-05	0.037131121851442524	0.8731339590584432	0.08971842370057569	1.812119454914468e-05	0.9591910698753262
065663ea-1f4d-4b94-9083-9199f696f09a	60623	25	11801	47986	811	59812	0.00041238473846559885	0.1946620919453013	0.7915477624004091	0.013377760915824027	0.0004179763258209055	0.8022804788336788
bf055644-7bca-43b6-8f5a-e21c42f7cf88	60623	29410	21780	3431	6002	54621	0.4851294063309305	0.3592695841512297	0.05659568150701879	0.09900532801082097	0.5384375972611267	0.06281466835100052
1ee2800d-4897-4990-b292-f7f8a04eeb6b	60623	33681	22099	4024	819	59804	0.5555812150503934	0.36453161341405077	0.0663774475034228	0.01350972403213302	0.5631897531937663	0.0672864691324995
2b8c960a-3e9a-49bf-8329-7d322da90326	60623	357	14934	41367	3965	56658	0.005888854065288752	0.24634214736981014	0.6823647790442571	0.06540421952064399	0.006300963676797628	0.7301175473896008
e7bb0755-d706-480d-989d-108b3e817973	60623	4820	26771	25125	3907	56716	0.07950777757616746	0.4415980733385019	0.41444666215792686	0.06444748692740379	0.0849848367303759	0.4429966852387333
744e4cfa-7143-4f28-bdc1-97feaf2ca4af	60623	4829	27796	27195	803	59820	0.07965623608201508	0.45850584761559143	0.44859211850287845	0.013245797799515036	0.0807255098629221	0.45461384152457374
9df5fb66-44da-4d92-899a-99c07cd23fff	60623	497	17717	37176	5233	55390	0.008198208600696106	0.2922488164558006	0.6132326014878842	0.08632037345561916	0.008972738761509298	0.6711680808810254
86c64ef3-451c-471e-8ad3-58985d943190	60623	539	18138	41142	804	59819	0.008891014961318312	0.29919337545156127	0.6786533163980667	0.01326229318905366	0.009010515053745465	0.6877747872749461
cd002b40-3caf-429b-934f-64f4ada1731d	60623	6517	43150	5921	5035	55588	0.10750045362321231	0.7117760585916236	0.09766920145819244	0.08305428632697161	0.11723753328056415	0.10651579477585091
14f02660-5080-4c64-b104-2f81fb2ef296	60623	6966	46801	6050	806	59817	0.11490688352605447	0.7720007257971397	0.09979710670867492	0.013295283968130907	0.11645518832438939	0.10114181587174215
ac9318f5-9e1f-4340-8da6-3815fff8bff5	60623	7788	41653	5725	5457	55166	0.12846609372680337	0.6870824604523036	0.09443610510862215	0.09001534071227092	0.14117391146720806	0.10377768915636443
2d253d20-7e4e-45e1-82b5-6eae15b00cba	60623	8759	43485	7567	812	59811	0.14448311696880722	0.7173020140870626	0.12482061263876747	0.01339425630536265	0.1464446339302135	0.1265151895136346
bbf837cc-d336-45bc-9024-a018a667f8ec	60623	1305	48320	5860	5138	55485	0.02152648334790426	0.7970572225063095	0.09666298269633637	0.08475331144944988	0.023519870235198703	0.1056141299450302
17a85275-cf5c-4b96-b28d-cbef1ed2e807	60623	1312	51995	6508	808	59815	0.021641951074674627	0.8576777790607525	0.10735199511736469	0.013328274747208156	0.02193429741703586	0.10880213993145532
0a43ad98-2671-4701-9e5d-35ad63e8ad50	60623	11223	33863	9712	5825	54798	0.18512775679197666	0.5585833759464229	0.16020322319911584	0.09608564406248453	0.204806744771707	0.17723274572064673
082c5082-8b94-4d8a-8529-b19448eba144	60623	12704	36048	11063	808	59815	0.20955742869867872	0.5946258020883163	0.18248849446579682	0.013328274747208156	0.21238819694056674	0.18495360695477722
66cd1bec-0b4d-4212-ab3f-548ffcfa7dd8	60623	1098	48940	5123	5462	55161	0.0181119377134091	0.8072843640202564	0.08450588060637051	0.09009781765996404	0.019905367922989067	0.09287358822356374
22ff97e9-f168-48bb-9b61-6f50aba08d27	60623	0	52601	3223	4799	55824	0.0	0.8676739851211587	0.053164640482985005	0.07916137439585635	0.0	0.05773502436228146
3490858a-b2ef-4700-91ea-5e71c71cff67	60623	0	10616	43676	6331	54292	0.0	0.1751150553420319	0.7204526334889398	0.10443231116902826	0.0	0.8044647461872836
250c0ab4-ef0f-4340-a86d-628b98f8acca	60623	180	10998	43965	5480	55143	0.0029691701169523117	0.18141629414578625	0.7252198010656021	0.09039473467165927	0.003264240248082259	0.7972906805940917
93324982-7cfa-477c-88a0-b6eef61f6ca2	60623	814	7321	46991	5497	55126	0.0134272470844399	0.12076274681226597	0.7751348498094782	0.09067515629381588	0.014766172042230526	0.8524289808801654
51456f88-7475-4870-8dcc-f4566c2f4b22	60623	1018	7822	50969	814	59809	0.016792306550319186	0.12902693697111658	0.8407535093941243	0.0134272470844399	0.01702084970489391	0.8521961577688977
11b582c7-95bf-4a07-8996-ef4d0d4f897e	60623	1325	23629	31614	4055	56568	0.02185639113867674	0.38976955940814545	0.5214852448740577	0.06688880457912014	0.023423136755762977	0.5588672040729741
5d3af3d2-f86b-4fc5-a56e-381f82b84cd0	60623	7793	46240	3060	3530	57093	0.1285485706744965	0.7627468122659716	0.0504758919881893	0.05822872507134256	0.13649659327763475	0.05359676317587095
4c7ed667-0015-48e5-a262-cabd54a35244	60623	248	20616	34352	5407	55216	0.004090856605578741	0.3400689507282714	0.5666496214308101	0.08919057123533972	0.0044914517531150396	0.6221385105766445
8b5c7e4d-a220-4499-9e38-7deacc1776a2	60623	848	13911	40259	5605	55018	0.013988090328753113	0.22946736387179784	0.6640878874354618	0.09245665836398727	0.015413137518630266	0.731742338870915
0849aa2e-a846-4de6-8ba3-eb916dc13f35	60623	5588	40627	10839	3569	57054	0.09217623674183066	0.6701581907856754	0.17879352720914504	0.058872045263348896	0.09794230027693063	0.1899779156588495
084b2d8f-96a8-41f1-844d-20004cd665e7	60623	9037	42721	3380	5485	55138	0.14906883526054468	0.704699536479554	0.05575441664054897	0.09047721161935239	0.16389785628785955	0.061300736334288515
bfb67ae4-dcfe-4002-8f5a-35dbec269889	60623	3004	31748	21917	3954	56669	0.04955215017402636	0.5236956270722333	0.3615294525180212	0.06522277023571911	0.05300958195838995	0.38675466304328643
8b3032b9-1cd9-4921-ad71-5d860fbc7c23	60623	98	6031	53682	812	59811	0.0016165481747851475	0.09948369430744107	0.8855055012124111	0.01339425630536265	0.0016384945912959155	0.8975272107137483
891365b0-3bb1-4f7c-b351-6191b18ee9d7	60623	2390	49419	3476	5338	55285	0.03942398099731125	0.8151856556092573	0.057337974036256865	0.08805238935717467	0.043230532694220856	0.06287419734105092
0df27813-e779-459e-875e-c77fd5e66846	60623	2472	53312	4036	803	59820	0.040776602939478414	0.8794022070831202	0.06657539217788629	0.013245797799515036	0.04132397191574724	0.06746907388833166
f93c9b46-b07e-4a5f-9b3e-d7cebe34ebed	60623	1126	19911	33969	5617	55006	0.018573808620490573	0.32843970110354154	0.5603318872375171	0.09265460303845076	0.020470494127913318	0.6175508126386212
2a0e6865-be1f-4d5a-9daa-fef677eb2a71	60623	1144	20414	38241	824	59799	0.018870725632185805	0.3367368820414694	0.6308001913465187	0.013592200979826139	0.019130754694894562	0.6394922992023278
38bf35cd-b2f7-4532-9bff-d95cfe2cafd5	60623	8846	40397	5763	5617	55006	0.14591821585866752	0.6663642511917919	0.09506292991108985	0.09265460303845076	0.16081881976511653	0.10477038868487074
6407b3ab-d159-4700-8e6b-d460411643ac	60623	5948	42660	6959	5056	55567	0.09811457697573528	0.7036933177176979	0.1147914157992841	0.08340068950728272	0.10704194935843216	0.12523620134252345
600df455-fdf4-4955-8d65-236b7b112693	60623	814	10442	47140	2227	58396	0.0134272470844399	0.17224485756231134	0.7775926628507333	0.03673523250251555	0.013939310911706282	0.8072470717172409
b8718131-47af-4eec-b601-12fa3969ca44	60623	6590	43522	5397	5114	55509	0.10870461705953186	0.7179123434999918	0.08902561733995348	0.0843574221005229	0.11871948693004739	0.09722747662541209
aa72fc8b-30de-4ed1-91ae-306e07b04e3a	60623	6459	47206	6155	803	59820	0.10654372102997212	0.7786813585602824	0.10152912261023044	0.013245797799515036	0.10797392176529588	0.10289200936141758
d7dc97c6-5819-48ee-99db-e34f117ab1a3	60623	11141	44133	1630	3719	56904	0.18377513484980948	0.727991026508091	0.026887484947957046	0.061346353694142486	0.19578588499929706	0.02864473499226768
cb1de218-5e0a-42f2-85a5-01c0efea60c1	60623	0	59805	15	803	59820	0.0	0.9865067713574056	0.00024743084307935934	0.013245797799515036	0.0	0.00025075225677031093
4f441e61-6bea-4a12-841d-def270804bbe	60623	4868	22248	27900	5607	55016	0.08029955627402141	0.36698942645530575	0.46022136812760833	0.09248964914306451	0.0884833502980951	0.5071251999418351
989c2df5-5183-4daa-a8da-fc9ab18a437c	60623	1826	14977	38480	5340	55283	0.03012058129752734	0.24705144911997096	0.6347425894462497	0.08808538013625192	0.03303004540274587	0.696054845069913
b692cb10-ff2f-456b-a2c0-706b608d4e7e	60623	24	13073	42070	5456	55167	0.0003958893489269749	0.21564422743843095	0.6939610378899098	0.0899988453227323	0.0004350426885638153	0.762593579494988
9f8d8c96-bdc7-427b-96d4-9a3841c4c494	60623	98	13836	45882	807	59816	0.0016165481747851475	0.22823020965640103	0.7568414628111443	0.013311779357669532	0.0016383576300655343	0.7670522937006821
0edccd9b-72e9-4c69-899e-4bba4dbacb40	60623	9920	33296	12344	5063	55560	0.16363426422314964	0.5492304900780232	0.20361908846477408	0.08351615723405308	0.1785457163426926	0.22217422606191506
29619d1e-e8b4-411e-bbba-07f2cfb69e8a	60623	22039	34376	3860	348	60275	0.3635418900417333	0.5670455107797371	0.06367220361908847	0.005740395559441136	0.3656408129406885	0.06403981750311075
eda0ff5c-84cf-44cb-888f-0aab17441dfa	60623	6200	41610	7089	5724	54899	0.10227141513946852	0.6863731587021428	0.11693581643930522	0.09441960971908352	0.11293466183354887	0.12912803511903678
7893162b-3d19-4c54-86ee-aa4884d84e8a	60623	4224	47791	3453	5155	55468	0.06967652541114758	0.7883311614403774	0.05695858007686851	0.08503373307160648	0.07615201557654865	0.06225210932429509
0dba8c12-0f21-4489-8639-47c156ddfa5f	60623	8225	41007	6118	5273	55350	0.13567457895518203	0.6764264388103525	0.10091879319730135	0.08698018903716412	0.14859981933152666	0.11053297199638663
151a1187-e07e-4b76-b2d2-2da133b9116b	60623	2897	41720	12386	3620	57003	0.047787143493393594	0.6881876515513914	0.2043118948253963	0.05971331012981872	0.050821886567373645	0.21728680946616843
9ad80473-9148-45a7-ad6d-9936a899e022	60623	0	3620	51115	5888	54735	0.0	0.05971331012981872	0.8431618362667634	0.09712485360341784	0.0	0.9338631588563077
50f458c1-d49e-4acc-986b-e89a8ade2aad	60623	0	3626	56190	807	59816	0.0	0.05981228246705046	0.92687593817528	0.013311779357669532	0.0	0.9393807676875753
a0e467f8-79c1-499e-b881-669b4bd55b8c	60623	15368	36189	3453	5613	55010	0.25350114642957294	0.5969516520132623	0.05695858007686851	0.09258862148029626	0.2793673877476822	0.06277040538083985
62d4d442-98a0-4540-b22a-4acf1fbfc40b	60623	0	55704	0	4919	55704	0.0	0.9188591788595087	0.0	0.08114082114049123	0.0	0.0
25bb566a-15fd-4725-90dc-1c5f464796ac	60623	21	59752	47	803	59820	0.00034640318031110303	0.9856325157118585	0.0007752833083153258	0.013245797799515036	0.00035105315947843533	0.0007856904045469743
49bfd2cc-fddd-4376-8e53-8008ca075779	60623	754	6044	48381	5444	55179	0.012437523712122462	0.09969813437144318	0.7980634412681655	0.0898009006482688	0.013664618786132406	0.8768009568857718
1f590cc5-dc5f-4592-8ede-46c43e63a26c	60623	771	4352	54697	803	59820	0.01271794533427907	0.07178793527209144	0.9022483215941145	0.013245797799515036	0.012888665997993981	0.9143597459043799
0ca24149-4cc4-4ad1-b448-4cc33fef851e	60623	4873	38411	12489	4850	55773	0.08038203322171453	0.6336044075680847	0.20601091994787457	0.08000263926232618	0.08737202589066394	0.22392555537625733
076736e4-6b47-40f4-bbd6-3868dfd1b9c5	60623	2158	43373	11317	3775	56848	0.03559705062435049	0.7154545304587367	0.1866783234086073	0.06227009550830543	0.03796087813115677	0.1990747255840135
3b3eab6c-c039-4c2b-ae4c-18b043d3d810	60623	0	4976	50521	5126	55497	0.0	0.0820810583441928	0.8333635748808208	0.08455536677498639	0.0	0.9103374957204894
2d6370b9-70ad-45c0-aed0-a9b732d40d64	60623	0	5052	54767	804	59819	0.0	0.08333470794912821	0.9034029988618181	0.01326229318905366	0.0	0.9155452281047828
73ea6778-4dbe-4300-a80b-bf41f6ac5fd9	60623	16162	35765	3170	5526	55097	0.26659848572324035	0.5899576068488858	0.052290384837437934	0.09115352259043598	0.29333720529248414	0.05753489300687878
e6142f96-4b9b-4691-8e7d-47d36bbdf37f	60623	13277	31617	11733	3996	56627	0.21900928690431024	0.5215347310426736	0.19354040545667486	0.06591557659634133	0.2344641248874212	0.2071979797623042
919c0bf7-9f5a-42db-aa3c-2f4c1aa8a019	60623	2831	45133	11850	809	59814	0.04669844778384442	0.744486416046715	0.19547036603269385	0.01334477013674678	0.047330056508509716	0.19811415387701875
c6ba5d28-97b4-4f07-b91c-997b286dff03	60623	19953	28679	6330	5661	54962	0.3291325074641638	0.4730712765781964	0.10441581577948963	0.0933804001781502	0.36303264073359776	0.11517048142352898
c212e601-acac-419b-b1c2-d386d9f237ce	60623	21484	31385	6942	812	59811	0.35438694884779703	0.5177078006697128	0.1145109941771275	0.01339425630536265	0.35919814081021884	0.11606560666098209
5b9560c4-0632-479a-835f-67d373e59206	60623	16164	31069	8124	5266	55357	0.2666314765023176	0.5124952575755076	0.134008544611781	0.08686472131039374	0.2919955922466897	0.1467565077587297
02f5c769-65a2-4607-ac57-2420e8752921	60623	17716	33700	8401	806	59817	0.29223232106626196	0.5558946274516273	0.13857776751397985	0.013295283968130907	0.2961699851212866	0.14044502398983566
118021a5-6601-40a5-aef3-53c7fa4ed007	60623	15190	33505	9702	2226	58397	0.25056496709169784	0.5526780264915956	0.1600382693037296	0.03671873711297692	0.2601161018545473	0.16613867150709796
581cc2a6-e95c-46e1-8530-598a616e86be	60623	20640	30902	3260	5821	54802	0.3404648400771984	0.5097405275225575	0.05377496989591409	0.09601966250433004	0.37662859019743805	0.05948688004087442
195c0ab6-e9c7-475c-b570-8c43dfa8639e	60623	40	21740	38028	815	59808	0.0006598155815449581	0.3586097685696848	0.6272866733747917	0.013443742473978523	0.0006688068485821295	0.6358346709470305
7d53f59e-5ae6-4325-9054-c9b1eac7983d	60623	4981	47538	2295	5809	54814	0.08216353529188591	0.7841578278871055	0.03785691899114198	0.09582171782986655	0.0908709453789178	0.0418688656182727
76c47dde-b7b9-479c-a564-cd5927bc4b33	60623	5283	51780	2756	804	59819	0.08714514293255035	0.8541312703099484	0.04546129356844762	0.01326229318905366	0.0883164212039653	0.04607231815978201
efea8f6e-fb7d-42f5-abca-3ff47da3c062	60623	414	56681	9	3519	57104	0.006829091268990317	0.9349751744387443	0.00014845850584761558	0.0580472757864177	0.00724992995236761	0.00015760717287755674
95f2fd0c-9121-47bf-b2c1-dd9ed667a146	60623	8064	35496	11803	5260	55363	0.13301882123946357	0.5855203470629959	0.19469508272437855	0.086765748973162	0.14565684663042103	0.21319292668388634
6ae136b4-1bd8-4567-bcdf-a3b96809674a	60623	9303	37851	12662	807	59816	0.15345660887781865	0.6243669894264553	0.20886462233805653	0.013311779357669532	0.15552694931122107	0.2116824929784673
eb2de640-6c2a-4c8a-87c3-80f9fbdc3d9b	60623	3463	47741	4406	5013	55610	0.05712353397225475	0.7875063919634462	0.07267868630717714	0.08269138775712188	0.06227297248696278	0.07923035425283223
264cffaa-ebcb-4fd0-a889-63374afe7829	60623	3556	51732	4532	803	59820	0.058657605199346784	0.8533394916120944	0.07475710538904376	0.013245797799515036	0.059445001671681715	0.07576061517886995
6b1bb382-0103-4207-a0e8-871aa6aae81c	60623	1870	16013	37514	5226	55397	0.030846378437226794	0.2641406726819854	0.618808043151939	0.08620490572884879	0.03375634059606116	0.6771846850912504
06a3d2e0-d0d4-4c80-9a74-bbba9997e928	60623	1945	14739	43129	810	59813	0.03208353265262359	0.24312554640977846	0.7114296554113125	0.013361265526285403	0.03251801447845786	0.7210639827462257
29ac24fb-0065-47f8-b044-f4a66fad2394	60623	401	11692	42392	6138	54485	0.006614651204988206	0.19286409448559128	0.6992725533213466	0.10124870098807383	0.007359823804716894	0.7780490043131137
1b3867a3-80db-417d-8e5c-f6f602c14760	60623	663	11973	47168	819	59804	0.010936443264107682	0.19749929894594462	0.7780545337578146	0.01350972403213302	0.011086214968898401	0.7887097852986422
03eb5ba8-0307-49b0-aa05-003007d79107	60623	22308	30082	4528	3705	56918	0.3679791498276232	0.4962143081008858	0.07469112383088927	0.06111541824060175	0.3919322534171967	0.07955304121718965
e4f422a0-1142-4bf2-b848-b681295b370e	60623	332	48043	7309	4939	55684	0.005476469326823153	0.7924879996041106	0.12056480213780249	0.08147072893126371	0.0059622153580920914	0.13125853027799728
7ef99cd7-f745-4e9c-a2aa-8b4f1f2b7a32	60623	0	59820	0	803	59820	0.0	0.9867542022004849	0.0	0.013245797799515036	0.0	0.0
86de89ef-d62d-4146-bc8a-e138c9ef7555	60623	331	16112	40301	3879	56744	0.0054599739372845285	0.26577371624630913	0.664780693796084	0.06398561602032232	0.005833215846609333	0.7102248695897364
25e94d25-f9d3-4824-92c5-7241231863cb	60623	331	16281	43202	809	59814	0.0054599739372845285	0.26856143707833663	0.7126338188476321	0.01334477013674678	0.005533821513358077	0.7222723777042164
238ffa7f-eecf-4f46-8831-efa0d23fa66c	60623	12326	36437	5859	6001	54622	0.20332217145307888	0.601042508618841	0.09664648730679774	0.09898883262128236	0.22565999048002636	0.10726447219069239
e355913a-6e4c-4d63-8a53-8be4c5b003b8	60623	571	5950	50016	4086	56537	0.009418867426554279	0.09814756775481252	0.8250334031638157	0.06740016165481748	0.01009958080549021	0.8846596034455313
06bfe6f2-1fb4-4cb6-b1bf-4fd8408bf9cd	60623	567	5897	51926	2233	58390	0.009352885868399783	0.09727331210926546	0.8565395971825874	0.03683420483974729	0.00971056687789005	0.8892961123480048
63963cdd-909a-47d8-bae5-965aa9d1cb99	60623	567	1129	53470	5457	55166	0.009352885868399783	0.018623294789106445	0.8820084786302228	0.09001534071227092	0.010278069825617228	0.9692564260595294
0a076287-f515-4857-b23f-fa1637f32098	60623	584	1253	57978	808	59815	0.00963330749055639	0.020668723091895814	0.9563696946703396	0.013328274747208156	0.009763437264900109	0.9692886399732509
be0c070b-a114-4bae-9409-33f216bbfd4f	60623	1098	42405	11744	5376	55247	0.0181119377134091	0.6994869933853488	0.19372185474159972	0.08867921415964237	0.01987438231940196	0.21257262837801147
5f7521ce-65a2-497a-85db-5738a1d7edeb	60623	1186	43711	14923	803	59820	0.01956353199280801	0.7210299721227916	0.24616069808488528	0.013245797799515036	0.019826145101972583	0.24946506185222334
2dd17e3a-3034-4bb9-8a79-d0c89fa9ae21	60623	14794	35378	4989	5462	55161	0.2440327928344028	0.5835738910974383	0.0822954984081949	0.09009781765996404	0.2681967331991806	0.09044433567194213
ce3a4469-8d19-4661-9c48-1baf6e84f49c	60623	3361	47635	4485	5142	55481	0.05544100423931511	0.7857578806723521	0.07398182208072844	0.08481929300760438	0.0605792974171338	0.08083848524720175
4e786a4a-cf47-41ea-a0b0-4349dcd500f5	60623	59	3365	56395	804	59819	0.0009732279827788133	0.055506985797469606	0.9302574930306979	0.01326229318905366	0.0009863086979053479	0.9427606613283405
8718f7f1-a95d-4245-9b00-6c061b69a1c6	60623	2848	26671	27367	3737	56886	0.046978869406001024	0.4399485343846395	0.45142932550352177	0.06164327070583772	0.05006504236543262	0.48108497697148683
c26f4fcf-bb96-46ba-80df-c8f3b926a296	60623	1159	48847	6894	3723	56900	0.019118156475265165	0.8057502927931643	0.11371921547927355	0.06141233525229698	0.020369068541300526	0.12115992970123023
6d8c2360-23ca-4035-85b5-0c1f13052658	60623	0	1137	58683	803	59820	0.0	0.018755257905415438	0.9679989442950695	0.013245797799515036	0.0	0.9809929789368105
65842833-68a7-4efd-a781-19b5dc6bd257	60623	30	57174	8	3411	57212	0.0004948616861587187	0.943107401481286	0.00013196311630899165	0.05626577371624631	0.0005243655177235545	0.0001398308047262812
dd8ebcff-9598-45db-b762-7ef446159e52	60623	20982	28111	6526	5004	55619	0.3461062632994078	0.46370189532025796	0.10764891212905993	0.08254292925127427	0.37724518599759077	0.11733400456678474
b7c1b31e-94e5-4fb1-b824-a8dea90334e9	60623	20093	31003	7301	2226	58397	0.3314418619995711	0.5114065618659585	0.12043283902149349	0.03671873711297692	0.3440758943096392	0.12502354573008886
e3cf8f8c-8fe6-45e2-b786-7db5590c08cb	60623	348	18042	36141	6092	54531	0.005740395559441136	0.2976098180558534	0.5961598733154083	0.10048991306929714	0.006381691148154261	0.6627606315673653
c3ba3fe2-7b85-44a0-b0c7-55669601d97a	60623	380	18775	40660	808	59815	0.006268248024677103	0.30970093858766473	0.67070253864045	0.013328274747208156	0.0063529215079829475	0.6797626013541753
f0471d79-d107-4809-976e-fe5b231f0e9d	60623	804	9702	43970	6147	54476	0.01326229318905366	0.1600382693037296	0.7253022780132953	0.10139715949392145	0.014758792862912108	0.8071444305749321
444edc2c-d4d2-48a1-95bd-4bc55bf552c4	60623	835	10602	48381	805	59818	0.013773650264751003	0.17488411988849117	0.7980634412681655	0.013278788578592283	0.01395900899394831	0.8088033702230097
43f2cdb0-e5f0-4586-808a-fc0ef3313aa0	60623	1750	15173	37727	5973	54650	0.02886693169259192	0.25028454546954126	0.622321561123666	0.09852696171420088	0.03202195791399817	0.6903385178408051
7ec2c455-d90f-4cd5-9bbb-aedbf21eca00	60623	358	8710	45978	5577	55046	0.005905349454827376	0.14367484288141463	0.7584250202068522	0.0919947874569058	0.006503651491479853	0.8352650510482142
0d7f390b-70d7-42ee-879c-b399a3d84a6a	60623	440	9893	48049	2241	58382	0.00725797139699454	0.16318888870560677	0.7925869719413424	0.036966167956056284	0.007536569490596417	0.8230105169401528
0692591c-b717-4d4e-b3ce-ea1620eb127e	60623	1395	14608	40469	4151	56472	0.023011068406380418	0.24096465038021872	0.6675519192385728	0.06847236197482803	0.024702507437314065	0.7166206261510129
0473f705-72de-4b71-b5c0-0bf769b6e2da	60623	1421	14632	43756	814	59809	0.02343994853438464	0.2413605397291457	0.7217722646520297	0.0134272470844399	0.02375896604190005	0.7315955792606464
9d501ca9-f50d-45fc-bcc3-fee15f9771cd	60623	34	11071	43948	5570	55053	0.0005608432443132144	0.1826204575821058	0.7249393794434456	0.09187931973013543	0.0006175866891904165	0.7982852887217772
6f261668-4373-4bf7-940b-38acf79b97b5	60623	1	2463	52270	5889	54734	1.6495389538623956e-05	0.0406281444336308	0.8622140111838741	0.09714134899295647	1.8270179413161837e-05	0.9549822779259692
af859133-ccf5-4157-a260-738c9583c17b	60623	10692	35223	9260	5448	55175	0.17636870494696733	0.5810171057189516	0.15274730712765783	0.0898668822064233	0.19378341640235613	0.1678296329859538
4b46c297-ed81-40a7-a36f-d2b494e00f46	60623	11395	38680	9743	805	59818	0.18796496379261995	0.6380416673539746	0.1607145802748132	0.013278788578592283	0.19049449998328263	0.16287739476411783
ef196594-35dc-4ba9-8beb-1efe72d59e6a	60623	1018	7137	48596	3872	56751	0.016792306550319186	0.11772759513715916	0.8016099500189697	0.06387014829355195	0.0179380099029092	0.8563020915930997
ae35ab7d-cc3a-4acc-8e2b-b3128d614e60	60623	1034	8058	50712	819	59804	0.017056232782937168	0.13291984890223182	0.836514194282698	0.01350972403213302	0.01728981339040867	0.8479700354491339
4ad4076c-16c8-425e-9400-57fbf30bffee	60623	5347	34927	15252	5097	55526	0.08820084786302229	0.5761344704155189	0.25158768124309255	0.08407700047836629	0.09629723012642726	0.2746821308936354
08612ee4-7c36-49a4-9609-5311d9f45c81	60623	5902	37829	16089	803	59820	0.09735578905695857	0.6240040908566056	0.2653943222869208	0.013245797799515036	0.09866265463055834	0.2689568706118355
6093f268-1c3f-4fec-bde7-fc3721ecaf8e	60623	9871	41768	3822	5162	55461	0.16282599013575705	0.6889794302492454	0.06304537881662076	0.08514920079837686	0.17798092353185122	0.06891329042029534
061e539b-4cde-4e37-bbcf-30937ce689c9	60623	993	9061	44862	5707	54916	0.016379921811853587	0.14946472460947166	0.7400161654817479	0.09413918809692691	0.01808216184718479	0.8169203875009104
4c932085-e46b-4544-a32c-c38b2bac837a	60623	93	9016	47903	3611	57012	0.0015340712270920278	0.14872243208023359	0.7901786450687033	0.0595648516239711	0.0016312355293622396	0.8402266189574125
700477dc-5eb4-4efb-a301-12172a7469f7	60623	10722	41499	3213	5189	55434	0.17686356663312605	0.6845421704633555	0.052999686587598765	0.0855945763159197	0.1934192012122524	0.05796081827037558
6b83f3e2-19b5-4942-8197-1c879d79c12c	60623	10535	45339	3946	803	59820	0.17377892878940338	0.7478844662916715	0.06509080711941012	0.013245797799515036	0.17611166833834838	0.0659645603477098
a00cc4fb-6852-4869-89a7-f9f2fc941ccc	60623	2855	49405	3143	5220	55403	0.04709433713277139	0.8149547201557165	0.05184500931989509	0.08610593339161704	0.05153150551414183	0.056729779975813584
27c9fa1c-e5e1-40d3-8d25-81f10d27d984	60623	0	3539	51578	5506	55117	0.0	0.05837718357719018	0.8507992016231464	0.0908236147996635	0.0	0.9357911352214381
1e2df997-f5ae-429b-9714-22fcc3f30314	60623	0	2409	57406	808	59815	0.0	0.03973739339854511	0.9469343318542467	0.013328274747208156	0.0	0.959725821282287
429d3dc6-452e-48fc-9dce-e418317a77d3	60623	7719	42162	5157	5585	55038	0.12732791184863831	0.6954786137274632	0.08506672385068373	0.09212675057321479	0.1402485555434427	0.09369889894254878
8fc813ab-c217-4fae-9189-be0a2b7e0360	60623	422	3572	54385	2244	58379	0.0069610543852993085	0.05892153143196477	0.8971017600580637	0.03701565412467216	0.007228626732215351	0.9315849877524452
cbf66244-42c8-4df6-aca7-932e77bb5e0e	60623	9284	35113	11094	5132	55491	0.15314319647658478	0.5792026128697029	0.18299985154149415	0.08465433911221813	0.16730641004847632	0.1999243120506028
27dac66a-e5ac-41b4-95e6-4a9f209261ee	60623	1	11870	44712	4040	56583	1.6495389538623956e-05	0.19580027382346635	0.7375418570509542	0.06664137373604077	1.7673152713712598e-05	0.7902020041355178
992d3519-cd51-4f48-880c-81fef52be1bf	60623	0	23320	31576	5727	54896	0.0	0.38467248404071064	0.52085842007159	0.09446909588769939	0.0	0.5751967356455844
6ec3f0a9-a780-412f-9748-b3a03fb06743	60623	0	29571	30249	803	59820	0.0	0.48778516404664896	0.498969038153836	0.013245797799515036	0.0	0.505667001003009
55906ee0-a385-4ec9-8515-90ab613eca35	60623	0	8038	47454	5131	55492	0.0	0.13258994111145936	0.7827722151658612	0.08463784372267952	0.0	0.8551502919339725
f71ea58f-a4b4-464c-a276-92747efcc0b9	60623	1098	48337	5861	5327	55296	0.0181119377134091	0.7973376441284661	0.096679478085875	0.08787094007224981	0.019856770833333332	0.10599320023148148
58479d5f-b41a-4806-a131-dec706408d01	60623	1137	52175	6508	803	59820	0.018755257905415438	0.8606469491777048	0.10735199511736469	0.013245797799515036	0.019007021063189567	0.1087930458040789
c18a3e05-f8ee-454c-89b2-5659045ba68e	60623	843	15083	39124	5573	55050	0.013905613381059993	0.2487999604110651	0.6453656203091236	0.0919288058987513	0.015313351498637603	0.7106993642143505
1912652f-0601-498b-9677-f7339e92da02	60623	654	16388	42769	812	59811	0.010787984758260066	0.27032644375896936	0.7054913151774079	0.01339425630536265	0.010934443497015599	0.7150691344401532
3de73049-e6e7-4ed7-be98-bf174fd37c89	60623	0	4422	51241	4960	55663	0.0	0.07294261253979513	0.84524025534863	0.08181713211157482	0.0	0.9205576415212978
0f0cca8e-770c-45df-a6cc-466cc9328637	60623	12953	35187	6840	5643	54980	0.21366478069379607	0.5804232716955611	0.11282846444418784	0.09308348316645497	0.23559476173153873	0.1244088759548927
209bcf2c-dac4-48e4-b47c-5a4c8e8797b9	60623	261	23380	31430	5552	55071	0.004305296669580852	0.38566220741302804	0.5184500931989509	0.09158240271844019	0.004739336492890996	0.5707178006573332
05415f21-4c6d-4cf4-924c-9c1eb769e696	60623	0	6439	48396	5788	54835	0.0	0.10621381323919965	0.798310872111245	0.09547531464955544	0.0	0.882574997720434
60cfca96-802d-4a36-8c14-fc0bed308bc3	60623	0	17019	38200	5404	55219	0.0	0.2807350345578411	0.6301238803754351	0.08914108506672386	0.0	0.6917908690849164
4530d39f-1a96-46b3-9964-cba7c03ad9c9	60623	723	12233	43597	4070	56553	0.01192616663642512	0.20178810022598684	0.7191494977153885	0.0671362354221995	0.012784467667497745	0.7709051686029035
06877bb2-15b9-40a3-b07b-1433044f6d82	60623	731	12552	46527	813	59810	0.01205812975273411	0.20705012948880788	0.7674809890635568	0.013410751694901276	0.012222036448754388	0.7779133924092961
f4d51ca6-89a6-4571-ae8d-0fad7dde4452	60623	291	6685	48529	5118	55505	0.004800158355739571	0.11027167906570114	0.8005047589198819	0.0844234036586774	0.0052427709215386005	0.8743176290424286
c2300b5b-43a7-43b8-8cd1-22ff7e89a21a	60623	730	51724	2973	5196	55427	0.012041634363195487	0.8532075284957854	0.04904079309832902	0.08571004404269007	0.013170476482580691	0.053638118606455336
5cffe233-5b5f-47b3-9dd2-7f80e821e15e	60623	0	73	59746	804	59819	0.0	0.0012041634363195487	0.9855335433746268	0.01326229318905366	0.0	0.9987796519500494
083f4985-57c0-4931-ba8a-00f565430da9	60623	1869	10270	42578	5906	54717	0.030829883047688172	0.169407650561668	0.7023406957755307	0.09742177061511308	0.03415757442842261	0.778149386845039
7d3dea42-f18f-4cf6-973d-ea2bae39ba38	60623	9377	46162	0	5084	55539	0.15467726770367682	0.761460171881959	0.0	0.08386256041436418	0.16883631322133996	0.0
28ef8a27-c6d8-44c3-a697-6883f1fa9877	60623	7616	52162	42	803	59820	0.12562888672616004	0.8604325091137027	0.0006928063606222061	0.013245797799515036	0.12731527917084587	0.0007021063189568707
50c357b1-a9fc-44e4-9a7b-937e6d74e081	60623	14121	35858	5273	5371	55252	0.23293139567490886	0.5914916780759778	0.08698018903716412	0.08859673721194926	0.2555744588431188	0.09543545934988779
3cb54dd7-b1ef-457b-ae04-6e66e8b60945	60623	14651	39516	5640	816	59807	0.24167395213037957	0.6518318130082642	0.09303399699783911	0.013460237863517147	0.24497132442690656	0.09430334241811159
30d31924-b87c-4065-a437-00d6033f2979	60623	2310	10688	41632	5993	54630	0.038104349834221334	0.17630272338881284	0.6867360572719925	0.09885686950497335	0.04228445908841296	0.7620721215449386
1d6cd463-d7b3-4e05-b0e5-3a578ec2cfdd	60623	45	59297	473	808	59815	0.0007422925292380779	0.9781271134717846	0.00780231925176913	0.013328274747208156	0.0007523196522611385	0.007907715455989301
26b0cf7a-584f-46e5-8f83-b6b5f7d542ba	60623	11010	37814	6551	5248	55375	0.18161423882024974	0.6237566600135263	0.10806129686752552	0.08656780429869851	0.19882618510158012	0.11830248306997743
8d84c9f4-6f19-42a6-9f55-8b4ccafc6117	60623	1	53299	2404	4919	55704	1.6495389538623956e-05	0.8791877670191182	0.039654916450851986	0.08114082114049123	1.795203217004165e-05	0.043156685336780125
de71b625-2b73-43a7-9bc0-89d6a13d0d52	60623	910	22444	31681	5588	55035	0.015010804480147799	0.37022252280487605	0.5225904359731455	0.09217623674183066	0.01653493231579904	0.5756518579086036
7cf3f67a-c884-43de-a180-1d51003c8af5	60623	1025	22913	35874	811	59812	0.016907774277089553	0.37795886049849065	0.5917556043085958	0.013377760915824027	0.017137029358657126	0.5997793084999665
0c8615d8-e7a2-465a-8de3-961734941c16	60623	8361	41853	5160	5249	55374	0.1379179519324349	0.6903815383600284	0.0851162100192996	0.08658429968823714	0.15099144002600498	0.09318452703434825
dd38ba60-656a-46f7-b22b-bcee3b6d2f19	60623	1043	14006	39629	5945	54678	0.017204691288784785	0.2310344258779671	0.6536957920261287	0.0980650908071194	0.019075313654486264	0.724770474413841
2edc0d6d-f928-45ec-ac6b-2cee7b111a87	60623	3144	13386	43275	818	59805	0.051861504709433716	0.22080728436402025	0.7138379822839517	0.013493228642594396	0.05257085527965889	0.7236017055430148
9f52ae8b-7fe7-441c-9fb6-c55a9bd1a0d0	60623	8550	37082	9993	4998	55625	0.14103558055523482	0.6116820348712535	0.16483842765946918	0.08244395691404252	0.15370786516853932	0.17964943820224719
41dc8345-7968-42b2-af20-8501b9d2223d	60623	956	16675	37827	5165	55458	0.0157695923989245	0.27506062055655445	0.6239711000775283	0.08519868696699273	0.017238270402827365	0.6820837390457644
2ea40f1b-2646-4f2c-95f7-7bee8dce52c4	60623	985	19944	38889	805	59818	0.016247958695544594	0.3289840489583162	0.6414892037675469	0.013278788578592283	0.01646661540004681	0.6501220368450968
45c3bd72-d260-4663-9091-5058e58f352d	60623	0	53904	1779	4940	55683	0.0	0.8891674776899856	0.029345297989212014	0.08148722432080234	0.0	0.03194870966003987
87aae20e-c532-4d73-aab6-88befc3a2e6f	60623	4213	45262	7348	3800	56823	0.06949507612622272	0.7466143212971974	0.12120812232980882	0.06268248024677103	0.07414251271492177	0.12931383418686096
66cbc8df-ff46-45f0-a2b4-2a5f4e6a3a2a	60623	21	5148	54644	810	59813	0.00034640318031110303	0.08491826534483612	0.9013740659485674	0.013361265526285403	0.00035109424372628024	0.9135806597228028
e56e785d-f9b1-4afa-bc2d-b6cebf9e64cc	60623	2053	51934	1715	4921	55702	0.03386503472279498	0.8566715602988965	0.02828959305874008	0.08117381191956848	0.03685684535564253	0.030788840616135866
003c8cff-ec0e-4f7c-b38b-93575fd68a23	60623	2087	55948	1784	804	59819	0.03442587796710819	0.9228840539069331	0.029427774936905134	0.01326229318905366	0.034888580551329845	0.02982330028920577
24e9d23a-1340-4074-9268-ca85896569cf	60623	12633	40457	2647	4886	55737	0.20838625604143643	0.6673539745641094	0.043663296108737606	0.08059647328571665	0.22665374885623554	0.047490894737786386
1ed30905-7dc1-4e28-a607-697f24cb1451	60623	12017	43531	4271	804	59819	0.19822509608564406	0.7180608020058393	0.07045180871946291	0.01326229318905366	0.20088934953777227	0.07139871947040238
8c8d4bd4-3aa9-4ad1-9715-2376ee540a0c	60623	11042	43078	2895	3608	57015	0.1821420912854857	0.7105883905448427	0.04775415271431635	0.059515365455355226	0.19366833289485222	0.05077611154959221
3361627e-2b28-43b0-bccf-6af06dd74302	60623	13494	43427	2899	803	59820	0.22258878643419164	0.7163452814938225	0.047820134272470845	0.013245797799515036	0.22557673019057173	0.04846205282514209
4aa1d78b-37cc-43be-b4f7-ce677992024e	60623	22	15621	39554	5426	55197	0.000362898569849727	0.2576744799828448	0.6524586378107319	0.08950398363657358	0.0003985723861804084	0.7165969164990851
db1c378a-1974-4b79-a027-928cba385e40	60623	1603	11616	41568	5836	54787	0.0264421094304142	0.19161044488065584	0.6856803523415206	0.0962670933474094	0.029258765765601328	0.758720134338438
a456d499-cba4-49a6-a296-998ed018947a	60623	936	13068	45815	804	59819	0.015439684608152022	0.21556175049073784	0.7557362717120565	0.01326229318905366	0.01564720239388823	0.7658937795683646
dac9090c-fae9-4d99-b5d7-fc3c8b6a201a	60623	11820	36706	6133	5964	54659	0.19497550434653516	0.6054797684047308	0.10116622404038071	0.09837850320835327	0.21624983991657368	0.11220476042371796
226f48ee-e9b2-47dc-9fa4-90640574c808	60623	8417	42212	9185	809	59814	0.13884169374659783	0.6963033832043943	0.15151015291226103	0.01334477013674678	0.14071956398167654	0.15355936737218712
aafc7bc4-1e57-4df9-9bad-a04a4d9edebd	60623	8663	38536	8116	5308	55315	0.14289955957309933	0.6356663312604127	0.13387658149547202	0.08755752767101595	0.156612130525174	0.14672331194070323
6731ddd7-054f-4faa-9cfb-d8ec938c5f7d	60623	9189	42007	8624	803	59820	0.1515761344704155	0.6929218283489764	0.142256239381093	0.013245797799515036	0.15361083249749247	0.14416583082581078
aa1037f4-1414-4e05-b11a-c558a23b7e62	60623	11621	40012	3059	5931	54692	0.191692921828349	0.6600135262194217	0.050459396598650674	0.09783415535357867	0.2124808015797557	0.05593139764499378
9465c220-bf06-4cd1-8466-3477cc47ff6e	60623	791	18989	36450	4393	56230	0.013047853125051549	0.31323095194893025	0.6012569486828432	0.07246424624317503	0.014067223901831762	0.6482304819491375
339ad591-3fd3-4c36-b399-1004dc95252a	60623	1310	19094	39829	390	60233	0.02160896029559738	0.3149629678504858	0.6569948699338535	0.006433201920063343	0.02174887520130161	0.6612488170936198
7a3b5790-35c8-473a-b952-bb603aca5aa1	60623	239	16492	38260	5632	54991	0.003942398099731125	0.27204196427098626	0.6311136037477525	0.09290203388153011	0.00434616573621138	0.695750213671328
030bfeb7-42de-4fc4-83ee-f0257c2590a7	60623	2525	18567	38716	815	59808	0.041650858585025485	0.306269897563631	0.638635501377365	0.013443742473978523	0.04221843231674692	0.6473381487426432
cb7c50bf-c1df-4b2d-939d-cbe1a4b7b667	60623	1149	53419	2605	3450	57173	0.018953202579878925	0.8811672137637531	0.042970489748115404	0.05690909390825264	0.02009689888583772	0.04556346527206898
6d7baf96-800d-4942-a09b-b71110a4faab	60623	1661	55316	3286	360	60263	0.027398842023654387	0.9124589677185226	0.05420385002391832	0.005938340233904623	0.02756251763105056	0.054527653784245726
fbf64fdd-6787-4647-b0cd-860acc8abce6	60623	1389	14162	39674	5398	55225	0.022912096069148673	0.23360770664599245	0.6544380845553668	0.08904211272949211	0.025151652331371663	0.7184065187867813
cd390244-133c-4f09-a076-9dddd986df04	60623	18871	31953	8996	803	59820	0.31128449598337266	0.5270771819276512	0.1483925242894611	0.013245797799515036	0.31546305583416917	0.15038448679371447
ca263104-9c70-4b9f-95d1-7a886587eebd	60623	949	9600	44442	5632	54991	0.015654124672154133	0.15835573957078997	0.7330881018755258	0.09290203388153011	0.01725736938771799	0.8081686094088123
6e110926-2f23-4e7d-a482-026f1f429d85	60623	1011	11169	47628	815	59808	0.01667683882354882	0.18423700575689095	0.7856424129455817	0.013443742473978523	0.016904093097913322	0.7963483146067416
50111388-1058-413a-ac2a-3fd4f84091aa	60623	413	4680	50471	5059	55564	0.006812595879451693	0.0771984230407601	0.8325388054038896	0.08345017567589859	0.007432870203729033	0.9083399323302858
47f50df9-05b7-4cda-b0b6-f8ad9fa19ffa	60623	413	5301	54094	815	59808	0.006812595879451693	0.08744205994424559	0.8923016017023242	0.013443742473978523	0.006905430711610487	0.9044609416800428
9e1c48c2-ce8e-4256-8cb2-31b12c523c66	60623	37	377	56329	3880	56743	0.0006103294129290863	0.006218761856061231	0.9291687973211488	0.06400211140986094	0.0006520628095095431	0.9927039458611635
2ec94f04-76bd-491c-a8ee-7197d483bd5c	60623	39504	14219	6094	806	59817	0.6516338683338007	0.23454794384969402	0.10052290384837438	0.013295283968130907	0.6604142635036863	0.10187739271444572
0a1f4a81-38c6-407a-a33b-716a0f9a6b4d	60623	466	24117	31953	4087	56536	0.007686851524998763	0.39781930950299393	0.5270771819276512	0.06741665704435611	0.008242535729446724	0.5651797085043159
02ec11f4-1d26-4d2f-babe-d576ebfff1c7	60623	945	15252	39185	5241	55382	0.015588143113999637	0.25158768124309255	0.6463718390709796	0.08645233657192815	0.017063305767216784	0.7075403560723701
c5eb7bf2-fc4a-497e-ace9-c715fea47e5b	60623	7	6238	49052	5326	55297	0.00011546772677036768	0.10289823994193623	0.8091318476485823	0.08785444468271118	0.00012658914588494855	0.887064397706928
3cdfe969-7dce-44f0-a960-2b4f1ea301bb	60623	7217	18066	34537	803	59820	0.11904722630024908	0.2980057074047804	0.5697012684954555	0.013245797799515036	0.1206452691407556	0.5773487128050819
22ebe36e-3c42-4ca0-a624-c4219074bab9	60623	1280	22084	31426	5833	54790	0.02111409860943866	0.3642841825709714	0.5183841116407965	0.09621760717879353	0.023361927359007117	0.5735718196751232
d09d5a48-2dc0-4d0f-8b20-d1f11a08143b	60623	17920	30035	6611	6057	54566	0.29559738053214124	0.49543902479257046	0.10905102023984296	0.0999125744354453	0.3284096323718066	0.12115603122823737
74e683be-a4a2-43cf-94c8-6a559c9431be	60623	28	19579	40203	813	59810	0.0004618709070814707	0.32296323177671843	0.6631641456212989	0.013410751694901276	0.0004681491389399766	0.6721785654572814
0dfe13f0-e1f5-4f7e-95b5-e88f9d9e920a	60623	834	3213	50884	5692	54931	0.013757154875212379	0.052999686587598765	0.8393514012833413	0.09389175725384755	0.015182683730498261	0.926325754127906
0050d7c9-ece9-4b6c-8023-1ff2efcb3c9c	60623	1931	15750	39148	3794	56829	0.03185259719908286	0.25980238523332727	0.6457615096580506	0.06258350790953929	0.033979130373576874	0.6888736384592373
cb62cd95-92ca-4b83-b8db-1cb9584befc0	60623	13721	36008	5343	5551	55072	0.22633323985945927	0.5939659865067713	0.08813486630486779	0.09156590732890157	0.2491465717606043	0.09701844857640907
2f1a5260-4a40-41ba-a005-c09e7cba7b1d	60623	17486	35997	6327	813	59810	0.2884383814723785	0.5937845372218465	0.10436632961087376	0.013410751694901276	0.2923591372680154	0.1057849857883297
0d0546ad-8a51-4802-a173-96fbe5ebb124	60623	0	3604	51290	5729	54894	0.0	0.05944938389720073	0.8460485294360226	0.09450208666677663	0.0	0.9343461944839144
7cb99442-005b-4611-94f9-03af195ec7e3	60623	0	10157	44769	5697	54926	0.0	0.1675436715438035	0.7384820942546558	0.09397423420154066	0.0	0.8150784692131231
09644a32-44ea-4fac-afb9-448810b90eed	60623	0	10607	49212	804	59819	0.0	0.1749665968361843	0.8117711099747621	0.01326229318905366	0.0	0.8226817566325081
55e28aaf-8025-4b46-97d3-96cdf512a609	60623	24681	21246	9693	5003	55620	0.4071227092027778	0.35046104613760454	0.159889810797882	0.08252643386173565	0.4437432578209277	0.1742718446601942
eae4c66c-03a5-4663-a484-a01612602409	60623	923	1790	52535	5375	55248	0.01522524454414991	0.02952674727413688	0.8665852894116095	0.08866271877010376	0.01670648711265566	0.9508941500144802
80318906-827b-467b-9da8-3fcc4ccc5918	60623	958	2216	56643	806	59817	0.015802583178001747	0.03655378321759068	0.9343483496362767	0.013295283968130907	0.01601551398431884	0.9469381613922464
7231d76b-0aa1-4614-bdaa-84411618c8c0	60623	11179	39032	6519	3893	56730	0.18440195965227718	0.6438480444715702	0.10753344440228955	0.06421655147386306	0.1970562312709325	0.11491274457958751
2332e6b3-0dfc-4a40-b70a-1d7453de125e	60623	11002	42088	6723	810	59813	0.18148227570394074	0.694257954901605	0.11089850386816885	0.013361265526285403	0.1839399461655493	0.112400314312942
0d2e50fa-daef-45a3-97b2-5d71ab03cfbf	60623	8852	39991	6030	5750	54873	0.14601718819589923	0.6596671230391106	0.09946719891790244	0.09484848984708774	0.16131795236272847	0.10989010989010989
e46b29b9-c697-4739-b292-398674a5adb9	60623	1098	50741	3661	5123	55500	0.0181119377134091	0.836992560579318	0.0603896211009023	0.08450588060637051	0.019783783783783784	0.06596396396396396
1be16830-bc94-422f-b925-26a772f1ed58	60623	2055	7313	45634	5621	55002	0.03389802550187223	0.12063078369595698	0.7527506062055656	0.09272058459660525	0.037362277735355075	0.8296789207665176
c53140b8-0058-4bb2-be77-5121cd0e5b95	60623	1318	23609	31929	3767	56856	0.021740923411906372	0.38943965161737293	0.5266812925787242	0.062138132391996434	0.02318137047980864	0.5615766146053187
2cf478d5-5400-4724-bf36-89bf1df26284	60623	2818	51577	2533	3695	56928	0.046484007719842305	0.8507827062336077	0.041782821701334474	0.06095046434521551	0.04950112422709387	0.044494800449690834
79a531b5-1bf5-442b-bef7-72b9fc628f5f	60623	416	24867	31299	4041	56582	0.006862082048067565	0.4101908516569619	0.5162891971693911	0.0666578691255794	0.007352161464776784	0.5531617828991552
e8eda441-d2d9-4708-bb9c-21f7da4e3094	60623	10379	40668	4246	5330	55293	0.17120564802137803	0.670834501756759	0.07003942398099731	0.08792042624086568	0.18770911326931075	0.07679091385889715
42b30043-b40e-4f2a-ba7b-89d46e8e4e9b	60623	12935	40952	4502	2234	58389	0.21336786368210084	0.6755191923857282	0.07426224370288505	0.03685070022928592	0.22153145284214493	0.07710356402747093
c9ec05fa-5548-4fe3-8c09-a32c9e599d90	60623	31	6235	48715	5642	54981	0.0005113570756973426	0.10284875377332035	0.8035729013740659	0.09306698777691635	0.0005638311416671214	0.8860333569778651
9290d7f7-c958-4668-916f-152d8f820245	60623	33	8612	51172	806	59817	0.0005443478547745904	0.1420582947066295	0.844102073470465	0.013295283968130907	0.0005516826320276845	0.8554758680642627
0177791d-d02d-4433-81ae-458a93fdd60f	60623	271	13674	40978	5700	54923	0.004470250564967092	0.22555795655114397	0.6759480725137325	0.09402372037015654	0.004934180580084846	0.7460990841723868
7bd968be-14ae-4a63-96d5-814d16072818	60623	3622	28535	23220	5246	55377	0.05974630090889596	0.47069594048463453	0.3830229450868482	0.08653481351962126	0.06540621557686405	0.41930765480253535
47a2b873-6a1e-4d0b-a6e3-b6ab5adf30b5	60623	4434	29619	25761	809	59814	0.07314055721425862	0.4885769427445029	0.4249377299044917	0.01334477013674678	0.07412980238740094	0.4306851238840405
75e9ad4a-ae3e-4331-9c35-0ce639ed3009	60623	1303	53052	2390	3878	56745	0.021493492568827013	0.8751134058030781	0.03942398099731125	0.0639691206307837	0.02296237553969513	0.04211824830381532
4b7b3794-8afb-46da-8ed9-439f9860493d	60623	1217	55999	2604	803	59820	0.020074889068505353	0.9237253187734028	0.042953994358576775	0.013245797799515036	0.02034436643263123	0.04353059177532598
8caec376-1f90-4802-947f-b893c370f219	60623	1020	4981	49087	5535	55088	0.016825297329396433	0.08216353529188591	0.809709186282434	0.09130198109628358	0.018515829218704618	0.8910652047632879
6d4f2c09-6ee4-419d-b4e3-8c53fae9cb50	60623	1113	4931	52342	2237	58386	0.01835936855648846	0.08133876581495472	0.863401679230655	0.03690018639790179	0.01906278902476621	0.8964820333641627
74f23f3b-989c-441b-8715-505378d175e3	60623	5323	41752	8236	5312	55311	0.08780495851409531	0.6887155040166274	0.1358560282401069	0.08762350922917045	0.09623763808284067	0.14890347308853574
6a6b6b80-65c6-413d-94ed-07f13e48d62c	60623	5359	49144	2438	3682	56941	0.08839879253748577	0.8106494234861357	0.0402157596951652	0.0607360242812134	0.09411496110008605	0.04281624839746404
8137ffee-bb4f-4e5f-b831-acfc9c5585a8	60623	14874	35305	4789	5655	54968	0.2453524239974927	0.5823697276611187	0.07899642050047012	0.09328142784091846	0.2705938000291078	0.08712341726095182
2fd262a9-384b-4c29-9fa3-837c42d84010	60623	18441	36187	5183	812	59811	0.30419147848176437	0.596918661234185	0.08549560397868795	0.01339425630536265	0.30832121181722427	0.08665630068047683
4bdb6c69-67b3-406b-9ac6-9cca2c15f52f	60623	4665	42567	8304	5087	55536	0.07695099219768074	0.7021592464906059	0.13697771472873332	0.08391204658298006	0.08399956784788246	0.1495246326707001
1d6a8301-5fc7-4303-9498-461e23538952	60623	4763	46471	8581	808	59815	0.0785675403724659	0.7665572472493938	0.14154693763093215	0.013328274747208156	0.07962885563821784	0.14345899857895178
d22e0f16-8d28-467d-ab10-2dd72f7eab42	60623	3999	48483	2459	5682	54941	0.0659650627649572	0.7997459710011052	0.0405621628754763	0.09372680335846131	0.07278717169327097	0.044757103074206876
0478567a-9108-40c0-9965-3ff18c7c4c49	60623	0	3808	56012	803	59820	0.0	0.06281444336308002	0.923939758837405	0.013245797799515036	0.0	0.9363423604145771
5aeef496-2885-42d7-802e-319b76bbe215	60623	14	13385	43353	3871	56752	0.00023093545354073536	0.22079078897448162	0.7151246226679643	0.06385365290401333	0.00024668734141528053	0.7639025937411897
de27ccdd-56a4-44e9-89a3-ff0173026315	60623	5188	45661	4454	5320	55303	0.08557808092638107	0.7531959817231084	0.0734704650050311	0.08775547234547944	0.09381046236189719	0.080538126322261
569dc2bf-8078-4330-afac-f3ff65903249	60623	3934	15442	37457	3790	56833	0.06489286244494663	0.2547218052554311	0.6178678059482374	0.06251752635138479	0.06922034733341545	0.6590713142012563
73cb9fe3-e820-42ef-af60-acbf07ed9f1d	60623	113	11801	43330	5379	55244	0.001863979017864507	0.1946620919453013	0.7147452287085759	0.08872870032825825	0.002045471001375715	0.7843385707045109
e8811c84-1822-40cb-ba64-10939e29cd35	60623	1131	15526	40273	3693	56930	0.018656285568183693	0.2561074179766755	0.6643188228890026	0.06091747356613826	0.01986650272264184	0.7074126119796241
1eff5e1c-8cf7-4cb7-9a16-8ea6a91124dc	60623	1138	18071	40611	803	59820	0.01877175329495406	0.2980881843524735	0.6698942645530575	0.013245797799515036	0.01902373788030759	0.6788866599799398
27ac43e4-c348-4f83-97f5-cc0f4a87b670	60623	52	12366	42336	5869	54754	0.0008577602560084456	0.20398198703462384	0.6983488115071838	0.09681144120218399	0.0009497023048544398	0.7732037841984147
09674aa4-1b64-4abe-9a67-4f478bb81f92	60623	942	14195	44676	810	59813	0.015538656945383766	0.23415205450076704	0.7369480230275638	0.013361265526285403	0.015749084647150285	0.746927925367395
081947cf-1635-4a57-9903-0c405ead6d84	60623	13	7159	49349	4102	56521	0.0002144400640021114	0.11809049370700889	0.8140309783415536	0.06766408788743546	0.00023000300773163957	0.8731091098883601
9eaa7f15-8a97-4a49-9e93-b5790a1fade0	60623	386	6627	48029	5581	55042	0.0063672203619088465	0.10931494647246094	0.79225706415057	0.09206076901506029	0.007012826568802006	0.8725882053704443
78817d86-7714-43a6-ae94-2aadcb6314a3	60623	421	7200	52198	804	59819	0.006944558995760685	0.11876680467809247	0.8610263431370931	0.01326229318905366	0.00703789765793477	0.8725990070044635
dbeeddc1-d149-46f7-91ff-d057f8c6bffb	60623	17756	30569	7137	5161	55462	0.29289213664780694	0.5042475628061956	0.11772759513715916	0.08513270540883823	0.3201471277631531	0.12868270166961163
449e6d54-ad02-45e2-a3d2-a5dca2c3ba14	60623	18817	33460	7535	811	59812	0.310393744948287	0.5519357339623575	0.1242927601735315	0.013377760915824027	0.31460242091887913	0.12597806460242092
f411d1ba-697f-4759-afb1-89eaa56e6da7	60623	0	17597	37384	5642	54981	0.0	0.29026936971116574	0.616663642511918	0.09306698777691635	0.0	0.6799439806478602
dd230bd7-4416-4d54-ae4c-fd99d0398cb2	60623	20	18565	41235	803	59820	0.00032990779077247907	0.30623690678455373	0.6801873876251587	0.013245797799515036	0.00033433634236041456	0.6893179538615848
bf42e8ce-cd3e-46c8-92f9-ea5cda443a6f	60623	5348	43489	6461	5325	55298	0.0882173432525609	0.7173679956452171	0.10657671180904937	0.08783794929317255	0.09671235849397808	0.11683966870411226
75b94f6e-1011-4106-9d9e-3b6e5573c3e8	60623	5649	47466	6700	808	59815	0.09318245550368671	0.7829701598403246	0.1105191099087805	0.013328274747208156	0.09444119368051491	0.11201203711443618
e8ff6081-cb82-4316-8c22-1c1cb1b6552b	60623	5	246	55352	5020	55603	8.247694769311977e-05	0.004057865826501493	0.9130528017419132	0.08280685548389226	8.99232055824326e-05	0.9954858550797618
192f8d41-9248-4819-89ac-84c125bc8b6c	60623	483	50810	8521	809	59814	0.00796727314715537	0.8381307424574831	0.14055721425861473	0.01334477013674678	0.008075032601063296	0.14245828735747484
2a5f4696-6e02-4fe9-b66d-8c2ae93b7c2f	60623	10950	34250	10089	5334	55289	0.18062451544793232	0.5649670916978704	0.16642198505517708	0.08798640779902017	0.19805024507587404	0.1824775271753875
bfd30c90-9b30-4e7b-96f5-1f1b2ce23f04	60623	8527	43770	2675	5651	54972	0.14065618659584647	0.7220032001055705	0.04412516701581908	0.09321544628276397	0.1551153314414611	0.048661136578621846
b97ae85c-6df1-4073-b11b-42feeebd7467	60623	25	8765	51015	818	59805	0.00041238473846559885	0.14458208930603897	0.841512297312901	0.013493228642594396	0.000418025248725023	0.8530223225482819
24eaa7eb-502d-4c9a-b390-507b51c53f96	60623	4341	48401	2835	5046	55577	0.07160648598716658	0.798393349058938	0.04676442934199891	0.08323573561189647	0.07810785036975727	0.05101031002033215
c59fa5bd-0b6d-41d5-83ef-7766f0241d70	60623	8932	41073	5211	5407	55216	0.14733681935898915	0.6775151345199016	0.08595747488576942	0.08919057123533972	0.16176470588235295	0.09437481889307447
644c9a14-09da-4382-a6d1-dce67f25a4ff	60623	0	49284	5790	5549	55074	0.0	0.8129587780215429	0.0955083054286327	0.09153291654982433	0.0	0.10513127791698441
619646c1-6b41-437a-989d-33dae3bc640c	60623	0	53693	6127	803	59820	0.0	0.885686950497336	0.10106725170314897	0.013245797799515036	0.0	0.10242393848211301
f0cf4acd-6b09-4538-b58c-e86c623b6c71	60623	15897	29430	10036	5260	55363	0.262227207495505	0.485459314121703	0.16554772940963	0.086765748973162	0.28714123150840815	0.18127630366851508
227a21ef-33d5-4981-9f0f-b48c75b090c8	60623	14604	18945	26271	803	59820	0.24089866882206423	0.3125051548092308	0.4333503785691899	0.013245797799515036	0.24413239719157473	0.43916750250752257
8063e0be-03ea-4a66-8592-dbb2d9f49045	60623	4075	47049	5945	3554	57069	0.06721871236989262	0.7760915824027185	0.0980650908071194	0.05862461442026953	0.07140479069196937	0.10417214249417373
2e11b317-aaae-4c20-bf1a-14c8956584a1	60623	3985	49891	5942	805	59818	0.06573412731141647	0.8229714794714877	0.09801560463850353	0.013278788578592283	0.06661874352201679	0.09933464843358186
6c05cfbf-4858-45d1-b5b8-d943a542d196	60623	15813	37002	2415	5393	55230	0.2608415947742606	0.6103624037081635	0.03983636573577685	0.08895963578179898	0.28631178707224336	0.043726235741444866
bdcd6720-fcbf-4c64-8703-b8932472ad19	60623	4004	49050	2502	5067	55556	0.06604753971265032	0.809098856869505	0.04127146462563713	0.08358213879220758	0.07207142342861257	0.04503563971488228
8ba7248f-69cd-4b16-8900-ad2feec2eab8	60623	2226	49278	3943	5176	55447	0.03671873711297692	0.8128598056843113	0.06504132095079425	0.0853801362519176	0.04014644615578841	0.0711129547135102
b0763e0d-56a7-4953-ad36-c3b218c059b3	60623	3728	48977	2973	4945	55678	0.061494812199990104	0.8078946934331854	0.04904079309832902	0.08156970126849546	0.06695642803261612	0.05339631452279177
8e23740c-1ee6-4ccc-a5a4-2e89f3e3557d	60623	3779	52944	3097	803	59820	0.062336077066459925	0.8733319037329067	0.05108622140111839	0.013245797799515036	0.06317285188900033	0.051771982614510194
81fc993e-8f5a-4b3b-bea3-4c4c2f5e4ef2	60623	20787	26985	7607	5244	55379	0.3428896623393761	0.4451280866997674	0.1254804282203124	0.08650182274054402	0.3753588905541812	0.1373625381462287
1a474269-bc7c-4490-a7ae-30ea51124792	60623	23912	28071	7834	806	59817	0.394437754647576	0.46304207973871303	0.12922488164558005	0.013295283968130907	0.39975257869836334	0.1309661133122691
d19fe184-84a8-4a49-a4d4-75891670da4d	60623	0	3687	51414	5522	55101	0.0	0.06081850122890652	0.848093957738812	0.09108754103228148	0.0	0.9330865138563729
aa55a5eb-54d5-4417-8147-861df026860d	60623	0	3904	55915	804	59819	0.0	0.06439800075878792	0.9223397060521584	0.01326229318905366	0.0	0.9347364549725004
d728c743-10a6-4ac4-8725-61c0d2980057	60623	32131	23296	6	5190	55433	0.5300133612655263	0.38427659469178366	9.897233723174372e-05	0.08561107170545833	0.5796366785127992	0.00010823877473706998
3339efb2-8fe1-4022-9a26-fc4c6145f35e	60623	1139	50422	8259	803	59820	0.018788248684492685	0.831730531316497	0.13623542219949525	0.013245797799515036	0.01904045469742561	0.1380641925777332
a92b6d90-f7b4-4b17-b56b-b2fb7103b55f	60623	1	8712	46532	5378	55245	1.6495389538623956e-05	0.1437078336604919	0.7675634660112498	0.08871220493871963	1.810118562765861e-05	0.8422843696262106
29ba933a-c5f0-4637-b741-ee9739f02cd2	60623	3606	48146	3824	5047	55576	0.05948237467627798	0.7941870247265889	0.063078369595698	0.0832522310014351	0.06488412264286743	0.06880667914207572
dcf7829e-abaa-435f-b41d-a2bcfde5d66a	60623	1627	51036	2294	5666	54957	0.026837998779341173	0.8418587004932121	0.03784042360160335	0.09346287712584332	0.029604963880852302	0.041741725348909145
b7dfa028-555a-410e-b216-71c2468ff2e9	60623	1786	55430	2604	803	59820	0.029460765715982384	0.9143394421259258	0.042953994358576775	0.013245797799515036	0.029856235372785023	0.04353059177532598
a7cc9298-d6f1-48ef-a93a-9c75fc0cb800	60623	907	7867	46143	5706	54917	0.014961318311531926	0.12976922950035466	0.7611467594807252	0.09412269270738828	0.016515832984321795	0.8402316222663292
8328302c-cff7-46da-9b14-9c55f6ee531c	60623	914	8145	50756	808	59815	0.015076786038302295	0.13435494779209212	0.8372399914223975	0.013328274747208156	0.015280448048148458	0.8485496948925855
fffbf817-1853-4783-b3e3-d05261cf2cd8	60623	2342	52043	2771	3467	57156	0.038632202299457304	0.8584695577586064	0.04570872441152698	0.05718951553040925	0.04097557561760795	0.04848134928966338
bd00548f-1815-444d-83b9-6a173bf5e3e3	60623	2244	54488	3088	803	59820	0.03701565412467216	0.8988007851805421	0.05093776289527077	0.013245797799515036	0.037512537612838515	0.05162153126044801
5cedca81-7593-48c9-8bed-ebd294347ce7	60623	0	55694	10	4919	55704	0.0	0.9186942249641226	0.00016495389538623954	0.08114082114049123	0.0	0.00017952032170041648
6d1ce13f-530e-433f-b2a3-f30793b0b003	60623	14783	34181	6190	5469	55154	0.24385134354947793	0.5638289098197053	0.10210646124408228	0.09021328538673441	0.2680313304565399	0.11223120716539145
781d285c-5b2a-4d42-b35e-3840d954070b	60623	26899	26990	1358	5376	55247	0.44370948319944575	0.44521056364746053	0.02240073899345133	0.08867921415964237	0.48688616576465693	0.024580520209242132
9ae58006-9650-4494-991a-6ee217331740	60623	2565	22366	30142	5550	55073	0.042310674166570444	0.3689358824208634	0.49720403147320325	0.09154941193936295	0.0465745465109945	0.5473099340874839
5a399b2d-c4bc-495a-a8c3-5fbd0bce4836	60623	4093	23674	32053	803	59820	0.06751562938158785	0.3905118519373835	0.5287267208815136	0.013245797799515036	0.06842193246405884	0.5358241390839185
c6f8aca1-259f-48ab-a470-a1afecb8a2a9	60623	45	6436	48122	6020	54603	0.0007422925292380779	0.10616432707058378	0.793791135377662	0.09930224502251621	0.0008241305422778968	0.8813068878999323
b4324398-6ff8-4fe1-8acd-1b02833259dd	60623	45	7296	52473	809	59814	0.0007422925292380779	0.12035036207380037	0.8655625752602147	0.01334477013674678	0.0007523322299127295	0.8772695355602367
ee6b71d0-3596-4669-b138-af822c2c3c6b	60623	10233	42981	3378	4031	56592	0.16879732114873894	0.7089883377595962	0.05572142586147172	0.06649291523019316	0.1808206106870229	0.05969041560644614
d4eed926-cbe7-4e66-8fff-027d6e4d3006	60623	10113	46326	3376	808	59815	0.16681787440410406	0.7641654157662933	0.05568843508239447	0.013328274747208156	0.16907130318481986	0.05644069213408008
c2f00c0c-9ad9-4c1d-912c-52eacedcba12	60623	3589	44947	6310	5777	54846	0.059201953054121376	0.7414182735925309	0.10408590798871716	0.09529386536463058	0.06543777121394449	0.11504941107829195
68dc17df-2580-4195-b66e-650c347b84aa	60623	3325	48874	7621	803	59820	0.05484717021592465	0.8061956683107071	0.12571136367385316	0.013245797799515036	0.05558341691741892	0.12739886325643598
0dd8e6c7-9b41-4489-924f-bddf7d189eb3	60623	4550	20920	29724	5429	55194	0.075054022400739	0.34508354914801315	0.49030895864605845	0.08955346980518945	0.08243649672065805	0.5385367974779868
8e324f79-8fbf-4d12-94d2-7b5a978425fc	60623	5878	28204	22797	3744	56879	0.09695989970803161	0.46523596654735	0.3760453953120103	0.06175873843260809	0.10334218252782222	0.4007981856221101
484dcd1e-6765-42c6-bf7c-0b5b04e518d7	60623	2947	4140	52731	805	59818	0.04861191297032479	0.06829091268990317	0.8698183857611798	0.013278788578592283	0.04926610719181517	0.8815239559998662
a6cd09dc-ac7c-4bdc-9bb4-14f8cce6642d	60623	90	11662	42970	5901	54722	0.0014845850584761558	0.19236923279943255	0.7088068884746713	0.09733929366741996	0.001644676729651694	0.7852417674792588
77986d47-e916-41a3-933a-85abd508050e	60623	452	12183	45725	2263	58360	0.007455916071458028	0.20096333074905565	0.7542516866535803	0.03732906652590601	0.00774503084304318	0.7834989718985607
b58f47b2-c3ce-49a2-9bd2-f4c2cbda734c	60623	17892	29977	7510	5244	55379	0.2951355096250598	0.49448229219933026	0.1238803754350659	0.08650182274054402	0.32308275700175154	0.13561097166796077
4c8285d6-409c-44c2-9fa4-57be540255bb	60623	19466	32200	8140	817	59806	0.3210992527588539	0.5311515431436913	0.134272470844399	0.01347673325305577	0.32548573721700164	0.13610674514262783
147a9822-8704-4a7f-b856-9a659f4717b3	60623	570	14726	40096	5231	55392	0.009402372037015654	0.24291110634577637	0.661399138940666	0.0862873826765419	0.010290294627383016	0.7238590410167534
5dfab1d0-fed6-47b2-a47d-402e088361ad	60623	5730	47088	2697	5108	55515	0.09451858205631526	0.7767349025947248	0.044488065585668805	0.08425844976329117	0.10321534720345853	0.04858146446906242
7adf414b-c3f7-4e2c-aa80-81d3edd9764e	60623	5213	47585	2747	5078	55545	0.08599046566484668	0.7849331111954209	0.045312835062600004	0.08376358807713244	0.09385183184805113	0.04945539652533981
45cd167f-d97f-4bfc-8b7b-a8cab21af816	60623	0	5574	54241	808	59815	0.0	0.09194530128828993	0.894726423964502	0.013328274747208156	0.0	0.906812672406587
fed3a891-21be-4196-b9ef-0bf7c8f976aa	60623	20646	31886	4423	3668	56955	0.3405638124144302	0.5259719908285634	0.07295910792933376	0.060505088827672665	0.36249670792731103	0.07765780001755772
86bddedb-0034-4a61-af7e-f577454c9646	60623	16083	21857	21871	812	59811	0.26529534994968906	0.36053972914570376	0.3607706645992445	0.01339425630536265	0.2688970256307368	0.3656685225125813
4ab470ca-b87c-448e-b4c6-48db22e39a39	60623	0	5034	50159	5430	55193	0.0	0.08303779093743299	0.8273922438678389	0.08956996519472807	0.0	0.9087927816933307
1fbb64f8-bddf-4848-a89a-94ca24956c11	60623	8	5519	54291	805	59818	0.00013196311630899165	0.0910380548636656	0.8955511934414331	0.013278788578592283	0.00013373900832525326	0.9076030626232906
4a7e95e4-58b5-4e96-a029-98f294b3cd54	60623	1747	7797	45570	5509	55114	0.028817445523976047	0.12861455223265097	0.7516949012750936	0.09087310096827937	0.03169793518888123	0.8268316580179265
685b5df4-0620-40e2-aa09-0dd736bb5e2b	60623	11	4223	52354	4035	56588	0.0001814492849248635	0.06966003002160896	0.8635996239051186	0.06655889678834766	0.00019438750265073868	0.9251784830706157
3519c7cd-b939-47cb-8126-8d999aff8f86	60623	136	4045	54218	2224	58399	0.0022433729772528576	0.06672385068373389	0.8943470300051136	0.03668574633389968	0.002328807000119865	0.9284063083271974
710257f0-ac05-4fee-b6a3-9c48ecc65b0e	60623	13007	19822	26978	816	59807	0.21455553172888178	0.326971611434604	0.44501261897299704	0.013460237863517147	0.21748290333907402	0.45108432123330044
dba36215-670e-400f-864e-a46702d49240	60623	899	829	53719	5176	55447	0.014829355195222936	0.013674677927519259	0.8861158306253403	0.0853801362519176	0.016213681533716884	0.9688351037928111
2ed1ed4a-12e1-4306-b290-6c31933d054e	60623	913	3283	55624	803	59820	0.01506029064876367	0.054154363855302444	0.9175395476964189	0.013245797799515036	0.015262454028752925	0.9298562353727851
b25afcbc-accf-4f14-acc3-2f8bb700e5d2	60623	12585	40615	2326	5097	55526	0.20759447734358247	0.669960246111212	0.03836827606683932	0.08407700047836629	0.2266505781075532	0.0418902856319562
554cd9e3-7bf0-4d5b-a389-d258a8f46073	60623	13551	38568	3360	5144	55479	0.2235290236378932	0.6361941837256487	0.05542450884977649	0.08485228378668162	0.24425458281511925	0.060563456442978426
153d5e35-20a4-40f8-901a-d7208fa2d3d8	60623	0	59791	24	808	59815	0.0	0.9862758359038649	0.0003958893489269749	0.013328274747208156	0.0	0.0004012371478726072
bc641d07-e041-403a-aa3a-e76279a8a1d1	60623	1599	17126	36827	5071	55552	0.026376127872259705	0.28250004123847383	0.6074757105389044	0.08364812035036208	0.028783842165898618	0.6629284274193549
1a4b42d0-324b-4d74-bfe9-d17d672d273f	60623	0	0	59814	809	59814	0.0	0.0	0.9866552298632533	0.01334477013674678	0.0	1.0
fd735dc5-2ec3-43bd-b1b1-8fa811be0633	60623	8	2060	53202	5353	55270	0.00013196311630899165	0.033980502449565346	0.8775877142338716	0.08829982020025402	0.00014474398407816175	0.9625836801157952
11f78e42-43e5-4bd5-9f88-e5a195aece83	60623	1	59714	559	349	60274	1.6495389538623956e-05	0.9850056909093908	0.00922092275209079	0.00575689094897976	1.6590901549590206e-05	0.009274313966220924
96e7bce1-7b31-4513-ade8-cfce32fa8d92	60623	1978	12906	44933	806	59817	0.032627880507398184	0.21288949738548077	0.7411873381389902	0.013295283968130907	0.033067522610629084	0.7511744152999983
4ee0389f-33ec-4a69-bc02-1c458d812cb2	60623	5362	46459	3516	5286	55337	0.08844827870610164	0.7663593025749303	0.057997789617801825	0.08719462910116622	0.09689719355946293	0.0635379583280626
da53d0eb-95fd-466a-a7aa-6251cb4ce408	60623	2172	54994	20	3437	57186	0.03582798607789123	0.9071474522870857	0.00032990779077247907	0.056694653844250535	0.03798132410030427	0.00034973594935823455
84d700b1-2e04-4311-b839-1a0dcc192a29	60623	2316	57504	0	803	59820	0.03820332217145308	0.9485508800290319	0.0	0.013245797799515036	0.03871614844533601	0.0
f2deda2c-63c8-4b4f-a725-381f00298cd0	60623	7545	45581	2429	5068	55555	0.12445771406891774	0.7518763505600184	0.04006730118931759	0.0835986341817462	0.13581135811358114	0.043722437224372246
18abe541-9d31-4f83-9422-d72cb3237c56	60623	8	7321	52490	804	59819	0.00013196311630899165	0.12076274681226597	0.8658429968823714	0.01326229318905366	0.0001337367725973353	0.8774803992042662
0190a751-0a1f-4911-b5dd-26964b7fa5a5	60623	0	55675	24	4924	55699	0.0	0.9183808125628887	0.0003958893489269749	0.08122329808818435	0.0	0.0004308874486076949
4c54a99b-a820-4602-9b39-deaca98034a5	60623	521	15328	39318	5456	55167	0.00859409794962308	0.25284133084802796	0.6485657258796167	0.0899988453227323	0.009444051697572824	0.7127086845396704
36eadc32-08fa-42cd-9ed8-888edca57b4a	60623	584	17298	41933	808	59815	0.00963330749055639	0.28533724823911716	0.6917011695231183	0.013328274747208156	0.009763437264900109	0.7010448884059183
3ee32152-2834-4137-a6e8-254f3cca6b6e	60623	92	13710	41277	5544	55079	0.0015175758375534038	0.2261517905745344	0.6808801939857809	0.0914504396021312	0.0016703280742206648	0.7494144773870259
2d94bb17-d352-4b46-9cc8-456856d9a862	60623	16580	34995	8237	811	59812	0.27349355855038515	0.5772561569041453	0.13587252362964553	0.013377760915824027	0.2772018992844245	0.13771483983147195
e24e7c7e-1cd5-4c45-b50c-a731f894cdbe	60623	10225	44556	1663	4179	56444	0.16866535803242994	0.7349685762829289	0.027431832802731638	0.0689342328819095	0.1811530012047339	0.029462830415987528
083c43a9-9c3d-4271-9514-9f1a61d3985f	60623	13111	45039	1668	805	59818	0.21627105224089868	0.7429358494300843	0.027514309750424758	0.013278788578592283	0.21918151726904944	0.027884583235815306
c94232f8-2e37-46d0-b12a-b8e920e659d9	60623	24846	27708	2665	5404	55219	0.4098444484766508	0.45705425333619254	0.04396021312043284	0.08914108506672386	0.44995382024303227	0.048262373458411056
105f6f1c-3e4d-4ab8-a63b-8c0dca4fdab2	60623	26479	30305	3035	804	59819	0.4367814195932237	0.49989277996799897	0.0500635072497237	0.01326229318905366	0.44265200020060513	0.05073638810411408
8d122839-4167-48b2-9f3a-7ff7c3f134d8	60623	9104	45665	24	5830	54793	0.15017402635963248	0.7532619632812629	0.0003958893489269749	0.09616812101017766	0.1661526107349479	0.00043801215483729673
e3a1436e-8e38-4cb9-a913-0a50512db5b3	60623	13405	18517	24358	4343	56280	0.22112069676525412	0.30544512808669977	0.40179469838180226	0.07163947676624384	0.23818407960199006	0.4328002842928216
112e71e1-1c0e-4f30-acb9-5880e40f7f2b	60623	7290	12034	40487	812	59811	0.12025138973656863	0.19850551770780067	0.667848836250268	0.01339425630536265	0.12188393439333901	0.6769156175285482
633ef184-2257-4cbd-90e8-64e92d91abb2	60623	11604	41336	2571	5112	55511	0.19141250020619238	0.6818534219685598	0.04240964650380219	0.08432443132144565	0.20903964979913892	0.04631514474608636
e5c171ac-f700-439c-9e44-6cfed2c9cea7	60623	1272	10787	42790	5774	54849	0.02098213549312967	0.1779357669531366	0.705837718357719	0.09524437919601471	0.02319094240551332	0.7801418439716312
159c3664-3ab2-4f87-91a0-b6e25833fb27	60623	1518	11111	47185	809	59814	0.025040001319631165	0.18328027316365075	0.7783349553799713	0.01334477013674678	0.025378673889056073	0.788862139298492
ded3862e-9e2f-468a-8a40-d90363a2742e	60623	133	4351	50738	5401	55222	0.002193886808636986	0.07177143988255283	0.8369430744107023	0.08909159889810798	0.0024084603962188983	0.9188004780703343
210d77fe-e546-4def-87ac-4fa2ecc3de39	60623	179	7060	52579	805	59818	0.002952674727413688	0.11645745014268512	0.867311086551309	0.013278788578592283	0.002992410311277542	0.8789829148416864
1152ad19-6fb1-4dfe-af73-b74323a47ac7	60623	0	2096	54587	3940	56683	0.0	0.03457433647295581	0.9004338287448658	0.06499183478217838	0.0	0.9630224229486795
fc56be13-c3dd-4dd9-8c34-dc6c7f9d1e16	60623	409	53421	2025	4768	55855	0.006746614321297198	0.8812002045428303	0.03340316381571351	0.07865001732015901	0.007322531554918987	0.03625458777190941
ad597789-0c51-4428-88bf-835e81f8dba7	60623	1963	55642	2215	803	59820	0.03238044966431882	0.9178364647081141	0.03653728782805206	0.013245797799515036	0.03281511200267469	0.037027749916415914
aa21df77-6622-405a-821a-1122f9c93159	60623	18376	30907	5902	5438	55185	0.30311927816175377	0.5098230044702505	0.09735578905695857	0.08970192831103707	0.33298903687596265	0.10694935217903416
2a8e4c87-c8da-46a5-abf2-67ffc10b6b6a	60623	19304	35149	5362	808	59815	0.31842699965359683	0.5797964468930934	0.08844827870610164	0.013328274747208156	0.32272841260553375	0.08964306612053832
2923c735-34a1-4db6-a248-1c5de2241dd4	60623	331	21573	33101	5618	55005	0.0054599739372845285	0.35585503851673456	0.5460138891179915	0.09267109842798937	0.00601763476047632	0.6017816562130716
3434d0f2-c690-45cf-965a-c5aec66e84e4	60623	23475	24457	7205	5486	55137	0.38722926941919733	0.4034277419461261	0.11884928162578559	0.09049370700889102	0.4257576581968551	0.13067450169577596
d1224e18-6c94-45f7-afb0-d4321150cc8f	60623	1556	5978	47340	5749	54874	0.025666826122098873	0.098609438661894	0.780891740758458	0.09483199445754911	0.028355869810839377	0.8627036483580567
b0f9c5a1-5ff2-41c0-badf-ccc9d1affc0f	60623	1698	6397	51705	823	59800	0.028009171436583474	0.10552100687857743	0.8528941160945516	0.013575705590287515	0.028394648829431438	0.8646321070234114
052e361c-9cf7-4a92-a77d-f3d70f9dec0b	60623	1242	19793	33870	5718	54905	0.020487273806970952	0.32649324513798395	0.5586988436731933	0.09432063738185177	0.022620890629268735	0.6168837082232947
31a140ce-bcb7-46b4-8105-626c9db1e183	60623	6703	33586	19531	803	59820	0.11056859607739637	0.5540141530442242	0.32217145307886447	0.013245797799515036	0.11205282514209294	0.32649615513206287
10cee689-473e-4b9b-bffd-313202835e34	60623	612	58887	764	360	60263	0.01009517839763786	0.9713640037609488	0.012602477607508702	0.005938340233904623	0.010155485123541808	0.012677762474486832
6a1c2fdb-18ce-40ec-af79-191b489f39a7	60623	2867	47859	4604	5293	55330	0.047292281807234875	0.7894528479290038	0.07594477343582469	0.0873100968279366	0.051816374480390386	0.0832098319175854
2086f4ed-61fd-450c-b9de-aa7e049d154d	60623	3791	51034	5426	372	60251	0.06253402174092342	0.841825709714135	0.08950398363657358	0.006136284908368111	0.06292011750842309	0.09005659657101127
6f26754e-8132-4612-bf6c-9301302fec2d	60623	1098	50716	3482	5327	55296	0.0181119377134091	0.8365801758408525	0.05743694637348861	0.08787094007224981	0.019856770833333332	0.06297019675925926
3dc0bc4f-6863-4297-8915-f29e1aa25d26	60623	676	19872	36293	3782	56841	0.011150883328109793	0.32779638091153523	0.5986671725252792	0.0623855632350758	0.011892823841945075	0.6385003782480956
3902b455-d789-485e-92c5-53fa64165660	60623	444	20084	39279	816	59807	0.007323952955149036	0.3312934034937235	0.6479224056876103	0.013460237863517147	0.007423880147808785	0.6567625863193272
a86dd3fc-de1f-4089-8ad1-95c683f9951f	60623	4165	45481	7204	3773	56850	0.06870329742836877	0.7502268116061561	0.11883278623624696	0.06223710472922818	0.07326297273526824	0.12671943711521547
ae08dbd6-548a-469c-ba12-b6a87515bce7	60623	416	9165	44881	6161	54462	0.006862082048067565	0.15118024512148853	0.7403295778829817	0.10162809494746218	0.007638353347288017	0.8240791744702729
408b3378-5f8e-49df-8bd2-1e0a55288252	60623	524	7733	51554	812	59811	0.008643584118238953	0.12755884730217903	0.8504033122742194	0.01339425630536265	0.008760930263663874	0.861948471017037
0b6ee423-04a5-4426-b397-9669feae4c44	60623	7	3691	51204	5721	54902	0.00011546772677036768	0.06088448278706102	0.844629925935701	0.09437012355046764	0.00012749990892863648	0.9326436195402718
fabfec99-220b-4a94-a8fe-01dfd71487f6	60623	2555	48098	4821	5149	55474	0.042145720271184205	0.793395246028735	0.07952427296570609	0.08493476073437474	0.04605761257526048	0.086905577387605
33a79e20-dac1-47b0-b393-cd05a246f869	60623	57	2608	57155	803	59820	0.0009402372037015654	0.043019975916731276	0.9427939890800521	0.013245797799515036	0.0009528585757271815	0.9554496823804748
57557c6c-4927-449b-976e-127c0916763b	60623	607	10899	43814	5303	55320	0.01001270144994474	0.1797832505814625	0.72272899724527	0.08747505072332283	0.010972523499638467	0.7920101229211858
197b76a1-a09a-4659-83aa-2c14fd1023a9	60623	1950	21760	33225	3688	56935	0.03216600960031671	0.35893967636045726	0.5480593174207808	0.060834996618445145	0.034249582857644685	0.5835602002283306
71ca5ed1-c8d8-4b05-aaa1-c4051976fe1c	60623	0	1269	55396	3958	56665	0.0	0.0209326493245138	0.9137785988816126	0.06528875179387361	0.0	0.9776052236830495
a14e7e3d-0593-4d69-b17b-e79dfb065a0f	60623	3009	51095	2840	3679	56944	0.04963462712171948	0.842831928475991	0.04684690628969203	0.06068653811259753	0.052841388030345604	0.04987355998876089
194d1776-3d8c-442b-a3ea-207ee37bacb3	60623	5422	51564	2833	804	59819	0.08943800207841908	0.8505682661696056	0.04673143856292166	0.01326229318905366	0.090640097627844	0.04735953459603136
3b675bbd-b18e-4b72-b3c3-30527a9c157a	60623	8	14958	40005	5652	54971	0.00013196311630899165	0.24673803671873712	0.6598980584926513	0.09323194167230259	0.00014553128012952284	0.7277473576976952
03b5c7e9-0112-4992-a955-52aa9734add0	60623	2422	15742	41652	807	59816	0.039951833462547215	0.2596704221170183	0.687065965062765	0.013311779357669532	0.040490838571619635	0.6963354286478535
e11babda-c07c-4406-85ed-0b1d45985017	60623	4642	47603	3164	5214	55409	0.07657159823829239	0.7852300282071161	0.052191412500206195	0.0860069610543853	0.08377700373585519	0.0571026367557617
b4ab1864-4817-4c03-8c8c-efd13bae6a5c	60623	0	7333	52484	806	59817	0.0	0.12096069148672946	0.8657440245451397	0.013295283968130907	0.0	0.8774094321012421
c7f97f19-47ae-48d3-a90a-0162d3975747	60623	393	11116	43733	5381	55242	0.0064826880886792145	0.18336275011134387	0.7213928706926414	0.0887616911073355	0.007114152275442598	0.7916621411245067
6871927f-1488-4366-8545-439557a377aa	60623	760	14873	44186	804	59819	0.012536496049354206	0.24533592860795408	0.7288652821536381	0.01326229318905366	0.012704993396746854	0.7386616292482322
b85be663-edba-4e1e-a10c-d0297744a0e9	60623	231	12748	41833	5811	54812	0.0038104349834221334	0.21028322583837816	0.6900516305692559	0.0958547086089438	0.004214405604612129	0.7632087863971393
32a1654e-0650-4d90-98ee-b438b4005df0	60623	248	14512	45050	813	59810	0.004090856605578741	0.23938109298451082	0.7431172987150092	0.013410751694901276	0.004146463802039793	0.7532185253302124
533d59ab-89cb-485f-934d-f22d8b602ee3	60623	1383	42124	13490	3626	56997	0.022813123731916927	0.6948517889249954	0.22252280487603715	0.05981228246705046	0.02426443497026159	0.2366791234626384
bf0f55ac-2f35-4f8b-a1d9-c4e283fc7365	60623	521	5343	49610	5149	55474	0.00859409794962308	0.08813486630486779	0.8183362750111344	0.08493476073437474	0.009391787143526698	0.8942928218624941
7c959418-dc26-485d-a824-4906998af2c2	60623	537	8146	51134	806	59817	0.008858024182241063	0.13437144318163075	0.8434752486679973	0.013295283968130907	0.008977381012086866	0.854840597154655
504ec583-0496-4d64-bcc9-aa52868cc9f2	60623	1213	15647	38136	5627	54996	0.020008907510350858	0.258103360110849	0.6290681754449632	0.09281955693383699	0.022056149538148228	0.6934322496181541
01aeb34a-75e4-446d-97ae-6e32c47158ad	60623	610	13715	40687	5611	55012	0.010062187618560613	0.22623426752222753	0.6711479141579928	0.09255563070121901	0.011088489784047117	0.7396022685959427
a582257d-4bf7-416b-a465-29a3220bc8c3	60623	5944	45554	3398	5727	54896	0.09804859541758079	0.7514309750424756	0.0560513336522442	0.09446909588769939	0.10827747012532789	0.06189886330515885
2b62733a-fcbd-46b9-b2be-9397c563e3bd	60623	5666	40500	8506	5951	54672	0.09346287712584332	0.6680632763142702	0.14030978341553535	0.09816406314435115	0.10363623061164765	0.155582382206614
19af87c0-8baa-4f5b-9068-7ae0f5cc8ef3	60623	0	5915	53896	812	59811	0.0	0.0975702291209607	0.8890355145736767	0.01339425630536265	0.0	0.9011051478824965
ea0b870f-324e-4d12-be78-1737ef7f80b5	60623	7148	41545	6082	5848	54775	0.11790904442208403	0.6853009583821322	0.10032495917391089	0.09646503802187288	0.13049748973071656	0.11103605659516202
370c170a-ec29-43e6-b078-b98a0ee4ed87	60623	6264	45590	6528	2241	58382	0.10332712006994045	0.7520248090658661	0.10768190290813717	0.036966167956056284	0.10729334383885444	0.1118152855332123
5b62628a-b301-4d60-9213-396e3fc5a3ed	60623	5184	46416	3736	5287	55336	0.08551209936822658	0.7656500008247695	0.06162677531629909	0.08721112449070485	0.09368223218158162	0.06751481856296082
02f948c1-bcce-4a51-a6c1-4120a67fa544	60623	804	15319	42245	2255	58368	0.01326229318905366	0.25269287234218035	0.696847731059169	0.03719710340959702	0.013774671052631578	0.7237698739035088
de6d4267-c1cb-4761-a539-5f83368735af	60623	15755	31153	7546	6169	54454	0.2598848621810204	0.5138808702967521	0.12447420945845636	0.10176005806377117	0.2893267712197451	0.13857567855437616
04fdbb6c-4bd2-4a76-8bb6-f2f4e1864643	60623	91	17535	42189	808	59815	0.00150108044801478	0.289246655559771	0.695923989245006	0.013328274747208156	0.001521357519016969	0.7053247513165594
5b01ed81-2119-4797-9be9-67bc21abc7d9	60623	6829	35091	13312	5391	55232	0.11264701515926298	0.5788397142998531	0.21958662553816208	0.08892664500272174	0.12364209154113558	0.2410196987253766
59794b86-a8af-4399-bbc8-1fd990973ad8	60623	10894	35081	13840	808	59815	0.17970077363376935	0.578674760404467	0.22829619121455552	0.013328274747208156	0.18212822870517428	0.23138008860653683
f549267b-0932-45f0-b7e6-c4a42cac50c8	60623	4700	45228	5736	4959	55664	0.07752833083153259	0.7460534780528842	0.09461755439354701	0.08180063672203619	0.08443518252371371	0.10304685254383443
0499c083-b94c-4dab-9860-b21cda51c8a3	60623	0	4867	54952	804	59819	0.0	0.08028306088448278	0.9064546459264635	0.01326229318905366	0.0	0.9186378909710962
02a0a874-6d4e-4e56-8d74-7952c912fed2	60623	3841	25064	25558	6160	54463	0.06335879121785461	0.4134404433960708	0.42158916582815104	0.10161159955792357	0.07052494353965078	0.46927271725758773
ca3a64da-cebc-4451-ad48-5fdb6b9c26cc	60623	11768	29416	13473	5966	54657	0.1941177440905267	0.48522837866816226	0.22224238325388054	0.09841149398743052	0.21530636514993504	0.24650090564794994
198507d0-8be5-4245-8009-3c1cb7d939e1	60623	14707	31022	14076	818	59805	0.2425976939445425	0.5117199742671923	0.2321891031456708	0.013493228642594396	0.24591589331995653	0.23536493604213696
abff5667-7ef4-46c1-ad34-ceabc27e7992	60623	8532	42275	4592	5224	55399	0.1407386635435396	0.6973425927453277	0.0757468287613612	0.08617191494977154	0.15401000018050867	0.08288958284445568
fca8da49-849b-4790-a956-db7ee97c39e9	60623	3323	49168	3111	5021	55602	0.0548141794368474	0.8110453128350626	0.051317156854659124	0.08282335087343087	0.05976403726484659	0.05595122477608719
113cf8bb-0670-4f8b-a3d0-e4e2bcc49759	60623	0	3302	56517	804	59819	0.0	0.054467776256536295	0.9322699305544101	0.01326229318905366	0.0	0.9448001471104499
4068463b-8568-4bdb-8db0-19390ec0c7f8	60623	19051	33382	2861	5329	55294	0.31425366610032496	0.5506490935783449	0.047193309470003136	0.08790393085132706	0.3445400947661591	0.051741599450211596
423305a8-f060-44da-a053-18dd8c2b172e	60623	664	15217	39153	5589	55034	0.010952938653646306	0.2510103426092407	0.6458439866057437	0.09219273213136928	0.012065268742958898	0.7114329323690809
98501f0d-8b4b-4783-a242-4a69b081aaf9	60623	831	21532	32482	5778	54845	0.013707668706596506	0.355178727545651	0.5358032429935833	0.09531036075416921	0.015151791412161546	0.5922508888686298
2868849c-2ba4-42de-aef2-028bf68f4cb3	60623	181	55441	0	5001	55622	0.0029856655064909358	0.9145208914108507	0.0	0.0824934430826584	0.003254108086728273	0.0
5c703f38-38a5-4543-a964-88cf1d5ba2f1	60623	2611	50558	2414	5040	55583	0.04306946208534715	0.8339739042937498	0.039819870346238226	0.08313676327466474	0.04697479445154094	0.043430545310616554
3b39c9c9-9252-4346-bc65-407f900bec40	60623	0	2735	57084	804	59819	0.0	0.045114890388136514	0.9416228164228099	0.01326229318905366	0.0	0.954278740868286
3b999df5-526b-4270-a29d-a627eb64c727	60623	1630	50467	3582	4944	55679	0.026887484947957046	0.8324728238457351	0.05908648532735101	0.08155320587895683	0.029274951058747462	0.0643330519585481
31e5bc10-074b-4bb2-92f9-d9217c0efc3b	60623	9764	43607	3704	3548	57075	0.1610609834551243	0.7193144516107748	0.06109892285106313	0.05852564208303779	0.17107314936487078	0.06489706526500219
5431dd0b-64ae-48ed-8da3-0a21dbed9e9e	60623	7294	45446	4097	3786	56837	0.12031737129472313	0.7496494729723042	0.06758161093974234	0.06245154479323029	0.1283318964758872	0.07208332600242799
eb11d414-2f0e-44a1-843c-ecacc7212e91	60623	1099	41782	12243	5499	55124	0.018128433102947726	0.689210365702786	0.20195305412137307	0.09070814707289312	0.0199368696030767	0.2220992671068863
a9ce148b-ad26-4257-8f5c-295fd2dcb1d7	60623	1137	45592	13091	803	59820	0.018755257905415438	0.7520577998449434	0.2159411444501262	0.013245797799515036	0.019007021063189567	0.21883985289200936
ace39ef3-1b5e-4ad2-a20d-62957e524281	60623	16	12633	42355	5619	55004	0.0002639262326179833	0.20838625604143643	0.6986622239084176	0.092687593817528	0.00029088793542287835	0.7700349065522507
138745f8-f15e-486b-a7da-b835c1d7a67e	60623	16	13401	46399	807	59816	0.0002639262326179833	0.22105471520709963	0.7653695792026128	0.013311779357669532	0.00026748696001069946	0.7756954660960278
caa51a8b-eadc-4d87-b0f8-f6ffc17723b5	60623	1022	27788	26814	4999	55624	0.01685828810847368	0.45837388449928246	0.44230737508866275	0.08246045230358115	0.018373364015532863	0.4820581044153603
06a75411-8419-4bf5-9ff9-8fcb6c75c30e	60623	4531	24006	31274	812	59811	0.07474060999950514	0.39598832126420663	0.5158768124309255	0.01339425630536265	0.07575529584858973	0.522880406614168
bdc13064-e554-4a1e-9037-03187bcb3507	60623	14274	32545	8720	5084	55539	0.23545519027431833	0.5368424525345166	0.1438397967768009	0.08386256041436418	0.2570085885593907	0.1570067880228308
8145a6ba-6680-434d-97e6-4bbe05efe35c	60623	71	14589	45153	810	59813	0.0011711726572423008	0.24065123797898488	0.7448163238374874	0.013361265526285403	0.0011870329192650428	0.7549027803320348
70c927bd-ab54-4e15-8521-5e3a5035dea5	60623	345	55306	0	4972	55651	0.005690909390825265	0.9122940138231365	0.0	0.0820150767860383	0.006199349517528885	0.0
9caf2f97-a056-4274-be21-cf06656116fa	60623	11	13218	42022	5372	55251	0.0001814492849248635	0.21803605892153144	0.6931692591920559	0.08861323260148789	0.0001990914191598342	0.7605654196304139
11dc4f4c-8ec0-4473-85f1-aa50d01a9e3e	60623	12	14926	44877	808	59815	0.00019794467446348745	0.24621018425350114	0.7402635963248272	0.013328274747208156	0.0002006185739363036	0.7502633118782914
6961fffe-50b4-4296-8390-196b6070f739	60623	610	19644	36068	4301	56322	0.010062187618560613	0.32403543209672897	0.5949557098790887	0.07094667040562162	0.010830581300379958	0.6403891907247612
159debac-79e0-4727-940c-020e120f8347	60623	70	25547	29783	5223	55400	0.0011546772677036767	0.4214077165432262	0.4912821866288372	0.08615541956023291	0.001263537906137184	0.5375992779783394
659ee487-4309-4d68-a9bc-9079ee87e4a9	60623	0	5737	50984	3902	56721	0.0	0.09463404978308562	0.8410009402372037	0.06436500997971067	0.0	0.898855802965392
46f79f16-4d38-4a71-ad9e-24037054966c	60623	0	8979	45752	5892	54731	0.0	0.14811210266730448	0.7546970621711232	0.09719083516157234	0.0	0.8359430670004202
3550ced8-5333-4b15-abbc-d9566c861c92	60623	0	10268	49547	808	59815	0.0	0.16937465978259075	0.8172970654702011	0.013328274747208156	0.0	0.8283373735685029
31e39e5f-af9c-4f34-b065-8363cf9df39c	60623	238	53948	3018	3419	57204	0.003925902710192501	0.889893274829685	0.04978308562756709	0.0563977368325553	0.0041605482134116495	0.05275854835326201
ba0b6f0b-4e90-40b5-a47b-44ed4eb5dde2	60623	2524	47526	6900	3673	56950	0.04163436319548686	0.7839598832126421	0.11381818781650528	0.06058756577536579	0.044319578577699734	0.12115891132572432
1e643cdf-f4f0-4226-97f9-a4c6426ba65c	60623	2513	50266	7041	803	59820	0.041452913910561995	0.8291572505484717	0.11614403774145127	0.013245797799515036	0.04200936141758609	0.11770310932798395
289f5433-4834-401f-9361-efc8e883e630	60623	5522	42860	6256	5985	54638	0.09108754103228148	0.7069923956254227	0.10319515695363146	0.09872490638866437	0.10106519272301329	0.11449906658369632
d3263082-946d-4420-8a63-8d67eeee09c5	60623	349	16920	38033	5321	55302	0.00575689094897976	0.2791019909935173	0.6273691503224849	0.08777196773501807	0.0063108025026219665	0.6877328125565079
d123ad55-3559-4185-87c1-a16235950bfc	60623	349	17257	42206	811	59812	0.00575689094897976	0.2846609372680336	0.6962044108671627	0.013377760915824027	0.005834949508459841	0.7056443523038856
8ef7ad6f-a6e4-405c-b20e-d547985bd9d6	60623	2517	18156	34551	5399	55224	0.041518895468716496	0.29949029246325654	0.5699322039489962	0.08905860811903073	0.04557800956106041	0.625651890482399
081b3b50-1cee-40b5-8795-2266874673f8	60623	3663	21971	34181	808	59815	0.06042261187997955	0.3624202035531069	0.5638289098197053	0.013328274747208156	0.06123881969405667	0.5714452896430661
c1898b32-a9c5-410b-a197-572b2a6a2d7a	60623	790	20659	33276	5898	54725	0.013031357735512923	0.3407782524784323	0.5489005822872507	0.09728980749880409	0.014435815440840567	0.6080584741891275
7f382a04-a213-4ee8-97cf-351f66ef7f2d	60623	1655	23474	34690	804	59819	0.027299869686422645	0.3872127740296587	0.572225063094865	0.01326229318905366	0.02766679483107374	0.5799160801751951
b1de1587-febd-4e50-99ac-eb3dcb23033a	60623	1098	35584	18496	5445	55178	0.0181119377134091	0.5869719413423948	0.3050987249063887	0.08981739603780743	0.019899235202435753	0.3352060603863859
4129fb27-efcf-46cd-b062-74c14adbae03	60623	1137	39284	19398	804	59819	0.018755257905415438	0.6480048826353034	0.3199775662702275	0.01326229318905366	0.01900733880539628	0.32427823935538874
dce6cac3-6c76-4574-b7a8-c7083b12f22e	60623	24667	21992	7524	6440	54183	0.4068917737492371	0.362766606733418	0.12411131088860664	0.10623030862873827	0.4552534927929424	0.13886274292674824
4fe385ea-0135-480c-84e0-4ed9f4b1bb7e	60623	1208	26102	32508	805	59818	0.01992643056265774	0.43056265773716246	0.5362321231215875	0.013278788578592283	0.020194590257113242	0.5434484603296666
5d7a6563-6e74-48cb-a6a9-6d860759ddac	60623	0	55704	0	4919	55704	0.0	0.9188591788595087	0.0	0.08114082114049123	0.0	0.0
3df8b055-35f4-49ca-b1e8-8ccdb8a607e7	60623	0	59820	0	803	59820	0.0	0.9867542022004849	0.0	0.013245797799515036	0.0	0.0
09b414c4-a314-43c5-823a-d91442b6b02b	60623	15552	35506	4136	5429	55194	0.25653629810467976	0.5856853009583821	0.06822493113174867	0.08955346980518945	0.2817697575823459	0.07493568141464652
3c70741c-621e-434d-b98e-6561d05a1b4b	60623	25	8369	50003	2226	58397	0.00041238473846559885	0.13804991504874387	0.8248189630998136	0.03671873711297692	0.00042810418343408054	0.8562597393701731
6d462341-cb4a-47bf-8c1b-2ffd6cf5e9ed	60623	1682	18368	35126	5447	55176	0.027745245203965492	0.3029873150454448	0.579417052933705	0.08985038681688468	0.030484268522546036	0.6366173698709584
9d657232-b6b4-4100-833c-5f94059a9ba7	60623	10384	36588	8098	5553	55070	0.17128812496907114	0.6035333124391733	0.13357966448377678	0.09159889810797882	0.1885600145269657	0.14704921009624114
946b25d4-0483-4cb4-9469-06b7fa8ded06	60623	11042	39622	9155	804	59819	0.1821420912854857	0.6535803242993583	0.1510152912261023	0.01326229318905366	0.18459018037747205	0.15304501914107557
35f3fabc-9939-43a2-8491-c3813a970d13	60623	0	2170	52798	5655	54968	0.0	0.035794995298813984	0.8709235768602676	0.09328142784091846	0.0	0.9605224858099258
f713031b-b8ee-4195-91b1-ac9cf63d76a4	60623	1224	37001	17344	5054	55569	0.02019035679527572	0.6103459083186249	0.28609603615789386	0.08336769872820547	0.022026669545969876	0.3121164678147888
2b4463bc-071e-4c65-9be7-9f57b815cb58	60623	0	1376	58444	803	59820	0.0	0.02269765600514656	0.9640565461953384	0.013245797799515036	0.0	0.9769976596456035
21ba28ff-89f6-4f02-a135-821efc4f42f8	60623	10789	39074	5002	5758	54865	0.17796875773221385	0.6445408508321924	0.08250993847219702	0.09498045296339673	0.19664631367903035	0.09116923357331633
9d772786-6ac9-4e52-9899-023ffa7247d2	60623	1102	6423	47728	5370	55253	0.0181779192715636	0.10594988700658166	0.7872919518994441	0.08858024182241063	0.019944618391761534	0.8638083000018099
75c596b0-fb74-469f-b01b-f8aea1869389	60623	1195	10230	48393	805	59818	0.019711990498655626	0.16874783498012305	0.7982613859426291	0.013278788578592283	0.019977264368584706	0.8090039787354977
f6cc81c4-e7b6-462c-a97a-27c1ef62b958	60623	1687	46715	6853	5368	55255	0.027827722151658612	0.770582122296818	0.11304290450818996	0.08854725104333339	0.03053117364944349	0.12402497511537418
e86964fe-0b45-413c-86ee-a14f47615bdd	60623	1746	50307	7766	804	59819	0.028800950134437425	0.8298335615195552	0.12810319515695362	0.01326229318905366	0.029188050619368428	0.12982497199886323
a7e71eac-1768-4fc2-8eba-1576d22e0f43	60623	3	8145	47209	5266	55357	4.948616861587186e-05	0.13435494779209212	0.7787308447288983	0.08686472131039374	5.4193688241776105e-05	0.8528099427353361
d7e3b628-d5fd-4e79-9c4a-6409330fb8a7	60623	845	4763	49272	5743	54880	0.013938604160137242	0.0785675403724659	0.8127608333470795	0.09473302212031737	0.015397230320699708	0.8978134110787171
7df59ca8-7e51-4581-9d7f-8bba0395ce17	60623	861	4956	53993	813	59810	0.014202530392755226	0.08175115055342032	0.8906355673589231	0.013410751694901276	0.01439558602240428	0.9027420163852199
99095138-b471-48d0-aed9-dd8afc8ded68	60623	287	9251	46684	4401	56222	0.004734176797585075	0.1525988486218102	0.7700707652211207	0.07259620935948402	0.005104763259933834	0.8303511081071466
15bc3f15-2365-4280-aa14-b02b36c669a3	60623	386	9263	50162	812	59811	0.0063672203619088465	0.1527967932962737	0.8274417300364548	0.01339425630536265	0.006453662369798198	0.8386751600876093
ce4833ca-7926-4c85-9a2d-1def273d4f77	60623	6214	45752	5133	3524	57099	0.10250235059300926	0.7546970621711232	0.08467083450175676	0.058129752734110814	0.10882852589362335	0.08989649556034256
551a8c61-b225-45c2-be15-d98b0784e310	60623	49	6171	53599	804	59819	0.0008082740873925737	0.10179304884284843	0.8841363838807054	0.01326229318905366	0.0008191377321586787	0.8960196593055718
cf2b65de-c6a1-4ebc-a62a-c652ce17d2d0	60623	275	13256	41520	5572	55051	0.004536232123121588	0.21866288372399914	0.6848885736436666	0.09191231050921267	0.004995367931554377	0.7542097327932281
6e6a7a6c-4630-4506-8b57-a0df12ffff4c	60623	408	14363	45021	831	59792	0.006730118931758573	0.23692327994325585	0.7426389324183891	0.013707668706596506	0.006823655338506824	0.7529602622424405
c7f909cb-2d45-4b58-90ba-180c10e78723	60623	2667	23419	30843	3694	56929	0.043993203899510086	0.3863055276050344	0.5087672995397786	0.06093396895567689	0.04684782799627606	0.5417801120694198
c73178ad-f042-47ca-af89-343a647076b4	60623	10644	41637	3280	5062	55561	0.17557692624911336	0.6868185342196856	0.05410487768668657	0.08349966184451446	0.19157322582386926	0.059034214646964595
9bd5963e-d8f4-4eed-b32b-2eedb00db268	60623	3752	20141	31307	5423	55200	0.06189070154891708	0.33223364069742506	0.5164211602857002	0.08945449746795771	0.06797101449275363	0.5671557971014493
8c733761-ceea-43e3-b601-d3db0b0a055d	60623	17104	25949	16761	809	59814	0.2821371426686241	0.428038863137753	0.2764792240568761	0.01334477013674678	0.28595312134282946	0.28021867790149463
9e163b4c-d624-4c71-9d68-8f002aee6fec	60623	1098	47858	6442	5225	55398	0.0181119377134091	0.7894363525394652	0.10626329940781551	0.08618841033931016	0.01982021011588866	0.11628578649048703
d36bac7b-872b-44a8-8c7f-8cb850b49603	60623	2204	53386	1525	3508	57115	0.0363558385431272	0.8806228659089784	0.02515546904640153	0.057865826501492836	0.03858881204587236	0.026700516501794624
ce79268c-2c04-44d9-8fcc-6d70207b5d8c	60623	1835	57447	538	803	59820	0.030269039803374958	0.9476106428253304	0.008874519571779687	0.013245797799515036	0.030675359411568036	0.008993647609495153
d5d86fc3-a720-43b7-8125-160f3af04de0	60623	974	50073	4418	5158	55465	0.016066509410619732	0.8259736403675173	0.07287663098164063	0.08508321924022236	0.01756062381682142	0.0796538357522762
635dd32b-ee5b-4b09-b8cd-cdda7df2e53c	60623	990	54031	4796	806	59817	0.016330435643237714	0.8912623921613909	0.07911188822724048	0.013295283968130907	0.016550478960830534	0.08017787585469013
4949d427-3b3c-408d-8035-c884bb41e41c	60623	198	10587	44779	5059	55564	0.003266087128647543	0.1746366890454118	0.7386470481500421	0.08345017567589859	0.003563458354330142	0.8058995032755021
0856c285-b57f-47ac-be8b-865dc2ddb58f	60623	922	14212	39940	5549	55074	0.015208749154611286	0.23443247612292364	0.6588258581726407	0.09153291654982433	0.016741111958455894	0.7252060863565385
8d65b4ee-183b-4767-9091-dec23a17af93	60623	1754	9912	43232	5725	54898	0.028932913250746418	0.16350230110684064	0.7131286805337909	0.09443610510862215	0.031950162118838575	0.7874968122700281
15811cd8-9b15-4065-b55d-17915df7b855	60623	1781	11041	46996	805	59818	0.029378288768289264	0.1821255958959471	0.7752173267571714	0.013278788578592283	0.029773646728409507	0.7856498044067003
d763edf9-b6f2-4814-b263-180aced12da2	60623	35477	17003	4418	3725	56898	0.585206934661762	0.2804711083252231	0.07287663098164063	0.06144532603137423	0.623519280115294	0.07764772048226651
4e74068d-a850-48a7-9be3-954c965454fc	60623	4398	33354	22066	805	59818	0.07254672319086815	0.5501872226712634	0.3639872655592762	0.013278788578592283	0.07352301982680798	0.36888561971312983
70e344f1-a29c-42c7-9fe8-da9219d45158	60623	2852	50281	2294	5196	55427	0.04704485096415552	0.8294046813915511	0.03784042360160335	0.08571004404269007	0.05145506702509607	0.04138777130279467
f2b7091e-ed85-4546-8f11-307154153d31	60623	3968	42521	8835	5299	55324	0.06545370568925986	0.7014004585718292	0.14573676657374263	0.08740906916516833	0.0717229412190008	0.15969561130793145
3f6c29a4-cfdc-464a-b98d-a24ef12cec7e	60623	6453	43666	9698	806	59817	0.10644474869274038	0.7202876795935536	0.15997228774557512	0.013295283968130907	0.1078790310446863	0.16212782319407526
600a6f89-e714-4258-b4e7-33240123bfc6	60623	3938	48645	3096	4944	55679	0.06495884400310113	0.8024182241063623	0.05106972601157976	0.08155320587895683	0.07072684495051995	0.0556044469189461
dc85267a-0ce1-439e-9ecf-e5a13ad06f26	60623	42	53353	2300	4928	55695	0.0006928063606222061	0.8800785180542039	0.037939395938835094	0.08128927964633885	0.0007541071909507137	0.04129634617111051
22edb72c-9b76-4f4f-8316-acd23d263b68	60623	43	57173	2604	803	59820	0.00070930175016083	0.9430909060917474	0.042953994358576775	0.013245797799515036	0.0007188231360748913	0.04353059177532598
199c6271-b0af-489c-99b8-fc76e7e66cf2	60623	9548	32054	13280	5741	54882	0.15749797931478152	0.5287432162710523	0.21905877307292612	0.09470003134124012	0.1739732517036551	0.2419736890055027
09191482-34de-4130-afbe-dd47d481d539	60623	2182	42065	11128	5248	55375	0.03599293997327747	0.6938785609422167	0.18356069478580736	0.08656780429869851	0.03940406320541761	0.20095711060948082
02c8bf84-4816-49a9-b5d1-0edebb8627c7	60623	1098	51591	2294	5640	54983	0.0181119377134091	0.8510136416871484	0.03784042360160335	0.09303399699783911	0.019969808850008184	0.041721986795918736
0039a298-3369-4da5-9bfd-19792e9632be	60623	59	56797	312	3455	57168	0.0009732279827788133	0.9368886396252247	0.0051465615360506735	0.056991570855945764	0.0010320458998040862	0.0054575986565911
2c66d45a-c014-4fbe-9ff2-4ca17ec59ba9	60623	991	10803	46603	2226	58397	0.01634693103277634	0.17819969318575457	0.7687346386684921	0.03671873711297692	0.016970049831326953	0.7980375704231382
21438c0b-398e-4fe6-bd2f-cfae83292341	60623	187	11580	43489	5367	55256	0.0030846378437226797	0.1910166108572654	0.7173679956452171	0.08853075565379477	0.003384247864485305	0.7870457506877081
817da1b7-e485-496b-b593-2f8422545c6f	60623	84	15026	41842	3671	56952	0.0013856127212444121	0.24785972320736355	0.6902000890751036	0.06055457499628854	0.0014749262536873156	0.7346888607950555
38ac0df0-950e-4c55-9f8a-96fd3f837ee6	60623	1376	14509	38691	6047	54576	0.02269765600514656	0.23933160681589496	0.6382231166388994	0.09974762054005905	0.025212547639988273	0.7089379947229552
b8e11365-4360-4db7-bfe8-a8da3ca4819b	60623	13595	40227	1723	5078	55545	0.22425482077759265	0.6635600349702259	0.028421556175049073	0.08376358807713244	0.24475650373570979	0.031019893779818165
8dba4986-0607-4570-8b04-b0184be02457	60623	14696	43095	2028	804	59819	0.24241624465961764	0.7108688121669994	0.03345264998432938	0.01326229318905366	0.24567445126130494	0.033902271853424495
c8426c95-e975-4a7e-9943-f5c513dd95ef	60623	557	24979	29728	5359	55264	0.009187931973013543	0.41203833528528777	0.4903749402042129	0.08839879253748577	0.010078894035900406	0.5379270411117545
981dac28-0838-43dd-9278-a37204843070	60623	321	26140	33345	817	59806	0.00529502004189829	0.4311894825396302	0.5500387641654158	0.01347673325305577	0.005367354446042203	0.5575527539042905
405b2b8f-7e2e-4d80-89be-299da48374ef	60623	361	54165	1154	4943	55680	0.005954835623443248	0.8934727743595665	0.019035679527572045	0.08153671048941821	0.006483477011494253	0.020725574712643677
059a543a-4408-4c82-96ef-eae1cc126763	60623	9236	41772	4388	5227	55396	0.15235141777873085	0.6890454118073999	0.07238176929548192	0.08622140111838741	0.16672683948299516	0.0792114954148314
efddcf44-ac69-436a-ba29-261e8dc6ad55	60623	7244	43529	6162	3688	56935	0.11949260181779192	0.7180278112267621	0.10164459033700081	0.060834996618445145	0.12723280934398876	0.1082286818301572
c5be7ca4-0baf-4b23-b4f1-ebdd0125f993	60623	7359	46059	6394	811	59812	0.12138957161473368	0.7597611467594807	0.10547152070996156	0.013377760915824027	0.12303551126864175	0.10690162509195479
2fb2f7f4-2435-4ac0-a405-a342e15ef7cd	60623	1098	47858	6442	5225	55398	0.0181119377134091	0.7894363525394652	0.10626329940781551	0.08618841033931016	0.01982021011588866	0.11628578649048703
bea52276-596c-479e-981d-ca9132742098	60623	652	12891	41718	5362	55261	0.010754993979182819	0.2126420665424014	0.6881546607723141	0.08844827870610164	0.011798555943613037	0.7549266209442463
ae5214a0-7fbe-410d-aedf-0a119c8b7f5a	60623	661	13066	46087	809	59814	0.010903452485030433	0.21552875971166058	0.7602230176665622	0.01334477013674678	0.011050924532718092	0.7705052328886214
b4402906-2bfa-4b75-b479-4e660556fbe5	60623	4952	47843	2578	5250	55373	0.08168516899526582	0.7891889216963859	0.04252511423057256	0.08660079507777577	0.08942986654145522	0.046556986256839974
2491b459-36e4-4344-8d98-d36f73ed71d3	60623	7454	49469	2894	806	59817	0.12295663362090296	0.8160104250861884	0.04773765732477772	0.013295283968130907	0.12461340421619273	0.04838089506327633
92b16015-e552-48e3-a095-0197b99b52a8	60623	10518	36771	8337	4997	55626	0.17349850716724677	0.6065519687247415	0.1375220625835079	0.0824274615245039	0.189084241182181	0.14987595728616115
5e781ca4-44e0-49a0-8e3f-88923ca58175	60623	11469	39529	8817	808	59815	0.18918562261847813	0.6520462530722663	0.14543984956204742	0.013328274747208156	0.19174120203962217	0.14740449719969906
fc3fe505-f138-426f-87d3-c7ae138be02d	60623	1798	11620	41871	5334	55289	0.02965871039044587	0.19167642643881036	0.6906784553717236	0.08798640779902017	0.03252003110926224	0.7573115809654724
037f1b7e-e84b-43b5-93ad-0166e6dc33e0	60623	2153	11654	45997	819	59804	0.03551457367665738	0.19223726968312357	0.758738432608086	0.01350972403213302	0.03600093639221457	0.7691291552404521
8e666196-bf9d-4b71-9c66-ee9272b671a5	60623	14996	36954	3272	5401	55222	0.24736486152120482	0.6095706250103096	0.05397291457037758	0.08909159889810798	0.2715584368548767	0.05925174749194162
1f04aa1c-f8e0-4b90-9425-50a9c197cefd	60623	15554	40627	3638	804	59819	0.25656928888375696	0.6701581907856754	0.060010227141513946	0.01326229318905366	0.2600177201223691	0.06081679733863823
8434f4a2-0ead-40f6-9b63-9c958a3fb812	60623	3520	50944	2622	3537	57086	0.05806377117595632	0.8403411246556587	0.04325091137027201	0.058344192798112926	0.06166135304628105	0.04593070104754231
1d805782-f68c-4752-a97c-77b9177ddaa3	60623	3532	53674	2614	803	59820	0.05826171585041981	0.8853735380961021	0.043118948253963015	0.013245797799515036	0.059043798060849216	0.04369775994650619
3447bdbf-5177-451e-bb93-736153ea76a9	60623	33	54425	2635	3530	57093	0.0005443478547745904	0.8977615756396087	0.04346535143427412	0.05822872507134256	0.0005780043087593925	0.04615276829033332
1e20ead6-a07f-4f0d-962a-a3a240722fb6	60623	25287	26962	2955	5419	55204	0.41711891526318395	0.44474869274037904	0.04874387608663379	0.0893885159098032	0.45806463299760886	0.05352872980218825
990eab72-718f-4d71-aa03-892fdfdfa365	60623	2726	22620	29085	6192	54431	0.0449664318822889	0.37312571136367384	0.47976840473087773	0.10213945202315952	0.050081754882328085	0.5343462365196303
79fc9ed3-4e96-4c0e-869e-1756cbdabb39	60623	2005	27158	25592	5868	54755	0.03307325602494103	0.44798178908994934	0.42215000907246425	0.09679494581264536	0.0366176604876267	0.46739110583508353
9321161b-d568-4d38-aed3-956786a06329	60623	918	11847	42279	5579	55044	0.01514276759645679	0.195420879864078	0.6974085743034821	0.09202777823598304	0.016677567037279267	0.7680946152169174
a9d130f4-84e6-4f3c-982f-69971b5b7a46	60623	42	53355	2297	4929	55694	0.0006928063606222061	0.8801115088332812	0.03788990977021922	0.08130577503587748	0.0007541207311380041	0.04124322189104751
5a388f4e-7963-45bf-9a58-7e425e878999	60623	13270	43925	2625	803	59820	0.2188938191775399	0.7245599854840572	0.04330039753888788	0.013245797799515036	0.22183216315613508	0.04388164493480441
ce3c01d9-e8c7-4bd6-84f9-741f38b07267	60623	0	6816	48052	5755	54868	0.0	0.11243257509526088	0.7926364581099583	0.09493096679478086	0.0	0.8757745862797988
8c2f1916-727b-4c8a-a940-023ba81c0613	60623	0	7045	52774	804	59819	0.0	0.11621001929960575	0.8705276875113406	0.01326229318905366	0.0	0.8822280546314716
48c16c0d-085f-4266-b729-13bfd7aa9dab	60623	3845	30149	21044	5585	55038	0.06342477277600911	0.4973194991999736	0.3471289774508025	0.09212675057321479	0.06986082343108398	0.38235400995675717
d9e29db0-558c-4bd5-aa94-15d5d57110b1	60623	10043	36752	7557	6271	54352	0.16566319713640038	0.6062385563235075	0.12465565874338122	0.10344258779671082	0.18477700912569914	0.1390381218722402
da9dc40b-0350-4b8c-8a7a-15100d5aeb90	60623	31161	21538	2694	5230	55393	0.514012833413061	0.3552776998828827	0.04443857941705293	0.08627088728700329	0.5625440037549871	0.048634303973426246
1d1c9067-00bf-4513-9a9d-217cbe35202a	60623	26	34211	25579	807	59816	0.0004288801280042228	0.5643237715058641	0.42193556900846213	0.013311779357669532	0.00043466631001738666	0.42762805938210513
758fc615-957e-4bd0-a0c6-bcd23eb7d167	60623	5909	24037	25152	5525	55098	0.09747125678372895	0.396499678339904	0.4148920376754697	0.09113702720089735	0.10724527206069186	0.45649569857345096
4a299407-b9dc-4500-b6b1-27a474ab4c4a	60623	7180	45027	2825	5591	55032	0.11843689688732	0.7427379047556208	0.04659947544661267	0.09222572291044653	0.13046954499200467	0.05133376944323303
409b906a-5e2c-4ce6-bc85-20a59fa383f4	60623	1190	51896	2597	4940	55683	0.019629513550962506	0.8560447354964288	0.04283852663180641	0.08148722432080234	0.021370974983388108	0.04663901011080581
0c7a94a8-4802-4caa-b59a-6013ce8b3170	60623	97	15174	41316	4036	56587	0.0016000527852465236	0.2503010408590799	0.6815235141777873	0.06657539217788629	0.0017141746337498013	0.7301323625567709
5de50617-0a03-45b7-8ffd-bcf3a0680d6b	60623	1270	9653	44453	5247	55376	0.02094914471405242	0.15922999521633704	0.7332695511604507	0.0865513089091599	0.02293412308581335	0.8027484830973707
1cb37b69-c0a9-4b5c-baf5-4107d0e029ad	60623	3366	49986	2061	5210	55413	0.05552348118700823	0.824538541477657	0.03399699783910397	0.08594097949623081	0.06074386876725678	0.037193438362839046
4c70c0b1-1566-4e39-9dec-5050f62cd0a8	60623	11812	39883	3105	5823	54800	0.19484354123022615	0.6578856209689392	0.05121818451742738	0.09605265328340729	0.21554744525547445	0.05666058394160584
22c4b7ca-8d51-4ed8-9a41-6f8ca8305647	60623	13027	43246	3540	810	59813	0.21488543951965425	0.7133596159873316	0.0583936789667288	0.013361265526285403	0.21779546252486917	0.05918445822814438
e3118dbe-9f93-45b0-81d3-2e64f06b7c74	60623	712	2510	51251	6150	54473	0.011744717351500256	0.04140342774194613	0.8454052092440163	0.10144664566253732	0.013070695573954069	0.9408514309841572
533639a8-82d8-47cb-9f96-c24257a36fbd	60623	800	1811	57205	807	59816	0.013196311630899163	0.02987315045444798	0.9436187585569833	0.013311779357669532	0.013374348000534974	0.956349471713254
c385c7fc-0e3e-4fc8-87c1-6db442e5606f	60623	19843	26129	9580	5071	55552	0.3273180146149151	0.4310080332547053	0.15802583178001747	0.08364812035036208	0.35719686059907835	0.17245103686635946
501a3e64-231d-4977-8d75-5a554eadb583	60623	6	19344	40462	811	59812	9.897233723174372e-05	0.31908681523514176	0.6674364515118024	0.013377760915824027	0.00010031431819701732	0.6764863238146192
efe1592d-ef98-40df-b31e-545baef69207	60623	4991	28195	23521	3916	56707	0.08232848918727216	0.4650875080415024	0.38798805733797403	0.06459594543325141	0.08801382545364769	0.41478124393813814
b22acc3d-8891-4090-bfeb-a74631729e11	60623	5029	29861	24923	810	59813	0.08295531398973986	0.49256882701284993	0.41111459347112483	0.013361265526285403	0.08407871198568873	0.41668199220905155
8cf391f9-d743-408f-8891-2c49db90907c	60623	5925	17820	31069	5809	54814	0.09773518301634693	0.29394784157827886	0.5124952575755076	0.09582171782986655	0.10809282300142299	0.5668077498449301
8a790c78-8ad4-4e0b-9728-0e24cadc1f98	60623	685	20808	33481	5649	54974	0.01129934183395741	0.3432360655196873	0.5522821371426686	0.09318245550368671	0.012460435842398225	0.6090333612253065
265ef30e-e3f8-4117-abdc-4e4a7d228de5	60623	3123	21783	34906	811	59812	0.05151510152912261	0.3593190703198456	0.5757880672352078	0.013377760915824027	0.05221360262154751	0.5835952651641811
b16578d4-4d04-430d-8f9c-168ec0288cf1	60623	7599	40387	6933	5704	54919	0.12534846510400344	0.6661992972964057	0.11436253567127988	0.09408970192831104	0.13836741382763706	0.12624046322766255
4b35717e-b682-4b39-a5ef-5c9c037e6304	60623	1192	55975	0	3456	57167	0.019662504330039753	0.9233294294244758	0.0	0.057008066245484386	0.020851190372067802	0.0
3bea8456-da16-4691-a260-5c94a83e2860	60623	1740	13578	43061	2244	58379	0.02870197779720568	0.22397439915543604	0.7103079689226861	0.03701565412467216	0.02980523818496377	0.7376111272889224
32ed93a7-250a-4fd4-81a8-6d94a6bc9f33	60623	9306	37087	8786	5444	55179	0.15350609504643453	0.6117645118189466	0.14492849248635006	0.0898009006482688	0.16865111727287554	0.15922724224795665
84ff236c-bc58-4797-9a34-da53eb1620dc	60623	4722	50129	561	5211	55412	0.07789122940138231	0.8268973821816802	0.00925391353116804	0.08595747488576942	0.08521619865733054	0.010124160831588826
25282d15-806d-443a-bd42-6023dc5cd4db	60623	0	5023	54797	803	59820	0.0	0.08285634165250813	0.9038978605479768	0.013245797799515036	0.0	0.9160314276161818
7091b5bc-e61d-464d-8931-58d9dbec8cd5	60623	2560	45295	8935	3833	56790	0.04222819721887732	0.747158669151972	0.14738630552760504	0.06322682810154562	0.045078358865997536	0.1573340376826906
45319218-5bae-486a-a4aa-580ff5f0e931	60623	2114	11093	41819	5597	55026	0.03487125348465104	0.18298335615195552	0.6898206951157152	0.09232469524767828	0.03841820230436521	0.7599861883473267
8a384d0c-be3c-4a35-8b57-2c48de743ebe	60623	25792	27903	2852	4076	56547	0.425449086980189	0.4602708542962242	0.04704485096415552	0.06723520775943125	0.45611615116628645	0.050435920561656675
259bd5ce-3ff0-4a9e-8a4a-0adff5b064dd	60623	0	36244	23569	810	59813	0.0	0.5978588984378866	0.388779836035828	0.013361265526285403	0.0	0.39404477287546186
25b06e67-6d9e-4051-87ca-76e1f110b418	60623	4098	45821	7047	3657	56966	0.06759810632928097	0.7558352440492883	0.11624301007868301	0.0603236395427478	0.07193764701751922	0.1237053681143138
2666d91b-06ca-4987-84a1-4002befc4d8a	60623	5930	46245	3163	5285	55338	0.09781765996404006	0.7628292892136648	0.05217491711066757	0.0871781337116276	0.10715963713903646	0.057157830062524846
9bc1887e-b3ed-4732-b8bc-ef4f4ea59258	60623	8609	43147	3457	5410	55213	0.14200880853801362	0.7117265724230077	0.05702456163502301	0.08924005740395559	0.15592342383134405	0.06261206599894953
35276e2e-eb29-47be-88ab-3822b82153ea	60623	7333	48035	326	4929	55694	0.12096069148672946	0.7923560364878016	0.0053774969895914095	0.08130577503587748	0.13166588860559486	0.0058534132940711745
3312bbcc-e41e-45ce-b275-781b40e876a4	60623	8037	47497	2862	2227	58396	0.13257344572192073	0.783481516916022	0.04720980485954176	0.03673523250251555	0.13762928967737517	0.04901020617850538
ac0612f6-3d84-44d5-a224-6cbe65531505	60623	939	4851	49357	5476	55147	0.015489170776767893	0.0800191346518648	0.8141629414578625	0.09032875311350477	0.01702721816236604	0.8950078880084139
0dc1f2e7-a7e8-47f1-a220-8d40b673866b	60623	906	7244	51651	822	59801	0.014944822921993303	0.11949260181779192	0.8520033650594658	0.01355921020074889	0.01515024832360663	0.8637146536011103
112c8cdd-a187-4d9f-8c71-400848804d32	60623	10903	42089	2293	5338	55285	0.17984923213961698	0.6942744502911437	0.03782392821206473	0.08805238935717467	0.19721443429501673	0.041475988061861264
421af19a-ae32-44b3-b91f-fed6a9b99de1	60623	2009	28434	26237	3943	56680	0.033139237583095525	0.4690299061412335	0.4327895353248767	0.06504132095079425	0.035444601270289346	0.4628969654199012
ad431126-be1f-483f-9333-fa30b2354f43	60623	78	3594	53108	3843	56780	0.0012866403840126684	0.05928443000181449	0.8760371476172409	0.06339178199693185	0.0013737231419513913	0.9353293413173652
764a5732-0b44-4cbe-93f2-7b84fd7d81a1	60623	248	5588	50866	3921	56702	0.004090856605578741	0.09217623674183066	0.8390544842716461	0.06467842238094453	0.004373743430566823	0.8970759408839194
45c1c2e8-a12b-4450-9486-e1ee941e5fa7	60623	86	2567	57164	806	59817	0.00141860350032166	0.04234366494564769	0.9429424475858997	0.013295283968130907	0.0014377183743751777	0.9556480599160774
2895fe68-6ad0-4e50-af50-cec91436ddd9	60623	2725	37101	16964	3833	56790	0.044949936492750274	0.6119954472724873	0.2798277881332168	0.06322682810154562	0.04798379996478253	0.2987145624229618
cc10feb5-ced7-4c1e-b429-c4ac77236765	60623	2641	50487	3986	3509	57114	0.04356432377150586	0.8328027316365076	0.06575062270095508	0.05788232189103146	0.04624085163007319	0.069790244073257
9bed935b-0f40-4532-8276-ac9a25207158	60623	2651	53146	4023	803	59820	0.0437292776668921	0.8766639724197087	0.06636095211388417	0.013245797799515036	0.044316282179872955	0.0672517552657974
086eac10-6ea8-4cc4-a6e5-91f051e50c54	60623	6113	44254	5278	4978	55645	0.10083631624960823	0.7299869686422645	0.08706266598485723	0.08211404912327004	0.10985713002066673	0.09485128942402732
c685196b-c3cf-49fa-aae4-f6ccbe04779f	60623	473	5484	48788	5878	54745	0.00780231925176913	0.09046071622981376	0.8047770648103855	0.09695989970803161	0.008640058452826742	0.8911864097177824
32964bb8-b248-41fb-8ae6-ab4f4dee6a3f	60623	507	5766	53528	822	59801	0.008363162496082346	0.09511241607970572	0.882965211223463	0.01355921020074889	0.008478119094998411	0.8951020885938362
a1953616-e244-4a52-b283-2e39d58f2c9a	60623	8157	48245	719	3502	57121	0.1345528924665556	0.7958200682909127	0.011860185078270623	0.05776685416426109	0.14280212181159294	0.012587314647852803
8adf23db-44e7-4037-b954-a86f4ec44806	60623	8183	50828	797	815	59808	0.13498177259455982	0.8384276594691784	0.013146825462283292	0.013443742473978523	0.13682116104868913	0.01332597645799893
e11dab7d-dc9c-416c-8200-ebdf8a64e3ea	60623	0	0	55129	5494	55129	0.0	0.0	0.9093743298748	0.09062567012520001	0.0	1.0
388bf50e-8e6e-4833-b320-ea162edda01e	60623	5	32873	26939	806	59817	8.247694769311977e-05	0.5422529403031853	0.44436929878099074	0.013295283968130907	8.358827757995219e-05	0.4503569219452664
4d7f3615-8da4-4702-a84f-efd533311291	60623	2	5327	51018	4276	56347	3.299077907724791e-05	0.08787094007224981	0.8415617834815169	0.07053428566715603	3.549434752515662e-05	0.9054253110192202
7f00169e-2572-4158-a453-ccec33cd2159	60623	0	8000	47215	5408	55215	0.0	0.13196311630899163	0.77882981706613	0.08920706662487835	0.0	0.8551118355519334
7c44fbbe-00db-4ad7-86a9-61b5968d1a00	60623	590	10795	43264	5974	54649	0.009732279827788133	0.1780677300694456	0.7136565329990268	0.0985434571037395	0.010796171933612693	0.7916704788742703
5fbe7159-54d1-4007-afd1-02d0276cbc77	60623	872	11479	47466	806	59817	0.014383979677680089	0.1893505765138644	0.7829701598403246	0.013295283968130907	0.01457779560994366	0.7935202367220021
38f37f0c-75d2-4a56-b62a-9472a9c3ae13	60623	1164	18931	36553	3975	56648	0.019200633422958285	0.3122742193556901	0.6029559738053214	0.06556917341603022	0.02054794520547945	0.6452654992232736
06b3e3ca-24b9-4e19-9e59-b51cc6d6735b	60623	412	13846	44135	2230	58393	0.0067961004899130695	0.22839516355178727	0.7280240172871683	0.036784718671131415	0.007055640230849588	0.7558268970595791
550f24b0-a925-41d6-be27-96c827693611	60623	12488	36589	5768	5778	54845	0.20599442455833594	0.6035498078287119	0.09514540685878296	0.09531036075416921	0.22769623484365029	0.10516911295469049
1f61ed4f-cc57-44cf-a014-d098686a7388	60623	15487	38318	6014	804	59819	0.25546409778466916	0.6320703363409927	0.09920327268528446	0.01326229318905366	0.25889767465186647	0.10053661880004681
fe0ddcfc-f6e9-460d-b8e6-5187ffe8eb4f	60623	5974	33820	15168	5661	54962	0.0985434571037395	0.5578740741962621	0.2502020685218481	0.0933804001781502	0.10869327899275863	0.27597249008405805
c675d334-a3b2-4f04-b5fb-14310ef8c561	60623	6344	37523	15949	807	59816	0.10464675123303037	0.6189565016577866	0.26308496775151347	0.013311779357669532	0.10605857964424234	0.2666343453256654
43993e01-588a-40de-80ec-72c1a66fe70b	60623	12	19982	35016	5613	55010	0.00019794467446348745	0.32961087376078385	0.5776025600844564	0.09258862148029626	0.00021814215597164153	0.6365388111252499
efbff161-d65a-4009-8e95-50d7f6cae435	60623	25288	29806	0	5529	55094	0.4171354106527226	0.49166158058822557	0.0	0.09120300875905185	0.45899734998366426	0.0
ecaaca85-ab77-46aa-8122-fcf7d84348f6	60623	0	20290	39530	803	59820	0.0	0.33469145373868003	0.6520627484618049	0.013245797799515036	0.0	0.6608157806753594
50a70e24-2ce8-43fd-87d7-eab2c1fa9a86	60623	60	7338	47994	5231	55392	0.0009897233723174374	0.12104316843442257	0.7916797255167181	0.0862873826765419	0.0010831889081455806	0.86644280762565
c9e12d18-6092-499f-92ae-6fd6b16f2acd	60623	23	2570	54141	3889	56734	0.00037939395938835094	0.04239315111426356	0.8930768850106395	0.06415056991570856	0.0004054006415905806	0.9542954841893749
42a4fa75-8c36-4f5e-85c7-880d99a9c5a5	60623	0	2588	57232	803	59820	0.0	0.0426900681259588	0.9440641340745262	0.013245797799515036	0.0	0.9567368772985624
668220ce-7e03-4ccf-99f9-99127ddf9806	60623	5983	43380	5614	5646	54977	0.09869191560958712	0.7155699981855072	0.09260511686983489	0.09313296933507084	0.10882732779162195	0.10211543008894629
d91ec6e8-cdea-41b8-a88e-252586d3b9ae	60623	0	59408	408	807	59816	0.0	0.9799581017105718	0.006730118931758573	0.013311779357669532	0.0	0.006820917480272836
e240d339-c042-42dc-b97a-d1effcac44b7	60623	12107	32860	10538	5118	55505	0.19970968114412022	0.5420385002391831	0.17382841495801923	0.0844234036586774	0.21812449328889288	0.18985676966039094
464c704d-fa2e-4ec1-b77c-4441422082eb	60623	0	1868	53746	5009	55614	0.0	0.030813387658149546	0.886561206142883	0.08262540619896738	0.0	0.9664113352752904
93a3fc8a-1b50-4da3-9dbb-cf9f582fc22e	60623	10306	38724	6002	5591	55032	0.17000148458505848	0.638767464493674	0.09900532801082097	0.09222572291044653	0.18727285942724234	0.10906381741532199
3eb88a9f-aec6-438b-82ad-620d248d9ab9	60623	10514	43089	6215	805	59818	0.17343252560909225	0.7107698398297676	0.10251884598254787	0.013278788578592283	0.1757664916914641	0.10389849209268114
1c0714ec-70a9-4902-bd98-8b0fb002c084	60623	1771	17105	35642	6105	54518	0.029213334872903025	0.28215363805816274	0.587928673935635	0.10070435313329924	0.032484683957591985	0.6537657287501376
4dda3f93-216c-41d5-b1c0-85ee571d7759	60623	9668	45742	1416	3797	56826	0.1594774260594164	0.7545321082757369	0.02335747158669152	0.06263299407815516	0.17013338964558478	0.024918171259634674
b4c19f4e-c5bf-4c4f-bad8-9c18128c112d	60623	1104	47995	6577	4947	55676	0.018210910050640846	0.7916962209062567	0.10849017699552975	0.0816026920475727	0.01982901070479201	0.11812989438896472
95792e53-593b-40ea-80e2-2fbb4e572513	60623	119	57070	2626	808	59815	0.0019629513550962507	0.9413918809692691	0.043316892928426505	0.013328274747208156	0.001989467524868344	0.0439020312630611
1889a2af-ae25-41ec-8a6d-0ec5c5b852cb	60623	6618	50275	141	3589	57034	0.10916648796661334	0.8293057090543193	0.0023258499249459775	0.059201953054121376	0.11603604867272153	0.0024722095592102956
32915a08-0985-4232-bb08-a4b0850cb11c	60623	14901	38524	3253	3945	56678	0.24579779951503555	0.6354683865859492	0.053659502169143725	0.0650743117298715	0.26290624228095555	0.057394403472246724
a7e04cc7-3f4c-4986-a336-8083e5653754	60623	1	13796	41329	5497	55126	1.6495389538623956e-05	0.22757039407485607	0.6817379542417894	0.09067515629381588	1.8140260494140695e-05	0.7497188259623409
2ca5fbc4-80ab-42ff-b277-36f4217ee38a	60623	28309	20791	6420	5103	55520	0.4669679824489055	0.34295564389753064	0.10590040083796579	0.08417597281559804	0.5098883285302593	0.11563400576368876
29d94e70-4462-4ff5-aa91-75d7a412083f	60623	13107	35937	7294	4285	56338	0.21620507068274417	0.592794813849529	0.12031737129472313	0.07068274417300364	0.23264936632468317	0.12946856473428237
842aed9a-ef31-404a-b93a-fb8f5faa0467	60623	6807	45745	4352	3719	56904	0.11228411658941326	0.7545815944443528	0.07178793527209144	0.061346353694142486	0.11962252214255588	0.07647968508364966
41af42ec-7521-4783-916e-2c982eef0f98	60623	695	20417	33858	5653	54970	0.011464295729343649	0.3367863682100853	0.5585008989987299	0.09324843706184122	0.01264325995997817	0.6159359650718573
3095de2b-bfa1-4d93-9270-228db0b29b22	60623	1033	23659	35116	815	59808	0.017039737393398546	0.39026442109430415	0.5792520990383188	0.013443742473978523	0.017271936864633495	0.5871455323702515
c514a893-e085-4a67-b386-b61c3b63a22c	60623	452	19943	34693	5535	55088	0.007455916071458028	0.32896755356877755	0.5722745492634809	0.09130198109628358	0.008205053732210282	0.6297741794946268
9f7555e4-fd59-4abc-ae79-54eebe28644b	60623	751	22311	35316	2245	58378	0.01238803754350659	0.36802863599623903	0.5825511769460436	0.03703214951421078	0.01286443523245058	0.6049539209976361
2e78b083-64df-4f0e-95ae-783209aee124	60623	2315	15399	37682	5227	55396	0.03818682678191446	0.25401250350527027	0.6215792685944278	0.08622140111838741	0.04179002094014008	0.6802296194671096
571468b9-6fb4-40c6-8830-1ffad5419b60	60623	5400	42901	6908	5414	55209	0.08907510350856936	0.7076687065965063	0.11395015093281428	0.08930603896211009	0.09781013965114384	0.12512452679816696
0fe5b158-a079-4193-9fde-234eef8803c7	60623	5561	46701	7556	805	59818	0.09173086122428781	0.7703511868432773	0.1246391633538426	0.013278788578592283	0.09296532816209167	0.12631649336320172
3c111956-7bcf-46a7-b64f-708ce11b9ff8	60623	26090	23501	5456	5576	55047	0.43036471306269897	0.38765814954720157	0.0899988453227323	0.09197829206736717	0.4739586171816811	0.09911530146965321
4320c739-978f-4ebf-85c6-23d4735a38c1	60623	24239	28511	4316	3557	57066	0.39983174702670604	0.47030005113570755	0.07119410124870099	0.058674100588885406	0.42475379385273193	0.07563172466968072
17dcb09f-0c6d-4b7e-aaf8-7171e954d4d3	60623	26442	27775	5600	806	59817	0.4361710901802946	0.45815944443528034	0.09237418141629415	0.013295283968130907	0.44204824715381913	0.09361887088954644
9113cf96-0feb-4e13-b1d5-0ddd12c2cab7	60623	7446	30113	17234	5830	54793	0.12282467050459396	0.4967256651765831	0.28428154330864525	0.09616812101017766	0.1358932710382713	0.31452922818608214
232f1641-2261-461f-bb84-4be12d83b1b3	60623	45	8520	49828	2230	58393	0.0007422925292380779	0.1405407188690761	0.8219322699305545	0.036784718671131415	0.00077064031647629	0.8533214597640129
a36231aa-f304-4bbf-aa86-b9547916c097	60623	20699	30978	3850	5096	55527	0.34143806805997723	0.5109941771274928	0.06350724972370222	0.08406050508882768	0.37277360563329554	0.06933563851819835
2c4febe8-dd9b-4213-85f9-ceaa9594e5af	60623	302	18974	40541	806	59817	0.004981607640664435	0.3129835211058509	0.6687395872853538	0.013295283968130907	0.005048731965829112	0.6777504722737683
09d6f42c-5e9f-4adc-bd8c-e5dca597fc01	60623	15540	34674	5150	5259	55364	0.25633835343021627	0.571961136862247	0.08495125612391337	0.08674925358362338	0.2806878115743082	0.09302073549599017
3c2bed9f-2ab5-4623-b631-99e394d7723d	60623	1312	2266	51632	5413	55210	0.021641951074674627	0.03737855269452188	0.851689952658232	0.08928954357257146	0.02376381090382177	0.9351928998369861
ea748969-579b-43dd-b2cd-1b0ac46b64ea	60623	28721	21805	4947	5150	55473	0.4737640829388186	0.35968196888969534	0.0816026920475727	0.08495125612391337	0.5177473725956772	0.08917851927964957
8518e829-4248-4f12-b32f-f4019f7ba4e2	60623	2282	4870	49772	3699	56924	0.037642478927139865	0.08033254705309865	0.8210085281163915	0.061016445903370006	0.040088539104771274	0.874358794181716
466741c2-8899-49d7-b7c0-d7d7e572afea	60623	2294	4911	52614	804	59819	0.03784042360160335	0.08100885802418224	0.8678884251851607	0.01326229318905366	0.038349019542285895	0.879553319179525
06479cfc-c43c-43f5-9d2f-44b3adc45d84	60623	1403	32614	21073	5533	55090	0.023143031522689407	0.5379806344126816	0.3476073437474226	0.09126899031720634	0.02546741695407515	0.38251951352332547
e35fcfbe-0550-4a39-9996-5d178e3f40ef	60623	2	8244	46561	5816	54807	3.299077907724791e-05	0.13598799135641587	0.7680418323078699	0.09593718555663693	3.649168901782619e-05	0.8495447661795026
c18162de-b83b-427f-8f8c-82dc85843fe7	60623	523	8044	51697	359	60264	0.008627088728700329	0.1326889134486911	0.8527621529782425	0.005921844844366	0.008678481348732245	0.8578421611575734
72439e36-3c17-4a90-b3e1-8f6ccfd3dcd4	60623	28728	21342	5084	5469	55154	0.47387955066558896	0.35204460353331246	0.08386256041436418	0.09021328538673441	0.5208688399753417	0.09217826449577546
4dd51cdc-2a9e-4a67-a506-e7cd39390afc	60623	29951	24317	5548	807	59816	0.4940534120713261	0.4011183874107187	0.0915164211602857	0.013311779357669532	0.5007188712050288	0.09275110338371004
afed1e5d-c6c1-4d95-9e57-d82f6a823543	60623	0	22753	32015	5855	54768	0.0	0.37531959817231086	0.528099896079046	0.09658050574864326	0.0	0.5845566754309086
76571b4f-bb07-4ea2-a9c2-ff8c3478a55d	60623	0	23763	36055	805	59818	0.0	0.39197994160632105	0.5947412698150867	0.013278788578592283	0.0	0.6027449931458758
7c8b0e74-bd47-4c5c-99de-8484eca2b1ad	60623	2164	23268	29593	5598	55025	0.03569602296158224	0.38381472378470216	0.4881480626164987	0.0923411906372169	0.03932757837346661	0.537810086324398
b98aa84f-5144-4062-badc-32e89368d684	60623	7613	39634	7873	5503	55120	0.12557940055754416	0.6537782689738219	0.1298682018375864	0.09077412863104763	0.1381168359941945	0.14283381712626997
3ebecb70-9957-4bfb-8e69-dc6f157c3f08	60623	0	6592	53219	812	59811	0.0	0.10873760783860911	0.8778681358560282	0.01339425630536265	0.0	0.8897861597365033
cb389c7a-50d4-4f2d-9c5c-c1fff17e442a	60623	0	57192	2	3429	57194	0.0	0.9434043184929812	3.299077907724791e-05	0.05656269072794154	0.0	3.4968703010805326e-05
6ab64a3f-065d-4582-b18c-31143dbc7948	60623	0	59820	0	803	59820	0.0	0.9867542022004849	0.0	0.013245797799515036	0.0	0.0
f7622b8a-b57c-42f0-bad1-c85edd41f034	60623	5904	46281	3227	5211	55412	0.09738877983603583	0.7634231232370552	0.0532306220411395	0.08595747488576942	0.10654731827041074	0.05823648307225872
8daafbc7-6a46-45bd-aab8-c147eae10aa6	60623	687	4981	54151	804	59819	0.011332332613034657	0.08216353529188591	0.8932418389060258	0.01326229318905366	0.011484645346796168	0.905247496614788
be694dea-a16a-4841-9588-89bba1b37dc6	60623	7321	38330	9904	5068	55555	0.12076274681226597	0.6322682810154562	0.16337033799053163	0.0835986341817462	0.13177931779317792	0.17827378273782737
b5772a0e-518b-4516-8e1e-de16fb50e326	60623	3835	9878	46107	803	59820	0.06325981888062286	0.16294145786252742	0.7605529254573347	0.013245797799515036	0.0641089936476095	0.7707622868605818
cec6ad5e-a8d3-43cd-8a74-2199899f2422	60623	3566	31656	21717	3684	56939	0.05882255909473302	0.5221780512346799	0.35823037461029644	0.06076901506029065	0.06262842691301217	0.3814081736595304
629543a9-6b75-4924-a92a-2b1084011b7f	60623	12	3585	56218	808	59815	0.00019794467446348745	0.059135971495966874	0.9273378090823615	0.013328274747208156	0.0002006185739363036	0.939864582462593
7cd3890a-bac7-42d0-a615-4b0f862200b8	60623	3755	45838	5264	5766	54857	0.06194018771753295	0.7561156656714448	0.0868317305313165	0.09511241607970572	0.06845069909036221	0.09595858322547715
0752ba05-88ed-4d18-95a7-c508208251d5	60623	3	4332	55480	808	59815	4.948616861587186e-05	0.07145802748131898	0.915164211602857	0.013328274747208156	5.01546434840759e-05	0.9275265401655103
4584c7e2-8011-4231-a5e6-26a264f6d1b1	60623	9295	40962	4872	5494	55129	0.15332464576150967	0.6756841462811144	0.08036553783217591	0.09062567012520001	0.16860454570189917	0.08837453971593898
015965ba-53b4-4b89-bae3-5dc351212d9f	60623	9856	44708	5249	810	59813	0.1625785592926777	0.7374758754927998	0.08658429968823714	0.013361265526285403	0.16478023172220085	0.08775684215805929
50463a25-4292-4bc7-926a-341493e68242	60623	1379	9259	44588	5397	55226	0.022747142173762433	0.1527308117381192	0.7354964287481649	0.08902561733995348	0.024970122768261327	0.8073733386448412
c8e05740-9d67-4e06-a30f-4298b6523a5a	60623	2903	48547	3845	5328	55295	0.04788611583062534	0.8008016759315771	0.06342477277600911	0.08788743546178843	0.05250022606022244	0.06953612442354644
694c2606-4c32-4caa-91a0-ed70a4491327	60623	5367	48795	4235	2226	58397	0.08853075565379477	0.8048925325371559	0.06985797469607245	0.03671873711297692	0.09190540609962841	0.07252084867373323
050ec96b-f110-429e-a138-4a41b38a24ae	60623	1542	21125	32672	5284	55339	0.02543589066855814	0.34846510400343106	0.5389373670059219	0.08716163832208898	0.027864616274236975	0.5903973689441443
9dc315ce-3b76-4754-b103-2c2580cde4ab	60623	2748	15095	37094	5686	54937	0.045329330452138626	0.2489979050855286	0.6118799795457169	0.0937927849166158	0.05002093306878788	0.6752097857545917
a0de3018-8916-4e06-8ba1-beb1d218e30e	60623	5	5242	49922	5454	55169	8.247694769311977e-05	0.08646883196146676	0.823482836547185	0.08996585454365505	9.06306077688557e-05	0.9048922402073628
499a5bbb-9c48-4a4a-8472-d6fa35b6a308	60623	0	4946	54874	803	59820	0.0	0.08158619665803409	0.9051680055424509	0.013245797799515036	0.0	0.9173186225342694
e958ea52-21bc-43ce-9a24-72acda04e48d	60623	3864	36158	15987	4614	56009	0.06373818517724296	0.5964402949375649	0.26371179255398114	0.07610972733121092	0.06898891249620596	0.2854362691710261
e4c88329-bd61-404a-a3f0-795cf2f7dc67	60623	3866	39704	16250	803	59820	0.0637711759563202	0.6549329462415255	0.26805008000263925	0.013245797799515036	0.06462721497826814	0.2716482781678368
796e565c-3841-425a-bdfb-569776d7c9ac	60623	0	10321	44496	5806	54817	0.0	0.17024891542813783	0.7339788529106115	0.09577223166125068	0.0	0.8117189922834157
67f32715-fea8-4b4e-9815-aa0c67253ad3	60623	3	10327	49485	808	59815	4.948616861587186e-05	0.17034788776536958	0.8162743513188064	0.013328274747208156	5.01546434840759e-05	0.827300844269832
1a9f7284-9770-4936-9fa4-500698184680	60623	1158	50630	3508	5327	55296	0.01910166108572654	0.8351615723405308	0.057865826501492836	0.08787094007224981	0.020941840277777776	0.06344039351851852
fe23a254-a0a4-452c-a2ba-685f66738a86	60623	2	2569	52717	5335	55288	3.299077907724791e-05	0.04237665572472494	0.8695874503076391	0.0880029031885588	3.6174215019534075e-05	0.9534980465923889
c111686d-e79f-4a23-989c-dc89a38d32e7	60623	2	4620	55193	808	59815	3.299077907724791e-05	0.07620869966844267	0.910430034805272	0.013328274747208156	3.3436428989383936e-05	0.9227284126055337
91202959-0b44-43ba-961c-58c9de842d76	60623	4670	46488	4244	5221	55402	0.07703346914537387	0.7668376688715504	0.07000643320192006	0.08612242878115567	0.08429298581278655	0.07660373271723042
143fc27d-e119-48ff-a5ea-bd6aafc0404e	60623	23988	28161	3130	5344	55279	0.3956914042525114	0.4645266647971892	0.051630569255892975	0.08815136169440642	0.43394417409866315	0.05662186363718591
e61873d5-bfd2-4fcc-9f9e-ca80779d36b7	60623	6706	36857	11799	5261	55362	0.11061808224601224	0.6079705722250631	0.19462910116622403	0.08678224436270063	0.12113001697915537	0.21312452584805464
4185f422-df90-463c-ab85-87437eb0502c	60623	6638	37578	15599	808	59815	0.10949639575738582	0.619863748082411	0.2573115814129951	0.013328274747208156	0.11097550781576528	0.2607874279027
5cdd3886-898b-4861-a748-d4164ce14a07	60623	2164	9507	43326	5626	54997	0.03569602296158224	0.15682166834369793	0.7146792471504214	0.09280306154429836	0.039347600778224266	0.7877884248231721
1fa2d526-b5d5-47e0-87d1-6ac17add8a0b	60623	4767	44698	5600	5558	55065	0.0786335219306204	0.7373109215974135	0.09237418141629415	0.09168137505567193	0.08657041678016889	0.1016979932806683
bfc636bb-4e93-4e8b-bcc3-c98cf820e6e7	60623	105	11709	45057	3752	56871	0.0017320159015555153	0.19314451610774788	0.7432327664417795	0.06189070154891708	0.0018462836946774278	0.7922667088674368
67162c14-4e17-4511-b4c9-4fb1cc057cec	60623	13925	41795	4089	814	59809	0.22969829932533856	0.6894248057667882	0.06744964782343335	0.0134272470844399	0.2328244912972964	0.06836763697771238
3f9d6a98-182c-4297-85c5-02ce3b1a3500	60623	2479	49505	3161	5478	55145	0.04089207066624878	0.8166042591095789	0.05214192633159032	0.09036174389258202	0.044954211623900626	0.0573216066733158
0d5c5f1c-d20e-480c-a89b-8feba01caf96	60623	4	4326	50891	5402	55221	6.598155815449583e-05	0.07135905514408723	0.8394668690101117	0.0891080942876466	7.243621086180982e-05	0.9215878017420909
73af0f78-cc37-43ff-8f46-524a9ba80eda	60623	131	21408	33736	5348	55275	0.002160896029559738	0.35313329924286163	0.5564884614750177	0.0882173432525609	0.002369968340117594	0.6103301673450927
7cfe5395-8477-405a-8260-b3b3aaf46a42	60623	15554	26255	13498	5316	55307	0.25656928888375696	0.43308645233657195	0.22265476799234615	0.08768949078732494	0.28123022402227565	0.24405590612399877
6ccfb772-043b-40ff-884d-a1d8848a927c	60623	32536	17848	9432	807	59816	0.536693994028669	0.29440971248536035	0.15558451412830113	0.013311779357669532	0.5439347331817573	0.15768356292630734
62ce9f85-13d7-445b-a32a-11f6001617e4	60623	10587	44496	327	5213	55410	0.1746366890454118	0.7339788529106115	0.005393992379130033	0.08599046566484668	0.19106659447753113	0.005901461829994585
329582f6-d8ce-4e57-bb30-61fe82ac2b5f	60623	11140	48076	599	808	59815	0.18375863946027085	0.7930323474588853	0.00988073833363575	0.013328274747208156	0.18624090947086852	0.010014210482320488
00d38274-8ed5-46af-9a69-91d968a050ab	60623	2784	46401	6259	5179	55444	0.04592316447552909	0.7654025699816901	0.10324464312224733	0.08542962242053347	0.050212827357333525	0.11288868047038453
ee368eb1-55e1-471e-b88b-bab896e37b5c	60623	28	13215	41603	5777	54846	0.0004618709070814707	0.21798657275291555	0.6862576909753724	0.09529386536463058	0.000510520366116034	0.7585420996973343
0fd00aa3-dd81-40f6-a265-629cce015492	60623	40	16162	43595	826	59797	0.0006598155815449581	0.26659848572324035	0.7191165069363114	0.013625191758903386	0.0006689298794253892	0.7290499523387461
0126489d-c12a-4651-8700-d7090732d7ab	60623	3187	48643	3457	5336	55287	0.05257080645959454	0.8023852333272851	0.05702456163502301	0.08801939857809742	0.05764465425868649	0.06252826161665491
cde5b270-bec9-40d4-9c59-29f93ef08293	60623	2338	14575	39953	3757	56866	0.03856622074130281	0.24042030252544414	0.6590402982366429	0.061973178496610194	0.04111419829071853	0.7025815074033693
9a7375ad-48b0-4fb7-b650-ac2d1cb78253	60623	952	11618	47250	803	59820	0.015703610840770005	0.1916434356597331	0.7794071556999819	0.013245797799515036	0.015914409896355734	0.7898696088264794
f2a49aa7-b756-4eaa-a6fd-00f56c7e7851	60623	42	11731	43115	5735	54888	0.0006928063606222061	0.1935074146775976	0.7111987199577718	0.09460105900400838	0.000765194578049847	0.7855086722052179
6ba6d9d8-29c9-493a-bbce-1de739a702b5	60623	54	12243	47509	817	59806	0.0008907510350856935	0.20195305412137307	0.7836794615904854	0.01347673325305577	0.0009029194395211183	0.7943851787446076
74fcf73e-30a7-446d-9066-07d2e29ac78f	60623	38329	16910	0	5384	55239	0.6322517856259176	0.27893703709813106	0.0	0.08881117727595138	0.6938757037600246	0.0
2d472b3b-55d7-423a-ac6e-444eca3139b4	60623	13	8708	51099	803	59820	0.0002144400640021114	0.1436418521023374	0.8428979100341455	0.013245797799515036	0.00021731862253426948	0.8542126379137412
14e1cd4b-0d60-4202-981d-7e1e02a17006	60623	388	57268	715	2252	58371	0.006400211140986095	0.9446579680979166	0.011794203520116127	0.037147617240981146	0.006647136420482774	0.012249233352178307
9ec60572-39e4-4a0d-b157-cf0ec726fb1d	60623	103	11096	43803	5621	55002	0.0016990251224782674	0.1830328423205714	0.722547547960345	0.09272058459660525	0.0018726591760299626	0.7963892222101014
040438cf-a4ba-4f06-b562-73c79738f53e	60623	13531	33945	9473	3674	56949	0.22319911584712074	0.5599359978885902	0.15626082509938471	0.06060406116490441	0.23759855309136244	0.16634181460605102
7f7d8229-3daf-48be-bd16-ffe4314528b1	60623	591	12231	42496	5305	55318	0.009748775217326757	0.20175510944690958	0.7009880738333636	0.08750804150240007	0.010683683430348168	0.7682128782674718
2556d93d-9252-4248-a044-91deaa7f02df	60623	7007	44037	4411	5168	55455	0.11558319449713805	0.7264074691123831	0.07276116325487027	0.0852481731356086	0.12635470201063925	0.07954197096745108
d5de71c5-b810-426d-a1f9-7f7ff07b775f	60623	0	5674	51202	3747	56876	0.0	0.09359484024215232	0.8445969351566237	0.061808224601223954	0.0	0.9002391166748717
38028211-10d1-4884-aaf3-b39bee67df5e	60623	5764	45320	8731	808	59815	0.09507942530062848	0.7475710538904377	0.14402124606172576	0.013328274747208156	0.0963637883474045	0.14596673075315555
27bc9f32-2419-4e24-97a1-4136e7be5a39	60623	23	3122	53799	3679	56944	0.00037939395938835094	0.051498606139583986	0.8874354617884301	0.06068653811259753	0.0004039055914582748	0.9447703006462489
ea7490bf-06ac-43e0-bb61-a2756d027836	60623	17	56554	611	3441	57182	0.0002804216221566072	0.9328802599673391	0.010078683008099236	0.05676063540240503	0.0002972963519988808	0.010685180651253892
7daa9124-2878-4708-ae74-28b17ef4898c	60623	2	19878	35555	5188	55435	3.299077907724791e-05	0.32789535324876695	0.5864935750457747	0.08557808092638107	3.607828988905926e-05	0.641381798502751
3d2e8c04-bfbf-471d-88a4-1a12b39a6298	60623	1	20756	39058	808	59815	1.6495389538623956e-05	0.3423783052636788	0.6442769245995744	0.013328274747208156	1.6718214494691968e-05	0.6529800217336789
0c8df249-80de-4675-93e5-d06ad8ea3001	60623	12	12277	42436	5898	54725	0.00019794467446348745	0.20251389736568629	0.6999983504610462	0.09728980749880409	0.00021927820922795798	0.7754408405664687
51e96168-f2d8-4827-9910-66264b410b4c	60623	1525	7513	45878	5707	54916	0.02515546904640153	0.12392986160368177	0.7567754812529898	0.09413918809692691	0.027769684609221357	0.8354213708208901
74ec0a11-f4f7-4f19-93f9-48674394a885	60623	122	57048	7	3446	57177	0.0020124375237121224	0.9410289823994193	0.00011546772677036768	0.056843112350098146	0.0021337250992531963	0.0001224268499571506
dbd8fda0-bdf2-40f0-80b6-daef5ebf9c97	60623	780	8888	45964	4991	55632	0.012866403840126685	0.1466110222192897	0.7581940847533114	0.08232848918727216	0.014020707506471096	0.8262151279838942
96f6eda6-cc55-4984-811e-f3b2b97a0496	60623	798	9258	49761	806	59817	0.013163320851821916	0.15271431634858057	0.8208270788314666	0.013295283968130907	0.013340689101760369	0.8318872561312002
b22a4adb-8d8a-490a-a6f4-cc091b41f56f	60623	10127	43667	2908	3921	56702	0.16704880985764478	0.7203041749830922	0.04796859277831846	0.06467842238094453	0.17860040210221861	0.05128566893584
08044da0-8cb7-4bf7-bbb6-b80be4fddd8c	60623	4952	44732	5986	4953	55670	0.08168516899526582	0.7378717648417268	0.098741401778203	0.08170166438480445	0.08895275731992096	0.10752649541943596
a8484534-e92a-49a7-8818-d21606d19701	60623	11054	35911	8188	5470	55153	0.1823400359599492	0.5923659337215248	0.13506424954225293	0.09022978077627303	0.20042427429151632	0.1484597392707559
65ce036f-a8ed-4e83-818c-b54c95529a2e	60623	23592	28744	2967	5320	55303	0.38915922999521635	0.47414347689820696	0.04894182076109727	0.08775547234547944	0.4265953022440012	0.05364989241089995
287b037a-c32a-49f0-bed6-7674d2e26574	60623	3796	38579	14270	3978	56645	0.06261649868861653	0.6363756330105735	0.23538920871616384	0.06561865958464609	0.06701385823991526	0.251919851708006
026232e8-608b-420f-8b69-f51598ba17ca	60623	3821	35678	20321	803	59820	0.06302888342708213	0.5885225079590255	0.33520281081437736	0.013245797799515036	0.0638749582079572	0.33970244065529925
5ce91cce-a4ac-45e1-bc3e-737494a67769	60623	16199	28793	10515	5116	55507	0.26720881513616945	0.47495175098559955	0.17344902099863088	0.08439041287960015	0.2918370655953303	0.18943556668528294
05bf18cd-2346-4ef9-b6df-58aa8a67e8a5	60623	0	4299	51386	4938	55685	0.0	0.07091367962654438	0.8476320868317305	0.08145423354172508	0.0	0.9227978809374158
d6e981ee-1afc-4f84-a3be-e87e0d1460cd	60623	8795	43559	3122	5147	55476	0.14507695099219767	0.7185226729129208	0.051498606139583986	0.0849017699552975	0.1585370250198284	0.05627658807412214
52f6a636-9e5e-457c-9912-e7f4b6813e80	60623	9281	47201	3330	811	59812	0.15309371030796892	0.7785988816125893	0.05492964716361777	0.013377760915824027	0.15516953119775295	0.05567444659934461
66e4ecf2-af70-46c8-be47-783e8e3edecd	60623	7	2415	54388	3813	56810	0.00011546772677036768	0.03983636573577685	0.8971512462266796	0.06289692031077314	0.00012321774335504314	0.9573666607991551
0ef32921-bb7a-4055-a6ed-e8ced5f824e4	60623	1365	11033	42546	5679	54944	0.0225162067202217	0.1819936327796381	0.7018128433102948	0.09367731718984544	0.0248434769947583	0.7743520675596971
8867f07e-0993-4c9a-96df-18e24801ba80	60623	10748	31338	12504	6033	54590	0.17729244676113026	0.5169325173613974	0.20625835079095392	0.09951668508651831	0.19688587653416376	0.22905294009891922
5766227f-4d93-4917-9d26-6a5685443047	60623	12415	32934	14456	818	59805	0.2047902611220164	0.5432591590650413	0.2384573511703479	0.013493228642594396	0.2075913385168464	0.24171891982275728
b280103f-8732-4ee4-9e61-357a9cb3a0a9	60623	309	19892	36290	4132	56491	0.005097075367434802	0.3281262887023077	0.5986176863566633	0.06815894957359418	0.00546989785983608	0.6424032146713636
02e2a240-cecf-4313-a62c-5b1fd66c2d19	60623	22085	28443	9283	812	59811	0.36430067796051	0.4691783646470811	0.15312670108704618	0.01339425630536265	0.3692464596813295	0.15520556419387738
10285a0d-d8cc-4c20-a8a2-8891d9807599	60623	6281	38790	9886	5666	54957	0.10360754169209706	0.6398561602032232	0.16307342097883643	0.09346287712584332	0.11428935349455029	0.17988609276343323
fa3f34b7-5f69-41f8-9384-42af0260d7ec	60623	744	7113	47067	5699	54924	0.012272569816736223	0.11733170578823218	0.7763884994144137	0.09400722498061792	0.013545990823683636	0.856947782390212
7e37d1b9-2c88-4649-9816-91c102b31d68	60623	761	7560	51493	809	59814	0.01255299143889283	0.12470514491199709	0.8493970935123633	0.01334477013674678	0.012722773932524158	0.8608854114421373
e943ba18-21be-49ec-8d2a-cfad16e37fa0	60623	25338	25617	6064	3604	57019	0.41796018012965375	0.42256239381092986	0.10002804216221566	0.05944938389720073	0.4443781897262316	0.10635051474070047
1266a1eb-e941-4adc-b50d-032569ac38eb	60623	25714	27633	6450	826	59797	0.42416244659617636	0.4558170991207957	0.10639526252412451	0.013625191758903386	0.4300215729886115	0.10786494305734401
0c30cd0e-a2d2-42b0-9ca9-8297de64e4a8	60623	1480	14496	39034	5613	55010	0.024413176517163453	0.23911716675189285	0.6438810352506474	0.09258862148029626	0.026904199236502453	0.7095800763497546
6fae8a0e-a96a-4895-b40d-c1eb491f0f3e	60623	9408	37622	9611	3982	56641	0.15518862477937417	0.6205895452221104	0.15853718885571483	0.06568464114280059	0.1660987623806077	0.16968273865221306
51fb2284-4c63-49d7-9e38-c7d213ab43a6	60623	191	33449	23010	3973	56650	0.0031506194018771755	0.5517542846774327	0.3795589132837372	0.06553618263695297	0.0033715798764342455	0.4061782877316858
87845b6d-d3a0-43bf-82cf-a9429759e353	60623	1383	10377	44843	4020	56603	0.022813123731916927	0.17117265724230077	0.739702753080514	0.0663114659452683	0.02443333392223027	0.7922371605745279
1d750075-080b-42c6-965a-319a65fb9f27	60623	1384	13003	45430	806	59817	0.022829619121455553	0.2144895501707273	0.7493855467396863	0.013295283968130907	0.023137235234130766	0.7594830900914455
95c533d3-798c-4aca-8f38-dc4825f254b5	60623	0	12777	42044	5802	54821	0.0	0.21076159213499826	0.6935321577619056	0.09570625010309619	0.0	0.7669323799274
88646aae-7004-410a-b7f5-661da812de63	60623	11	15611	44191	810	59813	0.0001814492849248635	0.25750952608745853	0.7289477591013311	0.013361265526285403	0.00018390650861852776	0.738819320214669
cf11642a-eb96-4b37-b914-371c71f8e0ca	60623	954	13261	40612	5796	54827	0.015736601619847253	0.21874536067169226	0.6699107599425961	0.09560727776586445	0.017400186039724954	0.7407299323326099
82bb4ce9-08e3-4eae-83b6-268225097575	60623	1602	12709	45503	809	59814	0.026425614040875574	0.20963990564637183	0.7505897101760058	0.01334477013674678	0.02678302738489317	0.7607416323937539
c0c04ba3-7fdf-47f3-8750-a487639a76df	60623	19496	32281	3399	5447	55176	0.3215941144450126	0.5324876696963199	0.05606782904178282	0.08985038681688468	0.3533420327678701	0.06160287081339713
5754d368-87b9-40e5-9a56-bd48ad9a80e3	60623	1340	46666	7532	5085	55538	0.0221038219817561	0.7697738482094255	0.12424327400491562	0.08387905580390281	0.024127624329288055	0.13561885555835643
b32287fb-5ff5-4f5f-a9dc-0c0d514351b4	60623	6724	29316	19094	5489	55134	0.11091499925770747	0.4835788397142999	0.3149629678504858	0.09054319317750689	0.1219574128486959	0.34631987521311713
0e50d716-416b-497e-8683-b0c582a1b463	60623	8959	27777	23073	814	59809	0.14778219487653202	0.4581924352143576	0.3805981228246705	0.0134272470844399	0.1497935093380595	0.3857780601581702
0dcb8872-8b48-4100-8ad4-4c89a0d3b9ed	60623	3014	45959	8129	3521	57102	0.0497171040694126	0.7581116078056184	0.13409102155947414	0.05808026656549494	0.05278273965885608	0.14235928689012645
57e65074-4dc7-4f55-9638-8d123702305c	60623	6854	47050	1630	5089	55534	0.11305939989772859	0.7761080777922571	0.026887484947957046	0.0839450373620573	0.12341988691612346	0.029351388338675406
4c35561a-9fe5-4122-b74a-fc418af86852	60623	0	6227	53593	803	59820	0.0	0.10271679065701136	0.8840374115434736	0.013245797799515036	0.0	0.895904379806085
28d6a08d-f73d-4981-882c-aac092fdebb9	60623	4137	47630	3457	5399	55224	0.0682414265212873	0.7856754037246589	0.05702456163502301	0.08905860811903073	0.07491308126901347	0.0625995943792554
2399b5a8-f089-4a62-b75a-e6c0bd909846	60623	15341	31684	11370	2228	58395	0.2530557709120301	0.5226399221417614	0.18755257905415437	0.03675172789205417	0.26271084853155235	0.19470845106601592
5a1bb598-9a38-452a-9599-365501038a88	60623	235	13439	42983	3966	56657	0.003876416541576629	0.22168154000956733	0.7090213285386734	0.0654207149101826	0.004147766383677216	0.7586529466791394
0d5aa7a3-3488-4339-b8f1-e4971912e2bc	60623	4063	24320	26803	5437	55186	0.06702076769542913	0.4011678735793346	0.44212592580373783	0.08968543292149844	0.07362374515275613	0.48568477512412567
28e05d2f-0559-425a-accf-d5b4c1152548	60623	19158	32752	3407	5306	55317	0.31601867278095774	0.5402569981690117	0.056199792158091816	0.0875245368919387	0.3463311459406692	0.061590469475929645
146a19c4-b78a-458d-a92b-0b2a724d3e69	60623	21457	34508	3846	812	59811	0.35394157333025417	0.5692229021988354	0.06344126816554772	0.01339425630536265	0.35874671883098425	0.06430255304208256
f45e5bb1-c07d-4869-8acd-03036629e83d	60623	3009	51446	1225	4943	55680	0.04963462712171948	0.8486218102040479	0.020206852184814345	0.08153671048941821	0.05404094827586207	0.022000718390804596
9b737ee2-0ac2-44f4-a47c-8cfd921763af	60623	3106	55180	1528	809	59814	0.051234679906966	0.9102155947412698	0.025204955215017404	0.01334477013674678	0.051927642357976395	0.02554585882903668
684196da-0213-497f-b239-7b5e76b01d0e	60623	2253	10088	42827	5455	55168	0.03716411263051977	0.16640548966563845	0.7064480477706481	0.08998234993319368	0.04083889211136891	0.7763014791183295
71e87611-903b-4b9d-a506-87e58914dc81	60623	11200	35083	8541	5799	54824	0.1847483628325883	0.5787077511835442	0.1408871220493872	0.09565676393448032	0.20429009193054137	0.1557894352838173
7909743a-2bde-48c3-8254-3fbd57ac2e33	60623	12893	36383	6036	5311	55312	0.21267505732147865	0.6001517575837554	0.09956617125513419	0.08760701383963182	0.23309589239224762	0.10912641018223894
4aee10db-fa08-4e3a-b2b1-cab80f476799	60623	13432	40142	6234	815	59808	0.22156607228279696	0.6621579268594427	0.10283225838378174	0.013443742473978523	0.2245853397538791	0.10423354735152487
a189a276-126a-4357-8aea-9ac6a791a1c5	60623	13302	34521	7773	5027	55596	0.21942167164277585	0.5694373422628375	0.128218662883724	0.08292232321066262	0.23926181739693503	0.13981221670623786
984b2c5a-da1e-417f-9f91-eeacb216c970	60623	25	12574	47220	804	59819	0.00041238473846559885	0.2074130280586576	0.7789122940138231	0.01326229318905366	0.0004179274143666728	0.7893813002557716
e5a9fa79-2d0f-4cda-9fea-baab86f78b8e	60623	601	18291	36432	5299	55324	0.009913729112712997	0.30171717005097076	0.6009600316711479	0.08740906916516833	0.01086327814330128	0.6585207143373581
84f25e50-b0bb-4f2a-bb94-14019bc7fa95	60623	672	21592	37547	812	59811	0.011084901769955297	0.35616845091796845	0.6193523910067136	0.01339425630536265	0.011235391483171991	0.6277607797896708
d32e480b-d1ee-4bae-af15-8b5b94c1cc8a	60623	5465	31799	17568	5791	54832	0.09014730382857991	0.5245368919387031	0.2897910034145456	0.09552480081817132	0.09966807703530785	0.320396848555588
7ca352b5-5923-413f-95fe-3bf393f34a9f	60623	2011	3833	53974	805	59818	0.033172228362172776	0.06322682810154562	0.8903221549576893	0.013278788578592283	0.03361864321776054	0.9023036544184024
bb83d6d7-e5e4-49cb-a533-bdf2fb330bae	60623	1	16353	38583	5686	54937	1.6495389538623956e-05	0.2697491051251175	0.636441614568728	0.0937927849166158	1.8202668511203744e-05	0.702313559167774
7eddda46-bdd9-431b-a175-e02339c19471	60623	0	15	59805	803	59820	0.0	0.00024743084307935934	0.9865067713574056	0.013245797799515036	0.0	0.9997492477432297
d4371446-8326-4e35-9e86-d8a48393efae	60623	21871	30839	3031	4882	55741	0.3607706645992445	0.5087013179816241	0.049997525691569206	0.08053049172756215	0.39236827469905455	0.05437649127213362
1de0a96b-7427-4f60-839a-43cb20990e45	60623	22922	31659	5238	804	59819	0.3781073190043383	0.5222275374032957	0.08640285040331228	0.01326229318905366	0.38318928768451493	0.08756415185810529
2b721ce6-b620-4216-9846-c82543880bb3	60623	7155	45774	2561	5133	55490	0.1180245121488544	0.7550599607409729	0.04224469260841595	0.08467083450175676	0.12894215173905207	0.04615245990268517
b2921c9d-c655-46f3-86e5-2fc2bed1ed33	60623	1968	0	53706	4949	55674	0.032462926612011944	0.0	0.8859013905613381	0.08163568282664996	0.035348636706541654	0.9646513632934584
9269a6ca-6d25-4815-8bb2-6ab526262266	60623	2038	53707	4072	806	59817	0.03361760387971562	0.8859178859508767	0.06716922620127674	0.013295283968130907	0.03407058194158851	0.06807429326111306
3c8913ca-bc61-415b-9c6f-12295328022c	60623	4980	48485	3483	3675	56948	0.0821470399023473	0.7997789617801825	0.05745344176302723	0.06062055655444303	0.0874481983563953	0.06116105921191262
a56aa062-cc7f-4ceb-96d6-2a6c251fc9b5	60623	2929	46211	6636	4847	55776	0.048314995958629564	0.7622684459693516	0.10946340497830856	0.0799531530937103	0.052513625932300634	0.11897590361445783
631e7412-10b9-49c3-9e29-a7da281060a4	60623	3078	49887	6854	804	59819	0.05077280899988453	0.8229054979133332	0.11305939989772859	0.01326229318905366	0.05145522325682476	0.11457897992276701
392933ed-ca0e-458d-b0b1-6ccfe71df1c3	60623	7405	44993	2598	5627	54996	0.12214835953351039	0.7421770615113076	0.042855022021345036	0.09281955693383699	0.13464615608407884	0.047239799258127865
e2ef6df2-c375-4c59-ae1b-c8cca22a8387	60623	225	10624	43418	6356	54267	0.00371146264619039	0.1752470184583409	0.7161968229879748	0.10484469590749386	0.004146166178340428	0.8000810805830431
0df008d3-1dd6-4670-9dc9-f7f730ea27f3	60623	232	11435	48140	816	59807	0.0038269303729607574	0.1886247793741649	0.7940880523893572	0.013460237863517147	0.0038791445817379236	0.8049225007106191
061f9bb8-09f5-4788-b39d-35138a3aa019	60623	754	6450	48000	5419	55204	0.012437523712122462	0.10639526252412451	0.7917786978539498	0.0893885159098032	0.013658430548510977	0.8695022099847837
90b93fd6-b94d-4a98-ad7d-dba3428cbb25	60623	2952	44370	7834	5467	55156	0.048694389918017916	0.7319004338287448	0.12922488164558005	0.09018029460765715	0.05352092247443614	0.1420335049677279
723a715f-02aa-4708-bb61-84a36792ec83	60623	13024	41389	2418	3792	56831	0.2148359533510384	0.6827276776141069	0.03988585190439272	0.06255051713046203	0.22917069909028523	0.04254720135137513
56641571-e14c-4e40-8513-a1f9b9cdfec4	60623	13233	44335	2250	805	59818	0.2182834897646108	0.731323095194893	0.037114626461903895	0.013278788578592283	0.22122103714600957	0.037614096091477485
2f4d3cea-30c8-4cf0-a610-33b3e20241e8	60623	4502	24059	29817	2245	58378	0.07426224370288505	0.39686257690975374	0.49184302987315043	0.03703214951421078	0.07711809243208058	0.5107574771317962
0c61c676-2a72-4dbe-8dcb-284bd112570c	60623	3972	44894	6732	5025	55598	0.06551968724741435	0.7405440179469838	0.11104696237401646	0.08288933243158537	0.07144141875607037	0.12108349221195007
daf94b80-d57a-4525-be1d-6ca0f83204e3	60623	5489	234	49556	5344	55279	0.09054319317750689	0.0038599211520380055	0.8174455239760487	0.08815136169440642	0.09929629696629823	0.896470630800123
36ccb542-78a6-4960-8d49-fa02e08fd36f	60623	12440	42653	3311	2219	58404	0.205202645860482	0.7035778499909275	0.05461623476238391	0.036603269386206554	0.21299910965002397	0.0566913225121567
515600aa-a11b-4630-b88d-c59082ed1684	60623	4281	36275	16273	3794	56829	0.07061676261484914	0.5983702555135839	0.2684294739620276	0.06258350790953929	0.07533125692868078	0.2863502789068961
035ceab2-5468-41d5-9adf-f669225be543	60623	1149	11820	42506	5148	55475	0.018953202579878925	0.19497550434653516	0.7011530277287498	0.08491826534483612	0.02071203244704822	0.7662190175754845
905c8468-92b3-4e58-8445-6692775c7fde	60623	4775	48329	2564	4955	55668	0.07876548504692939	0.797205681012157	0.04229417877703182	0.08173465516388169	0.08577638858949486	0.04605877703528059
f2eac3ac-cb30-4d6d-a85a-4ea1ad3e7301	60623	4794	48232	1908	5689	54934	0.07907889744816324	0.7956056282269106	0.031473203239694506	0.09384227108523167	0.08726835839370882	0.034732588196745184
dfbf6e53-9de9-4f37-8e6a-1008eb1d8441	60623	4992	52536	2287	808	59815	0.08234498457681078	0.8666017848011481	0.03772495587483298	0.013328274747208156	0.0834573267575023	0.038234556549360525
fb0b2d84-d982-4d3a-9803-36420f2e7e46	60623	0	2793	52205	5625	54998	0.0	0.04607162298137671	0.8611418108638635	0.09278656615475975	0.0	0.9492163351394596
a646c533-70b4-43b7-b1b1-0d26509a13cc	60623	3318	51257	5245	803	59820	0.05473170248915428	0.8455041815812481	0.08651831813008264	0.013245797799515036	0.055466399197592775	0.08767970578401872
e2b02d95-df95-48ad-b26f-3eb15201969d	60623	818	22701	31139	5965	54658	0.013493228642594396	0.3744618379163024	0.5136499348432113	0.09839499859789189	0.014965787258955688	0.5697061729298547
13d62683-356b-4366-b53a-641371a428e9	60623	823	23874	35119	807	59816	0.013575705590287515	0.3938109298451083	0.5793015852069346	0.013311779357669532	0.013758860505550355	0.5871171592884847
002997ef-3b93-443a-80a3-bae63e129d99	60623	1015	12376	41654	5578	55045	0.016742820381703313	0.20414694093001007	0.6870989558418422	0.09201128284644441	0.018439458624761557	0.7567263148333182
6e7092aa-e92c-4d9b-8ed1-f8c32f39fe80	60623	7905	41093	6386	5239	55384	0.13039605430282236	0.6778450423106742	0.10533955759365257	0.0864193457928509	0.14273075256391737	0.11530405893398815
0232d263-73f3-46e1-bdef-a7a08c2f0e65	60623	9686	42746	7382	809	59814	0.15977434307111163	0.7051119212180196	0.12176896557412203	0.01334477013674678	0.1619353328652155	0.12341592269368375
c6514deb-3214-4ceb-8db6-46daca13911f	60623	4	12924	42609	5086	55537	6.598155815449583e-05	0.21318641439717598	0.7028520528512281	0.08389555119344143	7.202405603471559e-05	0.7672182508957992
9ebaa1ca-f198-4a71-a9b7-63c513050907	60623	125	16980	42711	807	59816	0.002061923692327994	0.28009171436583474	0.7045345825841677	0.013311779357669532	0.00208974187508359	0.7140397218135616
832b8766-0e59-4ad4-b4c9-1e39b2ce4fb1	60623	3854	45761	5683	5325	55298	0.06357323128185673	0.7548455206769707	0.09374329874799993	0.08783794929317255	0.06969510651379797	0.1027704437773518
18dddb4e-11d6-4fe7-b44a-48342374a5b1	60623	3432	48406	3457	5328	55295	0.05661217689655741	0.7984758260066311	0.05702456163502301	0.08788743546178843	0.06206709467402116	0.06251921511890768
685fa2ea-3dff-450a-8ea6-e97dfe9000a4	60623	0	8937	46067	5619	55004	0.0	0.1474192963066823	0.7598931098757897	0.092687593817528	0.0	0.8375209075703586
31532d08-cb6e-40fa-9dfe-d2c6d037dcb1	60623	144	15808	43859	812	59811	0.0023753360935618493	0.26075911782656747	0.723471289774508	0.01339425630536265	0.002407583889251141	0.7332932069351792
d8afcb32-81d0-43b3-ad5c-e8c735710624	60623	0	55704	0	4919	55704	0.0	0.9188591788595087	0.0	0.08114082114049123	0.0	0.0
0b3f2524-3370-43e3-b1e4-07505a043165	60623	0	59820	0	803	59820	0.0	0.9867542022004849	0.0	0.013245797799515036	0.0	0.0
e17e273d-6f53-4419-9f0c-1e4e667c5257	60623	8680	35770	10410	5763	54860	0.14317998119525593	0.5900400837965789	0.17171700509707535	0.09506292991108985	0.15822092599343784	0.1897557418884433
5dfff1ad-3046-4e43-8304-a8579a9f203b	60623	22912	25045	11857	809	59814	0.37794236510895207	0.41312703099483694	0.19558583375946423	0.01334477013674678	0.38305413448356573	0.1982311833350052
a63690bb-5761-47d7-854e-7be44d9b0b3a	60623	5166	43944	6245	5268	55355	0.08521518235653135	0.724873397885291	0.1030137076687066	0.08689771208947099	0.09332490289946707	0.11281727034594888
a27782a8-31cb-4a19-ba0f-397c8270bcc7	60623	4985	47663	7172	803	59820	0.08222951685004042	0.7862197515794336	0.118304933771011	0.013245797799515036	0.08333333333333333	0.11989301237044467
ec76e770-ba6b-4294-a992-993183640ff8	60623	21012	24011	10290	5310	55313	0.34660112498556656	0.3960707982118998	0.1697375583524405	0.0875905184500932	0.37987453220761846	0.18603221665792852
075256e8-f13b-4010-830b-0b870d3c20f2	60623	0	57066	2754	803	59820	0.0	0.9413258994111146	0.04542830278937037	0.013245797799515036	0.0	0.04603811434302909
f386bdc5-6530-400d-9f82-db2c96449a70	60623	16	12111	42970	5526	55097	0.0002639262326179833	0.1997756627022747	0.7088068884746713	0.09115352259043598	0.0002903969363123219	0.7798972720837796
31929f5a-46b3-4c73-8c9c-af173789601e	60623	11	12682	47118	812	59811	0.0001814492849248635	0.209194530128829	0.7772297642808835	0.01339425630536265	0.00018391265820668438	0.7877815117620505
ea78a749-5aee-44e6-9592-b2e20eeb7ff9	60623	990	12283	42109	5241	55382	0.016330435643237714	0.20261286970291803	0.6946043580819161	0.08645233657192815	0.017875844137084252	0.760337293705536
67bf0f7b-8aed-4cc5-806d-df55c586f197	60623	1098	13029	45685	811	59812	0.0181119377134091	0.2149184302987315	0.7535918710720354	0.013377760915824027	0.01835752023005417	0.7638099378051227
00a59c97-91b4-413e-8d9e-674753997221	60623	0	16013	38604	6006	54617	0.0	0.2641406726819854	0.6367880177490391	0.09907130956897547	0.0	0.7068128970833257
81bebbeb-bdb8-43f4-8113-b8f53425b725	60623	2542	50428	2349	5304	55319	0.04193128020718209	0.8318295036537288	0.03874767002622767	0.08749154611286146	0.04595166217755202	0.04246280663063324
36a136c9-4050-4290-8f0d-d7bab4cb2843	60623	2665	54443	2710	805	59818	0.04396021312043284	0.898058492651304	0.04470250564967092	0.013278788578592283	0.04455180714835	0.04530408907017954
9e1e6f69-aece-4672-a059-d27af0352c84	60623	567	53455	2565	4036	56587	0.009352885868399783	0.8817610477871435	0.042310674166570444	0.06657539217788629	0.010019969250888014	0.045328432325445776
3f2c52a6-d79d-407d-9c71-11a58ab4e129	60623	1928	50737	2735	5223	55400	0.031803111030466985	0.8369265790211636	0.045114890388136514	0.08615541956023291	0.0348014440433213	0.04936823104693141
2b7230c7-0182-4417-9861-03672629d98d	60623	2421	50229	7169	804	59819	0.03993533807300859	0.8285469211355426	0.11825544760239513	0.01326229318905366	0.040472090807268594	0.11984486534378709
bc05cd4d-188f-4634-b6e4-c72a3683afed	60623	0	55202	343	5078	55545	0.0	0.9105784933111195	0.0056579186117480165	0.08376358807713244	0.0	0.0061751732829237556
774e7ce1-8157-4bea-bcf7-d16e54a0c9d3	60623	8	57367	1022	2226	58397	0.00013196311630899165	0.9462910116622404	0.01685828810847368	0.03671873711297692	0.00013699333869890578	0.017500899018785213
3f1e9bda-addf-4e24-a92f-123085bf40bc	60623	0	10100	45018	5505	55118	0.0	0.16660343434010194	0.7425894462497732	0.09080711941012487	0.0	0.8167567763706955
6d129f34-7de2-4f8a-b150-e6111c5845cc	60623	7877	45422	2158	5166	55457	0.1299341833957409	0.7492535836233772	0.03559705062435049	0.08521518235653135	0.14203797536830337	0.03891303171826821
30cbbc33-7c64-49c5-9c9d-92291557e6aa	60623	0	7747	52066	810	59813	0.0	0.12778978275571978	0.8588489517179948	0.013361265526285403	0.0	0.8704796616120242
3ad0093a-e57a-450a-b0ef-942c9b67a586	60623	366	9400	45068	5789	54834	0.006037312571136368	0.15505666166306517	0.7434142157267044	0.09549181003909407	0.006674690885217201	0.8218988218988219
c32e8a89-bc6b-4e8a-8719-4509412b5729	60623	821	4793	50868	4141	56482	0.013542714811210266	0.07906240205862461	0.8390874750507233	0.0683074080794418	0.014535604263305123	0.9006055026380085
9e599e7e-c82d-4391-94bd-11b1b363a25d	60623	823	5136	53856	808	59815	0.013575705590287515	0.08472032067037263	0.8883756989921316	0.013328274747208156	0.013759090529131488	0.9003761598261306
20308c88-18f2-4373-9e93-1f1d589d97e2	60623	21652	26069	7058	5844	54779	0.35715817429028585	0.4300183098823879	0.11642445936360787	0.0963990564637184	0.39526095766625896	0.12884499534493146
bc4ef13b-1ab7-4929-953d-45592691394f	60623	2570	51528	2578	3947	56676	0.04239315111426356	0.8499744321462152	0.04252511423057256	0.06510730250894875	0.04534547251041005	0.04548662573223234
81363e06-5542-4d2a-bbeb-5ce8c7694180	60623	2585	54565	2667	806	59817	0.042640581957342924	0.900070930175016	0.043993203899510086	0.013295283968130907	0.04321513950883528	0.044585987261146494
8da9c00e-1ec3-4657-9511-a2a00b8961cb	60623	8506	37682	9571	4864	55759	0.14030978341553535	0.6215792685944278	0.15787737327416987	0.08023357471586691	0.15254936422819634	0.1716494198246023
6cb73e8a-b788-4efc-b60e-f33424fc93de	60623	1116	48777	5487	5243	55380	0.018408854725104333	0.8045956155254607	0.09051020239842963	0.08648532735100539	0.020151679306608883	0.09907908992416034
2f2d2e05-c6ea-4f29-8bed-040bd9c46911	60623	13914	26444	14792	5473	55150	0.2295168500404137	0.43620408095937185	0.24399980205532554	0.0902792669448889	0.25229374433363555	0.26821396192203084
2adb3eb2-ff31-4833-b34c-df175307e210	60623	14528	28108	17180	807	59816	0.2396450192171288	0.46365240915164213	0.28339079227355957	0.013311779357669532	0.24287815968971513	0.28721412331148855
5a4c0145-86eb-40ae-9983-adb13652a9a2	60623	15912	33863	4306	6542	54081	0.26247463833858437	0.5585833759464229	0.07102914735331475	0.1079128383616779	0.2942253286736562	0.07962130877757438
071f43e9-e416-453b-a519-c197c5aaf1d1	60623	10	393	53569	6651	53972	0.00016495389538623954	0.0064826880886792145	0.8836415221945466	0.10971083582138792	0.00018528125694804713	0.9925331653449937
401d075c-d443-4592-8c03-e675caad2b50	60623	3827	42970	8199	5627	54996	0.06312785576431387	0.7088068884746713	0.1352456988271778	0.09281955693383699	0.06958687904574878	0.14908356971416103
1d88971a-e427-42b9-ad98-4ec1ad75a160	60623	0	3919	55901	803	59820	0.0	0.06464543160186728	0.9221087705986177	0.013245797799515036	0.0	0.9344867937144767
3e2102ac-0d18-4cf5-8617-863245e21b3f	60623	3685	42848	8607	5483	55140	0.06078551044982927	0.7067944509509592	0.1419758177589364	0.09044422084027515	0.06682988755894088	0.15609357997823722
76f4bdbc-58c8-4424-865b-c6531d908dc3	60623	32	14072	41078	5441	55182	0.0005278524652359666	0.2321231215875163	0.6775976114675948	0.08975141447965293	0.0005798992425066144	0.7444094088652097
5e429dd7-787c-4e7d-b672-b000b7b57929	60623	3954	45920	5442	5307	55316	0.06522277023571911	0.757468287613612	0.08976790986919156	0.08754103228147733	0.07148022272037023	0.09838021548918939
50bd5c91-6557-4456-92d3-ae40cf7a8b9d	60623	4954	46995	3368	5306	55317	0.08171815977434307	0.7752008313676327	0.05555647196608548	0.0875245368919387	0.08955655585082344	0.060885442088327274
45c6a72c-f5cf-44e3-8edc-bd330b07568e	60623	4667	50904	4249	803	59820	0.076983982976758	0.8396813090741138	0.07008891014961319	0.013245797799515036	0.07801738548980273	0.07102975593447007
4b4ddc10-5b37-42d2-bbf8-b0cac95ae1b3	60623	2	19352	37593	3676	56947	3.299077907724791e-05	0.3192187783514508	0.6201111789254903	0.060637051943981654	3.5120375085605915e-05	0.6601401302965916
6526e884-ca7a-4f10-9cb8-fe8fa90f1dbb	60623	7	0	54572	6044	54579	0.00011546772677036768	0.0	0.9001863979017865	0.09969813437144318	0.00012825445684237527	0.9998717455431576
624d0956-1c6a-49fc-8135-05a677775b88	60623	6467	46333	7019	804	59819	0.10667568414628112	0.7642808834930637	0.11578113917160154	0.01326229318905366	0.10810946354837092	0.11733730085758705
e2da00f3-fdb9-4ab4-964a-6828568e2e6e	60623	0	55704	0	4919	55704	0.0	0.9188591788595087	0.0	0.08114082114049123	0.0	0.0
8bff3859-7b6c-4268-b3d4-7a465a772cff	60623	0	59820	0	803	59820	0.0	0.9867542022004849	0.0	0.013245797799515036	0.0	0.0
008dafdd-a3d1-4801-8c0a-8714e2b58e48	60623	5694	46516	3470	4943	55680	0.0939247480329248	0.7672995397786319	0.05723900169902512	0.08153671048941821	0.10226293103448277	0.06232040229885057
0729326e-9b85-44f5-8134-28cb10805bf4	60623	0	59794	26	803	59820	0.0	0.9863253220724807	0.0004288801280042228	0.013245797799515036	0.0	0.00043463724506853895
bd7e34c8-d477-4caf-a44d-aa9a3a4bf7d4	60623	79	5032	49799	5713	54910	0.0013031357735512924	0.08300480015835573	0.8214539036339343	0.09423816043415865	0.0014387179020214898	0.9069204152249135
e1c492c0-cf81-445d-8aa2-a8e8068ead1d	60623	6	3586	51760	5271	55352	9.897233723174372e-05	0.0591524668855055	0.8538013625191759	0.08694719825808686	0.00010839716722069663	0.9351062292238763
62fb8db6-c670-4bf3-abf8-d2cb2ada2def	60623	0	3719	56100	804	59819	0.0	0.061346353694142486	0.9253913531168039	0.01326229318905366	0.0	0.9378291178388137
adbf4056-e7d4-4282-8771-f2d6029386ab	60623	0	10296	44887	5440	55183	0.0	0.16983653068967225	0.7404285502202135	0.08973491909011432	0.0	0.8134207998840223
3fb05189-c4d5-437f-93e6-9e333fa05e44	60623	0	1488	58332	803	59820	0.0	0.024545139633472445	0.9622090625670126	0.013245797799515036	0.0	0.9751253761283851
973ee776-e287-4568-a43d-7b16cc0094a9	60623	3289	48352	3699	5283	55340	0.05425333619253419	0.7975850749715454	0.061016445903370006	0.08714514293255035	0.05943259848211059	0.06684134441633538
4e128a37-be58-477a-a01f-448179360b7c	60623	3705	52249	3860	809	59814	0.06111541824060175	0.861867608003563	0.06367220361908847	0.01334477013674678	0.06194202026281473	0.06453338683251413
69dbb2ae-3f19-4c29-9c24-810ae60312f3	60623	719	0	54723	5181	55442	0.011860185078270623	0.0	0.9026772017221186	0.08546261319961071	0.012968507629594892	0.9870314923704051
ed47a919-be85-4d06-aee3-87b6485498cc	60623	6813	45307	3135	5368	55255	0.112383088926645	0.7473566138264355	0.0517130462035861	0.08854725104333339	0.12330105872771695	0.05673694688263506
ab710349-9291-4eaa-82b6-2ce24fda0111	60623	7090	49166	3559	808	59815	0.11695231182884384	0.8110123220559854	0.058707091367962656	0.013328274747208156	0.11853214076736604	0.05950012538660871
5006c942-bc9a-41cb-8674-2341b4e66230	60623	19	7772	47508	5324	55299	0.0003134124012338551	0.12820216749418537	0.7836629662009469	0.08782145390363394	0.00034358668330349555	0.8591113763359193
a896cc6d-91d8-4c63-b9c6-2b049e88b8b3	60623	74	5340	51168	4041	56582	0.0012206588258581725	0.08808538013625192	0.8440360919123105	0.0666578691255794	0.0013078364144074087	0.9043158601675444
82c209ad-ec1f-4c02-9571-f1f892720aac	60623	73	5512	54229	809	59814	0.0012041634363195487	0.09092258713689524	0.8945284792900384	0.01334477013674678	0.0012204500618584278	0.9066272110208312
ca459603-f477-4ff4-9d47-902b3cbad196	60623	4120	50840	325	5338	55285	0.06796100489913069	0.8386256041436418	0.005361001600052785	0.08805238935717467	0.07452292665279914	0.0058786289228543
50ee2550-bb18-40f4-aeb8-d16362d2815b	60623	5395	54085	340	803	59820	0.08899262656087624	0.8921531431964765	0.005608432443132145	0.013245797799515036	0.09018722835172183	0.0056837178201270475
0bbcc10c-ff75-433b-a58b-7915d27eb7d6	60623	71	5045	53263	2244	58379	0.0011711726572423008	0.08321924022235785	0.8785939329957277	0.03701565412467216	0.0012161907535243838	0.9123657479573134
122305ed-ca1e-431f-a332-0ac3409cded2	60623	6492	39595	9072	5464	55159	0.10708806888474671	0.6531349487818154	0.14964617389439652	0.09013080843904128	0.11769611486792726	0.16446998676553237
09b9b2d0-f77a-4b61-a72e-10697c270081	60623	6583	43722	9515	803	59820	0.1085891493327615	0.7212114214077165	0.15695363146000693	0.013245797799515036	0.11004680708793046	0.15906051487796724
c7da9758-e55a-4ed7-984f-cd86e2f6ea20	60623	4738	48356	2568	4961	55662	0.0781551556340003	0.7976510565296999	0.04236016033518632	0.08183362750111343	0.08512090833962128	0.04613560418238655
5423b7f8-d2bb-47c8-9af8-3d3e1276888c	60623	3482	49873	2300	4968	55655	0.05743694637348861	0.8226745624597925	0.037939395938835094	0.08194909522788381	0.0625640104213458	0.04132602641272123
3f8b9139-a283-42b3-accb-ab8cf047b8aa	60623	3670	53546	2604	803	59820	0.060538079606749916	0.8832621282351583	0.042953994358576775	0.013245797799515036	0.06135071882313607	0.04353059177532598
2b795cb0-4f14-4312-b96b-4adfbf9f4124	60623	4004	42071	9181	5367	55256	0.06604753971265032	0.6939775332794484	0.15144417135410654	0.08853075565379477	0.07246271898074418	0.16615390183871434
5559a7ea-5db7-4af8-b491-24bb9871b89d	60623	9040	39282	6632	5669	54954	0.14911832142916054	0.6479718918562262	0.10939742342015407	0.0935123632944592	0.164501219201514	0.12068275284783637
2a532346-0008-4af8-99bc-d709585da1d6	60623	2778	50166	4041	3638	56985	0.045824192138297346	0.8275077115946093	0.0666578691255794	0.060010227141513946	0.0487496709660437	0.07091339826270071
438152c8-2d26-4b35-9f68-a4b6c473916e	60623	1795	19858	33277	5693	54930	0.02960922422183	0.3275654454579945	0.5489170776767893	0.09390825264338618	0.03267795375933006	0.6058073912251957
08693317-d839-477c-b145-477a3521e03a	60623	4438	21372	34005	808	59815	0.07320653877241311	0.35253946521947116	0.5609257212609076	0.013328274747208156	0.07419543592744295	0.5685028838920003
d5adaf35-04b1-4198-b308-f4720b3d6417	60623	8875	40877	5481	5390	55233	0.14639658215528759	0.6742820381703314	0.09041123006119789	0.08891014961318311	0.1606829250629153	0.09923415349519309
6b18f307-b774-48d7-ab1d-d8f0984f801a	60623	9666	44363	5785	809	59814	0.15944443528033914	0.7317849661019745	0.09542582848093958	0.01334477013674678	0.16160096298525428	0.09671648777878089
2fd1998c-1ea4-42eb-84b9-db352da9cf25	60623	7267	40816	7018	5522	55101	0.11987199577718027	0.6732758194084754	0.11576464378206291	0.09108754103228148	0.13188508375528574	0.1273661095079944
a4c6b7c7-739f-42e9-a9e0-9b59f1503f16	60623	9200	46886	415	4122	56501	0.15175758375534038	0.7734028339079227	0.006845586658528941	0.06799399567820794	0.16282897647829242	0.007345002743314278
14c05acd-4351-4ace-b73f-11ea2f58c6e4	60623	8904	50594	322	803	59820	0.14687494845190768	0.8345677383171404	0.005311515431436913	0.013245797799515036	0.14884653961885658	0.0053828151120026745
81f193d9-ad19-43c2-b89f-54003a8d133e	60623	11384	38922	4871	5446	55177	0.1877835145076951	0.6420335516223216	0.08034904244263728	0.08983389142734606	0.206317849828733	0.08827953676350653
5907b162-b09c-431f-80cf-d3aecf51ed3f	60623	13897	40512	5410	804	59819	0.2292364284182571	0.6682612209887336	0.08924005740395559	0.01326229318905366	0.23231749109814606	0.09043949246894799
bc220c5a-7255-40be-9c68-2997f0b0d319	60623	5628	46401	3049	5545	55078	0.09283605232337562	0.7654025699816901	0.050294442703264435	0.09146693499166983	0.10218235956280185	0.05535785613130469
0abbde91-6c79-4386-a6ba-4dd88c487ba3	60623	6040	50350	3423	810	59813	0.09963215281328869	0.8305428632697162	0.056463718390709794	0.013361265526285403	0.10098139200508251	0.05722836172738368
8ba927e8-83e7-43d8-ba16-00d45a0f0484	60623	2	3140	52345	5136	55487	3.299077907724791e-05	0.051795523151279214	0.8634511653992709	0.08472032067037263	3.604447888694649e-05	0.9433741236686071
40379fc3-f493-4438-8284-e52233500da8	60623	2	3220	56595	806	59817	3.299077907724791e-05	0.05311515431436913	0.9335565709384227	0.013295283968130907	3.343531103198087e-05	0.9461357139274789
6fe6d586-3b5d-4cd4-acb8-5691936441b9	60623	1098	52311	2294	4920	55703	0.0181119377134091	0.8628903221549576	0.03784042360160335	0.08115731653002986	0.019711685187512342	0.04118270111125074
08f10bb1-6dd4-4f36-86a3-1801f9762187	60623	3455	48279	3511	5378	55245	0.056991570855945764	0.7963809115352259	0.0579153126701087	0.08871220493871963	0.0625395963435605	0.06355326273870938
18bb30b2-6018-45af-9393-f7a8ea40fa04	60623	493	8087	46315	5728	54895	0.00813222704254161	0.13339821519885192	0.7639839664813685	0.09448559127723802	0.008980781491939156	0.8437016121686857
a439dcc3-4377-449d-983e-f34f8e5741e3	60623	20896	30440	3774	5513	55110	0.34468765979908617	0.5021196575557132	0.06225360011876681	0.09093908252643386	0.3791689348575576	0.06848121937942298
3111c4e9-d440-448e-b183-78f309ff105f	60623	21470	33812	4525	816	59807	0.3541560133942563	0.5577421110799532	0.0746416376622734	0.013460237863517147	0.3589880783185915	0.07566003979467287
439d2ec5-1059-4556-b886-60b42b6db1d7	60623	9799	44180	1079	5565	55058	0.16163832208897613	0.7287663098164063	0.017798525312175247	0.09179684278244231	0.17797595263177013	0.01959751534745178
46b0a695-f283-4623-a78b-954753e8ee62	60623	6301	46306	2871	5145	55478	0.10393744948286954	0.7638355079755208	0.047358263365389376	0.08486877917622025	0.11357655286780345	0.051750243339702226
1f689240-3bf8-4513-b14b-9485a23b4d77	60623	0	6131	53688	804	59819	0.0	0.10113323326130347	0.8856044735496429	0.01326229318905366	0.0	0.8975074809007172
558c43ad-12ad-42dd-94b2-80a607465fcb	60623	0	9555	45870	5198	55425	0.0	0.1576134470415519	0.7566435181366808	0.08574303482176732	0.0	0.8276048714479026
ca0d78dc-c860-4835-ad07-052f176804a4	60623	1237	11643	41527	6216	54407	0.020404796859277832	0.1920558203981987	0.6850040413704369	0.1025353413720865	0.022736044994210305	0.7632657562446009
b5c908e6-b8fe-4548-8dbc-5e7ab7405b98	60623	1281	14389	44136	817	59806	0.021130593998977286	0.2373521600712601	0.7280405126767069	0.01347673325305577	0.021419255593084306	0.7379861552352607
fe3921db-1691-432f-b7fa-703ae8d7bfd2	60623	19957	28204	6902	5560	55063	0.32919848902231824	0.46523596654735	0.11385117859558254	0.09171436583474919	0.36243938761055516	0.1253473294226613
0e4f691c-71b9-4a8e-aea4-2e3f977d773b	60623	38	13096	46676	813	59810	0.0006268248024677102	0.2160236213978193	0.7699388021048117	0.013410751694901276	0.0006353452599899682	0.780404614612941
481cdbff-1f84-4508-ad9f-21a61009d68a	60623	11111	34397	10159	4956	55667	0.18328027316365075	0.5673919139600482	0.16757666232288077	0.08175115055342032	0.1995976071999569	0.18249591319812455
b599719f-f028-45eb-8464-ecf9ad60179f	60623	2459	15095	39280	3789	56834	0.0405621628754763	0.2489979050855286	0.6479389010771489	0.06250103096184616	0.04326635464686631	0.6911355878523419
d3c85f76-56ed-4f64-9edb-9cdf80526e33	60623	443	13592	41286	5302	55321	0.007307457565610412	0.2242053346089768	0.6810286524916286	0.0874585553337842	0.008007808969469099	0.7462988738453752
83b570a5-08c5-4f5e-9fb3-47d1d33e8f7b	60623	14711	39346	1153	5413	55210	0.242663675502697	0.6490275967866981	0.01901918413803342	0.08928954357257146	0.2664553522912516	0.02088389784459337
4c6bdfb2-3438-4216-b76d-d87c386bfa96	60623	5823	37531	11985	5284	55339	0.09605265328340729	0.6190884647740956	0.1976972436204081	0.08716163832208898	0.1052241637904552	0.21657420625598583
305e805f-0cd6-45e7-bb96-1db9fffcb8bf	60623	0	6273	53546	804	59819	0.0	0.10347557857578807	0.8832621282351583	0.01326229318905366	0.0	0.8951336531871145
d8b4969f-428d-4bf3-bbd8-883c72e8a934	60623	38	59591	189	805	59818	0.0006268248024677102	0.98297675799614	0.0031176286227999274	0.013278788578592283	0.000635260289544953	0.0031595840716841083
6c141702-104f-4ce1-ba82-1add65f07d7f	60623	1145	43447	12273	3758	56865	0.018887221021724427	0.716675189284595	0.2024479158075318	0.06198967388614882	0.02013540842345907	0.21582695858612502
9f40b937-e6c0-4259-bc0a-5fdcc6549b46	60623	24408	26340	5467	4408	56215	0.4026194678587335	0.43448856044735495	0.09018029460765715	0.0727116770862544	0.4341901627679445	0.0972516232322334
948cbb65-c94b-40d7-b380-41bdc562faf0	60623	20410	31993	7407	813	59810	0.33667090048331494	0.5277369975091962	0.12218135031258763	0.013410751694901276	0.3412472830630329	0.1238421668617288
1422b157-eec7-460e-96c8-9121847d283b	60623	1	12329	44209	4084	56539	1.6495389538623956e-05	0.20337165762169473	0.7292446761130265	0.06736717087574023	1.7686906383204514e-05	0.7819204442950883
2ee13ed0-cb80-4375-a329-91ff9904bb7c	60623	15	5872	49041	5695	54928	0.00024743084307935934	0.09686092737079986	0.8089503983636573	0.09394124342246342	0.0002730847655112147	0.8928233323623653
8cc4fd25-dd8b-4983-ac21-24f3cf3e51cd	60623	0	55704	0	4919	55704	0.0	0.9188591788595087	0.0	0.08114082114049123	0.0	0.0
3ed5e5ce-12c3-4d15-9414-0b76f874e43c	60623	385	15513	39234	5491	55132	0.006350724972370223	0.2558929779126734	0.6471801131583722	0.09057618395658414	0.006983240223463687	0.7116375244866865
044f9b74-9a16-432e-acac-78c399c001bc	60623	13041	38673	3626	5283	55340	0.215116374973195	0.6379261996272042	0.05981228246705046	0.08714514293255035	0.23565233104445246	0.06552222623780267
7a1381f5-7106-4618-884b-7e269f003e19	60623	7099	46020	2369	5135	55488	0.11710077033469145	0.7591178265674744	0.03907757781700015	0.084703825280834	0.1279375720876586	0.04269391580161477
c6d8d136-3bd3-49d2-8305-3377240a1ce7	60623	1618	50215	3457	5333	55290	0.02668954027349356	0.8283159856820019	0.05702456163502301	0.08796991240948154	0.029263881352866703	0.06252486887321396
8bb057c7-3663-44a8-a375-3e4edc7587b8	60623	1654	54072	4090	807	59816	0.02728337429688402	0.8919387031324745	0.06746614321297198	0.013311779357669532	0.02765146449110606	0.06837635415273506
989450c7-cf32-4ed9-a74e-259a9be428ac	60623	782	8023	45970	5848	54775	0.012899394619203933	0.13234251026837998	0.7582930570905432	0.09646503802187288	0.014276586033774533	0.8392514833409402
2d494606-18b4-4bc2-9984-5ff9d66812af	60623	810	8035	50969	809	59814	0.013361265526285403	0.13254045494284347	0.8407535093941243	0.01334477013674678	0.01354198013842913	0.8521249205871535
530315de-d048-40f6-b0cc-3c7fb9875e46	60623	19337	21853	18622	811	59812	0.3189713475083714	0.3604737475875493	0.3071771439882553	0.013377760915824027	0.32329632849595397	0.3113422055774761
e4dee88b-58d0-4953-ad4a-a2df876f3c95	60623	1496	17107	36466	5554	55069	0.024677102749781438	0.28218662883724	0.6015208749154611	0.09161539349751745	0.027165919119649894	0.6621874375783109
c8a2b99e-2188-43e4-a7cb-3dd57d4e7662	60623	1211	15783	42816	813	59810	0.019975916731273607	0.26034673308810186	0.7062665984857233	0.013410751694901276	0.020247450259153987	0.7158669118876442
1624f434-259b-4782-afe1-7ac3d13d7807	60623	7844	33749	13410	5620	55003	0.1293898355409663	0.5567029015390198	0.22120317371294723	0.09270408920706663	0.1426104030689235	0.243804883369998
8a0c0515-abdd-4e78-9205-bd8f80f60397	60623	6214	44667	4699	5043	55580	0.10250235059300926	0.7367995645217161	0.07751183544199396	0.0831862494432806	0.1118028067650234	0.08454480028787334
023d8b1b-4250-4cdf-815c-ddb2f5efda5a	60623	8804	44856	6159	804	59819	0.1452254094980453	0.7399171931445161	0.10159510416838494	0.01326229318905366	0.1471773182433675	0.10296059780337351
f5678056-2dc2-4f1c-87e9-4fba6c78b460	60623	4464	32354	17916	5889	54734	0.07363541890041733	0.5336918331326395	0.2955313989739868	0.09714134899295647	0.08155808090035443	0.32732853436620746
45c21e98-0748-47fc-ba9e-232b610486c4	60623	4607	36467	18745	804	59819	0.07599425960444056	0.6015373703049998	0.30920607690150603	0.01326229318905366	0.07701566391949047	0.3133619752921313
5b55c210-049a-4835-ac3b-bba70c72973b	60623	3646	49419	3752	3806	56817	0.06014219025782294	0.8151856556092573	0.06189070154891708	0.06278145258400276	0.06417093475544292	0.06603657356073006
70d8df1b-251c-4b3d-9de8-c20facd4cad8	60623	798	48653	6017	5155	55468	0.013163320851821916	0.8025501872226712	0.09925275885390034	0.08503373307160648	0.014386673397274103	0.10847695968846903
da3319a2-f906-495c-b0de-38cb8672e28f	60623	1131	47376	8480	3636	56987	0.018656285568183693	0.7814855747818484	0.13988090328753114	0.0599772363624367	0.019846631687928825	0.1488058680049836
02c5ccad-ef0d-4cf3-aaa4-bc6399c8b97e	60623	0	1137	58677	809	59814	0.0	0.018755257905415438	0.9678999719578378	0.01334477013674678	0.0	0.980991072324205
17f2ecdd-59bb-4251-a1b3-2e0a461ea070	60623	3139	42916	8554	6014	54609	0.05177902776174059	0.7079161374395856	0.1411015621133893	0.09920327268528446	0.05748136754014906	0.15664084674687323
cef6023a-2fbf-44ee-a9b3-df78707bd85a	60623	10859	36382	7880	5502	55121	0.17912343499991754	0.6001352621942168	0.12998366956435675	0.090757633241509	0.19700295713067614	0.14295821919050816
b063082e-335f-442e-9c8a-4a011160a845	60623	12081	37168	10571	803	59820	0.199280801016116	0.6131006383715751	0.17437276281279382	0.013245797799515036	0.20195586760280843	0.17671347375459712
c3927b5c-d641-45e5-87ea-9cc18c7ec85e	60623	8498	45391	1545	5189	55434	0.14017782029922637	0.74874222654768	0.02548537683717401	0.0855945763159197	0.15329941912905437	0.027870981707977055
784350c4-5f24-4d9b-8d1d-8cc64915ee16	60623	9189	48298	2331	805	59818	0.1515761344704155	0.7966943239364598	0.038450753014532435	0.013278788578592283	0.15361596843759404	0.03896820355077067
92f1452b-54af-408f-98a8-cd76191f472b	60623	11073	32565	11782	5203	55420	0.18265344836118305	0.537172360325289	0.19434867954406743	0.08582551176946043	0.19980151569830387	0.21259473114399133
19791868-631f-4d60-8893-518d741a39ef	60623	14266	33130	12422	805	59818	0.23532322715800932	0.5464922554146117	0.20490572884878677	0.013278788578592283	0.2384900865960079	0.20766324517703702
0d7c1a37-5da1-4257-a118-b7d0717f23da	60623	2051	5777	47003	5792	54831	0.03383204394371773	0.09529386536463058	0.7753327944839418	0.09554129620770994	0.03740584705732159	0.8572340464335868
1359c419-d678-4a51-a50a-1cdf258bb58b	60623	0	3193	51351	6079	54544	0.0	0.052669778796826286	0.8470547481978787	0.10027547300529502	0.0	0.9414601056028161
2d80cd9e-8906-4fc9-9645-b3c137d71dc7	60623	10936	36031	8394	5262	55361	0.18039357999439157	0.5943453804661597	0.13846229978720948	0.08679873975223924	0.19753978432470512	0.15162298368887844
acc566d9-9cfe-4deb-b1a0-f04b5a0449f5	60623	7535	33382	15759	3947	56676	0.1242927601735315	0.5506490935783449	0.2599508437391749	0.06510730250894875	0.1329486908038676	0.27805420283717974
1fa604a0-27a7-4a8d-8a78-4fa25aedc384	60623	7758	35113	15488	2264	58359	0.12797123204064464	0.5792026128697029	0.2554805931742078	0.037345561915444636	0.13293579396494115	0.26539179903699517
54fffa7d-7d20-4ce4-8fe0-29372a6f3c82	60623	0	6303	48801	5519	55104	0.0	0.10397044026194678	0.8049915048743876	0.0910380548636656	0.0	0.8856162891986062
9f55d4c8-5e41-4ffe-b819-1d8bfd06927b	60623	5574	21054	28238	5757	54866	0.09194530128828993	0.34729393134618874	0.4657968097916632	0.0949639575738581	0.10159297196806766	0.514672110232202
928a16e2-253d-4cd9-8b1a-25d93be98851	60623	7657	22724	29427	815	59808	0.12630519769724363	0.37484123187569074	0.4854098279530871	0.013443742473978523	0.12802635098983414	0.4920244783306581
f5675b71-ed1b-4fdb-be07-d627dc98ed88	60623	971	16887	36738	6027	54596	0.01601702324200386	0.2785576431387427	0.6060076208699668	0.09941771274928657	0.017785185727892155	0.6729064400322368
896d22e0-1ad0-46a4-82bc-d9c0b1f2f0db	60623	953	16854	42004	812	59811	0.015720106230308627	0.2780132952839681	0.6928723421803605	0.01339425630536265	0.015933523933724564	0.7022788450285065
8031140e-323c-472e-82d2-45c7888829aa	60623	1	9902	48494	2226	58397	1.6495389538623956e-05	0.1633373472114544	0.79992742028603	0.03671873711297692	1.7124167337363222e-05	0.830419370858092
5c016b5f-9e0b-4b33-90a0-d8b833de27d3	60623	20	13078	45302	2223	58400	0.00032990779077247907	0.21572670438612407	0.7472741368787424	0.03666925094436105	0.00034246575342465754	0.7757191780821918
049340e0-5ac8-4e7f-9c92-971b1200abae	60623	386	9849	45765	4623	56000	0.0063672203619088465	0.16246309156590732	0.7549115022351253	0.07625818583705854	0.006892857142857143	0.8172321428571429
ef0d266d-d3a7-4f80-91ae-7e275dd2f0df	60623	29	3111	51797	5686	54937	0.0004783662966200947	0.051317156854659124	0.854411691932105	0.0937927849166158	0.0005278773868249085	0.9428436208748202
ddf562f4-2a0b-4b9c-94a2-52fbb80bf8ad	60623	34	4692	55089	808	59815	0.0005608432443132144	0.0773963677152236	0.908714514293255	0.013328274747208156	0.0005684192928195269	0.9209897182980857
d12bd5fd-838e-491b-8949-6a22f78194ad	60623	6731	43315	5309	5268	55355	0.11103046698447784	0.7144977978654966	0.08757402306055458	0.08689771208947099	0.12159696504380815	0.09590822870562732
9d9a7f99-a5e6-4015-a7f4-62a21053a403	60623	6477	47090	6253	803	59820	0.10684063804166735	0.776767893373802	0.10314567078501559	0.013245797799515036	0.10827482447342027	0.10453025743898361
5faa442d-a995-48aa-a52c-a7efe6f56cab	60623	3360	42931	8777	5555	55068	0.05542450884977649	0.708163568282665	0.14478003398050246	0.09163188888705606	0.061015471780344305	0.1593847606595482
4f5e142f-d936-469d-abaa-37baf6f045af	60623	867	15495	38771	5490	55133	0.014301502729986969	0.2555960609009782	0.6395427478019894	0.09055968856704551	0.015725608981916456	0.7032267426042479
d92b4202-25d2-40b1-a704-c6bca0eb5bc3	60623	10782	40028	4039	5774	54849	0.17785329000544348	0.6602774524520396	0.06662487834650216	0.09524437919601471	0.19657605425805394	0.07363853488668891
85c32286-1cfe-4bb1-b227-e0f1d84559bc	60623	16664	40475	2671	813	59810	0.2748791712716296	0.6676508915758046	0.04405918545766458	0.013410751694901276	0.2786156161177061	0.04465808393245277
3f6f1066-37f9-464d-872a-f1390eb36f6e	60623	19076	40688	56	803	59820	0.31466605083879057	0.6711644095475314	0.0009237418141629414	0.013245797799515036	0.3188900033433634	0.0009361417586091608
5c031f2a-0e98-4ab4-b8c5-3a296fda419d	60623	1894	50815	2945	4969	55654	0.03124226778615377	0.8382132194051762	0.04857892219124755	0.08196559061742242	0.03403169583498041	0.05291623243612319
40e85ff0-b5bc-4bf6-b620-bea30c419f77	60623	1955	54779	3086	803	59820	0.03224848654800983	0.9036009435362816	0.05090477211619352	0.013245797799515036	0.03268137746573053	0.05158809762621197
8b5d38fb-e9ad-445c-b5d5-f054a5eafeb1	60623	1098	41579	12890	5056	55567	0.0181119377134091	0.6858618016264454	0.21262557115286276	0.08340068950728272	0.019759929454532366	0.23197221372397286
87676c70-e2ad-4103-8bc0-3d3c1e40a790	60623	1228	20629	32775	5991	54632	0.020256338353430218	0.34028339079227354	0.5406363921284001	0.09882387872589611	0.022477668765558647	0.599923121979792
3374057f-4159-464c-b6c3-276bb12a8902	60623	5999	45381	5505	3738	56885	0.0989558418422051	0.7485772726522937	0.09080711941012487	0.061659766095376344	0.10545838094400985	0.0967741935483871
05e4b816-65d4-417f-b41c-27e04b5045bb	60623	0	6018	53802	803	59820	0.0	0.09926925424343896	0.887484947957046	0.013245797799515036	0.0	0.8993981945837513
ae72a901-e7b7-41cf-8eeb-2a7fb51e14f0	60623	976	19536	34665	5446	55177	0.01609950018969698	0.32225393002655756	0.5718126783563994	0.08983389142734606	0.017688529640973595	0.6282509016438008
4f7d381a-f3fd-4b0f-9f39-776b117c373b	60623	1190	28655	29967	811	59812	0.019629513550962506	0.47267538722926944	0.49431733830394403	0.013377760915824027	0.019895673109075102	0.501019862235003
33f49b4e-924e-4590-8afa-e17403602137	60623	2831	47432	5406	4954	55669	0.04669844778384442	0.7824093165960114	0.0891740758458011	0.08171815977434307	0.05085415581382816	0.0971097019885394
4f69c5f3-4e8c-4b71-a5fe-3179412c17e6	60623	8645	38627	7304	6047	54576	0.1426026425614041	0.6371674117084275	0.12048232519010936	0.09974762054005905	0.1584029610085019	0.133831720902961
d78ecfd3-1a99-47e6-bb5f-a13c57148a76	60623	3560	46170	5559	5334	55289	0.05872358675750128	0.7615921349982679	0.09169787044521056	0.08798640779902017	0.06438893812512435	0.100544412089204
afd5e932-a155-4797-a718-8a66513d6674	60623	3800	50025	5995	803	59820	0.06268248024677103	0.8251818616696633	0.09888986028405061	0.013245797799515036	0.06352390504847877	0.10021731862253427
834d2e25-da72-413b-bb0e-3beb24d46472	60623	0	563	53846	6214	54409	0.0	0.009286904310245286	0.8882107450967455	0.10250235059300926	0.0	0.9896524472054256
b13ab974-e4a4-4926-bd17-17a1e9ca7ce6	60623	5580	46410	4736	3897	56726	0.09204427362552167	0.7655510284875378	0.07812216485492304	0.06428253303201754	0.09836759158058034	0.08348905263900151
3e331d23-56bd-4292-a6fd-676cc44b2a8d	60623	0	5427	54393	803	59820	0.0	0.0895204790261122	0.8972337231743728	0.013245797799515036	0.0	0.9092778335005015
ed00a16b-6b8e-44e4-998a-ae4dcca5a93c	60623	10105	35221	9513	5784	54839	0.16668591128779506	0.5809841149398743	0.15692064068092967	0.09540933309140096	0.18426667152938603	0.1734714345629935
1c1fd289-0b8d-47a5-ab05-5043729dccc1	60623	1661	9314	48830	818	59805	0.027398842023654387	0.1536380581627435	0.8054698711710077	0.013493228642594396	0.027773597525290527	0.8164869158097149
61db743a-627f-4666-b958-2542dbf3f320	60623	457	14706	41758	3702	56921	0.007538393019151148	0.24258119855500387	0.6888144763538591	0.06106593207198588	0.008028671316385868	0.733613253456545
2a3e4dbb-aaff-4b14-bbed-f2d7cf0f8fa3	60623	695	15521	38638	5769	54854	0.011464295729343649	0.2560249410289824	0.6373488609933523	0.09516190224832159	0.012669996718562001	0.7043788967076239
5c28c3b3-1dfe-46ac-83f6-dd5cdb47d813	60623	715	10975	43152	5781	54842	0.011794203520116127	0.1810369001863979	0.7118090493707009	0.09535984692278508	0.01303745304693483	0.7868422012326319
66760e17-251d-4981-bb02-82c29b315080	60623	18784	30344	5864	5631	54992	0.3098493970935124	0.5005361001600053	0.09672896425449087	0.09288553849199149	0.3415769566482397	0.10663369217340704
d1991ebd-1cd1-4c2d-ac99-2a6ecd3f90f1	60623	0	13014	42356	5253	55370	0.0	0.21467099945565216	0.6986787192979562	0.08665028124639164	0.0	0.7649629763409789
30d6576e-81d7-4f30-8133-36727808cba8	60623	45	13305	46470	803	59820	0.0007422925292380779	0.2194711578113917	0.7665407518598552	0.013245797799515036	0.0007522567703109327	0.7768304914744233
1940c04b-a08a-4cce-9915-483656d5b4c3	60623	3253	45908	6262	5200	55423	0.053659502169143725	0.7572703429391485	0.1032941292908632	0.08577602560084456	0.05869404398895765	0.1129855836024755
601e0a1b-309d-41c2-a7ba-a2282db846fa	60623	29088	23854	2758	4923	55700	0.4798178908994936	0.3934810220543358	0.045494284347524866	0.08120680269864573	0.522226211849192	0.04951526032315978
2f3678e7-cadf-49f9-8397-16518994d78b	60623	1656	28825	29334	808	59815	0.027316365075961267	0.4754796034508355	0.4838757567259951	0.013328274747208156	0.027685363203209898	0.4904121039872942
5af3de3e-4376-41ab-ae28-4ea9a95dce2d	60623	4645	47139	3382	5457	55166	0.07662108440690826	0.7775761674611946	0.05578740741962621	0.09001534071227092	0.0842004132980459	0.06130587680817895
4c54a08b-b975-4e70-85e5-2ed7626da3dc	60623	4349	50548	4922	804	59819	0.07173844910347559	0.8338089503983637	0.0811903073091071	0.01326229318905366	0.0727026530032264	0.08228154934051055
cc620a1f-7955-43f8-aa30-12e244f89f1b	60623	2270	51084	2293	4976	55647	0.037444534252676374	0.8426504791910661	0.03782392821206473	0.0820810583441928	0.040792854960734634	0.04120617463654824
b9ae712b-823b-4ff8-bd1b-2eab4a2b5790	60623	562	19198	35222	5641	54982	0.009270408920706663	0.3166784883625027	0.581000610329413	0.09305049238737773	0.010221527045214798	0.6406096540686043
796d5940-c615-47a4-b8c4-cfb98e1fa830	60623	32153	23445	4674	351	60272	0.5303762598353761	0.38673440773303863	0.07709945070352836	0.005789881728057008	0.5334649588531988	0.07754844704008494
2c9bb39c-a023-4b44-b8cd-a454e8b60b28	60623	2300	21415	32984	3924	56699	0.037939395938835094	0.353248766969632	0.5440839285419725	0.0647279085495604	0.040565089331381504	0.5817386550027337
83ec5738-3a27-4100-83f2-8b30ae3b2fb7	60623	6490	46106	2717	5310	55313	0.10705507810566947	0.760536430067796	0.044817973376441285	0.0875905184500932	0.11733227270261963	0.04912045992804585
6f95b20b-cdc6-4240-9f6e-10e199ff7f97	60623	6743	50003	3073	804	59819	0.11122841165894133	0.8248189630998136	0.050690332052191416	0.01326229318905366	0.11272338220297899	0.05137163777395142
1964addf-c524-4c72-b596-009235bad133	60623	0	9866	45034	5723	54900	0.0	0.16274351318806393	0.7428533724823911	0.09440311432954489	0.0	0.8202914389799636
c236908e-4814-409b-9fcc-2bedf60aa168	60623	1353	24476	29094	5700	54923	0.02231826204575821	0.4037411543473599	0.47991686323672533	0.09402372037015654	0.024634488283597034	0.5297234309851975
8b7229cb-2578-4a81-8463-407df893b47c	60623	1698	7303	47924	3698	56925	0.028009171436583474	0.12046582980057075	0.7905250482490144	0.060999950513831384	0.029828722002635047	0.8418796662274923
7e73aef9-e5df-4cdc-9959-29aed9f8e831	60623	1709	7322	50780	812	59811	0.02819062072150834	0.1207792422018046	0.8376358807713244	0.01339425630536265	0.028573339352293056	0.8490077076123121
3d137341-f9a3-4cf0-8f26-acad49fa113e	60623	8830	41433	6720	3640	56983	0.1456542896260495	0.6834534747538064	0.11084901769955298	0.060043217920591196	0.15495849639366127	0.11792990892020427
5012e9c0-a0f3-4f57-8840-fee059dfe671	60623	4953	33978	17538	4154	56469	0.08170166438480445	0.5604803457433647	0.2892961417283869	0.0685218481434439	0.08771184189555331	0.3105774849917654
1b575320-c965-4ee9-b283-835a2985d1d1	60623	5312	21738	32767	806	59817	0.08762350922917045	0.35857677779060754	0.5405044290120912	0.013295283968130907	0.08880418610094121	0.5477874182924587
549f03a5-3f91-4975-9eeb-aa062264a602	60623	113	13464	41175	5871	54752	0.001863979017864507	0.2220939247480329	0.6791976642528413	0.09684443198126123	0.00206385154880187	0.7520273232028054
a3afbb9f-f611-4bf7-a7f7-8db59022f66f	60623	113	24489	30450	5571	55052	0.001863979017864507	0.40395559441136203	0.5022846114510994	0.09189581511967405	0.00205260480999782	0.5531134200392356
20fb1b2a-c017-4559-b92b-931a9d852197	60623	2340	15345	42580	358	60265	0.03859921152038005	0.2531217524701846	0.702373686554608	0.005905349454827376	0.03882850742553721	0.7065460881108437
2147c985-f4f4-441a-9142-9b76e6131435	60623	16046	35015	3541	6021	54602	0.26468502053675996	0.5775860646949178	0.05841017435626742	0.09931874041205484	0.29387201933995094	0.06485110435515183
e216aa55-98fc-4d0d-a24e-cfa05778f973	60623	1305	51123	2301	5894	54729	0.02152648334790426	0.8432937993830725	0.03795589132837372	0.09722382594064959	0.02384476237460944	0.042043523543276874
0f76c28b-5689-4a90-8f50-6e8580593ed4	60623	0	59820	0	803	59820	0.0	0.9867542022004849	0.0	0.013245797799515036	0.0	0.0
025eac6d-539e-4e43-a6f7-4a2d2def571d	60623	0	39605	15391	5627	54996	0.0	0.6532999026772017	0.2538805403889613	0.09281955693383699	0.0	0.2798567168521347
31f45863-c419-4a07-896c-722b9724ce76	60623	3583	46883	5072	5085	55538	0.05910298071688963	0.7733533477393069	0.0836646157399007	0.08387905580390281	0.06451438654614858	0.09132485865533509
0bde6cde-e334-4fd4-a05a-1d7862f8d021	60623	3275	50706	5839	803	59820	0.05402240073899345	0.8364152219454662	0.09631657951602528	0.013245797799515036	0.05474757606151789	0.09760949515212304
050e66bb-438a-49d5-a005-7967a006b3f0	60623	1984	46263	7084	5292	55331	0.03272685284462993	0.76312620622536	0.1168533394916121	0.08729360143839797	0.03585693372612098	0.12802949521967794
bcb6b37b-62f7-40a9-bdb9-1b6479610dd6	60623	0	3910	51460	5253	55370	0.0	0.06449697309601966	0.8488527456575887	0.08665028124639164	0.0	0.9293841430377461
9970c93c-8a6c-4e05-9d2f-4b6bdf087a98	60623	2994	51210	2934	3485	57138	0.04938719627864012	0.8447288982729327	0.04839747290632268	0.05748643254210448	0.052399453953586056	0.05134936469599916
232f27b6-4e91-445e-85e7-6c6d6f0effee	60623	3002	53814	3003	804	59819	0.049519159394949115	0.8876828926315095	0.04953565478448774	0.01326229318905366	0.05018472391715007	0.050201441013724736
f225775e-e46f-4d1d-8b13-042e9776dd72	60623	1165	19778	34101	5579	55044	0.019217128812496907	0.32624581429490457	0.5625092786566155	0.09202777823598304	0.021164886272799943	0.6195225637671681
93eb97b3-918f-42b8-8d3d-34715d09e491	60623	2164	20532	37119	808	59815	0.03569602296158224	0.33868333800702705	0.6122923642841825	0.013328274747208156	0.03617821616651341	0.6205634038284711
2969174b-856a-4ba1-97c3-9038891cf24f	60623	1061	12883	42957	3722	56901	0.017501608300480014	0.21251010342609242	0.7085924484106693	0.06139583986275836	0.01864642097678424	0.754942795381452
7f15f76b-305d-43f7-8d02-34cd0f76340e	60623	47	4939	50007	5630	54993	0.0007752833083153258	0.08147072893126371	0.8248849446579681	0.09286904310245286	0.0008546542287200189	0.9093339152255742
375bf0aa-4476-41b0-8970-be49ea530ca0	60623	100	5154	54556	813	59810	0.0016495389538623954	0.08501723768206786	0.8999224716691685	0.013410751694901276	0.0016719612104999163	0.9121551580003344
298e1da3-0691-4675-931e-4a36f2ca858d	60623	0	55704	0	4919	55704	0.0	0.9188591788595087	0.0	0.08114082114049123	0.0	0.0
2292c78f-c91a-4cde-b877-dfbb1ea85d7e	60623	0	59761	59	803	59820	0.0	0.9857809742177062	0.0009732279827788133	0.013245797799515036	0.0	0.000986292209963223
b5d03f26-66ec-4861-9635-e0ee4a6e41c9	60623	1532	4385	49414	5292	55331	0.0252709367731719	0.07233228312686604	0.8151031786615641	0.08729360143839797	0.02768791455061358	0.8930617556162007
0edb299d-861a-4141-9d5c-132d8c970547	60623	1098	53423	663	5439	55184	0.0181119377134091	0.8812331953219076	0.010936443264107682	0.08971842370057569	0.01989707161496086	0.012014351986082923
7a3cd962-7512-4797-864a-cf374b5cb385	60623	0	13010	41646	5967	54656	0.0	0.21460501789749764	0.6869669927255332	0.09842798937696914	0.0	0.7619657494145199
0df79cfa-7e95-4921-9ac7-b093c137f9ea	60623	0	13735	46085	803	59820	0.0	0.22656417531300002	0.7601900268874849	0.013245797799515036	0.0	0.7703945168839853
3440b3eb-511e-4904-873d-7a05d88fe879	60623	1287	23323	32206	3807	56816	0.02122956633620903	0.38472197020932647	0.5312505154809231	0.0627979479735414	0.022652069839481835	0.5668473669388905
5da663cd-e223-41ec-8b2f-796c141ec677	60623	2013	9470	43446	5694	54929	0.03320521914125002	0.15621133893076886	0.7166586938950563	0.0939247480329248	0.03664730834349797	0.7909483150976715
30994ced-9772-4029-ac43-c63bd7db1a69	60623	2082	9762	47969	810	59813	0.034343401019415076	0.16102799267604703	0.7912673407782524	0.013361265526285403	0.03480848644943407	0.8019828465383779
30ce2884-2ce3-4d6a-b758-17a554d6238c	60623	5913	46342	3231	5137	55486	0.09753723834188345	0.7644293419989113	0.053296603599293994	0.08473681605991125	0.10656742241286091	0.05823090509317666
ba869eea-6e25-4afb-a0ad-73fda57a1d88	60623	13069	36130	6068	5356	55267	0.21557824588027646	0.5959784240304835	0.10009402372037016	0.0883493063688699	0.23647022635569145	0.10979427144588995
53c1a8ce-302a-4cb2-93b6-a5e8f67b456f	60623	18791	34520	6509	803	59820	0.30996486482028274	0.5694208468732989	0.10736849050690332	0.013245797799515036	0.31412571046472754	0.10880976262119692
759a1619-0432-4988-8a6f-5a0ef0956f87	60623	3066	47727	4349	5481	55142	0.05057486432542104	0.7872754565099055	0.07173844910347559	0.09041123006119789	0.05560190054767691	0.07886910159225273
579ac632-5fea-4267-b215-84856e6c6069	60623	3167	51917	4735	804	59819	0.05224089866882206	0.8563911386767399	0.07810566946538443	0.01326229318905366	0.05294304485197011	0.07915545228104783
88bfa581-96c7-4d12-b76a-630f44087833	60623	12053	38558	6269	3743	56880	0.19881893010903454	0.6360292298302624	0.10340959701763357	0.06174224304306946	0.21190225035161744	0.11021448663853727
57aff09f-0e97-4e65-a227-3dc7a8516367	60623	0	1949	53657	5017	55606	0.0	0.032149514210778087	0.8850931164739455	0.08275736931527639	0.0	0.9649498255583929
f642ec37-b771-4b55-a133-a54f3b54ac99	60623	148	11367	43808	5300	55323	0.002441317651716345	0.18750309288553849	0.7226300249080382	0.08742556455470696	0.00267519838042044	0.7918587206044503
87f5dd83-fc2d-4dfe-9117-77f07f7fabb7	60623	148	12175	47497	803	59820	0.002441317651716345	0.20083136763274664	0.783481516916022	0.013245797799515036	0.0024740889334670677	0.7939986626546306
8deb20df-b01a-40d8-a398-5dbb14786792	60623	1503	10158	43426	5536	55087	0.024792570476551805	0.16756016693334214	0.7163287861042839	0.09131847648582221	0.027284114219325795	0.7883166627334943
470e89e7-9c18-45d8-b12e-1be0b7dd4d10	60623	1531	11506	46779	807	59816	0.025254441383633273	0.18979595203140723	0.77163782722729	0.013311779357669532	0.025595158486023808	0.7820482813962819
4874e4e2-c067-490d-9d99-8d3ca194b0a4	60623	1063	6401	50905	2254	58369	0.017534599079557265	0.10558698843673194	0.8396978044636524	0.037180608020058396	0.018211721975706283	0.8721239013860097
7423f6fa-4f31-46b1-a391-b5fc45833c2b	60623	4873	44714	5446	5590	55033	0.08038203322171453	0.7375748478300315	0.08983389142734606	0.0922092275209079	0.08854687187687388	0.09895880653426126
25de243d-f03e-496b-b5f0-3dd8e61303fe	60623	10646	28741	15731	5505	55118	0.17560991702819062	0.4740939907295911	0.25948897283209343	0.09080711941012487	0.19314924344134402	0.28540585652599876
c1adf54e-8248-4b44-a9a1-e883fcc4f702	60623	10580	38969	5867	5207	55416	0.17452122131864145	0.6428088349306369	0.09677845042310675	0.08589149332761493	0.1909195900101054	0.1058719503392522
72d02ff2-d78f-4434-b7b1-8cf3376c5342	60623	15503	38337	6432	351	60272	0.25572802401728717	0.6323837487422266	0.10609834551242928	0.005789881728057008	0.25721728165649055	0.10671621980355721
a919faa8-0df6-4a94-b12d-46d99df6f26d	60623	9554	40507	5700	4862	55761	0.15759695165201326	0.6681787440410405	0.09402372037015654	0.08020058393678967	0.1713383906314449	0.10222198310647226
8b5e484a-53f0-41b2-b6b1-2927ec973326	60623	9964	42498	7356	805	59818	0.16436006136284909	0.7010210646124408	0.12134008544611781	0.013278788578592283	0.16657193486910293	0.12297301815507038
940d64bd-8c96-476f-84f9-678d1ed3500f	60623	13792	36576	4512	5743	54880	0.2275044125167016	0.6033353677647098	0.07442719759827128	0.09473302212031737	0.2513119533527697	0.08221574344023323
2075e0b1-2575-4168-b772-c88d1101aaee	60623	21868	33754	4193	808	59815	0.3607211784306286	0.556785378486713	0.06916516833545024	0.013328274747208156	0.3655939145699239	0.07009947337624342
723e0934-327e-46f2-94f0-20a65da1ea0e	60623	1427	18609	34794	5793	54830	0.023538920871616385	0.3069627039242532	0.5739405836068818	0.09555779159724857	0.026025898230895496	0.6345796097027175
0b755cf4-785f-466e-a235-ea697b9a6423	60623	2116	18376	39322	809	59814	0.03490424426372829	0.30311927816175377	0.6486317074377711	0.01334477013674678	0.03537633329989635	0.657404620991741
7de9f347-2a8b-4647-bd46-011d74fc48fc	60623	2150	42345	10865	5263	55360	0.035465087508041504	0.6984972700130314	0.17922240733714925	0.08681523514177787	0.03883670520231214	0.19626083815028902
be145e7b-25ee-409a-8c9c-5e17c9b6c5aa	60623	5581	47306	2526	5210	55413	0.09206076901506029	0.7803308975141448	0.04166735397456411	0.08594097949623081	0.10071643838088536	0.045584971035677546
a3d2619d-3b6c-4afd-b96d-faa95421c895	60623	5918	51062	2840	803	59820	0.09761971528957657	0.8422875806212163	0.04684690628969203	0.013245797799515036	0.09893012370444668	0.04747576061517887
f773ae1d-0ad9-42dd-9675-c8b7287fec85	60623	13086	36564	5394	5579	55044	0.21585866750243307	0.6031374230902463	0.08897613117133761	0.09202777823598304	0.23773708306082406	0.09799433180728145
6c668c1b-5d32-4283-8ee8-d6f4a8daeb48	60623	14798	34996	10015	814	59809	0.24409877439255728	0.577272652293684	0.1652013262293189	0.0134272470844399	0.24742095671220052	0.1674497149258473
76c09917-15f9-4908-ab22-ea1401abcb3b	60623	909	8944	45192	5578	55045	0.014994309090609175	0.14753476403345264	0.7454596440294937	0.09201128284644441	0.01651376146788991	0.821000999182487
2a412ee2-1eb3-4682-a3ce-8fc68eb8c9aa	60623	1001	12032	46745	845	59778	0.01651188492816258	0.19847252692872341	0.7710769839829767	0.013938604160137242	0.01674529090969922	0.7819766469269631
da7fe5e0-6ae0-47f0-9b32-fb6b80c4be38	60623	8430	37235	11209	3749	56874	0.13905613381059995	0.6142058294706629	0.1848968213384359	0.061841215380301205	0.1482223863276717	0.19708478390828849
b5abf230-6ba6-401e-b629-ee1e997dd0eb	60623	0	54870	4949	804	59819	0.0	0.9051020239842964	0.08163568282664996	0.01326229318905366	0.0	0.08273291094802655
097b9dd5-5617-48ba-8600-ec5a99c75a42	60623	247	9254	47200	3922	56701	0.004074361216040117	0.15264833479042608	0.7785823862230506	0.06469491777048315	0.004356184194282288	0.8324368176928096
9cbd4bd6-244b-4274-a230-a7bd02e79571	60623	6179	43463	5546	5435	55188	0.10192501195915742	0.7169391155172129	0.09148343038120846	0.0896524421424212	0.11196274552438935	0.10049286076683336
53f7cb7b-f3d7-4d70-8ade-2e323fb54231	60623	6333	47382	6101	807	59816	0.10446530194810551	0.7815845471190802	0.10063837157514474	0.013311779357669532	0.10587468235923499	0.10199612143907985
1e629a73-68cd-449d-a1c0-b856be4143e6	60623	33577	21761	4473	812	59811	0.5538656945383765	0.3589561717499959	0.07378387740626495	0.01339425630536265	0.561385029509622	0.07478557455986357
b9140410-1ed1-4012-9637-412b7c688d68	60623	1616	10112	42778	6117	54506	0.02665654949441631	0.16680137901456543	0.7056397736832555	0.10090229780776273	0.029648112134443915	0.7848310277767585
42c79ea2-dc9b-400b-a4c3-97c83485e03f	60623	1702	10715	47390	816	59807	0.02807515299473797	0.17674809890635568	0.7817165102353892	0.013460237863517147	0.02845820723326701	0.7923821626231043
838f924a-989c-4642-ba15-d711df6ccb37	60623	2092	50728	2294	5509	55114	0.034508354914801316	0.836778120515316	0.03784042360160335	0.09087310096827937	0.037957687701854335	0.04162281815872555
aeea59ad-9570-41c9-9244-348e1c8350fd	60623	665	12197	43803	3958	56665	0.01096943404318493	0.20119426620259637	0.722547547960345	0.06528875179387361	0.01173563928350834	0.7730168534368658
64b53eaf-e466-498b-8621-58429f1740dc	60623	752	12540	46519	812	59811	0.012404532933045213	0.2068521848143444	0.7673490259472477	0.01339425630536265	0.012572938088311515	0.7777666315560683
402aa07d-b3c1-48a6-bf27-36917a30c33d	60623	0	59820	0	803	59820	0.0	0.9867542022004849	0.0	0.013245797799515036	0.0	0.0
dade6383-329a-4443-bdef-939c34d8c5a0	60623	32	10248	44377	5966	54657	0.0005278524652359666	0.1690447519918183	0.7320159015555152	0.09841149398743052	0.0005854693817809247	0.811917961102878
bb83d909-fa48-41c9-bc73-1c01a6acd3e5	60623	41	11438	48333	811	59812	0.0006763109710835821	0.1886742655427808	0.7972716625703116	0.013377760915824027	0.0006854811743462851	0.8080819902360731
a4910543-8bfd-4cd9-9eab-cf16aead9537	60623	287	6181	48171	5984	54639	0.004734176797585075	0.10195800273823466	0.7945994094650545	0.09870841099912575	0.005252658357583411	0.8816230165266568
acc34a68-41a6-4c75-8f69-c0ce8727d7e7	60623	1118	19768	35702	4035	56588	0.01844184550418158	0.32608086039951834	0.5889183973079525	0.06655889678834766	0.019756838905775075	0.6309111472396974
264d2df1-65e7-477e-b69a-bc0bd9c4ce6c	60623	1071	22016	36710	826	59797	0.017666562195866254	0.36316249608234497	0.6055457499628853	0.013625191758903386	0.017910597521614797	0.6139103968426509
630613d2-682f-4a1a-b1fa-95320fb9a9b7	60623	8493	43464	3079	5587	55036	0.14009534335153326	0.7169556109067515	0.050789304389423154	0.09215974135229203	0.15431717421324223	0.05594519950577804
5d1cb65a-7798-455d-8100-25871cec5a47	60623	0	53308	2194	5121	55502	0.0	0.8793362255249658	0.03619088464774096	0.08447288982729327	0.0	0.039530107023170336
26783182-8700-4716-870b-af8036f6234d	60623	235	57288	2294	806	59817	0.003876416541576629	0.9449878758886892	0.03784042360160335	0.013295283968130907	0.003928649046257753	0.038350301753682065
96e71b7b-d32b-48bc-858d-20f7c8b7812d	60623	4577	45636	5343	5067	55556	0.07549939791828184	0.7527835969846428	0.08813486630486779	0.08358213879220758	0.08238534091727266	0.09617323061415509
00cd3143-044b-4ff7-92ef-8924008a0904	60623	0	4267	55553	803	59820	0.0	0.07038582716130841	0.9163683750391766	0.013245797799515036	0.0	0.9286693413574055
c677f76a-9a14-455b-b53b-1de5cd448678	60623	1455	13854	41297	4017	56606	0.024000791778697853	0.22852712666809627	0.6812101017765535	0.06626197977665242	0.025703988976433594	0.7295516376355863
81243c1f-affa-4985-ba0e-1f19db52db73	60623	2776	46449	6397	5001	55622	0.045791201359220095	0.7661943486795441	0.10552100687857743	0.0824934430826584	0.049908309661644674	0.11500844989392686
080d6c51-3aef-4d93-9e90-5fcc41fe5b94	60623	2999	50089	6732	803	59820	0.04946967322633324	0.8262375666001353	0.11104696237401646	0.013245797799515036	0.05013373453694417	0.11253761283851554
193a40b4-4410-408c-92d6-486472c1e6fb	60623	868	17981	36377	5397	55226	0.014317998119525593	0.2966035992939973	0.6000527852465236	0.08902561733995348	0.01571723463585992	0.6586933690652953
15ae309e-5040-4f2d-adf8-02646c0dcccd	60623	3036	20046	35307	2234	58389	0.05008000263926233	0.3306665786912558	0.582402718440196	0.03685070022928592	0.051996095154909314	0.6046858141088218
e53d7a9a-3db0-4a24-8dc1-6dc80428cd24	60623	2849	49757	2307	5710	54913	0.046995364795539646	0.8207610972733121	0.03805486366560546	0.09418867426554278	0.05188206799847031	0.04201190974814707
1f0b2cef-bb7b-490d-8b0f-0cf564b3799f	60623	2974	54159	2686	804	59819	0.04905728848786764	0.8933738020223347	0.044306616300743944	0.01326229318905366	0.04971664521305939	0.04490212139955532
58bfe278-a80f-4722-b286-4d966214d244	60623	4246	27512	23121	5744	54879	0.07003942398099731	0.45382115698662223	0.38138990152252444	0.094749517509856	0.07737021447183805	0.4213086973159132
1d8f72b7-8596-40e8-afdf-244dd897758c	60623	685	17440	36739	5759	54864	0.01129934183395741	0.2876795935536018	0.6060241162595055	0.09499694835293536	0.012485418489355497	0.6696376494604841
5cd62b0e-902e-492c-843d-5d8aa6964dc5	60623	6639	46367	2500	5117	55506	0.10951289114692443	0.7648417267373769	0.04123847384655989	0.08440690826913877	0.11960869095232948	0.04504017583684647
63baef92-6733-4791-b897-0abe9131a5f5	60623	4903	50512	69	5139	55484	0.08087689490787325	0.8332151163749731	0.0011381818781650529	0.0847698068389885	0.08836781774926104	0.0012436017590656766
0cf5f314-5cc8-4c4c-853a-e4bcbc749acc	60623	5079	54695	42	807	59816	0.08378008346667107	0.9022153308150372	0.0006928063606222061	0.013311779357669532	0.08491039186839641	0.0007021532700280861
2dc5d195-dede-4511-9415-c7bd3070bbd3	60623	5401	45099	6444	3679	56944	0.08909159889810798	0.7439255728024017	0.10629629018689277	0.06068653811259753	0.09484756954200618	0.11316381005900533
4dc7d403-3ea7-4d02-94a7-fb33511bab09	60623	18715	30240	6344	5324	55299	0.30871121521534733	0.49882057964798837	0.10464675123303037	0.08782145390363394	0.3384328830539431	0.1147217852040724
7e728799-4c12-451a-afa9-0b26996f5736	60623	8506	43647	3089	5381	55242	0.14030978341553535	0.7199742671923197	0.050954258284809394	0.0887616911073355	0.15397704645016472	0.05591759892835162
cb5043e3-c1c1-4b06-9135-1aada484ba4b	60623	19165	30310	5628	5520	55103	0.3161341405077281	0.49997525691569206	0.09283605232337562	0.09105455025320423	0.3478032049071738	0.10213599985481735
cac9aeae-9b89-464b-bd07-de19a8663051	60623	20002	31359	8448	814	59809	0.3299407815515563	0.5172789205417085	0.13935305082229515	0.0134272470844399	0.3344312728853517	0.14124964470230233
8fa798fe-f032-4d77-b362-06261db78e6d	60623	10	10571	43978	6064	54559	0.00016495389538623954	0.17437276281279382	0.7254342411296043	0.10002804216221566	0.0001832878168588134	0.8060631609816895
6df53651-4c7a-4b9f-b85f-9cbd5de65a3f	60623	10	11157	48649	807	59816	0.00016495389538623954	0.18403906108242746	0.8024842056645167	0.013311779357669532	0.00016717935000668717	0.8133108198475324
d490330a-de38-478f-9504-a69260ab3967	60623	0	4674	50549	5400	55223	0.0	0.07709945070352836	0.8338254457879023	0.08907510350856936	0.0	0.9153613530594137
989e0ff9-50d5-4f3f-a19c-8eb3e57b42cf	60623	0	5021	54798	804	59819	0.0	0.08282335087343087	0.9039143559375155	0.01326229318905366	0.0	0.9160634580985975
0de093d5-c752-4e93-a783-ec262b3a3780	60623	14787	35617	6163	4056	56567	0.24391732510763242	0.5875162891971694	0.10166108572653944	0.06690529996865877	0.26140682730213727	0.10895044814114237
142d082f-444c-4384-97c0-bbc78e228470	60623	3162	52251	256	4954	55669	0.052158421721128945	0.8619005987826402	0.004222819721887733	0.08171815977434307	0.05680001437065512	0.0045986096391169235
e5bfc024-9ee5-4e37-97ee-45e695489f8d	60623	14278	31294	9683	5368	55255	0.23552117183247281	0.516206720221698	0.15972485690249574	0.08854725104333339	0.2584019545742467	0.17524205954212288
89bf0fb4-7cd8-49c2-85b0-01c0b54c50e3	60623	16734	33339	10178	372	60251	0.27603384853933327	0.549939791828184	0.1678900747241146	0.006136284908368111	0.2777381288277373	0.16892665681897395
6f1fc322-359b-49fd-ac0d-cc7626f52604	60623	21880	30406	4441	3896	56727	0.3609191231050921	0.5015588143113999	0.07325602494102898	0.06426603764247893	0.3857069825656213	0.07828723535529818
0306c4a7-a39a-4e27-8d82-944546465eba	60623	24167	30659	4991	806	59817	0.3986440789799251	0.5057321478646718	0.08232848918727216	0.013295283968130907	0.4040155808549409	0.08343781868030828
f9029956-e7fb-447a-9b6a-ea3dd2acadf4	60623	1036	22344	31698	5545	55078	0.017089223562014418	0.36857298385101367	0.5228708575953022	0.09146693499166983	0.01880968807872472	0.5755110933585097
1f664b51-a100-42c4-b9c6-6de8fd9e6b22	60623	1079	24473	34267	804	59819	0.017798525312175247	0.403691668178744	0.5652475133200271	0.01326229318905366	0.018037747204065598	0.572844748324111
34e08e44-8c58-48bd-b682-1ede7baead3c	60623	0	3053	54038	3532	57091	0.0	0.050360424261418936	0.8913778598881612	0.05826171585041981	0.0	0.9465239705032317
582b2af4-08e5-44d8-996d-d00db1e98413	60623	8328	43252	3012	6031	54592	0.1373736040776603	0.7134585883245633	0.04968411329033535	0.09948369430744107	0.1525498241500586	0.05517291910902696
4ad2897e-1c68-4a74-8e5f-a9368e601748	60623	11436	45017	3367	803	59820	0.18864127476370354	0.7425729508602346	0.05553997657654686	0.013245797799515036	0.19117352056168505	0.05628552323637579
cf5fda71-8fba-43fc-91f3-e4baa36571dd	60623	17832	30937	8078	3776	56847	0.29414578625274235	0.5103178661564093	0.13324975669300432	0.06228659089784405	0.31368409942477177	0.14210072651151337
c81fa4f8-d7db-497e-925b-818b165a9f7a	60623	14513	37131	8169	810	59813	0.23939758837404945	0.6124903089586461	0.1347508371410191	0.013361265526285403	0.2426395599618812	0.13657566080952302
0c12ea89-eeb4-4865-91eb-10cf75884c21	60623	14870	31874	8465	5414	55209	0.2452864424393382	0.5257740461541	0.1396334724444518	0.08930603896211009	0.2693401438171313	0.1533264503975801
4d088b92-ccb7-44fe-a582-f1d9034cd643	60623	107	34377	22336	3803	56820	0.0017650066806327632	0.5670620061692757	0.36844102073470464	0.0627319664153869	0.001883139739528335	0.39310102076733544
a6c10459-25fb-486d-a027-d17f1941b5ae	60623	6011	48428	2545	3639	56984	0.09915378651666859	0.7988387245764809	0.041980766375797965	0.06002672253105257	0.10548575038607329	0.04466165941316861
35b143fc-6f8f-42b3-bc36-c2c56efc6ec8	60623	6104	51112	2604	803	59820	0.10068785774376061	0.8431123500981476	0.042953994358576775	0.013245797799515036	0.10203945168839854	0.04353059177532598
b4c869f2-6910-4d41-ae52-b08b378bf681	60623	11680	37844	5847	5252	55371	0.19266614981112778	0.6242515216996849	0.09644854263233427	0.08663378585685301	0.21094074515540626	0.10559679254483394
2c619641-7849-4837-ab92-0da80342b3e9	60623	9520	20016	30267	820	59803	0.15703610840770005	0.33017171700509707	0.49926595516553124	0.013526219421671643	0.15918933832750864	0.506111733525074
cd17957d-1e5c-4874-8070-890c1d692a0b	60623	7148	37683	10226	5566	55057	0.11790904442208403	0.6215957639839664	0.16868185342196856	0.09181333817198094	0.1298290862197359	0.18573478395117787
98b2b12b-881b-49b8-908e-930effcdf244	60623	7587	41527	10705	804	59819	0.12515052042953995	0.6850040413704369	0.17658314501096944	0.01326229318905366	0.12683261171199786	0.1789565188318093
ea7fb858-c17b-40d4-9a22-cbd9da614b65	60623	9	834	53779	6001	54622	0.00014845850584761558	0.013757154875212379	0.8871055539976577	0.09898883262128236	0.00016476877448647065	0.9845666581231006
ae5c9a58-e3ae-420f-8f72-1e4ffdd3df24	60623	360	20066	34846	5351	55272	0.005938340233904623	0.3309964864820283	0.5747983438628903	0.08826682942117678	0.006513243595310464	0.6304457953394124
66882fa9-ec33-4aab-9ff8-d22ef66dca6e	60623	1441	21608	36765	809	59814	0.02376985632515712	0.3564323771505864	0.6064529963875097	0.01334477013674678	0.024091349851205403	0.6146554318387
108f6aeb-833e-45a1-81fc-4b0b8e3c7163	60623	18378	25977	10175	6093	54530	0.303152268940831	0.42850073404483446	0.16784058855549874	0.10050640845883575	0.33702549055565745	0.1865945351182835
7153d60a-43d2-4a9a-bd8d-c15cd0bd9d75	60623	6244	47270	2065	5044	55579	0.10299721227916797	0.7797370634907543	0.03406297939725847	0.08320274483281923	0.11234459058277407	0.037154320876590076
118fd65d-0b94-4663-a2a3-1f53b278711b	60623	2724	10427	41960	5512	55111	0.04493344110321165	0.171997426719232	0.6921465450406611	0.09092258713689524	0.04942751900709477	0.7613725027671426
62246534-b42c-4d81-b09e-792e55e3cb9a	60623	0	8662	48375	3586	57037	0.0	0.1428830641835607	0.7979644689309338	0.0591524668855055	0.0	0.8481336676192647
7877c9a9-2002-4d6d-9ca4-f200c1ac00e7	60623	0	3803	51585	5235	55388	0.0	0.0627319664153869	0.8509146693499167	0.0863533642346964	0.0	0.9313389181772225
6c4e3a00-9ffc-4306-a7df-c5362311e2e8	60623	0	4082	55737	804	59819	0.0	0.06733418009666298	0.9194035267142834	0.01326229318905366	0.0	0.9317608117822097
ece822af-ea84-419b-99f1-6ce53e4c1e8a	60623	9325	42186	5515	3597	57026	0.15381950744766837	0.6958745030763901	0.0909720733055111	0.059333916170430365	0.16352190229018343	0.09671027250727739
4832fce2-5911-41b2-8786-122eb82b6baf	60623	11932	42196	5676	819	59804	0.19682298797486103	0.6960394569717764	0.09362783102122957	0.01350972403213302	0.19951842686107954	0.09491003946224333
af9f631b-2857-48e2-8d77-34f66c1c6149	60623	7	9749	44778	6089	54534	0.00011546772677036768	0.16081355261204494	0.7386305527605035	0.10044042690068126	0.00012836028899402207	0.8211024315106172
5d4f8180-0b35-463d-8281-ad6d588e6c24	60623	7	9814	49998	804	59819	0.00011546772677036768	0.16188575293205548	0.8247364861521205	0.01326229318905366	0.00011701967602266839	0.8358213945401962
5fa9998b-deff-493e-8a8e-dc2422192a48	60623	20797	27834	6671	5321	55302	0.3430546162347624	0.45913267241805916	0.1100407436121604	0.08777196773501807	0.3760623485588225	0.12062854869624969
7fb4bff6-4385-4503-9016-f9b620af3f8c	60623	109	52155	3418	4941	55682	0.0017979974597100111	0.8603170413869323	0.05638124144301668	0.08150371971034095	0.0019575446284257033	0.0613842893574225
7e598a8a-9fb8-4c2d-94e7-ae1921addcd1	60623	22084	30848	2206	5485	55138	0.3642841825709714	0.5088497764874718	0.03638882932220444	0.09047721161935239	0.40052232580071817	0.04000870543001197
174435cc-64d1-4d33-953c-1ada5df46ecd	60623	3124	49258	3079	5162	55461	0.051531596918661236	0.8125298978935388	0.050789304389423154	0.08514920079837686	0.05632787003479923	0.05551648906438759
11ce0afe-1233-4d7c-adf7-9db1980d1411	60623	3341	50254	6225	803	59820	0.05511109644854263	0.8289593058740082	0.10268379987793412	0.013245797799515036	0.055850885991307254	0.10406218655967904
91657171-7e5e-4a81-9201-d0b2d5806c04	60623	889	23770	30170	5794	54829	0.014664401299836696	0.3920954093330914	0.4976659023802847	0.09557428698678719	0.016214047310729722	0.5502562512538984
1591ef8b-c47c-40c2-81a2-09d33f191a72	60623	899	24796	34124	804	59819	0.014829355195222936	0.4090196789997196	0.5628886726160038	0.01326229318905366	0.015028669820625553	0.5704542035139337
97ad1ecf-7643-461f-b9a2-1ac953825895	60623	15682	29019	11922	4000	56623	0.25868069874470084	0.47867970902132856	0.1966580340794748	0.06598155815449581	0.27695459442276105	0.2105504830192678
b462982a-4dd0-425e-bce3-0eb8f5527264	60623	1311	12264	41400	5648	54975	0.021625455685136005	0.20229945730168417	0.6829091268990317	0.0931659601141481	0.023847203274215554	0.7530695770804912
54e5a437-3bc0-4d22-880c-926582b86bcb	60623	1353	15422	43044	804	59819	0.02231826204575821	0.2543918974646586	0.7100275473005295	0.01326229318905366	0.022618231665524333	0.7195707049599626
22848a4a-ed0d-4efb-850f-a49f11cd77ec	60623	0	4243	50679	5701	54922	0.0	0.06998993781238144	0.8359698464279234	0.09404021575969516	0.0	0.9227449837952004
cbc8cfce-6c77-4b2e-90a1-198eaaba6fde	60623	12995	37534	4198	5896	54727	0.2143575870544183	0.6191379509427115	0.06924764528314337	0.09725681671972683	0.23745134942532936	0.07670802346191094
155daece-cd56-4a90-9ee9-2c291c871bff	60623	14734	40450	1863	3576	57047	0.24304306946208534	0.667238506837339	0.030730910710456426	0.05898751299011926	0.2582782617841429	0.03265728259154732
9d39f2cf-84b5-45ba-8c40-0a42d8f303b7	60623	1660	52639	1163	5161	55462	0.027382346634115765	0.8683008099236263	0.01918413803341966	0.08513270540883823	0.02993040279831236	0.020969312321950165
38cfb491-3a6f-41c7-88b1-62bd97dba0c5	60623	17404	30003	9070	4146	56477	0.2870857595302113	0.4949111723273345	0.14961318311531926	0.06838988502713492	0.3081608442374772	0.16059634895621228
b41b1f04-226e-466c-b5e1-f61e45ad3210	60623	1312	23622	30360	5329	55294	0.021641951074674627	0.38965409168137505	0.5008000263926232	0.08790393085132706	0.02372771005895757	0.549064998010634
710eae35-a21d-4939-8414-d2af4ea02fdd	60623	533	4471	49428	6191	54432	0.008792042624086567	0.0737508866271877	0.8153341141151048	0.1021229566336209	0.009792034097589653	0.908068783068783
67d804d7-b6a5-4a70-92cd-f93195d928a4	60623	3193	23308	28513	5609	55014	0.052669778796826286	0.38447453936624715	0.4703330419147848	0.09252263992214176	0.05803977169447777	0.5182862544079688
31139082-7978-45aa-9d8f-ac4789ac5cec	60623	4137	25124	30549	813	59810	0.0682414265212873	0.41443016676838823	0.5039176550154232	0.013410751694901276	0.06916903527838154	0.5107674301956194
cd8ac496-cd1b-426f-8e17-8f15ba8e94d1	60623	1	19971	35493	5158	55465	1.6495389538623956e-05	0.329429424475859	0.58547086089438	0.08508321924022236	1.8029387902280717e-05	0.6399170648156495
391ed582-6ac6-45cb-8099-316fd7f72d94	60623	1	20167	39651	804	59819	1.6495389538623956e-05	0.3326625208254293	0.6540586905959784	0.01326229318905366	1.6717096574666913e-05	0.6628495962821177
e8cb34ed-67cb-48b7-83cd-621a1224e781	60623	2842	33895	18096	5790	54833	0.04687989706876928	0.559111228411659	0.2985005690909391	0.0955083054286327	0.05183010231065235	0.3300202432841537
34d5afff-b1b6-47f3-a9c9-9f51de2bf861	60623	0	2513	57307	803	59820	0.0	0.041452913910561995	0.945301288289923	0.013245797799515036	0.0	0.957990638582414
e20c3a54-2fe7-4e5e-a41c-ad4efeb97f76	60623	18174	29387	7990	5072	55551	0.29978720947495174	0.48475001237154214	0.1317981624136054	0.0836646157399007	0.32715882702381593	0.143831794207125
a5822c54-d7de-48b1-af79-7b3d0ae82c04	60623	18964	32505	8347	807	59816	0.3128185672104647	0.5361826369529716	0.13768701647889414	0.013311779357669532	0.3170389193526816	0.13954460345058178
35b5f5a8-dd85-46d3-97cc-444060b2a11b	60623	4174	19785	30685	5979	54644	0.06885175593421639	0.3263612820216749	0.506161027992676	0.09862593405143262	0.07638533050289144	0.5615438108484005
42c7e92b-6820-4562-9e32-a424a99a6cba	60623	9678	38781	6705	5459	55164	0.15964237995480263	0.6397077016973756	0.11060158685647362	0.09004833149134817	0.17544050467696323	0.12154666086578203
18140097-dcf9-4882-baa9-5f6c93585c4b	60623	12126	41100	7033	364	60259	0.20002309354535408	0.6779605100374445	0.11601207462514228	0.00600432179205912	0.20123135133341077	0.11671285617086244
37dad3ac-36c7-47e4-b61e-dabbb6897e42	60623	11384	41147	7285	807	59816	0.1877835145076951	0.6787357933457598	0.12016891278887551	0.013311779357669532	0.1903169720476127	0.12179015647987161
1acae6e0-3100-4de8-a436-e15cdbe1322b	60623	10507	40342	3876	5898	54725	0.17331705788232188	0.6654570047671676	0.06393612985170645	0.09728980749880409	0.19199634536317953	0.07082686158063042
0fba2efb-9ede-4fd2-abed-f18275a076dd	60623	13322	42016	4475	810	59813	0.2197515794335483	0.6930702868548241	0.0738168681853422	0.013361265526285403	0.22272750071054787	0.07481651146071924
e61781e7-6c4e-4a6f-8f8d-22896b1243ca	60623	4448	49209	1931	5035	55588	0.07337149266779935	0.8117216238061462	0.03185259719908286	0.08305428632697161	0.08001726991437001	0.0347377131755055
69a6b7ea-5c52-4855-8e97-b8c508b73c31	60623	4440	53173	2207	803	59820	0.07323952955149036	0.8771093479372516	0.03640532471174307	0.013245797799515036	0.07422266800401203	0.03689401537947175
652c3b39-d1cb-42e8-98e1-2acb0011bd50	60623	0	55636	68	4919	55704	0.0	0.9177374923708823	0.0011216864886264288	0.08114082114049123	0.0	0.001220738187562832
11678ad0-81ae-4420-8976-52f99c5d7d5d	60623	392	21998	32768	5465	55158	0.00646619269914059	0.36286557907064976	0.5405209244016298	0.09014730382857991	0.007106856666304072	0.5940752021465608
ef48e806-e31c-4a11-afe8-dcc232357329	60623	0	2534	53037	5052	55571	0.0	0.0417993170908731	0.8748659749599986	0.08333470794912821	0.0	0.9544006766119019
c14eb1f6-791e-491f-8b60-f9856daf77b8	60623	2517	38189	19109	808	59815	0.041518895468716496	0.6299424310905102	0.31521039869356515	0.013328274747208156	0.04207974588313968	0.3194683607790688
ddee0b07-2771-40c7-bdda-c1100958f0d8	60623	1348	51542	2293	5440	55183	0.022235785098065092	0.8502053675997558	0.03782392821206473	0.08973491909011432	0.024427812913397243	0.041552652084881216
da127378-bdd7-4d9e-ad83-d2c223b4a40e	60623	1398	55818	2604	803	59820	0.023060554574996287	0.9207396532669119	0.042953994358576775	0.013245797799515036	0.02337011033099298	0.04353059177532598
f26df76e-66bc-4e25-8a27-41b6147dc67b	60623	0	3940	50860	5823	54800	0.0	0.06499183478217838	0.8389555119344143	0.09605265328340729	0.0	0.9281021897810219
49621c19-aa4f-45dd-882d-83a0b0fd7cd7	60623	0	4085	55732	806	59817	0.0	0.06738366626527885	0.9193210497665902	0.013295283968130907	0.0	0.931708377217179
e29fc4e1-4c82-46d7-997c-be59470c7751	60623	9354	39772	6435	5062	55561	0.15429787374428847	0.656054632730152	0.10614783168104515	0.08349966184451446	0.16835550116088624	0.11581864977232231
34300ff0-d615-4e00-a49b-1d89daea150f	60623	9734	43487	6596	806	59817	0.16056612176896556	0.7173350048661399	0.1088035893967636	0.013295283968130907	0.16272965879265092	0.11026965578347292
0bc7a0cb-2a16-4f63-8188-39fd4c20b8b3	60623	11187	41513	2787	5136	55487	0.18453392276858618	0.6847731059168962	0.04597265064414496	0.08472032067037263	0.2016147926541352	0.050227981328959934
7fa91f3b-34db-41ba-8447-d745eebac2db	60623	804	2238	51547	6034	54589	0.01326229318905366	0.03691668178744041	0.850287844547449	0.09953318047605694	0.014728241953507117	0.9442744875341186
71e20390-b733-4a3b-9599-b27ebd95cffb	60623	977	2066	56739	841	59782	0.016115995579235605	0.03407947478679709	0.9359319070319846	0.013872622601982746	0.01634271185306614	0.9490983908199793
27e8b056-063f-4742-a591-b98fb9a948a5	60623	20869	31114	3684	4956	55667	0.3442422842815433	0.5132375501047457	0.06076901506029065	0.08175115055342032	0.3748899707187382	0.06617924443566206
24153fe0-2c47-456a-b344-874a0e28de4d	60623	211	1854	52872	5686	54937	0.0034805271926496542	0.030582452204608812	0.8721442356861258	0.0937927849166158	0.0038407630558639897	0.9624114895243643
fb635f1d-5ee1-4e58-86ea-b1aada2de4ba	60623	136	6310	48620	5557	55066	0.0022433729772528576	0.10408590798871716	0.8020058393678967	0.09166487966613332	0.0024697635564595215	0.8829404714342789
eded4cb4-f527-4ff6-a97d-2ec424b37abe	60623	137	6683	52991	812	59811	0.0022598683667914817	0.11023868828662389	0.874107187041222	0.01339425630536265	0.0022905485613014327	0.8859741519118557
ed3f6393-6955-41af-bb3a-7723b5dbe41e	60623	1206	18629	35124	5664	54959	0.019893439783580488	0.30729261171502564	0.5793840621546278	0.09342988634676608	0.021943630706526683	0.6390945977910806
ceb5ed99-0121-46c0-bcdb-ee07ec915256	60623	1378	20317	38125	803	59820	0.02273064678422381	0.3351368292562229	0.6288867261600383	0.013245797799515036	0.023035773988632564	0.6373286526245403
6edcdb8a-80e8-42a8-86ff-3950c1f3cb89	60623	4797	45520	5187	5119	55504	0.07912838361677911	0.7508701317981624	0.08556158553684245	0.08443989904821603	0.08642620351686366	0.09345272412799077
32b46b33-43d1-4663-bebd-f31673f18a16	60623	6081	22536	26530	5476	55147	0.10030846378437226	0.37174009864242946	0.4376226844596935	0.09032875311350477	0.11026891762017879	0.48107784648303625
9f55d963-2c1d-4886-980e-edff099babf5	60623	0	13943	41054	5626	54997	0.0	0.2299952163370338	0.6772017221186678	0.09280306154429836	0.0	0.746477080568031
0958de7c-dce0-49a0-a26a-7b4b874af238	60623	10	15015	44789	809	59814	0.00016495389538623954	0.24767827392243869	0.7388120020454283	0.01334477013674678	0.00016718493998060655	0.7488046276791387
6ab6c7d7-a0b5-4830-94a3-f16bc11ef953	60623	4782	47786	2814	5241	55382	0.07888095277369975	0.7882486844926843	0.04641802616168781	0.08645233657192815	0.08634574410458272	0.05081073272904554
6a914b5f-5bc2-4152-b80e-fcc864a415b0	60623	2643	43875	8798	5307	55316	0.04359731455058311	0.723735216007126	0.14512643716081355	0.08754103228147733	0.04778002747848724	0.15904982283606914
518be2c7-fba5-47b1-8c8b-fef812fa74a4	60623	5098	37768	12200	5557	55066	0.08409349586790492	0.6229978720947495	0.20124375237121225	0.09166487966613332	0.09257981331493118	0.22155231903533942
3196c5f3-9227-4a9d-b87a-3e1f680a768c	60623	5444	41197	13160	822	59801	0.0898009006482688	0.6795605628226911	0.21707932632829124	0.01355921020074889	0.09103526696877978	0.22006320964532367
9439bb31-588c-433b-a7a5-787d8b496f57	60623	4909	44304	6265	5145	55478	0.080975867245105	0.7308117381191956	0.10334361545947908	0.08486877917622025	0.08848552579400844	0.1129276469952053
670873d8-906c-4613-8049-4fce11ef9c0d	60623	59	5329	54432	803	59820	0.0009732279827788133	0.08790393085132706	0.8978770433663791	0.013245797799515036	0.000986292209963223	0.9099297893681043
2678d877-e48e-48e3-95c1-65ecce46308e	60623	3034	50407	3620	3562	57061	0.05004701186018508	0.8314831004734177	0.05971331012981872	0.05875657753657853	0.05317116769772699	0.06344087905925237
f3ac7557-714a-492c-a166-246ef7298952	60623	5764	41674	8075	5110	55513	0.09507942530062848	0.6874288636326147	0.13320027052438843	0.08429144054236841	0.10383153495577613	0.14546142345036298
8a6037c8-ea8a-40cb-9d50-e9190ed966ca	60623	7134	41688	10998	803	59820	0.11767810896854329	0.6876597990861554	0.18141629414578625	0.013245797799515036	0.11925777331995988	0.18385155466399197
ae28fd1e-2445-47ad-8c01-1b47d6396694	60623	1317	9587	44164	5555	55068	0.021724428022367747	0.15814129950678785	0.7285023835837884	0.09163188888705606	0.02391588581390281	0.8019902665795017
5f5cddc0-71d3-4bf4-a67c-66550596cf8d	60623	0	0	55409	5214	55409	0.0	0.0	0.9139930389456147	0.0860069610543853	0.0	1.0
1317942a-ef03-4ed9-b418-40a27aa3d6ec	60623	5917	42789	8239	3678	56945	0.09760321990003794	0.7058212229681804	0.13590551440872276	0.060670042723058905	0.10390727895337606	0.14468346650276584
3bc62725-ad6d-4685-bc50-0f1127363d90	60623	5812	45457	3906	5448	55175	0.09587120399848242	0.7498309222572291	0.06443099153786516	0.0898668822064233	0.10533756230176711	0.07079293158133212
43623706-5604-4f3d-8746-9bfa0b92c0a9	60623	4482	47296	4747	4098	56525	0.07393233591211257	0.7801659436187586	0.07830361413984792	0.06759810632928097	0.0792923485183547	0.08398053958425475
3de1ba17-00fc-462f-92a4-096e8112fd89	60623	9396	25999	24823	405	60218	0.15499068010491068	0.4288636326146842	0.40946505451726245	0.0066806327631427015	0.15603307981002357	0.4122189378591119
cc07e1f1-e1e7-4335-ab8b-b7bebef1669f	60623	6870	43247	5153	5353	55270	0.11332332613034657	0.7133761113768702	0.08500074229252924	0.08829982020025402	0.1242988963271214	0.09323321874434594
0b2e3720-4a7e-44cd-9e38-7d883f559c1c	60623	4854	38712	11726	5331	55292	0.08006862082048068	0.6385695198192105	0.1934249377299045	0.0879369216304043	0.08778846849453809	0.21207407943282935
26f9a1ab-fa60-47f3-ac29-96acaa68fb4a	60623	5861	48367	738	5657	54966	0.096679478085875	0.7978325058146248	0.012173597479504479	0.09331441861999572	0.10662955281446712	0.013426481825128261
930b82a6-a039-4f8f-8487-b0abb4fe7aba	60623	375	9664	45481	5103	55520	0.006185771076983983	0.1594114445012619	0.7502268116061561	0.08417597281559804	0.006754322766570605	0.8191822766570606
77e08a09-8f0f-4a1b-b4c5-5fa85df59fde	60623	226	10601	48985	811	59812	0.003727958035729014	0.17486762449895255	0.8080266565494945	0.013377760915824027	0.003778505985420986	0.8189828128134823
075393f6-0404-410e-9fd5-7c2c63d3fa84	60623	307	4105	49997	6214	54409	0.0050640845883575545	0.06771357405605133	0.8247199907625818	0.10250235059300926	0.005642448859563675	0.918910474370049
565c78a9-ae5b-49ba-b5fa-4c26250e174a	60623	4	24375	30347	5897	54726	6.598155815449583e-05	0.4020751200039589	0.5005855863286212	0.09727331210926546	7.309140079669627e-05	0.5545261849943354
bf8eb507-a277-4f3a-a605-313cd37f18b4	60623	0	2842	52370	5411	55212	0.0	0.04687989706876928	0.8638635501377365	0.08925655279349422	0.0	0.9485256828225748
a99e45da-6933-4300-9c8a-e9d0f9e9c825	60623	1459	31282	21875	6007	54616	0.02406677333685235	0.5160087755472346	0.360836646157399	0.09908780495851409	0.026713783506664715	0.4005236560714809
3c0aa51e-8bce-43d2-884a-a546d84caecc	60623	1500	31910	26407	806	59817	0.024743084307935932	0.5263678801774904	0.43559375154644275	0.013295283968130907	0.025076483273985657	0.4414631292107595
25b35473-484c-4908-ae47-b6e6ed2dfb99	60623	9	17975	38768	3871	56752	0.00014845850584761558	0.2965046269567656	0.6394932616333735	0.06385365290401333	0.00015858471948125176	0.6831124894276853
f984e167-e005-438d-ac04-d4825043b128	60623	1143	12092	41803	5585	55038	0.01885423024264718	0.19946225030104087	0.6895567688830971	0.09212675057321479	0.020767469748173988	0.7595297794251245
15303325-87a1-47e5-88c3-0fa0fb9437fb	60623	1209	12199	46400	815	59808	0.01994292595219636	0.20122725698167362	0.7653860745921515	0.013443742473978523	0.020214686998394862	0.7758159443552702
c1e94fa4-ace1-4ee2-9cdc-ec7b13e6bc8a	60623	7550	43429	4494	5150	55473	0.12454019101661086	0.7163782722728997	0.07413028058657606	0.08495125612391337	0.13610224794043949	0.08101238440322318
5d6adab2-2021-425c-91bb-264f63dd4f08	60623	0	7861	51955	807	59816	0.0	0.12967025716312292	0.8570179634792076	0.013311779357669532	0.0	0.8685803129597433
e852c16b-cd36-4551-8cc5-8b59719ca987	60623	7143	42791	7017	3672	56951	0.11782656747439091	0.7058542137472577	0.11574814839252429	0.06057107038582716	0.1254236097698021	0.12321118154202736
c2173b37-dbcd-465d-a971-6c6f75fcad46	60623	7151	45479	7190	803	59820	0.1179585305906999	0.7501938208270789	0.11860185078270623	0.013245797799515036	0.11954195921096623	0.12019391507856904
80105f2a-438a-4d44-947d-3f5a50d6cab0	60623	3611	49449	2497	5066	55557	0.0595648516239711	0.8156805172954159	0.04118898767794402	0.08356564340266895	0.06499631009593751	0.04494483143438271
195dfb4a-fc19-413f-8266-f4825a5865be	60623	3332	53393	3095	803	59820	0.054962637942695014	0.8807383336357488	0.05105323062204114	0.013245797799515036	0.05570043463724507	0.051738548980274156
64149d95-1ec6-47eb-985b-0f67252d7f26	60623	122	5087	51348	4066	56557	0.0020124375237121224	0.08391204658298006	0.8470052620292629	0.067070253864045	0.0021571158300475626	0.9078982265678872
6b746708-f6ef-45cd-b877-afa1949d1d78	60623	6081	38186	12755	3601	57022	0.10030846378437226	0.6298929449218943	0.21039869356514854	0.05939989772858486	0.10664305005085756	0.22368559503349583
3944bcd6-1a95-4297-8cf3-7e7d38b9390e	60623	619	14518	40232	5254	55369	0.010210646124408227	0.23948006532174257	0.6636425119179189	0.08666677663593025	0.011179540898336615	0.7266159764489155
317b72a8-0332-4db8-b9d1-9a26d9907a24	60623	13462	36997	4293	5871	54752	0.22206093396895568	0.6102799267604705	0.07081470728931263	0.09684443198126123	0.24587229690239626	0.07840809468147282
ac9c5b5e-8e14-4a76-a68d-78a8349c40f7	60623	22050	27139	6408	5026	55597	0.3637233393266582	0.4476683766887155	0.1057024561635023	0.08290582782112399	0.39660413331654587	0.11525801751893087
d3a81bab-cce2-48b3-8eb8-9ef9766af108	60623	1	1527	53425	5670	54953	1.6495389538623956e-05	0.02518845982547878	0.8812661861009847	0.09352885868399782	1.8197368660491693e-05	0.9721944206867686
60ec7516-fd0a-45e9-aa7d-6220a6fe3413	60623	1253	2652	55913	805	59818	0.020668723091895814	0.04374577305643073	0.9223067152730812	0.013278788578592283	0.020946872178942793	0.9347186465612357
c46d2ade-620c-44a6-93ba-8edda9909c1b	60623	1494	19811	34106	5212	55411	0.024644111970704187	0.32679016214967915	0.5625917556043086	0.08597397027530805	0.02696215552868564	0.6155095558643591
2dea710e-be16-4b97-8d3f-a13a2b8e6948	60623	2147	21968	35694	814	59809	0.03541560133942563	0.36237071738449106	0.5887864341916434	0.0134272470844399	0.03589760738350416	0.5967998127372135
93827307-1efa-43b5-aea5-380c6ce5feed	60623	2150	16168	36475	5830	54793	0.035465087508041504	0.2666974580604721	0.6016693334213088	0.09616812101017766	0.03923858887084117	0.6656872228204332
23479ae8-d83e-4009-a9c9-1ddfbb974ad9	60623	3243	18678	37894	808	59815	0.053494548273757485	0.30810088580241823	0.6250762911766161	0.013328274747208156	0.05421716960628605	0.6335200200618574
a047a512-409f-4293-9585-9933f1503f9d	60623	2663	25957	26629	5374	55249	0.04392722234135559	0.428170826254062	0.4392557280240173	0.08864622338056513	0.0481999674202248	0.4819815743271371
049473b7-f487-4dfc-95c3-99dcff301419	60623	5247	27120	27453	803	59820	0.0865513089091599	0.44735496428748167	0.4528479290038434	0.013245797799515036	0.08771313941825476	0.4589267803410231
3385e66c-5764-4260-929f-b653a23c7afb	60623	15620	32731	6760	5512	55111	0.2576579845933062	0.5399105949887006	0.11150883328109794	0.09092258713689524	0.28342799078223946	0.12266153762406778
87b7ed22-4fe1-4539-8c37-ab085e2cb9c1	60623	2570	16242	36446	5365	55258	0.04239315111426356	0.26791811688633027	0.6011909671246887	0.08849776487471751	0.04650910275435231	0.6595606066089978
78edef8e-d795-49b2-951e-d0080243f928	60623	5116	14508	40598	401	60222	0.08439041287960015	0.23931511142635634	0.6696798244890553	0.006614651204988206	0.08495234299757563	0.6741390189631696
b6568556-a2fb-4eec-a953-b8b81d2fd6dd	60623	2904	19909	32131	5679	54944	0.04790261122016396	0.32840671032446433	0.5300133612655263	0.09367731718984544	0.05285381479324403	0.584795428072219
1fc2003c-dad3-4c2b-9383-1d9fb761988a	60623	4726	20536	33116	2245	58378	0.07795721095953681	0.3387493195651815	0.5462613199610709	0.03703214951421078	0.0809551543389633	0.5672684915550379
e4ccc95d-79ca-49e3-8cd0-c8452c5f9aa2	60623	12023	36512	6633	5455	55168	0.1983240684228758	0.6022796628342378	0.10941391880969269	0.08998234993319368	0.2179343097447796	0.12023274361948956
c03a3ead-1860-4fbc-990c-d13c479f3f0a	60623	14361	38279	7179	804	59819	0.23689028916417862	0.6314270161489863	0.11842040149778137	0.01326229318905366	0.24007422390879152	0.12001203630953376
2642249c-adc7-48e2-8493-1597e269c2c9	60623	4327	22610	31458	2228	58395	0.07137555053362585	0.3729607574682876	0.5189119641060324	0.03675172789205417	0.0740988098296087	0.5387105060364757
6ff303cc-7d1d-41e5-a839-9f163ba04989	60623	189	18281	39756	2397	58226	0.0031176286227999274	0.30155221615558453	0.6557907064975339	0.03953944872408162	0.003245972589564799	0.6827877580462336
95bc63bd-436a-4ee4-91dd-95c5188fe261	60623	1636	27944	25334	5709	54914	0.02698645728518879	0.4609471652673078	0.4178941985714993	0.09417217887600415	0.02979203846013767	0.4613395491131588
17283611-8e4a-463d-8409-31c82f0c82c6	60623	4642	28616	26993	372	60251	0.07657159823829239	0.4720320670372631	0.4452600498160764	0.006136284908368111	0.07704436440888948	0.44800916167366517
9c3d5caf-78e2-4a1c-9e08-1ca5aa1c5625	60623	334	11274	42737	6278	54345	0.005509460105900401	0.18596902165844648	0.7049634627121719	0.10355805552348119	0.006145919587818567	0.7864016928880302
aefe6c18-3891-4c17-99d3-16931151d96e	60623	5712	30465	18724	5722	54901	0.09422166504462003	0.5025320422941788	0.30885967372119494	0.09438661894000627	0.10404182073186281	0.34105025409373235
550377ae-ff97-4c9d-81a1-09d832e45e54	60623	8378	30856	19131	2258	58365	0.1381983735545915	0.5089817396037808	0.3155732972634149	0.03724658957821289	0.14354493275079241	0.32778206116679515
44b8b591-5dd6-4b93-bd8f-d1c3284af41f	60623	2361	13987	38856	5419	55204	0.038945614700691154	0.23072101347673327	0.6409448559127724	0.0893885159098032	0.04276863995362655	0.7038620389826824
1c5d5dd2-8f91-4838-b268-1994ba98196b	60623	2600	16490	40727	806	59817	0.04288801280042228	0.272008973491909	0.6718077297395378	0.013295283968130907	0.043465904341575136	0.6808599561997426
8c53c83d-85c8-49b5-8838-cb0585c894b2	60623	825	9505	44943	5350	55273	0.013608696369364763	0.1567886775646207	0.7413522920343764	0.08825033403163816	0.014925913194507263	0.8131094747887757
3e692b58-102a-4f00-9dac-fb9eee61c2f6	60623	1219	10313	46854	2237	58386	0.0201078798475826	0.17011695231182886	0.7728749814426867	0.03690018639790179	0.020878292741410613	0.8024868975439318
8a5f3650-3bfa-48f9-80c3-270b05daa00c	60623	14871	35811	4397	5544	55079	0.24530293782887683	0.5907163947676625	0.07253022780132953	0.0914504396021312	0.26999400860582073	0.07983078850378547
a3f8dcad-c42a-4070-80c4-782627bbaca2	60623	14880	36463	3688	5592	55031	0.24545139633472443	0.6014713887468452	0.060834996618445145	0.09224221829998515	0.27039305118932966	0.06701677236466719
3f3ebcc5-149d-4ac5-9e87-1d2422860ac8	60623	17857	37994	3964	808	59815	0.29455817099120796	0.6267258301304786	0.06538772413110536	0.013328274747208156	0.29853715623171445	0.06627100225695896
782164d9-0804-48f7-bb97-a35ebfb0c372	60623	16918	29880	8742	5083	55540	0.2790690002144401	0.49288223941408377	0.14420269534665062	0.08384606502482556	0.3046092906013684	0.15740007202016565
a3d8fe02-63fa-40ff-9563-38e8d2bf04bb	60623	1421	17486	36094	5622	55001	0.02343994853438464	0.2884383814723785	0.595384590007093	0.09273707998614387	0.025835893892838312	0.6562426137706587
0e88ffa1-8cb6-4672-8522-4361ea7bd783	60623	3321	18407	38087	808	59815	0.05478118865777015	0.30363063523745115	0.6282599013575706	0.013328274747208156	0.05552119033687202	0.636746635459333
b2f596ea-10ad-4a17-aea3-88756fb0b7f9	60623	15846	32207	7311	5259	55364	0.2613859426290352	0.5312670108704617	0.12059779291687973	0.08674925358362338	0.28621486886785635	0.13205331984683188
9b5275ff-6319-447b-a079-b979428a006d	60623	18215	33949	7651	808	59815	0.30046352044603536	0.5600019794467447	0.1262062253600119	0.013328274747208156	0.3045222770208142	0.12791105909888825
d33fd264-13db-4642-afca-37125751cc28	60623	3537	22991	31857	2238	58385	0.058344192798112926	0.37924550088250336	0.5254936245319434	0.03691668178744041	0.06058062858610944	0.5456367217607262
62043d1b-2c38-4c45-abd0-97ff2f77176b	60623	13499	32519	9360	5245	55378	0.22267126338188475	0.5364135724065123	0.1543968460815202	0.08651831813008264	0.243761060348875	0.16902018852251796
3454edaa-695c-4203-879e-6f3de83b4eb9	60623	14295	35827	9688	813	59810	0.23580159345462942	0.5909803210002804	0.15980733385018886	0.013410751694901276	0.23900685504096306	0.1619796020732319
52f8884e-c99a-44ae-8d74-6b219070902e	60623	17413	30420	10509	2281	58342	0.2872342180360589	0.5017897497649407	0.17335004866139914	0.03762598353760124	0.29846422817181445	0.18012752391073325
7150c48b-144f-40f0-b4d0-e4b34e35556d	60623	1486	14589	38480	6068	54555	0.024512148854395198	0.24065123797898488	0.6347425894462497	0.10009402372037016	0.0272385665841811	0.7053432316011364
1cd21304-55fc-4aa6-9245-81c5141a47e5	60623	2591	15675	41539	818	59805	0.04273955429457467	0.2585652310179305	0.6852019860449005	0.013493228642594396	0.043324136777861386	0.6945740322715492
3db1f968-6db6-40c7-aacd-44921f0bf709	60623	221	17629	40546	2227	58396	0.003645481088035894	0.2907972221764017	0.6688220642330469	0.03673523250251555	0.003784505788067676	0.6943283786560723
22b7e0e2-334c-419c-a243-358ba22e479a	60623	11344	35512	11542	2225	58398	0.18712369892615013	0.5857842732956139	0.19038978605479767	0.0367022417234383	0.19425322785026886	0.1976437549231138
a1d026c2-4d7a-4454-a8e3-30e5c243aba0	60623	226	17844	36785	5768	54855	0.003727958035729014	0.29434373092720584	0.6067829041782822	0.09514540685878296	0.004119952602315195	0.6705860906024975
ced18b90-cbcc-4593-9eaf-2d91daa9d756	60623	15649	27591	15106	2277	58346	0.25813635088992626	0.4551242927601735	0.24917935437045347	0.03756000197944674	0.26821033147088064	0.25890378089329175
79908395-d442-44a3-8e91-97c3ae97ddd5	60623	3747	43518	7877	5481	55142	0.061808224601223954	0.7178463619418373	0.1299341833957409	0.09041123006119789	0.06795183344818831	0.14284937071560697
1713ce6c-f182-41df-a356-b073002ca1f7	60623	17597	33856	4181	4989	55634	0.29026936971116574	0.5584679082196526	0.06896722366098676	0.0822954984081949	0.3162993852680016	0.07515188553762088
8f4f9492-0d28-4747-b4bb-25ddc99e4327	60623	1772	14692	38689	5470	55153	0.029229830262441647	0.24235026310146315	0.6381901258598222	0.09022978077627303	0.032128805323373165	0.7014849600203071
7d496652-5068-4ed8-b396-747666dd9a1c	60623	1880	17591	40342	810	59813	0.031011332332613033	0.29017039737393396	0.6654570047671676	0.013361265526285403	0.03143129420025747	0.6744687609716952
b6eb7ad6-2676-416e-b165-0cf683116793	60623	24	12	54858	5729	54894	0.0003958893489269749	0.00019794467446348745	0.9049040793098329	0.09450208666677663	0.0004372062520494043	0.9993441906219259
41dbed72-2bd8-4e94-9e20-ba18211bdcbc	60623	479	2709	52046	5389	55234	0.007901291589000874	0.044686010260132296	0.8585190439272223	0.0888936542236445	0.008672194662707753	0.9422819277980954
5de10a41-af67-4417-9152-54a184a37f68	60623	1599	16907	36540	5577	55046	0.026376127872259705	0.2788875509295152	0.6027415337413193	0.0919947874569058	0.02904843222032482	0.6638084511136141
e5e22755-8759-4349-a6ba-87fff441183c	60623	43	10276	44843	5461	55162	0.00070930175016083	0.16950662289889976	0.739702753080514	0.09008132227042541	0.000779522134802944	0.812932816069033
19b241cf-44e6-4a1b-81f0-90e2ed893cda	60623	1837	11830	46144	812	59811	0.030302030582452205	0.1951404582419214	0.7611632548702637	0.01339425630536265	0.030713413920516294	0.7714968818444767
cb5c8591-15ab-46b3-a819-57cbf71c6bce	60623	14	46846	11543	2220	58403	0.00023093545354073536	0.7727430183263778	0.1904062814443363	0.03661976477574518	0.00023971371333664367	0.1976439566460627
58b3222f-4ac0-4920-babc-e35b64cf90c6	60623	21473	30375	3799	4976	55647	0.3542054995628722	0.5010474572357027	0.0626659848572324	0.0820810583441928	0.3858788434237245	0.06826962819199597
fe693f25-efb5-46d5-8bab-de5b87eef1ad	60623	10361	33170	11833	5259	55364	0.1709087310096828	0.5471520709961566	0.19518994441053725	0.08674925358362338	0.18714326999494257	0.21373094429593237
9fee1e5a-af8f-4985-a896-50707bc09bac	60623	17	11222	47158	2226	58397	0.0002804216221566072	0.18511126140243803	0.7778895798624285	0.03671873711297692	0.00029111084473517474	0.8075414832953748
2726ed05-ac38-41d6-85f3-35ab0bcbc47a	60623	18757	28981	7142	5743	54880	0.3094040215759695	0.47805288421886083	0.11781007208485228	0.09473302212031737	0.3417820699708455	0.13013848396501457
dd8556f8-461a-468d-8604-c4f2366b1cd7	60623	27362	24708	3549	5004	55619	0.45134684855582863	0.4075680847203207	0.05854213747257642	0.08254292925127427	0.49195418831694204	0.06380912997357019
2119f90f-9efd-4712-9480-58510b3b5e4d	60623	30021	25833	3954	815	59808	0.49520808933902977	0.42612539795127263	0.06522277023571911	0.013443742473978523	0.5019562600321027	0.0661115569823435
f66a6768-2ef9-4318-91fe-8f3498553569	60623	16	259	54676	5672	54951	0.0002639262326179833	0.0042723058905036046	0.9019019184138033	0.09356184946307507	0.00029116849556877944	0.9949955414824116
930c3552-f960-4a57-aa35-b504807a9676	60623	3	10552	44177	5891	54732	4.948616861587186e-05	0.17405935041155998	0.7287168236477904	0.09717433977203371	5.4812541109405835e-05	0.8071512095300738
67ce3995-e6c2-4212-9a3e-14c7e2c7f921	60623	425	11387	46578	2233	58390	0.007010540553915181	0.18783300067631098	0.7683222539300265	0.03683420483974729	0.007278643603356739	0.7977050864874122
bb14a720-4899-48d9-a57b-e1fd2aa9d8ec	60623	17500	34564	2646	5913	54710	0.2886693169259192	0.5701466440129984	0.043646800719198985	0.09753723834188345	0.3198683970023762	0.048364101626759276
acb80c1b-6715-429a-a492-2fca93b3b918	60623	25	606	59187	805	59818	0.00041238473846559885	0.009996206060406116	0.976312620622536	0.013278788578592283	0.0004179344010164165	0.9894513357183456
b40f7345-8f0c-4db7-90ba-424ae5ee22ed	60623	1273	15958	37918	5474	55149	0.020998630882668293	0.26323342625736107	0.6254721805255431	0.09029576233442753	0.023082920814520663	0.6875555313786288
94a7bf49-bd7a-42f1-be31-5da536c24f21	60623	4153	16236	37979	2255	58368	0.06850535275390528	0.26781914454909855	0.6264783992873991	0.03719710340959702	0.07115200109649122	0.6506818804824561
bffd965b-885f-4914-b25b-a993338acaad	60623	182	14119	40350	5972	54651	0.00300216089602956	0.2328984048958316	0.6655889678834765	0.09851046632466226	0.003330222685769702	0.73832134819125
18f62092-806a-4a97-804f-0a6b17eef2c4	60623	1223	15022	42150	2228	58395	0.020173861405737098	0.24779374164920906	0.6952806690529997	0.03675172789205417	0.020943573936124667	0.7218083740046237
051e9ab0-af6a-4bd7-8673-c596dc6e78a0	60623	9893	42372	3143	5215	55408	0.16318888870560677	0.6989426455305742	0.05184500931989509	0.08602345644392392	0.1785482240831649	0.05672466069881606
4725c6d3-c67d-4ce8-a4c1-68c242183ce3	60623	1442	11885	45067	2229	58394	0.02378635171469574	0.1960477046665457	0.7433977203371658	0.03676822328159279	0.02469431790937425	0.7717744973798678
c8767fb2-1e4a-42de-b648-847d4a5df78b	60623	10278	35550	9215	5580	55043	0.169539613677977	0.5864110980980816	0.15200501459841975	0.09204427362552167	0.1867267409116509	0.16741456679323438
a51b5a50-8272-4cac-97a4-95d4c771e226	60623	12457	37739	9619	808	59815	0.20548306748263861	0.6225195057981294	0.15866915197202383	0.013328274747208156	0.20825879796037783	0.16081250522444204
2cd492fc-4e79-4483-a8d6-31c0156c50c9	60623	2026	20389	31774	6434	54189	0.03341965920525213	0.3363244973030038	0.5241245072002375	0.10613133629150652	0.03738766170255956	0.5863551643322445
effbbc75-67d0-4d2b-bef5-00ed066b0885	60623	927	25749	28655	5292	55331	0.015291226102304406	0.4247397852300282	0.47267538722926944	0.08729360143839797	0.016753718530299472	0.5178832842348774
8996acf9-a1e2-4356-a6c1-fd75d85d227c	60623	3179	25834	29373	2237	58386	0.05243884334328555	0.42614189334081126	0.48451907691800145	0.03690018639790179	0.05444798410577878	0.5030829308395849
bb88aa0d-274a-43dd-b6d4-28d06f69de29	60623	3027	26644	30138	814	59809	0.04993154413341471	0.4395031588670966	0.49713804991504873	0.0134272470844399	0.05061111203999398	0.5039040947014664
4d74ff85-24e2-4e93-aa23-94d58efd22e4	60623	115	18449	39833	2226	58397	0.0018969697969417549	0.30432344159807334	0.657060851492008	0.03671873711297692	0.0019692792437967705	0.6821069575491892
7cb799d4-b69f-4cac-b975-1df91396250a	60623	11718	35139	8461	5305	55318	0.1932929746135955	0.5796314929977071	0.13956749088629727	0.08750804150240007	0.21182978415705556	0.15295202284970533
64c5e193-9a0e-43cc-b189-e26c964a24ea	60623	12296	38245	9270	812	59811	0.20282730976692015	0.6308661729046732	0.15291226102304406	0.01339425630536265	0.20558091320994465	0.1549882128705422
59db495c-1778-47a2-b649-968025f08821	60623	76	11358	43092	6097	54526	0.0012536496049354205	0.18735463437969088	0.7108193259983835	0.10057239001699025	0.0013938304661996112	0.7903018743351795
170514dc-2d77-48f3-b9d0-42c216211e5b	60623	4946	23812	29627	2238	58385	0.08158619665803409	0.3927882156937136	0.4887089058608119	0.03691668178744041	0.0847135394364991	0.5074419799606064
3590ce4c-2c63-42f8-ac73-8d813301ef2d	60623	15309	32691	7455	5168	55455	0.2525279184467941	0.5392507794071557	0.12297312901044158	0.0852481731356086	0.27606167162564244	0.1344333243170138
07fede20-1f89-4952-b782-a89397ccd702	60623	15906	35556	8352	809	59814	0.26237566600135265	0.5865100704353133	0.13776949342658726	0.01334477013674678	0.2659243655331528	0.1396328618718026
7fec33cd-6f46-44c7-8204-e0f42b543abe	60623	446	26791	27420	5966	54657	0.007356943734226283	0.4419279811292744	0.4523035811490688	0.09841149398743052	0.008159979508571637	0.5016740765135298
51142764-b0db-474b-b243-f10af94e7e37	60623	3023	26324	29027	2249	58374	0.04986556257526022	0.434224634214737	0.47881167213763753	0.03709813107236527	0.05178675437694864	0.4972590536882859
0befd656-457c-4fa2-81c0-6c5a56f70196	60623	1494	23984	29698	5447	55176	0.024644111970704187	0.3956254226943569	0.4898800785180542	0.08985038681688468	0.027076989995650284	0.5382412643178194
cbdafa49-7dd7-4a42-b0a5-891aad11a802	60623	2226	12134	40539	5724	54899	0.03671873711297692	0.20015505666166306	0.6687065965062765	0.09441960971908352	0.04054718665185158	0.7384287509790707
9ed36f36-e8f1-44a1-8ca1-af01f25137cb	60623	2282	13263	44257	821	59802	0.037642478927139865	0.21877835145076951	0.7300364548108803	0.013542714811210266	0.03815925888766262	0.7400588609076619
f1989bf4-c884-430d-a075-679f7b4a4b07	60623	390	16573	38168	5492	55131	0.006433201920063343	0.2733780908236148	0.6295960279101991	0.09059267934612276	0.007074059966262176	0.6923146686981916
b52f7000-7c46-491b-98c6-5fa7977c0971	60623	1004	18993	39817	809	59814	0.01656137109677845	0.31329693350708476	0.65679692525939	0.01334477013674678	0.016785367974052896	0.6656802755207811
d458ab44-bd23-410d-9ffa-4d469d16c62b	60623	18044	29147	7313	6119	54504	0.29764280883493066	0.4807911188822724	0.12063078369595698	0.10093528858683998	0.33105827095259066	0.134173638632027
688b612d-ec98-4b25-a2f7-8162682e081c	60623	21588	30743	7481	811	59812	0.35610246935981393	0.5071177605859163	0.1234020091384458	0.013377760915824027	0.3609309168728683	0.12507523573864776
cf7b9151-6479-41af-986c-d9db10e33ca6	60623	1137	19734	34356	5396	55227	0.018755257905415438	0.3255200171552051	0.5667156029889646	0.08900912195041485	0.020587755988918464	0.6220870226519637
7c1f016a-1728-4496-acbc-97aa89c5ee58	60623	1073	16984	37320	5246	55377	0.017699552974943505	0.28015769592398926	0.6156079375814459	0.08653481351962126	0.019376275348971593	0.6739259981580801
f2e6f90f-6117-406d-8106-2ef4b37e19d2	60623	2355	16893	35595	5780	54843	0.038846642363459416	0.2786566154759745	0.5871533906273196	0.09534335153324645	0.042940758164214214	0.6490345167113396
c8af047f-ef7b-43c1-8690-00842709c11e	60623	2573	18430	37390	2230	58393	0.042442637282879433	0.3040100291968395	0.6167626148491496	0.036784718671131415	0.04406350076207765	0.6403164762899662
52251e62-0c54-45d6-9159-adb0640f3f48	60623	2575	19386	37857	805	59818	0.042475628061956684	0.319779621595764	0.6244659617636871	0.013278788578592283	0.043047243304690896	0.6328697047711391
90c52b7a-a0fb-4e5f-9c80-ee94516ab8d9	60623	2104	14818	37962	5739	54884	0.0347062995892648	0.24442868218332975	0.6261979776652425	0.09466704056216288	0.03833539829458494	0.6916769914729247
87b4e4b1-d594-45c1-8559-121ff0b1ce04	60623	2817	16048	40949	809	59814	0.04646751233030368	0.2647180113158372	0.6754697062171123	0.01334477013674678	0.04709599759253687	0.6846056107265858
29d36fc7-e849-42aa-bcc8-2fd9f7c9e24e	60623	1527	16585	36848	5663	54960	0.02518845982547878	0.2735760354980783	0.6078221137192155	0.09341339095722745	0.027783842794759827	0.6704512372634643
3231d01a-e80c-46a1-8c9c-3492dca9f250	60623	167	27356	27971	5129	55494	0.0027547300529502006	0.4512478762185969	0.46139254078485065	0.08460485294360226	0.0030093343424514364	0.5040364724114319
fe8b3cb8-15ce-4d0c-b168-d8d3db4be176	60623	7	624	53668	6324	54299	0.00011546772677036768	0.010293123072101347	0.8852745657588704	0.10431684344225789	0.000128915817970865	0.9883791598371977
51ac7089-fef6-45a2-a53b-501e6ac3a247	60623	78	3075	55053	2417	58206	0.0012866403840126684	0.05072332283126866	0.9081206802698646	0.0398693565148541	0.001340068034223276	0.945830326770436
38875e85-5516-4775-a4b1-9b2b7ef4d732	60623	0	1434	55399	3790	56833	0.0	0.023654388598386752	0.9138280850502285	0.06251752635138479	0.0	0.9747681804585364
525471c8-0249-45ed-a443-db52ca6c04d9	60623	1560	14163	42664	2236	58387	0.02573280768025337	0.23362420203553108	0.7037592992758523	0.03688369100836316	0.0267182763286348	0.7307106033877404
8f515078-38de-44c1-81ce-e40d8a942fc7	60623	80	1036	53723	5784	54839	0.0013196311630899163	0.017089223562014418	0.8861818121834947	0.09540933309140096	0.001458815806269261	0.9796495195025439
46793f96-a549-4d25-bbba-62756f62da30	60623	79	2310	57417	817	59806	0.0013031357735512924	0.038104349834221334	0.9471157811391716	0.01347673325305577	0.001320937698558673	0.9600541751663713
fdb8966d-55c9-49be-80dd-369246604aad	60623	10884	31891	11705	6143	54480	0.17953581973838312	0.5260544677762565	0.1930785345495934	0.10133117793576696	0.19977973568281937	0.21484948604992657
433dd0c4-e3a8-4175-8cd9-a57d221aab46	60623	11642	35330	12834	817	59806	0.19203932500866008	0.5827821123995843	0.21170182933869983	0.01347673325305577	0.1946627428686085	0.21459385345951912
4416312b-c64f-4fb2-9819-6ccf9b8ab219	60623	21795	27425	6101	5302	55321	0.3595170149943091	0.45238605809676197	0.10063837157514474	0.0874585553337842	0.39397335550695034	0.11028361743280128
00b6fc98-bbbc-4a29-9823-61fc1000fc95	60623	23839	29167	6801	816	59807	0.39323359121125645	0.4811210266730449	0.11218514425218151	0.013460237863517147	0.398598826224355	0.11371578577758457
d900cebf-8795-4385-8f57-77209178ff43	60623	21475	31363	2560	5225	55398	0.35423849034194943	0.5173449020998631	0.04222819721887732	0.08618841033931016	0.3876493736235965	0.0462110545507058
6672a1ff-0c2c-4abf-b6b9-38f698179593	60623	24496	32753	2570	804	59819	0.4040710621381324	0.5402734935585504	0.04239315111426356	0.01326229318905366	0.4095019976930407	0.042962938196893966
8486f0d0-2bb2-41a0-8b21-308407ce4aba	60623	570	7293	47401	5359	55264	0.009402372037015654	0.1203008759051845	0.781897959520314	0.08839879253748577	0.010314128546612624	0.8577193109438332
bbfed693-79e1-4dc7-896e-15b98fc7dbac	60623	116	13576	41838	5093	55530	0.0019134651864803787	0.2239414083763588	0.690134107516949	0.0840110189202118	0.002088960922024131	0.7534305780659103
8a3e4430-40be-46e0-bb38-946435911371	60623	21644	27858	5694	5427	55196	0.35702621117397687	0.45952856176698614	0.0939247480329248	0.0895204790261122	0.3921298644829335	0.10315964924994565
4a3d349f-afe3-4c22-9e23-e2ebc7025905	60623	22187	30228	5976	2232	58391	0.36598320769344966	0.4986226349735249	0.09857644788281675	0.036817709450208666	0.37997294103543355	0.10234453939819493
6ea4f0e4-f241-4d14-af35-a9bbcb8f4a9d	60623	341	16409	38195	5678	54945	0.005624927832670768	0.27067284693928045	0.630041403427742	0.09366082180030681	0.006206206206206206	0.6951496951496952
072ba366-b5ad-46bd-ad87-e85057ca6bf7	60623	0	13	54974	5636	54987	0.0	0.0002144400640021114	0.9068175444963132	0.09296801543968461	0.0	0.9997635804826596
bbe4ea81-6f31-4589-8797-b140bcb35d2b	60623	1031	21513	32340	5739	54884	0.0170067466143213	0.35486531514441716	0.5334608976790987	0.09466704056216288	0.01878507397420013	0.5892427665622039
b92ffcb4-f03c-4ac0-9d5c-873baed74af6	60623	1057	24904	33850	812	59811	0.01743562674232552	0.41080118106989094	0.5583689358824209	0.01339425630536265	0.017672334520405945	0.5659494072996606
b1d85c32-1698-44ed-a4e2-707611a3889c	60623	1406	16118	37627	5472	55151	0.02319251769130528	0.2658726885835409	0.6206720221698036	0.09026277155535029	0.025493644720857283	0.6822541749016336
eb401991-7a9a-494a-8f7c-072f39e40ec2	60623	16681	32008	6384	5550	55073	0.27515959289378616	0.5279844283522755	0.10530656681457533	0.09154941193936295	0.30288889292393734	0.11591887131625297
533282bd-8299-467e-88b8-6f723b1a3bf6	60623	19484	32506	6409	2224	58399	0.32139616977054913	0.5361991323425103	0.10571895155304092	0.03668574633389968	0.33363584992893713	0.10974502988064865
391c5d58-68fd-4e17-a095-ebb94d32bf58	60623	13814	31148	10426	5235	55388	0.2278673110865513	0.513798393349059	0.17198093132969336	0.0863533642346964	0.24940420307647865	0.18823571892828772
111f607f-5b87-4595-9aa7-df9381717bee	60623	208	10530	43885	6000	54623	0.0034310410240337825	0.17369645184171023	0.7239001699025123	0.09897233723174373	0.0038079197407685406	0.8034161433828241
7a1db005-662a-4df4-886a-ec3319bde99a	60623	3982	16706	37677	2258	58365	0.06568464114280059	0.2755719776322518	0.6214967916467348	0.03724658957821289	0.06822582026899683	0.6455409920328964
74826da0-ddc4-49b0-bcb5-591691f4f8d6	60623	124	14265	40909	5325	55298	0.0020454283027893706	0.23530673176847072	0.6748098906355674	0.08783794929317255	0.002242395746681616	0.7397916742015986
24ffa457-5765-43c1-8cdd-b50a31dc5b56	60623	0	6723	48310	5590	55033	0.0	0.11089850386816885	0.7968922686109232	0.0922092275209079	0.0	0.8778369342031145
27a6b2d1-ad0f-4193-b54c-646560930289	60623	10730	30344	14002	5547	55076	0.17699552974943503	0.5005361001600053	0.23096844431981262	0.09149992577074707	0.19482170092236184	0.25423051782990774
b0b13b63-cf9d-4cb9-a3fa-217d499763f8	60623	0	9858	45128	5637	54986	0.0	0.16261155007175496	0.7444039390990218	0.09298451082922324	0.0	0.8207180009456952
62af5b99-db7f-4c92-97f1-92e825c15729	60623	1689	10674	46035	2225	58398	0.02786071293073586	0.1760717879352721	0.7593652574105537	0.0367022417234383	0.02892222336381383	0.7882975444364533
d9939f44-f5d7-469f-b256-4af851190454	60623	5703	21801	30878	2241	58382	0.09407320653877241	0.3596159873315408	0.5093446381736305	0.036966167956056284	0.09768421773834401	0.5288958925696277
4d5aaf12-a500-4709-9c99-5b9fef2c79b1	60623	9078	37231	8956	5358	55265	0.14974514623162827	0.6141398479125084	0.14773270870791613	0.08838229714794715	0.16426309599203837	0.16205555052926807
38e5fc32-615e-435d-ae6e-b79701aba593	60623	2322	17989	38085	2227	58396	0.038302294508684824	0.2967355624103063	0.6282269105784933	0.03673523250251555	0.03976299746557983	0.6521850811699431
44f5f2b7-94ac-4bbd-8ca8-bb5be4b0fbdb	60623	3195	17599	33815	6014	54609	0.05270276957590354	0.290302360490243	0.557791597248569	0.09920327268528446	0.058506839531945284	0.6192202750462378
a99995e3-8d0b-453a-b604-206218279b71	60623	6	6797	48254	5566	55057	9.897233723174372e-05	0.11211916269402702	0.7959685267967603	0.09181333817198094	0.00010897796828741123	0.8764371469567902
69d76e7a-e0cb-4a8d-b6cd-67d8702d2af9	60623	1745	17014	35741	6123	54500	0.0287844547448988	0.28065255761014796	0.5895617174999588	0.10100127014499448	0.032018348623853214	0.6557981651376147
9983a90e-9f72-4fe0-9d3b-62d25d3356ee	60623	3439	17007	39787	390	60233	0.05672764462332778	0.2805370898833776	0.6563020635732313	0.006433201920063343	0.05709494795211927	0.6605515249115933
cd81e8c8-2526-4427-a1db-6ce6bff105e6	60623	28	11235	43795	5565	55058	0.0004618709070814707	0.18532570146644012	0.7224155848440361	0.09179684278244231	0.0005085546151331323	0.7954339060626975
358170c2-998a-4857-b67b-8fa9c4f42ca0	60623	80	14013	45704	826	59797	0.0013196311630899163	0.23114989360473748	0.7539052834732692	0.013625191758903386	0.0013378597588507785	0.7643192802314498
efc25de9-e672-4b44-9003-5b277a47a625	60623	14474	32357	8413	5379	55244	0.23875426818204312	0.5337413193012553	0.13877571218844334	0.08872870032825825	0.2620013033089566	0.15228803127941495
9fc74039-249b-4507-a33f-2ebba6787bbf	60623	17425	31374	11013	811	59812	0.2874321627105224	0.517526351384788	0.1816637249888656	0.013377760915824027	0.29132949909717115	0.1841269310506253
c505b908-c303-4e98-b0c3-d4252afd01c2	60623	17993	32579	4829	5222	55401	0.2968015439684608	0.5374032957788298	0.07965623608201508	0.0861389241706943	0.32477753109149654	0.08716449161567481
20a3261a-40e4-41ed-872a-78000f6bf41c	60623	19025	35549	5239	810	59813	0.3138247859723207	0.5863946027085429	0.0864193457928509	0.013361265526285403	0.3180746660424991	0.08758965442295154
efe5ae48-c145-4b24-a1df-ba485d355dfa	60623	1776	34687	18586	5574	55049	0.029295811820596145	0.5721755769262491	0.3065833099648648	0.09194530128828993	0.032262166433541024	0.33762647822848735
63e1885f-fc31-4f65-ba8e-64b61d1e08cd	60623	4562	36312	18946	803	59820	0.07525196707520249	0.5989805849265131	0.31252165019876943	0.013245797799515036	0.07626211969241056	0.31671681711802074
c20183e0-600b-4d1d-975f-2b6e43c35d0d	60623	17716	32379	4728	5800	54823	0.29223232106626196	0.5341042178711051	0.07799020173861405	0.09567325932401893	0.32314904328475275	0.08624117614869671
141dc3e5-9ed1-4f0d-be9d-bdd694f77876	60623	3	508	59304	808	59815	4.948616861587186e-05	0.00837965788562097	0.978242581198555	0.013328274747208156	5.01546434840759e-05	0.9914569923932124
48b84b42-0a80-4429-9d6f-1a51b8aaae2e	60623	15958	35944	3624	5097	55526	0.26323342625736107	0.5929102815762994	0.05977929168797321	0.08407700047836629	0.28739689514821887	0.0652667218960487
cd43784d-8829-4cac-819f-d2960c5409cb	60623	15901	34652	4619	5451	55172	0.2622931890536595	0.5715982382923973	0.07619220427890405	0.08991636837503918	0.2882077865583992	0.08372000290002175
61513da0-4eb3-4cae-bfff-7b05f3362488	60623	6	13866	41186	5565	55058	9.897233723174372e-05	0.22872507134255976	0.6793791135377661	0.09179684278244231	0.00010897598895709979	0.7480475135311853
441bc411-82f7-4b5c-a2a1-89049f33548a	60623	2003	15800	42012	808	59815	0.03304026524586378	0.2606271547102585	0.6930043052966696	0.013328274747208156	0.03348658363286801	0.702365627350999
2b89e52a-a064-4151-87e1-20fec4eed015	60623	515	6409	51467	2232	58391	0.008495125612391336	0.10571895155304092	0.848968213384359	0.036817709450208666	0.00881985237450977	0.8814200818619308
3669f3bd-dffe-4737-bf81-07f38deceb2e	60623	19535	34198	1668	5222	55401	0.3222374346370189	0.564109331441862	0.027514309750424758	0.0861389241706943	0.35261096370101624	0.030107759787729463
4a52777f-e23f-49f8-b853-be84b9a74bda	60623	14581	36380	4548	5114	55509	0.24051927486267588	0.6001022714151395	0.07502103162166175	0.0843574221005229	0.2626781242681367	0.08193265956871859
2c0ae09e-f422-4986-9e45-cfe13c5ee3de	60623	15550	38787	5483	803	59820	0.2565033073256025	0.6398066740346073	0.09044422084027515	0.013245797799515036	0.25994650618522236	0.09165830825810765
be6771b3-dc5e-46fb-998a-a66a6fd63c85	60623	267	1687	53170	5499	55124	0.004404269006812596	0.027827722151658612	0.8770598617686357	0.09070814707289312	0.004843625281184239	0.9645526449459401
9aae154c-ffe9-4e86-9111-903b55de9228	60623	17385	29332	8042	5864	54759	0.2867723471289775	0.48384276594691783	0.13265592266961385	0.09672896425449087	0.3174820577439325	0.14686170309903396
928a0916-f1a7-4d4b-8227-f10f6b749617	60623	19821	31620	8378	804	59819	0.3269551160450654	0.5215842172112894	0.1381983735545915	0.01326229318905366	0.33134957120647285	0.1400558351025594
7d811a29-b303-453e-9c0e-91ae12907510	60623	882	17771	36532	5438	55185	0.014548933573066329	0.2931395674908863	0.6026095706250103	0.08970192831103707	0.01598260396846969	0.6619914831928966
52b61241-f08a-440e-a1f1-3d0967f7d632	60623	944	18212	40658	809	59814	0.015571647724461013	0.3004140342774195	0.6706695478613728	0.01334477013674678	0.01578225833416926	0.6797405289731501
97a91868-8a8d-4b2d-bba2-8bd187f572ac	60623	0	94	54399	6130	54493	0.0	0.0015505666166306517	0.8973326955116046	0.10111673787176484	0.0	0.9982750077991669
dfcd4fbd-4441-40aa-a36a-13383c8d7f1a	60623	965	20348	33937	5373	55250	0.015918050904772118	0.33564818633192023	0.5598040347722811	0.0886297279910265	0.01746606334841629	0.6142443438914027
7e05ef4b-a326-4d4e-804a-0c861b9592ed	60623	1068	20934	37811	810	59813	0.017617076027250385	0.34531448460155384	0.6237071738449104	0.013361265526285403	0.017855650109507966	0.6321535452159229
e4d6fa52-fb29-47ac-aade-8f6020a5b55e	60623	1493	31201	21729	6200	54423	0.024627616581165565	0.514672648994606	0.35842831928475993	0.10227141513946852	0.02743325432262095	0.3992613417121438
3bd77a8a-7740-498f-be3c-ef7678c45c72	60623	3175	34054	22985	409	60214	0.05237286178513106	0.5617339953483002	0.3791465285452716	0.006746614321297198	0.05272860132195171	0.38172185870395586
1fce45c1-b4e9-40fb-b914-23ec7472aca2	60623	1469	19375	34405	5374	55249	0.02423172723223859	0.31959817231083915	0.5675238770763572	0.08864622338056513	0.02658871653785589	0.622726203189198
a081a22a-184f-44af-92cf-674c7d349e03	60623	10194	30904	13442	6083	54540	0.16815400095673258	0.5097735183016346	0.2217310261781832	0.10034145456344952	0.1869086908690869	0.24646131279794647
81d8bd21-425c-47dd-9107-3dc3dd2bb697	60623	10912	34891	14001	819	59804	0.1799976906454646	0.5755406363921284	0.230951948930274	0.01350972403213302	0.18246271152431276	0.23411477493144273
558827de-87a0-4041-89b2-fe439ac820a2	60623	1124	45213	12059	2227	58396	0.018540817841413326	0.7458060472098048	0.19891790244626628	0.03673523250251555	0.019247893691348723	0.20650387012809096
a36ab3e1-b5fb-4557-af54-88d4ada2aaaf	60623	15	13509	41691	5408	55215	0.00024743084307935934	0.22283621727727101	0.6877092852547713	0.08920706662487835	0.00027166530834012495	0.7550665580005433
98b8c779-fb3b-408f-889e-f940c61d4f75	60623	77	14782	44960	804	59819	0.0012701449944740445	0.2438348481599393	0.741632713656533	0.01326229318905366	0.0012872164362493523	0.7516006619970244
8e66ac32-4df0-45b2-915e-37eacd1040a2	60623	20091	27582	7577	5373	55250	0.3314088712204939	0.4549758342543259	0.1249855665341537	0.0886297279910265	0.3636380090497738	0.13714027149321267
582f27ff-5bbb-47b1-b561-92b93ae67528	60623	21017	29386	7988	2232	58391	0.34668360193325964	0.4847335169820035	0.13176517163452814	0.036817709450208666	0.35993560651470263	0.13680190440307582
6ba4eb6f-f6dc-441d-879a-7e27dc903c7f	60623	14824	30622	9381	5796	54827	0.2445276545205615	0.5051218184517428	0.1547432492618313	0.09560727776586445	0.27037773359840955	0.1711018293906287
a323f2f5-b250-40a6-a318-084a3933e829	60623	16073	34649	4357	5544	55079	0.26513039605430283	0.5715487521237814	0.07187041221978457	0.0914504396021312	0.29181720801031247	0.07910455890629822
4b1fa422-b017-449b-a763-4962f4121569	60623	1	4	59808	810	59813	1.6495389538623956e-05	6.598155815449583e-05	0.9865562575260215	0.013361265526285403	1.671877351077525e-05	0.9999164061324461
5ce49570-ce22-4370-9d38-6cf43f808e81	60623	1352	15969	37809	5493	55130	0.022301766656219586	0.26341487554228593	0.6236741830658331	0.09060917473566138	0.024523852711772175	0.6858153455468892
5e13d3ce-ac89-4316-94a1-8395bd56fbfa	60623	16773	33753	7863	2234	58389	0.2766771687313396	0.5567688830971743	0.12970324794220014	0.03685070022928592	0.28726301186867387	0.13466577608796176
95522925-79b0-4ce7-8323-dce56cbf15cd	60623	13	8979	49394	2237	58386	0.0002144400640021114	0.14811210266730448	0.8147732708707917	0.03690018639790179	0.00022265611619223786	0.8459904771691844
77ab9685-021c-4d99-8980-79bec534828e	60623	16353	36847	2548	4875	55748	0.2697491051251175	0.6078056183296768	0.04203025254441384	0.08041502400079178	0.29333787759202123	0.045705675539929685
fce7a055-f6ea-4dc3-a42f-51b8ed236ca7	60623	484	19993	34387	5759	54864	0.007983768536693994	0.3297923230457087	0.5672269600646619	0.09499694835293536	0.008821813939924176	0.6267680081656459
4f02d4b3-732b-4ae1-8e4d-4cd267f5a571	60623	1897	21133	36782	811	59812	0.031291753954769644	0.34859706711974003	0.6067334180096663	0.013377760915824027	0.03171604360329031	0.6149602086537819
b15d7b36-c394-4ba4-a896-3e8beb2f8db0	60623	45	19296	38897	2385	58238	0.0007422925292380779	0.3182950365372878	0.641621166883856	0.03934150404961813	0.0007726913698959442	0.6678972492187232
9347d927-3747-4f06-ab2a-672aefdf48ea	60623	12336	34346	8763	5178	55445	0.2034871253484651	0.5665506490935783	0.1445490985269617	0.08541312703099484	0.22249075660564524	0.15804851654793037
8f5868bb-bf9b-4bc3-b5ba-605e5a435bd5	60623	13822	36730	9266	805	59818	0.2279992742028603	0.6058756577536578	0.15284627946488957	0.013278788578592283	0.23106757163395633	0.1549032063927246
e134063e-745d-4c97-8d48-6f3e238daefc	60623	645	3412	51010	5556	55067	0.01063952625241245	0.05628226910578493	0.841429820365208	0.09164838427659469	0.011713004158570468	0.9263261118274102
14b28350-3d68-4d7d-953d-73523d67492b	60623	1375	4940	52051	2257	58366	0.02268116061560794	0.08148722432080234	0.8586015208749155	0.03723009418867427	0.02355823595929137	0.8918034472124182
5df514e7-6e12-474a-92f2-067898b351ac	60623	20651	30690	3953	5329	55294	0.34064628936212327	0.5062435049403692	0.0652062748461805	0.08790393085132706	0.3734763265453756	0.07149057763952689
e6751f11-2f24-426c-a34f-c03cddc999cc	60623	2738	26766	25776	5343	55280	0.045164376556752386	0.4415155963908088	0.42518516074757107	0.08813486630486779	0.049529667149059334	0.4662807525325615
5c87516f-276b-4e45-ae8c-f12a7fe3c477	60623	5371	25972	27045	2235	58388	0.08859673721194926	0.4284182570971414	0.44611781007208484	0.03686719561882454	0.09198807974241283	0.463194492018908
7d9f2d6d-3ec6-4fed-9d3a-52e813bd8be6	60623	19320	31231	5195	4877	55746	0.3186909258862148	0.5151675106807647	0.08569354865315144	0.08044801477986903	0.34657195135076957	0.09319054281921572
045f0c23-41af-4ee9-8391-958da554596c	60623	19949	33859	6011	804	59819	0.32906652590600927	0.5585173943882685	0.09915378651666859	0.01326229318905366	0.3334893595680302	0.10048646751032281
7579e91b-80df-4ab7-a775-e33418d17b1f	60623	16621	29807	8634	5561	55062	0.27416986952146877	0.4916780759777642	0.14242119327647923	0.09173086122428781	0.3018597217681886	0.15680505611855727
981e7677-6bde-4617-8c24-732d606b81e4	60623	12464	35842	6928	5389	55234	0.20559853520940896	0.5912277518433597	0.11428005872358676	0.0888936542236445	0.2256581091356773	0.12542998877502987
7cfc51aa-08cd-426a-824f-1ccab2d97955	60623	15105	35625	7662	2231	58392	0.24916285898091484	0.5876482523134784	0.12638767464493675	0.036801214060670044	0.2586826962597616	0.13121660501438553
b38f209a-000b-4cbf-a4bd-0bc6f027fce3	60623	14839	31191	9308	5285	55338	0.24477508536364087	0.5145076950992198	0.15353908582551176	0.0871781337116276	0.2681520835592179	0.16820268170154323
7c831316-3c7d-4ef1-913f-1c43955cd82c	60623	18138	31876	9798	811	59812	0.29919337545156127	0.5258070369331772	0.1616218266994375	0.013377760915824027	0.30325018390958336	0.16381328161572928
fdf5e5b9-8d6c-4581-93d4-bedae0bf371d	60623	1	24158	30542	5922	54701	1.6495389538623956e-05	0.3984956204740775	0.5038021872886528	0.09768569684773105	1.8281201440558675e-05	0.558344454397543
5b6ac9a8-6a13-4007-8d23-b96168b877a2	60623	0	23432	34964	2227	58396	0.0	0.3865199676690365	0.576744799828448	0.03673523250251555	0.0	0.5987396397013494
6211110a-552c-492f-b066-c3b41db7fbad	60623	5170	23970	26217	5266	55357	0.08528116391468585	0.3953944872408162	0.4324596275341042	0.08686472131039374	0.09339378940332749	0.4735986415448814
fcd83e7f-2210-465d-8362-3b5e2c368625	60623	497	6391	48707	5028	55595	0.008198208600696106	0.10542203454134569	0.803440938257757	0.08293881860020125	0.008939652846478999	0.8761039661840093
e269dfe4-e18a-48a4-805b-ff1c3f6f42b6	60623	606	6495	52710	812	59811	0.009996206060406116	0.10713755505336259	0.8694719825808687	0.01339425630536265	0.010131915533931885	0.8812760194613031
e14eecdb-9843-4549-917b-ee1e3d77025d	60623	2064	23075	30184	5300	55323	0.03404648400771984	0.38063111360374774	0.49789683783382543	0.08742556455470696	0.037308172008025595	0.5455958642879092
3d2248d8-b9e2-45f5-a778-835328528a77	60623	2183	22006	36075	359	60264	0.036009435362816096	0.36299754218695873	0.5950711776058591	0.005921844844366	0.03622394796229922	0.5986160892074871
b5e8849b-9002-4b65-a2ea-6a46c04aba4a	60623	121	11059	43415	6028	54595	0.0019959421341734984	0.1824225129076423	0.7161473368193589	0.0994342081388252	0.0022163201758402785	0.7952193424306255
9c899d76-6517-4a18-b444-8aa5a2de9e2b	60623	226	11067	48509	821	59802	0.003727958035729014	0.1825544760239513	0.8001748511291095	0.013542714811210266	0.0037791378214775424	0.8111601618674961
c084ec17-62a3-43d7-bc0d-ab806bcd35a3	60623	753	12305	41926	5639	54984	0.012421028322583837	0.20297576827276775	0.6915857017963479	0.09301750160830048	0.013694893059799214	0.762512730976284
56ef8f4c-4dbd-40fd-abc9-704e20cd0a17	60623	793	13778	43794	2258	58365	0.013080843904128796	0.22727347706316084	0.7223990894544975	0.03724658957821289	0.013586909963162854	0.7503469545104087
d14005f6-55df-422b-a152-3c313b8df92f	60623	135	2828	51914	5746	54877	0.002226877587714234	0.046648961615228544	0.856341652508124	0.09478250828893324	0.0024600470142318275	0.9460065236802303
afb43292-69c2-4d84-84f5-0bde9a6e9ea5	60623	18193	31156	5720	5554	55069	0.3001006218761856	0.5139303564653679	0.09435362816092902	0.09161539349751745	0.330367357315368	0.10386969075160253
a599e843-3a81-4220-90e8-b598a87cf6c9	60623	21299	32315	6192	817	59806	0.3513353017831516	0.533048512940633	0.10213945202315952	0.01347673325305577	0.35613483596963513	0.10353476239842156
46d32513-dc68-4261-8e1b-26d407b6546a	60623	1052	13850	39880	5841	54782	0.0173531497946324	0.22846114510994178	0.6578361348003233	0.09634957029510252	0.019203387974152095	0.7279763425942828
00d721b6-96bc-4537-818e-29bb7756dbdd	60623	3144	15306	41369	804	59819	0.051861504709433716	0.25247843227817823	0.6823977698233343	0.01326229318905366	0.05255855163075277	0.6915695681973955
b359856a-959f-4b31-9e92-ef33c591c17a	60623	9938	38044	7565	5076	55547	0.16393118123484485	0.6275505996074098	0.12478762185969022	0.0837305972980552	0.17891155237906636	0.13619097340990513
35817ec6-5c0c-44d7-b5a8-b6de3ab24fdd	60623	4689	22656	27855	5423	55200	0.07734688154660772	0.3737195453870643	0.45947907559837026	0.08945449746795771	0.08494565217391305	0.5046195652173913
20d8a43d-e1a7-4e85-8da2-2e9b5f1d3a9a	60623	897	13425	44077	2224	58399	0.014796364416145687	0.22145060455602658	0.727067284693928	0.03668574633389968	0.01535985205226117	0.7547560745903183
92d562df-4a58-43da-8811-843d3d3c9438	60623	13800	38271	6299	2253	58370	0.22763637563301056	0.6312950530326774	0.1039044587037923	0.03716411263051977	0.2364228199417509	0.10791502484152818
4a2528c7-eaba-46da-b1e5-431a17bff9c7	60623	23859	27204	4429	5131	55492	0.3935634990020289	0.44874057700872605	0.07305808026656549	0.08463784372267952	0.4299538672241044	0.0798133064225474
34610719-305a-4a6a-81c2-fa483c5ad87f	60623	25913	29010	4895	805	59818	0.42744502911436255	0.4785312505154809	0.08074493179156426	0.013278788578592283	0.43319736534153597	0.08183155571901435
a2667408-6465-4258-9e68-f88ec3cd7b7d	60623	2241	8977	43421	5984	54639	0.036966167956056284	0.14807911188822723	0.7162463091565907	0.09870841099912575	0.04101465985834294	0.7946887754168268
631e1f37-b782-495f-9a8d-734e02876e09	60623	2832	9065	47911	815	59808	0.04671494317338304	0.14953070616762615	0.7903106081850123	0.013443742473978523	0.04735152487961477	0.8010801230604602
ed537d83-388b-4125-8c8c-204a0bcbcde8	60623	1603	21053	32537	5430	55193	0.0264421094304142	0.3472774359566501	0.5367104894182076	0.08956996519472807	0.029043538129835306	0.5895131629010926
a75cc4f8-4a86-4887-9fee-aef9b95dfc43	60623	1770	24110	33933	810	59813	0.0291968394833644	0.39770384177622353	0.5597380532141266	0.013361265526285403	0.02959222911407219	0.5673181415411366
ee7d5c16-fb34-4500-87f4-c920f797d9f5	60623	16803	30537	7383	5900	54723	0.2771720304174983	0.5037197103409597	0.12178546096366066	0.09732279827788133	0.30705553423606163	0.13491584891179212
8e57f81d-75f5-4324-bed6-91d4f054c9a5	60623	16982	31837	11000	804	59819	0.280124705144912	0.5251637167411708	0.1814492849248635	0.01326229318905366	0.2838897340309935	0.18388806232133603
0918328b-5726-4429-a7dc-bb4d4869575b	60623	94	7576	47268	5685	54938	0.0015505666166306517	0.12496907114461508	0.7797040727116771	0.09377628952707719	0.001711019694928829	0.8603880738286797
9552886e-881b-4bed-842c-596fcc8d87c3	60623	21706	31875	1571	5471	55152	0.3580489253253716	0.5257905415436386	0.025914256965178233	0.09024627616581166	0.3935668697418045	0.028484914418334784
411b4c26-fcc4-438a-8731-d0cf5dd6c74f	60623	2287	22529	30031	5776	54847	0.03772495587483298	0.37162463091565906	0.495373043234416	0.09527736997509197	0.041697813918719344	0.5475413422794319
96d1655d-0a5e-4e2e-b9eb-f422ced79483	60623	702	13128	40983	5810	54813	0.011579763456114016	0.2165514738630553	0.6760305494614255	0.09583821321940518	0.012807180778282525	0.7476875923594768
73e2b0aa-a45b-42d6-af0e-573a5dc92e60	60623	750	14931	44134	808	59815	0.012371542153967966	0.24629266120119428	0.7280075218976296	0.013328274747208156	0.012538660871018976	0.7378416785087353
d1a2fb08-a7b9-4920-af5a-33118478a429	60623	14311	32855	7962	5495	55128	0.23606551968724743	0.5419560232914901	0.13133629150652393	0.09064216551473864	0.2595958496589755	0.14442751414888985
47c1b471-fa40-4d9c-abca-d8542d4d4549	60623	16171	35520	8127	805	59818	0.26674694422908796	0.5859162364119229	0.13405803078039688	0.013278788578592283	0.27033668795345883	0.13586211508241666
4aa80346-4292-4863-9891-bb4c218880b3	60623	552	4444	50223	5404	55219	0.009105455025320423	0.07330551110964485	0.8284479487983109	0.08914108506672386	0.00999655915536319	0.9095238957605172
e66d5c81-a9e3-4642-9bcb-655372f247a5	60623	17676	32029	5830	5088	55535	0.291572505484717	0.5283308315325866	0.09616812101017766	0.08392854197251869	0.31828576573332135	0.1049788421716035
1a188673-0e2f-43bc-8bef-365d274016f7	60623	20491	33294	6032	806	59817	0.33800702703594343	0.5491974992989459	0.0995001896969797	0.013295283968130907	0.34256147917816004	0.10084089807245432
01a6f7cd-10cc-4f33-aa75-b29abd6c2edb	60623	2095	27033	25300	6195	54428	0.03455784108341718	0.44591986539762135	0.4173333553271861	0.1021889381917754	0.038491217755566985	0.4648342764753436
b3909bea-c426-4dad-94a9-15577e9f0c09	60623	1554	14302	39391	5376	55247	0.025633835343021626	0.2359170611813998	0.6497698893159362	0.08867921415964237	0.0281282241569678	0.7129979908411317
66835c98-90ed-44f3-a6ea-9ac2cdf1561e	60623	1621	15149	43050	803	59820	0.02673902644210943	0.24988865612061428	0.7101265196377613	0.013245797799515036	0.027097960548311602	0.7196589769307924
27a33c2d-6704-4164-aa5b-894665dea55f	60623	3024	47305	4673	5621	55002	0.04988205796479884	0.7803144021246061	0.07708295531398975	0.09272058459660525	0.05497981891567579	0.08496054688920403
1b396d98-af47-49c3-bf45-9f26ed32d71c	60623	2029	27099	26181	5314	55309	0.033469145373868005	0.4470085611071705	0.43186579351071375	0.08765650000824769	0.036684807174239276	0.4733587662044152
5d4e65aa-d7d0-43ec-b395-df2f01b1a203	60623	1390	23597	30216	5420	55203	0.022928591458687298	0.38924170694290944	0.4984246902990614	0.08940501129934184	0.025179790953390215	0.5473615564371501
ce884866-7563-44b2-a7b0-849512c66abf	60623	45	17608	37271	5699	54924	0.0007422925292380779	0.2904508189960906	0.6147996634940535	0.09400722498061792	0.0008193139611098973	0.6785922365450441
027d38d8-6877-4fdd-b6e1-a841692b1ee9	60623	2467	18366	38977	813	59810	0.0406941259917853	0.30295432426636754	0.6429407980469459	0.013410751694901276	0.041247283063032936	0.6516803210165524
469795c3-7cfa-4b95-9b0f-3fc7a3336f22	60623	232	15248	39617	5526	55097	0.0038269303729607574	0.25152169968493804	0.6534978473516652	0.09115352259043598	0.004210755576528668	0.7190409641178286
2bc1534c-e934-4ff3-8e51-a5e5def40425	60623	2762	15500	41558	803	59820	0.04556026590567936	0.2556785378486713	0.6855153984461343	0.013245797799515036	0.046171848879973255	0.6947174857907055
046c032f-69e8-4815-b7ab-28858392d6b0	60623	23387	27536	4176	5524	55099	0.38577767513979844	0.4542170463355492	0.06888474671329363	0.09112053181135872	0.4244541643224015	0.07579084919871504
6b4aff1a-568e-453f-9679-55b3442c491d	60623	11081	40377	3674	5491	55132	0.18278541147749205	0.6660343434010194	0.06060406116490441	0.09057618395658414	0.20099035043169122	0.06664006384676775
650f745f-72df-4f40-b868-1edc57038216	60623	1	11787	48027	808	59815	1.6495389538623956e-05	0.19443115649176054	0.7922240733714927	0.013328274747208156	1.6718214494691968e-05	0.8029256875365711
57f7a91d-c569-433f-ae21-8a22e5d187bf	60623	13	3433	51677	5500	55123	0.0002144400640021114	0.056628672286096034	0.8524322451874701	0.09072464246243175	0.00023583622081526767	0.937485260236199
50633d92-0d7d-476e-8d4b-9a8de94771a2	60623	3220	45693	6766	4944	55679	0.05311515431436913	0.7537238341883443	0.11160780561832968	0.08155320587895683	0.0578314984105318	0.1215179870328131
31d46745-744a-4e49-8c6f-ffee3cf46c5e	60623	3999	45222	11042	360	60263	0.0659650627649572	0.7459545057156525	0.1821420912854857	0.005938340233904623	0.06635912583177074	0.18323017440220368
2dc30180-9f69-4dd5-914c-1a27fcf170bd	60623	4	4213	50824	5582	55041	6.598155815449583e-05	0.06949507612622272	0.8383616779110239	0.09207726440459892	7.267309823586054e-05	0.923384386184844
34cd279f-98ef-49de-8b13-16913f972d4e	60623	466	3098	51147	5912	54711	0.007686851524998763	0.05110271679065701	0.8436896887319995	0.09752074295234482	0.008517482773116923	0.9348577068596808
a1ec9279-c1a6-4e58-97ed-9ec1f36187c5	60623	17780	31980	5635	5228	55395	0.2932880259967339	0.527522557445194	0.09295152005014598	0.08623789650792603	0.3209675963534615	0.10172398230887264
e1eda97e-24fe-4dc8-92eb-080399b1d82d	60623	4166	25985	25040	5432	55191	0.0687197928179074	0.42863269716114344	0.4130445540471438	0.08960295597380533	0.07548332155605081	0.45369716076896593
a1c677ea-130a-4a07-a25f-d5cfeea73821	60623	6970	25836	26987	830	59793	0.11497286508420897	0.42617488411988846	0.44516107747884465	0.013691173317057883	0.11656882912715535	0.45134045791313365
41b8564a-48df-44ab-9242-8d1d89697658	60623	18168	35433	2047	4975	55648	0.29968823713772	0.5844811375220625	0.033766062385563234	0.08206456295465417	0.3264807360552041	0.0367847901092582
13caa1a6-03a5-4fcf-9b54-4dfa86fb5c84	60623	4	14784	39992	5843	54780	6.598155815449583e-05	0.24386783893901653	0.6596836184286492	0.09638256107417977	7.301935012778386e-05	0.730047462577583
69617aa2-3b7b-47b5-9f34-2051339dfd34	60623	16022	31759	7170	5672	54951	0.264289131187833	0.5238770763571582	0.11827194299193375	0.09356184946307507	0.2915688522501865	0.13047988207675928
e1be8ad9-1a52-4677-8436-3da22ad12e9a	60623	15668	36305	3518	5132	55491	0.2584497632911601	0.5988651171997427	0.058030780396879075	0.08465433911221813	0.28235209313221965	0.06339766809032095
857bc101-f2a9-4b08-be06-0be2ff0a0eb7	60623	15	147	59647	814	59809	0.00024743084307935934	0.0024248222621777215	0.983900499810303	0.0134272470844399	0.00025079837482653113	0.9972913775518735
fc1a6b07-e91e-47c5-bf00-80be3c167605	60623	15048	34233	5580	5762	54861	0.24822262177721327	0.5646866700757138	0.09204427362552167	0.09504643452155123	0.2742932137584076	0.10171159840323728
cab9f5de-31ba-4cae-b299-1e1cfb686bab	60623	18450	32491	8874	808	59815	0.30433993698761197	0.5359517014994309	0.14638008676574898	0.013328274747208156	0.3084510574270668	0.14835743542589652
91fbc26e-c049-49af-8307-22c7980079df	60623	737	15060	39051	5775	54848	0.012157102089965854	0.24842056645167676	0.644161456872804	0.09526087458555334	0.013437135355892648	0.7119858518086347
9ba8451e-7ffc-43f2-b602-8ce8764dfc14	60623	618	3013	51555	5437	55186	0.010194150734869603	0.04970060867987398	0.850419807663758	0.08968543292149844	0.011198492371253579	0.9342043271844308
6b909642-d5a9-4040-9925-ac6af5905b98	60623	627	2366	56817	813	59810	0.01034260924071722	0.03902809164838428	0.9372185474159972	0.013410751694901276	0.010483196789834476	0.9499582009697375
4b2b6e5e-248c-46f6-938a-95571577e02d	60623	455	23257	31164	5747	54876	0.0075054022400738996	0.3836332744997773	0.5140623195816769	0.09479900367847187	0.008291420657482325	0.5678985348786355
0276787c-0e07-4452-9eae-54e2778617d7	60623	625	26820	32366	812	59811	0.010309618461639972	0.44240634742589446	0.5338897778071029	0.01339425630536265	0.010449582852652522	0.5411379177743224
ce503b11-3be6-4c58-85b6-d987033232e0	60623	8384	42733	3572	5934	54689	0.13829734589182324	0.7048974811540174	0.05892153143196477	0.09788364152219454	0.15330322368300756	0.06531477993746457
235d1e57-4e45-45e6-96f8-50e123f18ad7	60623	41	10555	49210	817	59806	0.0006763109710835821	0.17410883658017584	0.8117381191956848	0.01347673325305577	0.0006855499448215898	0.8228271410895228
bbfeb712-4736-49c9-9cc6-74a94c6e8195	60623	748	4963	49051	5861	54762	0.012338551374890719	0.08186661828019069	0.8091153522590436	0.096679478085875	0.01365910667981447	0.8957123552828604
7c354d25-5520-43a8-b60b-29f24db32798	60623	868	5691	53240	824	59799	0.014317998119525593	0.09387526186430893	0.8782145390363394	0.013592200979826139	0.014515292897874546	0.8903158915700932
5b6791a5-2fec-41c8-87fb-9d83a3bed4bc	60623	15582	32699	7280	5062	55561	0.25703115979083846	0.5393827425234647	0.12008643584118239	0.08349966184451446	0.28044851604542753	0.13102715933838485
98675894-f21c-4dc4-b822-a6e52634d470	60623	180	10445	43718	6280	54343	0.0029691701169523117	0.1722943437309272	0.721145439849562	0.10359104630255843	0.0033122941317188966	0.8044826380582596
63ecb3c0-fa23-46e8-a03d-6c96fe4b5b11	60623	182	11554	48080	807	59816	0.00300216089602956	0.19058773072926116	0.7930983290170397	0.013311779357669532	0.0030426641701217067	0.8037983148321519
c24a2f48-af41-4e1b-9e23-fbac94d02da4	60623	7600	36913	10023	6087	54536	0.12536496049354207	0.608894314039226	0.1653332893456279	0.10040743612160401	0.13935748863136277	0.18378685638844067
0acee8b3-7dad-48f7-a5be-3c8ab20d2011	60623	10036	38828	10940	819	59804	0.16554772940963	0.6404829850056909	0.18045956155254606	0.01350972403213302	0.16781486188214836	0.18293090763159656
2892b681-6001-4124-ae86-3363be75463b	60623	1828	6953	46335	5507	55116	0.03015357207660459	0.11469244346205236	0.7643138742721409	0.09084011018920211	0.03316641265694172	0.8406814718049205
26c94c77-ba01-44bb-bc8d-917dd91a01c2	60623	3082	8553	48173	815	59808	0.050838790558039026	0.14108506672385068	0.7946324002441317	0.013443742473978523	0.05153156768325308	0.8054608079186731
ba4d22b5-f97a-413f-9cc7-30d1e5c91f7e	60623	496	10775	43316	6036	54587	0.008181713211157482	0.1777378222786731	0.7145142932550352	0.09956617125513419	0.009086412515800465	0.7935222672064778
74f5ddb0-ff50-4685-af45-bb4ed56875fb	60623	899	13286	45633	805	59818	0.014829355195222936	0.21915774541015787	0.7527341108160269	0.013278788578592283	0.015028921060550336	0.7628640208632853
a8786e7f-5004-43c8-a5a8-fc2fb89d2ab0	60623	12537	31950	10882	5254	55369	0.2068026986457285	0.5270276957590353	0.17950282895930586	0.08666677663593025	0.2264263396485398	0.1965359677798046
1fa2d0a4-26a3-4b7b-818b-e20cc200a0ed	60623	22877	32440	3060	2246	58377	0.37736502647510023	0.5351104366329611	0.0504758919881893	0.0370486449037494	0.3918837898487418	0.05241790431162958
b2cde517-9404-45b2-bd39-3dedb4e129fc	60623	1847	53546	0	5230	55393	0.030466984477838445	0.8832621282351583	0.0	0.08627088728700329	0.033343563266116656	0.0
2fe33565-1dd3-4218-bf26-a4da57b8e7e1	60623	5959	50397	3876	391	60232	0.09829602626066014	0.8313181465780315	0.06393612985170645	0.006449697309601966	0.09893412139726392	0.06435117545490769
43c556ed-873c-4a2d-9f33-68e2e7790ba1	60623	4441	55374	0	808	59815	0.07325602494102898	0.9134157003117629	0.0	0.013328274747208156	0.07424559057092703	0.0
12be4fe0-391e-4bdd-9af9-33fa7a135975	60623	147	18399	36359	5718	54905	0.0024248222621777215	0.3034986721211421	0.5997558682348284	0.09432063738185177	0.0026773517894545123	0.6622165558692287
daabfedb-ac0a-4bc9-b145-9bef04bdd66f	60623	13603	32553	8992	5475	55148	0.22438678389390165	0.5369744156508256	0.1483265427313066	0.09031225772396616	0.24666352360919708	0.16305215057663017
0b58a995-bf1e-4fbb-af09-cddb60ed8d25	60623	15581	34634	9604	804	59819	0.25701466440129983	0.571301321280702	0.15842172112894445	0.01326229318905366	0.26046908172988514	0.16055099550310103
d800778e-cc83-4447-9cfa-ca29adeacb8f	60623	5811	21663	27672	5477	55146	0.0958547086089438	0.3573396235752107	0.45646041931280207	0.0903452485030434	0.10537482319660538	0.5017952344685018
b232fa44-35e6-4004-9a38-794d0f8f3542	60623	6	7848	51955	814	59809	9.897233723174372e-05	0.1294558170991208	0.8570179634792076	0.0134272470844399	0.00010031934993061245	0.8686819709408283
0230bc74-adc5-4443-ac9e-342d7f344ce7	60623	1419	17387	36572	5245	55378	0.023406957755307392	0.2868053379080547	0.6032693862065552	0.08651831813008264	0.0256238939651125	0.6604066596843512
146f9463-de59-4418-9099-2425a6f86a0f	60623	926	16934	37032	5731	54892	0.015274730712765782	0.27933292644705804	0.6108572653943223	0.09453507744585389	0.016869489178751	0.6746338264227939
0c23270a-dde0-4209-9f92-b2ba215abed2	60623	1836	19512	38466	809	59814	0.03028553519291358	0.3218580406776306	0.634511653992709	0.01334477013674678	0.03069515498043936	0.6430935901294011
1f60c05e-f171-4815-b0da-40aa1b24f300	60623	18004	29805	7395	5419	55204	0.2969829932533857	0.491645085198687	0.12198340563812414	0.0893885159098032	0.3261357872617926	0.13395768422578075
74590212-e087-46be-aaf2-43e259aef8e6	60623	3430	20825	30113	6255	54368	0.05657918611748016	0.34351648714184385	0.4967256651765831	0.10317866156409283	0.06308858151854031	0.5538736021188935
7432f954-a16f-4053-bedd-aa776f939f71	60623	18438	32320	4066	5799	54824	0.3041419923131485	0.5331309898883262	0.067070253864045	0.09565676393448032	0.3363125638406537	0.07416459944549832
47946a17-b529-4490-894b-e74baf6beb3c	60623	19880	35780	4159	804	59819	0.3279283440278442	0.5902050376919651	0.06860432509113702	0.01326229318905366	0.3323358799043782	0.06952640465403968
96e08856-06cc-463d-b2c5-5ed29204f66e	60623	4574	19873	30304	5872	54751	0.07544991174966596	0.32781287630107386	0.49987628457846034	0.09686092737079986	0.08354185311683805	0.5534876075322825
2279cc12-65cc-4144-a64b-bbad4ae9c2f3	60623	7274	20901	31637	811	59812	0.11998746350395065	0.34477013674677925	0.521864638833446	0.013377760915824027	0.12161439176085066	0.5289406807998395
9609e049-77c8-46ea-884e-32e18d7a9602	60623	3868	23079	29980	3696	56927	0.06380416673539746	0.38069709516190225	0.49453177836794615	0.060966959734754134	0.0679466685404114	0.5266393802589281
09f0e0d8-1f35-4781-8c71-5b0843483cd7	60623	4234	35643	15735	5011	55612	0.06984147930653382	0.5879451693251736	0.25955495439024795	0.08265839697804464	0.07613464719844638	0.28294253038912465
c8f56f7e-6b69-4276-ba97-7a70c4fa5071	60623	34	209	55184	5196	55427	0.0005608432443132144	0.0034475364135724065	0.9102815762994243	0.08571004404269007	0.0006134194526133473	0.9956158550886752
6fe8f2d5-83c6-42f0-b82e-d8c532af9bbc	60623	7440	24480	22882	5821	54802	0.12272569816736222	0.4038071359055144	0.3774475034227933	0.09601966250433004	0.13576146855954163	0.4175395058574505
675775cf-b152-46d7-a0ae-6a68d15ef6b8	60623	7775	26685	25347	816	59807	0.12825165366280125	0.44017946983818024	0.41810863863550135	0.013460237863517147	0.1300015048405705	0.4238132660056515
71484ed8-3496-48b2-81b8-888d04f10f0a	60623	15328	32969	6821	5505	55118	0.25284133084802796	0.5438364976988932	0.11251505204295399	0.09080711941012487	0.2780942704742552	0.12375267607678073
2f9d2958-1357-4278-af4e-f6bff4b0a03a	60623	0	17740	42069	814	59809	0.0	0.29262821041518894	0.6939445425003712	0.0134272470844399	0.0	0.7033891220384892
92baeb34-1fa4-4ee5-8c29-5596c4a29a29	60623	21086	27581	6075	5881	54742	0.3478217838114247	0.4549593388647873	0.10020949144714053	0.09700938587664748	0.38518870337218225	0.11097511965218662
f21ac7ce-b8b2-4c44-be65-4c4abf8a86c4	60623	15461	32808	5974	6380	54243	0.255035217656665	0.5411807399831747	0.0985434571037395	0.10524058525642083	0.28503217004959164	0.11013402651033313
a713dcf5-b24e-49fe-9b50-a9f69b91e3d4	60623	16814	35811	7186	812	59811	0.2773534797024232	0.5907163947676625	0.11853586922455174	0.01339425630536265	0.28111885773519923	0.12014512380665764
84d06f56-6611-4fa1-89fd-df8780f7f446	60623	0	15813	39624	5186	55437	0.0	0.2608415947742606	0.6536133150784356	0.08554509014730383	0.0	0.7147572920612587
42d4fa53-cbf2-498c-8246-173cd20babda	60623	373	17925	41498	827	59796	0.006152780297906735	0.2956798574798344	0.6845256750738169	0.01364168714844201	0.006237875443173457	0.6939929092246973
a2530fac-9d42-4fbe-881b-e9bad5a2d793	60623	3677	8711	47422	813	59810	0.06065354733352028	0.14369133827095326	0.7822443627006251	0.013410751694901276	0.06147801371008193	0.7928774452432703
c9aa3e59-a10a-4e4c-b8cb-40d970f43df7	60623	13851	34667	6872	5233	55390	0.22847764049948038	0.5718456691354766	0.11335631690942381	0.08632037345561916	0.2500631883011374	0.12406571583318289
95a75d93-33cb-4e9b-ac45-e50309a7d984	60623	16236	36406	7178	803	59820	0.26781914454909855	0.6005311515431437	0.11840390610824275	0.013245797799515036	0.27141424272818454	0.1199933132731528
ccd3903e-eee6-41f0-9a07-4351a00a7dc3	60623	13145	35653	7876	3949	56674	0.2168318954852119	0.5881101232205599	0.12991768800620226	0.065140293288026	0.2319405723965134	0.13897025090870593
6c952db4-2cd4-4bcf-9c84-f152acda21e9	60623	14033	37440	8342	808	59815	0.23147980139550994	0.6175873843260808	0.13760453953120103	0.013328274747208156	0.23460670400401237	0.13946334531472038
3d1f80f8-1033-48d9-9b97-36f025486b0a	60623	94	20388	33987	6154	54469	0.0015505666166306517	0.33630800191346516	0.5606288042492124	0.10151262722069182	0.0017257522627549616	0.6239695973856689
510f8684-3686-4192-b2a3-dd2499365f78	60623	12767	35359	7511	4986	55637	0.21059663823961203	0.5832604786962045	0.12389687082460453	0.08224601223957904	0.22946959756996244	0.13500008986825315
eae870be-bbc8-4ffe-bffc-86d87414ff4b	60623	169	13897	41007	5550	55073	0.0027877208320274483	0.2292364284182571	0.6764264388103525	0.09154941193936295	0.003068654331523614	0.7445935394839577
1ea8771b-642f-441b-bb47-c39ebb7b0c93	60623	183	16452	43180	808	59815	0.003018656285568184	0.2713821486894413	0.7122709202777824	0.013328274747208156	0.00305943325252863	0.7218925018807991
88152ab3-4bbc-4d80-9e1e-34c96de3d604	60623	136	9858	45310	5319	55304	0.0022433729772528576	0.16261155007175496	0.7474060999950514	0.08773897695594081	0.0024591349631129756	0.8192897439606538
171a5040-4830-4e4a-bfbb-9942b6f666ed	60623	1132	10826	47856	809	59814	0.018672780957722318	0.17857908714514292	0.789403361760388	0.01334477013674678	0.01892533520580466	0.8000802487711907
6ae6b10a-fc2b-4c6e-a30e-0299c22ac042	60623	17423	33128	4838	5234	55389	0.28739917193144515	0.5464592646355344	0.0798046945878627	0.08633686884515777	0.31455704201195184	0.0873458628969651
1d785f52-beff-4dcc-b89e-4d1da10fa7c2	60623	18219	36625	4971	808	59815	0.3005295020041898	0.6041436418521023	0.08199858139649968	0.013328274747208156	0.30458914987879293	0.08310624425311376
4ee39504-ac69-4dd7-b8a4-8d1cc3c20418	60623	12028	34858	8349	5388	55235	0.19840654537056893	0.5749962885373539	0.1377200072579714	0.08887715883410587	0.2177604779578166	0.15115415950031683
75d36397-75e8-4925-bf1e-6f73bd9293ba	60623	12515	37106	5887	5115	55508	0.20643980007587878	0.6120779242201805	0.09710835821387923	0.08437391749006153	0.2254629963248541	0.10605678460762413
b4fb23b6-d4a0-409a-9728-174c871270e3	60623	19	21315	33566	5723	54900	0.0003134124012338551	0.3515992280157696	0.5536842452534516	0.09440311432954489	0.0003460837887067395	0.6114025500910747
f3cea00c-bc4a-450f-ae7b-cd97ab7369be	60623	18405	31249	5527	5442	55181	0.3035976444583739	0.5154644276924599	0.0911700179799746	0.08976790986919156	0.33353871803700547	0.10016128739964843
6df39b1c-1811-4184-a710-36ee6b638876	60623	19929	33035	6855	804	59819	0.3287366181152368	0.5449251934084424	0.1130758952872672	0.01326229318905366	0.3331550176365369	0.11459569701934168
98f6fcfd-df24-422f-a14d-144fd1a02849	60623	16599	32923	5490	5611	55012	0.27380697095161904	0.5430777097801165	0.09055968856704551	0.09255563070121901	0.3017341670908166	0.09979640805642405
47a394d2-3039-48bc-a8f1-3e5daa5c6942	60623	334	11989	47496	804	59819	0.005509460105900401	0.1977632251785626	0.7834650215264833	0.01326229318905366	0.005583510255938748	0.7939952189103796
1e5e8214-4132-461d-ae3e-bd1f87faa61d	60623	354	7210	47553	5506	55117	0.00583936789667288	0.11893175857347871	0.784405258730185	0.0908236147996635	0.0064227008001161165	0.8627646642596658
03e8c3f2-99b6-40da-862a-e8263475c434	60623	17405	31634	6335	5249	55374	0.28710225491974994	0.5218151526648301	0.10449829272718275	0.08658429968823714	0.3143171885722541	0.11440387185321631
c063d066-9073-4f05-8a38-601aa65dc5bf	60623	581	9546	44548	5948	54675	0.009583821321940517	0.15746498853570426	0.73483661316662	0.09811457697573528	0.010626428898033837	0.8147782350251486
474de020-7d56-46fb-a25f-85007e473b57	60623	696	11045	48069	813	59810	0.011480791118882273	0.18219157745410158	0.7929168797321149	0.013410751694901276	0.011636850025079418	0.8036950342752048
4fb10554-1573-44d5-99dd-d7abef42e373	60623	21222	27447	6154	5800	54823	0.35006515678867756	0.4527489566666117	0.10151262722069182	0.09567325932401893	0.3871003046166755	0.11225215694142969
91054520-9955-4d9b-bb06-e0bdd253c687	60623	15958	33485	5145	6035	54588	0.26323342625736107	0.5523481187008231	0.08486877917622025	0.09954967586559557	0.29233531179013705	0.09425148384260278
8830122d-aaa9-4ae8-b6d8-e8de6e20a299	60623	40	16381	43392	810	59813	0.0006598155815449581	0.270210976032199	0.7157679428599706	0.013361265526285403	0.0006687509404310099	0.7254610201795596
7f7b442a-3985-4f4a-98b1-da82670c957c	60623	2931	37527	15031	5134	55489	0.04834798673770681	0.6190224832159411	0.24794220015505666	0.08468732989129538	0.05282127989331219	0.2708825172556723
2e1fa816-2b90-4c40-8ab5-617d19736cb0	60623	18311	36459	91	5762	54861	0.30204707784174323	0.6014054071886907	0.00150108044801478	0.09504643452155123	0.3337708025737774	0.0016587375366836185
97efbf70-83ef-49aa-ac3a-f0d0067a2a10	60623	2755	20035	32512	5321	55302	0.04544479817890899	0.33048512940633096	0.536298104679742	0.08777196773501807	0.04981736646052584	0.5878991718201874
d8ecb5e2-5af0-4a84-8b51-22c395850721	60623	87	21793	32589	6154	54469	0.001435098889860284	0.35948402421523185	0.537568249674216	0.10151262722069182	0.001597238796379592	0.5983036222438451
55948688-fa71-4699-949d-a05bfcd1ed3c	60623	2301	23384	34114	824	59799	0.03795589132837372	0.38572818897118255	0.5627237187206175	0.013592200979826139	0.038478904329503835	0.5704777671867423
1d568bd2-d658-40fa-a341-daa4d2a5bb22	60623	3928	29456	21692	5547	55076	0.0647938901077149	0.4858881942497072	0.35781798987183083	0.09149992577074707	0.07131963105526909	0.3938557629457477
cbfe2502-c3d1-44a5-bd1a-4a775c86d27f	60623	19833	31176	4633	4981	55642	0.3271530607195289	0.5142602642561404	0.07642313973244479	0.08216353529188591	0.3564393803242155	0.08326444053053449
b4fcab66-d4aa-4000-931f-c5b13dd91159	60623	383	18575	40855	810	59813	0.006317734193292975	0.30640186067993996	0.6739191396004817	0.013361265526285403	0.006403290254626921	0.6830454917827228
3c3da068-a62f-43c9-91c7-41ead1ca7f75	60623	22714	26236	5856	5817	54806	0.3746762779803045	0.43277303993533806	0.09659700113818188	0.09595368094617554	0.4144436740502865	0.10684961500565632
121db3fb-cc6b-48bb-8bfe-a582075658fe	60623	13603	38242	3651	5127	55496	0.22438678389390165	0.6308166867360573	0.06022466720551606	0.08457186216452502	0.24511676517226466	0.06578852529912066
d7ad6239-b56b-4762-9656-7653f308e01d	60623	738	13269	40462	6154	54469	0.012173597479504479	0.21887732378800126	0.6674364515118024	0.10151262722069182	0.013548991169288954	0.7428445537828857
63a8e6d7-d50b-454f-872c-4e159f110198	60623	777	14787	44253	806	59817	0.012816917671510813	0.24391732510763242	0.7299704732527259	0.013295283968130907	0.01298961833592457	0.7398064095491248
c352a6f8-dee5-473c-a1a4-d85250ac8ddf	60623	18197	27749	8562	6115	54508	0.3001666034343401	0.4577305643072761	0.1412335252296983	0.10086930702868548	0.3338409040874734	0.15707786013062303
9fc9a722-e6a9-4767-92be-44452e76204e	60623	22298	28788	8727	810	59813	0.36781419593223696	0.4748692740379064	0.14395526450357124	0.013361265526285403	0.3727952117432665	0.1459047364285356
e24b153c-001b-43a3-b0d4-2b6eec615cfd	60623	485	11235	43356	5547	55076	0.008000263926232617	0.18532570146644012	0.7151741088365802	0.09149992577074707	0.008806013508606289	0.7872031374827511
27647178-aeed-40f7-9eca-7743066dc651	60623	1095	13036	45677	815	59808	0.01806245154479323	0.21503389802550188	0.7534599079557264	0.013443742473978523	0.018308587479935794	0.7637272605671482
00be5ec1-3b0f-4b5a-b116-4efce25d2cc8	60623	1556	21997	31684	5386	55237	0.025666826122098873	0.36284908368111113	0.5226399221417614	0.08884416805502862	0.028169524050907904	0.5736010282962507
9b072344-31cf-471a-af4f-23ae73a98c93	60623	2220	20507	32024	5872	54751	0.03661976477574518	0.33827095326856144	0.5282483545848935	0.09686092737079986	0.04054720461726726	0.5849025588573725
c2699551-32d9-46ad-9c41-04730ef6a8a4	60623	22317	27765	5478	5063	55560	0.3681276083334708	0.4579944905398941	0.09036174389258202	0.08351615723405308	0.40167386609071276	0.09859611231101512
65336719-a068-4c7a-97c8-35baab5c9e9e	60623	22281	31426	6073	843	59780	0.36753377431008033	0.5183841116407965	0.10017650066806327	0.013905613381059993	0.3727166276346604	0.10158916025426563
593a4322-bd6f-49d3-9fc6-0f56a1943664	60623	0	768	54448	5407	55216	0.0	0.012668459165663197	0.898140969598997	0.08919057123533972	0.0	0.9860909881193857
2b55394d-0591-4f33-8392-89365a8de2ac	60623	2138	7303	50365	817	59806	0.035267142833578013	0.12046582980057075	0.8307902941127955	0.01347673325305577	0.03574892151289168	0.8421395846570578
bcd16bf3-0877-4e4b-b70b-7d6a497af7ac	60623	835	9427	45412	4949	55674	0.013773650264751003	0.155502037180608	0.7490886297279911	0.08163568282664996	0.014998024212379208	0.815676976685706
b0dfa5b0-79fc-4f28-bca7-d47f54c05775	60623	427	20026	34576	5594	55029	0.007043531332992428	0.3303366709004833	0.5703445886874619	0.0922752090790624	0.0077595449671991135	0.6283232477420996
3c423420-9871-49e6-bf61-3dda4fade9f6	60623	431	22953	36428	811	59812	0.007109512891146925	0.37861867608003563	0.6008940501129935	0.013377760915824027	0.007205911857152411	0.6090416638801578
db9720f0-d7ef-469c-ae11-e8f17488126b	60623	17304	32456	5783	5080	55543	0.28543622057634893	0.535374362865579	0.09539283770186233	0.08379657885620968	0.31154240858434007	0.10411753056190699
c30cd0af-5ad8-431d-ba57-91e6892a3c74	60623	103	15910	43797	813	59810	0.0016990251224782674	0.2624416475595071	0.7224485756231134	0.013410751694901276	0.0017221200468149139	0.7322688513626484
737481f9-845a-4c7a-b12f-881d9da3998a	60623	659	20825	33776	5363	55260	0.010870461705953186	0.34351648714184385	0.5571482770565627	0.08846477409564027	0.011925443358668115	0.6112196887441187
5adca90e-f8ae-4a74-9c7f-a2b64fda2b31	60623	1027	15912	38243	5441	55182	0.0169407650561668	0.26247463833858437	0.6308331821255959	0.08975141447965293	0.01861114131419666	0.6930339603493892
5b68e68c-3cbf-4506-ac94-4b23b3daba70	60623	767	9162	45524	5170	55453	0.012651963776124573	0.15113075895287267	0.7509361133563169	0.08528116391468585	0.013831533009936342	0.8209474690278253
46cd803b-dfd2-43d1-91d5-816ab2962ed3	60623	828	11994	46998	803	59820	0.013658182537980634	0.1978457021262557	0.7752503175362486	0.013245797799515036	0.013841524573721163	0.7856569709127382
8ea52904-f56c-4c1f-b8a4-9906805001ff	60623	2259	7385	45838	5141	55482	0.03726308496775151	0.12181845174273791	0.7561156656714448	0.08480279761806575	0.0407159078620093	0.8261778594859595
5287e961-91f0-4fb0-a00a-d570377cee62	60623	14143	34549	6968	4963	55660	0.2332942942447586	0.569899213169919	0.11493987430513171	0.08186661828019069	0.25409629895795904	0.12518864534674812
4f7ec3b9-c129-47ba-b73c-37e228a190b2	60623	16067	36216	7535	805	59818	0.26503142371707106	0.5973970275308051	0.1242927601735315	0.013278788578592283	0.2685980808452305	0.12596542846634792
8585d596-4d6b-4f6c-bb46-a2661f9ca05a	60623	14958	33401	6983	5281	55342	0.24673803671873712	0.5509625059795787	0.11518730514821107	0.08711215215347311	0.27028296772794624	0.12617903219977594
702cc8d9-38f6-474a-bd7e-e56820c5a5b0	60623	15651	31415	8261	5296	55327	0.2581693416690035	0.5182026623558715	0.13626841297857248	0.08735958299655246	0.28288177562492095	0.14931227068158404
4ccc71ff-a059-473b-a419-2a780a762da1	60623	16165	34394	9247	817	59806	0.26664797189185624	0.5673424277914323	0.1525328670636557	0.01347673325305577	0.2702906062936829	0.15461659365281075
6ecade07-4c2f-4587-9c8b-589943f1c9e6	60623	17641	30057	7651	5274	55349	0.2909951668508652	0.4958019233624202	0.1262062253600119	0.08699668442670273	0.31872301215920795	0.1382319463766283
248b1e7b-5e47-4b0a-ac21-df629a04ce2b	60623	18220	32701	8885	817	59806	0.30054599739372845	0.5394157333025419	0.14656153605067385	0.01347673325305577	0.3046517071865699	0.14856368926194696
c6987abb-e8cb-4701-bee2-416627c1f970	60623	1722	13944	39379	5578	55045	0.02840506078551045	0.23001171172657242	0.6495719446414727	0.09201128284644441	0.03128349532200927	0.7153964937778181
aefdd32f-9c0c-433e-85fc-a6721a9c24e3	60623	2024	14273	43511	815	59808	0.03338666842617488	0.2354386948847797	0.7177308942150669	0.013443742473978523	0.03384162653825575	0.7275113697164259
22461884-5fdb-4188-a469-5dfa55a2823e	60623	2111	24478	28802	5232	55391	0.03482176731603517	0.40377414512643717	0.47510020949144716	0.08630387806608053	0.038110884439710425	0.5199761694138036
de9d08f5-24f5-4cdc-8f30-d05a2bea5301	60623	15127	34588	5693	5215	55408	0.24952575755076456	0.5705425333619254	0.09390825264338618	0.08602345644392392	0.27301111752815477	0.10274689575512562
30abe357-43d0-434c-99d1-affe0fd047d8	60623	1688	27204	25947	5784	54839	0.027844217541197234	0.44874057700872605	0.42800587235867577	0.09540933309140096	0.030781013512281404	0.47314867156585644
157062b7-9451-4a83-9047-294497df3b28	60623	1115	25060	29147	5301	55322	0.018392359335565708	0.4133744618379163	0.4807911188822724	0.08744205994424559	0.02015473048696721	0.5268609233216441
a0300830-9dd9-46bc-94c0-23b2e8703e25	60623	1719	17904	35110	5890	54733	0.02835557461689458	0.2953334542995233	0.5791531267010871	0.0971578443824951	0.031407012222973346	0.6414777191091298
47f3c7b9-ceeb-436e-8623-4efa835e041e	60623	3274	19029	37513	807	59816	0.054005905349454826	0.31389076753047523	0.6187915477624004	0.013311779357669532	0.05473451919218938	0.6271398956800855
9ea630a2-1412-4f40-897a-38a52600a1cb	60623	0	2305	52560	5758	54865	0.0	0.03802187288652822	0.866997674150075	0.09498045296339673	0.0	0.9579877882074183
498bd184-6d95-4420-852f-56568b682528	60623	234	2867	56706	816	59807	0.0038599211520380055	0.047292281807234875	0.93538755917721	0.013460237863517147	0.0039125854833046295	0.948149882120822
c9aa6cf0-f536-4640-8290-3e745ae2a36b	60623	11422	39879	3595	5727	54896	0.18841033931016282	0.6578196394107847	0.059300925391353114	0.09446909588769939	0.20806616146895948	0.06548746721072574
4d1af15c-1b16-407a-9a70-0caf80ddeacb	60623	161	13240	46413	809	59814	0.0026557577157184566	0.21839895749138116	0.7656005146561536	0.01334477013674678	0.0026916775336877654	0.7759554619319892
8832fa0d-1bd8-42a9-b002-1a02500d48eb	60623	41	9250	45948	5384	55239	0.0006763109710835821	0.15258235323227157	0.7579301585206935	0.08881117727595138	0.000742229222107569	0.8318036170097214
aeff4cbe-7abb-449a-a6f4-65e030548f4c	60623	4197	18333	37289	804	59819	0.06923114989360474	0.30240997641159295	0.6150965805057487	0.01326229318905366	0.07016165432387703	0.6233638141727544
cc6a73f6-9dee-4eeb-85c3-c81f02d1adef	60623	12511	35934	6973	5205	55418	0.2063738185177243	0.5927453276809131	0.11502235125282484	0.08585850254853768	0.22575697426828828	0.12582554404706053
ab8eec22-4226-4fdd-9664-a0fe6a934c4a	60623	13329	39200	7282	812	59811	0.21986704716031868	0.646619269914059	0.12011942662025964	0.01339425630536265	0.22285198374880874	0.12175017973282506
7d0d7e28-9530-4d03-9041-aeca61ecf42c	60623	18732	31055	5564	5272	55351	0.3089916368375039	0.5122643221219669	0.09178034739290368	0.08696369364762549	0.33842207006196817	0.10052212245487886
646165d1-4eb0-4dbd-8e05-90cdb30e1d22	60623	13174	32805	9286	5358	55265	0.21731026178183196	0.5411312538145588	0.15317618725566204	0.08838229714794715	0.23837872070930968	0.1680267800597123
61ef4d54-bfa5-4d62-89bc-2717eabc741b	60623	87	10197	44874	5465	55158	0.001435098889860284	0.16820348712534847	0.7402141101562113	0.09014730382857991	0.0015772870662460567	0.8135537909278799
16220eed-5ba3-4067-9dcf-d7327a44c05d	60623	2211	24370	28754	5288	55335	0.036471306269897565	0.40199264305626575	0.4743084307935932	0.08722761988024347	0.03995662781241529	0.5196349507544954
ae00d18f-7117-4cfb-a306-168f1f5d493a	60623	14630	37699	2748	5546	55077	0.24132754895006844	0.6218596902165845	0.045329330452138626	0.09148343038120846	0.26562812063111646	0.049893785064546
9def90ff-3da7-4dba-9887-d4352204c7b4	60623	15309	40623	3883	808	59815	0.2525279184467941	0.6700922092275209	0.06405159757847681	0.013328274747208156	0.2559391456992393	0.06491682688288891
d86b5d2b-9a8e-4bfa-9549-12fd45e8c296	60623	2182	22028	30821	5592	55031	0.03599293997327747	0.36336044075680846	0.5084044009699289	0.09224221829998515	0.03965037887736003	0.5600661445367157
3bc5123c-b6b7-4221-845a-c2a313dce1fc	60623	3757	23544	32504	818	59805	0.061973178496610194	0.3883674512973624	0.536166141563433	0.013493228642594396	0.06282083437839646	0.5434997073823259
5dbb6c5e-be66-47ca-9bb4-1845b8004286	60623	1444	16089	37105	5985	54638	0.02381934249377299	0.2653943222869208	0.6120614288306419	0.09872490638866437	0.026428492990226583	0.6791061166221312
3e8850bc-a6bf-409e-8b65-8ac69aa27785	60623	1877	17016	40913	817	59806	0.030961846163997164	0.2806855483892252	0.6748758721937218	0.01347673325305577	0.03138481088853961	0.6840952412801391
595af317-cf8b-4f25-b005-426b078ffc4a	60623	1509	8390	45354	5370	55253	0.024891542813783547	0.138396318229055	0.7481318971347508	0.08858024182241063	0.02731073425877328	0.8208423072050386
b8243412-b7b4-4a7b-b823-4b33488ff429	60623	4211	14845	35897	5670	54953	0.06946208534714547	0.24487405770087262	0.5921349982679841	0.09352885868399782	0.07662911942933053	0.6532309428056703
64197180-9e22-43fa-93ca-87a6134e4005	60623	4161	15953	39699	810	59813	0.06863731587021428	0.2631509493096679	0.6548504692938324	0.013361265526285403	0.06956681657833581	0.6637185896042667
9bc6ca0e-c74a-49f7-be04-6546e56e8ba2	60623	18052	28800	8351	5420	55203	0.29777477195123964	0.4750672187123699	0.13775299803704866	0.08940501129934184	0.3270112131587051	0.15127801025306595
511be3b8-efdb-4e2e-8115-7b83e16471c1	60623	3278	23074	28601	5670	54953	0.05407188690760932	0.3806146182142091	0.4717846361941837	0.09352885868399782	0.05965097446909177	0.5204629410587229
1d8b4c59-7500-4951-80bc-bfd7a035b876	60623	2278	15138	37915	5292	55331	0.03757649736898537	0.24970720683568942	0.6254226943569272	0.08729360143839797	0.04117041080045544	0.6852397390251396
89194b55-a658-4d67-9d3f-b1cbaa1409bc	60623	18049	31328	5917	5329	55294	0.29772528578262375	0.5167675634660113	0.09760321990003794	0.08790393085132706	0.3264187796144247	0.10700980214851522
828b6893-62cd-4248-a31b-7da875d657f1	60623	1096	4459	51171	3897	56726	0.018078946934331853	0.07355294195272422	0.8440855780809264	0.06428253303201754	0.019320946303282446	0.9020731234354616
72d4892f-dfc6-4cd7-9f01-487d78bb47ce	60623	1101	4689	54020	813	59810	0.018161423882024973	0.07734688154660772	0.891080942876466	0.013410751694901276	0.01840829292760408	0.9031934459120549
f39ab685-fda1-43e8-aa70-fa3ed1566061	60623	6585	25307	22704	6027	54596	0.10862214011183874	0.4174488230539564	0.3745113240849183	0.09941771274928657	0.12061323173858891	0.4158546413656678
97976074-a416-4261-a812-91704e6e3d3d	60623	7804	27644	24357	818	59805	0.12873001995942135	0.4559985484057206	0.4017782029922637	0.013493228642594396	0.13049076164200318	0.4072736393278154
dfaf19b4-03b4-49d3-b39f-01aaeb897a2a	60623	19968	29411	5914	5330	55293	0.3293799383072431	0.4851459017204691	0.09755373373142207	0.08792042624086568	0.3611307037057132	0.10695748105546814
d2c929db-171c-4b5c-9de5-613407999d56	60623	86	20560	39171	806	59817	0.00141860350032166	0.3391452089141085	0.6461409036174389	0.013295283968130907	0.0014377183743751777	0.6548472842168614
36c901d8-885d-4fc0-8cd2-69229fddc566	60623	27556	25646	2173	5248	55375	0.4545469541263217	0.42304076010754993	0.035844481467429856	0.08656780429869851	0.4976252821670429	0.03924153498871332
05315ef9-1103-4651-b8e9-a7eb7d71702d	60623	13133	36130	6096	5264	55359	0.2166339508107484	0.5959784240304835	0.10055589462745163	0.0868317305313165	0.23723333152694231	0.11011759605484203
3e8bd387-4fda-4623-924e-314267c55eea	60623	1688	12585	40359	5991	54632	0.027844217541197234	0.20759447734358247	0.6657374263893242	0.09882387872589611	0.03089764240738029	0.738742861326695
d2dd3d17-790f-4aa2-945d-db72df6ec8eb	60623	2814	23511	28543	5755	54868	0.04641802616168781	0.3878231034425878	0.4708279036009435	0.09493096679478086	0.051286724502442226	0.5202121455128672
8eab6a91-e73b-4555-9915-8ac4b91d9de3	60623	2038	25984	26766	5835	54788	0.03361760387971562	0.4286162017716048	0.4415155963908088	0.09625059795787078	0.03719792655325984	0.48853763597868144
304327f1-aa3a-41b5-9202-8ed0588b24ed	60623	2318	27270	30226	809	59814	0.03823631295053033	0.4498292727182752	0.4985896441944477	0.01334477013674678	0.0387534690875046	0.5053331995853814
ef7f3a0d-b620-4355-8212-4bad381fe29c	60623	565	8157	45816	6085	54538	0.009319895089322534	0.1345528924665556	0.7557527671015951	0.10037444534252676	0.010359749165719315	0.8400748102240639
1be9b7a0-0582-482a-a75f-09582ba7a016	60623	574	9840	49395	814	59809	0.00946835359517015	0.16231463306005972	0.8147897662603303	0.0134272470844399	0.009597217810028591	0.825879048303767
87ebfaf3-1ab2-4224-b556-0998a6ac16ff	60623	5518	18515	30561	6029	54594	0.09102155947412698	0.3054121373076225	0.5041155996898867	0.09945070352836383	0.1010733780268894	0.5597867897571162
e2d8b59b-b044-4aad-9e1b-f88c3208df3a	60623	49	10296	46424	3854	56769	0.0008082740873925737	0.16983653068967225	0.7657819639410784	0.06357323128185673	0.0008631471401645265	0.8177702619387341
9f643408-6b72-475c-acc5-76ae22fcc143	60623	2	4092	55717	812	59811	3.299077907724791e-05	0.06749913399204922	0.9190736189235109	0.01339425630536265	3.343866512848807e-05	0.9315510524819849
542c8797-ff2c-49c6-955b-ef8222194b6d	60623	1353	23740	29683	5847	54776	0.02231826204575821	0.3916005476469327	0.48963264767497483	0.09644854263233427	0.02470059880239521	0.541897911494085
424254f5-1bdf-43ed-b867-33a73a3c919f	60623	339	5059	49961	5264	55359	0.00559193705359352	0.08345017567589859	0.8241261567391914	0.0868317305313165	0.00612366552864033	0.9024910132047183
0b9e3de4-5409-4bfb-9ea8-ca73b3d21dd8	60623	432	6053	53335	803	59820	0.007126008280685548	0.0998465928772908	0.8797816010425086	0.013245797799515036	0.007221664994984955	0.8915914409896356
962bb8fd-018e-49d0-b1df-dc0192e1b2a6	60623	562	49170	5452	5439	55184	0.009270408920706663	0.8110783036141398	0.0899328637645778	0.08971842370057569	0.01018411133661931	0.09879675268193679
9f88d3b0-edc0-4fca-a4a9-4d8aacedf9a7	60623	44	6150	48689	5740	54883	0.000725797139699454	0.10144664566253732	0.8031440212460618	0.0946835359517015	0.0008017054461308602	0.8871417378787603
62812cb1-e25e-4a3f-9e8e-1993b138e1a6	60623	169	12084	42716	5654	54969	0.0027877208320274483	0.19933028718473186	0.7046170595318608	0.09326493245137985	0.003074460150266514	0.7770925430697302
ed9c97d8-4df2-4ed3-b455-4955d72901a8	60623	756	10413	44302	5152	55471	0.01247051449119971	0.17176649126569124	0.7307787473401184	0.08498424690299061	0.013628742946764976	0.7986515476555317
dab8ef24-6b31-4e24-a4f6-c43530ba9c95	60623	815	11717	47281	810	59813	0.013443742473978523	0.19327647922405689	0.7799185127756793	0.013361265526285403	0.013625800411281828	0.7904803303629646
d0021cbe-9f70-47cf-a8ae-f9e07c55f73e	60623	18025	33176	4362	5060	55563	0.29732939643369677	0.5472510433333884	0.07195288916747769	0.0834666710654372	0.3244065295250436	0.0785054802656444
d5cad767-265f-480f-a3bf-185bd4a75d5e	60623	7	3554	53103	3959	56664	0.00011546772677036768	0.05862461442026953	0.8759546706695479	0.06530524718341224	0.00012353522518706762	0.9371558661584074
38b25329-0b6e-485b-9063-8a8bac4a8b62	60623	2421	3572	53817	813	59810	0.03993533807300859	0.05892153143196477	0.8877323788001253	0.013410751694901276	0.040478180906202976	0.89979936465474
4a4ec9eb-d594-449b-adfb-703ac1f25bb5	60623	19079	31118	4758	5668	54955	0.31471553700740645	0.5133035316629002	0.07848506342477278	0.09349586790492058	0.34717496133199893	0.08657992903284506
389cd452-fcf0-498b-9e65-7e28dbe8d5a4	60623	10924	40163	4445	5091	55532	0.18019563531992808	0.6625043300397538	0.07332200649918348	0.08397802814113456	0.19671540733270906	0.0800439386299791
30c7850e-159e-48ee-bc8a-a9530bd53891	60623	11462	43604	4750	807	59816	0.18907015489170778	0.7192649654421589	0.07835310030846379	0.013311779357669532	0.19162097097766484	0.0794101912531764
bff12f06-dabc-4424-ac53-65ca01d0a406	60623	2686	22117	30224	5596	55027	0.044306616300743944	0.364828530425746	0.4985566534153704	0.09230819985813965	0.04881240118487288	0.5492576371599397
ddb8c0dd-c3df-4b78-850d-56b0644e12d7	60623	16858	32817	5600	5348	55275	0.27807927684212264	0.5413291984890223	0.09237418141629415	0.0882173432525609	0.3049841700587969	0.1013116236996834
8f1b2bb6-76ac-4ede-a874-a9569fb8c69d	60623	17368	35795	6655	805	59818	0.28649192550682084	0.5904524685350444	0.10977681737954242	0.013278788578592283	0.29034738707412483	0.11125413755057006
90d6af06-579f-42a2-90f4-bf587e209d70	60623	1738	12105	41262	5518	55105	0.028668987018128433	0.19967669036504296	0.6806327631427016	0.09102155947412698	0.03153978767806914	0.7487886761636875
6225672e-8ab7-4fed-8def-10138817ed1b	60623	1852	11810	46137	824	59799	0.030549461425531565	0.1948105504511489	0.7610477871434934	0.013592200979826139	0.030970417565511128	0.7715346410475091
887e9b15-4a8c-4950-8954-b9f6bff18bb1	60623	180	8291	46562	5590	55033	0.0029691701169523117	0.1367632746647312	0.7680583276974086	0.0922092275209079	0.0032707648138389695	0.8460741736776116
b3716b9c-af9c-41cd-9ceb-f45fcda4a2d5	60623	1799	18847	34341	5636	54987	0.029675205779984493	0.3108886066344457	0.5664681721458852	0.09296801543968461	0.032716823976576284	0.6245294342299089
94e363c2-c7a6-4485-b76b-eac8255ad2e4	60623	1938	22252	35614	819	59804	0.031968064925853225	0.36705540801346026	0.5874668030285535	0.01350972403213302	0.032405859139856864	0.5955120058858939
389c632d-45cf-447e-9069-11b2fcb543f5	60623	115	11911	42230	6367	54256	0.0018969697969417549	0.19647658479454994	0.6966003002160897	0.10502614519241872	0.0021195812444706574	0.778347095252138
1dcc6ef9-5d96-4b17-9d1e-b9185bdcb844	60623	491	17047	42261	824	59799	0.008099236263464362	0.28119690546492254	0.6971116572917869	0.013592200979826139	0.00821083964614793	0.7067175036371846
bc979254-2b16-43ab-ba8d-7670a3b4ab3a	60623	16670	37051	1545	5357	55266	0.2749781436088613	0.6111706777955561	0.02548537683717401	0.08836580175840852	0.30163210653928274	0.027955705135164478
135a5585-2009-4908-b17e-754da2ecaf92	60623	935	16750	42133	805	59818	0.015423189218613397	0.2762977747719512	0.6950002474308431	0.013278788578592283	0.015630746598013976	0.704353204720987
207be628-ffc8-4eb6-88b3-1705a3ee2ab5	60623	2259	23174	29585	5605	55018	0.03726308496775151	0.38226415716807155	0.4880160995001897	0.09245665836398727	0.04105928968701152	0.5377331055290996
43d7d5cf-e988-4b6b-925e-2b7bbd67e4fc	60623	2025	25839	27327	5432	55191	0.03340316381571351	0.42622437028850435	0.4507695099219768	0.08960295597380533	0.03669076479860847	0.49513507637114745
6feb1257-da6f-4a70-bbd1-f3aa843ef72a	60623	7569	41548	6232	5274	55349	0.12485360341784471	0.6853504445507481	0.10279926760470448	0.08699668442670273	0.13675043812896348	0.11259462682252615
666671bf-4f24-4a77-a4cf-a4dd4475ce9e	60623	7865	45625	6330	803	59820	0.1297362387212774	0.7526021476997179	0.10441581577948963	0.013245797799515036	0.13147776663323305	0.10581745235707121
65e5e0dc-01e3-43b1-80b5-09762432309e	60623	4063	18015	32479	6066	54557	0.06702076769542913	0.29716444253831054	0.5357537568249674	0.10006103294129291	0.07447256997268911	0.5953223234415382
4e5a6337-f61a-4cb5-89f8-fe32a5a12111	60623	4876	20715	34217	815	59808	0.0804315193903304	0.34170199429259523	0.5644227438430959	0.013443742473978523	0.08152755484216158	0.5721140984483681
a155cdf0-597c-4ddd-a184-10a29ff428e1	60623	446	7630	47122	5425	55198	0.007356943734226283	0.12585982217970076	0.777295745839038	0.08948748824703495	0.008080002898655748	0.8536903510996775
2d7da553-29ef-4db4-aa93-35c254552031	60623	518	8381	50917	807	59816	0.008544611781007209	0.13824785972320736	0.8398957491381159	0.013311779357669532	0.008659890330346396	0.851227096429049
145c1cbf-1d36-4439-896b-afabfcc8d864	60623	7559	32067	14943	6054	54569	0.12468864952245848	0.5289576563350543	0.24649060587565774	0.09986308826682942	0.13852187139218236	0.27383679378401654
1315b393-9071-4117-a395-f3b12db20c1e	60623	647	7764	51810	402	60221	0.0106725170314897	0.1280702043778764	0.854626131996107	0.00663114659452683	0.01074376048222381	0.8603311137310905
2e142ad3-0560-4e09-b5ce-ba9df578963d	60623	1330	20530	33594	5169	55454	0.02193886808636986	0.3386503472279498	0.5541461161605331	0.08526466852514722	0.023983842464024237	0.6057994013055866
e370c642-1d03-4f08-8bd4-1c99dae80679	60623	2016	23416	30031	5160	55463	0.03325470530986589	0.3862560414364185	0.495373043234416	0.0851162100192996	0.03634855669545463	0.5414600724807529
c514c91b-aba9-440c-af05-e69238d89438	60623	2717	26449	30653	804	59819	0.044817973376441285	0.436286557907065	0.50563317552744	0.01326229318905366	0.04542035139337	0.5124291613032649
7ce668a0-da92-4201-9f07-2c5b02df2c88	60623	15317	36055	4073	5178	55445	0.2526598815631031	0.5947412698150867	0.06718572159081537	0.08541312703099484	0.2762557489403914	0.07346018576968166
2497154d-cf3e-4b9c-93df-0e93eeee5198	60623	16260	39048	4509	806	59817	0.2682150338980255	0.6441119707041881	0.07437771142965541	0.013295283968130907	0.2718290786900045	0.07537990872160089
216c9136-673a-4e87-8537-daf1e4fbf394	60623	890	6401	47535	5797	54826	0.01468089668937532	0.10558698843673194	0.7841083417184896	0.09562377315540306	0.01623317404151315	0.8670156495093568
f6508c57-7de6-489b-9615-12c56dc8d8af	60623	6521	19139	28873	6090	54533	0.10756643518136681	0.31570526037972385	0.4762713821486894	0.10045692229021988	0.11957897053160471	0.5294592265233895
c1482e88-9f34-411c-ba15-83f36fd6cd4e	60623	7620	20628	31554	821	59802	0.12569486828431453	0.3402668954027349	0.5204955215017403	0.013542714811210266	0.12742048760911007	0.5276412160128424
d445f92f-5b61-4131-b474-f0ce49e52379	60623	11663	34141	9711	5108	55515	0.19238572818897118	0.5631690942381604	0.1601867278095772	0.08425844976329117	0.21008736377555615	0.17492569575790326
610850e3-576b-4882-bb46-799b5554fc55	60623	42	11508	48268	805	59818	0.0006928063606222061	0.18982894281048446	0.796199462250301	0.013278788578592283	0.0007021297937075797	0.8069143067304156
557f7cab-8204-4295-831e-9a8cacf72231	60623	16931	25381	12103	6208	54415	0.27928344027844215	0.41866948187981456	0.19964369958596573	0.10240337825577751	0.31114582376183036	0.2224202885233851
98198891-a060-4107-b56d-61f19ac5fab5	60623	16105	32197	6742	5579	55044	0.2656582485195388	0.5311020569750755	0.1112119162694027	0.09202777823598304	0.2925841145265606	0.12248383111692464
333a8837-94c4-4286-8997-f5477d2342f9	60623	11	17182	42614	816	59807	0.0001814492849248635	0.28342378305263677	0.7029345297989212	0.013460237863517147	0.0001839249586168843	0.7125252896818098
3d0f2483-ae45-4b2f-bba3-76a0eaecff4f	60623	33	9844	44937	5809	54814	0.0005443478547745904	0.1623806146182142	0.7412533196971447	0.09582171782986655	0.0006020359762104572	0.8198088079687671
f46d6e67-40ef-4a8c-99fc-700d8e598131	60623	11696	36052	7906	4969	55654	0.19293007604374576	0.5946917836464708	0.130412549692361	0.08196559061742242	0.2101556042692349	0.14205627627843462
58959d3a-1d8a-4a11-8b32-fedf1cfb53ab	60623	12108	37957	9749	809	59814	0.19972617653365884	0.6261155007175494	0.16081355261204494	0.01334477013674678	0.2024275253285184	0.1629885979870933
3218e049-6d6a-471c-8453-d8ac52cf9d14	60623	14926	34912	5250	5535	55088	0.24621018425350114	0.5758870395724395	0.08660079507777577	0.09130198109628358	0.2709483009003776	0.0953020621550973
73a2a82b-c87c-4c04-8cfe-cc679379b28d	60623	19364	30547	5541	5171	55452	0.3194167230259143	0.5038846642363459	0.09140095343351533	0.08529765930422446	0.3492029142321287	0.09992425881843757
4678c526-302a-43e6-862d-38fc6118ebc9	60623	19949	33758	6111	805	59818	0.32906652590600927	0.5568513600448675	0.10080332547053099	0.013278788578592283	0.3334949346350597	0.10215988498445285
b9e88fa0-fb6d-43c1-b879-bfdc95da9be1	60623	939	15510	40247	3927	56696	0.015489170776767893	0.2558434917440575	0.6638899427609983	0.06477739471817627	0.016562014956963453	0.7098737124312121
7423b7ef-05e4-4b6c-bad0-bb815d6cfa9a	60623	71	12388	42425	5739	54884	0.0011711726572423008	0.20434488560447356	0.6998169011761213	0.09466704056216288	0.0012936374899788646	0.7729939508782159
2e7d11b9-6542-4d37-b41c-9bdcf7a13b06	60623	179	13206	46432	806	59817	0.002952674727413688	0.21783811424706795	0.7659139270573875	0.013295283968130907	0.0029924603373622885	0.776234180918468
1c7e0067-e266-4967-9322-5967e112888e	60623	1642	19855	33912	5214	55409	0.027085429622420533	0.3275159592893786	0.5593916500338155	0.0860069610543853	0.029634174953527406	0.6120305365554333
f2b9f258-092d-4f46-a6c3-f5dc86188746	60623	8262	28402	18560	5399	55224	0.1362849083681111	0.46850205367599757	0.3061544298368606	0.08905860811903073	0.14960886571056062	0.3360857598145734
cea9ce81-da29-4c9c-905c-76a084606a6d	60623	13163	32750	13901	809	59814	0.2171288124969071	0.5402240073899345	0.2293024099764116	0.01334477013674678	0.2200655364964724	0.23240378506704115
18e0f4ed-43e2-451f-82bd-102260a30aaa	60623	2038	17405	35792	5388	55235	0.03361760387971562	0.28710225491974994	0.5904029823664286	0.08887715883410587	0.036896895084638365	0.64799493075043
d10b7299-8788-4800-b0a4-e836a18d5def	60623	19681	32406	3199	5337	55286	0.32464576150965807	0.5345495933886478	0.05276875113405803	0.08803589396763604	0.3559852403863546	0.05786275006330717
93da40dc-a3a5-46a0-92dd-6b6b34cfa785	60623	23178	33289	3346	810	59813	0.382330138726226	0.5491150223512529	0.055193573396235755	0.013361265526285403	0.3875077324327487	0.055941016167053985
9236e7c0-7b03-4bed-9f19-e3cf805be49b	60623	23076	26131	6172	5244	55379	0.38064760899328637	0.4310410240337826	0.10180954423238704	0.08650182274054402	0.4166922479640297	0.1114501886996876
16e2ec55-714d-4117-9a8d-2a891b003975	60623	27763	25492	6564	804	59819	0.45796149976081685	0.42050047011860187	0.10827573693152764	0.01326229318905366	0.4641167522024775	0.10973102191611361
c6045243-4072-4342-8fb1-f2bbea55fe7b	60623	18567	32118	4792	5146	55477	0.306269897563631	0.5297989212015242	0.079045906669086	0.08488527456575887	0.3346792364403266	0.08637813868810498
584e75bc-f3d2-4295-ab65-64634acff904	60623	21343	33437	5033	810	59813	0.3520610989228511	0.5515563400029692	0.08302129554789436	0.013361265526285403	0.35682878304047616	0.08414558707973183
dc3d8cea-908f-423f-976d-150bb1050063	60623	13475	33075	8471	5602	55021	0.2222753740329578	0.5455850089899873	0.1397324447816835	0.0924071721953714	0.2449064902491776	0.15395939732102287
d77d2152-572a-4d54-9c80-906c21d5675c	60623	16246	34528	9044	805	59818	0.2679840984444848	0.5695528099896079	0.14918430298731505	0.013278788578592283	0.2715904911565081	0.15119194891169882
37981859-ba7a-4f93-8fcb-78615e696149	60623	21933	26822	6469	5399	55224	0.3617933787506392	0.4424393382049717	0.10670867492535836	0.08905860811903073	0.39716427640156454	0.11714109807330146
353b6c00-ebfe-4650-8379-f46c8fe3e9cf	60623	14258	32105	8309	5951	54672	0.23519126404170035	0.5295844811375221	0.13706019167642644	0.09816406314435115	0.2607916300848698	0.1519790752121744
70944721-dbf3-4a65-ae98-a008a48ba55e	60623	745	581	54041	5256	55367	0.012289065206274846	0.009583821321940517	0.8914273460567771	0.08669976741500751	0.013455668539021439	0.9760507161305471
3d547b69-ceaa-49c1-8ea9-03a32b3fac90	60623	1976	22125	30592	5930	54693	0.03259488972832093	0.364960493542055	0.504626956765584	0.09781765996404006	0.0361289378896751	0.5593403177737554
120a373a-3f9b-4362-828d-a67a780b4e5b	60623	2057	23019	34736	811	59812	0.03393101628094947	0.3797073717895848	0.5729838510136417	0.013377760915824027	0.03439109208854411	0.5807530261485989
fb634d39-a4fe-493e-a982-2e360e69cbd2	60623	12260	28454	14631	5278	55345	0.20223347574352968	0.469359813932006	0.24134404433960707	0.08706266598485723	0.2215195591290993	0.26435992411238596
775e45f1-ce50-4894-926e-479d714e4908	60623	14134	30005	15677	807	59816	0.23314583573891098	0.49494416310641176	0.25859822179700775	0.013311779357669532	0.23629129329945164	0.2620870670054835
13f9890c-e405-4625-888e-496eee30dfb4	60623	2045	14169	39112	5297	55326	0.03373307160648599	0.23372317437276283	0.6451676756346602	0.08737607838609109	0.036962730000361495	0.7069370639482341
4c4747d9-c0bc-486e-b88c-5c1b8214d4de	60623	165	6001	49311	5146	55477	0.0027217392738729525	0.09898883262128236	0.8134041535390858	0.08488527456575887	0.002974205526614633	0.8888548407448131
cfa92815-5221-46e2-b7a2-958c556bb390	60623	271	5232	51064	4056	56567	0.004470250564967092	0.08630387806608053	0.8423205714002936	0.06690529996865877	0.004790779076139799	0.9027171318966889
f7011673-3a61-4450-b6b9-043ef33ac682	60623	2037	13713	39260	5613	55010	0.033601108490176994	0.2262012767431503	0.6476089932863764	0.09258862148029626	0.03702963097618615	0.7136884202872205
bb926e48-4e36-4d4e-9b18-d0dfc600745b	60623	2199	15391	42214	819	59804	0.036273361595434074	0.2538805403889613	0.6963363739834716	0.01350972403213302	0.03677011571132366	0.7058725168885024
ed59c414-e594-44c8-b920-159336d45b4f	60623	1999	18798	34522	5304	55319	0.032974283687709285	0.3100803325470531	0.5694538376523761	0.08749154611286146	0.03613586651964063	0.6240532186048193
8c0a24c2-b5e2-445d-ab88-8dafe8dd0b0e	60623	2055	21993	35770	805	59818	0.03389802550187223	0.3627831021229566	0.5900400837965789	0.013278788578592283	0.03435420776354944	0.5979805409742887
6f9a6f73-285d-4a9c-80eb-5f2ebc1787a4	60623	16400	29756	9245	5222	55401	0.27052438843343285	0.4908368111112944	0.15249987628457845	0.0861389241706943	0.2960235374812729	0.16687424414721755
64bb8411-d52d-4ec9-b6a7-f0c25d8a050a	60623	14681	32597	9249	4096	56527	0.24216881381653826	0.537700212790525	0.15256585784273297	0.06756511555020372	0.2597165956091779	0.16362092451394908
2067e680-a491-40d4-ba54-2fb7f46698e4	60623	16120	31480	7973	5050	55573	0.26590567936261816	0.5192748626758821	0.1315177407914488	0.08330171717005097	0.29006891835963505	0.14346895074946467
faf406a4-d3d4-4ff5-8a3b-86ecbc6802ab	60623	22226	27557	5375	5465	55158	0.366626527885456	0.4545634495158603	0.08866271877010376	0.09014730382857991	0.4029515210848834	0.0974473331157765
48c522ca-ad75-4b90-ae39-952338372624	60623	25521	28627	5658	817	59806	0.42097883641522194	0.47221351632218794	0.09333091400953433	0.01347673325305577	0.4267297595558974	0.09460589238537939
2179798c-4fd4-4434-b1d5-1453f6054fa2	60623	15069	36243	4275	5036	55587	0.24856902495752436	0.597842403048348	0.07051779027761741	0.08307078171651024	0.27108856387284797	0.0769064709374494
cd341ba2-d2cf-4f44-bc52-4731d6041a0c	60623	21408	29043	4907	5265	55358	0.35313329924286163	0.47907559837025554	0.08094287646602774	0.08684822592085512	0.3867191733805412	0.08864120813613209
867fce99-ccb9-49a7-bdcb-5b99a60f85c5	60623	23104	31401	5306	812	59811	0.38110947990036786	0.5179717269023308	0.0875245368919387	0.01339425630536265	0.3862834595642942	0.08871277858587885
f0f721b2-edab-49c9-b271-2204878c2ae5	60623	16321	28345	10057	5900	54723	0.26922125265988156	0.467561816472296	0.16589413258994112	0.09732279827788133	0.29824753759845035	0.18378012901339474
382c936b-f42d-4bea-9608-5f1ae2f466e0	60623	16977	32092	10745	809	59814	0.28004222819721886	0.5293700410735199	0.1772429605925144	0.01334477013674678	0.28382987260507575	0.17964021800916175
eaf742ea-5bdc-4f44-a390-77cba766d260	60623	15139	28201	11560	5723	54900	0.24972370222522805	0.46518648037873417	0.1906867030664929	0.09440311432954489	0.2757559198542805	0.2105646630236794
b1412ca6-b2af-4a39-912b-8dc246515c82	60623	20	16668	43130	805	59818	0.00032990779077247907	0.2749451528297841	0.7114461508008512	0.013278788578592283	0.00033434752081313316	0.7210204286335217
25d8f564-9ba7-4336-9b92-038fc26dcbd1	60623	5166	19968	29626	5863	54760	0.08521518235653135	0.3293799383072431	0.48869241047127326	0.09671246886495224	0.09433893352812271	0.5410153396639883
1fc87a3b-3f8b-4233-8901-157de45f925a	60623	5703	21653	32447	820	59803	0.09407320653877241	0.3571746696798245	0.5352259043597315	0.013526219421671643	0.09536310887413675	0.5425647542765413
b9a63363-bd0c-496f-a375-fce0d0a370d8	60623	20289	29595	4654	6085	54538	0.3346749583491414	0.48818105339557594	0.07676954291275588	0.10037444534252676	0.3720158421650959	0.08533499578275698
40cccb39-9deb-4335-ba6e-817c92d5b096	60623	23163	31290	5353	817	59806	0.38208270788314663	0.5161407386635435	0.08829982020025402	0.01347673325305577	0.3873022773634752	0.08950606962512123
cdaa3a57-c3e7-4858-a048-8f75b882dde7	60623	12061	36467	6082	6013	54610	0.1989508932253435	0.6015373703049998	0.10032495917391089	0.09918677729574583	0.22085698590001832	0.1113715436733199
394f49fe-6f3b-4687-b08b-ae836de0d3a5	60623	12373	40878	6556	816	59807	0.20409745476139418	0.67429853355987	0.10814377381521864	0.013460237863517147	0.20688213754242815	0.10961927533566306
43d20453-c167-4893-819d-754785da9a71	60623	0	2553	52286	5784	54839	0.0	0.042112729492106954	0.862477937416492	0.09540933309140096	0.0	0.9534455405824322
a7e17e91-e9d2-4118-8215-86546f8e2feb	60623	100	10476	44470	5577	55046	0.0016495389538623954	0.17280570080662455	0.7335499727826073	0.0919947874569058	0.0018166624277876685	0.8078697816371762
6649c680-748f-490e-a9c4-44face62ad50	60623	2247	11071	46501	804	59819	0.03706514029328803	0.1826204575821058	0.7670521089355525	0.01326229318905366	0.03756331600327655	0.777361707818586
7404e874-190e-4353-8755-1d9be35eedb7	60623	4	12880	42408	5331	55292	6.598155815449583e-05	0.21246061725747653	0.6995364795539647	0.0879369216304043	7.234319612240469e-05	0.7669825652897345
547d2969-b327-4cca-a120-5d5d18f24e6c	60623	2	7091	52725	805	59818	3.299077907724791e-05	0.11696880721838246	0.869719413423948	0.013278788578592283	3.3434752081313316e-05	0.8814236517436224
fd3e7ba8-21a5-438b-82ee-482ed6905310	60623	15455	32097	7604	5467	55156	0.2549362453194332	0.5294525180212131	0.12543094205169655	0.09018029460765715	0.2802052360577272	0.13786351439553268
8dd1b32f-3534-4002-b6a4-600f9a69d234	60623	20225	30959	9077	362	60261	0.3336192534186695	0.510680764726259	0.14972865084208964	0.0059713310129818715	0.3356233716665837	0.15062810109357627
fce206e4-6f50-466b-800c-7e295ea56124	60623	15478	29028	11018	5099	55524	0.25531563927882156	0.47882816752717616	0.18174620193655874	0.08410999125744355	0.2787623370074202	0.19843671205244579
5c7d24ba-ca79-4a60-a747-58d64d3c4d88	60623	0	15393	44424	806	59817	0.0	0.25391353116803855	0.7327911848638305	0.013295283968130907	0.0	0.7426651286423592
5be2767c-8f8e-4b30-a3fa-bfbcce461c5c	60623	16680	32987	5281	5675	54948	0.27514309750424754	0.5441334147105884	0.08711215215347311	0.09361133563169094	0.303559729198515	0.09610904855499745
a5ad2377-7f60-4c8a-8343-4589b01dc4c5	60623	0	4799	49925	5899	54724	0.0	0.07916137439585635	0.8235323227158009	0.0973063028883427	0.0	0.9123053870331116
a0a9b124-82fa-4eff-a5df-38932e8ce44a	60623	0	540	54398	5685	54938	0.0	0.008907510350856936	0.8973162001220659	0.09377628952707719	0.0	0.9901707379227492
313dfaf3-68e5-42f1-a70e-62fa412b1700	60623	1111	11505	47197	810	59813	0.018326377777411213	0.1897794566418686	0.7785329000544348	0.013361265526285403	0.0185745573704713	0.7890759533880595
832fbf68-76dc-47f7-b0ac-257d77d69bdf	60623	18874	30002	6071	5676	54947	0.31133398215198854	0.4948946769377959	0.10014350988898603	0.09362783102122957	0.34349464028973375	0.11048828871457951
45893b0e-301f-474a-b390-936d7d74f57e	60623	458	10147	44925	5093	55530	0.007554888408689771	0.16737871764841727	0.7410553750226812	0.0840110189202118	0.008247793985233207	0.809022150189087
361091d9-5d17-4b74-aebb-fcc00e2a8195	60623	470	11972	47375	806	59817	0.007752833083153258	0.197482803556406	0.7814690793923098	0.013295283968130907	0.007857298092515506	0.791998930070047
67c7b4cb-5fe3-49cf-9aa3-df23717553bb	60623	11616	40279	3617	5111	55512	0.19161044488065584	0.6644177952262342	0.059663823961202844	0.08430793593190704	0.20925205361003027	0.0651570831531921
19e1d694-4cae-4fd9-92fb-4d8395c8d75a	60623	160	3050	51466	5947	54676	0.0026392623261798326	0.05031093809280306	0.8489517179948205	0.09809808158619666	0.002926329651035189	0.9412905113761065
