dataset_id	case_id	bulk_sample_count	cnv_sample_count	clinical_available	has_bulk	has_cnv	has_clinical	all_three_layers
SC001	0075437e-ba1a-46be-86d6-9773209a2b5e	1	1	True	True	True	True	True
SC001	009be09b-f9f6-43b7-8f45-4a648f8123ce	1	2	True	True	True	True	True
SC001	01e9888d-b5b9-48f1-8ba6-8a89af108a04	1	1	True	True	True	True	True
SC001	0232d299-4cdf-4fd7-9a5e-8d13c208b40c	1	2	True	True	True	True	True
SC001	028e99e9-5b9a-4954-bb6e-6d4709a3cea8	1	1	True	True	True	True	True
SC001	035c0b2b-c722-443b-8962-db4ee92c7532	1	2	True	True	True	True	True
SC001	03c3409a-9d16-41d0-9e26-f9fc2547a4c8	1	2	True	True	True	True	True
SC001	05534064-8b43-4c82-95da-70fd83bd6560	1	1	True	True	True	True	True
SC001	055e9a43-3c00-4110-a303-e4407676bec0	1	1	True	True	True	True	True
SC001	06fe7f3e-4edd-4150-981c-93787ea19b39	1	1	True	True	True	True	True
SC001	0780eb43-d5b5-4c3d-9825-beacba5cc723	1	2	True	True	True	True	True
SC001	079ae0b3-b64b-4b8e-ab7d-225b8046568c	1	2	True	True	True	True	True
SC001	07b5663f-9a54-4462-b6c1-6fc8116b8714	1	1	True	True	True	True	True
SC001	088edf89-d2b5-40c7-b066-df3bd383f7ea	1	2	True	True	True	True	True
SC001	09078761-1c14-4d01-8e15-535c19a9b0f9	1	1	True	True	True	True	True
SC001	096bd95f-9900-4db2-b1c4-103902c3b31f	1	2	True	True	True	True	True
SC001	09918b81-4696-4cba-a45a-5fe7407c2337	1	1	True	True	True	True	True
SC001	0a1eea76-e19a-4547-9b24-abf7051cc4db	1	1	True	True	True	True	True
SC001	0a45f302-5748-48f3-9dc9-66c01843a68e	1	1	True	True	True	True	True
SC001	0b15fcb8-1fb7-497e-80b9-d3db66a3c0a2	1	2	True	True	True	True	True
SC001	0b31dbdf-0623-48e4-a0ec-017650dceda7	1	1	True	True	True	True	True
SC001	0c0b610e-fe4c-406d-a5ed-5cc3b11dabf5	1	2	True	True	True	True	True
SC001	0c59ff96-5e4a-4664-a0b1-d057b4725483	1	1	True	True	True	True	True
SC001	0d0d83d9-d558-4d38-977b-6f1b2471beda	1	1	True	True	True	True	True
SC001	0d66bf6c-eed0-4726-bd5b-3bf6d610b4e0	1	2	True	True	True	True	True
SC001	0d980584-4484-4063-8243-c3cd67f6f588	1	1	True	True	True	True	True
SC001	0df573ee-28f0-4244-b434-09e6ca59fbf0	1	1	True	True	True	True	True
SC001	0ea4920f-f4c8-4590-84b3-eb419824e144	1	1	True	True	True	True	True
SC001	0fe909ea-d52c-4b71-816f-57f62d4a5744	1	2	True	True	True	True	True
SC001	100430c8-1446-45c8-af36-b6dbb3ddd0c1	1	2	True	True	True	True	True
SC001	1070ff27-17c9-43dd-a4f6-daa643eb9123	1	1	True	True	True	True	True
SC001	108a71cf-b9db-47cd-aa74-c03ec989b41b	1	1	True	True	True	True	True
SC001	114a34c0-983b-4d90-9181-1823c9637a63	1	2	True	True	True	True	True
SC001	11c2e619-8aeb-4f86-b03b-78f9a8099263	1	2	True	True	True	True	True
SC001	127bf818-f7e5-46b5-a9de-39f6d96b8b83	1	2	True	True	True	True	True
SC001	12b79b4f-c28c-418e-a1e7-e622f33fdcc2	1	2	True	True	True	True	True
SC001	12c07138-e3fa-418a-89e3-628da12bc99e	1	2	True	True	True	True	True
SC001	12c27db5-db2f-48dc-a2ca-9557b951f43e	1	1	True	True	True	True	True
SC001	12ccd581-a921-41bc-bcee-4e9be54532cc	1	2	True	True	True	True	True
SC001	1427cd18-5ad3-491a-9981-908e31ae49db	1	1	True	True	True	True	True
SC001	15340dd3-84ae-49fb-989a-eb212f3e73da	1	1	True	True	True	True	True
SC001	1575148b-0f63-44ee-86fd-93ae1a02be0b	1	1	True	True	True	True	True
SC001	15f12d2c-b834-4bfc-b526-f03bf85bfe96	1	2	True	True	True	True	True
SC001	16cd58db-d52c-403e-9e9c-6da2e99f6bad	1	1	True	True	True	True	True
SC001	16d3c1c1-cf3a-44b6-b564-8ae5464b243d	1	1	True	True	True	True	True
SC001	16e64a1e-08b0-4c27-8c69-fa64551f8ca4	1	2	True	True	True	True	True
SC001	17e09b0d-eab2-40ec-ae3c-be9ab63fcef0	1	1	True	True	True	True	True
SC001	18478121-f1d1-4bdd-9511-8ab22f4a0660	1	1	True	True	True	True	True
SC001	193201a3-1447-47b1-bdf1-11ae0eb3b2f3	1	2	True	True	True	True	True
SC001	195a5afb-b79f-44d2-9d12-884487630c2b	1	1	True	True	True	True	True
SC001	199386c2-bb53-4fad-a1b6-59ab216a4a50	1	2	True	True	True	True	True
SC001	1ab7ad70-0f80-41d8-8efa-3baebc8223cc	1	1	True	True	True	True	True
SC001	1b110eb4-a01d-4c50-ba18-77da4dedd549	1	2	True	True	True	True	True
SC001	1b31cdb3-1837-49d6-a857-1830f8800299	1	1	True	True	True	True	True
SC001	1b354837-4925-4480-ac32-6b44d0957314	1	1	True	True	True	True	True
SC001	1c339545-c08a-4a77-b8e9-a7e49e53853f	1	2	True	True	True	True	True
SC001	1c58d9b8-17a2-4fc6-9898-fe6f47bd2c2a	1	1	True	True	True	True	True
SC001	1d276b62-5e64-48fb-b2ce-5192b511fe37	1	1	True	True	True	True	True
SC001	1d90c9f3-5025-4867-a2f0-e455b6a254fa	1	2	True	True	True	True	True
SC001	1f0a5312-0590-4230-9da9-fd0cfe693586	1	1	True	True	True	True	True
SC001	1f1df7ea-00b9-4432-86de-da773d1451e5	1	2	True	True	True	True	True
SC001	1fc81cd4-fa89-4135-8c3c-027ffae82b05	1	2	True	True	True	True	True
SC001	202e5df9-69f2-432c-a59d-cc5aa176e973	1	1	True	True	True	True	True
SC001	205759a6-6391-491b-9857-0080c3a5871e	1	2	True	True	True	True	True
SC001	2079155a-d91d-4246-a038-01934a580f32	1	1	True	True	True	True	True
SC001	21fb46f9-4bbb-441c-af19-a687e9138344	1	2	True	True	True	True	True
SC001	23069f19-eba5-4ea5-ae7d-1ee4399ce7c1	1	1	True	True	True	True	True
SC001	230dc42d-681c-4e31-9d2e-c724e61829fb	1	2	True	True	True	True	True
SC001	243c6fd6-5516-46e5-bcef-292d93d7b7d3	1	2	True	True	True	True	True
SC001	2483621a-4db3-41ab-aa33-b9427ea8a0af	1	1	True	True	True	True	True
SC001	258a3a41-211b-4c66-bd3b-ef03014a6967	1	1	True	True	True	True	True
SC001	25d4ea9e-f773-4f11-bac9-64efdad73211	1	2	True	True	True	True	True
SC001	26a92e1b-08d8-45cd-af0c-eaf2514808a2	1	1	True	True	True	True	True
SC001	27fceec1-3298-4cdd-a4e6-8f5cf34604f0	1	2	True	True	True	True	True
SC001	2923e404-38f2-437a-b57e-23401fbe0273	1	2	True	True	True	True	True
SC001	294cb595-0907-44c7-bbef-985a27c1e6e2	1	1	True	True	True	True	True
SC001	294ff941-aea1-4588-9a0e-e9f5393e2bb6	1	1	True	True	True	True	True
SC001	2a394996-809f-459f-a647-d209921ccbd2	1	2	True	True	True	True	True
SC001	2a43e61e-2151-4c5a-b062-74ce9dfd8d4a	1	2	True	True	True	True	True
SC001	2b68b51f-bd4c-4bbb-b4e6-2eead53da2a4	1	1	True	True	True	True	True
SC001	2c03141e-a0bd-4e8d-91e4-9744d139ccce	1	2	True	True	True	True	True
SC001	2cd8ea73-cb3f-4b17-9b97-fa12eb03b85b	1	2	True	True	True	True	True
SC001	2db08267-d346-4d42-aac0-b76831903253	1	1	True	True	True	True	True
SC001	2de1ba51-eae1-4a54-b7cd-d6d739fdc39d	1	2	True	True	True	True	True
SC001	2efc156c-464a-4c2f-a854-39fefe32081c	1	2	True	True	True	True	True
SC001	2f0710f4-827b-45b2-9b7e-c27385b481a7	1	2	True	True	True	True	True
SC001	2f09479f-87fc-4c34-8e2c-333e970a3681	1	2	True	True	True	True	True
SC001	2f1a4b16-104c-40eb-8114-8245847bb716	1	2	True	True	True	True	True
SC001	2fabeb98-05e3-4f55-97f5-fbc675e25a3d	1	2	True	True	True	True	True
SC001	301ca6e8-7981-4264-b4ae-38f56f7f9225	1	1	True	True	True	True	True
SC001	30f276a8-3a4b-4de8-aea0-7f605d100401	1	1	True	True	True	True	True
SC001	31458638-e19c-43e5-ab13-9c64b3b3681d	1	1	True	True	True	True	True
SC001	3199cfe5-3be3-43cd-a36b-5cf2c7a9929f	1	2	True	True	True	True	True
SC001	31c96e35-5e2f-429c-b12a-7bc5a497a300	1	2	True	True	True	True	True
SC001	31ff69b5-9e58-44da-8326-bdfc7ee495c4	1	2	True	True	True	True	True
SC001	32592562-11fa-435a-b40b-2b242bae53aa	1	2	True	True	True	True	True
SC001	32a7b827-c3f9-4607-ae63-dae8caa2bc97	1	2	True	True	True	True	True
SC001	32d9935a-f5cd-43b3-88bd-09e6e2b9090d	1	2	True	True	True	True	True
SC001	33c71ead-4c2a-476d-85ef-885dbbfc2cbd	1	1	True	True	True	True	True
SC001	33e3f736-7990-4f7a-ac35-863247566541	1	1	True	True	True	True	True
SC001	34040b83-7e8a-4264-a551-b16621843e28	1	2	True	True	True	True	True
SC001	3434b91a-c05f-460f-a078-7b1bb6e7085d	1	2	True	True	True	True	True
SC001	345aef28-d49b-491b-a337-b1ac55c37d35	1	2	True	True	True	True	True
SC001	349e6f38-2c67-4a69-a777-b9173a2a27cf	1	1	True	True	True	True	True
SC001	34d8e84e-c3e1-417d-8b9b-8563d9fa0f8e	1	2	True	True	True	True	True
SC001	35cb7841-9b09-465a-90c5-e3b8a9faad49	1	1	True	True	True	True	True
SC001	362000e4-cf7c-48fc-93cc-8f5994b442ea	1	1	True	True	True	True	True
SC001	36470b30-a3b3-4d28-851b-918a7ff88011	1	2	True	True	True	True	True
SC001	368e23f0-e573-4547-bf5a-14080baf737b	1	1	True	True	True	True	True
SC001	369f14c4-2191-4962-a309-3e23ddc4e5fc	1	1	True	True	True	True	True
SC001	36ad7fc7-0cc1-4f01-aef1-f89b3cb4feac	1	2	True	True	True	True	True
SC001	36bf02f8-c1c8-49f9-a417-adf88a205c70	1	1	True	True	True	True	True
SC001	37c8d73a-45ae-40fc-ba9a-721b755c1160	1	2	True	True	True	True	True
SC001	383d1253-349f-43b3-bebd-9f1d1cf14b3d	1	1	True	True	True	True	True
SC001	389f78a3-fa0b-406c-9434-aa0298341a8c	1	1	True	True	True	True	True
SC001	397d3f69-1453-4057-b177-8723eec923d1	1	1	True	True	True	True	True
SC001	39ab7174-5707-498d-9959-523680e04198	1	2	True	True	True	True	True
SC001	3a23cdb5-2327-45ac-b0b5-d4afe038c757	1	1	True	True	True	True	True
SC001	3afa5045-a1ee-4a07-8aad-2e252b2f7d7a	1	2	True	True	True	True	True
SC001	3b21b982-dba2-45f4-ad8d-21dc86fcaaa7	1	1	True	True	True	True	True
SC001	3b89ac82-63f6-41b9-a03d-34b9ffc1550d	1	1	True	True	True	True	True
SC001	3bc7026f-73f2-418b-bd62-f4768582b790	1	2	True	True	True	True	True
SC001	3bd6badb-27ff-4d8d-b206-4d28dc264862	1	1	True	True	True	True	True
SC001	3d2aa654-1b5f-4eb4-a1c2-af31f5760069	1	1	True	True	True	True	True
SC001	3daebe75-c6df-478e-8a4c-11186fd5ead9	1	2	True	True	True	True	True
SC001	3e1df30f-744a-41e9-a169-7dbbff66622e	1	2	True	True	True	True	True
SC001	3e34c7d9-90fa-41e2-ba6b-4bbc332adc4e	1	1	True	True	True	True	True
SC001	3e635902-5310-4406-8b4d-a238ce382639	1	1	True	True	True	True	True
SC001	3ed05070-6633-4de5-9f72-090f93aa2e4d	1	2	True	True	True	True	True
SC001	3fe8f8e4-5396-4362-82f5-366e2fb69db2	1	2	True	True	True	True	True
SC001	4036c6fc-c82e-47bb-a384-6f299dc30b52	1	2	True	True	True	True	True
SC001	41c4c704-825e-49f5-9d54-dbd7d30725e0	1	2	True	True	True	True	True
SC001	42259aa6-c9f5-4309-a956-dbf930312f44	1	1	True	True	True	True	True
SC001	42432463-8e92-4f25-b72a-f03953527aa5	1	1	True	True	True	True	True
SC001	42d208bd-cd77-4bfb-ad53-9fc072a87393	1	1	True	True	True	True	True
SC001	433a32d0-93d1-4897-8e36-beb1ec1d998e	1	1	True	True	True	True	True
SC001	44218b35-219c-4ad9-a01e-fde14067c4c0	1	2	True	True	True	True	True
SC001	44adf4cb-2829-4153-80fd-a8b7ee0e654a	1	1	True	True	True	True	True
SC001	44d8c859-4b7a-4e9d-bffc-0de0e6afdcc4	1	1	True	True	True	True	True
SC001	44dec838-b653-42a7-a58b-a1fd232cd68c	1	1	True	True	True	True	True
SC001	46592b7b-6968-42a6-83af-0917c9f4a9a5	1	1	True	True	True	True	True
SC001	467d96d7-4a42-4116-8c32-0e4b34f96d8a	1	1	True	True	True	True	True
SC001	47062ad2-ba82-45c8-a871-bdea84f0c405	1	1	True	True	True	True	True
SC001	472337c2-a2fc-403a-8c17-69511193128b	1	2	True	True	True	True	True
SC001	474b86d9-d897-467d-85d4-51dfa26ea107	1	1	True	True	True	True	True
SC001	47b749e6-e060-4aa1-8f29-976e489ba789	1	2	True	True	True	True	True
SC001	482eb2a7-6fed-4e4c-b1b6-14d6d869f855	1	1	True	True	True	True	True
SC001	488646a1-0bdb-45f8-8c30-bef006924511	1	1	True	True	True	True	True
SC001	497cc506-03fe-4ffa-860b-5a12adb1bc7d	1	2	True	True	True	True	True
SC001	4a1d30e8-e93a-41ed-8e54-08eaff6556a7	1	1	True	True	True	True	True
SC001	4ad63dac-76a7-4527-abce-d7a0184e8739	1	2	True	True	True	True	True
SC001	4b22ad71-c585-4077-ad3c-c6e026d0c7fa	1	2	True	True	True	True	True
SC001	4b7cd595-e7f9-45a8-b736-a8c7c42d9539	1	1	True	True	True	True	True
SC001	4b92fce2-3772-40eb-ab34-a27937b58590	1	1	True	True	True	True	True
SC001	4c31127e-d095-4978-9dac-35153c27f6ed	1	1	True	True	True	True	True
SC001	4cd3d483-2283-4c6a-a57a-444216119d34	1	1	True	True	True	True	True
SC001	4d153600-81f9-44fb-b485-6355ec306d6a	1	1	True	True	True	True	True
SC001	4ef872e1-82c9-4939-9248-41ed9d3085b2	1	2	True	True	True	True	True
SC001	4efc2dac-6330-4b7a-a529-a27285f5fc23	1	1	True	True	True	True	True
SC001	501c987e-d1eb-48a9-89eb-72a5062c90b4	1	2	True	True	True	True	True
SC001	50b2c647-aecd-4c81-af22-0d8116593552	1	2	True	True	True	True	True
SC001	5134c56f-8286-4ec8-8348-237cee7dad5e	1	1	True	True	True	True	True
SC001	5202458b-c38a-47c0-a0ba-5f1a59a762a0	1	2	True	True	True	True	True
SC001	528a0fce-0719-4b19-a69d-3f18681696c5	1	1	True	True	True	True	True
SC001	52df074f-a402-4b78-9472-f8eb268efded	1	2	True	True	True	True	True
SC001	532c1852-76dd-489f-9380-36766d6e3c34	1	2	True	True	True	True	True
SC001	54254f5a-50e8-4150-a9b7-56a0470d2a56	1	2	True	True	True	True	True
SC001	54480f58-7e63-4aed-a116-c2c2252e8364	1	1	True	True	True	True	True
SC001	54775a66-08cc-4f38-98f2-e7b2b5cec994	1	2	True	True	True	True	True
SC001	54a0e4d7-c274-4569-9c25-45bbe26d7f21	1	1	True	True	True	True	True
SC001	54a9cc9e-3eee-4caa-9f33-4ea64a2999ba	1	1	True	True	True	True	True
SC001	54e90433-5218-4d83-848f-f995ecba2a63	1	1	True	True	True	True	True
SC001	5510ad32-62fd-4adc-964a-ae4e997c2f4b	1	2	True	True	True	True	True
SC001	552712d3-da16-441e-ba93-11810793d598	1	1	True	True	True	True	True
SC001	562a562b-ca03-44ac-b282-b51b457d8dae	1	1	True	True	True	True	True
SC001	575752f8-2788-43cd-afde-f0f600f39d18	1	1	True	True	True	True	True
SC001	5813997a-d7dc-4f7c-8d4b-e979832168a9	1	1	True	True	True	True	True
SC001	58babefe-7e81-4594-ba29-50d1de92a5ab	1	1	True	True	True	True	True
SC001	591c068f-bbb1-4df2-9abb-d1a2e4a58372	1	2	True	True	True	True	True
SC001	595fc3ad-f603-421b-b130-52f1f617050b	1	2	True	True	True	True	True
SC001	5a2f8140-8f90-4e94-b703-5fa5aa96be7b	1	2	True	True	True	True	True
SC001	5abd6651-69be-42f8-bdc0-308e68136d31	1	2	True	True	True	True	True
SC001	5ace9608-d38a-42f2-a877-ec7c9d211808	1	1	True	True	True	True	True
SC001	5af499be-d2b9-4eaf-9a9f-435dccb51917	1	1	True	True	True	True	True
SC001	5c06d97f-2aaa-43de-b085-09d7829356ba	1	1	True	True	True	True	True
SC001	5c266025-e590-457c-af86-4c2dc9797267	1	2	True	True	True	True	True
SC001	5d2a9a4f-678d-4089-a8c5-81a5cb696629	1	1	True	True	True	True	True
SC001	5d5cc436-6e57-4d23-a164-7f5153c2e666	1	1	True	True	True	True	True
SC001	5d7ec32a-049f-4997-9882-1b3ac157e02d	1	2	True	True	True	True	True
SC001	5f4934be-eee3-40e1-8838-38103badc898	1	1	True	True	True	True	True
SC001	5fd0f07b-8bb9-4378-bd26-28a26057e8fe	1	1	True	True	True	True	True
SC001	5fe77d4a-a8a5-4c90-8ff2-9c3bbbb309ef	1	1	True	True	True	True	True
SC001	6092bd5c-e97c-4a77-a4ad-c87623b17507	1	2	True	True	True	True	True
SC001	6144d666-8f77-4efe-95f1-f9e5c4e5e056	1	1	True	True	True	True	True
SC001	61c655ec-52b5-453f-a6cc-b2aba445b027	1	1	True	True	True	True	True
SC001	62380447-3b94-4e7c-823a-72dd7b4ccf3a	1	2	True	True	True	True	True
SC001	63bd2175-4b7c-44c9-aef3-9efc8f79837b	1	2	True	True	True	True	True
SC001	645903b5-ba37-48a1-985b-a019b8db3236	1	1	True	True	True	True	True
SC001	646910ee-5f5d-40ac-a21a-75790f89430a	1	2	True	True	True	True	True
SC001	656a5eb4-e4a5-4d21-a800-3586f4d6588b	1	1	True	True	True	True	True
SC001	659668e8-f0d9-4ff2-bbc8-9246f2ef49ab	1	1	True	True	True	True	True
SC001	66763a0c-6cda-4832-a0cc-e7b496d78eaa	1	2	True	True	True	True	True
SC001	66ed89f6-8ba2-49d0-af0f-4b6ebf2381bf	1	2	True	True	True	True	True
SC001	673493f6-975c-49e8-934c-001e9a0fff90	1	2	True	True	True	True	True
SC001	67a2bc21-7c87-4678-997d-a434de672436	1	1	True	True	True	True	True
SC001	67dbe286-edb3-4d07-8f74-9e5254f01945	1	2	True	True	True	True	True
SC001	67fa3e41-c7c6-44c5-9e67-6bcb2715aacc	1	1	True	True	True	True	True
SC001	681b1176-9676-44d3-892c-1d5dba1ce25b	1	2	True	True	True	True	True
SC001	6845099a-b2c9-48d8-b856-9903d39bb92e	1	1	True	True	True	True	True
SC001	68b86559-38b2-41f2-b66e-c3c2b628b14d	1	2	True	True	True	True	True
SC001	69584d55-18f7-4786-b3cc-cd528500be44	1	2	True	True	True	True	True
SC001	69b23036-add9-42c9-941f-02fb74d9b08c	1	2	True	True	True	True	True
SC001	69dba721-a168-47a4-b7ff-80a448bad654	1	1	True	True	True	True	True
SC001	6bffe800-ec2b-4638-9333-97fe85dcd91c	1	2	True	True	True	True	True
SC001	6c3655ca-8ae7-4ad7-b3e4-0c3ec293fba7	1	1	True	True	True	True	True
SC001	6cf49cf0-de4c-4c90-8358-eae19c6206b0	1	2	True	True	True	True	True
SC001	6d72de06-232a-4983-a06c-eba6d82cb3f1	1	1	True	True	True	True	True
SC001	6d96a298-be5a-4e14-afe8-ca4b6ca298d6	1	2	True	True	True	True	True
SC001	6dfd47d2-831a-4386-9051-f78199a16bb5	1	1	True	True	True	True	True
SC001	6ee9caec-65ac-46db-9426-ffaa31967ae2	1	1	True	True	True	True	True
SC001	70081320-540f-41d2-8687-ee6d011f8eb0	1	1	True	True	True	True	True
SC001	706420c4-8820-4b41-80d9-f3efd1d2a4f0	1	1	True	True	True	True	True
SC001	7093024b-cf56-4783-b973-b72573ed7f2b	1	1	True	True	True	True	True
SC001	7099597a-b208-45b5-b9e0-11ab40d5e497	1	2	True	True	True	True	True
SC001	722d6818-f1cb-49f4-b68a-fd0a31304681	1	2	True	True	True	True	True
SC001	742e0e32-25b5-4d41-8bf5-364b571cfd93	1	1	True	True	True	True	True
SC001	75589307-f141-4d0d-b35d-adbbc77b3dec	1	2	True	True	True	True	True
SC001	75a0bb0b-6528-4fb8-a9e6-254905d21df4	1	2	True	True	True	True	True
SC001	75dd635e-8e0c-4c0b-b21c-20f77770218d	1	2	True	True	True	True	True
SC001	762dea8a-5b41-4058-979a-b7876ed13d7e	1	2	True	True	True	True	True
SC001	765ad5a5-134b-4680-a6d4-1dd113dc47cc	1	1	True	True	True	True	True
SC001	772324a5-5513-454d-ad6b-605798f69b73	1	2	True	True	True	True	True
SC001	77828a90-8e2a-4664-b674-d837e6e34fe4	1	2	True	True	True	True	True
SC001	7782ceaa-da49-4232-8b3f-534971adaad8	1	1	True	True	True	True	True
SC001	77c4dbb2-eceb-4e0d-bcde-63dc817d5f35	1	3	True	True	True	True	True
SC001	77f8c850-b4e6-46a1-ab12-a50e0044a0c8	1	2	True	True	True	True	True
SC001	781f40c9-c099-4c96-8269-ebe2a449c93d	1	1	True	True	True	True	True
SC001	78a24c56-576c-4245-bb42-6603b3d19897	1	2	True	True	True	True	True
SC001	78ae716b-0ca5-4c01-a053-d41288385fcd	1	1	True	True	True	True	True
SC001	793649e5-f479-4d64-8723-2ef488fe0fd9	1	1	True	True	True	True	True
SC001	7a0ea814-f0de-4bc4-a81a-daa000559369	1	1	True	True	True	True	True
SC001	7a111b4f-46e9-4e34-8024-0b9fdc5cbcd8	1	2	True	True	True	True	True
SC001	7b0622ab-63ea-483f-ae40-d3ea587bdbba	1	2	True	True	True	True	True
SC001	7b89166e-c5b8-481b-aa70-495141499b91	1	2	True	True	True	True	True
SC001	7b9479ff-23d6-4689-91f0-02efc94300f9	1	1	True	True	True	True	True
SC001	7be86a90-6da8-4c01-8a7a-bc5cfef9894f	1	2	True	True	True	True	True
SC001	7c4ed533-ee66-48be-a84b-ff8607742818	1	1	True	True	True	True	True
SC001	7c7d777b-bf00-4c24-97fc-922580d5605f	1	2	True	True	True	True	True
SC001	7ca711ec-9ac0-4fa7-8a60-32ae84b8789a	1	1	True	True	True	True	True
SC001	7cce924f-12a1-4895-9866-5d4b1869dde6	1	2	True	True	True	True	True
SC001	7e7f089c-25f7-4e14-aed5-d741047b9e42	1	1	True	True	True	True	True
SC001	7e83f9dd-b038-497b-a113-a55605398b7b	1	1	True	True	True	True	True
SC001	7eb540b4-8dd3-4382-a488-e48b1c7213b3	1	1	True	True	True	True	True
SC001	7f6455e8-fa3d-4452-acb2-8c9995073072	1	2	True	True	True	True	True
SC001	7fd03220-531e-4ef8-beca-e9703e8c0ae1	1	1	True	True	True	True	True
SC001	807cc7d2-6e3b-4f2d-9531-0da994eeeada	1	2	True	True	True	True	True
SC001	81a0b2ff-a3d3-41bb-9ce6-765e6ae894af	1	1	True	True	True	True	True
SC001	8214a0d1-5e2d-4a7a-acb1-e5580755db83	1	2	True	True	True	True	True
SC001	82476d2d-e403-4f6b-8dd6-cc84e3329478	1	2	True	True	True	True	True
SC001	83a6ed20-b3cf-48b9-8ed3-a080cd4951fa	1	2	True	True	True	True	True
SC001	83e38dbd-edab-47f2-b19f-6ea38fc6bece	1	1	True	True	True	True	True
SC001	84c3ba70-afa7-4b69-be69-7ec8d6022c56	1	1	True	True	True	True	True
SC001	8504fd86-a70a-4cba-9ec8-25c9e60ca549	1	1	True	True	True	True	True
SC001	851867cb-9ad0-4fdf-ac75-9bb0427ad440	1	1	True	True	True	True	True
SC001	8609edfc-119d-4d63-9188-c86aabd5ca52	1	2	True	True	True	True	True
SC001	86dac334-f30e-438e-810a-8e45f69dbb7e	1	2	True	True	True	True	True
SC001	86faf16c-56fd-4b7b-a6b2-b4c83bec93e1	1	1	True	True	True	True	True
SC001	875333ab-9048-462d-aaa2-693ad127e3cc	1	2	True	True	True	True	True
SC001	87f1b3df-4bc7-4336-b658-f30ac1c5c796	1	1	True	True	True	True	True
SC001	8869000d-09d7-465a-ac32-54d1935c43e7	1	1	True	True	True	True	True
SC001	8981f0c9-7155-4c96-bf77-7d40fe404323	1	2	True	True	True	True	True
SC001	8994c8c4-9ea0-46cb-b4a5-0055d7da5bfa	1	1	True	True	True	True	True
SC001	8a16ddb3-4861-4128-bed9-0b1f94fe8cf7	1	2	True	True	True	True	True
SC001	8b119d1c-6d21-4bbd-8a00-12da7b97d6c4	1	1	True	True	True	True	True
SC001	8c695c24-e7f9-449a-9258-a1bc8a33bf9a	1	2	True	True	True	True	True
SC001	8cc6bcec-65df-46a9-a88c-09762a132857	1	2	True	True	True	True	True
SC001	8d0736fe-261c-445c-bfd2-a3ea3ceaf367	1	2	True	True	True	True	True
SC001	8d535aa6-6d59-4965-b5ed-17217d8f5930	1	1	True	True	True	True	True
SC001	8e2aca86-7cba-4631-9f25-4d14219dbc6d	1	2	True	True	True	True	True
SC001	8e41153b-9faf-45c3-8397-8a428ef5c0d5	1	2	True	True	True	True	True
SC001	8f04660a-2efb-4947-9eab-375066b9eb33	1	1	True	True	True	True	True
SC001	8f52cccd-5709-4753-9670-31a573ee27ab	1	1	True	True	True	True	True
SC001	8fdbd88f-19ae-4ab8-bcd7-6bfa1bbde742	1	2	True	True	True	True	True
SC001	923b37e4-fcf7-46a0-8cb2-9139711fec7b	1	1	True	True	True	True	True
SC001	9240d5fc-de23-4436-8099-da9bd3054860	1	1	True	True	True	True	True
SC001	927fc5e0-2c14-4c20-a49b-f10d8a1175c3	1	1	True	True	True	True	True
SC001	93766482-2f20-4c8f-bbd8-bdd203c37d5a	1	1	True	True	True	True	True
SC001	9536e32d-2707-48d2-a36d-08c521665bb9	1	2	True	True	True	True	True
SC001	953a908d-0993-42f6-853b-512611d19a2c	1	1	True	True	True	True	True
SC001	9582b436-145b-4f84-8f7f-8b39b8254cc1	1	2	True	True	True	True	True
SC001	95fa64b0-91e1-4427-b81a-53c47a053563	1	1	True	True	True	True	True
SC001	962fd4e7-9199-43d9-abce-e3dfa46da62c	1	1	True	True	True	True	True
SC001	967d6548-5a84-4b7e-bc3f-2e522859fce6	1	2	True	True	True	True	True
SC001	96d93e23-bb0d-46a8-9685-5ed0d6b83059	1	2	True	True	True	True	True
SC001	96dfa373-4597-49a5-942e-d9b4dc5d28fc	1	2	True	True	True	True	True
SC001	9759bf3a-74ff-433f-99bb-f9406f222ed2	1	2	True	True	True	True	True
SC001	97831d28-ab41-4c18-bfc2-c4c6bc757d13	1	2	True	True	True	True	True
SC001	98ee294a-46ed-4572-bdd4-a932c3498a25	1	1	True	True	True	True	True
SC001	98ef41fa-3015-445a-bbdc-984361c911f7	1	2	True	True	True	True	True
SC001	9944f46f-9fa8-4e2c-a806-776bec7f8803	1	1	True	True	True	True	True
SC001	996a0070-e9bf-4601-8ef7-60212108258d	1	1	True	True	True	True	True
SC001	99c35245-e1c8-4805-b7a5-f703bb506030	1	1	True	True	True	True	True
SC001	9a2a226e-9605-4214-9320-469305e664e6	1	2	True	True	True	True	True
SC001	9a50e7e4-831d-489f-87d2-979e987561cc	1	2	True	True	True	True	True
SC001	9a63f744-4ed4-4b4d-aac6-f9bda66aa563	1	2	True	True	True	True	True
SC001	9a9bd705-1ef1-4a6c-bb1e-bdd346dc01c0	1	2	True	True	True	True	True
SC001	9b132e4f-7e35-4cc5-8711-43ad62b906d0	1	1	True	True	True	True	True
SC001	9b38eded-3f46-4aaa-9991-68008d97bdbe	1	2	True	True	True	True	True
SC001	9b4eeecb-6aff-435b-a244-ec362af92b7f	1	1	True	True	True	True	True
SC001	9b93a7c5-f9b4-4461-8078-0201a725c9cf	1	1	True	True	True	True	True
SC001	9c7875ad-ab71-4d48-b2e3-e4c7a46393e9	1	1	True	True	True	True	True
SC001	9c894668-88f5-4308-a1c0-6b8acc6aaaec	1	2	True	True	True	True	True
SC001	9ca1a26c-82e0-48b3-b3bb-2ed57086eeb1	1	2	True	True	True	True	True
SC001	9cfc1519-33e7-4145-a4ad-78b5c449853a	1	1	True	True	True	True	True
SC001	9dda72ec-1698-44e2-b35c-11e9a2704380	1	1	True	True	True	True	True
SC001	9e22a3af-7f28-4757-8684-ed64a2a27ad1	1	2	True	True	True	True	True
SC001	9e640ff7-996e-427b-b56c-519a1e23baab	1	1	True	True	True	True	True
SC001	9ee20c0d-a1c3-47f3-abda-131b3f190f52	1	2	True	True	True	True	True
SC001	9f4f2ff3-3c02-4281-a398-b0d0955e58eb	1	2	True	True	True	True	True
SC001	9f81c602-8afa-4588-b0b6-6e5a1a128d5a	1	1	True	True	True	True	True
SC001	9fcdccae-676e-4071-93c3-23d2d3ab0c00	1	2	True	True	True	True	True
SC001	a046888c-f153-4f35-a1b6-23dd1691a91a	1	2	True	True	True	True	True
SC001	a0e57b39-960e-4e46-8aa0-d0ee2fd9a7cc	1	2	True	True	True	True	True
SC001	a1e65587-24c1-4b41-92a7-4e1f15fffd78	1	1	True	True	True	True	True
SC001	a214a959-3b21-4f25-a615-383cda7afdff	1	1	True	True	True	True	True
SC001	a244a99a-d7cc-4fb1-bc76-b66886481621	1	2	True	True	True	True	True
SC001	a250a369-e536-4a18-b7af-2911133d7bdc	1	1	True	True	True	True	True
SC001	a391d49f-a822-460b-981c-6fbe1868ee38	1	2	True	True	True	True	True
SC001	a3de401d-91fe-49a2-bb07-81c1a06506e6	1	2	True	True	True	True	True
SC001	a3f6bc1c-19ab-4eeb-a9ac-3d2fac850bde	1	1	True	True	True	True	True
SC001	a3fd20b2-e001-44ab-9716-754e5ae70808	1	1	True	True	True	True	True
SC001	a41c46da-7ed4-4192-bd16-b3cbb94a5133	1	2	True	True	True	True	True
SC001	a52e99d6-a61a-439d-b0b1-ca7a0eabcb04	1	1	True	True	True	True	True
SC001	a534b96b-1665-444a-9308-e610f2f0e510	1	1	True	True	True	True	True
SC001	a5bd7d50-9c14-49e6-89cf-6bf440c42309	1	1	True	True	True	True	True
SC001	a5f2576a-d628-47de-a5df-76a4f3105dcc	1	2	True	True	True	True	True
SC001	a65700c2-e58c-4fd4-aeb1-5686b8f4d212	1	1	True	True	True	True	True
SC001	a7911bdc-13f1-434a-bfa3-f8ba55d15846	1	1	True	True	True	True	True
SC001	a815619f-dbba-469f-a1f7-dfbd51cd86c5	1	2	True	True	True	True	True
SC001	a816e355-be6f-4d16-b051-b6d86ed8cded	1	2	True	True	True	True	True
SC001	a8d6694c-a213-4544-ac0b-63bce16d8f4e	1	1	True	True	True	True	True
SC001	a8de1beb-6296-44eb-bd63-c603f70faaf3	1	1	True	True	True	True	True
SC001	a905d275-9283-4fa6-bbbf-46019bd1bcb7	1	2	True	True	True	True	True
SC001	a9644274-13bb-4228-9b4f-14260ccc26eb	1	2	True	True	True	True	True
SC001	ab8d7f84-dd71-42c7-9471-4db967a9c89c	1	2	True	True	True	True	True
SC001	ab9e6815-4d13-44db-93e5-553eb4f5bc95	1	2	True	True	True	True	True
SC001	abab925c-bef3-4072-b9c4-40f808744593	1	2	True	True	True	True	True
SC001	abd6647b-d2eb-404d-8283-443e92addf55	1	2	True	True	True	True	True
SC001	ac0d7a82-82cb-4aec-b859-e37375f3de8b	1	1	True	True	True	True	True
SC001	ad74c0e8-8878-4efc-997d-981cd547bc5b	1	1	True	True	True	True	True
SC001	adbaba9c-5efc-4130-82f6-8055eab13795	1	1	True	True	True	True	True
SC001	ae39e358-08d7-4367-ae68-82b469e791e4	1	1	True	True	True	True	True
SC001	ae702159-5b6a-41dd-868c-7540f9e1131c	1	1	True	True	True	True	True
SC001	aea68827-dc0f-484d-a00d-06deeaa4b3ce	1	1	True	True	True	True	True
SC001	aee86a89-0377-4080-b16c-408bfbe78687	1	2	True	True	True	True	True
SC001	afb91740-2668-46d7-ba01-bb26153ad1c7	1	2	True	True	True	True	True
SC001	afe83af5-af22-49c0-88b4-f1d0dfcbe238	1	1	True	True	True	True	True
SC001	b2285924-9813-4f46-bb8f-91a0efd8a9b6	1	2	True	True	True	True	True
SC001	b256e065-c681-4f82-8b68-a8ef7c413791	1	1	True	True	True	True	True
SC001	b266cbf5-80de-4473-b16f-08c502d365ca	1	2	True	True	True	True	True
SC001	b2bc53d6-ef78-4ae9-a6b5-1c7cad9a43eb	1	1	True	True	True	True	True
SC001	b36b7567-30d3-4d0c-84c4-b203986e0fdb	1	1	True	True	True	True	True
SC001	b40d0849-f4ef-4a14-9732-9beb708cb46b	1	2	True	True	True	True	True
SC001	b56dad1e-2fd5-47d8-9cc7-a54be9a1bae2	1	2	True	True	True	True	True
SC001	b61abdfd-b7a0-4e1a-b570-d1eaecad3a9e	1	2	True	True	True	True	True
SC001	b8475929-2d9d-4909-bd62-59684a140bd7	1	2	True	True	True	True	True
SC001	b86b1616-20a2-4300-8daa-03dcc9938215	1	2	True	True	True	True	True
SC001	b87a5d92-4c09-48fe-bb08-b3c89a7c892e	1	2	True	True	True	True	True
SC001	b89de053-d253-447f-952e-9a2edcf6bca5	1	1	True	True	True	True	True
SC001	b8b5ed35-b299-4c1e-9226-5ca055dc7a43	1	2	True	True	True	True	True
SC001	ba49117e-dab6-4e7d-bc44-f11dcafa1318	1	2	True	True	True	True	True
SC001	bab335f9-b241-41a7-b107-79b9676b37b8	1	1	True	True	True	True	True
SC001	bab43415-d413-40be-a4c0-2c40a52afe6a	1	2	True	True	True	True	True
SC001	bbe88801-34f3-46d2-bbfd-b46c3901ed71	1	1	True	True	True	True	True
SC001	bc4c4079-b449-485d-84e4-a40496e563e8	1	2	True	True	True	True	True
SC001	bcf2e591-9dae-440f-bd03-5f27c57db741	1	1	True	True	True	True	True
SC001	bd4e9a9f-17f3-4d33-92fc-fcc45dd0e7b4	1	1	True	True	True	True	True
SC001	bebd0025-74e2-451b-93b3-86f82df43573	1	1	True	True	True	True	True
SC001	bf15f7ad-9d92-473b-91d1-f24aa373ab97	1	1	True	True	True	True	True
SC001	bf34664d-423d-4257-99d4-797f7d366455	1	1	True	True	True	True	True
SC001	bf755bc2-b7aa-4c3c-8b3c-58b089b5cab6	1	1	True	True	True	True	True
SC001	c0c879f7-c332-4d31-9f7e-a3bf361b36ee	1	2	True	True	True	True	True
SC001	c0e263eb-1a83-4dc8-8abe-3dd2a59bae1b	1	1	True	True	True	True	True
SC001	c0fdb152-25d2-404b-bec7-a43ece381f5b	1	1	True	True	True	True	True
SC001	c1a01e8c-1f7e-4e24-bfad-90b73f88e992	1	2	True	True	True	True	True
SC001	c2a1de2e-6451-4c95-8ce6-263f2b7e6eff	1	2	True	True	True	True	True
SC001	c353f949-5f66-4a2c-b8f0-17be8bf19e0a	1	2	True	True	True	True	True
SC001	c497f8c7-2fb5-44d9-bc7c-69cfd0b51b54	1	2	True	True	True	True	True
SC001	c4c1469d-752f-42b6-8686-714ad4a8ac97	1	2	True	True	True	True	True
SC001	c4cfa3cc-e305-42dd-be57-97efbb891659	1	1	True	True	True	True	True
SC001	c4d1e105-28b7-48df-abef-fbe09782fdb2	1	1	True	True	True	True	True
SC001	c583fdd1-8cd2-4c15-a23e-0644261f65da	1	2	True	True	True	True	True
SC001	c650b1ff-8a4c-4ee9-b7c1-268c28c83827	1	1	True	True	True	True	True
SC001	c6b680e3-d96e-4fc7-8053-77454b7a14fa	1	2	True	True	True	True	True
SC001	c6d78e27-e510-4f57-abae-19efa6105a8d	1	1	True	True	True	True	True
SC001	c8544fb3-b26e-4672-bb81-a271db724b04	1	1	True	True	True	True	True
SC001	c95957a7-1a1a-4c8d-bb61-7c99b500f224	1	2	True	True	True	True	True
SC001	c9c533ee-e154-4a56-bce9-b5af37574b2f	1	2	True	True	True	True	True
SC001	cbbea9f1-396a-4bf3-b67c-2cac3394dceb	1	1	True	True	True	True	True
SC001	cbf1f718-6bb7-4daf-b9d6-fb294281decb	1	2	True	True	True	True	True
SC001	cbfef004-b437-4d51-9d88-a2db50aa6481	1	2	True	True	True	True	True
SC001	cc3d9750-7ce0-489f-86d4-8017b7ebed29	1	1	True	True	True	True	True
SC001	cc4bd56a-25c5-4c48-b583-ac3aeb778ca6	1	1	True	True	True	True	True
SC001	cc68632c-b1e3-491b-b562-9468e2d1c101	1	1	True	True	True	True	True
SC001	ccecce70-dd54-4c5b-bf9f-ca87d290cb00	1	1	True	True	True	True	True
SC001	ccfdad76-cc45-447f-bed8-ede8f6a8844d	1	1	True	True	True	True	True
SC001	cd0dc947-b708-464e-beb7-954c9d4583e7	1	1	True	True	True	True	True
SC001	cd902d08-215e-4bd0-88e4-4fd01ab43cbf	1	1	True	True	True	True	True
SC001	cd9e70e4-8622-4a07-8646-63f8275c1737	1	2	True	True	True	True	True
SC001	ce15f31f-2bad-4485-96fa-495bfa262e66	1	2	True	True	True	True	True
SC001	ceead734-1ce0-4385-b65a-a9c853b7308e	1	1	True	True	True	True	True
SC001	d12b6930-9ae4-4fe7-ad69-d183135c91ab	1	2	True	True	True	True	True
SC001	d15b7b29-c5c5-41d8-b83b-7cc12fe92820	1	1	True	True	True	True	True
SC001	d2824e6d-3784-45c2-9b0f-52b17356b5da	1	2	True	True	True	True	True
SC001	d288b69f-1e79-4429-8646-9994b7c54f8f	1	1	True	True	True	True	True
SC001	d28e465c-e553-4c53-8bb7-3d8199b9a8a5	1	2	True	True	True	True	True
SC001	d2c1e896-6886-4122-bb48-5fbcd3f641f4	1	2	True	True	True	True	True
SC001	d31aeefc-b59b-42e9-9919-750b17a70a3d	1	2	True	True	True	True	True
SC001	d344dae0-adf4-4697-b703-7690c13d8331	1	1	True	True	True	True	True
SC001	d3e23815-7f9d-48aa-9aef-3a1dd9d464d7	1	2	True	True	True	True	True
SC001	d3ff328c-2488-47bd-8663-366b6812c7b5	1	1	True	True	True	True	True
SC001	d45aee46-838e-44af-8422-46710b3240a8	1	1	True	True	True	True	True
SC001	d5326429-9805-47f9-97b0-fbda658e3f01	1	2	True	True	True	True	True
SC001	d63c028b-b6d3-49ce-b63e-261eed3b86df	1	2	True	True	True	True	True
SC001	d6e274a0-6425-437b-bc07-1225be7808d5	1	1	True	True	True	True	True
SC001	d717fa33-3c91-4ced-89c6-79ff5542f04c	1	3	True	True	True	True	True
SC001	d721bfe0-90e3-415e-b9f3-1a270efa5fbb	1	1	True	True	True	True	True
SC001	d7ae8efb-aa4d-4807-9772-55b0a28ccd5c	1	1	True	True	True	True	True
SC001	d8faa3a7-6b3f-4e69-8c88-184e41055bd7	1	2	True	True	True	True	True
SC001	d94fe32f-bedd-4f4c-9feb-fcb60d40f4bb	1	1	True	True	True	True	True
SC001	da345947-498b-4272-a231-a987ed4fe151	1	1	True	True	True	True	True
SC001	daf0e08e-1738-43f8-874a-b37d79cbe3a7	1	1	True	True	True	True	True
SC001	db0b9e63-4272-4f29-bf0e-1ec0fe79a9d7	1	2	True	True	True	True	True
SC001	db769d5c-a794-448d-9130-38a82d051c95	1	1	True	True	True	True	True
SC001	dbd5b0de-94c9-45dd-afb3-6820a7ecaca2	1	1	True	True	True	True	True
SC001	dc9eaaa0-0bfd-46d0-994f-310826879da4	1	1	True	True	True	True	True
SC001	dcd066ba-5894-453e-b1da-82092858c3db	1	1	True	True	True	True	True
SC001	dd46c83e-6551-485b-b935-f3beed891244	1	2	True	True	True	True	True
SC001	dd63d0fd-e24b-40a5-88c5-7d3d4106631e	1	1	True	True	True	True	True
SC001	ddeacccf-0953-4952-8a4e-c2617f2e7bcc	1	2	True	True	True	True	True
SC001	e00a60d7-4253-443d-a187-680ad0931349	1	1	True	True	True	True	True
SC001	e01e4fb3-236a-4d16-9073-555876b688e9	1	1	True	True	True	True	True
SC001	e0a19099-5d25-40df-ad73-6260df3a1b32	1	2	True	True	True	True	True
SC001	e0acafdd-06d0-48a6-bd68-577ef666a419	1	1	True	True	True	True	True
SC001	e10568fe-0436-43f2-9f0f-48f9903868c4	1	2	True	True	True	True	True
SC001	e1c55bac-bb41-4964-add5-ecd6ba04b58d	1	1	True	True	True	True	True
SC001	e21e2af3-dc71-41fa-94ba-7a7929f47d90	1	2	True	True	True	True	True
SC001	e254aaeb-012c-4d92-8a03-cce1f6a2bcd6	1	2	True	True	True	True	True
SC001	e2b0d873-4942-4483-9a88-d5c6338d0382	1	2	True	True	True	True	True
SC001	e43a2b72-35c6-4466-9007-ce96caf77ea8	1	2	True	True	True	True	True
SC001	e499069b-a16a-49e9-941a-e3e9ea62af25	1	1	True	True	True	True	True
SC001	e51f717f-72e8-400e-9f35-fc5dc32fdf71	1	2	True	True	True	True	True
SC001	e5cb0c86-8fe2-4cfc-b32b-e8ec3839ffc4	1	2	True	True	True	True	True
SC001	e5f956dd-f49f-435c-83c3-5b1b0a2050ed	1	1	True	True	True	True	True
SC001	e60a8f8a-0fe6-40e5-9f30-bcff48ac73f4	1	2	True	True	True	True	True
SC001	e64f76e4-f748-4d9e-ba71-53e2818a7920	1	1	True	True	True	True	True
SC001	e68219b0-a9c2-49df-8f0d-db5ea97fd2dc	1	2	True	True	True	True	True
SC001	e6e75590-9520-4b1c-8a28-4a1d2b2218fc	1	2	True	True	True	True	True
SC001	e737f650-b72d-44e7-b750-558a56716803	1	1	True	True	True	True	True
SC001	e739b4f7-ae46-45c6-9013-9571cbadaf99	1	1	True	True	True	True	True
SC001	e7d30bc2-42e8-49c5-a5b3-9f58411b007a	1	1	True	True	True	True	True
SC001	e8060c45-451d-4779-9584-f284db47e63e	1	2	True	True	True	True	True
SC001	e8b7a103-644f-4865-92f8-80b053bd5e17	1	1	True	True	True	True	True
SC001	ea0b9461-0d4d-4ade-a255-1b03dd85e30e	1	1	True	True	True	True	True
SC001	ebb33753-9d38-4368-9033-3e55f129d00d	1	1	True	True	True	True	True
SC001	ebcba7f2-ce13-4bae-97cd-91a6b1dcd465	1	2	True	True	True	True	True
SC001	edf80622-aea2-4b50-bb69-691d6708aa83	1	2	True	True	True	True	True
SC001	eeab558b-8d1e-4843-861d-dbfb06061758	1	2	True	True	True	True	True
SC001	ef03654a-dcf1-41ff-a67e-4f3fbf9ba807	1	1	True	True	True	True	True
SC001	ef42ae4c-a108-468e-beed-437cf3cf2962	1	2	True	True	True	True	True
SC001	f063ddbb-1668-40df-9ec2-b0a23ca2c389	1	1	True	True	True	True	True
SC001	f0c94f68-bfd9-45cb-b4fd-8bb1ae4e9a2b	1	2	True	True	True	True	True
SC001	f17d3463-af6c-42c2-a8e9-fae45f69286f	1	1	True	True	True	True	True
SC001	f1985735-a188-4567-a88a-530f9b80291b	1	1	True	True	True	True	True
SC001	f1f80dd2-891d-46dd-a3e0-f007628cb515	1	1	True	True	True	True	True
SC001	f2d8b332-2f03-46e5-a9d5-f163972e5fa7	1	2	True	True	True	True	True
SC001	f327dea0-2d30-482f-809c-76a148a749b7	1	1	True	True	True	True	True
SC001	f3501466-cf32-4866-b5fb-e94dd32341bc	1	1	True	True	True	True	True
SC001	f3f024c2-52f1-400e-946c-398f5b72e6dc	1	1	True	True	True	True	True
SC001	f40301ba-831e-4afd-9ce8-5f3c1a05ff7e	1	1	True	True	True	True	True
SC001	f4350d9c-3f40-4829-bbc4-8acb2f3ff512	1	2	True	True	True	True	True
SC001	f462cfef-f60a-4d3e-b92d-b8d8f50b6bb3	1	2	True	True	True	True	True
SC001	f587c9ab-2949-4410-80d6-a050865d48aa	1	2	True	True	True	True	True
SC001	f59e5a76-f803-470b-910c-a897a149d939	1	1	True	True	True	True	True
SC001	f77b6930-a1ce-446e-a15d-c018cbbecfee	1	1	True	True	True	True	True
SC001	f77cf4d3-9829-4fd3-95a1-b29aed9e94b8	1	1	True	True	True	True	True
SC001	f7f9f522-de88-4f9c-8ba4-7be3726faaf8	1	2	True	True	True	True	True
SC001	f809e21d-5f2e-4f3b-a1aa-d6b8d463552a	1	1	True	True	True	True	True
SC001	f809e7d9-a75e-41c9-ac2c-5bec6ffcb4a2	1	1	True	True	True	True	True
SC001	f934ed41-090e-4313-bbc5-d1a4a9ed9ad7	1	1	True	True	True	True	True
SC001	f98ecd8a-b878-4f53-b911-20cd8e17281c	1	2	True	True	True	True	True
SC001	fa0c7392-d485-41ac-bf7e-244a528209ae	1	2	True	True	True	True	True
SC001	fb6b289c-aaf9-4d8e-b6e0-5d35bce1b6e1	1	1	True	True	True	True	True
SC001	fc79086c-af9a-4c27-b074-f7050b6f3381	1	1	True	True	True	True	True
SC001	fcfe0b53-dfc1-42fa-9efc-2b2ff259297e	1	1	True	True	True	True	True
SC001	fd3fc273-c035-40ea-a459-ff4806f5d592	1	1	True	True	True	True	True
SC001	fd5c44ef-ea50-4fba-9e8d-e371cf34ebdb	1	1	True	True	True	True	True
SC001	fe3eeeb6-0db4-46d7-a020-55604d474c12	1	2	True	True	True	True	True
SC001	fe714ac0-f874-426a-924b-a2980232b5f7	1	1	True	True	True	True	True
SC001	ff07ea4b-4e50-410d-99d6-96a351dad7b1	1	1	True	True	True	True	True
SC001	ffb0c0b7-165e-4439-b3e6-62431f40b7fe	1	1	True	True	True	True	True
SC002	01240896-3f3f-4bf9-9799-55c87bfacf36	1	1	True	True	True	True	True
SC002	01ad5016-f691-4bca-82a0-910429d8d25b	1	1	True	True	True	True	True
SC002	01f493d4-229d-47a6-baa8-32a342c65d01	1	1	True	True	True	True	True
SC002	022f39e9-57ee-4b2b-8b3a-8929e3d69a37	1	1	True	True	True	True	True
SC002	02f9668c-71e6-485f-88b1-b37dc8bdd2ab	1	1	True	True	True	True	True
SC002	03efbc94-a43d-4db0-9377-e397348430a6	1	2	True	True	True	True	True
SC002	043a4745-566b-4106-b159-99cb8b394b81	1	2	True	True	True	True	True
SC002	04d7a52f-a89b-4114-a608-a6254b4d604f	1	2	True	True	True	True	True
SC002	05ff79c5-1127-4cac-8f4c-84089a3f2cde	1	1	True	True	True	True	True
SC002	0687bea4-911a-4ef2-9fa2-531ef6ba7910	1	2	True	True	True	True	True
SC002	0712566e-3371-4715-95f1-5b792e72d758	1	1	True	True	True	True	True
SC002	07dc5a1d-64b7-42ba-928e-9753bd533c1e	1	2	True	True	True	True	True
SC002	081a3dc7-45e1-457d-add0-c4686140a8d0	1	1	True	True	True	True	True
SC002	091e3084-04ee-4497-893c-d46226dec78f	1	1	True	True	True	True	True
SC002	09942e9f-c178-44bc-9cd9-f5bfa350b23f	1	1	True	True	True	True	True
SC002	0a815133-0edd-4422-89f2-2f067b6f2156	1	2	True	True	True	True	True
SC002	0a94eecf-4db2-4846-8383-c83ff02e4a9f	1	1	True	True	True	True	True
SC002	0b8de222-119a-40f3-8beb-12b9d933225b	1	2	True	True	True	True	True
SC002	0c463362-7925-4d9a-9d63-098b50af2fb9	1	1	True	True	True	True	True
SC002	0c53b010-4243-4da3-a059-7f54c9a850ec	1	1	True	True	True	True	True
SC002	0cbe9848-8eac-4ea8-a36b-fb74b4a33de7	1	2	True	True	True	True	True
SC002	0dacc5ce-498f-4c60-9f78-7a013ffaa9ce	1	1	True	True	True	True	True
SC002	0dc41cd5-0672-407c-9b4a-0f5f3970aa54	1	1	True	True	True	True	True
SC002	0e87e5fd-d5bb-4c0d-952d-711a6abbf336	1	1	True	True	True	True	True
SC002	0ec6ed47-db99-4273-9823-ffbde6a77091	1	1	True	True	True	True	True
SC002	0f008098-d8aa-46dc-8445-cca59838c582	1	1	True	True	True	True	True
SC002	0f74d992-00da-4728-9564-086ca1b95921	1	1	True	True	True	True	True
SC002	0f940ec0-eb0b-422a-a764-a26c8e5c216d	1	2	True	True	True	True	True
SC002	10994156-7c2f-420e-aeb8-11d566b3d5e4	1	2	True	True	True	True	True
SC002	1136dd50-242a-4659-aad4-c53f9e759bb3	1	2	True	True	True	True	True
SC002	124b6856-f581-46da-9068-b0a49b999785	1	2	True	True	True	True	True
SC002	131e0571-de86-415f-b3fb-dc9f971258d3	1	1	True	True	True	True	True
SC002	13ae9d83-a22f-451f-88bb-686051725cf3	1	1	True	True	True	True	True
SC002	13eff2e5-e33a-485f-9ba4-8a7ccb3c7528	1	2	True	True	True	True	True
SC002	143f2dd6-a280-41c5-9242-442ef91b73ec	1	2	True	True	True	True	True
SC002	14c13b05-abfe-472e-83a9-b28f60e58ad8	1	1	True	True	True	True	True
SC002	14cc6f5b-5692-471e-98b4-ae200b3d8fed	1	1	True	True	True	True	True
SC002	14efca0c-882d-4fba-b15c-64af6e213b80	1	2	True	True	True	True	True
SC002	15b987ba-77ab-477b-a54a-65ec5c7c399e	1	1	True	True	True	True	True
SC002	15d1b0fb-5c5f-4689-94f5-b33120a2bfae	1	1	True	True	True	True	True
SC002	17633a60-e12b-4a7c-bd8a-c16341ddc606	1	2	True	True	True	True	True
SC002	19089ae0-b590-4649-9d94-a147fa506e32	1	1	True	True	True	True	True
SC002	192da41f-f0a5-494e-8eb9-96bcdae56ff8	1	1	True	True	True	True	True
SC002	19d1a5fc-3ce9-4e43-a364-a4150bcf911b	1	1	True	True	True	True	True
SC002	1a09207e-9184-4f32-bd07-a9f4dc6c825d	1	1	True	True	True	True	True
SC002	1ad0b9b9-7ded-4281-b114-9dcc6138c037	1	2	True	True	True	True	True
SC002	1add38c2-df6f-47c9-9373-0bec0e40baf8	1	1	True	True	True	True	True
SC002	1b0b0533-7c4f-4edd-a75e-8b56f49d54ab	1	1	True	True	True	True	True
SC002	1c111912-c664-42f5-9802-065b1994a2f4	1	1	True	True	True	True	True
SC002	1e0789d6-7efb-4807-8d36-cd9224675a0c	1	1	True	True	True	True	True
SC002	1fd75c4d-e74c-410c-a150-814722c6c1cc	1	2	True	True	True	True	True
SC002	20ccd267-74e5-4574-a8e1-028bcd74aaeb	1	2	True	True	True	True	True
SC002	21bdad0d-c6a2-428c-b2b4-0de282b34abc	1	1	True	True	True	True	True
SC002	21ddbfaa-1b21-4a2b-be2c-237dd69b20ff	1	1	True	True	True	True	True
SC002	227f945f-76fd-4a63-9609-d4e730a3d22a	1	1	True	True	True	True	True
SC002	23252dca-e836-47a0-b294-758ad60aa259	1	1	True	True	True	True	True
SC002	23d0681a-912a-408f-b19a-0bbcf5ffc2f3	1	1	True	True	True	True	True
SC002	25c3201a-3dd5-4edf-ad09-104e5c10663e	1	2	True	True	True	True	True
SC002	264c0d45-078a-4207-a101-71f99bcd237e	1	1	True	True	True	True	True
SC002	269e8ca8-722d-449b-ace1-6545bd72bdd6	1	2	True	True	True	True	True
SC002	26a12266-c6d8-42f9-bd4e-5093d827ac9a	1	1	True	True	True	True	True
SC002	26a41625-4680-47b2-afa9-6a72b148e1c0	1	2	True	True	True	True	True
SC002	27d9c162-11bb-48fb-a41a-aa05fcb4c1c2	1	2	True	True	True	True	True
SC002	27e2438d-bd01-4c50-9102-563276ed9922	1	1	True	True	True	True	True
SC002	28033279-cc74-4775-afdf-2497f6ddb55c	1	1	True	True	True	True	True
SC002	286cbae3-8324-43b7-9b20-0f40dda1588e	1	2	True	True	True	True	True
SC002	28d03569-8717-40da-8989-70baf2b18f9f	1	2	True	True	True	True	True
SC002	2900eadd-7e27-4371-94e5-7d58cdff0138	1	1	True	True	True	True	True
SC002	2a7bbafe-d499-4241-ba3d-a52ba0a5db3c	1	2	True	True	True	True	True
SC002	2a971e32-b0e7-4a3f-8c40-62d69c0307d8	1	2	True	True	True	True	True
SC002	2b94070a-21ec-457b-88af-3d2a89b97ac6	1	2	True	True	True	True	True
SC002	2c0a725a-e829-4d84-89d9-d0d47f6cfa37	1	2	True	True	True	True	True
SC002	2c30dc20-18a8-44f9-ab10-558c1e5634dc	1	1	True	True	True	True	True
SC002	2c9996bb-af6e-4424-881a-e81b9c9aeb78	1	2	True	True	True	True	True
SC002	2d02bd7a-5beb-4e43-9ccb-18d89c9d5ca2	1	1	True	True	True	True	True
SC002	2d3ce817-b269-4662-a92d-392bd3662399	1	2	True	True	True	True	True
SC002	2db3c23d-c591-4ea0-b0a8-ed9c4343c80e	1	2	True	True	True	True	True
SC002	2dced66c-1f0d-4039-a5e5-54cca77c16e9	1	1	True	True	True	True	True
SC002	2e386e48-b99b-4806-a3e3-081d72a606e7	1	1	True	True	True	True	True
SC002	300fff5a-0f61-402d-b845-3938ba7b1294	1	1	True	True	True	True	True
SC002	303286c2-bc58-4bbb-9171-74cdb1d7f62f	1	1	True	True	True	True	True
SC002	315ef7f6-ca21-4d87-8f19-40bd455885ec	1	1	True	True	True	True	True
SC002	31a3877d-3e82-450e-811f-3448b06f3950	1	1	True	True	True	True	True
SC002	31d960d7-8f5b-4d22-bf5e-fae0849c4efd	1	1	True	True	True	True	True
SC002	326c1637-ea91-4006-b440-d38420af1ae5	1	1	True	True	True	True	True
SC002	32b77693-18e1-4692-8488-add1940c9e7c	1	1	True	True	True	True	True
SC002	3334201d-a3c0-45ec-a9ed-cf48cc8c38e8	1	1	True	True	True	True	True
SC002	33522271-b2ca-4da4-a942-501ab9117c51	1	2	True	True	True	True	True
SC002	33e989b9-fac4-47d8-b429-269044ac772a	1	1	True	True	True	True	True
SC002	3470b1af-689f-467a-9f9e-de74088f9b94	1	2	True	True	True	True	True
SC002	35620be9-3ba5-4be7-9e00-83103e6a92e6	1	2	True	True	True	True	True
SC002	35c295c2-37d1-44b2-87a3-1039645e5bae	1	2	True	True	True	True	True
SC002	35c9264f-34ec-4d75-ab80-aaac86108fc8	1	1	True	True	True	True	True
SC002	36eaf209-c332-4321-b6aa-51a3368ecd79	1	1	True	True	True	True	True
SC002	3758f4f7-ac2f-4f9d-bee2-526196f8129a	1	2	True	True	True	True	True
SC002	381cf7f3-cd7b-4660-8175-ff8062f7bf78	1	1	True	True	True	True	True
SC002	384400c1-98d6-4cc3-8724-de6711f6208b	1	1	True	True	True	True	True
SC002	38d65618-4857-490e-86b3-0a3f772a9f60	1	1	True	True	True	True	True
SC002	39aec099-a33e-47a4-a602-cbf65ddd3830	1	2	True	True	True	True	True
SC002	39b6ae01-c97b-4234-8a28-208fdf170432	1	1	True	True	True	True	True
SC002	3a785e32-7960-4c72-84c4-fb42c4dd86f1	1	1	True	True	True	True	True
SC002	3a8ca50f-bc9f-4250-8c8d-22893763ea46	1	2	True	True	True	True	True
SC002	3aae5316-6a5d-4b83-9020-ad691d4edf99	1	2	True	True	True	True	True
SC002	3d8fd9b2-9aa2-4c81-8843-535ae66d6140	1	2	True	True	True	True	True
SC002	3e0c34cb-fca5-4bcf-a5c1-5a7d286dd072	1	2	True	True	True	True	True
SC002	3e1886a8-2ed2-41ee-8b58-10f5321ade6f	1	2	True	True	True	True	True
SC002	3eb37b12-b8b4-40a3-bd8b-f89fc39c05fa	1	1	True	True	True	True	True
SC002	401a37f3-6630-4400-a811-a262351e37de	1	2	True	True	True	True	True
SC002	40c217ee-429f-41f4-adc6-db9186622b17	1	2	True	True	True	True	True
SC002	4138aca8-e085-45fb-b353-74852efe61bf	1	1	True	True	True	True	True
SC002	41658cf8-0de1-4a97-bb60-0f0107c84e00	1	2	True	True	True	True	True
SC002	41f8c9fd-ae52-4458-886b-faf37de77dd0	1	2	True	True	True	True	True
SC002	44c2854e-3f8c-48e1-b4d5-1b5778d4fce4	1	1	True	True	True	True	True
SC002	4563e4e0-a661-46de-ad25-9c86a621e147	1	1	True	True	True	True	True
SC002	47a8e514-904c-4867-8f43-7eb573be835b	1	1	True	True	True	True	True
SC002	4881a390-c4e4-48b4-ae66-140c64a87614	1	1	True	True	True	True	True
SC002	490eabca-4575-4bd6-9604-6b6e23d069ce	1	2	True	True	True	True	True
SC002	49929108-023e-4d35-b26d-50ab4d3ae581	1	2	True	True	True	True	True
SC002	4a785dc7-f5f6-4607-a19d-e6354b2fb5a9	1	1	True	True	True	True	True
SC002	4aadf2a2-ce1e-4f94-b146-59292e83e7fd	1	2	True	True	True	True	True
SC002	4ad9784e-1edc-4186-9b45-4dfe0003f74b	1	1	True	True	True	True	True
SC002	4be66108-e72a-406b-bb4b-f58ff2877336	1	1	True	True	True	True	True
SC002	4f601d7b-8db1-4c6d-9374-21dcd804980d	1	2	True	True	True	True	True
SC002	4f786107-3cf5-4ab3-bba4-f399dee23f0e	1	2	True	True	True	True	True
SC002	4f9775f2-b663-4daf-aa9e-50915cae9407	1	1	True	True	True	True	True
SC002	5116e3b4-2bac-40f5-8046-b9c1783faaa5	1	1	True	True	True	True	True
SC002	51dcbfac-6f04-4364-877d-0bf1bd566335	1	2	True	True	True	True	True
SC002	5342e2e8-1465-4f7b-9450-ef27280f80c7	1	2	True	True	True	True	True
SC002	5498d5ef-ad24-4034-9750-7c996c5355e1	1	1	True	True	True	True	True
SC002	55697871-b9aa-4acd-8dbe-dcd5391db8f0	1	1	True	True	True	True	True
SC002	563d67a1-f1ba-4722-aa2d-9b35b1689468	1	2	True	True	True	True	True
SC002	565e2726-4942-4726-89d3-c5e3797f7204	1	1	True	True	True	True	True
SC002	567ddc8e-2b00-417d-a326-479cb02e08dd	1	2	True	True	True	True	True
SC002	568dbda7-88b5-4330-881f-dc5d6c7ce4ae	1	2	True	True	True	True	True
SC002	56c8b812-ca8e-4eb2-b0fe-f264316789bf	1	2	True	True	True	True	True
SC002	56d5b0b9-9093-4286-a2c6-7faa9a1680f5	1	1	True	True	True	True	True
SC002	56eb96a4-d2c2-42fb-b26c-1a80012bcb8e	1	2	True	True	True	True	True
SC002	57a2044d-20cc-4d02-b268-ce570a0fabe3	1	1	True	True	True	True	True
SC002	57b0f89f-1b75-453e-922c-01cd4d44ca49	1	2	True	True	True	True	True
SC002	57cdaa1c-4e94-4a28-ab3b-300c0457555f	1	1	True	True	True	True	True
SC002	58facedb-fcb8-4ecf-8338-2bfa4947acef	1	1	True	True	True	True	True
SC002	5a195baa-2d05-4273-a7c4-64cc816b0406	1	1	True	True	True	True	True
SC002	5b259d18-3976-4f44-967f-fe5fa8447c8b	1	2	True	True	True	True	True
SC002	5c24435e-8e50-42c2-80c7-919b1cad0133	1	2	True	True	True	True	True
SC002	5d66191d-da49-4d7e-89a4-a382db338340	1	2	True	True	True	True	True
SC002	5d73b382-3da3-4220-890e-2095228bbe6c	1	1	True	True	True	True	True
SC002	5da56982-6de7-4994-aa9e-3b01200b2959	1	1	True	True	True	True	True
SC002	5e7074a6-5011-4dc5-950c-41365dbc6d09	1	2	True	True	True	True	True
SC002	5eed7e8a-c219-4497-a99f-bfc48faca4d8	1	1	True	True	True	True	True
SC002	5f1399ef-8100-49e7-806f-9f532e55c0ba	1	2	True	True	True	True	True
SC002	5f6ed48b-3b5a-4d20-8fbf-c9aa3feea186	1	2	True	True	True	True	True
SC002	605baa86-79e3-484d-82d2-4de27d405ba1	1	1	True	True	True	True	True
SC002	60ad2c8a-6bbf-43fc-ae73-cc1f6d6c163c	1	1	True	True	True	True	True
SC002	613aa3e8-a70b-45a9-9c08-0c2346c8bf00	1	2	True	True	True	True	True
SC002	622cc1c4-d721-4b5c-a88b-216d6368660b	1	2	True	True	True	True	True
SC002	628408ce-0691-4e0b-b4c7-aca9a0d73bb0	1	2	True	True	True	True	True
SC002	62d39be5-f029-4eb8-8b00-46470e06a755	1	1	True	True	True	True	True
SC002	639e1050-088a-48fe-a0ef-4a01a3468cac	1	1	True	True	True	True	True
SC002	6454ff0c-26f8-4cc2-b77c-7e5abdc20acd	1	3	True	True	True	True	True
SC002	64b0461f-038d-4712-948e-818dc2f10eef	1	1	True	True	True	True	True
SC002	64bd568d-0509-48fe-8d0a-aef2a85d5c57	1	1	True	True	True	True	True
SC002	64dcf1a5-c78c-4d3f-852c-15865b3b6189	1	2	True	True	True	True	True
SC002	65056295-8fcd-4f82-a3c9-a5acd79521fe	1	2	True	True	True	True	True
SC002	654c6f5c-3e5c-49f0-b53f-87cd9797d7c9	1	1	True	True	True	True	True
SC002	65ab030d-39f2-48ab-80ac-90cb1faa823a	1	1	True	True	True	True	True
SC002	6775ce57-b4cf-425c-a898-061bb9a8a1a8	1	2	True	True	True	True	True
SC002	67ba29e7-f294-4dcd-9630-ad768c22c588	1	1	True	True	True	True	True
SC002	68801d41-535f-4b38-989b-ef4fe5f00039	1	2	True	True	True	True	True
SC002	69fb431f-0caf-4cdd-9085-eda5b18ed15d	1	1	True	True	True	True	True
SC002	6a4031c6-ee88-48be-81a5-a522720edd02	1	1	True	True	True	True	True
SC002	6baf61b6-ae5b-42f0-adc9-0d26fda231f7	1	2	True	True	True	True	True
SC002	6cd8d2dd-5545-43b0-b796-ae0506d62eb8	1	2	True	True	True	True	True
SC002	6e9e0c2f-2ddb-40f1-8e8c-618119e62ec1	1	1	True	True	True	True	True
SC002	6fa41234-9077-4d05-a295-6820f3bedf5b	1	1	True	True	True	True	True
SC002	6fbc2b46-6762-4778-aa7e-782162c5397c	1	1	True	True	True	True	True
SC002	6fc5e56a-1f5e-4ff1-948e-5ef636ebb48d	1	2	True	True	True	True	True
SC002	7144a65f-a63f-4b79-8fe2-cfe48696de03	1	2	True	True	True	True	True
SC002	73448b56-a6c6-4c98-a153-ab704261e073	1	1	True	True	True	True	True
SC002	73a142e1-8ac2-4cfe-b8cf-7e9dea64f488	1	2	True	True	True	True	True
SC002	73f9681a-f9ef-4880-bd16-93624fd117c6	1	1	True	True	True	True	True
SC002	74a0264d-1d31-430d-9a88-e7334c8aa96c	1	1	True	True	True	True	True
SC002	750770db-53cf-4021-a8c2-5e0ddb97fef5	1	1	True	True	True	True	True
SC002	755d3bde-76c3-45c1-8427-8e4d5d686dc1	1	2	True	True	True	True	True
SC002	7570761b-c333-40df-ac8c-9b7f94c58ef9	1	2	True	True	True	True	True
SC002	75c3004d-1ef4-49f9-86e0-1bb7b9553a3d	1	2	True	True	True	True	True
SC002	75ea63a9-357b-4566-bd78-eaa67809decd	1	1	True	True	True	True	True
SC002	764c97c9-01d3-45cb-86bd-f8a52b5468da	1	1	True	True	True	True	True
SC002	76e96b5a-b565-42c7-a651-34d5132e6dde	1	1	True	True	True	True	True
SC002	77a44132-af22-4115-9fa2-78f2f74bf687	1	2	True	True	True	True	True
SC002	790266bc-c252-43f4-85d1-1b06ee529cf8	1	1	True	True	True	True	True
SC002	794131b8-f4be-4f15-b3b9-6f0b10a5a38b	1	1	True	True	True	True	True
SC002	79d33c28-a7e2-4fca-8be1-a16fb6d68d49	1	2	True	True	True	True	True
SC002	7a481097-14a3-4916-9632-d899c25fd284	1	1	True	True	True	True	True
SC002	7a6c54f1-f4e4-426b-b306-2ca3c4de12ca	1	2	True	True	True	True	True
SC002	7a70f061-9a6f-408e-a416-7f5295ceba3b	1	1	True	True	True	True	True
SC002	7ad0617e-bc4a-4869-8419-744f04d9b7a3	1	2	True	True	True	True	True
SC002	7b47489f-c3cc-4388-b5d7-c7c02790a5f6	1	2	True	True	True	True	True
SC002	7d8eab0a-e6c8-4449-9ebf-50c41db94a06	1	1	True	True	True	True	True
SC002	7dfbc0ed-e684-4966-8b59-fb6b9e80c129	1	1	True	True	True	True	True
SC002	7ea546ce-f48a-4d9c-96b4-a0124c692870	1	1	True	True	True	True	True
SC002	7f6898e2-a840-4ad1-80f7-783f8b766fcc	1	2	True	True	True	True	True
SC002	80311cf5-7e18-4545-92ad-c4b7dd5c9677	1	2	True	True	True	True	True
SC002	80809d79-92e1-4d6c-ba2e-0a9589997792	1	2	True	True	True	True	True
SC002	81a7184e-f9f5-4e3f-9603-5f5642386c1e	1	1	True	True	True	True	True
SC002	81e7cca8-2d71-4446-9692-872c2fe68d0a	1	1	True	True	True	True	True
SC002	81f6b141-2195-4091-9cd3-dfb022663949	1	1	True	True	True	True	True
SC002	835c3e23-ac2b-4bc9-ac65-e3e81adecf77	1	2	True	True	True	True	True
SC002	8368d745-c74d-4236-ba75-16ca7aaeb3ca	1	1	True	True	True	True	True
SC002	849031de-ac8a-4012-9362-d192512997f1	1	2	True	True	True	True	True
SC002	849442d3-eb82-416e-9d36-2fc15dfac67a	1	1	True	True	True	True	True
SC002	84959e50-17f5-4f2b-8e0c-5ebb139d2c3a	1	2	True	True	True	True	True
SC002	84e34cf2-b3bb-4a1a-8fb7-6c2c604c4008	1	2	True	True	True	True	True
SC002	857a5889-19e7-4208-8362-f1377c408037	1	2	True	True	True	True	True
SC002	85a57cfe-f1c9-44d9-8b50-022c0d3438d1	1	1	True	True	True	True	True
SC002	85bdc1ac-a1a4-46c2-bc2d-e5fabf5c89e9	1	1	True	True	True	True	True
SC002	85e95dda-6198-464a-9187-fd0832bebb72	1	2	True	True	True	True	True
SC002	8632579e-d318-4dab-9994-d3945afc42ab	1	2	True	True	True	True	True
SC002	86d18004-9478-4e46-83b4-4fbe445ccb70	1	2	True	True	True	True	True
SC002	88e64f45-adc4-4223-9838-4d7d45b8f0c0	1	1	True	True	True	True	True
SC002	89a6384e-1cea-440b-9f17-d57cb0805174	1	2	True	True	True	True	True
SC002	8a84b03a-e37e-4827-98f0-4d480ec31037	1	2	True	True	True	True	True
SC002	8c043ecd-2265-411f-bc3b-dc341cf56ac2	1	1	True	True	True	True	True
SC002	8c0894fb-5e78-40ae-be0b-329ca30f758a	1	2	True	True	True	True	True
SC002	8d0fa506-3f51-4108-8427-7dabf270bcd4	1	1	True	True	True	True	True
SC002	8e87ddca-f43e-4c6f-9d5b-430b666a7f6c	1	2	True	True	True	True	True
SC002	92554413-9ebc-4354-8e1b-9682f3a031d9	1	2	True	True	True	True	True
SC002	92c043b6-8d53-4c1c-808a-c4be5e2926e6	1	2	True	True	True	True	True
SC002	93690a96-421c-4c59-85ba-fa6dd538c721	1	1	True	True	True	True	True
SC002	9382987c-b5b3-48fe-8194-4d83fe340cd0	1	1	True	True	True	True	True
SC002	93ca8937-97c0-4f6e-bdec-66d32f2a7b3d	1	1	True	True	True	True	True
SC002	93cd5d07-e0d3-40f8-ae7f-beadb1efb7c1	1	2	True	True	True	True	True
SC002	93edb105-5dc9-4a4a-9fca-c91f0161fcc7	1	2	True	True	True	True	True
SC002	94067eb7-98b7-4975-bab1-c09e1b454a25	1	2	True	True	True	True	True
SC002	955464c8-9c62-430c-87b8-107db5c980a8	1	2	True	True	True	True	True
SC002	95a54459-3fac-42d5-8ec1-ed66d971d64d	1	1	True	True	True	True	True
SC002	95d4f0c4-5997-4ffb-b876-0ddfeee972bb	1	1	True	True	True	True	True
SC002	960d278c-c87d-42dc-ad28-42e010d8f0f1	1	1	True	True	True	True	True
SC002	96ac1f4b-79b0-4517-8caf-fc05abcaaf4f	1	2	True	True	True	True	True
SC002	96e013d9-8e89-46a7-8d07-bae95af36708	1	1	True	True	True	True	True
SC002	9743d31a-ea8f-4847-87d2-ebf77cc5983d	1	2	True	True	True	True	True
SC002	97f6c8d3-09a0-4128-8f10-41e736648a5f	1	1	True	True	True	True	True
SC002	99c532b0-6b42-4925-a344-fc7262c415ee	1	1	True	True	True	True	True
SC002	9b2c325c-1f03-43c7-ad5c-b49c6d205635	1	1	True	True	True	True	True
SC002	9c34830b-4d7f-4b41-9659-fbfc36c145c9	1	1	True	True	True	True	True
SC002	9c45eaec-d854-4f51-80a3-2d80d6b4aebc	1	2	True	True	True	True	True
SC002	9cdca5d8-ea77-4df9-b2ba-0d5e8ec37bcd	1	1	True	True	True	True	True
SC002	9d68516e-7e5c-403e-8aca-ea1abe0d6014	1	2	True	True	True	True	True
SC002	9d8c4693-8e36-473b-bb34-a7cdc04dd223	1	2	True	True	True	True	True
SC002	9dcb4e16-b582-4cd0-87cf-04f480ec2cec	1	2	True	True	True	True	True
SC002	9f45a227-1fd5-478c-a194-4a5c61b68cc3	1	1	True	True	True	True	True
SC002	9fd08502-355b-4f5a-a25c-73ec7184f6d3	1	2	True	True	True	True	True
SC002	a06c09a8-0951-49f4-a765-5147bbcae109	1	2	True	True	True	True	True
SC002	a117ace8-ac5a-48d8-8aee-3024d6f0f873	1	1	True	True	True	True	True
SC002	a123dc45-e427-461e-8d60-c51307aa498c	1	1	True	True	True	True	True
SC002	a19cd9f8-482b-4b70-b7d7-06d6bb1b0260	1	2	True	True	True	True	True
SC002	a435fdf4-a89a-499e-9006-cbb5693eab26	1	1	True	True	True	True	True
SC002	a512701f-88bb-4b05-8c94-fd285b9dd13e	1	1	True	True	True	True	True
SC002	a54b322b-80d3-435c-8d14-25841b741f6c	1	1	True	True	True	True	True
SC002	a56f6562-d2af-47b9-bf81-94b3b4893173	1	2	True	True	True	True	True
SC002	a5e14add-1552-4606-9ffe-3a03bcf76640	1	1	True	True	True	True	True
SC002	a6f98ee5-9638-4ebe-804b-fba54aea9f90	1	2	True	True	True	True	True
SC002	a72dd578-3a6f-4807-a843-4a942500944e	1	1	True	True	True	True	True
SC002	a782f174-241d-42c6-9bc4-61cc39f8b397	1	2	True	True	True	True	True
SC002	a85e8208-a6f5-4e91-8f35-ef574f4273fc	1	1	True	True	True	True	True
SC002	a8b4284d-cbbb-43e3-897b-d04af4bfba74	1	2	True	True	True	True	True
SC002	a94e1279-a975-480a-93e9-7b1ff05cbcbf	1	1	True	True	True	True	True
SC002	a9cb21d1-4c4a-4f30-ad4d-c54bed26f187	1	1	True	True	True	True	True
SC002	aa85d9e8-caa6-422c-95ce-780e4ac2a5e4	1	2	True	True	True	True	True
SC002	aa909ffb-03e1-4e3f-8888-2212b23d90b7	1	1	True	True	True	True	True
SC002	ab9cc98a-86ae-4913-bcb2-cc3aeff8abb1	1	1	True	True	True	True	True
SC002	abb0d53f-f74e-45dc-8fbb-40863016f3c6	1	1	True	True	True	True	True
SC002	abe658e0-33f9-4f57-849b-dec4d20964d6	1	2	True	True	True	True	True
SC002	ac13d568-f79e-4ba7-b7bf-18e4354e0920	1	1	True	True	True	True	True
SC002	ac6a3df9-41b1-4e5a-a15e-f44481384c23	1	1	True	True	True	True	True
SC002	acd51808-870c-4684-a2de-aa0b058729e1	1	2	True	True	True	True	True
SC002	ad440651-a2de-4bb1-90da-1e5e8975ab59	1	2	True	True	True	True	True
SC002	ae6b315f-3f78-4695-adfa-48b0bbab2c89	1	1	True	True	True	True	True
SC002	aec0c661-afac-4f7a-8c31-154d743f2499	1	1	True	True	True	True	True
SC002	aedde4a5-6520-40b9-9721-c9b826490b7a	1	1	True	True	True	True	True
SC002	aee20b98-df51-4ead-86cc-0d5f60a74b90	1	2	True	True	True	True	True
SC002	af06cde0-c69a-4bb1-a234-8023b95e4835	1	2	True	True	True	True	True
SC002	af17788e-a562-43aa-bd36-fd3e031f483c	1	2	True	True	True	True	True
SC002	af3a0634-4292-45bd-b948-6b6bd2d58090	1	1	True	True	True	True	True
SC002	b079a153-62f9-4026-a2f8-a1390168bbb9	1	1	True	True	True	True	True
SC002	b08b5f49-9434-4653-9772-097ec29b2ca3	1	1	True	True	True	True	True
SC002	b3c267aa-345d-40d8-a8da-f9f08c64f9c7	1	1	True	True	True	True	True
SC002	b3fea9bb-53f9-4ddb-922d-b570562d7a7d	1	1	True	True	True	True	True
SC002	b4c3cf95-a27c-4bcf-9321-38723473e83b	1	1	True	True	True	True	True
SC002	b54865b6-824e-4163-b759-21a6eacc98ce	1	2	True	True	True	True	True
SC002	b612d491-7442-4119-a53c-5ebcc35c31f4	1	2	True	True	True	True	True
SC002	b6202d8d-dd3c-4fa2-9242-6e55759846af	1	1	True	True	True	True	True
SC002	b718134c-5231-4f29-a423-7bad17c93fc5	1	2	True	True	True	True	True
SC002	b76d1de7-6447-474d-bf67-77e0bb2da73a	1	1	True	True	True	True	True
SC002	b823d6e5-54b0-43d3-95e2-9be33dc6f734	1	2	True	True	True	True	True
SC002	b89267a4-0e6b-401e-85b0-e66775858aa6	1	1	True	True	True	True	True
SC002	b95720b1-aa00-4c6a-b202-3350d035829f	1	1	True	True	True	True	True
SC002	bab21810-f51b-421e-a87f-1f1136cbc77a	1	1	True	True	True	True	True
SC002	bc02f801-081b-489b-87cb-d275c70299d5	1	2	True	True	True	True	True
SC002	bc42fe2d-1a33-428d-a601-b1871f4c8d9b	1	2	True	True	True	True	True
SC002	bce3ce45-4fb3-4d8e-9ec7-d24427c2ba4d	1	1	True	True	True	True	True
SC002	bce5579c-08c6-48e9-853e-fac85ba8cbea	1	1	True	True	True	True	True
SC002	be85f845-b281-467c-8b97-bed7b7fdff64	1	1	True	True	True	True	True
SC002	beb63625-d9bf-4ccd-bc53-635b53d24240	1	2	True	True	True	True	True
SC002	bf69a4ce-ec7e-4752-a86d-dcc80e3c9a57	1	1	True	True	True	True	True
SC002	bfb07784-693b-4c25-874e-4ad6e04a5d46	1	2	True	True	True	True	True
SC002	c085da47-d634-491a-80ea-514e5a231f70	1	1	True	True	True	True	True
SC002	c0b8c55c-b993-481d-aeea-9ebfa64ee20e	1	2	True	True	True	True	True
SC002	c113808a-773f-4179-82d6-9083518404b5	1	1	True	True	True	True	True
SC002	c1e141af-bdd1-4176-8c0e-cf1ab0c1d9d3	1	2	True	True	True	True	True
SC002	c21d2c68-920f-4526-b754-286579c049f3	1	1	True	True	True	True	True
SC002	c293a148-a88c-4fb3-b2f4-e64e918044f9	1	1	True	True	True	True	True
SC002	c46971a1-cbac-425d-bac2-f4142c92522e	1	1	True	True	True	True	True
SC002	c48e2ce0-3806-4675-92f3-d38ff67c5efa	1	1	True	True	True	True	True
SC002	c4d74653-d26b-4e51-aee0-82ee3d42f883	1	2	True	True	True	True	True
SC002	c594196e-49ef-4195-a6b6-4ef4a1d9ec15	1	1	True	True	True	True	True
SC002	c59d90a6-9cda-426d-b8ea-41f0a87033d5	1	1	True	True	True	True	True
SC002	c616f95f-4ea1-4019-8c17-041878085c88	1	1	True	True	True	True	True
SC002	c658f35d-ceeb-4189-8e3d-03e3b9706667	1	1	True	True	True	True	True
SC002	c6ed47f4-358b-4f06-b5cd-cdf1d5c47b43	1	2	True	True	True	True	True
SC002	c6f6c032-5d4e-4028-aed0-24a587620354	1	1	True	True	True	True	True
SC002	c777a777-373a-4773-9566-6c373261f00a	1	1	True	True	True	True	True
SC002	c7c5348f-5708-45bf-b40e-1bf7c9348f60	1	2	True	True	True	True	True
SC002	c82bbe23-0264-45a7-b1a6-82b4654108c8	1	1	True	True	True	True	True
SC002	c83d38fc-e011-4f75-a100-96513611f3e9	1	2	True	True	True	True	True
SC002	c8d6fe73-3504-42a5-9723-e1916fba8208	1	1	True	True	True	True	True
SC002	c8d7eb0f-2502-4277-a8ef-435b08f3c863	1	1	True	True	True	True	True
SC002	c8de215d-53a4-4e6c-be58-5887a8094815	1	2	True	True	True	True	True
SC002	c9e829d9-cd08-41a9-a5a4-34f2d7d619c7	1	2	True	True	True	True	True
SC002	ca5b878f-8bff-410a-8e6e-b1c133018c8d	1	1	True	True	True	True	True
SC002	cab7bdbc-0a11-4901-97c3-26b884f79cb5	1	2	True	True	True	True	True
SC002	cac80259-3a26-4a99-b0d3-13454068e6ed	1	1	True	True	True	True	True
SC002	cbdabbcd-d8f1-4d7c-9e18-ebd83d888c51	1	1	True	True	True	True	True
SC002	cbe23011-93b7-4e9f-b934-bd0122f91f54	1	1	True	True	True	True	True
SC002	cc15469c-7bad-4e86-9da3-ae0c72e9d380	1	1	True	True	True	True	True
SC002	cc1d6ad3-b60d-482e-8fa4-0af26823007d	1	1	True	True	True	True	True
SC002	cc22913d-2dda-48bb-82aa-9960b73f3e44	1	1	True	True	True	True	True
SC002	cc53bf9e-5e27-4305-a08b-552120c10aa5	1	1	True	True	True	True	True
SC002	cd845618-4cc4-49c2-9055-c171d4c24ee1	1	1	True	True	True	True	True
SC002	ce00896a-f7d2-4123-bb95-24cb6e53fc32	1	1	True	True	True	True	True
SC002	cee553c8-460d-436b-b55d-8f41624816cc	1	3	True	True	True	True	True
SC002	d17a2ab0-faef-40de-a87d-1291868b200d	1	1	True	True	True	True	True
SC002	d181c72b-843c-4b2d-b014-2a6dd1c3c1ec	1	1	True	True	True	True	True
SC002	d259eeb2-d15e-436d-9d37-2d0b7658bc91	1	1	True	True	True	True	True
SC002	d2c99bed-3446-4d12-99e0-00611faa37dc	1	1	True	True	True	True	True
SC002	d3062aac-4c42-41b4-a9f3-90aa72e6fb1e	1	1	True	True	True	True	True
SC002	d42bc7f0-cfb2-4ece-ae47-521308635633	1	2	True	True	True	True	True
SC002	d4da3298-3a02-44a6-bdcd-d260f38e520b	1	2	True	True	True	True	True
SC002	d4e1472a-7b5f-46f4-acb7-b961f634e28e	1	2	True	True	True	True	True
SC002	d5619045-060a-4b60-86e4-6a5774994fd4	1	1	True	True	True	True	True
SC002	d5a1f43e-25a7-47f5-b63e-43714f9f732a	1	2	True	True	True	True	True
SC002	d5a296ae-c165-413c-adcc-33c9e99ff873	1	2	True	True	True	True	True
SC002	d651f9ba-8746-46c4-852c-6c2992c7d10e	1	2	True	True	True	True	True
SC002	d655bbf6-c710-411d-aff5-ceb0fb6e6680	1	2	True	True	True	True	True
SC002	d7048098-09b3-4763-ad54-9c5c6fe14bc0	1	1	True	True	True	True	True
SC002	d71ae66e-2c8a-4fd8-8b4b-a5a2d456a21d	1	2	True	True	True	True	True
SC002	d761bc06-dee8-478a-be99-8af9c504e49c	1	1	True	True	True	True	True
SC002	d7ba64d7-b4e5-488d-9f28-bcb7bf3c0f35	1	2	True	True	True	True	True
SC002	d8e9ea52-ff28-4626-baa3-71350fd53ddf	1	1	True	True	True	True	True
SC002	d976782c-90c1-421d-b83c-7fc2617e2709	1	2	True	True	True	True	True
SC002	d9fb85c3-ade1-47bf-8159-170f81eb130f	1	1	True	True	True	True	True
SC002	da21e143-dbf6-4ac7-8872-f1d9ae39512d	1	1	True	True	True	True	True
SC002	db246424-3979-4f23-b316-8d30c449ee15	1	2	True	True	True	True	True
SC002	dbbee8f5-d83d-4195-85cf-f89d327da0a9	1	1	True	True	True	True	True
SC002	dc22eba5-6fb7-4875-b30a-99fa00758301	1	2	True	True	True	True	True
SC002	dca004bf-9c14-45a1-b186-ab3759f6c7fe	1	1	True	True	True	True	True
SC002	dd4be58e-da22-4bcd-bf4c-2b9e60ffda19	1	2	True	True	True	True	True
SC002	dd7a53ee-cb08-40c4-9935-51d1ca17e9e8	1	2	True	True	True	True	True
SC002	dde411b2-5d2b-4638-8149-89bc1eb3c7ad	1	2	True	True	True	True	True
SC002	ddf69ed9-4c53-48b8-9f01-495bd60c3425	1	2	True	True	True	True	True
SC002	de287a25-981d-49f8-81af-fe0300e4cd31	1	2	True	True	True	True	True
SC002	df228c56-89ac-4122-93b3-6c0740c4ec09	1	2	True	True	True	True	True
SC002	df5ab6cc-6f68-4b6b-95e2-954c6b57ba9c	1	2	True	True	True	True	True
SC002	e17959bd-045d-4540-b43a-c3863e8ff3c0	1	2	True	True	True	True	True
SC002	e2edbf3f-25d8-49aa-b656-2a59c3b99aeb	1	1	True	True	True	True	True
SC002	e394e9ec-7288-4ede-9ef8-41b631d100dd	1	2	True	True	True	True	True
SC002	e3b0ee77-c419-4b2b-833f-90a221415489	1	2	True	True	True	True	True
SC002	e3b6018c-ab2c-47c5-b183-a295d0110835	1	2	True	True	True	True	True
SC002	e3ca9046-9634-4332-b19f-88b18110f941	1	2	True	True	True	True	True
SC002	e457344d-76fb-46bf-b362-61a6e811d131	1	2	True	True	True	True	True
SC002	e4be17c8-0855-432c-bb80-28bb24b62f32	1	1	True	True	True	True	True
SC002	e4c0d890-a634-48bd-9108-e674532b0d2e	1	1	True	True	True	True	True
SC002	e588714a-7753-4c3c-abb6-eaf1aab53ab3	1	2	True	True	True	True	True
SC002	e5921d6b-51cf-44be-b295-610cf7c3a69a	1	1	True	True	True	True	True
SC002	e6c8c5fc-158a-4de4-b3f6-3b645584bbc7	1	1	True	True	True	True	True
SC002	e6ec5a68-7555-4f26-bd7e-9cdb4c5f7004	1	2	True	True	True	True	True
SC002	e703af88-c05f-4d7b-b225-d640e4d1a2a5	1	2	True	True	True	True	True
SC002	e75985cb-357e-4072-b047-eea37965d70c	1	2	True	True	True	True	True
SC002	e76258b7-e13a-4b05-855b-d792701ffba1	1	2	True	True	True	True	True
SC002	e7af286b-3dec-4cf2-8fbd-fa64b3efdf7f	1	1	True	True	True	True	True
SC002	e7dbfca1-9657-4952-8e0d-dec6373dda5b	1	2	True	True	True	True	True
SC002	e831369c-78c0-4c75-9cf3-f46ed669312e	1	1	True	True	True	True	True
SC002	e83e5700-f968-4978-bb78-56a83936ce8c	1	1	True	True	True	True	True
SC002	e8841edf-e070-425b-b4d4-bbb2115f9dbd	1	1	True	True	True	True	True
SC002	e8e80df9-e3ba-4dec-b8fc-a5e80d8c6798	1	1	True	True	True	True	True
SC002	e8ec26bd-c88d-42b9-ac8a-ab121b8140f8	1	2	True	True	True	True	True
SC002	ea923671-3903-4a79-830d-e7e4b1eabab0	1	2	True	True	True	True	True
SC002	eb191e71-4b6e-4c8d-8348-519be5a1e657	1	1	True	True	True	True	True
SC002	ebc5a6f8-34fd-48c1-a2b9-7f60f45fbf27	1	1	True	True	True	True	True
SC002	ec3f3f11-75df-4fcc-ba03-f19aca907645	1	2	True	True	True	True	True
SC002	eeb42912-0c7a-46bb-bd95-369b2b425727	1	2	True	True	True	True	True
SC002	eecaa5cd-0b69-4af2-a782-035025f207b6	1	1	True	True	True	True	True
SC002	eed7405f-f8f3-41a4-a0e7-242f23087f59	1	1	True	True	True	True	True
SC002	ef4bb5bf-4535-4bd1-8a74-aba920123ee2	1	1	True	True	True	True	True
SC002	f1e6ce83-b4a0-4643-8e8e-a1ef8a158a27	1	2	True	True	True	True	True
SC002	f2ef5afa-6191-43a1-a023-d53c0d985139	1	1	True	True	True	True	True
SC002	f38d49b7-6cad-4460-abd0-3685a3b2d941	1	1	True	True	True	True	True
SC002	f3b9defb-88ed-4c95-9feb-7197d869676c	1	2	True	True	True	True	True
SC002	f4a804d3-b5c4-4da5-800f-6e5757ecfa1c	1	2	True	True	True	True	True
SC002	f4e047a5-bdb2-4bc2-aff0-e0f45bcc9062	1	1	True	True	True	True	True
SC002	f5c3bc61-1018-4351-bb23-aacc1459365f	1	1	True	True	True	True	True
SC002	f6c674bf-396d-4bfe-8d08-e7266c314be3	1	1	True	True	True	True	True
SC002	f83b909c-da90-41ed-b532-a2ef9371cff9	1	1	True	True	True	True	True
SC002	f87c6dcc-1a9e-4df5-962c-1f946e2611f8	1	2	True	True	True	True	True
SC002	f88c0259-58ff-4bcc-a777-7705cdbd8213	1	2	True	True	True	True	True
SC002	f89bbd17-c732-4847-b71c-a8627a702747	1	2	True	True	True	True	True
SC002	f9b5e6a5-c2da-4a0d-9251-bb6f557b7b58	1	1	True	True	True	True	True
SC002	fa83dfb5-7386-4a35-9861-aa866478d5f1	1	1	True	True	True	True	True
SC002	fa96d094-0165-401c-8fd5-6d1ee4ef3994	1	2	True	True	True	True	True
SC002	fac2c617-8149-45bb-b766-fbe13dc3c425	1	1	True	True	True	True	True
SC002	fafd4576-0709-49e1-926f-ad1ee09907ec	1	1	True	True	True	True	True
SC002	fb4cc403-694c-421f-b360-3108b6d57ad5	1	1	True	True	True	True	True
SC002	fb9e7684-a7f7-4f17-bc5d-1f359e1b0d42	1	2	True	True	True	True	True
SC002	fbb69964-f962-4b89-b59b-dd05f8faf61a	1	2	True	True	True	True	True
SC002	fce1fd5a-54d2-4260-b187-4eb7035e96e9	1	2	True	True	True	True	True
SC002	fd16b634-2e04-44a3-862d-fb03cd73c057	1	1	True	True	True	True	True
SC002	fdffda5f-72b2-4153-b7f1-d7043b7ca898	1	1	True	True	True	True	True
SC002	ff1407c6-9174-4bae-a19b-d34ca71b898c	1	2	True	True	True	True	True
SC002	ffa7e03a-4a3c-41f0-937a-4fb862fd2194	1	2	True	True	True	True	True
SC003	001cef41-ff86-4d3f-a140-a647ac4b10a1	1	1	True	True	True	True	True
SC003	0045349c-69d9-4306-a403-c9c1fa836644	1	3	True	True	True	True	True
SC003	00807dae-9f4a-4fd1-aac2-82eb11bf2afb	1	2	True	True	True	True	True
SC003	00a2d166-78c9-4687-a195-3d6315c27574	1	1	True	True	True	True	True
SC003	00b11ca8-8540-4a3d-b602-ec754b00230b	1	1	True	True	True	True	True
SC003	011b9b2d-ebe5-42bf-9662-d922faccc7a1	1	2	True	True	True	True	True
SC003	01263518-5f7c-49dc-8d7e-84b0c03a6a63	1	1	True	True	True	True	True
SC003	0130d616-885e-4a6c-9d03-2f17dd692a05	1	2	True	True	True	True	True
SC003	01674b2c-5cf2-478f-84a1-f69c39f47bd4	1	1	True	True	True	True	True
SC003	016caf42-4e19-4444-ab5d-6cf1e76c4afa	1	1	True	True	True	True	True
SC003	01eef340-598c-4205-a990-cec190ac2ca5	1	1	True	True	True	True	True
SC003	01f50abf-fc15-446e-9d07-edeecc545a32	1	1	True	True	True	True	True
SC003	029ce650-5e5a-4100-8596-cd94300e7ef5	1	2	True	True	True	True	True
SC003	02bbb632-0f7f-439d-b8f0-c86a06237424	1	2	True	True	True	True	True
SC003	02bed00f-bef7-4fb7-b243-540354990e45	1	2	True	True	True	True	True
SC003	02bf5203-f9cd-4c5a-97b4-e5584dc22325	1	2	True	True	True	True	True
SC003	02e6f999-24f2-4ad2-9b92-df3ee2b082e5	1	1	True	True	True	True	True
SC003	02f5ae33-a563-4ecb-9e33-dfa500a44931	1	2	True	True	True	True	True
SC003	03565036-b6d3-432f-8d9a-7099818e0788	1	1	True	True	True	True	True
SC003	035cb359-eac3-484a-9e88-3ddc739440a3	1	1	True	True	True	True	True
SC003	03ab1e9f-4918-404d-b178-3a4fd929c5e8	1	2	True	True	True	True	True
SC003	03c143e0-d8a1-4d60-a4a3-df0501fc6b6e	1	2	True	True	True	True	True
SC003	03da7a65-fa2f-42cb-a709-5fe8736f21d3	1	2	True	True	True	True	True
SC003	045c13ef-3db7-4adf-b0a3-23338f0479f3	1	1	True	True	True	True	True
SC003	048549cf-d0a5-4743-a0a1-2004f7cc2b08	1	2	True	True	True	True	True
SC003	0491063c-14a7-4104-8002-1459126332f3	1	1	True	True	True	True	True
SC003	04af44fc-c487-4005-b3cb-cb64815824a2	1	2	True	True	True	True	True
SC003	05135396-df5c-49db-b34e-f4add5b65a2b	1	2	True	True	True	True	True
SC003	05506f4c-e701-4a9d-ae06-97f066aade43	1	2	True	True	True	True	True
SC003	058dcb78-bed1-40c3-a6c2-a0cc40065531	1	1	True	True	True	True	True
SC003	05af737d-89aa-49b6-97b2-28b8ac8bd2cf	1	1	True	True	True	True	True
SC003	0685edd2-ce1c-4e0e-8dda-393139af4223	1	2	True	True	True	True	True
SC003	06ef6e83-5583-45b9-a0bd-edea68943083	1	1	True	True	True	True	True
SC003	0741b5db-4405-42ba-b63a-c6ee4f341480	1	1	True	True	True	True	True
SC003	074e8b06-3929-4896-9263-3b80ad6a355b	1	2	True	True	True	True	True
SC003	0772cdbe-8b0d-452b-8df1-bd70d1306363	1	1	True	True	True	True	True
SC003	077506ea-8f11-405d-bb8e-3c9924fe54d0	1	1	True	True	True	True	True
SC003	0807435a-e75e-4e04-8e45-ed0cd49a841a	1	2	True	True	True	True	True
SC003	08306ede-e74b-4be9-b768-7fd98647b6ac	1	2	True	True	True	True	True
SC003	084c6aec-94f7-4090-8f3f-59fa9e89721a	1	1	True	True	True	True	True
SC003	08da7c4c-3067-4bcf-9d7a-78566df72e69	1	1	True	True	True	True	True
SC003	08de63a2-7b76-43c3-80dc-df748b1d81bc	1	1	True	True	True	True	True
SC003	0930e97a-72ea-4bd5-b2f0-50c76af695f3	1	1	True	True	True	True	True
SC003	09765b0a-94f6-47d2-af56-93368084ac3a	1	2	True	True	True	True	True
SC003	09a5e9fd-d816-4f8c-baa9-0e40ba607b16	1	1	True	True	True	True	True
SC003	09c2bc35-c21f-4aa4-ac30-0d8db02ad811	1	2	True	True	True	True	True
SC003	09d6e904-7184-4788-8a19-04f8c46cb13f	1	2	True	True	True	True	True
SC003	0a017f15-1c6b-45e7-8d55-e0a71df1b2e8	1	2	True	True	True	True	True
SC003	0a229f95-0ea1-4d63-953e-74f5ec2f3028	1	1	True	True	True	True	True
SC003	0a2a3529-f645-4967-9a58-89ee20b8bb62	1	3	True	True	True	True	True
SC003	0adf59c6-581a-475d-a2f4-40aa40060b5b	1	1	True	True	True	True	True
SC003	0b0f9938-ce1e-4814-8821-0132d137eb9e	1	1	True	True	True	True	True
SC003	0b172e29-6166-4863-803d-a0a010887c11	1	2	True	True	True	True	True
SC003	0bc5744c-5fa3-45bb-87d0-70a02068b392	1	1	True	True	True	True	True
SC003	0bf6e772-1aa1-4f54-9a50-c1414e2f22f3	1	2	True	True	True	True	True
SC003	0c23c380-363c-474d-b64c-b47f612a8225	1	1	True	True	True	True	True
SC003	0cf0d67c-2f7f-42a6-94f3-407d0ec46c88	1	1	True	True	True	True	True
SC003	0d03055c-186b-418a-b614-e2035757bc3b	1	2	True	True	True	True	True
SC003	0d146997-cfdc-4587-888c-e876fc455c80	1	1	True	True	True	True	True
SC003	0dca98b0-f43e-45b6-9a02-00092c78678c	1	2	True	True	True	True	True
SC003	0dd8dbc1-c48b-4e7c-b401-57101f724967	1	1	True	True	True	True	True
SC003	0ec70e40-07df-461d-8ff9-351240a0d454	1	1	True	True	True	True	True
SC003	0ed9ad26-7fdc-4d75-93f9-d029eee94993	1	2	True	True	True	True	True
SC003	0f64edec-0f1f-4025-8a53-75f9534f7828	1	2	True	True	True	True	True
SC003	0f7ab21b-1fd0-45e0-9a47-17c4691eb84f	1	1	True	True	True	True	True
SC003	0fe1419e-a005-407c-8ae7-15c4c1579539	1	2	True	True	True	True	True
SC003	1026e0bf-5640-4fa5-b65f-4f11e8e76b18	1	2	True	True	True	True	True
SC003	10c829ec-fd66-49c4-8afe-ad3ae567372c	1	1	True	True	True	True	True
SC003	10c9be1e-2cc0-45e4-8d2c-c013ea63ef05	1	1	True	True	True	True	True
SC003	1111fb30-46ce-4722-98da-ec9ba2323d90	1	1	True	True	True	True	True
SC003	1133b8a9-6b11-4511-b70a-f200e3b8b5db	1	1	True	True	True	True	True
SC003	115bc72c-116f-40c1-be9b-e3dd7650efae	1	1	True	True	True	True	True
SC003	1174f6e4-ffbe-4e59-a000-8d861c968369	1	1	True	True	True	True	True
SC003	124b693c-77dc-4fa8-b703-54e8b5054a92	1	2	True	True	True	True	True
SC003	125b0a9a-6cbe-4207-9178-e7ff03487e87	1	1	True	True	True	True	True
SC003	1285eb55-415c-494a-aa58-936f0427cdd0	1	2	True	True	True	True	True
SC003	128d198e-9b22-427c-90db-3714455f3a17	1	2	True	True	True	True	True
SC003	1347c23d-8d6e-4c15-9461-640249838c96	1	2	True	True	True	True	True
SC003	13b860c3-8048-4dc9-9eb0-7480bc660837	1	1	True	True	True	True	True
SC003	13ca97a1-75bb-4a49-b8c3-181e5b2c9e86	1	2	True	True	True	True	True
SC003	1402082d-25c9-4148-8a1e-f58450b706bb	1	1	True	True	True	True	True
SC003	14267783-5624-4fe5-ba81-9d67f1017474	1	2	True	True	True	True	True
SC003	14b95463-2108-4921-afc2-e29eef52b18f	1	1	True	True	True	True	True
SC003	14d1d84e-99e1-41ad-8892-3b4da3d4f948	1	2	True	True	True	True	True
SC003	1502c7d7-1535-4e56-9f34-30623acd50d5	1	2	True	True	True	True	True
SC003	151f3677-6854-4265-9126-d92c646c67ae	1	2	True	True	True	True	True
SC003	1549dc64-3dab-43fc-96e9-b07d520957e1	1	1	True	True	True	True	True
SC003	1557183c-aedd-4df6-b98a-3654667f7b69	1	1	True	True	True	True	True
SC003	157ec9e0-ca6e-4da1-9233-f976cf0db433	1	2	True	True	True	True	True
SC003	15ff4b02-bb69-4d24-8a07-b82f428e428d	1	1	True	True	True	True	True
SC003	161917b8-88ad-407b-ade6-d6b98478b359	1	2	True	True	True	True	True
SC003	16368c32-2118-4fcf-8693-6c89995e49d8	1	2	True	True	True	True	True
SC003	16a8d916-ad46-4690-b1a5-3b2b323f4336	1	2	True	True	True	True	True
SC003	174850b4-5ec2-462b-a890-89bd1716b3c2	1	2	True	True	True	True	True
SC003	1783cac1-253a-40af-a9ac-48dfb20e1ab8	1	1	True	True	True	True	True
SC003	178b2c48-c07d-422e-ae17-8bcfd996ad51	1	1	True	True	True	True	True
SC003	17baef7c-d97d-4b98-ab53-503ef856523d	1	2	True	True	True	True	True
SC003	17c1d42c-cb84-4655-a4cd-b54bae17ecaf	1	3	True	True	True	True	True
SC003	17ca61a2-607a-45ff-88fa-ef72e80bf891	1	1	True	True	True	True	True
SC003	17f275c1-a0d4-487d-8f02-ea279584b4cd	1	1	True	True	True	True	True
SC003	182c4bdf-2c58-4303-b034-459da86b9d90	1	2	True	True	True	True	True
SC003	189e1f27-7738-413a-a4d4-97d41d592a13	1	1	True	True	True	True	True
SC003	18d35983-ea6a-4b70-a209-9bef37595956	1	2	True	True	True	True	True
SC003	18eb4dfc-556f-4bf3-a411-4780209ed1e0	1	2	True	True	True	True	True
SC003	19015644-9c17-4ae7-a656-0fe8623c04ae	1	2	True	True	True	True	True
SC003	195b6731-6ae6-416e-a345-0eb8874a0ca2	1	1	True	True	True	True	True
SC003	197428f7-bd77-4c5f-8119-87157b5c35b9	1	1	True	True	True	True	True
SC003	197741de-a098-4f04-bb37-8ea8b3bb39bc	1	2	True	True	True	True	True
SC003	1a18974d-967c-4727-b42e-12ae7be66589	1	2	True	True	True	True	True
SC003	1a679332-30a3-4495-a2e5-39d299e14333	1	1	True	True	True	True	True
SC003	1b4cfad1-e353-4411-97b6-2b7b9309e95e	1	1	True	True	True	True	True
SC003	1b703058-e596-45bc-80fe-8b98d545c2e2	1	2	True	True	True	True	True
SC003	1be375fe-5ae5-4e75-a729-69f86a661d9a	1	1	True	True	True	True	True
SC003	1c3610f7-e0aa-48d7-9a27-0dbaf6e244f9	1	2	True	True	True	True	True
SC003	1c40b84e-a0e3-429f-a48c-21566cf881c0	1	1	True	True	True	True	True
SC003	1cc30842-4a5b-4f07-b36f-5b84ceaa5662	1	2	True	True	True	True	True
SC003	1d27253f-b036-44e7-a04d-8da5bbf57419	1	1	True	True	True	True	True
SC003	1d38d356-d126-4476-94d0-26616b9375b1	1	1	True	True	True	True	True
SC003	1d75e89d-4b01-443c-be54-749c7a667bf4	1	2	True	True	True	True	True
SC003	1dafdd64-527d-4d46-bbdf-7a97774f881b	1	2	True	True	True	True	True
SC003	1e68e760-a4cf-4100-bf9c-e50fa8d126f6	1	1	True	True	True	True	True
SC003	1f601832-eee3-48fb-acf5-80c4a454f26e	1	1	True	True	True	True	True
SC003	1f8f87cb-8a0b-474c-97fb-c71b4fd88d97	1	1	True	True	True	True	True
SC003	1f99e4d4-4e8b-4cc1-a129-227a2a82780e	1	2	True	True	True	True	True
SC003	1fef9454-b3e8-4d9d-a9aa-aa1f1a32b80c	1	1	True	True	True	True	True
SC003	1ff85ada-3cdd-4afb-b311-2c7befb52702	1	2	True	True	True	True	True
SC003	2021ed1f-dc75-4701-b8b8-1386466e4802	1	1	True	True	True	True	True
SC003	20e8106b-1290-4735-abe4-7621e08e3dc8	1	1	True	True	True	True	True
SC003	214a4507-d974-4b3e-8525-7408fccc6a0f	1	1	True	True	True	True	True
SC003	2192c1db-4718-4254-ba42-3ae7f30ad5a8	1	2	True	True	True	True	True
SC003	2199b7a1-bd47-4bb5-b36a-a3e291e3e259	1	1	True	True	True	True	True
SC003	21ef1730-e5a7-47ce-b419-d000bb59ae15	1	2	True	True	True	True	True
SC003	22b35927-1c3f-4f98-ba42-deafc56b677a	1	1	True	True	True	True	True
SC003	22eaba28-be67-4730-9846-860bc1fca29a	1	1	True	True	True	True	True
SC003	233b02f3-c4f0-4a67-9db5-e68d5cdaccb6	1	2	True	True	True	True	True
SC003	2399caeb-ead2-4003-af38-809db4ac2e2b	1	2	True	True	True	True	True
SC003	23b7aaea-1119-4b10-aa1a-0ae255d2f2a6	1	1	True	True	True	True	True
SC003	23c21dea-3713-408f-ba56-f7c586e9f206	1	2	True	True	True	True	True
SC003	23c31c2e-336c-4878-a476-cf8d811b4875	1	2	True	True	True	True	True
SC003	23dabeef-8e3c-44bc-9a12-a9522d17be5c	1	2	True	True	True	True	True
SC003	23e7a78a-1d56-4ad1-9bb4-72ec0178aff2	1	1	True	True	True	True	True
SC003	23f438bd-1dbb-4d46-972f-1e8e74ddbd37	1	2	True	True	True	True	True
SC003	24046547-d038-4616-b190-52ac93f4965f	1	1	True	True	True	True	True
SC003	241fffc8-4250-4cfa-b2e7-e68c33ae07dc	1	1	True	True	True	True	True
SC003	24334ac1-28a3-4b61-b590-3f51e375b247	1	1	True	True	True	True	True
SC003	2476dda9-da2a-4242-9642-b92b8b9b1c79	1	2	True	True	True	True	True
SC003	2481a671-760b-428c-968d-42e25fd42ac5	1	2	True	True	True	True	True
SC003	24e39609-9645-43e5-960b-db5446eaea65	1	1	True	True	True	True	True
SC003	2585edbd-3488-4100-a4ab-a161252a31ee	1	2	True	True	True	True	True
SC003	26573441-eedb-4364-966c-e7f803deef19	1	2	True	True	True	True	True
SC003	2680da86-c977-4611-b75f-df015283c023	1	2	True	True	True	True	True
SC003	271404de-24e8-43f6-806b-fb510c1124c4	1	1	True	True	True	True	True
SC003	271e8024-a008-4bf0-9f6e-177f60096b1b	1	2	True	True	True	True	True
SC003	27b05b15-a44b-45ed-a6e3-e7d1ca488ea9	1	1	True	True	True	True	True
SC003	27ba717a-5cd8-440a-9345-4ae086f6efca	1	2	True	True	True	True	True
SC003	27c1c094-690b-4973-8900-a797ad88f98c	1	1	True	True	True	True	True
SC003	27dfb9d4-3a2c-44bc-9acf-8f638d3f3004	1	1	True	True	True	True	True
SC003	281f70c5-876f-44b3-84fb-f2302f85e74c	1	1	True	True	True	True	True
SC003	28911b97-42bf-4189-9961-522fc0aeebc6	1	1	True	True	True	True	True
SC003	28e9048a-e540-42de-a1f4-4ef894fccc4c	1	2	True	True	True	True	True
SC003	298a1710-deb4-4064-a0f2-da32d43aa217	1	1	True	True	True	True	True
SC003	298d33da-15af-48cb-b30f-eaf54e7baa43	1	2	True	True	True	True	True
SC003	29df128d-ace2-40cf-88ee-3f6f2170f159	1	2	True	True	True	True	True
SC003	29fdc464-f216-4828-b456-829f71436e27	1	2	True	True	True	True	True
SC003	2a84997d-ccee-4f46-bea2-752534f26416	1	2	True	True	True	True	True
SC003	2ab1b35b-9e56-475c-ac9b-15ed0a422683	1	1	True	True	True	True	True
SC003	2b19a6b4-7a17-4452-b4aa-6fc18adc0c3c	1	2	True	True	True	True	True
SC003	2b22db1d-54a1-4b9e-a86e-a174cf51d95c	1	1	True	True	True	True	True
SC003	2b36853f-34d3-47c5-ba6a-e5a93233d2b1	1	2	True	True	True	True	True
SC003	2bcacfd1-6a45-4b96-9b80-2ad569b1ab45	1	2	True	True	True	True	True
SC003	2c04a2f5-321e-4dea-8e00-268325da65cb	1	1	True	True	True	True	True
SC003	2c6adb12-380d-4710-a7e6-93d5a0e53289	1	1	True	True	True	True	True
SC003	2c86c3ea-d926-4d39-a5ae-39ece4774287	1	2	True	True	True	True	True
SC003	2c90d5e3-ac8c-4c86-a06f-42ccc064eb49	1	2	True	True	True	True	True
SC003	2cb8c866-9296-4c70-a3ea-f9a9b707895c	1	2	True	True	True	True	True
SC003	2cbeadff-a8a3-4787-9d4e-f6b74c3ab5d9	1	2	True	True	True	True	True
SC003	2cf68894-168b-458b-af4f-53cad72989a8	1	2	True	True	True	True	True
SC003	2d0d7ff4-7866-4ae1-9cf1-a3c7f4cbe48d	1	1	True	True	True	True	True
SC003	2d29a4ac-98e7-4663-9dd6-5681bc32ac2e	1	2	True	True	True	True	True
SC003	2d4c778c-7f77-4f0a-8261-2086accf15fd	1	1	True	True	True	True	True
SC003	2dc1cec9-925a-417f-9e21-3c2143e711b4	1	1	True	True	True	True	True
SC003	2e1e3bf0-1708-4b65-936c-48b89eb8966a	1	2	True	True	True	True	True
SC003	2e243f0e-9d7d-4cb0-9678-70607f90430a	1	1	True	True	True	True	True
SC003	2e32f31f-9817-4935-b259-96c59936ee33	1	2	True	True	True	True	True
SC003	2e538802-2a31-4774-89a8-c6e4381a887d	1	1	True	True	True	True	True
SC003	2e82e576-3095-4aee-9853-65f676647c34	1	1	True	True	True	True	True
SC003	2e8e70f2-c781-44c2-8f12-1f8c2f536aa3	1	2	True	True	True	True	True
SC003	2f4cbedf-ed7e-45a2-bf34-f1d1e696bdde	1	1	True	True	True	True	True
SC003	2fd36838-5a83-433e-ac80-b1f77448e5aa	1	1	True	True	True	True	True
SC003	2fdfd287-d13c-4910-9788-73987d45908a	1	1	True	True	True	True	True
SC003	2fe854b4-bac9-4801-9a1c-ee99388e8082	1	2	True	True	True	True	True
SC003	30047d32-0833-4aca-98d1-3b9ab7122863	1	2	True	True	True	True	True
SC003	303a1d77-a37a-4966-a4a4-9981d99ba1b4	1	1	True	True	True	True	True
SC003	30ec8b1f-28c4-4f46-8a1b-a8d51e558c7d	1	2	True	True	True	True	True
SC003	31427699-e27a-4035-8925-6d8d6900d097	1	2	True	True	True	True	True
SC003	3144f1fb-4342-4079-bfe8-940da4bfd88e	1	2	True	True	True	True	True
SC003	316625b8-a217-4829-90d1-dfd9cb7e4bc3	1	1	True	True	True	True	True
SC003	316e021c-5175-4ab3-bdb6-2bf9683f657a	1	2	True	True	True	True	True
SC003	31c31cce-1b4d-4f12-922f-84f389403170	1	1	True	True	True	True	True
SC003	324bcba2-f6a4-45a6-807c-215bdffcca21	1	1	True	True	True	True	True
SC003	327a2395-85c8-42e1-9638-8e037a1723ed	1	2	True	True	True	True	True
SC003	32861b48-83f5-43a3-bb54-45215ad2c5d6	1	1	True	True	True	True	True
SC003	328dfcb0-b5ae-43f2-bc87-dad0ab3df9e7	1	2	True	True	True	True	True
SC003	32bc7cc4-d185-4594-bbee-4b96410be512	1	1	True	True	True	True	True
SC003	32efa6e8-6b19-480a-9d04-ace02e93318a	1	2	True	True	True	True	True
SC003	332148f5-f070-4c20-8eb1-4d8c0673aa52	1	1	True	True	True	True	True
SC003	332423a7-8866-4ee3-b08f-3c8d7c16af80	1	2	True	True	True	True	True
SC003	33919e92-4ea9-47e5-a6f4-36e51845d50f	1	1	True	True	True	True	True
SC003	33b7bf50-53f4-4839-aa83-9665f85671d8	1	2	True	True	True	True	True
SC003	33cea538-4c3f-470a-972d-257c43241ab4	1	2	True	True	True	True	True
SC003	33fe5833-d7a0-43d7-a03d-56985ea448a6	1	2	True	True	True	True	True
SC003	34126cd5-cc38-4198-8582-c14fb5db7acb	1	1	True	True	True	True	True
SC003	34a74805-300c-4773-ab59-2085fcc2e6cc	1	2	True	True	True	True	True
SC003	34ab0cb8-bf19-4cbb-b4eb-3c45ee5aa60b	1	1	True	True	True	True	True
SC003	34d5a193-85e5-4399-8a9b-e92858eafdfe	1	2	True	True	True	True	True
SC003	3558dec7-eae3-4a41-a217-266c6a4535fb	1	2	True	True	True	True	True
SC003	359f12f9-5c41-48a4-85bc-fd7e307bf7d8	1	2	True	True	True	True	True
SC003	35bd694d-1dd2-466f-ab27-03320614b40e	1	1	True	True	True	True	True
SC003	35ca5e2a-861a-4dd2-a4ce-d294cf080da3	1	2	True	True	True	True	True
SC003	360d1d6d-cf3e-4c78-b36f-ef5e3160aa6b	1	2	True	True	True	True	True
SC003	36220587-1c1c-4f92-b177-3b2155e7e273	1	2	True	True	True	True	True
SC003	36449392-de76-4ee9-bc09-627a07e18727	1	2	True	True	True	True	True
SC003	36d77496-99f8-4911-ba7c-89fae32662aa	1	2	True	True	True	True	True
SC003	36fe6152-f61e-4948-9ccc-23ac01a9d77d	1	2	True	True	True	True	True
SC003	37242f5a-25ae-4b1f-9ce6-09ce1dc92539	1	1	True	True	True	True	True
SC003	376ffe63-efd7-42af-90e1-261255b28bb7	1	1	True	True	True	True	True
SC003	378778d2-b331-4867-a93b-c64028c8b4c7	1	1	True	True	True	True	True
SC003	3828b534-908e-4953-a3fb-07d01cf49c7d	1	1	True	True	True	True	True
SC003	3886b4fb-ba22-4a50-b11a-a6893951f170	1	2	True	True	True	True	True
SC003	389e5b18-8f89-41a9-9fa5-efd4172836e2	1	1	True	True	True	True	True
SC003	38a4e9bd-93e9-432d-a756-3b1055b823bd	1	1	True	True	True	True	True
SC003	38a631a1-6875-4216-a335-ee93c90a86d6	1	1	True	True	True	True	True
SC003	38a8b734-9acc-42f9-b5b7-e51b0dfc6504	1	1	True	True	True	True	True
SC003	38dc3e09-0b0e-4a29-b318-cc0352013dae	1	1	True	True	True	True	True
SC003	3927f736-3b5c-48c8-9d9e-83669ec44770	1	1	True	True	True	True	True
SC003	398fb71b-ca83-44e7-bf0d-b1ca464b0283	1	2	True	True	True	True	True
SC003	39cda4c9-e1c8-44c2-bab7-f5849c12f879	1	2	True	True	True	True	True
SC003	39cde586-df95-435f-b9a6-73b0c0ee5e92	1	2	True	True	True	True	True
SC003	39de7761-e762-4811-b95c-8216b79ae06b	1	1	True	True	True	True	True
SC003	3a0775a0-61ae-43f2-b5f6-629a44355c2f	1	1	True	True	True	True	True
SC003	3a711140-1b89-4611-9992-3861e3d0e01a	1	1	True	True	True	True	True
SC003	3aaabc62-f5a4-4025-9b29-5adf82c86c84	1	2	True	True	True	True	True
SC003	3af31fcf-ad0c-4fd9-a8e3-10f9176b5e9d	1	2	True	True	True	True	True
SC003	3afa1e93-1df8-4e4c-aaa4-557463f4bb77	1	1	True	True	True	True	True
SC003	3b01d064-8c00-4972-9f07-407eac8e7534	1	1	True	True	True	True	True
SC003	3b1f7e48-216d-47de-ba79-db350f52bff0	1	2	True	True	True	True	True
SC003	3b963d72-ba5c-467b-83c9-fbdb462510a3	1	1	True	True	True	True	True
SC003	3bf81a9f-abb4-4495-a514-fd3865e13a03	1	1	True	True	True	True	True
SC003	3c08aabd-d5b5-4bbe-857c-38a7527b2163	1	1	True	True	True	True	True
SC003	3c275152-d04b-440c-9621-2fc05ea977b6	1	1	True	True	True	True	True
SC003	3c612e12-6de8-44fa-a095-805c45474821	1	2	True	True	True	True	True
SC003	3c8b5af9-c34d-43c2-b8c9-39ea11e44fa6	1	1	True	True	True	True	True
SC003	3ca67cd0-81da-4f68-a9fa-f1a8c013c28d	1	2	True	True	True	True	True
SC003	3cb06c7a-f2a8-448b-91a8-dd201bbf2ddd	1	2	True	True	True	True	True
SC003	3d676bba-154b-4d22-ab59-d4d4da051b94	1	1	True	True	True	True	True
SC003	3dbc8d60-3a97-47b2-91d0-c18fb46b4365	1	1	True	True	True	True	True
SC003	3dbe99d1-e3b8-4ee2-b6a8-2e2e12c6fbe9	1	2	True	True	True	True	True
SC003	3e25056d-d137-49f5-abaa-f68509426600	1	1	True	True	True	True	True
SC003	3e637872-f5e5-49d3-bb0d-9c16b8713382	1	2	True	True	True	True	True
SC003	3e775c99-ceda-4246-8d6f-0f58ca5097c8	1	2	True	True	True	True	True
SC003	3e9f93c0-aa79-4b4c-bd6c-b3325912362a	1	2	True	True	True	True	True
SC003	3ea9412b-429e-4dcf-90cd-c53be06885a1	1	1	True	True	True	True	True
SC003	3ecb0147-276d-486c-9af0-ce437c24ba83	1	2	True	True	True	True	True
SC003	3efa245d-177d-4ef9-94f7-f554c54e345e	1	2	True	True	True	True	True
SC003	3f56d67f-5a9c-4353-9408-e7f60eb6477b	1	1	True	True	True	True	True
SC003	3f834fa7-6d7b-4b85-98c0-5c55d55b6c95	1	2	True	True	True	True	True
SC003	3fc3755d-a3f8-4e2c-813f-ff124f2a75c1	1	2	True	True	True	True	True
SC003	408cb583-6dc3-4698-8bd2-e284042bd5ef	1	2	True	True	True	True	True
SC003	417dea5f-f68e-4dab-940e-43ae8c67e5e6	1	2	True	True	True	True	True
SC003	418c11e8-2670-48d5-bbf5-95b46bff1201	1	1	True	True	True	True	True
SC003	4229e432-6ac5-49d2-b58a-e8713ddb79bd	1	2	True	True	True	True	True
SC003	42378dbc-a123-4cf9-8502-165e89fda271	1	2	True	True	True	True	True
SC003	42621dfa-abfd-4c7d-8bc5-a02a09d1c2b4	1	1	True	True	True	True	True
SC003	427d0648-3f77-4ffc-b52c-89855426d647	1	2	True	True	True	True	True
SC003	42e47f3a-dff7-41e4-8f84-146d97e8ab72	1	2	True	True	True	True	True
SC003	42f6f503-4cf6-4a8e-b5fe-b44bccf6b38b	1	2	True	True	True	True	True
SC003	43029932-feb0-4658-97fa-645c1e775009	1	1	True	True	True	True	True
SC003	433427a1-bacf-4381-91ba-5fec8a0953f9	1	2	True	True	True	True	True
SC003	43b3bf47-7313-4dfb-952a-ec0b9d48e16c	1	1	True	True	True	True	True
SC003	43c0bec6-6fac-47b1-83cb-200a15a932be	1	2	True	True	True	True	True
SC003	43cc074d-b85a-4b0b-8feb-833094ffc565	1	1	True	True	True	True	True
SC003	43d5632e-7272-4aad-9496-7f5a99671223	1	2	True	True	True	True	True
SC003	441919eb-8c9f-478c-bda3-8de4f8295e8a	1	2	True	True	True	True	True
SC003	444374f8-9282-439c-af00-0f828edcbff3	1	2	True	True	True	True	True
SC003	44954053-0b93-4577-a436-42777e442300	1	1	True	True	True	True	True
SC003	44bec761-b603-49c0-8634-f6bfe0319bb1	1	2	True	True	True	True	True
SC003	45013972-2dfd-4f82-a076-e3e4af1b43b8	1	2	True	True	True	True	True
SC003	4510295e-8aa7-4ef1-b2b7-91cc902f8200	1	1	True	True	True	True	True
SC003	451e1a67-47e6-4738-99d7-fb7771ef61a3	1	1	True	True	True	True	True
SC003	452672e8-b6d9-45b5-bb02-e88e03e2dd66	1	2	True	True	True	True	True
SC003	45c3975c-d333-4237-93f7-e12dc2451c38	1	2	True	True	True	True	True
SC003	4649dee3-b668-44cd-ab97-3834de3ef8f8	1	2	True	True	True	True	True
SC003	478eb8aa-50b8-4ce5-98e4-d518ede4b174	1	1	True	True	True	True	True
SC003	4842bac3-abaa-4900-871f-f2c3ba6457f5	1	1	True	True	True	True	True
SC003	48ff0420-0f19-4e9d-a75d-6c54949a461a	1	1	True	True	True	True	True
SC003	491b6364-1223-474f-816f-e248c8c841e2	1	2	True	True	True	True	True
SC003	491d5ebb-e9ab-4b17-acb8-630ff9fef0f2	1	1	True	True	True	True	True
SC003	4922cddc-575c-4b8a-8245-ce5f6876760c	1	2	True	True	True	True	True
SC003	4958c36f-1dc7-4f14-9dec-36e14107dbe3	1	1	True	True	True	True	True
SC003	495f9eda-b9be-4eef-bae1-766a4bfbd68e	1	1	True	True	True	True	True
SC003	49717f75-0f2d-4e1c-9a12-f1cd7877b80a	1	1	True	True	True	True	True
SC003	49a2fd48-744d-4d88-b9b4-8c778d4f48fd	1	1	True	True	True	True	True
SC003	49dc3e68-6206-4f16-969f-a758cc7be8ed	1	2	True	True	True	True	True
SC003	4a032bad-e726-48f2-8f39-e3acc109cc91	1	1	True	True	True	True	True
SC003	4a16429b-884f-4c95-8683-feeedf0d6a55	1	2	True	True	True	True	True
SC003	4a831893-f4ca-4357-a756-b5e954e35dd7	1	2	True	True	True	True	True
SC003	4aa68586-6331-4795-b40c-859386640df6	1	1	True	True	True	True	True
SC003	4aacbc42-5ac5-4339-b9fa-c6e812084837	1	1	True	True	True	True	True
SC003	4ac693e9-10f3-46b3-9d46-df3af7b0d259	1	1	True	True	True	True	True
SC003	4b0d295c-e185-4b52-9752-178e5bc1d47d	1	1	True	True	True	True	True
SC003	4b4e4ea8-6eb9-49ad-b880-c5065fe6517f	1	1	True	True	True	True	True
SC003	4b54e06e-a280-4981-a4e1-9aea154341b4	1	2	True	True	True	True	True
SC003	4b620966-b4c7-4615-bf58-ca9d3226b9bd	1	1	True	True	True	True	True
SC003	4bf50455-9ab7-4521-a791-089f66d3b877	1	2	True	True	True	True	True
SC003	4c313e5b-4dc3-408e-8e92-22427f74743e	1	1	True	True	True	True	True
SC003	4cf0f639-7940-48b6-8ea1-2a3494097cdb	1	2	True	True	True	True	True
SC003	4cfef7f9-f1ee-401c-a2a3-c225d4adc3b6	1	2	True	True	True	True	True
SC003	4d0fec97-e024-4608-a0cc-426a3decc7b1	1	2	True	True	True	True	True
SC003	4d120899-9a80-4736-b097-285e9e261bcb	1	1	True	True	True	True	True
SC003	4d1bf9e6-5837-4aed-b568-92f014ed5a4b	1	1	True	True	True	True	True
SC003	4d51159f-ab2f-40e3-a363-847c3654431e	1	2	True	True	True	True	True
SC003	4da7abaf-ac7a-41c0-8033-5780a398545c	1	1	True	True	True	True	True
SC003	4da999a0-ef41-4a0b-b1d1-446b39cc855a	1	2	True	True	True	True	True
SC003	4dfc233b-ed03-4825-8089-e04cdee99996	1	1	True	True	True	True	True
SC003	4e3699da-4367-4a43-9d66-a117d3ad460d	1	2	True	True	True	True	True
SC003	4e42fdc5-2a8b-49e9-87ef-6db7a6692d08	1	1	True	True	True	True	True
SC003	4e509f73-99c7-48eb-a3a4-d34e3bface33	1	2	True	True	True	True	True
SC003	4e6edfe6-adcb-4c12-8ff4-38a79f5887e8	1	2	True	True	True	True	True
SC003	4f04bd10-9902-4a23-b15d-4f4409d79499	1	2	True	True	True	True	True
SC003	4f321d41-3255-46a4-ae0d-1cf39699e624	1	2	True	True	True	True	True
SC003	4f608829-ffc4-4527-886e-6bc764ab29f5	1	1	True	True	True	True	True
SC003	50619f8c-10aa-464a-a227-90a7aa6ffd43	1	2	True	True	True	True	True
SC003	515b1400-e896-4f2a-81bd-70895441a0bd	1	2	True	True	True	True	True
SC003	518f231c-f5f9-4a39-a97b-7fd5666d3e50	1	2	True	True	True	True	True
SC003	51ccbf1b-7cae-44ba-991a-11eda8b8c404	1	3	True	True	True	True	True
SC003	521e2140-ae5b-456f-8699-97398d009687	1	2	True	True	True	True	True
SC003	523e24a2-51b9-4658-be2f-42e5fccebb17	1	2	True	True	True	True	True
SC003	5258294f-ef5b-4091-9183-6bcc545d54b2	1	2	True	True	True	True	True
SC003	52c35691-efca-42f5-a03e-02c9f872275c	1	2	True	True	True	True	True
SC003	530ad151-703d-4638-851f-0b5111ff318b	1	2	True	True	True	True	True
SC003	5362cbc4-cd28-4afd-a8ac-1a4c2c33cad2	1	2	True	True	True	True	True
SC003	53886143-c1c6-40e9-88e6-e4e5e0271fc8	1	1	True	True	True	True	True
SC003	539bbbed-43fb-4fef-9c67-6406f58b186a	1	1	True	True	True	True	True
SC003	53d0af48-d7ea-42c9-8695-c614b89b415b	1	2	True	True	True	True	True
SC003	53ff5893-7d5e-4bcb-be9c-665fa34b7824	1	1	True	True	True	True	True
SC003	546248b0-22a0-4b70-a437-76fb0a238a0d	1	2	True	True	True	True	True
SC003	54883111-d475-4515-ba3f-fece8a71e79e	1	1	True	True	True	True	True
SC003	55262fcb-1b01-4480-b322-36570430c917	1	1	True	True	True	True	True
SC003	5562455d-bbb8-46eb-a510-e8c6e1e26789	1	2	True	True	True	True	True
SC003	557cb0a3-6f1b-4faf-8296-0a15c24158f9	1	1	True	True	True	True	True
SC003	5580b21a-2cdb-4777-ad79-6e06654144f5	1	2	True	True	True	True	True
SC003	56033839-35d5-4d72-8b8c-400cb345263d	1	1	True	True	True	True	True
SC003	56203436-8634-4fd0-96b5-ba6be9d87857	1	2	True	True	True	True	True
SC003	56230e4a-29ca-4f37-a0f9-730dbdfb6fa2	1	2	True	True	True	True	True
SC003	566792ae-f853-4a47-856d-f02cdcfcb18a	1	1	True	True	True	True	True
SC003	56bbd282-b88d-4730-9242-ab97d08dc83a	1	1	True	True	True	True	True
SC003	5700c1b3-922a-4401-8ab8-89028908d696	1	1	True	True	True	True	True
SC003	57af5c72-0d60-4a6b-b1b4-ec6dab90f80f	1	1	True	True	True	True	True
SC003	57cf380d-ab52-467f-b9ae-740b2f84c820	1	1	True	True	True	True	True
SC003	58090433-d8d1-4499-a235-810c3e9d5b74	1	1	True	True	True	True	True
SC003	58959e88-54e2-4558-9664-2effda7403dc	1	2	True	True	True	True	True
SC003	599c3701-df7a-4a75-a347-fa9b510dd242	1	2	True	True	True	True	True
SC003	59be60a3-e0f6-4d63-b98c-574ef92428c4	1	1	True	True	True	True	True
SC003	59bf0ce4-715a-4017-bccb-c59916e78324	1	2	True	True	True	True	True
SC003	59d60247-e549-4326-a672-50b05c13a291	1	2	True	True	True	True	True
SC003	5a17dcd9-5ced-4a69-8069-23c7fd0649d1	1	2	True	True	True	True	True
SC003	5a4b7098-1f6a-49e9-b364-29d6d34f5bd5	1	1	True	True	True	True	True
SC003	5a53ec47-e63f-44a2-8078-87659544fb04	1	1	True	True	True	True	True
SC003	5a57dc25-d252-4b22-b192-4de630d7002f	1	2	True	True	True	True	True
SC003	5a5f0f48-2b13-4e78-b130-901b85d9a7f3	1	2	True	True	True	True	True
SC003	5aca16ca-4516-4e27-8249-6914029a7ebf	1	2	True	True	True	True	True
SC003	5b2a4f11-ca46-4974-9420-59b4820920bf	1	1	True	True	True	True	True
SC003	5b9a5cd2-5ec8-48a0-b9f2-da9bede0b089	1	1	True	True	True	True	True
SC003	5c59028f-b8fa-4811-8314-be3eaed5f364	1	1	True	True	True	True	True
SC003	5c8983f2-9788-4dfa-971c-3ec457b6166e	1	1	True	True	True	True	True
SC003	5c9d8163-a68e-43ce-9cba-effb7405761e	1	2	True	True	True	True	True
SC003	5cbf0aea-ebb4-4005-bdd5-14ef2dc6826c	1	2	True	True	True	True	True
SC003	5cd79093-1571-4f71-8136-0d84ccabdcac	1	1	True	True	True	True	True
SC003	5cdae21d-eee5-478f-932a-0f51fcf5f031	1	2	True	True	True	True	True
SC003	5d1d00c6-fcae-479e-ae1e-de76efd41d98	1	2	True	True	True	True	True
SC003	5d688049-f271-40ef-813a-d37240ffe21c	1	2	True	True	True	True	True
SC003	5d8ed961-a012-4b6b-bffb-9468d3953646	1	2	True	True	True	True	True
SC003	5dc1bee9-c44d-4fdc-9ae5-83426c4d6880	1	2	True	True	True	True	True
SC003	5dd423e8-feaa-4568-a750-500948c41d6c	1	1	True	True	True	True	True
SC003	5e2cbc56-97f9-4b94-ade2-a3f739bcc7be	1	2	True	True	True	True	True
SC003	5e4187c9-98f8-4bdb-a8da-6a914e96f47a	1	1	True	True	True	True	True
SC003	5e670fec-8992-44bf-8657-f7f9a272306b	1	1	True	True	True	True	True
SC003	5ea18514-51ad-4844-abea-15e82f0b10c9	1	2	True	True	True	True	True
SC003	5ed024e8-d05e-4c65-9441-eda9930ccc82	1	2	True	True	True	True	True
SC003	5f4d16aa-9cc4-4edb-b714-394e2661439a	1	2	True	True	True	True	True
SC003	5f5964a8-8e07-4620-98f0-93d162dbc31e	1	1	True	True	True	True	True
SC003	5f90d955-bbb0-4b44-a5ac-ba6fda9ca0fb	1	1	True	True	True	True	True
SC003	5fc7ff35-d3f7-4687-8759-3542bd58e988	1	1	True	True	True	True	True
SC003	5fd37868-4762-4109-9dcf-6fdbab5b645d	1	2	True	True	True	True	True
SC003	5fd9552a-c742-4388-940d-295d1107ae00	1	2	True	True	True	True	True
SC003	5fe3c51f-65e2-4da6-8924-a6fae17c022d	1	2	True	True	True	True	True
SC003	5ff12cbe-a3e0-4ce6-8452-12b984a1baaf	1	2	True	True	True	True	True
SC003	6014a582-d22e-46e1-9000-c8e2fbad7acf	1	1	True	True	True	True	True
SC003	6020d1b4-ee20-4cc9-82a3-340b5e3122f1	1	1	True	True	True	True	True
SC003	606fbc6a-b41b-441d-9401-51e54912bf5e	1	2	True	True	True	True	True
SC003	60df7543-6da5-4c75-943b-5800c1e08234	1	2	True	True	True	True	True
SC003	61204cdf-3b1c-44a1-bda6-0fef1ac4a333	1	2	True	True	True	True	True
SC003	623befd6-0ca4-4a6c-9cf5-d9385c3b718f	1	1	True	True	True	True	True
SC003	626b4ff0-2188-4a14-aac8-6703c624917f	1	1	True	True	True	True	True
SC003	62d70067-ff77-4f95-8b69-f537abaf74ce	1	1	True	True	True	True	True
SC003	632984bd-dc81-42b6-b024-476cfd0bb2ae	1	2	True	True	True	True	True
SC003	636b0a90-c8c2-4ad6-a77d-6cd428a826d1	1	2	True	True	True	True	True
SC003	6397d7bc-9cb1-4a84-81ad-76954e0a8cee	1	2	True	True	True	True	True
SC003	64089c20-939f-48b4-ae8b-904ad0597145	1	2	True	True	True	True	True
SC003	6412854a-f874-469e-9d1f-8bd3ae5bd41d	1	1	True	True	True	True	True
SC003	6429c443-8ac3-407f-bb9c-66420b904bbf	1	2	True	True	True	True	True
SC003	6439621e-da61-4723-91cc-c5d87d0a4abc	1	2	True	True	True	True	True
SC003	64975923-d032-4182-8565-59fc37127d8d	1	2	True	True	True	True	True
SC003	64d4dfae-8d91-464b-adc3-80ba7caf54ae	1	1	True	True	True	True	True
SC003	64f67506-f2df-4f0a-b7be-29b4949e986a	1	1	True	True	True	True	True
SC003	659b0170-e914-45ff-aa55-fcb8d3dc7b8a	1	2	True	True	True	True	True
SC003	65cac997-4d39-4501-85ec-4fcb328a8eb5	1	2	True	True	True	True	True
SC003	65cde5d5-1efc-4e30-b1bd-a93598794f2c	1	2	True	True	True	True	True
SC003	66072c06-f251-4f0b-b6ae-12b407c52cc6	1	1	True	True	True	True	True
SC003	6623fc5e-00be-4476-967a-cbd55f676ea6	1	2	True	True	True	True	True
SC003	6644fd4e-d2fe-4785-a73c-0f36fcc740e2	1	1	True	True	True	True	True
SC003	665dd3d3-779c-4abd-b5d7-13342340451d	1	2	True	True	True	True	True
SC003	66af34ea-f471-4092-aff6-9ac9a5b75b11	1	1	True	True	True	True	True
SC003	66fa504c-4ae4-49ac-9355-1e063776dc0d	1	1	True	True	True	True	True
SC003	670f5022-5066-48f1-8472-5670129a1e0f	1	1	True	True	True	True	True
SC003	67526f5a-3a30-45b2-aeab-2b21a855063e	1	2	True	True	True	True	True
SC003	67c73260-a242-4bba-87c5-d2302556dff7	1	1	True	True	True	True	True
SC003	67c8dc41-edcb-4563-96b3-3f93f9edcbe9	1	2	True	True	True	True	True
SC003	67eef990-5ff4-45d1-843d-d22d7848f130	1	2	True	True	True	True	True
SC003	680f23a9-fcce-493e-b908-27c1ad202e4c	1	1	True	True	True	True	True
SC003	68177e92-4784-45d9-af14-4ce0c00eae74	1	2	True	True	True	True	True
SC003	69054195-9e93-49e5-b820-69b0091cc2d4	1	2	True	True	True	True	True
SC003	6951fe6a-d7d1-4f41-85af-76655b5d1f62	1	2	True	True	True	True	True
SC003	6956473b-92e5-4069-a26b-b48e280e76f2	1	2	True	True	True	True	True
SC003	69a68fbc-e43d-4652-85ee-693211bded47	1	1	True	True	True	True	True
SC003	69fc24fc-cfe2-487a-935f-1a954b30b709	1	2	True	True	True	True	True
SC003	6a186809-3422-41d0-83d2-867145830936	1	1	True	True	True	True	True
SC003	6a2972e3-cca9-47e5-aac0-b770f2399eeb	1	2	True	True	True	True	True
SC003	6adca853-1b09-47ff-814c-47b732a76d96	1	2	True	True	True	True	True
SC003	6af6d256-a753-46d2-b611-e4094ff265aa	1	1	True	True	True	True	True
SC003	6b4e0262-f589-4532-b578-9f2d76c19d90	1	2	True	True	True	True	True
SC003	6b923e30-2ddc-407f-91b1-c202f1373fbb	1	2	True	True	True	True	True
SC003	6b960b58-28e1-41c6-bd6e-7e669c6aa4ef	1	2	True	True	True	True	True
SC003	6bc4c56d-aac5-49a2-9913-9538d06d898f	1	2	True	True	True	True	True
SC003	6c0066e3-96df-4870-bcd3-98cda64082e9	1	1	True	True	True	True	True
SC003	6cd9baf5-bbe0-4c1e-a87f-c53b3af22890	1	2	True	True	True	True	True
SC003	6cdc0d53-f813-4101-81e5-9bee68270536	1	1	True	True	True	True	True
SC003	6d24e675-2fa4-4102-861f-7516650b3049	1	2	True	True	True	True	True
SC003	6d4860b2-21c6-4b7b-9093-2f32700d0612	1	1	True	True	True	True	True
SC003	6dd0dd7b-62ff-4fd1-a99a-b265f1a91dca	1	2	True	True	True	True	True
SC003	6ddaee34-46eb-490c-bd13-f0ab963c4322	1	1	True	True	True	True	True
SC003	6e126b73-d3e8-4641-a128-306f3b313e40	1	2	True	True	True	True	True
SC003	6e6b7742-a562-490b-bb72-04a5653852e4	1	1	True	True	True	True	True
SC003	6e7d5ec6-a469-467c-b748-237353c23416	1	1	True	True	True	True	True
SC003	6f18f96e-c0c9-4cc4-9fb2-cba8949d5402	1	1	True	True	True	True	True
SC003	6f4c8d30-47fb-47df-9eb7-4e5881e3711e	1	2	True	True	True	True	True
SC003	6f6afd31-b5dd-48ab-b18f-6390ba18a5f0	1	2	True	True	True	True	True
SC003	6f6e7356-3521-4674-8eec-ad01340d4b8e	1	2	True	True	True	True	True
SC003	6f89509c-f802-482e-b4da-94553aa76fe9	1	1	True	True	True	True	True
SC003	6f959c92-b79f-4f84-9ee5-d07d3212d52d	1	1	True	True	True	True	True
SC003	6fa2a667-9c36-4526-8a58-1975e863a806	1	2	True	True	True	True	True
SC003	6ffd1b8c-6f0b-456a-9160-e0c8021e5897	1	1	True	True	True	True	True
SC003	7032ec9c-e96b-4642-a7b6-d0aee7a3add2	1	2	True	True	True	True	True
SC003	70931617-b3df-4a12-8e3f-2b2307602f48	1	1	True	True	True	True	True
SC003	70ab4f23-23c4-409f-a5cc-18a010c3a24e	1	1	True	True	True	True	True
SC003	70f34c5c-3671-44c8-9469-99f9786efec1	1	1	True	True	True	True	True
SC003	70fc011c-0f22-4026-9d72-87351126203a	1	2	True	True	True	True	True
SC003	71229981-97c2-4ae1-a130-fe5de336b37d	1	2	True	True	True	True	True
SC003	718db047-9f32-48c4-98c9-515218441bca	1	1	True	True	True	True	True
SC003	71f97b63-c970-44ee-98c2-e02e663d5a40	1	1	True	True	True	True	True
SC003	71fc8941-4cfb-47ea-a533-873d38f8c95c	1	2	True	True	True	True	True
SC003	7241b3d4-31ee-4fd2-a4a5-35a9d5f37d6a	1	2	True	True	True	True	True
SC003	72cd1b17-d349-4551-83f7-3062ce9db865	1	2	True	True	True	True	True
SC003	72e486b8-a866-4916-b2e4-8b4bb5dcd92d	1	1	True	True	True	True	True
SC003	7317e605-93ba-49a9-8743-20613b02767a	1	2	True	True	True	True	True
SC003	733a2a0f-b37a-4b81-b49e-3c0f30d1eb37	1	1	True	True	True	True	True
SC003	738e1acc-1f0c-4a96-9c8a-222727ef5af8	1	2	True	True	True	True	True
SC003	739cb132-51e9-41be-8064-311a13da0d74	1	1	True	True	True	True	True
SC003	73ccc949-01b7-48d3-a7c4-c4bcd261672a	1	2	True	True	True	True	True
SC003	7451af3c-acc0-4d79-8429-6b8be96911d8	1	1	True	True	True	True	True
SC003	7455d832-ad66-40df-85d7-3a7051c4498d	1	2	True	True	True	True	True
SC003	747083ff-0703-431b-aad4-f2adff739516	1	1	True	True	True	True	True
SC003	7486a2b3-b09f-4e9c-9864-8b51b58d9fb3	1	2	True	True	True	True	True
SC003	74f31744-0aed-4633-beec-4e203315f0b7	1	2	True	True	True	True	True
SC003	75113445-d2d6-44a0-866c-c9175e6d214b	1	2	True	True	True	True	True
SC003	752ad011-79e0-494f-9868-98bf6feb28f8	1	2	True	True	True	True	True
SC003	752f4773-5a12-4485-a1f6-896e148ddf4d	1	2	True	True	True	True	True
SC003	753d5d49-3b40-4737-9d4c-b1ec29cc2692	1	1	True	True	True	True	True
SC003	7588a286-6935-424a-bc5f-92e24c83eb37	1	2	True	True	True	True	True
SC003	75b3fe55-1a63-426e-867e-2ef52f54778d	1	1	True	True	True	True	True
SC003	75b5529b-565a-4eba-918a-910b2f441d32	1	1	True	True	True	True	True
SC003	75f6e476-233a-409c-a3ef-0240be569813	1	1	True	True	True	True	True
SC003	76ace6aa-0505-442c-978a-f889cf2d44bb	1	2	True	True	True	True	True
SC003	76bd9bb9-9a8b-4a90-bb7c-eafe76472ee4	1	1	True	True	True	True	True
SC003	77e25ae8-82ec-4dea-8e62-1176f27e47ba	1	2	True	True	True	True	True
SC003	784de7ac-8424-42eb-83d4-a1bebaa42b97	1	1	True	True	True	True	True
SC003	7861a5f2-8910-4bcb-9c34-f79c5acd6e21	1	2	True	True	True	True	True
SC003	786e8dbe-442e-4551-87b3-b4c333b04dd4	1	2	True	True	True	True	True
SC003	7875018b-91dc-4ab1-83b0-ee3883e2816e	1	2	True	True	True	True	True
SC003	78e1da41-127c-4e9c-aaaa-77a0d94c31d0	1	2	True	True	True	True	True
SC003	790ff5db-b7f3-4946-aaed-305f66b1dd6a	1	2	True	True	True	True	True
SC003	79126e88-9cf8-45ff-bf91-a98da3b304d7	1	2	True	True	True	True	True
SC003	791c5768-f0f5-4ab6-86eb-998e5c4b49e3	1	1	True	True	True	True	True
SC003	796b593f-5886-4a27-bf94-7ea8df325e1a	1	1	True	True	True	True	True
SC003	7acf33e7-c386-45fd-8c9a-469600378687	1	1	True	True	True	True	True
SC003	7aedb46a-48ec-4e0e-8baa-c9ea4c4a7cf1	1	2	True	True	True	True	True
SC003	7b605fb6-d077-401e-b870-b87ddf505f82	1	1	True	True	True	True	True
SC003	7b892055-c59d-4550-8688-ad039790af3d	1	2	True	True	True	True	True
SC003	7bcf6d42-eb8f-4aa2-825b-38671d4f9e3a	1	1	True	True	True	True	True
SC003	7c2a8440-0206-4039-8474-8d62f6c7de0c	1	2	True	True	True	True	True
SC003	7d681cc6-689d-41c8-9e84-e13733089ec9	1	2	True	True	True	True	True
SC003	7d9d3522-ec3b-4efe-8c8e-c0e675276ef5	1	1	True	True	True	True	True
SC003	7dcf550c-90ce-4f63-aecd-0e46897e2a3e	1	2	True	True	True	True	True
SC003	7e8713bd-0b17-4f09-9696-bc29707d862b	1	2	True	True	True	True	True
SC003	7e9c8d3c-790c-46ad-8f31-b557b7c26f69	1	2	True	True	True	True	True
SC003	7eb18190-5a41-4637-9783-f81bbde499e4	1	2	True	True	True	True	True
SC003	7eea2b6e-771f-44c0-9350-38f45c8dbe87	1	1	True	True	True	True	True
SC003	7f0bbba1-9bc3-45db-bdda-eb3319bb15d2	1	1	True	True	True	True	True
SC003	7f2a63e6-64d5-4be1-9814-e8416fc9e688	1	2	True	True	True	True	True
SC003	7f97971b-2818-4e4b-9c9e-7c0246f9484c	1	1	True	True	True	True	True
SC003	80419545-4e5d-4baf-8948-f84589b5ef3e	1	2	True	True	True	True	True
SC003	805bfe39-3695-43c2-93e4-d66d0559b89f	1	2	True	True	True	True	True
SC003	807b62ed-d3f7-4211-83be-754386ff2c96	1	1	True	True	True	True	True
SC003	80f3f48a-cc21-415c-b181-c77e7ba1c563	1	1	True	True	True	True	True
SC003	8159ff7b-89f4-411a-9b9c-491f1cb3eb34	1	2	True	True	True	True	True
SC003	8183f0fb-2303-4d7b-bccd-55e5031fc7df	1	2	True	True	True	True	True
SC003	81b70c58-4a12-448c-a594-2ade44f6a0ae	1	1	True	True	True	True	True
SC003	81e32f39-3aa0-468b-87ed-dd2eb6165ddf	1	2	True	True	True	True	True
SC003	81e7a3d3-be70-4834-8018-4d2cc077a4e6	1	1	True	True	True	True	True
SC003	8218119a-f68b-4ea7-9ee4-5e2edc2ae342	1	2	True	True	True	True	True
SC003	8240c4ae-f878-4882-aa07-7857c7ac52cf	1	1	True	True	True	True	True
SC003	82ec33dd-e783-4c74-9a87-797a699e11df	1	1	True	True	True	True	True
SC003	8332806e-f547-4aae-89af-6d5bec831fd2	1	1	True	True	True	True	True
SC003	8360cec6-daf6-41c9-9a4f-7fc03c958dcc	1	1	True	True	True	True	True
SC003	83f26720-007c-42c9-a7de-7484bf8afa89	1	1	True	True	True	True	True
SC003	83f943c7-3975-4b4f-985d-9c057741793b	1	1	True	True	True	True	True
SC003	843c8f16-5e59-40d4-9ecc-8a75375156f6	1	1	True	True	True	True	True
SC003	844ad251-3ee4-42f6-ad00-59a7a1670eea	1	1	True	True	True	True	True
SC003	848773a3-2f4a-4186-ab3f-de667129accf	1	2	True	True	True	True	True
SC003	84a88e8d-1e65-4b88-aae6-bf4c7a7e4c33	1	2	True	True	True	True	True
SC003	84b7ccf2-8ab3-4b21-96de-800d231bc072	1	1	True	True	True	True	True
SC003	853456d8-2367-404e-abc9-020fe8bbd209	1	1	True	True	True	True	True
SC003	8539e15f-ba40-4219-aaeb-08d0ab101311	1	2	True	True	True	True	True
SC003	8577ffcb-242e-40e2-98d4-2831d952be34	1	1	True	True	True	True	True
SC003	858652b8-c4c2-41d8-be32-fdc88e1a7bb0	1	2	True	True	True	True	True
SC003	8624354c-af25-423c-9c71-48a5dd821097	1	2	True	True	True	True	True
SC003	8631969d-4ac6-4fe1-9db3-d47db604494a	1	2	True	True	True	True	True
SC003	86a18ae0-dfb1-49c3-b5c4-67ec331d6e40	1	2	True	True	True	True	True
SC003	86b7b206-8e69-432d-acc9-bccce710955e	1	2	True	True	True	True	True
SC003	86c6f993-327f-4525-9983-29c55625593a	1	2	True	True	True	True	True
SC003	86cf879e-3b40-44dd-aaa7-6f49f54a15d9	1	1	True	True	True	True	True
SC003	87281a89-91d2-44f7-9f80-668567ad5c72	1	1	True	True	True	True	True
SC003	8744733a-7b46-43aa-bdef-64876816adbb	1	1	True	True	True	True	True
SC003	8785012f-f73e-4d68-87cf-1d804af32782	1	1	True	True	True	True	True
SC003	878f975b-94fd-4d69-b7e7-1ed3ac2ee438	1	1	True	True	True	True	True
SC003	87b85935-a058-44ad-8fb6-8511130eaffe	1	2	True	True	True	True	True
SC003	87f03d04-e651-4a6e-aea6-1c946aa46202	1	2	True	True	True	True	True
SC003	887b9e5b-99db-44ac-9c30-c0dc6877b41c	1	1	True	True	True	True	True
SC003	88cd6ccc-70f7-436e-a99c-039b9d31e335	1	1	True	True	True	True	True
SC003	88db1340-e4bf-451a-87c0-6e9168296f5e	1	2	True	True	True	True	True
SC003	89128dba-403f-4a96-bb3b-23ed0d5e2147	1	1	True	True	True	True	True
SC003	89414e79-7f89-42d9-8228-101b5bf2f31f	1	1	True	True	True	True	True
SC003	89a8da07-4487-47c6-8d3c-442a87e4f632	1	1	True	True	True	True	True
SC003	89c128b9-1c6b-4c04-a4af-7066772e783c	1	1	True	True	True	True	True
SC003	89e867de-d30e-4bfc-a453-0a76309dabd5	1	1	True	True	True	True	True
SC003	8a0ef221-8070-43fc-9d98-def90abe4871	1	1	True	True	True	True	True
SC003	8ace3b8c-f23e-48a9-a137-9e046bd9549b	1	2	True	True	True	True	True
SC003	8b525ec6-d24b-49d4-bfcb-b354de4dae7c	1	2	True	True	True	True	True
SC003	8bd68696-5eeb-46d7-9dc6-c39c849029a4	1	2	True	True	True	True	True
SC003	8c09f413-e938-4f2e-a414-84f0e7fcfe41	1	2	True	True	True	True	True
SC003	8c51bbcb-7c8d-47ad-9193-70ca157c6900	1	1	True	True	True	True	True
SC003	8c7e74e0-71ef-49b8-9217-94b8ef740ef9	1	2	True	True	True	True	True
SC003	8cccf160-93e9-48a5-9b8b-54aa50153142	1	1	True	True	True	True	True
SC003	8cd1ba0b-ead9-4661-a796-6c9dbf1c42cd	1	1	True	True	True	True	True
SC003	8cf54607-01ce-42b0-9bd9-8627edd9f3b7	1	1	True	True	True	True	True
SC003	8cf8b620-7ab6-4b6e-84bc-ff5a83f381fa	1	1	True	True	True	True	True
SC003	8d5fe6e8-d2cc-481f-a6a1-9cb6e7982cde	1	2	True	True	True	True	True
SC003	8d9b50d1-139b-4447-ae9c-e54764d9e2a7	1	1	True	True	True	True	True
SC003	8da3d6cf-381b-4d1b-93fa-41fd9d2b2e66	1	1	True	True	True	True	True
SC003	8db69f1d-72e2-40ba-ad8a-cf228499840d	1	2	True	True	True	True	True
SC003	8e11c5ec-c15a-48d4-85ac-b7b08a9ed827	1	1	True	True	True	True	True
SC003	8e159b50-8136-42d4-b9c7-d579a74e4931	1	1	True	True	True	True	True
SC003	8e54232d-d8bb-4612-8b0e-4feb076a60f9	1	1	True	True	True	True	True
SC003	8f34cb4c-5798-47a0-89a1-f0ee26a8ae93	1	2	True	True	True	True	True
SC003	8f912a40-3251-4e1f-ae65-1f93d71f9881	1	2	True	True	True	True	True
SC003	8f9ad301-6699-4078-a80d-886e40894af7	1	1	True	True	True	True	True
SC003	9087585f-e792-4f33-baaa-56ffe0f745be	1	1	True	True	True	True	True
SC003	90ff48c3-b14b-4a8b-94a1-98c0bab0d27b	1	1	True	True	True	True	True
SC003	910655da-2c12-4572-96b7-ded616e69b4b	1	2	True	True	True	True	True
SC003	91b09291-5944-4691-a0d8-7d1ccc649b9b	1	1	True	True	True	True	True
SC003	91da548b-5c64-49c3-a44a-1ef115f53311	1	2	True	True	True	True	True
SC003	92529232-8504-4541-b7e2-4df8f497c413	1	1	True	True	True	True	True
SC003	92654f8d-5137-4ffd-aaa3-5ae38eb88226	1	2	True	True	True	True	True
SC003	929acc67-b8bf-4f65-9110-380e44ab66b7	1	2	True	True	True	True	True
SC003	92b5de82-0221-4df1-8094-80f40c0bb4fa	1	2	True	True	True	True	True
SC003	92b842c5-f71b-4ef7-ba86-358d28e0966f	1	1	True	True	True	True	True
SC003	93ed6066-b567-4e1c-ab81-23370f9d3452	1	1	True	True	True	True	True
SC003	9416ff9b-6f29-4554-b04d-b537a3ae3969	1	2	True	True	True	True	True
SC003	9434687a-197c-4959-b6b8-9c05f1dd7f53	1	1	True	True	True	True	True
SC003	9435447e-d65f-408b-863b-6576b1d652dd	1	1	True	True	True	True	True
SC003	9495f029-9882-4c9b-a557-b3aec9e91698	1	2	True	True	True	True	True
SC003	94b03e1d-50ec-4680-bffd-7086d1536ff2	1	2	True	True	True	True	True
SC003	94b95984-b2fb-4e42-8887-45e7086c3179	1	1	True	True	True	True	True
SC003	9536bec0-dae0-4d63-a1b3-956741835243	1	2	True	True	True	True	True
SC003	955d4263-61f7-42e8-8a6e-772a0d6c209d	1	1	True	True	True	True	True
SC003	95873e61-afdb-496c-9f77-3f9beb008cda	1	2	True	True	True	True	True
SC003	959ff069-8a49-4c9b-85c2-5291cac0acff	1	1	True	True	True	True	True
SC003	95c53ecf-d8f1-4bcb-9b1a-c9a0542939f0	1	1	True	True	True	True	True
SC003	95c53f69-0f05-4348-822a-571f3d757001	1	1	True	True	True	True	True
SC003	95e949d3-b1f3-46c6-9451-8fe92c99e4cf	1	1	True	True	True	True	True
SC003	96457ebf-ae88-41f4-97e5-cdc3163418aa	1	2	True	True	True	True	True
SC003	9646160a-f1f9-437b-8c7d-efb0b57bfb97	1	1	True	True	True	True	True
SC003	9676e46b-8f29-43cd-ab65-eb6a535cced4	1	1	True	True	True	True	True
SC003	96b9c7db-1be1-4b60-b47c-26b654c3d64c	1	2	True	True	True	True	True
SC003	96e1fc6d-693f-4f4f-b5f7-8d6e1c6c43f8	1	1	True	True	True	True	True
SC003	96f02be7-f2df-483c-8968-a5bd2d887206	1	1	True	True	True	True	True
SC003	96f23d8a-be0f-4925-ba00-805dc293414c	1	1	True	True	True	True	True
SC003	972447aa-4332-47e7-bddd-2eb699dbb664	1	1	True	True	True	True	True
SC003	97677fd7-8523-48c5-a8ce-614fd4010551	1	1	True	True	True	True	True
SC003	97862b8e-9f76-4b19-a865-156a9c00fb1e	1	1	True	True	True	True	True
SC003	97943d87-fed7-4f14-a0a7-c5bfee64c392	1	2	True	True	True	True	True
SC003	97b5f490-1cd9-4833-b903-5f4c6e45670d	1	2	True	True	True	True	True
SC003	9848307d-1bd5-40c1-b655-a33297aaf74f	1	1	True	True	True	True	True
SC003	9857be0c-aeca-4a43-90b1-0535bd08e086	1	2	True	True	True	True	True
SC003	98e0b4de-52fc-4945-9bf5-11e29368f939	1	1	True	True	True	True	True
SC003	98e709e7-e195-4b37-9537-f6081affb609	1	2	True	True	True	True	True
SC003	991e1427-3c01-423d-abfd-4584302ca72c	1	2	True	True	True	True	True
SC003	993103b1-e5a1-4c33-8629-be53ebc41d64	1	2	True	True	True	True	True
SC003	9938ce5c-e74e-446e-a932-f096f85cc3b1	1	1	True	True	True	True	True
SC003	994ca1f5-ad10-44ec-aa21-71fc2940653b	1	1	True	True	True	True	True
SC003	995fdab7-7284-4d33-befa-ec22aa7c6479	1	1	True	True	True	True	True
SC003	9964f447-92ad-4d1e-af20-11cf84fab7b0	1	2	True	True	True	True	True
SC003	996bd3f0-d767-4eff-9c82-99fcb5a3006a	1	1	True	True	True	True	True
SC003	99927651-34be-4795-893a-128d8a1fdb30	1	2	True	True	True	True	True
SC003	99e32c59-aa73-43fa-88c9-399ddadb2c72	1	2	True	True	True	True	True
SC003	9ac44381-5d43-4f63-aa3f-7703bfc923c9	1	2	True	True	True	True	True
SC003	9ad603dc-3fd0-44f5-ae4e-64eeb1ae8d6d	1	1	True	True	True	True	True
SC003	9b13927c-7357-44fd-8385-92ae6a656b7d	1	2	True	True	True	True	True
SC003	9ba11ea8-97d3-464a-90a4-ec1151be9088	1	2	True	True	True	True	True
SC003	9c1ceb7d-6fed-4c2f-a89a-bf3c5b15ca58	1	2	True	True	True	True	True
SC003	9c55032f-4db7-4026-ae83-8d060dd8e3fe	1	2	True	True	True	True	True
SC003	9c895825-d6f6-4d14-a662-23212200f6e5	1	2	True	True	True	True	True
SC003	9ce7ce09-4409-4fa3-9f78-b2b24716f860	1	2	True	True	True	True	True
SC003	9ced0c70-c46c-4f98-8f48-840defe4b8b1	1	2	True	True	True	True	True
SC003	9d166970-07c8-4ca3-9cfa-ed0049df9ecc	1	1	True	True	True	True	True
SC003	9d8702e1-1a36-4bca-85ab-5f11d58d7953	1	2	True	True	True	True	True
SC003	9d876f05-5080-4c4e-9bf5-45f631d381e5	1	1	True	True	True	True	True
SC003	9d95a65b-e41d-4f93-92d4-99dce29ff40d	1	1	True	True	True	True	True
SC003	9da462b0-93c2-4305-89f6-7199a30399a7	1	2	True	True	True	True	True
SC003	9ddc014d-9a8b-407b-845f-452a73f08e5e	1	2	True	True	True	True	True
SC003	9ddc3e7b-8b54-4a83-8335-8053940f56c1	1	2	True	True	True	True	True
SC003	9de678e5-67ed-4453-a98b-7ac351d5d0f1	1	1	True	True	True	True	True
SC003	9e894662-b718-40f8-8899-b5e036cfbd76	1	2	True	True	True	True	True
SC003	9f3cc92b-fa22-478e-a2e4-6b4c8afb93d6	1	1	True	True	True	True	True
SC003	9f6be944-83de-42ab-8738-f0022f475e61	1	1	True	True	True	True	True
SC003	9f80649b-a249-4fb5-97ad-059a30e13fea	1	2	True	True	True	True	True
SC003	9fefbe7c-f66a-4940-843e-285cb7b392c1	1	1	True	True	True	True	True
SC003	a0576d44-9add-429b-9eeb-f7b234b7385f	1	1	True	True	True	True	True
SC003	a06ff6ae-b0dd-4516-a75c-0db71694b46b	1	2	True	True	True	True	True
SC003	a076f135-be82-40fa-8516-285ed355c965	1	1	True	True	True	True	True
SC003	a0963e93-b63e-4de2-86c1-81302e271d3e	1	1	True	True	True	True	True
SC003	a1093598-d3a8-4ffe-83fc-bc7d1faff7e5	1	1	True	True	True	True	True
SC003	a12fd22a-7f84-4b6e-b6d8-012e38eb73d7	1	2	True	True	True	True	True
SC003	a1674d7b-787a-45c4-bf16-1b7d0efce207	1	2	True	True	True	True	True
SC003	a1872011-b928-4189-ac02-e87506c20bca	1	1	True	True	True	True	True
SC003	a1da9db1-db11-4f4d-a249-c738db81b87e	1	2	True	True	True	True	True
SC003	a20fa2c4-a502-47e3-bfaa-2ec4cce3a859	1	1	True	True	True	True	True
SC003	a2434f47-2168-47d0-9bbb-981071597843	1	2	True	True	True	True	True
SC003	a2453bcb-90f2-4505-949d-a89cf4bfc9b8	1	2	True	True	True	True	True
SC003	a272171b-44f5-47a5-89be-7520413c01ad	1	2	True	True	True	True	True
SC003	a2934508-3daf-49e2-b14f-ed9b7693f96f	1	1	True	True	True	True	True
SC003	a2db9dd1-44d5-48b5-817c-a21a85fadb21	1	1	True	True	True	True	True
SC003	a2efe7e1-aca3-440f-825f-ed621edca69f	1	1	True	True	True	True	True
SC003	a32cb96a-78bf-456e-a6ab-2d47b2c67ad4	1	1	True	True	True	True	True
SC003	a381275f-8858-4793-a8a2-0ca9db7274c8	1	1	True	True	True	True	True
SC003	a412b374-4d25-491f-b76f-ddaa989acf59	1	2	True	True	True	True	True
SC003	a45833e1-7cc9-4273-b408-620f74679a12	1	1	True	True	True	True	True
SC003	a45d296e-efc0-479e-b2f6-bad834668cdf	1	1	True	True	True	True	True
SC003	a482fc4c-ff1d-46a0-a968-7df06422cc4b	1	2	True	True	True	True	True
SC003	a4903de8-6cf5-4541-8ec7-065beace8b44	1	1	True	True	True	True	True
SC003	a4c59287-1ad5-46a5-8040-e591e6ce064f	1	1	True	True	True	True	True
SC003	a53dd490-e0ba-419a-90c6-b905e241a8e5	1	1	True	True	True	True	True
SC003	a5b44d66-c162-46b5-9df2-86305f0385c5	1	2	True	True	True	True	True
SC003	a6502f17-6bee-4d5a-8520-06364593d39c	1	1	True	True	True	True	True
SC003	a6a863d9-b39d-4965-b47f-79a1bcf3c976	1	1	True	True	True	True	True
SC003	a6cb373a-1604-4e25-bd81-da6c3e4f06ee	1	1	True	True	True	True	True
SC003	a6e11b30-3ae8-4dd1-b04c-a730c6a79746	1	1	True	True	True	True	True
SC003	a6e5f869-1182-4f81-b4bb-cf55261c8f3f	1	2	True	True	True	True	True
SC003	a6edb6ca-ae9f-4da7-8ebe-92d83d2987fb	1	1	True	True	True	True	True
SC003	a721dac6-0126-476c-b2d4-2dbf7406454b	1	1	True	True	True	True	True
SC003	a76774fe-7298-4d68-a2b2-c1bad93f0c31	1	2	True	True	True	True	True
SC003	a78b04b4-2380-4803-963e-e4e633cd69ab	1	1	True	True	True	True	True
SC003	a8015490-9740-45c9-8bd2-eb6d1beefc2e	1	1	True	True	True	True	True
SC003	a824b3bd-34d5-4cc1-a92f-f9d6ac0f1814	1	2	True	True	True	True	True
SC003	a82d0a57-4383-473d-b334-d13b278404b1	1	2	True	True	True	True	True
SC003	a851ca14-7bbf-455b-a054-ec03979a4247	1	1	True	True	True	True	True
SC003	a8a199c9-d781-4e6c-af8c-c85d60c7cd40	1	2	True	True	True	True	True
SC003	a8a33ba9-0976-4e19-b0e9-fa5ba4d4eaa8	1	2	True	True	True	True	True
SC003	a8b1f6e7-2bcf-460d-b1c6-1792a9801119	1	1	True	True	True	True	True
SC003	a8e7d8a4-bbf0-496b-b387-8e014cfdcea6	1	1	True	True	True	True	True
SC003	a8f5c479-8685-4e2d-bb60-63f1cc651083	1	1	True	True	True	True	True
SC003	a947a945-4721-45cc-bc45-13b8ea41c10e	1	2	True	True	True	True	True
SC003	a991644b-3ee6-4cda-acf0-e37de48a49fc	1	2	True	True	True	True	True
SC003	a9b7d7fe-be31-4f71-afee-c1bfdf511888	1	2	True	True	True	True	True
SC003	a9bb8159-32f0-454c-a946-b3286a52b9d5	1	1	True	True	True	True	True
SC003	aa30ac3d-4216-45dd-a314-1ae192fafcb2	1	1	True	True	True	True	True
SC003	aa4244a8-0454-4247-a1c3-357fd51746fa	1	2	True	True	True	True	True
SC003	aa60fa8d-c374-40e0-af2d-b007701e67e3	1	1	True	True	True	True	True
SC003	aaea5f9c-b35b-47f8-93cb-bdc7b81844ff	1	2	True	True	True	True	True
SC003	ab34a9a2-d72d-4106-94fb-118844b1b60b	1	1	True	True	True	True	True
SC003	ab89bb2e-da84-4116-a8cd-49aad7bbfd4d	1	1	True	True	True	True	True
SC003	aba5f46a-e67a-4cd2-9c52-c0686968ff04	1	1	True	True	True	True	True
SC003	abdc76db-f85e-4337-a57e-6d098789da03	1	1	True	True	True	True	True
SC003	ac075bc0-1b59-4557-beea-541694faee03	1	2	True	True	True	True	True
SC003	ac18b3a3-8d52-4e35-8625-673171a7fd92	1	2	True	True	True	True	True
SC003	ac68d219-5670-4ddd-8df6-8aa7ad59e5c7	1	1	True	True	True	True	True
SC003	ac6d3ba9-f84f-4657-aa85-4d66fb7c09da	1	1	True	True	True	True	True
SC003	ad01259b-d858-40bc-a6ba-0bb06e996afb	1	2	True	True	True	True	True
SC003	ad0fa961-c085-4f38-b3db-5fc0cbf6b64f	1	2	True	True	True	True	True
SC003	ad18820b-a804-49c0-ba8a-86c09fa6bce2	1	2	True	True	True	True	True
SC003	ad6d26ab-6568-40db-bfb0-394d40e801cf	1	2	True	True	True	True	True
SC003	ad7fcc89-82a3-48aa-8461-581c1a857677	1	2	True	True	True	True	True
SC003	ae65baeb-6b78-492a-8c63-bb7e93e83dc2	1	2	True	True	True	True	True
SC003	ae8c77fe-e6c8-44d5-8265-4a38c637bbef	1	1	True	True	True	True	True
SC003	aeb6a3a6-b57a-4c53-90e6-e833777dd2a1	1	2	True	True	True	True	True
SC003	af0acaa9-a61c-4e57-bc0d-453ad5bf193a	1	1	True	True	True	True	True
SC003	af2a8e2f-2ae1-48bc-bba5-0e2c077c4e48	1	2	True	True	True	True	True
SC003	af5453a9-cf1f-40de-aec4-0e0710908fb7	1	1	True	True	True	True	True
SC003	af577366-0258-49e7-b6af-e70056c081a4	1	2	True	True	True	True	True
SC003	af97e043-88cb-4f99-8f8b-9bcbcccdf842	1	1	True	True	True	True	True
SC003	afb9418e-91eb-4db1-aacf-12bd946c9ba0	1	1	True	True	True	True	True
SC003	b0700958-5f90-4546-b35f-635cd506889b	1	2	True	True	True	True	True
SC003	b094e8b2-8ece-4b36-8025-18073a8b873c	1	1	True	True	True	True	True
SC003	b09643c2-ded5-4346-b3c5-90a48f88a02e	1	1	True	True	True	True	True
SC003	b0bcb829-cee0-4247-bb75-093a5bea89ee	1	1	True	True	True	True	True
SC003	b0f8d698-a30e-4d8d-b0a2-a5a01fac8406	1	1	True	True	True	True	True
SC003	b1d44c81-747d-471f-9093-aeb262a17975	1	1	True	True	True	True	True
SC003	b205bba0-1870-4458-9088-8817e20389fe	1	1	True	True	True	True	True
SC003	b205c89f-af62-4186-acad-ed23d243fa98	1	1	True	True	True	True	True
SC003	b26d41cd-393b-4cd4-8925-a9488f7de576	1	2	True	True	True	True	True
SC003	b2aac45b-2073-4c7a-adb9-769a4fdcc111	1	2	True	True	True	True	True
SC003	b2ecbc0f-2c30-4200-8d5e-7b95424bcadb	1	2	True	True	True	True	True
SC003	b3264748-947a-43aa-b227-b294fbcc8447	1	1	True	True	True	True	True
SC003	b3354b72-2637-4edc-9a95-e55801d3ac13	1	2	True	True	True	True	True
SC003	b343bfe0-7c23-4c6a-8c84-9ee39db2ecda	1	2	True	True	True	True	True
SC003	b379bfb8-284e-4300-8325-85cfd6809cb8	1	1	True	True	True	True	True
SC003	b3bb8fd6-ee54-4813-b042-2bbe70115382	1	1	True	True	True	True	True
SC003	b43e41af-1d82-4b5f-b8f1-add0510e6b86	1	1	True	True	True	True	True
SC003	b4e4fea2-b802-4a86-923e-3fcbd3c708fe	1	1	True	True	True	True	True
SC003	b5b99291-507e-4b68-a039-9a0f571f55df	1	2	True	True	True	True	True
SC003	b5fba77b-1f50-4e71-95b2-566afba4bdd7	1	2	True	True	True	True	True
SC003	b63391a0-73f8-4544-9e94-f6529245ca2a	1	2	True	True	True	True	True
SC003	b6b932ce-6856-4d94-9e6c-16dfbe51906f	1	2	True	True	True	True	True
SC003	b6c286c6-2755-419b-87d3-59c7feda9653	1	2	True	True	True	True	True
SC003	b7a4df9a-4e25-4550-9c10-338ca1921c2f	1	2	True	True	True	True	True
SC003	b7f74ae1-6f58-447c-be50-a7666eb19d9a	1	1	True	True	True	True	True
SC003	b804f7ae-da8f-4414-be11-f880f1859160	1	2	True	True	True	True	True
SC003	b8a44fdf-9cb9-4123-9ab0-4bc198921fee	1	1	True	True	True	True	True
SC003	b8a615f9-d19b-4b09-8ec8-0674e5c648cd	1	1	True	True	True	True	True
SC003	b8aefc48-4a6e-4254-a57f-5f688399b582	1	1	True	True	True	True	True
SC003	b8b6cebc-26dc-43ae-a94a-20da6018f7ae	1	2	True	True	True	True	True
SC003	b956df1b-bc77-4bdb-a5bd-5dda7b4c8da7	1	1	True	True	True	True	True
SC003	b95eef8a-205f-4cf8-9d3c-ae51d406e1e0	1	2	True	True	True	True	True
SC003	b97bf89a-7a85-4eef-ae7e-f787aead1f0a	1	1	True	True	True	True	True
SC003	b9c6c069-2a2b-4cc7-a398-dc45c132d979	1	2	True	True	True	True	True
SC003	ba39bfbc-5cac-4f6c-b55c-4eee3466ee93	1	1	True	True	True	True	True
SC003	ba80db4e-d899-4da4-ae49-5263d98e1530	1	2	True	True	True	True	True
SC003	ba89cb4f-cd63-47b1-9550-76fdaff89f2e	1	1	True	True	True	True	True
SC003	bac4b268-c781-4408-96d8-43a48fec7418	1	1	True	True	True	True	True
SC003	baf1207d-7d1a-4cad-ba58-62c26be2415e	1	2	True	True	True	True	True
SC003	baf2afc8-f16c-488f-947c-efc9083c6bef	1	1	True	True	True	True	True
SC003	baf5e81f-2322-41ec-9053-b9559a7993bc	1	1	True	True	True	True	True
SC003	bb026999-0aab-4232-96d7-2c93b6c9691d	1	2	True	True	True	True	True
SC003	bb1de798-0c02-437e-b539-33cb556d3993	1	1	True	True	True	True	True
SC003	bb8d42d3-ad65-4d88-ae1d-f9aadfc7962d	1	1	True	True	True	True	True
SC003	bc0bc70f-c6cf-4dbc-9dc3-8b7bc5f381a4	1	1	True	True	True	True	True
SC003	bd5374c9-7f36-457f-b66b-7cc7ff64224e	1	2	True	True	True	True	True
SC003	bdd08ec8-8892-4273-8f21-6fde0f23c52d	1	1	True	True	True	True	True
SC003	be9bf36a-12e1-4386-addf-1686dc8b49de	1	2	True	True	True	True	True
SC003	becedbfd-b2aa-4dde-b7f4-29e6f59ec32c	1	2	True	True	True	True	True
SC003	bef7b135-a727-45e8-850a-cc4cd56c49aa	1	1	True	True	True	True	True
SC003	bf3b1481-ae31-4406-b084-b6cc1d7163e3	1	1	True	True	True	True	True
SC003	bf88ddf5-a6d4-498c-bf7f-db9bfabff72d	1	1	True	True	True	True	True
SC003	bfa3dbc0-361c-400e-8c10-0aca7049fce9	1	2	True	True	True	True	True
SC003	bfd49783-1767-469b-9d79-7822301c5efc	1	2	True	True	True	True	True
SC003	bfd55808-dddd-44c3-97d7-41600497b992	1	2	True	True	True	True	True
SC003	c0427237-b476-4af4-b664-7bd479922ea5	1	1	True	True	True	True	True
SC003	c07b122e-ac50-4db2-add2-5617a5d0e976	1	2	True	True	True	True	True
SC003	c0892598-1f7b-4f23-9cd8-731f797753d5	1	1	True	True	True	True	True
SC003	c0b7b798-3383-4a45-a455-9eca5810739e	1	2	True	True	True	True	True
SC003	c0f88fc5-56b0-4255-bbd1-9a21ced8b37b	1	2	True	True	True	True	True
SC003	c1442467-d618-435f-8792-b1a18f696f1a	1	1	True	True	True	True	True
SC003	c1e704d6-a33b-4891-90bd-992b0040c075	1	2	True	True	True	True	True
SC003	c2a742fe-3e8b-4210-85a6-7191a1123609	1	1	True	True	True	True	True
SC003	c2aeee6c-ba10-4cf9-b560-c739580f7bf3	1	2	True	True	True	True	True
SC003	c2b104ee-f914-4e79-9e1b-56bf88157472	1	1	True	True	True	True	True
SC003	c3148e68-1739-4334-abda-1dcbc2166846	1	1	True	True	True	True	True
SC003	c31900a4-5dcd-4022-97ac-638e86e889e4	1	1	True	True	True	True	True
SC003	c348a9b3-c901-4384-a222-144387bac0c5	1	2	True	True	True	True	True
SC003	c364e81c-eb1e-4870-ab37-9c661f5f2e3d	1	2	True	True	True	True	True
SC003	c397e6c2-ba3a-4f5e-a258-c140611192fe	1	1	True	True	True	True	True
SC003	c3a981c7-f148-4252-bd50-af8a49ec0df8	1	2	True	True	True	True	True
SC003	c462e422-eb8d-4daf-9897-2a9c6cbd783a	1	2	True	True	True	True	True
SC003	c4699748-f01d-4b30-9c74-1ca77fb84ac1	1	2	True	True	True	True	True
SC003	c49e3b18-fd88-48f4-8b01-300692ceb367	1	2	True	True	True	True	True
SC003	c54d5507-bba5-4a1e-8885-3c3b1eed13c1	1	1	True	True	True	True	True
SC003	c57835be-77ab-4cf5-9b23-62c11a7b2eaf	1	1	True	True	True	True	True
SC003	c5891c7a-fd24-4891-8f51-373967e4a6dd	1	1	True	True	True	True	True
SC003	c5f00132-1c6b-4337-af6f-596c652665cc	1	2	True	True	True	True	True
SC003	c6086936-7544-4da0-8c0c-114166848483	1	1	True	True	True	True	True
SC003	c632675e-e8af-43cd-8744-5be3754c1c14	1	2	True	True	True	True	True
SC003	c65b835a-2d38-4250-a173-0780d2c2cf58	1	1	True	True	True	True	True
SC003	c694615c-b1c6-499c-8058-995633ebf948	1	2	True	True	True	True	True
SC003	c70ee5e1-4703-4996-bb5c-f4cca0fb53ba	1	2	True	True	True	True	True
SC003	c710f4ab-fbd9-42ed-95d4-4e6d51207f38	1	1	True	True	True	True	True
SC003	c72cb184-462d-4009-9cdb-848782ff8a76	1	1	True	True	True	True	True
SC003	c744fc13-3aca-4245-9e24-abd368cc8bef	1	1	True	True	True	True	True
SC003	c7c34fd9-3021-45b7-b6ff-30b4196585a8	1	1	True	True	True	True	True
SC003	c7d7a770-23c0-4310-ab48-1f6152dc2849	1	2	True	True	True	True	True
SC003	c836951b-3ffb-4e20-8504-0eccb7d50dd4	1	1	True	True	True	True	True
SC003	c85f080a-1075-41df-959f-1b514a11b3c4	1	1	True	True	True	True	True
SC003	c8f39325-5382-447c-9291-a6915fc978b8	1	2	True	True	True	True	True
SC003	ca20249f-b7ea-4fd9-9ecb-34f74755ae35	1	1	True	True	True	True	True
SC003	ca76c6fc-ff30-4833-884d-3a94fe53ff17	1	1	True	True	True	True	True
SC003	cab38ea8-4555-413c-b81e-4621aac4ef85	1	1	True	True	True	True	True
SC003	cb0a2055-2168-4454-8755-47dd613db36f	1	1	True	True	True	True	True
SC003	cc074b7f-d3b2-4880-902e-bf10e667b665	1	1	True	True	True	True	True
SC003	cc0902fd-a2fc-4327-929e-d4219e32e1d7	1	1	True	True	True	True	True
SC003	cc348a26-ee11-47a4-8b51-de922967e175	1	2	True	True	True	True	True
SC003	cc510968-fe52-4109-a79f-74f216b48c78	1	2	True	True	True	True	True
SC003	ccb22ecc-6e18-44b8-ad48-6ab51314b16e	1	1	True	True	True	True	True
SC003	ccd4a24b-d8cc-4686-9dee-c98b0c5a8d21	1	2	True	True	True	True	True
SC003	cd0c96a4-6414-4efb-879b-7408b62ed5b6	1	1	True	True	True	True	True
SC003	cd3faa15-743c-476f-ab0d-f205b14126b6	1	2	True	True	True	True	True
SC003	cd781589-3820-45a2-906b-8d60cd02f3ef	1	2	True	True	True	True	True
SC003	cd7fb75e-1c2e-4201-86d3-b3ba21f476bf	1	1	True	True	True	True	True
SC003	cdab777e-62de-4d51-92af-b6eb089c111f	1	1	True	True	True	True	True
SC003	cdd8c046-fd97-482a-a11f-2217b321c4d1	1	2	True	True	True	True	True
SC003	ce887e90-0660-4f44-a3a4-b3b894cb7eda	1	1	True	True	True	True	True
SC003	ce9e0309-9756-42d2-ae94-d91264a79498	1	2	True	True	True	True	True
SC003	cea9d8f9-e18c-4947-a461-5f712e3c1e6d	1	2	True	True	True	True	True
SC003	ced2c048-b047-43ff-b0e7-cd7ad480850c	1	2	True	True	True	True	True
SC003	cf0a3f38-5850-44e1-8574-808bd37d84a3	1	1	True	True	True	True	True
SC003	cf0e7e4e-b857-4db5-9ae2-551a899f77be	1	1	True	True	True	True	True
SC003	cf9db1af-17f0-490e-8139-142bd704763a	1	1	True	True	True	True	True
SC003	cffe832c-8a81-4cdb-8b25-df7f35afafdc	1	2	True	True	True	True	True
SC003	d071c16b-7cee-45ed-8ec9-612418143815	1	1	True	True	True	True	True
SC003	d093173f-08ab-4138-bf3c-399c45a6e163	1	2	True	True	True	True	True
SC003	d0b78f3f-a198-437a-ab8c-204345d3b75d	1	2	True	True	True	True	True
SC003	d10a4887-373b-4726-a61d-126f950e4a06	1	1	True	True	True	True	True
SC003	d111c4ab-b39a-4a7c-8d8e-cb342bc10627	1	1	True	True	True	True	True
SC003	d13fb44b-291b-4ea4-920c-142daa8d1989	1	1	True	True	True	True	True
SC003	d1703dbd-5c93-4cf2-a4d1-0d90640882bd	1	2	True	True	True	True	True
SC003	d1fd8ed2-be13-4272-b31e-df86911db3b1	1	2	True	True	True	True	True
SC003	d2694b09-7844-4496-865c-5d3d8cd03330	1	1	True	True	True	True	True
SC003	d2f2560c-ec80-4fea-9474-c47a2e85ea95	1	1	True	True	True	True	True
SC003	d34471a1-b367-4f8a-b35a-c5901c4f5503	1	2	True	True	True	True	True
SC003	d3a75976-67d3-40fa-9f6f-cf2a3d7b773c	1	1	True	True	True	True	True
SC003	d3b9d925-ae04-4721-8bfc-50b41225bc74	1	2	True	True	True	True	True
SC003	d3d4d709-ab34-4617-aa8c-51a3d0a3efe6	1	1	True	True	True	True	True
SC003	d3d545b3-457f-4389-821f-704cb24aff7f	1	1	True	True	True	True	True
SC003	d48e9f25-f083-4f88-a92d-c12d9f765ba6	1	2	True	True	True	True	True
SC003	d4a1ecdc-399c-4f82-aa7a-68a0c82ded3f	1	2	True	True	True	True	True
SC003	d4e7426c-9739-4585-9114-e564b13c7c02	1	1	True	True	True	True	True
SC003	d5be2ab3-f748-480d-954b-385cf01b4c81	1	1	True	True	True	True	True
SC003	d5cab7f5-e4f1-40ee-a0c8-4c8004c1c9a0	1	2	True	True	True	True	True
SC003	d5d8e76e-2f2a-49bc-ba0a-d51283611b16	1	1	True	True	True	True	True
SC003	d5e655fe-3fbc-47b0-ba23-1d1dd01d591c	1	2	True	True	True	True	True
SC003	d5e9a403-88ce-40fc-bb85-80cf3f8ff6bc	1	2	True	True	True	True	True
SC003	d5f2b85a-94a9-4168-bbe8-149ec71342b0	1	1	True	True	True	True	True
SC003	d67cd793-2931-429a-9084-2f3c4c8be7ad	1	1	True	True	True	True	True
SC003	d69e59a8-b10b-46f5-b859-b6c178d90506	1	1	True	True	True	True	True
SC003	d6f7afc0-1558-43ad-acb1-2b5311ed2264	1	1	True	True	True	True	True
SC003	d6f911b5-e895-43f8-8f86-0ac2f1bc6fae	1	2	True	True	True	True	True
SC003	d7195183-9fe4-4b17-bcfd-9367d2e539ce	1	1	True	True	True	True	True
SC003	d7308344-5bab-4073-bb4f-4d8cd8d7bd17	1	2	True	True	True	True	True
SC003	d7808cbc-4b8c-467b-b2c3-f48d05b9ecab	1	2	True	True	True	True	True
SC003	d7cac141-9269-4733-83ce-e1bc0b503254	1	1	True	True	True	True	True
SC003	d7ce6b79-f7c0-481e-9dbd-6273f01c9786	1	2	True	True	True	True	True
SC003	d81594d9-dd6a-45c3-8bad-61960611d78d	1	1	True	True	True	True	True
SC003	d8492ebd-3d94-4a4b-8de7-386526691cc2	1	2	True	True	True	True	True
SC003	d8d7a6c2-6427-4f47-968c-6c3affba4617	1	1	True	True	True	True	True
SC003	d8ecba6a-9fff-4993-a799-9a8d2aea524e	1	1	True	True	True	True	True
SC003	d8f8064f-02ef-4fed-942b-714cbe5e8455	1	2	True	True	True	True	True
SC003	d9627184-b972-4e00-8c11-b0b946ac357a	1	1	True	True	True	True	True
SC003	d9a1c06f-7b50-46b0-878e-89e8c31863ae	1	2	True	True	True	True	True
SC003	d9dc3b59-613d-469e-8b4f-6c5a557eb26a	1	1	True	True	True	True	True
SC003	d9fd2724-7db0-4af3-ac14-217bdfa5203f	1	2	True	True	True	True	True
SC003	da1c58a7-c6bd-47d9-95c2-8d2ac70e20e4	1	1	True	True	True	True	True
SC003	da286247-e8bb-4941-a2af-2453fe61cd02	1	2	True	True	True	True	True
SC003	da70cf7e-0e61-4c72-b4c5-c408569d11b8	1	1	True	True	True	True	True
SC003	da840a22-8d30-4682-bbd0-8fa87bd40528	1	2	True	True	True	True	True
SC003	da9c10ea-c13f-4d88-8b94-a0cbc106d036	1	1	True	True	True	True	True
SC003	daf62b56-6dd2-4ab7-adaa-f296bb86a0a5	1	1	True	True	True	True	True
SC003	db3e1ce8-4a05-4bfc-b5ae-13cf789369e1	1	2	True	True	True	True	True
SC003	db4bc6aa-2e7d-4bcb-8519-a455f624d33b	1	2	True	True	True	True	True
SC003	db55d9d9-dd56-4ca9-b1f1-0d929697b280	1	1	True	True	True	True	True
SC003	db62d9c7-8343-4771-84fc-146d2e307bb8	1	2	True	True	True	True	True
SC003	db8d38ab-cc61-49ee-863d-40060112f2af	1	2	True	True	True	True	True
SC003	dba9beec-5e51-48c0-9229-0ee286a02a1a	1	1	True	True	True	True	True
SC003	dbb2da92-99dd-400c-bc05-e87d7273656c	1	1	True	True	True	True	True
SC003	dbcad60f-86c7-41e3-b0ae-baa39c9f83dd	1	2	True	True	True	True	True
SC003	dbf6f981-15cc-40ad-91ac-a66360405fbd	1	1	True	True	True	True	True
SC003	dc11b1c7-1f00-4813-b4b5-ecf776b2eb37	1	2	True	True	True	True	True
SC003	dc15a8ae-991e-421c-bc70-70e94f79dd17	1	1	True	True	True	True	True
SC003	dc657ca8-98e8-4ec4-a513-1b848be0e85d	1	2	True	True	True	True	True
SC003	dc696e3c-f448-468f-a576-f4429be0338a	1	2	True	True	True	True	True
SC003	dcb68327-1537-4ca6-81de-3910d0663cb8	1	1	True	True	True	True	True
SC003	dcd5860c-7e3a-44f3-a732-fe92fe3fe300	1	1	True	True	True	True	True
SC003	dcd5e079-813a-4c1a-b320-0931468d2bbc	1	2	True	True	True	True	True
SC003	dcfd0b1d-5707-44a6-b225-5e8f7cea5ca1	1	2	True	True	True	True	True
SC003	dd0f8e5a-383d-4f03-bb71-0e115d4e442c	1	1	True	True	True	True	True
SC003	dd3bfb26-b534-4917-9c4d-9fe7b6477762	1	1	True	True	True	True	True
SC003	dd43ffd9-da18-4ad3-abe7-6f443c76a717	1	1	True	True	True	True	True
SC003	dd67408e-46ba-4573-9415-d4814e9f84de	1	2	True	True	True	True	True
SC003	dd6b64a8-d546-4fd1-bbbd-ac9703791cae	1	2	True	True	True	True	True
SC003	dd96a9c7-899c-47cd-a0f9-b149ed07a5d6	1	2	True	True	True	True	True
SC003	ddcbdac6-9e43-4146-a611-d033125eba14	1	2	True	True	True	True	True
SC003	dddd8e2f-e540-418a-b02e-698d18a12c14	1	1	True	True	True	True	True
SC003	de531604-bd1a-49df-96c2-6de3ae703f1d	1	2	True	True	True	True	True
SC003	de646f6a-6d50-4be2-b3cd-f17554b234df	1	2	True	True	True	True	True
SC003	de75d0b9-0f47-4732-8df5-05c350cfcd32	1	2	True	True	True	True	True
SC003	deba32e4-0e68-4711-941b-3b63bd965afb	1	2	True	True	True	True	True
SC003	dfaabd03-2d40-4422-b210-caf112ff4229	1	1	True	True	True	True	True
SC003	dfd0b7ba-c7d3-498e-b455-346301865452	1	2	True	True	True	True	True
SC003	dfe6db17-cf45-488e-bd3c-b8433d7343ca	1	1	True	True	True	True	True
SC003	dfefb76a-ec6b-4cd2-9d45-2e1e4befc7ea	1	2	True	True	True	True	True
SC003	e0375a8b-a135-4103-a59d-39063fcf4a6f	1	1	True	True	True	True	True
SC003	e0929c47-cff3-4518-a188-8764af01073a	1	2	True	True	True	True	True
SC003	e0b1bcd2-1139-44b9-98b3-67bcf92bcc39	1	1	True	True	True	True	True
SC003	e1119732-3e97-4259-bc69-dc4269d9496d	1	2	True	True	True	True	True
SC003	e112b452-8850-4353-bfed-0dbdc243290b	1	1	True	True	True	True	True
SC003	e1786e78-ac46-46fd-8ce0-8f7456e46082	1	2	True	True	True	True	True
SC003	e17c565c-9857-4df3-a352-903b53093c85	1	1	True	True	True	True	True
SC003	e36e985d-2c44-4e14-854a-7dbca4bb0304	1	2	True	True	True	True	True
SC003	e37ae674-a107-4eb3-94d8-b86b0035a9f7	1	2	True	True	True	True	True
SC003	e3935ce4-64d3-4a66-ba11-d308b844b410	1	1	True	True	True	True	True
SC003	e3b555aa-7f0a-49c6-9b13-182c61a144c1	1	2	True	True	True	True	True
SC003	e3c336f5-c32f-4c5d-81fb-e2408ae145b2	1	2	True	True	True	True	True
SC003	e3fcbf94-d3ef-4a37-aa45-5297f96af9eb	1	2	True	True	True	True	True
SC003	e4fc0909-f284-4471-866d-d8967b6adcbc	1	1	True	True	True	True	True
SC003	e5aae05a-478e-4a55-a27c-12b2b4be302a	1	1	True	True	True	True	True
SC003	e663954c-05a8-479a-a623-400c1eb5efc6	1	1	True	True	True	True	True
SC003	e666081b-caaf-4e8b-9446-807be71201a5	1	2	True	True	True	True	True
SC003	e68ebfd4-3688-4caa-9e38-7764f9258c30	1	1	True	True	True	True	True
SC003	e6b79d7a-ed6b-459a-b040-d142616e7ab4	1	1	True	True	True	True	True
SC003	e6f527a2-38eb-457e-bb39-3c5b9c0bcbec	1	1	True	True	True	True	True
SC003	e74aea7c-ca14-49df-b5cf-dacb839ac27a	1	2	True	True	True	True	True
SC003	e7a00d67-2c26-4d1f-bd17-35f659e88bc1	1	2	True	True	True	True	True
SC003	e7bae6e7-f779-449d-92b9-66996041e00d	1	2	True	True	True	True	True
SC003	e7db08a7-b439-4230-8dc4-1b54af4736c4	1	1	True	True	True	True	True
SC003	e8614b7d-132e-4b4e-b1ae-df8bb4f2d4d4	1	1	True	True	True	True	True
SC003	e89a9deb-6321-4e61-b412-b4993d4277dd	1	2	True	True	True	True	True
SC003	e8ea576b-eb16-44f7-b241-daefc1375388	1	2	True	True	True	True	True
SC003	e8f3cc64-5e15-4f4d-b73e-5c9b250a664c	1	2	True	True	True	True	True
SC003	e9002f4e-ba0b-4738-9368-dd9614a5da8a	1	1	True	True	True	True	True
SC003	e98b69bc-766a-485f-b5e8-9166b8d457b3	1	2	True	True	True	True	True
SC003	e9a12df9-024e-4cbc-b6bf-e4e87485fa90	1	2	True	True	True	True	True
SC003	e9f4f373-37a5-48ad-a1a0-b0d47820111a	1	1	True	True	True	True	True
SC003	ea645243-df49-4466-a255-9f3d4321e357	1	1	True	True	True	True	True
SC003	ea8dbc7a-54c6-469c-865e-f49d00b0223d	1	2	True	True	True	True	True
SC003	eadb0562-2165-4adb-ad58-018e73f82780	1	1	True	True	True	True	True
SC003	eadf8482-e60e-4307-adb7-d5c3b9fa6cae	1	1	True	True	True	True	True
SC003	eafa45a4-2fd1-4fa3-860c-9d52ed382b7d	1	2	True	True	True	True	True
SC003	eb2dbb4f-66b6-4525-8323-431970f7a64e	1	1	True	True	True	True	True
SC003	eb93df3d-9e25-4e4c-9a5d-350f296e5acf	1	2	True	True	True	True	True
SC003	ebc460c2-df88-4dc0-a2c0-aca8072b75ad	1	1	True	True	True	True	True
SC003	ebd1512a-4865-4193-97b3-f599d555759a	1	1	True	True	True	True	True
SC003	ec0155ab-1b14-498d-8fa9-9f63e3ccb990	1	1	True	True	True	True	True
SC003	ec461eaf-f5cb-4225-a9a0-59d8e6c17ea6	1	1	True	True	True	True	True
SC003	ec6930e5-2d83-435a-9a57-a2c5c22caf02	1	2	True	True	True	True	True
SC003	ed2617c3-5d3b-4688-9283-0f8a10e0b10d	1	2	True	True	True	True	True
SC003	ed6cef77-1bd9-4e3b-b576-550a91e4253a	1	2	True	True	True	True	True
SC003	eda6d2d5-4199-4f76-a45b-1d0401b4e54c	1	1	True	True	True	True	True
SC003	ee14e049-b891-4dda-a730-8ce99bd93baf	1	1	True	True	True	True	True
SC003	ee554215-bea2-4268-aaf9-784e68cdb969	1	1	True	True	True	True	True
SC003	ee5744c0-a8dc-43f2-abdd-0b5529a3e9fb	1	2	True	True	True	True	True
SC003	eebad74f-5961-4e91-b0eb-157a2f6f952b	1	2	True	True	True	True	True
SC003	ef1b3332-cd7f-41bb-a2d3-2538e7becc5c	1	1	True	True	True	True	True
SC003	ef4cbd38-bc79-4d60-a715-647edd2ebe9e	1	2	True	True	True	True	True
SC003	eff2360e-399a-4167-ab2b-798e27bef739	1	1	True	True	True	True	True
SC003	f02931f8-d72a-481d-b532-8b141dab115f	1	1	True	True	True	True	True
SC003	f04dca9e-409b-4300-b11d-12243e5d361d	1	1	True	True	True	True	True
SC003	f05d314c-5ec5-4e2a-b785-9a702716f111	1	1	True	True	True	True	True
SC003	f062cbd0-2426-40ac-a4be-e74ac61fa2a7	1	1	True	True	True	True	True
SC003	f06f09f3-8133-4a92-ac86-fbe64295e0d8	1	1	True	True	True	True	True
SC003	f0787165-6f58-4d67-b510-928eea2c4882	1	1	True	True	True	True	True
SC003	f0d8a1fe-e313-44f1-99cc-b965cbeeff0e	1	2	True	True	True	True	True
SC003	f0de67ff-8967-4fce-9c12-0e07193285cd	1	2	True	True	True	True	True
SC003	f130f376-5801-40f9-975d-a7e2f7b5670d	1	2	True	True	True	True	True
SC003	f1692f4b-ce1b-4fc5-ac55-1022ecae0d1e	1	2	True	True	True	True	True
SC003	f251cb6c-d18e-4691-9c82-24ed1ac0abf9	1	1	True	True	True	True	True
SC003	f2bbfa9d-9a9d-4f46-9fde-378e4c44e2ad	1	2	True	True	True	True	True
SC003	f2da1d3f-f226-4c99-a97e-9b26f67d7a5d	1	2	True	True	True	True	True
SC003	f2e28af9-c40e-41c4-9e82-205cca38f26a	1	1	True	True	True	True	True
SC003	f30eb65f-fb44-4062-ac39-a38d072f655f	1	1	True	True	True	True	True
SC003	f31c21b6-0f7f-435b-9e24-97c909755c36	1	2	True	True	True	True	True
SC003	f357fe19-5359-4662-8ce9-aa996132283b	1	2	True	True	True	True	True
SC003	f39edd06-1016-4e8e-a42e-12f7e699ddc5	1	2	True	True	True	True	True
SC003	f3a058b9-fb7f-4098-8f0e-83c2acfa1ed5	1	2	True	True	True	True	True
SC003	f3b86c02-09a5-4e97-aa7a-86f13f7cda4b	1	1	True	True	True	True	True
SC003	f3ba71f9-25f3-4784-bf2d-3aa522a0cba8	1	2	True	True	True	True	True
SC003	f3cb557d-23e4-4fd1-81ca-db1a3f56d56e	1	1	True	True	True	True	True
SC003	f43d622f-eed5-4933-adc6-ae9ad1e33028	1	1	True	True	True	True	True
SC003	f45210d3-9e66-4f5e-bef1-5ee5547cc893	1	2	True	True	True	True	True
SC003	f475d460-75cd-4fe9-aa54-c90be12b4ef8	1	2	True	True	True	True	True
SC003	f51af6db-2655-47fb-9ffc-83a503a728ea	1	1	True	True	True	True	True
SC003	f5539207-6534-4edc-a5a5-7666b5d16ba4	1	1	True	True	True	True	True
SC003	f55dd73d-8c36-440b-84e5-9aae53107775	1	2	True	True	True	True	True
SC003	f5d4c2d3-cc69-4b38-8551-0917e3622a68	1	1	True	True	True	True	True
SC003	f63722c1-a0bb-4bf9-8a10-1d76a8e1a0ba	1	1	True	True	True	True	True
SC003	f6e1ec78-5ad9-4879-9b7e-262d17b166ad	1	2	True	True	True	True	True
SC003	f6eebd4b-b63a-4a9c-92d3-0d954a8a6655	1	2	True	True	True	True	True
SC003	f7064d01-29d8-49a2-ad60-1e0c5f148f3e	1	1	True	True	True	True	True
SC003	f72c1d69-da35-459f-8542-59bfd6c09c23	1	2	True	True	True	True	True
SC003	f7ab565c-83b5-4988-b9be-8a46f65dca8c	1	1	True	True	True	True	True
SC003	f801aeed-dc43-49d7-a319-84c8851979d9	1	1	True	True	True	True	True
SC003	f81ac8a2-4ce6-439e-b027-1c0bfc88ceaa	1	1	True	True	True	True	True
SC003	f83b866b-0b2e-4bba-9367-be6dccf56232	1	1	True	True	True	True	True
SC003	f89588e9-ca73-4465-a7fb-7246edb45e3a	1	1	True	True	True	True	True
SC003	f947d67f-4aa2-4eb9-977e-21a5ae563613	1	1	True	True	True	True	True
SC003	f954de05-1b44-4087-8933-6cc72d81028d	1	1	True	True	True	True	True
SC003	f9eb88f7-9293-46bf-ace4-a746e4ff80dc	1	1	True	True	True	True	True
SC003	fa176764-a76f-44c7-b97a-cd6d21e052be	1	1	True	True	True	True	True
SC003	fa4e082a-d213-412e-8d91-842a6f4bef12	1	2	True	True	True	True	True
SC003	fac173a8-1613-4bd4-87ba-83a2cfe8a37d	1	1	True	True	True	True	True
SC003	fb356957-f620-4d99-b675-1355a1d9f932	1	1	True	True	True	True	True
SC003	fb3607eb-858e-4ecd-8477-95140658c6d2	1	1	True	True	True	True	True
SC003	fb57c598-b45b-478a-9d34-ca1f050d5b7c	1	2	True	True	True	True	True
SC003	fbee40f1-d6d8-4156-8d42-36e09bb9f095	1	1	True	True	True	True	True
SC003	fc18d029-9be2-4fa0-9aef-6d647dc55f0b	1	2	True	True	True	True	True
SC003	fcef8cb5-fb2c-4bfb-82cd-6b9f3145182c	1	2	True	True	True	True	True
SC003	fd0b1b8b-1a76-480a-b61c-d176e4e02c6b	1	2	True	True	True	True	True
SC003	fe15c48b-116d-461e-9b40-68514730fd18	1	2	True	True	True	True	True
SC003	fe2cd610-aa52-4789-ac62-7683281bb22f	1	1	True	True	True	True	True
SC003	fe7f74b8-20f4-4471-91dc-4cca8c68e5c0	1	1	True	True	True	True	True
SC003	fec0da58-1047-44d2-b6d1-c18cceed43dc	1	1	True	True	True	True	True
SC003	ff0f875f-113a-4c0f-8c0a-4259cd496e6d	1	1	True	True	True	True	True
SC004	005a6517-2e5a-4ea3-ab36-531522723607	1	1	True	True	True	True	True
SC004	01ea6354-137b-47f3-9021-a01a382b1147	1	2	True	True	True	True	True
SC004	02594e5e-8751-47c1-9245-90c66984b665	1	2	True	True	True	True	True
SC004	02d9aa2e-b16a-48ea-a420-5daed9fd51a6	1	2	True	True	True	True	True
SC004	04ecaf38-0232-4dcd-9242-308a22cc1331	1	2	True	True	True	True	True
SC004	05019013-7ea5-4905-ac79-901146ba2ee2	1	1	True	True	True	True	True
SC004	05263959-c4f5-4540-b6d2-d8c8a128861f	1	2	True	True	True	True	True
SC004	05ba5839-e00a-4a9e-8ba3-ecb490781e62	1	2	True	True	True	True	True
SC004	062982f8-9f49-425a-99e9-008af5ed9040	1	2	True	True	True	True	True
SC004	0724f800-e873-45d0-bc56-809d0ec4f6e9	1	1	True	True	True	True	True
SC004	0740321b-f8a5-4e1d-b390-ca6187598fac	1	1	True	True	True	True	True
SC004	077079c3-6877-467b-b9cc-5c650aae4f07	1	2	True	True	True	True	True
SC004	07fbdb3c-8337-4319-8255-f2363f8a031e	1	1	True	True	True	True	True
SC004	08c64000-d320-4e4d-974b-da503d48890c	1	2	True	True	True	True	True
SC004	09820a33-80b1-42d0-8366-a0ddaf94b122	1	2	True	True	True	True	True
SC004	09c77947-a333-4392-b18d-a6c1f08764a1	1	2	True	True	True	True	True
SC004	0a2d29de-869a-4dc8-ad11-6ee0d0a3a895	1	1	True	True	True	True	True
SC004	0a48873a-092a-4b25-822b-b0b3c18c08a8	1	2	True	True	True	True	True
SC004	0aa020cb-69d2-4235-a609-c279a133d8bb	1	1	True	True	True	True	True
SC004	0b2ea4b7-98bb-4190-b682-2c75b447c90a	1	2	True	True	True	True	True
SC004	0ba7b6cc-e5f5-47d7-859a-24e31aa336ab	1	2	True	True	True	True	True
SC004	0c1a2e7d-e7e4-481e-a012-ef214c444497	1	1	True	True	True	True	True
SC004	0d5e232d-5aa2-4f6f-be58-ffd5f15ee0b8	1	2	True	True	True	True	True
SC004	0de910b1-edaf-47e4-a265-727ee12ac1c3	1	1	True	True	True	True	True
SC004	0e1598d8-cbe5-4113-95f1-4bcda061239b	1	2	True	True	True	True	True
SC004	0e475b3d-be3c-431a-ab12-5a867ea8f6cd	1	1	True	True	True	True	True
SC004	0f530b3e-5b6d-4892-9ebd-9138d76fdca7	1	1	True	True	True	True	True
SC004	12581634-eebb-4841-8498-71dc9d78c546	1	1	True	True	True	True	True
SC004	13319c20-02f6-4b5f-b24f-3d8f4084094c	1	1	True	True	True	True	True
SC004	13f5814c-1f99-4ffa-84a4-3bbd8979faae	1	1	True	True	True	True	True
SC004	14c58def-60ee-48e0-a74b-da4eb77ef344	1	1	True	True	True	True	True
SC004	15170c7f-5880-4fb6-82ce-68d3df0dfb68	1	2	True	True	True	True	True
SC004	15f1a992-0724-4d76-a71a-702ac7753a41	1	1	True	True	True	True	True
SC004	15fc17cd-d073-4f81-a4a2-2db3cb9d7069	1	1	True	True	True	True	True
SC004	16829472-5666-4fba-9bf9-360ec1689aa0	1	1	True	True	True	True	True
SC004	16ced1b8-64d5-4498-82df-4d37bfe5b310	1	2	True	True	True	True	True
SC004	17181157-c9e2-4bd6-8653-f5dce56f9053	1	1	True	True	True	True	True
SC004	171f7917-69eb-4a3f-9cc0-0e1dffd412c1	1	1	True	True	True	True	True
SC004	184aac07-44c1-47f1-8adf-50acbcc1762c	1	2	True	True	True	True	True
SC004	1858b58f-fdf4-413c-9c29-96ae85b88a74	1	1	True	True	True	True	True
SC004	186d40cd-624c-4016-a497-b30c892d393c	1	2	True	True	True	True	True
SC004	18d21132-a795-4551-83ba-66483de423a2	1	1	True	True	True	True	True
SC004	18e0e996-8f23-4f53-94a5-dde38b550863	1	2	True	True	True	True	True
SC004	19427350-619b-4b9c-a3ba-37f667bb2843	1	2	True	True	True	True	True
SC004	195ecf43-06bd-4ffe-8d8b-a766f3f7179b	1	2	True	True	True	True	True
SC004	196f4600-b6c9-4652-9f77-65c92883f8c1	1	2	True	True	True	True	True
SC004	1aea3c25-d2bc-4ff5-bc27-32e939944e9d	1	1	True	True	True	True	True
SC004	1cc02c64-a34e-46ae-9bc7-5d50f2fefb31	1	1	True	True	True	True	True
SC004	1d0225b5-f515-4197-bba7-3dc17e502b88	1	2	True	True	True	True	True
SC004	1d192835-524e-429d-bf74-3c4727acb446	1	1	True	True	True	True	True
SC004	1d9893c8-0de3-4b07-b0ba-a53019b23eb4	1	3	True	True	True	True	True
SC004	1db60f09-7f5a-4f21-8003-06a6abc781db	1	1	True	True	True	True	True
SC004	1e14f098-17b2-4f54-8e4f-e38088008df7	1	2	True	True	True	True	True
SC004	1ede8063-e0e9-466d-891c-ac8916f1b5fa	1	1	True	True	True	True	True
SC004	20336269-5a5b-4ba7-8fe8-665a1f9af738	1	1	True	True	True	True	True
SC004	2038fd65-d8f1-4b16-af90-b1c8f9a379a7	1	2	True	True	True	True	True
SC004	206ce0ed-36a4-47ab-ac8e-f6fca6ac5c18	1	2	True	True	True	True	True
SC004	20c6be4d-7baf-4ea0-93e2-a5212f2e9b9c	1	1	True	True	True	True	True
SC004	20cf00ea-d7da-42bb-bce7-f005f0b952eb	1	2	True	True	True	True	True
SC004	21966708-4e66-4211-add0-f1515b09e362	1	2	True	True	True	True	True
SC004	219f54ef-4235-482d-b799-f2fa9930105c	1	2	True	True	True	True	True
SC004	21f6bf91-dfc6-4a59-8b76-88a0f95c7b47	1	1	True	True	True	True	True
SC004	22178c3c-6b04-46d8-8041-dc83fa195029	1	1	True	True	True	True	True
SC004	23771dab-2aab-4d2b-95e2-9af7092cee6b	1	3	True	True	True	True	True
SC004	23d32627-9fd2-4312-bcda-ee7409e3983f	1	2	True	True	True	True	True
SC004	242943fe-1fa0-4a12-8f7e-9c6c4af1194d	1	1	True	True	True	True	True
SC004	242da7d0-8c6a-4395-9a0d-aa36e7c25ce6	1	1	True	True	True	True	True
SC004	2517ca7a-6057-4c19-b7e1-f6d078e9881a	1	2	True	True	True	True	True
SC004	260723bf-9620-450d-bf31-f3a45543f9db	1	1	True	True	True	True	True
SC004	26558703-a659-43f2-86cb-0695989bc14e	1	1	True	True	True	True	True
SC004	28ed2d42-5b4c-4bca-b2b2-6b2a6d3c42cf	1	2	True	True	True	True	True
SC004	29949b65-2913-4c86-bbd7-b85c5df6f15e	1	2	True	True	True	True	True
SC004	29d26e7e-f4ae-4476-9a3f-27d5ec2ccb8a	1	2	True	True	True	True	True
SC004	29dccd25-4c4a-463b-a353-38a193337f38	1	2	True	True	True	True	True
SC004	2a924999-1fbf-470a-97bd-fd2276a9a366	1	1	True	True	True	True	True
SC004	2b14123b-8fcd-402c-9399-4e7c47f20252	1	1	True	True	True	True	True
SC004	2cb50c2d-e749-4172-b101-d975507435c5	1	2	True	True	True	True	True
SC004	2cb82948-7cbe-4b6c-8414-c02f662de2d0	1	1	True	True	True	True	True
SC004	2dfd8a0e-e642-49b3-abd7-f0334927eebb	1	1	True	True	True	True	True
SC004	2ebb738c-4829-4720-931a-96c0fd117e2a	1	2	True	True	True	True	True
SC004	2ee36d9d-128b-4761-aa1a-a637da106f3d	1	1	True	True	True	True	True
SC004	3018efe7-13a1-47ae-a726-8fc967c73841	1	2	True	True	True	True	True
SC004	32960bc7-839a-42c5-9460-3917fa578ffc	1	1	True	True	True	True	True
SC004	32d4d200-1fdf-44ed-b81f-1954a9c93926	1	1	True	True	True	True	True
SC004	33d36b64-4688-40a7-9a4f-7cd3d4cc683d	1	1	True	True	True	True	True
SC004	33dc48d8-2e01-482b-944c-ac10da727ec9	1	1	True	True	True	True	True
SC004	3445c524-5a37-40b6-8614-956d76eed939	1	1	True	True	True	True	True
SC004	34f285ab-6c31-4865-a0a7-a57af3567df0	1	1	True	True	True	True	True
SC004	34f545ab-d420-4dd2-8db4-3159896efd23	1	1	True	True	True	True	True
SC004	36595b52-2b5f-4e87-80eb-37c29109e92a	1	1	True	True	True	True	True
SC004	374ea8df-ecc4-44b0-b519-33efa5078018	1	1	True	True	True	True	True
SC004	3768d34f-1527-40db-b116-cd80cee5ec3a	1	1	True	True	True	True	True
SC004	378f7ea2-86b4-4072-80b8-e12d67193106	1	1	True	True	True	True	True
SC004	384170fc-e8be-426a-a54e-bf1ca61f2986	1	1	True	True	True	True	True
SC004	390eed6b-50af-48a9-9fd6-3a68a2bbb7f9	1	1	True	True	True	True	True
SC004	3ac45a71-c463-4f0f-b030-58c475a34418	1	2	True	True	True	True	True
SC004	3b81ec7c-0934-4649-9231-9919dd26dd15	1	2	True	True	True	True	True
SC004	3bc8a74f-49bd-46b6-a3a4-68ca838e83c6	1	2	True	True	True	True	True
SC004	3e8a51bf-7e1f-4eab-af83-3c60d04db1bf	1	2	True	True	True	True	True
SC004	3f917550-89a6-404b-94df-938c99121411	1	2	True	True	True	True	True
SC004	3fc8f799-5bd3-4f48-baf0-c458ce86ab7e	1	2	True	True	True	True	True
SC004	41178cbc-db73-4007-b5d8-febebf7f578d	1	1	True	True	True	True	True
SC004	4160e048-f0b0-40f5-805b-e277a5893a3b	1	1	True	True	True	True	True
SC004	4261267c-7042-4c6e-83ed-12fb401003fc	1	2	True	True	True	True	True
SC004	42b3dfa3-152f-4ab7-ac9f-988c7f473bea	1	1	True	True	True	True	True
SC004	42ebd30b-175e-4ece-a806-e55cb7e40e96	1	1	True	True	True	True	True
SC004	446ce2a3-d328-443c-a419-3344baad0e16	1	2	True	True	True	True	True
SC004	44e840c9-ea54-4dba-9b2a-264ef1f2c304	1	1	True	True	True	True	True
SC004	45baebac-32ae-4093-9eba-488b95c1a58d	1	2	True	True	True	True	True
SC004	460616ec-f66f-483b-88c1-757edd86261d	1	2	True	True	True	True	True
SC004	46395c3d-5e51-477f-946e-e58b87cc7baa	1	1	True	True	True	True	True
SC004	47681e4b-01e8-4779-b966-ce57aff4b712	1	2	True	True	True	True	True
SC004	48e66676-dbed-48a4-9a7f-a6d247b15c17	1	2	True	True	True	True	True
SC004	48f831b0-5d91-44ae-bc4e-db57ca84fe46	1	1	True	True	True	True	True
SC004	499a9b57-ee1a-4012-bbab-c6ad955b5e0a	1	2	True	True	True	True	True
SC004	49bfd0fe-48ce-49db-9f76-ce2310410950	1	1	True	True	True	True	True
SC004	49d2c0cf-a3f3-4519-a755-0a5f769df2ea	1	2	True	True	True	True	True
SC004	4a2ca7b8-729d-4fab-a6f3-a5d1e5d1f4f3	1	2	True	True	True	True	True
SC004	4c099644-047c-42a3-8187-bfcbfe6662e4	1	1	True	True	True	True	True
SC004	4c18d9cf-4af4-4a86-8b1c-f78795fbbd7e	1	2	True	True	True	True	True
SC004	4ca9c0e8-75a7-4665-9d88-6dd2bb44b1e1	1	1	True	True	True	True	True
SC004	4d71dd15-cd01-4dae-ad70-6dc325140207	1	1	True	True	True	True	True
SC004	4e6f88de-7624-4719-8234-4c9e5b2e2988	1	1	True	True	True	True	True
SC004	4eac2c98-86d2-4ee6-a1d3-157d013c78dc	1	1	True	True	True	True	True
SC004	502e8d02-2953-4514-a2e1-6179dd94da73	1	2	True	True	True	True	True
SC004	512de609-757b-42be-8b30-c414f71af422	1	1	True	True	True	True	True
SC004	52386f66-2877-4c75-894e-5c1dc03e6ef4	1	2	True	True	True	True	True
SC004	533f5ff9-466c-4cdb-9c46-b841c2626775	1	2	True	True	True	True	True
SC004	5495b18a-10ec-427b-83b8-03ef4b587b13	1	1	True	True	True	True	True
SC004	5503b3a1-7d03-41b2-9ec8-e478c5414d67	1	2	True	True	True	True	True
SC004	55153632-1673-487a-85c0-f156377db1fc	1	2	True	True	True	True	True
SC004	561968ce-da9a-4d69-8bc2-bc87b9550f93	1	1	True	True	True	True	True
SC004	565d06a1-3640-4274-8fb3-8cad7e578876	1	2	True	True	True	True	True
SC004	56a30462-2819-4c18-95be-8e73880a4921	1	2	True	True	True	True	True
SC004	58427bce-6b81-4083-aeda-25f59e292bbc	1	2	True	True	True	True	True
SC004	58f5a54e-de50-4cca-afa1-cc331d8b3479	1	1	True	True	True	True	True
SC004	59b3fbfe-0b7c-41e5-b756-ee7e23730df5	1	2	True	True	True	True	True
SC004	5abb6d80-fc39-49a4-8db5-3db24543feb6	1	2	True	True	True	True	True
SC004	5c127332-5ca0-45f1-a5ac-4876ad94e491	1	2	True	True	True	True	True
SC004	5c159ab5-8475-4d93-89b8-b6befed4a5b3	1	2	True	True	True	True	True
SC004	5c6f3cd4-19c5-418d-b1be-d3fbf63e99db	1	1	True	True	True	True	True
SC004	5ced5b58-fab4-4bcd-b706-d6e49ce0cfc5	1	2	True	True	True	True	True
SC004	5d1a54fe-e0df-4c17-b623-b649a136dc82	1	2	True	True	True	True	True
SC004	5d36676e-4140-44b5-aa0e-b2af092b7dc0	1	1	True	True	True	True	True
SC004	5d603bba-62e6-48fb-b8fc-401109abcaee	1	1	True	True	True	True	True
SC004	5d7027f5-60a0-47ab-a79d-667c9acc0e54	1	1	True	True	True	True	True
SC004	5e18b17d-4626-4b6d-8ac6-e560cee0376c	1	1	True	True	True	True	True
SC004	5f60bc2d-738f-43fc-a3fb-61ec6e80e3d4	1	2	True	True	True	True	True
SC004	602e2934-223a-44db-8c33-06eb05d72f94	1	2	True	True	True	True	True
SC004	60cce7ac-d27d-44a6-9873-ecf91da5e906	1	2	True	True	True	True	True
SC004	611600a6-43ec-4029-9682-cd6d6a3312ec	1	2	True	True	True	True	True
SC004	61feee94-3ac9-42fe-aaa3-dc6a3efe563c	1	1	True	True	True	True	True
SC004	6209e80d-a115-4f8e-bf0d-18461401a1c6	1	1	True	True	True	True	True
SC004	62379be5-13f0-474b-94d3-6f944ec4ee96	1	1	True	True	True	True	True
SC004	6264e699-d40b-4ebc-b443-0a0edcb220dc	1	2	True	True	True	True	True
SC004	635f5335-b008-428e-b005-615776a6643f	1	2	True	True	True	True	True
SC004	63a75e0b-9241-4f0e-9236-01a2e2c05b7e	1	1	True	True	True	True	True
SC004	63c6a89b-b28c-434a-a632-5de6545db731	1	2	True	True	True	True	True
SC004	644a88a7-dc56-468a-af5c-60278aab7642	1	1	True	True	True	True	True
SC004	65435f50-a35d-49e3-a36e-b95d9e274ca0	1	2	True	True	True	True	True
SC004	65ddccd2-70a7-48b3-88e1-9d6fd1dcd11b	1	1	True	True	True	True	True
SC004	662d77d1-1a43-427a-813b-e11edd30868e	1	1	True	True	True	True	True
SC004	66c92b9e-de3c-4d1a-bb69-46ffbc6caf33	1	1	True	True	True	True	True
SC004	66face4a-f35c-4364-90e5-8f28e6372606	1	2	True	True	True	True	True
SC004	6746533a-8d0b-4ebc-87ec-49c8738121a8	1	2	True	True	True	True	True
SC004	67f526f1-def5-43b4-bc89-154baae190fc	1	1	True	True	True	True	True
SC004	6a1be87b-c4e0-4fd4-b050-50a245b22038	1	2	True	True	True	True	True
SC004	6ad8bc89-d8e9-48c2-bc25-c8e51f972b4d	1	1	True	True	True	True	True
SC004	6b06281b-d3a9-440e-a86c-ee7db003352a	1	2	True	True	True	True	True
SC004	6b2a9f9a-fe96-4311-a330-925c4ad36fe7	1	1	True	True	True	True	True
SC004	6cf9f872-2e59-45cf-bb5e-ebd7fa1b3caf	1	1	True	True	True	True	True
SC004	6d10d4ee-6331-4bba-93bc-a7b64cc0b22a	1	1	True	True	True	True	True
SC004	6e84e89d-4f35-43b8-b47d-b1343b8c1ab9	1	2	True	True	True	True	True
SC004	6f25001a-f890-4fd0-a994-e62a9ea5c6f3	1	1	True	True	True	True	True
SC004	6fb71a0c-bc50-48c8-acfa-db94be1e151a	1	1	True	True	True	True	True
SC004	6fee41dc-b8a9-4347-8085-b7e05f813ad0	1	1	True	True	True	True	True
SC004	700e91bb-d675-41b2-bbbd-935767c7b447	1	2	True	True	True	True	True
SC004	708eec28-2348-4e15-b98c-8c6f9d057b1e	1	2	True	True	True	True	True
SC004	70fe08bd-a0b4-4a88-b82e-813b176f8e40	1	1	True	True	True	True	True
SC004	71faa2c1-0d5b-4dcc-bdf9-f2405f29907c	1	2	True	True	True	True	True
SC004	7248cd60-be22-44bc-bc58-f644db0940a2	1	2	True	True	True	True	True
SC004	72c40fba-f502-489b-ad87-843f52655894	1	2	True	True	True	True	True
SC004	7413c891-f74e-456f-bc70-69c83fb53c70	1	2	True	True	True	True	True
SC004	7472b3ba-9b15-4d97-8708-a2dd82ca0f45	1	1	True	True	True	True	True
SC004	74dcdfb4-a637-4111-9a22-4b4bc7bbc8f7	1	2	True	True	True	True	True
SC004	756f6768-e69a-4fe9-aa41-7c58aabe4577	1	2	True	True	True	True	True
SC004	758e6b52-062e-4ca0-84d1-ea38477414ac	1	2	True	True	True	True	True
SC004	7592a659-7175-486f-a16e-24a4b4365a36	1	2	True	True	True	True	True
SC004	75f2d97a-b96c-403f-8055-5c5c8083e856	1	1	True	True	True	True	True
SC004	774ce281-96b2-467a-9170-079797ee10f7	1	1	True	True	True	True	True
SC004	778ce436-a825-4689-81c1-b7c965404163	1	3	True	True	True	True	True
SC004	78777a80-cc6c-46c9-a14a-837ac7943719	1	1	True	True	True	True	True
SC004	79e6e31c-22a1-481c-903b-ab5499cbd450	1	2	True	True	True	True	True
SC004	7a08efd0-f984-430e-a8eb-1881047214b6	1	2	True	True	True	True	True
SC004	7ab3765f-910a-41c9-86cc-08534d2a4e4b	1	1	True	True	True	True	True
SC004	7c466a5f-a6b4-4d1a-a0f5-ddcd7ef90ff1	1	2	True	True	True	True	True
SC004	7d03ddb6-f3fe-4b50-8bba-514aa65e7d0e	1	1	True	True	True	True	True
SC004	7d1e9451-7a6a-4086-af7f-3ed57505daf0	1	1	True	True	True	True	True
SC004	7e34d3c1-1fab-4326-9a69-4260d2bac558	1	2	True	True	True	True	True
SC004	7e4e7914-ec23-4c55-98d6-3c5eecffa8e4	1	2	True	True	True	True	True
SC004	7ebc776e-bde1-4563-adb1-8bd441872733	1	1	True	True	True	True	True
SC004	808eb134-9c7d-43bb-b86c-2f3259193954	1	1	True	True	True	True	True
SC004	80f85c54-e12f-4afa-8fa5-5f3e083b6f95	1	1	True	True	True	True	True
SC004	81005bae-686a-4598-8994-49d90ebac56f	1	2	True	True	True	True	True
SC004	818dc159-aba4-46bc-a4ed-68ee0f8c4461	1	2	True	True	True	True	True
SC004	82093ed9-a3c8-4e34-931f-4ec7ae745711	1	1	True	True	True	True	True
SC004	838693d5-1ae0-4d75-834b-e1b89b96b0ed	1	2	True	True	True	True	True
SC004	8449955f-42d9-46f6-919a-5cc5d59e6284	1	2	True	True	True	True	True
SC004	85a85a11-7200-4e96-97af-6ba26d680d59	1	1	True	True	True	True	True
SC004	85bb4987-51e7-40fe-ad59-2aa56754eca9	1	2	True	True	True	True	True
SC004	8628f1b2-3763-4ba9-a375-083874bb18f2	1	2	True	True	True	True	True
SC004	8652ddee-98f4-4584-b450-e6f2f5c9d7ec	1	1	True	True	True	True	True
SC004	867f9563-16c9-45a8-b519-6df61ba1b6b7	1	1	True	True	True	True	True
SC004	86b513ba-df09-485d-92d4-fb9e888f7350	1	2	True	True	True	True	True
SC004	872d2922-7292-4681-adb7-d3b267eccbe7	1	2	True	True	True	True	True
SC004	88180134-710f-46ea-9b06-5e5d860d6d9f	1	2	True	True	True	True	True
SC004	88d61634-913c-435a-8d25-e019c8dab7da	1	1	True	True	True	True	True
SC004	8a98a6e6-b763-4824-858b-fd2738e6c9a3	1	1	True	True	True	True	True
SC004	8cad4217-5699-4735-9be3-fc0015a8d262	1	1	True	True	True	True	True
SC004	8e107f4b-1912-4d3e-814a-b863e2d65ed7	1	2	True	True	True	True	True
SC004	8e1b8811-1eb2-4337-852c-c19eaa0ee418	1	2	True	True	True	True	True
SC004	8fac8e40-beac-4059-9d54-7ee530598cfd	1	1	True	True	True	True	True
SC004	8fe44099-b313-4bfd-a94a-27e72f2a818c	1	1	True	True	True	True	True
SC004	914d8613-3c25-4a10-be50-28b42f4d3a5d	1	2	True	True	True	True	True
SC004	914f84bf-578b-4f4d-93cb-378228ea58f6	1	1	True	True	True	True	True
SC004	91de8a74-a1e6-46b6-a06e-70aedf2c3eaf	1	2	True	True	True	True	True
SC004	93095c36-2263-438f-a619-a4a4d6ae13c7	1	1	True	True	True	True	True
SC004	931738a7-4b5b-46dc-b69f-72600862d8af	1	1	True	True	True	True	True
SC004	933dbfbd-4697-403e-bd73-c17cb300c94b	1	1	True	True	True	True	True
SC004	94030805-8beb-441a-af73-11a80768edb5	1	2	True	True	True	True	True
SC004	9446e349-71e6-455a-aa8f-53ec96597146	1	1	True	True	True	True	True
SC004	94769f2c-b6fd-48ec-af34-b41165340b7c	1	2	True	True	True	True	True
SC004	94bd4c68-4bfc-4db3-9365-97c867747133	1	1	True	True	True	True	True
SC004	94efd4f9-69b0-4efa-8a0c-61106e898fdd	1	1	True	True	True	True	True
SC004	955c80be-53df-4565-9303-a7abf96a2f81	1	2	True	True	True	True	True
SC004	95e58015-a7c0-4bdc-bf64-7617d24d0784	1	2	True	True	True	True	True
SC004	97ad0360-3be4-401a-a94c-7f2800a1b519	1	2	True	True	True	True	True
SC004	99a61986-7b23-46b5-99a4-efba6bad3766	1	1	True	True	True	True	True
SC004	9a30dee8-962a-49db-a85a-c39515c91b68	1	1	True	True	True	True	True
SC004	9af2248a-d86a-4277-93b4-8eba5a39bd3c	1	2	True	True	True	True	True
SC004	9bbc01b4-056c-4ddc-aca4-ff20718646d0	1	2	True	True	True	True	True
SC004	9bf16a89-2fc7-4c08-93bc-3105eec5c3cc	1	1	True	True	True	True	True
SC004	9c744ff8-1cde-4176-b6d7-0ab62bf42620	1	2	True	True	True	True	True
SC004	9e7d3dea-5d81-4f10-819c-1c2a68ddd150	1	2	True	True	True	True	True
SC004	9ec86cbd-8c74-4697-90da-529ab91ab835	1	1	True	True	True	True	True
SC004	9fb1ba57-2007-4477-b000-2d36f163efd2	1	1	True	True	True	True	True
SC004	a09f0626-002a-48fd-8b2d-c66b8285cf23	1	2	True	True	True	True	True
SC004	a36a4440-15ef-4837-904b-380a964d16f1	1	1	True	True	True	True	True
SC004	a3898640-0d85-441d-a000-b5b8ff857399	1	2	True	True	True	True	True
SC004	a5030259-cf9c-4a58-8710-b9da8ee59320	1	1	True	True	True	True	True
SC004	a6aad7f9-8444-4c2f-8e4b-b19fd453544f	1	2	True	True	True	True	True
SC004	a6eb0cd0-fe57-41b0-8593-776208684293	1	2	True	True	True	True	True
SC004	a782352e-c4bb-4c3e-ba82-456a47c3689a	1	2	True	True	True	True	True
SC004	a85f6f9c-1e1d-44fc-85eb-3b2d96cfbc61	1	1	True	True	True	True	True
SC004	a8c4a333-6b67-44c8-9000-516f8ccea788	1	1	True	True	True	True	True
SC004	a9abe7a7-4126-414b-87d2-a6d25abcf1fa	1	1	True	True	True	True	True
SC004	a9d3a7b0-faf8-4e56-8600-d9e6882a4f23	1	1	True	True	True	True	True
SC004	ac2e88ff-8b1e-4691-9a96-5a581f98d827	1	2	True	True	True	True	True
SC004	ad2939e6-b8b8-475a-90e2-6a369c3d3167	1	2	True	True	True	True	True
SC004	ad2b1a0a-153f-483d-b228-5763eba3f6cc	1	2	True	True	True	True	True
SC004	ae914f23-87b9-4169-a7f7-a3483078c902	1	1	True	True	True	True	True
SC004	afd92922-b8dc-48bd-a9c0-bc8d95855eb7	1	1	True	True	True	True	True
SC004	b0839f46-8c82-4619-be3d-c857a1759463	1	2	True	True	True	True	True
SC004	b120b701-c194-43d7-a491-3206fac38ec1	1	1	True	True	True	True	True
SC004	b1c90c69-6149-4105-8182-ab9212f196be	1	1	True	True	True	True	True
SC004	b1e11e94-646b-4c44-9d33-1ca67d8356fb	1	1	True	True	True	True	True
SC004	b25570ed-baca-4e3f-87c6-2ef18119ba49	1	1	True	True	True	True	True
SC004	b31d85cc-d2e2-4bd1-9986-d6bbe30e657f	1	2	True	True	True	True	True
SC004	b3511675-fd68-4745-8020-e290ca0fd115	1	2	True	True	True	True	True
SC004	b4225c44-b9b6-46c5-aabf-7b0d9a9fe20b	1	2	True	True	True	True	True
SC004	b45c543a-40d9-423a-a7fa-98e4b325b487	1	1	True	True	True	True	True
SC004	b46263ab-c3ca-4fda-a895-74c7e6e6fe22	1	2	True	True	True	True	True
SC004	b520aae5-65a6-4b27-bc2a-10b02c7b1aeb	1	1	True	True	True	True	True
SC004	b6b607cd-67b8-4c04-a212-a4e8c0743f05	1	1	True	True	True	True	True
SC004	b7715ff6-57a6-4513-9447-aa8bc93f16d4	1	1	True	True	True	True	True
SC004	b783f33b-734a-4801-bf39-b559a2035c6f	1	1	True	True	True	True	True
SC004	b8023162-5e82-40e6-ad8c-8acf81821f01	1	2	True	True	True	True	True
SC004	b867e933-e3e3-4491-9bb6-b18c48d6f173	1	2	True	True	True	True	True
SC004	b8c3d99c-429b-42a3-b486-6fbcb90cc2e0	1	2	True	True	True	True	True
SC004	b923ac70-70ea-4a82-8466-46350c5803bf	1	1	True	True	True	True	True
SC004	b9418c6d-94f7-4db4-a1e4-f384b09d54cb	1	1	True	True	True	True	True
SC004	ba68f2cf-9271-41fd-9655-1fac7681f588	1	1	True	True	True	True	True
SC004	bbad2efe-e9c7-4f8f-924b-ebbbe4c181d4	1	1	True	True	True	True	True
SC004	bc2591b0-65d7-48c3-a5cc-783f67b65869	1	2	True	True	True	True	True
SC004	bc3e0b74-ea09-46a5-9f61-16bd15ffd883	1	2	True	True	True	True	True
SC004	bc4bc342-20bf-40c3-af26-2c6f942da93d	1	1	True	True	True	True	True
SC004	bc84c5c5-1785-4edd-b732-8987f862063e	1	1	True	True	True	True	True
SC004	bcb87812-94e3-4dc0-867e-d049b44a2690	1	1	True	True	True	True	True
SC004	bdd792e7-d75f-4aa3-b38e-f0708e112075	1	1	True	True	True	True	True
SC004	c0c3caab-9277-4a31-a96c-c607e38d5ccc	1	2	True	True	True	True	True
SC004	c183d3fb-2eee-44f8-890e-b9bf907141e6	1	1	True	True	True	True	True
SC004	c3e443b9-5dc5-4793-91e3-534f21485268	1	1	True	True	True	True	True
SC004	c3f9ee36-d34f-472b-ac7f-801a0d400aa4	1	1	True	True	True	True	True
SC004	c435627c-159d-4a6d-a819-30abac24bf4d	1	2	True	True	True	True	True
SC004	c5355491-e1e8-46a4-a05e-bafcaf2e7459	1	1	True	True	True	True	True
SC004	c7cf6755-8856-435b-a443-174b22a25b07	1	2	True	True	True	True	True
SC004	c8acee1b-6854-409b-86ab-bf69dbe22ab6	1	1	True	True	True	True	True
SC004	c9226204-cb61-40b8-8a94-a7e71c14ea3a	1	2	True	True	True	True	True
SC004	c9e28934-8379-4511-817c-d787f2c4ca3a	1	1	True	True	True	True	True
SC004	c9e58844-9d61-44a2-aee6-1760bc19711b	1	2	True	True	True	True	True
SC004	cbc5b936-ead5-4858-ab90-e639402789b0	1	2	True	True	True	True	True
SC004	cbc7f427-5f7b-4267-ad56-055d8880a4cc	1	1	True	True	True	True	True
SC004	cbcf6922-a3c0-43a1-826e-642918b0a635	1	2	True	True	True	True	True
SC004	cd6e5d3d-1c86-40dd-9cb3-b2e2075dec56	1	2	True	True	True	True	True
SC004	cddce77f-21e6-4124-9f03-96fb5ca7cefa	1	2	True	True	True	True	True
SC004	ce871097-a6e9-4139-897e-642ee24ee123	1	1	True	True	True	True	True
SC004	ceb19678-b453-4529-b6cb-d02f9cb101b4	1	1	True	True	True	True	True
SC004	cf1e86ec-4bcb-403c-831b-d67bddef14eb	1	2	True	True	True	True	True
SC004	d0673efd-3315-4dd5-8ab6-912bfa07dceb	1	2	True	True	True	True	True
SC004	d1976840-35f7-4423-8458-12fb32a52b33	1	2	True	True	True	True	True
SC004	d3dd5e69-9752-4b50-9b1f-814afbc2c3dd	1	2	True	True	True	True	True
SC004	d73a0a33-e4e8-44bd-9580-2038ab06583a	1	1	True	True	True	True	True
SC004	d77ef9cf-f8e6-4ee9-8d4f-1106885f6b06	1	2	True	True	True	True	True
SC004	d7925dfc-18ce-46ab-a47b-9d06eacc96d0	1	2	True	True	True	True	True
SC004	d7b3156d-672a-4a55-868d-9ca6a09fcb0f	1	1	True	True	True	True	True
SC004	d8d13aa4-45d5-4e1a-a6cf-895bdf05e7b2	1	2	True	True	True	True	True
SC004	da274941-3edd-420b-9262-bbd959923c67	1	2	True	True	True	True	True
SC004	dac96910-0cb2-44ea-b108-2d6d51b07112	1	1	True	True	True	True	True
SC004	dc5a6ce7-01e5-408d-812e-e3e0ddc1cde5	1	2	True	True	True	True	True
SC004	dce71741-ccbe-40b7-a0b8-2048d07187a4	1	1	True	True	True	True	True
SC004	e07a61e2-bcd2-4a96-80df-97e04aafbd32	1	2	True	True	True	True	True
SC004	e1158102-06f2-47bb-9fe0-49b57f070755	1	1	True	True	True	True	True
SC004	e294b940-2828-499c-be24-47ef6c2e9035	1	2	True	True	True	True	True
SC004	e35b2813-427e-4e83-95f6-4f0281f42a59	1	1	True	True	True	True	True
SC004	e5a329ec-e50e-4786-901d-b58474f8ea65	1	2	True	True	True	True	True
SC004	e641aed9-1dd8-4c30-b231-f12b20a76df0	1	1	True	True	True	True	True
SC004	e732f81c-9b7d-44bd-a905-ff53fbed5009	1	2	True	True	True	True	True
SC004	e9483296-cb91-497a-b955-39a3c3289dac	1	1	True	True	True	True	True
SC004	e978a457-92ff-4eab-b759-ec6e74d973e8	1	2	True	True	True	True	True
SC004	ea605be2-6578-4e01-8ec3-bbd84c0b7f1d	1	2	True	True	True	True	True
SC004	ea6405c4-0fe4-4f37-bef2-275072f91e39	1	2	True	True	True	True	True
SC004	ebe677e6-94b6-45be-a58d-eaae4cf63d12	1	2	True	True	True	True	True
SC004	ee0a4a13-613e-4c5d-96c3-8083a013702d	1	1	True	True	True	True	True
SC004	eeb9d147-608d-4692-8adf-2f601d23a8ff	1	1	True	True	True	True	True
SC004	ef57bc45-858f-4d4e-8407-b7eadfa43be5	1	1	True	True	True	True	True
SC004	ef5e85cf-2d82-4d52-a02c-fed5c76e4cec	1	2	True	True	True	True	True
SC004	ef653772-e5d2-46ec-8610-f81d75d7353c	1	2	True	True	True	True	True
SC004	f007fa7a-7da9-4cb0-8aea-623af1a122c5	1	1	True	True	True	True	True
SC004	f0c353fd-947c-41e2-b643-3ecc0d69796c	1	1	True	True	True	True	True
SC004	f1cb3d48-1415-408d-89d1-dfdcc5924963	1	1	True	True	True	True	True
SC004	f2dcf4cc-609d-4532-a90d-6ae2bbb53365	1	2	True	True	True	True	True
SC004	f2ec64f5-a414-4c34-99c7-d59bc4e831e0	1	2	True	True	True	True	True
SC004	f34aa3b6-e966-49c6-bc55-130545772c53	1	1	True	True	True	True	True
SC004	f3618472-32dc-4c90-a407-90050f68be85	1	1	True	True	True	True	True
SC004	f3af727e-b592-4828-94f5-22008666cf8c	1	1	True	True	True	True	True
SC004	f4d95c8e-fb84-46ca-acc0-827015cc9d0a	1	2	True	True	True	True	True
SC004	f5033d52-ec36-4e67-88d8-b6d898b81b2f	1	1	True	True	True	True	True
SC004	f50ee039-1da9-43d9-ac01-657ec77a7f32	1	2	True	True	True	True	True
SC004	f58e49fc-9641-4b46-be4c-766445ec70a3	1	2	True	True	True	True	True
SC004	f64ebc7f-0e5a-42b4-af57-6cdb90d24f90	1	2	True	True	True	True	True
SC004	f65f2e78-c001-4ef3-ae88-3e4f83c7aceb	1	2	True	True	True	True	True
SC004	f6ebf3a7-31c6-4f4c-9a0b-74cf35bfedf6	1	2	True	True	True	True	True
SC004	f7752d6e-f9cd-4dc9-ab01-3ab87acb21e4	1	2	True	True	True	True	True
SC004	f8a5547f-f1bc-4c01-8b68-25b5ee0caeab	1	1	True	True	True	True	True
SC004	f8e9d538-7291-4fe7-b3f2-d01676a027f9	1	2	True	True	True	True	True
SC004	f9793a4b-c0e7-4475-bf80-69543b7ee2f6	1	2	True	True	True	True	True
SC004	f9c835db-2ab6-4bf5-826f-48723493c0ec	1	2	True	True	True	True	True
SC004	f9f44f86-10c7-4473-b156-5afbfa9a2ad0	1	2	True	True	True	True	True
SC004	fbb45305-de8d-4baf-8bd0-047b29c2e9d9	1	1	True	True	True	True	True
SC004	fd4740db-76a8-4362-be71-7b609479bb67	1	1	True	True	True	True	True
SC004	fe0e3851-d8cb-4533-9536-b4826cd25f87	1	2	True	True	True	True	True
SC004	fe402983-70da-44db-b7b1-c32702ddde26	1	1	True	True	True	True	True
SC004	feda41d8-ca56-425d-b149-4d5485328107	1	2	True	True	True	True	True
SC004	fef1696c-a8f4-4db6-8615-e486522baaaa	1	1	True	True	True	True	True
SC004	ff844242-7559-4b07-b09e-69ea40e5ac6b	1	1	True	True	True	True	True
