dataset_id	accession	cell_id	organism	individual	organism_part	sampling_site	disease	histology	metadata_alignment_status	n_genes_detected	mitochondrial_fraction	exclusion_reason
SC001	E-MTAB-6653	ERR2744030-CTCGAGGAGGGTGT	Homo sapiens	6	lung	normal tissue adjacent to tumour	lung carcinoma		EXPRESSION_AND_DESIGN_MATCH	1793	0.1392874046862	HIGH_MITO
SC001	E-MTAB-6653	ERR2744031-ACTATCTGTGCCTG	Homo sapiens	6	lung	tumour edge	lung carcinoma		EXPRESSION_AND_DESIGN_MATCH	758	0.3164353306955204	HIGH_MITO
SC001	E-MTAB-6653	ERR2744031-AGTAGTCAGTGGTC	Homo sapiens	6	lung	tumour edge	lung carcinoma		EXPRESSION_AND_DESIGN_MATCH	1460	0.1873918413817903	HIGH_MITO
SC001	E-MTAB-6653	ERR2744031-CAGGTGCCAGACAA	Homo sapiens	6	lung	tumour edge	lung carcinoma		EXPRESSION_AND_DESIGN_MATCH	1271	0.1988441020122464	HIGH_MITO
SC001	E-MTAB-6653	ERR2744031-CATATTCCATGCTA	Homo sapiens	6	lung	tumour edge	lung carcinoma		EXPRESSION_AND_DESIGN_MATCH	769	0.10941223517694307	HIGH_MITO
SC001	E-MTAB-6653	ERR2744031-CCCTCCTAGACCTT	Homo sapiens	6	lung	tumour edge	lung carcinoma		EXPRESSION_AND_DESIGN_MATCH	786	0.13252422060923852	HIGH_MITO
SC001	E-MTAB-6653	ERR2744031-CCCTCCTTCTTGTC	Homo sapiens	6	lung	tumour edge	lung carcinoma		EXPRESSION_AND_DESIGN_MATCH	782	0.11098016185033771	HIGH_MITO
SC001	E-MTAB-6653	ERR2744031-CGCGGTAAGGAATG	Homo sapiens	6	lung	tumour edge	lung carcinoma		EXPRESSION_AND_DESIGN_MATCH	470	0.12058542071861288	HIGH_MITO
SC001	E-MTAB-6653	ERR2744031-CGTAGCGCACCCTA	Homo sapiens	6	lung	tumour edge	lung carcinoma		EXPRESSION_AND_DESIGN_MATCH	1005	0.10218658710801226	HIGH_MITO
SC001	E-MTAB-6653	ERR2744031-CTACATTTCATGTC	Homo sapiens	6	lung	tumour edge	lung carcinoma		EXPRESSION_AND_DESIGN_MATCH	622	0.11046718832559575	HIGH_MITO
SC001	E-MTAB-6653	ERR2744031-CTAGAGTTCTTTAC	Homo sapiens	6	lung	tumour edge	lung carcinoma		EXPRESSION_AND_DESIGN_MATCH	1112	0.16052383333848927	HIGH_MITO
SC001	E-MTAB-6653	ERR2744031-CTCTGGTAGGTTCC	Homo sapiens	6	lung	tumour edge	lung carcinoma		EXPRESSION_AND_DESIGN_MATCH	535	0.13095595660703388	HIGH_MITO
SC001	E-MTAB-6653	ERR2744031-CTTAGGATCGAGAG	Homo sapiens	6	lung	tumour edge	lung carcinoma		EXPRESSION_AND_DESIGN_MATCH	493	0.11643664034006208	HIGH_MITO
SC001	E-MTAB-6653	ERR2744031-GAGTCCGGTCATAT	Homo sapiens	6	lung	tumour edge	lung carcinoma		EXPRESSION_AND_DESIGN_MATCH	2240	0.11609445573335468	HIGH_MITO
SC001	E-MTAB-6653	ERR2744031-GCACATATCTCTGA	Homo sapiens	6	lung	tumour edge	lung carcinoma		EXPRESSION_AND_DESIGN_MATCH	741	0.18127272833815278	HIGH_MITO
SC001	E-MTAB-6653	ERR2744031-GGCTGGTAGGCCAT	Homo sapiens	6	lung	tumour edge	lung carcinoma		EXPRESSION_AND_DESIGN_MATCH	478	0.27504638161036093	HIGH_MITO
SC001	E-MTAB-6653	ERR2744032-AAAGCAATCCGGCA	Homo sapiens	6	lung	tumour middle (in between core and edge sample)	lung carcinoma		EXPRESSION_AND_DESIGN_MATCH	269	0.0003543271275957867	LOW_GENES
SC001	E-MTAB-6653	ERR2744032-CATATTCTCGGAGC	Homo sapiens	6	lung	tumour middle (in between core and edge sample)	lung carcinoma		EXPRESSION_AND_DESIGN_MATCH	365	0.15237273598558576	HIGH_MITO
SC001	E-MTAB-6653	ERR2744032-CGTCAGGGTGTTCG	Homo sapiens	6	lung	tumour middle (in between core and edge sample)	lung carcinoma		EXPRESSION_AND_DESIGN_MATCH	296	0.0	LOW_GENES
SC001	E-MTAB-6653	ERR2744033-AATGAAAGTAGTGA	Homo sapiens	6	lung	tumour core	lung carcinoma		EXPRESSION_AND_DESIGN_MATCH	137	0.0	LOW_GENES
SC001	E-MTAB-6653	ERR2744033-AGCTTGAAGACCTA	Homo sapiens	6	lung	tumour core	lung carcinoma		EXPRESSION_AND_DESIGN_MATCH	324	0.345297026639357	HIGH_MITO
SC001	E-MTAB-6653	ERR2744033-CACAAACAGTAGGT	Homo sapiens	6	lung	tumour core	lung carcinoma		EXPRESSION_AND_DESIGN_MATCH	240	0.0005246589775750261	LOW_GENES
SC001	E-MTAB-6653	ERR2744033-CGACCTTCATGGTC	Homo sapiens	6	lung	tumour core	lung carcinoma		EXPRESSION_AND_DESIGN_MATCH	229	0.0	LOW_GENES
SC001	E-MTAB-6653	ERR2744033-GATCGTACATGCAT	Homo sapiens	6	lung	tumour core	lung carcinoma		EXPRESSION_AND_DESIGN_MATCH	287	0.0006468305030530401	LOW_GENES
SC001	E-MTAB-6653	ERR2744033-GTGAAGGCAGTGAC	Homo sapiens	6	lung	tumour core	lung carcinoma		EXPRESSION_AND_DESIGN_MATCH	260	0.0014059304690565103	LOW_GENES
SC001	E-MTAB-6653	ERR2744033-TACTTGTCATTTGC	Homo sapiens	6	lung	tumour core	lung carcinoma		EXPRESSION_AND_DESIGN_MATCH	264	0.0006864988548564346	LOW_GENES
SC001	E-MTAB-6653	ERR2744033-TTAGGCACAAGAAG	Homo sapiens	6	lung	tumour core	lung carcinoma		EXPRESSION_AND_DESIGN_MATCH	482	0.10322047944827342	HIGH_MITO
SC001	E-MTAB-6653	ERR2744033-TTATGCTCACATCT	Homo sapiens	6	lung	tumour core	lung carcinoma		EXPRESSION_AND_DESIGN_MATCH	246	0.0	LOW_GENES
SC001	E-MTAB-6653	ERR2744033-TTGACTTCAGTTAA	Homo sapiens	6	lung	tumour core	lung carcinoma		EXPRESSION_AND_DESIGN_MATCH	251	0.001314845815326827	LOW_GENES
SC001	E-MTAB-6653	ERR2744034-ACACCCTAGGTAGC	Homo sapiens	7	lung	tumour core	lung carcinoma		EXPRESSION_AND_DESIGN_MATCH	268	0.0018867924521541487	LOW_GENES
SC001	E-MTAB-6653	ERR2744034-CGGCTAGAGTTTGC	Homo sapiens	7	lung	tumour core	lung carcinoma		EXPRESSION_AND_DESIGN_MATCH	339	0.49179126153721625	HIGH_MITO
SC001	E-MTAB-6653	ERR2744034-CTCACACGTCGCGA	Homo sapiens	7	lung	tumour core	lung carcinoma		EXPRESSION_AND_DESIGN_MATCH	289	0.0009442870870066071	LOW_GENES
SC001	E-MTAB-6653	ERR2744034-GACAGAGTCCAAAC	Homo sapiens	7	lung	tumour core	lung carcinoma		EXPRESSION_AND_DESIGN_MATCH	273	0.0011481056127899004	LOW_GENES
SC001	E-MTAB-6653	ERR2744034-GTGTTAGCAGTCGT	Homo sapiens	7	lung	tumour core	lung carcinoma		EXPRESSION_AND_DESIGN_MATCH	1381	0.18963671307954957	HIGH_MITO
SC001	E-MTAB-6653	ERR2744035-AAACGGGAGTACGC	Homo sapiens	7	lung	tumour middle (in between core and edge sample)	lung carcinoma		EXPRESSION_AND_DESIGN_MATCH	298	0.012137203418156063	LOW_GENES
SC001	E-MTAB-6653	ERR2744035-AAGTCCTGTAGGAG	Homo sapiens	7	lung	tumour middle (in between core and edge sample)	lung carcinoma		EXPRESSION_AND_DESIGN_MATCH	192	0.0	LOW_GENES
SC001	E-MTAB-6653	ERR2744035-AAGTGGTGTGGTAA	Homo sapiens	7	lung	tumour middle (in between core and edge sample)	lung carcinoma		EXPRESSION_AND_DESIGN_MATCH	198	0.0015140046015745699	LOW_GENES
SC001	E-MTAB-6653	ERR2744035-ACACCTATCAGATA	Homo sapiens	7	lung	tumour middle (in between core and edge sample)	lung carcinoma		EXPRESSION_AND_DESIGN_MATCH	212	0.0	LOW_GENES
SC001	E-MTAB-6653	ERR2744035-ACATCAGGTCTAAA	Homo sapiens	7	lung	tumour middle (in between core and edge sample)	lung carcinoma		EXPRESSION_AND_DESIGN_MATCH	261	0.006355746402947765	LOW_GENES
SC001	E-MTAB-6653	ERR2744035-ACGGGACCAGGCGA	Homo sapiens	7	lung	tumour middle (in between core and edge sample)	lung carcinoma		EXPRESSION_AND_DESIGN_MATCH	180	0.0	LOW_GENES
SC001	E-MTAB-6653	ERR2744035-ACTTTCTTCTAACT	Homo sapiens	7	lung	tumour middle (in between core and edge sample)	lung carcinoma		EXPRESSION_AND_DESIGN_MATCH	187	0.002642009102744964	LOW_GENES
SC001	E-MTAB-6653	ERR2744035-AGCGTATAGGTGTG	Homo sapiens	7	lung	tumour middle (in between core and edge sample)	lung carcinoma		EXPRESSION_AND_DESIGN_MATCH	269	0.0035877366750554497	LOW_GENES
SC001	E-MTAB-6653	ERR2744035-AGCTGGTTCACTTC	Homo sapiens	7	lung	tumour middle (in between core and edge sample)	lung carcinoma		EXPRESSION_AND_DESIGN_MATCH	204	0.0007722007481355967	LOW_GENES
SC001	E-MTAB-6653	ERR2744035-AGGACGCCAAGCGT	Homo sapiens	7	lung	tumour middle (in between core and edge sample)	lung carcinoma		EXPRESSION_AND_DESIGN_MATCH	232	0.0008488963823089994	LOW_GENES
SC001	E-MTAB-6653	ERR2744035-AGGCTAGGTGATAA	Homo sapiens	7	lung	tumour middle (in between core and edge sample)	lung carcinoma		EXPRESSION_AND_DESIGN_MATCH	228	0.0	LOW_GENES
SC001	E-MTAB-6653	ERR2744035-AGTTGGTCAGACAC	Homo sapiens	7	lung	tumour middle (in between core and edge sample)	lung carcinoma		EXPRESSION_AND_DESIGN_MATCH	289	0.018820576975191572	LOW_GENES
SC001	E-MTAB-6653	ERR2744035-ATCACGATCGCAAA	Homo sapiens	7	lung	tumour middle (in between core and edge sample)	lung carcinoma		EXPRESSION_AND_DESIGN_MATCH	209	0.0	LOW_GENES
SC001	E-MTAB-6653	ERR2744035-ATGACTTGTGTAAT	Homo sapiens	7	lung	tumour middle (in between core and edge sample)	lung carcinoma		EXPRESSION_AND_DESIGN_MATCH	144	0.0005341880373183764	LOW_GENES
SC001	E-MTAB-6653	ERR2744035-ATGAGGGAGACTAC	Homo sapiens	7	lung	tumour middle (in between core and edge sample)	lung carcinoma		EXPRESSION_AND_DESIGN_MATCH	157	0.0016326530410220425	LOW_GENES
SC001	E-MTAB-6653	ERR2744035-ATTGGTGCAGATCT	Homo sapiens	7	lung	tumour middle (in between core and edge sample)	lung carcinoma		EXPRESSION_AND_DESIGN_MATCH	287	0.0014778325052030384	LOW_GENES
SC001	E-MTAB-6653	ERR2744035-CACATTTCAACGCA	Homo sapiens	7	lung	tumour middle (in between core and edge sample)	lung carcinoma		EXPRESSION_AND_DESIGN_MATCH	225	0.0008576329300300184	LOW_GENES
SC001	E-MTAB-6653	ERR2744035-CACCAGGAGTGTAC	Homo sapiens	7	lung	tumour middle (in between core and edge sample)	lung carcinoma		EXPRESSION_AND_DESIGN_MATCH	295	0.004419889449480724	LOW_GENES
SC001	E-MTAB-6653	ERR2744035-CCAGCGATCAATCA	Homo sapiens	7	lung	tumour middle (in between core and edge sample)	lung carcinoma		EXPRESSION_AND_DESIGN_MATCH	293	0.004651162802186046	LOW_GENES
SC001	E-MTAB-6653	ERR2744035-CCCAATCGTATCAC	Homo sapiens	7	lung	tumour middle (in between core and edge sample)	lung carcinoma		EXPRESSION_AND_DESIGN_MATCH	279	0.0048161120292461446	LOW_GENES
SC001	E-MTAB-6653	ERR2744035-CCCAGTTTCTGCAG	Homo sapiens	7	lung	tumour middle (in between core and edge sample)	lung carcinoma		EXPRESSION_AND_DESIGN_MATCH	160	0.0014910536594433417	LOW_GENES
SC001	E-MTAB-6653	ERR2744035-CCGTTCAAGCCCAG	Homo sapiens	7	lung	tumour middle (in between core and edge sample)	lung carcinoma		EXPRESSION_AND_DESIGN_MATCH	261	0.0031104200041129084	LOW_GENES
SC001	E-MTAB-6653	ERR2744035-CGATTGAAGTTCGC	Homo sapiens	7	lung	tumour middle (in between core and edge sample)	lung carcinoma		EXPRESSION_AND_DESIGN_MATCH	1248	0.10244155031798986	HIGH_MITO
SC001	E-MTAB-6653	ERR2744035-CGTTGGGGTCCAGT	Homo sapiens	7	lung	tumour middle (in between core and edge sample)	lung carcinoma		EXPRESSION_AND_DESIGN_MATCH	235	0.0029069768738081195	LOW_GENES
SC001	E-MTAB-6653	ERR2744035-CTACATTTCCACGA	Homo sapiens	7	lung	tumour middle (in between core and edge sample)	lung carcinoma		EXPRESSION_AND_DESIGN_MATCH	190	0.002472187964772077	LOW_GENES
SC001	E-MTAB-6653	ERR2744035-CTCACACAGTGGAC	Homo sapiens	7	lung	tumour middle (in between core and edge sample)	lung carcinoma		EXPRESSION_AND_DESIGN_MATCH	294	0.00259908970960364	LOW_GENES
SC001	E-MTAB-6653	ERR2744035-CTCGGGATCCTCTA	Homo sapiens	7	lung	tumour middle (in between core and edge sample)	lung carcinoma		EXPRESSION_AND_DESIGN_MATCH	243	0.023535792035344876	LOW_GENES
SC001	E-MTAB-6653	ERR2744035-CTGCCTAGTTACCG	Homo sapiens	7	lung	tumour middle (in between core and edge sample)	lung carcinoma		EXPRESSION_AND_DESIGN_MATCH	256	0.0020885547997876817	LOW_GENES
SC001	E-MTAB-6653	ERR2744035-GAAATGAAGTCGCC	Homo sapiens	7	lung	tumour middle (in between core and edge sample)	lung carcinoma		EXPRESSION_AND_DESIGN_MATCH	254	0.002525252451941923	LOW_GENES
SC001	E-MTAB-6653	ERR2744035-GACTACATCACTTC	Homo sapiens	7	lung	tumour middle (in between core and edge sample)	lung carcinoma		EXPRESSION_AND_DESIGN_MATCH	236	0.001687763631534365	LOW_GENES
SC001	E-MTAB-6653	ERR2744035-GAGGTGATCTGTCA	Homo sapiens	7	lung	tumour middle (in between core and edge sample)	lung carcinoma		EXPRESSION_AND_DESIGN_MATCH	187	0.0	LOW_GENES
SC001	E-MTAB-6653	ERR2744035-GATTCAGGTATAGG	Homo sapiens	7	lung	tumour middle (in between core and edge sample)	lung carcinoma		EXPRESSION_AND_DESIGN_MATCH	248	0.0005605381023870524	LOW_GENES
SC001	E-MTAB-6653	ERR2744035-GCAGTTACATGTAG	Homo sapiens	7	lung	tumour middle (in between core and edge sample)	lung carcinoma		EXPRESSION_AND_DESIGN_MATCH	271	0.01988095119900238	LOW_GENES
SC001	E-MTAB-6653	ERR2744035-GCGCAGTAGAGTCG	Homo sapiens	7	lung	tumour middle (in between core and edge sample)	lung carcinoma		EXPRESSION_AND_DESIGN_MATCH	198	0.0	LOW_GENES
SC001	E-MTAB-6653	ERR2744035-GGGATGATCCTCCT	Homo sapiens	7	lung	tumour middle (in between core and edge sample)	lung carcinoma		EXPRESSION_AND_DESIGN_MATCH	273	0.0014275518183146658	LOW_GENES
SC001	E-MTAB-6653	ERR2744035-GTAACTGAGGATCG	Homo sapiens	7	lung	tumour middle (in between core and edge sample)	lung carcinoma		EXPRESSION_AND_DESIGN_MATCH	248	0.0020120724098926725	LOW_GENES
SC001	E-MTAB-6653	ERR2744035-GTCAAGTGTCCCTA	Homo sapiens	7	lung	tumour middle (in between core and edge sample)	lung carcinoma		EXPRESSION_AND_DESIGN_MATCH	233	0.001659751018639007	LOW_GENES
SC001	E-MTAB-6653	ERR2744035-TAAGTGCCACATCT	Homo sapiens	7	lung	tumour middle (in between core and edge sample)	lung carcinoma		EXPRESSION_AND_DESIGN_MATCH	745	0.15541665165892085	HIGH_MITO
SC001	E-MTAB-6653	ERR2744035-TCAGCAATCAGGCG	Homo sapiens	7	lung	tumour middle (in between core and edge sample)	lung carcinoma		EXPRESSION_AND_DESIGN_MATCH	293	0.00051150894979588	LOW_GENES
SC001	E-MTAB-6653	ERR2744035-TCGTACCAGGCTAT	Homo sapiens	7	lung	tumour middle (in between core and edge sample)	lung carcinoma		EXPRESSION_AND_DESIGN_MATCH	271	0.003523608144926001	LOW_GENES
SC001	E-MTAB-6653	ERR2744035-TGGCTGGCAGACGT	Homo sapiens	7	lung	tumour middle (in between core and edge sample)	lung carcinoma		EXPRESSION_AND_DESIGN_MATCH	296	0.0008892841144597625	LOW_GENES
SC001	E-MTAB-6653	ERR2744035-TGGGAAGCAGTGAC	Homo sapiens	7	lung	tumour middle (in between core and edge sample)	lung carcinoma		EXPRESSION_AND_DESIGN_MATCH	240	0.0007616146386290909	LOW_GENES
SC001	E-MTAB-6653	ERR2744035-TTCGGTCCAGTATG	Homo sapiens	7	lung	tumour middle (in between core and edge sample)	lung carcinoma		EXPRESSION_AND_DESIGN_MATCH	169	0.00047483380003798657	LOW_GENES
SC001	E-MTAB-6653	ERR2744035-TTGCCGTTCAGTTC	Homo sapiens	7	lung	tumour middle (in between core and edge sample)	lung carcinoma		EXPRESSION_AND_DESIGN_MATCH	224	0.0018132366712964667	LOW_GENES
SC001	E-MTAB-6653	ERR2744036-AAACGGGGTACGAC	Homo sapiens	7	lung	tumour edge	lung carcinoma		EXPRESSION_AND_DESIGN_MATCH	190	0.014062850520598249	LOW_GENES
SC001	E-MTAB-6653	ERR2744036-AAATGCCGTCAACA	Homo sapiens	7	lung	tumour edge	lung carcinoma		EXPRESSION_AND_DESIGN_MATCH	234	0.0016260162982439012	LOW_GENES
SC001	E-MTAB-6653	ERR2744036-AACACGTCACAGAT	Homo sapiens	7	lung	tumour edge	lung carcinoma		EXPRESSION_AND_DESIGN_MATCH	119	0.0305999599902254	LOW_GENES
SC001	E-MTAB-6653	ERR2744036-AACCATGGTTCCAT	Homo sapiens	7	lung	tumour edge	lung carcinoma		EXPRESSION_AND_DESIGN_MATCH	171	0.005044626183143212	LOW_GENES
SC001	E-MTAB-6653	ERR2744036-AACCATGTCCGTAG	Homo sapiens	7	lung	tumour edge	lung carcinoma		EXPRESSION_AND_DESIGN_MATCH	226	0.005683084389481838	LOW_GENES
SC001	E-MTAB-6653	ERR2744036-ACATCAGCAAAGGC	Homo sapiens	7	lung	tumour edge	lung carcinoma		EXPRESSION_AND_DESIGN_MATCH	155	0.004842614902711871	LOW_GENES
SC001	E-MTAB-6653	ERR2744036-ACATGGTAGTGGGA	Homo sapiens	7	lung	tumour edge	lung carcinoma		EXPRESSION_AND_DESIGN_MATCH	94	0.0013202564849849124	LOW_GENES
SC001	E-MTAB-6653	ERR2744036-ACATGGTGTTAAGA	Homo sapiens	7	lung	tumour edge	lung carcinoma		EXPRESSION_AND_DESIGN_MATCH	221	0.0011742424611454556	LOW_GENES
SC001	E-MTAB-6653	ERR2744036-ACGAGCCCAGGACG	Homo sapiens	7	lung	tumour edge	lung carcinoma		EXPRESSION_AND_DESIGN_MATCH	283	0.0006518904790743142	LOW_GENES
SC001	E-MTAB-6653	ERR2744036-ACGCCAGCACCGAA	Homo sapiens	7	lung	tumour edge	lung carcinoma		EXPRESSION_AND_DESIGN_MATCH	295	0.001897533166671626	LOW_GENES
SC001	E-MTAB-6653	ERR2744036-ACGCGTTTCTTCCT	Homo sapiens	7	lung	tumour edge	lung carcinoma		EXPRESSION_AND_DESIGN_MATCH	93	0.0	LOW_GENES
SC001	E-MTAB-6653	ERR2744036-ACGGAGACAATGGA	Homo sapiens	7	lung	tumour edge	lung carcinoma		EXPRESSION_AND_DESIGN_MATCH	290	0.01863684791560017	LOW_GENES
SC001	E-MTAB-6653	ERR2744036-ACTTTCAGTGACTA	Homo sapiens	7	lung	tumour edge	lung carcinoma		EXPRESSION_AND_DESIGN_MATCH	227	0.007991940851882704	LOW_GENES
SC001	E-MTAB-6653	ERR2744036-AGAGCTTGTACGAA	Homo sapiens	7	lung	tumour edge	lung carcinoma		EXPRESSION_AND_DESIGN_MATCH	150	0.0057595401064795115	LOW_GENES
SC001	E-MTAB-6653	ERR2744036-AGCAGCCAGTGTTA	Homo sapiens	7	lung	tumour edge	lung carcinoma		EXPRESSION_AND_DESIGN_MATCH	285	0.0	LOW_GENES
SC001	E-MTAB-6653	ERR2744036-AGCATACTCACCTC	Homo sapiens	7	lung	tumour edge	lung carcinoma		EXPRESSION_AND_DESIGN_MATCH	120	0.0	LOW_GENES
SC001	E-MTAB-6653	ERR2744036-AGCTCCTTCGGCGC	Homo sapiens	7	lung	tumour edge	lung carcinoma		EXPRESSION_AND_DESIGN_MATCH	255	0.0029949084137346482	LOW_GENES
SC001	E-MTAB-6653	ERR2744036-AGGGATGCACCACC	Homo sapiens	7	lung	tumour edge	lung carcinoma		EXPRESSION_AND_DESIGN_MATCH	159	0.0	LOW_GENES
SC001	E-MTAB-6653	ERR2744036-AGTAGTCGTACCCA	Homo sapiens	7	lung	tumour edge	lung carcinoma		EXPRESSION_AND_DESIGN_MATCH	116	0.0009272996903746302	LOW_GENES
SC001	E-MTAB-6653	ERR2744036-AGTGTCAAGTGCAA	Homo sapiens	7	lung	tumour edge	lung carcinoma		EXPRESSION_AND_DESIGN_MATCH	287	0.002166847250741066	LOW_GENES
SC001	E-MTAB-6653	ERR2744036-AGTGTCATCTCAAC	Homo sapiens	7	lung	tumour edge	lung carcinoma		EXPRESSION_AND_DESIGN_MATCH	279	0.006117908856585876	LOW_GENES
SC001	E-MTAB-6653	ERR2744036-ATCATGGCAAGTCT	Homo sapiens	7	lung	tumour edge	lung carcinoma		EXPRESSION_AND_DESIGN_MATCH	285	0.10133939895616279	BOTH
SC001	E-MTAB-6653	ERR2744036-ATCGAGTGTAGCAA	Homo sapiens	7	lung	tumour edge	lung carcinoma		EXPRESSION_AND_DESIGN_MATCH	261	0.004023408950518211	LOW_GENES
SC001	E-MTAB-6653	ERR2744036-ATGAGGGAGCTAGT	Homo sapiens	7	lung	tumour edge	lung carcinoma		EXPRESSION_AND_DESIGN_MATCH	201	0.00771604908839504	LOW_GENES
SC001	E-MTAB-6653	ERR2744036-CACACCTCAGAGCC	Homo sapiens	7	lung	tumour edge	lung carcinoma		EXPRESSION_AND_DESIGN_MATCH	213	0.0015060241198900392	LOW_GENES
SC001	E-MTAB-6653	ERR2744036-CACACCTGTGTAAT	Homo sapiens	7	lung	tumour edge	lung carcinoma		EXPRESSION_AND_DESIGN_MATCH	242	0.0	LOW_GENES
SC001	E-MTAB-6653	ERR2744036-CACCACTTCGCCAT	Homo sapiens	7	lung	tumour edge	lung carcinoma		EXPRESSION_AND_DESIGN_MATCH	281	0.005586592236145245	LOW_GENES
SC001	E-MTAB-6653	ERR2744036-CACCTTGGTGGTCT	Homo sapiens	7	lung	tumour edge	lung carcinoma		EXPRESSION_AND_DESIGN_MATCH	143	0.0	LOW_GENES
SC001	E-MTAB-6653	ERR2744036-CAGAGAGTCAAACA	Homo sapiens	7	lung	tumour edge	lung carcinoma		EXPRESSION_AND_DESIGN_MATCH	150	0.004625347017483813	LOW_GENES
SC001	E-MTAB-6653	ERR2744036-CAGTCCTAGTGTAC	Homo sapiens	7	lung	tumour edge	lung carcinoma		EXPRESSION_AND_DESIGN_MATCH	224	0.0035845327754070624	LOW_GENES
SC001	E-MTAB-6653	ERR2744036-CATATTCCATTTGC	Homo sapiens	7	lung	tumour edge	lung carcinoma		EXPRESSION_AND_DESIGN_MATCH	152	0.0005783018692279629	LOW_GENES
SC001	E-MTAB-6653	ERR2744036-CCAATCCCAGCTGC	Homo sapiens	7	lung	tumour edge	lung carcinoma		EXPRESSION_AND_DESIGN_MATCH	295	0.003985651664599445	LOW_GENES
SC001	E-MTAB-6653	ERR2744036-CCACCTAGTTTGTT	Homo sapiens	7	lung	tumour edge	lung carcinoma		EXPRESSION_AND_DESIGN_MATCH	174	0.007674144257256535	LOW_GENES
SC001	E-MTAB-6653	ERR2744036-CCGGTAGGTAAAGG	Homo sapiens	7	lung	tumour edge	lung carcinoma		EXPRESSION_AND_DESIGN_MATCH	163	0.008439942855038645	LOW_GENES
SC001	E-MTAB-6653	ERR2744036-CCTAGCTAGCTGTT	Homo sapiens	7	lung	tumour edge	lung carcinoma		EXPRESSION_AND_DESIGN_MATCH	143	0.003756830486732884	LOW_GENES
SC001	E-MTAB-6653	ERR2744036-CCTATTAGTTCAGG	Homo sapiens	7	lung	tumour edge	lung carcinoma		EXPRESSION_AND_DESIGN_MATCH	133	0.008724256186239997	LOW_GENES
SC001	E-MTAB-6653	ERR2744036-CCTTACGGTAGCGT	Homo sapiens	7	lung	tumour edge	lung carcinoma		EXPRESSION_AND_DESIGN_MATCH	129	0.0009459616862055089	LOW_GENES
SC001	E-MTAB-6653	ERR2744036-CGAGCACGTTAGTG	Homo sapiens	7	lung	tumour edge	lung carcinoma		EXPRESSION_AND_DESIGN_MATCH	239	0.0038667460522208504	LOW_GENES
SC001	E-MTAB-6653	ERR2744036-CGCGGTACATGATC	Homo sapiens	7	lung	tumour edge	lung carcinoma		EXPRESSION_AND_DESIGN_MATCH	216	0.0011111111047544448	LOW_GENES
SC001	E-MTAB-6653	ERR2744036-CGCTATCAGTGTGG	Homo sapiens	7	lung	tumour edge	lung carcinoma		EXPRESSION_AND_DESIGN_MATCH	102	0.001066477069452542	LOW_GENES
SC001	E-MTAB-6653	ERR2744036-CGGGTCATCGATGA	Homo sapiens	7	lung	tumour edge	lung carcinoma		EXPRESSION_AND_DESIGN_MATCH	123	0.004093567237918128	LOW_GENES
SC001	E-MTAB-6653	ERR2744036-CGGGTCATCGGGAG	Homo sapiens	7	lung	tumour edge	lung carcinoma		EXPRESSION_AND_DESIGN_MATCH	279	0.0025685930127915912	LOW_GENES
SC001	E-MTAB-6653	ERR2744036-CGTCCATCAATCAC	Homo sapiens	7	lung	tumour edge	lung carcinoma		EXPRESSION_AND_DESIGN_MATCH	260	0.023594229968535163	LOW_GENES
SC001	E-MTAB-6653	ERR2744036-CTACACCAGGACAG	Homo sapiens	7	lung	tumour edge	lung carcinoma		EXPRESSION_AND_DESIGN_MATCH	243	0.004992319538924729	LOW_GENES
SC001	E-MTAB-6653	ERR2744036-CTAGTGAGTCTAGT	Homo sapiens	7	lung	tumour edge	lung carcinoma		EXPRESSION_AND_DESIGN_MATCH	268	0.0005347593672780751	LOW_GENES
SC001	E-MTAB-6653	ERR2744036-CTCGGAGTCCATGC	Homo sapiens	7	lung	tumour edge	lung carcinoma		EXPRESSION_AND_DESIGN_MATCH	150	0.005874673831253263	LOW_GENES
SC001	E-MTAB-6653	ERR2744036-CTCGGGACAGTGGA	Homo sapiens	7	lung	tumour edge	lung carcinoma		EXPRESSION_AND_DESIGN_MATCH	183	0.0021074815266939094	LOW_GENES
SC001	E-MTAB-6653	ERR2744036-CTGATAGCATTTGC	Homo sapiens	7	lung	tumour edge	lung carcinoma		EXPRESSION_AND_DESIGN_MATCH	122	0.0003272251374410996	LOW_GENES
SC001	E-MTAB-6653	ERR2744036-CTGCTGTTCCGGGT	Homo sapiens	7	lung	tumour edge	lung carcinoma		EXPRESSION_AND_DESIGN_MATCH	126	0.0011380879872389673	LOW_GENES
SC001	E-MTAB-6653	ERR2744036-CTTACCGTCAGTGT	Homo sapiens	7	lung	tumour edge	lung carcinoma		EXPRESSION_AND_DESIGN_MATCH	194	0.0008130081103577235	LOW_GENES
SC001	E-MTAB-6653	ERR2744036-CTTCTCTCAAGTAA	Homo sapiens	7	lung	tumour edge	lung carcinoma		EXPRESSION_AND_DESIGN_MATCH	297	0.0074906368209594855	LOW_GENES
SC001	E-MTAB-6653	ERR2744036-GATCGTAGTATTAG	Homo sapiens	7	lung	tumour edge	lung carcinoma		EXPRESSION_AND_DESIGN_MATCH	294	0.006024096408213818	LOW_GENES
SC001	E-MTAB-6653	ERR2744036-GATCGTATCAAACC	Homo sapiens	7	lung	tumour edge	lung carcinoma		EXPRESSION_AND_DESIGN_MATCH	89	0.001000625167404626	LOW_GENES
SC001	E-MTAB-6653	ERR2744036-GCCAAATGTGCATC	Homo sapiens	7	lung	tumour edge	lung carcinoma		EXPRESSION_AND_DESIGN_MATCH	239	0.0017199860859545924	LOW_GENES
SC001	E-MTAB-6653	ERR2744036-GCGCCAACAGGAAC	Homo sapiens	7	lung	tumour edge	lung carcinoma		EXPRESSION_AND_DESIGN_MATCH	225	0.0009555661863661911	LOW_GENES
SC001	E-MTAB-6653	ERR2744036-GGGACCTGTTCCAT	Homo sapiens	7	lung	tumour edge	lung carcinoma		EXPRESSION_AND_DESIGN_MATCH	147	0.0	LOW_GENES
SC001	E-MTAB-6653	ERR2744036-GGGTCTGAGTGAAC	Homo sapiens	7	lung	tumour edge	lung carcinoma		EXPRESSION_AND_DESIGN_MATCH	217	0.002188747065216186	LOW_GENES
SC001	E-MTAB-6653	ERR2744036-GGGTTGCAGTTCGA	Homo sapiens	7	lung	tumour edge	lung carcinoma		EXPRESSION_AND_DESIGN_MATCH	261	0.018058720281173633	LOW_GENES
SC001	E-MTAB-6653	ERR2744036-GTAGTCAGTTCCAC	Homo sapiens	7	lung	tumour edge	lung carcinoma		EXPRESSION_AND_DESIGN_MATCH	238	0.0018371096297268865	LOW_GENES
SC001	E-MTAB-6653	ERR2744036-GTCGGGTAGCTAGT	Homo sapiens	7	lung	tumour edge	lung carcinoma		EXPRESSION_AND_DESIGN_MATCH	271	0.0012858192442503442	LOW_GENES
SC001	E-MTAB-6653	ERR2744036-GTCGGGTTCAAAGA	Homo sapiens	7	lung	tumour edge	lung carcinoma		EXPRESSION_AND_DESIGN_MATCH	237	0.0006861848363037481	LOW_GENES
SC001	E-MTAB-6653	ERR2744036-GTGAAGGTCTGGAG	Homo sapiens	7	lung	tumour edge	lung carcinoma		EXPRESSION_AND_DESIGN_MATCH	207	0.003743565813206362	LOW_GENES
SC001	E-MTAB-6653	ERR2744036-GTGCAGCCACCGTT	Homo sapiens	7	lung	tumour edge	lung carcinoma		EXPRESSION_AND_DESIGN_MATCH	280	0.003849855632781522	LOW_GENES
SC001	E-MTAB-6653	ERR2744036-GTGCATAGTCCGAA	Homo sapiens	7	lung	tumour edge	lung carcinoma		EXPRESSION_AND_DESIGN_MATCH	108	0.000569476088248861	LOW_GENES
SC001	E-MTAB-6653	ERR2744036-GTGGGTCTCATCTG	Homo sapiens	7	lung	tumour edge	lung carcinoma		EXPRESSION_AND_DESIGN_MATCH	138	0.0	LOW_GENES
SC001	E-MTAB-6653	ERR2744036-GTTAAGCAGGCTCA	Homo sapiens	7	lung	tumour edge	lung carcinoma		EXPRESSION_AND_DESIGN_MATCH	268	0.008106666745864476	LOW_GENES
SC001	E-MTAB-6653	ERR2744036-GTTCGGGTCATTGC	Homo sapiens	7	lung	tumour edge	lung carcinoma		EXPRESSION_AND_DESIGN_MATCH	235	0.0	LOW_GENES
SC001	E-MTAB-6653	ERR2744036-TACTTACAGTTAAG	Homo sapiens	7	lung	tumour edge	lung carcinoma		EXPRESSION_AND_DESIGN_MATCH	250	0.02953240333632491	LOW_GENES
SC001	E-MTAB-6653	ERR2744036-TATTACCAGTGGCA	Homo sapiens	7	lung	tumour edge	lung carcinoma		EXPRESSION_AND_DESIGN_MATCH	154	0.0019398641346656355	LOW_GENES
SC001	E-MTAB-6653	ERR2744036-TCAACGATCCCTAA	Homo sapiens	7	lung	tumour edge	lung carcinoma		EXPRESSION_AND_DESIGN_MATCH	182	0.0	LOW_GENES
SC001	E-MTAB-6653	ERR2744036-TCACAAGAGGGAAA	Homo sapiens	7	lung	tumour edge	lung carcinoma		EXPRESSION_AND_DESIGN_MATCH	119	0.0005443063229478812	LOW_GENES
SC001	E-MTAB-6653	ERR2744036-TCGGTAAGTAAACA	Homo sapiens	7	lung	tumour edge	lung carcinoma		EXPRESSION_AND_DESIGN_MATCH	274	0.0017784550285060725	LOW_GENES
SC001	E-MTAB-6653	ERR2744036-TCTTCGGTCACAGG	Homo sapiens	7	lung	tumour edge	lung carcinoma		EXPRESSION_AND_DESIGN_MATCH	249	0.00040322580410548375	LOW_GENES
SC001	E-MTAB-6653	ERR2744036-TGACTAGGTCTCCA	Homo sapiens	7	lung	tumour edge	lung carcinoma		EXPRESSION_AND_DESIGN_MATCH	193	0.002392344534691389	LOW_GENES
SC001	E-MTAB-6653	ERR2744036-TGACTTTCACAGAC	Homo sapiens	7	lung	tumour edge	lung carcinoma		EXPRESSION_AND_DESIGN_MATCH	144	0.00864197507233333	LOW_GENES
SC001	E-MTAB-6653	ERR2744036-TGACTTTCACTACA	Homo sapiens	7	lung	tumour edge	lung carcinoma		EXPRESSION_AND_DESIGN_MATCH	222	0.004044489357528326	LOW_GENES
SC001	E-MTAB-6653	ERR2744036-TGCCCTACACATGA	Homo sapiens	7	lung	tumour edge	lung carcinoma		EXPRESSION_AND_DESIGN_MATCH	166	0.0007749935324427797	LOW_GENES
SC001	E-MTAB-6653	ERR2744036-TGCTACCAGAGACT	Homo sapiens	7	lung	tumour edge	lung carcinoma		EXPRESSION_AND_DESIGN_MATCH	189	0.001923076923573966	LOW_GENES
SC001	E-MTAB-6653	ERR2744036-TGCTGCTTCATGTC	Homo sapiens	7	lung	tumour edge	lung carcinoma		EXPRESSION_AND_DESIGN_MATCH	191	0.0008754012343478258	LOW_GENES
SC001	E-MTAB-6653	ERR2744036-TGTCCCACAGTGAG	Homo sapiens	7	lung	tumour edge	lung carcinoma		EXPRESSION_AND_DESIGN_MATCH	117	0.0013197586902526407	LOW_GENES
SC001	E-MTAB-6653	ERR2744036-TGTTCCGCAATGAC	Homo sapiens	7	lung	tumour edge	lung carcinoma		EXPRESSION_AND_DESIGN_MATCH	278	0.004599211556989357	LOW_GENES
SC001	E-MTAB-6653	ERR2744036-TTGACTTAGCTAGC	Homo sapiens	7	lung	tumour edge	lung carcinoma		EXPRESSION_AND_DESIGN_MATCH	196	0.0032287823309200213	LOW_GENES
SC001	E-MTAB-6653	ERR2744036-TTGCGTCCATACGC	Homo sapiens	7	lung	tumour edge	lung carcinoma		EXPRESSION_AND_DESIGN_MATCH	208	0.012733446877512742	LOW_GENES
SC001	E-MTAB-6653	ERR2744036-TTGCGTCGTCATCG	Homo sapiens	7	lung	tumour edge	lung carcinoma		EXPRESSION_AND_DESIGN_MATCH	251	0.0005200208054966086	LOW_GENES
SC001	E-MTAB-6653	ERR2744036-TTTCCTCAGATCTG	Homo sapiens	7	lung	tumour edge	lung carcinoma		EXPRESSION_AND_DESIGN_MATCH	159	0.0023342670558823522	LOW_GENES
SC001	E-MTAB-6653	ERR2744036-TTTGTCAGTTGGTT	Homo sapiens	7	lung	tumour edge	lung carcinoma		EXPRESSION_AND_DESIGN_MATCH	225	0.04588293614423373	LOW_GENES
SC001	E-MTAB-6653	ERR2744037-AACTTTCCAAGGTT	Homo sapiens	7	lung	normal tissue adjacent to tumour	lung carcinoma		EXPRESSION_AND_DESIGN_MATCH	233	0.0012983266215093484	LOW_GENES
SC001	E-MTAB-6653	ERR2744037-AGGGTGACATACAG	Homo sapiens	7	lung	normal tissue adjacent to tumour	lung carcinoma		EXPRESSION_AND_DESIGN_MATCH	218	0.0005652911372300732	LOW_GENES
SC001	E-MTAB-6653	ERR2744037-ATAAGAGGTGTAAT	Homo sapiens	7	lung	normal tissue adjacent to tumour	lung carcinoma		EXPRESSION_AND_DESIGN_MATCH	178	0.0006684491799670963	LOW_GENES
SC001	E-MTAB-6653	ERR2744037-ATTGGACTCAAAGA	Homo sapiens	7	lung	normal tissue adjacent to tumour	lung carcinoma		EXPRESSION_AND_DESIGN_MATCH	281	0.0008784773038187411	LOW_GENES
SC001	E-MTAB-6653	ERR2744037-CACAAACAGCCCAG	Homo sapiens	7	lung	normal tissue adjacent to tumour	lung carcinoma		EXPRESSION_AND_DESIGN_MATCH	181	0.0013884603590095647	LOW_GENES
SC001	E-MTAB-6653	ERR2744037-CACTCCACAGCTGC	Homo sapiens	7	lung	normal tissue adjacent to tumour	lung carcinoma		EXPRESSION_AND_DESIGN_MATCH	508	0.10893716745191034	HIGH_MITO
SC001	E-MTAB-6653	ERR2744037-CAGCCGATCACCCG	Homo sapiens	7	lung	normal tissue adjacent to tumour	lung carcinoma		EXPRESSION_AND_DESIGN_MATCH	179	0.0008614748531745351	LOW_GENES
SC001	E-MTAB-6653	ERR2744037-CATCGGGGTAGCGT	Homo sapiens	7	lung	normal tissue adjacent to tumour	lung carcinoma		EXPRESSION_AND_DESIGN_MATCH	150	0.0	LOW_GENES
SC001	E-MTAB-6653	ERR2744037-CCACGGAGTTAAGA	Homo sapiens	7	lung	normal tissue adjacent to tumour	lung carcinoma		EXPRESSION_AND_DESIGN_MATCH	172	0.0006119950921389228	LOW_GENES
SC001	E-MTAB-6653	ERR2744037-CCCAATCGTCAGGA	Homo sapiens	7	lung	normal tissue adjacent to tumour	lung carcinoma		EXPRESSION_AND_DESIGN_MATCH	284	0.0002836879494517735	LOW_GENES
SC001	E-MTAB-6653	ERR2744037-CCTTTCTAGTAACC	Homo sapiens	7	lung	normal tissue adjacent to tumour	lung carcinoma		EXPRESSION_AND_DESIGN_MATCH	191	0.0017636683911428583	LOW_GENES
SC001	E-MTAB-6653	ERR2744037-CGATTGATCAGAAA	Homo sapiens	7	lung	normal tissue adjacent to tumour	lung carcinoma		EXPRESSION_AND_DESIGN_MATCH	241	0.0005830903885655971	LOW_GENES
SC001	E-MTAB-6653	ERR2744037-CGTTGGGGTAAAGG	Homo sapiens	7	lung	normal tissue adjacent to tumour	lung carcinoma		EXPRESSION_AND_DESIGN_MATCH	279	0.00045984060182873007	LOW_GENES
SC001	E-MTAB-6653	ERR2744037-CTACGTCTCGTTTA	Homo sapiens	7	lung	normal tissue adjacent to tumour	lung carcinoma		EXPRESSION_AND_DESIGN_MATCH	259	0.0010456605178494251	LOW_GENES
SC001	E-MTAB-6653	ERR2744037-CTAGCCTAGACCGG	Homo sapiens	7	lung	normal tissue adjacent to tumour	lung carcinoma		EXPRESSION_AND_DESIGN_MATCH	256	0.000450585760304897	LOW_GENES
SC001	E-MTAB-6653	ERR2744037-CTAGCCTGTTTGTG	Homo sapiens	7	lung	normal tissue adjacent to tumour	lung carcinoma		EXPRESSION_AND_DESIGN_MATCH	244	0.0008522726984403407	LOW_GENES
SC001	E-MTAB-6653	ERR2744037-CTGAAACGTCCAGT	Homo sapiens	7	lung	normal tissue adjacent to tumour	lung carcinoma		EXPRESSION_AND_DESIGN_MATCH	147	0.0005268703981959961	LOW_GENES
SC001	E-MTAB-6653	ERR2744037-CTGTTTAGTTGTCT	Homo sapiens	7	lung	normal tissue adjacent to tumour	lung carcinoma		EXPRESSION_AND_DESIGN_MATCH	271	0.00023512814690893337	LOW_GENES
SC001	E-MTAB-6653	ERR2744037-CTTAGGAAGCGTAA	Homo sapiens	7	lung	normal tissue adjacent to tumour	lung carcinoma		EXPRESSION_AND_DESIGN_MATCH	256	0.00030721966153394786	LOW_GENES
SC001	E-MTAB-6653	ERR2744037-GAGGTGACAGATGG	Homo sapiens	7	lung	normal tissue adjacent to tumour	lung carcinoma		EXPRESSION_AND_DESIGN_MATCH	257	0.001435544087311226	LOW_GENES
SC001	E-MTAB-6653	ERR2744037-GAGGTGAGTCTCTT	Homo sapiens	7	lung	normal tissue adjacent to tumour	lung carcinoma		EXPRESSION_AND_DESIGN_MATCH	218	0.0007963896970984862	LOW_GENES
SC001	E-MTAB-6653	ERR2744037-GCAGTTACACGGCT	Homo sapiens	7	lung	normal tissue adjacent to tumour	lung carcinoma		EXPRESSION_AND_DESIGN_MATCH	251	0.0003257329003654519	LOW_GENES
SC001	E-MTAB-6653	ERR2744037-GGGCACTTCGGCTT	Homo sapiens	7	lung	normal tissue adjacent to tumour	lung carcinoma		EXPRESSION_AND_DESIGN_MATCH	219	0.0004440497389431668	LOW_GENES
SC001	E-MTAB-6653	ERR2744037-GGTGAAGCAGGTGG	Homo sapiens	7	lung	normal tissue adjacent to tumour	lung carcinoma		EXPRESSION_AND_DESIGN_MATCH	206	0.0009771077985608616	LOW_GENES
SC001	E-MTAB-6653	ERR2744037-GGTGTTAAGTGGCA	Homo sapiens	7	lung	normal tissue adjacent to tumour	lung carcinoma		EXPRESSION_AND_DESIGN_MATCH	193	0.001599488118234161	LOW_GENES
SC001	E-MTAB-6653	ERR2744037-GTCACAAAGTCCGT	Homo sapiens	7	lung	normal tissue adjacent to tumour	lung carcinoma		EXPRESSION_AND_DESIGN_MATCH	215	0.001027598375125515	LOW_GENES
SC001	E-MTAB-6653	ERR2744037-TAGGCATCAGCTGG	Homo sapiens	7	lung	normal tissue adjacent to tumour	lung carcinoma		EXPRESSION_AND_DESIGN_MATCH	285	0.001047120458908902	LOW_GENES
SC001	E-MTAB-6653	ERR2744037-TCACAAGGTCCGTC	Homo sapiens	7	lung	normal tissue adjacent to tumour	lung carcinoma		EXPRESSION_AND_DESIGN_MATCH	218	0.0	LOW_GENES
SC001	E-MTAB-6653	ERR2744037-TCATTACAGGCTAG	Homo sapiens	7	lung	normal tissue adjacent to tumour	lung carcinoma		EXPRESSION_AND_DESIGN_MATCH	227	0.0002974420083313502	LOW_GENES
SC001	E-MTAB-6653	ERR2744037-TCCACACGTAAGTT	Homo sapiens	7	lung	normal tissue adjacent to tumour	lung carcinoma		EXPRESSION_AND_DESIGN_MATCH	240	0.00029137529020979003	LOW_GENES
SC001	E-MTAB-6653	ERR2744037-TGGCTGGTCTACTA	Homo sapiens	7	lung	normal tissue adjacent to tumour	lung carcinoma		EXPRESSION_AND_DESIGN_MATCH	299	0.001733102316577126	LOW_GENES
SC001	E-MTAB-6653	ERR2744037-TTGGCAAGTAGCGA	Homo sapiens	7	lung	normal tissue adjacent to tumour	lung carcinoma		EXPRESSION_AND_DESIGN_MATCH	242	0.000685166148278177	LOW_GENES
SC001	E-MTAB-6653	ERR2744037-TTTCCTCCAAAGGA	Homo sapiens	7	lung	normal tissue adjacent to tumour	lung carcinoma		EXPRESSION_AND_DESIGN_MATCH	187	0.0003389830421372874	LOW_GENES
SC001	E-MTAB-6653	ERR2744038-CACACTCGTACTCA	Homo sapiens	8	lung	tumour core	lung carcinoma		EXPRESSION_AND_DESIGN_MATCH	247	0.0012944983766249292	LOW_GENES
SC001	E-MTAB-6653	ERR2744039-CGGACACGTGTTCT	Homo sapiens	8	lung	tumour middle (in between core and edge sample)	lung carcinoma		EXPRESSION_AND_DESIGN_MATCH	2585	0.10073303596765079	HIGH_MITO
SC001	E-MTAB-6653	ERR2744039-GCAATCATCGTTTA	Homo sapiens	8	lung	tumour middle (in between core and edge sample)	lung carcinoma		EXPRESSION_AND_DESIGN_MATCH	2513	0.16694950708573014	HIGH_MITO
SC001	E-MTAB-6653	ERR2744039-TGAGAGGAGCTAGG	Homo sapiens	8	lung	tumour middle (in between core and edge sample)	lung carcinoma		EXPRESSION_AND_DESIGN_MATCH	245	0.0	LOW_GENES
SC001	E-MTAB-6653	ERR2744039-TTCTTAGGTATTAG	Homo sapiens	8	lung	tumour middle (in between core and edge sample)	lung carcinoma		EXPRESSION_AND_DESIGN_MATCH	1020	0.13907902932290045	HIGH_MITO
SC001	E-MTAB-6653	ERR2744039-TTCTTAGTCAATCA	Homo sapiens	8	lung	tumour middle (in between core and edge sample)	lung carcinoma		EXPRESSION_AND_DESIGN_MATCH	294	0.00035739813210150165	LOW_GENES
SC001	E-MTAB-6653	ERR2744040-AAGACCTCATGGTT	Homo sapiens	8	lung	tumour edge	lung carcinoma		EXPRESSION_AND_DESIGN_MATCH	112	0.0006740815455948769	LOW_GENES
SC001	E-MTAB-6653	ERR2744041-AACTGGTAGTAGGC	Homo sapiens	8	lung	normal tissue adjacent to tumour	lung carcinoma		EXPRESSION_AND_DESIGN_MATCH	475	0.13791398721584744	HIGH_MITO
SC001	E-MTAB-6653	ERR2744041-GCGCAACAGGACAG	Homo sapiens	8	lung	normal tissue adjacent to tumour	lung carcinoma		EXPRESSION_AND_DESIGN_MATCH	1078	0.10487689683003872	HIGH_MITO
SC002	E-MTAB-8410	SAMEA6057388-ACGCCGACAGGGTTAG	Homo sapiens	SC001 (KUL01)	caecum	tumour core	colorectal cancer		EXPRESSION_AND_DESIGN_MATCH	932	0.10594313863809081	HIGH_MITO
SC002	E-MTAB-8410	SAMEA6057388-ACTTACTCAATCTGCA	Homo sapiens	SC001 (KUL01)	caecum	tumour core	colorectal cancer		EXPRESSION_AND_DESIGN_MATCH	680	0.17693856526211943	HIGH_MITO
SC002	E-MTAB-8410	SAMEA6057388-AGCGTATTCACTTATC	Homo sapiens	SC001 (KUL01)	caecum	tumour core	colorectal cancer		EXPRESSION_AND_DESIGN_MATCH	438	0.3809371461808269	HIGH_MITO
SC002	E-MTAB-8410	SAMEA6057388-AGTTGGTAGTCCCACG	Homo sapiens	SC001 (KUL01)	caecum	tumour core	colorectal cancer		EXPRESSION_AND_DESIGN_MATCH	650	0.33055556336768444	HIGH_MITO
SC002	E-MTAB-8410	SAMEA6057388-CATCAAGCAGGTCGTC	Homo sapiens	SC001 (KUL01)	caecum	tumour core	colorectal cancer		EXPRESSION_AND_DESIGN_MATCH	776	0.25747324190601995	HIGH_MITO
SC002	E-MTAB-8410	SAMEA6057388-CATGGCGCACATTAGC	Homo sapiens	SC001 (KUL01)	caecum	tumour core	colorectal cancer		EXPRESSION_AND_DESIGN_MATCH	538	0.1543408430091312	HIGH_MITO
SC002	E-MTAB-8410	SAMEA6057388-CCACTACAGACGACGT	Homo sapiens	SC001 (KUL01)	caecum	tumour core	colorectal cancer		EXPRESSION_AND_DESIGN_MATCH	660	0.10832974029069738	HIGH_MITO
SC002	E-MTAB-8410	SAMEA6057388-CCAGCGAAGAAGCCCA	Homo sapiens	SC001 (KUL01)	caecum	tumour core	colorectal cancer		EXPRESSION_AND_DESIGN_MATCH	1127	0.11049908140968945	HIGH_MITO
SC002	E-MTAB-8410	SAMEA6057388-GAGCAGACACGAGGTA	Homo sapiens	SC001 (KUL01)	caecum	tumour core	colorectal cancer		EXPRESSION_AND_DESIGN_MATCH	910	0.2461380439250313	HIGH_MITO
SC002	E-MTAB-8410	SAMEA6057388-GAGGTGAGTACATGTC	Homo sapiens	SC001 (KUL01)	caecum	tumour core	colorectal cancer		EXPRESSION_AND_DESIGN_MATCH	785	0.29677914087557783	HIGH_MITO
SC002	E-MTAB-8410	SAMEA6057388-GCATACACACTGTTAG	Homo sapiens	SC001 (KUL01)	caecum	tumour core	colorectal cancer		EXPRESSION_AND_DESIGN_MATCH	689	0.2580048512960307	HIGH_MITO
SC002	E-MTAB-8410	SAMEA6057388-GCATACACAGGTGGAT	Homo sapiens	SC001 (KUL01)	caecum	tumour core	colorectal cancer		EXPRESSION_AND_DESIGN_MATCH	662	0.14647127204117108	HIGH_MITO
SC002	E-MTAB-8410	SAMEA6057388-GCATGCGAGCTGAACG	Homo sapiens	SC001 (KUL01)	caecum	tumour core	colorectal cancer		EXPRESSION_AND_DESIGN_MATCH	1624	0.165564739527003	HIGH_MITO
SC002	E-MTAB-8410	SAMEA6057388-GGACAGATCGGGAGTA	Homo sapiens	SC001 (KUL01)	caecum	tumour core	colorectal cancer		EXPRESSION_AND_DESIGN_MATCH	1049	0.2444834535823354	HIGH_MITO
SC002	E-MTAB-8410	SAMEA6057388-TGCGTGGTCGGTTAAC	Homo sapiens	SC001 (KUL01)	caecum	tumour core	colorectal cancer		EXPRESSION_AND_DESIGN_MATCH	845	0.14195896773212702	HIGH_MITO
SC002	E-MTAB-8410	SAMEA6057388-TGGGCGTAGAGTCGGT	Homo sapiens	SC001 (KUL01)	caecum	tumour core	colorectal cancer		EXPRESSION_AND_DESIGN_MATCH	3385	0.10208373977463853	HIGH_MITO
SC002	E-MTAB-8410	SAMEA6057388-TGTGTTTGTCGACTAT	Homo sapiens	SC001 (KUL01)	caecum	tumour core	colorectal cancer		EXPRESSION_AND_DESIGN_MATCH	542	0.18444730234841925	HIGH_MITO
SC002	E-MTAB-8410	SAMEA6057389-CGATGTAAGTGTTTGC	Homo sapiens	SC001 (KUL01)	caecum	tumour border	colorectal cancer		EXPRESSION_AND_DESIGN_MATCH	1319	0.101092897253808	HIGH_MITO
SC002	E-MTAB-8410	SAMEA6057389-GTTTCTACAAGCGTAG	Homo sapiens	SC001 (KUL01)	caecum	tumour border	colorectal cancer		EXPRESSION_AND_DESIGN_MATCH	1080	0.11074380473394925	HIGH_MITO
SC002	E-MTAB-8410	SAMEA6057390-AAGCCGCAGCTGCGAA	Homo sapiens	SC001 (KUL01)	caecum	normal tissue adjacent to neoplasm	colorectal cancer		EXPRESSION_AND_DESIGN_MATCH	257	0.008704062096895542	LOW_GENES
SC002	E-MTAB-8410	SAMEA6057390-ACACCGGTCGCCATAA	Homo sapiens	SC001 (KUL01)	caecum	normal tissue adjacent to neoplasm	colorectal cancer		EXPRESSION_AND_DESIGN_MATCH	1084	0.11252632019015588	HIGH_MITO
SC002	E-MTAB-8410	SAMEA6057390-ACACTGAAGACAGGCT	Homo sapiens	SC001 (KUL01)	caecum	normal tissue adjacent to neoplasm	colorectal cancer		EXPRESSION_AND_DESIGN_MATCH	762	0.11021934373311672	HIGH_MITO
SC002	E-MTAB-8410	SAMEA6057390-ACACTGAGTGGCGAAT	Homo sapiens	SC001 (KUL01)	caecum	normal tissue adjacent to neoplasm	colorectal cancer		EXPRESSION_AND_DESIGN_MATCH	927	0.11035819695708476	HIGH_MITO
SC002	E-MTAB-8410	SAMEA6057390-ACCAGTAAGGGCTTCC	Homo sapiens	SC001 (KUL01)	caecum	normal tissue adjacent to neoplasm	colorectal cancer		EXPRESSION_AND_DESIGN_MATCH	290	0.022857143415167414	LOW_GENES
SC002	E-MTAB-8410	SAMEA6057390-ACCCACTGTGGCTCCA	Homo sapiens	SC001 (KUL01)	caecum	normal tissue adjacent to neoplasm	colorectal cancer		EXPRESSION_AND_DESIGN_MATCH	820	0.10137972608319647	HIGH_MITO
SC002	E-MTAB-8410	SAMEA6057390-ACGGAGATCCGGGTGT	Homo sapiens	SC001 (KUL01)	caecum	normal tissue adjacent to neoplasm	colorectal cancer		EXPRESSION_AND_DESIGN_MATCH	1572	0.11430117171884746	HIGH_MITO
SC002	E-MTAB-8410	SAMEA6057390-ACGTCAATCGCATGGC	Homo sapiens	SC001 (KUL01)	caecum	normal tissue adjacent to neoplasm	colorectal cancer		EXPRESSION_AND_DESIGN_MATCH	248	0.002076843132880615	LOW_GENES
SC002	E-MTAB-8410	SAMEA6057390-AGATCTGCAAACAACA	Homo sapiens	SC001 (KUL01)	caecum	normal tissue adjacent to neoplasm	colorectal cancer		EXPRESSION_AND_DESIGN_MATCH	290	0.007444168751227727	LOW_GENES
SC002	E-MTAB-8410	SAMEA6057390-AGCGTATAGTATTGGA	Homo sapiens	SC001 (KUL01)	caecum	normal tissue adjacent to neoplasm	colorectal cancer		EXPRESSION_AND_DESIGN_MATCH	274	0.001024590132689973	LOW_GENES
SC002	E-MTAB-8410	SAMEA6057390-AGCTTGATCTAACTGG	Homo sapiens	SC001 (KUL01)	caecum	normal tissue adjacent to neoplasm	colorectal cancer		EXPRESSION_AND_DESIGN_MATCH	291	0.0	LOW_GENES
SC002	E-MTAB-8410	SAMEA6057390-AGTAGTCGTAAGGATT	Homo sapiens	SC001 (KUL01)	caecum	normal tissue adjacent to neoplasm	colorectal cancer		EXPRESSION_AND_DESIGN_MATCH	274	0.0036866359642815953	LOW_GENES
SC002	E-MTAB-8410	SAMEA6057390-ATCACGAGTAGGGTAC	Homo sapiens	SC001 (KUL01)	caecum	normal tissue adjacent to neoplasm	colorectal cancer		EXPRESSION_AND_DESIGN_MATCH	294	0.007643312197821068	LOW_GENES
SC002	E-MTAB-8410	SAMEA6057390-ATCGAGTGTAAAGGAG	Homo sapiens	SC001 (KUL01)	caecum	normal tissue adjacent to neoplasm	colorectal cancer		EXPRESSION_AND_DESIGN_MATCH	1218	0.15248910035329782	HIGH_MITO
SC002	E-MTAB-8410	SAMEA6057390-ATTATCCAGGCGCTCT	Homo sapiens	SC001 (KUL01)	caecum	normal tissue adjacent to neoplasm	colorectal cancer		EXPRESSION_AND_DESIGN_MATCH	1008	0.1588497931600303	HIGH_MITO
SC002	E-MTAB-8410	SAMEA6057390-CAAGTTGAGGTGACCA	Homo sapiens	SC001 (KUL01)	caecum	normal tissue adjacent to neoplasm	colorectal cancer		EXPRESSION_AND_DESIGN_MATCH	2687	0.1020693565275502	HIGH_MITO
SC002	E-MTAB-8410	SAMEA6057390-CAGCGACGTCCGACGT	Homo sapiens	SC001 (KUL01)	caecum	normal tissue adjacent to neoplasm	colorectal cancer		EXPRESSION_AND_DESIGN_MATCH	738	0.10808979295361854	HIGH_MITO
SC002	E-MTAB-8410	SAMEA6057390-CCTTCCCCACCTCGGA	Homo sapiens	SC001 (KUL01)	caecum	normal tissue adjacent to neoplasm	colorectal cancer		EXPRESSION_AND_DESIGN_MATCH	2267	0.10147890450115139	HIGH_MITO
SC002	E-MTAB-8410	SAMEA6057390-CGAGCCACAGTGACAG	Homo sapiens	SC001 (KUL01)	caecum	normal tissue adjacent to neoplasm	colorectal cancer		EXPRESSION_AND_DESIGN_MATCH	388	0.1238396829320999	HIGH_MITO
SC002	E-MTAB-8410	SAMEA6057390-CGATTGAGTCCAGTAT	Homo sapiens	SC001 (KUL01)	caecum	normal tissue adjacent to neoplasm	colorectal cancer		EXPRESSION_AND_DESIGN_MATCH	415	0.1037329502876148	HIGH_MITO
SC002	E-MTAB-8410	SAMEA6057390-CGGAGCTTCTCTGAGA	Homo sapiens	SC001 (KUL01)	caecum	normal tissue adjacent to neoplasm	colorectal cancer		EXPRESSION_AND_DESIGN_MATCH	272	0.12828601127448586	BOTH
SC002	E-MTAB-8410	SAMEA6057390-CGTTGGGAGCTGCGAA	Homo sapiens	SC001 (KUL01)	caecum	normal tissue adjacent to neoplasm	colorectal cancer		EXPRESSION_AND_DESIGN_MATCH	299	0.1250000015135376	BOTH
SC002	E-MTAB-8410	SAMEA6057390-CTAACTTGTTGTCTTT	Homo sapiens	SC001 (KUL01)	caecum	normal tissue adjacent to neoplasm	colorectal cancer		EXPRESSION_AND_DESIGN_MATCH	814	0.11317395424774705	HIGH_MITO
SC002	E-MTAB-8410	SAMEA6057390-CTAAGACTCGGAAACG	Homo sapiens	SC001 (KUL01)	caecum	normal tissue adjacent to neoplasm	colorectal cancer		EXPRESSION_AND_DESIGN_MATCH	641	0.10081757245801261	HIGH_MITO
SC002	E-MTAB-8410	SAMEA6057390-CTCGGAGTCTCTAGGA	Homo sapiens	SC001 (KUL01)	caecum	normal tissue adjacent to neoplasm	colorectal cancer		EXPRESSION_AND_DESIGN_MATCH	208	0.007148864567417999	LOW_GENES
SC002	E-MTAB-8410	SAMEA6057390-CTGATCCAGTAGGCCA	Homo sapiens	SC001 (KUL01)	caecum	normal tissue adjacent to neoplasm	colorectal cancer		EXPRESSION_AND_DESIGN_MATCH	439	0.16564902441071003	HIGH_MITO
SC002	E-MTAB-8410	SAMEA6057390-CTGATCCTCCCGACTT	Homo sapiens	SC001 (KUL01)	caecum	normal tissue adjacent to neoplasm	colorectal cancer		EXPRESSION_AND_DESIGN_MATCH	1476	0.10790974270795925	HIGH_MITO
SC002	E-MTAB-8410	SAMEA6057390-GACACGCCACATCCAA	Homo sapiens	SC001 (KUL01)	caecum	normal tissue adjacent to neoplasm	colorectal cancer		EXPRESSION_AND_DESIGN_MATCH	287	0.0008054772522124236	LOW_GENES
SC002	E-MTAB-8410	SAMEA6057390-GATCTAGTCTGCCCTA	Homo sapiens	SC001 (KUL01)	caecum	normal tissue adjacent to neoplasm	colorectal cancer		EXPRESSION_AND_DESIGN_MATCH	248	0.0	LOW_GENES
SC002	E-MTAB-8410	SAMEA6057390-GGAGCAATCAGCAACT	Homo sapiens	SC001 (KUL01)	caecum	normal tissue adjacent to neoplasm	colorectal cancer		EXPRESSION_AND_DESIGN_MATCH	261	0.0	LOW_GENES
SC002	E-MTAB-8410	SAMEA6057390-GGGCATCCAGTAGAGC	Homo sapiens	SC001 (KUL01)	caecum	normal tissue adjacent to neoplasm	colorectal cancer		EXPRESSION_AND_DESIGN_MATCH	1133	0.10112196188720925	HIGH_MITO
SC002	E-MTAB-8410	SAMEA6057390-GTTTCTAAGGCAAAGA	Homo sapiens	SC001 (KUL01)	caecum	normal tissue adjacent to neoplasm	colorectal cancer		EXPRESSION_AND_DESIGN_MATCH	893	0.10084355663566077	HIGH_MITO
SC002	E-MTAB-8410	SAMEA6057390-TAGACCAAGTTCGCAT	Homo sapiens	SC001 (KUL01)	caecum	normal tissue adjacent to neoplasm	colorectal cancer		EXPRESSION_AND_DESIGN_MATCH	1219	0.12312497871387487	HIGH_MITO
SC002	E-MTAB-8410	SAMEA6057390-TAGTTGGGTCGACTGC	Homo sapiens	SC001 (KUL01)	caecum	normal tissue adjacent to neoplasm	colorectal cancer		EXPRESSION_AND_DESIGN_MATCH	968	0.141525874439322	HIGH_MITO
SC002	E-MTAB-8410	SAMEA6057390-TCAATCTTCGGAATCT	Homo sapiens	SC001 (KUL01)	caecum	normal tissue adjacent to neoplasm	colorectal cancer		EXPRESSION_AND_DESIGN_MATCH	661	0.1037534105091421	HIGH_MITO
SC002	E-MTAB-8410	SAMEA6057390-TGACGGCTCGCTAGCG	Homo sapiens	SC001 (KUL01)	caecum	normal tissue adjacent to neoplasm	colorectal cancer		EXPRESSION_AND_DESIGN_MATCH	252	0.005102040693276852	LOW_GENES
SC002	E-MTAB-8410	SAMEA6057390-TGGACGCCAAGCCGTC	Homo sapiens	SC001 (KUL01)	caecum	normal tissue adjacent to neoplasm	colorectal cancer		EXPRESSION_AND_DESIGN_MATCH	419	0.13795746669120193	HIGH_MITO
SC002	E-MTAB-8410	SAMEA6057390-TGGACGCCAGTCACTA	Homo sapiens	SC001 (KUL01)	caecum	normal tissue adjacent to neoplasm	colorectal cancer		EXPRESSION_AND_DESIGN_MATCH	812	0.13539167581174713	HIGH_MITO
SC002	E-MTAB-8410	SAMEA6057390-TTAGGACGTACCCAAT	Homo sapiens	SC001 (KUL01)	caecum	normal tissue adjacent to neoplasm	colorectal cancer		EXPRESSION_AND_DESIGN_MATCH	298	0.001988071598502382	LOW_GENES
SC002	E-MTAB-8410	SAMEA6057390-TTCCCAGGTGCAACGA	Homo sapiens	SC001 (KUL01)	caecum	normal tissue adjacent to neoplasm	colorectal cancer		EXPRESSION_AND_DESIGN_MATCH	621	0.10335747236092946	HIGH_MITO
SC002	E-MTAB-8410	SAMEA6057390-TTGAACGAGAGCCCAA	Homo sapiens	SC001 (KUL01)	caecum	normal tissue adjacent to neoplasm	colorectal cancer		EXPRESSION_AND_DESIGN_MATCH	1024	0.150379400666528	HIGH_MITO
SC002	E-MTAB-8410	SAMEA6057390-TTGAACGTCGGTGTCG	Homo sapiens	SC001 (KUL01)	caecum	normal tissue adjacent to neoplasm	colorectal cancer		EXPRESSION_AND_DESIGN_MATCH	295	0.002659575039504419	LOW_GENES
SC002	E-MTAB-8410	SAMEA6057390-TTTGTCATCGGTGTTA	Homo sapiens	SC001 (KUL01)	caecum	normal tissue adjacent to neoplasm	colorectal cancer		EXPRESSION_AND_DESIGN_MATCH	1475	0.1100234306612212	HIGH_MITO
SC002	E-MTAB-8410	SAMEA6057392-ATTATCCGTTCCACGG	Homo sapiens	SC019 (KUL19)	rectosigmoid junction	tumour border	colorectal cancer		EXPRESSION_AND_DESIGN_MATCH	283	0.0003809523867805138	LOW_GENES
SC002	E-MTAB-8410	SAMEA6057392-CGAGCACGTAAAGTCA	Homo sapiens	SC019 (KUL19)	rectosigmoid junction	tumour border	colorectal cancer		EXPRESSION_AND_DESIGN_MATCH	290	0.002602940080880596	LOW_GENES
SC002	E-MTAB-8410	SAMEA6057392-CGTAGGCTCAGGTAAA	Homo sapiens	SC019 (KUL19)	rectosigmoid junction	tumour border	colorectal cancer		EXPRESSION_AND_DESIGN_MATCH	262	0.0	LOW_GENES
SC002	E-MTAB-8410	SAMEA6057392-GGATGTTAGAAACCGC	Homo sapiens	SC019 (KUL19)	rectosigmoid junction	tumour border	colorectal cancer		EXPRESSION_AND_DESIGN_MATCH	285	0.0	LOW_GENES
SC002	E-MTAB-8410	SAMEA6057392-GTCCTCAAGCGTAGTG	Homo sapiens	SC019 (KUL19)	rectosigmoid junction	tumour border	colorectal cancer		EXPRESSION_AND_DESIGN_MATCH	242	0.00033747958508812694	LOW_GENES
SC002	E-MTAB-8410	SAMEA6057392-TATGCCCAGCTCCTCT	Homo sapiens	SC019 (KUL19)	rectosigmoid junction	tumour border	colorectal cancer		EXPRESSION_AND_DESIGN_MATCH	271	0.0006542361843704296	LOW_GENES
SC002	E-MTAB-8410	SAMEA6057392-TCTCTAAAGCGATCCC	Homo sapiens	SC019 (KUL19)	rectosigmoid junction	tumour border	colorectal cancer		EXPRESSION_AND_DESIGN_MATCH	291	0.0002967359158712159	LOW_GENES
SC002	E-MTAB-8410	SAMEA6057392-TGGTTCCCACTGAAGG	Homo sapiens	SC019 (KUL19)	rectosigmoid junction	tumour border	colorectal cancer		EXPRESSION_AND_DESIGN_MATCH	288	0.001549426801724357	LOW_GENES
SC002	E-MTAB-8410	SAMEA6057393-ACGATACGTGGACGAT	Homo sapiens	SC019 (KUL19)	rectosigmoid junction	normal tissue adjacent to neoplasm	colorectal cancer		EXPRESSION_AND_DESIGN_MATCH	256	0.0014587892461718208	LOW_GENES
SC002	E-MTAB-8410	SAMEA6057393-AGTGTCATCAGGTAAA	Homo sapiens	SC019 (KUL19)	rectosigmoid junction	normal tissue adjacent to neoplasm	colorectal cancer		EXPRESSION_AND_DESIGN_MATCH	278	0.003443526129091946	LOW_GENES
SC002	E-MTAB-8410	SAMEA6057393-ATTATCCCACGTCTCT	Homo sapiens	SC019 (KUL19)	rectosigmoid junction	normal tissue adjacent to neoplasm	colorectal cancer		EXPRESSION_AND_DESIGN_MATCH	222	0.004451038552704758	LOW_GENES
SC002	E-MTAB-8410	SAMEA6057393-CACATTTGTGCAGACA	Homo sapiens	SC019 (KUL19)	rectosigmoid junction	normal tissue adjacent to neoplasm	colorectal cancer		EXPRESSION_AND_DESIGN_MATCH	255	0.0006993006882013751	LOW_GENES
SC002	E-MTAB-8410	SAMEA6057393-CCCAGTTCAAAGCGGT	Homo sapiens	SC019 (KUL19)	rectosigmoid junction	normal tissue adjacent to neoplasm	colorectal cancer		EXPRESSION_AND_DESIGN_MATCH	258	0.007927519733762716	LOW_GENES
SC002	E-MTAB-8410	SAMEA6057393-CCCTCCTCAGCGTTCG	Homo sapiens	SC019 (KUL19)	rectosigmoid junction	normal tissue adjacent to neoplasm	colorectal cancer		EXPRESSION_AND_DESIGN_MATCH	260	0.0011441647448689927	LOW_GENES
SC002	E-MTAB-8410	SAMEA6057393-CTGAAGTGTATGAAAC	Homo sapiens	SC019 (KUL19)	rectosigmoid junction	normal tissue adjacent to neoplasm	colorectal cancer		EXPRESSION_AND_DESIGN_MATCH	286	0.0004992511179965797	LOW_GENES
SC002	E-MTAB-8410	SAMEA6057393-CTTAGGATCTAACTTC	Homo sapiens	SC019 (KUL19)	rectosigmoid junction	normal tissue adjacent to neoplasm	colorectal cancer		EXPRESSION_AND_DESIGN_MATCH	233	0.0071827615098324195	LOW_GENES
SC002	E-MTAB-8410	SAMEA6057393-CTTGGCTGTTTGCATG	Homo sapiens	SC019 (KUL19)	rectosigmoid junction	normal tissue adjacent to neoplasm	colorectal cancer		EXPRESSION_AND_DESIGN_MATCH	288	0.006426735116800562	LOW_GENES
SC002	E-MTAB-8410	SAMEA6057393-GCAATCACAAAGGAAG	Homo sapiens	SC019 (KUL19)	rectosigmoid junction	normal tissue adjacent to neoplasm	colorectal cancer		EXPRESSION_AND_DESIGN_MATCH	293	0.00915221593336224	LOW_GENES
SC002	E-MTAB-8410	SAMEA6057393-GCTGGGTTCCTCTAGC	Homo sapiens	SC019 (KUL19)	rectosigmoid junction	normal tissue adjacent to neoplasm	colorectal cancer		EXPRESSION_AND_DESIGN_MATCH	261	0.0026315788287423836	LOW_GENES
SC002	E-MTAB-8410	SAMEA6057393-GTAACTGAGTGGAGAA	Homo sapiens	SC019 (KUL19)	rectosigmoid junction	normal tissue adjacent to neoplasm	colorectal cancer		EXPRESSION_AND_DESIGN_MATCH	281	0.019007391670696927	LOW_GENES
SC002	E-MTAB-8410	SAMEA6057393-TTTGTCAGTGTGAAAT	Homo sapiens	SC019 (KUL19)	rectosigmoid junction	normal tissue adjacent to neoplasm	colorectal cancer		EXPRESSION_AND_DESIGN_MATCH	287	0.004032258010187315	LOW_GENES
SC002	E-MTAB-8410	SAMEA6057394-ACAGCTACATGCAATC	Homo sapiens	SC021 (KUL21)	sigmoid colon	tumour core	colorectal cancer		EXPRESSION_AND_DESIGN_MATCH	566	0.2579075493988083	HIGH_MITO
SC002	E-MTAB-8410	SAMEA6057394-AGCTTGAGTGCCTGGT	Homo sapiens	SC021 (KUL21)	sigmoid colon	tumour core	colorectal cancer		EXPRESSION_AND_DESIGN_MATCH	634	0.1409090945930572	HIGH_MITO
SC002	E-MTAB-8410	SAMEA6057394-CCGTTCACATACTCTT	Homo sapiens	SC021 (KUL21)	sigmoid colon	tumour core	colorectal cancer		EXPRESSION_AND_DESIGN_MATCH	829	0.12355584216874387	HIGH_MITO
SC002	E-MTAB-8410	SAMEA6057394-GAACATCAGGCATTGG	Homo sapiens	SC021 (KUL21)	sigmoid colon	tumour core	colorectal cancer		EXPRESSION_AND_DESIGN_MATCH	545	0.12451362428779739	HIGH_MITO
SC002	E-MTAB-8410	SAMEA6057394-TCAGATGTCGAGAACG	Homo sapiens	SC021 (KUL21)	sigmoid colon	tumour core	colorectal cancer		EXPRESSION_AND_DESIGN_MATCH	425	0.25245678299610314	HIGH_MITO
SC002	E-MTAB-8410	SAMEA6057395-ACAGCCGAGTCGCCGT	Homo sapiens	SC021 (KUL21)	sigmoid colon	tumour border	colorectal cancer		EXPRESSION_AND_DESIGN_MATCH	902	0.10912981318327672	HIGH_MITO
SC002	E-MTAB-8410	SAMEA6057395-CCACGGACATGAGCGA	Homo sapiens	SC021 (KUL21)	sigmoid colon	tumour border	colorectal cancer		EXPRESSION_AND_DESIGN_MATCH	563	0.15580568446774445	HIGH_MITO
SC002	E-MTAB-8410	SAMEA6057395-CGAGCCAAGGAGCGAG	Homo sapiens	SC021 (KUL21)	sigmoid colon	tumour border	colorectal cancer		EXPRESSION_AND_DESIGN_MATCH	1486	0.12380952043967047	HIGH_MITO
SC002	E-MTAB-8410	SAMEA6057395-CGGACGTAGAAGCCCA	Homo sapiens	SC021 (KUL21)	sigmoid colon	tumour border	colorectal cancer		EXPRESSION_AND_DESIGN_MATCH	643	0.1149425253914767	HIGH_MITO
SC002	E-MTAB-8410	SAMEA6057395-GATTCAGAGGGCTTCC	Homo sapiens	SC021 (KUL21)	sigmoid colon	tumour border	colorectal cancer		EXPRESSION_AND_DESIGN_MATCH	868	0.12889225152966766	HIGH_MITO
SC002	E-MTAB-8410	SAMEA6057395-GGACGTCTCGCCAGCA	Homo sapiens	SC021 (KUL21)	sigmoid colon	tumour border	colorectal cancer		EXPRESSION_AND_DESIGN_MATCH	1142	0.12478886122485933	HIGH_MITO
SC002	E-MTAB-8410	SAMEA6057395-TGTTCCGCAAGCCGCT	Homo sapiens	SC021 (KUL21)	sigmoid colon	tumour border	colorectal cancer		EXPRESSION_AND_DESIGN_MATCH	934	0.11058301690924367	HIGH_MITO
SC002	E-MTAB-8410	SAMEA6057396-AACCGCGCATTGGGCC	Homo sapiens	SC021 (KUL21)	sigmoid colon	normal tissue adjacent to neoplasm	colorectal cancer		EXPRESSION_AND_DESIGN_MATCH	273	0.0013745703826303834	LOW_GENES
SC002	E-MTAB-8410	SAMEA6057396-AACTCCCTCGGCTTGG	Homo sapiens	SC021 (KUL21)	sigmoid colon	normal tissue adjacent to neoplasm	colorectal cancer		EXPRESSION_AND_DESIGN_MATCH	248	0.007238307357162323	LOW_GENES
SC002	E-MTAB-8410	SAMEA6057396-AAGCCGCTCCACGACG	Homo sapiens	SC021 (KUL21)	sigmoid colon	normal tissue adjacent to neoplasm	colorectal cancer		EXPRESSION_AND_DESIGN_MATCH	197	0.007749326073015508	LOW_GENES
SC002	E-MTAB-8410	SAMEA6057396-AAGTCTGAGGCCCTTG	Homo sapiens	SC021 (KUL21)	sigmoid colon	normal tissue adjacent to neoplasm	colorectal cancer		EXPRESSION_AND_DESIGN_MATCH	161	0.0012836970438510923	LOW_GENES
SC002	E-MTAB-8410	SAMEA6057396-ACATGGTTCCTTTCGG	Homo sapiens	SC021 (KUL21)	sigmoid colon	normal tissue adjacent to neoplasm	colorectal cancer		EXPRESSION_AND_DESIGN_MATCH	217	0.0011019284117245183	LOW_GENES
SC002	E-MTAB-8410	SAMEA6057396-ACTGCTCGTATAGGTA	Homo sapiens	SC021 (KUL21)	sigmoid colon	normal tissue adjacent to neoplasm	colorectal cancer		EXPRESSION_AND_DESIGN_MATCH	193	0.005054759908171866	LOW_GENES
SC002	E-MTAB-8410	SAMEA6057396-AGTCTTTAGAGGGATA	Homo sapiens	SC021 (KUL21)	sigmoid colon	normal tissue adjacent to neoplasm	colorectal cancer		EXPRESSION_AND_DESIGN_MATCH	212	0.0032638954603983823	LOW_GENES
SC002	E-MTAB-8410	SAMEA6057396-AGTGAGGAGCTAACTC	Homo sapiens	SC021 (KUL21)	sigmoid colon	normal tissue adjacent to neoplasm	colorectal cancer		EXPRESSION_AND_DESIGN_MATCH	193	0.0013333333753776445	LOW_GENES
SC002	E-MTAB-8410	SAMEA6057396-CAACCAATCGCCAGCA	Homo sapiens	SC021 (KUL21)	sigmoid colon	normal tissue adjacent to neoplasm	colorectal cancer		EXPRESSION_AND_DESIGN_MATCH	242	0.010732323123012005	LOW_GENES
SC002	E-MTAB-8410	SAMEA6057396-CAACCTCCAAGGACTG	Homo sapiens	SC021 (KUL21)	sigmoid colon	normal tissue adjacent to neoplasm	colorectal cancer		EXPRESSION_AND_DESIGN_MATCH	194	0.0	LOW_GENES
SC002	E-MTAB-8410	SAMEA6057396-CACACAAAGAAGCCCA	Homo sapiens	SC021 (KUL21)	sigmoid colon	normal tissue adjacent to neoplasm	colorectal cancer		EXPRESSION_AND_DESIGN_MATCH	260	0.0011047689723642931	LOW_GENES
SC002	E-MTAB-8410	SAMEA6057396-CACACCTGTGCTCTTC	Homo sapiens	SC021 (KUL21)	sigmoid colon	normal tissue adjacent to neoplasm	colorectal cancer		EXPRESSION_AND_DESIGN_MATCH	166	0.0025839792475452197	LOW_GENES
SC002	E-MTAB-8410	SAMEA6057396-CAGCTGGCACTACAGT	Homo sapiens	SC021 (KUL21)	sigmoid colon	normal tissue adjacent to neoplasm	colorectal cancer		EXPRESSION_AND_DESIGN_MATCH	143	0.0	LOW_GENES
SC002	E-MTAB-8410	SAMEA6057396-CAGTCCTAGCTCCCAG	Homo sapiens	SC021 (KUL21)	sigmoid colon	normal tissue adjacent to neoplasm	colorectal cancer		EXPRESSION_AND_DESIGN_MATCH	172	0.0012870012284324358	LOW_GENES
SC002	E-MTAB-8410	SAMEA6057396-CATATTCGTGGAAAGA	Homo sapiens	SC021 (KUL21)	sigmoid colon	normal tissue adjacent to neoplasm	colorectal cancer		EXPRESSION_AND_DESIGN_MATCH	267	0.00033478407334891795	LOW_GENES
SC002	E-MTAB-8410	SAMEA6057396-CATGACAGTTTGCATG	Homo sapiens	SC021 (KUL21)	sigmoid colon	normal tissue adjacent to neoplasm	colorectal cancer		EXPRESSION_AND_DESIGN_MATCH	240	0.009213759248316635	LOW_GENES
SC002	E-MTAB-8410	SAMEA6057396-CCTATTAAGACAAGCC	Homo sapiens	SC021 (KUL21)	sigmoid colon	normal tissue adjacent to neoplasm	colorectal cancer		EXPRESSION_AND_DESIGN_MATCH	199	0.0008613264830318688	LOW_GENES
SC002	E-MTAB-8410	SAMEA6057396-CCTCTGACACGTGAGA	Homo sapiens	SC021 (KUL21)	sigmoid colon	normal tissue adjacent to neoplasm	colorectal cancer		EXPRESSION_AND_DESIGN_MATCH	129	0.0	LOW_GENES
SC002	E-MTAB-8410	SAMEA6057396-CGAATGTCATAGAAAC	Homo sapiens	SC021 (KUL21)	sigmoid colon	normal tissue adjacent to neoplasm	colorectal cancer		EXPRESSION_AND_DESIGN_MATCH	257	0.004932182462638715	LOW_GENES
SC002	E-MTAB-8410	SAMEA6057396-CGCGGTAGTTGTCTTT	Homo sapiens	SC021 (KUL21)	sigmoid colon	normal tissue adjacent to neoplasm	colorectal cancer		EXPRESSION_AND_DESIGN_MATCH	239	0.003610108385503645	LOW_GENES
SC002	E-MTAB-8410	SAMEA6057396-CGCGTTTAGGACGAAA	Homo sapiens	SC021 (KUL21)	sigmoid colon	normal tissue adjacent to neoplasm	colorectal cancer		EXPRESSION_AND_DESIGN_MATCH	213	0.0064220181997098	LOW_GENES
SC002	E-MTAB-8410	SAMEA6057396-CGGACGTAGTTACGGG	Homo sapiens	SC021 (KUL21)	sigmoid colon	normal tissue adjacent to neoplasm	colorectal cancer		EXPRESSION_AND_DESIGN_MATCH	149	0.002068252296206564	LOW_GENES
SC002	E-MTAB-8410	SAMEA6057396-CTAGAGTTCCGAAGAG	Homo sapiens	SC021 (KUL21)	sigmoid colon	normal tissue adjacent to neoplasm	colorectal cancer		EXPRESSION_AND_DESIGN_MATCH	231	0.0007855459546840537	LOW_GENES
SC002	E-MTAB-8410	SAMEA6057396-CTCACACCAGCTGGCT	Homo sapiens	SC021 (KUL21)	sigmoid colon	normal tissue adjacent to neoplasm	colorectal cancer		EXPRESSION_AND_DESIGN_MATCH	210	0.0023809524887738087	LOW_GENES
SC002	E-MTAB-8410	SAMEA6057396-CTGATAGGTAGCGTCC	Homo sapiens	SC021 (KUL21)	sigmoid colon	normal tissue adjacent to neoplasm	colorectal cancer		EXPRESSION_AND_DESIGN_MATCH	275	0.0004317789464514343	LOW_GENES
SC002	E-MTAB-8410	SAMEA6057396-CTGATCCGTTCGGGCT	Homo sapiens	SC021 (KUL21)	sigmoid colon	normal tissue adjacent to neoplasm	colorectal cancer		EXPRESSION_AND_DESIGN_MATCH	182	0.002469135777008989	LOW_GENES
SC002	E-MTAB-8410	SAMEA6057396-CTGCCTACAGGAACGT	Homo sapiens	SC021 (KUL21)	sigmoid colon	normal tissue adjacent to neoplasm	colorectal cancer		EXPRESSION_AND_DESIGN_MATCH	183	0.0006493506534999993	LOW_GENES
SC002	E-MTAB-8410	SAMEA6057396-CTTAGGAGTATCGCAT	Homo sapiens	SC021 (KUL21)	sigmoid colon	normal tissue adjacent to neoplasm	colorectal cancer		EXPRESSION_AND_DESIGN_MATCH	223	0.0	LOW_GENES
SC002	E-MTAB-8410	SAMEA6057396-GAGTCCGAGTCATGCT	Homo sapiens	SC021 (KUL21)	sigmoid colon	normal tissue adjacent to neoplasm	colorectal cancer		EXPRESSION_AND_DESIGN_MATCH	167	0.007692307679307687	LOW_GENES
SC002	E-MTAB-8410	SAMEA6057396-GATCTAGCACAGACTT	Homo sapiens	SC021 (KUL21)	sigmoid colon	normal tissue adjacent to neoplasm	colorectal cancer		EXPRESSION_AND_DESIGN_MATCH	201	0.0055951170783977615	LOW_GENES
SC002	E-MTAB-8410	SAMEA6057396-GATGCTAGTACCCAAT	Homo sapiens	SC021 (KUL21)	sigmoid colon	normal tissue adjacent to neoplasm	colorectal cancer		EXPRESSION_AND_DESIGN_MATCH	205	0.023909395261270953	LOW_GENES
SC002	E-MTAB-8410	SAMEA6057396-GCAATCACAAACAACA	Homo sapiens	SC021 (KUL21)	sigmoid colon	normal tissue adjacent to neoplasm	colorectal cancer		EXPRESSION_AND_DESIGN_MATCH	165	0.0	LOW_GENES
SC002	E-MTAB-8410	SAMEA6057396-GCAGCCAAGGGTGTGT	Homo sapiens	SC021 (KUL21)	sigmoid colon	normal tissue adjacent to neoplasm	colorectal cancer		EXPRESSION_AND_DESIGN_MATCH	154	0.0010810810350810791	LOW_GENES
SC002	E-MTAB-8410	SAMEA6057396-GCATGCGGTCAGAATA	Homo sapiens	SC021 (KUL21)	sigmoid colon	normal tissue adjacent to neoplasm	colorectal cancer		EXPRESSION_AND_DESIGN_MATCH	195	0.0042283297285412354	LOW_GENES
SC002	E-MTAB-8410	SAMEA6057396-GCCTCTAAGCACCGTC	Homo sapiens	SC021 (KUL21)	sigmoid colon	normal tissue adjacent to neoplasm	colorectal cancer		EXPRESSION_AND_DESIGN_MATCH	248	0.0023364485056074787	LOW_GENES
SC002	E-MTAB-8410	SAMEA6057396-GCGCAACTCTCATTCA	Homo sapiens	SC021 (KUL21)	sigmoid colon	normal tissue adjacent to neoplasm	colorectal cancer		EXPRESSION_AND_DESIGN_MATCH	209	0.00043591979911944173	LOW_GENES
SC002	E-MTAB-8410	SAMEA6057396-GCGCCAACAAACCCAT	Homo sapiens	SC021 (KUL21)	sigmoid colon	normal tissue adjacent to neoplasm	colorectal cancer		EXPRESSION_AND_DESIGN_MATCH	195	0.0021008403519549982	LOW_GENES
SC002	E-MTAB-8410	SAMEA6057396-GCTGCTTAGTCGTACT	Homo sapiens	SC021 (KUL21)	sigmoid colon	normal tissue adjacent to neoplasm	colorectal cancer		EXPRESSION_AND_DESIGN_MATCH	257	0.002296211162137667	LOW_GENES
SC002	E-MTAB-8410	SAMEA6057396-GCTGCTTTCCGTAGTA	Homo sapiens	SC021 (KUL21)	sigmoid colon	normal tissue adjacent to neoplasm	colorectal cancer		EXPRESSION_AND_DESIGN_MATCH	223	0.010376135062619963	LOW_GENES
SC002	E-MTAB-8410	SAMEA6057396-GGACAAGCAGCTGCTG	Homo sapiens	SC021 (KUL21)	sigmoid colon	normal tissue adjacent to neoplasm	colorectal cancer		EXPRESSION_AND_DESIGN_MATCH	193	0.0007593014611490292	LOW_GENES
SC002	E-MTAB-8410	SAMEA6057396-GGCTGGTGTACCAGTT	Homo sapiens	SC021 (KUL21)	sigmoid colon	normal tissue adjacent to neoplasm	colorectal cancer		EXPRESSION_AND_DESIGN_MATCH	228	0.00926829278185675	LOW_GENES
SC002	E-MTAB-8410	SAMEA6057396-GGGAGATTCTCGATGA	Homo sapiens	SC021 (KUL21)	sigmoid colon	normal tissue adjacent to neoplasm	colorectal cancer		EXPRESSION_AND_DESIGN_MATCH	220	0.0007390982984894537	LOW_GENES
SC002	E-MTAB-8410	SAMEA6057396-GGTATTGCACACATGT	Homo sapiens	SC021 (KUL21)	sigmoid colon	normal tissue adjacent to neoplasm	colorectal cancer		EXPRESSION_AND_DESIGN_MATCH	290	0.0	LOW_GENES
SC002	E-MTAB-8410	SAMEA6057396-GGTATTGCATATACGC	Homo sapiens	SC021 (KUL21)	sigmoid colon	normal tissue adjacent to neoplasm	colorectal cancer		EXPRESSION_AND_DESIGN_MATCH	201	0.0017421602991402434	LOW_GENES
SC002	E-MTAB-8410	SAMEA6057396-GGTGCGTCAAAGAATC	Homo sapiens	SC021 (KUL21)	sigmoid colon	normal tissue adjacent to neoplasm	colorectal cancer		EXPRESSION_AND_DESIGN_MATCH	147	0.0010787487080258903	LOW_GENES
SC002	E-MTAB-8410	SAMEA6057396-GGTGTTATCGCGGATC	Homo sapiens	SC021 (KUL21)	sigmoid colon	normal tissue adjacent to neoplasm	colorectal cancer		EXPRESSION_AND_DESIGN_MATCH	213	0.019731943234414007	LOW_GENES
SC002	E-MTAB-8410	SAMEA6057396-GTACTTTTCGAGCCCA	Homo sapiens	SC021 (KUL21)	sigmoid colon	normal tissue adjacent to neoplasm	colorectal cancer		EXPRESSION_AND_DESIGN_MATCH	278	0.0009546539826414076	LOW_GENES
SC002	E-MTAB-8410	SAMEA6057396-GTATCTTGTCTCTTTA	Homo sapiens	SC021 (KUL21)	sigmoid colon	normal tissue adjacent to neoplasm	colorectal cancer		EXPRESSION_AND_DESIGN_MATCH	234	0.0024232633296244685	LOW_GENES
SC002	E-MTAB-8410	SAMEA6057396-GTCGGGTCACAACGCC	Homo sapiens	SC021 (KUL21)	sigmoid colon	normal tissue adjacent to neoplasm	colorectal cancer		EXPRESSION_AND_DESIGN_MATCH	198	0.0	LOW_GENES
SC002	E-MTAB-8410	SAMEA6057396-TACGGGCCAGTTCATG	Homo sapiens	SC021 (KUL21)	sigmoid colon	normal tissue adjacent to neoplasm	colorectal cancer		EXPRESSION_AND_DESIGN_MATCH	225	0.001640689051589008	LOW_GENES
SC002	E-MTAB-8410	SAMEA6057396-TAGACCACAGCCTTGG	Homo sapiens	SC021 (KUL21)	sigmoid colon	normal tissue adjacent to neoplasm	colorectal cancer		EXPRESSION_AND_DESIGN_MATCH	177	0.0021607605971910126	LOW_GENES
SC002	E-MTAB-8410	SAMEA6057396-TCAGCAAAGAGTACAT	Homo sapiens	SC021 (KUL21)	sigmoid colon	normal tissue adjacent to neoplasm	colorectal cancer		EXPRESSION_AND_DESIGN_MATCH	214	0.0020172909585455096	LOW_GENES
SC002	E-MTAB-8410	SAMEA6057396-TCTTCGGTCCTGTACC	Homo sapiens	SC021 (KUL21)	sigmoid colon	normal tissue adjacent to neoplasm	colorectal cancer		EXPRESSION_AND_DESIGN_MATCH	282	0.0013071895574562654	LOW_GENES
SC002	E-MTAB-8410	SAMEA6057396-TGACTAGCAATGAATG	Homo sapiens	SC021 (KUL21)	sigmoid colon	normal tissue adjacent to neoplasm	colorectal cancer		EXPRESSION_AND_DESIGN_MATCH	254	0.0020804438658469154	LOW_GENES
SC002	E-MTAB-8410	SAMEA6057396-TGCTGCTAGGGATGGG	Homo sapiens	SC021 (KUL21)	sigmoid colon	normal tissue adjacent to neoplasm	colorectal cancer		EXPRESSION_AND_DESIGN_MATCH	249	0.0032976093244702384	LOW_GENES
SC002	E-MTAB-8410	SAMEA6057396-TGGACGCGTCACCTAA	Homo sapiens	SC021 (KUL21)	sigmoid colon	normal tissue adjacent to neoplasm	colorectal cancer		EXPRESSION_AND_DESIGN_MATCH	204	0.0011744087248621068	LOW_GENES
SC002	E-MTAB-8410	SAMEA6057396-TTCCCAGTCTTGCATT	Homo sapiens	SC021 (KUL21)	sigmoid colon	normal tissue adjacent to neoplasm	colorectal cancer		EXPRESSION_AND_DESIGN_MATCH	201	0.0008453085392347339	LOW_GENES
SC002	E-MTAB-8410	SAMEA6057396-TTTACTGCACATCTTT	Homo sapiens	SC021 (KUL21)	sigmoid colon	normal tissue adjacent to neoplasm	colorectal cancer		EXPRESSION_AND_DESIGN_MATCH	230	0.0009380862913939149	LOW_GENES
SC002	E-MTAB-8410	SAMEA6057396-TTTCCTCAGGTAGCCA	Homo sapiens	SC021 (KUL21)	sigmoid colon	normal tissue adjacent to neoplasm	colorectal cancer		EXPRESSION_AND_DESIGN_MATCH	197	0.0023094688341108575	LOW_GENES
SC002	E-MTAB-8410	SAMEA6057396-TTTGTCAAGATCCGAG	Homo sapiens	SC021 (KUL21)	sigmoid colon	normal tissue adjacent to neoplasm	colorectal cancer		EXPRESSION_AND_DESIGN_MATCH	180	0.004705882402275435	LOW_GENES
SC002	E-MTAB-8410	SAMEA6057397-ACGCAGCGTCCAGTGC	Homo sapiens	SC024	colon	tumour core	colorectal cancer		EXPRESSION_AND_DESIGN_MATCH	1169	0.13055406777780307	HIGH_MITO
SC002	E-MTAB-8410	SAMEA6057397-ACTGAACTCAGAGACG	Homo sapiens	SC024	colon	tumour core	colorectal cancer		EXPRESSION_AND_DESIGN_MATCH	771	0.11284912203582285	HIGH_MITO
SC002	E-MTAB-8410	SAMEA6057397-AGATCTGTCATTCACT	Homo sapiens	SC024	colon	tumour core	colorectal cancer		EXPRESSION_AND_DESIGN_MATCH	994	0.23151408381750851	HIGH_MITO
SC002	E-MTAB-8410	SAMEA6057397-AGATTGCAGTGTACTC	Homo sapiens	SC024	colon	tumour core	colorectal cancer		EXPRESSION_AND_DESIGN_MATCH	206	0.003193430565792874	LOW_GENES
SC002	E-MTAB-8410	SAMEA6057397-AGGGAGTCAGCTCCGA	Homo sapiens	SC024	colon	tumour core	colorectal cancer		EXPRESSION_AND_DESIGN_MATCH	299	0.00570125425326682	LOW_GENES
SC002	E-MTAB-8410	SAMEA6057397-ATCTACTCAAGGGTCA	Homo sapiens	SC024	colon	tumour core	colorectal cancer		EXPRESSION_AND_DESIGN_MATCH	268	0.0007785130356087799	LOW_GENES
SC002	E-MTAB-8410	SAMEA6057397-ATTACTCTCGCGCCAA	Homo sapiens	SC024	colon	tumour core	colorectal cancer		EXPRESSION_AND_DESIGN_MATCH	157	0.0044814341333674875	LOW_GENES
SC002	E-MTAB-8410	SAMEA6057397-CACACTCCCTGCGCAC	Homo sapiens	SC024	colon	tumour core	colorectal cancer		EXPRESSION_AND_DESIGN_MATCH	135	0.0	LOW_GENES
SC002	E-MTAB-8410	SAMEA6057397-CAGCAGCCAGCTGTGC	Homo sapiens	SC024	colon	tumour core	colorectal cancer		EXPRESSION_AND_DESIGN_MATCH	293	0.003798155233877114	LOW_GENES
SC002	E-MTAB-8410	SAMEA6057397-CAGGTGCGTGCTGTAT	Homo sapiens	SC024	colon	tumour core	colorectal cancer		EXPRESSION_AND_DESIGN_MATCH	159	0.002600780309570865	LOW_GENES
SC002	E-MTAB-8410	SAMEA6057397-CCACGGACATTGGCGC	Homo sapiens	SC024	colon	tumour core	colorectal cancer		EXPRESSION_AND_DESIGN_MATCH	212	0.007368421203443767	LOW_GENES
SC002	E-MTAB-8410	SAMEA6057397-CCATTCGGTCGCGCTC	Homo sapiens	SC024	colon	tumour core	colorectal cancer		EXPRESSION_AND_DESIGN_MATCH	257	0.002482073901352454	LOW_GENES
SC002	E-MTAB-8410	SAMEA6057397-CCGGTAGTCTCACATT	Homo sapiens	SC024	colon	tumour core	colorectal cancer		EXPRESSION_AND_DESIGN_MATCH	285	0.0014316392329406596	LOW_GENES
SC002	E-MTAB-8410	SAMEA6057397-CCTTACGTCAACACGT	Homo sapiens	SC024	colon	tumour core	colorectal cancer		EXPRESSION_AND_DESIGN_MATCH	269	0.001387347376897605	LOW_GENES
SC002	E-MTAB-8410	SAMEA6057397-CGACTTCTCTACCAGA	Homo sapiens	SC024	colon	tumour core	colorectal cancer		EXPRESSION_AND_DESIGN_MATCH	219	0.0027372262118546525	LOW_GENES
SC002	E-MTAB-8410	SAMEA6057397-CGAGAAGGTACCAGTT	Homo sapiens	SC024	colon	tumour core	colorectal cancer		EXPRESSION_AND_DESIGN_MATCH	275	0.008464328790795315	LOW_GENES
SC002	E-MTAB-8410	SAMEA6057397-CGAGCCAGTGACCAAG	Homo sapiens	SC024	colon	tumour core	colorectal cancer		EXPRESSION_AND_DESIGN_MATCH	988	0.1662618822039935	HIGH_MITO
SC002	E-MTAB-8410	SAMEA6057397-CGATGGCAGACGCTTT	Homo sapiens	SC024	colon	tumour core	colorectal cancer		EXPRESSION_AND_DESIGN_MATCH	297	0.01987179496092639	LOW_GENES
SC002	E-MTAB-8410	SAMEA6057397-CGTCACTCAGTATAAG	Homo sapiens	SC024	colon	tumour core	colorectal cancer		EXPRESSION_AND_DESIGN_MATCH	263	0.001517779655117086	LOW_GENES
SC002	E-MTAB-8410	SAMEA6057397-CGTGTAAGTCTCCACT	Homo sapiens	SC024	colon	tumour core	colorectal cancer		EXPRESSION_AND_DESIGN_MATCH	200	0.0017123288068809056	LOW_GENES
SC002	E-MTAB-8410	SAMEA6057397-CTAACTTCAATGGTCT	Homo sapiens	SC024	colon	tumour core	colorectal cancer		EXPRESSION_AND_DESIGN_MATCH	1068	0.1111544654723528	HIGH_MITO
SC002	E-MTAB-8410	SAMEA6057397-CTACGTCAGCTCCCAG	Homo sapiens	SC024	colon	tumour core	colorectal cancer		EXPRESSION_AND_DESIGN_MATCH	287	0.046850997274708664	LOW_GENES
SC002	E-MTAB-8410	SAMEA6057397-CTCAGAAAGTGCGATG	Homo sapiens	SC024	colon	tumour core	colorectal cancer		EXPRESSION_AND_DESIGN_MATCH	357	0.1660056885407334	HIGH_MITO
SC002	E-MTAB-8410	SAMEA6057397-CTCGGAGCACCACCAG	Homo sapiens	SC024	colon	tumour core	colorectal cancer		EXPRESSION_AND_DESIGN_MATCH	1004	0.12412295152634291	HIGH_MITO
SC002	E-MTAB-8410	SAMEA6057397-CTCGTACAGCCAGTAG	Homo sapiens	SC024	colon	tumour core	colorectal cancer		EXPRESSION_AND_DESIGN_MATCH	242	0.004389465230602561	LOW_GENES
SC002	E-MTAB-8410	SAMEA6057397-CTCGTACTCGTATCAG	Homo sapiens	SC024	colon	tumour core	colorectal cancer		EXPRESSION_AND_DESIGN_MATCH	278	0.0034129693034471	LOW_GENES
SC002	E-MTAB-8410	SAMEA6057397-CTCGTCATCGTGGTCG	Homo sapiens	SC024	colon	tumour core	colorectal cancer		EXPRESSION_AND_DESIGN_MATCH	224	0.005695687548154429	LOW_GENES
SC002	E-MTAB-8410	SAMEA6057397-CTGCCTATCTGCGACG	Homo sapiens	SC024	colon	tumour core	colorectal cancer		EXPRESSION_AND_DESIGN_MATCH	572	0.20999030223039244	HIGH_MITO
SC002	E-MTAB-8410	SAMEA6057397-CTTTGCGTCTTAGCCC	Homo sapiens	SC024	colon	tumour core	colorectal cancer		EXPRESSION_AND_DESIGN_MATCH	865	0.11244634935775455	HIGH_MITO
SC002	E-MTAB-8410	SAMEA6057397-GAATGAAAGGAGCGTT	Homo sapiens	SC024	colon	tumour core	colorectal cancer		EXPRESSION_AND_DESIGN_MATCH	214	0.010025062717293226	LOW_GENES
SC002	E-MTAB-8410	SAMEA6057397-GACTGCGGTCCGTTAA	Homo sapiens	SC024	colon	tumour core	colorectal cancer		EXPRESSION_AND_DESIGN_MATCH	950	0.10747088496585534	HIGH_MITO
SC002	E-MTAB-8410	SAMEA6057397-GACTGCGTCATGCTCC	Homo sapiens	SC024	colon	tumour core	colorectal cancer		EXPRESSION_AND_DESIGN_MATCH	198	0.03354430479484257	LOW_GENES
SC002	E-MTAB-8410	SAMEA6057397-GATCGATTCGTGACAT	Homo sapiens	SC024	colon	tumour core	colorectal cancer		EXPRESSION_AND_DESIGN_MATCH	211	0.0013192612155672823	LOW_GENES
SC002	E-MTAB-8410	SAMEA6057397-GATCGTATCGTGGGAA	Homo sapiens	SC024	colon	tumour core	colorectal cancer		EXPRESSION_AND_DESIGN_MATCH	197	0.004127966884045404	LOW_GENES
SC002	E-MTAB-8410	SAMEA6057397-GATCTAGCAAGCCCAC	Homo sapiens	SC024	colon	tumour core	colorectal cancer		EXPRESSION_AND_DESIGN_MATCH	2037	0.11465830872351988	HIGH_MITO
SC002	E-MTAB-8410	SAMEA6057397-GATGAAAAGATCCCGC	Homo sapiens	SC024	colon	tumour core	colorectal cancer		EXPRESSION_AND_DESIGN_MATCH	547	0.15141898707156204	HIGH_MITO
SC002	E-MTAB-8410	SAMEA6057397-GCGCCAACATCTGGTA	Homo sapiens	SC024	colon	tumour core	colorectal cancer		EXPRESSION_AND_DESIGN_MATCH	247	0.0036390102194403134	LOW_GENES
SC002	E-MTAB-8410	SAMEA6057397-GCTCCTAAGCTGCGAA	Homo sapiens	SC024	colon	tumour core	colorectal cancer		EXPRESSION_AND_DESIGN_MATCH	242	0.0018736616009986304	LOW_GENES
SC002	E-MTAB-8410	SAMEA6057397-GGCGACTAGGCCCTCA	Homo sapiens	SC024	colon	tumour core	colorectal cancer		EXPRESSION_AND_DESIGN_MATCH	207	0.0040175310858462385	LOW_GENES
SC002	E-MTAB-8410	SAMEA6057397-GGCGACTTCCTATGTT	Homo sapiens	SC024	colon	tumour core	colorectal cancer		EXPRESSION_AND_DESIGN_MATCH	862	0.11284710806462829	HIGH_MITO
SC002	E-MTAB-8410	SAMEA6057397-GGGTTGCAGTTAAGTG	Homo sapiens	SC024	colon	tumour core	colorectal cancer		EXPRESSION_AND_DESIGN_MATCH	226	0.0008216926841211478	LOW_GENES
SC002	E-MTAB-8410	SAMEA6057397-GGTGCGTCAAGTTAAG	Homo sapiens	SC024	colon	tumour core	colorectal cancer		EXPRESSION_AND_DESIGN_MATCH	637	0.17607546510820007	HIGH_MITO
SC002	E-MTAB-8410	SAMEA6057397-GTCTCCTTCTTGCATT	Homo sapiens	SC024	colon	tumour core	colorectal cancer		EXPRESSION_AND_DESIGN_MATCH	192	0.0012953368405699498	LOW_GENES
SC002	E-MTAB-8410	SAMEA6057397-GTCTCGTAGCCACGTC	Homo sapiens	SC024	colon	tumour core	colorectal cancer		EXPRESSION_AND_DESIGN_MATCH	159	0.0	LOW_GENES
SC002	E-MTAB-8410	SAMEA6057397-TACTTACGTCCAGTAT	Homo sapiens	SC024	colon	tumour core	colorectal cancer		EXPRESSION_AND_DESIGN_MATCH	202	0.007411630542098059	LOW_GENES
SC002	E-MTAB-8410	SAMEA6057397-TAGACCAGTTAGGGTG	Homo sapiens	SC024	colon	tumour core	colorectal cancer		EXPRESSION_AND_DESIGN_MATCH	171	0.002617801057673039	LOW_GENES
SC002	E-MTAB-8410	SAMEA6057397-TAGTTGGAGTCAATAG	Homo sapiens	SC024	colon	tumour core	colorectal cancer		EXPRESSION_AND_DESIGN_MATCH	193	0.003397508537386745	LOW_GENES
SC002	E-MTAB-8410	SAMEA6057397-TCATTACGTATGAAAC	Homo sapiens	SC024	colon	tumour core	colorectal cancer		EXPRESSION_AND_DESIGN_MATCH	756	0.11517797207637322	HIGH_MITO
SC002	E-MTAB-8410	SAMEA6057397-TCGAGCTCACTGTGTA	Homo sapiens	SC024	colon	tumour core	colorectal cancer		EXPRESSION_AND_DESIGN_MATCH	171	0.0	LOW_GENES
SC002	E-MTAB-8410	SAMEA6057397-TGACTAGAGGTGCACA	Homo sapiens	SC024	colon	tumour core	colorectal cancer		EXPRESSION_AND_DESIGN_MATCH	208	0.006820119139957281	LOW_GENES
SC002	E-MTAB-8410	SAMEA6057397-TGCGGGTTCCAAATGC	Homo sapiens	SC024	colon	tumour core	colorectal cancer		EXPRESSION_AND_DESIGN_MATCH	3211	0.11049540275442449	HIGH_MITO
SC002	E-MTAB-8410	SAMEA6057397-TTGGAACTCGTCCGTT	Homo sapiens	SC024	colon	tumour core	colorectal cancer		EXPRESSION_AND_DESIGN_MATCH	245	0.003442340824624791	LOW_GENES
SC002	E-MTAB-8410	SAMEA6057397-TTTGGTTAGGAGTCTG	Homo sapiens	SC024	colon	tumour core	colorectal cancer		EXPRESSION_AND_DESIGN_MATCH	212	0.0029673590562366756	LOW_GENES
SC002	E-MTAB-8410	SAMEA6057397-TTTGTCAAGTACGATA	Homo sapiens	SC024	colon	tumour core	colorectal cancer		EXPRESSION_AND_DESIGN_MATCH	989	0.10518920880854207	HIGH_MITO
SC002	E-MTAB-8410	SAMEA6057397-TTTGTCACACAACTGT	Homo sapiens	SC024	colon	tumour core	colorectal cancer		EXPRESSION_AND_DESIGN_MATCH	236	0.00105374075455216	LOW_GENES
SC002	E-MTAB-8410	SAMEA6057398-AACTCAGGTCCGCTGA	Homo sapiens	SC024	colon	tumour border	colorectal cancer		EXPRESSION_AND_DESIGN_MATCH	285	0.0043640897543180115	LOW_GENES
SC002	E-MTAB-8410	SAMEA6057398-ACTGAACCAGTTCATG	Homo sapiens	SC024	colon	tumour border	colorectal cancer		EXPRESSION_AND_DESIGN_MATCH	233	0.0022779042358385968	LOW_GENES
SC002	E-MTAB-8410	SAMEA6057398-ACTGTCCAGAGCTTCT	Homo sapiens	SC024	colon	tumour border	colorectal cancer		EXPRESSION_AND_DESIGN_MATCH	238	0.0005091649767065528	LOW_GENES
SC002	E-MTAB-8410	SAMEA6057398-AGCTTGATCGCATGGC	Homo sapiens	SC024	colon	tumour border	colorectal cancer		EXPRESSION_AND_DESIGN_MATCH	281	0.0015015014879192687	LOW_GENES
SC002	E-MTAB-8410	SAMEA6057398-AGTAGTCGTTAAGGGC	Homo sapiens	SC024	colon	tumour border	colorectal cancer		EXPRESSION_AND_DESIGN_MATCH	476	0.11636828265150956	HIGH_MITO
SC002	E-MTAB-8410	SAMEA6057398-ATAAGAGAGCGATAGC	Homo sapiens	SC024	colon	tumour border	colorectal cancer		EXPRESSION_AND_DESIGN_MATCH	259	0.002487562160771146	LOW_GENES
SC002	E-MTAB-8410	SAMEA6057398-ATTACTCGTCGCGTGT	Homo sapiens	SC024	colon	tumour border	colorectal cancer		EXPRESSION_AND_DESIGN_MATCH	584	0.10180143357936343	HIGH_MITO
SC002	E-MTAB-8410	SAMEA6057398-ATTATCCTCTGGAGCC	Homo sapiens	SC024	colon	tumour border	colorectal cancer		EXPRESSION_AND_DESIGN_MATCH	288	0.023240977829093474	LOW_GENES
SC002	E-MTAB-8410	SAMEA6057398-CACACCTGTAGCCTCG	Homo sapiens	SC024	colon	tumour border	colorectal cancer		EXPRESSION_AND_DESIGN_MATCH	293	0.016474141121811583	LOW_GENES
SC002	E-MTAB-8410	SAMEA6057398-CAGCTAATCAACGCTA	Homo sapiens	SC024	colon	tumour border	colorectal cancer		EXPRESSION_AND_DESIGN_MATCH	222	0.005148741519503726	LOW_GENES
SC002	E-MTAB-8410	SAMEA6057398-CCTTCCCGTACTTCTT	Homo sapiens	SC024	colon	tumour border	colorectal cancer		EXPRESSION_AND_DESIGN_MATCH	273	0.0016142050219531874	LOW_GENES
SC002	E-MTAB-8410	SAMEA6057398-CGAGCACAGCTGAAAT	Homo sapiens	SC024	colon	tumour border	colorectal cancer		EXPRESSION_AND_DESIGN_MATCH	243	0.001809954753330319	LOW_GENES
SC002	E-MTAB-8410	SAMEA6057398-CGATGGCCACGTCAGC	Homo sapiens	SC024	colon	tumour border	colorectal cancer		EXPRESSION_AND_DESIGN_MATCH	250	0.0003207184069447496	LOW_GENES
SC002	E-MTAB-8410	SAMEA6057398-CTGCGGACAGATGAGC	Homo sapiens	SC024	colon	tumour border	colorectal cancer		EXPRESSION_AND_DESIGN_MATCH	270	0.005857740679422944	LOW_GENES
SC002	E-MTAB-8410	SAMEA6057398-GCCAAATTCTGCGTAA	Homo sapiens	SC024	colon	tumour border	colorectal cancer		EXPRESSION_AND_DESIGN_MATCH	264	0.000996015943416334	LOW_GENES
SC002	E-MTAB-8410	SAMEA6057398-GCGCCAAGTCCATCCT	Homo sapiens	SC024	colon	tumour border	colorectal cancer		EXPRESSION_AND_DESIGN_MATCH	278	0.0007801831608736824	LOW_GENES
SC002	E-MTAB-8410	SAMEA6057398-GCGCGATAGGGTTCCC	Homo sapiens	SC024	colon	tumour border	colorectal cancer		EXPRESSION_AND_DESIGN_MATCH	272	0.040498034598461095	LOW_GENES
SC002	E-MTAB-8410	SAMEA6057398-GGGTTGCAGTGTCCCG	Homo sapiens	SC024	colon	tumour border	colorectal cancer		EXPRESSION_AND_DESIGN_MATCH	298	0.0016025641039891527	LOW_GENES
SC002	E-MTAB-8410	SAMEA6057398-GTACGTATCCTGTAGA	Homo sapiens	SC024	colon	tumour border	colorectal cancer		EXPRESSION_AND_DESIGN_MATCH	292	0.0020891364840834406	LOW_GENES
SC002	E-MTAB-8410	SAMEA6057398-GTGCAGCAGAAGATTC	Homo sapiens	SC024	colon	tumour border	colorectal cancer		EXPRESSION_AND_DESIGN_MATCH	241	0.004649498915600873	LOW_GENES
SC002	E-MTAB-8410	SAMEA6057398-GTGCTTCAGAGAGCTC	Homo sapiens	SC024	colon	tumour border	colorectal cancer		EXPRESSION_AND_DESIGN_MATCH	194	0.0	LOW_GENES
SC002	E-MTAB-8410	SAMEA6057398-GTGTGCGTCTGTTGAG	Homo sapiens	SC024	colon	tumour border	colorectal cancer		EXPRESSION_AND_DESIGN_MATCH	241	0.0030701754127337166	LOW_GENES
SC002	E-MTAB-8410	SAMEA6057398-TACCTTAGTACAAGTA	Homo sapiens	SC024	colon	tumour border	colorectal cancer		EXPRESSION_AND_DESIGN_MATCH	216	0.0010764262812786856	LOW_GENES
SC002	E-MTAB-8410	SAMEA6057398-TACTTGTGTATTACCG	Homo sapiens	SC024	colon	tumour border	colorectal cancer		EXPRESSION_AND_DESIGN_MATCH	231	0.0006493506532120086	LOW_GENES
SC002	E-MTAB-8410	SAMEA6057398-TCGCGTTGTTCGGCAC	Homo sapiens	SC024	colon	tumour border	colorectal cancer		EXPRESSION_AND_DESIGN_MATCH	274	0.005598621439112817	LOW_GENES
SC002	E-MTAB-8410	SAMEA6057398-TGACAACAGCCTTGAT	Homo sapiens	SC024	colon	tumour border	colorectal cancer		EXPRESSION_AND_DESIGN_MATCH	233	0.0029556649709143123	LOW_GENES
SC002	E-MTAB-8410	SAMEA6057398-TGGCTGGCAGCCAGAA	Homo sapiens	SC024	colon	tumour border	colorectal cancer		EXPRESSION_AND_DESIGN_MATCH	272	0.018532393254678804	LOW_GENES
SC002	E-MTAB-8410	SAMEA6057398-TTGGCAACATTACCTT	Homo sapiens	SC024	colon	tumour border	colorectal cancer		EXPRESSION_AND_DESIGN_MATCH	286	0.0008710801453310111	LOW_GENES
SC002	E-MTAB-8410	SAMEA6057399-GAGTCCGGTGTTCTTT	Homo sapiens	SC024	colon	normal tissue adjacent to neoplasm	colorectal cancer		EXPRESSION_AND_DESIGN_MATCH	2178	0.10002592934881689	HIGH_MITO
SC002	E-MTAB-8410	SAMEA6057399-GGACAAGTCACGAAGG	Homo sapiens	SC024	colon	normal tissue adjacent to neoplasm	colorectal cancer		EXPRESSION_AND_DESIGN_MATCH	397	0.3016286177218855	HIGH_MITO
SC002	E-MTAB-8410	SAMEA6057399-TCCCGATAGATCGGGT	Homo sapiens	SC024	colon	normal tissue adjacent to neoplasm	colorectal cancer		EXPRESSION_AND_DESIGN_MATCH	560	0.14507676721924437	HIGH_MITO
SC002	E-MTAB-8410	SAMEA6057400-ACACCAAAGCTAGTTC	Homo sapiens	SC027	colon	tumour core	colorectal cancer		EXPRESSION_AND_DESIGN_MATCH	226	0.0013175230573451307	LOW_GENES
SC002	E-MTAB-8410	SAMEA6057400-ACGTCAACATTTCACT	Homo sapiens	SC027	colon	tumour core	colorectal cancer		EXPRESSION_AND_DESIGN_MATCH	268	0.0013181546634186817	LOW_GENES
SC002	E-MTAB-8410	SAMEA6057400-ACTGAACAGTTCGCGC	Homo sapiens	SC027	colon	tumour core	colorectal cancer		EXPRESSION_AND_DESIGN_MATCH	296	0.0037524690846296727	LOW_GENES
SC002	E-MTAB-8410	SAMEA6057400-AGAGCGAAGAAACCTA	Homo sapiens	SC027	colon	tumour core	colorectal cancer		EXPRESSION_AND_DESIGN_MATCH	188	0.001129943502301192	LOW_GENES
SC002	E-MTAB-8410	SAMEA6057400-AGCAGCCAGAGAACAG	Homo sapiens	SC027	colon	tumour core	colorectal cancer		EXPRESSION_AND_DESIGN_MATCH	249	0.006944444494729166	LOW_GENES
SC002	E-MTAB-8410	SAMEA6057400-CAGAATCGTTATTCTC	Homo sapiens	SC027	colon	tumour core	colorectal cancer		EXPRESSION_AND_DESIGN_MATCH	283	0.0051597050203292345	LOW_GENES
SC002	E-MTAB-8410	SAMEA6057400-CCGTTCAGTCCGACGT	Homo sapiens	SC027	colon	tumour core	colorectal cancer		EXPRESSION_AND_DESIGN_MATCH	231	0.0036855036263513485	LOW_GENES
SC002	E-MTAB-8410	SAMEA6057400-CGGACGTGTCATCCCT	Homo sapiens	SC027	colon	tumour core	colorectal cancer		EXPRESSION_AND_DESIGN_MATCH	220	0.010791366916870508	LOW_GENES
SC002	E-MTAB-8410	SAMEA6057400-CGGGTCAGTTCCAACA	Homo sapiens	SC027	colon	tumour core	colorectal cancer		EXPRESSION_AND_DESIGN_MATCH	257	0.00380710655552424	LOW_GENES
SC002	E-MTAB-8410	SAMEA6057400-GAATAAGAGGCATGTG	Homo sapiens	SC027	colon	tumour core	colorectal cancer		EXPRESSION_AND_DESIGN_MATCH	222	0.0011312217330882346	LOW_GENES
SC002	E-MTAB-8410	SAMEA6057400-GACCTGGTCGCGATCG	Homo sapiens	SC027	colon	tumour core	colorectal cancer		EXPRESSION_AND_DESIGN_MATCH	236	0.007846320917058948	LOW_GENES
SC002	E-MTAB-8410	SAMEA6057400-GCAATCAGTGCTCTTC	Homo sapiens	SC027	colon	tumour core	colorectal cancer		EXPRESSION_AND_DESIGN_MATCH	293	0.006860182961794103	LOW_GENES
SC002	E-MTAB-8410	SAMEA6057400-GTAACTGAGATATGGT	Homo sapiens	SC027	colon	tumour core	colorectal cancer		EXPRESSION_AND_DESIGN_MATCH	176	0.002002670216875834	LOW_GENES
SC002	E-MTAB-8410	SAMEA6057400-GTAACTGTCTAGCACA	Homo sapiens	SC027	colon	tumour core	colorectal cancer		EXPRESSION_AND_DESIGN_MATCH	269	0.0033485937384476047	LOW_GENES
SC002	E-MTAB-8410	SAMEA6057400-GTACTCCTCATATCGG	Homo sapiens	SC027	colon	tumour core	colorectal cancer		EXPRESSION_AND_DESIGN_MATCH	273	0.0137198066474881	LOW_GENES
SC002	E-MTAB-8410	SAMEA6057400-GTCGGGTCACGCGAAA	Homo sapiens	SC027	colon	tumour core	colorectal cancer		EXPRESSION_AND_DESIGN_MATCH	280	0.0014518002032601904	LOW_GENES
SC002	E-MTAB-8410	SAMEA6057400-GTGAAGGGTCGAATCT	Homo sapiens	SC027	colon	tumour core	colorectal cancer		EXPRESSION_AND_DESIGN_MATCH	211	0.003965439051828462	LOW_GENES
SC002	E-MTAB-8410	SAMEA6057400-TAAACCGTCGCGTAGC	Homo sapiens	SC027	colon	tumour core	colorectal cancer		EXPRESSION_AND_DESIGN_MATCH	266	0.0019791006821366346	LOW_GENES
SC002	E-MTAB-8410	SAMEA6057400-TAGTTGGCAGTATCTG	Homo sapiens	SC027	colon	tumour core	colorectal cancer		EXPRESSION_AND_DESIGN_MATCH	257	0.015578440914834023	LOW_GENES
SC002	E-MTAB-8410	SAMEA6057400-TCATTACGTCTCCATC	Homo sapiens	SC027	colon	tumour core	colorectal cancer		EXPRESSION_AND_DESIGN_MATCH	251	0.009649952157591292	LOW_GENES
SC002	E-MTAB-8410	SAMEA6057400-TGACTAGCAGCTCCGA	Homo sapiens	SC027	colon	tumour core	colorectal cancer		EXPRESSION_AND_DESIGN_MATCH	273	0.0011511895650422098	LOW_GENES
SC002	E-MTAB-8410	SAMEA6057400-TGACTTTAGGCGACAT	Homo sapiens	SC027	colon	tumour core	colorectal cancer		EXPRESSION_AND_DESIGN_MATCH	280	0.0020661155819076656	LOW_GENES
SC002	E-MTAB-8410	SAMEA6057400-TGAGAGGGTTGTCTTT	Homo sapiens	SC027	colon	tumour core	colorectal cancer		EXPRESSION_AND_DESIGN_MATCH	229	0.0017079419516669548	LOW_GENES
SC002	E-MTAB-8410	SAMEA6057400-TTGACTTAGAAGGACA	Homo sapiens	SC027	colon	tumour core	colorectal cancer		EXPRESSION_AND_DESIGN_MATCH	267	0.001578947396084212	LOW_GENES
SC002	E-MTAB-8410	SAMEA6057401-ACCTTTAGTTGTCGCG	Homo sapiens	SC027	colon	tumour border	colorectal cancer		EXPRESSION_AND_DESIGN_MATCH	223	0.004793028660862987	LOW_GENES
SC002	E-MTAB-8410	SAMEA6057401-ACGCCGAAGAGTAAGG	Homo sapiens	SC027	colon	tumour border	colorectal cancer		EXPRESSION_AND_DESIGN_MATCH	260	0.01826389486358683	LOW_GENES
SC002	E-MTAB-8410	SAMEA6057401-AGCATACGTACAAGTA	Homo sapiens	SC027	colon	tumour border	colorectal cancer		EXPRESSION_AND_DESIGN_MATCH	267	0.0012448488198675855	LOW_GENES
SC002	E-MTAB-8410	SAMEA6057401-AGCGGTCCAATGGAGC	Homo sapiens	SC027	colon	tumour border	colorectal cancer		EXPRESSION_AND_DESIGN_MATCH	166	0.007928642490882076	LOW_GENES
SC002	E-MTAB-8410	SAMEA6057401-AGGCCGTAGTACGCCC	Homo sapiens	SC027	colon	tumour border	colorectal cancer		EXPRESSION_AND_DESIGN_MATCH	184	0.0055848260887597515	LOW_GENES
SC002	E-MTAB-8410	SAMEA6057401-AGGGTGAGTAAATGAC	Homo sapiens	SC027	colon	tumour border	colorectal cancer		EXPRESSION_AND_DESIGN_MATCH	213	0.01408328492004689	LOW_GENES
SC002	E-MTAB-8410	SAMEA6057401-AGTCTTTTCAACACGT	Homo sapiens	SC027	colon	tumour border	colorectal cancer		EXPRESSION_AND_DESIGN_MATCH	288	0.005513547347332905	LOW_GENES
SC002	E-MTAB-8410	SAMEA6057401-AGTGTCATCTTGTACT	Homo sapiens	SC027	colon	tumour border	colorectal cancer		EXPRESSION_AND_DESIGN_MATCH	286	0.002868068895481846	LOW_GENES
SC002	E-MTAB-8410	SAMEA6057401-CAAGGCCCATCCAACA	Homo sapiens	SC027	colon	tumour border	colorectal cancer		EXPRESSION_AND_DESIGN_MATCH	255	0.008435183514924506	LOW_GENES
SC002	E-MTAB-8410	SAMEA6057401-CACCAGGTCTCGCTTG	Homo sapiens	SC027	colon	tumour border	colorectal cancer		EXPRESSION_AND_DESIGN_MATCH	276	0.01137192069623852	LOW_GENES
SC002	E-MTAB-8410	SAMEA6057401-CCATTCGTCCAACCAA	Homo sapiens	SC027	colon	tumour border	colorectal cancer		EXPRESSION_AND_DESIGN_MATCH	188	0.01897963622299683	LOW_GENES
SC002	E-MTAB-8410	SAMEA6057401-CCGTGGAGTAAGCACG	Homo sapiens	SC027	colon	tumour border	colorectal cancer		EXPRESSION_AND_DESIGN_MATCH	273	0.0007401924340784882	LOW_GENES
SC002	E-MTAB-8410	SAMEA6057401-CGTGTAAAGTTTGCGT	Homo sapiens	SC027	colon	tumour border	colorectal cancer		EXPRESSION_AND_DESIGN_MATCH	220	0.003948667426100693	LOW_GENES
SC002	E-MTAB-8410	SAMEA6057401-CTACCCACACGAGGTA	Homo sapiens	SC027	colon	tumour border	colorectal cancer		EXPRESSION_AND_DESIGN_MATCH	251	0.003683357020779418	LOW_GENES
SC002	E-MTAB-8410	SAMEA6057401-CTGAAACAGAGCTGCA	Homo sapiens	SC027	colon	tumour border	colorectal cancer		EXPRESSION_AND_DESIGN_MATCH	257	0.015871905627926883	LOW_GENES
SC002	E-MTAB-8410	SAMEA6057401-CTGCCTATCCTTCAAT	Homo sapiens	SC027	colon	tumour border	colorectal cancer		EXPRESSION_AND_DESIGN_MATCH	206	0.008366174050028822	LOW_GENES
SC002	E-MTAB-8410	SAMEA6057401-GAAATGAGTTCCACAA	Homo sapiens	SC027	colon	tumour border	colorectal cancer		EXPRESSION_AND_DESIGN_MATCH	247	0.01616931158729094	LOW_GENES
SC002	E-MTAB-8410	SAMEA6057401-GACGTGCGTTAGTGGG	Homo sapiens	SC027	colon	tumour border	colorectal cancer		EXPRESSION_AND_DESIGN_MATCH	271	0.0172910363925104	LOW_GENES
SC002	E-MTAB-8410	SAMEA6057401-GACTGCGGTCTGCGGT	Homo sapiens	SC027	colon	tumour border	colorectal cancer		EXPRESSION_AND_DESIGN_MATCH	207	0.026145250253801187	LOW_GENES
SC002	E-MTAB-8410	SAMEA6057401-GCAGCCACAACGATGG	Homo sapiens	SC027	colon	tumour border	colorectal cancer		EXPRESSION_AND_DESIGN_MATCH	279	0.0015387400178226908	LOW_GENES
SC002	E-MTAB-8410	SAMEA6057401-GCAGTTAAGACAAGCC	Homo sapiens	SC027	colon	tumour border	colorectal cancer		EXPRESSION_AND_DESIGN_MATCH	254	0.006493506364740274	LOW_GENES
SC002	E-MTAB-8410	SAMEA6057401-TAAACCGAGGACAGAA	Homo sapiens	SC027	colon	tumour border	colorectal cancer		EXPRESSION_AND_DESIGN_MATCH	255	0.0041177681619312305	LOW_GENES
SC002	E-MTAB-8410	SAMEA6057401-TAAGAGATCAGGCCCA	Homo sapiens	SC027	colon	tumour border	colorectal cancer		EXPRESSION_AND_DESIGN_MATCH	219	0.0051799346121237716	LOW_GENES
SC002	E-MTAB-8410	SAMEA6057403-AACTCCCAGTGATCGG	Homo sapiens	SC028 (KUL28)	sigmoid colon	tumour core	colorectal cancer		EXPRESSION_AND_DESIGN_MATCH	262	0.008631319566559055	LOW_GENES
SC002	E-MTAB-8410	SAMEA6057403-ACGCAGCAGGACACCA	Homo sapiens	SC028 (KUL28)	sigmoid colon	tumour core	colorectal cancer		EXPRESSION_AND_DESIGN_MATCH	246	0.006054131112368845	LOW_GENES
SC002	E-MTAB-8410	SAMEA6057403-ACGGAGAAGCAAATCA	Homo sapiens	SC028 (KUL28)	sigmoid colon	tumour core	colorectal cancer		EXPRESSION_AND_DESIGN_MATCH	290	0.013224181430794194	LOW_GENES
SC002	E-MTAB-8410	SAMEA6057403-AGGGTGAGTTCGTTGA	Homo sapiens	SC028 (KUL28)	sigmoid colon	tumour core	colorectal cancer		EXPRESSION_AND_DESIGN_MATCH	290	0.00897736145028968	LOW_GENES
SC002	E-MTAB-8410	SAMEA6057403-CAACTAGAGAGCTATA	Homo sapiens	SC028 (KUL28)	sigmoid colon	tumour core	colorectal cancer		EXPRESSION_AND_DESIGN_MATCH	215	0.001168224313760874	LOW_GENES
SC002	E-MTAB-8410	SAMEA6057403-CAGAATCAGCAGACTG	Homo sapiens	SC028 (KUL28)	sigmoid colon	tumour core	colorectal cancer		EXPRESSION_AND_DESIGN_MATCH	268	0.006422018366027526	LOW_GENES
SC002	E-MTAB-8410	SAMEA6057403-CAGATCATCAGCTTAG	Homo sapiens	SC028 (KUL28)	sigmoid colon	tumour core	colorectal cancer		EXPRESSION_AND_DESIGN_MATCH	286	0.0032188840272663936	LOW_GENES
SC002	E-MTAB-8410	SAMEA6057403-CATATGGAGCTACCTA	Homo sapiens	SC028 (KUL28)	sigmoid colon	tumour core	colorectal cancer		EXPRESSION_AND_DESIGN_MATCH	263	0.00572737710114547	LOW_GENES
SC002	E-MTAB-8410	SAMEA6057403-CATCAAGGTTCATGGT	Homo sapiens	SC028 (KUL28)	sigmoid colon	tumour core	colorectal cancer		EXPRESSION_AND_DESIGN_MATCH	216	0.0073333334154933255	LOW_GENES
SC002	E-MTAB-8410	SAMEA6057403-CATGCCTAGCAGATCG	Homo sapiens	SC028 (KUL28)	sigmoid colon	tumour core	colorectal cancer		EXPRESSION_AND_DESIGN_MATCH	214	0.0013262599301557083	LOW_GENES
SC002	E-MTAB-8410	SAMEA6057403-CCAATCCTCGAATCCA	Homo sapiens	SC028 (KUL28)	sigmoid colon	tumour core	colorectal cancer		EXPRESSION_AND_DESIGN_MATCH	265	0.004055619906147165	LOW_GENES
SC002	E-MTAB-8410	SAMEA6057403-CCACGGAAGCCGATTT	Homo sapiens	SC028 (KUL28)	sigmoid colon	tumour core	colorectal cancer		EXPRESSION_AND_DESIGN_MATCH	292	0.003939223409043327	LOW_GENES
SC002	E-MTAB-8410	SAMEA6057403-CCACGGACAGACGCTC	Homo sapiens	SC028 (KUL28)	sigmoid colon	tumour core	colorectal cancer		EXPRESSION_AND_DESIGN_MATCH	1110	0.13706478841824019	HIGH_MITO
SC002	E-MTAB-8410	SAMEA6057403-CCATTCGAGGCGCTCT	Homo sapiens	SC028 (KUL28)	sigmoid colon	tumour core	colorectal cancer		EXPRESSION_AND_DESIGN_MATCH	270	0.0010822510615259762	LOW_GENES
SC002	E-MTAB-8410	SAMEA6057403-CCTACACGTGCAGGTA	Homo sapiens	SC028 (KUL28)	sigmoid colon	tumour core	colorectal cancer		EXPRESSION_AND_DESIGN_MATCH	292	0.0033621517423564474	LOW_GENES
SC002	E-MTAB-8410	SAMEA6057403-CTCTGGTAGTAAGTAC	Homo sapiens	SC028 (KUL28)	sigmoid colon	tumour core	colorectal cancer		EXPRESSION_AND_DESIGN_MATCH	198	0.0021344716413106988	LOW_GENES
SC002	E-MTAB-8410	SAMEA6057403-CTGTTTAGTTGCCTCT	Homo sapiens	SC028 (KUL28)	sigmoid colon	tumour core	colorectal cancer		EXPRESSION_AND_DESIGN_MATCH	291	0.005300353301391142	LOW_GENES
SC002	E-MTAB-8410	SAMEA6057403-GATCGTACACAGATTC	Homo sapiens	SC028 (KUL28)	sigmoid colon	tumour core	colorectal cancer		EXPRESSION_AND_DESIGN_MATCH	261	0.0	LOW_GENES
SC002	E-MTAB-8410	SAMEA6057403-GATTCAGTCCAAATGC	Homo sapiens	SC028 (KUL28)	sigmoid colon	tumour core	colorectal cancer		EXPRESSION_AND_DESIGN_MATCH	257	0.005023183822538633	LOW_GENES
SC002	E-MTAB-8410	SAMEA6057403-GCATGATCAAAGGAAG	Homo sapiens	SC028 (KUL28)	sigmoid colon	tumour core	colorectal cancer		EXPRESSION_AND_DESIGN_MATCH	175	0.0022701474983085716	LOW_GENES
SC002	E-MTAB-8410	SAMEA6057403-GTAGTCATCGGAGGTA	Homo sapiens	SC028 (KUL28)	sigmoid colon	tumour core	colorectal cancer		EXPRESSION_AND_DESIGN_MATCH	210	0.0	LOW_GENES
SC002	E-MTAB-8410	SAMEA6057403-GTTACAGGTCTCTTAT	Homo sapiens	SC028 (KUL28)	sigmoid colon	tumour core	colorectal cancer		EXPRESSION_AND_DESIGN_MATCH	238	0.0017559262445478443	LOW_GENES
SC002	E-MTAB-8410	SAMEA6057403-TGCTGCTCAGTATCTG	Homo sapiens	SC028 (KUL28)	sigmoid colon	tumour core	colorectal cancer		EXPRESSION_AND_DESIGN_MATCH	244	0.007886435544164013	LOW_GENES
SC002	E-MTAB-8410	SAMEA6057403-TGGTTCCCATTTCAGG	Homo sapiens	SC028 (KUL28)	sigmoid colon	tumour core	colorectal cancer		EXPRESSION_AND_DESIGN_MATCH	250	0.0086805546971527	LOW_GENES
SC002	E-MTAB-8410	SAMEA6057403-TGTGTTTAGCCAGAAC	Homo sapiens	SC028 (KUL28)	sigmoid colon	tumour core	colorectal cancer		EXPRESSION_AND_DESIGN_MATCH	203	0.006666666573385857	LOW_GENES
SC002	E-MTAB-8410	SAMEA6057405-AACTGGTCAGTATGCT	Homo sapiens	SC028 (KUL28)	sigmoid colon	normal tissue adjacent to neoplasm	colorectal cancer		EXPRESSION_AND_DESIGN_MATCH	288	0.01212580509014626	LOW_GENES
SC002	E-MTAB-8410	SAMEA6057405-CCCAATCCACAGCCCA	Homo sapiens	SC028 (KUL28)	sigmoid colon	normal tissue adjacent to neoplasm	colorectal cancer		EXPRESSION_AND_DESIGN_MATCH	1651	0.10987080233113748	HIGH_MITO
SC002	E-MTAB-8410	SAMEA6057405-CGATTGACAAGAGGCT	Homo sapiens	SC028 (KUL28)	sigmoid colon	normal tissue adjacent to neoplasm	colorectal cancer		EXPRESSION_AND_DESIGN_MATCH	290	0.003069838857943207	LOW_GENES
SC002	E-MTAB-8410	SAMEA6057406-CAAGATCAGTACGCCC	Homo sapiens	SC029	colon	tumour core	colorectal cancer		EXPRESSION_AND_DESIGN_MATCH	258	0.0019640853512552336	LOW_GENES
SC002	E-MTAB-8410	SAMEA6057407-AAGCCGCCAGGGATTG	Homo sapiens	SC029	colon	tumour border	colorectal cancer		EXPRESSION_AND_DESIGN_MATCH	181	0.018891865118395603	LOW_GENES
SC002	E-MTAB-8410	SAMEA6057407-ACTGATGTCGCCTGAG	Homo sapiens	SC029	colon	tumour border	colorectal cancer		EXPRESSION_AND_DESIGN_MATCH	153	0.011028066092954559	LOW_GENES
SC002	E-MTAB-8410	SAMEA6057407-ACTGCTCCATTTCAGG	Homo sapiens	SC029	colon	tumour border	colorectal cancer		EXPRESSION_AND_DESIGN_MATCH	198	0.0036078964516358864	LOW_GENES
SC002	E-MTAB-8410	SAMEA6057407-ACTGTCCTCGGTTAAC	Homo sapiens	SC029	colon	tumour border	colorectal cancer		EXPRESSION_AND_DESIGN_MATCH	276	0.009759157141674605	LOW_GENES
SC002	E-MTAB-8410	SAMEA6057407-ACTTACTCAACGATCT	Homo sapiens	SC029	colon	tumour border	colorectal cancer		EXPRESSION_AND_DESIGN_MATCH	252	0.0021208908149098686	LOW_GENES
SC002	E-MTAB-8410	SAMEA6057407-AGACGTTTCTTAACCT	Homo sapiens	SC029	colon	tumour border	colorectal cancer		EXPRESSION_AND_DESIGN_MATCH	226	0.004185130717586924	LOW_GENES
SC002	E-MTAB-8410	SAMEA6057407-AGCCTAAGTTGGAGGT	Homo sapiens	SC029	colon	tumour border	colorectal cancer		EXPRESSION_AND_DESIGN_MATCH	292	0.007974964736857465	LOW_GENES
SC002	E-MTAB-8410	SAMEA6057407-AGGGTGAAGCTGTTCA	Homo sapiens	SC029	colon	tumour border	colorectal cancer		EXPRESSION_AND_DESIGN_MATCH	165	0.0067778936066288905	LOW_GENES
SC002	E-MTAB-8410	SAMEA6057407-ATGGGAGCATCATCCC	Homo sapiens	SC029	colon	tumour border	colorectal cancer		EXPRESSION_AND_DESIGN_MATCH	216	0.01254480343702862	LOW_GENES
SC002	E-MTAB-8410	SAMEA6057407-CAGCGACCAATGTAAG	Homo sapiens	SC029	colon	tumour border	colorectal cancer		EXPRESSION_AND_DESIGN_MATCH	242	0.007199423887976971	LOW_GENES
SC002	E-MTAB-8410	SAMEA6057407-CATTATCAGGAGTTTA	Homo sapiens	SC029	colon	tumour border	colorectal cancer		EXPRESSION_AND_DESIGN_MATCH	201	0.008699500722194107	LOW_GENES
SC002	E-MTAB-8410	SAMEA6057407-CCACGGATCGAATGGG	Homo sapiens	SC029	colon	tumour border	colorectal cancer		EXPRESSION_AND_DESIGN_MATCH	215	0.003372843021006066	LOW_GENES
SC002	E-MTAB-8410	SAMEA6057407-CCTACACGTTTGTGTG	Homo sapiens	SC029	colon	tumour border	colorectal cancer		EXPRESSION_AND_DESIGN_MATCH	213	0.011268808237601078	LOW_GENES
SC002	E-MTAB-8410	SAMEA6057407-CGATGTATCTGTTGAG	Homo sapiens	SC029	colon	tumour border	colorectal cancer		EXPRESSION_AND_DESIGN_MATCH	195	0.008419162288296148	LOW_GENES
SC002	E-MTAB-8410	SAMEA6057407-CGGAGCTTCTAACCGA	Homo sapiens	SC029	colon	tumour border	colorectal cancer		EXPRESSION_AND_DESIGN_MATCH	176	0.005165385329850345	LOW_GENES
SC002	E-MTAB-8410	SAMEA6057407-GACGTGCTCCTTCAAT	Homo sapiens	SC029	colon	tumour border	colorectal cancer		EXPRESSION_AND_DESIGN_MATCH	263	0.008497965301563331	LOW_GENES
SC002	E-MTAB-8410	SAMEA6057407-GCCTCTAAGGAGTCTG	Homo sapiens	SC029	colon	tumour border	colorectal cancer		EXPRESSION_AND_DESIGN_MATCH	160	0.005854801261592527	LOW_GENES
SC002	E-MTAB-8410	SAMEA6057407-GCGCAACAGCTAACTC	Homo sapiens	SC029	colon	tumour border	colorectal cancer		EXPRESSION_AND_DESIGN_MATCH	202	0.007025761078688525	LOW_GENES
SC002	E-MTAB-8410	SAMEA6057407-GCGCCAAAGTCCTCCT	Homo sapiens	SC029	colon	tumour border	colorectal cancer		EXPRESSION_AND_DESIGN_MATCH	220	0.010373595239542973	LOW_GENES
SC002	E-MTAB-8410	SAMEA6057407-GGCGACTAGATCCCAT	Homo sapiens	SC029	colon	tumour border	colorectal cancer		EXPRESSION_AND_DESIGN_MATCH	192	0.005577942905546457	LOW_GENES
SC002	E-MTAB-8410	SAMEA6057407-GGTGTTAGTCATGCAT	Homo sapiens	SC029	colon	tumour border	colorectal cancer		EXPRESSION_AND_DESIGN_MATCH	169	0.008997428935128532	LOW_GENES
SC002	E-MTAB-8410	SAMEA6057407-GTAGTCATCATCATTC	Homo sapiens	SC029	colon	tumour border	colorectal cancer		EXPRESSION_AND_DESIGN_MATCH	209	0.00758176783245052	LOW_GENES
SC002	E-MTAB-8410	SAMEA6057407-TAAACCGGTGCTTCTC	Homo sapiens	SC029	colon	tumour border	colorectal cancer		EXPRESSION_AND_DESIGN_MATCH	175	0.006964456970461096	LOW_GENES
SC002	E-MTAB-8410	SAMEA6057407-TACAGTGAGGAATTAC	Homo sapiens	SC029	colon	tumour border	colorectal cancer		EXPRESSION_AND_DESIGN_MATCH	180	0.010636407270537775	LOW_GENES
SC002	E-MTAB-8410	SAMEA6057407-TACTTGTAGCGATTCT	Homo sapiens	SC029	colon	tumour border	colorectal cancer		EXPRESSION_AND_DESIGN_MATCH	287	0.004522709187257168	LOW_GENES
SC002	E-MTAB-8410	SAMEA6057407-TCAGCAATCGAGAACG	Homo sapiens	SC029	colon	tumour border	colorectal cancer		EXPRESSION_AND_DESIGN_MATCH	192	0.007475841982089362	LOW_GENES
SC002	E-MTAB-8410	SAMEA6057407-TGACGGCCAAGTCTGT	Homo sapiens	SC029	colon	tumour border	colorectal cancer		EXPRESSION_AND_DESIGN_MATCH	298	0.004512022732549696	LOW_GENES
SC002	E-MTAB-8410	SAMEA6057407-TGAGCCGTCAGAGCTT	Homo sapiens	SC029	colon	tumour border	colorectal cancer		EXPRESSION_AND_DESIGN_MATCH	294	0.009245153927195434	LOW_GENES
SC002	E-MTAB-8410	SAMEA6057407-TGCCCTAGTTTCGCTC	Homo sapiens	SC029	colon	tumour border	colorectal cancer		EXPRESSION_AND_DESIGN_MATCH	179	0.008600937885454839	LOW_GENES
SC002	E-MTAB-8410	SAMEA6057407-TGCGTGGTCTTTACGT	Homo sapiens	SC029	colon	tumour border	colorectal cancer		EXPRESSION_AND_DESIGN_MATCH	219	0.0177773952591034	LOW_GENES
SC002	E-MTAB-8410	SAMEA6057407-TTTGGTTCATAACCTG	Homo sapiens	SC029	colon	tumour border	colorectal cancer		EXPRESSION_AND_DESIGN_MATCH	205	0.006457046573142965	LOW_GENES
SC002	E-MTAB-8410	SAMEA6057408-AACGTTGGTGCGCTTG	Homo sapiens	SC029	colon	normal tissue adjacent to neoplasm	colorectal cancer		EXPRESSION_AND_DESIGN_MATCH	74	0.006112469352689489	LOW_GENES
SC002	E-MTAB-8410	SAMEA6057408-AACTCAGGTGCGCTTG	Homo sapiens	SC029	colon	normal tissue adjacent to neoplasm	colorectal cancer		EXPRESSION_AND_DESIGN_MATCH	260	0.007676395219628945	LOW_GENES
SC002	E-MTAB-8410	SAMEA6057408-AAGACCTGTCGGCACT	Homo sapiens	SC029	colon	normal tissue adjacent to neoplasm	colorectal cancer		EXPRESSION_AND_DESIGN_MATCH	230	0.004488112244716172	LOW_GENES
SC002	E-MTAB-8410	SAMEA6057408-ACGGCCACATGGGAAC	Homo sapiens	SC029	colon	normal tissue adjacent to neoplasm	colorectal cancer		EXPRESSION_AND_DESIGN_MATCH	298	0.011132623805759917	LOW_GENES
SC002	E-MTAB-8410	SAMEA6057408-ACGTCAAGTCAGATAA	Homo sapiens	SC029	colon	normal tissue adjacent to neoplasm	colorectal cancer		EXPRESSION_AND_DESIGN_MATCH	279	0.00708333381706669	LOW_GENES
SC002	E-MTAB-8410	SAMEA6057408-ACTTGTTTCGAATGCT	Homo sapiens	SC029	colon	normal tissue adjacent to neoplasm	colorectal cancer		EXPRESSION_AND_DESIGN_MATCH	91	0.005859374791542997	LOW_GENES
SC002	E-MTAB-8410	SAMEA6057408-AGAGCTTGTCTTCGTC	Homo sapiens	SC029	colon	normal tissue adjacent to neoplasm	colorectal cancer		EXPRESSION_AND_DESIGN_MATCH	248	0.005480008079878828	LOW_GENES
SC002	E-MTAB-8410	SAMEA6057408-AGCGGTCTCTGTCCGT	Homo sapiens	SC029	colon	normal tissue adjacent to neoplasm	colorectal cancer		EXPRESSION_AND_DESIGN_MATCH	267	0.005101045209189688	LOW_GENES
SC002	E-MTAB-8410	SAMEA6057408-ATAACGCTCTAACGGT	Homo sapiens	SC029	colon	normal tissue adjacent to neoplasm	colorectal cancer		EXPRESSION_AND_DESIGN_MATCH	189	0.006718553913520854	LOW_GENES
SC002	E-MTAB-8410	SAMEA6057408-ATCACGATCTTCCTTC	Homo sapiens	SC029	colon	normal tissue adjacent to neoplasm	colorectal cancer		EXPRESSION_AND_DESIGN_MATCH	225	0.004836683262685937	LOW_GENES
SC002	E-MTAB-8410	SAMEA6057408-ATCTGCCCAGGTGGAT	Homo sapiens	SC029	colon	normal tissue adjacent to neoplasm	colorectal cancer		EXPRESSION_AND_DESIGN_MATCH	256	0.00465102989055519	LOW_GENES
SC002	E-MTAB-8410	SAMEA6057408-ATTCTACCATGTTCCC	Homo sapiens	SC029	colon	normal tissue adjacent to neoplasm	colorectal cancer		EXPRESSION_AND_DESIGN_MATCH	293	0.010028731219383637	LOW_GENES
SC002	E-MTAB-8410	SAMEA6057408-ATTGGTGTCAACACCA	Homo sapiens	SC029	colon	normal tissue adjacent to neoplasm	colorectal cancer		EXPRESSION_AND_DESIGN_MATCH	275	0.005674939476861384	LOW_GENES
SC002	E-MTAB-8410	SAMEA6057408-CACACCTTCATAAAGG	Homo sapiens	SC029	colon	normal tissue adjacent to neoplasm	colorectal cancer		EXPRESSION_AND_DESIGN_MATCH	269	0.006330299246540811	LOW_GENES
SC002	E-MTAB-8410	SAMEA6057408-CACATAGAGCAATCTC	Homo sapiens	SC029	colon	normal tissue adjacent to neoplasm	colorectal cancer		EXPRESSION_AND_DESIGN_MATCH	209	0.01172693911961478	LOW_GENES
SC002	E-MTAB-8410	SAMEA6057408-CCAATCCGTTCCAACA	Homo sapiens	SC029	colon	normal tissue adjacent to neoplasm	colorectal cancer		EXPRESSION_AND_DESIGN_MATCH	103	0.01095739496216148	LOW_GENES
SC002	E-MTAB-8410	SAMEA6057408-CGAATGTTCTCATTCA	Homo sapiens	SC029	colon	normal tissue adjacent to neoplasm	colorectal cancer		EXPRESSION_AND_DESIGN_MATCH	164	0.0022547914298985334	LOW_GENES
SC002	E-MTAB-8410	SAMEA6057408-CGATGTAAGCGGATCA	Homo sapiens	SC029	colon	normal tissue adjacent to neoplasm	colorectal cancer		EXPRESSION_AND_DESIGN_MATCH	212	0.005214127300267668	LOW_GENES
SC002	E-MTAB-8410	SAMEA6057408-CGCCAAGAGCTTCGCG	Homo sapiens	SC029	colon	normal tissue adjacent to neoplasm	colorectal cancer		EXPRESSION_AND_DESIGN_MATCH	276	0.011420059572714986	LOW_GENES
SC002	E-MTAB-8410	SAMEA6057408-CGGACACCAAACGCGA	Homo sapiens	SC029	colon	normal tissue adjacent to neoplasm	colorectal cancer		EXPRESSION_AND_DESIGN_MATCH	158	0.008915907459363723	LOW_GENES
SC002	E-MTAB-8410	SAMEA6057408-CGGAGCTGTTCCTCCA	Homo sapiens	SC029	colon	normal tissue adjacent to neoplasm	colorectal cancer		EXPRESSION_AND_DESIGN_MATCH	263	0.007275991874525251	LOW_GENES
SC002	E-MTAB-8410	SAMEA6057408-CGTCCATAGACAGGCT	Homo sapiens	SC029	colon	normal tissue adjacent to neoplasm	colorectal cancer		EXPRESSION_AND_DESIGN_MATCH	155	0.010604559284357122	LOW_GENES
SC002	E-MTAB-8410	SAMEA6057408-CGTGTCTGTGACGCCT	Homo sapiens	SC029	colon	normal tissue adjacent to neoplasm	colorectal cancer		EXPRESSION_AND_DESIGN_MATCH	284	0.011837333440550843	LOW_GENES
SC002	E-MTAB-8410	SAMEA6057408-CGTTAGAGTAAGGGAA	Homo sapiens	SC029	colon	normal tissue adjacent to neoplasm	colorectal cancer		EXPRESSION_AND_DESIGN_MATCH	225	0.00880310973808751	LOW_GENES
SC002	E-MTAB-8410	SAMEA6057408-CTAACTTTCTCCAGGG	Homo sapiens	SC029	colon	normal tissue adjacent to neoplasm	colorectal cancer		EXPRESSION_AND_DESIGN_MATCH	289	0.004543389166060894	LOW_GENES
SC002	E-MTAB-8410	SAMEA6057408-CTGCGGATCTCTTATG	Homo sapiens	SC029	colon	normal tissue adjacent to neoplasm	colorectal cancer		EXPRESSION_AND_DESIGN_MATCH	241	0.009624197799482124	LOW_GENES
SC002	E-MTAB-8410	SAMEA6057408-CTGTTTACACCGATAT	Homo sapiens	SC029	colon	normal tissue adjacent to neoplasm	colorectal cancer		EXPRESSION_AND_DESIGN_MATCH	219	0.007053942150433601	LOW_GENES
SC002	E-MTAB-8410	SAMEA6057408-CTTCTCTCATCGGACC	Homo sapiens	SC029	colon	normal tissue adjacent to neoplasm	colorectal cancer		EXPRESSION_AND_DESIGN_MATCH	284	0.0035460993245390086	LOW_GENES
SC002	E-MTAB-8410	SAMEA6057408-CTTTGCGGTCCGACGT	Homo sapiens	SC029	colon	normal tissue adjacent to neoplasm	colorectal cancer		EXPRESSION_AND_DESIGN_MATCH	123	0.011696202576032919	LOW_GENES
SC002	E-MTAB-8410	SAMEA6057408-GAAACTCCAAGTCTAC	Homo sapiens	SC029	colon	normal tissue adjacent to neoplasm	colorectal cancer		EXPRESSION_AND_DESIGN_MATCH	266	0.014252061008147158	LOW_GENES
SC002	E-MTAB-8410	SAMEA6057408-GACGTTAAGTACACCT	Homo sapiens	SC029	colon	normal tissue adjacent to neoplasm	colorectal cancer		EXPRESSION_AND_DESIGN_MATCH	233	0.016026587919312416	LOW_GENES
SC002	E-MTAB-8410	SAMEA6057408-GACGTTATCAGTTAGC	Homo sapiens	SC029	colon	normal tissue adjacent to neoplasm	colorectal cancer		EXPRESSION_AND_DESIGN_MATCH	275	0.013823222092459512	LOW_GENES
SC002	E-MTAB-8410	SAMEA6057408-GAGGTGATCAGAGACG	Homo sapiens	SC029	colon	normal tissue adjacent to neoplasm	colorectal cancer		EXPRESSION_AND_DESIGN_MATCH	200	0.006895450764169343	LOW_GENES
SC002	E-MTAB-8410	SAMEA6057408-GCATACCTCGGCCGAT	Homo sapiens	SC029	colon	normal tissue adjacent to neoplasm	colorectal cancer		EXPRESSION_AND_DESIGN_MATCH	220	0.0012706480506840339	LOW_GENES
SC002	E-MTAB-8410	SAMEA6057408-GCATGATGTTTACTCT	Homo sapiens	SC029	colon	normal tissue adjacent to neoplasm	colorectal cancer		EXPRESSION_AND_DESIGN_MATCH	128	0.008136347984035721	LOW_GENES
SC002	E-MTAB-8410	SAMEA6057408-GCGCAGTAGATCGGGT	Homo sapiens	SC029	colon	normal tissue adjacent to neoplasm	colorectal cancer		EXPRESSION_AND_DESIGN_MATCH	177	0.012313169867192808	LOW_GENES
SC002	E-MTAB-8410	SAMEA6057408-GCTGCGAGTAAGTAGT	Homo sapiens	SC029	colon	normal tissue adjacent to neoplasm	colorectal cancer		EXPRESSION_AND_DESIGN_MATCH	246	0.00750639263109132	LOW_GENES
SC002	E-MTAB-8410	SAMEA6057408-GCTGGGTAGTCCATAC	Homo sapiens	SC029	colon	normal tissue adjacent to neoplasm	colorectal cancer		EXPRESSION_AND_DESIGN_MATCH	262	0.012021475208836056	LOW_GENES
SC002	E-MTAB-8410	SAMEA6057408-GGACGTCAGGGCTCTC	Homo sapiens	SC029	colon	normal tissue adjacent to neoplasm	colorectal cancer		EXPRESSION_AND_DESIGN_MATCH	278	0.012537612855416252	LOW_GENES
SC002	E-MTAB-8410	SAMEA6057408-GGGTCTGAGTGACATA	Homo sapiens	SC029	colon	normal tissue adjacent to neoplasm	colorectal cancer		EXPRESSION_AND_DESIGN_MATCH	284	0.005383734163809273	LOW_GENES
SC002	E-MTAB-8410	SAMEA6057408-GGTATTGAGTGGGATC	Homo sapiens	SC029	colon	normal tissue adjacent to neoplasm	colorectal cancer		EXPRESSION_AND_DESIGN_MATCH	215	0.002262443450475112	LOW_GENES
SC002	E-MTAB-8410	SAMEA6057408-GTAACGTTCCTTTACA	Homo sapiens	SC029	colon	normal tissue adjacent to neoplasm	colorectal cancer		EXPRESSION_AND_DESIGN_MATCH	124	0.0011074197368549292	LOW_GENES
SC002	E-MTAB-8410	SAMEA6057408-GTACTTTTCCACGTGG	Homo sapiens	SC029	colon	normal tissue adjacent to neoplasm	colorectal cancer		EXPRESSION_AND_DESIGN_MATCH	154	0.013275791396648168	LOW_GENES
SC002	E-MTAB-8410	SAMEA6057408-GTAGGCCAGTAAGTAC	Homo sapiens	SC029	colon	normal tissue adjacent to neoplasm	colorectal cancer		EXPRESSION_AND_DESIGN_MATCH	277	0.01121434580517349	LOW_GENES
SC002	E-MTAB-8410	SAMEA6057408-GTATTCTAGGCATGGT	Homo sapiens	SC029	colon	normal tissue adjacent to neoplasm	colorectal cancer		EXPRESSION_AND_DESIGN_MATCH	153	0.00840812927114152	LOW_GENES
SC002	E-MTAB-8410	SAMEA6057408-GTATTCTTCGTCCAGG	Homo sapiens	SC029	colon	normal tissue adjacent to neoplasm	colorectal cancer		EXPRESSION_AND_DESIGN_MATCH	190	0.008284023653916025	LOW_GENES
SC002	E-MTAB-8410	SAMEA6057408-GTTCGGGAGTCACGCC	Homo sapiens	SC029	colon	normal tissue adjacent to neoplasm	colorectal cancer		EXPRESSION_AND_DESIGN_MATCH	287	0.003298152992744063	LOW_GENES
SC002	E-MTAB-8410	SAMEA6057408-TCAATCTAGTAGATGT	Homo sapiens	SC029	colon	normal tissue adjacent to neoplasm	colorectal cancer		EXPRESSION_AND_DESIGN_MATCH	297	0.008034894172123512	LOW_GENES
SC002	E-MTAB-8410	SAMEA6057408-TCAGATGCAACTGCGC	Homo sapiens	SC029	colon	normal tissue adjacent to neoplasm	colorectal cancer		EXPRESSION_AND_DESIGN_MATCH	251	0.011038234399518034	LOW_GENES
SC002	E-MTAB-8410	SAMEA6057408-TCGGGACTCTTTACAC	Homo sapiens	SC029	colon	normal tissue adjacent to neoplasm	colorectal cancer		EXPRESSION_AND_DESIGN_MATCH	232	0.010477298834722596	LOW_GENES
SC002	E-MTAB-8410	SAMEA6057408-TCTGGAAGTAGCGTAG	Homo sapiens	SC029	colon	normal tissue adjacent to neoplasm	colorectal cancer		EXPRESSION_AND_DESIGN_MATCH	247	0.010838206365172723	LOW_GENES
SC002	E-MTAB-8410	SAMEA6057408-TCTTCGGGTCCAAGTT	Homo sapiens	SC029	colon	normal tissue adjacent to neoplasm	colorectal cancer		EXPRESSION_AND_DESIGN_MATCH	152	0.007123775358878	LOW_GENES
SC002	E-MTAB-8410	SAMEA6057408-TCTTTCCTCATGCATG	Homo sapiens	SC029	colon	normal tissue adjacent to neoplasm	colorectal cancer		EXPRESSION_AND_DESIGN_MATCH	263	0.00588941801131232	LOW_GENES
SC002	E-MTAB-8410	SAMEA6057408-TGACTTTTCGTGGTCG	Homo sapiens	SC029	colon	normal tissue adjacent to neoplasm	colorectal cancer		EXPRESSION_AND_DESIGN_MATCH	215	0.015564579337843013	LOW_GENES
SC002	E-MTAB-8410	SAMEA6057408-TGGCCAGAGACTCGGA	Homo sapiens	SC029	colon	normal tissue adjacent to neoplasm	colorectal cancer		EXPRESSION_AND_DESIGN_MATCH	244	0.0033259424143902445	LOW_GENES
SC002	E-MTAB-8410	SAMEA6057408-TGGCTGGGTATTCGTG	Homo sapiens	SC029	colon	normal tissue adjacent to neoplasm	colorectal cancer		EXPRESSION_AND_DESIGN_MATCH	173	0.007341270230434704	LOW_GENES
SC002	E-MTAB-8410	SAMEA6057408-TGTTCCGGTAACGTTC	Homo sapiens	SC029	colon	normal tissue adjacent to neoplasm	colorectal cancer		EXPRESSION_AND_DESIGN_MATCH	63	0.005786163310636506	LOW_GENES
SC002	E-MTAB-8410	SAMEA6057408-TTAGTTCTCATGGTCA	Homo sapiens	SC029	colon	normal tissue adjacent to neoplasm	colorectal cancer		EXPRESSION_AND_DESIGN_MATCH	114	0.00549267646430759	LOW_GENES
SC002	E-MTAB-8410	SAMEA6057408-TTCTCAATCTCGTTTA	Homo sapiens	SC029	colon	normal tissue adjacent to neoplasm	colorectal cancer		EXPRESSION_AND_DESIGN_MATCH	291	0.012516468849393942	LOW_GENES
SC002	E-MTAB-8410	SAMEA6057408-TTGCGTCTCATGCAAC	Homo sapiens	SC029	colon	normal tissue adjacent to neoplasm	colorectal cancer		EXPRESSION_AND_DESIGN_MATCH	225	0.007263922489975789	LOW_GENES
SC002	E-MTAB-8410	SAMEA6057408-TTTGCGCTCTGTCCGT	Homo sapiens	SC029	colon	normal tissue adjacent to neoplasm	colorectal cancer		EXPRESSION_AND_DESIGN_MATCH	226	0.0066239318763076874	LOW_GENES
SC002	E-MTAB-8410	SAMEA6057411-ATTACTCGTCGGCACT	Homo sapiens	SC030 (KUL30)	ascending colon	normal tissue adjacent to neoplasm	colorectal cancer		EXPRESSION_AND_DESIGN_MATCH	210	0.003541912688991239	LOW_GENES
SC002	E-MTAB-8410	SAMEA6057411-CCTAGCTAGCGAGAAA	Homo sapiens	SC030 (KUL30)	ascending colon	normal tissue adjacent to neoplasm	colorectal cancer		EXPRESSION_AND_DESIGN_MATCH	258	0.004187604674327884	LOW_GENES
SC002	E-MTAB-8410	SAMEA6057411-TACGGGCGTGCAGGTA	Homo sapiens	SC030 (KUL30)	ascending colon	normal tissue adjacent to neoplasm	colorectal cancer		EXPRESSION_AND_DESIGN_MATCH	1184	0.11929421029026054	HIGH_MITO
SC002	E-MTAB-8410	SAMEA6057411-TCGCGAGGTGCTGTAT	Homo sapiens	SC030 (KUL30)	ascending colon	normal tissue adjacent to neoplasm	colorectal cancer		EXPRESSION_AND_DESIGN_MATCH	273	0.001865671564343288	LOW_GENES
SC002	E-MTAB-8410	SAMEA6057411-TGCGCAGAGTGTACTC	Homo sapiens	SC030 (KUL30)	ascending colon	normal tissue adjacent to neoplasm	colorectal cancer		EXPRESSION_AND_DESIGN_MATCH	257	0.010624170072089744	LOW_GENES
SC002	E-MTAB-8410	SAMEA6057413-ACTTTCACAGTAAGAT	Homo sapiens	SC031 (KUL31)	sigmoid colon	tumour border	colorectal cancer		EXPRESSION_AND_DESIGN_MATCH	728	0.1024844424304307	HIGH_MITO
SC002	E-MTAB-8410	SAMEA6057413-TACACGATCTGGTATG	Homo sapiens	SC031 (KUL31)	sigmoid colon	tumour border	colorectal cancer		EXPRESSION_AND_DESIGN_MATCH	282	0.0	LOW_GENES
SC002	E-MTAB-8410	SAMEA6057414-ACCGTAATCCAAAGTC	Homo sapiens	SC031 (KUL31)	sigmoid colon	normal tissue adjacent to neoplasm	colorectal cancer		EXPRESSION_AND_DESIGN_MATCH	247	0.001322750801933684	LOW_GENES
SC002	E-MTAB-8410	SAMEA6057414-CTCGAGGGTCATATGC	Homo sapiens	SC031 (KUL31)	sigmoid colon	normal tissue adjacent to neoplasm	colorectal cancer		EXPRESSION_AND_DESIGN_MATCH	260	0.002540650424943699	LOW_GENES
SC002	E-MTAB-8410	SAMEA6057414-GGCGACTTCTTAACCT	Homo sapiens	SC031 (KUL31)	sigmoid colon	normal tissue adjacent to neoplasm	colorectal cancer		EXPRESSION_AND_DESIGN_MATCH	259	0.0008354219011568088	LOW_GENES
SC002	E-MTAB-8410	SAMEA6057414-TTATGCTTCCCTCAGT	Homo sapiens	SC031 (KUL31)	sigmoid colon	normal tissue adjacent to neoplasm	colorectal cancer		EXPRESSION_AND_DESIGN_MATCH	244	0.0	LOW_GENES
SC002	E-MTAB-8410	SAMEA6057414-TTTGCGCCAATGCCAT	Homo sapiens	SC031 (KUL31)	sigmoid colon	normal tissue adjacent to neoplasm	colorectal cancer		EXPRESSION_AND_DESIGN_MATCH	299	0.0004646840290480491	LOW_GENES
SC002	E-MTAB-8410	SAMEA6057414-TTTGCGCTCAAACAAG	Homo sapiens	SC031 (KUL31)	sigmoid colon	normal tissue adjacent to neoplasm	colorectal cancer		EXPRESSION_AND_DESIGN_MATCH	289	0.0	LOW_GENES
SC003	E-GEOD-75688	SRR2973496	Homo sapiens	BC07LN	lymph node	metastasis to lymph node	breast carcinoma	triple-negative breast cancer	EXPRESSION_AND_DESIGN_MATCH	2926	0.016267193844290546	LOW_GENES
SC003	E-GEOD-75688	SRR5023384	Homo sapiens	BC01	breast	primary tumor	breast carcinoma	estrogen-receptor positive breast cancer	EXPRESSION_AND_DESIGN_MATCH	3678	0.10856864561894347	HIGH_MITO
SC003	E-GEOD-75688	SRR5023396	Homo sapiens	BC02	breast	primary tumor	breast carcinoma	estrogen-receptor positive breast cancer	EXPRESSION_AND_DESIGN_MATCH	9070	0.13243630079708704	HIGH_MITO
SC003	E-GEOD-75688	SRR5023448	Homo sapiens	BC04	breast	primary tumor	breast carcinoma	HER2 positive breast carcinoma	EXPRESSION_AND_DESIGN_MATCH	11268	0.1530229751753279	HIGH_MITO
SC003	E-GEOD-75688	SRR5023560	Homo sapiens	BC07	breast	primary tumor	breast carcinoma	triple-negative breast cancer	EXPRESSION_AND_DESIGN_MATCH	10120	0.11437091458792464	HIGH_MITO
SC004	E-MTAB-8559	SAMEA6492742-AAGCATCCATCCGAGC	Homo sapiens	74-1	peritoneal fluid		ovarian carcinoma		EXPRESSION_AND_DESIGN_MATCH	1018	0.14728935389411196	HIGH_MITO
SC004	E-MTAB-8559	SAMEA6492742-CAGCGTGTCTGCATGA	Homo sapiens	74-1	peritoneal fluid		ovarian carcinoma		EXPRESSION_AND_DESIGN_MATCH	451	0.07810150227323676	LOW_GENES
SC004	E-MTAB-8559	SAMEA6492742-CCTTTGGAGGTCATAA	Homo sapiens	74-1	peritoneal fluid		ovarian carcinoma		EXPRESSION_AND_DESIGN_MATCH	1941	0.13788741266924126	HIGH_MITO
SC004	E-MTAB-8559	SAMEA6492742-CGCCAGACATCCTGTC	Homo sapiens	74-1	peritoneal fluid		ovarian carcinoma		EXPRESSION_AND_DESIGN_MATCH	747	0.10135022425074466	HIGH_MITO
SC004	E-MTAB-8559	SAMEA6492742-CTCAGAATCTTCGACC	Homo sapiens	74-1	peritoneal fluid		ovarian carcinoma		EXPRESSION_AND_DESIGN_MATCH	3399	0.11570884483736893	HIGH_MITO
SC004	E-MTAB-8559	SAMEA6492742-CTTAGGATCGCGCCAA	Homo sapiens	74-1	peritoneal fluid		ovarian carcinoma		EXPRESSION_AND_DESIGN_MATCH	3813	0.11822956087680232	HIGH_MITO
SC004	E-MTAB-8559	SAMEA6492742-GCAGCTGGTTAGTTCG	Homo sapiens	74-1	peritoneal fluid		ovarian carcinoma		EXPRESSION_AND_DESIGN_MATCH	486	0.02640306143450967	LOW_GENES
SC004	E-MTAB-8559	SAMEA6492742-TGGGCTGAGGCATGCA	Homo sapiens	74-1	peritoneal fluid		ovarian carcinoma		EXPRESSION_AND_DESIGN_MATCH	796	0.1429339076224218	HIGH_MITO
SC004	E-MTAB-8559	SAMEA6492742-TGTGAGTGTGCTGCAC	Homo sapiens	74-1	peritoneal fluid		ovarian carcinoma		EXPRESSION_AND_DESIGN_MATCH	2303	0.12732772557053781	HIGH_MITO
SC004	E-MTAB-8559	SAMEA6492742-TTTCAGTGTCACTCAA	Homo sapiens	74-1	peritoneal fluid		ovarian carcinoma		EXPRESSION_AND_DESIGN_MATCH	3470	0.10620310842242993	HIGH_MITO
SC004	E-MTAB-8559	SAMEA6492743-GAGGCCTTCTGCACCT	Homo sapiens	79	peritoneal fluid		ovarian carcinoma		EXPRESSION_AND_DESIGN_MATCH	707	0.11487131150278185	HIGH_MITO
SC004	E-MTAB-8559	SAMEA6492743-TGCGGCACACACCGAC	Homo sapiens	79	peritoneal fluid		ovarian carcinoma		EXPRESSION_AND_DESIGN_MATCH	856	0.13358925688709214	HIGH_MITO
