dataset_id	case_id	clinical_file_id	local_path	xml_tag	xml_value	xml_context
SC001	05534064-8b43-4c82-95da-70fd83bd6560	b57fb9b4-1673-4493-a248-9577ad70dc5d	/home/student/Desktop/CEIF/16_multiomics_acquisition_v1/raw/09_CLINICAL/SC001/nationwidechildrens.org_clinical.TCGA-78-7540.xml	vital_status	Alive	tcga_bcr/patient/vital_status
SC001	05534064-8b43-4c82-95da-70fd83bd6560	b57fb9b4-1673-4493-a248-9577ad70dc5d	/home/student/Desktop/CEIF/16_multiomics_acquisition_v1/raw/09_CLINICAL/SC001/nationwidechildrens.org_clinical.TCGA-78-7540.xml	days_to_last_followup	881	tcga_bcr/patient/days_to_last_followup
SC001	05534064-8b43-4c82-95da-70fd83bd6560	b57fb9b4-1673-4493-a248-9577ad70dc5d	/home/student/Desktop/CEIF/16_multiomics_acquisition_v1/raw/09_CLINICAL/SC001/nationwidechildrens.org_clinical.TCGA-78-7540.xml	vital_status	Alive	tcga_bcr/patient/follow_ups/follow_up/vital_status
SC001	05534064-8b43-4c82-95da-70fd83bd6560	b57fb9b4-1673-4493-a248-9577ad70dc5d	/home/student/Desktop/CEIF/16_multiomics_acquisition_v1/raw/09_CLINICAL/SC001/nationwidechildrens.org_clinical.TCGA-78-7540.xml	days_to_last_followup	881	tcga_bcr/patient/follow_ups/follow_up/days_to_last_followup
SC001	05534064-8b43-4c82-95da-70fd83bd6560	b57fb9b4-1673-4493-a248-9577ad70dc5d	/home/student/Desktop/CEIF/16_multiomics_acquisition_v1/raw/09_CLINICAL/SC001/nationwidechildrens.org_clinical.TCGA-78-7540.xml	vital_status	Dead	tcga_bcr/patient/follow_ups/follow_up/vital_status
SC001	05534064-8b43-4c82-95da-70fd83bd6560	b57fb9b4-1673-4493-a248-9577ad70dc5d	/home/student/Desktop/CEIF/16_multiomics_acquisition_v1/raw/09_CLINICAL/SC001/nationwidechildrens.org_clinical.TCGA-78-7540.xml	primary_therapy_outcome_success	Complete Remission/Response	tcga_bcr/patient/follow_ups/follow_up/primary_therapy_outcome_success
SC001	05534064-8b43-4c82-95da-70fd83bd6560	b57fb9b4-1673-4493-a248-9577ad70dc5d	/home/student/Desktop/CEIF/16_multiomics_acquisition_v1/raw/09_CLINICAL/SC001/nationwidechildrens.org_clinical.TCGA-78-7540.xml	days_to_death	1197	tcga_bcr/patient/follow_ups/follow_up/days_to_death
SC001	096bd95f-9900-4db2-b1c4-103902c3b31f	4299a677-458d-4324-989b-89edbdb8761d	/home/student/Desktop/CEIF/16_multiomics_acquisition_v1/raw/09_CLINICAL/SC001/nationwidechildrens.org_clinical.TCGA-J2-A4AD.xml	vital_status	Alive	tcga_bcr/patient/vital_status
SC001	096bd95f-9900-4db2-b1c4-103902c3b31f	4299a677-458d-4324-989b-89edbdb8761d	/home/student/Desktop/CEIF/16_multiomics_acquisition_v1/raw/09_CLINICAL/SC001/nationwidechildrens.org_clinical.TCGA-J2-A4AD.xml	days_to_last_followup	287	tcga_bcr/patient/days_to_last_followup
SC001	096bd95f-9900-4db2-b1c4-103902c3b31f	4299a677-458d-4324-989b-89edbdb8761d	/home/student/Desktop/CEIF/16_multiomics_acquisition_v1/raw/09_CLINICAL/SC001/nationwidechildrens.org_clinical.TCGA-J2-A4AD.xml	new_tumor_event_after_initial_treatment	NO	tcga_bcr/patient/new_tumor_events/new_tumor_event_after_initial_treatment
SC001	096bd95f-9900-4db2-b1c4-103902c3b31f	4299a677-458d-4324-989b-89edbdb8761d	/home/student/Desktop/CEIF/16_multiomics_acquisition_v1/raw/09_CLINICAL/SC001/nationwidechildrens.org_clinical.TCGA-J2-A4AD.xml	vital_status	Dead	tcga_bcr/patient/follow_ups/follow_up/vital_status
SC001	096bd95f-9900-4db2-b1c4-103902c3b31f	4299a677-458d-4324-989b-89edbdb8761d	/home/student/Desktop/CEIF/16_multiomics_acquisition_v1/raw/09_CLINICAL/SC001/nationwidechildrens.org_clinical.TCGA-J2-A4AD.xml	days_to_death	550	tcga_bcr/patient/follow_ups/follow_up/days_to_death
SC001	096bd95f-9900-4db2-b1c4-103902c3b31f	4299a677-458d-4324-989b-89edbdb8761d	/home/student/Desktop/CEIF/16_multiomics_acquisition_v1/raw/09_CLINICAL/SC001/nationwidechildrens.org_clinical.TCGA-J2-A4AD.xml	new_tumor_event_after_initial_treatment	YES	tcga_bcr/patient/follow_ups/follow_up/new_tumor_event_after_initial_treatment
SC001	096bd95f-9900-4db2-b1c4-103902c3b31f	4299a677-458d-4324-989b-89edbdb8761d	/home/student/Desktop/CEIF/16_multiomics_acquisition_v1/raw/09_CLINICAL/SC001/nationwidechildrens.org_clinical.TCGA-J2-A4AD.xml	new_neoplasm_event_type	Locoregional Recurrence	tcga_bcr/patient/follow_ups/follow_up/new_neoplasm_event_types/new_neoplasm_event_type
SC001	096bd95f-9900-4db2-b1c4-103902c3b31f	4299a677-458d-4324-989b-89edbdb8761d	/home/student/Desktop/CEIF/16_multiomics_acquisition_v1/raw/09_CLINICAL/SC001/nationwidechildrens.org_clinical.TCGA-J2-A4AD.xml	new_neoplasm_event_type	Distant Metastasis	tcga_bcr/patient/follow_ups/follow_up/new_neoplasm_event_types/new_neoplasm_event_type
SC001	096bd95f-9900-4db2-b1c4-103902c3b31f	4299a677-458d-4324-989b-89edbdb8761d	/home/student/Desktop/CEIF/16_multiomics_acquisition_v1/raw/09_CLINICAL/SC001/nationwidechildrens.org_clinical.TCGA-J2-A4AD.xml	progression_determined_by	Convincing Imaging	tcga_bcr/patient/follow_ups/follow_up/progression_determined_by_list/progression_determined_by
SC001	0b15fcb8-1fb7-497e-80b9-d3db66a3c0a2	d57dd3ee-3592-4a7a-b5ab-d6d36470e6c1	/home/student/Desktop/CEIF/16_multiomics_acquisition_v1/raw/09_CLINICAL/SC001/nationwidechildrens.org_clinical.TCGA-55-7284.xml	vital_status	Alive	tcga_bcr/patient/vital_status
SC001	0b15fcb8-1fb7-497e-80b9-d3db66a3c0a2	d57dd3ee-3592-4a7a-b5ab-d6d36470e6c1	/home/student/Desktop/CEIF/16_multiomics_acquisition_v1/raw/09_CLINICAL/SC001/nationwidechildrens.org_clinical.TCGA-55-7284.xml	days_to_last_followup	121	tcga_bcr/patient/days_to_last_followup
SC001	0b15fcb8-1fb7-497e-80b9-d3db66a3c0a2	d57dd3ee-3592-4a7a-b5ab-d6d36470e6c1	/home/student/Desktop/CEIF/16_multiomics_acquisition_v1/raw/09_CLINICAL/SC001/nationwidechildrens.org_clinical.TCGA-55-7284.xml	new_tumor_event_after_initial_treatment	NO	tcga_bcr/patient/new_tumor_events/new_tumor_event_after_initial_treatment
SC001	0b15fcb8-1fb7-497e-80b9-d3db66a3c0a2	d57dd3ee-3592-4a7a-b5ab-d6d36470e6c1	/home/student/Desktop/CEIF/16_multiomics_acquisition_v1/raw/09_CLINICAL/SC001/nationwidechildrens.org_clinical.TCGA-55-7284.xml	vital_status	Dead	tcga_bcr/patient/follow_ups/follow_up/vital_status
SC001	0b15fcb8-1fb7-497e-80b9-d3db66a3c0a2	d57dd3ee-3592-4a7a-b5ab-d6d36470e6c1	/home/student/Desktop/CEIF/16_multiomics_acquisition_v1/raw/09_CLINICAL/SC001/nationwidechildrens.org_clinical.TCGA-55-7284.xml	primary_therapy_outcome_success	Complete Remission/Response	tcga_bcr/patient/follow_ups/follow_up/primary_therapy_outcome_success
SC001	0b15fcb8-1fb7-497e-80b9-d3db66a3c0a2	d57dd3ee-3592-4a7a-b5ab-d6d36470e6c1	/home/student/Desktop/CEIF/16_multiomics_acquisition_v1/raw/09_CLINICAL/SC001/nationwidechildrens.org_clinical.TCGA-55-7284.xml	days_to_death	243	tcga_bcr/patient/follow_ups/follow_up/days_to_death
SC001	0b15fcb8-1fb7-497e-80b9-d3db66a3c0a2	d57dd3ee-3592-4a7a-b5ab-d6d36470e6c1	/home/student/Desktop/CEIF/16_multiomics_acquisition_v1/raw/09_CLINICAL/SC001/nationwidechildrens.org_clinical.TCGA-55-7284.xml	new_tumor_event_after_initial_treatment	YES	tcga_bcr/patient/follow_ups/follow_up/new_tumor_event_after_initial_treatment
SC001	0b15fcb8-1fb7-497e-80b9-d3db66a3c0a2	d57dd3ee-3592-4a7a-b5ab-d6d36470e6c1	/home/student/Desktop/CEIF/16_multiomics_acquisition_v1/raw/09_CLINICAL/SC001/nationwidechildrens.org_clinical.TCGA-55-7284.xml	new_neoplasm_event_type	Distant Metastasis	tcga_bcr/patient/follow_ups/follow_up/new_neoplasm_event_types/new_neoplasm_event_type
SC001	0b15fcb8-1fb7-497e-80b9-d3db66a3c0a2	d57dd3ee-3592-4a7a-b5ab-d6d36470e6c1	/home/student/Desktop/CEIF/16_multiomics_acquisition_v1/raw/09_CLINICAL/SC001/nationwidechildrens.org_clinical.TCGA-55-7284.xml	progression_determined_by	Convincing Imaging	tcga_bcr/patient/follow_ups/follow_up/progression_determined_by_list/progression_determined_by
SC001	0b15fcb8-1fb7-497e-80b9-d3db66a3c0a2	d57dd3ee-3592-4a7a-b5ab-d6d36470e6c1	/home/student/Desktop/CEIF/16_multiomics_acquisition_v1/raw/09_CLINICAL/SC001/nationwidechildrens.org_clinical.TCGA-55-7284.xml	followup_treatment_success	Progressive Disease	tcga_bcr/patient/follow_ups/follow_up/followup_treatment_success
SC001	0d66bf6c-eed0-4726-bd5b-3bf6d610b4e0	2486c117-e1ec-4c6f-a095-51a217dbd660	/home/student/Desktop/CEIF/16_multiomics_acquisition_v1/raw/09_CLINICAL/SC001/nationwidechildrens.org_clinical.TCGA-50-6597.xml	vital_status	Alive	tcga_bcr/patient/vital_status
SC001	0d66bf6c-eed0-4726-bd5b-3bf6d610b4e0	2486c117-e1ec-4c6f-a095-51a217dbd660	/home/student/Desktop/CEIF/16_multiomics_acquisition_v1/raw/09_CLINICAL/SC001/nationwidechildrens.org_clinical.TCGA-50-6597.xml	days_to_last_followup	1015	tcga_bcr/patient/days_to_last_followup
SC001	0d66bf6c-eed0-4726-bd5b-3bf6d610b4e0	2486c117-e1ec-4c6f-a095-51a217dbd660	/home/student/Desktop/CEIF/16_multiomics_acquisition_v1/raw/09_CLINICAL/SC001/nationwidechildrens.org_clinical.TCGA-50-6597.xml	vital_status	Dead	tcga_bcr/patient/follow_ups/follow_up/vital_status
SC001	0d66bf6c-eed0-4726-bd5b-3bf6d610b4e0	2486c117-e1ec-4c6f-a095-51a217dbd660	/home/student/Desktop/CEIF/16_multiomics_acquisition_v1/raw/09_CLINICAL/SC001/nationwidechildrens.org_clinical.TCGA-50-6597.xml	primary_therapy_outcome_success	Partial Remission/Response	tcga_bcr/patient/follow_ups/follow_up/primary_therapy_outcome_success
SC001	0d66bf6c-eed0-4726-bd5b-3bf6d610b4e0	2486c117-e1ec-4c6f-a095-51a217dbd660	/home/student/Desktop/CEIF/16_multiomics_acquisition_v1/raw/09_CLINICAL/SC001/nationwidechildrens.org_clinical.TCGA-50-6597.xml	days_to_death	1268	tcga_bcr/patient/follow_ups/follow_up/days_to_death
SC001	0d66bf6c-eed0-4726-bd5b-3bf6d610b4e0	2486c117-e1ec-4c6f-a095-51a217dbd660	/home/student/Desktop/CEIF/16_multiomics_acquisition_v1/raw/09_CLINICAL/SC001/nationwidechildrens.org_clinical.TCGA-50-6597.xml	new_tumor_event_after_initial_treatment	NO	tcga_bcr/patient/follow_ups/follow_up/new_tumor_event_after_initial_treatment
SC001	0d66bf6c-eed0-4726-bd5b-3bf6d610b4e0	2486c117-e1ec-4c6f-a095-51a217dbd660	/home/student/Desktop/CEIF/16_multiomics_acquisition_v1/raw/09_CLINICAL/SC001/nationwidechildrens.org_clinical.TCGA-50-6597.xml	followup_treatment_success	Complete Remission/Response	tcga_bcr/patient/follow_ups/follow_up/followup_treatment_success
SC001	1070ff27-17c9-43dd-a4f6-daa643eb9123	b83ef333-640b-4b8c-a757-f71dc5e1899a	/home/student/Desktop/CEIF/16_multiomics_acquisition_v1/raw/09_CLINICAL/SC001/nationwidechildrens.org_clinical.TCGA-55-8089.xml	vital_status	Alive	tcga_bcr/patient/vital_status
SC001	1070ff27-17c9-43dd-a4f6-daa643eb9123	b83ef333-640b-4b8c-a757-f71dc5e1899a	/home/student/Desktop/CEIF/16_multiomics_acquisition_v1/raw/09_CLINICAL/SC001/nationwidechildrens.org_clinical.TCGA-55-8089.xml	days_to_last_followup	100	tcga_bcr/patient/days_to_last_followup
SC001	1070ff27-17c9-43dd-a4f6-daa643eb9123	b83ef333-640b-4b8c-a757-f71dc5e1899a	/home/student/Desktop/CEIF/16_multiomics_acquisition_v1/raw/09_CLINICAL/SC001/nationwidechildrens.org_clinical.TCGA-55-8089.xml	new_tumor_event_after_initial_treatment	NO	tcga_bcr/patient/new_tumor_events/new_tumor_event_after_initial_treatment
SC001	1070ff27-17c9-43dd-a4f6-daa643eb9123	b83ef333-640b-4b8c-a757-f71dc5e1899a	/home/student/Desktop/CEIF/16_multiomics_acquisition_v1/raw/09_CLINICAL/SC001/nationwidechildrens.org_clinical.TCGA-55-8089.xml	vital_status	Dead	tcga_bcr/patient/follow_ups/follow_up/vital_status
SC001	1070ff27-17c9-43dd-a4f6-daa643eb9123	b83ef333-640b-4b8c-a757-f71dc5e1899a	/home/student/Desktop/CEIF/16_multiomics_acquisition_v1/raw/09_CLINICAL/SC001/nationwidechildrens.org_clinical.TCGA-55-8089.xml	primary_therapy_outcome_success	Complete Remission/Response	tcga_bcr/patient/follow_ups/follow_up/primary_therapy_outcome_success
SC001	1070ff27-17c9-43dd-a4f6-daa643eb9123	b83ef333-640b-4b8c-a757-f71dc5e1899a	/home/student/Desktop/CEIF/16_multiomics_acquisition_v1/raw/09_CLINICAL/SC001/nationwidechildrens.org_clinical.TCGA-55-8089.xml	days_to_death	702	tcga_bcr/patient/follow_ups/follow_up/days_to_death
SC001	1070ff27-17c9-43dd-a4f6-daa643eb9123	b83ef333-640b-4b8c-a757-f71dc5e1899a	/home/student/Desktop/CEIF/16_multiomics_acquisition_v1/raw/09_CLINICAL/SC001/nationwidechildrens.org_clinical.TCGA-55-8089.xml	new_tumor_event_after_initial_treatment	NO	tcga_bcr/patient/follow_ups/follow_up/new_tumor_event_after_initial_treatment
SC001	1070ff27-17c9-43dd-a4f6-daa643eb9123	b83ef333-640b-4b8c-a757-f71dc5e1899a	/home/student/Desktop/CEIF/16_multiomics_acquisition_v1/raw/09_CLINICAL/SC001/nationwidechildrens.org_clinical.TCGA-55-8089.xml	followup_treatment_success	Complete Remission/Response	tcga_bcr/patient/follow_ups/follow_up/followup_treatment_success
SC001	12c27db5-db2f-48dc-a2ca-9557b951f43e	6aacb3f6-6a4a-419f-9022-99380a2e27d8	/home/student/Desktop/CEIF/16_multiomics_acquisition_v1/raw/09_CLINICAL/SC001/nationwidechildrens.org_clinical.TCGA-97-8176.xml	vital_status	Alive	tcga_bcr/patient/vital_status
SC001	12c27db5-db2f-48dc-a2ca-9557b951f43e	6aacb3f6-6a4a-419f-9022-99380a2e27d8	/home/student/Desktop/CEIF/16_multiomics_acquisition_v1/raw/09_CLINICAL/SC001/nationwidechildrens.org_clinical.TCGA-97-8176.xml	days_to_last_followup	252	tcga_bcr/patient/days_to_last_followup
SC001	12c27db5-db2f-48dc-a2ca-9557b951f43e	6aacb3f6-6a4a-419f-9022-99380a2e27d8	/home/student/Desktop/CEIF/16_multiomics_acquisition_v1/raw/09_CLINICAL/SC001/nationwidechildrens.org_clinical.TCGA-97-8176.xml	new_tumor_event_after_initial_treatment	YES	tcga_bcr/patient/new_tumor_events/new_tumor_event_after_initial_treatment
SC001	12c27db5-db2f-48dc-a2ca-9557b951f43e	6aacb3f6-6a4a-419f-9022-99380a2e27d8	/home/student/Desktop/CEIF/16_multiomics_acquisition_v1/raw/09_CLINICAL/SC001/nationwidechildrens.org_clinical.TCGA-97-8176.xml	new_neoplasm_event_type	Distant Metastasis	tcga_bcr/patient/new_tumor_events/new_tumor_event/new_neoplasm_event_types/new_neoplasm_event_type
SC001	12c27db5-db2f-48dc-a2ca-9557b951f43e	6aacb3f6-6a4a-419f-9022-99380a2e27d8	/home/student/Desktop/CEIF/16_multiomics_acquisition_v1/raw/09_CLINICAL/SC001/nationwidechildrens.org_clinical.TCGA-97-8176.xml	progression_determined_by	Biopsy with Histologic Confirmation	tcga_bcr/patient/new_tumor_events/new_tumor_event/progression_determined_by_list/progression_determined_by
SC001	12c27db5-db2f-48dc-a2ca-9557b951f43e	6aacb3f6-6a4a-419f-9022-99380a2e27d8	/home/student/Desktop/CEIF/16_multiomics_acquisition_v1/raw/09_CLINICAL/SC001/nationwidechildrens.org_clinical.TCGA-97-8176.xml	vital_status	Dead	tcga_bcr/patient/follow_ups/follow_up/vital_status
SC001	12c27db5-db2f-48dc-a2ca-9557b951f43e	6aacb3f6-6a4a-419f-9022-99380a2e27d8	/home/student/Desktop/CEIF/16_multiomics_acquisition_v1/raw/09_CLINICAL/SC001/nationwidechildrens.org_clinical.TCGA-97-8176.xml	primary_therapy_outcome_success	Stable Disease	tcga_bcr/patient/follow_ups/follow_up/primary_therapy_outcome_success
SC001	12c27db5-db2f-48dc-a2ca-9557b951f43e	6aacb3f6-6a4a-419f-9022-99380a2e27d8	/home/student/Desktop/CEIF/16_multiomics_acquisition_v1/raw/09_CLINICAL/SC001/nationwidechildrens.org_clinical.TCGA-97-8176.xml	days_to_death	468	tcga_bcr/patient/follow_ups/follow_up/days_to_death
SC001	12c27db5-db2f-48dc-a2ca-9557b951f43e	6aacb3f6-6a4a-419f-9022-99380a2e27d8	/home/student/Desktop/CEIF/16_multiomics_acquisition_v1/raw/09_CLINICAL/SC001/nationwidechildrens.org_clinical.TCGA-97-8176.xml	new_tumor_event_after_initial_treatment	NO	tcga_bcr/patient/follow_ups/follow_up/new_tumor_event_after_initial_treatment
SC001	12c27db5-db2f-48dc-a2ca-9557b951f43e	6aacb3f6-6a4a-419f-9022-99380a2e27d8	/home/student/Desktop/CEIF/16_multiomics_acquisition_v1/raw/09_CLINICAL/SC001/nationwidechildrens.org_clinical.TCGA-97-8176.xml	followup_treatment_success	Progressive Disease	tcga_bcr/patient/follow_ups/follow_up/followup_treatment_success
SC001	1575148b-0f63-44ee-86fd-93ae1a02be0b	60d5f0c2-8aa0-4448-92f3-141afb00fed7	/home/student/Desktop/CEIF/16_multiomics_acquisition_v1/raw/09_CLINICAL/SC001/nationwidechildrens.org_clinical.TCGA-50-5072.xml	vital_status	Alive	tcga_bcr/patient/vital_status
SC001	1575148b-0f63-44ee-86fd-93ae1a02be0b	60d5f0c2-8aa0-4448-92f3-141afb00fed7	/home/student/Desktop/CEIF/16_multiomics_acquisition_v1/raw/09_CLINICAL/SC001/nationwidechildrens.org_clinical.TCGA-50-5072.xml	days_to_last_followup	246	tcga_bcr/patient/days_to_last_followup
SC001	1575148b-0f63-44ee-86fd-93ae1a02be0b	60d5f0c2-8aa0-4448-92f3-141afb00fed7	/home/student/Desktop/CEIF/16_multiomics_acquisition_v1/raw/09_CLINICAL/SC001/nationwidechildrens.org_clinical.TCGA-50-5072.xml	vital_status	Dead	tcga_bcr/patient/follow_ups/follow_up/vital_status
SC001	1575148b-0f63-44ee-86fd-93ae1a02be0b	60d5f0c2-8aa0-4448-92f3-141afb00fed7	/home/student/Desktop/CEIF/16_multiomics_acquisition_v1/raw/09_CLINICAL/SC001/nationwidechildrens.org_clinical.TCGA-50-5072.xml	primary_therapy_outcome_success	Progressive Disease	tcga_bcr/patient/follow_ups/follow_up/primary_therapy_outcome_success
SC001	1575148b-0f63-44ee-86fd-93ae1a02be0b	60d5f0c2-8aa0-4448-92f3-141afb00fed7	/home/student/Desktop/CEIF/16_multiomics_acquisition_v1/raw/09_CLINICAL/SC001/nationwidechildrens.org_clinical.TCGA-50-5072.xml	days_to_death	250	tcga_bcr/patient/follow_ups/follow_up/days_to_death
SC001	1575148b-0f63-44ee-86fd-93ae1a02be0b	60d5f0c2-8aa0-4448-92f3-141afb00fed7	/home/student/Desktop/CEIF/16_multiomics_acquisition_v1/raw/09_CLINICAL/SC001/nationwidechildrens.org_clinical.TCGA-50-5072.xml	new_tumor_event_after_initial_treatment	YES	tcga_bcr/patient/follow_ups/follow_up/new_tumor_event_after_initial_treatment
SC001	1575148b-0f63-44ee-86fd-93ae1a02be0b	60d5f0c2-8aa0-4448-92f3-141afb00fed7	/home/student/Desktop/CEIF/16_multiomics_acquisition_v1/raw/09_CLINICAL/SC001/nationwidechildrens.org_clinical.TCGA-50-5072.xml	new_neoplasm_event_type	Distant Metastasis	tcga_bcr/patient/follow_ups/follow_up/new_neoplasm_event_types/new_neoplasm_event_type
SC001	1575148b-0f63-44ee-86fd-93ae1a02be0b	60d5f0c2-8aa0-4448-92f3-141afb00fed7	/home/student/Desktop/CEIF/16_multiomics_acquisition_v1/raw/09_CLINICAL/SC001/nationwidechildrens.org_clinical.TCGA-50-5072.xml	progression_determined_by	Convincing Imaging	tcga_bcr/patient/follow_ups/follow_up/progression_determined_by_list/progression_determined_by
SC001	1575148b-0f63-44ee-86fd-93ae1a02be0b	60d5f0c2-8aa0-4448-92f3-141afb00fed7	/home/student/Desktop/CEIF/16_multiomics_acquisition_v1/raw/09_CLINICAL/SC001/nationwidechildrens.org_clinical.TCGA-50-5072.xml	followup_treatment_success	Progressive Disease	tcga_bcr/patient/follow_ups/follow_up/followup_treatment_success
SC001	195a5afb-b79f-44d2-9d12-884487630c2b	c595a541-1c2a-4ce4-9092-13fffa2a24eb	/home/student/Desktop/CEIF/16_multiomics_acquisition_v1/raw/09_CLINICAL/SC001/nationwidechildrens.org_clinical.TCGA-73-4676.xml	vital_status	Alive	tcga_bcr/patient/vital_status
SC001	195a5afb-b79f-44d2-9d12-884487630c2b	c595a541-1c2a-4ce4-9092-13fffa2a24eb	/home/student/Desktop/CEIF/16_multiomics_acquisition_v1/raw/09_CLINICAL/SC001/nationwidechildrens.org_clinical.TCGA-73-4676.xml	days_to_last_followup	122	tcga_bcr/patient/days_to_last_followup
SC001	195a5afb-b79f-44d2-9d12-884487630c2b	c595a541-1c2a-4ce4-9092-13fffa2a24eb	/home/student/Desktop/CEIF/16_multiomics_acquisition_v1/raw/09_CLINICAL/SC001/nationwidechildrens.org_clinical.TCGA-73-4676.xml	vital_status	Alive	tcga_bcr/patient/follow_ups/follow_up/vital_status
SC001	195a5afb-b79f-44d2-9d12-884487630c2b	c595a541-1c2a-4ce4-9092-13fffa2a24eb	/home/student/Desktop/CEIF/16_multiomics_acquisition_v1/raw/09_CLINICAL/SC001/nationwidechildrens.org_clinical.TCGA-73-4676.xml	days_to_last_followup	164	tcga_bcr/patient/follow_ups/follow_up/days_to_last_followup
SC001	195a5afb-b79f-44d2-9d12-884487630c2b	c595a541-1c2a-4ce4-9092-13fffa2a24eb	/home/student/Desktop/CEIF/16_multiomics_acquisition_v1/raw/09_CLINICAL/SC001/nationwidechildrens.org_clinical.TCGA-73-4676.xml	new_tumor_event_after_initial_treatment	NO	tcga_bcr/patient/follow_ups/follow_up/new_tumor_event_after_initial_treatment
SC001	195a5afb-b79f-44d2-9d12-884487630c2b	c595a541-1c2a-4ce4-9092-13fffa2a24eb	/home/student/Desktop/CEIF/16_multiomics_acquisition_v1/raw/09_CLINICAL/SC001/nationwidechildrens.org_clinical.TCGA-73-4676.xml	vital_status	Dead	tcga_bcr/patient/follow_ups/follow_up/vital_status
SC001	195a5afb-b79f-44d2-9d12-884487630c2b	c595a541-1c2a-4ce4-9092-13fffa2a24eb	/home/student/Desktop/CEIF/16_multiomics_acquisition_v1/raw/09_CLINICAL/SC001/nationwidechildrens.org_clinical.TCGA-73-4676.xml	days_to_death	281	tcga_bcr/patient/follow_ups/follow_up/days_to_death
SC001	202e5df9-69f2-432c-a59d-cc5aa176e973	bc2a017e-5584-4afb-b57c-b47967dec351	/home/student/Desktop/CEIF/16_multiomics_acquisition_v1/raw/09_CLINICAL/SC001/nationwidechildrens.org_clinical.TCGA-55-8512.xml	vital_status	Alive	tcga_bcr/patient/vital_status
SC001	202e5df9-69f2-432c-a59d-cc5aa176e973	bc2a017e-5584-4afb-b57c-b47967dec351	/home/student/Desktop/CEIF/16_multiomics_acquisition_v1/raw/09_CLINICAL/SC001/nationwidechildrens.org_clinical.TCGA-55-8512.xml	days_to_last_followup	3	tcga_bcr/patient/days_to_last_followup
SC001	202e5df9-69f2-432c-a59d-cc5aa176e973	bc2a017e-5584-4afb-b57c-b47967dec351	/home/student/Desktop/CEIF/16_multiomics_acquisition_v1/raw/09_CLINICAL/SC001/nationwidechildrens.org_clinical.TCGA-55-8512.xml	new_tumor_event_after_initial_treatment	NO	tcga_bcr/patient/new_tumor_events/new_tumor_event_after_initial_treatment
SC001	202e5df9-69f2-432c-a59d-cc5aa176e973	bc2a017e-5584-4afb-b57c-b47967dec351	/home/student/Desktop/CEIF/16_multiomics_acquisition_v1/raw/09_CLINICAL/SC001/nationwidechildrens.org_clinical.TCGA-55-8512.xml	vital_status	Dead	tcga_bcr/patient/follow_ups/follow_up/vital_status
SC001	202e5df9-69f2-432c-a59d-cc5aa176e973	bc2a017e-5584-4afb-b57c-b47967dec351	/home/student/Desktop/CEIF/16_multiomics_acquisition_v1/raw/09_CLINICAL/SC001/nationwidechildrens.org_clinical.TCGA-55-8512.xml	primary_therapy_outcome_success	Progressive Disease	tcga_bcr/patient/follow_ups/follow_up/primary_therapy_outcome_success
SC001	202e5df9-69f2-432c-a59d-cc5aa176e973	bc2a017e-5584-4afb-b57c-b47967dec351	/home/student/Desktop/CEIF/16_multiomics_acquisition_v1/raw/09_CLINICAL/SC001/nationwidechildrens.org_clinical.TCGA-55-8512.xml	days_to_death	607	tcga_bcr/patient/follow_ups/follow_up/days_to_death
SC001	202e5df9-69f2-432c-a59d-cc5aa176e973	bc2a017e-5584-4afb-b57c-b47967dec351	/home/student/Desktop/CEIF/16_multiomics_acquisition_v1/raw/09_CLINICAL/SC001/nationwidechildrens.org_clinical.TCGA-55-8512.xml	new_tumor_event_after_initial_treatment	NO	tcga_bcr/patient/follow_ups/follow_up/new_tumor_event_after_initial_treatment
SC001	202e5df9-69f2-432c-a59d-cc5aa176e973	bc2a017e-5584-4afb-b57c-b47967dec351	/home/student/Desktop/CEIF/16_multiomics_acquisition_v1/raw/09_CLINICAL/SC001/nationwidechildrens.org_clinical.TCGA-55-8512.xml	followup_treatment_success	Progressive Disease	tcga_bcr/patient/follow_ups/follow_up/followup_treatment_success
SC001	205759a6-6391-491b-9857-0080c3a5871e	4ad4b0b7-9c93-4530-8690-0b19ff102be4	/home/student/Desktop/CEIF/16_multiomics_acquisition_v1/raw/09_CLINICAL/SC001/nationwidechildrens.org_clinical.TCGA-75-5125.xml	vital_status	Alive	tcga_bcr/patient/vital_status
SC001	205759a6-6391-491b-9857-0080c3a5871e	4ad4b0b7-9c93-4530-8690-0b19ff102be4	/home/student/Desktop/CEIF/16_multiomics_acquisition_v1/raw/09_CLINICAL/SC001/nationwidechildrens.org_clinical.TCGA-75-5125.xml	vital_status	Alive	tcga_bcr/patient/follow_ups/follow_up/vital_status
SC001	205759a6-6391-491b-9857-0080c3a5871e	4ad4b0b7-9c93-4530-8690-0b19ff102be4	/home/student/Desktop/CEIF/16_multiomics_acquisition_v1/raw/09_CLINICAL/SC001/nationwidechildrens.org_clinical.TCGA-75-5125.xml	primary_therapy_outcome_success	Complete Remission/Response	tcga_bcr/patient/follow_ups/follow_up/primary_therapy_outcome_success
SC001	205759a6-6391-491b-9857-0080c3a5871e	4ad4b0b7-9c93-4530-8690-0b19ff102be4	/home/student/Desktop/CEIF/16_multiomics_acquisition_v1/raw/09_CLINICAL/SC001/nationwidechildrens.org_clinical.TCGA-75-5125.xml	new_tumor_event_after_initial_treatment	NO	tcga_bcr/patient/follow_ups/follow_up/new_tumor_event_after_initial_treatment
SC001	205759a6-6391-491b-9857-0080c3a5871e	4ad4b0b7-9c93-4530-8690-0b19ff102be4	/home/student/Desktop/CEIF/16_multiomics_acquisition_v1/raw/09_CLINICAL/SC001/nationwidechildrens.org_clinical.TCGA-75-5125.xml	followup_treatment_success	Complete Remission/Response	tcga_bcr/patient/follow_ups/follow_up/followup_treatment_success
SC001	205759a6-6391-491b-9857-0080c3a5871e	4ad4b0b7-9c93-4530-8690-0b19ff102be4	/home/student/Desktop/CEIF/16_multiomics_acquisition_v1/raw/09_CLINICAL/SC001/nationwidechildrens.org_clinical.TCGA-75-5125.xml	vital_status	Dead	tcga_bcr/patient/follow_ups/follow_up/vital_status
SC001	205759a6-6391-491b-9857-0080c3a5871e	4ad4b0b7-9c93-4530-8690-0b19ff102be4	/home/student/Desktop/CEIF/16_multiomics_acquisition_v1/raw/09_CLINICAL/SC001/nationwidechildrens.org_clinical.TCGA-75-5125.xml	primary_therapy_outcome_success	Complete Remission/Response	tcga_bcr/patient/follow_ups/follow_up/primary_therapy_outcome_success
SC001	205759a6-6391-491b-9857-0080c3a5871e	4ad4b0b7-9c93-4530-8690-0b19ff102be4	/home/student/Desktop/CEIF/16_multiomics_acquisition_v1/raw/09_CLINICAL/SC001/nationwidechildrens.org_clinical.TCGA-75-5125.xml	days_to_death	2027	tcga_bcr/patient/follow_ups/follow_up/days_to_death
SC001	205759a6-6391-491b-9857-0080c3a5871e	4ad4b0b7-9c93-4530-8690-0b19ff102be4	/home/student/Desktop/CEIF/16_multiomics_acquisition_v1/raw/09_CLINICAL/SC001/nationwidechildrens.org_clinical.TCGA-75-5125.xml	new_tumor_event_after_initial_treatment	YES	tcga_bcr/patient/follow_ups/follow_up/new_tumor_event_after_initial_treatment
SC001	205759a6-6391-491b-9857-0080c3a5871e	4ad4b0b7-9c93-4530-8690-0b19ff102be4	/home/student/Desktop/CEIF/16_multiomics_acquisition_v1/raw/09_CLINICAL/SC001/nationwidechildrens.org_clinical.TCGA-75-5125.xml	followup_treatment_success	Progressive Disease	tcga_bcr/patient/follow_ups/follow_up/followup_treatment_success
SC001	21fb46f9-4bbb-441c-af19-a687e9138344	4277ee9a-9d5a-4bca-97f4-d51c4283ea4d	/home/student/Desktop/CEIF/16_multiomics_acquisition_v1/raw/09_CLINICAL/SC001/nationwidechildrens.org_clinical.TCGA-49-6742.xml	vital_status	Alive	tcga_bcr/patient/vital_status
SC001	21fb46f9-4bbb-441c-af19-a687e9138344	4277ee9a-9d5a-4bca-97f4-d51c4283ea4d	/home/student/Desktop/CEIF/16_multiomics_acquisition_v1/raw/09_CLINICAL/SC001/nationwidechildrens.org_clinical.TCGA-49-6742.xml	vital_status	Alive	tcga_bcr/patient/follow_ups/follow_up/vital_status
SC001	21fb46f9-4bbb-441c-af19-a687e9138344	4277ee9a-9d5a-4bca-97f4-d51c4283ea4d	/home/student/Desktop/CEIF/16_multiomics_acquisition_v1/raw/09_CLINICAL/SC001/nationwidechildrens.org_clinical.TCGA-49-6742.xml	primary_therapy_outcome_success	Progressive Disease	tcga_bcr/patient/follow_ups/follow_up/primary_therapy_outcome_success
SC001	21fb46f9-4bbb-441c-af19-a687e9138344	4277ee9a-9d5a-4bca-97f4-d51c4283ea4d	/home/student/Desktop/CEIF/16_multiomics_acquisition_v1/raw/09_CLINICAL/SC001/nationwidechildrens.org_clinical.TCGA-49-6742.xml	days_to_last_followup	445	tcga_bcr/patient/follow_ups/follow_up/days_to_last_followup
SC001	21fb46f9-4bbb-441c-af19-a687e9138344	4277ee9a-9d5a-4bca-97f4-d51c4283ea4d	/home/student/Desktop/CEIF/16_multiomics_acquisition_v1/raw/09_CLINICAL/SC001/nationwidechildrens.org_clinical.TCGA-49-6742.xml	new_tumor_event_after_initial_treatment	YES	tcga_bcr/patient/follow_ups/follow_up/new_tumor_event_after_initial_treatment
SC001	21fb46f9-4bbb-441c-af19-a687e9138344	4277ee9a-9d5a-4bca-97f4-d51c4283ea4d	/home/student/Desktop/CEIF/16_multiomics_acquisition_v1/raw/09_CLINICAL/SC001/nationwidechildrens.org_clinical.TCGA-49-6742.xml	vital_status	Dead	tcga_bcr/patient/follow_ups/follow_up/vital_status
SC001	21fb46f9-4bbb-441c-af19-a687e9138344	4277ee9a-9d5a-4bca-97f4-d51c4283ea4d	/home/student/Desktop/CEIF/16_multiomics_acquisition_v1/raw/09_CLINICAL/SC001/nationwidechildrens.org_clinical.TCGA-49-6742.xml	primary_therapy_outcome_success	Progressive Disease	tcga_bcr/patient/follow_ups/follow_up/primary_therapy_outcome_success
SC001	21fb46f9-4bbb-441c-af19-a687e9138344	4277ee9a-9d5a-4bca-97f4-d51c4283ea4d	/home/student/Desktop/CEIF/16_multiomics_acquisition_v1/raw/09_CLINICAL/SC001/nationwidechildrens.org_clinical.TCGA-49-6742.xml	days_to_death	488	tcga_bcr/patient/follow_ups/follow_up/days_to_death
SC001	21fb46f9-4bbb-441c-af19-a687e9138344	4277ee9a-9d5a-4bca-97f4-d51c4283ea4d	/home/student/Desktop/CEIF/16_multiomics_acquisition_v1/raw/09_CLINICAL/SC001/nationwidechildrens.org_clinical.TCGA-49-6742.xml	new_tumor_event_after_initial_treatment	YES	tcga_bcr/patient/follow_ups/follow_up/new_tumor_event_after_initial_treatment
SC001	21fb46f9-4bbb-441c-af19-a687e9138344	4277ee9a-9d5a-4bca-97f4-d51c4283ea4d	/home/student/Desktop/CEIF/16_multiomics_acquisition_v1/raw/09_CLINICAL/SC001/nationwidechildrens.org_clinical.TCGA-49-6742.xml	new_neoplasm_event_type	Distant Metastasis	tcga_bcr/patient/follow_ups/follow_up/new_neoplasm_event_types/new_neoplasm_event_type
SC001	21fb46f9-4bbb-441c-af19-a687e9138344	4277ee9a-9d5a-4bca-97f4-d51c4283ea4d	/home/student/Desktop/CEIF/16_multiomics_acquisition_v1/raw/09_CLINICAL/SC001/nationwidechildrens.org_clinical.TCGA-49-6742.xml	followup_treatment_success	Progressive Disease	tcga_bcr/patient/follow_ups/follow_up/followup_treatment_success
SC001	23069f19-eba5-4ea5-ae7d-1ee4399ce7c1	d0f3caf7-8a2f-40a9-a556-d9674b735c09	/home/student/Desktop/CEIF/16_multiomics_acquisition_v1/raw/09_CLINICAL/SC001/nationwidechildrens.org_clinical.TCGA-75-6212.xml	vital_status	Alive	tcga_bcr/patient/vital_status
SC001	23069f19-eba5-4ea5-ae7d-1ee4399ce7c1	d0f3caf7-8a2f-40a9-a556-d9674b735c09	/home/student/Desktop/CEIF/16_multiomics_acquisition_v1/raw/09_CLINICAL/SC001/nationwidechildrens.org_clinical.TCGA-75-6212.xml	vital_status	Alive	tcga_bcr/patient/follow_ups/follow_up/vital_status
SC001	23069f19-eba5-4ea5-ae7d-1ee4399ce7c1	d0f3caf7-8a2f-40a9-a556-d9674b735c09	/home/student/Desktop/CEIF/16_multiomics_acquisition_v1/raw/09_CLINICAL/SC001/nationwidechildrens.org_clinical.TCGA-75-6212.xml	primary_therapy_outcome_success	Complete Remission/Response	tcga_bcr/patient/follow_ups/follow_up/primary_therapy_outcome_success
SC001	23069f19-eba5-4ea5-ae7d-1ee4399ce7c1	d0f3caf7-8a2f-40a9-a556-d9674b735c09	/home/student/Desktop/CEIF/16_multiomics_acquisition_v1/raw/09_CLINICAL/SC001/nationwidechildrens.org_clinical.TCGA-75-6212.xml	new_tumor_event_after_initial_treatment	YES	tcga_bcr/patient/follow_ups/follow_up/new_tumor_event_after_initial_treatment
SC001	23069f19-eba5-4ea5-ae7d-1ee4399ce7c1	d0f3caf7-8a2f-40a9-a556-d9674b735c09	/home/student/Desktop/CEIF/16_multiomics_acquisition_v1/raw/09_CLINICAL/SC001/nationwidechildrens.org_clinical.TCGA-75-6212.xml	followup_treatment_success	Complete Remission/Response	tcga_bcr/patient/follow_ups/follow_up/followup_treatment_success
SC001	23069f19-eba5-4ea5-ae7d-1ee4399ce7c1	d0f3caf7-8a2f-40a9-a556-d9674b735c09	/home/student/Desktop/CEIF/16_multiomics_acquisition_v1/raw/09_CLINICAL/SC001/nationwidechildrens.org_clinical.TCGA-75-6212.xml	vital_status	Dead	tcga_bcr/patient/follow_ups/follow_up/vital_status
SC001	23069f19-eba5-4ea5-ae7d-1ee4399ce7c1	d0f3caf7-8a2f-40a9-a556-d9674b735c09	/home/student/Desktop/CEIF/16_multiomics_acquisition_v1/raw/09_CLINICAL/SC001/nationwidechildrens.org_clinical.TCGA-75-6212.xml	primary_therapy_outcome_success	Complete Remission/Response	tcga_bcr/patient/follow_ups/follow_up/primary_therapy_outcome_success
SC001	23069f19-eba5-4ea5-ae7d-1ee4399ce7c1	d0f3caf7-8a2f-40a9-a556-d9674b735c09	/home/student/Desktop/CEIF/16_multiomics_acquisition_v1/raw/09_CLINICAL/SC001/nationwidechildrens.org_clinical.TCGA-75-6212.xml	days_to_death	1516	tcga_bcr/patient/follow_ups/follow_up/days_to_death
SC001	23069f19-eba5-4ea5-ae7d-1ee4399ce7c1	d0f3caf7-8a2f-40a9-a556-d9674b735c09	/home/student/Desktop/CEIF/16_multiomics_acquisition_v1/raw/09_CLINICAL/SC001/nationwidechildrens.org_clinical.TCGA-75-6212.xml	new_tumor_event_after_initial_treatment	YES	tcga_bcr/patient/follow_ups/follow_up/new_tumor_event_after_initial_treatment
SC001	23069f19-eba5-4ea5-ae7d-1ee4399ce7c1	d0f3caf7-8a2f-40a9-a556-d9674b735c09	/home/student/Desktop/CEIF/16_multiomics_acquisition_v1/raw/09_CLINICAL/SC001/nationwidechildrens.org_clinical.TCGA-75-6212.xml	new_neoplasm_event_type	New Primary Tumor	tcga_bcr/patient/follow_ups/follow_up/new_neoplasm_event_types/new_neoplasm_event_type
SC001	23069f19-eba5-4ea5-ae7d-1ee4399ce7c1	d0f3caf7-8a2f-40a9-a556-d9674b735c09	/home/student/Desktop/CEIF/16_multiomics_acquisition_v1/raw/09_CLINICAL/SC001/nationwidechildrens.org_clinical.TCGA-75-6212.xml	followup_treatment_success	Progressive Disease	tcga_bcr/patient/follow_ups/follow_up/followup_treatment_success
SC001	2a394996-809f-459f-a647-d209921ccbd2	70dd6453-ec85-4535-a408-d98fcdc8bd47	/home/student/Desktop/CEIF/16_multiomics_acquisition_v1/raw/09_CLINICAL/SC001/nationwidechildrens.org_clinical.TCGA-73-A9RS.xml	vital_status	Alive	tcga_bcr/patient/vital_status
SC001	2a394996-809f-459f-a647-d209921ccbd2	70dd6453-ec85-4535-a408-d98fcdc8bd47	/home/student/Desktop/CEIF/16_multiomics_acquisition_v1/raw/09_CLINICAL/SC001/nationwidechildrens.org_clinical.TCGA-73-A9RS.xml	days_to_last_followup	305	tcga_bcr/patient/days_to_last_followup
SC001	2a394996-809f-459f-a647-d209921ccbd2	70dd6453-ec85-4535-a408-d98fcdc8bd47	/home/student/Desktop/CEIF/16_multiomics_acquisition_v1/raw/09_CLINICAL/SC001/nationwidechildrens.org_clinical.TCGA-73-A9RS.xml	primary_therapy_outcome_success	Progressive Disease	tcga_bcr/patient/primary_therapy_outcome_success
SC001	2a394996-809f-459f-a647-d209921ccbd2	70dd6453-ec85-4535-a408-d98fcdc8bd47	/home/student/Desktop/CEIF/16_multiomics_acquisition_v1/raw/09_CLINICAL/SC001/nationwidechildrens.org_clinical.TCGA-73-A9RS.xml	new_tumor_event_after_initial_treatment	YES	tcga_bcr/patient/new_tumor_events/new_tumor_event_after_initial_treatment
SC001	2a394996-809f-459f-a647-d209921ccbd2	70dd6453-ec85-4535-a408-d98fcdc8bd47	/home/student/Desktop/CEIF/16_multiomics_acquisition_v1/raw/09_CLINICAL/SC001/nationwidechildrens.org_clinical.TCGA-73-A9RS.xml	new_neoplasm_event_type	Locoregional Recurrence	tcga_bcr/patient/new_tumor_events/new_tumor_event/new_neoplasm_event_types/new_neoplasm_event_type
SC001	2a394996-809f-459f-a647-d209921ccbd2	70dd6453-ec85-4535-a408-d98fcdc8bd47	/home/student/Desktop/CEIF/16_multiomics_acquisition_v1/raw/09_CLINICAL/SC001/nationwidechildrens.org_clinical.TCGA-73-A9RS.xml	progression_determined_by	Convincing Imaging	tcga_bcr/patient/new_tumor_events/new_tumor_event/progression_determined_by_list/progression_determined_by
SC001	2a394996-809f-459f-a647-d209921ccbd2	70dd6453-ec85-4535-a408-d98fcdc8bd47	/home/student/Desktop/CEIF/16_multiomics_acquisition_v1/raw/09_CLINICAL/SC001/nationwidechildrens.org_clinical.TCGA-73-A9RS.xml	vital_status	Dead	tcga_bcr/patient/follow_ups/follow_up/vital_status
SC001	2a394996-809f-459f-a647-d209921ccbd2	70dd6453-ec85-4535-a408-d98fcdc8bd47	/home/student/Desktop/CEIF/16_multiomics_acquisition_v1/raw/09_CLINICAL/SC001/nationwidechildrens.org_clinical.TCGA-73-A9RS.xml	primary_therapy_outcome_success	Progressive Disease	tcga_bcr/patient/follow_ups/follow_up/primary_therapy_outcome_success
SC001	2a394996-809f-459f-a647-d209921ccbd2	70dd6453-ec85-4535-a408-d98fcdc8bd47	/home/student/Desktop/CEIF/16_multiomics_acquisition_v1/raw/09_CLINICAL/SC001/nationwidechildrens.org_clinical.TCGA-73-A9RS.xml	days_to_death	340	tcga_bcr/patient/follow_ups/follow_up/days_to_death
SC001	2a394996-809f-459f-a647-d209921ccbd2	70dd6453-ec85-4535-a408-d98fcdc8bd47	/home/student/Desktop/CEIF/16_multiomics_acquisition_v1/raw/09_CLINICAL/SC001/nationwidechildrens.org_clinical.TCGA-73-A9RS.xml	new_tumor_event_after_initial_treatment	NO	tcga_bcr/patient/follow_ups/follow_up/new_tumor_event_after_initial_treatment
SC001	2a394996-809f-459f-a647-d209921ccbd2	70dd6453-ec85-4535-a408-d98fcdc8bd47	/home/student/Desktop/CEIF/16_multiomics_acquisition_v1/raw/09_CLINICAL/SC001/nationwidechildrens.org_clinical.TCGA-73-A9RS.xml	followup_treatment_success	Progressive Disease	tcga_bcr/patient/follow_ups/follow_up/followup_treatment_success
SC001	2cd8ea73-cb3f-4b17-9b97-fa12eb03b85b	4f0301b0-993d-459e-831a-a09dbdee1e58	/home/student/Desktop/CEIF/16_multiomics_acquisition_v1/raw/09_CLINICAL/SC001/nationwidechildrens.org_clinical.TCGA-55-8299.xml	vital_status	Alive	tcga_bcr/patient/vital_status
SC001	2cd8ea73-cb3f-4b17-9b97-fa12eb03b85b	4f0301b0-993d-459e-831a-a09dbdee1e58	/home/student/Desktop/CEIF/16_multiomics_acquisition_v1/raw/09_CLINICAL/SC001/nationwidechildrens.org_clinical.TCGA-55-8299.xml	days_to_last_followup	216	tcga_bcr/patient/days_to_last_followup
SC001	2cd8ea73-cb3f-4b17-9b97-fa12eb03b85b	4f0301b0-993d-459e-831a-a09dbdee1e58	/home/student/Desktop/CEIF/16_multiomics_acquisition_v1/raw/09_CLINICAL/SC001/nationwidechildrens.org_clinical.TCGA-55-8299.xml	primary_therapy_outcome_success	Complete Remission/Response	tcga_bcr/patient/primary_therapy_outcome_success
SC001	2cd8ea73-cb3f-4b17-9b97-fa12eb03b85b	4f0301b0-993d-459e-831a-a09dbdee1e58	/home/student/Desktop/CEIF/16_multiomics_acquisition_v1/raw/09_CLINICAL/SC001/nationwidechildrens.org_clinical.TCGA-55-8299.xml	new_tumor_event_after_initial_treatment	NO	tcga_bcr/patient/new_tumor_events/new_tumor_event_after_initial_treatment
SC001	2cd8ea73-cb3f-4b17-9b97-fa12eb03b85b	4f0301b0-993d-459e-831a-a09dbdee1e58	/home/student/Desktop/CEIF/16_multiomics_acquisition_v1/raw/09_CLINICAL/SC001/nationwidechildrens.org_clinical.TCGA-55-8299.xml	vital_status	Dead	tcga_bcr/patient/follow_ups/follow_up/vital_status
SC001	2cd8ea73-cb3f-4b17-9b97-fa12eb03b85b	4f0301b0-993d-459e-831a-a09dbdee1e58	/home/student/Desktop/CEIF/16_multiomics_acquisition_v1/raw/09_CLINICAL/SC001/nationwidechildrens.org_clinical.TCGA-55-8299.xml	primary_therapy_outcome_success	Complete Remission/Response	tcga_bcr/patient/follow_ups/follow_up/primary_therapy_outcome_success
SC001	2cd8ea73-cb3f-4b17-9b97-fa12eb03b85b	4f0301b0-993d-459e-831a-a09dbdee1e58	/home/student/Desktop/CEIF/16_multiomics_acquisition_v1/raw/09_CLINICAL/SC001/nationwidechildrens.org_clinical.TCGA-55-8299.xml	days_to_death	469	tcga_bcr/patient/follow_ups/follow_up/days_to_death
SC001	2cd8ea73-cb3f-4b17-9b97-fa12eb03b85b	4f0301b0-993d-459e-831a-a09dbdee1e58	/home/student/Desktop/CEIF/16_multiomics_acquisition_v1/raw/09_CLINICAL/SC001/nationwidechildrens.org_clinical.TCGA-55-8299.xml	new_tumor_event_after_initial_treatment	YES	tcga_bcr/patient/follow_ups/follow_up/new_tumor_event_after_initial_treatment
SC001	2cd8ea73-cb3f-4b17-9b97-fa12eb03b85b	4f0301b0-993d-459e-831a-a09dbdee1e58	/home/student/Desktop/CEIF/16_multiomics_acquisition_v1/raw/09_CLINICAL/SC001/nationwidechildrens.org_clinical.TCGA-55-8299.xml	new_neoplasm_event_type	Distant Metastasis	tcga_bcr/patient/follow_ups/follow_up/new_neoplasm_event_types/new_neoplasm_event_type
SC001	2cd8ea73-cb3f-4b17-9b97-fa12eb03b85b	4f0301b0-993d-459e-831a-a09dbdee1e58	/home/student/Desktop/CEIF/16_multiomics_acquisition_v1/raw/09_CLINICAL/SC001/nationwidechildrens.org_clinical.TCGA-55-8299.xml	progression_determined_by	Convincing Imaging	tcga_bcr/patient/follow_ups/follow_up/progression_determined_by_list/progression_determined_by
SC001	2cd8ea73-cb3f-4b17-9b97-fa12eb03b85b	4f0301b0-993d-459e-831a-a09dbdee1e58	/home/student/Desktop/CEIF/16_multiomics_acquisition_v1/raw/09_CLINICAL/SC001/nationwidechildrens.org_clinical.TCGA-55-8299.xml	followup_treatment_success	Progressive Disease	tcga_bcr/patient/follow_ups/follow_up/followup_treatment_success
SC001	2db08267-d346-4d42-aac0-b76831903253	e673cc92-58b2-4253-8eb9-da1f9c81a090	/home/student/Desktop/CEIF/16_multiomics_acquisition_v1/raw/09_CLINICAL/SC001/nationwidechildrens.org_clinical.TCGA-75-6211.xml	vital_status	Dead	tcga_bcr/patient/vital_status
SC001	2db08267-d346-4d42-aac0-b76831903253	e673cc92-58b2-4253-8eb9-da1f9c81a090	/home/student/Desktop/CEIF/16_multiomics_acquisition_v1/raw/09_CLINICAL/SC001/nationwidechildrens.org_clinical.TCGA-75-6211.xml	vital_status	Dead	tcga_bcr/patient/follow_ups/follow_up/vital_status
SC001	2db08267-d346-4d42-aac0-b76831903253	e673cc92-58b2-4253-8eb9-da1f9c81a090	/home/student/Desktop/CEIF/16_multiomics_acquisition_v1/raw/09_CLINICAL/SC001/nationwidechildrens.org_clinical.TCGA-75-6211.xml	primary_therapy_outcome_success	Complete Remission/Response	tcga_bcr/patient/follow_ups/follow_up/primary_therapy_outcome_success
SC001	2db08267-d346-4d42-aac0-b76831903253	e673cc92-58b2-4253-8eb9-da1f9c81a090	/home/student/Desktop/CEIF/16_multiomics_acquisition_v1/raw/09_CLINICAL/SC001/nationwidechildrens.org_clinical.TCGA-75-6211.xml	new_tumor_event_after_initial_treatment	YES	tcga_bcr/patient/follow_ups/follow_up/new_tumor_event_after_initial_treatment
SC001	2db08267-d346-4d42-aac0-b76831903253	e673cc92-58b2-4253-8eb9-da1f9c81a090	/home/student/Desktop/CEIF/16_multiomics_acquisition_v1/raw/09_CLINICAL/SC001/nationwidechildrens.org_clinical.TCGA-75-6211.xml	followup_treatment_success	Progressive Disease	tcga_bcr/patient/follow_ups/follow_up/followup_treatment_success
SC001	32592562-11fa-435a-b40b-2b242bae53aa	d05a2b4b-20e4-4cac-984c-68d8ea93ee7e	/home/student/Desktop/CEIF/16_multiomics_acquisition_v1/raw/09_CLINICAL/SC001/nationwidechildrens.org_clinical.TCGA-75-6214.xml	vital_status	Alive	tcga_bcr/patient/vital_status
SC001	32592562-11fa-435a-b40b-2b242bae53aa	d05a2b4b-20e4-4cac-984c-68d8ea93ee7e	/home/student/Desktop/CEIF/16_multiomics_acquisition_v1/raw/09_CLINICAL/SC001/nationwidechildrens.org_clinical.TCGA-75-6214.xml	vital_status	Alive	tcga_bcr/patient/follow_ups/follow_up/vital_status
SC001	32592562-11fa-435a-b40b-2b242bae53aa	d05a2b4b-20e4-4cac-984c-68d8ea93ee7e	/home/student/Desktop/CEIF/16_multiomics_acquisition_v1/raw/09_CLINICAL/SC001/nationwidechildrens.org_clinical.TCGA-75-6214.xml	primary_therapy_outcome_success	Complete Remission/Response	tcga_bcr/patient/follow_ups/follow_up/primary_therapy_outcome_success
SC001	32592562-11fa-435a-b40b-2b242bae53aa	d05a2b4b-20e4-4cac-984c-68d8ea93ee7e	/home/student/Desktop/CEIF/16_multiomics_acquisition_v1/raw/09_CLINICAL/SC001/nationwidechildrens.org_clinical.TCGA-75-6214.xml	new_tumor_event_after_initial_treatment	YES	tcga_bcr/patient/follow_ups/follow_up/new_tumor_event_after_initial_treatment
SC001	32592562-11fa-435a-b40b-2b242bae53aa	d05a2b4b-20e4-4cac-984c-68d8ea93ee7e	/home/student/Desktop/CEIF/16_multiomics_acquisition_v1/raw/09_CLINICAL/SC001/nationwidechildrens.org_clinical.TCGA-75-6214.xml	followup_treatment_success	Progressive Disease	tcga_bcr/patient/follow_ups/follow_up/followup_treatment_success
SC001	32592562-11fa-435a-b40b-2b242bae53aa	d05a2b4b-20e4-4cac-984c-68d8ea93ee7e	/home/student/Desktop/CEIF/16_multiomics_acquisition_v1/raw/09_CLINICAL/SC001/nationwidechildrens.org_clinical.TCGA-75-6214.xml	vital_status	Dead	tcga_bcr/patient/follow_ups/follow_up/vital_status
SC001	32592562-11fa-435a-b40b-2b242bae53aa	d05a2b4b-20e4-4cac-984c-68d8ea93ee7e	/home/student/Desktop/CEIF/16_multiomics_acquisition_v1/raw/09_CLINICAL/SC001/nationwidechildrens.org_clinical.TCGA-75-6214.xml	primary_therapy_outcome_success	Complete Remission/Response	tcga_bcr/patient/follow_ups/follow_up/primary_therapy_outcome_success
SC001	32592562-11fa-435a-b40b-2b242bae53aa	d05a2b4b-20e4-4cac-984c-68d8ea93ee7e	/home/student/Desktop/CEIF/16_multiomics_acquisition_v1/raw/09_CLINICAL/SC001/nationwidechildrens.org_clinical.TCGA-75-6214.xml	days_to_death	1115	tcga_bcr/patient/follow_ups/follow_up/days_to_death
SC001	32592562-11fa-435a-b40b-2b242bae53aa	d05a2b4b-20e4-4cac-984c-68d8ea93ee7e	/home/student/Desktop/CEIF/16_multiomics_acquisition_v1/raw/09_CLINICAL/SC001/nationwidechildrens.org_clinical.TCGA-75-6214.xml	new_tumor_event_after_initial_treatment	YES	tcga_bcr/patient/follow_ups/follow_up/new_tumor_event_after_initial_treatment
SC001	32592562-11fa-435a-b40b-2b242bae53aa	d05a2b4b-20e4-4cac-984c-68d8ea93ee7e	/home/student/Desktop/CEIF/16_multiomics_acquisition_v1/raw/09_CLINICAL/SC001/nationwidechildrens.org_clinical.TCGA-75-6214.xml	new_neoplasm_event_type	Distant Metastasis	tcga_bcr/patient/follow_ups/follow_up/new_neoplasm_event_types/new_neoplasm_event_type
SC001	32592562-11fa-435a-b40b-2b242bae53aa	d05a2b4b-20e4-4cac-984c-68d8ea93ee7e	/home/student/Desktop/CEIF/16_multiomics_acquisition_v1/raw/09_CLINICAL/SC001/nationwidechildrens.org_clinical.TCGA-75-6214.xml	followup_treatment_success	Progressive Disease	tcga_bcr/patient/follow_ups/follow_up/followup_treatment_success
SC001	34d8e84e-c3e1-417d-8b9b-8563d9fa0f8e	6cc342d7-d6eb-44a2-b01b-211b356db831	/home/student/Desktop/CEIF/16_multiomics_acquisition_v1/raw/09_CLINICAL/SC001/nationwidechildrens.org_clinical.TCGA-86-8055.xml	vital_status	Alive	tcga_bcr/patient/vital_status
SC001	34d8e84e-c3e1-417d-8b9b-8563d9fa0f8e	6cc342d7-d6eb-44a2-b01b-211b356db831	/home/student/Desktop/CEIF/16_multiomics_acquisition_v1/raw/09_CLINICAL/SC001/nationwidechildrens.org_clinical.TCGA-86-8055.xml	days_to_last_followup	10	tcga_bcr/patient/days_to_last_followup
SC001	34d8e84e-c3e1-417d-8b9b-8563d9fa0f8e	6cc342d7-d6eb-44a2-b01b-211b356db831	/home/student/Desktop/CEIF/16_multiomics_acquisition_v1/raw/09_CLINICAL/SC001/nationwidechildrens.org_clinical.TCGA-86-8055.xml	vital_status	Dead	tcga_bcr/patient/follow_ups/follow_up/vital_status
SC001	34d8e84e-c3e1-417d-8b9b-8563d9fa0f8e	6cc342d7-d6eb-44a2-b01b-211b356db831	/home/student/Desktop/CEIF/16_multiomics_acquisition_v1/raw/09_CLINICAL/SC001/nationwidechildrens.org_clinical.TCGA-86-8055.xml	primary_therapy_outcome_success	Complete Remission/Response	tcga_bcr/patient/follow_ups/follow_up/primary_therapy_outcome_success
SC001	34d8e84e-c3e1-417d-8b9b-8563d9fa0f8e	6cc342d7-d6eb-44a2-b01b-211b356db831	/home/student/Desktop/CEIF/16_multiomics_acquisition_v1/raw/09_CLINICAL/SC001/nationwidechildrens.org_clinical.TCGA-86-8055.xml	days_to_death	124	tcga_bcr/patient/follow_ups/follow_up/days_to_death
SC001	34d8e84e-c3e1-417d-8b9b-8563d9fa0f8e	6cc342d7-d6eb-44a2-b01b-211b356db831	/home/student/Desktop/CEIF/16_multiomics_acquisition_v1/raw/09_CLINICAL/SC001/nationwidechildrens.org_clinical.TCGA-86-8055.xml	new_tumor_event_after_initial_treatment	NO	tcga_bcr/patient/follow_ups/follow_up/new_tumor_event_after_initial_treatment
SC001	34d8e84e-c3e1-417d-8b9b-8563d9fa0f8e	6cc342d7-d6eb-44a2-b01b-211b356db831	/home/student/Desktop/CEIF/16_multiomics_acquisition_v1/raw/09_CLINICAL/SC001/nationwidechildrens.org_clinical.TCGA-86-8055.xml	followup_treatment_success	Complete Remission/Response	tcga_bcr/patient/follow_ups/follow_up/followup_treatment_success
SC001	362000e4-cf7c-48fc-93cc-8f5994b442ea	6d2488b2-c42a-4bf2-99ad-1146858b537a	/home/student/Desktop/CEIF/16_multiomics_acquisition_v1/raw/09_CLINICAL/SC001/nationwidechildrens.org_clinical.TCGA-55-A4DF.xml	vital_status	Alive	tcga_bcr/patient/vital_status
SC001	362000e4-cf7c-48fc-93cc-8f5994b442ea	6d2488b2-c42a-4bf2-99ad-1146858b537a	/home/student/Desktop/CEIF/16_multiomics_acquisition_v1/raw/09_CLINICAL/SC001/nationwidechildrens.org_clinical.TCGA-55-A4DF.xml	days_to_last_followup	47	tcga_bcr/patient/days_to_last_followup
SC001	362000e4-cf7c-48fc-93cc-8f5994b442ea	6d2488b2-c42a-4bf2-99ad-1146858b537a	/home/student/Desktop/CEIF/16_multiomics_acquisition_v1/raw/09_CLINICAL/SC001/nationwidechildrens.org_clinical.TCGA-55-A4DF.xml	primary_therapy_outcome_success	Complete Remission/Response	tcga_bcr/patient/primary_therapy_outcome_success
SC001	362000e4-cf7c-48fc-93cc-8f5994b442ea	6d2488b2-c42a-4bf2-99ad-1146858b537a	/home/student/Desktop/CEIF/16_multiomics_acquisition_v1/raw/09_CLINICAL/SC001/nationwidechildrens.org_clinical.TCGA-55-A4DF.xml	new_tumor_event_after_initial_treatment	NO	tcga_bcr/patient/new_tumor_events/new_tumor_event_after_initial_treatment
SC001	362000e4-cf7c-48fc-93cc-8f5994b442ea	6d2488b2-c42a-4bf2-99ad-1146858b537a	/home/student/Desktop/CEIF/16_multiomics_acquisition_v1/raw/09_CLINICAL/SC001/nationwidechildrens.org_clinical.TCGA-55-A4DF.xml	vital_status	Dead	tcga_bcr/patient/follow_ups/follow_up/vital_status
SC001	362000e4-cf7c-48fc-93cc-8f5994b442ea	6d2488b2-c42a-4bf2-99ad-1146858b537a	/home/student/Desktop/CEIF/16_multiomics_acquisition_v1/raw/09_CLINICAL/SC001/nationwidechildrens.org_clinical.TCGA-55-A4DF.xml	primary_therapy_outcome_success	Complete Remission/Response	tcga_bcr/patient/follow_ups/follow_up/primary_therapy_outcome_success
SC001	362000e4-cf7c-48fc-93cc-8f5994b442ea	6d2488b2-c42a-4bf2-99ad-1146858b537a	/home/student/Desktop/CEIF/16_multiomics_acquisition_v1/raw/09_CLINICAL/SC001/nationwidechildrens.org_clinical.TCGA-55-A4DF.xml	days_to_death	440	tcga_bcr/patient/follow_ups/follow_up/days_to_death
SC001	362000e4-cf7c-48fc-93cc-8f5994b442ea	6d2488b2-c42a-4bf2-99ad-1146858b537a	/home/student/Desktop/CEIF/16_multiomics_acquisition_v1/raw/09_CLINICAL/SC001/nationwidechildrens.org_clinical.TCGA-55-A4DF.xml	new_tumor_event_after_initial_treatment	YES	tcga_bcr/patient/follow_ups/follow_up/new_tumor_event_after_initial_treatment
SC001	362000e4-cf7c-48fc-93cc-8f5994b442ea	6d2488b2-c42a-4bf2-99ad-1146858b537a	/home/student/Desktop/CEIF/16_multiomics_acquisition_v1/raw/09_CLINICAL/SC001/nationwidechildrens.org_clinical.TCGA-55-A4DF.xml	new_neoplasm_event_type	Distant Metastasis	tcga_bcr/patient/follow_ups/follow_up/new_neoplasm_event_types/new_neoplasm_event_type
SC001	362000e4-cf7c-48fc-93cc-8f5994b442ea	6d2488b2-c42a-4bf2-99ad-1146858b537a	/home/student/Desktop/CEIF/16_multiomics_acquisition_v1/raw/09_CLINICAL/SC001/nationwidechildrens.org_clinical.TCGA-55-A4DF.xml	progression_determined_by	Convincing Imaging	tcga_bcr/patient/follow_ups/follow_up/progression_determined_by_list/progression_determined_by
SC001	362000e4-cf7c-48fc-93cc-8f5994b442ea	6d2488b2-c42a-4bf2-99ad-1146858b537a	/home/student/Desktop/CEIF/16_multiomics_acquisition_v1/raw/09_CLINICAL/SC001/nationwidechildrens.org_clinical.TCGA-55-A4DF.xml	followup_treatment_success	Progressive Disease	tcga_bcr/patient/follow_ups/follow_up/followup_treatment_success
SC001	36470b30-a3b3-4d28-851b-918a7ff88011	0f1d897f-6764-4d6d-ae1d-6689d0d73a33	/home/student/Desktop/CEIF/16_multiomics_acquisition_v1/raw/09_CLINICAL/SC001/nationwidechildrens.org_clinical.TCGA-55-8096.xml	vital_status	Alive	tcga_bcr/patient/vital_status
SC001	36470b30-a3b3-4d28-851b-918a7ff88011	0f1d897f-6764-4d6d-ae1d-6689d0d73a33	/home/student/Desktop/CEIF/16_multiomics_acquisition_v1/raw/09_CLINICAL/SC001/nationwidechildrens.org_clinical.TCGA-55-8096.xml	days_to_last_followup	47	tcga_bcr/patient/days_to_last_followup
SC001	36470b30-a3b3-4d28-851b-918a7ff88011	0f1d897f-6764-4d6d-ae1d-6689d0d73a33	/home/student/Desktop/CEIF/16_multiomics_acquisition_v1/raw/09_CLINICAL/SC001/nationwidechildrens.org_clinical.TCGA-55-8096.xml	new_tumor_event_after_initial_treatment	NO	tcga_bcr/patient/new_tumor_events/new_tumor_event_after_initial_treatment
SC001	36470b30-a3b3-4d28-851b-918a7ff88011	0f1d897f-6764-4d6d-ae1d-6689d0d73a33	/home/student/Desktop/CEIF/16_multiomics_acquisition_v1/raw/09_CLINICAL/SC001/nationwidechildrens.org_clinical.TCGA-55-8096.xml	vital_status	Dead	tcga_bcr/patient/follow_ups/follow_up/vital_status
SC001	36470b30-a3b3-4d28-851b-918a7ff88011	0f1d897f-6764-4d6d-ae1d-6689d0d73a33	/home/student/Desktop/CEIF/16_multiomics_acquisition_v1/raw/09_CLINICAL/SC001/nationwidechildrens.org_clinical.TCGA-55-8096.xml	primary_therapy_outcome_success	Complete Remission/Response	tcga_bcr/patient/follow_ups/follow_up/primary_therapy_outcome_success
SC001	36470b30-a3b3-4d28-851b-918a7ff88011	0f1d897f-6764-4d6d-ae1d-6689d0d73a33	/home/student/Desktop/CEIF/16_multiomics_acquisition_v1/raw/09_CLINICAL/SC001/nationwidechildrens.org_clinical.TCGA-55-8096.xml	days_to_death	719	tcga_bcr/patient/follow_ups/follow_up/days_to_death
SC001	36470b30-a3b3-4d28-851b-918a7ff88011	0f1d897f-6764-4d6d-ae1d-6689d0d73a33	/home/student/Desktop/CEIF/16_multiomics_acquisition_v1/raw/09_CLINICAL/SC001/nationwidechildrens.org_clinical.TCGA-55-8096.xml	new_tumor_event_after_initial_treatment	YES	tcga_bcr/patient/follow_ups/follow_up/new_tumor_event_after_initial_treatment
SC001	36470b30-a3b3-4d28-851b-918a7ff88011	0f1d897f-6764-4d6d-ae1d-6689d0d73a33	/home/student/Desktop/CEIF/16_multiomics_acquisition_v1/raw/09_CLINICAL/SC001/nationwidechildrens.org_clinical.TCGA-55-8096.xml	new_neoplasm_event_type	Distant Metastasis	tcga_bcr/patient/follow_ups/follow_up/new_neoplasm_event_types/new_neoplasm_event_type
SC001	36470b30-a3b3-4d28-851b-918a7ff88011	0f1d897f-6764-4d6d-ae1d-6689d0d73a33	/home/student/Desktop/CEIF/16_multiomics_acquisition_v1/raw/09_CLINICAL/SC001/nationwidechildrens.org_clinical.TCGA-55-8096.xml	progression_determined_by	Convincing Imaging	tcga_bcr/patient/follow_ups/follow_up/progression_determined_by_list/progression_determined_by
SC001	36470b30-a3b3-4d28-851b-918a7ff88011	0f1d897f-6764-4d6d-ae1d-6689d0d73a33	/home/student/Desktop/CEIF/16_multiomics_acquisition_v1/raw/09_CLINICAL/SC001/nationwidechildrens.org_clinical.TCGA-55-8096.xml	followup_treatment_success	Progressive Disease	tcga_bcr/patient/follow_ups/follow_up/followup_treatment_success
SC001	3b89ac82-63f6-41b9-a03d-34b9ffc1550d	30190657-68ac-4403-bc28-178574010d0a	/home/student/Desktop/CEIF/16_multiomics_acquisition_v1/raw/09_CLINICAL/SC001/nationwidechildrens.org_clinical.TCGA-L9-A443.xml	vital_status	Alive	tcga_bcr/patient/vital_status
SC001	3b89ac82-63f6-41b9-a03d-34b9ffc1550d	30190657-68ac-4403-bc28-178574010d0a	/home/student/Desktop/CEIF/16_multiomics_acquisition_v1/raw/09_CLINICAL/SC001/nationwidechildrens.org_clinical.TCGA-L9-A443.xml	days_to_last_followup	116	tcga_bcr/patient/days_to_last_followup
SC001	3b89ac82-63f6-41b9-a03d-34b9ffc1550d	30190657-68ac-4403-bc28-178574010d0a	/home/student/Desktop/CEIF/16_multiomics_acquisition_v1/raw/09_CLINICAL/SC001/nationwidechildrens.org_clinical.TCGA-L9-A443.xml	primary_therapy_outcome_success	Complete Remission/Response	tcga_bcr/patient/primary_therapy_outcome_success
SC001	3b89ac82-63f6-41b9-a03d-34b9ffc1550d	30190657-68ac-4403-bc28-178574010d0a	/home/student/Desktop/CEIF/16_multiomics_acquisition_v1/raw/09_CLINICAL/SC001/nationwidechildrens.org_clinical.TCGA-L9-A443.xml	new_tumor_event_after_initial_treatment	NO	tcga_bcr/patient/new_tumor_events/new_tumor_event_after_initial_treatment
SC001	3b89ac82-63f6-41b9-a03d-34b9ffc1550d	30190657-68ac-4403-bc28-178574010d0a	/home/student/Desktop/CEIF/16_multiomics_acquisition_v1/raw/09_CLINICAL/SC001/nationwidechildrens.org_clinical.TCGA-L9-A443.xml	vital_status	Dead	tcga_bcr/patient/follow_ups/follow_up/vital_status
SC001	3b89ac82-63f6-41b9-a03d-34b9ffc1550d	30190657-68ac-4403-bc28-178574010d0a	/home/student/Desktop/CEIF/16_multiomics_acquisition_v1/raw/09_CLINICAL/SC001/nationwidechildrens.org_clinical.TCGA-L9-A443.xml	primary_therapy_outcome_success	Complete Remission/Response	tcga_bcr/patient/follow_ups/follow_up/primary_therapy_outcome_success
SC001	3b89ac82-63f6-41b9-a03d-34b9ffc1550d	30190657-68ac-4403-bc28-178574010d0a	/home/student/Desktop/CEIF/16_multiomics_acquisition_v1/raw/09_CLINICAL/SC001/nationwidechildrens.org_clinical.TCGA-L9-A443.xml	days_to_death	193	tcga_bcr/patient/follow_ups/follow_up/days_to_death
SC001	3b89ac82-63f6-41b9-a03d-34b9ffc1550d	30190657-68ac-4403-bc28-178574010d0a	/home/student/Desktop/CEIF/16_multiomics_acquisition_v1/raw/09_CLINICAL/SC001/nationwidechildrens.org_clinical.TCGA-L9-A443.xml	new_tumor_event_after_initial_treatment	NO	tcga_bcr/patient/follow_ups/follow_up/new_tumor_event_after_initial_treatment
SC001	433a32d0-93d1-4897-8e36-beb1ec1d998e	04b52a11-9b50-4e52-9ab7-4c28f2e96df3	/home/student/Desktop/CEIF/16_multiomics_acquisition_v1/raw/09_CLINICAL/SC001/nationwidechildrens.org_clinical.TCGA-62-8402.xml	vital_status	Alive	tcga_bcr/patient/vital_status
SC001	433a32d0-93d1-4897-8e36-beb1ec1d998e	04b52a11-9b50-4e52-9ab7-4c28f2e96df3	/home/student/Desktop/CEIF/16_multiomics_acquisition_v1/raw/09_CLINICAL/SC001/nationwidechildrens.org_clinical.TCGA-62-8402.xml	days_to_last_followup	1445	tcga_bcr/patient/days_to_last_followup
SC001	433a32d0-93d1-4897-8e36-beb1ec1d998e	04b52a11-9b50-4e52-9ab7-4c28f2e96df3	/home/student/Desktop/CEIF/16_multiomics_acquisition_v1/raw/09_CLINICAL/SC001/nationwidechildrens.org_clinical.TCGA-62-8402.xml	primary_therapy_outcome_success	Complete Remission/Response	tcga_bcr/patient/primary_therapy_outcome_success
SC001	433a32d0-93d1-4897-8e36-beb1ec1d998e	04b52a11-9b50-4e52-9ab7-4c28f2e96df3	/home/student/Desktop/CEIF/16_multiomics_acquisition_v1/raw/09_CLINICAL/SC001/nationwidechildrens.org_clinical.TCGA-62-8402.xml	new_tumor_event_after_initial_treatment	YES	tcga_bcr/patient/new_tumor_events/new_tumor_event_after_initial_treatment
SC001	433a32d0-93d1-4897-8e36-beb1ec1d998e	04b52a11-9b50-4e52-9ab7-4c28f2e96df3	/home/student/Desktop/CEIF/16_multiomics_acquisition_v1/raw/09_CLINICAL/SC001/nationwidechildrens.org_clinical.TCGA-62-8402.xml	new_neoplasm_event_type	Locoregional Recurrence	tcga_bcr/patient/new_tumor_events/new_tumor_event/new_neoplasm_event_types/new_neoplasm_event_type
SC001	433a32d0-93d1-4897-8e36-beb1ec1d998e	04b52a11-9b50-4e52-9ab7-4c28f2e96df3	/home/student/Desktop/CEIF/16_multiomics_acquisition_v1/raw/09_CLINICAL/SC001/nationwidechildrens.org_clinical.TCGA-62-8402.xml	new_neoplasm_event_type	Distant Metastasis	tcga_bcr/patient/new_tumor_events/new_tumor_event/new_neoplasm_event_types/new_neoplasm_event_type
SC001	433a32d0-93d1-4897-8e36-beb1ec1d998e	04b52a11-9b50-4e52-9ab7-4c28f2e96df3	/home/student/Desktop/CEIF/16_multiomics_acquisition_v1/raw/09_CLINICAL/SC001/nationwidechildrens.org_clinical.TCGA-62-8402.xml	progression_determined_by	Convincing Imaging	tcga_bcr/patient/new_tumor_events/new_tumor_event/progression_determined_by_list/progression_determined_by
SC001	433a32d0-93d1-4897-8e36-beb1ec1d998e	04b52a11-9b50-4e52-9ab7-4c28f2e96df3	/home/student/Desktop/CEIF/16_multiomics_acquisition_v1/raw/09_CLINICAL/SC001/nationwidechildrens.org_clinical.TCGA-62-8402.xml	vital_status	Dead	tcga_bcr/patient/follow_ups/follow_up/vital_status
SC001	433a32d0-93d1-4897-8e36-beb1ec1d998e	04b52a11-9b50-4e52-9ab7-4c28f2e96df3	/home/student/Desktop/CEIF/16_multiomics_acquisition_v1/raw/09_CLINICAL/SC001/nationwidechildrens.org_clinical.TCGA-62-8402.xml	primary_therapy_outcome_success	Complete Remission/Response	tcga_bcr/patient/follow_ups/follow_up/primary_therapy_outcome_success
SC001	433a32d0-93d1-4897-8e36-beb1ec1d998e	04b52a11-9b50-4e52-9ab7-4c28f2e96df3	/home/student/Desktop/CEIF/16_multiomics_acquisition_v1/raw/09_CLINICAL/SC001/nationwidechildrens.org_clinical.TCGA-62-8402.xml	days_to_death	1498	tcga_bcr/patient/follow_ups/follow_up/days_to_death
SC001	433a32d0-93d1-4897-8e36-beb1ec1d998e	04b52a11-9b50-4e52-9ab7-4c28f2e96df3	/home/student/Desktop/CEIF/16_multiomics_acquisition_v1/raw/09_CLINICAL/SC001/nationwidechildrens.org_clinical.TCGA-62-8402.xml	new_tumor_event_after_initial_treatment	YES	tcga_bcr/patient/follow_ups/follow_up/new_tumor_event_after_initial_treatment
SC001	433a32d0-93d1-4897-8e36-beb1ec1d998e	04b52a11-9b50-4e52-9ab7-4c28f2e96df3	/home/student/Desktop/CEIF/16_multiomics_acquisition_v1/raw/09_CLINICAL/SC001/nationwidechildrens.org_clinical.TCGA-62-8402.xml	new_neoplasm_event_type	Distant Metastasis	tcga_bcr/patient/follow_ups/follow_up/new_neoplasm_event_types/new_neoplasm_event_type
SC001	433a32d0-93d1-4897-8e36-beb1ec1d998e	04b52a11-9b50-4e52-9ab7-4c28f2e96df3	/home/student/Desktop/CEIF/16_multiomics_acquisition_v1/raw/09_CLINICAL/SC001/nationwidechildrens.org_clinical.TCGA-62-8402.xml	progression_determined_by	Convincing Imaging	tcga_bcr/patient/follow_ups/follow_up/progression_determined_by_list/progression_determined_by
SC001	433a32d0-93d1-4897-8e36-beb1ec1d998e	04b52a11-9b50-4e52-9ab7-4c28f2e96df3	/home/student/Desktop/CEIF/16_multiomics_acquisition_v1/raw/09_CLINICAL/SC001/nationwidechildrens.org_clinical.TCGA-62-8402.xml	followup_treatment_success	Progressive Disease	tcga_bcr/patient/follow_ups/follow_up/followup_treatment_success
SC001	44218b35-219c-4ad9-a01e-fde14067c4c0	9f412139-106f-48fd-bdda-28765559d563	/home/student/Desktop/CEIF/16_multiomics_acquisition_v1/raw/09_CLINICAL/SC001/nationwidechildrens.org_clinical.TCGA-78-7633.xml	vital_status	Alive	tcga_bcr/patient/vital_status
SC001	44218b35-219c-4ad9-a01e-fde14067c4c0	9f412139-106f-48fd-bdda-28765559d563	/home/student/Desktop/CEIF/16_multiomics_acquisition_v1/raw/09_CLINICAL/SC001/nationwidechildrens.org_clinical.TCGA-78-7633.xml	days_to_last_followup	994	tcga_bcr/patient/days_to_last_followup
SC001	44218b35-219c-4ad9-a01e-fde14067c4c0	9f412139-106f-48fd-bdda-28765559d563	/home/student/Desktop/CEIF/16_multiomics_acquisition_v1/raw/09_CLINICAL/SC001/nationwidechildrens.org_clinical.TCGA-78-7633.xml	vital_status	Alive	tcga_bcr/patient/follow_ups/follow_up/vital_status
SC001	44218b35-219c-4ad9-a01e-fde14067c4c0	9f412139-106f-48fd-bdda-28765559d563	/home/student/Desktop/CEIF/16_multiomics_acquisition_v1/raw/09_CLINICAL/SC001/nationwidechildrens.org_clinical.TCGA-78-7633.xml	days_to_last_followup	994	tcga_bcr/patient/follow_ups/follow_up/days_to_last_followup
SC001	44218b35-219c-4ad9-a01e-fde14067c4c0	9f412139-106f-48fd-bdda-28765559d563	/home/student/Desktop/CEIF/16_multiomics_acquisition_v1/raw/09_CLINICAL/SC001/nationwidechildrens.org_clinical.TCGA-78-7633.xml	vital_status	Dead	tcga_bcr/patient/follow_ups/follow_up/vital_status
SC001	44218b35-219c-4ad9-a01e-fde14067c4c0	9f412139-106f-48fd-bdda-28765559d563	/home/student/Desktop/CEIF/16_multiomics_acquisition_v1/raw/09_CLINICAL/SC001/nationwidechildrens.org_clinical.TCGA-78-7633.xml	primary_therapy_outcome_success	Complete Remission/Response	tcga_bcr/patient/follow_ups/follow_up/primary_therapy_outcome_success
SC001	44218b35-219c-4ad9-a01e-fde14067c4c0	9f412139-106f-48fd-bdda-28765559d563	/home/student/Desktop/CEIF/16_multiomics_acquisition_v1/raw/09_CLINICAL/SC001/nationwidechildrens.org_clinical.TCGA-78-7633.xml	days_to_death	1528	tcga_bcr/patient/follow_ups/follow_up/days_to_death
SC001	44218b35-219c-4ad9-a01e-fde14067c4c0	9f412139-106f-48fd-bdda-28765559d563	/home/student/Desktop/CEIF/16_multiomics_acquisition_v1/raw/09_CLINICAL/SC001/nationwidechildrens.org_clinical.TCGA-78-7633.xml	new_tumor_event_after_initial_treatment	YES	tcga_bcr/patient/follow_ups/follow_up/new_tumor_event_after_initial_treatment
SC001	44218b35-219c-4ad9-a01e-fde14067c4c0	9f412139-106f-48fd-bdda-28765559d563	/home/student/Desktop/CEIF/16_multiomics_acquisition_v1/raw/09_CLINICAL/SC001/nationwidechildrens.org_clinical.TCGA-78-7633.xml	new_neoplasm_event_type	Locoregional Recurrence	tcga_bcr/patient/follow_ups/follow_up/new_neoplasm_event_types/new_neoplasm_event_type
SC001	44218b35-219c-4ad9-a01e-fde14067c4c0	9f412139-106f-48fd-bdda-28765559d563	/home/student/Desktop/CEIF/16_multiomics_acquisition_v1/raw/09_CLINICAL/SC001/nationwidechildrens.org_clinical.TCGA-78-7633.xml	progression_determined_by	Biopsy with Histologic Confirmation	tcga_bcr/patient/follow_ups/follow_up/progression_determined_by_list/progression_determined_by
SC001	44218b35-219c-4ad9-a01e-fde14067c4c0	9f412139-106f-48fd-bdda-28765559d563	/home/student/Desktop/CEIF/16_multiomics_acquisition_v1/raw/09_CLINICAL/SC001/nationwidechildrens.org_clinical.TCGA-78-7633.xml	followup_treatment_success	Progressive Disease	tcga_bcr/patient/follow_ups/follow_up/followup_treatment_success
SC001	4ad63dac-76a7-4527-abce-d7a0184e8739	430b5d56-214c-401a-a7e8-2c2121a0cf35	/home/student/Desktop/CEIF/16_multiomics_acquisition_v1/raw/09_CLINICAL/SC001/nationwidechildrens.org_clinical.TCGA-91-8497.xml	vital_status	Alive	tcga_bcr/patient/vital_status
SC001	4ad63dac-76a7-4527-abce-d7a0184e8739	430b5d56-214c-401a-a7e8-2c2121a0cf35	/home/student/Desktop/CEIF/16_multiomics_acquisition_v1/raw/09_CLINICAL/SC001/nationwidechildrens.org_clinical.TCGA-91-8497.xml	days_to_last_followup	174	tcga_bcr/patient/days_to_last_followup
SC001	4ad63dac-76a7-4527-abce-d7a0184e8739	430b5d56-214c-401a-a7e8-2c2121a0cf35	/home/student/Desktop/CEIF/16_multiomics_acquisition_v1/raw/09_CLINICAL/SC001/nationwidechildrens.org_clinical.TCGA-91-8497.xml	new_tumor_event_after_initial_treatment	NO	tcga_bcr/patient/new_tumor_events/new_tumor_event_after_initial_treatment
SC001	4ad63dac-76a7-4527-abce-d7a0184e8739	430b5d56-214c-401a-a7e8-2c2121a0cf35	/home/student/Desktop/CEIF/16_multiomics_acquisition_v1/raw/09_CLINICAL/SC001/nationwidechildrens.org_clinical.TCGA-91-8497.xml	vital_status	Dead	tcga_bcr/patient/follow_ups/follow_up/vital_status
SC001	4ad63dac-76a7-4527-abce-d7a0184e8739	430b5d56-214c-401a-a7e8-2c2121a0cf35	/home/student/Desktop/CEIF/16_multiomics_acquisition_v1/raw/09_CLINICAL/SC001/nationwidechildrens.org_clinical.TCGA-91-8497.xml	primary_therapy_outcome_success	Complete Remission/Response	tcga_bcr/patient/follow_ups/follow_up/primary_therapy_outcome_success
SC001	4ad63dac-76a7-4527-abce-d7a0184e8739	430b5d56-214c-401a-a7e8-2c2121a0cf35	/home/student/Desktop/CEIF/16_multiomics_acquisition_v1/raw/09_CLINICAL/SC001/nationwidechildrens.org_clinical.TCGA-91-8497.xml	days_to_death	434	tcga_bcr/patient/follow_ups/follow_up/days_to_death
SC001	4ad63dac-76a7-4527-abce-d7a0184e8739	430b5d56-214c-401a-a7e8-2c2121a0cf35	/home/student/Desktop/CEIF/16_multiomics_acquisition_v1/raw/09_CLINICAL/SC001/nationwidechildrens.org_clinical.TCGA-91-8497.xml	new_tumor_event_after_initial_treatment	NO	tcga_bcr/patient/follow_ups/follow_up/new_tumor_event_after_initial_treatment
SC001	4ad63dac-76a7-4527-abce-d7a0184e8739	430b5d56-214c-401a-a7e8-2c2121a0cf35	/home/student/Desktop/CEIF/16_multiomics_acquisition_v1/raw/09_CLINICAL/SC001/nationwidechildrens.org_clinical.TCGA-91-8497.xml	followup_treatment_success	Complete Remission/Response	tcga_bcr/patient/follow_ups/follow_up/followup_treatment_success
SC001	4b92fce2-3772-40eb-ab34-a27937b58590	e0e6f508-f697-4866-b86a-60d65c67205e	/home/student/Desktop/CEIF/16_multiomics_acquisition_v1/raw/09_CLINICAL/SC001/nationwidechildrens.org_clinical.TCGA-55-8092.xml	vital_status	Alive	tcga_bcr/patient/vital_status
SC001	4b92fce2-3772-40eb-ab34-a27937b58590	e0e6f508-f697-4866-b86a-60d65c67205e	/home/student/Desktop/CEIF/16_multiomics_acquisition_v1/raw/09_CLINICAL/SC001/nationwidechildrens.org_clinical.TCGA-55-8092.xml	days_to_last_followup	26	tcga_bcr/patient/days_to_last_followup
SC001	4b92fce2-3772-40eb-ab34-a27937b58590	e0e6f508-f697-4866-b86a-60d65c67205e	/home/student/Desktop/CEIF/16_multiomics_acquisition_v1/raw/09_CLINICAL/SC001/nationwidechildrens.org_clinical.TCGA-55-8092.xml	primary_therapy_outcome_success	Complete Remission/Response	tcga_bcr/patient/primary_therapy_outcome_success
SC001	4b92fce2-3772-40eb-ab34-a27937b58590	e0e6f508-f697-4866-b86a-60d65c67205e	/home/student/Desktop/CEIF/16_multiomics_acquisition_v1/raw/09_CLINICAL/SC001/nationwidechildrens.org_clinical.TCGA-55-8092.xml	new_tumor_event_after_initial_treatment	NO	tcga_bcr/patient/new_tumor_events/new_tumor_event_after_initial_treatment
SC001	4b92fce2-3772-40eb-ab34-a27937b58590	e0e6f508-f697-4866-b86a-60d65c67205e	/home/student/Desktop/CEIF/16_multiomics_acquisition_v1/raw/09_CLINICAL/SC001/nationwidechildrens.org_clinical.TCGA-55-8092.xml	vital_status	Dead	tcga_bcr/patient/follow_ups/follow_up/vital_status
SC001	4b92fce2-3772-40eb-ab34-a27937b58590	e0e6f508-f697-4866-b86a-60d65c67205e	/home/student/Desktop/CEIF/16_multiomics_acquisition_v1/raw/09_CLINICAL/SC001/nationwidechildrens.org_clinical.TCGA-55-8092.xml	primary_therapy_outcome_success	Complete Remission/Response	tcga_bcr/patient/follow_ups/follow_up/primary_therapy_outcome_success
SC001	4b92fce2-3772-40eb-ab34-a27937b58590	e0e6f508-f697-4866-b86a-60d65c67205e	/home/student/Desktop/CEIF/16_multiomics_acquisition_v1/raw/09_CLINICAL/SC001/nationwidechildrens.org_clinical.TCGA-55-8092.xml	days_to_death	154	tcga_bcr/patient/follow_ups/follow_up/days_to_death
SC001	4b92fce2-3772-40eb-ab34-a27937b58590	e0e6f508-f697-4866-b86a-60d65c67205e	/home/student/Desktop/CEIF/16_multiomics_acquisition_v1/raw/09_CLINICAL/SC001/nationwidechildrens.org_clinical.TCGA-55-8092.xml	new_tumor_event_after_initial_treatment	YES	tcga_bcr/patient/follow_ups/follow_up/new_tumor_event_after_initial_treatment
SC001	4b92fce2-3772-40eb-ab34-a27937b58590	e0e6f508-f697-4866-b86a-60d65c67205e	/home/student/Desktop/CEIF/16_multiomics_acquisition_v1/raw/09_CLINICAL/SC001/nationwidechildrens.org_clinical.TCGA-55-8092.xml	new_neoplasm_event_type	Locoregional Recurrence	tcga_bcr/patient/follow_ups/follow_up/new_neoplasm_event_types/new_neoplasm_event_type
SC001	4b92fce2-3772-40eb-ab34-a27937b58590	e0e6f508-f697-4866-b86a-60d65c67205e	/home/student/Desktop/CEIF/16_multiomics_acquisition_v1/raw/09_CLINICAL/SC001/nationwidechildrens.org_clinical.TCGA-55-8092.xml	progression_determined_by	Convincing Imaging	tcga_bcr/patient/follow_ups/follow_up/progression_determined_by_list/progression_determined_by
SC001	4b92fce2-3772-40eb-ab34-a27937b58590	e0e6f508-f697-4866-b86a-60d65c67205e	/home/student/Desktop/CEIF/16_multiomics_acquisition_v1/raw/09_CLINICAL/SC001/nationwidechildrens.org_clinical.TCGA-55-8092.xml	followup_treatment_success	Progressive Disease	tcga_bcr/patient/follow_ups/follow_up/followup_treatment_success
SC001	528a0fce-0719-4b19-a69d-3f18681696c5	3076c78a-adfa-4645-982e-c8a26df2a271	/home/student/Desktop/CEIF/16_multiomics_acquisition_v1/raw/09_CLINICAL/SC001/nationwidechildrens.org_clinical.TCGA-86-A4D0.xml	vital_status	Alive	tcga_bcr/patient/vital_status
SC001	528a0fce-0719-4b19-a69d-3f18681696c5	3076c78a-adfa-4645-982e-c8a26df2a271	/home/student/Desktop/CEIF/16_multiomics_acquisition_v1/raw/09_CLINICAL/SC001/nationwidechildrens.org_clinical.TCGA-86-A4D0.xml	days_to_last_followup	30	tcga_bcr/patient/days_to_last_followup
SC001	528a0fce-0719-4b19-a69d-3f18681696c5	3076c78a-adfa-4645-982e-c8a26df2a271	/home/student/Desktop/CEIF/16_multiomics_acquisition_v1/raw/09_CLINICAL/SC001/nationwidechildrens.org_clinical.TCGA-86-A4D0.xml	new_tumor_event_after_initial_treatment	NO	tcga_bcr/patient/new_tumor_events/new_tumor_event_after_initial_treatment
SC001	528a0fce-0719-4b19-a69d-3f18681696c5	3076c78a-adfa-4645-982e-c8a26df2a271	/home/student/Desktop/CEIF/16_multiomics_acquisition_v1/raw/09_CLINICAL/SC001/nationwidechildrens.org_clinical.TCGA-86-A4D0.xml	vital_status	Dead	tcga_bcr/patient/follow_ups/follow_up/vital_status
SC001	528a0fce-0719-4b19-a69d-3f18681696c5	3076c78a-adfa-4645-982e-c8a26df2a271	/home/student/Desktop/CEIF/16_multiomics_acquisition_v1/raw/09_CLINICAL/SC001/nationwidechildrens.org_clinical.TCGA-86-A4D0.xml	primary_therapy_outcome_success	Complete Remission/Response	tcga_bcr/patient/follow_ups/follow_up/primary_therapy_outcome_success
SC001	528a0fce-0719-4b19-a69d-3f18681696c5	3076c78a-adfa-4645-982e-c8a26df2a271	/home/student/Desktop/CEIF/16_multiomics_acquisition_v1/raw/09_CLINICAL/SC001/nationwidechildrens.org_clinical.TCGA-86-A4D0.xml	days_to_death	116	tcga_bcr/patient/follow_ups/follow_up/days_to_death
SC001	528a0fce-0719-4b19-a69d-3f18681696c5	3076c78a-adfa-4645-982e-c8a26df2a271	/home/student/Desktop/CEIF/16_multiomics_acquisition_v1/raw/09_CLINICAL/SC001/nationwidechildrens.org_clinical.TCGA-86-A4D0.xml	new_tumor_event_after_initial_treatment	NO	tcga_bcr/patient/follow_ups/follow_up/new_tumor_event_after_initial_treatment
SC001	528a0fce-0719-4b19-a69d-3f18681696c5	3076c78a-adfa-4645-982e-c8a26df2a271	/home/student/Desktop/CEIF/16_multiomics_acquisition_v1/raw/09_CLINICAL/SC001/nationwidechildrens.org_clinical.TCGA-86-A4D0.xml	followup_treatment_success	Complete Remission/Response	tcga_bcr/patient/follow_ups/follow_up/followup_treatment_success
SC001	532c1852-76dd-489f-9380-36766d6e3c34	62c5270a-e054-449a-befe-7f43b6db941e	/home/student/Desktop/CEIF/16_multiomics_acquisition_v1/raw/09_CLINICAL/SC001/nationwidechildrens.org_clinical.TCGA-86-7714.xml	vital_status	Alive	tcga_bcr/patient/vital_status
SC001	532c1852-76dd-489f-9380-36766d6e3c34	62c5270a-e054-449a-befe-7f43b6db941e	/home/student/Desktop/CEIF/16_multiomics_acquisition_v1/raw/09_CLINICAL/SC001/nationwidechildrens.org_clinical.TCGA-86-7714.xml	days_to_last_followup	0	tcga_bcr/patient/days_to_last_followup
SC001	532c1852-76dd-489f-9380-36766d6e3c34	62c5270a-e054-449a-befe-7f43b6db941e	/home/student/Desktop/CEIF/16_multiomics_acquisition_v1/raw/09_CLINICAL/SC001/nationwidechildrens.org_clinical.TCGA-86-7714.xml	vital_status	Dead	tcga_bcr/patient/follow_ups/follow_up/vital_status
SC001	532c1852-76dd-489f-9380-36766d6e3c34	62c5270a-e054-449a-befe-7f43b6db941e	/home/student/Desktop/CEIF/16_multiomics_acquisition_v1/raw/09_CLINICAL/SC001/nationwidechildrens.org_clinical.TCGA-86-7714.xml	primary_therapy_outcome_success	Stable Disease	tcga_bcr/patient/follow_ups/follow_up/primary_therapy_outcome_success
SC001	532c1852-76dd-489f-9380-36766d6e3c34	62c5270a-e054-449a-befe-7f43b6db941e	/home/student/Desktop/CEIF/16_multiomics_acquisition_v1/raw/09_CLINICAL/SC001/nationwidechildrens.org_clinical.TCGA-86-7714.xml	days_to_death	625	tcga_bcr/patient/follow_ups/follow_up/days_to_death
SC001	532c1852-76dd-489f-9380-36766d6e3c34	62c5270a-e054-449a-befe-7f43b6db941e	/home/student/Desktop/CEIF/16_multiomics_acquisition_v1/raw/09_CLINICAL/SC001/nationwidechildrens.org_clinical.TCGA-86-7714.xml	new_tumor_event_after_initial_treatment	NO	tcga_bcr/patient/follow_ups/follow_up/new_tumor_event_after_initial_treatment
SC001	532c1852-76dd-489f-9380-36766d6e3c34	62c5270a-e054-449a-befe-7f43b6db941e	/home/student/Desktop/CEIF/16_multiomics_acquisition_v1/raw/09_CLINICAL/SC001/nationwidechildrens.org_clinical.TCGA-86-7714.xml	followup_treatment_success	Progressive Disease	tcga_bcr/patient/follow_ups/follow_up/followup_treatment_success
SC001	5510ad32-62fd-4adc-964a-ae4e997c2f4b	46ae95c1-f345-498d-a3a0-d1222cceb6ba	/home/student/Desktop/CEIF/16_multiomics_acquisition_v1/raw/09_CLINICAL/SC001/nationwidechildrens.org_clinical.TCGA-55-8620.xml	vital_status	Alive	tcga_bcr/patient/vital_status
SC001	5510ad32-62fd-4adc-964a-ae4e997c2f4b	46ae95c1-f345-498d-a3a0-d1222cceb6ba	/home/student/Desktop/CEIF/16_multiomics_acquisition_v1/raw/09_CLINICAL/SC001/nationwidechildrens.org_clinical.TCGA-55-8620.xml	days_to_last_followup	66	tcga_bcr/patient/days_to_last_followup
SC001	5510ad32-62fd-4adc-964a-ae4e997c2f4b	46ae95c1-f345-498d-a3a0-d1222cceb6ba	/home/student/Desktop/CEIF/16_multiomics_acquisition_v1/raw/09_CLINICAL/SC001/nationwidechildrens.org_clinical.TCGA-55-8620.xml	primary_therapy_outcome_success	Progressive Disease	tcga_bcr/patient/primary_therapy_outcome_success
SC001	5510ad32-62fd-4adc-964a-ae4e997c2f4b	46ae95c1-f345-498d-a3a0-d1222cceb6ba	/home/student/Desktop/CEIF/16_multiomics_acquisition_v1/raw/09_CLINICAL/SC001/nationwidechildrens.org_clinical.TCGA-55-8620.xml	new_tumor_event_after_initial_treatment	NO	tcga_bcr/patient/new_tumor_events/new_tumor_event_after_initial_treatment
SC001	5510ad32-62fd-4adc-964a-ae4e997c2f4b	46ae95c1-f345-498d-a3a0-d1222cceb6ba	/home/student/Desktop/CEIF/16_multiomics_acquisition_v1/raw/09_CLINICAL/SC001/nationwidechildrens.org_clinical.TCGA-55-8620.xml	vital_status	Dead	tcga_bcr/patient/follow_ups/follow_up/vital_status
SC001	5510ad32-62fd-4adc-964a-ae4e997c2f4b	46ae95c1-f345-498d-a3a0-d1222cceb6ba	/home/student/Desktop/CEIF/16_multiomics_acquisition_v1/raw/09_CLINICAL/SC001/nationwidechildrens.org_clinical.TCGA-55-8620.xml	primary_therapy_outcome_success	Progressive Disease	tcga_bcr/patient/follow_ups/follow_up/primary_therapy_outcome_success
SC001	5510ad32-62fd-4adc-964a-ae4e997c2f4b	46ae95c1-f345-498d-a3a0-d1222cceb6ba	/home/student/Desktop/CEIF/16_multiomics_acquisition_v1/raw/09_CLINICAL/SC001/nationwidechildrens.org_clinical.TCGA-55-8620.xml	days_to_death	375	tcga_bcr/patient/follow_ups/follow_up/days_to_death
SC001	5510ad32-62fd-4adc-964a-ae4e997c2f4b	46ae95c1-f345-498d-a3a0-d1222cceb6ba	/home/student/Desktop/CEIF/16_multiomics_acquisition_v1/raw/09_CLINICAL/SC001/nationwidechildrens.org_clinical.TCGA-55-8620.xml	new_tumor_event_after_initial_treatment	NO	tcga_bcr/patient/follow_ups/follow_up/new_tumor_event_after_initial_treatment
SC001	5510ad32-62fd-4adc-964a-ae4e997c2f4b	46ae95c1-f345-498d-a3a0-d1222cceb6ba	/home/student/Desktop/CEIF/16_multiomics_acquisition_v1/raw/09_CLINICAL/SC001/nationwidechildrens.org_clinical.TCGA-55-8620.xml	followup_treatment_success	Progressive Disease	tcga_bcr/patient/follow_ups/follow_up/followup_treatment_success
SC001	58babefe-7e81-4594-ba29-50d1de92a5ab	846532d1-f59d-4c0a-9ae9-da77be81b1e6	/home/student/Desktop/CEIF/16_multiomics_acquisition_v1/raw/09_CLINICAL/SC001/nationwidechildrens.org_clinical.TCGA-75-6207.xml	vital_status	Dead	tcga_bcr/patient/vital_status
SC001	58babefe-7e81-4594-ba29-50d1de92a5ab	846532d1-f59d-4c0a-9ae9-da77be81b1e6	/home/student/Desktop/CEIF/16_multiomics_acquisition_v1/raw/09_CLINICAL/SC001/nationwidechildrens.org_clinical.TCGA-75-6207.xml	vital_status	Dead	tcga_bcr/patient/follow_ups/follow_up/vital_status
SC001	58babefe-7e81-4594-ba29-50d1de92a5ab	846532d1-f59d-4c0a-9ae9-da77be81b1e6	/home/student/Desktop/CEIF/16_multiomics_acquisition_v1/raw/09_CLINICAL/SC001/nationwidechildrens.org_clinical.TCGA-75-6207.xml	primary_therapy_outcome_success	Complete Remission/Response	tcga_bcr/patient/follow_ups/follow_up/primary_therapy_outcome_success
SC001	63bd2175-4b7c-44c9-aef3-9efc8f79837b	85b57fa2-e4dc-45bf-8e22-3fd18676a5fa	/home/student/Desktop/CEIF/16_multiomics_acquisition_v1/raw/09_CLINICAL/SC001/nationwidechildrens.org_clinical.TCGA-05-5429.xml	vital_status	Alive	tcga_bcr/patient/vital_status
SC001	63bd2175-4b7c-44c9-aef3-9efc8f79837b	85b57fa2-e4dc-45bf-8e22-3fd18676a5fa	/home/student/Desktop/CEIF/16_multiomics_acquisition_v1/raw/09_CLINICAL/SC001/nationwidechildrens.org_clinical.TCGA-05-5429.xml	days_to_last_followup	30	tcga_bcr/patient/days_to_last_followup
SC001	63bd2175-4b7c-44c9-aef3-9efc8f79837b	85b57fa2-e4dc-45bf-8e22-3fd18676a5fa	/home/student/Desktop/CEIF/16_multiomics_acquisition_v1/raw/09_CLINICAL/SC001/nationwidechildrens.org_clinical.TCGA-05-5429.xml	vital_status	Dead	tcga_bcr/patient/follow_ups/follow_up/vital_status
SC001	63bd2175-4b7c-44c9-aef3-9efc8f79837b	85b57fa2-e4dc-45bf-8e22-3fd18676a5fa	/home/student/Desktop/CEIF/16_multiomics_acquisition_v1/raw/09_CLINICAL/SC001/nationwidechildrens.org_clinical.TCGA-05-5429.xml	days_to_death	275	tcga_bcr/patient/follow_ups/follow_up/days_to_death
SC001	66ed89f6-8ba2-49d0-af0f-4b6ebf2381bf	fc89c0bd-49bb-4742-8010-e23403b8744d	/home/student/Desktop/CEIF/16_multiomics_acquisition_v1/raw/09_CLINICAL/SC001/nationwidechildrens.org_clinical.TCGA-44-3919.xml	vital_status	Alive	tcga_bcr/patient/vital_status
SC001	66ed89f6-8ba2-49d0-af0f-4b6ebf2381bf	fc89c0bd-49bb-4742-8010-e23403b8744d	/home/student/Desktop/CEIF/16_multiomics_acquisition_v1/raw/09_CLINICAL/SC001/nationwidechildrens.org_clinical.TCGA-44-3919.xml	days_to_last_followup	190	tcga_bcr/patient/days_to_last_followup
SC001	66ed89f6-8ba2-49d0-af0f-4b6ebf2381bf	fc89c0bd-49bb-4742-8010-e23403b8744d	/home/student/Desktop/CEIF/16_multiomics_acquisition_v1/raw/09_CLINICAL/SC001/nationwidechildrens.org_clinical.TCGA-44-3919.xml	vital_status	Alive	tcga_bcr/patient/follow_ups/follow_up/vital_status
SC001	66ed89f6-8ba2-49d0-af0f-4b6ebf2381bf	fc89c0bd-49bb-4742-8010-e23403b8744d	/home/student/Desktop/CEIF/16_multiomics_acquisition_v1/raw/09_CLINICAL/SC001/nationwidechildrens.org_clinical.TCGA-44-3919.xml	primary_therapy_outcome_success	Complete Remission/Response	tcga_bcr/patient/follow_ups/follow_up/primary_therapy_outcome_success
SC001	66ed89f6-8ba2-49d0-af0f-4b6ebf2381bf	fc89c0bd-49bb-4742-8010-e23403b8744d	/home/student/Desktop/CEIF/16_multiomics_acquisition_v1/raw/09_CLINICAL/SC001/nationwidechildrens.org_clinical.TCGA-44-3919.xml	days_to_last_followup	190	tcga_bcr/patient/follow_ups/follow_up/days_to_last_followup
SC001	66ed89f6-8ba2-49d0-af0f-4b6ebf2381bf	fc89c0bd-49bb-4742-8010-e23403b8744d	/home/student/Desktop/CEIF/16_multiomics_acquisition_v1/raw/09_CLINICAL/SC001/nationwidechildrens.org_clinical.TCGA-44-3919.xml	new_tumor_event_after_initial_treatment	NO	tcga_bcr/patient/follow_ups/follow_up/new_tumor_event_after_initial_treatment
SC001	66ed89f6-8ba2-49d0-af0f-4b6ebf2381bf	fc89c0bd-49bb-4742-8010-e23403b8744d	/home/student/Desktop/CEIF/16_multiomics_acquisition_v1/raw/09_CLINICAL/SC001/nationwidechildrens.org_clinical.TCGA-44-3919.xml	followup_treatment_success	Complete Remission/Response	tcga_bcr/patient/follow_ups/follow_up/followup_treatment_success
SC001	66ed89f6-8ba2-49d0-af0f-4b6ebf2381bf	fc89c0bd-49bb-4742-8010-e23403b8744d	/home/student/Desktop/CEIF/16_multiomics_acquisition_v1/raw/09_CLINICAL/SC001/nationwidechildrens.org_clinical.TCGA-44-3919.xml	vital_status	Dead	tcga_bcr/patient/follow_ups/follow_up/vital_status
SC001	66ed89f6-8ba2-49d0-af0f-4b6ebf2381bf	fc89c0bd-49bb-4742-8010-e23403b8744d	/home/student/Desktop/CEIF/16_multiomics_acquisition_v1/raw/09_CLINICAL/SC001/nationwidechildrens.org_clinical.TCGA-44-3919.xml	primary_therapy_outcome_success	Complete Remission/Response	tcga_bcr/patient/follow_ups/follow_up/primary_therapy_outcome_success
SC001	66ed89f6-8ba2-49d0-af0f-4b6ebf2381bf	fc89c0bd-49bb-4742-8010-e23403b8744d	/home/student/Desktop/CEIF/16_multiomics_acquisition_v1/raw/09_CLINICAL/SC001/nationwidechildrens.org_clinical.TCGA-44-3919.xml	days_to_death	1026	tcga_bcr/patient/follow_ups/follow_up/days_to_death
SC001	66ed89f6-8ba2-49d0-af0f-4b6ebf2381bf	fc89c0bd-49bb-4742-8010-e23403b8744d	/home/student/Desktop/CEIF/16_multiomics_acquisition_v1/raw/09_CLINICAL/SC001/nationwidechildrens.org_clinical.TCGA-44-3919.xml	new_tumor_event_after_initial_treatment	YES	tcga_bcr/patient/follow_ups/follow_up/new_tumor_event_after_initial_treatment
SC001	66ed89f6-8ba2-49d0-af0f-4b6ebf2381bf	fc89c0bd-49bb-4742-8010-e23403b8744d	/home/student/Desktop/CEIF/16_multiomics_acquisition_v1/raw/09_CLINICAL/SC001/nationwidechildrens.org_clinical.TCGA-44-3919.xml	new_neoplasm_event_type	Locoregional Recurrence	tcga_bcr/patient/follow_ups/follow_up/new_neoplasm_event_types/new_neoplasm_event_type
SC001	66ed89f6-8ba2-49d0-af0f-4b6ebf2381bf	fc89c0bd-49bb-4742-8010-e23403b8744d	/home/student/Desktop/CEIF/16_multiomics_acquisition_v1/raw/09_CLINICAL/SC001/nationwidechildrens.org_clinical.TCGA-44-3919.xml	progression_determined_by	Convincing Imaging	tcga_bcr/patient/follow_ups/follow_up/progression_determined_by_list/progression_determined_by
SC001	66ed89f6-8ba2-49d0-af0f-4b6ebf2381bf	fc89c0bd-49bb-4742-8010-e23403b8744d	/home/student/Desktop/CEIF/16_multiomics_acquisition_v1/raw/09_CLINICAL/SC001/nationwidechildrens.org_clinical.TCGA-44-3919.xml	followup_treatment_success	Progressive Disease	tcga_bcr/patient/follow_ups/follow_up/followup_treatment_success
SC001	66ed89f6-8ba2-49d0-af0f-4b6ebf2381bf	fc89c0bd-49bb-4742-8010-e23403b8744d	/home/student/Desktop/CEIF/16_multiomics_acquisition_v1/raw/09_CLINICAL/SC001/nationwidechildrens.org_clinical.TCGA-44-3919.xml	vital_status	Dead	tcga_bcr/patient/follow_ups/follow_up/vital_status
SC001	66ed89f6-8ba2-49d0-af0f-4b6ebf2381bf	fc89c0bd-49bb-4742-8010-e23403b8744d	/home/student/Desktop/CEIF/16_multiomics_acquisition_v1/raw/09_CLINICAL/SC001/nationwidechildrens.org_clinical.TCGA-44-3919.xml	primary_therapy_outcome_success	Complete Remission/Response	tcga_bcr/patient/follow_ups/follow_up/primary_therapy_outcome_success
SC001	66ed89f6-8ba2-49d0-af0f-4b6ebf2381bf	fc89c0bd-49bb-4742-8010-e23403b8744d	/home/student/Desktop/CEIF/16_multiomics_acquisition_v1/raw/09_CLINICAL/SC001/nationwidechildrens.org_clinical.TCGA-44-3919.xml	days_to_death	1026	tcga_bcr/patient/follow_ups/follow_up/days_to_death
SC001	66ed89f6-8ba2-49d0-af0f-4b6ebf2381bf	fc89c0bd-49bb-4742-8010-e23403b8744d	/home/student/Desktop/CEIF/16_multiomics_acquisition_v1/raw/09_CLINICAL/SC001/nationwidechildrens.org_clinical.TCGA-44-3919.xml	new_tumor_event_after_initial_treatment	YES	tcga_bcr/patient/follow_ups/follow_up/new_tumor_event_after_initial_treatment
SC001	66ed89f6-8ba2-49d0-af0f-4b6ebf2381bf	fc89c0bd-49bb-4742-8010-e23403b8744d	/home/student/Desktop/CEIF/16_multiomics_acquisition_v1/raw/09_CLINICAL/SC001/nationwidechildrens.org_clinical.TCGA-44-3919.xml	new_neoplasm_event_type	Distant Metastasis	tcga_bcr/patient/follow_ups/follow_up/new_neoplasm_event_types/new_neoplasm_event_type
SC001	66ed89f6-8ba2-49d0-af0f-4b6ebf2381bf	fc89c0bd-49bb-4742-8010-e23403b8744d	/home/student/Desktop/CEIF/16_multiomics_acquisition_v1/raw/09_CLINICAL/SC001/nationwidechildrens.org_clinical.TCGA-44-3919.xml	progression_determined_by	Convincing Imaging	tcga_bcr/patient/follow_ups/follow_up/progression_determined_by_list/progression_determined_by
SC001	68b86559-38b2-41f2-b66e-c3c2b628b14d	f703d81c-3837-40fd-a729-fc67324b9a68	/home/student/Desktop/CEIF/16_multiomics_acquisition_v1/raw/09_CLINICAL/SC001/nationwidechildrens.org_clinical.TCGA-44-4112.xml	vital_status	Alive	tcga_bcr/patient/vital_status
SC001	68b86559-38b2-41f2-b66e-c3c2b628b14d	f703d81c-3837-40fd-a729-fc67324b9a68	/home/student/Desktop/CEIF/16_multiomics_acquisition_v1/raw/09_CLINICAL/SC001/nationwidechildrens.org_clinical.TCGA-44-4112.xml	days_to_last_known_alive	141	tcga_bcr/patient/days_to_last_known_alive
SC001	68b86559-38b2-41f2-b66e-c3c2b628b14d	f703d81c-3837-40fd-a729-fc67324b9a68	/home/student/Desktop/CEIF/16_multiomics_acquisition_v1/raw/09_CLINICAL/SC001/nationwidechildrens.org_clinical.TCGA-44-4112.xml	days_to_last_followup	141	tcga_bcr/patient/days_to_last_followup
SC001	68b86559-38b2-41f2-b66e-c3c2b628b14d	f703d81c-3837-40fd-a729-fc67324b9a68	/home/student/Desktop/CEIF/16_multiomics_acquisition_v1/raw/09_CLINICAL/SC001/nationwidechildrens.org_clinical.TCGA-44-4112.xml	vital_status	Alive	tcga_bcr/patient/follow_ups/follow_up/vital_status
SC001	68b86559-38b2-41f2-b66e-c3c2b628b14d	f703d81c-3837-40fd-a729-fc67324b9a68	/home/student/Desktop/CEIF/16_multiomics_acquisition_v1/raw/09_CLINICAL/SC001/nationwidechildrens.org_clinical.TCGA-44-4112.xml	primary_therapy_outcome_success	Complete Remission/Response	tcga_bcr/patient/follow_ups/follow_up/primary_therapy_outcome_success
SC001	68b86559-38b2-41f2-b66e-c3c2b628b14d	f703d81c-3837-40fd-a729-fc67324b9a68	/home/student/Desktop/CEIF/16_multiomics_acquisition_v1/raw/09_CLINICAL/SC001/nationwidechildrens.org_clinical.TCGA-44-4112.xml	days_to_last_followup	370	tcga_bcr/patient/follow_ups/follow_up/days_to_last_followup
SC001	68b86559-38b2-41f2-b66e-c3c2b628b14d	f703d81c-3837-40fd-a729-fc67324b9a68	/home/student/Desktop/CEIF/16_multiomics_acquisition_v1/raw/09_CLINICAL/SC001/nationwidechildrens.org_clinical.TCGA-44-4112.xml	followup_treatment_success	Complete Remission/Response	tcga_bcr/patient/follow_ups/follow_up/followup_treatment_success
SC001	68b86559-38b2-41f2-b66e-c3c2b628b14d	f703d81c-3837-40fd-a729-fc67324b9a68	/home/student/Desktop/CEIF/16_multiomics_acquisition_v1/raw/09_CLINICAL/SC001/nationwidechildrens.org_clinical.TCGA-44-4112.xml	vital_status	Alive	tcga_bcr/patient/follow_ups/follow_up/vital_status
SC001	68b86559-38b2-41f2-b66e-c3c2b628b14d	f703d81c-3837-40fd-a729-fc67324b9a68	/home/student/Desktop/CEIF/16_multiomics_acquisition_v1/raw/09_CLINICAL/SC001/nationwidechildrens.org_clinical.TCGA-44-4112.xml	days_to_last_followup	722	tcga_bcr/patient/follow_ups/follow_up/days_to_last_followup
SC001	68b86559-38b2-41f2-b66e-c3c2b628b14d	f703d81c-3837-40fd-a729-fc67324b9a68	/home/student/Desktop/CEIF/16_multiomics_acquisition_v1/raw/09_CLINICAL/SC001/nationwidechildrens.org_clinical.TCGA-44-4112.xml	new_tumor_event_after_initial_treatment	YES	tcga_bcr/patient/follow_ups/follow_up/new_tumor_event_after_initial_treatment
SC001	68b86559-38b2-41f2-b66e-c3c2b628b14d	f703d81c-3837-40fd-a729-fc67324b9a68	/home/student/Desktop/CEIF/16_multiomics_acquisition_v1/raw/09_CLINICAL/SC001/nationwidechildrens.org_clinical.TCGA-44-4112.xml	followup_treatment_success	Stable Disease	tcga_bcr/patient/follow_ups/follow_up/followup_treatment_success
SC001	68b86559-38b2-41f2-b66e-c3c2b628b14d	f703d81c-3837-40fd-a729-fc67324b9a68	/home/student/Desktop/CEIF/16_multiomics_acquisition_v1/raw/09_CLINICAL/SC001/nationwidechildrens.org_clinical.TCGA-44-4112.xml	vital_status	Dead	tcga_bcr/patient/follow_ups/follow_up/vital_status
SC001	68b86559-38b2-41f2-b66e-c3c2b628b14d	f703d81c-3837-40fd-a729-fc67324b9a68	/home/student/Desktop/CEIF/16_multiomics_acquisition_v1/raw/09_CLINICAL/SC001/nationwidechildrens.org_clinical.TCGA-44-4112.xml	days_to_death	808	tcga_bcr/patient/follow_ups/follow_up/days_to_death
SC001	68b86559-38b2-41f2-b66e-c3c2b628b14d	f703d81c-3837-40fd-a729-fc67324b9a68	/home/student/Desktop/CEIF/16_multiomics_acquisition_v1/raw/09_CLINICAL/SC001/nationwidechildrens.org_clinical.TCGA-44-4112.xml	new_tumor_event_after_initial_treatment	NO	tcga_bcr/patient/follow_ups/follow_up/new_tumor_event_after_initial_treatment
SC001	69dba721-a168-47a4-b7ff-80a448bad654	e02ad356-c348-42dd-884b-97c640e895d9	/home/student/Desktop/CEIF/16_multiomics_acquisition_v1/raw/09_CLINICAL/SC001/nationwidechildrens.org_clinical.TCGA-55-7914.xml	vital_status	Alive	tcga_bcr/patient/vital_status
SC001	69dba721-a168-47a4-b7ff-80a448bad654	e02ad356-c348-42dd-884b-97c640e895d9	/home/student/Desktop/CEIF/16_multiomics_acquisition_v1/raw/09_CLINICAL/SC001/nationwidechildrens.org_clinical.TCGA-55-7914.xml	days_to_last_followup	3	tcga_bcr/patient/days_to_last_followup
SC001	69dba721-a168-47a4-b7ff-80a448bad654	e02ad356-c348-42dd-884b-97c640e895d9	/home/student/Desktop/CEIF/16_multiomics_acquisition_v1/raw/09_CLINICAL/SC001/nationwidechildrens.org_clinical.TCGA-55-7914.xml	vital_status	Dead	tcga_bcr/patient/follow_ups/follow_up/vital_status
SC001	69dba721-a168-47a4-b7ff-80a448bad654	e02ad356-c348-42dd-884b-97c640e895d9	/home/student/Desktop/CEIF/16_multiomics_acquisition_v1/raw/09_CLINICAL/SC001/nationwidechildrens.org_clinical.TCGA-55-7914.xml	primary_therapy_outcome_success	Progressive Disease	tcga_bcr/patient/follow_ups/follow_up/primary_therapy_outcome_success
SC001	69dba721-a168-47a4-b7ff-80a448bad654	e02ad356-c348-42dd-884b-97c640e895d9	/home/student/Desktop/CEIF/16_multiomics_acquisition_v1/raw/09_CLINICAL/SC001/nationwidechildrens.org_clinical.TCGA-55-7914.xml	days_to_death	187	tcga_bcr/patient/follow_ups/follow_up/days_to_death
SC001	69dba721-a168-47a4-b7ff-80a448bad654	e02ad356-c348-42dd-884b-97c640e895d9	/home/student/Desktop/CEIF/16_multiomics_acquisition_v1/raw/09_CLINICAL/SC001/nationwidechildrens.org_clinical.TCGA-55-7914.xml	new_tumor_event_after_initial_treatment	NO	tcga_bcr/patient/follow_ups/follow_up/new_tumor_event_after_initial_treatment
SC001	69dba721-a168-47a4-b7ff-80a448bad654	e02ad356-c348-42dd-884b-97c640e895d9	/home/student/Desktop/CEIF/16_multiomics_acquisition_v1/raw/09_CLINICAL/SC001/nationwidechildrens.org_clinical.TCGA-55-7914.xml	followup_treatment_success	Progressive Disease	tcga_bcr/patient/follow_ups/follow_up/followup_treatment_success
SC001	7782ceaa-da49-4232-8b3f-534971adaad8	9afb4e6b-6245-4c77-97d0-e051b2b9c87f	/home/student/Desktop/CEIF/16_multiomics_acquisition_v1/raw/09_CLINICAL/SC001/nationwidechildrens.org_clinical.TCGA-73-7499.xml	vital_status	Alive	tcga_bcr/patient/vital_status
SC001	7782ceaa-da49-4232-8b3f-534971adaad8	9afb4e6b-6245-4c77-97d0-e051b2b9c87f	/home/student/Desktop/CEIF/16_multiomics_acquisition_v1/raw/09_CLINICAL/SC001/nationwidechildrens.org_clinical.TCGA-73-7499.xml	days_to_last_followup	519	tcga_bcr/patient/days_to_last_followup
SC001	7782ceaa-da49-4232-8b3f-534971adaad8	9afb4e6b-6245-4c77-97d0-e051b2b9c87f	/home/student/Desktop/CEIF/16_multiomics_acquisition_v1/raw/09_CLINICAL/SC001/nationwidechildrens.org_clinical.TCGA-73-7499.xml	primary_therapy_outcome_success	Complete Remission/Response	tcga_bcr/patient/primary_therapy_outcome_success
SC001	7782ceaa-da49-4232-8b3f-534971adaad8	9afb4e6b-6245-4c77-97d0-e051b2b9c87f	/home/student/Desktop/CEIF/16_multiomics_acquisition_v1/raw/09_CLINICAL/SC001/nationwidechildrens.org_clinical.TCGA-73-7499.xml	new_tumor_event_after_initial_treatment	NO	tcga_bcr/patient/new_tumor_events/new_tumor_event_after_initial_treatment
SC001	7782ceaa-da49-4232-8b3f-534971adaad8	9afb4e6b-6245-4c77-97d0-e051b2b9c87f	/home/student/Desktop/CEIF/16_multiomics_acquisition_v1/raw/09_CLINICAL/SC001/nationwidechildrens.org_clinical.TCGA-73-7499.xml	vital_status	Alive	tcga_bcr/patient/follow_ups/follow_up/vital_status
SC001	7782ceaa-da49-4232-8b3f-534971adaad8	9afb4e6b-6245-4c77-97d0-e051b2b9c87f	/home/student/Desktop/CEIF/16_multiomics_acquisition_v1/raw/09_CLINICAL/SC001/nationwidechildrens.org_clinical.TCGA-73-7499.xml	primary_therapy_outcome_success	Complete Remission/Response	tcga_bcr/patient/follow_ups/follow_up/primary_therapy_outcome_success
SC001	7782ceaa-da49-4232-8b3f-534971adaad8	9afb4e6b-6245-4c77-97d0-e051b2b9c87f	/home/student/Desktop/CEIF/16_multiomics_acquisition_v1/raw/09_CLINICAL/SC001/nationwidechildrens.org_clinical.TCGA-73-7499.xml	days_to_last_followup	715	tcga_bcr/patient/follow_ups/follow_up/days_to_last_followup
SC001	7782ceaa-da49-4232-8b3f-534971adaad8	9afb4e6b-6245-4c77-97d0-e051b2b9c87f	/home/student/Desktop/CEIF/16_multiomics_acquisition_v1/raw/09_CLINICAL/SC001/nationwidechildrens.org_clinical.TCGA-73-7499.xml	new_tumor_event_after_initial_treatment	NO	tcga_bcr/patient/follow_ups/follow_up/new_tumor_event_after_initial_treatment
SC001	7782ceaa-da49-4232-8b3f-534971adaad8	9afb4e6b-6245-4c77-97d0-e051b2b9c87f	/home/student/Desktop/CEIF/16_multiomics_acquisition_v1/raw/09_CLINICAL/SC001/nationwidechildrens.org_clinical.TCGA-73-7499.xml	followup_treatment_success	Complete Remission/Response	tcga_bcr/patient/follow_ups/follow_up/followup_treatment_success
SC001	7782ceaa-da49-4232-8b3f-534971adaad8	9afb4e6b-6245-4c77-97d0-e051b2b9c87f	/home/student/Desktop/CEIF/16_multiomics_acquisition_v1/raw/09_CLINICAL/SC001/nationwidechildrens.org_clinical.TCGA-73-7499.xml	vital_status	Dead	tcga_bcr/patient/follow_ups/follow_up/vital_status
SC001	7782ceaa-da49-4232-8b3f-534971adaad8	9afb4e6b-6245-4c77-97d0-e051b2b9c87f	/home/student/Desktop/CEIF/16_multiomics_acquisition_v1/raw/09_CLINICAL/SC001/nationwidechildrens.org_clinical.TCGA-73-7499.xml	primary_therapy_outcome_success	Complete Remission/Response	tcga_bcr/patient/follow_ups/follow_up/primary_therapy_outcome_success
SC001	7782ceaa-da49-4232-8b3f-534971adaad8	9afb4e6b-6245-4c77-97d0-e051b2b9c87f	/home/student/Desktop/CEIF/16_multiomics_acquisition_v1/raw/09_CLINICAL/SC001/nationwidechildrens.org_clinical.TCGA-73-7499.xml	days_to_death	1531	tcga_bcr/patient/follow_ups/follow_up/days_to_death
SC001	7782ceaa-da49-4232-8b3f-534971adaad8	9afb4e6b-6245-4c77-97d0-e051b2b9c87f	/home/student/Desktop/CEIF/16_multiomics_acquisition_v1/raw/09_CLINICAL/SC001/nationwidechildrens.org_clinical.TCGA-73-7499.xml	new_tumor_event_after_initial_treatment	YES	tcga_bcr/patient/follow_ups/follow_up/new_tumor_event_after_initial_treatment
SC001	7782ceaa-da49-4232-8b3f-534971adaad8	9afb4e6b-6245-4c77-97d0-e051b2b9c87f	/home/student/Desktop/CEIF/16_multiomics_acquisition_v1/raw/09_CLINICAL/SC001/nationwidechildrens.org_clinical.TCGA-73-7499.xml	new_neoplasm_event_type	Distant Metastasis	tcga_bcr/patient/follow_ups/follow_up/new_neoplasm_event_types/new_neoplasm_event_type
SC001	7782ceaa-da49-4232-8b3f-534971adaad8	9afb4e6b-6245-4c77-97d0-e051b2b9c87f	/home/student/Desktop/CEIF/16_multiomics_acquisition_v1/raw/09_CLINICAL/SC001/nationwidechildrens.org_clinical.TCGA-73-7499.xml	followup_treatment_success	Complete Remission/Response	tcga_bcr/patient/follow_ups/follow_up/followup_treatment_success
SC001	78ae716b-0ca5-4c01-a053-d41288385fcd	eb645c49-ab51-422b-a383-699f92beb9a7	/home/student/Desktop/CEIF/16_multiomics_acquisition_v1/raw/09_CLINICAL/SC001/nationwidechildrens.org_clinical.TCGA-75-5122.xml	vital_status	Dead	tcga_bcr/patient/vital_status
SC001	78ae716b-0ca5-4c01-a053-d41288385fcd	eb645c49-ab51-422b-a383-699f92beb9a7	/home/student/Desktop/CEIF/16_multiomics_acquisition_v1/raw/09_CLINICAL/SC001/nationwidechildrens.org_clinical.TCGA-75-5122.xml	vital_status	Dead	tcga_bcr/patient/follow_ups/follow_up/vital_status
SC001	78ae716b-0ca5-4c01-a053-d41288385fcd	eb645c49-ab51-422b-a383-699f92beb9a7	/home/student/Desktop/CEIF/16_multiomics_acquisition_v1/raw/09_CLINICAL/SC001/nationwidechildrens.org_clinical.TCGA-75-5122.xml	primary_therapy_outcome_success	Complete Remission/Response	tcga_bcr/patient/follow_ups/follow_up/primary_therapy_outcome_success
SC001	78ae716b-0ca5-4c01-a053-d41288385fcd	eb645c49-ab51-422b-a383-699f92beb9a7	/home/student/Desktop/CEIF/16_multiomics_acquisition_v1/raw/09_CLINICAL/SC001/nationwidechildrens.org_clinical.TCGA-75-5122.xml	new_tumor_event_after_initial_treatment	YES	tcga_bcr/patient/follow_ups/follow_up/new_tumor_event_after_initial_treatment
SC001	78ae716b-0ca5-4c01-a053-d41288385fcd	eb645c49-ab51-422b-a383-699f92beb9a7	/home/student/Desktop/CEIF/16_multiomics_acquisition_v1/raw/09_CLINICAL/SC001/nationwidechildrens.org_clinical.TCGA-75-5122.xml	followup_treatment_success	Progressive Disease	tcga_bcr/patient/follow_ups/follow_up/followup_treatment_success
SC001	7e7f089c-25f7-4e14-aed5-d741047b9e42	682ea8c9-1d0a-467e-a87a-e20c7f5443d6	/home/student/Desktop/CEIF/16_multiomics_acquisition_v1/raw/09_CLINICAL/SC001/nationwidechildrens.org_clinical.TCGA-86-8359.xml	vital_status	Alive	tcga_bcr/patient/vital_status
SC001	7e7f089c-25f7-4e14-aed5-d741047b9e42	682ea8c9-1d0a-467e-a87a-e20c7f5443d6	/home/student/Desktop/CEIF/16_multiomics_acquisition_v1/raw/09_CLINICAL/SC001/nationwidechildrens.org_clinical.TCGA-86-8359.xml	days_to_last_followup	26	tcga_bcr/patient/days_to_last_followup
SC001	7e7f089c-25f7-4e14-aed5-d741047b9e42	682ea8c9-1d0a-467e-a87a-e20c7f5443d6	/home/student/Desktop/CEIF/16_multiomics_acquisition_v1/raw/09_CLINICAL/SC001/nationwidechildrens.org_clinical.TCGA-86-8359.xml	vital_status	Dead	tcga_bcr/patient/follow_ups/follow_up/vital_status
SC001	7e7f089c-25f7-4e14-aed5-d741047b9e42	682ea8c9-1d0a-467e-a87a-e20c7f5443d6	/home/student/Desktop/CEIF/16_multiomics_acquisition_v1/raw/09_CLINICAL/SC001/nationwidechildrens.org_clinical.TCGA-86-8359.xml	days_to_death	444	tcga_bcr/patient/follow_ups/follow_up/days_to_death
SC001	7eb540b4-8dd3-4382-a488-e48b1c7213b3	cbbc5983-9e91-4ee1-bf9a-462dd7b6932b	/home/student/Desktop/CEIF/16_multiomics_acquisition_v1/raw/09_CLINICAL/SC001/nationwidechildrens.org_clinical.TCGA-50-7109.xml	vital_status	Alive	tcga_bcr/patient/vital_status
SC001	7eb540b4-8dd3-4382-a488-e48b1c7213b3	cbbc5983-9e91-4ee1-bf9a-462dd7b6932b	/home/student/Desktop/CEIF/16_multiomics_acquisition_v1/raw/09_CLINICAL/SC001/nationwidechildrens.org_clinical.TCGA-50-7109.xml	days_to_last_followup	255	tcga_bcr/patient/days_to_last_followup
SC001	7eb540b4-8dd3-4382-a488-e48b1c7213b3	cbbc5983-9e91-4ee1-bf9a-462dd7b6932b	/home/student/Desktop/CEIF/16_multiomics_acquisition_v1/raw/09_CLINICAL/SC001/nationwidechildrens.org_clinical.TCGA-50-7109.xml	vital_status	Dead	tcga_bcr/patient/follow_ups/follow_up/vital_status
SC001	7eb540b4-8dd3-4382-a488-e48b1c7213b3	cbbc5983-9e91-4ee1-bf9a-462dd7b6932b	/home/student/Desktop/CEIF/16_multiomics_acquisition_v1/raw/09_CLINICAL/SC001/nationwidechildrens.org_clinical.TCGA-50-7109.xml	primary_therapy_outcome_success	Progressive Disease	tcga_bcr/patient/follow_ups/follow_up/primary_therapy_outcome_success
SC001	7eb540b4-8dd3-4382-a488-e48b1c7213b3	cbbc5983-9e91-4ee1-bf9a-462dd7b6932b	/home/student/Desktop/CEIF/16_multiomics_acquisition_v1/raw/09_CLINICAL/SC001/nationwidechildrens.org_clinical.TCGA-50-7109.xml	days_to_death	308	tcga_bcr/patient/follow_ups/follow_up/days_to_death
SC001	7eb540b4-8dd3-4382-a488-e48b1c7213b3	cbbc5983-9e91-4ee1-bf9a-462dd7b6932b	/home/student/Desktop/CEIF/16_multiomics_acquisition_v1/raw/09_CLINICAL/SC001/nationwidechildrens.org_clinical.TCGA-50-7109.xml	new_tumor_event_after_initial_treatment	YES	tcga_bcr/patient/follow_ups/follow_up/new_tumor_event_after_initial_treatment
SC001	7eb540b4-8dd3-4382-a488-e48b1c7213b3	cbbc5983-9e91-4ee1-bf9a-462dd7b6932b	/home/student/Desktop/CEIF/16_multiomics_acquisition_v1/raw/09_CLINICAL/SC001/nationwidechildrens.org_clinical.TCGA-50-7109.xml	new_neoplasm_event_type	Distant Metastasis	tcga_bcr/patient/follow_ups/follow_up/new_neoplasm_event_types/new_neoplasm_event_type
SC001	7eb540b4-8dd3-4382-a488-e48b1c7213b3	cbbc5983-9e91-4ee1-bf9a-462dd7b6932b	/home/student/Desktop/CEIF/16_multiomics_acquisition_v1/raw/09_CLINICAL/SC001/nationwidechildrens.org_clinical.TCGA-50-7109.xml	progression_determined_by	Convincing Imaging	tcga_bcr/patient/follow_ups/follow_up/progression_determined_by_list/progression_determined_by
SC001	7eb540b4-8dd3-4382-a488-e48b1c7213b3	cbbc5983-9e91-4ee1-bf9a-462dd7b6932b	/home/student/Desktop/CEIF/16_multiomics_acquisition_v1/raw/09_CLINICAL/SC001/nationwidechildrens.org_clinical.TCGA-50-7109.xml	followup_treatment_success	Progressive Disease	tcga_bcr/patient/follow_ups/follow_up/followup_treatment_success
SC001	86faf16c-56fd-4b7b-a6b2-b4c83bec93e1	60321f01-cae4-418f-974a-05ec420ca56d	/home/student/Desktop/CEIF/16_multiomics_acquisition_v1/raw/09_CLINICAL/SC001/nationwidechildrens.org_clinical.TCGA-78-7161.xml	vital_status	Alive	tcga_bcr/patient/vital_status
SC001	86faf16c-56fd-4b7b-a6b2-b4c83bec93e1	60321f01-cae4-418f-974a-05ec420ca56d	/home/student/Desktop/CEIF/16_multiomics_acquisition_v1/raw/09_CLINICAL/SC001/nationwidechildrens.org_clinical.TCGA-78-7161.xml	days_to_last_followup	215	tcga_bcr/patient/days_to_last_followup
SC001	86faf16c-56fd-4b7b-a6b2-b4c83bec93e1	60321f01-cae4-418f-974a-05ec420ca56d	/home/student/Desktop/CEIF/16_multiomics_acquisition_v1/raw/09_CLINICAL/SC001/nationwidechildrens.org_clinical.TCGA-78-7161.xml	vital_status	Alive	tcga_bcr/patient/follow_ups/follow_up/vital_status
SC001	86faf16c-56fd-4b7b-a6b2-b4c83bec93e1	60321f01-cae4-418f-974a-05ec420ca56d	/home/student/Desktop/CEIF/16_multiomics_acquisition_v1/raw/09_CLINICAL/SC001/nationwidechildrens.org_clinical.TCGA-78-7161.xml	primary_therapy_outcome_success	Progressive Disease	tcga_bcr/patient/follow_ups/follow_up/primary_therapy_outcome_success
SC001	86faf16c-56fd-4b7b-a6b2-b4c83bec93e1	60321f01-cae4-418f-974a-05ec420ca56d	/home/student/Desktop/CEIF/16_multiomics_acquisition_v1/raw/09_CLINICAL/SC001/nationwidechildrens.org_clinical.TCGA-78-7161.xml	days_to_last_followup	215	tcga_bcr/patient/follow_ups/follow_up/days_to_last_followup
SC001	86faf16c-56fd-4b7b-a6b2-b4c83bec93e1	60321f01-cae4-418f-974a-05ec420ca56d	/home/student/Desktop/CEIF/16_multiomics_acquisition_v1/raw/09_CLINICAL/SC001/nationwidechildrens.org_clinical.TCGA-78-7161.xml	new_tumor_event_after_initial_treatment	YES	tcga_bcr/patient/follow_ups/follow_up/new_tumor_event_after_initial_treatment
SC001	86faf16c-56fd-4b7b-a6b2-b4c83bec93e1	60321f01-cae4-418f-974a-05ec420ca56d	/home/student/Desktop/CEIF/16_multiomics_acquisition_v1/raw/09_CLINICAL/SC001/nationwidechildrens.org_clinical.TCGA-78-7161.xml	vital_status	Dead	tcga_bcr/patient/follow_ups/follow_up/vital_status
SC001	86faf16c-56fd-4b7b-a6b2-b4c83bec93e1	60321f01-cae4-418f-974a-05ec420ca56d	/home/student/Desktop/CEIF/16_multiomics_acquisition_v1/raw/09_CLINICAL/SC001/nationwidechildrens.org_clinical.TCGA-78-7161.xml	primary_therapy_outcome_success	Progressive Disease	tcga_bcr/patient/follow_ups/follow_up/primary_therapy_outcome_success
SC001	86faf16c-56fd-4b7b-a6b2-b4c83bec93e1	60321f01-cae4-418f-974a-05ec420ca56d	/home/student/Desktop/CEIF/16_multiomics_acquisition_v1/raw/09_CLINICAL/SC001/nationwidechildrens.org_clinical.TCGA-78-7161.xml	days_to_death	291	tcga_bcr/patient/follow_ups/follow_up/days_to_death
SC001	86faf16c-56fd-4b7b-a6b2-b4c83bec93e1	60321f01-cae4-418f-974a-05ec420ca56d	/home/student/Desktop/CEIF/16_multiomics_acquisition_v1/raw/09_CLINICAL/SC001/nationwidechildrens.org_clinical.TCGA-78-7161.xml	new_tumor_event_after_initial_treatment	YES	tcga_bcr/patient/follow_ups/follow_up/new_tumor_event_after_initial_treatment
SC001	86faf16c-56fd-4b7b-a6b2-b4c83bec93e1	60321f01-cae4-418f-974a-05ec420ca56d	/home/student/Desktop/CEIF/16_multiomics_acquisition_v1/raw/09_CLINICAL/SC001/nationwidechildrens.org_clinical.TCGA-78-7161.xml	new_neoplasm_event_type	Locoregional Recurrence	tcga_bcr/patient/follow_ups/follow_up/new_neoplasm_event_types/new_neoplasm_event_type
SC001	86faf16c-56fd-4b7b-a6b2-b4c83bec93e1	60321f01-cae4-418f-974a-05ec420ca56d	/home/student/Desktop/CEIF/16_multiomics_acquisition_v1/raw/09_CLINICAL/SC001/nationwidechildrens.org_clinical.TCGA-78-7161.xml	progression_determined_by	Biopsy with Histologic Confirmation	tcga_bcr/patient/follow_ups/follow_up/progression_determined_by_list/progression_determined_by
SC001	86faf16c-56fd-4b7b-a6b2-b4c83bec93e1	60321f01-cae4-418f-974a-05ec420ca56d	/home/student/Desktop/CEIF/16_multiomics_acquisition_v1/raw/09_CLINICAL/SC001/nationwidechildrens.org_clinical.TCGA-78-7161.xml	followup_treatment_success	Progressive Disease	tcga_bcr/patient/follow_ups/follow_up/followup_treatment_success
SC001	8869000d-09d7-465a-ac32-54d1935c43e7	c3c1072c-9786-483b-8ba8-935cc888811e	/home/student/Desktop/CEIF/16_multiomics_acquisition_v1/raw/09_CLINICAL/SC001/nationwidechildrens.org_clinical.TCGA-86-8075.xml	vital_status	Alive	tcga_bcr/patient/vital_status
SC001	8869000d-09d7-465a-ac32-54d1935c43e7	c3c1072c-9786-483b-8ba8-935cc888811e	/home/student/Desktop/CEIF/16_multiomics_acquisition_v1/raw/09_CLINICAL/SC001/nationwidechildrens.org_clinical.TCGA-86-8075.xml	days_to_last_followup	43	tcga_bcr/patient/days_to_last_followup
SC001	8869000d-09d7-465a-ac32-54d1935c43e7	c3c1072c-9786-483b-8ba8-935cc888811e	/home/student/Desktop/CEIF/16_multiomics_acquisition_v1/raw/09_CLINICAL/SC001/nationwidechildrens.org_clinical.TCGA-86-8075.xml	vital_status	Alive	tcga_bcr/patient/follow_ups/follow_up/vital_status
SC001	8869000d-09d7-465a-ac32-54d1935c43e7	c3c1072c-9786-483b-8ba8-935cc888811e	/home/student/Desktop/CEIF/16_multiomics_acquisition_v1/raw/09_CLINICAL/SC001/nationwidechildrens.org_clinical.TCGA-86-8075.xml	primary_therapy_outcome_success	Complete Remission/Response	tcga_bcr/patient/follow_ups/follow_up/primary_therapy_outcome_success
SC001	8869000d-09d7-465a-ac32-54d1935c43e7	c3c1072c-9786-483b-8ba8-935cc888811e	/home/student/Desktop/CEIF/16_multiomics_acquisition_v1/raw/09_CLINICAL/SC001/nationwidechildrens.org_clinical.TCGA-86-8075.xml	days_to_last_followup	479	tcga_bcr/patient/follow_ups/follow_up/days_to_last_followup
SC001	8869000d-09d7-465a-ac32-54d1935c43e7	c3c1072c-9786-483b-8ba8-935cc888811e	/home/student/Desktop/CEIF/16_multiomics_acquisition_v1/raw/09_CLINICAL/SC001/nationwidechildrens.org_clinical.TCGA-86-8075.xml	new_tumor_event_after_initial_treatment	YES	tcga_bcr/patient/follow_ups/follow_up/new_tumor_event_after_initial_treatment
SC001	8869000d-09d7-465a-ac32-54d1935c43e7	c3c1072c-9786-483b-8ba8-935cc888811e	/home/student/Desktop/CEIF/16_multiomics_acquisition_v1/raw/09_CLINICAL/SC001/nationwidechildrens.org_clinical.TCGA-86-8075.xml	new_neoplasm_event_type	Locoregional Recurrence	tcga_bcr/patient/follow_ups/follow_up/new_neoplasm_event_types/new_neoplasm_event_type
SC001	8869000d-09d7-465a-ac32-54d1935c43e7	c3c1072c-9786-483b-8ba8-935cc888811e	/home/student/Desktop/CEIF/16_multiomics_acquisition_v1/raw/09_CLINICAL/SC001/nationwidechildrens.org_clinical.TCGA-86-8075.xml	progression_determined_by	Biopsy with Histologic Confirmation	tcga_bcr/patient/follow_ups/follow_up/progression_determined_by_list/progression_determined_by
SC001	8869000d-09d7-465a-ac32-54d1935c43e7	c3c1072c-9786-483b-8ba8-935cc888811e	/home/student/Desktop/CEIF/16_multiomics_acquisition_v1/raw/09_CLINICAL/SC001/nationwidechildrens.org_clinical.TCGA-86-8075.xml	vital_status	Dead	tcga_bcr/patient/follow_ups/follow_up/vital_status
SC001	8869000d-09d7-465a-ac32-54d1935c43e7	c3c1072c-9786-483b-8ba8-935cc888811e	/home/student/Desktop/CEIF/16_multiomics_acquisition_v1/raw/09_CLINICAL/SC001/nationwidechildrens.org_clinical.TCGA-86-8075.xml	primary_therapy_outcome_success	Complete Remission/Response	tcga_bcr/patient/follow_ups/follow_up/primary_therapy_outcome_success
SC001	8869000d-09d7-465a-ac32-54d1935c43e7	c3c1072c-9786-483b-8ba8-935cc888811e	/home/student/Desktop/CEIF/16_multiomics_acquisition_v1/raw/09_CLINICAL/SC001/nationwidechildrens.org_clinical.TCGA-86-8075.xml	days_to_death	694	tcga_bcr/patient/follow_ups/follow_up/days_to_death
SC001	8869000d-09d7-465a-ac32-54d1935c43e7	c3c1072c-9786-483b-8ba8-935cc888811e	/home/student/Desktop/CEIF/16_multiomics_acquisition_v1/raw/09_CLINICAL/SC001/nationwidechildrens.org_clinical.TCGA-86-8075.xml	new_tumor_event_after_initial_treatment	NO	tcga_bcr/patient/follow_ups/follow_up/new_tumor_event_after_initial_treatment
SC001	8869000d-09d7-465a-ac32-54d1935c43e7	c3c1072c-9786-483b-8ba8-935cc888811e	/home/student/Desktop/CEIF/16_multiomics_acquisition_v1/raw/09_CLINICAL/SC001/nationwidechildrens.org_clinical.TCGA-86-8075.xml	followup_treatment_success	Complete Remission/Response	tcga_bcr/patient/follow_ups/follow_up/followup_treatment_success
SC001	9582b436-145b-4f84-8f7f-8b39b8254cc1	37d51cb1-cb8b-4d4f-b3a8-2c6d2dde6c2b	/home/student/Desktop/CEIF/16_multiomics_acquisition_v1/raw/09_CLINICAL/SC001/nationwidechildrens.org_clinical.TCGA-99-8033.xml	vital_status	Alive	tcga_bcr/patient/vital_status
SC001	9582b436-145b-4f84-8f7f-8b39b8254cc1	37d51cb1-cb8b-4d4f-b3a8-2c6d2dde6c2b	/home/student/Desktop/CEIF/16_multiomics_acquisition_v1/raw/09_CLINICAL/SC001/nationwidechildrens.org_clinical.TCGA-99-8033.xml	days_to_last_followup	170	tcga_bcr/patient/days_to_last_followup
SC001	9582b436-145b-4f84-8f7f-8b39b8254cc1	37d51cb1-cb8b-4d4f-b3a8-2c6d2dde6c2b	/home/student/Desktop/CEIF/16_multiomics_acquisition_v1/raw/09_CLINICAL/SC001/nationwidechildrens.org_clinical.TCGA-99-8033.xml	new_tumor_event_after_initial_treatment	NO	tcga_bcr/patient/new_tumor_events/new_tumor_event_after_initial_treatment
SC001	9582b436-145b-4f84-8f7f-8b39b8254cc1	37d51cb1-cb8b-4d4f-b3a8-2c6d2dde6c2b	/home/student/Desktop/CEIF/16_multiomics_acquisition_v1/raw/09_CLINICAL/SC001/nationwidechildrens.org_clinical.TCGA-99-8033.xml	vital_status	Dead	tcga_bcr/patient/follow_ups/follow_up/vital_status
SC001	9582b436-145b-4f84-8f7f-8b39b8254cc1	37d51cb1-cb8b-4d4f-b3a8-2c6d2dde6c2b	/home/student/Desktop/CEIF/16_multiomics_acquisition_v1/raw/09_CLINICAL/SC001/nationwidechildrens.org_clinical.TCGA-99-8033.xml	primary_therapy_outcome_success	Progressive Disease	tcga_bcr/patient/follow_ups/follow_up/primary_therapy_outcome_success
SC001	9582b436-145b-4f84-8f7f-8b39b8254cc1	37d51cb1-cb8b-4d4f-b3a8-2c6d2dde6c2b	/home/student/Desktop/CEIF/16_multiomics_acquisition_v1/raw/09_CLINICAL/SC001/nationwidechildrens.org_clinical.TCGA-99-8033.xml	days_to_death	656	tcga_bcr/patient/follow_ups/follow_up/days_to_death
SC001	9582b436-145b-4f84-8f7f-8b39b8254cc1	37d51cb1-cb8b-4d4f-b3a8-2c6d2dde6c2b	/home/student/Desktop/CEIF/16_multiomics_acquisition_v1/raw/09_CLINICAL/SC001/nationwidechildrens.org_clinical.TCGA-99-8033.xml	new_tumor_event_after_initial_treatment	NO	tcga_bcr/patient/follow_ups/follow_up/new_tumor_event_after_initial_treatment
SC001	9a63f744-4ed4-4b4d-aac6-f9bda66aa563	6759d6e5-96d7-4e28-a232-055fccacb1c4	/home/student/Desktop/CEIF/16_multiomics_acquisition_v1/raw/09_CLINICAL/SC001/nationwidechildrens.org_clinical.TCGA-75-6205.xml	vital_status	Dead	tcga_bcr/patient/vital_status
SC001	9a63f744-4ed4-4b4d-aac6-f9bda66aa563	6759d6e5-96d7-4e28-a232-055fccacb1c4	/home/student/Desktop/CEIF/16_multiomics_acquisition_v1/raw/09_CLINICAL/SC001/nationwidechildrens.org_clinical.TCGA-75-6205.xml	vital_status	Dead	tcga_bcr/patient/follow_ups/follow_up/vital_status
SC001	9a63f744-4ed4-4b4d-aac6-f9bda66aa563	6759d6e5-96d7-4e28-a232-055fccacb1c4	/home/student/Desktop/CEIF/16_multiomics_acquisition_v1/raw/09_CLINICAL/SC001/nationwidechildrens.org_clinical.TCGA-75-6205.xml	primary_therapy_outcome_success	Complete Remission/Response	tcga_bcr/patient/follow_ups/follow_up/primary_therapy_outcome_success
SC001	9a63f744-4ed4-4b4d-aac6-f9bda66aa563	6759d6e5-96d7-4e28-a232-055fccacb1c4	/home/student/Desktop/CEIF/16_multiomics_acquisition_v1/raw/09_CLINICAL/SC001/nationwidechildrens.org_clinical.TCGA-75-6205.xml	new_tumor_event_after_initial_treatment	YES	tcga_bcr/patient/follow_ups/follow_up/new_tumor_event_after_initial_treatment
SC001	9c894668-88f5-4308-a1c0-6b8acc6aaaec	4c954685-cce1-4b80-a9b2-e998f37ac1a7	/home/student/Desktop/CEIF/16_multiomics_acquisition_v1/raw/09_CLINICAL/SC001/nationwidechildrens.org_clinical.TCGA-86-7711.xml	vital_status	Alive	tcga_bcr/patient/vital_status
SC001	9c894668-88f5-4308-a1c0-6b8acc6aaaec	4c954685-cce1-4b80-a9b2-e998f37ac1a7	/home/student/Desktop/CEIF/16_multiomics_acquisition_v1/raw/09_CLINICAL/SC001/nationwidechildrens.org_clinical.TCGA-86-7711.xml	days_to_last_followup	27	tcga_bcr/patient/days_to_last_followup
SC001	9c894668-88f5-4308-a1c0-6b8acc6aaaec	4c954685-cce1-4b80-a9b2-e998f37ac1a7	/home/student/Desktop/CEIF/16_multiomics_acquisition_v1/raw/09_CLINICAL/SC001/nationwidechildrens.org_clinical.TCGA-86-7711.xml	vital_status	Alive	tcga_bcr/patient/follow_ups/follow_up/vital_status
SC001	9c894668-88f5-4308-a1c0-6b8acc6aaaec	4c954685-cce1-4b80-a9b2-e998f37ac1a7	/home/student/Desktop/CEIF/16_multiomics_acquisition_v1/raw/09_CLINICAL/SC001/nationwidechildrens.org_clinical.TCGA-86-7711.xml	primary_therapy_outcome_success	Progressive Disease	tcga_bcr/patient/follow_ups/follow_up/primary_therapy_outcome_success
SC001	9c894668-88f5-4308-a1c0-6b8acc6aaaec	4c954685-cce1-4b80-a9b2-e998f37ac1a7	/home/student/Desktop/CEIF/16_multiomics_acquisition_v1/raw/09_CLINICAL/SC001/nationwidechildrens.org_clinical.TCGA-86-7711.xml	days_to_last_followup	630	tcga_bcr/patient/follow_ups/follow_up/days_to_last_followup
SC001	9c894668-88f5-4308-a1c0-6b8acc6aaaec	4c954685-cce1-4b80-a9b2-e998f37ac1a7	/home/student/Desktop/CEIF/16_multiomics_acquisition_v1/raw/09_CLINICAL/SC001/nationwidechildrens.org_clinical.TCGA-86-7711.xml	new_tumor_event_after_initial_treatment	NO	tcga_bcr/patient/follow_ups/follow_up/new_tumor_event_after_initial_treatment
SC001	9c894668-88f5-4308-a1c0-6b8acc6aaaec	4c954685-cce1-4b80-a9b2-e998f37ac1a7	/home/student/Desktop/CEIF/16_multiomics_acquisition_v1/raw/09_CLINICAL/SC001/nationwidechildrens.org_clinical.TCGA-86-7711.xml	followup_treatment_success	Progressive Disease	tcga_bcr/patient/follow_ups/follow_up/followup_treatment_success
SC001	9c894668-88f5-4308-a1c0-6b8acc6aaaec	4c954685-cce1-4b80-a9b2-e998f37ac1a7	/home/student/Desktop/CEIF/16_multiomics_acquisition_v1/raw/09_CLINICAL/SC001/nationwidechildrens.org_clinical.TCGA-86-7711.xml	vital_status	Dead	tcga_bcr/patient/follow_ups/follow_up/vital_status
SC001	9c894668-88f5-4308-a1c0-6b8acc6aaaec	4c954685-cce1-4b80-a9b2-e998f37ac1a7	/home/student/Desktop/CEIF/16_multiomics_acquisition_v1/raw/09_CLINICAL/SC001/nationwidechildrens.org_clinical.TCGA-86-7711.xml	primary_therapy_outcome_success	Progressive Disease	tcga_bcr/patient/follow_ups/follow_up/primary_therapy_outcome_success
SC001	9c894668-88f5-4308-a1c0-6b8acc6aaaec	4c954685-cce1-4b80-a9b2-e998f37ac1a7	/home/student/Desktop/CEIF/16_multiomics_acquisition_v1/raw/09_CLINICAL/SC001/nationwidechildrens.org_clinical.TCGA-86-7711.xml	days_to_death	1046	tcga_bcr/patient/follow_ups/follow_up/days_to_death
SC001	9c894668-88f5-4308-a1c0-6b8acc6aaaec	4c954685-cce1-4b80-a9b2-e998f37ac1a7	/home/student/Desktop/CEIF/16_multiomics_acquisition_v1/raw/09_CLINICAL/SC001/nationwidechildrens.org_clinical.TCGA-86-7711.xml	new_tumor_event_after_initial_treatment	NO	tcga_bcr/patient/follow_ups/follow_up/new_tumor_event_after_initial_treatment
SC001	9c894668-88f5-4308-a1c0-6b8acc6aaaec	4c954685-cce1-4b80-a9b2-e998f37ac1a7	/home/student/Desktop/CEIF/16_multiomics_acquisition_v1/raw/09_CLINICAL/SC001/nationwidechildrens.org_clinical.TCGA-86-7711.xml	followup_treatment_success	Progressive Disease	tcga_bcr/patient/follow_ups/follow_up/followup_treatment_success
SC001	a7911bdc-13f1-434a-bfa3-f8ba55d15846	1744572b-97cf-4abb-836e-eb3eb036371d	/home/student/Desktop/CEIF/16_multiomics_acquisition_v1/raw/09_CLINICAL/SC001/nationwidechildrens.org_clinical.TCGA-55-7574.xml	vital_status	Alive	tcga_bcr/patient/vital_status
SC001	a7911bdc-13f1-434a-bfa3-f8ba55d15846	1744572b-97cf-4abb-836e-eb3eb036371d	/home/student/Desktop/CEIF/16_multiomics_acquisition_v1/raw/09_CLINICAL/SC001/nationwidechildrens.org_clinical.TCGA-55-7574.xml	days_to_last_followup	95	tcga_bcr/patient/days_to_last_followup
SC001	a7911bdc-13f1-434a-bfa3-f8ba55d15846	1744572b-97cf-4abb-836e-eb3eb036371d	/home/student/Desktop/CEIF/16_multiomics_acquisition_v1/raw/09_CLINICAL/SC001/nationwidechildrens.org_clinical.TCGA-55-7574.xml	vital_status	Dead	tcga_bcr/patient/follow_ups/follow_up/vital_status
SC001	a7911bdc-13f1-434a-bfa3-f8ba55d15846	1744572b-97cf-4abb-836e-eb3eb036371d	/home/student/Desktop/CEIF/16_multiomics_acquisition_v1/raw/09_CLINICAL/SC001/nationwidechildrens.org_clinical.TCGA-55-7574.xml	primary_therapy_outcome_success	Complete Remission/Response	tcga_bcr/patient/follow_ups/follow_up/primary_therapy_outcome_success
SC001	a7911bdc-13f1-434a-bfa3-f8ba55d15846	1744572b-97cf-4abb-836e-eb3eb036371d	/home/student/Desktop/CEIF/16_multiomics_acquisition_v1/raw/09_CLINICAL/SC001/nationwidechildrens.org_clinical.TCGA-55-7574.xml	days_to_death	995	tcga_bcr/patient/follow_ups/follow_up/days_to_death
SC001	a7911bdc-13f1-434a-bfa3-f8ba55d15846	1744572b-97cf-4abb-836e-eb3eb036371d	/home/student/Desktop/CEIF/16_multiomics_acquisition_v1/raw/09_CLINICAL/SC001/nationwidechildrens.org_clinical.TCGA-55-7574.xml	new_tumor_event_after_initial_treatment	YES	tcga_bcr/patient/follow_ups/follow_up/new_tumor_event_after_initial_treatment
SC001	a7911bdc-13f1-434a-bfa3-f8ba55d15846	1744572b-97cf-4abb-836e-eb3eb036371d	/home/student/Desktop/CEIF/16_multiomics_acquisition_v1/raw/09_CLINICAL/SC001/nationwidechildrens.org_clinical.TCGA-55-7574.xml	new_neoplasm_event_type	Distant Metastasis	tcga_bcr/patient/follow_ups/follow_up/new_neoplasm_event_types/new_neoplasm_event_type
SC001	a7911bdc-13f1-434a-bfa3-f8ba55d15846	1744572b-97cf-4abb-836e-eb3eb036371d	/home/student/Desktop/CEIF/16_multiomics_acquisition_v1/raw/09_CLINICAL/SC001/nationwidechildrens.org_clinical.TCGA-55-7574.xml	progression_determined_by	Convincing Imaging	tcga_bcr/patient/follow_ups/follow_up/progression_determined_by_list/progression_determined_by
SC001	a7911bdc-13f1-434a-bfa3-f8ba55d15846	1744572b-97cf-4abb-836e-eb3eb036371d	/home/student/Desktop/CEIF/16_multiomics_acquisition_v1/raw/09_CLINICAL/SC001/nationwidechildrens.org_clinical.TCGA-55-7574.xml	followup_treatment_success	Progressive Disease	tcga_bcr/patient/follow_ups/follow_up/followup_treatment_success
SC001	a815619f-dbba-469f-a1f7-dfbd51cd86c5	a10ff200-542c-480e-8bf3-77202ae322ae	/home/student/Desktop/CEIF/16_multiomics_acquisition_v1/raw/09_CLINICAL/SC001/nationwidechildrens.org_clinical.TCGA-L9-A50W.xml	vital_status	Alive	tcga_bcr/patient/vital_status
SC001	a815619f-dbba-469f-a1f7-dfbd51cd86c5	a10ff200-542c-480e-8bf3-77202ae322ae	/home/student/Desktop/CEIF/16_multiomics_acquisition_v1/raw/09_CLINICAL/SC001/nationwidechildrens.org_clinical.TCGA-L9-A50W.xml	days_to_last_followup	266	tcga_bcr/patient/days_to_last_followup
SC001	a815619f-dbba-469f-a1f7-dfbd51cd86c5	a10ff200-542c-480e-8bf3-77202ae322ae	/home/student/Desktop/CEIF/16_multiomics_acquisition_v1/raw/09_CLINICAL/SC001/nationwidechildrens.org_clinical.TCGA-L9-A50W.xml	primary_therapy_outcome_success	Complete Remission/Response	tcga_bcr/patient/primary_therapy_outcome_success
SC001	a815619f-dbba-469f-a1f7-dfbd51cd86c5	a10ff200-542c-480e-8bf3-77202ae322ae	/home/student/Desktop/CEIF/16_multiomics_acquisition_v1/raw/09_CLINICAL/SC001/nationwidechildrens.org_clinical.TCGA-L9-A50W.xml	new_tumor_event_after_initial_treatment	NO	tcga_bcr/patient/new_tumor_events/new_tumor_event_after_initial_treatment
SC001	a815619f-dbba-469f-a1f7-dfbd51cd86c5	a10ff200-542c-480e-8bf3-77202ae322ae	/home/student/Desktop/CEIF/16_multiomics_acquisition_v1/raw/09_CLINICAL/SC001/nationwidechildrens.org_clinical.TCGA-L9-A50W.xml	vital_status	Dead	tcga_bcr/patient/follow_ups/follow_up/vital_status
SC001	a815619f-dbba-469f-a1f7-dfbd51cd86c5	a10ff200-542c-480e-8bf3-77202ae322ae	/home/student/Desktop/CEIF/16_multiomics_acquisition_v1/raw/09_CLINICAL/SC001/nationwidechildrens.org_clinical.TCGA-L9-A50W.xml	primary_therapy_outcome_success	Stable Disease	tcga_bcr/patient/follow_ups/follow_up/primary_therapy_outcome_success
SC001	a815619f-dbba-469f-a1f7-dfbd51cd86c5	a10ff200-542c-480e-8bf3-77202ae322ae	/home/student/Desktop/CEIF/16_multiomics_acquisition_v1/raw/09_CLINICAL/SC001/nationwidechildrens.org_clinical.TCGA-L9-A50W.xml	days_to_death	442	tcga_bcr/patient/follow_ups/follow_up/days_to_death
SC001	a815619f-dbba-469f-a1f7-dfbd51cd86c5	a10ff200-542c-480e-8bf3-77202ae322ae	/home/student/Desktop/CEIF/16_multiomics_acquisition_v1/raw/09_CLINICAL/SC001/nationwidechildrens.org_clinical.TCGA-L9-A50W.xml	new_tumor_event_after_initial_treatment	YES	tcga_bcr/patient/follow_ups/follow_up/new_tumor_event_after_initial_treatment
SC001	a815619f-dbba-469f-a1f7-dfbd51cd86c5	a10ff200-542c-480e-8bf3-77202ae322ae	/home/student/Desktop/CEIF/16_multiomics_acquisition_v1/raw/09_CLINICAL/SC001/nationwidechildrens.org_clinical.TCGA-L9-A50W.xml	new_neoplasm_event_type	Distant Metastasis	tcga_bcr/patient/follow_ups/follow_up/new_neoplasm_event_types/new_neoplasm_event_type
SC001	a815619f-dbba-469f-a1f7-dfbd51cd86c5	a10ff200-542c-480e-8bf3-77202ae322ae	/home/student/Desktop/CEIF/16_multiomics_acquisition_v1/raw/09_CLINICAL/SC001/nationwidechildrens.org_clinical.TCGA-L9-A50W.xml	progression_determined_by	Biopsy with Histologic Confirmation	tcga_bcr/patient/follow_ups/follow_up/progression_determined_by_list/progression_determined_by
SC001	a815619f-dbba-469f-a1f7-dfbd51cd86c5	a10ff200-542c-480e-8bf3-77202ae322ae	/home/student/Desktop/CEIF/16_multiomics_acquisition_v1/raw/09_CLINICAL/SC001/nationwidechildrens.org_clinical.TCGA-L9-A50W.xml	progression_determined_by	Convincing Imaging	tcga_bcr/patient/follow_ups/follow_up/progression_determined_by_list/progression_determined_by
SC001	a815619f-dbba-469f-a1f7-dfbd51cd86c5	a10ff200-542c-480e-8bf3-77202ae322ae	/home/student/Desktop/CEIF/16_multiomics_acquisition_v1/raw/09_CLINICAL/SC001/nationwidechildrens.org_clinical.TCGA-L9-A50W.xml	followup_treatment_success	Progressive Disease	tcga_bcr/patient/follow_ups/follow_up/followup_treatment_success
SC001	ae39e358-08d7-4367-ae68-82b469e791e4	c632ea93-6bd2-4659-9e48-ab27ba266a1d	/home/student/Desktop/CEIF/16_multiomics_acquisition_v1/raw/09_CLINICAL/SC001/nationwidechildrens.org_clinical.TCGA-73-4675.xml	vital_status	Alive	tcga_bcr/patient/vital_status
SC001	ae39e358-08d7-4367-ae68-82b469e791e4	c632ea93-6bd2-4659-9e48-ab27ba266a1d	/home/student/Desktop/CEIF/16_multiomics_acquisition_v1/raw/09_CLINICAL/SC001/nationwidechildrens.org_clinical.TCGA-73-4675.xml	days_to_last_followup	40	tcga_bcr/patient/days_to_last_followup
SC001	ae39e358-08d7-4367-ae68-82b469e791e4	c632ea93-6bd2-4659-9e48-ab27ba266a1d	/home/student/Desktop/CEIF/16_multiomics_acquisition_v1/raw/09_CLINICAL/SC001/nationwidechildrens.org_clinical.TCGA-73-4675.xml	vital_status	Alive	tcga_bcr/patient/follow_ups/follow_up/vital_status
SC001	ae39e358-08d7-4367-ae68-82b469e791e4	c632ea93-6bd2-4659-9e48-ab27ba266a1d	/home/student/Desktop/CEIF/16_multiomics_acquisition_v1/raw/09_CLINICAL/SC001/nationwidechildrens.org_clinical.TCGA-73-4675.xml	days_to_last_followup	40	tcga_bcr/patient/follow_ups/follow_up/days_to_last_followup
SC001	ae39e358-08d7-4367-ae68-82b469e791e4	c632ea93-6bd2-4659-9e48-ab27ba266a1d	/home/student/Desktop/CEIF/16_multiomics_acquisition_v1/raw/09_CLINICAL/SC001/nationwidechildrens.org_clinical.TCGA-73-4675.xml	vital_status	Dead	tcga_bcr/patient/follow_ups/follow_up/vital_status
SC001	ae39e358-08d7-4367-ae68-82b469e791e4	c632ea93-6bd2-4659-9e48-ab27ba266a1d	/home/student/Desktop/CEIF/16_multiomics_acquisition_v1/raw/09_CLINICAL/SC001/nationwidechildrens.org_clinical.TCGA-73-4675.xml	primary_therapy_outcome_success	Progressive Disease	tcga_bcr/patient/follow_ups/follow_up/primary_therapy_outcome_success
SC001	ae39e358-08d7-4367-ae68-82b469e791e4	c632ea93-6bd2-4659-9e48-ab27ba266a1d	/home/student/Desktop/CEIF/16_multiomics_acquisition_v1/raw/09_CLINICAL/SC001/nationwidechildrens.org_clinical.TCGA-73-4675.xml	days_to_death	922	tcga_bcr/patient/follow_ups/follow_up/days_to_death
SC001	ae39e358-08d7-4367-ae68-82b469e791e4	c632ea93-6bd2-4659-9e48-ab27ba266a1d	/home/student/Desktop/CEIF/16_multiomics_acquisition_v1/raw/09_CLINICAL/SC001/nationwidechildrens.org_clinical.TCGA-73-4675.xml	new_tumor_event_after_initial_treatment	YES	tcga_bcr/patient/follow_ups/follow_up/new_tumor_event_after_initial_treatment
SC001	ae39e358-08d7-4367-ae68-82b469e791e4	c632ea93-6bd2-4659-9e48-ab27ba266a1d	/home/student/Desktop/CEIF/16_multiomics_acquisition_v1/raw/09_CLINICAL/SC001/nationwidechildrens.org_clinical.TCGA-73-4675.xml	new_neoplasm_event_type	Locoregional Recurrence	tcga_bcr/patient/follow_ups/follow_up/new_neoplasm_event_types/new_neoplasm_event_type
SC001	ae39e358-08d7-4367-ae68-82b469e791e4	c632ea93-6bd2-4659-9e48-ab27ba266a1d	/home/student/Desktop/CEIF/16_multiomics_acquisition_v1/raw/09_CLINICAL/SC001/nationwidechildrens.org_clinical.TCGA-73-4675.xml	progression_determined_by	Convincing Imaging	tcga_bcr/patient/follow_ups/follow_up/progression_determined_by_list/progression_determined_by
SC001	ae39e358-08d7-4367-ae68-82b469e791e4	c632ea93-6bd2-4659-9e48-ab27ba266a1d	/home/student/Desktop/CEIF/16_multiomics_acquisition_v1/raw/09_CLINICAL/SC001/nationwidechildrens.org_clinical.TCGA-73-4675.xml	followup_treatment_success	Progressive Disease	tcga_bcr/patient/follow_ups/follow_up/followup_treatment_success
SC001	b56dad1e-2fd5-47d8-9cc7-a54be9a1bae2	e5c6f618-437a-474e-8de1-5a8f105de359	/home/student/Desktop/CEIF/16_multiomics_acquisition_v1/raw/09_CLINICAL/SC001/nationwidechildrens.org_clinical.TCGA-78-7152.xml	vital_status	Alive	tcga_bcr/patient/vital_status
SC001	b56dad1e-2fd5-47d8-9cc7-a54be9a1bae2	e5c6f618-437a-474e-8de1-5a8f105de359	/home/student/Desktop/CEIF/16_multiomics_acquisition_v1/raw/09_CLINICAL/SC001/nationwidechildrens.org_clinical.TCGA-78-7152.xml	days_to_last_followup	1202	tcga_bcr/patient/days_to_last_followup
SC001	b56dad1e-2fd5-47d8-9cc7-a54be9a1bae2	e5c6f618-437a-474e-8de1-5a8f105de359	/home/student/Desktop/CEIF/16_multiomics_acquisition_v1/raw/09_CLINICAL/SC001/nationwidechildrens.org_clinical.TCGA-78-7152.xml	vital_status	Alive	tcga_bcr/patient/follow_ups/follow_up/vital_status
SC001	b56dad1e-2fd5-47d8-9cc7-a54be9a1bae2	e5c6f618-437a-474e-8de1-5a8f105de359	/home/student/Desktop/CEIF/16_multiomics_acquisition_v1/raw/09_CLINICAL/SC001/nationwidechildrens.org_clinical.TCGA-78-7152.xml	days_to_last_followup	1202	tcga_bcr/patient/follow_ups/follow_up/days_to_last_followup
SC001	b56dad1e-2fd5-47d8-9cc7-a54be9a1bae2	e5c6f618-437a-474e-8de1-5a8f105de359	/home/student/Desktop/CEIF/16_multiomics_acquisition_v1/raw/09_CLINICAL/SC001/nationwidechildrens.org_clinical.TCGA-78-7152.xml	new_tumor_event_after_initial_treatment	YES	tcga_bcr/patient/follow_ups/follow_up/new_tumor_event_after_initial_treatment
SC001	b56dad1e-2fd5-47d8-9cc7-a54be9a1bae2	e5c6f618-437a-474e-8de1-5a8f105de359	/home/student/Desktop/CEIF/16_multiomics_acquisition_v1/raw/09_CLINICAL/SC001/nationwidechildrens.org_clinical.TCGA-78-7152.xml	vital_status	Dead	tcga_bcr/patient/follow_ups/follow_up/vital_status
SC001	b56dad1e-2fd5-47d8-9cc7-a54be9a1bae2	e5c6f618-437a-474e-8de1-5a8f105de359	/home/student/Desktop/CEIF/16_multiomics_acquisition_v1/raw/09_CLINICAL/SC001/nationwidechildrens.org_clinical.TCGA-78-7152.xml	primary_therapy_outcome_success	Complete Remission/Response	tcga_bcr/patient/follow_ups/follow_up/primary_therapy_outcome_success
SC001	b56dad1e-2fd5-47d8-9cc7-a54be9a1bae2	e5c6f618-437a-474e-8de1-5a8f105de359	/home/student/Desktop/CEIF/16_multiomics_acquisition_v1/raw/09_CLINICAL/SC001/nationwidechildrens.org_clinical.TCGA-78-7152.xml	days_to_death	1215	tcga_bcr/patient/follow_ups/follow_up/days_to_death
SC001	b56dad1e-2fd5-47d8-9cc7-a54be9a1bae2	e5c6f618-437a-474e-8de1-5a8f105de359	/home/student/Desktop/CEIF/16_multiomics_acquisition_v1/raw/09_CLINICAL/SC001/nationwidechildrens.org_clinical.TCGA-78-7152.xml	new_tumor_event_after_initial_treatment	YES	tcga_bcr/patient/follow_ups/follow_up/new_tumor_event_after_initial_treatment
SC001	b56dad1e-2fd5-47d8-9cc7-a54be9a1bae2	e5c6f618-437a-474e-8de1-5a8f105de359	/home/student/Desktop/CEIF/16_multiomics_acquisition_v1/raw/09_CLINICAL/SC001/nationwidechildrens.org_clinical.TCGA-78-7152.xml	new_neoplasm_event_type	Distant Metastasis	tcga_bcr/patient/follow_ups/follow_up/new_neoplasm_event_types/new_neoplasm_event_type
SC001	b56dad1e-2fd5-47d8-9cc7-a54be9a1bae2	e5c6f618-437a-474e-8de1-5a8f105de359	/home/student/Desktop/CEIF/16_multiomics_acquisition_v1/raw/09_CLINICAL/SC001/nationwidechildrens.org_clinical.TCGA-78-7152.xml	progression_determined_by	Biopsy with Histologic Confirmation	tcga_bcr/patient/follow_ups/follow_up/progression_determined_by_list/progression_determined_by
SC001	b56dad1e-2fd5-47d8-9cc7-a54be9a1bae2	e5c6f618-437a-474e-8de1-5a8f105de359	/home/student/Desktop/CEIF/16_multiomics_acquisition_v1/raw/09_CLINICAL/SC001/nationwidechildrens.org_clinical.TCGA-78-7152.xml	progression_determined_by	Convincing Imaging	tcga_bcr/patient/follow_ups/follow_up/progression_determined_by_list/progression_determined_by
SC001	b56dad1e-2fd5-47d8-9cc7-a54be9a1bae2	e5c6f618-437a-474e-8de1-5a8f105de359	/home/student/Desktop/CEIF/16_multiomics_acquisition_v1/raw/09_CLINICAL/SC001/nationwidechildrens.org_clinical.TCGA-78-7152.xml	followup_treatment_success	Progressive Disease	tcga_bcr/patient/follow_ups/follow_up/followup_treatment_success
SC001	b89de053-d253-447f-952e-9a2edcf6bca5	b158d3a0-29f1-4cd2-b08e-f4c28e09ea9e	/home/student/Desktop/CEIF/16_multiomics_acquisition_v1/raw/09_CLINICAL/SC001/nationwidechildrens.org_clinical.TCGA-55-A490.xml	vital_status	Alive	tcga_bcr/patient/vital_status
SC001	b89de053-d253-447f-952e-9a2edcf6bca5	b158d3a0-29f1-4cd2-b08e-f4c28e09ea9e	/home/student/Desktop/CEIF/16_multiomics_acquisition_v1/raw/09_CLINICAL/SC001/nationwidechildrens.org_clinical.TCGA-55-A490.xml	days_to_last_followup	48	tcga_bcr/patient/days_to_last_followup
SC001	b89de053-d253-447f-952e-9a2edcf6bca5	b158d3a0-29f1-4cd2-b08e-f4c28e09ea9e	/home/student/Desktop/CEIF/16_multiomics_acquisition_v1/raw/09_CLINICAL/SC001/nationwidechildrens.org_clinical.TCGA-55-A490.xml	new_tumor_event_after_initial_treatment	NO	tcga_bcr/patient/new_tumor_events/new_tumor_event_after_initial_treatment
SC001	b89de053-d253-447f-952e-9a2edcf6bca5	b158d3a0-29f1-4cd2-b08e-f4c28e09ea9e	/home/student/Desktop/CEIF/16_multiomics_acquisition_v1/raw/09_CLINICAL/SC001/nationwidechildrens.org_clinical.TCGA-55-A490.xml	vital_status	Dead	tcga_bcr/patient/follow_ups/follow_up/vital_status
SC001	b89de053-d253-447f-952e-9a2edcf6bca5	b158d3a0-29f1-4cd2-b08e-f4c28e09ea9e	/home/student/Desktop/CEIF/16_multiomics_acquisition_v1/raw/09_CLINICAL/SC001/nationwidechildrens.org_clinical.TCGA-55-A490.xml	days_to_death	99	tcga_bcr/patient/follow_ups/follow_up/days_to_death
SC001	b89de053-d253-447f-952e-9a2edcf6bca5	b158d3a0-29f1-4cd2-b08e-f4c28e09ea9e	/home/student/Desktop/CEIF/16_multiomics_acquisition_v1/raw/09_CLINICAL/SC001/nationwidechildrens.org_clinical.TCGA-55-A490.xml	new_tumor_event_after_initial_treatment	NO	tcga_bcr/patient/follow_ups/follow_up/new_tumor_event_after_initial_treatment
SC001	bab43415-d413-40be-a4c0-2c40a52afe6a	65151b69-2ab5-4631-85bc-1236a7c4a9b5	/home/student/Desktop/CEIF/16_multiomics_acquisition_v1/raw/09_CLINICAL/SC001/nationwidechildrens.org_clinical.TCGA-44-2668.xml	vital_status	Alive	tcga_bcr/patient/vital_status
SC001	bab43415-d413-40be-a4c0-2c40a52afe6a	65151b69-2ab5-4631-85bc-1236a7c4a9b5	/home/student/Desktop/CEIF/16_multiomics_acquisition_v1/raw/09_CLINICAL/SC001/nationwidechildrens.org_clinical.TCGA-44-2668.xml	days_to_last_followup	246	tcga_bcr/patient/days_to_last_followup
SC001	bab43415-d413-40be-a4c0-2c40a52afe6a	65151b69-2ab5-4631-85bc-1236a7c4a9b5	/home/student/Desktop/CEIF/16_multiomics_acquisition_v1/raw/09_CLINICAL/SC001/nationwidechildrens.org_clinical.TCGA-44-2668.xml	vital_status	Alive	tcga_bcr/patient/follow_ups/follow_up/vital_status
SC001	bab43415-d413-40be-a4c0-2c40a52afe6a	65151b69-2ab5-4631-85bc-1236a7c4a9b5	/home/student/Desktop/CEIF/16_multiomics_acquisition_v1/raw/09_CLINICAL/SC001/nationwidechildrens.org_clinical.TCGA-44-2668.xml	primary_therapy_outcome_success	Complete Remission/Response	tcga_bcr/patient/follow_ups/follow_up/primary_therapy_outcome_success
SC001	bab43415-d413-40be-a4c0-2c40a52afe6a	65151b69-2ab5-4631-85bc-1236a7c4a9b5	/home/student/Desktop/CEIF/16_multiomics_acquisition_v1/raw/09_CLINICAL/SC001/nationwidechildrens.org_clinical.TCGA-44-2668.xml	days_to_last_followup	246	tcga_bcr/patient/follow_ups/follow_up/days_to_last_followup
SC001	bab43415-d413-40be-a4c0-2c40a52afe6a	65151b69-2ab5-4631-85bc-1236a7c4a9b5	/home/student/Desktop/CEIF/16_multiomics_acquisition_v1/raw/09_CLINICAL/SC001/nationwidechildrens.org_clinical.TCGA-44-2668.xml	new_tumor_event_after_initial_treatment	NO	tcga_bcr/patient/follow_ups/follow_up/new_tumor_event_after_initial_treatment
SC001	bab43415-d413-40be-a4c0-2c40a52afe6a	65151b69-2ab5-4631-85bc-1236a7c4a9b5	/home/student/Desktop/CEIF/16_multiomics_acquisition_v1/raw/09_CLINICAL/SC001/nationwidechildrens.org_clinical.TCGA-44-2668.xml	followup_treatment_success	Complete Remission/Response	tcga_bcr/patient/follow_ups/follow_up/followup_treatment_success
SC001	bab43415-d413-40be-a4c0-2c40a52afe6a	65151b69-2ab5-4631-85bc-1236a7c4a9b5	/home/student/Desktop/CEIF/16_multiomics_acquisition_v1/raw/09_CLINICAL/SC001/nationwidechildrens.org_clinical.TCGA-44-2668.xml	vital_status	Dead	tcga_bcr/patient/follow_ups/follow_up/vital_status
SC001	bab43415-d413-40be-a4c0-2c40a52afe6a	65151b69-2ab5-4631-85bc-1236a7c4a9b5	/home/student/Desktop/CEIF/16_multiomics_acquisition_v1/raw/09_CLINICAL/SC001/nationwidechildrens.org_clinical.TCGA-44-2668.xml	days_to_death	761	tcga_bcr/patient/follow_ups/follow_up/days_to_death
SC001	bab43415-d413-40be-a4c0-2c40a52afe6a	65151b69-2ab5-4631-85bc-1236a7c4a9b5	/home/student/Desktop/CEIF/16_multiomics_acquisition_v1/raw/09_CLINICAL/SC001/nationwidechildrens.org_clinical.TCGA-44-2668.xml	new_tumor_event_after_initial_treatment	YES	tcga_bcr/patient/follow_ups/follow_up/new_tumor_event_after_initial_treatment
SC001	bab43415-d413-40be-a4c0-2c40a52afe6a	65151b69-2ab5-4631-85bc-1236a7c4a9b5	/home/student/Desktop/CEIF/16_multiomics_acquisition_v1/raw/09_CLINICAL/SC001/nationwidechildrens.org_clinical.TCGA-44-2668.xml	followup_treatment_success	Progressive Disease	tcga_bcr/patient/follow_ups/follow_up/followup_treatment_success
SC001	bf34664d-423d-4257-99d4-797f7d366455	89f0a7aa-76bd-45a3-a0f0-b137e250a0ef	/home/student/Desktop/CEIF/16_multiomics_acquisition_v1/raw/09_CLINICAL/SC001/nationwidechildrens.org_clinical.TCGA-44-A4SU.xml	vital_status	Alive	tcga_bcr/patient/vital_status
SC001	bf34664d-423d-4257-99d4-797f7d366455	89f0a7aa-76bd-45a3-a0f0-b137e250a0ef	/home/student/Desktop/CEIF/16_multiomics_acquisition_v1/raw/09_CLINICAL/SC001/nationwidechildrens.org_clinical.TCGA-44-A4SU.xml	days_to_last_followup	76	tcga_bcr/patient/days_to_last_followup
SC001	bf34664d-423d-4257-99d4-797f7d366455	89f0a7aa-76bd-45a3-a0f0-b137e250a0ef	/home/student/Desktop/CEIF/16_multiomics_acquisition_v1/raw/09_CLINICAL/SC001/nationwidechildrens.org_clinical.TCGA-44-A4SU.xml	primary_therapy_outcome_success	Complete Remission/Response	tcga_bcr/patient/primary_therapy_outcome_success
SC001	bf34664d-423d-4257-99d4-797f7d366455	89f0a7aa-76bd-45a3-a0f0-b137e250a0ef	/home/student/Desktop/CEIF/16_multiomics_acquisition_v1/raw/09_CLINICAL/SC001/nationwidechildrens.org_clinical.TCGA-44-A4SU.xml	new_tumor_event_after_initial_treatment	NO	tcga_bcr/patient/new_tumor_events/new_tumor_event_after_initial_treatment
SC001	bf34664d-423d-4257-99d4-797f7d366455	89f0a7aa-76bd-45a3-a0f0-b137e250a0ef	/home/student/Desktop/CEIF/16_multiomics_acquisition_v1/raw/09_CLINICAL/SC001/nationwidechildrens.org_clinical.TCGA-44-A4SU.xml	vital_status	Dead	tcga_bcr/patient/follow_ups/follow_up/vital_status
SC001	bf34664d-423d-4257-99d4-797f7d366455	89f0a7aa-76bd-45a3-a0f0-b137e250a0ef	/home/student/Desktop/CEIF/16_multiomics_acquisition_v1/raw/09_CLINICAL/SC001/nationwidechildrens.org_clinical.TCGA-44-A4SU.xml	primary_therapy_outcome_success	Complete Remission/Response	tcga_bcr/patient/follow_ups/follow_up/primary_therapy_outcome_success
SC001	bf34664d-423d-4257-99d4-797f7d366455	89f0a7aa-76bd-45a3-a0f0-b137e250a0ef	/home/student/Desktop/CEIF/16_multiomics_acquisition_v1/raw/09_CLINICAL/SC001/nationwidechildrens.org_clinical.TCGA-44-A4SU.xml	days_to_death	409	tcga_bcr/patient/follow_ups/follow_up/days_to_death
SC001	bf34664d-423d-4257-99d4-797f7d366455	89f0a7aa-76bd-45a3-a0f0-b137e250a0ef	/home/student/Desktop/CEIF/16_multiomics_acquisition_v1/raw/09_CLINICAL/SC001/nationwidechildrens.org_clinical.TCGA-44-A4SU.xml	new_tumor_event_after_initial_treatment	YES	tcga_bcr/patient/follow_ups/follow_up/new_tumor_event_after_initial_treatment
SC001	bf34664d-423d-4257-99d4-797f7d366455	89f0a7aa-76bd-45a3-a0f0-b137e250a0ef	/home/student/Desktop/CEIF/16_multiomics_acquisition_v1/raw/09_CLINICAL/SC001/nationwidechildrens.org_clinical.TCGA-44-A4SU.xml	new_neoplasm_event_type	Locoregional Recurrence	tcga_bcr/patient/follow_ups/follow_up/new_neoplasm_event_types/new_neoplasm_event_type
SC001	bf34664d-423d-4257-99d4-797f7d366455	89f0a7aa-76bd-45a3-a0f0-b137e250a0ef	/home/student/Desktop/CEIF/16_multiomics_acquisition_v1/raw/09_CLINICAL/SC001/nationwidechildrens.org_clinical.TCGA-44-A4SU.xml	progression_determined_by	Biopsy with Histologic Confirmation	tcga_bcr/patient/follow_ups/follow_up/progression_determined_by_list/progression_determined_by
SC001	bf34664d-423d-4257-99d4-797f7d366455	89f0a7aa-76bd-45a3-a0f0-b137e250a0ef	/home/student/Desktop/CEIF/16_multiomics_acquisition_v1/raw/09_CLINICAL/SC001/nationwidechildrens.org_clinical.TCGA-44-A4SU.xml	progression_determined_by	Convincing Imaging	tcga_bcr/patient/follow_ups/follow_up/progression_determined_by_list/progression_determined_by
SC001	bf34664d-423d-4257-99d4-797f7d366455	89f0a7aa-76bd-45a3-a0f0-b137e250a0ef	/home/student/Desktop/CEIF/16_multiomics_acquisition_v1/raw/09_CLINICAL/SC001/nationwidechildrens.org_clinical.TCGA-44-A4SU.xml	followup_treatment_success	Progressive Disease	tcga_bcr/patient/follow_ups/follow_up/followup_treatment_success
SC001	bf755bc2-b7aa-4c3c-8b3c-58b089b5cab6	87e3c3cf-7371-42a3-990d-27f2baeaa3ee	/home/student/Desktop/CEIF/16_multiomics_acquisition_v1/raw/09_CLINICAL/SC001/nationwidechildrens.org_clinical.TCGA-55-7907.xml	vital_status	Alive	tcga_bcr/patient/vital_status
SC001	bf755bc2-b7aa-4c3c-8b3c-58b089b5cab6	87e3c3cf-7371-42a3-990d-27f2baeaa3ee	/home/student/Desktop/CEIF/16_multiomics_acquisition_v1/raw/09_CLINICAL/SC001/nationwidechildrens.org_clinical.TCGA-55-7907.xml	days_to_last_followup	16	tcga_bcr/patient/days_to_last_followup
SC001	bf755bc2-b7aa-4c3c-8b3c-58b089b5cab6	87e3c3cf-7371-42a3-990d-27f2baeaa3ee	/home/student/Desktop/CEIF/16_multiomics_acquisition_v1/raw/09_CLINICAL/SC001/nationwidechildrens.org_clinical.TCGA-55-7907.xml	vital_status	Dead	tcga_bcr/patient/follow_ups/follow_up/vital_status
SC001	bf755bc2-b7aa-4c3c-8b3c-58b089b5cab6	87e3c3cf-7371-42a3-990d-27f2baeaa3ee	/home/student/Desktop/CEIF/16_multiomics_acquisition_v1/raw/09_CLINICAL/SC001/nationwidechildrens.org_clinical.TCGA-55-7907.xml	primary_therapy_outcome_success	Complete Remission/Response	tcga_bcr/patient/follow_ups/follow_up/primary_therapy_outcome_success
SC001	bf755bc2-b7aa-4c3c-8b3c-58b089b5cab6	87e3c3cf-7371-42a3-990d-27f2baeaa3ee	/home/student/Desktop/CEIF/16_multiomics_acquisition_v1/raw/09_CLINICAL/SC001/nationwidechildrens.org_clinical.TCGA-55-7907.xml	days_to_death	343	tcga_bcr/patient/follow_ups/follow_up/days_to_death
SC001	bf755bc2-b7aa-4c3c-8b3c-58b089b5cab6	87e3c3cf-7371-42a3-990d-27f2baeaa3ee	/home/student/Desktop/CEIF/16_multiomics_acquisition_v1/raw/09_CLINICAL/SC001/nationwidechildrens.org_clinical.TCGA-55-7907.xml	new_tumor_event_after_initial_treatment	YES	tcga_bcr/patient/follow_ups/follow_up/new_tumor_event_after_initial_treatment
SC001	bf755bc2-b7aa-4c3c-8b3c-58b089b5cab6	87e3c3cf-7371-42a3-990d-27f2baeaa3ee	/home/student/Desktop/CEIF/16_multiomics_acquisition_v1/raw/09_CLINICAL/SC001/nationwidechildrens.org_clinical.TCGA-55-7907.xml	new_neoplasm_event_type	Distant Metastasis	tcga_bcr/patient/follow_ups/follow_up/new_neoplasm_event_types/new_neoplasm_event_type
SC001	bf755bc2-b7aa-4c3c-8b3c-58b089b5cab6	87e3c3cf-7371-42a3-990d-27f2baeaa3ee	/home/student/Desktop/CEIF/16_multiomics_acquisition_v1/raw/09_CLINICAL/SC001/nationwidechildrens.org_clinical.TCGA-55-7907.xml	progression_determined_by	Convincing Imaging	tcga_bcr/patient/follow_ups/follow_up/progression_determined_by_list/progression_determined_by
SC001	bf755bc2-b7aa-4c3c-8b3c-58b089b5cab6	87e3c3cf-7371-42a3-990d-27f2baeaa3ee	/home/student/Desktop/CEIF/16_multiomics_acquisition_v1/raw/09_CLINICAL/SC001/nationwidechildrens.org_clinical.TCGA-55-7907.xml	followup_treatment_success	Progressive Disease	tcga_bcr/patient/follow_ups/follow_up/followup_treatment_success
SC001	c0e263eb-1a83-4dc8-8abe-3dd2a59bae1b	34bfa5ba-c37c-4700-b2ff-bb2deb0b29c4	/home/student/Desktop/CEIF/16_multiomics_acquisition_v1/raw/09_CLINICAL/SC001/nationwidechildrens.org_clinical.TCGA-86-8672.xml	vital_status	Alive	tcga_bcr/patient/vital_status
SC001	c0e263eb-1a83-4dc8-8abe-3dd2a59bae1b	34bfa5ba-c37c-4700-b2ff-bb2deb0b29c4	/home/student/Desktop/CEIF/16_multiomics_acquisition_v1/raw/09_CLINICAL/SC001/nationwidechildrens.org_clinical.TCGA-86-8672.xml	days_to_last_followup	15	tcga_bcr/patient/days_to_last_followup
SC001	c0e263eb-1a83-4dc8-8abe-3dd2a59bae1b	34bfa5ba-c37c-4700-b2ff-bb2deb0b29c4	/home/student/Desktop/CEIF/16_multiomics_acquisition_v1/raw/09_CLINICAL/SC001/nationwidechildrens.org_clinical.TCGA-86-8672.xml	vital_status	Dead	tcga_bcr/patient/follow_ups/follow_up/vital_status
SC001	c0e263eb-1a83-4dc8-8abe-3dd2a59bae1b	34bfa5ba-c37c-4700-b2ff-bb2deb0b29c4	/home/student/Desktop/CEIF/16_multiomics_acquisition_v1/raw/09_CLINICAL/SC001/nationwidechildrens.org_clinical.TCGA-86-8672.xml	primary_therapy_outcome_success	Complete Remission/Response	tcga_bcr/patient/follow_ups/follow_up/primary_therapy_outcome_success
SC001	c0e263eb-1a83-4dc8-8abe-3dd2a59bae1b	34bfa5ba-c37c-4700-b2ff-bb2deb0b29c4	/home/student/Desktop/CEIF/16_multiomics_acquisition_v1/raw/09_CLINICAL/SC001/nationwidechildrens.org_clinical.TCGA-86-8672.xml	days_to_death	19	tcga_bcr/patient/follow_ups/follow_up/days_to_death
SC001	c0e263eb-1a83-4dc8-8abe-3dd2a59bae1b	34bfa5ba-c37c-4700-b2ff-bb2deb0b29c4	/home/student/Desktop/CEIF/16_multiomics_acquisition_v1/raw/09_CLINICAL/SC001/nationwidechildrens.org_clinical.TCGA-86-8672.xml	new_tumor_event_after_initial_treatment	NO	tcga_bcr/patient/follow_ups/follow_up/new_tumor_event_after_initial_treatment
SC001	c1a01e8c-1f7e-4e24-bfad-90b73f88e992	42e991f4-f72a-4593-a16b-436ced1dbdf9	/home/student/Desktop/CEIF/16_multiomics_acquisition_v1/raw/09_CLINICAL/SC001/nationwidechildrens.org_clinical.TCGA-78-7160.xml	vital_status	Alive	tcga_bcr/patient/vital_status
SC001	c1a01e8c-1f7e-4e24-bfad-90b73f88e992	42e991f4-f72a-4593-a16b-436ced1dbdf9	/home/student/Desktop/CEIF/16_multiomics_acquisition_v1/raw/09_CLINICAL/SC001/nationwidechildrens.org_clinical.TCGA-78-7160.xml	days_to_last_followup	678	tcga_bcr/patient/days_to_last_followup
SC001	c1a01e8c-1f7e-4e24-bfad-90b73f88e992	42e991f4-f72a-4593-a16b-436ced1dbdf9	/home/student/Desktop/CEIF/16_multiomics_acquisition_v1/raw/09_CLINICAL/SC001/nationwidechildrens.org_clinical.TCGA-78-7160.xml	vital_status	Alive	tcga_bcr/patient/follow_ups/follow_up/vital_status
SC001	c1a01e8c-1f7e-4e24-bfad-90b73f88e992	42e991f4-f72a-4593-a16b-436ced1dbdf9	/home/student/Desktop/CEIF/16_multiomics_acquisition_v1/raw/09_CLINICAL/SC001/nationwidechildrens.org_clinical.TCGA-78-7160.xml	days_to_last_followup	678	tcga_bcr/patient/follow_ups/follow_up/days_to_last_followup
SC001	c1a01e8c-1f7e-4e24-bfad-90b73f88e992	42e991f4-f72a-4593-a16b-436ced1dbdf9	/home/student/Desktop/CEIF/16_multiomics_acquisition_v1/raw/09_CLINICAL/SC001/nationwidechildrens.org_clinical.TCGA-78-7160.xml	vital_status	Dead	tcga_bcr/patient/follow_ups/follow_up/vital_status
SC001	c1a01e8c-1f7e-4e24-bfad-90b73f88e992	42e991f4-f72a-4593-a16b-436ced1dbdf9	/home/student/Desktop/CEIF/16_multiomics_acquisition_v1/raw/09_CLINICAL/SC001/nationwidechildrens.org_clinical.TCGA-78-7160.xml	primary_therapy_outcome_success	Complete Remission/Response	tcga_bcr/patient/follow_ups/follow_up/primary_therapy_outcome_success
SC001	c1a01e8c-1f7e-4e24-bfad-90b73f88e992	42e991f4-f72a-4593-a16b-436ced1dbdf9	/home/student/Desktop/CEIF/16_multiomics_acquisition_v1/raw/09_CLINICAL/SC001/nationwidechildrens.org_clinical.TCGA-78-7160.xml	days_to_death	697	tcga_bcr/patient/follow_ups/follow_up/days_to_death
SC001	c4d1e105-28b7-48df-abef-fbe09782fdb2	67699775-f29d-4efe-bbe3-473627c5414e	/home/student/Desktop/CEIF/16_multiomics_acquisition_v1/raw/09_CLINICAL/SC001/nationwidechildrens.org_clinical.TCGA-55-6972.xml	vital_status	Alive	tcga_bcr/patient/vital_status
SC001	c4d1e105-28b7-48df-abef-fbe09782fdb2	67699775-f29d-4efe-bbe3-473627c5414e	/home/student/Desktop/CEIF/16_multiomics_acquisition_v1/raw/09_CLINICAL/SC001/nationwidechildrens.org_clinical.TCGA-55-6972.xml	days_to_last_followup	1475	tcga_bcr/patient/days_to_last_followup
SC001	c4d1e105-28b7-48df-abef-fbe09782fdb2	67699775-f29d-4efe-bbe3-473627c5414e	/home/student/Desktop/CEIF/16_multiomics_acquisition_v1/raw/09_CLINICAL/SC001/nationwidechildrens.org_clinical.TCGA-55-6972.xml	vital_status	Dead	tcga_bcr/patient/follow_ups/follow_up/vital_status
SC001	c4d1e105-28b7-48df-abef-fbe09782fdb2	67699775-f29d-4efe-bbe3-473627c5414e	/home/student/Desktop/CEIF/16_multiomics_acquisition_v1/raw/09_CLINICAL/SC001/nationwidechildrens.org_clinical.TCGA-55-6972.xml	primary_therapy_outcome_success	Complete Remission/Response	tcga_bcr/patient/follow_ups/follow_up/primary_therapy_outcome_success
SC001	c4d1e105-28b7-48df-abef-fbe09782fdb2	67699775-f29d-4efe-bbe3-473627c5414e	/home/student/Desktop/CEIF/16_multiomics_acquisition_v1/raw/09_CLINICAL/SC001/nationwidechildrens.org_clinical.TCGA-55-6972.xml	days_to_death	1632	tcga_bcr/patient/follow_ups/follow_up/days_to_death
SC001	c4d1e105-28b7-48df-abef-fbe09782fdb2	67699775-f29d-4efe-bbe3-473627c5414e	/home/student/Desktop/CEIF/16_multiomics_acquisition_v1/raw/09_CLINICAL/SC001/nationwidechildrens.org_clinical.TCGA-55-6972.xml	new_tumor_event_after_initial_treatment	NO	tcga_bcr/patient/follow_ups/follow_up/new_tumor_event_after_initial_treatment
SC001	c4d1e105-28b7-48df-abef-fbe09782fdb2	67699775-f29d-4efe-bbe3-473627c5414e	/home/student/Desktop/CEIF/16_multiomics_acquisition_v1/raw/09_CLINICAL/SC001/nationwidechildrens.org_clinical.TCGA-55-6972.xml	followup_treatment_success	Complete Remission/Response	tcga_bcr/patient/follow_ups/follow_up/followup_treatment_success
SC001	c650b1ff-8a4c-4ee9-b7c1-268c28c83827	cdd073b4-1ab1-4026-83e6-a291849a8450	/home/student/Desktop/CEIF/16_multiomics_acquisition_v1/raw/09_CLINICAL/SC001/nationwidechildrens.org_clinical.TCGA-95-7043.xml	vital_status	Alive	tcga_bcr/patient/vital_status
SC001	c650b1ff-8a4c-4ee9-b7c1-268c28c83827	cdd073b4-1ab1-4026-83e6-a291849a8450	/home/student/Desktop/CEIF/16_multiomics_acquisition_v1/raw/09_CLINICAL/SC001/nationwidechildrens.org_clinical.TCGA-95-7043.xml	days_to_last_followup	2	tcga_bcr/patient/days_to_last_followup
SC001	c650b1ff-8a4c-4ee9-b7c1-268c28c83827	cdd073b4-1ab1-4026-83e6-a291849a8450	/home/student/Desktop/CEIF/16_multiomics_acquisition_v1/raw/09_CLINICAL/SC001/nationwidechildrens.org_clinical.TCGA-95-7043.xml	vital_status	Alive	tcga_bcr/patient/follow_ups/follow_up/vital_status
SC001	c650b1ff-8a4c-4ee9-b7c1-268c28c83827	cdd073b4-1ab1-4026-83e6-a291849a8450	/home/student/Desktop/CEIF/16_multiomics_acquisition_v1/raw/09_CLINICAL/SC001/nationwidechildrens.org_clinical.TCGA-95-7043.xml	primary_therapy_outcome_success	Complete Remission/Response	tcga_bcr/patient/follow_ups/follow_up/primary_therapy_outcome_success
SC001	c650b1ff-8a4c-4ee9-b7c1-268c28c83827	cdd073b4-1ab1-4026-83e6-a291849a8450	/home/student/Desktop/CEIF/16_multiomics_acquisition_v1/raw/09_CLINICAL/SC001/nationwidechildrens.org_clinical.TCGA-95-7043.xml	days_to_last_followup	2	tcga_bcr/patient/follow_ups/follow_up/days_to_last_followup
SC001	c650b1ff-8a4c-4ee9-b7c1-268c28c83827	cdd073b4-1ab1-4026-83e6-a291849a8450	/home/student/Desktop/CEIF/16_multiomics_acquisition_v1/raw/09_CLINICAL/SC001/nationwidechildrens.org_clinical.TCGA-95-7043.xml	new_tumor_event_after_initial_treatment	NO	tcga_bcr/patient/follow_ups/follow_up/new_tumor_event_after_initial_treatment
SC001	c650b1ff-8a4c-4ee9-b7c1-268c28c83827	cdd073b4-1ab1-4026-83e6-a291849a8450	/home/student/Desktop/CEIF/16_multiomics_acquisition_v1/raw/09_CLINICAL/SC001/nationwidechildrens.org_clinical.TCGA-95-7043.xml	followup_treatment_success	Complete Remission/Response	tcga_bcr/patient/follow_ups/follow_up/followup_treatment_success
SC001	c650b1ff-8a4c-4ee9-b7c1-268c28c83827	cdd073b4-1ab1-4026-83e6-a291849a8450	/home/student/Desktop/CEIF/16_multiomics_acquisition_v1/raw/09_CLINICAL/SC001/nationwidechildrens.org_clinical.TCGA-95-7043.xml	vital_status	Alive	tcga_bcr/patient/follow_ups/follow_up/vital_status
SC001	c650b1ff-8a4c-4ee9-b7c1-268c28c83827	cdd073b4-1ab1-4026-83e6-a291849a8450	/home/student/Desktop/CEIF/16_multiomics_acquisition_v1/raw/09_CLINICAL/SC001/nationwidechildrens.org_clinical.TCGA-95-7043.xml	days_to_last_followup	37	tcga_bcr/patient/follow_ups/follow_up/days_to_last_followup
SC001	c650b1ff-8a4c-4ee9-b7c1-268c28c83827	cdd073b4-1ab1-4026-83e6-a291849a8450	/home/student/Desktop/CEIF/16_multiomics_acquisition_v1/raw/09_CLINICAL/SC001/nationwidechildrens.org_clinical.TCGA-95-7043.xml	vital_status	Dead	tcga_bcr/patient/follow_ups/follow_up/vital_status
SC001	c650b1ff-8a4c-4ee9-b7c1-268c28c83827	cdd073b4-1ab1-4026-83e6-a291849a8450	/home/student/Desktop/CEIF/16_multiomics_acquisition_v1/raw/09_CLINICAL/SC001/nationwidechildrens.org_clinical.TCGA-95-7043.xml	primary_therapy_outcome_success	Complete Remission/Response	tcga_bcr/patient/follow_ups/follow_up/primary_therapy_outcome_success
SC001	c650b1ff-8a4c-4ee9-b7c1-268c28c83827	cdd073b4-1ab1-4026-83e6-a291849a8450	/home/student/Desktop/CEIF/16_multiomics_acquisition_v1/raw/09_CLINICAL/SC001/nationwidechildrens.org_clinical.TCGA-95-7043.xml	days_to_death	503	tcga_bcr/patient/follow_ups/follow_up/days_to_death
SC001	c650b1ff-8a4c-4ee9-b7c1-268c28c83827	cdd073b4-1ab1-4026-83e6-a291849a8450	/home/student/Desktop/CEIF/16_multiomics_acquisition_v1/raw/09_CLINICAL/SC001/nationwidechildrens.org_clinical.TCGA-95-7043.xml	followup_treatment_success	Progressive Disease	tcga_bcr/patient/follow_ups/follow_up/followup_treatment_success
SC001	c9c533ee-e154-4a56-bce9-b5af37574b2f	5019c061-5a4a-4fd0-9e93-1f411902f630	/home/student/Desktop/CEIF/16_multiomics_acquisition_v1/raw/09_CLINICAL/SC001/nationwidechildrens.org_clinical.TCGA-55-7913.xml	vital_status	Alive	tcga_bcr/patient/vital_status
SC001	c9c533ee-e154-4a56-bce9-b5af37574b2f	5019c061-5a4a-4fd0-9e93-1f411902f630	/home/student/Desktop/CEIF/16_multiomics_acquisition_v1/raw/09_CLINICAL/SC001/nationwidechildrens.org_clinical.TCGA-55-7913.xml	days_to_last_followup	62	tcga_bcr/patient/days_to_last_followup
SC001	c9c533ee-e154-4a56-bce9-b5af37574b2f	5019c061-5a4a-4fd0-9e93-1f411902f630	/home/student/Desktop/CEIF/16_multiomics_acquisition_v1/raw/09_CLINICAL/SC001/nationwidechildrens.org_clinical.TCGA-55-7913.xml	new_tumor_event_after_initial_treatment	NO	tcga_bcr/patient/new_tumor_events/new_tumor_event_after_initial_treatment
SC001	c9c533ee-e154-4a56-bce9-b5af37574b2f	5019c061-5a4a-4fd0-9e93-1f411902f630	/home/student/Desktop/CEIF/16_multiomics_acquisition_v1/raw/09_CLINICAL/SC001/nationwidechildrens.org_clinical.TCGA-55-7913.xml	vital_status	Dead	tcga_bcr/patient/follow_ups/follow_up/vital_status
SC001	c9c533ee-e154-4a56-bce9-b5af37574b2f	5019c061-5a4a-4fd0-9e93-1f411902f630	/home/student/Desktop/CEIF/16_multiomics_acquisition_v1/raw/09_CLINICAL/SC001/nationwidechildrens.org_clinical.TCGA-55-7913.xml	primary_therapy_outcome_success	Complete Remission/Response	tcga_bcr/patient/follow_ups/follow_up/primary_therapy_outcome_success
SC001	c9c533ee-e154-4a56-bce9-b5af37574b2f	5019c061-5a4a-4fd0-9e93-1f411902f630	/home/student/Desktop/CEIF/16_multiomics_acquisition_v1/raw/09_CLINICAL/SC001/nationwidechildrens.org_clinical.TCGA-55-7913.xml	days_to_death	561	tcga_bcr/patient/follow_ups/follow_up/days_to_death
SC001	c9c533ee-e154-4a56-bce9-b5af37574b2f	5019c061-5a4a-4fd0-9e93-1f411902f630	/home/student/Desktop/CEIF/16_multiomics_acquisition_v1/raw/09_CLINICAL/SC001/nationwidechildrens.org_clinical.TCGA-55-7913.xml	new_tumor_event_after_initial_treatment	YES	tcga_bcr/patient/follow_ups/follow_up/new_tumor_event_after_initial_treatment
SC001	c9c533ee-e154-4a56-bce9-b5af37574b2f	5019c061-5a4a-4fd0-9e93-1f411902f630	/home/student/Desktop/CEIF/16_multiomics_acquisition_v1/raw/09_CLINICAL/SC001/nationwidechildrens.org_clinical.TCGA-55-7913.xml	new_neoplasm_event_type	Distant Metastasis	tcga_bcr/patient/follow_ups/follow_up/new_neoplasm_event_types/new_neoplasm_event_type
SC001	c9c533ee-e154-4a56-bce9-b5af37574b2f	5019c061-5a4a-4fd0-9e93-1f411902f630	/home/student/Desktop/CEIF/16_multiomics_acquisition_v1/raw/09_CLINICAL/SC001/nationwidechildrens.org_clinical.TCGA-55-7913.xml	progression_determined_by	Convincing Imaging	tcga_bcr/patient/follow_ups/follow_up/progression_determined_by_list/progression_determined_by
SC001	c9c533ee-e154-4a56-bce9-b5af37574b2f	5019c061-5a4a-4fd0-9e93-1f411902f630	/home/student/Desktop/CEIF/16_multiomics_acquisition_v1/raw/09_CLINICAL/SC001/nationwidechildrens.org_clinical.TCGA-55-7913.xml	followup_treatment_success	Progressive Disease	tcga_bcr/patient/follow_ups/follow_up/followup_treatment_success
SC001	cbfef004-b437-4d51-9d88-a2db50aa6481	66ae4daa-8a7e-4705-a728-53ef6289e8bb	/home/student/Desktop/CEIF/16_multiomics_acquisition_v1/raw/09_CLINICAL/SC001/nationwidechildrens.org_clinical.TCGA-44-7661.xml	vital_status	Alive	tcga_bcr/patient/vital_status
SC001	cbfef004-b437-4d51-9d88-a2db50aa6481	66ae4daa-8a7e-4705-a728-53ef6289e8bb	/home/student/Desktop/CEIF/16_multiomics_acquisition_v1/raw/09_CLINICAL/SC001/nationwidechildrens.org_clinical.TCGA-44-7661.xml	days_to_last_followup	153	tcga_bcr/patient/days_to_last_followup
SC001	cbfef004-b437-4d51-9d88-a2db50aa6481	66ae4daa-8a7e-4705-a728-53ef6289e8bb	/home/student/Desktop/CEIF/16_multiomics_acquisition_v1/raw/09_CLINICAL/SC001/nationwidechildrens.org_clinical.TCGA-44-7661.xml	vital_status	Alive	tcga_bcr/patient/follow_ups/follow_up/vital_status
SC001	cbfef004-b437-4d51-9d88-a2db50aa6481	66ae4daa-8a7e-4705-a728-53ef6289e8bb	/home/student/Desktop/CEIF/16_multiomics_acquisition_v1/raw/09_CLINICAL/SC001/nationwidechildrens.org_clinical.TCGA-44-7661.xml	primary_therapy_outcome_success	Complete Remission/Response	tcga_bcr/patient/follow_ups/follow_up/primary_therapy_outcome_success
SC001	cbfef004-b437-4d51-9d88-a2db50aa6481	66ae4daa-8a7e-4705-a728-53ef6289e8bb	/home/student/Desktop/CEIF/16_multiomics_acquisition_v1/raw/09_CLINICAL/SC001/nationwidechildrens.org_clinical.TCGA-44-7661.xml	days_to_last_followup	366	tcga_bcr/patient/follow_ups/follow_up/days_to_last_followup
SC001	cbfef004-b437-4d51-9d88-a2db50aa6481	66ae4daa-8a7e-4705-a728-53ef6289e8bb	/home/student/Desktop/CEIF/16_multiomics_acquisition_v1/raw/09_CLINICAL/SC001/nationwidechildrens.org_clinical.TCGA-44-7661.xml	new_tumor_event_after_initial_treatment	YES	tcga_bcr/patient/follow_ups/follow_up/new_tumor_event_after_initial_treatment
SC001	cbfef004-b437-4d51-9d88-a2db50aa6481	66ae4daa-8a7e-4705-a728-53ef6289e8bb	/home/student/Desktop/CEIF/16_multiomics_acquisition_v1/raw/09_CLINICAL/SC001/nationwidechildrens.org_clinical.TCGA-44-7661.xml	new_neoplasm_event_type	Locoregional Recurrence	tcga_bcr/patient/follow_ups/follow_up/new_neoplasm_event_types/new_neoplasm_event_type
SC001	cbfef004-b437-4d51-9d88-a2db50aa6481	66ae4daa-8a7e-4705-a728-53ef6289e8bb	/home/student/Desktop/CEIF/16_multiomics_acquisition_v1/raw/09_CLINICAL/SC001/nationwidechildrens.org_clinical.TCGA-44-7661.xml	progression_determined_by	Convincing Imaging	tcga_bcr/patient/follow_ups/follow_up/progression_determined_by_list/progression_determined_by
SC001	cbfef004-b437-4d51-9d88-a2db50aa6481	66ae4daa-8a7e-4705-a728-53ef6289e8bb	/home/student/Desktop/CEIF/16_multiomics_acquisition_v1/raw/09_CLINICAL/SC001/nationwidechildrens.org_clinical.TCGA-44-7661.xml	followup_treatment_success	Progressive Disease	tcga_bcr/patient/follow_ups/follow_up/followup_treatment_success
SC001	cbfef004-b437-4d51-9d88-a2db50aa6481	66ae4daa-8a7e-4705-a728-53ef6289e8bb	/home/student/Desktop/CEIF/16_multiomics_acquisition_v1/raw/09_CLINICAL/SC001/nationwidechildrens.org_clinical.TCGA-44-7661.xml	vital_status	Dead	tcga_bcr/patient/follow_ups/follow_up/vital_status
SC001	cbfef004-b437-4d51-9d88-a2db50aa6481	66ae4daa-8a7e-4705-a728-53ef6289e8bb	/home/student/Desktop/CEIF/16_multiomics_acquisition_v1/raw/09_CLINICAL/SC001/nationwidechildrens.org_clinical.TCGA-44-7661.xml	primary_therapy_outcome_success	Complete Remission/Response	tcga_bcr/patient/follow_ups/follow_up/primary_therapy_outcome_success
SC001	cbfef004-b437-4d51-9d88-a2db50aa6481	66ae4daa-8a7e-4705-a728-53ef6289e8bb	/home/student/Desktop/CEIF/16_multiomics_acquisition_v1/raw/09_CLINICAL/SC001/nationwidechildrens.org_clinical.TCGA-44-7661.xml	days_to_death	557	tcga_bcr/patient/follow_ups/follow_up/days_to_death
SC001	cbfef004-b437-4d51-9d88-a2db50aa6481	66ae4daa-8a7e-4705-a728-53ef6289e8bb	/home/student/Desktop/CEIF/16_multiomics_acquisition_v1/raw/09_CLINICAL/SC001/nationwidechildrens.org_clinical.TCGA-44-7661.xml	new_tumor_event_after_initial_treatment	YES	tcga_bcr/patient/follow_ups/follow_up/new_tumor_event_after_initial_treatment
SC001	cbfef004-b437-4d51-9d88-a2db50aa6481	66ae4daa-8a7e-4705-a728-53ef6289e8bb	/home/student/Desktop/CEIF/16_multiomics_acquisition_v1/raw/09_CLINICAL/SC001/nationwidechildrens.org_clinical.TCGA-44-7661.xml	new_neoplasm_event_type	Locoregional Recurrence	tcga_bcr/patient/follow_ups/follow_up/new_neoplasm_event_types/new_neoplasm_event_type
SC001	cbfef004-b437-4d51-9d88-a2db50aa6481	66ae4daa-8a7e-4705-a728-53ef6289e8bb	/home/student/Desktop/CEIF/16_multiomics_acquisition_v1/raw/09_CLINICAL/SC001/nationwidechildrens.org_clinical.TCGA-44-7661.xml	progression_determined_by	Convincing Imaging	tcga_bcr/patient/follow_ups/follow_up/progression_determined_by_list/progression_determined_by
SC001	cbfef004-b437-4d51-9d88-a2db50aa6481	66ae4daa-8a7e-4705-a728-53ef6289e8bb	/home/student/Desktop/CEIF/16_multiomics_acquisition_v1/raw/09_CLINICAL/SC001/nationwidechildrens.org_clinical.TCGA-44-7661.xml	followup_treatment_success	Progressive Disease	tcga_bcr/patient/follow_ups/follow_up/followup_treatment_success
SC001	cc3d9750-7ce0-489f-86d4-8017b7ebed29	c78918ff-ae61-433d-a97c-d782c7373ddb	/home/student/Desktop/CEIF/16_multiomics_acquisition_v1/raw/09_CLINICAL/SC001/nationwidechildrens.org_clinical.TCGA-50-5055.xml	vital_status	Alive	tcga_bcr/patient/vital_status
SC001	cc3d9750-7ce0-489f-86d4-8017b7ebed29	c78918ff-ae61-433d-a97c-d782c7373ddb	/home/student/Desktop/CEIF/16_multiomics_acquisition_v1/raw/09_CLINICAL/SC001/nationwidechildrens.org_clinical.TCGA-50-5055.xml	days_to_last_followup	785	tcga_bcr/patient/days_to_last_followup
SC001	cc3d9750-7ce0-489f-86d4-8017b7ebed29	c78918ff-ae61-433d-a97c-d782c7373ddb	/home/student/Desktop/CEIF/16_multiomics_acquisition_v1/raw/09_CLINICAL/SC001/nationwidechildrens.org_clinical.TCGA-50-5055.xml	vital_status	Dead	tcga_bcr/patient/follow_ups/follow_up/vital_status
SC001	cc3d9750-7ce0-489f-86d4-8017b7ebed29	c78918ff-ae61-433d-a97c-d782c7373ddb	/home/student/Desktop/CEIF/16_multiomics_acquisition_v1/raw/09_CLINICAL/SC001/nationwidechildrens.org_clinical.TCGA-50-5055.xml	primary_therapy_outcome_success	Stable Disease	tcga_bcr/patient/follow_ups/follow_up/primary_therapy_outcome_success
SC001	cc3d9750-7ce0-489f-86d4-8017b7ebed29	c78918ff-ae61-433d-a97c-d782c7373ddb	/home/student/Desktop/CEIF/16_multiomics_acquisition_v1/raw/09_CLINICAL/SC001/nationwidechildrens.org_clinical.TCGA-50-5055.xml	days_to_death	1830	tcga_bcr/patient/follow_ups/follow_up/days_to_death
SC001	cc3d9750-7ce0-489f-86d4-8017b7ebed29	c78918ff-ae61-433d-a97c-d782c7373ddb	/home/student/Desktop/CEIF/16_multiomics_acquisition_v1/raw/09_CLINICAL/SC001/nationwidechildrens.org_clinical.TCGA-50-5055.xml	new_tumor_event_after_initial_treatment	YES	tcga_bcr/patient/follow_ups/follow_up/new_tumor_event_after_initial_treatment
SC001	cc3d9750-7ce0-489f-86d4-8017b7ebed29	c78918ff-ae61-433d-a97c-d782c7373ddb	/home/student/Desktop/CEIF/16_multiomics_acquisition_v1/raw/09_CLINICAL/SC001/nationwidechildrens.org_clinical.TCGA-50-5055.xml	new_neoplasm_event_type	Locoregional Recurrence	tcga_bcr/patient/follow_ups/follow_up/new_neoplasm_event_types/new_neoplasm_event_type
SC001	cc3d9750-7ce0-489f-86d4-8017b7ebed29	c78918ff-ae61-433d-a97c-d782c7373ddb	/home/student/Desktop/CEIF/16_multiomics_acquisition_v1/raw/09_CLINICAL/SC001/nationwidechildrens.org_clinical.TCGA-50-5055.xml	new_neoplasm_event_type	Distant Metastasis	tcga_bcr/patient/follow_ups/follow_up/new_neoplasm_event_types/new_neoplasm_event_type
SC001	cc3d9750-7ce0-489f-86d4-8017b7ebed29	c78918ff-ae61-433d-a97c-d782c7373ddb	/home/student/Desktop/CEIF/16_multiomics_acquisition_v1/raw/09_CLINICAL/SC001/nationwidechildrens.org_clinical.TCGA-50-5055.xml	progression_determined_by	Biopsy with Histologic Confirmation	tcga_bcr/patient/follow_ups/follow_up/progression_determined_by_list/progression_determined_by
SC001	cc3d9750-7ce0-489f-86d4-8017b7ebed29	c78918ff-ae61-433d-a97c-d782c7373ddb	/home/student/Desktop/CEIF/16_multiomics_acquisition_v1/raw/09_CLINICAL/SC001/nationwidechildrens.org_clinical.TCGA-50-5055.xml	progression_determined_by	Convincing Imaging	tcga_bcr/patient/follow_ups/follow_up/progression_determined_by_list/progression_determined_by
SC001	cc3d9750-7ce0-489f-86d4-8017b7ebed29	c78918ff-ae61-433d-a97c-d782c7373ddb	/home/student/Desktop/CEIF/16_multiomics_acquisition_v1/raw/09_CLINICAL/SC001/nationwidechildrens.org_clinical.TCGA-50-5055.xml	followup_treatment_success	Progressive Disease	tcga_bcr/patient/follow_ups/follow_up/followup_treatment_success
SC001	dcd066ba-5894-453e-b1da-82092858c3db	fee133fa-2235-4ae0-882c-0ed2311ac2e8	/home/student/Desktop/CEIF/16_multiomics_acquisition_v1/raw/09_CLINICAL/SC001/nationwidechildrens.org_clinical.TCGA-86-6562.xml	vital_status	Alive	tcga_bcr/patient/vital_status
SC001	dcd066ba-5894-453e-b1da-82092858c3db	fee133fa-2235-4ae0-882c-0ed2311ac2e8	/home/student/Desktop/CEIF/16_multiomics_acquisition_v1/raw/09_CLINICAL/SC001/nationwidechildrens.org_clinical.TCGA-86-6562.xml	days_to_last_followup	0	tcga_bcr/patient/days_to_last_followup
SC001	dcd066ba-5894-453e-b1da-82092858c3db	fee133fa-2235-4ae0-882c-0ed2311ac2e8	/home/student/Desktop/CEIF/16_multiomics_acquisition_v1/raw/09_CLINICAL/SC001/nationwidechildrens.org_clinical.TCGA-86-6562.xml	vital_status	Dead	tcga_bcr/patient/follow_ups/follow_up/vital_status
SC001	dcd066ba-5894-453e-b1da-82092858c3db	fee133fa-2235-4ae0-882c-0ed2311ac2e8	/home/student/Desktop/CEIF/16_multiomics_acquisition_v1/raw/09_CLINICAL/SC001/nationwidechildrens.org_clinical.TCGA-86-6562.xml	primary_therapy_outcome_success	Progressive Disease	tcga_bcr/patient/follow_ups/follow_up/primary_therapy_outcome_success
SC001	dcd066ba-5894-453e-b1da-82092858c3db	fee133fa-2235-4ae0-882c-0ed2311ac2e8	/home/student/Desktop/CEIF/16_multiomics_acquisition_v1/raw/09_CLINICAL/SC001/nationwidechildrens.org_clinical.TCGA-86-6562.xml	days_to_death	376	tcga_bcr/patient/follow_ups/follow_up/days_to_death
SC001	dcd066ba-5894-453e-b1da-82092858c3db	fee133fa-2235-4ae0-882c-0ed2311ac2e8	/home/student/Desktop/CEIF/16_multiomics_acquisition_v1/raw/09_CLINICAL/SC001/nationwidechildrens.org_clinical.TCGA-86-6562.xml	new_tumor_event_after_initial_treatment	YES	tcga_bcr/patient/follow_ups/follow_up/new_tumor_event_after_initial_treatment
SC001	dcd066ba-5894-453e-b1da-82092858c3db	fee133fa-2235-4ae0-882c-0ed2311ac2e8	/home/student/Desktop/CEIF/16_multiomics_acquisition_v1/raw/09_CLINICAL/SC001/nationwidechildrens.org_clinical.TCGA-86-6562.xml	followup_treatment_success	Progressive Disease	tcga_bcr/patient/follow_ups/follow_up/followup_treatment_success
SC001	e01e4fb3-236a-4d16-9073-555876b688e9	22df8e6d-4377-43c2-afd6-6b314ff126b0	/home/student/Desktop/CEIF/16_multiomics_acquisition_v1/raw/09_CLINICAL/SC001/nationwidechildrens.org_clinical.TCGA-86-A4JF.xml	vital_status	Alive	tcga_bcr/patient/vital_status
SC001	e01e4fb3-236a-4d16-9073-555876b688e9	22df8e6d-4377-43c2-afd6-6b314ff126b0	/home/student/Desktop/CEIF/16_multiomics_acquisition_v1/raw/09_CLINICAL/SC001/nationwidechildrens.org_clinical.TCGA-86-A4JF.xml	days_to_last_followup	0	tcga_bcr/patient/days_to_last_followup
SC001	e01e4fb3-236a-4d16-9073-555876b688e9	22df8e6d-4377-43c2-afd6-6b314ff126b0	/home/student/Desktop/CEIF/16_multiomics_acquisition_v1/raw/09_CLINICAL/SC001/nationwidechildrens.org_clinical.TCGA-86-A4JF.xml	primary_therapy_outcome_success	Complete Remission/Response	tcga_bcr/patient/primary_therapy_outcome_success
SC001	e01e4fb3-236a-4d16-9073-555876b688e9	22df8e6d-4377-43c2-afd6-6b314ff126b0	/home/student/Desktop/CEIF/16_multiomics_acquisition_v1/raw/09_CLINICAL/SC001/nationwidechildrens.org_clinical.TCGA-86-A4JF.xml	new_tumor_event_after_initial_treatment	NO	tcga_bcr/patient/new_tumor_events/new_tumor_event_after_initial_treatment
SC001	e01e4fb3-236a-4d16-9073-555876b688e9	22df8e6d-4377-43c2-afd6-6b314ff126b0	/home/student/Desktop/CEIF/16_multiomics_acquisition_v1/raw/09_CLINICAL/SC001/nationwidechildrens.org_clinical.TCGA-86-A4JF.xml	vital_status	Alive	tcga_bcr/patient/follow_ups/follow_up/vital_status
SC001	e01e4fb3-236a-4d16-9073-555876b688e9	22df8e6d-4377-43c2-afd6-6b314ff126b0	/home/student/Desktop/CEIF/16_multiomics_acquisition_v1/raw/09_CLINICAL/SC001/nationwidechildrens.org_clinical.TCGA-86-A4JF.xml	primary_therapy_outcome_success	Complete Remission/Response	tcga_bcr/patient/follow_ups/follow_up/primary_therapy_outcome_success
SC001	e01e4fb3-236a-4d16-9073-555876b688e9	22df8e6d-4377-43c2-afd6-6b314ff126b0	/home/student/Desktop/CEIF/16_multiomics_acquisition_v1/raw/09_CLINICAL/SC001/nationwidechildrens.org_clinical.TCGA-86-A4JF.xml	days_to_last_followup	536	tcga_bcr/patient/follow_ups/follow_up/days_to_last_followup
SC001	e01e4fb3-236a-4d16-9073-555876b688e9	22df8e6d-4377-43c2-afd6-6b314ff126b0	/home/student/Desktop/CEIF/16_multiomics_acquisition_v1/raw/09_CLINICAL/SC001/nationwidechildrens.org_clinical.TCGA-86-A4JF.xml	new_tumor_event_after_initial_treatment	YES	tcga_bcr/patient/follow_ups/follow_up/new_tumor_event_after_initial_treatment
SC001	e01e4fb3-236a-4d16-9073-555876b688e9	22df8e6d-4377-43c2-afd6-6b314ff126b0	/home/student/Desktop/CEIF/16_multiomics_acquisition_v1/raw/09_CLINICAL/SC001/nationwidechildrens.org_clinical.TCGA-86-A4JF.xml	new_neoplasm_event_type	Distant Metastasis	tcga_bcr/patient/follow_ups/follow_up/new_neoplasm_event_types/new_neoplasm_event_type
SC001	e01e4fb3-236a-4d16-9073-555876b688e9	22df8e6d-4377-43c2-afd6-6b314ff126b0	/home/student/Desktop/CEIF/16_multiomics_acquisition_v1/raw/09_CLINICAL/SC001/nationwidechildrens.org_clinical.TCGA-86-A4JF.xml	followup_treatment_success	Progressive Disease	tcga_bcr/patient/follow_ups/follow_up/followup_treatment_success
SC001	e01e4fb3-236a-4d16-9073-555876b688e9	22df8e6d-4377-43c2-afd6-6b314ff126b0	/home/student/Desktop/CEIF/16_multiomics_acquisition_v1/raw/09_CLINICAL/SC001/nationwidechildrens.org_clinical.TCGA-86-A4JF.xml	vital_status	Dead	tcga_bcr/patient/follow_ups/follow_up/vital_status
SC001	e01e4fb3-236a-4d16-9073-555876b688e9	22df8e6d-4377-43c2-afd6-6b314ff126b0	/home/student/Desktop/CEIF/16_multiomics_acquisition_v1/raw/09_CLINICAL/SC001/nationwidechildrens.org_clinical.TCGA-86-A4JF.xml	primary_therapy_outcome_success	Complete Remission/Response	tcga_bcr/patient/follow_ups/follow_up/primary_therapy_outcome_success
SC001	e01e4fb3-236a-4d16-9073-555876b688e9	22df8e6d-4377-43c2-afd6-6b314ff126b0	/home/student/Desktop/CEIF/16_multiomics_acquisition_v1/raw/09_CLINICAL/SC001/nationwidechildrens.org_clinical.TCGA-86-A4JF.xml	days_to_death	737	tcga_bcr/patient/follow_ups/follow_up/days_to_death
SC001	e01e4fb3-236a-4d16-9073-555876b688e9	22df8e6d-4377-43c2-afd6-6b314ff126b0	/home/student/Desktop/CEIF/16_multiomics_acquisition_v1/raw/09_CLINICAL/SC001/nationwidechildrens.org_clinical.TCGA-86-A4JF.xml	new_tumor_event_after_initial_treatment	NO	tcga_bcr/patient/follow_ups/follow_up/new_tumor_event_after_initial_treatment
SC001	e01e4fb3-236a-4d16-9073-555876b688e9	22df8e6d-4377-43c2-afd6-6b314ff126b0	/home/student/Desktop/CEIF/16_multiomics_acquisition_v1/raw/09_CLINICAL/SC001/nationwidechildrens.org_clinical.TCGA-86-A4JF.xml	followup_treatment_success	Progressive Disease	tcga_bcr/patient/follow_ups/follow_up/followup_treatment_success
SC001	e1c55bac-bb41-4964-add5-ecd6ba04b58d	c1876e73-45ca-41fe-ba22-8da2b142f7dd	/home/student/Desktop/CEIF/16_multiomics_acquisition_v1/raw/09_CLINICAL/SC001/nationwidechildrens.org_clinical.TCGA-50-5051.xml	vital_status	Alive	tcga_bcr/patient/vital_status
SC001	e1c55bac-bb41-4964-add5-ecd6ba04b58d	c1876e73-45ca-41fe-ba22-8da2b142f7dd	/home/student/Desktop/CEIF/16_multiomics_acquisition_v1/raw/09_CLINICAL/SC001/nationwidechildrens.org_clinical.TCGA-50-5051.xml	days_to_last_followup	455	tcga_bcr/patient/days_to_last_followup
SC001	e1c55bac-bb41-4964-add5-ecd6ba04b58d	c1876e73-45ca-41fe-ba22-8da2b142f7dd	/home/student/Desktop/CEIF/16_multiomics_acquisition_v1/raw/09_CLINICAL/SC001/nationwidechildrens.org_clinical.TCGA-50-5051.xml	vital_status	Dead	tcga_bcr/patient/follow_ups/follow_up/vital_status
SC001	e1c55bac-bb41-4964-add5-ecd6ba04b58d	c1876e73-45ca-41fe-ba22-8da2b142f7dd	/home/student/Desktop/CEIF/16_multiomics_acquisition_v1/raw/09_CLINICAL/SC001/nationwidechildrens.org_clinical.TCGA-50-5051.xml	primary_therapy_outcome_success	Progressive Disease	tcga_bcr/patient/follow_ups/follow_up/primary_therapy_outcome_success
SC001	e1c55bac-bb41-4964-add5-ecd6ba04b58d	c1876e73-45ca-41fe-ba22-8da2b142f7dd	/home/student/Desktop/CEIF/16_multiomics_acquisition_v1/raw/09_CLINICAL/SC001/nationwidechildrens.org_clinical.TCGA-50-5051.xml	days_to_death	478	tcga_bcr/patient/follow_ups/follow_up/days_to_death
SC001	e1c55bac-bb41-4964-add5-ecd6ba04b58d	c1876e73-45ca-41fe-ba22-8da2b142f7dd	/home/student/Desktop/CEIF/16_multiomics_acquisition_v1/raw/09_CLINICAL/SC001/nationwidechildrens.org_clinical.TCGA-50-5051.xml	new_tumor_event_after_initial_treatment	YES	tcga_bcr/patient/follow_ups/follow_up/new_tumor_event_after_initial_treatment
SC001	e1c55bac-bb41-4964-add5-ecd6ba04b58d	c1876e73-45ca-41fe-ba22-8da2b142f7dd	/home/student/Desktop/CEIF/16_multiomics_acquisition_v1/raw/09_CLINICAL/SC001/nationwidechildrens.org_clinical.TCGA-50-5051.xml	new_neoplasm_event_type	Distant Metastasis	tcga_bcr/patient/follow_ups/follow_up/new_neoplasm_event_types/new_neoplasm_event_type
SC001	e1c55bac-bb41-4964-add5-ecd6ba04b58d	c1876e73-45ca-41fe-ba22-8da2b142f7dd	/home/student/Desktop/CEIF/16_multiomics_acquisition_v1/raw/09_CLINICAL/SC001/nationwidechildrens.org_clinical.TCGA-50-5051.xml	progression_determined_by	Convincing Imaging	tcga_bcr/patient/follow_ups/follow_up/progression_determined_by_list/progression_determined_by
SC001	e1c55bac-bb41-4964-add5-ecd6ba04b58d	c1876e73-45ca-41fe-ba22-8da2b142f7dd	/home/student/Desktop/CEIF/16_multiomics_acquisition_v1/raw/09_CLINICAL/SC001/nationwidechildrens.org_clinical.TCGA-50-5051.xml	followup_treatment_success	Progressive Disease	tcga_bcr/patient/follow_ups/follow_up/followup_treatment_success
SC001	f17d3463-af6c-42c2-a8e9-fae45f69286f	e2ba0ca0-102a-409d-b75d-659d3b854070	/home/student/Desktop/CEIF/16_multiomics_acquisition_v1/raw/09_CLINICAL/SC001/nationwidechildrens.org_clinical.TCGA-55-6712.xml	vital_status	Alive	tcga_bcr/patient/vital_status
SC001	f17d3463-af6c-42c2-a8e9-fae45f69286f	e2ba0ca0-102a-409d-b75d-659d3b854070	/home/student/Desktop/CEIF/16_multiomics_acquisition_v1/raw/09_CLINICAL/SC001/nationwidechildrens.org_clinical.TCGA-55-6712.xml	days_to_last_followup	24	tcga_bcr/patient/days_to_last_followup
SC001	f17d3463-af6c-42c2-a8e9-fae45f69286f	e2ba0ca0-102a-409d-b75d-659d3b854070	/home/student/Desktop/CEIF/16_multiomics_acquisition_v1/raw/09_CLINICAL/SC001/nationwidechildrens.org_clinical.TCGA-55-6712.xml	vital_status	Dead	tcga_bcr/patient/follow_ups/follow_up/vital_status
SC001	f17d3463-af6c-42c2-a8e9-fae45f69286f	e2ba0ca0-102a-409d-b75d-659d3b854070	/home/student/Desktop/CEIF/16_multiomics_acquisition_v1/raw/09_CLINICAL/SC001/nationwidechildrens.org_clinical.TCGA-55-6712.xml	primary_therapy_outcome_success	Progressive Disease	tcga_bcr/patient/follow_ups/follow_up/primary_therapy_outcome_success
SC001	f17d3463-af6c-42c2-a8e9-fae45f69286f	e2ba0ca0-102a-409d-b75d-659d3b854070	/home/student/Desktop/CEIF/16_multiomics_acquisition_v1/raw/09_CLINICAL/SC001/nationwidechildrens.org_clinical.TCGA-55-6712.xml	days_to_death	171	tcga_bcr/patient/follow_ups/follow_up/days_to_death
SC001	f17d3463-af6c-42c2-a8e9-fae45f69286f	e2ba0ca0-102a-409d-b75d-659d3b854070	/home/student/Desktop/CEIF/16_multiomics_acquisition_v1/raw/09_CLINICAL/SC001/nationwidechildrens.org_clinical.TCGA-55-6712.xml	new_tumor_event_after_initial_treatment	NO	tcga_bcr/patient/follow_ups/follow_up/new_tumor_event_after_initial_treatment
SC001	f17d3463-af6c-42c2-a8e9-fae45f69286f	e2ba0ca0-102a-409d-b75d-659d3b854070	/home/student/Desktop/CEIF/16_multiomics_acquisition_v1/raw/09_CLINICAL/SC001/nationwidechildrens.org_clinical.TCGA-55-6712.xml	followup_treatment_success	Progressive Disease	tcga_bcr/patient/follow_ups/follow_up/followup_treatment_success
SC001	f1f80dd2-891d-46dd-a3e0-f007628cb515	95245d37-dc46-426f-ae4c-3f2323b54507	/home/student/Desktop/CEIF/16_multiomics_acquisition_v1/raw/09_CLINICAL/SC001/nationwidechildrens.org_clinical.TCGA-4B-A93V.xml	vital_status	Alive	tcga_bcr/patient/vital_status
SC001	f1f80dd2-891d-46dd-a3e0-f007628cb515	95245d37-dc46-426f-ae4c-3f2323b54507	/home/student/Desktop/CEIF/16_multiomics_acquisition_v1/raw/09_CLINICAL/SC001/nationwidechildrens.org_clinical.TCGA-4B-A93V.xml	days_to_last_followup	254	tcga_bcr/patient/days_to_last_followup
SC001	f1f80dd2-891d-46dd-a3e0-f007628cb515	95245d37-dc46-426f-ae4c-3f2323b54507	/home/student/Desktop/CEIF/16_multiomics_acquisition_v1/raw/09_CLINICAL/SC001/nationwidechildrens.org_clinical.TCGA-4B-A93V.xml	primary_therapy_outcome_success	Progressive Disease	tcga_bcr/patient/primary_therapy_outcome_success
SC001	f1f80dd2-891d-46dd-a3e0-f007628cb515	95245d37-dc46-426f-ae4c-3f2323b54507	/home/student/Desktop/CEIF/16_multiomics_acquisition_v1/raw/09_CLINICAL/SC001/nationwidechildrens.org_clinical.TCGA-4B-A93V.xml	new_tumor_event_after_initial_treatment	YES	tcga_bcr/patient/new_tumor_events/new_tumor_event_after_initial_treatment
SC001	f1f80dd2-891d-46dd-a3e0-f007628cb515	95245d37-dc46-426f-ae4c-3f2323b54507	/home/student/Desktop/CEIF/16_multiomics_acquisition_v1/raw/09_CLINICAL/SC001/nationwidechildrens.org_clinical.TCGA-4B-A93V.xml	new_neoplasm_event_type	Distant Metastasis	tcga_bcr/patient/new_tumor_events/new_tumor_event/new_neoplasm_event_types/new_neoplasm_event_type
SC001	f1f80dd2-891d-46dd-a3e0-f007628cb515	95245d37-dc46-426f-ae4c-3f2323b54507	/home/student/Desktop/CEIF/16_multiomics_acquisition_v1/raw/09_CLINICAL/SC001/nationwidechildrens.org_clinical.TCGA-4B-A93V.xml	progression_determined_by	Convincing Imaging	tcga_bcr/patient/new_tumor_events/new_tumor_event/progression_determined_by_list/progression_determined_by
SC001	f1f80dd2-891d-46dd-a3e0-f007628cb515	95245d37-dc46-426f-ae4c-3f2323b54507	/home/student/Desktop/CEIF/16_multiomics_acquisition_v1/raw/09_CLINICAL/SC001/nationwidechildrens.org_clinical.TCGA-4B-A93V.xml	vital_status	Alive	tcga_bcr/patient/follow_ups/follow_up/vital_status
SC001	f1f80dd2-891d-46dd-a3e0-f007628cb515	95245d37-dc46-426f-ae4c-3f2323b54507	/home/student/Desktop/CEIF/16_multiomics_acquisition_v1/raw/09_CLINICAL/SC001/nationwidechildrens.org_clinical.TCGA-4B-A93V.xml	primary_therapy_outcome_success	Progressive Disease	tcga_bcr/patient/follow_ups/follow_up/primary_therapy_outcome_success
SC001	f1f80dd2-891d-46dd-a3e0-f007628cb515	95245d37-dc46-426f-ae4c-3f2323b54507	/home/student/Desktop/CEIF/16_multiomics_acquisition_v1/raw/09_CLINICAL/SC001/nationwidechildrens.org_clinical.TCGA-4B-A93V.xml	days_to_last_followup	254	tcga_bcr/patient/follow_ups/follow_up/days_to_last_followup
SC001	f1f80dd2-891d-46dd-a3e0-f007628cb515	95245d37-dc46-426f-ae4c-3f2323b54507	/home/student/Desktop/CEIF/16_multiomics_acquisition_v1/raw/09_CLINICAL/SC001/nationwidechildrens.org_clinical.TCGA-4B-A93V.xml	new_tumor_event_after_initial_treatment	YES	tcga_bcr/patient/follow_ups/follow_up/new_tumor_event_after_initial_treatment
SC001	f1f80dd2-891d-46dd-a3e0-f007628cb515	95245d37-dc46-426f-ae4c-3f2323b54507	/home/student/Desktop/CEIF/16_multiomics_acquisition_v1/raw/09_CLINICAL/SC001/nationwidechildrens.org_clinical.TCGA-4B-A93V.xml	new_neoplasm_event_type	Distant Metastasis	tcga_bcr/patient/follow_ups/follow_up/new_neoplasm_event_types/new_neoplasm_event_type
SC001	f1f80dd2-891d-46dd-a3e0-f007628cb515	95245d37-dc46-426f-ae4c-3f2323b54507	/home/student/Desktop/CEIF/16_multiomics_acquisition_v1/raw/09_CLINICAL/SC001/nationwidechildrens.org_clinical.TCGA-4B-A93V.xml	progression_determined_by	Convincing Imaging	tcga_bcr/patient/follow_ups/follow_up/progression_determined_by_list/progression_determined_by
SC001	f1f80dd2-891d-46dd-a3e0-f007628cb515	95245d37-dc46-426f-ae4c-3f2323b54507	/home/student/Desktop/CEIF/16_multiomics_acquisition_v1/raw/09_CLINICAL/SC001/nationwidechildrens.org_clinical.TCGA-4B-A93V.xml	followup_treatment_success	Progressive Disease	tcga_bcr/patient/follow_ups/follow_up/followup_treatment_success
SC001	f1f80dd2-891d-46dd-a3e0-f007628cb515	95245d37-dc46-426f-ae4c-3f2323b54507	/home/student/Desktop/CEIF/16_multiomics_acquisition_v1/raw/09_CLINICAL/SC001/nationwidechildrens.org_clinical.TCGA-4B-A93V.xml	vital_status	Dead	tcga_bcr/patient/follow_ups/follow_up/vital_status
SC001	f1f80dd2-891d-46dd-a3e0-f007628cb515	95245d37-dc46-426f-ae4c-3f2323b54507	/home/student/Desktop/CEIF/16_multiomics_acquisition_v1/raw/09_CLINICAL/SC001/nationwidechildrens.org_clinical.TCGA-4B-A93V.xml	primary_therapy_outcome_success	Progressive Disease	tcga_bcr/patient/follow_ups/follow_up/primary_therapy_outcome_success
SC001	f1f80dd2-891d-46dd-a3e0-f007628cb515	95245d37-dc46-426f-ae4c-3f2323b54507	/home/student/Desktop/CEIF/16_multiomics_acquisition_v1/raw/09_CLINICAL/SC001/nationwidechildrens.org_clinical.TCGA-4B-A93V.xml	days_to_death	300	tcga_bcr/patient/follow_ups/follow_up/days_to_death
SC001	f1f80dd2-891d-46dd-a3e0-f007628cb515	95245d37-dc46-426f-ae4c-3f2323b54507	/home/student/Desktop/CEIF/16_multiomics_acquisition_v1/raw/09_CLINICAL/SC001/nationwidechildrens.org_clinical.TCGA-4B-A93V.xml	new_tumor_event_after_initial_treatment	YES	tcga_bcr/patient/follow_ups/follow_up/new_tumor_event_after_initial_treatment
SC001	f1f80dd2-891d-46dd-a3e0-f007628cb515	95245d37-dc46-426f-ae4c-3f2323b54507	/home/student/Desktop/CEIF/16_multiomics_acquisition_v1/raw/09_CLINICAL/SC001/nationwidechildrens.org_clinical.TCGA-4B-A93V.xml	new_neoplasm_event_type	Distant Metastasis	tcga_bcr/patient/follow_ups/follow_up/new_neoplasm_event_types/new_neoplasm_event_type
SC001	f1f80dd2-891d-46dd-a3e0-f007628cb515	95245d37-dc46-426f-ae4c-3f2323b54507	/home/student/Desktop/CEIF/16_multiomics_acquisition_v1/raw/09_CLINICAL/SC001/nationwidechildrens.org_clinical.TCGA-4B-A93V.xml	progression_determined_by	Convincing Imaging	tcga_bcr/patient/follow_ups/follow_up/progression_determined_by_list/progression_determined_by
SC001	f1f80dd2-891d-46dd-a3e0-f007628cb515	95245d37-dc46-426f-ae4c-3f2323b54507	/home/student/Desktop/CEIF/16_multiomics_acquisition_v1/raw/09_CLINICAL/SC001/nationwidechildrens.org_clinical.TCGA-4B-A93V.xml	followup_treatment_success	Progressive Disease	tcga_bcr/patient/follow_ups/follow_up/followup_treatment_success
SC002	0a815133-0edd-4422-89f2-2f067b6f2156	91b289ac-95af-4697-b39a-d0db97ac005c	/home/student/Desktop/CEIF/16_multiomics_acquisition_v1/raw/09_CLINICAL/SC002/nationwidechildrens.org_clinical.TCGA-AA-3848.xml	vital_status	Alive	tcga_bcr/patient/vital_status
SC002	0a815133-0edd-4422-89f2-2f067b6f2156	91b289ac-95af-4697-b39a-d0db97ac005c	/home/student/Desktop/CEIF/16_multiomics_acquisition_v1/raw/09_CLINICAL/SC002/nationwidechildrens.org_clinical.TCGA-AA-3848.xml	days_to_last_followup	30	tcga_bcr/patient/days_to_last_followup
SC002	0a815133-0edd-4422-89f2-2f067b6f2156	91b289ac-95af-4697-b39a-d0db97ac005c	/home/student/Desktop/CEIF/16_multiomics_acquisition_v1/raw/09_CLINICAL/SC002/nationwidechildrens.org_clinical.TCGA-AA-3848.xml	vital_status	Dead	tcga_bcr/patient/follow_ups/follow_up/vital_status
SC002	0a815133-0edd-4422-89f2-2f067b6f2156	91b289ac-95af-4697-b39a-d0db97ac005c	/home/student/Desktop/CEIF/16_multiomics_acquisition_v1/raw/09_CLINICAL/SC002/nationwidechildrens.org_clinical.TCGA-AA-3848.xml	days_to_death	306	tcga_bcr/patient/follow_ups/follow_up/days_to_death
SC002	0dacc5ce-498f-4c60-9f78-7a013ffaa9ce	92d1bc21-e158-40f7-9548-4794e40eb361	/home/student/Desktop/CEIF/16_multiomics_acquisition_v1/raw/09_CLINICAL/SC002/nationwidechildrens.org_clinical.TCGA-D5-5538.xml	vital_status	Alive	tcga_bcr/patient/vital_status
SC002	0dacc5ce-498f-4c60-9f78-7a013ffaa9ce	92d1bc21-e158-40f7-9548-4794e40eb361	/home/student/Desktop/CEIF/16_multiomics_acquisition_v1/raw/09_CLINICAL/SC002/nationwidechildrens.org_clinical.TCGA-D5-5538.xml	days_to_last_followup	204	tcga_bcr/patient/days_to_last_followup
SC002	0dacc5ce-498f-4c60-9f78-7a013ffaa9ce	92d1bc21-e158-40f7-9548-4794e40eb361	/home/student/Desktop/CEIF/16_multiomics_acquisition_v1/raw/09_CLINICAL/SC002/nationwidechildrens.org_clinical.TCGA-D5-5538.xml	vital_status	Alive	tcga_bcr/patient/follow_ups/follow_up/vital_status
SC002	0dacc5ce-498f-4c60-9f78-7a013ffaa9ce	92d1bc21-e158-40f7-9548-4794e40eb361	/home/student/Desktop/CEIF/16_multiomics_acquisition_v1/raw/09_CLINICAL/SC002/nationwidechildrens.org_clinical.TCGA-D5-5538.xml	days_to_last_followup	373	tcga_bcr/patient/follow_ups/follow_up/days_to_last_followup
SC002	0dacc5ce-498f-4c60-9f78-7a013ffaa9ce	92d1bc21-e158-40f7-9548-4794e40eb361	/home/student/Desktop/CEIF/16_multiomics_acquisition_v1/raw/09_CLINICAL/SC002/nationwidechildrens.org_clinical.TCGA-D5-5538.xml	new_tumor_event_after_initial_treatment	NO	tcga_bcr/patient/follow_ups/follow_up/new_tumor_events/new_tumor_event_after_initial_treatment
SC002	0dacc5ce-498f-4c60-9f78-7a013ffaa9ce	92d1bc21-e158-40f7-9548-4794e40eb361	/home/student/Desktop/CEIF/16_multiomics_acquisition_v1/raw/09_CLINICAL/SC002/nationwidechildrens.org_clinical.TCGA-D5-5538.xml	primary_therapy_outcome_success	Progressive Disease	tcga_bcr/patient/follow_ups/follow_up/primary_therapy_outcome_success
SC002	0dacc5ce-498f-4c60-9f78-7a013ffaa9ce	92d1bc21-e158-40f7-9548-4794e40eb361	/home/student/Desktop/CEIF/16_multiomics_acquisition_v1/raw/09_CLINICAL/SC002/nationwidechildrens.org_clinical.TCGA-D5-5538.xml	followup_treatment_success	Progressive Disease	tcga_bcr/patient/follow_ups/follow_up/followup_treatment_success
SC002	0dacc5ce-498f-4c60-9f78-7a013ffaa9ce	92d1bc21-e158-40f7-9548-4794e40eb361	/home/student/Desktop/CEIF/16_multiomics_acquisition_v1/raw/09_CLINICAL/SC002/nationwidechildrens.org_clinical.TCGA-D5-5538.xml	vital_status	Dead	tcga_bcr/patient/follow_ups/follow_up/vital_status
SC002	0dacc5ce-498f-4c60-9f78-7a013ffaa9ce	92d1bc21-e158-40f7-9548-4794e40eb361	/home/student/Desktop/CEIF/16_multiomics_acquisition_v1/raw/09_CLINICAL/SC002/nationwidechildrens.org_clinical.TCGA-D5-5538.xml	days_to_death	1661	tcga_bcr/patient/follow_ups/follow_up/days_to_death
SC002	0dacc5ce-498f-4c60-9f78-7a013ffaa9ce	92d1bc21-e158-40f7-9548-4794e40eb361	/home/student/Desktop/CEIF/16_multiomics_acquisition_v1/raw/09_CLINICAL/SC002/nationwidechildrens.org_clinical.TCGA-D5-5538.xml	new_tumor_event_after_initial_treatment	YES	tcga_bcr/patient/follow_ups/follow_up/new_tumor_events/new_tumor_event_after_initial_treatment
SC002	13ae9d83-a22f-451f-88bb-686051725cf3	5a1cd61f-87a2-4bc9-b81d-eff6143fd7bc	/home/student/Desktop/CEIF/16_multiomics_acquisition_v1/raw/09_CLINICAL/SC002/nationwidechildrens.org_clinical.TCGA-AA-A01P.xml	vital_status	Alive	tcga_bcr/patient/vital_status
SC002	13ae9d83-a22f-451f-88bb-686051725cf3	5a1cd61f-87a2-4bc9-b81d-eff6143fd7bc	/home/student/Desktop/CEIF/16_multiomics_acquisition_v1/raw/09_CLINICAL/SC002/nationwidechildrens.org_clinical.TCGA-AA-A01P.xml	days_to_last_followup	0	tcga_bcr/patient/days_to_last_followup
SC002	13ae9d83-a22f-451f-88bb-686051725cf3	5a1cd61f-87a2-4bc9-b81d-eff6143fd7bc	/home/student/Desktop/CEIF/16_multiomics_acquisition_v1/raw/09_CLINICAL/SC002/nationwidechildrens.org_clinical.TCGA-AA-A01P.xml	vital_status	Dead	tcga_bcr/patient/follow_ups/follow_up/vital_status
SC002	13ae9d83-a22f-451f-88bb-686051725cf3	5a1cd61f-87a2-4bc9-b81d-eff6143fd7bc	/home/student/Desktop/CEIF/16_multiomics_acquisition_v1/raw/09_CLINICAL/SC002/nationwidechildrens.org_clinical.TCGA-AA-A01P.xml	days_to_death	1158	tcga_bcr/patient/follow_ups/follow_up/days_to_death
SC002	13ae9d83-a22f-451f-88bb-686051725cf3	5a1cd61f-87a2-4bc9-b81d-eff6143fd7bc	/home/student/Desktop/CEIF/16_multiomics_acquisition_v1/raw/09_CLINICAL/SC002/nationwidechildrens.org_clinical.TCGA-AA-A01P.xml	new_tumor_event_after_initial_treatment	YES	tcga_bcr/patient/follow_ups/follow_up/new_tumor_events/new_tumor_event_after_initial_treatment
SC002	13eff2e5-e33a-485f-9ba4-8a7ccb3c7528	e6bca62e-9956-4610-8e5e-46b589540b77	/home/student/Desktop/CEIF/16_multiomics_acquisition_v1/raw/09_CLINICAL/SC002/nationwidechildrens.org_clinical.TCGA-AD-6888.xml	vital_status	Alive	tcga_bcr/patient/vital_status
SC002	13eff2e5-e33a-485f-9ba4-8a7ccb3c7528	e6bca62e-9956-4610-8e5e-46b589540b77	/home/student/Desktop/CEIF/16_multiomics_acquisition_v1/raw/09_CLINICAL/SC002/nationwidechildrens.org_clinical.TCGA-AD-6888.xml	days_to_last_followup	155	tcga_bcr/patient/days_to_last_followup
SC002	13eff2e5-e33a-485f-9ba4-8a7ccb3c7528	e6bca62e-9956-4610-8e5e-46b589540b77	/home/student/Desktop/CEIF/16_multiomics_acquisition_v1/raw/09_CLINICAL/SC002/nationwidechildrens.org_clinical.TCGA-AD-6888.xml	primary_therapy_outcome_success	Complete Remission/Response	tcga_bcr/patient/follow_ups/follow_up/primary_therapy_outcome_success
SC002	13eff2e5-e33a-485f-9ba4-8a7ccb3c7528	e6bca62e-9956-4610-8e5e-46b589540b77	/home/student/Desktop/CEIF/16_multiomics_acquisition_v1/raw/09_CLINICAL/SC002/nationwidechildrens.org_clinical.TCGA-AD-6888.xml	followup_treatment_success	Progressive Disease	tcga_bcr/patient/follow_ups/follow_up/followup_treatment_success
SC002	13eff2e5-e33a-485f-9ba4-8a7ccb3c7528	e6bca62e-9956-4610-8e5e-46b589540b77	/home/student/Desktop/CEIF/16_multiomics_acquisition_v1/raw/09_CLINICAL/SC002/nationwidechildrens.org_clinical.TCGA-AD-6888.xml	vital_status	Dead	tcga_bcr/patient/follow_ups/follow_up/vital_status
SC002	13eff2e5-e33a-485f-9ba4-8a7ccb3c7528	e6bca62e-9956-4610-8e5e-46b589540b77	/home/student/Desktop/CEIF/16_multiomics_acquisition_v1/raw/09_CLINICAL/SC002/nationwidechildrens.org_clinical.TCGA-AD-6888.xml	days_to_death	472	tcga_bcr/patient/follow_ups/follow_up/days_to_death
SC002	13eff2e5-e33a-485f-9ba4-8a7ccb3c7528	e6bca62e-9956-4610-8e5e-46b589540b77	/home/student/Desktop/CEIF/16_multiomics_acquisition_v1/raw/09_CLINICAL/SC002/nationwidechildrens.org_clinical.TCGA-AD-6888.xml	new_tumor_event_after_initial_treatment	YES	tcga_bcr/patient/follow_ups/follow_up/new_tumor_events/new_tumor_event_after_initial_treatment
SC002	19d1a5fc-3ce9-4e43-a364-a4150bcf911b	a64658ba-212d-4ddd-bbde-b3f8dfd92979	/home/student/Desktop/CEIF/16_multiomics_acquisition_v1/raw/09_CLINICAL/SC002/nationwidechildrens.org_clinical.TCGA-A6-2686.xml	vital_status	Alive	tcga_bcr/patient/vital_status
SC002	19d1a5fc-3ce9-4e43-a364-a4150bcf911b	a64658ba-212d-4ddd-bbde-b3f8dfd92979	/home/student/Desktop/CEIF/16_multiomics_acquisition_v1/raw/09_CLINICAL/SC002/nationwidechildrens.org_clinical.TCGA-A6-2686.xml	days_to_last_followup	488	tcga_bcr/patient/days_to_last_followup
SC002	19d1a5fc-3ce9-4e43-a364-a4150bcf911b	a64658ba-212d-4ddd-bbde-b3f8dfd92979	/home/student/Desktop/CEIF/16_multiomics_acquisition_v1/raw/09_CLINICAL/SC002/nationwidechildrens.org_clinical.TCGA-A6-2686.xml	vital_status	Alive	tcga_bcr/patient/follow_ups/follow_up/vital_status
SC002	19d1a5fc-3ce9-4e43-a364-a4150bcf911b	a64658ba-212d-4ddd-bbde-b3f8dfd92979	/home/student/Desktop/CEIF/16_multiomics_acquisition_v1/raw/09_CLINICAL/SC002/nationwidechildrens.org_clinical.TCGA-A6-2686.xml	days_to_last_followup	488	tcga_bcr/patient/follow_ups/follow_up/days_to_last_followup
SC002	19d1a5fc-3ce9-4e43-a364-a4150bcf911b	a64658ba-212d-4ddd-bbde-b3f8dfd92979	/home/student/Desktop/CEIF/16_multiomics_acquisition_v1/raw/09_CLINICAL/SC002/nationwidechildrens.org_clinical.TCGA-A6-2686.xml	new_tumor_event_after_initial_treatment	NO	tcga_bcr/patient/follow_ups/follow_up/new_tumor_events/new_tumor_event_after_initial_treatment
SC002	19d1a5fc-3ce9-4e43-a364-a4150bcf911b	a64658ba-212d-4ddd-bbde-b3f8dfd92979	/home/student/Desktop/CEIF/16_multiomics_acquisition_v1/raw/09_CLINICAL/SC002/nationwidechildrens.org_clinical.TCGA-A6-2686.xml	primary_therapy_outcome_success	Complete Remission/Response	tcga_bcr/patient/follow_ups/follow_up/primary_therapy_outcome_success
SC002	19d1a5fc-3ce9-4e43-a364-a4150bcf911b	a64658ba-212d-4ddd-bbde-b3f8dfd92979	/home/student/Desktop/CEIF/16_multiomics_acquisition_v1/raw/09_CLINICAL/SC002/nationwidechildrens.org_clinical.TCGA-A6-2686.xml	followup_treatment_success	Complete Remission/Response	tcga_bcr/patient/follow_ups/follow_up/followup_treatment_success
SC002	19d1a5fc-3ce9-4e43-a364-a4150bcf911b	a64658ba-212d-4ddd-bbde-b3f8dfd92979	/home/student/Desktop/CEIF/16_multiomics_acquisition_v1/raw/09_CLINICAL/SC002/nationwidechildrens.org_clinical.TCGA-A6-2686.xml	vital_status	Dead	tcga_bcr/patient/follow_ups/follow_up/vital_status
SC002	19d1a5fc-3ce9-4e43-a364-a4150bcf911b	a64658ba-212d-4ddd-bbde-b3f8dfd92979	/home/student/Desktop/CEIF/16_multiomics_acquisition_v1/raw/09_CLINICAL/SC002/nationwidechildrens.org_clinical.TCGA-A6-2686.xml	days_to_death	1126	tcga_bcr/patient/follow_ups/follow_up/days_to_death
SC002	19d1a5fc-3ce9-4e43-a364-a4150bcf911b	a64658ba-212d-4ddd-bbde-b3f8dfd92979	/home/student/Desktop/CEIF/16_multiomics_acquisition_v1/raw/09_CLINICAL/SC002/nationwidechildrens.org_clinical.TCGA-A6-2686.xml	new_tumor_event_after_initial_treatment	NO	tcga_bcr/patient/follow_ups/follow_up/new_tumor_events/new_tumor_event_after_initial_treatment
SC002	1e0789d6-7efb-4807-8d36-cd9224675a0c	ba939020-e5ac-4d9c-9515-e3de733793af	/home/student/Desktop/CEIF/16_multiomics_acquisition_v1/raw/09_CLINICAL/SC002/nationwidechildrens.org_clinical.TCGA-NH-A8F8.xml	vital_status	Alive	tcga_bcr/patient/vital_status
SC002	1e0789d6-7efb-4807-8d36-cd9224675a0c	ba939020-e5ac-4d9c-9515-e3de733793af	/home/student/Desktop/CEIF/16_multiomics_acquisition_v1/raw/09_CLINICAL/SC002/nationwidechildrens.org_clinical.TCGA-NH-A8F8.xml	days_to_last_followup	167	tcga_bcr/patient/days_to_last_followup
SC002	1e0789d6-7efb-4807-8d36-cd9224675a0c	ba939020-e5ac-4d9c-9515-e3de733793af	/home/student/Desktop/CEIF/16_multiomics_acquisition_v1/raw/09_CLINICAL/SC002/nationwidechildrens.org_clinical.TCGA-NH-A8F8.xml	new_tumor_event_after_initial_treatment	NO	tcga_bcr/patient/new_tumor_events/new_tumor_event_after_initial_treatment
SC002	1e0789d6-7efb-4807-8d36-cd9224675a0c	ba939020-e5ac-4d9c-9515-e3de733793af	/home/student/Desktop/CEIF/16_multiomics_acquisition_v1/raw/09_CLINICAL/SC002/nationwidechildrens.org_clinical.TCGA-NH-A8F8.xml	vital_status	Dead	tcga_bcr/patient/follow_ups/follow_up/vital_status
SC002	1e0789d6-7efb-4807-8d36-cd9224675a0c	ba939020-e5ac-4d9c-9515-e3de733793af	/home/student/Desktop/CEIF/16_multiomics_acquisition_v1/raw/09_CLINICAL/SC002/nationwidechildrens.org_clinical.TCGA-NH-A8F8.xml	days_to_death	511	tcga_bcr/patient/follow_ups/follow_up/days_to_death
SC002	1e0789d6-7efb-4807-8d36-cd9224675a0c	ba939020-e5ac-4d9c-9515-e3de733793af	/home/student/Desktop/CEIF/16_multiomics_acquisition_v1/raw/09_CLINICAL/SC002/nationwidechildrens.org_clinical.TCGA-NH-A8F8.xml	new_tumor_event_after_initial_treatment	NO	tcga_bcr/patient/follow_ups/follow_up/new_tumor_events/new_tumor_event_after_initial_treatment
SC002	264c0d45-078a-4207-a101-71f99bcd237e	454ab0e8-1b60-451a-a583-11c1e85644be	/home/student/Desktop/CEIF/16_multiomics_acquisition_v1/raw/09_CLINICAL/SC002/nationwidechildrens.org_clinical.TCGA-G4-6303.xml	vital_status	Alive	tcga_bcr/patient/vital_status
SC002	264c0d45-078a-4207-a101-71f99bcd237e	454ab0e8-1b60-451a-a583-11c1e85644be	/home/student/Desktop/CEIF/16_multiomics_acquisition_v1/raw/09_CLINICAL/SC002/nationwidechildrens.org_clinical.TCGA-G4-6303.xml	days_to_last_followup	1882	tcga_bcr/patient/days_to_last_followup
SC002	264c0d45-078a-4207-a101-71f99bcd237e	454ab0e8-1b60-451a-a583-11c1e85644be	/home/student/Desktop/CEIF/16_multiomics_acquisition_v1/raw/09_CLINICAL/SC002/nationwidechildrens.org_clinical.TCGA-G4-6303.xml	vital_status	Dead	tcga_bcr/patient/follow_ups/follow_up/vital_status
SC002	264c0d45-078a-4207-a101-71f99bcd237e	454ab0e8-1b60-451a-a583-11c1e85644be	/home/student/Desktop/CEIF/16_multiomics_acquisition_v1/raw/09_CLINICAL/SC002/nationwidechildrens.org_clinical.TCGA-G4-6303.xml	days_to_death	2003	tcga_bcr/patient/follow_ups/follow_up/days_to_death
SC002	264c0d45-078a-4207-a101-71f99bcd237e	454ab0e8-1b60-451a-a583-11c1e85644be	/home/student/Desktop/CEIF/16_multiomics_acquisition_v1/raw/09_CLINICAL/SC002/nationwidechildrens.org_clinical.TCGA-G4-6303.xml	new_tumor_event_after_initial_treatment	YES	tcga_bcr/patient/follow_ups/follow_up/new_tumor_events/new_tumor_event_after_initial_treatment
SC002	2900eadd-7e27-4371-94e5-7d58cdff0138	439e74e5-9c89-4fa2-87c2-eb7e07a2eb83	/home/student/Desktop/CEIF/16_multiomics_acquisition_v1/raw/09_CLINICAL/SC002/nationwidechildrens.org_clinical.TCGA-F4-6461.xml	vital_status	Alive	tcga_bcr/patient/vital_status
SC002	2900eadd-7e27-4371-94e5-7d58cdff0138	439e74e5-9c89-4fa2-87c2-eb7e07a2eb83	/home/student/Desktop/CEIF/16_multiomics_acquisition_v1/raw/09_CLINICAL/SC002/nationwidechildrens.org_clinical.TCGA-F4-6461.xml	days_to_last_followup	0	tcga_bcr/patient/days_to_last_followup
SC002	2900eadd-7e27-4371-94e5-7d58cdff0138	439e74e5-9c89-4fa2-87c2-eb7e07a2eb83	/home/student/Desktop/CEIF/16_multiomics_acquisition_v1/raw/09_CLINICAL/SC002/nationwidechildrens.org_clinical.TCGA-F4-6461.xml	vital_status	Dead	tcga_bcr/patient/follow_ups/follow_up/vital_status
SC002	2900eadd-7e27-4371-94e5-7d58cdff0138	439e74e5-9c89-4fa2-87c2-eb7e07a2eb83	/home/student/Desktop/CEIF/16_multiomics_acquisition_v1/raw/09_CLINICAL/SC002/nationwidechildrens.org_clinical.TCGA-F4-6461.xml	days_to_death	338	tcga_bcr/patient/follow_ups/follow_up/days_to_death
SC002	2900eadd-7e27-4371-94e5-7d58cdff0138	439e74e5-9c89-4fa2-87c2-eb7e07a2eb83	/home/student/Desktop/CEIF/16_multiomics_acquisition_v1/raw/09_CLINICAL/SC002/nationwidechildrens.org_clinical.TCGA-F4-6461.xml	new_tumor_event_after_initial_treatment	YES	tcga_bcr/patient/follow_ups/follow_up/new_tumor_events/new_tumor_event_after_initial_treatment
SC002	2a7bbafe-d499-4241-ba3d-a52ba0a5db3c	b32a0ef7-7241-4970-9aca-73891f98f4a8	/home/student/Desktop/CEIF/16_multiomics_acquisition_v1/raw/09_CLINICAL/SC002/nationwidechildrens.org_clinical.TCGA-F4-6460.xml	vital_status	Alive	tcga_bcr/patient/vital_status
SC002	2a7bbafe-d499-4241-ba3d-a52ba0a5db3c	b32a0ef7-7241-4970-9aca-73891f98f4a8	/home/student/Desktop/CEIF/16_multiomics_acquisition_v1/raw/09_CLINICAL/SC002/nationwidechildrens.org_clinical.TCGA-F4-6460.xml	days_to_last_followup	0	tcga_bcr/patient/days_to_last_followup
SC002	2a7bbafe-d499-4241-ba3d-a52ba0a5db3c	b32a0ef7-7241-4970-9aca-73891f98f4a8	/home/student/Desktop/CEIF/16_multiomics_acquisition_v1/raw/09_CLINICAL/SC002/nationwidechildrens.org_clinical.TCGA-F4-6460.xml	vital_status	Alive	tcga_bcr/patient/follow_ups/follow_up/vital_status
SC002	2a7bbafe-d499-4241-ba3d-a52ba0a5db3c	b32a0ef7-7241-4970-9aca-73891f98f4a8	/home/student/Desktop/CEIF/16_multiomics_acquisition_v1/raw/09_CLINICAL/SC002/nationwidechildrens.org_clinical.TCGA-F4-6460.xml	days_to_last_followup	407	tcga_bcr/patient/follow_ups/follow_up/days_to_last_followup
SC002	2a7bbafe-d499-4241-ba3d-a52ba0a5db3c	b32a0ef7-7241-4970-9aca-73891f98f4a8	/home/student/Desktop/CEIF/16_multiomics_acquisition_v1/raw/09_CLINICAL/SC002/nationwidechildrens.org_clinical.TCGA-F4-6460.xml	new_tumor_event_after_initial_treatment	YES	tcga_bcr/patient/follow_ups/follow_up/new_tumor_events/new_tumor_event_after_initial_treatment
SC002	2a7bbafe-d499-4241-ba3d-a52ba0a5db3c	b32a0ef7-7241-4970-9aca-73891f98f4a8	/home/student/Desktop/CEIF/16_multiomics_acquisition_v1/raw/09_CLINICAL/SC002/nationwidechildrens.org_clinical.TCGA-F4-6460.xml	primary_therapy_outcome_success	Complete Remission/Response	tcga_bcr/patient/follow_ups/follow_up/primary_therapy_outcome_success
SC002	2a7bbafe-d499-4241-ba3d-a52ba0a5db3c	b32a0ef7-7241-4970-9aca-73891f98f4a8	/home/student/Desktop/CEIF/16_multiomics_acquisition_v1/raw/09_CLINICAL/SC002/nationwidechildrens.org_clinical.TCGA-F4-6460.xml	followup_treatment_success	Progressive Disease	tcga_bcr/patient/follow_ups/follow_up/followup_treatment_success
SC002	2a7bbafe-d499-4241-ba3d-a52ba0a5db3c	b32a0ef7-7241-4970-9aca-73891f98f4a8	/home/student/Desktop/CEIF/16_multiomics_acquisition_v1/raw/09_CLINICAL/SC002/nationwidechildrens.org_clinical.TCGA-F4-6460.xml	vital_status	Dead	tcga_bcr/patient/follow_ups/follow_up/vital_status
SC002	2a7bbafe-d499-4241-ba3d-a52ba0a5db3c	b32a0ef7-7241-4970-9aca-73891f98f4a8	/home/student/Desktop/CEIF/16_multiomics_acquisition_v1/raw/09_CLINICAL/SC002/nationwidechildrens.org_clinical.TCGA-F4-6460.xml	days_to_death	972	tcga_bcr/patient/follow_ups/follow_up/days_to_death
SC002	2a7bbafe-d499-4241-ba3d-a52ba0a5db3c	b32a0ef7-7241-4970-9aca-73891f98f4a8	/home/student/Desktop/CEIF/16_multiomics_acquisition_v1/raw/09_CLINICAL/SC002/nationwidechildrens.org_clinical.TCGA-F4-6460.xml	new_tumor_event_after_initial_treatment	NO	tcga_bcr/patient/follow_ups/follow_up/new_tumor_events/new_tumor_event_after_initial_treatment
SC002	2a971e32-b0e7-4a3f-8c40-62d69c0307d8	17136045-60d2-48a7-a52d-a387bb55f84d	/home/student/Desktop/CEIF/16_multiomics_acquisition_v1/raw/09_CLINICAL/SC002/nationwidechildrens.org_clinical.TCGA-AA-A03F.xml	vital_status	Alive	tcga_bcr/patient/vital_status
SC002	2a971e32-b0e7-4a3f-8c40-62d69c0307d8	17136045-60d2-48a7-a52d-a387bb55f84d	/home/student/Desktop/CEIF/16_multiomics_acquisition_v1/raw/09_CLINICAL/SC002/nationwidechildrens.org_clinical.TCGA-AA-A03F.xml	days_to_last_followup	0	tcga_bcr/patient/days_to_last_followup
SC002	2a971e32-b0e7-4a3f-8c40-62d69c0307d8	17136045-60d2-48a7-a52d-a387bb55f84d	/home/student/Desktop/CEIF/16_multiomics_acquisition_v1/raw/09_CLINICAL/SC002/nationwidechildrens.org_clinical.TCGA-AA-A03F.xml	vital_status	Dead	tcga_bcr/patient/follow_ups/follow_up/vital_status
SC002	2a971e32-b0e7-4a3f-8c40-62d69c0307d8	17136045-60d2-48a7-a52d-a387bb55f84d	/home/student/Desktop/CEIF/16_multiomics_acquisition_v1/raw/09_CLINICAL/SC002/nationwidechildrens.org_clinical.TCGA-AA-A03F.xml	days_to_death	0	tcga_bcr/patient/follow_ups/follow_up/days_to_death
SC002	2db3c23d-c591-4ea0-b0a8-ed9c4343c80e	af0bb245-8133-46ba-a7d8-de0e281d23b5	/home/student/Desktop/CEIF/16_multiomics_acquisition_v1/raw/09_CLINICAL/SC002/nationwidechildrens.org_clinical.TCGA-CK-4951.xml	vital_status	Alive	tcga_bcr/patient/vital_status
SC002	2db3c23d-c591-4ea0-b0a8-ed9c4343c80e	af0bb245-8133-46ba-a7d8-de0e281d23b5	/home/student/Desktop/CEIF/16_multiomics_acquisition_v1/raw/09_CLINICAL/SC002/nationwidechildrens.org_clinical.TCGA-CK-4951.xml	days_to_last_followup	1492	tcga_bcr/patient/days_to_last_followup
SC002	2db3c23d-c591-4ea0-b0a8-ed9c4343c80e	af0bb245-8133-46ba-a7d8-de0e281d23b5	/home/student/Desktop/CEIF/16_multiomics_acquisition_v1/raw/09_CLINICAL/SC002/nationwidechildrens.org_clinical.TCGA-CK-4951.xml	vital_status	Dead	tcga_bcr/patient/follow_ups/follow_up/vital_status
SC002	2db3c23d-c591-4ea0-b0a8-ed9c4343c80e	af0bb245-8133-46ba-a7d8-de0e281d23b5	/home/student/Desktop/CEIF/16_multiomics_acquisition_v1/raw/09_CLINICAL/SC002/nationwidechildrens.org_clinical.TCGA-CK-4951.xml	days_to_last_followup	2134	tcga_bcr/patient/follow_ups/follow_up/days_to_last_followup
SC002	2db3c23d-c591-4ea0-b0a8-ed9c4343c80e	af0bb245-8133-46ba-a7d8-de0e281d23b5	/home/student/Desktop/CEIF/16_multiomics_acquisition_v1/raw/09_CLINICAL/SC002/nationwidechildrens.org_clinical.TCGA-CK-4951.xml	days_to_death	2134	tcga_bcr/patient/follow_ups/follow_up/days_to_death
SC002	2db3c23d-c591-4ea0-b0a8-ed9c4343c80e	af0bb245-8133-46ba-a7d8-de0e281d23b5	/home/student/Desktop/CEIF/16_multiomics_acquisition_v1/raw/09_CLINICAL/SC002/nationwidechildrens.org_clinical.TCGA-CK-4951.xml	new_tumor_event_after_initial_treatment	YES	tcga_bcr/patient/follow_ups/follow_up/new_tumor_events/new_tumor_event_after_initial_treatment
SC002	2db3c23d-c591-4ea0-b0a8-ed9c4343c80e	af0bb245-8133-46ba-a7d8-de0e281d23b5	/home/student/Desktop/CEIF/16_multiomics_acquisition_v1/raw/09_CLINICAL/SC002/nationwidechildrens.org_clinical.TCGA-CK-4951.xml	new_neoplasm_event_type	Locoregional Disease	tcga_bcr/patient/follow_ups/follow_up/new_tumor_events/new_tumor_event/new_neoplasm_event_type
SC002	51dcbfac-6f04-4364-877d-0bf1bd566335	7d61e8f6-ce8a-4e32-b4e1-7e9d172be990	/home/student/Desktop/CEIF/16_multiomics_acquisition_v1/raw/09_CLINICAL/SC002/nationwidechildrens.org_clinical.TCGA-NH-A6GA.xml	vital_status	Alive	tcga_bcr/patient/vital_status
SC002	51dcbfac-6f04-4364-877d-0bf1bd566335	7d61e8f6-ce8a-4e32-b4e1-7e9d172be990	/home/student/Desktop/CEIF/16_multiomics_acquisition_v1/raw/09_CLINICAL/SC002/nationwidechildrens.org_clinical.TCGA-NH-A6GA.xml	days_to_last_followup	182	tcga_bcr/patient/days_to_last_followup
SC002	51dcbfac-6f04-4364-877d-0bf1bd566335	7d61e8f6-ce8a-4e32-b4e1-7e9d172be990	/home/student/Desktop/CEIF/16_multiomics_acquisition_v1/raw/09_CLINICAL/SC002/nationwidechildrens.org_clinical.TCGA-NH-A6GA.xml	primary_therapy_outcome_success	Progressive Disease	tcga_bcr/patient/primary_therapy_outcome_success
SC002	51dcbfac-6f04-4364-877d-0bf1bd566335	7d61e8f6-ce8a-4e32-b4e1-7e9d172be990	/home/student/Desktop/CEIF/16_multiomics_acquisition_v1/raw/09_CLINICAL/SC002/nationwidechildrens.org_clinical.TCGA-NH-A6GA.xml	new_tumor_event_after_initial_treatment	YES	tcga_bcr/patient/new_tumor_events/new_tumor_event_after_initial_treatment
SC002	51dcbfac-6f04-4364-877d-0bf1bd566335	7d61e8f6-ce8a-4e32-b4e1-7e9d172be990	/home/student/Desktop/CEIF/16_multiomics_acquisition_v1/raw/09_CLINICAL/SC002/nationwidechildrens.org_clinical.TCGA-NH-A6GA.xml	primary_therapy_outcome_success	Progressive Disease	tcga_bcr/patient/follow_ups/follow_up/primary_therapy_outcome_success
SC002	51dcbfac-6f04-4364-877d-0bf1bd566335	7d61e8f6-ce8a-4e32-b4e1-7e9d172be990	/home/student/Desktop/CEIF/16_multiomics_acquisition_v1/raw/09_CLINICAL/SC002/nationwidechildrens.org_clinical.TCGA-NH-A6GA.xml	followup_treatment_success	Progressive Disease	tcga_bcr/patient/follow_ups/follow_up/followup_treatment_success
SC002	51dcbfac-6f04-4364-877d-0bf1bd566335	7d61e8f6-ce8a-4e32-b4e1-7e9d172be990	/home/student/Desktop/CEIF/16_multiomics_acquisition_v1/raw/09_CLINICAL/SC002/nationwidechildrens.org_clinical.TCGA-NH-A6GA.xml	vital_status	Dead	tcga_bcr/patient/follow_ups/follow_up/vital_status
SC002	51dcbfac-6f04-4364-877d-0bf1bd566335	7d61e8f6-ce8a-4e32-b4e1-7e9d172be990	/home/student/Desktop/CEIF/16_multiomics_acquisition_v1/raw/09_CLINICAL/SC002/nationwidechildrens.org_clinical.TCGA-NH-A6GA.xml	days_to_death	302	tcga_bcr/patient/follow_ups/follow_up/days_to_death
SC002	51dcbfac-6f04-4364-877d-0bf1bd566335	7d61e8f6-ce8a-4e32-b4e1-7e9d172be990	/home/student/Desktop/CEIF/16_multiomics_acquisition_v1/raw/09_CLINICAL/SC002/nationwidechildrens.org_clinical.TCGA-NH-A6GA.xml	new_tumor_event_after_initial_treatment	YES	tcga_bcr/patient/follow_ups/follow_up/new_tumor_events/new_tumor_event_after_initial_treatment
SC002	565e2726-4942-4726-89d3-c5e3797f7204	131f312b-de0d-45a9-b7b7-b1cbec8790da	/home/student/Desktop/CEIF/16_multiomics_acquisition_v1/raw/09_CLINICAL/SC002/nationwidechildrens.org_clinical.TCGA-A6-2671.xml	vital_status	Alive	tcga_bcr/patient/vital_status
SC002	565e2726-4942-4726-89d3-c5e3797f7204	131f312b-de0d-45a9-b7b7-b1cbec8790da	/home/student/Desktop/CEIF/16_multiomics_acquisition_v1/raw/09_CLINICAL/SC002/nationwidechildrens.org_clinical.TCGA-A6-2671.xml	days_to_last_followup	648	tcga_bcr/patient/days_to_last_followup
SC002	565e2726-4942-4726-89d3-c5e3797f7204	131f312b-de0d-45a9-b7b7-b1cbec8790da	/home/student/Desktop/CEIF/16_multiomics_acquisition_v1/raw/09_CLINICAL/SC002/nationwidechildrens.org_clinical.TCGA-A6-2671.xml	vital_status	Alive	tcga_bcr/patient/follow_ups/follow_up/vital_status
SC002	565e2726-4942-4726-89d3-c5e3797f7204	131f312b-de0d-45a9-b7b7-b1cbec8790da	/home/student/Desktop/CEIF/16_multiomics_acquisition_v1/raw/09_CLINICAL/SC002/nationwidechildrens.org_clinical.TCGA-A6-2671.xml	days_to_last_followup	648	tcga_bcr/patient/follow_ups/follow_up/days_to_last_followup
SC002	565e2726-4942-4726-89d3-c5e3797f7204	131f312b-de0d-45a9-b7b7-b1cbec8790da	/home/student/Desktop/CEIF/16_multiomics_acquisition_v1/raw/09_CLINICAL/SC002/nationwidechildrens.org_clinical.TCGA-A6-2671.xml	new_tumor_event_after_initial_treatment	YES	tcga_bcr/patient/follow_ups/follow_up/new_tumor_events/new_tumor_event_after_initial_treatment
SC002	565e2726-4942-4726-89d3-c5e3797f7204	131f312b-de0d-45a9-b7b7-b1cbec8790da	/home/student/Desktop/CEIF/16_multiomics_acquisition_v1/raw/09_CLINICAL/SC002/nationwidechildrens.org_clinical.TCGA-A6-2671.xml	vital_status	Alive	tcga_bcr/patient/follow_ups/follow_up/vital_status
SC002	565e2726-4942-4726-89d3-c5e3797f7204	131f312b-de0d-45a9-b7b7-b1cbec8790da	/home/student/Desktop/CEIF/16_multiomics_acquisition_v1/raw/09_CLINICAL/SC002/nationwidechildrens.org_clinical.TCGA-A6-2671.xml	days_to_last_followup	802	tcga_bcr/patient/follow_ups/follow_up/days_to_last_followup
SC002	565e2726-4942-4726-89d3-c5e3797f7204	131f312b-de0d-45a9-b7b7-b1cbec8790da	/home/student/Desktop/CEIF/16_multiomics_acquisition_v1/raw/09_CLINICAL/SC002/nationwidechildrens.org_clinical.TCGA-A6-2671.xml	new_tumor_event_after_initial_treatment	NO	tcga_bcr/patient/follow_ups/follow_up/new_tumor_events/new_tumor_event_after_initial_treatment
SC002	565e2726-4942-4726-89d3-c5e3797f7204	131f312b-de0d-45a9-b7b7-b1cbec8790da	/home/student/Desktop/CEIF/16_multiomics_acquisition_v1/raw/09_CLINICAL/SC002/nationwidechildrens.org_clinical.TCGA-A6-2671.xml	vital_status	Alive	tcga_bcr/patient/follow_ups/follow_up/vital_status
SC002	565e2726-4942-4726-89d3-c5e3797f7204	131f312b-de0d-45a9-b7b7-b1cbec8790da	/home/student/Desktop/CEIF/16_multiomics_acquisition_v1/raw/09_CLINICAL/SC002/nationwidechildrens.org_clinical.TCGA-A6-2671.xml	days_to_last_followup	1126	tcga_bcr/patient/follow_ups/follow_up/days_to_last_followup
SC002	565e2726-4942-4726-89d3-c5e3797f7204	131f312b-de0d-45a9-b7b7-b1cbec8790da	/home/student/Desktop/CEIF/16_multiomics_acquisition_v1/raw/09_CLINICAL/SC002/nationwidechildrens.org_clinical.TCGA-A6-2671.xml	new_tumor_event_after_initial_treatment	YES	tcga_bcr/patient/follow_ups/follow_up/new_tumor_events/new_tumor_event_after_initial_treatment
SC002	565e2726-4942-4726-89d3-c5e3797f7204	131f312b-de0d-45a9-b7b7-b1cbec8790da	/home/student/Desktop/CEIF/16_multiomics_acquisition_v1/raw/09_CLINICAL/SC002/nationwidechildrens.org_clinical.TCGA-A6-2671.xml	followup_treatment_success	Progressive Disease	tcga_bcr/patient/follow_ups/follow_up/followup_treatment_success
SC002	565e2726-4942-4726-89d3-c5e3797f7204	131f312b-de0d-45a9-b7b7-b1cbec8790da	/home/student/Desktop/CEIF/16_multiomics_acquisition_v1/raw/09_CLINICAL/SC002/nationwidechildrens.org_clinical.TCGA-A6-2671.xml	vital_status	Dead	tcga_bcr/patient/follow_ups/follow_up/vital_status
SC002	565e2726-4942-4726-89d3-c5e3797f7204	131f312b-de0d-45a9-b7b7-b1cbec8790da	/home/student/Desktop/CEIF/16_multiomics_acquisition_v1/raw/09_CLINICAL/SC002/nationwidechildrens.org_clinical.TCGA-A6-2671.xml	days_to_death	1331	tcga_bcr/patient/follow_ups/follow_up/days_to_death
SC002	565e2726-4942-4726-89d3-c5e3797f7204	131f312b-de0d-45a9-b7b7-b1cbec8790da	/home/student/Desktop/CEIF/16_multiomics_acquisition_v1/raw/09_CLINICAL/SC002/nationwidechildrens.org_clinical.TCGA-A6-2671.xml	new_tumor_event_after_initial_treatment	YES	tcga_bcr/patient/follow_ups/follow_up/new_tumor_events/new_tumor_event_after_initial_treatment
SC002	5e7074a6-5011-4dc5-950c-41365dbc6d09	f2836aba-5165-4529-bfe8-44f8a5e76281	/home/student/Desktop/CEIF/16_multiomics_acquisition_v1/raw/09_CLINICAL/SC002/nationwidechildrens.org_clinical.TCGA-AD-6964.xml	vital_status	Alive	tcga_bcr/patient/vital_status
SC002	5e7074a6-5011-4dc5-950c-41365dbc6d09	f2836aba-5165-4529-bfe8-44f8a5e76281	/home/student/Desktop/CEIF/16_multiomics_acquisition_v1/raw/09_CLINICAL/SC002/nationwidechildrens.org_clinical.TCGA-AD-6964.xml	days_to_last_followup	23	tcga_bcr/patient/days_to_last_followup
SC002	5e7074a6-5011-4dc5-950c-41365dbc6d09	f2836aba-5165-4529-bfe8-44f8a5e76281	/home/student/Desktop/CEIF/16_multiomics_acquisition_v1/raw/09_CLINICAL/SC002/nationwidechildrens.org_clinical.TCGA-AD-6964.xml	primary_therapy_outcome_success	Progressive Disease	tcga_bcr/patient/follow_ups/follow_up/primary_therapy_outcome_success
SC002	5e7074a6-5011-4dc5-950c-41365dbc6d09	f2836aba-5165-4529-bfe8-44f8a5e76281	/home/student/Desktop/CEIF/16_multiomics_acquisition_v1/raw/09_CLINICAL/SC002/nationwidechildrens.org_clinical.TCGA-AD-6964.xml	followup_treatment_success	Progressive Disease	tcga_bcr/patient/follow_ups/follow_up/followup_treatment_success
SC002	5e7074a6-5011-4dc5-950c-41365dbc6d09	f2836aba-5165-4529-bfe8-44f8a5e76281	/home/student/Desktop/CEIF/16_multiomics_acquisition_v1/raw/09_CLINICAL/SC002/nationwidechildrens.org_clinical.TCGA-AD-6964.xml	vital_status	Dead	tcga_bcr/patient/follow_ups/follow_up/vital_status
SC002	5e7074a6-5011-4dc5-950c-41365dbc6d09	f2836aba-5165-4529-bfe8-44f8a5e76281	/home/student/Desktop/CEIF/16_multiomics_acquisition_v1/raw/09_CLINICAL/SC002/nationwidechildrens.org_clinical.TCGA-AD-6964.xml	days_to_death	331	tcga_bcr/patient/follow_ups/follow_up/days_to_death
SC002	5e7074a6-5011-4dc5-950c-41365dbc6d09	f2836aba-5165-4529-bfe8-44f8a5e76281	/home/student/Desktop/CEIF/16_multiomics_acquisition_v1/raw/09_CLINICAL/SC002/nationwidechildrens.org_clinical.TCGA-AD-6964.xml	new_tumor_event_after_initial_treatment	YES	tcga_bcr/patient/follow_ups/follow_up/new_tumor_events/new_tumor_event_after_initial_treatment
SC002	5e7074a6-5011-4dc5-950c-41365dbc6d09	f2836aba-5165-4529-bfe8-44f8a5e76281	/home/student/Desktop/CEIF/16_multiomics_acquisition_v1/raw/09_CLINICAL/SC002/nationwidechildrens.org_clinical.TCGA-AD-6964.xml	new_neoplasm_event_type	Metastatic	tcga_bcr/patient/follow_ups/follow_up/new_tumor_events/new_tumor_event/new_neoplasm_event_type
SC002	7144a65f-a63f-4b79-8fe2-cfe48696de03	aeeb464f-b108-4087-b8f2-a535125a4a0d	/home/student/Desktop/CEIF/16_multiomics_acquisition_v1/raw/09_CLINICAL/SC002/nationwidechildrens.org_clinical.TCGA-G4-6302.xml	vital_status	Alive	tcga_bcr/patient/vital_status
SC002	7144a65f-a63f-4b79-8fe2-cfe48696de03	aeeb464f-b108-4087-b8f2-a535125a4a0d	/home/student/Desktop/CEIF/16_multiomics_acquisition_v1/raw/09_CLINICAL/SC002/nationwidechildrens.org_clinical.TCGA-G4-6302.xml	days_to_last_followup	0	tcga_bcr/patient/days_to_last_followup
SC002	7144a65f-a63f-4b79-8fe2-cfe48696de03	aeeb464f-b108-4087-b8f2-a535125a4a0d	/home/student/Desktop/CEIF/16_multiomics_acquisition_v1/raw/09_CLINICAL/SC002/nationwidechildrens.org_clinical.TCGA-G4-6302.xml	vital_status	Dead	tcga_bcr/patient/follow_ups/follow_up/vital_status
SC002	7144a65f-a63f-4b79-8fe2-cfe48696de03	aeeb464f-b108-4087-b8f2-a535125a4a0d	/home/student/Desktop/CEIF/16_multiomics_acquisition_v1/raw/09_CLINICAL/SC002/nationwidechildrens.org_clinical.TCGA-G4-6302.xml	days_to_death	0	tcga_bcr/patient/follow_ups/follow_up/days_to_death
SC002	7144a65f-a63f-4b79-8fe2-cfe48696de03	aeeb464f-b108-4087-b8f2-a535125a4a0d	/home/student/Desktop/CEIF/16_multiomics_acquisition_v1/raw/09_CLINICAL/SC002/nationwidechildrens.org_clinical.TCGA-G4-6302.xml	new_tumor_event_after_initial_treatment	NO	tcga_bcr/patient/follow_ups/follow_up/new_tumor_events/new_tumor_event_after_initial_treatment
SC002	74a0264d-1d31-430d-9a88-e7334c8aa96c	0ac86f0e-dc88-4f3f-a39f-d9a202f60e8d	/home/student/Desktop/CEIF/16_multiomics_acquisition_v1/raw/09_CLINICAL/SC002/nationwidechildrens.org_clinical.TCGA-A6-A56B.xml	vital_status	Alive	tcga_bcr/patient/vital_status
SC002	74a0264d-1d31-430d-9a88-e7334c8aa96c	0ac86f0e-dc88-4f3f-a39f-d9a202f60e8d	/home/student/Desktop/CEIF/16_multiomics_acquisition_v1/raw/09_CLINICAL/SC002/nationwidechildrens.org_clinical.TCGA-A6-A56B.xml	days_to_last_followup	1595	tcga_bcr/patient/days_to_last_followup
SC002	74a0264d-1d31-430d-9a88-e7334c8aa96c	0ac86f0e-dc88-4f3f-a39f-d9a202f60e8d	/home/student/Desktop/CEIF/16_multiomics_acquisition_v1/raw/09_CLINICAL/SC002/nationwidechildrens.org_clinical.TCGA-A6-A56B.xml	primary_therapy_outcome_success	Complete Remission/Response	tcga_bcr/patient/primary_therapy_outcome_success
SC002	74a0264d-1d31-430d-9a88-e7334c8aa96c	0ac86f0e-dc88-4f3f-a39f-d9a202f60e8d	/home/student/Desktop/CEIF/16_multiomics_acquisition_v1/raw/09_CLINICAL/SC002/nationwidechildrens.org_clinical.TCGA-A6-A56B.xml	new_tumor_event_after_initial_treatment	NO	tcga_bcr/patient/new_tumor_events/new_tumor_event_after_initial_treatment
SC002	74a0264d-1d31-430d-9a88-e7334c8aa96c	0ac86f0e-dc88-4f3f-a39f-d9a202f60e8d	/home/student/Desktop/CEIF/16_multiomics_acquisition_v1/raw/09_CLINICAL/SC002/nationwidechildrens.org_clinical.TCGA-A6-A56B.xml	primary_therapy_outcome_success	Complete Remission/Response	tcga_bcr/patient/follow_ups/follow_up/primary_therapy_outcome_success
SC002	74a0264d-1d31-430d-9a88-e7334c8aa96c	0ac86f0e-dc88-4f3f-a39f-d9a202f60e8d	/home/student/Desktop/CEIF/16_multiomics_acquisition_v1/raw/09_CLINICAL/SC002/nationwidechildrens.org_clinical.TCGA-A6-A56B.xml	vital_status	Dead	tcga_bcr/patient/follow_ups/follow_up/vital_status
SC002	74a0264d-1d31-430d-9a88-e7334c8aa96c	0ac86f0e-dc88-4f3f-a39f-d9a202f60e8d	/home/student/Desktop/CEIF/16_multiomics_acquisition_v1/raw/09_CLINICAL/SC002/nationwidechildrens.org_clinical.TCGA-A6-A56B.xml	days_to_death	1711	tcga_bcr/patient/follow_ups/follow_up/days_to_death
SC002	74a0264d-1d31-430d-9a88-e7334c8aa96c	0ac86f0e-dc88-4f3f-a39f-d9a202f60e8d	/home/student/Desktop/CEIF/16_multiomics_acquisition_v1/raw/09_CLINICAL/SC002/nationwidechildrens.org_clinical.TCGA-A6-A56B.xml	new_tumor_event_after_initial_treatment	YES	tcga_bcr/patient/follow_ups/follow_up/new_tumor_events/new_tumor_event_after_initial_treatment
SC002	81f6b141-2195-4091-9cd3-dfb022663949	bec87195-b633-42c0-b191-34c4c95a72f8	/home/student/Desktop/CEIF/16_multiomics_acquisition_v1/raw/09_CLINICAL/SC002/nationwidechildrens.org_clinical.TCGA-AA-3930.xml	vital_status	Alive	tcga_bcr/patient/vital_status
SC002	81f6b141-2195-4091-9cd3-dfb022663949	bec87195-b633-42c0-b191-34c4c95a72f8	/home/student/Desktop/CEIF/16_multiomics_acquisition_v1/raw/09_CLINICAL/SC002/nationwidechildrens.org_clinical.TCGA-AA-3930.xml	days_to_last_followup	0	tcga_bcr/patient/days_to_last_followup
SC002	81f6b141-2195-4091-9cd3-dfb022663949	bec87195-b633-42c0-b191-34c4c95a72f8	/home/student/Desktop/CEIF/16_multiomics_acquisition_v1/raw/09_CLINICAL/SC002/nationwidechildrens.org_clinical.TCGA-AA-3930.xml	primary_therapy_outcome_success	Progressive Disease	tcga_bcr/patient/follow_ups/follow_up/primary_therapy_outcome_success
SC002	81f6b141-2195-4091-9cd3-dfb022663949	bec87195-b633-42c0-b191-34c4c95a72f8	/home/student/Desktop/CEIF/16_multiomics_acquisition_v1/raw/09_CLINICAL/SC002/nationwidechildrens.org_clinical.TCGA-AA-3930.xml	followup_treatment_success	Progressive Disease	tcga_bcr/patient/follow_ups/follow_up/followup_treatment_success
SC002	81f6b141-2195-4091-9cd3-dfb022663949	bec87195-b633-42c0-b191-34c4c95a72f8	/home/student/Desktop/CEIF/16_multiomics_acquisition_v1/raw/09_CLINICAL/SC002/nationwidechildrens.org_clinical.TCGA-AA-3930.xml	vital_status	Dead	tcga_bcr/patient/follow_ups/follow_up/vital_status
SC002	81f6b141-2195-4091-9cd3-dfb022663949	bec87195-b633-42c0-b191-34c4c95a72f8	/home/student/Desktop/CEIF/16_multiomics_acquisition_v1/raw/09_CLINICAL/SC002/nationwidechildrens.org_clinical.TCGA-AA-3930.xml	days_to_death	61	tcga_bcr/patient/follow_ups/follow_up/days_to_death
SC002	81f6b141-2195-4091-9cd3-dfb022663949	bec87195-b633-42c0-b191-34c4c95a72f8	/home/student/Desktop/CEIF/16_multiomics_acquisition_v1/raw/09_CLINICAL/SC002/nationwidechildrens.org_clinical.TCGA-AA-3930.xml	new_tumor_event_after_initial_treatment	NO	tcga_bcr/patient/follow_ups/follow_up/new_tumor_events/new_tumor_event_after_initial_treatment
SC002	85e95dda-6198-464a-9187-fd0832bebb72	acea4b6a-5a7b-4d29-a2b5-a39571b7eef2	/home/student/Desktop/CEIF/16_multiomics_acquisition_v1/raw/09_CLINICAL/SC002/nationwidechildrens.org_clinical.TCGA-AA-3492.xml	vital_status	Alive	tcga_bcr/patient/vital_status
SC002	85e95dda-6198-464a-9187-fd0832bebb72	acea4b6a-5a7b-4d29-a2b5-a39571b7eef2	/home/student/Desktop/CEIF/16_multiomics_acquisition_v1/raw/09_CLINICAL/SC002/nationwidechildrens.org_clinical.TCGA-AA-3492.xml	days_to_last_followup	0	tcga_bcr/patient/days_to_last_followup
SC002	85e95dda-6198-464a-9187-fd0832bebb72	acea4b6a-5a7b-4d29-a2b5-a39571b7eef2	/home/student/Desktop/CEIF/16_multiomics_acquisition_v1/raw/09_CLINICAL/SC002/nationwidechildrens.org_clinical.TCGA-AA-3492.xml	vital_status	Dead	tcga_bcr/patient/follow_ups/follow_up/vital_status
SC002	85e95dda-6198-464a-9187-fd0832bebb72	acea4b6a-5a7b-4d29-a2b5-a39571b7eef2	/home/student/Desktop/CEIF/16_multiomics_acquisition_v1/raw/09_CLINICAL/SC002/nationwidechildrens.org_clinical.TCGA-AA-3492.xml	days_to_death	1	tcga_bcr/patient/follow_ups/follow_up/days_to_death
SC002	85e95dda-6198-464a-9187-fd0832bebb72	acea4b6a-5a7b-4d29-a2b5-a39571b7eef2	/home/student/Desktop/CEIF/16_multiomics_acquisition_v1/raw/09_CLINICAL/SC002/nationwidechildrens.org_clinical.TCGA-AA-3492.xml	new_tumor_event_after_initial_treatment	NO	tcga_bcr/patient/follow_ups/follow_up/new_tumor_events/new_tumor_event_after_initial_treatment
SC002	89a6384e-1cea-440b-9f17-d57cb0805174	bba837ce-c085-4883-ae41-c32368654cca	/home/student/Desktop/CEIF/16_multiomics_acquisition_v1/raw/09_CLINICAL/SC002/nationwidechildrens.org_clinical.TCGA-A6-2676.xml	vital_status	Alive	tcga_bcr/patient/vital_status
SC002	89a6384e-1cea-440b-9f17-d57cb0805174	bba837ce-c085-4883-ae41-c32368654cca	/home/student/Desktop/CEIF/16_multiomics_acquisition_v1/raw/09_CLINICAL/SC002/nationwidechildrens.org_clinical.TCGA-A6-2676.xml	days_to_last_followup	447	tcga_bcr/patient/days_to_last_followup
SC002	89a6384e-1cea-440b-9f17-d57cb0805174	bba837ce-c085-4883-ae41-c32368654cca	/home/student/Desktop/CEIF/16_multiomics_acquisition_v1/raw/09_CLINICAL/SC002/nationwidechildrens.org_clinical.TCGA-A6-2676.xml	vital_status	Alive	tcga_bcr/patient/follow_ups/follow_up/vital_status
SC002	89a6384e-1cea-440b-9f17-d57cb0805174	bba837ce-c085-4883-ae41-c32368654cca	/home/student/Desktop/CEIF/16_multiomics_acquisition_v1/raw/09_CLINICAL/SC002/nationwidechildrens.org_clinical.TCGA-A6-2676.xml	days_to_last_followup	447	tcga_bcr/patient/follow_ups/follow_up/days_to_last_followup
SC002	89a6384e-1cea-440b-9f17-d57cb0805174	bba837ce-c085-4883-ae41-c32368654cca	/home/student/Desktop/CEIF/16_multiomics_acquisition_v1/raw/09_CLINICAL/SC002/nationwidechildrens.org_clinical.TCGA-A6-2676.xml	new_tumor_event_after_initial_treatment	NO	tcga_bcr/patient/follow_ups/follow_up/new_tumor_events/new_tumor_event_after_initial_treatment
SC002	89a6384e-1cea-440b-9f17-d57cb0805174	bba837ce-c085-4883-ae41-c32368654cca	/home/student/Desktop/CEIF/16_multiomics_acquisition_v1/raw/09_CLINICAL/SC002/nationwidechildrens.org_clinical.TCGA-A6-2676.xml	vital_status	Alive	tcga_bcr/patient/follow_ups/follow_up/vital_status
SC002	89a6384e-1cea-440b-9f17-d57cb0805174	bba837ce-c085-4883-ae41-c32368654cca	/home/student/Desktop/CEIF/16_multiomics_acquisition_v1/raw/09_CLINICAL/SC002/nationwidechildrens.org_clinical.TCGA-A6-2676.xml	days_to_last_followup	711	tcga_bcr/patient/follow_ups/follow_up/days_to_last_followup
SC002	89a6384e-1cea-440b-9f17-d57cb0805174	bba837ce-c085-4883-ae41-c32368654cca	/home/student/Desktop/CEIF/16_multiomics_acquisition_v1/raw/09_CLINICAL/SC002/nationwidechildrens.org_clinical.TCGA-A6-2676.xml	new_tumor_event_after_initial_treatment	NO	tcga_bcr/patient/follow_ups/follow_up/new_tumor_events/new_tumor_event_after_initial_treatment
SC002	89a6384e-1cea-440b-9f17-d57cb0805174	bba837ce-c085-4883-ae41-c32368654cca	/home/student/Desktop/CEIF/16_multiomics_acquisition_v1/raw/09_CLINICAL/SC002/nationwidechildrens.org_clinical.TCGA-A6-2676.xml	primary_therapy_outcome_success	Complete Remission/Response	tcga_bcr/patient/follow_ups/follow_up/primary_therapy_outcome_success
SC002	89a6384e-1cea-440b-9f17-d57cb0805174	bba837ce-c085-4883-ae41-c32368654cca	/home/student/Desktop/CEIF/16_multiomics_acquisition_v1/raw/09_CLINICAL/SC002/nationwidechildrens.org_clinical.TCGA-A6-2676.xml	followup_treatment_success	Complete Remission/Response	tcga_bcr/patient/follow_ups/follow_up/followup_treatment_success
SC002	89a6384e-1cea-440b-9f17-d57cb0805174	bba837ce-c085-4883-ae41-c32368654cca	/home/student/Desktop/CEIF/16_multiomics_acquisition_v1/raw/09_CLINICAL/SC002/nationwidechildrens.org_clinical.TCGA-A6-2676.xml	vital_status	Dead	tcga_bcr/patient/follow_ups/follow_up/vital_status
SC002	89a6384e-1cea-440b-9f17-d57cb0805174	bba837ce-c085-4883-ae41-c32368654cca	/home/student/Desktop/CEIF/16_multiomics_acquisition_v1/raw/09_CLINICAL/SC002/nationwidechildrens.org_clinical.TCGA-A6-2676.xml	days_to_death	1305	tcga_bcr/patient/follow_ups/follow_up/days_to_death
SC002	89a6384e-1cea-440b-9f17-d57cb0805174	bba837ce-c085-4883-ae41-c32368654cca	/home/student/Desktop/CEIF/16_multiomics_acquisition_v1/raw/09_CLINICAL/SC002/nationwidechildrens.org_clinical.TCGA-A6-2676.xml	new_tumor_event_after_initial_treatment	NO	tcga_bcr/patient/follow_ups/follow_up/new_tumor_events/new_tumor_event_after_initial_treatment
SC002	955464c8-9c62-430c-87b8-107db5c980a8	f7c7c372-9637-4142-9e06-cfad4b69d035	/home/student/Desktop/CEIF/16_multiomics_acquisition_v1/raw/09_CLINICAL/SC002/nationwidechildrens.org_clinical.TCGA-AD-6889.xml	vital_status	Alive	tcga_bcr/patient/vital_status
SC002	955464c8-9c62-430c-87b8-107db5c980a8	f7c7c372-9637-4142-9e06-cfad4b69d035	/home/student/Desktop/CEIF/16_multiomics_acquisition_v1/raw/09_CLINICAL/SC002/nationwidechildrens.org_clinical.TCGA-AD-6889.xml	days_to_last_followup	1720	tcga_bcr/patient/days_to_last_followup
SC002	955464c8-9c62-430c-87b8-107db5c980a8	f7c7c372-9637-4142-9e06-cfad4b69d035	/home/student/Desktop/CEIF/16_multiomics_acquisition_v1/raw/09_CLINICAL/SC002/nationwidechildrens.org_clinical.TCGA-AD-6889.xml	primary_therapy_outcome_success	Complete Remission/Response	tcga_bcr/patient/follow_ups/follow_up/primary_therapy_outcome_success
SC002	955464c8-9c62-430c-87b8-107db5c980a8	f7c7c372-9637-4142-9e06-cfad4b69d035	/home/student/Desktop/CEIF/16_multiomics_acquisition_v1/raw/09_CLINICAL/SC002/nationwidechildrens.org_clinical.TCGA-AD-6889.xml	followup_treatment_success	Complete Remission/Response	tcga_bcr/patient/follow_ups/follow_up/followup_treatment_success
SC002	955464c8-9c62-430c-87b8-107db5c980a8	f7c7c372-9637-4142-9e06-cfad4b69d035	/home/student/Desktop/CEIF/16_multiomics_acquisition_v1/raw/09_CLINICAL/SC002/nationwidechildrens.org_clinical.TCGA-AD-6889.xml	vital_status	Alive	tcga_bcr/patient/follow_ups/follow_up/vital_status
SC002	955464c8-9c62-430c-87b8-107db5c980a8	f7c7c372-9637-4142-9e06-cfad4b69d035	/home/student/Desktop/CEIF/16_multiomics_acquisition_v1/raw/09_CLINICAL/SC002/nationwidechildrens.org_clinical.TCGA-AD-6889.xml	days_to_last_followup	2056	tcga_bcr/patient/follow_ups/follow_up/days_to_last_followup
SC002	955464c8-9c62-430c-87b8-107db5c980a8	f7c7c372-9637-4142-9e06-cfad4b69d035	/home/student/Desktop/CEIF/16_multiomics_acquisition_v1/raw/09_CLINICAL/SC002/nationwidechildrens.org_clinical.TCGA-AD-6889.xml	new_tumor_event_after_initial_treatment	YES	tcga_bcr/patient/follow_ups/follow_up/new_tumor_events/new_tumor_event_after_initial_treatment
SC002	955464c8-9c62-430c-87b8-107db5c980a8	f7c7c372-9637-4142-9e06-cfad4b69d035	/home/student/Desktop/CEIF/16_multiomics_acquisition_v1/raw/09_CLINICAL/SC002/nationwidechildrens.org_clinical.TCGA-AD-6889.xml	followup_treatment_success	Complete Remission/Response	tcga_bcr/patient/follow_ups/follow_up/followup_treatment_success
SC002	955464c8-9c62-430c-87b8-107db5c980a8	f7c7c372-9637-4142-9e06-cfad4b69d035	/home/student/Desktop/CEIF/16_multiomics_acquisition_v1/raw/09_CLINICAL/SC002/nationwidechildrens.org_clinical.TCGA-AD-6889.xml	vital_status	Dead	tcga_bcr/patient/follow_ups/follow_up/vital_status
SC002	955464c8-9c62-430c-87b8-107db5c980a8	f7c7c372-9637-4142-9e06-cfad4b69d035	/home/student/Desktop/CEIF/16_multiomics_acquisition_v1/raw/09_CLINICAL/SC002/nationwidechildrens.org_clinical.TCGA-AD-6889.xml	days_to_death	2532	tcga_bcr/patient/follow_ups/follow_up/days_to_death
SC002	955464c8-9c62-430c-87b8-107db5c980a8	f7c7c372-9637-4142-9e06-cfad4b69d035	/home/student/Desktop/CEIF/16_multiomics_acquisition_v1/raw/09_CLINICAL/SC002/nationwidechildrens.org_clinical.TCGA-AD-6889.xml	new_tumor_event_after_initial_treatment	NO	tcga_bcr/patient/follow_ups/follow_up/new_tumor_events/new_tumor_event_after_initial_treatment
SC002	9c45eaec-d854-4f51-80a3-2d80d6b4aebc	93a399ab-00cb-48d5-b469-f3ae1d8f14c6	/home/student/Desktop/CEIF/16_multiomics_acquisition_v1/raw/09_CLINICAL/SC002/nationwidechildrens.org_clinical.TCGA-QG-A5Z1.xml	vital_status	Alive	tcga_bcr/patient/vital_status
SC002	9c45eaec-d854-4f51-80a3-2d80d6b4aebc	93a399ab-00cb-48d5-b469-f3ae1d8f14c6	/home/student/Desktop/CEIF/16_multiomics_acquisition_v1/raw/09_CLINICAL/SC002/nationwidechildrens.org_clinical.TCGA-QG-A5Z1.xml	days_to_last_followup	202	tcga_bcr/patient/days_to_last_followup
SC002	9c45eaec-d854-4f51-80a3-2d80d6b4aebc	93a399ab-00cb-48d5-b469-f3ae1d8f14c6	/home/student/Desktop/CEIF/16_multiomics_acquisition_v1/raw/09_CLINICAL/SC002/nationwidechildrens.org_clinical.TCGA-QG-A5Z1.xml	new_tumor_event_after_initial_treatment	NO	tcga_bcr/patient/new_tumor_events/new_tumor_event_after_initial_treatment
SC002	9c45eaec-d854-4f51-80a3-2d80d6b4aebc	93a399ab-00cb-48d5-b469-f3ae1d8f14c6	/home/student/Desktop/CEIF/16_multiomics_acquisition_v1/raw/09_CLINICAL/SC002/nationwidechildrens.org_clinical.TCGA-QG-A5Z1.xml	vital_status	Dead	tcga_bcr/patient/follow_ups/follow_up/vital_status
SC002	9c45eaec-d854-4f51-80a3-2d80d6b4aebc	93a399ab-00cb-48d5-b469-f3ae1d8f14c6	/home/student/Desktop/CEIF/16_multiomics_acquisition_v1/raw/09_CLINICAL/SC002/nationwidechildrens.org_clinical.TCGA-QG-A5Z1.xml	days_to_death	256	tcga_bcr/patient/follow_ups/follow_up/days_to_death
SC002	9c45eaec-d854-4f51-80a3-2d80d6b4aebc	93a399ab-00cb-48d5-b469-f3ae1d8f14c6	/home/student/Desktop/CEIF/16_multiomics_acquisition_v1/raw/09_CLINICAL/SC002/nationwidechildrens.org_clinical.TCGA-QG-A5Z1.xml	new_tumor_event_after_initial_treatment	NO	tcga_bcr/patient/follow_ups/follow_up/new_tumor_events/new_tumor_event_after_initial_treatment
SC002	9fd08502-355b-4f5a-a25c-73ec7184f6d3	20560e23-95b5-473f-a227-ccd9f37c3c45	/home/student/Desktop/CEIF/16_multiomics_acquisition_v1/raw/09_CLINICAL/SC002/nationwidechildrens.org_clinical.TCGA-F4-6459.xml	vital_status	Alive	tcga_bcr/patient/vital_status
SC002	9fd08502-355b-4f5a-a25c-73ec7184f6d3	20560e23-95b5-473f-a227-ccd9f37c3c45	/home/student/Desktop/CEIF/16_multiomics_acquisition_v1/raw/09_CLINICAL/SC002/nationwidechildrens.org_clinical.TCGA-F4-6459.xml	days_to_last_followup	0	tcga_bcr/patient/days_to_last_followup
SC002	9fd08502-355b-4f5a-a25c-73ec7184f6d3	20560e23-95b5-473f-a227-ccd9f37c3c45	/home/student/Desktop/CEIF/16_multiomics_acquisition_v1/raw/09_CLINICAL/SC002/nationwidechildrens.org_clinical.TCGA-F4-6459.xml	vital_status	Dead	tcga_bcr/patient/follow_ups/follow_up/vital_status
SC002	9fd08502-355b-4f5a-a25c-73ec7184f6d3	20560e23-95b5-473f-a227-ccd9f37c3c45	/home/student/Desktop/CEIF/16_multiomics_acquisition_v1/raw/09_CLINICAL/SC002/nationwidechildrens.org_clinical.TCGA-F4-6459.xml	days_to_death	262	tcga_bcr/patient/follow_ups/follow_up/days_to_death
SC002	9fd08502-355b-4f5a-a25c-73ec7184f6d3	20560e23-95b5-473f-a227-ccd9f37c3c45	/home/student/Desktop/CEIF/16_multiomics_acquisition_v1/raw/09_CLINICAL/SC002/nationwidechildrens.org_clinical.TCGA-F4-6459.xml	new_tumor_event_after_initial_treatment	NO	tcga_bcr/patient/follow_ups/follow_up/new_tumor_events/new_tumor_event_after_initial_treatment
SC002	aa909ffb-03e1-4e3f-8888-2212b23d90b7	badec07e-d488-4b8a-9f90-3f61d5fb5b7b	/home/student/Desktop/CEIF/16_multiomics_acquisition_v1/raw/09_CLINICAL/SC002/nationwidechildrens.org_clinical.TCGA-AA-3696.xml	vital_status	Alive	tcga_bcr/patient/vital_status
SC002	aa909ffb-03e1-4e3f-8888-2212b23d90b7	badec07e-d488-4b8a-9f90-3f61d5fb5b7b	/home/student/Desktop/CEIF/16_multiomics_acquisition_v1/raw/09_CLINICAL/SC002/nationwidechildrens.org_clinical.TCGA-AA-3696.xml	days_to_last_followup	0	tcga_bcr/patient/days_to_last_followup
SC002	aa909ffb-03e1-4e3f-8888-2212b23d90b7	badec07e-d488-4b8a-9f90-3f61d5fb5b7b	/home/student/Desktop/CEIF/16_multiomics_acquisition_v1/raw/09_CLINICAL/SC002/nationwidechildrens.org_clinical.TCGA-AA-3696.xml	vital_status	Dead	tcga_bcr/patient/follow_ups/follow_up/vital_status
SC002	aa909ffb-03e1-4e3f-8888-2212b23d90b7	badec07e-d488-4b8a-9f90-3f61d5fb5b7b	/home/student/Desktop/CEIF/16_multiomics_acquisition_v1/raw/09_CLINICAL/SC002/nationwidechildrens.org_clinical.TCGA-AA-3696.xml	days_to_death	153	tcga_bcr/patient/follow_ups/follow_up/days_to_death
SC002	ae6b315f-3f78-4695-adfa-48b0bbab2c89	0a436729-33c6-4a14-85f3-9d8ff95d99c2	/home/student/Desktop/CEIF/16_multiomics_acquisition_v1/raw/09_CLINICAL/SC002/nationwidechildrens.org_clinical.TCGA-D5-5537.xml	vital_status	Alive	tcga_bcr/patient/vital_status
SC002	ae6b315f-3f78-4695-adfa-48b0bbab2c89	0a436729-33c6-4a14-85f3-9d8ff95d99c2	/home/student/Desktop/CEIF/16_multiomics_acquisition_v1/raw/09_CLINICAL/SC002/nationwidechildrens.org_clinical.TCGA-D5-5537.xml	days_to_last_followup	456	tcga_bcr/patient/days_to_last_followup
SC002	ae6b315f-3f78-4695-adfa-48b0bbab2c89	0a436729-33c6-4a14-85f3-9d8ff95d99c2	/home/student/Desktop/CEIF/16_multiomics_acquisition_v1/raw/09_CLINICAL/SC002/nationwidechildrens.org_clinical.TCGA-D5-5537.xml	primary_therapy_outcome_success	Complete Remission/Response	tcga_bcr/patient/follow_ups/follow_up/primary_therapy_outcome_success
SC002	ae6b315f-3f78-4695-adfa-48b0bbab2c89	0a436729-33c6-4a14-85f3-9d8ff95d99c2	/home/student/Desktop/CEIF/16_multiomics_acquisition_v1/raw/09_CLINICAL/SC002/nationwidechildrens.org_clinical.TCGA-D5-5537.xml	followup_treatment_success	Progressive Disease	tcga_bcr/patient/follow_ups/follow_up/followup_treatment_success
SC002	ae6b315f-3f78-4695-adfa-48b0bbab2c89	0a436729-33c6-4a14-85f3-9d8ff95d99c2	/home/student/Desktop/CEIF/16_multiomics_acquisition_v1/raw/09_CLINICAL/SC002/nationwidechildrens.org_clinical.TCGA-D5-5537.xml	vital_status	Dead	tcga_bcr/patient/follow_ups/follow_up/vital_status
SC002	ae6b315f-3f78-4695-adfa-48b0bbab2c89	0a436729-33c6-4a14-85f3-9d8ff95d99c2	/home/student/Desktop/CEIF/16_multiomics_acquisition_v1/raw/09_CLINICAL/SC002/nationwidechildrens.org_clinical.TCGA-D5-5537.xml	days_to_death	1381	tcga_bcr/patient/follow_ups/follow_up/days_to_death
SC002	ae6b315f-3f78-4695-adfa-48b0bbab2c89	0a436729-33c6-4a14-85f3-9d8ff95d99c2	/home/student/Desktop/CEIF/16_multiomics_acquisition_v1/raw/09_CLINICAL/SC002/nationwidechildrens.org_clinical.TCGA-D5-5537.xml	new_tumor_event_after_initial_treatment	YES	tcga_bcr/patient/follow_ups/follow_up/new_tumor_events/new_tumor_event_after_initial_treatment
SC002	b76d1de7-6447-474d-bf67-77e0bb2da73a	da8d09a5-eca5-47d7-88ee-efda15f91d91	/home/student/Desktop/CEIF/16_multiomics_acquisition_v1/raw/09_CLINICAL/SC002/nationwidechildrens.org_clinical.TCGA-AD-6901.xml	vital_status	Alive	tcga_bcr/patient/vital_status
SC002	b76d1de7-6447-474d-bf67-77e0bb2da73a	da8d09a5-eca5-47d7-88ee-efda15f91d91	/home/student/Desktop/CEIF/16_multiomics_acquisition_v1/raw/09_CLINICAL/SC002/nationwidechildrens.org_clinical.TCGA-AD-6901.xml	days_to_last_followup	31	tcga_bcr/patient/days_to_last_followup
SC002	b76d1de7-6447-474d-bf67-77e0bb2da73a	da8d09a5-eca5-47d7-88ee-efda15f91d91	/home/student/Desktop/CEIF/16_multiomics_acquisition_v1/raw/09_CLINICAL/SC002/nationwidechildrens.org_clinical.TCGA-AD-6901.xml	primary_therapy_outcome_success	Complete Remission/Response	tcga_bcr/patient/follow_ups/follow_up/primary_therapy_outcome_success
SC002	b76d1de7-6447-474d-bf67-77e0bb2da73a	da8d09a5-eca5-47d7-88ee-efda15f91d91	/home/student/Desktop/CEIF/16_multiomics_acquisition_v1/raw/09_CLINICAL/SC002/nationwidechildrens.org_clinical.TCGA-AD-6901.xml	followup_treatment_success	Progressive Disease	tcga_bcr/patient/follow_ups/follow_up/followup_treatment_success
SC002	b76d1de7-6447-474d-bf67-77e0bb2da73a	da8d09a5-eca5-47d7-88ee-efda15f91d91	/home/student/Desktop/CEIF/16_multiomics_acquisition_v1/raw/09_CLINICAL/SC002/nationwidechildrens.org_clinical.TCGA-AD-6901.xml	vital_status	Dead	tcga_bcr/patient/follow_ups/follow_up/vital_status
SC002	b76d1de7-6447-474d-bf67-77e0bb2da73a	da8d09a5-eca5-47d7-88ee-efda15f91d91	/home/student/Desktop/CEIF/16_multiomics_acquisition_v1/raw/09_CLINICAL/SC002/nationwidechildrens.org_clinical.TCGA-AD-6901.xml	days_to_death	682	tcga_bcr/patient/follow_ups/follow_up/days_to_death
SC002	b76d1de7-6447-474d-bf67-77e0bb2da73a	da8d09a5-eca5-47d7-88ee-efda15f91d91	/home/student/Desktop/CEIF/16_multiomics_acquisition_v1/raw/09_CLINICAL/SC002/nationwidechildrens.org_clinical.TCGA-AD-6901.xml	new_tumor_event_after_initial_treatment	YES	tcga_bcr/patient/follow_ups/follow_up/new_tumor_events/new_tumor_event_after_initial_treatment
SC002	b76d1de7-6447-474d-bf67-77e0bb2da73a	da8d09a5-eca5-47d7-88ee-efda15f91d91	/home/student/Desktop/CEIF/16_multiomics_acquisition_v1/raw/09_CLINICAL/SC002/nationwidechildrens.org_clinical.TCGA-AD-6901.xml	new_neoplasm_event_type	Metastatic	tcga_bcr/patient/follow_ups/follow_up/new_tumor_events/new_tumor_event/new_neoplasm_event_type
SC002	b95720b1-aa00-4c6a-b202-3350d035829f	a40178a4-fbe5-4623-a0a8-68de20fcb31e	/home/student/Desktop/CEIF/16_multiomics_acquisition_v1/raw/09_CLINICAL/SC002/nationwidechildrens.org_clinical.TCGA-AA-3489.xml	vital_status	Alive	tcga_bcr/patient/vital_status
SC002	b95720b1-aa00-4c6a-b202-3350d035829f	a40178a4-fbe5-4623-a0a8-68de20fcb31e	/home/student/Desktop/CEIF/16_multiomics_acquisition_v1/raw/09_CLINICAL/SC002/nationwidechildrens.org_clinical.TCGA-AA-3489.xml	days_to_last_followup	31	tcga_bcr/patient/days_to_last_followup
SC002	b95720b1-aa00-4c6a-b202-3350d035829f	a40178a4-fbe5-4623-a0a8-68de20fcb31e	/home/student/Desktop/CEIF/16_multiomics_acquisition_v1/raw/09_CLINICAL/SC002/nationwidechildrens.org_clinical.TCGA-AA-3489.xml	vital_status	Dead	tcga_bcr/patient/follow_ups/follow_up/vital_status
SC002	b95720b1-aa00-4c6a-b202-3350d035829f	a40178a4-fbe5-4623-a0a8-68de20fcb31e	/home/student/Desktop/CEIF/16_multiomics_acquisition_v1/raw/09_CLINICAL/SC002/nationwidechildrens.org_clinical.TCGA-AA-3489.xml	days_to_death	214	tcga_bcr/patient/follow_ups/follow_up/days_to_death
SC002	bce3ce45-4fb3-4d8e-9ec7-d24427c2ba4d	285d5557-7b55-405a-b658-9504455001f6	/home/student/Desktop/CEIF/16_multiomics_acquisition_v1/raw/09_CLINICAL/SC002/nationwidechildrens.org_clinical.TCGA-AA-3692.xml	vital_status	Alive	tcga_bcr/patient/vital_status
SC002	bce3ce45-4fb3-4d8e-9ec7-d24427c2ba4d	285d5557-7b55-405a-b658-9504455001f6	/home/student/Desktop/CEIF/16_multiomics_acquisition_v1/raw/09_CLINICAL/SC002/nationwidechildrens.org_clinical.TCGA-AA-3692.xml	days_to_last_followup	0	tcga_bcr/patient/days_to_last_followup
SC002	bce3ce45-4fb3-4d8e-9ec7-d24427c2ba4d	285d5557-7b55-405a-b658-9504455001f6	/home/student/Desktop/CEIF/16_multiomics_acquisition_v1/raw/09_CLINICAL/SC002/nationwidechildrens.org_clinical.TCGA-AA-3692.xml	primary_therapy_outcome_success	Progressive Disease	tcga_bcr/patient/follow_ups/follow_up/primary_therapy_outcome_success
SC002	bce3ce45-4fb3-4d8e-9ec7-d24427c2ba4d	285d5557-7b55-405a-b658-9504455001f6	/home/student/Desktop/CEIF/16_multiomics_acquisition_v1/raw/09_CLINICAL/SC002/nationwidechildrens.org_clinical.TCGA-AA-3692.xml	followup_treatment_success	Progressive Disease	tcga_bcr/patient/follow_ups/follow_up/followup_treatment_success
SC002	bce3ce45-4fb3-4d8e-9ec7-d24427c2ba4d	285d5557-7b55-405a-b658-9504455001f6	/home/student/Desktop/CEIF/16_multiomics_acquisition_v1/raw/09_CLINICAL/SC002/nationwidechildrens.org_clinical.TCGA-AA-3692.xml	vital_status	Dead	tcga_bcr/patient/follow_ups/follow_up/vital_status
SC002	bce3ce45-4fb3-4d8e-9ec7-d24427c2ba4d	285d5557-7b55-405a-b658-9504455001f6	/home/student/Desktop/CEIF/16_multiomics_acquisition_v1/raw/09_CLINICAL/SC002/nationwidechildrens.org_clinical.TCGA-AA-3692.xml	days_to_death	1095	tcga_bcr/patient/follow_ups/follow_up/days_to_death
SC002	bce3ce45-4fb3-4d8e-9ec7-d24427c2ba4d	285d5557-7b55-405a-b658-9504455001f6	/home/student/Desktop/CEIF/16_multiomics_acquisition_v1/raw/09_CLINICAL/SC002/nationwidechildrens.org_clinical.TCGA-AA-3692.xml	new_tumor_event_after_initial_treatment	YES	tcga_bcr/patient/follow_ups/follow_up/new_tumor_events/new_tumor_event_after_initial_treatment
SC002	c085da47-d634-491a-80ea-514e5a231f70	1a868322-c754-4a0c-859a-c93b4af07458	/home/student/Desktop/CEIF/16_multiomics_acquisition_v1/raw/09_CLINICAL/SC002/nationwidechildrens.org_clinical.TCGA-CK-5912.xml	vital_status	Alive	tcga_bcr/patient/vital_status
SC002	c085da47-d634-491a-80ea-514e5a231f70	1a868322-c754-4a0c-859a-c93b4af07458	/home/student/Desktop/CEIF/16_multiomics_acquisition_v1/raw/09_CLINICAL/SC002/nationwidechildrens.org_clinical.TCGA-CK-5912.xml	days_to_last_followup	1466	tcga_bcr/patient/days_to_last_followup
SC002	c085da47-d634-491a-80ea-514e5a231f70	1a868322-c754-4a0c-859a-c93b4af07458	/home/student/Desktop/CEIF/16_multiomics_acquisition_v1/raw/09_CLINICAL/SC002/nationwidechildrens.org_clinical.TCGA-CK-5912.xml	primary_therapy_outcome_success	Complete Remission/Response	tcga_bcr/patient/follow_ups/follow_up/primary_therapy_outcome_success
SC002	c085da47-d634-491a-80ea-514e5a231f70	1a868322-c754-4a0c-859a-c93b4af07458	/home/student/Desktop/CEIF/16_multiomics_acquisition_v1/raw/09_CLINICAL/SC002/nationwidechildrens.org_clinical.TCGA-CK-5912.xml	vital_status	Dead	tcga_bcr/patient/follow_ups/follow_up/vital_status
SC002	c085da47-d634-491a-80ea-514e5a231f70	1a868322-c754-4a0c-859a-c93b4af07458	/home/student/Desktop/CEIF/16_multiomics_acquisition_v1/raw/09_CLINICAL/SC002/nationwidechildrens.org_clinical.TCGA-CK-5912.xml	days_to_death	1493	tcga_bcr/patient/follow_ups/follow_up/days_to_death
SC002	c085da47-d634-491a-80ea-514e5a231f70	1a868322-c754-4a0c-859a-c93b4af07458	/home/student/Desktop/CEIF/16_multiomics_acquisition_v1/raw/09_CLINICAL/SC002/nationwidechildrens.org_clinical.TCGA-CK-5912.xml	new_tumor_event_after_initial_treatment	NO	tcga_bcr/patient/follow_ups/follow_up/new_tumor_events/new_tumor_event_after_initial_treatment
SC002	d4e1472a-7b5f-46f4-acb7-b961f634e28e	ac0d8f7d-116b-40f5-830e-5c00d3128a78	/home/student/Desktop/CEIF/16_multiomics_acquisition_v1/raw/09_CLINICAL/SC002/nationwidechildrens.org_clinical.TCGA-AA-A024.xml	vital_status	Alive	tcga_bcr/patient/vital_status
SC002	d4e1472a-7b5f-46f4-acb7-b961f634e28e	ac0d8f7d-116b-40f5-830e-5c00d3128a78	/home/student/Desktop/CEIF/16_multiomics_acquisition_v1/raw/09_CLINICAL/SC002/nationwidechildrens.org_clinical.TCGA-AA-A024.xml	days_to_last_followup	61	tcga_bcr/patient/days_to_last_followup
SC002	d4e1472a-7b5f-46f4-acb7-b961f634e28e	ac0d8f7d-116b-40f5-830e-5c00d3128a78	/home/student/Desktop/CEIF/16_multiomics_acquisition_v1/raw/09_CLINICAL/SC002/nationwidechildrens.org_clinical.TCGA-AA-A024.xml	primary_therapy_outcome_success	Complete Remission/Response	tcga_bcr/patient/follow_ups/follow_up/primary_therapy_outcome_success
SC002	d4e1472a-7b5f-46f4-acb7-b961f634e28e	ac0d8f7d-116b-40f5-830e-5c00d3128a78	/home/student/Desktop/CEIF/16_multiomics_acquisition_v1/raw/09_CLINICAL/SC002/nationwidechildrens.org_clinical.TCGA-AA-A024.xml	followup_treatment_success	Complete Remission/Response	tcga_bcr/patient/follow_ups/follow_up/followup_treatment_success
SC002	d4e1472a-7b5f-46f4-acb7-b961f634e28e	ac0d8f7d-116b-40f5-830e-5c00d3128a78	/home/student/Desktop/CEIF/16_multiomics_acquisition_v1/raw/09_CLINICAL/SC002/nationwidechildrens.org_clinical.TCGA-AA-A024.xml	vital_status	Dead	tcga_bcr/patient/follow_ups/follow_up/vital_status
SC002	d4e1472a-7b5f-46f4-acb7-b961f634e28e	ac0d8f7d-116b-40f5-830e-5c00d3128a78	/home/student/Desktop/CEIF/16_multiomics_acquisition_v1/raw/09_CLINICAL/SC002/nationwidechildrens.org_clinical.TCGA-AA-A024.xml	days_to_death	1188	tcga_bcr/patient/follow_ups/follow_up/days_to_death
SC002	d4e1472a-7b5f-46f4-acb7-b961f634e28e	ac0d8f7d-116b-40f5-830e-5c00d3128a78	/home/student/Desktop/CEIF/16_multiomics_acquisition_v1/raw/09_CLINICAL/SC002/nationwidechildrens.org_clinical.TCGA-AA-A024.xml	new_tumor_event_after_initial_treatment	NO	tcga_bcr/patient/follow_ups/follow_up/new_tumor_events/new_tumor_event_after_initial_treatment
SC002	d5619045-060a-4b60-86e4-6a5774994fd4	49518421-c35a-4017-ba3b-825ca79f7230	/home/student/Desktop/CEIF/16_multiomics_acquisition_v1/raw/09_CLINICAL/SC002/nationwidechildrens.org_clinical.TCGA-AA-3989.xml	vital_status	Alive	tcga_bcr/patient/vital_status
SC002	d5619045-060a-4b60-86e4-6a5774994fd4	49518421-c35a-4017-ba3b-825ca79f7230	/home/student/Desktop/CEIF/16_multiomics_acquisition_v1/raw/09_CLINICAL/SC002/nationwidechildrens.org_clinical.TCGA-AA-3989.xml	days_to_last_followup	0	tcga_bcr/patient/days_to_last_followup
SC002	d5619045-060a-4b60-86e4-6a5774994fd4	49518421-c35a-4017-ba3b-825ca79f7230	/home/student/Desktop/CEIF/16_multiomics_acquisition_v1/raw/09_CLINICAL/SC002/nationwidechildrens.org_clinical.TCGA-AA-3989.xml	vital_status	Dead	tcga_bcr/patient/follow_ups/follow_up/vital_status
SC002	d5619045-060a-4b60-86e4-6a5774994fd4	49518421-c35a-4017-ba3b-825ca79f7230	/home/student/Desktop/CEIF/16_multiomics_acquisition_v1/raw/09_CLINICAL/SC002/nationwidechildrens.org_clinical.TCGA-AA-3989.xml	days_to_death	242	tcga_bcr/patient/follow_ups/follow_up/days_to_death
SC002	d976782c-90c1-421d-b83c-7fc2617e2709	473ca1e7-da7f-4ac7-bb72-f723caaab01a	/home/student/Desktop/CEIF/16_multiomics_acquisition_v1/raw/09_CLINICAL/SC002/nationwidechildrens.org_clinical.TCGA-A6-2677.xml	vital_status	Alive	tcga_bcr/patient/vital_status
SC002	d976782c-90c1-421d-b83c-7fc2617e2709	473ca1e7-da7f-4ac7-bb72-f723caaab01a	/home/student/Desktop/CEIF/16_multiomics_acquisition_v1/raw/09_CLINICAL/SC002/nationwidechildrens.org_clinical.TCGA-A6-2677.xml	days_to_last_followup	541	tcga_bcr/patient/days_to_last_followup
SC002	d976782c-90c1-421d-b83c-7fc2617e2709	473ca1e7-da7f-4ac7-bb72-f723caaab01a	/home/student/Desktop/CEIF/16_multiomics_acquisition_v1/raw/09_CLINICAL/SC002/nationwidechildrens.org_clinical.TCGA-A6-2677.xml	vital_status	Alive	tcga_bcr/patient/follow_ups/follow_up/vital_status
SC002	d976782c-90c1-421d-b83c-7fc2617e2709	473ca1e7-da7f-4ac7-bb72-f723caaab01a	/home/student/Desktop/CEIF/16_multiomics_acquisition_v1/raw/09_CLINICAL/SC002/nationwidechildrens.org_clinical.TCGA-A6-2677.xml	days_to_last_followup	541	tcga_bcr/patient/follow_ups/follow_up/days_to_last_followup
SC002	d976782c-90c1-421d-b83c-7fc2617e2709	473ca1e7-da7f-4ac7-bb72-f723caaab01a	/home/student/Desktop/CEIF/16_multiomics_acquisition_v1/raw/09_CLINICAL/SC002/nationwidechildrens.org_clinical.TCGA-A6-2677.xml	new_tumor_event_after_initial_treatment	NO	tcga_bcr/patient/follow_ups/follow_up/new_tumor_events/new_tumor_event_after_initial_treatment
SC002	d976782c-90c1-421d-b83c-7fc2617e2709	473ca1e7-da7f-4ac7-bb72-f723caaab01a	/home/student/Desktop/CEIF/16_multiomics_acquisition_v1/raw/09_CLINICAL/SC002/nationwidechildrens.org_clinical.TCGA-A6-2677.xml	vital_status	Dead	tcga_bcr/patient/follow_ups/follow_up/vital_status
SC002	d976782c-90c1-421d-b83c-7fc2617e2709	473ca1e7-da7f-4ac7-bb72-f723caaab01a	/home/student/Desktop/CEIF/16_multiomics_acquisition_v1/raw/09_CLINICAL/SC002/nationwidechildrens.org_clinical.TCGA-A6-2677.xml	days_to_death	740	tcga_bcr/patient/follow_ups/follow_up/days_to_death
SC002	d976782c-90c1-421d-b83c-7fc2617e2709	473ca1e7-da7f-4ac7-bb72-f723caaab01a	/home/student/Desktop/CEIF/16_multiomics_acquisition_v1/raw/09_CLINICAL/SC002/nationwidechildrens.org_clinical.TCGA-A6-2677.xml	new_tumor_event_after_initial_treatment	NO	tcga_bcr/patient/follow_ups/follow_up/new_tumor_events/new_tumor_event_after_initial_treatment
SC002	df5ab6cc-6f68-4b6b-95e2-954c6b57ba9c	95cffa41-fe32-47b9-af8d-b3bed001048e	/home/student/Desktop/CEIF/16_multiomics_acquisition_v1/raw/09_CLINICAL/SC002/nationwidechildrens.org_clinical.TCGA-CA-6718.xml	vital_status	Alive	tcga_bcr/patient/vital_status
SC002	df5ab6cc-6f68-4b6b-95e2-954c6b57ba9c	95cffa41-fe32-47b9-af8d-b3bed001048e	/home/student/Desktop/CEIF/16_multiomics_acquisition_v1/raw/09_CLINICAL/SC002/nationwidechildrens.org_clinical.TCGA-CA-6718.xml	days_to_last_followup	3	tcga_bcr/patient/days_to_last_followup
SC002	df5ab6cc-6f68-4b6b-95e2-954c6b57ba9c	95cffa41-fe32-47b9-af8d-b3bed001048e	/home/student/Desktop/CEIF/16_multiomics_acquisition_v1/raw/09_CLINICAL/SC002/nationwidechildrens.org_clinical.TCGA-CA-6718.xml	primary_therapy_outcome_success	Complete Remission/Response	tcga_bcr/patient/follow_ups/follow_up/primary_therapy_outcome_success
SC002	df5ab6cc-6f68-4b6b-95e2-954c6b57ba9c	95cffa41-fe32-47b9-af8d-b3bed001048e	/home/student/Desktop/CEIF/16_multiomics_acquisition_v1/raw/09_CLINICAL/SC002/nationwidechildrens.org_clinical.TCGA-CA-6718.xml	followup_treatment_success	Progressive Disease	tcga_bcr/patient/follow_ups/follow_up/followup_treatment_success
SC002	df5ab6cc-6f68-4b6b-95e2-954c6b57ba9c	95cffa41-fe32-47b9-af8d-b3bed001048e	/home/student/Desktop/CEIF/16_multiomics_acquisition_v1/raw/09_CLINICAL/SC002/nationwidechildrens.org_clinical.TCGA-CA-6718.xml	vital_status	Dead	tcga_bcr/patient/follow_ups/follow_up/vital_status
SC002	df5ab6cc-6f68-4b6b-95e2-954c6b57ba9c	95cffa41-fe32-47b9-af8d-b3bed001048e	/home/student/Desktop/CEIF/16_multiomics_acquisition_v1/raw/09_CLINICAL/SC002/nationwidechildrens.org_clinical.TCGA-CA-6718.xml	days_to_death	306	tcga_bcr/patient/follow_ups/follow_up/days_to_death
SC002	df5ab6cc-6f68-4b6b-95e2-954c6b57ba9c	95cffa41-fe32-47b9-af8d-b3bed001048e	/home/student/Desktop/CEIF/16_multiomics_acquisition_v1/raw/09_CLINICAL/SC002/nationwidechildrens.org_clinical.TCGA-CA-6718.xml	new_tumor_event_after_initial_treatment	YES	tcga_bcr/patient/follow_ups/follow_up/new_tumor_events/new_tumor_event_after_initial_treatment
SC002	e2edbf3f-25d8-49aa-b656-2a59c3b99aeb	0cb58018-f8ba-4469-8fa8-94b807403b89	/home/student/Desktop/CEIF/16_multiomics_acquisition_v1/raw/09_CLINICAL/SC002/nationwidechildrens.org_clinical.TCGA-AA-A01D.xml	vital_status	Alive	tcga_bcr/patient/vital_status
SC002	e2edbf3f-25d8-49aa-b656-2a59c3b99aeb	0cb58018-f8ba-4469-8fa8-94b807403b89	/home/student/Desktop/CEIF/16_multiomics_acquisition_v1/raw/09_CLINICAL/SC002/nationwidechildrens.org_clinical.TCGA-AA-A01D.xml	days_to_last_followup	30	tcga_bcr/patient/days_to_last_followup
SC002	e2edbf3f-25d8-49aa-b656-2a59c3b99aeb	0cb58018-f8ba-4469-8fa8-94b807403b89	/home/student/Desktop/CEIF/16_multiomics_acquisition_v1/raw/09_CLINICAL/SC002/nationwidechildrens.org_clinical.TCGA-AA-A01D.xml	primary_therapy_outcome_success	Progressive Disease	tcga_bcr/patient/follow_ups/follow_up/primary_therapy_outcome_success
SC002	e2edbf3f-25d8-49aa-b656-2a59c3b99aeb	0cb58018-f8ba-4469-8fa8-94b807403b89	/home/student/Desktop/CEIF/16_multiomics_acquisition_v1/raw/09_CLINICAL/SC002/nationwidechildrens.org_clinical.TCGA-AA-A01D.xml	followup_treatment_success	Progressive Disease	tcga_bcr/patient/follow_ups/follow_up/followup_treatment_success
SC002	e2edbf3f-25d8-49aa-b656-2a59c3b99aeb	0cb58018-f8ba-4469-8fa8-94b807403b89	/home/student/Desktop/CEIF/16_multiomics_acquisition_v1/raw/09_CLINICAL/SC002/nationwidechildrens.org_clinical.TCGA-AA-A01D.xml	vital_status	Dead	tcga_bcr/patient/follow_ups/follow_up/vital_status
SC002	e2edbf3f-25d8-49aa-b656-2a59c3b99aeb	0cb58018-f8ba-4469-8fa8-94b807403b89	/home/student/Desktop/CEIF/16_multiomics_acquisition_v1/raw/09_CLINICAL/SC002/nationwidechildrens.org_clinical.TCGA-AA-A01D.xml	days_to_death	334	tcga_bcr/patient/follow_ups/follow_up/days_to_death
SC002	e394e9ec-7288-4ede-9ef8-41b631d100dd	c5477e2e-d074-4c6c-b72b-283c714375ae	/home/student/Desktop/CEIF/16_multiomics_acquisition_v1/raw/09_CLINICAL/SC002/nationwidechildrens.org_clinical.TCGA-AA-3715.xml	vital_status	Alive	tcga_bcr/patient/vital_status
SC002	e394e9ec-7288-4ede-9ef8-41b631d100dd	c5477e2e-d074-4c6c-b72b-283c714375ae	/home/student/Desktop/CEIF/16_multiomics_acquisition_v1/raw/09_CLINICAL/SC002/nationwidechildrens.org_clinical.TCGA-AA-3715.xml	days_to_last_followup	30	tcga_bcr/patient/days_to_last_followup
SC002	e394e9ec-7288-4ede-9ef8-41b631d100dd	c5477e2e-d074-4c6c-b72b-283c714375ae	/home/student/Desktop/CEIF/16_multiomics_acquisition_v1/raw/09_CLINICAL/SC002/nationwidechildrens.org_clinical.TCGA-AA-3715.xml	vital_status	Dead	tcga_bcr/patient/follow_ups/follow_up/vital_status
SC002	e394e9ec-7288-4ede-9ef8-41b631d100dd	c5477e2e-d074-4c6c-b72b-283c714375ae	/home/student/Desktop/CEIF/16_multiomics_acquisition_v1/raw/09_CLINICAL/SC002/nationwidechildrens.org_clinical.TCGA-AA-3715.xml	days_to_death	579	tcga_bcr/patient/follow_ups/follow_up/days_to_death
SC002	e394e9ec-7288-4ede-9ef8-41b631d100dd	c5477e2e-d074-4c6c-b72b-283c714375ae	/home/student/Desktop/CEIF/16_multiomics_acquisition_v1/raw/09_CLINICAL/SC002/nationwidechildrens.org_clinical.TCGA-AA-3715.xml	new_tumor_event_after_initial_treatment	YES	tcga_bcr/patient/follow_ups/follow_up/new_tumor_events/new_tumor_event_after_initial_treatment
SC002	e7af286b-3dec-4cf2-8fbd-fa64b3efdf7f	9e30e1f2-e73e-4eaa-86ae-165236a9be2c	/home/student/Desktop/CEIF/16_multiomics_acquisition_v1/raw/09_CLINICAL/SC002/nationwidechildrens.org_clinical.TCGA-F4-6809.xml	vital_status	Alive	tcga_bcr/patient/vital_status
SC002	e7af286b-3dec-4cf2-8fbd-fa64b3efdf7f	9e30e1f2-e73e-4eaa-86ae-165236a9be2c	/home/student/Desktop/CEIF/16_multiomics_acquisition_v1/raw/09_CLINICAL/SC002/nationwidechildrens.org_clinical.TCGA-F4-6809.xml	days_to_last_followup	39	tcga_bcr/patient/days_to_last_followup
SC002	e7af286b-3dec-4cf2-8fbd-fa64b3efdf7f	9e30e1f2-e73e-4eaa-86ae-165236a9be2c	/home/student/Desktop/CEIF/16_multiomics_acquisition_v1/raw/09_CLINICAL/SC002/nationwidechildrens.org_clinical.TCGA-F4-6809.xml	vital_status	Dead	tcga_bcr/patient/follow_ups/follow_up/vital_status
SC002	e7af286b-3dec-4cf2-8fbd-fa64b3efdf7f	9e30e1f2-e73e-4eaa-86ae-165236a9be2c	/home/student/Desktop/CEIF/16_multiomics_acquisition_v1/raw/09_CLINICAL/SC002/nationwidechildrens.org_clinical.TCGA-F4-6809.xml	days_to_death	403	tcga_bcr/patient/follow_ups/follow_up/days_to_death
SC002	e7af286b-3dec-4cf2-8fbd-fa64b3efdf7f	9e30e1f2-e73e-4eaa-86ae-165236a9be2c	/home/student/Desktop/CEIF/16_multiomics_acquisition_v1/raw/09_CLINICAL/SC002/nationwidechildrens.org_clinical.TCGA-F4-6809.xml	new_tumor_event_after_initial_treatment	NO	tcga_bcr/patient/follow_ups/follow_up/new_tumor_events/new_tumor_event_after_initial_treatment
SC002	ea923671-3903-4a79-830d-e7e4b1eabab0	61cf000c-2c9b-4abd-949c-4006a2cb8b81	/home/student/Desktop/CEIF/16_multiomics_acquisition_v1/raw/09_CLINICAL/SC002/nationwidechildrens.org_clinical.TCGA-AD-6899.xml	vital_status	Alive	tcga_bcr/patient/vital_status
SC002	ea923671-3903-4a79-830d-e7e4b1eabab0	61cf000c-2c9b-4abd-949c-4006a2cb8b81	/home/student/Desktop/CEIF/16_multiomics_acquisition_v1/raw/09_CLINICAL/SC002/nationwidechildrens.org_clinical.TCGA-AD-6899.xml	days_to_last_followup	48	tcga_bcr/patient/days_to_last_followup
SC002	ea923671-3903-4a79-830d-e7e4b1eabab0	61cf000c-2c9b-4abd-949c-4006a2cb8b81	/home/student/Desktop/CEIF/16_multiomics_acquisition_v1/raw/09_CLINICAL/SC002/nationwidechildrens.org_clinical.TCGA-AD-6899.xml	primary_therapy_outcome_success	Complete Remission/Response	tcga_bcr/patient/follow_ups/follow_up/primary_therapy_outcome_success
SC002	ea923671-3903-4a79-830d-e7e4b1eabab0	61cf000c-2c9b-4abd-949c-4006a2cb8b81	/home/student/Desktop/CEIF/16_multiomics_acquisition_v1/raw/09_CLINICAL/SC002/nationwidechildrens.org_clinical.TCGA-AD-6899.xml	followup_treatment_success	Complete Remission/Response	tcga_bcr/patient/follow_ups/follow_up/followup_treatment_success
SC002	ea923671-3903-4a79-830d-e7e4b1eabab0	61cf000c-2c9b-4abd-949c-4006a2cb8b81	/home/student/Desktop/CEIF/16_multiomics_acquisition_v1/raw/09_CLINICAL/SC002/nationwidechildrens.org_clinical.TCGA-AD-6899.xml	vital_status	Dead	tcga_bcr/patient/follow_ups/follow_up/vital_status
SC002	ea923671-3903-4a79-830d-e7e4b1eabab0	61cf000c-2c9b-4abd-949c-4006a2cb8b81	/home/student/Desktop/CEIF/16_multiomics_acquisition_v1/raw/09_CLINICAL/SC002/nationwidechildrens.org_clinical.TCGA-AD-6899.xml	days_to_death	176	tcga_bcr/patient/follow_ups/follow_up/days_to_death
SC002	ea923671-3903-4a79-830d-e7e4b1eabab0	61cf000c-2c9b-4abd-949c-4006a2cb8b81	/home/student/Desktop/CEIF/16_multiomics_acquisition_v1/raw/09_CLINICAL/SC002/nationwidechildrens.org_clinical.TCGA-AD-6899.xml	new_tumor_event_after_initial_treatment	NO	tcga_bcr/patient/follow_ups/follow_up/new_tumor_events/new_tumor_event_after_initial_treatment
SC002	ebc5a6f8-34fd-48c1-a2b9-7f60f45fbf27	d77f9ee9-1867-4100-ab25-e972e995bcc6	/home/student/Desktop/CEIF/16_multiomics_acquisition_v1/raw/09_CLINICAL/SC002/nationwidechildrens.org_clinical.TCGA-D5-6537.xml	vital_status	Alive	tcga_bcr/patient/vital_status
SC002	ebc5a6f8-34fd-48c1-a2b9-7f60f45fbf27	d77f9ee9-1867-4100-ab25-e972e995bcc6	/home/student/Desktop/CEIF/16_multiomics_acquisition_v1/raw/09_CLINICAL/SC002/nationwidechildrens.org_clinical.TCGA-D5-6537.xml	days_to_last_followup	137	tcga_bcr/patient/days_to_last_followup
SC002	ebc5a6f8-34fd-48c1-a2b9-7f60f45fbf27	d77f9ee9-1867-4100-ab25-e972e995bcc6	/home/student/Desktop/CEIF/16_multiomics_acquisition_v1/raw/09_CLINICAL/SC002/nationwidechildrens.org_clinical.TCGA-D5-6537.xml	vital_status	Dead	tcga_bcr/patient/follow_ups/follow_up/vital_status
SC002	ebc5a6f8-34fd-48c1-a2b9-7f60f45fbf27	d77f9ee9-1867-4100-ab25-e972e995bcc6	/home/student/Desktop/CEIF/16_multiomics_acquisition_v1/raw/09_CLINICAL/SC002/nationwidechildrens.org_clinical.TCGA-D5-6537.xml	days_to_death	146	tcga_bcr/patient/follow_ups/follow_up/days_to_death
SC002	ebc5a6f8-34fd-48c1-a2b9-7f60f45fbf27	d77f9ee9-1867-4100-ab25-e972e995bcc6	/home/student/Desktop/CEIF/16_multiomics_acquisition_v1/raw/09_CLINICAL/SC002/nationwidechildrens.org_clinical.TCGA-D5-6537.xml	new_tumor_event_after_initial_treatment	YES	tcga_bcr/patient/follow_ups/follow_up/new_tumor_events/new_tumor_event_after_initial_treatment
SC002	eeb42912-0c7a-46bb-bd95-369b2b425727	7725017f-42c1-4c59-bf6f-bd93d644059d	/home/student/Desktop/CEIF/16_multiomics_acquisition_v1/raw/09_CLINICAL/SC002/nationwidechildrens.org_clinical.TCGA-F4-6570.xml	vital_status	Alive	tcga_bcr/patient/vital_status
SC002	eeb42912-0c7a-46bb-bd95-369b2b425727	7725017f-42c1-4c59-bf6f-bd93d644059d	/home/student/Desktop/CEIF/16_multiomics_acquisition_v1/raw/09_CLINICAL/SC002/nationwidechildrens.org_clinical.TCGA-F4-6570.xml	days_to_last_followup	0	tcga_bcr/patient/days_to_last_followup
SC002	eeb42912-0c7a-46bb-bd95-369b2b425727	7725017f-42c1-4c59-bf6f-bd93d644059d	/home/student/Desktop/CEIF/16_multiomics_acquisition_v1/raw/09_CLINICAL/SC002/nationwidechildrens.org_clinical.TCGA-F4-6570.xml	vital_status	Dead	tcga_bcr/patient/follow_ups/follow_up/vital_status
SC002	eeb42912-0c7a-46bb-bd95-369b2b425727	7725017f-42c1-4c59-bf6f-bd93d644059d	/home/student/Desktop/CEIF/16_multiomics_acquisition_v1/raw/09_CLINICAL/SC002/nationwidechildrens.org_clinical.TCGA-F4-6570.xml	days_to_death	188	tcga_bcr/patient/follow_ups/follow_up/days_to_death
SC002	eeb42912-0c7a-46bb-bd95-369b2b425727	7725017f-42c1-4c59-bf6f-bd93d644059d	/home/student/Desktop/CEIF/16_multiomics_acquisition_v1/raw/09_CLINICAL/SC002/nationwidechildrens.org_clinical.TCGA-F4-6570.xml	new_tumor_event_after_initial_treatment	NO	tcga_bcr/patient/follow_ups/follow_up/new_tumor_events/new_tumor_event_after_initial_treatment
SC002	f3b9defb-88ed-4c95-9feb-7197d869676c	c558d0d8-9d2a-49fc-a0af-540c301e9a0d	/home/student/Desktop/CEIF/16_multiomics_acquisition_v1/raw/09_CLINICAL/SC002/nationwidechildrens.org_clinical.TCGA-AA-3680.xml	vital_status	Alive	tcga_bcr/patient/vital_status
SC002	f3b9defb-88ed-4c95-9feb-7197d869676c	c558d0d8-9d2a-49fc-a0af-540c301e9a0d	/home/student/Desktop/CEIF/16_multiomics_acquisition_v1/raw/09_CLINICAL/SC002/nationwidechildrens.org_clinical.TCGA-AA-3680.xml	days_to_last_followup	0	tcga_bcr/patient/days_to_last_followup
SC002	f3b9defb-88ed-4c95-9feb-7197d869676c	c558d0d8-9d2a-49fc-a0af-540c301e9a0d	/home/student/Desktop/CEIF/16_multiomics_acquisition_v1/raw/09_CLINICAL/SC002/nationwidechildrens.org_clinical.TCGA-AA-3680.xml	primary_therapy_outcome_success	Progressive Disease	tcga_bcr/patient/follow_ups/follow_up/primary_therapy_outcome_success
SC002	f3b9defb-88ed-4c95-9feb-7197d869676c	c558d0d8-9d2a-49fc-a0af-540c301e9a0d	/home/student/Desktop/CEIF/16_multiomics_acquisition_v1/raw/09_CLINICAL/SC002/nationwidechildrens.org_clinical.TCGA-AA-3680.xml	followup_treatment_success	Progressive Disease	tcga_bcr/patient/follow_ups/follow_up/followup_treatment_success
SC002	f3b9defb-88ed-4c95-9feb-7197d869676c	c558d0d8-9d2a-49fc-a0af-540c301e9a0d	/home/student/Desktop/CEIF/16_multiomics_acquisition_v1/raw/09_CLINICAL/SC002/nationwidechildrens.org_clinical.TCGA-AA-3680.xml	vital_status	Dead	tcga_bcr/patient/follow_ups/follow_up/vital_status
SC002	f3b9defb-88ed-4c95-9feb-7197d869676c	c558d0d8-9d2a-49fc-a0af-540c301e9a0d	/home/student/Desktop/CEIF/16_multiomics_acquisition_v1/raw/09_CLINICAL/SC002/nationwidechildrens.org_clinical.TCGA-AA-3680.xml	days_to_death	335	tcga_bcr/patient/follow_ups/follow_up/days_to_death
SC002	f3b9defb-88ed-4c95-9feb-7197d869676c	c558d0d8-9d2a-49fc-a0af-540c301e9a0d	/home/student/Desktop/CEIF/16_multiomics_acquisition_v1/raw/09_CLINICAL/SC002/nationwidechildrens.org_clinical.TCGA-AA-3680.xml	new_tumor_event_after_initial_treatment	NO	tcga_bcr/patient/follow_ups/follow_up/new_tumor_events/new_tumor_event_after_initial_treatment
SC002	fafd4576-0709-49e1-926f-ad1ee09907ec	9298514d-cd86-4546-a61c-73603ccd492e	/home/student/Desktop/CEIF/16_multiomics_acquisition_v1/raw/09_CLINICAL/SC002/nationwidechildrens.org_clinical.TCGA-A6-2683.xml	vital_status	Alive	tcga_bcr/patient/vital_status
SC002	fafd4576-0709-49e1-926f-ad1ee09907ec	9298514d-cd86-4546-a61c-73603ccd492e	/home/student/Desktop/CEIF/16_multiomics_acquisition_v1/raw/09_CLINICAL/SC002/nationwidechildrens.org_clinical.TCGA-A6-2683.xml	days_to_last_followup	472	tcga_bcr/patient/days_to_last_followup
SC002	fafd4576-0709-49e1-926f-ad1ee09907ec	9298514d-cd86-4546-a61c-73603ccd492e	/home/student/Desktop/CEIF/16_multiomics_acquisition_v1/raw/09_CLINICAL/SC002/nationwidechildrens.org_clinical.TCGA-A6-2683.xml	vital_status	Alive	tcga_bcr/patient/follow_ups/follow_up/vital_status
SC002	fafd4576-0709-49e1-926f-ad1ee09907ec	9298514d-cd86-4546-a61c-73603ccd492e	/home/student/Desktop/CEIF/16_multiomics_acquisition_v1/raw/09_CLINICAL/SC002/nationwidechildrens.org_clinical.TCGA-A6-2683.xml	days_to_last_followup	472	tcga_bcr/patient/follow_ups/follow_up/days_to_last_followup
SC002	fafd4576-0709-49e1-926f-ad1ee09907ec	9298514d-cd86-4546-a61c-73603ccd492e	/home/student/Desktop/CEIF/16_multiomics_acquisition_v1/raw/09_CLINICAL/SC002/nationwidechildrens.org_clinical.TCGA-A6-2683.xml	new_tumor_event_after_initial_treatment	YES	tcga_bcr/patient/follow_ups/follow_up/new_tumor_events/new_tumor_event_after_initial_treatment
SC002	fafd4576-0709-49e1-926f-ad1ee09907ec	9298514d-cd86-4546-a61c-73603ccd492e	/home/student/Desktop/CEIF/16_multiomics_acquisition_v1/raw/09_CLINICAL/SC002/nationwidechildrens.org_clinical.TCGA-A6-2683.xml	vital_status	Dead	tcga_bcr/patient/follow_ups/follow_up/vital_status
SC002	fafd4576-0709-49e1-926f-ad1ee09907ec	9298514d-cd86-4546-a61c-73603ccd492e	/home/student/Desktop/CEIF/16_multiomics_acquisition_v1/raw/09_CLINICAL/SC002/nationwidechildrens.org_clinical.TCGA-A6-2683.xml	days_to_death	504	tcga_bcr/patient/follow_ups/follow_up/days_to_death
SC003	10c829ec-fd66-49c4-8afe-ad3ae567372c	4a1e05de-2df5-4bc6-a654-934f87e107a7	/home/student/Desktop/CEIF/16_multiomics_acquisition_v1/raw/09_CLINICAL/SC003/nationwidechildrens.org_clinical.TCGA-BH-A42T.xml	vital_status	Alive	tcga_bcr/patient/vital_status
SC003	10c829ec-fd66-49c4-8afe-ad3ae567372c	4a1e05de-2df5-4bc6-a654-934f87e107a7	/home/student/Desktop/CEIF/16_multiomics_acquisition_v1/raw/09_CLINICAL/SC003/nationwidechildrens.org_clinical.TCGA-BH-A42T.xml	days_to_last_followup	30	tcga_bcr/patient/days_to_last_followup
SC003	10c829ec-fd66-49c4-8afe-ad3ae567372c	4a1e05de-2df5-4bc6-a654-934f87e107a7	/home/student/Desktop/CEIF/16_multiomics_acquisition_v1/raw/09_CLINICAL/SC003/nationwidechildrens.org_clinical.TCGA-BH-A42T.xml	new_tumor_event_after_initial_treatment	NO	tcga_bcr/patient/new_tumor_events/new_tumor_event_after_initial_treatment
SC003	10c829ec-fd66-49c4-8afe-ad3ae567372c	4a1e05de-2df5-4bc6-a654-934f87e107a7	/home/student/Desktop/CEIF/16_multiomics_acquisition_v1/raw/09_CLINICAL/SC003/nationwidechildrens.org_clinical.TCGA-BH-A42T.xml	vital_status	Dead	tcga_bcr/patient/follow_ups/follow_up/vital_status
SC003	10c829ec-fd66-49c4-8afe-ad3ae567372c	4a1e05de-2df5-4bc6-a654-934f87e107a7	/home/student/Desktop/CEIF/16_multiomics_acquisition_v1/raw/09_CLINICAL/SC003/nationwidechildrens.org_clinical.TCGA-BH-A42T.xml	days_to_death	320	tcga_bcr/patient/follow_ups/follow_up/days_to_death
SC003	10c829ec-fd66-49c4-8afe-ad3ae567372c	4a1e05de-2df5-4bc6-a654-934f87e107a7	/home/student/Desktop/CEIF/16_multiomics_acquisition_v1/raw/09_CLINICAL/SC003/nationwidechildrens.org_clinical.TCGA-BH-A42T.xml	new_tumor_event_after_initial_treatment	NO	tcga_bcr/patient/follow_ups/follow_up/new_tumor_events/new_tumor_event_after_initial_treatment
SC003	1402082d-25c9-4148-8a1e-f58450b706bb	275f2ed7-145b-4ecc-824f-9ac2171fc4b2	/home/student/Desktop/CEIF/16_multiomics_acquisition_v1/raw/09_CLINICAL/SC003/nationwidechildrens.org_clinical.TCGA-B6-A0IP.xml	vital_status	Alive	tcga_bcr/patient/vital_status
SC003	1402082d-25c9-4148-8a1e-f58450b706bb	275f2ed7-145b-4ecc-824f-9ac2171fc4b2	/home/student/Desktop/CEIF/16_multiomics_acquisition_v1/raw/09_CLINICAL/SC003/nationwidechildrens.org_clinical.TCGA-B6-A0IP.xml	days_to_last_followup	3374	tcga_bcr/patient/days_to_last_followup
SC003	1402082d-25c9-4148-8a1e-f58450b706bb	275f2ed7-145b-4ecc-824f-9ac2171fc4b2	/home/student/Desktop/CEIF/16_multiomics_acquisition_v1/raw/09_CLINICAL/SC003/nationwidechildrens.org_clinical.TCGA-B6-A0IP.xml	vital_status	Alive	tcga_bcr/patient/follow_ups/follow_up/vital_status
SC003	1402082d-25c9-4148-8a1e-f58450b706bb	275f2ed7-145b-4ecc-824f-9ac2171fc4b2	/home/student/Desktop/CEIF/16_multiomics_acquisition_v1/raw/09_CLINICAL/SC003/nationwidechildrens.org_clinical.TCGA-B6-A0IP.xml	days_to_last_followup	3374	tcga_bcr/patient/follow_ups/follow_up/days_to_last_followup
SC003	1402082d-25c9-4148-8a1e-f58450b706bb	275f2ed7-145b-4ecc-824f-9ac2171fc4b2	/home/student/Desktop/CEIF/16_multiomics_acquisition_v1/raw/09_CLINICAL/SC003/nationwidechildrens.org_clinical.TCGA-B6-A0IP.xml	new_tumor_event_after_initial_treatment	NO	tcga_bcr/patient/follow_ups/follow_up/new_tumor_event_after_initial_treatment
SC003	1402082d-25c9-4148-8a1e-f58450b706bb	275f2ed7-145b-4ecc-824f-9ac2171fc4b2	/home/student/Desktop/CEIF/16_multiomics_acquisition_v1/raw/09_CLINICAL/SC003/nationwidechildrens.org_clinical.TCGA-B6-A0IP.xml	vital_status	Dead	tcga_bcr/patient/follow_ups/follow_up/vital_status
SC003	1402082d-25c9-4148-8a1e-f58450b706bb	275f2ed7-145b-4ecc-824f-9ac2171fc4b2	/home/student/Desktop/CEIF/16_multiomics_acquisition_v1/raw/09_CLINICAL/SC003/nationwidechildrens.org_clinical.TCGA-B6-A0IP.xml	days_to_death	3926	tcga_bcr/patient/follow_ups/follow_up/days_to_death
SC003	1402082d-25c9-4148-8a1e-f58450b706bb	275f2ed7-145b-4ecc-824f-9ac2171fc4b2	/home/student/Desktop/CEIF/16_multiomics_acquisition_v1/raw/09_CLINICAL/SC003/nationwidechildrens.org_clinical.TCGA-B6-A0IP.xml	new_tumor_event_after_initial_treatment	NO	tcga_bcr/patient/follow_ups/follow_up/new_tumor_events/new_tumor_event_after_initial_treatment
SC003	178b2c48-c07d-422e-ae17-8bcfd996ad51	492170e4-90b8-4560-89ff-effa9eeb5194	/home/student/Desktop/CEIF/16_multiomics_acquisition_v1/raw/09_CLINICAL/SC003/nationwidechildrens.org_clinical.TCGA-B6-A0X1.xml	vital_status	Alive	tcga_bcr/patient/vital_status
SC003	178b2c48-c07d-422e-ae17-8bcfd996ad51	492170e4-90b8-4560-89ff-effa9eeb5194	/home/student/Desktop/CEIF/16_multiomics_acquisition_v1/raw/09_CLINICAL/SC003/nationwidechildrens.org_clinical.TCGA-B6-A0X1.xml	days_to_last_followup	5677	tcga_bcr/patient/days_to_last_followup
SC003	178b2c48-c07d-422e-ae17-8bcfd996ad51	492170e4-90b8-4560-89ff-effa9eeb5194	/home/student/Desktop/CEIF/16_multiomics_acquisition_v1/raw/09_CLINICAL/SC003/nationwidechildrens.org_clinical.TCGA-B6-A0X1.xml	vital_status	Alive	tcga_bcr/patient/follow_ups/follow_up/vital_status
SC003	178b2c48-c07d-422e-ae17-8bcfd996ad51	492170e4-90b8-4560-89ff-effa9eeb5194	/home/student/Desktop/CEIF/16_multiomics_acquisition_v1/raw/09_CLINICAL/SC003/nationwidechildrens.org_clinical.TCGA-B6-A0X1.xml	days_to_last_followup	5677	tcga_bcr/patient/follow_ups/follow_up/days_to_last_followup
SC003	178b2c48-c07d-422e-ae17-8bcfd996ad51	492170e4-90b8-4560-89ff-effa9eeb5194	/home/student/Desktop/CEIF/16_multiomics_acquisition_v1/raw/09_CLINICAL/SC003/nationwidechildrens.org_clinical.TCGA-B6-A0X1.xml	new_tumor_event_after_initial_treatment	YES	tcga_bcr/patient/follow_ups/follow_up/new_tumor_event_after_initial_treatment
SC003	178b2c48-c07d-422e-ae17-8bcfd996ad51	492170e4-90b8-4560-89ff-effa9eeb5194	/home/student/Desktop/CEIF/16_multiomics_acquisition_v1/raw/09_CLINICAL/SC003/nationwidechildrens.org_clinical.TCGA-B6-A0X1.xml	new_neoplasm_event_type	Distant Metastasis	tcga_bcr/patient/follow_ups/follow_up/new_neoplasm_event_type
SC003	178b2c48-c07d-422e-ae17-8bcfd996ad51	492170e4-90b8-4560-89ff-effa9eeb5194	/home/student/Desktop/CEIF/16_multiomics_acquisition_v1/raw/09_CLINICAL/SC003/nationwidechildrens.org_clinical.TCGA-B6-A0X1.xml	vital_status	Dead	tcga_bcr/patient/follow_ups/follow_up/vital_status
SC003	178b2c48-c07d-422e-ae17-8bcfd996ad51	492170e4-90b8-4560-89ff-effa9eeb5194	/home/student/Desktop/CEIF/16_multiomics_acquisition_v1/raw/09_CLINICAL/SC003/nationwidechildrens.org_clinical.TCGA-B6-A0X1.xml	days_to_death	7455	tcga_bcr/patient/follow_ups/follow_up/days_to_death
SC003	178b2c48-c07d-422e-ae17-8bcfd996ad51	492170e4-90b8-4560-89ff-effa9eeb5194	/home/student/Desktop/CEIF/16_multiomics_acquisition_v1/raw/09_CLINICAL/SC003/nationwidechildrens.org_clinical.TCGA-B6-A0X1.xml	new_tumor_event_after_initial_treatment	NO	tcga_bcr/patient/follow_ups/follow_up/new_tumor_events/new_tumor_event_after_initial_treatment
SC003	19015644-9c17-4ae7-a656-0fe8623c04ae	a5229c70-4844-4298-a61d-52c0f83e1d0f	/home/student/Desktop/CEIF/16_multiomics_acquisition_v1/raw/09_CLINICAL/SC003/nationwidechildrens.org_clinical.TCGA-AQ-A7U7.xml	vital_status	Alive	tcga_bcr/patient/vital_status
SC003	19015644-9c17-4ae7-a656-0fe8623c04ae	a5229c70-4844-4298-a61d-52c0f83e1d0f	/home/student/Desktop/CEIF/16_multiomics_acquisition_v1/raw/09_CLINICAL/SC003/nationwidechildrens.org_clinical.TCGA-AQ-A7U7.xml	days_to_last_followup	304	tcga_bcr/patient/days_to_last_followup
SC003	19015644-9c17-4ae7-a656-0fe8623c04ae	a5229c70-4844-4298-a61d-52c0f83e1d0f	/home/student/Desktop/CEIF/16_multiomics_acquisition_v1/raw/09_CLINICAL/SC003/nationwidechildrens.org_clinical.TCGA-AQ-A7U7.xml	new_tumor_event_after_initial_treatment	NO	tcga_bcr/patient/new_tumor_events/new_tumor_event_after_initial_treatment
SC003	19015644-9c17-4ae7-a656-0fe8623c04ae	a5229c70-4844-4298-a61d-52c0f83e1d0f	/home/student/Desktop/CEIF/16_multiomics_acquisition_v1/raw/09_CLINICAL/SC003/nationwidechildrens.org_clinical.TCGA-AQ-A7U7.xml	vital_status	Dead	tcga_bcr/patient/follow_ups/follow_up/vital_status
SC003	19015644-9c17-4ae7-a656-0fe8623c04ae	a5229c70-4844-4298-a61d-52c0f83e1d0f	/home/student/Desktop/CEIF/16_multiomics_acquisition_v1/raw/09_CLINICAL/SC003/nationwidechildrens.org_clinical.TCGA-AQ-A7U7.xml	days_to_death	584	tcga_bcr/patient/follow_ups/follow_up/days_to_death
SC003	19015644-9c17-4ae7-a656-0fe8623c04ae	a5229c70-4844-4298-a61d-52c0f83e1d0f	/home/student/Desktop/CEIF/16_multiomics_acquisition_v1/raw/09_CLINICAL/SC003/nationwidechildrens.org_clinical.TCGA-AQ-A7U7.xml	new_tumor_event_after_initial_treatment	NO	tcga_bcr/patient/follow_ups/follow_up/new_tumor_events/new_tumor_event_after_initial_treatment
SC003	1b703058-e596-45bc-80fe-8b98d545c2e2	68f71307-2639-4e75-ba62-933493c1e2e4	/home/student/Desktop/CEIF/16_multiomics_acquisition_v1/raw/09_CLINICAL/SC003/nationwidechildrens.org_clinical.TCGA-AR-A2LK.xml	vital_status	Alive	tcga_bcr/patient/vital_status
SC003	1b703058-e596-45bc-80fe-8b98d545c2e2	68f71307-2639-4e75-ba62-933493c1e2e4	/home/student/Desktop/CEIF/16_multiomics_acquisition_v1/raw/09_CLINICAL/SC003/nationwidechildrens.org_clinical.TCGA-AR-A2LK.xml	days_to_last_followup	1304	tcga_bcr/patient/days_to_last_followup
SC003	1b703058-e596-45bc-80fe-8b98d545c2e2	68f71307-2639-4e75-ba62-933493c1e2e4	/home/student/Desktop/CEIF/16_multiomics_acquisition_v1/raw/09_CLINICAL/SC003/nationwidechildrens.org_clinical.TCGA-AR-A2LK.xml	vital_status	Dead	tcga_bcr/patient/follow_ups/follow_up/vital_status
SC003	1b703058-e596-45bc-80fe-8b98d545c2e2	68f71307-2639-4e75-ba62-933493c1e2e4	/home/student/Desktop/CEIF/16_multiomics_acquisition_v1/raw/09_CLINICAL/SC003/nationwidechildrens.org_clinical.TCGA-AR-A2LK.xml	days_to_death	1649	tcga_bcr/patient/follow_ups/follow_up/days_to_death
SC003	1b703058-e596-45bc-80fe-8b98d545c2e2	68f71307-2639-4e75-ba62-933493c1e2e4	/home/student/Desktop/CEIF/16_multiomics_acquisition_v1/raw/09_CLINICAL/SC003/nationwidechildrens.org_clinical.TCGA-AR-A2LK.xml	new_tumor_event_after_initial_treatment	YES	tcga_bcr/patient/follow_ups/follow_up/new_tumor_events/new_tumor_event_after_initial_treatment
SC003	1b703058-e596-45bc-80fe-8b98d545c2e2	68f71307-2639-4e75-ba62-933493c1e2e4	/home/student/Desktop/CEIF/16_multiomics_acquisition_v1/raw/09_CLINICAL/SC003/nationwidechildrens.org_clinical.TCGA-AR-A2LK.xml	new_neoplasm_event_type	Distant Metastasis	tcga_bcr/patient/follow_ups/follow_up/new_tumor_events/new_tumor_event/new_neoplasm_event_type
SC003	2ab1b35b-9e56-475c-ac9b-15ed0a422683	8415e781-4127-4960-94e6-1e3f48edb774	/home/student/Desktop/CEIF/16_multiomics_acquisition_v1/raw/09_CLINICAL/SC003/nationwidechildrens.org_clinical.TCGA-OL-A66K.xml	vital_status	Alive	tcga_bcr/patient/vital_status
SC003	2ab1b35b-9e56-475c-ac9b-15ed0a422683	8415e781-4127-4960-94e6-1e3f48edb774	/home/student/Desktop/CEIF/16_multiomics_acquisition_v1/raw/09_CLINICAL/SC003/nationwidechildrens.org_clinical.TCGA-OL-A66K.xml	days_to_last_followup	1021	tcga_bcr/patient/days_to_last_followup
SC003	2ab1b35b-9e56-475c-ac9b-15ed0a422683	8415e781-4127-4960-94e6-1e3f48edb774	/home/student/Desktop/CEIF/16_multiomics_acquisition_v1/raw/09_CLINICAL/SC003/nationwidechildrens.org_clinical.TCGA-OL-A66K.xml	new_tumor_event_after_initial_treatment	NO	tcga_bcr/patient/new_tumor_events/new_tumor_event_after_initial_treatment
SC003	2ab1b35b-9e56-475c-ac9b-15ed0a422683	8415e781-4127-4960-94e6-1e3f48edb774	/home/student/Desktop/CEIF/16_multiomics_acquisition_v1/raw/09_CLINICAL/SC003/nationwidechildrens.org_clinical.TCGA-OL-A66K.xml	vital_status	Dead	tcga_bcr/patient/follow_ups/follow_up/vital_status
SC003	2ab1b35b-9e56-475c-ac9b-15ed0a422683	8415e781-4127-4960-94e6-1e3f48edb774	/home/student/Desktop/CEIF/16_multiomics_acquisition_v1/raw/09_CLINICAL/SC003/nationwidechildrens.org_clinical.TCGA-OL-A66K.xml	days_to_death	1275	tcga_bcr/patient/follow_ups/follow_up/days_to_death
SC003	2ab1b35b-9e56-475c-ac9b-15ed0a422683	8415e781-4127-4960-94e6-1e3f48edb774	/home/student/Desktop/CEIF/16_multiomics_acquisition_v1/raw/09_CLINICAL/SC003/nationwidechildrens.org_clinical.TCGA-OL-A66K.xml	new_tumor_event_after_initial_treatment	NO	tcga_bcr/patient/follow_ups/follow_up/new_tumor_events/new_tumor_event_after_initial_treatment
SC003	2d4c778c-7f77-4f0a-8261-2086accf15fd	affbf824-7c87-4dac-96ed-b98edeee7775	/home/student/Desktop/CEIF/16_multiomics_acquisition_v1/raw/09_CLINICAL/SC003/nationwidechildrens.org_clinical.TCGA-AO-A03P.xml	vital_status	Alive	tcga_bcr/patient/vital_status
SC003	2d4c778c-7f77-4f0a-8261-2086accf15fd	affbf824-7c87-4dac-96ed-b98edeee7775	/home/student/Desktop/CEIF/16_multiomics_acquisition_v1/raw/09_CLINICAL/SC003/nationwidechildrens.org_clinical.TCGA-AO-A03P.xml	days_to_last_followup	2576	tcga_bcr/patient/days_to_last_followup
SC003	2d4c778c-7f77-4f0a-8261-2086accf15fd	affbf824-7c87-4dac-96ed-b98edeee7775	/home/student/Desktop/CEIF/16_multiomics_acquisition_v1/raw/09_CLINICAL/SC003/nationwidechildrens.org_clinical.TCGA-AO-A03P.xml	vital_status	Alive	tcga_bcr/patient/follow_ups/follow_up/vital_status
SC003	2d4c778c-7f77-4f0a-8261-2086accf15fd	affbf824-7c87-4dac-96ed-b98edeee7775	/home/student/Desktop/CEIF/16_multiomics_acquisition_v1/raw/09_CLINICAL/SC003/nationwidechildrens.org_clinical.TCGA-AO-A03P.xml	days_to_last_known_alive	2576	tcga_bcr/patient/follow_ups/follow_up/days_to_last_known_alive
SC003	2d4c778c-7f77-4f0a-8261-2086accf15fd	affbf824-7c87-4dac-96ed-b98edeee7775	/home/student/Desktop/CEIF/16_multiomics_acquisition_v1/raw/09_CLINICAL/SC003/nationwidechildrens.org_clinical.TCGA-AO-A03P.xml	vital_status	Dead	tcga_bcr/patient/follow_ups/follow_up/vital_status
SC003	2d4c778c-7f77-4f0a-8261-2086accf15fd	affbf824-7c87-4dac-96ed-b98edeee7775	/home/student/Desktop/CEIF/16_multiomics_acquisition_v1/raw/09_CLINICAL/SC003/nationwidechildrens.org_clinical.TCGA-AO-A03P.xml	days_to_death	2911	tcga_bcr/patient/follow_ups/follow_up/days_to_death
SC003	2d4c778c-7f77-4f0a-8261-2086accf15fd	affbf824-7c87-4dac-96ed-b98edeee7775	/home/student/Desktop/CEIF/16_multiomics_acquisition_v1/raw/09_CLINICAL/SC003/nationwidechildrens.org_clinical.TCGA-AO-A03P.xml	new_tumor_event_after_initial_treatment	YES	tcga_bcr/patient/follow_ups/follow_up/new_tumor_event_after_initial_treatment
SC003	2d4c778c-7f77-4f0a-8261-2086accf15fd	affbf824-7c87-4dac-96ed-b98edeee7775	/home/student/Desktop/CEIF/16_multiomics_acquisition_v1/raw/09_CLINICAL/SC003/nationwidechildrens.org_clinical.TCGA-AO-A03P.xml	new_neoplasm_event_type	Distant Metastasis	tcga_bcr/patient/follow_ups/follow_up/new_neoplasm_event_type
SC003	32bc7cc4-d185-4594-bbee-4b96410be512	9c1a0f59-d6b4-4de7-bad7-960e1c105823	/home/student/Desktop/CEIF/16_multiomics_acquisition_v1/raw/09_CLINICAL/SC003/nationwidechildrens.org_clinical.TCGA-A8-A08T.xml	vital_status	Alive	tcga_bcr/patient/vital_status
SC003	32bc7cc4-d185-4594-bbee-4b96410be512	9c1a0f59-d6b4-4de7-bad7-960e1c105823	/home/student/Desktop/CEIF/16_multiomics_acquisition_v1/raw/09_CLINICAL/SC003/nationwidechildrens.org_clinical.TCGA-A8-A08T.xml	days_to_last_followup	2830	tcga_bcr/patient/days_to_last_followup
SC003	32bc7cc4-d185-4594-bbee-4b96410be512	9c1a0f59-d6b4-4de7-bad7-960e1c105823	/home/student/Desktop/CEIF/16_multiomics_acquisition_v1/raw/09_CLINICAL/SC003/nationwidechildrens.org_clinical.TCGA-A8-A08T.xml	vital_status	Dead	tcga_bcr/patient/follow_ups/follow_up/vital_status
SC003	32bc7cc4-d185-4594-bbee-4b96410be512	9c1a0f59-d6b4-4de7-bad7-960e1c105823	/home/student/Desktop/CEIF/16_multiomics_acquisition_v1/raw/09_CLINICAL/SC003/nationwidechildrens.org_clinical.TCGA-A8-A08T.xml	days_to_death	3409	tcga_bcr/patient/follow_ups/follow_up/days_to_death
SC003	32bc7cc4-d185-4594-bbee-4b96410be512	9c1a0f59-d6b4-4de7-bad7-960e1c105823	/home/student/Desktop/CEIF/16_multiomics_acquisition_v1/raw/09_CLINICAL/SC003/nationwidechildrens.org_clinical.TCGA-A8-A08T.xml	new_tumor_event_after_initial_treatment	YES	tcga_bcr/patient/follow_ups/follow_up/new_tumor_events/new_tumor_event_after_initial_treatment
SC003	38a631a1-6875-4216-a335-ee93c90a86d6	990b5d54-4a7e-4ad6-9bb6-c9543302e4ca	/home/student/Desktop/CEIF/16_multiomics_acquisition_v1/raw/09_CLINICAL/SC003/nationwidechildrens.org_clinical.TCGA-D8-A1Y1.xml	vital_status	Alive	tcga_bcr/patient/vital_status
SC003	38a631a1-6875-4216-a335-ee93c90a86d6	990b5d54-4a7e-4ad6-9bb6-c9543302e4ca	/home/student/Desktop/CEIF/16_multiomics_acquisition_v1/raw/09_CLINICAL/SC003/nationwidechildrens.org_clinical.TCGA-D8-A1Y1.xml	days_to_last_followup	116	tcga_bcr/patient/days_to_last_followup
SC003	38a631a1-6875-4216-a335-ee93c90a86d6	990b5d54-4a7e-4ad6-9bb6-c9543302e4ca	/home/student/Desktop/CEIF/16_multiomics_acquisition_v1/raw/09_CLINICAL/SC003/nationwidechildrens.org_clinical.TCGA-D8-A1Y1.xml	vital_status	Dead	tcga_bcr/patient/follow_ups/follow_up/vital_status
SC003	38a631a1-6875-4216-a335-ee93c90a86d6	990b5d54-4a7e-4ad6-9bb6-c9543302e4ca	/home/student/Desktop/CEIF/16_multiomics_acquisition_v1/raw/09_CLINICAL/SC003/nationwidechildrens.org_clinical.TCGA-D8-A1Y1.xml	days_to_death	302	tcga_bcr/patient/follow_ups/follow_up/days_to_death
SC003	38a631a1-6875-4216-a335-ee93c90a86d6	990b5d54-4a7e-4ad6-9bb6-c9543302e4ca	/home/student/Desktop/CEIF/16_multiomics_acquisition_v1/raw/09_CLINICAL/SC003/nationwidechildrens.org_clinical.TCGA-D8-A1Y1.xml	new_tumor_event_after_initial_treatment	NO	tcga_bcr/patient/follow_ups/follow_up/new_tumor_event_after_initial_treatment
SC003	3e637872-f5e5-49d3-bb0d-9c16b8713382	07534899-1a59-4411-b189-64c1c85f4618	/home/student/Desktop/CEIF/16_multiomics_acquisition_v1/raw/09_CLINICAL/SC003/nationwidechildrens.org_clinical.TCGA-LL-A73Z.xml	vital_status	Alive	tcga_bcr/patient/vital_status
SC003	3e637872-f5e5-49d3-bb0d-9c16b8713382	07534899-1a59-4411-b189-64c1c85f4618	/home/student/Desktop/CEIF/16_multiomics_acquisition_v1/raw/09_CLINICAL/SC003/nationwidechildrens.org_clinical.TCGA-LL-A73Z.xml	days_to_last_followup	137	tcga_bcr/patient/days_to_last_followup
SC003	3e637872-f5e5-49d3-bb0d-9c16b8713382	07534899-1a59-4411-b189-64c1c85f4618	/home/student/Desktop/CEIF/16_multiomics_acquisition_v1/raw/09_CLINICAL/SC003/nationwidechildrens.org_clinical.TCGA-LL-A73Z.xml	new_tumor_event_after_initial_treatment	NO	tcga_bcr/patient/new_tumor_events/new_tumor_event_after_initial_treatment
SC003	3e637872-f5e5-49d3-bb0d-9c16b8713382	07534899-1a59-4411-b189-64c1c85f4618	/home/student/Desktop/CEIF/16_multiomics_acquisition_v1/raw/09_CLINICAL/SC003/nationwidechildrens.org_clinical.TCGA-LL-A73Z.xml	vital_status	Dead	tcga_bcr/patient/follow_ups/follow_up/vital_status
SC003	3e637872-f5e5-49d3-bb0d-9c16b8713382	07534899-1a59-4411-b189-64c1c85f4618	/home/student/Desktop/CEIF/16_multiomics_acquisition_v1/raw/09_CLINICAL/SC003/nationwidechildrens.org_clinical.TCGA-LL-A73Z.xml	days_to_death	227	tcga_bcr/patient/follow_ups/follow_up/days_to_death
SC003	3e637872-f5e5-49d3-bb0d-9c16b8713382	07534899-1a59-4411-b189-64c1c85f4618	/home/student/Desktop/CEIF/16_multiomics_acquisition_v1/raw/09_CLINICAL/SC003/nationwidechildrens.org_clinical.TCGA-LL-A73Z.xml	new_tumor_event_after_initial_treatment	YES	tcga_bcr/patient/follow_ups/follow_up/new_tumor_events/new_tumor_event_after_initial_treatment
SC003	3e637872-f5e5-49d3-bb0d-9c16b8713382	07534899-1a59-4411-b189-64c1c85f4618	/home/student/Desktop/CEIF/16_multiomics_acquisition_v1/raw/09_CLINICAL/SC003/nationwidechildrens.org_clinical.TCGA-LL-A73Z.xml	new_neoplasm_event_type	Distant Metastasis	tcga_bcr/patient/follow_ups/follow_up/new_tumor_events/new_tumor_event/new_neoplasm_event_type
SC003	4a831893-f4ca-4357-a756-b5e954e35dd7	aa29abbd-2f3a-47d8-af5e-c679cdb96c6d	/home/student/Desktop/CEIF/16_multiomics_acquisition_v1/raw/09_CLINICAL/SC003/nationwidechildrens.org_clinical.TCGA-E9-A2JS.xml	vital_status	Alive	tcga_bcr/patient/vital_status
SC003	4a831893-f4ca-4357-a756-b5e954e35dd7	aa29abbd-2f3a-47d8-af5e-c679cdb96c6d	/home/student/Desktop/CEIF/16_multiomics_acquisition_v1/raw/09_CLINICAL/SC003/nationwidechildrens.org_clinical.TCGA-E9-A2JS.xml	days_to_last_followup	13	tcga_bcr/patient/days_to_last_followup
SC003	4a831893-f4ca-4357-a756-b5e954e35dd7	aa29abbd-2f3a-47d8-af5e-c679cdb96c6d	/home/student/Desktop/CEIF/16_multiomics_acquisition_v1/raw/09_CLINICAL/SC003/nationwidechildrens.org_clinical.TCGA-E9-A2JS.xml	vital_status	Alive	tcga_bcr/patient/follow_ups/follow_up/vital_status
SC003	4a831893-f4ca-4357-a756-b5e954e35dd7	aa29abbd-2f3a-47d8-af5e-c679cdb96c6d	/home/student/Desktop/CEIF/16_multiomics_acquisition_v1/raw/09_CLINICAL/SC003/nationwidechildrens.org_clinical.TCGA-E9-A2JS.xml	days_to_last_followup	540	tcga_bcr/patient/follow_ups/follow_up/days_to_last_followup
SC003	4a831893-f4ca-4357-a756-b5e954e35dd7	aa29abbd-2f3a-47d8-af5e-c679cdb96c6d	/home/student/Desktop/CEIF/16_multiomics_acquisition_v1/raw/09_CLINICAL/SC003/nationwidechildrens.org_clinical.TCGA-E9-A2JS.xml	new_tumor_event_after_initial_treatment	YES	tcga_bcr/patient/follow_ups/follow_up/new_tumor_event_after_initial_treatment
SC003	4a831893-f4ca-4357-a756-b5e954e35dd7	aa29abbd-2f3a-47d8-af5e-c679cdb96c6d	/home/student/Desktop/CEIF/16_multiomics_acquisition_v1/raw/09_CLINICAL/SC003/nationwidechildrens.org_clinical.TCGA-E9-A2JS.xml	new_neoplasm_event_type	Distant Metastasis	tcga_bcr/patient/follow_ups/follow_up/new_neoplasm_event_type
SC003	4a831893-f4ca-4357-a756-b5e954e35dd7	aa29abbd-2f3a-47d8-af5e-c679cdb96c6d	/home/student/Desktop/CEIF/16_multiomics_acquisition_v1/raw/09_CLINICAL/SC003/nationwidechildrens.org_clinical.TCGA-E9-A2JS.xml	vital_status	Dead	tcga_bcr/patient/follow_ups/follow_up/vital_status
SC003	4a831893-f4ca-4357-a756-b5e954e35dd7	aa29abbd-2f3a-47d8-af5e-c679cdb96c6d	/home/student/Desktop/CEIF/16_multiomics_acquisition_v1/raw/09_CLINICAL/SC003/nationwidechildrens.org_clinical.TCGA-E9-A2JS.xml	days_to_death	904	tcga_bcr/patient/follow_ups/follow_up/days_to_death
SC003	4a831893-f4ca-4357-a756-b5e954e35dd7	aa29abbd-2f3a-47d8-af5e-c679cdb96c6d	/home/student/Desktop/CEIF/16_multiomics_acquisition_v1/raw/09_CLINICAL/SC003/nationwidechildrens.org_clinical.TCGA-E9-A2JS.xml	new_tumor_event_after_initial_treatment	YES	tcga_bcr/patient/follow_ups/follow_up/new_tumor_events/new_tumor_event_after_initial_treatment
SC003	4a831893-f4ca-4357-a756-b5e954e35dd7	aa29abbd-2f3a-47d8-af5e-c679cdb96c6d	/home/student/Desktop/CEIF/16_multiomics_acquisition_v1/raw/09_CLINICAL/SC003/nationwidechildrens.org_clinical.TCGA-E9-A2JS.xml	new_neoplasm_event_type	Distant Metastasis	tcga_bcr/patient/follow_ups/follow_up/new_tumor_events/new_tumor_event/new_neoplasm_event_type
SC003	4a831893-f4ca-4357-a756-b5e954e35dd7	aa29abbd-2f3a-47d8-af5e-c679cdb96c6d	/home/student/Desktop/CEIF/16_multiomics_acquisition_v1/raw/09_CLINICAL/SC003/nationwidechildrens.org_clinical.TCGA-E9-A2JS.xml	new_neoplasm_event_type	Distant Metastasis	tcga_bcr/patient/follow_ups/follow_up/new_tumor_events/new_tumor_event/new_neoplasm_event_type
SC003	53886143-c1c6-40e9-88e6-e4e5e0271fc8	91d9184f-7abb-4a67-aefd-40536901bd57	/home/student/Desktop/CEIF/16_multiomics_acquisition_v1/raw/09_CLINICAL/SC003/nationwidechildrens.org_clinical.TCGA-A2-A3XX.xml	vital_status	Alive	tcga_bcr/patient/vital_status
SC003	53886143-c1c6-40e9-88e6-e4e5e0271fc8	91d9184f-7abb-4a67-aefd-40536901bd57	/home/student/Desktop/CEIF/16_multiomics_acquisition_v1/raw/09_CLINICAL/SC003/nationwidechildrens.org_clinical.TCGA-A2-A3XX.xml	days_to_last_followup	1168	tcga_bcr/patient/days_to_last_followup
SC003	53886143-c1c6-40e9-88e6-e4e5e0271fc8	91d9184f-7abb-4a67-aefd-40536901bd57	/home/student/Desktop/CEIF/16_multiomics_acquisition_v1/raw/09_CLINICAL/SC003/nationwidechildrens.org_clinical.TCGA-A2-A3XX.xml	vital_status	Dead	tcga_bcr/patient/follow_ups/follow_up/vital_status
SC003	53886143-c1c6-40e9-88e6-e4e5e0271fc8	91d9184f-7abb-4a67-aefd-40536901bd57	/home/student/Desktop/CEIF/16_multiomics_acquisition_v1/raw/09_CLINICAL/SC003/nationwidechildrens.org_clinical.TCGA-A2-A3XX.xml	days_to_death	1439	tcga_bcr/patient/follow_ups/follow_up/days_to_death
SC003	53886143-c1c6-40e9-88e6-e4e5e0271fc8	91d9184f-7abb-4a67-aefd-40536901bd57	/home/student/Desktop/CEIF/16_multiomics_acquisition_v1/raw/09_CLINICAL/SC003/nationwidechildrens.org_clinical.TCGA-A2-A3XX.xml	new_tumor_event_after_initial_treatment	NO	tcga_bcr/patient/follow_ups/follow_up/new_tumor_events/new_tumor_event_after_initial_treatment
SC003	59be60a3-e0f6-4d63-b98c-574ef92428c4	921d5555-c101-4787-8b09-8f8a5a817fea	/home/student/Desktop/CEIF/16_multiomics_acquisition_v1/raw/09_CLINICAL/SC003/nationwidechildrens.org_clinical.TCGA-E2-A15M.xml	vital_status	Alive	tcga_bcr/patient/vital_status
SC003	59be60a3-e0f6-4d63-b98c-574ef92428c4	921d5555-c101-4787-8b09-8f8a5a817fea	/home/student/Desktop/CEIF/16_multiomics_acquisition_v1/raw/09_CLINICAL/SC003/nationwidechildrens.org_clinical.TCGA-E2-A15M.xml	days_to_last_followup	235	tcga_bcr/patient/days_to_last_followup
SC003	59be60a3-e0f6-4d63-b98c-574ef92428c4	921d5555-c101-4787-8b09-8f8a5a817fea	/home/student/Desktop/CEIF/16_multiomics_acquisition_v1/raw/09_CLINICAL/SC003/nationwidechildrens.org_clinical.TCGA-E2-A15M.xml	vital_status	Dead	tcga_bcr/patient/follow_ups/follow_up/vital_status
SC003	59be60a3-e0f6-4d63-b98c-574ef92428c4	921d5555-c101-4787-8b09-8f8a5a817fea	/home/student/Desktop/CEIF/16_multiomics_acquisition_v1/raw/09_CLINICAL/SC003/nationwidechildrens.org_clinical.TCGA-E2-A15M.xml	days_to_death	336	tcga_bcr/patient/follow_ups/follow_up/days_to_death
SC003	59be60a3-e0f6-4d63-b98c-574ef92428c4	921d5555-c101-4787-8b09-8f8a5a817fea	/home/student/Desktop/CEIF/16_multiomics_acquisition_v1/raw/09_CLINICAL/SC003/nationwidechildrens.org_clinical.TCGA-E2-A15M.xml	new_tumor_event_after_initial_treatment	NO	tcga_bcr/patient/follow_ups/follow_up/new_tumor_event_after_initial_treatment
SC003	5a4b7098-1f6a-49e9-b364-29d6d34f5bd5	3c5bb13b-26e2-41f2-915d-3ea152611b7e	/home/student/Desktop/CEIF/16_multiomics_acquisition_v1/raw/09_CLINICAL/SC003/nationwidechildrens.org_clinical.TCGA-B6-A0IM.xml	vital_status	Alive	tcga_bcr/patient/vital_status
SC003	5a4b7098-1f6a-49e9-b364-29d6d34f5bd5	3c5bb13b-26e2-41f2-915d-3ea152611b7e	/home/student/Desktop/CEIF/16_multiomics_acquisition_v1/raw/09_CLINICAL/SC003/nationwidechildrens.org_clinical.TCGA-B6-A0IM.xml	days_to_last_followup	3836	tcga_bcr/patient/days_to_last_followup
SC003	5a4b7098-1f6a-49e9-b364-29d6d34f5bd5	3c5bb13b-26e2-41f2-915d-3ea152611b7e	/home/student/Desktop/CEIF/16_multiomics_acquisition_v1/raw/09_CLINICAL/SC003/nationwidechildrens.org_clinical.TCGA-B6-A0IM.xml	vital_status	Dead	tcga_bcr/patient/follow_ups/follow_up/vital_status
SC003	5a4b7098-1f6a-49e9-b364-29d6d34f5bd5	3c5bb13b-26e2-41f2-915d-3ea152611b7e	/home/student/Desktop/CEIF/16_multiomics_acquisition_v1/raw/09_CLINICAL/SC003/nationwidechildrens.org_clinical.TCGA-B6-A0IM.xml	days_to_death	3873	tcga_bcr/patient/follow_ups/follow_up/days_to_death
SC003	5a4b7098-1f6a-49e9-b364-29d6d34f5bd5	3c5bb13b-26e2-41f2-915d-3ea152611b7e	/home/student/Desktop/CEIF/16_multiomics_acquisition_v1/raw/09_CLINICAL/SC003/nationwidechildrens.org_clinical.TCGA-B6-A0IM.xml	new_tumor_event_after_initial_treatment	NO	tcga_bcr/patient/follow_ups/follow_up/new_tumor_event_after_initial_treatment
SC003	61204cdf-3b1c-44a1-bda6-0fef1ac4a333	25fd3fae-7b8c-4eb4-9d48-2a653740db6e	/home/student/Desktop/CEIF/16_multiomics_acquisition_v1/raw/09_CLINICAL/SC003/nationwidechildrens.org_clinical.TCGA-HN-A2OB.xml	vital_status	Alive	tcga_bcr/patient/vital_status
SC003	61204cdf-3b1c-44a1-bda6-0fef1ac4a333	25fd3fae-7b8c-4eb4-9d48-2a653740db6e	/home/student/Desktop/CEIF/16_multiomics_acquisition_v1/raw/09_CLINICAL/SC003/nationwidechildrens.org_clinical.TCGA-HN-A2OB.xml	days_to_last_followup	1849	tcga_bcr/patient/days_to_last_followup
SC003	61204cdf-3b1c-44a1-bda6-0fef1ac4a333	25fd3fae-7b8c-4eb4-9d48-2a653740db6e	/home/student/Desktop/CEIF/16_multiomics_acquisition_v1/raw/09_CLINICAL/SC003/nationwidechildrens.org_clinical.TCGA-HN-A2OB.xml	new_tumor_event_after_initial_treatment	YES	tcga_bcr/patient/new_tumor_events/new_tumor_event_after_initial_treatment
SC003	61204cdf-3b1c-44a1-bda6-0fef1ac4a333	25fd3fae-7b8c-4eb4-9d48-2a653740db6e	/home/student/Desktop/CEIF/16_multiomics_acquisition_v1/raw/09_CLINICAL/SC003/nationwidechildrens.org_clinical.TCGA-HN-A2OB.xml	new_neoplasm_event_type	Distant Metastasis	tcga_bcr/patient/new_tumor_events/new_tumor_event/new_neoplasm_event_type
SC003	61204cdf-3b1c-44a1-bda6-0fef1ac4a333	25fd3fae-7b8c-4eb4-9d48-2a653740db6e	/home/student/Desktop/CEIF/16_multiomics_acquisition_v1/raw/09_CLINICAL/SC003/nationwidechildrens.org_clinical.TCGA-HN-A2OB.xml	vital_status	Alive	tcga_bcr/patient/follow_ups/follow_up/vital_status
SC003	61204cdf-3b1c-44a1-bda6-0fef1ac4a333	25fd3fae-7b8c-4eb4-9d48-2a653740db6e	/home/student/Desktop/CEIF/16_multiomics_acquisition_v1/raw/09_CLINICAL/SC003/nationwidechildrens.org_clinical.TCGA-HN-A2OB.xml	days_to_last_followup	1883	tcga_bcr/patient/follow_ups/follow_up/days_to_last_followup
SC003	61204cdf-3b1c-44a1-bda6-0fef1ac4a333	25fd3fae-7b8c-4eb4-9d48-2a653740db6e	/home/student/Desktop/CEIF/16_multiomics_acquisition_v1/raw/09_CLINICAL/SC003/nationwidechildrens.org_clinical.TCGA-HN-A2OB.xml	new_tumor_event_after_initial_treatment	NO	tcga_bcr/patient/follow_ups/follow_up/new_tumor_events/new_tumor_event_after_initial_treatment
SC003	61204cdf-3b1c-44a1-bda6-0fef1ac4a333	25fd3fae-7b8c-4eb4-9d48-2a653740db6e	/home/student/Desktop/CEIF/16_multiomics_acquisition_v1/raw/09_CLINICAL/SC003/nationwidechildrens.org_clinical.TCGA-HN-A2OB.xml	vital_status	Dead	tcga_bcr/patient/follow_ups/follow_up/vital_status
SC003	61204cdf-3b1c-44a1-bda6-0fef1ac4a333	25fd3fae-7b8c-4eb4-9d48-2a653740db6e	/home/student/Desktop/CEIF/16_multiomics_acquisition_v1/raw/09_CLINICAL/SC003/nationwidechildrens.org_clinical.TCGA-HN-A2OB.xml	days_to_death	1900	tcga_bcr/patient/follow_ups/follow_up/days_to_death
SC003	61204cdf-3b1c-44a1-bda6-0fef1ac4a333	25fd3fae-7b8c-4eb4-9d48-2a653740db6e	/home/student/Desktop/CEIF/16_multiomics_acquisition_v1/raw/09_CLINICAL/SC003/nationwidechildrens.org_clinical.TCGA-HN-A2OB.xml	new_tumor_event_after_initial_treatment	YES	tcga_bcr/patient/follow_ups/follow_up/new_tumor_events/new_tumor_event_after_initial_treatment
SC003	61204cdf-3b1c-44a1-bda6-0fef1ac4a333	25fd3fae-7b8c-4eb4-9d48-2a653740db6e	/home/student/Desktop/CEIF/16_multiomics_acquisition_v1/raw/09_CLINICAL/SC003/nationwidechildrens.org_clinical.TCGA-HN-A2OB.xml	new_neoplasm_event_type	Distant Metastasis	tcga_bcr/patient/follow_ups/follow_up/new_tumor_events/new_tumor_event/new_neoplasm_event_type
SC003	61204cdf-3b1c-44a1-bda6-0fef1ac4a333	25fd3fae-7b8c-4eb4-9d48-2a653740db6e	/home/student/Desktop/CEIF/16_multiomics_acquisition_v1/raw/09_CLINICAL/SC003/nationwidechildrens.org_clinical.TCGA-HN-A2OB.xml	new_neoplasm_event_type	Distant Metastasis	tcga_bcr/patient/follow_ups/follow_up/new_tumor_events/new_tumor_event/new_neoplasm_event_type
SC003	659b0170-e914-45ff-aa55-fcb8d3dc7b8a	7d994fce-21ee-48f5-8e12-350bd65bec01	/home/student/Desktop/CEIF/16_multiomics_acquisition_v1/raw/09_CLINICAL/SC003/nationwidechildrens.org_clinical.TCGA-E9-A1NG.xml	vital_status	Alive	tcga_bcr/patient/vital_status
SC003	659b0170-e914-45ff-aa55-fcb8d3dc7b8a	7d994fce-21ee-48f5-8e12-350bd65bec01	/home/student/Desktop/CEIF/16_multiomics_acquisition_v1/raw/09_CLINICAL/SC003/nationwidechildrens.org_clinical.TCGA-E9-A1NG.xml	days_to_last_followup	0	tcga_bcr/patient/days_to_last_followup
SC003	659b0170-e914-45ff-aa55-fcb8d3dc7b8a	7d994fce-21ee-48f5-8e12-350bd65bec01	/home/student/Desktop/CEIF/16_multiomics_acquisition_v1/raw/09_CLINICAL/SC003/nationwidechildrens.org_clinical.TCGA-E9-A1NG.xml	vital_status	Alive	tcga_bcr/patient/follow_ups/follow_up/vital_status
SC003	659b0170-e914-45ff-aa55-fcb8d3dc7b8a	7d994fce-21ee-48f5-8e12-350bd65bec01	/home/student/Desktop/CEIF/16_multiomics_acquisition_v1/raw/09_CLINICAL/SC003/nationwidechildrens.org_clinical.TCGA-E9-A1NG.xml	days_to_last_followup	656	tcga_bcr/patient/follow_ups/follow_up/days_to_last_followup
SC003	659b0170-e914-45ff-aa55-fcb8d3dc7b8a	7d994fce-21ee-48f5-8e12-350bd65bec01	/home/student/Desktop/CEIF/16_multiomics_acquisition_v1/raw/09_CLINICAL/SC003/nationwidechildrens.org_clinical.TCGA-E9-A1NG.xml	new_tumor_event_after_initial_treatment	NO	tcga_bcr/patient/follow_ups/follow_up/new_tumor_event_after_initial_treatment
SC003	659b0170-e914-45ff-aa55-fcb8d3dc7b8a	7d994fce-21ee-48f5-8e12-350bd65bec01	/home/student/Desktop/CEIF/16_multiomics_acquisition_v1/raw/09_CLINICAL/SC003/nationwidechildrens.org_clinical.TCGA-E9-A1NG.xml	vital_status	Dead	tcga_bcr/patient/follow_ups/follow_up/vital_status
SC003	659b0170-e914-45ff-aa55-fcb8d3dc7b8a	7d994fce-21ee-48f5-8e12-350bd65bec01	/home/student/Desktop/CEIF/16_multiomics_acquisition_v1/raw/09_CLINICAL/SC003/nationwidechildrens.org_clinical.TCGA-E9-A1NG.xml	days_to_death	786	tcga_bcr/patient/follow_ups/follow_up/days_to_death
SC003	659b0170-e914-45ff-aa55-fcb8d3dc7b8a	7d994fce-21ee-48f5-8e12-350bd65bec01	/home/student/Desktop/CEIF/16_multiomics_acquisition_v1/raw/09_CLINICAL/SC003/nationwidechildrens.org_clinical.TCGA-E9-A1NG.xml	new_tumor_event_after_initial_treatment	NO	tcga_bcr/patient/follow_ups/follow_up/new_tumor_events/new_tumor_event_after_initial_treatment
SC003	7dcf550c-90ce-4f63-aecd-0e46897e2a3e	2bce3c85-2cef-42d7-9d75-8860062683f3	/home/student/Desktop/CEIF/16_multiomics_acquisition_v1/raw/09_CLINICAL/SC003/nationwidechildrens.org_clinical.TCGA-AC-A23H.xml	vital_status	Alive	tcga_bcr/patient/vital_status
SC003	7dcf550c-90ce-4f63-aecd-0e46897e2a3e	2bce3c85-2cef-42d7-9d75-8860062683f3	/home/student/Desktop/CEIF/16_multiomics_acquisition_v1/raw/09_CLINICAL/SC003/nationwidechildrens.org_clinical.TCGA-AC-A23H.xml	days_to_last_followup	0	tcga_bcr/patient/days_to_last_followup
SC003	7dcf550c-90ce-4f63-aecd-0e46897e2a3e	2bce3c85-2cef-42d7-9d75-8860062683f3	/home/student/Desktop/CEIF/16_multiomics_acquisition_v1/raw/09_CLINICAL/SC003/nationwidechildrens.org_clinical.TCGA-AC-A23H.xml	vital_status	Dead	tcga_bcr/patient/follow_ups/follow_up/vital_status
SC003	7dcf550c-90ce-4f63-aecd-0e46897e2a3e	2bce3c85-2cef-42d7-9d75-8860062683f3	/home/student/Desktop/CEIF/16_multiomics_acquisition_v1/raw/09_CLINICAL/SC003/nationwidechildrens.org_clinical.TCGA-AC-A23H.xml	days_to_death	0	tcga_bcr/patient/follow_ups/follow_up/days_to_death
SC003	7dcf550c-90ce-4f63-aecd-0e46897e2a3e	2bce3c85-2cef-42d7-9d75-8860062683f3	/home/student/Desktop/CEIF/16_multiomics_acquisition_v1/raw/09_CLINICAL/SC003/nationwidechildrens.org_clinical.TCGA-AC-A23H.xml	new_tumor_event_after_initial_treatment	NO	tcga_bcr/patient/follow_ups/follow_up/new_tumor_events/new_tumor_event_after_initial_treatment
SC003	8218119a-f68b-4ea7-9ee4-5e2edc2ae342	08770acd-4a5f-41e9-bc03-1dd153470903	/home/student/Desktop/CEIF/16_multiomics_acquisition_v1/raw/09_CLINICAL/SC003/nationwidechildrens.org_clinical.TCGA-E9-A245.xml	vital_status	Alive	tcga_bcr/patient/vital_status
SC003	8218119a-f68b-4ea7-9ee4-5e2edc2ae342	08770acd-4a5f-41e9-bc03-1dd153470903	/home/student/Desktop/CEIF/16_multiomics_acquisition_v1/raw/09_CLINICAL/SC003/nationwidechildrens.org_clinical.TCGA-E9-A245.xml	days_to_last_followup	26	tcga_bcr/patient/days_to_last_followup
SC003	8218119a-f68b-4ea7-9ee4-5e2edc2ae342	08770acd-4a5f-41e9-bc03-1dd153470903	/home/student/Desktop/CEIF/16_multiomics_acquisition_v1/raw/09_CLINICAL/SC003/nationwidechildrens.org_clinical.TCGA-E9-A245.xml	vital_status	Dead	tcga_bcr/patient/follow_ups/follow_up/vital_status
SC003	8218119a-f68b-4ea7-9ee4-5e2edc2ae342	08770acd-4a5f-41e9-bc03-1dd153470903	/home/student/Desktop/CEIF/16_multiomics_acquisition_v1/raw/09_CLINICAL/SC003/nationwidechildrens.org_clinical.TCGA-E9-A245.xml	new_tumor_event_after_initial_treatment	NO	tcga_bcr/patient/follow_ups/follow_up/new_tumor_event_after_initial_treatment
SC003	8c7e74e0-71ef-49b8-9217-94b8ef740ef9	ee9cf11e-420a-48c1-a1a4-b888a65f61fc	/home/student/Desktop/CEIF/16_multiomics_acquisition_v1/raw/09_CLINICAL/SC003/nationwidechildrens.org_clinical.TCGA-A7-A13E.xml	vital_status	Alive	tcga_bcr/patient/vital_status
SC003	8c7e74e0-71ef-49b8-9217-94b8ef740ef9	ee9cf11e-420a-48c1-a1a4-b888a65f61fc	/home/student/Desktop/CEIF/16_multiomics_acquisition_v1/raw/09_CLINICAL/SC003/nationwidechildrens.org_clinical.TCGA-A7-A13E.xml	days_to_last_followup	287	tcga_bcr/patient/days_to_last_followup
SC003	8c7e74e0-71ef-49b8-9217-94b8ef740ef9	ee9cf11e-420a-48c1-a1a4-b888a65f61fc	/home/student/Desktop/CEIF/16_multiomics_acquisition_v1/raw/09_CLINICAL/SC003/nationwidechildrens.org_clinical.TCGA-A7-A13E.xml	days_to_last_followup	326	tcga_bcr/patient/follow_ups/follow_up/days_to_last_followup
SC003	8c7e74e0-71ef-49b8-9217-94b8ef740ef9	ee9cf11e-420a-48c1-a1a4-b888a65f61fc	/home/student/Desktop/CEIF/16_multiomics_acquisition_v1/raw/09_CLINICAL/SC003/nationwidechildrens.org_clinical.TCGA-A7-A13E.xml	vital_status	Alive	tcga_bcr/patient/follow_ups/follow_up/vital_status
SC003	8c7e74e0-71ef-49b8-9217-94b8ef740ef9	ee9cf11e-420a-48c1-a1a4-b888a65f61fc	/home/student/Desktop/CEIF/16_multiomics_acquisition_v1/raw/09_CLINICAL/SC003/nationwidechildrens.org_clinical.TCGA-A7-A13E.xml	vital_status	Dead	tcga_bcr/patient/follow_ups/follow_up/vital_status
SC003	8c7e74e0-71ef-49b8-9217-94b8ef740ef9	ee9cf11e-420a-48c1-a1a4-b888a65f61fc	/home/student/Desktop/CEIF/16_multiomics_acquisition_v1/raw/09_CLINICAL/SC003/nationwidechildrens.org_clinical.TCGA-A7-A13E.xml	days_to_death	614	tcga_bcr/patient/follow_ups/follow_up/days_to_death
SC003	8c7e74e0-71ef-49b8-9217-94b8ef740ef9	ee9cf11e-420a-48c1-a1a4-b888a65f61fc	/home/student/Desktop/CEIF/16_multiomics_acquisition_v1/raw/09_CLINICAL/SC003/nationwidechildrens.org_clinical.TCGA-A7-A13E.xml	new_tumor_event_after_initial_treatment	YES	tcga_bcr/patient/follow_ups/follow_up/new_tumor_event_after_initial_treatment
SC003	8c7e74e0-71ef-49b8-9217-94b8ef740ef9	ee9cf11e-420a-48c1-a1a4-b888a65f61fc	/home/student/Desktop/CEIF/16_multiomics_acquisition_v1/raw/09_CLINICAL/SC003/nationwidechildrens.org_clinical.TCGA-A7-A13E.xml	new_neoplasm_event_type	Distant Metastasis	tcga_bcr/patient/follow_ups/follow_up/new_neoplasm_event_type
SC003	8d5fe6e8-d2cc-481f-a6a1-9cb6e7982cde	690681bd-d040-4179-bb30-20d3d491f6e2	/home/student/Desktop/CEIF/16_multiomics_acquisition_v1/raw/09_CLINICAL/SC003/nationwidechildrens.org_clinical.TCGA-A2-A0EW.xml	vital_status	Alive	tcga_bcr/patient/vital_status
SC003	8d5fe6e8-d2cc-481f-a6a1-9cb6e7982cde	690681bd-d040-4179-bb30-20d3d491f6e2	/home/student/Desktop/CEIF/16_multiomics_acquisition_v1/raw/09_CLINICAL/SC003/nationwidechildrens.org_clinical.TCGA-A2-A0EW.xml	days_to_last_followup	770	tcga_bcr/patient/days_to_last_followup
SC003	8d5fe6e8-d2cc-481f-a6a1-9cb6e7982cde	690681bd-d040-4179-bb30-20d3d491f6e2	/home/student/Desktop/CEIF/16_multiomics_acquisition_v1/raw/09_CLINICAL/SC003/nationwidechildrens.org_clinical.TCGA-A2-A0EW.xml	vital_status	Alive	tcga_bcr/patient/follow_ups/follow_up/vital_status
SC003	8d5fe6e8-d2cc-481f-a6a1-9cb6e7982cde	690681bd-d040-4179-bb30-20d3d491f6e2	/home/student/Desktop/CEIF/16_multiomics_acquisition_v1/raw/09_CLINICAL/SC003/nationwidechildrens.org_clinical.TCGA-A2-A0EW.xml	days_to_last_followup	905	tcga_bcr/patient/follow_ups/follow_up/days_to_last_followup
SC003	8d5fe6e8-d2cc-481f-a6a1-9cb6e7982cde	690681bd-d040-4179-bb30-20d3d491f6e2	/home/student/Desktop/CEIF/16_multiomics_acquisition_v1/raw/09_CLINICAL/SC003/nationwidechildrens.org_clinical.TCGA-A2-A0EW.xml	new_tumor_event_after_initial_treatment	NO	tcga_bcr/patient/follow_ups/follow_up/new_tumor_event_after_initial_treatment
SC003	8d5fe6e8-d2cc-481f-a6a1-9cb6e7982cde	690681bd-d040-4179-bb30-20d3d491f6e2	/home/student/Desktop/CEIF/16_multiomics_acquisition_v1/raw/09_CLINICAL/SC003/nationwidechildrens.org_clinical.TCGA-A2-A0EW.xml	vital_status	Dead	tcga_bcr/patient/follow_ups/follow_up/vital_status
SC003	8d5fe6e8-d2cc-481f-a6a1-9cb6e7982cde	690681bd-d040-4179-bb30-20d3d491f6e2	/home/student/Desktop/CEIF/16_multiomics_acquisition_v1/raw/09_CLINICAL/SC003/nationwidechildrens.org_clinical.TCGA-A2-A0EW.xml	days_to_death	1884	tcga_bcr/patient/follow_ups/follow_up/days_to_death
SC003	8d5fe6e8-d2cc-481f-a6a1-9cb6e7982cde	690681bd-d040-4179-bb30-20d3d491f6e2	/home/student/Desktop/CEIF/16_multiomics_acquisition_v1/raw/09_CLINICAL/SC003/nationwidechildrens.org_clinical.TCGA-A2-A0EW.xml	new_tumor_event_after_initial_treatment	YES	tcga_bcr/patient/follow_ups/follow_up/new_tumor_events/new_tumor_event_after_initial_treatment
SC003	8d5fe6e8-d2cc-481f-a6a1-9cb6e7982cde	690681bd-d040-4179-bb30-20d3d491f6e2	/home/student/Desktop/CEIF/16_multiomics_acquisition_v1/raw/09_CLINICAL/SC003/nationwidechildrens.org_clinical.TCGA-A2-A0EW.xml	new_neoplasm_event_type	Distant Metastasis	tcga_bcr/patient/follow_ups/follow_up/new_tumor_events/new_tumor_event/new_neoplasm_event_type
SC003	8e54232d-d8bb-4612-8b0e-4feb076a60f9	860defc4-da9d-4cb8-b840-9321774a7318	/home/student/Desktop/CEIF/16_multiomics_acquisition_v1/raw/09_CLINICAL/SC003/nationwidechildrens.org_clinical.TCGA-A2-A0CO.xml	vital_status	Alive	tcga_bcr/patient/vital_status
SC003	8e54232d-d8bb-4612-8b0e-4feb076a60f9	860defc4-da9d-4cb8-b840-9321774a7318	/home/student/Desktop/CEIF/16_multiomics_acquisition_v1/raw/09_CLINICAL/SC003/nationwidechildrens.org_clinical.TCGA-A2-A0CO.xml	days_to_last_followup	1468	tcga_bcr/patient/days_to_last_followup
SC003	8e54232d-d8bb-4612-8b0e-4feb076a60f9	860defc4-da9d-4cb8-b840-9321774a7318	/home/student/Desktop/CEIF/16_multiomics_acquisition_v1/raw/09_CLINICAL/SC003/nationwidechildrens.org_clinical.TCGA-A2-A0CO.xml	vital_status	Dead	tcga_bcr/patient/follow_ups/follow_up/vital_status
SC003	8e54232d-d8bb-4612-8b0e-4feb076a60f9	860defc4-da9d-4cb8-b840-9321774a7318	/home/student/Desktop/CEIF/16_multiomics_acquisition_v1/raw/09_CLINICAL/SC003/nationwidechildrens.org_clinical.TCGA-A2-A0CO.xml	days_to_death	1468	tcga_bcr/patient/follow_ups/follow_up/days_to_death
SC003	8e54232d-d8bb-4612-8b0e-4feb076a60f9	860defc4-da9d-4cb8-b840-9321774a7318	/home/student/Desktop/CEIF/16_multiomics_acquisition_v1/raw/09_CLINICAL/SC003/nationwidechildrens.org_clinical.TCGA-A2-A0CO.xml	new_tumor_event_after_initial_treatment	NO	tcga_bcr/patient/follow_ups/follow_up/new_tumor_events/new_tumor_event_after_initial_treatment
SC003	9434687a-197c-4959-b6b8-9c05f1dd7f53	d3a7dedf-9915-440b-9c56-c2c6f8e6d86c	/home/student/Desktop/CEIF/16_multiomics_acquisition_v1/raw/09_CLINICAL/SC003/nationwidechildrens.org_clinical.TCGA-B6-A3ZX.xml	vital_status	Alive	tcga_bcr/patient/vital_status
SC003	9434687a-197c-4959-b6b8-9c05f1dd7f53	d3a7dedf-9915-440b-9c56-c2c6f8e6d86c	/home/student/Desktop/CEIF/16_multiomics_acquisition_v1/raw/09_CLINICAL/SC003/nationwidechildrens.org_clinical.TCGA-B6-A3ZX.xml	days_to_last_followup	1132	tcga_bcr/patient/days_to_last_followup
SC003	9434687a-197c-4959-b6b8-9c05f1dd7f53	d3a7dedf-9915-440b-9c56-c2c6f8e6d86c	/home/student/Desktop/CEIF/16_multiomics_acquisition_v1/raw/09_CLINICAL/SC003/nationwidechildrens.org_clinical.TCGA-B6-A3ZX.xml	new_tumor_event_after_initial_treatment	YES	tcga_bcr/patient/new_tumor_events/new_tumor_event_after_initial_treatment
SC003	9434687a-197c-4959-b6b8-9c05f1dd7f53	d3a7dedf-9915-440b-9c56-c2c6f8e6d86c	/home/student/Desktop/CEIF/16_multiomics_acquisition_v1/raw/09_CLINICAL/SC003/nationwidechildrens.org_clinical.TCGA-B6-A3ZX.xml	new_neoplasm_event_type	Distant Metastasis	tcga_bcr/patient/new_tumor_events/new_tumor_event/new_neoplasm_event_type
SC003	9434687a-197c-4959-b6b8-9c05f1dd7f53	d3a7dedf-9915-440b-9c56-c2c6f8e6d86c	/home/student/Desktop/CEIF/16_multiomics_acquisition_v1/raw/09_CLINICAL/SC003/nationwidechildrens.org_clinical.TCGA-B6-A3ZX.xml	vital_status	Dead	tcga_bcr/patient/follow_ups/follow_up/vital_status
SC003	9434687a-197c-4959-b6b8-9c05f1dd7f53	d3a7dedf-9915-440b-9c56-c2c6f8e6d86c	/home/student/Desktop/CEIF/16_multiomics_acquisition_v1/raw/09_CLINICAL/SC003/nationwidechildrens.org_clinical.TCGA-B6-A3ZX.xml	days_to_death	1152	tcga_bcr/patient/follow_ups/follow_up/days_to_death
SC003	9434687a-197c-4959-b6b8-9c05f1dd7f53	d3a7dedf-9915-440b-9c56-c2c6f8e6d86c	/home/student/Desktop/CEIF/16_multiomics_acquisition_v1/raw/09_CLINICAL/SC003/nationwidechildrens.org_clinical.TCGA-B6-A3ZX.xml	new_tumor_event_after_initial_treatment	YES	tcga_bcr/patient/follow_ups/follow_up/new_tumor_events/new_tumor_event_after_initial_treatment
SC003	9434687a-197c-4959-b6b8-9c05f1dd7f53	d3a7dedf-9915-440b-9c56-c2c6f8e6d86c	/home/student/Desktop/CEIF/16_multiomics_acquisition_v1/raw/09_CLINICAL/SC003/nationwidechildrens.org_clinical.TCGA-B6-A3ZX.xml	new_neoplasm_event_type	Distant Metastasis	tcga_bcr/patient/follow_ups/follow_up/new_tumor_events/new_tumor_event/new_neoplasm_event_type
SC003	94b95984-b2fb-4e42-8887-45e7086c3179	416ae1cf-13ed-4bca-ac5d-23255cf97221	/home/student/Desktop/CEIF/16_multiomics_acquisition_v1/raw/09_CLINICAL/SC003/nationwidechildrens.org_clinical.TCGA-E9-A1RB.xml	vital_status	Alive	tcga_bcr/patient/vital_status
SC003	94b95984-b2fb-4e42-8887-45e7086c3179	416ae1cf-13ed-4bca-ac5d-23255cf97221	/home/student/Desktop/CEIF/16_multiomics_acquisition_v1/raw/09_CLINICAL/SC003/nationwidechildrens.org_clinical.TCGA-E9-A1RB.xml	days_to_last_followup	21	tcga_bcr/patient/days_to_last_followup
SC003	94b95984-b2fb-4e42-8887-45e7086c3179	416ae1cf-13ed-4bca-ac5d-23255cf97221	/home/student/Desktop/CEIF/16_multiomics_acquisition_v1/raw/09_CLINICAL/SC003/nationwidechildrens.org_clinical.TCGA-E9-A1RB.xml	vital_status	Alive	tcga_bcr/patient/follow_ups/follow_up/vital_status
SC003	94b95984-b2fb-4e42-8887-45e7086c3179	416ae1cf-13ed-4bca-ac5d-23255cf97221	/home/student/Desktop/CEIF/16_multiomics_acquisition_v1/raw/09_CLINICAL/SC003/nationwidechildrens.org_clinical.TCGA-E9-A1RB.xml	days_to_last_followup	633	tcga_bcr/patient/follow_ups/follow_up/days_to_last_followup
SC003	94b95984-b2fb-4e42-8887-45e7086c3179	416ae1cf-13ed-4bca-ac5d-23255cf97221	/home/student/Desktop/CEIF/16_multiomics_acquisition_v1/raw/09_CLINICAL/SC003/nationwidechildrens.org_clinical.TCGA-E9-A1RB.xml	new_tumor_event_after_initial_treatment	NO	tcga_bcr/patient/follow_ups/follow_up/new_tumor_event_after_initial_treatment
SC003	94b95984-b2fb-4e42-8887-45e7086c3179	416ae1cf-13ed-4bca-ac5d-23255cf97221	/home/student/Desktop/CEIF/16_multiomics_acquisition_v1/raw/09_CLINICAL/SC003/nationwidechildrens.org_clinical.TCGA-E9-A1RB.xml	vital_status	Dead	tcga_bcr/patient/follow_ups/follow_up/vital_status
SC003	94b95984-b2fb-4e42-8887-45e7086c3179	416ae1cf-13ed-4bca-ac5d-23255cf97221	/home/student/Desktop/CEIF/16_multiomics_acquisition_v1/raw/09_CLINICAL/SC003/nationwidechildrens.org_clinical.TCGA-E9-A1RB.xml	days_to_death	976	tcga_bcr/patient/follow_ups/follow_up/days_to_death
SC003	94b95984-b2fb-4e42-8887-45e7086c3179	416ae1cf-13ed-4bca-ac5d-23255cf97221	/home/student/Desktop/CEIF/16_multiomics_acquisition_v1/raw/09_CLINICAL/SC003/nationwidechildrens.org_clinical.TCGA-E9-A1RB.xml	new_tumor_event_after_initial_treatment	NO	tcga_bcr/patient/follow_ups/follow_up/new_tumor_events/new_tumor_event_after_initial_treatment
SC003	955d4263-61f7-42e8-8a6e-772a0d6c209d	46238b12-60fd-4e33-98b0-bd23c6c83962	/home/student/Desktop/CEIF/16_multiomics_acquisition_v1/raw/09_CLINICAL/SC003/nationwidechildrens.org_clinical.TCGA-E9-A1N6.xml	vital_status	Alive	tcga_bcr/patient/vital_status
SC003	955d4263-61f7-42e8-8a6e-772a0d6c209d	46238b12-60fd-4e33-98b0-bd23c6c83962	/home/student/Desktop/CEIF/16_multiomics_acquisition_v1/raw/09_CLINICAL/SC003/nationwidechildrens.org_clinical.TCGA-E9-A1N6.xml	days_to_last_followup	0	tcga_bcr/patient/days_to_last_followup
SC003	955d4263-61f7-42e8-8a6e-772a0d6c209d	46238b12-60fd-4e33-98b0-bd23c6c83962	/home/student/Desktop/CEIF/16_multiomics_acquisition_v1/raw/09_CLINICAL/SC003/nationwidechildrens.org_clinical.TCGA-E9-A1N6.xml	vital_status	Alive	tcga_bcr/patient/follow_ups/follow_up/vital_status
SC003	955d4263-61f7-42e8-8a6e-772a0d6c209d	46238b12-60fd-4e33-98b0-bd23c6c83962	/home/student/Desktop/CEIF/16_multiomics_acquisition_v1/raw/09_CLINICAL/SC003/nationwidechildrens.org_clinical.TCGA-E9-A1N6.xml	days_to_last_followup	410	tcga_bcr/patient/follow_ups/follow_up/days_to_last_followup
SC003	955d4263-61f7-42e8-8a6e-772a0d6c209d	46238b12-60fd-4e33-98b0-bd23c6c83962	/home/student/Desktop/CEIF/16_multiomics_acquisition_v1/raw/09_CLINICAL/SC003/nationwidechildrens.org_clinical.TCGA-E9-A1N6.xml	new_tumor_event_after_initial_treatment	NO	tcga_bcr/patient/follow_ups/follow_up/new_tumor_event_after_initial_treatment
SC003	955d4263-61f7-42e8-8a6e-772a0d6c209d	46238b12-60fd-4e33-98b0-bd23c6c83962	/home/student/Desktop/CEIF/16_multiomics_acquisition_v1/raw/09_CLINICAL/SC003/nationwidechildrens.org_clinical.TCGA-E9-A1N6.xml	vital_status	Dead	tcga_bcr/patient/follow_ups/follow_up/vital_status
SC003	955d4263-61f7-42e8-8a6e-772a0d6c209d	46238b12-60fd-4e33-98b0-bd23c6c83962	/home/student/Desktop/CEIF/16_multiomics_acquisition_v1/raw/09_CLINICAL/SC003/nationwidechildrens.org_clinical.TCGA-E9-A1N6.xml	days_to_death	678	tcga_bcr/patient/follow_ups/follow_up/days_to_death
SC003	955d4263-61f7-42e8-8a6e-772a0d6c209d	46238b12-60fd-4e33-98b0-bd23c6c83962	/home/student/Desktop/CEIF/16_multiomics_acquisition_v1/raw/09_CLINICAL/SC003/nationwidechildrens.org_clinical.TCGA-E9-A1N6.xml	new_tumor_event_after_initial_treatment	YES	tcga_bcr/patient/follow_ups/follow_up/new_tumor_events/new_tumor_event_after_initial_treatment
SC003	955d4263-61f7-42e8-8a6e-772a0d6c209d	46238b12-60fd-4e33-98b0-bd23c6c83962	/home/student/Desktop/CEIF/16_multiomics_acquisition_v1/raw/09_CLINICAL/SC003/nationwidechildrens.org_clinical.TCGA-E9-A1N6.xml	new_neoplasm_event_type	Distant Metastasis	tcga_bcr/patient/follow_ups/follow_up/new_tumor_events/new_tumor_event/new_neoplasm_event_type
SC003	955d4263-61f7-42e8-8a6e-772a0d6c209d	46238b12-60fd-4e33-98b0-bd23c6c83962	/home/student/Desktop/CEIF/16_multiomics_acquisition_v1/raw/09_CLINICAL/SC003/nationwidechildrens.org_clinical.TCGA-E9-A1N6.xml	new_neoplasm_event_type	Locoregional Recurrence	tcga_bcr/patient/follow_ups/follow_up/new_tumor_events/new_tumor_event/new_neoplasm_event_type
SC003	955d4263-61f7-42e8-8a6e-772a0d6c209d	46238b12-60fd-4e33-98b0-bd23c6c83962	/home/student/Desktop/CEIF/16_multiomics_acquisition_v1/raw/09_CLINICAL/SC003/nationwidechildrens.org_clinical.TCGA-E9-A1N6.xml	new_neoplasm_event_type	Distant Metastasis	tcga_bcr/patient/follow_ups/follow_up/new_tumor_events/new_tumor_event/new_neoplasm_event_type
SC003	959ff069-8a49-4c9b-85c2-5291cac0acff	83a6ee9f-1484-4d04-aede-034fe671e887	/home/student/Desktop/CEIF/16_multiomics_acquisition_v1/raw/09_CLINICAL/SC003/nationwidechildrens.org_clinical.TCGA-C8-A3M7.xml	vital_status	Alive	tcga_bcr/patient/vital_status
SC003	959ff069-8a49-4c9b-85c2-5291cac0acff	83a6ee9f-1484-4d04-aede-034fe671e887	/home/student/Desktop/CEIF/16_multiomics_acquisition_v1/raw/09_CLINICAL/SC003/nationwidechildrens.org_clinical.TCGA-C8-A3M7.xml	days_to_last_followup	1	tcga_bcr/patient/days_to_last_followup
SC003	959ff069-8a49-4c9b-85c2-5291cac0acff	83a6ee9f-1484-4d04-aede-034fe671e887	/home/student/Desktop/CEIF/16_multiomics_acquisition_v1/raw/09_CLINICAL/SC003/nationwidechildrens.org_clinical.TCGA-C8-A3M7.xml	vital_status	Dead	tcga_bcr/patient/follow_ups/follow_up/vital_status
SC003	959ff069-8a49-4c9b-85c2-5291cac0acff	83a6ee9f-1484-4d04-aede-034fe671e887	/home/student/Desktop/CEIF/16_multiomics_acquisition_v1/raw/09_CLINICAL/SC003/nationwidechildrens.org_clinical.TCGA-C8-A3M7.xml	days_to_death	1034	tcga_bcr/patient/follow_ups/follow_up/days_to_death
SC003	959ff069-8a49-4c9b-85c2-5291cac0acff	83a6ee9f-1484-4d04-aede-034fe671e887	/home/student/Desktop/CEIF/16_multiomics_acquisition_v1/raw/09_CLINICAL/SC003/nationwidechildrens.org_clinical.TCGA-C8-A3M7.xml	new_tumor_event_after_initial_treatment	YES	tcga_bcr/patient/follow_ups/follow_up/new_tumor_events/new_tumor_event_after_initial_treatment
SC003	959ff069-8a49-4c9b-85c2-5291cac0acff	83a6ee9f-1484-4d04-aede-034fe671e887	/home/student/Desktop/CEIF/16_multiomics_acquisition_v1/raw/09_CLINICAL/SC003/nationwidechildrens.org_clinical.TCGA-C8-A3M7.xml	new_neoplasm_event_type	Locoregional Recurrence	tcga_bcr/patient/follow_ups/follow_up/new_tumor_events/new_tumor_event/new_neoplasm_event_type
SC003	a824b3bd-34d5-4cc1-a92f-f9d6ac0f1814	47a5ceb3-2163-461c-a9c1-7cf6dd6bced1	/home/student/Desktop/CEIF/16_multiomics_acquisition_v1/raw/09_CLINICAL/SC003/nationwidechildrens.org_clinical.TCGA-C8-A12Q.xml	vital_status	Alive	tcga_bcr/patient/vital_status
SC003	a824b3bd-34d5-4cc1-a92f-f9d6ac0f1814	47a5ceb3-2163-461c-a9c1-7cf6dd6bced1	/home/student/Desktop/CEIF/16_multiomics_acquisition_v1/raw/09_CLINICAL/SC003/nationwidechildrens.org_clinical.TCGA-C8-A12Q.xml	days_to_last_followup	2	tcga_bcr/patient/days_to_last_followup
SC003	a824b3bd-34d5-4cc1-a92f-f9d6ac0f1814	47a5ceb3-2163-461c-a9c1-7cf6dd6bced1	/home/student/Desktop/CEIF/16_multiomics_acquisition_v1/raw/09_CLINICAL/SC003/nationwidechildrens.org_clinical.TCGA-C8-A12Q.xml	vital_status	Dead	tcga_bcr/patient/follow_ups/follow_up/vital_status
SC003	a824b3bd-34d5-4cc1-a92f-f9d6ac0f1814	47a5ceb3-2163-461c-a9c1-7cf6dd6bced1	/home/student/Desktop/CEIF/16_multiomics_acquisition_v1/raw/09_CLINICAL/SC003/nationwidechildrens.org_clinical.TCGA-C8-A12Q.xml	days_to_death	385	tcga_bcr/patient/follow_ups/follow_up/days_to_death
SC003	a824b3bd-34d5-4cc1-a92f-f9d6ac0f1814	47a5ceb3-2163-461c-a9c1-7cf6dd6bced1	/home/student/Desktop/CEIF/16_multiomics_acquisition_v1/raw/09_CLINICAL/SC003/nationwidechildrens.org_clinical.TCGA-C8-A12Q.xml	new_tumor_event_after_initial_treatment	YES	tcga_bcr/patient/follow_ups/follow_up/new_tumor_event_after_initial_treatment
SC003	a824b3bd-34d5-4cc1-a92f-f9d6ac0f1814	47a5ceb3-2163-461c-a9c1-7cf6dd6bced1	/home/student/Desktop/CEIF/16_multiomics_acquisition_v1/raw/09_CLINICAL/SC003/nationwidechildrens.org_clinical.TCGA-C8-A12Q.xml	new_neoplasm_event_type	Distant Metastasis	tcga_bcr/patient/follow_ups/follow_up/new_neoplasm_event_type
SC003	a8b1f6e7-2bcf-460d-b1c6-1792a9801119	7f09bf1b-e180-4207-8348-6c03845f16e7	/home/student/Desktop/CEIF/16_multiomics_acquisition_v1/raw/09_CLINICAL/SC003/nationwidechildrens.org_clinical.TCGA-E9-A1NF.xml	vital_status	Alive	tcga_bcr/patient/vital_status
SC003	a8b1f6e7-2bcf-460d-b1c6-1792a9801119	7f09bf1b-e180-4207-8348-6c03845f16e7	/home/student/Desktop/CEIF/16_multiomics_acquisition_v1/raw/09_CLINICAL/SC003/nationwidechildrens.org_clinical.TCGA-E9-A1NF.xml	days_to_last_followup	0	tcga_bcr/patient/days_to_last_followup
SC003	a8b1f6e7-2bcf-460d-b1c6-1792a9801119	7f09bf1b-e180-4207-8348-6c03845f16e7	/home/student/Desktop/CEIF/16_multiomics_acquisition_v1/raw/09_CLINICAL/SC003/nationwidechildrens.org_clinical.TCGA-E9-A1NF.xml	vital_status	Alive	tcga_bcr/patient/follow_ups/follow_up/vital_status
SC003	a8b1f6e7-2bcf-460d-b1c6-1792a9801119	7f09bf1b-e180-4207-8348-6c03845f16e7	/home/student/Desktop/CEIF/16_multiomics_acquisition_v1/raw/09_CLINICAL/SC003/nationwidechildrens.org_clinical.TCGA-E9-A1NF.xml	days_to_last_followup	610	tcga_bcr/patient/follow_ups/follow_up/days_to_last_followup
SC003	a8b1f6e7-2bcf-460d-b1c6-1792a9801119	7f09bf1b-e180-4207-8348-6c03845f16e7	/home/student/Desktop/CEIF/16_multiomics_acquisition_v1/raw/09_CLINICAL/SC003/nationwidechildrens.org_clinical.TCGA-E9-A1NF.xml	new_tumor_event_after_initial_treatment	YES	tcga_bcr/patient/follow_ups/follow_up/new_tumor_event_after_initial_treatment
SC003	a8b1f6e7-2bcf-460d-b1c6-1792a9801119	7f09bf1b-e180-4207-8348-6c03845f16e7	/home/student/Desktop/CEIF/16_multiomics_acquisition_v1/raw/09_CLINICAL/SC003/nationwidechildrens.org_clinical.TCGA-E9-A1NF.xml	new_neoplasm_event_type	Distant Metastasis	tcga_bcr/patient/follow_ups/follow_up/new_neoplasm_event_type
SC003	a8b1f6e7-2bcf-460d-b1c6-1792a9801119	7f09bf1b-e180-4207-8348-6c03845f16e7	/home/student/Desktop/CEIF/16_multiomics_acquisition_v1/raw/09_CLINICAL/SC003/nationwidechildrens.org_clinical.TCGA-E9-A1NF.xml	vital_status	Dead	tcga_bcr/patient/follow_ups/follow_up/vital_status
SC003	a8b1f6e7-2bcf-460d-b1c6-1792a9801119	7f09bf1b-e180-4207-8348-6c03845f16e7	/home/student/Desktop/CEIF/16_multiomics_acquisition_v1/raw/09_CLINICAL/SC003/nationwidechildrens.org_clinical.TCGA-E9-A1NF.xml	days_to_death	1072	tcga_bcr/patient/follow_ups/follow_up/days_to_death
SC003	a8b1f6e7-2bcf-460d-b1c6-1792a9801119	7f09bf1b-e180-4207-8348-6c03845f16e7	/home/student/Desktop/CEIF/16_multiomics_acquisition_v1/raw/09_CLINICAL/SC003/nationwidechildrens.org_clinical.TCGA-E9-A1NF.xml	new_tumor_event_after_initial_treatment	NO	tcga_bcr/patient/follow_ups/follow_up/new_tumor_events/new_tumor_event_after_initial_treatment
SC003	c07b122e-ac50-4db2-add2-5617a5d0e976	3d72e23a-15a1-4572-b68a-f8bf15f25cf1	/home/student/Desktop/CEIF/16_multiomics_acquisition_v1/raw/09_CLINICAL/SC003/nationwidechildrens.org_clinical.TCGA-GM-A2DA.xml	vital_status	Alive	tcga_bcr/patient/vital_status
SC003	c07b122e-ac50-4db2-add2-5617a5d0e976	3d72e23a-15a1-4572-b68a-f8bf15f25cf1	/home/student/Desktop/CEIF/16_multiomics_acquisition_v1/raw/09_CLINICAL/SC003/nationwidechildrens.org_clinical.TCGA-GM-A2DA.xml	days_to_last_followup	5909	tcga_bcr/patient/days_to_last_followup
SC003	c07b122e-ac50-4db2-add2-5617a5d0e976	3d72e23a-15a1-4572-b68a-f8bf15f25cf1	/home/student/Desktop/CEIF/16_multiomics_acquisition_v1/raw/09_CLINICAL/SC003/nationwidechildrens.org_clinical.TCGA-GM-A2DA.xml	vital_status	Dead	tcga_bcr/patient/follow_ups/follow_up/vital_status
SC003	c07b122e-ac50-4db2-add2-5617a5d0e976	3d72e23a-15a1-4572-b68a-f8bf15f25cf1	/home/student/Desktop/CEIF/16_multiomics_acquisition_v1/raw/09_CLINICAL/SC003/nationwidechildrens.org_clinical.TCGA-GM-A2DA.xml	days_to_death	6593	tcga_bcr/patient/follow_ups/follow_up/days_to_death
SC003	c07b122e-ac50-4db2-add2-5617a5d0e976	3d72e23a-15a1-4572-b68a-f8bf15f25cf1	/home/student/Desktop/CEIF/16_multiomics_acquisition_v1/raw/09_CLINICAL/SC003/nationwidechildrens.org_clinical.TCGA-GM-A2DA.xml	new_tumor_event_after_initial_treatment	YES	tcga_bcr/patient/follow_ups/follow_up/new_tumor_events/new_tumor_event_after_initial_treatment
SC003	c07b122e-ac50-4db2-add2-5617a5d0e976	3d72e23a-15a1-4572-b68a-f8bf15f25cf1	/home/student/Desktop/CEIF/16_multiomics_acquisition_v1/raw/09_CLINICAL/SC003/nationwidechildrens.org_clinical.TCGA-GM-A2DA.xml	new_neoplasm_event_type	Distant Metastasis	tcga_bcr/patient/follow_ups/follow_up/new_tumor_events/new_tumor_event/new_neoplasm_event_type
SC003	c07b122e-ac50-4db2-add2-5617a5d0e976	3d72e23a-15a1-4572-b68a-f8bf15f25cf1	/home/student/Desktop/CEIF/16_multiomics_acquisition_v1/raw/09_CLINICAL/SC003/nationwidechildrens.org_clinical.TCGA-GM-A2DA.xml	new_neoplasm_event_type	Distant Metastasis	tcga_bcr/patient/follow_ups/follow_up/new_tumor_events/new_tumor_event/new_neoplasm_event_type
SC003	c07b122e-ac50-4db2-add2-5617a5d0e976	3d72e23a-15a1-4572-b68a-f8bf15f25cf1	/home/student/Desktop/CEIF/16_multiomics_acquisition_v1/raw/09_CLINICAL/SC003/nationwidechildrens.org_clinical.TCGA-GM-A2DA.xml	new_neoplasm_event_type	Distant Metastasis	tcga_bcr/patient/follow_ups/follow_up/new_tumor_events/new_tumor_event/new_neoplasm_event_type
SC003	c07b122e-ac50-4db2-add2-5617a5d0e976	3d72e23a-15a1-4572-b68a-f8bf15f25cf1	/home/student/Desktop/CEIF/16_multiomics_acquisition_v1/raw/09_CLINICAL/SC003/nationwidechildrens.org_clinical.TCGA-GM-A2DA.xml	new_neoplasm_event_type	Distant Metastasis	tcga_bcr/patient/follow_ups/follow_up/new_tumor_events/new_tumor_event/new_neoplasm_event_type
SC003	c1442467-d618-435f-8792-b1a18f696f1a	9971fba6-bfb8-4417-b2f0-1a944964f8a5	/home/student/Desktop/CEIF/16_multiomics_acquisition_v1/raw/09_CLINICAL/SC003/nationwidechildrens.org_clinical.TCGA-AO-A0J5.xml	vital_status	Alive	tcga_bcr/patient/vital_status
SC003	c1442467-d618-435f-8792-b1a18f696f1a	9971fba6-bfb8-4417-b2f0-1a944964f8a5	/home/student/Desktop/CEIF/16_multiomics_acquisition_v1/raw/09_CLINICAL/SC003/nationwidechildrens.org_clinical.TCGA-AO-A0J5.xml	days_to_last_followup	735	tcga_bcr/patient/days_to_last_followup
SC003	c1442467-d618-435f-8792-b1a18f696f1a	9971fba6-bfb8-4417-b2f0-1a944964f8a5	/home/student/Desktop/CEIF/16_multiomics_acquisition_v1/raw/09_CLINICAL/SC003/nationwidechildrens.org_clinical.TCGA-AO-A0J5.xml	days_to_last_followup	705	tcga_bcr/patient/follow_ups/follow_up/days_to_last_followup
SC003	c1442467-d618-435f-8792-b1a18f696f1a	9971fba6-bfb8-4417-b2f0-1a944964f8a5	/home/student/Desktop/CEIF/16_multiomics_acquisition_v1/raw/09_CLINICAL/SC003/nationwidechildrens.org_clinical.TCGA-AO-A0J5.xml	vital_status	Alive	tcga_bcr/patient/follow_ups/follow_up/vital_status
SC003	c1442467-d618-435f-8792-b1a18f696f1a	9971fba6-bfb8-4417-b2f0-1a944964f8a5	/home/student/Desktop/CEIF/16_multiomics_acquisition_v1/raw/09_CLINICAL/SC003/nationwidechildrens.org_clinical.TCGA-AO-A0J5.xml	days_to_last_known_alive	735	tcga_bcr/patient/follow_ups/follow_up/days_to_last_known_alive
SC003	c1442467-d618-435f-8792-b1a18f696f1a	9971fba6-bfb8-4417-b2f0-1a944964f8a5	/home/student/Desktop/CEIF/16_multiomics_acquisition_v1/raw/09_CLINICAL/SC003/nationwidechildrens.org_clinical.TCGA-AO-A0J5.xml	vital_status	Dead	tcga_bcr/patient/follow_ups/follow_up/vital_status
SC003	c1442467-d618-435f-8792-b1a18f696f1a	9971fba6-bfb8-4417-b2f0-1a944964f8a5	/home/student/Desktop/CEIF/16_multiomics_acquisition_v1/raw/09_CLINICAL/SC003/nationwidechildrens.org_clinical.TCGA-AO-A0J5.xml	days_to_death	792	tcga_bcr/patient/follow_ups/follow_up/days_to_death
SC003	c1442467-d618-435f-8792-b1a18f696f1a	9971fba6-bfb8-4417-b2f0-1a944964f8a5	/home/student/Desktop/CEIF/16_multiomics_acquisition_v1/raw/09_CLINICAL/SC003/nationwidechildrens.org_clinical.TCGA-AO-A0J5.xml	new_tumor_event_after_initial_treatment	NO	tcga_bcr/patient/follow_ups/follow_up/new_tumor_event_after_initial_treatment
SC003	c3148e68-1739-4334-abda-1dcbc2166846	3132651d-c2d6-44ad-9234-939d98f356b9	/home/student/Desktop/CEIF/16_multiomics_acquisition_v1/raw/09_CLINICAL/SC003/nationwidechildrens.org_clinical.TCGA-B6-A0RH.xml	vital_status	Alive	tcga_bcr/patient/vital_status
SC003	c3148e68-1739-4334-abda-1dcbc2166846	3132651d-c2d6-44ad-9234-939d98f356b9	/home/student/Desktop/CEIF/16_multiomics_acquisition_v1/raw/09_CLINICAL/SC003/nationwidechildrens.org_clinical.TCGA-B6-A0RH.xml	days_to_last_followup	5749	tcga_bcr/patient/days_to_last_followup
SC003	c3148e68-1739-4334-abda-1dcbc2166846	3132651d-c2d6-44ad-9234-939d98f356b9	/home/student/Desktop/CEIF/16_multiomics_acquisition_v1/raw/09_CLINICAL/SC003/nationwidechildrens.org_clinical.TCGA-B6-A0RH.xml	vital_status	Alive	tcga_bcr/patient/follow_ups/follow_up/vital_status
SC003	c3148e68-1739-4334-abda-1dcbc2166846	3132651d-c2d6-44ad-9234-939d98f356b9	/home/student/Desktop/CEIF/16_multiomics_acquisition_v1/raw/09_CLINICAL/SC003/nationwidechildrens.org_clinical.TCGA-B6-A0RH.xml	days_to_last_followup	5749	tcga_bcr/patient/follow_ups/follow_up/days_to_last_followup
SC003	c3148e68-1739-4334-abda-1dcbc2166846	3132651d-c2d6-44ad-9234-939d98f356b9	/home/student/Desktop/CEIF/16_multiomics_acquisition_v1/raw/09_CLINICAL/SC003/nationwidechildrens.org_clinical.TCGA-B6-A0RH.xml	new_tumor_event_after_initial_treatment	YES	tcga_bcr/patient/follow_ups/follow_up/new_tumor_event_after_initial_treatment
SC003	c3148e68-1739-4334-abda-1dcbc2166846	3132651d-c2d6-44ad-9234-939d98f356b9	/home/student/Desktop/CEIF/16_multiomics_acquisition_v1/raw/09_CLINICAL/SC003/nationwidechildrens.org_clinical.TCGA-B6-A0RH.xml	new_neoplasm_event_type	Locoregional Disease	tcga_bcr/patient/follow_ups/follow_up/new_neoplasm_event_type
SC003	c3148e68-1739-4334-abda-1dcbc2166846	3132651d-c2d6-44ad-9234-939d98f356b9	/home/student/Desktop/CEIF/16_multiomics_acquisition_v1/raw/09_CLINICAL/SC003/nationwidechildrens.org_clinical.TCGA-B6-A0RH.xml	vital_status	Dead	tcga_bcr/patient/follow_ups/follow_up/vital_status
SC003	c3148e68-1739-4334-abda-1dcbc2166846	3132651d-c2d6-44ad-9234-939d98f356b9	/home/student/Desktop/CEIF/16_multiomics_acquisition_v1/raw/09_CLINICAL/SC003/nationwidechildrens.org_clinical.TCGA-B6-A0RH.xml	days_to_death	6456	tcga_bcr/patient/follow_ups/follow_up/days_to_death
SC003	c3148e68-1739-4334-abda-1dcbc2166846	3132651d-c2d6-44ad-9234-939d98f356b9	/home/student/Desktop/CEIF/16_multiomics_acquisition_v1/raw/09_CLINICAL/SC003/nationwidechildrens.org_clinical.TCGA-B6-A0RH.xml	new_tumor_event_after_initial_treatment	NO	tcga_bcr/patient/follow_ups/follow_up/new_tumor_events/new_tumor_event_after_initial_treatment
SC003	c3a981c7-f148-4252-bd50-af8a49ec0df8	51e0e5c5-b139-4a87-99a9-7b0058533b91	/home/student/Desktop/CEIF/16_multiomics_acquisition_v1/raw/09_CLINICAL/SC003/nationwidechildrens.org_clinical.TCGA-OL-A5D6.xml	vital_status	Alive	tcga_bcr/patient/vital_status
SC003	c3a981c7-f148-4252-bd50-af8a49ec0df8	51e0e5c5-b139-4a87-99a9-7b0058533b91	/home/student/Desktop/CEIF/16_multiomics_acquisition_v1/raw/09_CLINICAL/SC003/nationwidechildrens.org_clinical.TCGA-OL-A5D6.xml	days_to_last_followup	385	tcga_bcr/patient/days_to_last_followup
SC003	c3a981c7-f148-4252-bd50-af8a49ec0df8	51e0e5c5-b139-4a87-99a9-7b0058533b91	/home/student/Desktop/CEIF/16_multiomics_acquisition_v1/raw/09_CLINICAL/SC003/nationwidechildrens.org_clinical.TCGA-OL-A5D6.xml	new_tumor_event_after_initial_treatment	NO	tcga_bcr/patient/new_tumor_events/new_tumor_event_after_initial_treatment
SC003	c3a981c7-f148-4252-bd50-af8a49ec0df8	51e0e5c5-b139-4a87-99a9-7b0058533b91	/home/student/Desktop/CEIF/16_multiomics_acquisition_v1/raw/09_CLINICAL/SC003/nationwidechildrens.org_clinical.TCGA-OL-A5D6.xml	vital_status	Dead	tcga_bcr/patient/follow_ups/follow_up/vital_status
SC003	c3a981c7-f148-4252-bd50-af8a49ec0df8	51e0e5c5-b139-4a87-99a9-7b0058533b91	/home/student/Desktop/CEIF/16_multiomics_acquisition_v1/raw/09_CLINICAL/SC003/nationwidechildrens.org_clinical.TCGA-OL-A5D6.xml	days_to_death	1104	tcga_bcr/patient/follow_ups/follow_up/days_to_death
SC003	c3a981c7-f148-4252-bd50-af8a49ec0df8	51e0e5c5-b139-4a87-99a9-7b0058533b91	/home/student/Desktop/CEIF/16_multiomics_acquisition_v1/raw/09_CLINICAL/SC003/nationwidechildrens.org_clinical.TCGA-OL-A5D6.xml	new_tumor_event_after_initial_treatment	NO	tcga_bcr/patient/follow_ups/follow_up/new_tumor_events/new_tumor_event_after_initial_treatment
SC003	c7c34fd9-3021-45b7-b6ff-30b4196585a8	17a19e1b-73d3-4a96-99eb-6534650ac1b8	/home/student/Desktop/CEIF/16_multiomics_acquisition_v1/raw/09_CLINICAL/SC003/nationwidechildrens.org_clinical.TCGA-AR-A0TZ.xml	vital_status	Alive	tcga_bcr/patient/vital_status
SC003	c7c34fd9-3021-45b7-b6ff-30b4196585a8	17a19e1b-73d3-4a96-99eb-6534650ac1b8	/home/student/Desktop/CEIF/16_multiomics_acquisition_v1/raw/09_CLINICAL/SC003/nationwidechildrens.org_clinical.TCGA-AR-A0TZ.xml	days_to_last_followup	2316	tcga_bcr/patient/days_to_last_followup
SC003	c7c34fd9-3021-45b7-b6ff-30b4196585a8	17a19e1b-73d3-4a96-99eb-6534650ac1b8	/home/student/Desktop/CEIF/16_multiomics_acquisition_v1/raw/09_CLINICAL/SC003/nationwidechildrens.org_clinical.TCGA-AR-A0TZ.xml	vital_status	Alive	tcga_bcr/patient/follow_ups/follow_up/vital_status
SC003	c7c34fd9-3021-45b7-b6ff-30b4196585a8	17a19e1b-73d3-4a96-99eb-6534650ac1b8	/home/student/Desktop/CEIF/16_multiomics_acquisition_v1/raw/09_CLINICAL/SC003/nationwidechildrens.org_clinical.TCGA-AR-A0TZ.xml	days_to_last_followup	2316	tcga_bcr/patient/follow_ups/follow_up/days_to_last_followup
SC003	c7c34fd9-3021-45b7-b6ff-30b4196585a8	17a19e1b-73d3-4a96-99eb-6534650ac1b8	/home/student/Desktop/CEIF/16_multiomics_acquisition_v1/raw/09_CLINICAL/SC003/nationwidechildrens.org_clinical.TCGA-AR-A0TZ.xml	new_tumor_event_after_initial_treatment	YES	tcga_bcr/patient/follow_ups/follow_up/new_tumor_event_after_initial_treatment
SC003	c7c34fd9-3021-45b7-b6ff-30b4196585a8	17a19e1b-73d3-4a96-99eb-6534650ac1b8	/home/student/Desktop/CEIF/16_multiomics_acquisition_v1/raw/09_CLINICAL/SC003/nationwidechildrens.org_clinical.TCGA-AR-A0TZ.xml	new_neoplasm_event_type	Distant Metastasis	tcga_bcr/patient/follow_ups/follow_up/new_neoplasm_event_type
SC003	c7c34fd9-3021-45b7-b6ff-30b4196585a8	17a19e1b-73d3-4a96-99eb-6534650ac1b8	/home/student/Desktop/CEIF/16_multiomics_acquisition_v1/raw/09_CLINICAL/SC003/nationwidechildrens.org_clinical.TCGA-AR-A0TZ.xml	vital_status	Dead	tcga_bcr/patient/follow_ups/follow_up/vital_status
SC003	c7c34fd9-3021-45b7-b6ff-30b4196585a8	17a19e1b-73d3-4a96-99eb-6534650ac1b8	/home/student/Desktop/CEIF/16_multiomics_acquisition_v1/raw/09_CLINICAL/SC003/nationwidechildrens.org_clinical.TCGA-AR-A0TZ.xml	days_to_death	3262	tcga_bcr/patient/follow_ups/follow_up/days_to_death
SC003	c7c34fd9-3021-45b7-b6ff-30b4196585a8	17a19e1b-73d3-4a96-99eb-6534650ac1b8	/home/student/Desktop/CEIF/16_multiomics_acquisition_v1/raw/09_CLINICAL/SC003/nationwidechildrens.org_clinical.TCGA-AR-A0TZ.xml	new_tumor_event_after_initial_treatment	YES	tcga_bcr/patient/follow_ups/follow_up/new_tumor_events/new_tumor_event_after_initial_treatment
SC003	d071c16b-7cee-45ed-8ec9-612418143815	bdc3540a-0f7b-49b4-966f-840957e3e8e0	/home/student/Desktop/CEIF/16_multiomics_acquisition_v1/raw/09_CLINICAL/SC003/nationwidechildrens.org_clinical.TCGA-A2-A0CS.xml	vital_status	Alive	tcga_bcr/patient/vital_status
SC003	d071c16b-7cee-45ed-8ec9-612418143815	bdc3540a-0f7b-49b4-966f-840957e3e8e0	/home/student/Desktop/CEIF/16_multiomics_acquisition_v1/raw/09_CLINICAL/SC003/nationwidechildrens.org_clinical.TCGA-A2-A0CS.xml	days_to_last_followup	2298	tcga_bcr/patient/days_to_last_followup
SC003	d071c16b-7cee-45ed-8ec9-612418143815	bdc3540a-0f7b-49b4-966f-840957e3e8e0	/home/student/Desktop/CEIF/16_multiomics_acquisition_v1/raw/09_CLINICAL/SC003/nationwidechildrens.org_clinical.TCGA-A2-A0CS.xml	vital_status	Alive	tcga_bcr/patient/follow_ups/follow_up/vital_status
SC003	d071c16b-7cee-45ed-8ec9-612418143815	bdc3540a-0f7b-49b4-966f-840957e3e8e0	/home/student/Desktop/CEIF/16_multiomics_acquisition_v1/raw/09_CLINICAL/SC003/nationwidechildrens.org_clinical.TCGA-A2-A0CS.xml	days_to_last_followup	2298	tcga_bcr/patient/follow_ups/follow_up/days_to_last_followup
SC003	d071c16b-7cee-45ed-8ec9-612418143815	bdc3540a-0f7b-49b4-966f-840957e3e8e0	/home/student/Desktop/CEIF/16_multiomics_acquisition_v1/raw/09_CLINICAL/SC003/nationwidechildrens.org_clinical.TCGA-A2-A0CS.xml	new_tumor_event_after_initial_treatment	NO	tcga_bcr/patient/follow_ups/follow_up/new_tumor_event_after_initial_treatment
SC003	d071c16b-7cee-45ed-8ec9-612418143815	bdc3540a-0f7b-49b4-966f-840957e3e8e0	/home/student/Desktop/CEIF/16_multiomics_acquisition_v1/raw/09_CLINICAL/SC003/nationwidechildrens.org_clinical.TCGA-A2-A0CS.xml	vital_status	Dead	tcga_bcr/patient/follow_ups/follow_up/vital_status
SC003	d071c16b-7cee-45ed-8ec9-612418143815	bdc3540a-0f7b-49b4-966f-840957e3e8e0	/home/student/Desktop/CEIF/16_multiomics_acquisition_v1/raw/09_CLINICAL/SC003/nationwidechildrens.org_clinical.TCGA-A2-A0CS.xml	days_to_death	2348	tcga_bcr/patient/follow_ups/follow_up/days_to_death
SC003	d10a4887-373b-4726-a61d-126f950e4a06	88e8b69d-422b-4136-a90d-fb7df4987084	/home/student/Desktop/CEIF/16_multiomics_acquisition_v1/raw/09_CLINICAL/SC003/nationwidechildrens.org_clinical.TCGA-BH-A0C1.xml	vital_status	Alive	tcga_bcr/patient/vital_status
SC003	d10a4887-373b-4726-a61d-126f950e4a06	88e8b69d-422b-4136-a90d-fb7df4987084	/home/student/Desktop/CEIF/16_multiomics_acquisition_v1/raw/09_CLINICAL/SC003/nationwidechildrens.org_clinical.TCGA-BH-A0C1.xml	days_to_last_followup	1339	tcga_bcr/patient/days_to_last_followup
SC003	d10a4887-373b-4726-a61d-126f950e4a06	88e8b69d-422b-4136-a90d-fb7df4987084	/home/student/Desktop/CEIF/16_multiomics_acquisition_v1/raw/09_CLINICAL/SC003/nationwidechildrens.org_clinical.TCGA-BH-A0C1.xml	vital_status	Dead	tcga_bcr/patient/follow_ups/follow_up/vital_status
SC003	d10a4887-373b-4726-a61d-126f950e4a06	88e8b69d-422b-4136-a90d-fb7df4987084	/home/student/Desktop/CEIF/16_multiomics_acquisition_v1/raw/09_CLINICAL/SC003/nationwidechildrens.org_clinical.TCGA-BH-A0C1.xml	days_to_death	1411	tcga_bcr/patient/follow_ups/follow_up/days_to_death
SC003	d10a4887-373b-4726-a61d-126f950e4a06	88e8b69d-422b-4136-a90d-fb7df4987084	/home/student/Desktop/CEIF/16_multiomics_acquisition_v1/raw/09_CLINICAL/SC003/nationwidechildrens.org_clinical.TCGA-BH-A0C1.xml	new_tumor_event_after_initial_treatment	YES	tcga_bcr/patient/follow_ups/follow_up/new_tumor_events/new_tumor_event_after_initial_treatment
SC003	d10a4887-373b-4726-a61d-126f950e4a06	88e8b69d-422b-4136-a90d-fb7df4987084	/home/student/Desktop/CEIF/16_multiomics_acquisition_v1/raw/09_CLINICAL/SC003/nationwidechildrens.org_clinical.TCGA-BH-A0C1.xml	new_neoplasm_event_type	Distant Metastasis	tcga_bcr/patient/follow_ups/follow_up/new_tumor_events/new_tumor_event/new_neoplasm_event_type
SC003	d5f2b85a-94a9-4168-bbe8-149ec71342b0	075b0201-49ad-4a23-a107-0b39fd475a5b	/home/student/Desktop/CEIF/16_multiomics_acquisition_v1/raw/09_CLINICAL/SC003/nationwidechildrens.org_clinical.TCGA-AC-A62V.xml	vital_status	Alive	tcga_bcr/patient/vital_status
SC003	d5f2b85a-94a9-4168-bbe8-149ec71342b0	075b0201-49ad-4a23-a107-0b39fd475a5b	/home/student/Desktop/CEIF/16_multiomics_acquisition_v1/raw/09_CLINICAL/SC003/nationwidechildrens.org_clinical.TCGA-AC-A62V.xml	days_to_last_followup	2	tcga_bcr/patient/days_to_last_followup
SC003	d5f2b85a-94a9-4168-bbe8-149ec71342b0	075b0201-49ad-4a23-a107-0b39fd475a5b	/home/student/Desktop/CEIF/16_multiomics_acquisition_v1/raw/09_CLINICAL/SC003/nationwidechildrens.org_clinical.TCGA-AC-A62V.xml	new_tumor_event_after_initial_treatment	NO	tcga_bcr/patient/new_tumor_events/new_tumor_event_after_initial_treatment
SC003	d5f2b85a-94a9-4168-bbe8-149ec71342b0	075b0201-49ad-4a23-a107-0b39fd475a5b	/home/student/Desktop/CEIF/16_multiomics_acquisition_v1/raw/09_CLINICAL/SC003/nationwidechildrens.org_clinical.TCGA-AC-A62V.xml	vital_status	Dead	tcga_bcr/patient/follow_ups/follow_up/vital_status
SC003	d5f2b85a-94a9-4168-bbe8-149ec71342b0	075b0201-49ad-4a23-a107-0b39fd475a5b	/home/student/Desktop/CEIF/16_multiomics_acquisition_v1/raw/09_CLINICAL/SC003/nationwidechildrens.org_clinical.TCGA-AC-A62V.xml	days_to_death	348	tcga_bcr/patient/follow_ups/follow_up/days_to_death
SC003	d5f2b85a-94a9-4168-bbe8-149ec71342b0	075b0201-49ad-4a23-a107-0b39fd475a5b	/home/student/Desktop/CEIF/16_multiomics_acquisition_v1/raw/09_CLINICAL/SC003/nationwidechildrens.org_clinical.TCGA-AC-A62V.xml	new_tumor_event_after_initial_treatment	NO	tcga_bcr/patient/follow_ups/follow_up/new_tumor_events/new_tumor_event_after_initial_treatment
SC003	d7ce6b79-f7c0-481e-9dbd-6273f01c9786	1b376b9f-4132-44ca-b9bd-6ef8c1facaab	/home/student/Desktop/CEIF/16_multiomics_acquisition_v1/raw/09_CLINICAL/SC003/nationwidechildrens.org_clinical.TCGA-E2-A14Z.xml	vital_status	Alive	tcga_bcr/patient/vital_status
SC003	d7ce6b79-f7c0-481e-9dbd-6273f01c9786	1b376b9f-4132-44ca-b9bd-6ef8c1facaab	/home/student/Desktop/CEIF/16_multiomics_acquisition_v1/raw/09_CLINICAL/SC003/nationwidechildrens.org_clinical.TCGA-E2-A14Z.xml	days_to_last_followup	518	tcga_bcr/patient/days_to_last_followup
SC003	d7ce6b79-f7c0-481e-9dbd-6273f01c9786	1b376b9f-4132-44ca-b9bd-6ef8c1facaab	/home/student/Desktop/CEIF/16_multiomics_acquisition_v1/raw/09_CLINICAL/SC003/nationwidechildrens.org_clinical.TCGA-E2-A14Z.xml	vital_status	Dead	tcga_bcr/patient/follow_ups/follow_up/vital_status
SC003	d7ce6b79-f7c0-481e-9dbd-6273f01c9786	1b376b9f-4132-44ca-b9bd-6ef8c1facaab	/home/student/Desktop/CEIF/16_multiomics_acquisition_v1/raw/09_CLINICAL/SC003/nationwidechildrens.org_clinical.TCGA-E2-A14Z.xml	days_to_death	563	tcga_bcr/patient/follow_ups/follow_up/days_to_death
SC003	d7ce6b79-f7c0-481e-9dbd-6273f01c9786	1b376b9f-4132-44ca-b9bd-6ef8c1facaab	/home/student/Desktop/CEIF/16_multiomics_acquisition_v1/raw/09_CLINICAL/SC003/nationwidechildrens.org_clinical.TCGA-E2-A14Z.xml	new_tumor_event_after_initial_treatment	YES	tcga_bcr/patient/follow_ups/follow_up/new_tumor_event_after_initial_treatment
SC003	d7ce6b79-f7c0-481e-9dbd-6273f01c9786	1b376b9f-4132-44ca-b9bd-6ef8c1facaab	/home/student/Desktop/CEIF/16_multiomics_acquisition_v1/raw/09_CLINICAL/SC003/nationwidechildrens.org_clinical.TCGA-E2-A14Z.xml	new_neoplasm_event_type	Distant Metastasis	tcga_bcr/patient/follow_ups/follow_up/new_neoplasm_event_type
SC003	d7ce6b79-f7c0-481e-9dbd-6273f01c9786	1b376b9f-4132-44ca-b9bd-6ef8c1facaab	/home/student/Desktop/CEIF/16_multiomics_acquisition_v1/raw/09_CLINICAL/SC003/nationwidechildrens.org_clinical.TCGA-E2-A14Z.xml	vital_status	Dead	tcga_bcr/patient/follow_ups/follow_up/vital_status
SC003	d7ce6b79-f7c0-481e-9dbd-6273f01c9786	1b376b9f-4132-44ca-b9bd-6ef8c1facaab	/home/student/Desktop/CEIF/16_multiomics_acquisition_v1/raw/09_CLINICAL/SC003/nationwidechildrens.org_clinical.TCGA-E2-A14Z.xml	days_to_death	563	tcga_bcr/patient/follow_ups/follow_up/days_to_death
SC003	d7ce6b79-f7c0-481e-9dbd-6273f01c9786	1b376b9f-4132-44ca-b9bd-6ef8c1facaab	/home/student/Desktop/CEIF/16_multiomics_acquisition_v1/raw/09_CLINICAL/SC003/nationwidechildrens.org_clinical.TCGA-E2-A14Z.xml	new_tumor_event_after_initial_treatment	YES	tcga_bcr/patient/follow_ups/follow_up/new_tumor_event_after_initial_treatment
SC003	d7ce6b79-f7c0-481e-9dbd-6273f01c9786	1b376b9f-4132-44ca-b9bd-6ef8c1facaab	/home/student/Desktop/CEIF/16_multiomics_acquisition_v1/raw/09_CLINICAL/SC003/nationwidechildrens.org_clinical.TCGA-E2-A14Z.xml	new_neoplasm_event_type	Distant Metastasis	tcga_bcr/patient/follow_ups/follow_up/new_neoplasm_event_type
SC003	d9fd2724-7db0-4af3-ac14-217bdfa5203f	5651d5d5-adb9-4d64-a124-15ae962e34b3	/home/student/Desktop/CEIF/16_multiomics_acquisition_v1/raw/09_CLINICAL/SC003/nationwidechildrens.org_clinical.TCGA-AC-A2QJ.xml	vital_status	Alive	tcga_bcr/patient/vital_status
SC003	d9fd2724-7db0-4af3-ac14-217bdfa5203f	5651d5d5-adb9-4d64-a124-15ae962e34b3	/home/student/Desktop/CEIF/16_multiomics_acquisition_v1/raw/09_CLINICAL/SC003/nationwidechildrens.org_clinical.TCGA-AC-A2QJ.xml	days_to_last_followup	69	tcga_bcr/patient/days_to_last_followup
SC003	d9fd2724-7db0-4af3-ac14-217bdfa5203f	5651d5d5-adb9-4d64-a124-15ae962e34b3	/home/student/Desktop/CEIF/16_multiomics_acquisition_v1/raw/09_CLINICAL/SC003/nationwidechildrens.org_clinical.TCGA-AC-A2QJ.xml	vital_status	Dead	tcga_bcr/patient/follow_ups/follow_up/vital_status
SC003	d9fd2724-7db0-4af3-ac14-217bdfa5203f	5651d5d5-adb9-4d64-a124-15ae962e34b3	/home/student/Desktop/CEIF/16_multiomics_acquisition_v1/raw/09_CLINICAL/SC003/nationwidechildrens.org_clinical.TCGA-AC-A2QJ.xml	days_to_death	446	tcga_bcr/patient/follow_ups/follow_up/days_to_death
SC003	d9fd2724-7db0-4af3-ac14-217bdfa5203f	5651d5d5-adb9-4d64-a124-15ae962e34b3	/home/student/Desktop/CEIF/16_multiomics_acquisition_v1/raw/09_CLINICAL/SC003/nationwidechildrens.org_clinical.TCGA-AC-A2QJ.xml	new_tumor_event_after_initial_treatment	YES	tcga_bcr/patient/follow_ups/follow_up/new_tumor_events/new_tumor_event_after_initial_treatment
SC003	d9fd2724-7db0-4af3-ac14-217bdfa5203f	5651d5d5-adb9-4d64-a124-15ae962e34b3	/home/student/Desktop/CEIF/16_multiomics_acquisition_v1/raw/09_CLINICAL/SC003/nationwidechildrens.org_clinical.TCGA-AC-A2QJ.xml	new_neoplasm_event_type	Distant Metastasis	tcga_bcr/patient/follow_ups/follow_up/new_tumor_events/new_tumor_event/new_neoplasm_event_type
SC003	dbb2da92-99dd-400c-bc05-e87d7273656c	5d06d7d1-e301-44ae-aa54-2b91d46f5101	/home/student/Desktop/CEIF/16_multiomics_acquisition_v1/raw/09_CLINICAL/SC003/nationwidechildrens.org_clinical.TCGA-E2-A1B4.xml	vital_status	Alive	tcga_bcr/patient/vital_status
SC003	dbb2da92-99dd-400c-bc05-e87d7273656c	5d06d7d1-e301-44ae-aa54-2b91d46f5101	/home/student/Desktop/CEIF/16_multiomics_acquisition_v1/raw/09_CLINICAL/SC003/nationwidechildrens.org_clinical.TCGA-E2-A1B4.xml	days_to_last_followup	911	tcga_bcr/patient/days_to_last_followup
SC003	dbb2da92-99dd-400c-bc05-e87d7273656c	5d06d7d1-e301-44ae-aa54-2b91d46f5101	/home/student/Desktop/CEIF/16_multiomics_acquisition_v1/raw/09_CLINICAL/SC003/nationwidechildrens.org_clinical.TCGA-E2-A1B4.xml	vital_status	Dead	tcga_bcr/patient/follow_ups/follow_up/vital_status
SC003	dbb2da92-99dd-400c-bc05-e87d7273656c	5d06d7d1-e301-44ae-aa54-2b91d46f5101	/home/student/Desktop/CEIF/16_multiomics_acquisition_v1/raw/09_CLINICAL/SC003/nationwidechildrens.org_clinical.TCGA-E2-A1B4.xml	days_to_death	1004	tcga_bcr/patient/follow_ups/follow_up/days_to_death
SC003	dbb2da92-99dd-400c-bc05-e87d7273656c	5d06d7d1-e301-44ae-aa54-2b91d46f5101	/home/student/Desktop/CEIF/16_multiomics_acquisition_v1/raw/09_CLINICAL/SC003/nationwidechildrens.org_clinical.TCGA-E2-A1B4.xml	new_tumor_event_after_initial_treatment	NO	tcga_bcr/patient/follow_ups/follow_up/new_tumor_event_after_initial_treatment
SC003	dd67408e-46ba-4573-9415-d4814e9f84de	e12fec8b-d49c-4259-97c0-af029b35de12	/home/student/Desktop/CEIF/16_multiomics_acquisition_v1/raw/09_CLINICAL/SC003/nationwidechildrens.org_clinical.TCGA-E9-A226.xml	vital_status	Alive	tcga_bcr/patient/vital_status
SC003	dd67408e-46ba-4573-9415-d4814e9f84de	e12fec8b-d49c-4259-97c0-af029b35de12	/home/student/Desktop/CEIF/16_multiomics_acquisition_v1/raw/09_CLINICAL/SC003/nationwidechildrens.org_clinical.TCGA-E9-A226.xml	days_to_last_followup	16	tcga_bcr/patient/days_to_last_followup
SC003	dd67408e-46ba-4573-9415-d4814e9f84de	e12fec8b-d49c-4259-97c0-af029b35de12	/home/student/Desktop/CEIF/16_multiomics_acquisition_v1/raw/09_CLINICAL/SC003/nationwidechildrens.org_clinical.TCGA-E9-A226.xml	vital_status	Alive	tcga_bcr/patient/follow_ups/follow_up/vital_status
SC003	dd67408e-46ba-4573-9415-d4814e9f84de	e12fec8b-d49c-4259-97c0-af029b35de12	/home/student/Desktop/CEIF/16_multiomics_acquisition_v1/raw/09_CLINICAL/SC003/nationwidechildrens.org_clinical.TCGA-E9-A226.xml	days_to_last_followup	628	tcga_bcr/patient/follow_ups/follow_up/days_to_last_followup
SC003	dd67408e-46ba-4573-9415-d4814e9f84de	e12fec8b-d49c-4259-97c0-af029b35de12	/home/student/Desktop/CEIF/16_multiomics_acquisition_v1/raw/09_CLINICAL/SC003/nationwidechildrens.org_clinical.TCGA-E9-A226.xml	new_tumor_event_after_initial_treatment	NO	tcga_bcr/patient/follow_ups/follow_up/new_tumor_event_after_initial_treatment
SC003	dd67408e-46ba-4573-9415-d4814e9f84de	e12fec8b-d49c-4259-97c0-af029b35de12	/home/student/Desktop/CEIF/16_multiomics_acquisition_v1/raw/09_CLINICAL/SC003/nationwidechildrens.org_clinical.TCGA-E9-A226.xml	vital_status	Alive	tcga_bcr/patient/follow_ups/follow_up/vital_status
SC003	dd67408e-46ba-4573-9415-d4814e9f84de	e12fec8b-d49c-4259-97c0-af029b35de12	/home/student/Desktop/CEIF/16_multiomics_acquisition_v1/raw/09_CLINICAL/SC003/nationwidechildrens.org_clinical.TCGA-E9-A226.xml	days_to_last_followup	1038	tcga_bcr/patient/follow_ups/follow_up/days_to_last_followup
SC003	dd67408e-46ba-4573-9415-d4814e9f84de	e12fec8b-d49c-4259-97c0-af029b35de12	/home/student/Desktop/CEIF/16_multiomics_acquisition_v1/raw/09_CLINICAL/SC003/nationwidechildrens.org_clinical.TCGA-E9-A226.xml	new_tumor_event_after_initial_treatment	YES	tcga_bcr/patient/follow_ups/follow_up/new_tumor_events/new_tumor_event_after_initial_treatment
SC003	dd67408e-46ba-4573-9415-d4814e9f84de	e12fec8b-d49c-4259-97c0-af029b35de12	/home/student/Desktop/CEIF/16_multiomics_acquisition_v1/raw/09_CLINICAL/SC003/nationwidechildrens.org_clinical.TCGA-E9-A226.xml	new_neoplasm_event_type	Distant Metastasis	tcga_bcr/patient/follow_ups/follow_up/new_tumor_events/new_tumor_event/new_neoplasm_event_type
SC003	dd67408e-46ba-4573-9415-d4814e9f84de	e12fec8b-d49c-4259-97c0-af029b35de12	/home/student/Desktop/CEIF/16_multiomics_acquisition_v1/raw/09_CLINICAL/SC003/nationwidechildrens.org_clinical.TCGA-E9-A226.xml	new_neoplasm_event_type	Distant Metastasis	tcga_bcr/patient/follow_ups/follow_up/new_tumor_events/new_tumor_event/new_neoplasm_event_type
SC003	dd67408e-46ba-4573-9415-d4814e9f84de	e12fec8b-d49c-4259-97c0-af029b35de12	/home/student/Desktop/CEIF/16_multiomics_acquisition_v1/raw/09_CLINICAL/SC003/nationwidechildrens.org_clinical.TCGA-E9-A226.xml	vital_status	Dead	tcga_bcr/patient/follow_ups/follow_up/vital_status
SC003	dd67408e-46ba-4573-9415-d4814e9f84de	e12fec8b-d49c-4259-97c0-af029b35de12	/home/student/Desktop/CEIF/16_multiomics_acquisition_v1/raw/09_CLINICAL/SC003/nationwidechildrens.org_clinical.TCGA-E9-A226.xml	days_to_death	1048	tcga_bcr/patient/follow_ups/follow_up/days_to_death
SC003	dd67408e-46ba-4573-9415-d4814e9f84de	e12fec8b-d49c-4259-97c0-af029b35de12	/home/student/Desktop/CEIF/16_multiomics_acquisition_v1/raw/09_CLINICAL/SC003/nationwidechildrens.org_clinical.TCGA-E9-A226.xml	new_tumor_event_after_initial_treatment	NO	tcga_bcr/patient/follow_ups/follow_up/new_tumor_events/new_tumor_event_after_initial_treatment
SC003	de646f6a-6d50-4be2-b3cd-f17554b234df	ff8e1327-3b0e-4d91-a577-9d7da3e30d22	/home/student/Desktop/CEIF/16_multiomics_acquisition_v1/raw/09_CLINICAL/SC003/nationwidechildrens.org_clinical.TCGA-AR-A24L.xml	vital_status	Alive	tcga_bcr/patient/vital_status
SC003	de646f6a-6d50-4be2-b3cd-f17554b234df	ff8e1327-3b0e-4d91-a577-9d7da3e30d22	/home/student/Desktop/CEIF/16_multiomics_acquisition_v1/raw/09_CLINICAL/SC003/nationwidechildrens.org_clinical.TCGA-AR-A24L.xml	days_to_last_followup	2221	tcga_bcr/patient/days_to_last_followup
SC003	de646f6a-6d50-4be2-b3cd-f17554b234df	ff8e1327-3b0e-4d91-a577-9d7da3e30d22	/home/student/Desktop/CEIF/16_multiomics_acquisition_v1/raw/09_CLINICAL/SC003/nationwidechildrens.org_clinical.TCGA-AR-A24L.xml	vital_status	Alive	tcga_bcr/patient/follow_ups/follow_up/vital_status
SC003	de646f6a-6d50-4be2-b3cd-f17554b234df	ff8e1327-3b0e-4d91-a577-9d7da3e30d22	/home/student/Desktop/CEIF/16_multiomics_acquisition_v1/raw/09_CLINICAL/SC003/nationwidechildrens.org_clinical.TCGA-AR-A24L.xml	days_to_last_followup	2221	tcga_bcr/patient/follow_ups/follow_up/days_to_last_followup
SC003	de646f6a-6d50-4be2-b3cd-f17554b234df	ff8e1327-3b0e-4d91-a577-9d7da3e30d22	/home/student/Desktop/CEIF/16_multiomics_acquisition_v1/raw/09_CLINICAL/SC003/nationwidechildrens.org_clinical.TCGA-AR-A24L.xml	new_tumor_event_after_initial_treatment	YES	tcga_bcr/patient/follow_ups/follow_up/new_tumor_event_after_initial_treatment
SC003	de646f6a-6d50-4be2-b3cd-f17554b234df	ff8e1327-3b0e-4d91-a577-9d7da3e30d22	/home/student/Desktop/CEIF/16_multiomics_acquisition_v1/raw/09_CLINICAL/SC003/nationwidechildrens.org_clinical.TCGA-AR-A24L.xml	new_neoplasm_event_type	Locoregional Disease	tcga_bcr/patient/follow_ups/follow_up/new_neoplasm_event_type
SC003	de646f6a-6d50-4be2-b3cd-f17554b234df	ff8e1327-3b0e-4d91-a577-9d7da3e30d22	/home/student/Desktop/CEIF/16_multiomics_acquisition_v1/raw/09_CLINICAL/SC003/nationwidechildrens.org_clinical.TCGA-AR-A24L.xml	vital_status	Dead	tcga_bcr/patient/follow_ups/follow_up/vital_status
SC003	de646f6a-6d50-4be2-b3cd-f17554b234df	ff8e1327-3b0e-4d91-a577-9d7da3e30d22	/home/student/Desktop/CEIF/16_multiomics_acquisition_v1/raw/09_CLINICAL/SC003/nationwidechildrens.org_clinical.TCGA-AR-A24L.xml	days_to_death	2866	tcga_bcr/patient/follow_ups/follow_up/days_to_death
SC003	de646f6a-6d50-4be2-b3cd-f17554b234df	ff8e1327-3b0e-4d91-a577-9d7da3e30d22	/home/student/Desktop/CEIF/16_multiomics_acquisition_v1/raw/09_CLINICAL/SC003/nationwidechildrens.org_clinical.TCGA-AR-A24L.xml	new_tumor_event_after_initial_treatment	YES	tcga_bcr/patient/follow_ups/follow_up/new_tumor_events/new_tumor_event_after_initial_treatment
SC003	deba32e4-0e68-4711-941b-3b63bd965afb	62df99b7-c37b-4961-b8f2-a24691bffb2c	/home/student/Desktop/CEIF/16_multiomics_acquisition_v1/raw/09_CLINICAL/SC003/nationwidechildrens.org_clinical.TCGA-A2-A3XY.xml	vital_status	Alive	tcga_bcr/patient/vital_status
SC003	deba32e4-0e68-4711-941b-3b63bd965afb	62df99b7-c37b-4961-b8f2-a24691bffb2c	/home/student/Desktop/CEIF/16_multiomics_acquisition_v1/raw/09_CLINICAL/SC003/nationwidechildrens.org_clinical.TCGA-A2-A3XY.xml	days_to_last_followup	786	tcga_bcr/patient/days_to_last_followup
SC003	deba32e4-0e68-4711-941b-3b63bd965afb	62df99b7-c37b-4961-b8f2-a24691bffb2c	/home/student/Desktop/CEIF/16_multiomics_acquisition_v1/raw/09_CLINICAL/SC003/nationwidechildrens.org_clinical.TCGA-A2-A3XY.xml	vital_status	Alive	tcga_bcr/patient/follow_ups/follow_up/vital_status
SC003	deba32e4-0e68-4711-941b-3b63bd965afb	62df99b7-c37b-4961-b8f2-a24691bffb2c	/home/student/Desktop/CEIF/16_multiomics_acquisition_v1/raw/09_CLINICAL/SC003/nationwidechildrens.org_clinical.TCGA-A2-A3XY.xml	days_to_last_followup	1064	tcga_bcr/patient/follow_ups/follow_up/days_to_last_followup
SC003	deba32e4-0e68-4711-941b-3b63bd965afb	62df99b7-c37b-4961-b8f2-a24691bffb2c	/home/student/Desktop/CEIF/16_multiomics_acquisition_v1/raw/09_CLINICAL/SC003/nationwidechildrens.org_clinical.TCGA-A2-A3XY.xml	new_tumor_event_after_initial_treatment	YES	tcga_bcr/patient/follow_ups/follow_up/new_tumor_events/new_tumor_event_after_initial_treatment
SC003	deba32e4-0e68-4711-941b-3b63bd965afb	62df99b7-c37b-4961-b8f2-a24691bffb2c	/home/student/Desktop/CEIF/16_multiomics_acquisition_v1/raw/09_CLINICAL/SC003/nationwidechildrens.org_clinical.TCGA-A2-A3XY.xml	new_neoplasm_event_type	Distant Metastasis	tcga_bcr/patient/follow_ups/follow_up/new_tumor_events/new_tumor_event/new_neoplasm_event_type
SC003	deba32e4-0e68-4711-941b-3b63bd965afb	62df99b7-c37b-4961-b8f2-a24691bffb2c	/home/student/Desktop/CEIF/16_multiomics_acquisition_v1/raw/09_CLINICAL/SC003/nationwidechildrens.org_clinical.TCGA-A2-A3XY.xml	new_neoplasm_event_type	Locoregional Recurrence	tcga_bcr/patient/follow_ups/follow_up/new_tumor_events/new_tumor_event/new_neoplasm_event_type
SC003	deba32e4-0e68-4711-941b-3b63bd965afb	62df99b7-c37b-4961-b8f2-a24691bffb2c	/home/student/Desktop/CEIF/16_multiomics_acquisition_v1/raw/09_CLINICAL/SC003/nationwidechildrens.org_clinical.TCGA-A2-A3XY.xml	vital_status	Dead	tcga_bcr/patient/follow_ups/follow_up/vital_status
SC003	deba32e4-0e68-4711-941b-3b63bd965afb	62df99b7-c37b-4961-b8f2-a24691bffb2c	/home/student/Desktop/CEIF/16_multiomics_acquisition_v1/raw/09_CLINICAL/SC003/nationwidechildrens.org_clinical.TCGA-A2-A3XY.xml	days_to_death	1093	tcga_bcr/patient/follow_ups/follow_up/days_to_death
SC003	deba32e4-0e68-4711-941b-3b63bd965afb	62df99b7-c37b-4961-b8f2-a24691bffb2c	/home/student/Desktop/CEIF/16_multiomics_acquisition_v1/raw/09_CLINICAL/SC003/nationwidechildrens.org_clinical.TCGA-A2-A3XY.xml	new_tumor_event_after_initial_treatment	YES	tcga_bcr/patient/follow_ups/follow_up/new_tumor_events/new_tumor_event_after_initial_treatment
SC003	deba32e4-0e68-4711-941b-3b63bd965afb	62df99b7-c37b-4961-b8f2-a24691bffb2c	/home/student/Desktop/CEIF/16_multiomics_acquisition_v1/raw/09_CLINICAL/SC003/nationwidechildrens.org_clinical.TCGA-A2-A3XY.xml	new_neoplasm_event_type	Distant Metastasis	tcga_bcr/patient/follow_ups/follow_up/new_tumor_events/new_tumor_event/new_neoplasm_event_type
SC003	e6b79d7a-ed6b-459a-b040-d142616e7ab4	98c0b3da-1644-4631-b00a-8b186576266b	/home/student/Desktop/CEIF/16_multiomics_acquisition_v1/raw/09_CLINICAL/SC003/nationwidechildrens.org_clinical.TCGA-BH-A0BF.xml	vital_status	Alive	tcga_bcr/patient/vital_status
SC003	e6b79d7a-ed6b-459a-b040-d142616e7ab4	98c0b3da-1644-4631-b00a-8b186576266b	/home/student/Desktop/CEIF/16_multiomics_acquisition_v1/raw/09_CLINICAL/SC003/nationwidechildrens.org_clinical.TCGA-BH-A0BF.xml	days_to_last_followup	782	tcga_bcr/patient/days_to_last_followup
SC003	e6b79d7a-ed6b-459a-b040-d142616e7ab4	98c0b3da-1644-4631-b00a-8b186576266b	/home/student/Desktop/CEIF/16_multiomics_acquisition_v1/raw/09_CLINICAL/SC003/nationwidechildrens.org_clinical.TCGA-BH-A0BF.xml	vital_status	Dead	tcga_bcr/patient/follow_ups/follow_up/vital_status
SC003	e6b79d7a-ed6b-459a-b040-d142616e7ab4	98c0b3da-1644-4631-b00a-8b186576266b	/home/student/Desktop/CEIF/16_multiomics_acquisition_v1/raw/09_CLINICAL/SC003/nationwidechildrens.org_clinical.TCGA-BH-A0BF.xml	days_to_death	1324	tcga_bcr/patient/follow_ups/follow_up/days_to_death
SC003	e6b79d7a-ed6b-459a-b040-d142616e7ab4	98c0b3da-1644-4631-b00a-8b186576266b	/home/student/Desktop/CEIF/16_multiomics_acquisition_v1/raw/09_CLINICAL/SC003/nationwidechildrens.org_clinical.TCGA-BH-A0BF.xml	new_tumor_event_after_initial_treatment	NO	tcga_bcr/patient/follow_ups/follow_up/new_tumor_events/new_tumor_event_after_initial_treatment
SC003	ea8dbc7a-54c6-469c-865e-f49d00b0223d	37c6d2e0-5e70-40ec-bad2-4ea70b353fdd	/home/student/Desktop/CEIF/16_multiomics_acquisition_v1/raw/09_CLINICAL/SC003/nationwidechildrens.org_clinical.TCGA-D8-A73W.xml	vital_status	Alive	tcga_bcr/patient/vital_status
SC003	ea8dbc7a-54c6-469c-865e-f49d00b0223d	37c6d2e0-5e70-40ec-bad2-4ea70b353fdd	/home/student/Desktop/CEIF/16_multiomics_acquisition_v1/raw/09_CLINICAL/SC003/nationwidechildrens.org_clinical.TCGA-D8-A73W.xml	days_to_last_followup	244	tcga_bcr/patient/days_to_last_followup
SC003	ea8dbc7a-54c6-469c-865e-f49d00b0223d	37c6d2e0-5e70-40ec-bad2-4ea70b353fdd	/home/student/Desktop/CEIF/16_multiomics_acquisition_v1/raw/09_CLINICAL/SC003/nationwidechildrens.org_clinical.TCGA-D8-A73W.xml	new_tumor_event_after_initial_treatment	NO	tcga_bcr/patient/new_tumor_events/new_tumor_event_after_initial_treatment
SC003	ea8dbc7a-54c6-469c-865e-f49d00b0223d	37c6d2e0-5e70-40ec-bad2-4ea70b353fdd	/home/student/Desktop/CEIF/16_multiomics_acquisition_v1/raw/09_CLINICAL/SC003/nationwidechildrens.org_clinical.TCGA-D8-A73W.xml	vital_status	Alive	tcga_bcr/patient/follow_ups/follow_up/vital_status
SC003	ea8dbc7a-54c6-469c-865e-f49d00b0223d	37c6d2e0-5e70-40ec-bad2-4ea70b353fdd	/home/student/Desktop/CEIF/16_multiomics_acquisition_v1/raw/09_CLINICAL/SC003/nationwidechildrens.org_clinical.TCGA-D8-A73W.xml	days_to_last_followup	244	tcga_bcr/patient/follow_ups/follow_up/days_to_last_followup
SC003	ea8dbc7a-54c6-469c-865e-f49d00b0223d	37c6d2e0-5e70-40ec-bad2-4ea70b353fdd	/home/student/Desktop/CEIF/16_multiomics_acquisition_v1/raw/09_CLINICAL/SC003/nationwidechildrens.org_clinical.TCGA-D8-A73W.xml	new_tumor_event_after_initial_treatment	NO	tcga_bcr/patient/follow_ups/follow_up/new_tumor_events/new_tumor_event_after_initial_treatment
SC003	ea8dbc7a-54c6-469c-865e-f49d00b0223d	37c6d2e0-5e70-40ec-bad2-4ea70b353fdd	/home/student/Desktop/CEIF/16_multiomics_acquisition_v1/raw/09_CLINICAL/SC003/nationwidechildrens.org_clinical.TCGA-D8-A73W.xml	vital_status	Dead	tcga_bcr/patient/follow_ups/follow_up/vital_status
SC003	ea8dbc7a-54c6-469c-865e-f49d00b0223d	37c6d2e0-5e70-40ec-bad2-4ea70b353fdd	/home/student/Desktop/CEIF/16_multiomics_acquisition_v1/raw/09_CLINICAL/SC003/nationwidechildrens.org_clinical.TCGA-D8-A73W.xml	days_to_death	385	tcga_bcr/patient/follow_ups/follow_up/days_to_death
SC003	ea8dbc7a-54c6-469c-865e-f49d00b0223d	37c6d2e0-5e70-40ec-bad2-4ea70b353fdd	/home/student/Desktop/CEIF/16_multiomics_acquisition_v1/raw/09_CLINICAL/SC003/nationwidechildrens.org_clinical.TCGA-D8-A73W.xml	new_tumor_event_after_initial_treatment	YES	tcga_bcr/patient/follow_ups/follow_up/new_tumor_events/new_tumor_event_after_initial_treatment
SC003	ea8dbc7a-54c6-469c-865e-f49d00b0223d	37c6d2e0-5e70-40ec-bad2-4ea70b353fdd	/home/student/Desktop/CEIF/16_multiomics_acquisition_v1/raw/09_CLINICAL/SC003/nationwidechildrens.org_clinical.TCGA-D8-A73W.xml	new_neoplasm_event_type	Distant Metastasis	tcga_bcr/patient/follow_ups/follow_up/new_tumor_events/new_tumor_event/new_neoplasm_event_type
SC003	ee14e049-b891-4dda-a730-8ce99bd93baf	b1ff0214-86b5-4246-91f1-c974ad675c8c	/home/student/Desktop/CEIF/16_multiomics_acquisition_v1/raw/09_CLINICAL/SC003/nationwidechildrens.org_clinical.TCGA-D8-A1XC.xml	vital_status	Alive	tcga_bcr/patient/vital_status
SC003	ee14e049-b891-4dda-a730-8ce99bd93baf	b1ff0214-86b5-4246-91f1-c974ad675c8c	/home/student/Desktop/CEIF/16_multiomics_acquisition_v1/raw/09_CLINICAL/SC003/nationwidechildrens.org_clinical.TCGA-D8-A1XC.xml	days_to_last_followup	81	tcga_bcr/patient/days_to_last_followup
SC003	ee14e049-b891-4dda-a730-8ce99bd93baf	b1ff0214-86b5-4246-91f1-c974ad675c8c	/home/student/Desktop/CEIF/16_multiomics_acquisition_v1/raw/09_CLINICAL/SC003/nationwidechildrens.org_clinical.TCGA-D8-A1XC.xml	vital_status	Dead	tcga_bcr/patient/follow_ups/follow_up/vital_status
SC003	ee14e049-b891-4dda-a730-8ce99bd93baf	b1ff0214-86b5-4246-91f1-c974ad675c8c	/home/student/Desktop/CEIF/16_multiomics_acquisition_v1/raw/09_CLINICAL/SC003/nationwidechildrens.org_clinical.TCGA-D8-A1XC.xml	days_to_death	377	tcga_bcr/patient/follow_ups/follow_up/days_to_death
SC003	ee14e049-b891-4dda-a730-8ce99bd93baf	b1ff0214-86b5-4246-91f1-c974ad675c8c	/home/student/Desktop/CEIF/16_multiomics_acquisition_v1/raw/09_CLINICAL/SC003/nationwidechildrens.org_clinical.TCGA-D8-A1XC.xml	new_tumor_event_after_initial_treatment	YES	tcga_bcr/patient/follow_ups/follow_up/new_tumor_event_after_initial_treatment
SC003	ee14e049-b891-4dda-a730-8ce99bd93baf	b1ff0214-86b5-4246-91f1-c974ad675c8c	/home/student/Desktop/CEIF/16_multiomics_acquisition_v1/raw/09_CLINICAL/SC003/nationwidechildrens.org_clinical.TCGA-D8-A1XC.xml	new_neoplasm_event_type	Distant Metastasis	tcga_bcr/patient/follow_ups/follow_up/new_neoplasm_event_type
SC003	f0de67ff-8967-4fce-9c12-0e07193285cd	9f870d93-c292-48ff-9b88-7d907dcbb929	/home/student/Desktop/CEIF/16_multiomics_acquisition_v1/raw/09_CLINICAL/SC003/nationwidechildrens.org_clinical.TCGA-E2-A2P5.xml	vital_status	Alive	tcga_bcr/patient/vital_status
SC003	f0de67ff-8967-4fce-9c12-0e07193285cd	9f870d93-c292-48ff-9b88-7d907dcbb929	/home/student/Desktop/CEIF/16_multiomics_acquisition_v1/raw/09_CLINICAL/SC003/nationwidechildrens.org_clinical.TCGA-E2-A2P5.xml	days_to_last_followup	326	tcga_bcr/patient/days_to_last_followup
SC003	f0de67ff-8967-4fce-9c12-0e07193285cd	9f870d93-c292-48ff-9b88-7d907dcbb929	/home/student/Desktop/CEIF/16_multiomics_acquisition_v1/raw/09_CLINICAL/SC003/nationwidechildrens.org_clinical.TCGA-E2-A2P5.xml	vital_status	Alive	tcga_bcr/patient/follow_ups/follow_up/vital_status
SC003	f0de67ff-8967-4fce-9c12-0e07193285cd	9f870d93-c292-48ff-9b88-7d907dcbb929	/home/student/Desktop/CEIF/16_multiomics_acquisition_v1/raw/09_CLINICAL/SC003/nationwidechildrens.org_clinical.TCGA-E2-A2P5.xml	days_to_last_followup	515	tcga_bcr/patient/follow_ups/follow_up/days_to_last_followup
SC003	f0de67ff-8967-4fce-9c12-0e07193285cd	9f870d93-c292-48ff-9b88-7d907dcbb929	/home/student/Desktop/CEIF/16_multiomics_acquisition_v1/raw/09_CLINICAL/SC003/nationwidechildrens.org_clinical.TCGA-E2-A2P5.xml	new_tumor_event_after_initial_treatment	NO	tcga_bcr/patient/follow_ups/follow_up/new_tumor_event_after_initial_treatment
SC003	f0de67ff-8967-4fce-9c12-0e07193285cd	9f870d93-c292-48ff-9b88-7d907dcbb929	/home/student/Desktop/CEIF/16_multiomics_acquisition_v1/raw/09_CLINICAL/SC003/nationwidechildrens.org_clinical.TCGA-E2-A2P5.xml	vital_status	Dead	tcga_bcr/patient/follow_ups/follow_up/vital_status
SC003	f0de67ff-8967-4fce-9c12-0e07193285cd	9f870d93-c292-48ff-9b88-7d907dcbb929	/home/student/Desktop/CEIF/16_multiomics_acquisition_v1/raw/09_CLINICAL/SC003/nationwidechildrens.org_clinical.TCGA-E2-A2P5.xml	days_to_death	821	tcga_bcr/patient/follow_ups/follow_up/days_to_death
SC003	f0de67ff-8967-4fce-9c12-0e07193285cd	9f870d93-c292-48ff-9b88-7d907dcbb929	/home/student/Desktop/CEIF/16_multiomics_acquisition_v1/raw/09_CLINICAL/SC003/nationwidechildrens.org_clinical.TCGA-E2-A2P5.xml	new_tumor_event_after_initial_treatment	YES	tcga_bcr/patient/follow_ups/follow_up/new_tumor_events/new_tumor_event_after_initial_treatment
SC003	f0de67ff-8967-4fce-9c12-0e07193285cd	9f870d93-c292-48ff-9b88-7d907dcbb929	/home/student/Desktop/CEIF/16_multiomics_acquisition_v1/raw/09_CLINICAL/SC003/nationwidechildrens.org_clinical.TCGA-E2-A2P5.xml	new_neoplasm_event_type	Distant Metastasis	tcga_bcr/patient/follow_ups/follow_up/new_tumor_events/new_tumor_event/new_neoplasm_event_type
SC003	f251cb6c-d18e-4691-9c82-24ed1ac0abf9	64608382-6e86-4ebb-a949-db48e45eea1d	/home/student/Desktop/CEIF/16_multiomics_acquisition_v1/raw/09_CLINICAL/SC003/nationwidechildrens.org_clinical.TCGA-BH-A0BP.xml	vital_status	Alive	tcga_bcr/patient/vital_status
SC003	f251cb6c-d18e-4691-9c82-24ed1ac0abf9	64608382-6e86-4ebb-a949-db48e45eea1d	/home/student/Desktop/CEIF/16_multiomics_acquisition_v1/raw/09_CLINICAL/SC003/nationwidechildrens.org_clinical.TCGA-BH-A0BP.xml	days_to_last_followup	1481	tcga_bcr/patient/days_to_last_followup
SC003	f251cb6c-d18e-4691-9c82-24ed1ac0abf9	64608382-6e86-4ebb-a949-db48e45eea1d	/home/student/Desktop/CEIF/16_multiomics_acquisition_v1/raw/09_CLINICAL/SC003/nationwidechildrens.org_clinical.TCGA-BH-A0BP.xml	vital_status	Dead	tcga_bcr/patient/follow_ups/follow_up/vital_status
SC003	f251cb6c-d18e-4691-9c82-24ed1ac0abf9	64608382-6e86-4ebb-a949-db48e45eea1d	/home/student/Desktop/CEIF/16_multiomics_acquisition_v1/raw/09_CLINICAL/SC003/nationwidechildrens.org_clinical.TCGA-BH-A0BP.xml	days_to_death	2296	tcga_bcr/patient/follow_ups/follow_up/days_to_death
SC003	f251cb6c-d18e-4691-9c82-24ed1ac0abf9	64608382-6e86-4ebb-a949-db48e45eea1d	/home/student/Desktop/CEIF/16_multiomics_acquisition_v1/raw/09_CLINICAL/SC003/nationwidechildrens.org_clinical.TCGA-BH-A0BP.xml	new_tumor_event_after_initial_treatment	NO	tcga_bcr/patient/follow_ups/follow_up/new_tumor_events/new_tumor_event_after_initial_treatment
SC003	f6eebd4b-b63a-4a9c-92d3-0d954a8a6655	dd147de5-e888-46ee-888f-95d51cb7d199	/home/student/Desktop/CEIF/16_multiomics_acquisition_v1/raw/09_CLINICAL/SC003/nationwidechildrens.org_clinical.TCGA-AC-A2FE.xml	vital_status	Alive	tcga_bcr/patient/vital_status
SC003	f6eebd4b-b63a-4a9c-92d3-0d954a8a6655	dd147de5-e888-46ee-888f-95d51cb7d199	/home/student/Desktop/CEIF/16_multiomics_acquisition_v1/raw/09_CLINICAL/SC003/nationwidechildrens.org_clinical.TCGA-AC-A2FE.xml	days_to_last_followup	791	tcga_bcr/patient/days_to_last_followup
SC003	f6eebd4b-b63a-4a9c-92d3-0d954a8a6655	dd147de5-e888-46ee-888f-95d51cb7d199	/home/student/Desktop/CEIF/16_multiomics_acquisition_v1/raw/09_CLINICAL/SC003/nationwidechildrens.org_clinical.TCGA-AC-A2FE.xml	new_tumor_event_after_initial_treatment	YES	tcga_bcr/patient/new_tumor_events/new_tumor_event_after_initial_treatment
SC003	f6eebd4b-b63a-4a9c-92d3-0d954a8a6655	dd147de5-e888-46ee-888f-95d51cb7d199	/home/student/Desktop/CEIF/16_multiomics_acquisition_v1/raw/09_CLINICAL/SC003/nationwidechildrens.org_clinical.TCGA-AC-A2FE.xml	new_neoplasm_event_type	Distant Metastasis	tcga_bcr/patient/new_tumor_events/new_tumor_event/new_neoplasm_event_type
SC003	f6eebd4b-b63a-4a9c-92d3-0d954a8a6655	dd147de5-e888-46ee-888f-95d51cb7d199	/home/student/Desktop/CEIF/16_multiomics_acquisition_v1/raw/09_CLINICAL/SC003/nationwidechildrens.org_clinical.TCGA-AC-A2FE.xml	vital_status	Alive	tcga_bcr/patient/follow_ups/follow_up/vital_status
SC003	f6eebd4b-b63a-4a9c-92d3-0d954a8a6655	dd147de5-e888-46ee-888f-95d51cb7d199	/home/student/Desktop/CEIF/16_multiomics_acquisition_v1/raw/09_CLINICAL/SC003/nationwidechildrens.org_clinical.TCGA-AC-A2FE.xml	days_to_last_followup	2240	tcga_bcr/patient/follow_ups/follow_up/days_to_last_followup
SC003	f6eebd4b-b63a-4a9c-92d3-0d954a8a6655	dd147de5-e888-46ee-888f-95d51cb7d199	/home/student/Desktop/CEIF/16_multiomics_acquisition_v1/raw/09_CLINICAL/SC003/nationwidechildrens.org_clinical.TCGA-AC-A2FE.xml	new_tumor_event_after_initial_treatment	YES	tcga_bcr/patient/follow_ups/follow_up/new_tumor_events/new_tumor_event_after_initial_treatment
SC003	f6eebd4b-b63a-4a9c-92d3-0d954a8a6655	dd147de5-e888-46ee-888f-95d51cb7d199	/home/student/Desktop/CEIF/16_multiomics_acquisition_v1/raw/09_CLINICAL/SC003/nationwidechildrens.org_clinical.TCGA-AC-A2FE.xml	new_neoplasm_event_type	Distant Metastasis	tcga_bcr/patient/follow_ups/follow_up/new_tumor_events/new_tumor_event/new_neoplasm_event_type
SC003	f6eebd4b-b63a-4a9c-92d3-0d954a8a6655	dd147de5-e888-46ee-888f-95d51cb7d199	/home/student/Desktop/CEIF/16_multiomics_acquisition_v1/raw/09_CLINICAL/SC003/nationwidechildrens.org_clinical.TCGA-AC-A2FE.xml	vital_status	Dead	tcga_bcr/patient/follow_ups/follow_up/vital_status
SC003	f6eebd4b-b63a-4a9c-92d3-0d954a8a6655	dd147de5-e888-46ee-888f-95d51cb7d199	/home/student/Desktop/CEIF/16_multiomics_acquisition_v1/raw/09_CLINICAL/SC003/nationwidechildrens.org_clinical.TCGA-AC-A2FE.xml	days_to_death	2636	tcga_bcr/patient/follow_ups/follow_up/days_to_death
SC003	f6eebd4b-b63a-4a9c-92d3-0d954a8a6655	dd147de5-e888-46ee-888f-95d51cb7d199	/home/student/Desktop/CEIF/16_multiomics_acquisition_v1/raw/09_CLINICAL/SC003/nationwidechildrens.org_clinical.TCGA-AC-A2FE.xml	new_tumor_event_after_initial_treatment	YES	tcga_bcr/patient/follow_ups/follow_up/new_tumor_events/new_tumor_event_after_initial_treatment
SC003	f6eebd4b-b63a-4a9c-92d3-0d954a8a6655	dd147de5-e888-46ee-888f-95d51cb7d199	/home/student/Desktop/CEIF/16_multiomics_acquisition_v1/raw/09_CLINICAL/SC003/nationwidechildrens.org_clinical.TCGA-AC-A2FE.xml	new_neoplasm_event_type	Distant Metastasis	tcga_bcr/patient/follow_ups/follow_up/new_tumor_events/new_tumor_event/new_neoplasm_event_type
SC003	fac173a8-1613-4bd4-87ba-83a2cfe8a37d	6ba5e51f-342d-4759-8a32-fa6e14cc2846	/home/student/Desktop/CEIF/16_multiomics_acquisition_v1/raw/09_CLINICAL/SC003/nationwidechildrens.org_clinical.TCGA-AC-A3EH.xml	vital_status	Alive	tcga_bcr/patient/vital_status
SC003	fac173a8-1613-4bd4-87ba-83a2cfe8a37d	6ba5e51f-342d-4759-8a32-fa6e14cc2846	/home/student/Desktop/CEIF/16_multiomics_acquisition_v1/raw/09_CLINICAL/SC003/nationwidechildrens.org_clinical.TCGA-AC-A3EH.xml	days_to_last_followup	17	tcga_bcr/patient/days_to_last_followup
SC003	fac173a8-1613-4bd4-87ba-83a2cfe8a37d	6ba5e51f-342d-4759-8a32-fa6e14cc2846	/home/student/Desktop/CEIF/16_multiomics_acquisition_v1/raw/09_CLINICAL/SC003/nationwidechildrens.org_clinical.TCGA-AC-A3EH.xml	new_tumor_event_after_initial_treatment	NO	tcga_bcr/patient/new_tumor_events/new_tumor_event_after_initial_treatment
SC003	fac173a8-1613-4bd4-87ba-83a2cfe8a37d	6ba5e51f-342d-4759-8a32-fa6e14cc2846	/home/student/Desktop/CEIF/16_multiomics_acquisition_v1/raw/09_CLINICAL/SC003/nationwidechildrens.org_clinical.TCGA-AC-A3EH.xml	vital_status	Dead	tcga_bcr/patient/follow_ups/follow_up/vital_status
SC003	fac173a8-1613-4bd4-87ba-83a2cfe8a37d	6ba5e51f-342d-4759-8a32-fa6e14cc2846	/home/student/Desktop/CEIF/16_multiomics_acquisition_v1/raw/09_CLINICAL/SC003/nationwidechildrens.org_clinical.TCGA-AC-A3EH.xml	days_to_death	197	tcga_bcr/patient/follow_ups/follow_up/days_to_death
SC003	fac173a8-1613-4bd4-87ba-83a2cfe8a37d	6ba5e51f-342d-4759-8a32-fa6e14cc2846	/home/student/Desktop/CEIF/16_multiomics_acquisition_v1/raw/09_CLINICAL/SC003/nationwidechildrens.org_clinical.TCGA-AC-A3EH.xml	new_tumor_event_after_initial_treatment	NO	tcga_bcr/patient/follow_ups/follow_up/new_tumor_events/new_tumor_event_after_initial_treatment
SC004	0740321b-f8a5-4e1d-b390-ca6187598fac	86c83b78-38d5-4324-aa93-7eb3861ce708	/home/student/Desktop/CEIF/16_multiomics_acquisition_v1/raw/09_CLINICAL/SC004/nationwidechildrens.org_clinical.TCGA-13-0891.xml	vital_status	Alive	tcga_bcr/patient/vital_status
SC004	0740321b-f8a5-4e1d-b390-ca6187598fac	86c83b78-38d5-4324-aa93-7eb3861ce708	/home/student/Desktop/CEIF/16_multiomics_acquisition_v1/raw/09_CLINICAL/SC004/nationwidechildrens.org_clinical.TCGA-13-0891.xml	days_to_last_followup	2099	tcga_bcr/patient/days_to_last_followup
SC004	0740321b-f8a5-4e1d-b390-ca6187598fac	86c83b78-38d5-4324-aa93-7eb3861ce708	/home/student/Desktop/CEIF/16_multiomics_acquisition_v1/raw/09_CLINICAL/SC004/nationwidechildrens.org_clinical.TCGA-13-0891.xml	primary_therapy_outcome_success	Complete Remission/Response	tcga_bcr/patient/follow_ups/follow_up/primary_therapy_outcome_success
SC004	0740321b-f8a5-4e1d-b390-ca6187598fac	86c83b78-38d5-4324-aa93-7eb3861ce708	/home/student/Desktop/CEIF/16_multiomics_acquisition_v1/raw/09_CLINICAL/SC004/nationwidechildrens.org_clinical.TCGA-13-0891.xml	vital_status	Alive	tcga_bcr/patient/follow_ups/follow_up/vital_status
SC004	0740321b-f8a5-4e1d-b390-ca6187598fac	86c83b78-38d5-4324-aa93-7eb3861ce708	/home/student/Desktop/CEIF/16_multiomics_acquisition_v1/raw/09_CLINICAL/SC004/nationwidechildrens.org_clinical.TCGA-13-0891.xml	days_to_last_followup	2099	tcga_bcr/patient/follow_ups/follow_up/days_to_last_followup
SC004	0740321b-f8a5-4e1d-b390-ca6187598fac	86c83b78-38d5-4324-aa93-7eb3861ce708	/home/student/Desktop/CEIF/16_multiomics_acquisition_v1/raw/09_CLINICAL/SC004/nationwidechildrens.org_clinical.TCGA-13-0891.xml	new_neoplasm_event_type	Recurrence	tcga_bcr/patient/follow_ups/follow_up/new_tumor_events/new_tumor_event/new_neoplasm_event_type
SC004	0740321b-f8a5-4e1d-b390-ca6187598fac	86c83b78-38d5-4324-aa93-7eb3861ce708	/home/student/Desktop/CEIF/16_multiomics_acquisition_v1/raw/09_CLINICAL/SC004/nationwidechildrens.org_clinical.TCGA-13-0891.xml	progression_determined_by	Imaging Study	tcga_bcr/patient/follow_ups/follow_up/new_tumor_events/new_tumor_event/progression_determined_by
SC004	0740321b-f8a5-4e1d-b390-ca6187598fac	86c83b78-38d5-4324-aa93-7eb3861ce708	/home/student/Desktop/CEIF/16_multiomics_acquisition_v1/raw/09_CLINICAL/SC004/nationwidechildrens.org_clinical.TCGA-13-0891.xml	followup_treatment_success	Progressive Disease	tcga_bcr/patient/follow_ups/follow_up/followup_treatment_success
SC004	0740321b-f8a5-4e1d-b390-ca6187598fac	86c83b78-38d5-4324-aa93-7eb3861ce708	/home/student/Desktop/CEIF/16_multiomics_acquisition_v1/raw/09_CLINICAL/SC004/nationwidechildrens.org_clinical.TCGA-13-0891.xml	vital_status	Dead	tcga_bcr/patient/follow_ups/follow_up/vital_status
SC004	0740321b-f8a5-4e1d-b390-ca6187598fac	86c83b78-38d5-4324-aa93-7eb3861ce708	/home/student/Desktop/CEIF/16_multiomics_acquisition_v1/raw/09_CLINICAL/SC004/nationwidechildrens.org_clinical.TCGA-13-0891.xml	days_to_death	3128	tcga_bcr/patient/follow_ups/follow_up/days_to_death
SC004	0740321b-f8a5-4e1d-b390-ca6187598fac	86c83b78-38d5-4324-aa93-7eb3861ce708	/home/student/Desktop/CEIF/16_multiomics_acquisition_v1/raw/09_CLINICAL/SC004/nationwidechildrens.org_clinical.TCGA-13-0891.xml	new_tumor_event_after_initial_treatment	YES	tcga_bcr/patient/follow_ups/follow_up/new_tumor_events/new_tumor_event_after_initial_treatment
SC004	0ba7b6cc-e5f5-47d7-859a-24e31aa336ab	ae1b6ecb-77b6-444c-89ed-c5f721991735	/home/student/Desktop/CEIF/16_multiomics_acquisition_v1/raw/09_CLINICAL/SC004/nationwidechildrens.org_clinical.TCGA-13-0908.xml	vital_status	Alive	tcga_bcr/patient/vital_status
SC004	0ba7b6cc-e5f5-47d7-859a-24e31aa336ab	ae1b6ecb-77b6-444c-89ed-c5f721991735	/home/student/Desktop/CEIF/16_multiomics_acquisition_v1/raw/09_CLINICAL/SC004/nationwidechildrens.org_clinical.TCGA-13-0908.xml	days_to_last_followup	1364	tcga_bcr/patient/days_to_last_followup
SC004	0ba7b6cc-e5f5-47d7-859a-24e31aa336ab	ae1b6ecb-77b6-444c-89ed-c5f721991735	/home/student/Desktop/CEIF/16_multiomics_acquisition_v1/raw/09_CLINICAL/SC004/nationwidechildrens.org_clinical.TCGA-13-0908.xml	primary_therapy_outcome_success	Complete Remission/Response	tcga_bcr/patient/follow_ups/follow_up/primary_therapy_outcome_success
SC004	0ba7b6cc-e5f5-47d7-859a-24e31aa336ab	ae1b6ecb-77b6-444c-89ed-c5f721991735	/home/student/Desktop/CEIF/16_multiomics_acquisition_v1/raw/09_CLINICAL/SC004/nationwidechildrens.org_clinical.TCGA-13-0908.xml	vital_status	Alive	tcga_bcr/patient/follow_ups/follow_up/vital_status
SC004	0ba7b6cc-e5f5-47d7-859a-24e31aa336ab	ae1b6ecb-77b6-444c-89ed-c5f721991735	/home/student/Desktop/CEIF/16_multiomics_acquisition_v1/raw/09_CLINICAL/SC004/nationwidechildrens.org_clinical.TCGA-13-0908.xml	days_to_last_followup	1364	tcga_bcr/patient/follow_ups/follow_up/days_to_last_followup
SC004	0ba7b6cc-e5f5-47d7-859a-24e31aa336ab	ae1b6ecb-77b6-444c-89ed-c5f721991735	/home/student/Desktop/CEIF/16_multiomics_acquisition_v1/raw/09_CLINICAL/SC004/nationwidechildrens.org_clinical.TCGA-13-0908.xml	new_neoplasm_event_type	Recurrence	tcga_bcr/patient/follow_ups/follow_up/new_tumor_events/new_tumor_event/new_neoplasm_event_type
SC004	0ba7b6cc-e5f5-47d7-859a-24e31aa336ab	ae1b6ecb-77b6-444c-89ed-c5f721991735	/home/student/Desktop/CEIF/16_multiomics_acquisition_v1/raw/09_CLINICAL/SC004/nationwidechildrens.org_clinical.TCGA-13-0908.xml	progression_determined_by	Molecular Markers	tcga_bcr/patient/follow_ups/follow_up/new_tumor_events/new_tumor_event/progression_determined_by
SC004	0ba7b6cc-e5f5-47d7-859a-24e31aa336ab	ae1b6ecb-77b6-444c-89ed-c5f721991735	/home/student/Desktop/CEIF/16_multiomics_acquisition_v1/raw/09_CLINICAL/SC004/nationwidechildrens.org_clinical.TCGA-13-0908.xml	followup_treatment_success	Progressive Disease	tcga_bcr/patient/follow_ups/follow_up/followup_treatment_success
SC004	0ba7b6cc-e5f5-47d7-859a-24e31aa336ab	ae1b6ecb-77b6-444c-89ed-c5f721991735	/home/student/Desktop/CEIF/16_multiomics_acquisition_v1/raw/09_CLINICAL/SC004/nationwidechildrens.org_clinical.TCGA-13-0908.xml	vital_status	Dead	tcga_bcr/patient/follow_ups/follow_up/vital_status
SC004	0ba7b6cc-e5f5-47d7-859a-24e31aa336ab	ae1b6ecb-77b6-444c-89ed-c5f721991735	/home/student/Desktop/CEIF/16_multiomics_acquisition_v1/raw/09_CLINICAL/SC004/nationwidechildrens.org_clinical.TCGA-13-0908.xml	days_to_death	1843	tcga_bcr/patient/follow_ups/follow_up/days_to_death
SC004	0ba7b6cc-e5f5-47d7-859a-24e31aa336ab	ae1b6ecb-77b6-444c-89ed-c5f721991735	/home/student/Desktop/CEIF/16_multiomics_acquisition_v1/raw/09_CLINICAL/SC004/nationwidechildrens.org_clinical.TCGA-13-0908.xml	new_tumor_event_after_initial_treatment	YES	tcga_bcr/patient/follow_ups/follow_up/new_tumor_events/new_tumor_event_after_initial_treatment
SC004	0d5e232d-5aa2-4f6f-be58-ffd5f15ee0b8	de6e964f-6a12-42bd-851c-519d7866fc53	/home/student/Desktop/CEIF/16_multiomics_acquisition_v1/raw/09_CLINICAL/SC004/nationwidechildrens.org_clinical.TCGA-13-1403.xml	vital_status	Alive	tcga_bcr/patient/vital_status
SC004	0d5e232d-5aa2-4f6f-be58-ffd5f15ee0b8	de6e964f-6a12-42bd-851c-519d7866fc53	/home/student/Desktop/CEIF/16_multiomics_acquisition_v1/raw/09_CLINICAL/SC004/nationwidechildrens.org_clinical.TCGA-13-1403.xml	days_to_last_followup	331	tcga_bcr/patient/days_to_last_followup
SC004	0d5e232d-5aa2-4f6f-be58-ffd5f15ee0b8	de6e964f-6a12-42bd-851c-519d7866fc53	/home/student/Desktop/CEIF/16_multiomics_acquisition_v1/raw/09_CLINICAL/SC004/nationwidechildrens.org_clinical.TCGA-13-1403.xml	primary_therapy_outcome_success	Complete Remission/Response	tcga_bcr/patient/follow_ups/follow_up/primary_therapy_outcome_success
SC004	0d5e232d-5aa2-4f6f-be58-ffd5f15ee0b8	de6e964f-6a12-42bd-851c-519d7866fc53	/home/student/Desktop/CEIF/16_multiomics_acquisition_v1/raw/09_CLINICAL/SC004/nationwidechildrens.org_clinical.TCGA-13-1403.xml	vital_status	Alive	tcga_bcr/patient/follow_ups/follow_up/vital_status
SC004	0d5e232d-5aa2-4f6f-be58-ffd5f15ee0b8	de6e964f-6a12-42bd-851c-519d7866fc53	/home/student/Desktop/CEIF/16_multiomics_acquisition_v1/raw/09_CLINICAL/SC004/nationwidechildrens.org_clinical.TCGA-13-1403.xml	days_to_last_followup	331	tcga_bcr/patient/follow_ups/follow_up/days_to_last_followup
SC004	0d5e232d-5aa2-4f6f-be58-ffd5f15ee0b8	de6e964f-6a12-42bd-851c-519d7866fc53	/home/student/Desktop/CEIF/16_multiomics_acquisition_v1/raw/09_CLINICAL/SC004/nationwidechildrens.org_clinical.TCGA-13-1403.xml	followup_treatment_success	Progressive Disease	tcga_bcr/patient/follow_ups/follow_up/followup_treatment_success
SC004	0d5e232d-5aa2-4f6f-be58-ffd5f15ee0b8	de6e964f-6a12-42bd-851c-519d7866fc53	/home/student/Desktop/CEIF/16_multiomics_acquisition_v1/raw/09_CLINICAL/SC004/nationwidechildrens.org_clinical.TCGA-13-1403.xml	vital_status	Dead	tcga_bcr/patient/follow_ups/follow_up/vital_status
SC004	0d5e232d-5aa2-4f6f-be58-ffd5f15ee0b8	de6e964f-6a12-42bd-851c-519d7866fc53	/home/student/Desktop/CEIF/16_multiomics_acquisition_v1/raw/09_CLINICAL/SC004/nationwidechildrens.org_clinical.TCGA-13-1403.xml	days_to_death	2345	tcga_bcr/patient/follow_ups/follow_up/days_to_death
SC004	0d5e232d-5aa2-4f6f-be58-ffd5f15ee0b8	de6e964f-6a12-42bd-851c-519d7866fc53	/home/student/Desktop/CEIF/16_multiomics_acquisition_v1/raw/09_CLINICAL/SC004/nationwidechildrens.org_clinical.TCGA-13-1403.xml	new_tumor_event_after_initial_treatment	YES	tcga_bcr/patient/follow_ups/follow_up/new_tumor_events/new_tumor_event_after_initial_treatment
SC004	18e0e996-8f23-4f53-94a5-dde38b550863	129052bf-2c66-41e0-b9f5-560bbfeefb93	/home/student/Desktop/CEIF/16_multiomics_acquisition_v1/raw/09_CLINICAL/SC004/nationwidechildrens.org_clinical.TCGA-13-1409.xml	vital_status	Alive	tcga_bcr/patient/vital_status
SC004	18e0e996-8f23-4f53-94a5-dde38b550863	129052bf-2c66-41e0-b9f5-560bbfeefb93	/home/student/Desktop/CEIF/16_multiomics_acquisition_v1/raw/09_CLINICAL/SC004/nationwidechildrens.org_clinical.TCGA-13-1409.xml	days_to_last_followup	208	tcga_bcr/patient/days_to_last_followup
SC004	18e0e996-8f23-4f53-94a5-dde38b550863	129052bf-2c66-41e0-b9f5-560bbfeefb93	/home/student/Desktop/CEIF/16_multiomics_acquisition_v1/raw/09_CLINICAL/SC004/nationwidechildrens.org_clinical.TCGA-13-1409.xml	vital_status	Alive	tcga_bcr/patient/follow_ups/follow_up/vital_status
SC004	18e0e996-8f23-4f53-94a5-dde38b550863	129052bf-2c66-41e0-b9f5-560bbfeefb93	/home/student/Desktop/CEIF/16_multiomics_acquisition_v1/raw/09_CLINICAL/SC004/nationwidechildrens.org_clinical.TCGA-13-1409.xml	days_to_last_followup	208	tcga_bcr/patient/follow_ups/follow_up/days_to_last_followup
SC004	18e0e996-8f23-4f53-94a5-dde38b550863	129052bf-2c66-41e0-b9f5-560bbfeefb93	/home/student/Desktop/CEIF/16_multiomics_acquisition_v1/raw/09_CLINICAL/SC004/nationwidechildrens.org_clinical.TCGA-13-1409.xml	followup_treatment_success	Progressive Disease	tcga_bcr/patient/follow_ups/follow_up/followup_treatment_success
SC004	18e0e996-8f23-4f53-94a5-dde38b550863	129052bf-2c66-41e0-b9f5-560bbfeefb93	/home/student/Desktop/CEIF/16_multiomics_acquisition_v1/raw/09_CLINICAL/SC004/nationwidechildrens.org_clinical.TCGA-13-1409.xml	vital_status	Dead	tcga_bcr/patient/follow_ups/follow_up/vital_status
SC004	18e0e996-8f23-4f53-94a5-dde38b550863	129052bf-2c66-41e0-b9f5-560bbfeefb93	/home/student/Desktop/CEIF/16_multiomics_acquisition_v1/raw/09_CLINICAL/SC004/nationwidechildrens.org_clinical.TCGA-13-1409.xml	days_to_death	1742	tcga_bcr/patient/follow_ups/follow_up/days_to_death
SC004	18e0e996-8f23-4f53-94a5-dde38b550863	129052bf-2c66-41e0-b9f5-560bbfeefb93	/home/student/Desktop/CEIF/16_multiomics_acquisition_v1/raw/09_CLINICAL/SC004/nationwidechildrens.org_clinical.TCGA-13-1409.xml	new_tumor_event_after_initial_treatment	YES	tcga_bcr/patient/follow_ups/follow_up/new_tumor_events/new_tumor_event_after_initial_treatment
SC004	1cc02c64-a34e-46ae-9bc7-5d50f2fefb31	c8520d41-d6a8-4482-acbe-bc71e28cf0b0	/home/student/Desktop/CEIF/16_multiomics_acquisition_v1/raw/09_CLINICAL/SC004/nationwidechildrens.org_clinical.TCGA-13-1506.xml	vital_status	Alive	tcga_bcr/patient/vital_status
SC004	1cc02c64-a34e-46ae-9bc7-5d50f2fefb31	c8520d41-d6a8-4482-acbe-bc71e28cf0b0	/home/student/Desktop/CEIF/16_multiomics_acquisition_v1/raw/09_CLINICAL/SC004/nationwidechildrens.org_clinical.TCGA-13-1506.xml	days_to_last_followup	134	tcga_bcr/patient/days_to_last_followup
SC004	1cc02c64-a34e-46ae-9bc7-5d50f2fefb31	c8520d41-d6a8-4482-acbe-bc71e28cf0b0	/home/student/Desktop/CEIF/16_multiomics_acquisition_v1/raw/09_CLINICAL/SC004/nationwidechildrens.org_clinical.TCGA-13-1506.xml	primary_therapy_outcome_success	Complete Remission/Response	tcga_bcr/patient/follow_ups/follow_up/primary_therapy_outcome_success
SC004	1cc02c64-a34e-46ae-9bc7-5d50f2fefb31	c8520d41-d6a8-4482-acbe-bc71e28cf0b0	/home/student/Desktop/CEIF/16_multiomics_acquisition_v1/raw/09_CLINICAL/SC004/nationwidechildrens.org_clinical.TCGA-13-1506.xml	vital_status	Alive	tcga_bcr/patient/follow_ups/follow_up/vital_status
SC004	1cc02c64-a34e-46ae-9bc7-5d50f2fefb31	c8520d41-d6a8-4482-acbe-bc71e28cf0b0	/home/student/Desktop/CEIF/16_multiomics_acquisition_v1/raw/09_CLINICAL/SC004/nationwidechildrens.org_clinical.TCGA-13-1506.xml	days_to_last_followup	134	tcga_bcr/patient/follow_ups/follow_up/days_to_last_followup
SC004	1cc02c64-a34e-46ae-9bc7-5d50f2fefb31	c8520d41-d6a8-4482-acbe-bc71e28cf0b0	/home/student/Desktop/CEIF/16_multiomics_acquisition_v1/raw/09_CLINICAL/SC004/nationwidechildrens.org_clinical.TCGA-13-1506.xml	followup_treatment_success	Progressive Disease	tcga_bcr/patient/follow_ups/follow_up/followup_treatment_success
SC004	1cc02c64-a34e-46ae-9bc7-5d50f2fefb31	c8520d41-d6a8-4482-acbe-bc71e28cf0b0	/home/student/Desktop/CEIF/16_multiomics_acquisition_v1/raw/09_CLINICAL/SC004/nationwidechildrens.org_clinical.TCGA-13-1506.xml	vital_status	Dead	tcga_bcr/patient/follow_ups/follow_up/vital_status
SC004	1cc02c64-a34e-46ae-9bc7-5d50f2fefb31	c8520d41-d6a8-4482-acbe-bc71e28cf0b0	/home/student/Desktop/CEIF/16_multiomics_acquisition_v1/raw/09_CLINICAL/SC004/nationwidechildrens.org_clinical.TCGA-13-1506.xml	days_to_death	1039	tcga_bcr/patient/follow_ups/follow_up/days_to_death
SC004	1cc02c64-a34e-46ae-9bc7-5d50f2fefb31	c8520d41-d6a8-4482-acbe-bc71e28cf0b0	/home/student/Desktop/CEIF/16_multiomics_acquisition_v1/raw/09_CLINICAL/SC004/nationwidechildrens.org_clinical.TCGA-13-1506.xml	new_tumor_event_after_initial_treatment	YES	tcga_bcr/patient/follow_ups/follow_up/new_tumor_events/new_tumor_event_after_initial_treatment
SC004	29dccd25-4c4a-463b-a353-38a193337f38	7e7f2205-1308-45d1-ba67-3c76f85d23e6	/home/student/Desktop/CEIF/16_multiomics_acquisition_v1/raw/09_CLINICAL/SC004/nationwidechildrens.org_clinical.TCGA-13-1405.xml	vital_status	Alive	tcga_bcr/patient/vital_status
SC004	29dccd25-4c4a-463b-a353-38a193337f38	7e7f2205-1308-45d1-ba67-3c76f85d23e6	/home/student/Desktop/CEIF/16_multiomics_acquisition_v1/raw/09_CLINICAL/SC004/nationwidechildrens.org_clinical.TCGA-13-1405.xml	days_to_last_followup	224	tcga_bcr/patient/days_to_last_followup
SC004	29dccd25-4c4a-463b-a353-38a193337f38	7e7f2205-1308-45d1-ba67-3c76f85d23e6	/home/student/Desktop/CEIF/16_multiomics_acquisition_v1/raw/09_CLINICAL/SC004/nationwidechildrens.org_clinical.TCGA-13-1405.xml	primary_therapy_outcome_success	Complete Remission/Response	tcga_bcr/patient/follow_ups/follow_up/primary_therapy_outcome_success
SC004	29dccd25-4c4a-463b-a353-38a193337f38	7e7f2205-1308-45d1-ba67-3c76f85d23e6	/home/student/Desktop/CEIF/16_multiomics_acquisition_v1/raw/09_CLINICAL/SC004/nationwidechildrens.org_clinical.TCGA-13-1405.xml	vital_status	Alive	tcga_bcr/patient/follow_ups/follow_up/vital_status
SC004	29dccd25-4c4a-463b-a353-38a193337f38	7e7f2205-1308-45d1-ba67-3c76f85d23e6	/home/student/Desktop/CEIF/16_multiomics_acquisition_v1/raw/09_CLINICAL/SC004/nationwidechildrens.org_clinical.TCGA-13-1405.xml	days_to_last_followup	224	tcga_bcr/patient/follow_ups/follow_up/days_to_last_followup
SC004	29dccd25-4c4a-463b-a353-38a193337f38	7e7f2205-1308-45d1-ba67-3c76f85d23e6	/home/student/Desktop/CEIF/16_multiomics_acquisition_v1/raw/09_CLINICAL/SC004/nationwidechildrens.org_clinical.TCGA-13-1405.xml	followup_treatment_success	Progressive Disease	tcga_bcr/patient/follow_ups/follow_up/followup_treatment_success
SC004	29dccd25-4c4a-463b-a353-38a193337f38	7e7f2205-1308-45d1-ba67-3c76f85d23e6	/home/student/Desktop/CEIF/16_multiomics_acquisition_v1/raw/09_CLINICAL/SC004/nationwidechildrens.org_clinical.TCGA-13-1405.xml	vital_status	Dead	tcga_bcr/patient/follow_ups/follow_up/vital_status
SC004	29dccd25-4c4a-463b-a353-38a193337f38	7e7f2205-1308-45d1-ba67-3c76f85d23e6	/home/student/Desktop/CEIF/16_multiomics_acquisition_v1/raw/09_CLINICAL/SC004/nationwidechildrens.org_clinical.TCGA-13-1405.xml	days_to_death	868	tcga_bcr/patient/follow_ups/follow_up/days_to_death
SC004	29dccd25-4c4a-463b-a353-38a193337f38	7e7f2205-1308-45d1-ba67-3c76f85d23e6	/home/student/Desktop/CEIF/16_multiomics_acquisition_v1/raw/09_CLINICAL/SC004/nationwidechildrens.org_clinical.TCGA-13-1405.xml	new_tumor_event_after_initial_treatment	YES	tcga_bcr/patient/follow_ups/follow_up/new_tumor_events/new_tumor_event_after_initial_treatment
SC004	384170fc-e8be-426a-a54e-bf1ca61f2986	15be641c-3f2b-4e49-a179-9bc33099e6f7	/home/student/Desktop/CEIF/16_multiomics_acquisition_v1/raw/09_CLINICAL/SC004/nationwidechildrens.org_clinical.TCGA-24-1431.xml	vital_status	Dead	tcga_bcr/patient/vital_status
SC004	384170fc-e8be-426a-a54e-bf1ca61f2986	15be641c-3f2b-4e49-a179-9bc33099e6f7	/home/student/Desktop/CEIF/16_multiomics_acquisition_v1/raw/09_CLINICAL/SC004/nationwidechildrens.org_clinical.TCGA-24-1431.xml	days_to_death	583	tcga_bcr/patient/days_to_death
SC004	384170fc-e8be-426a-a54e-bf1ca61f2986	15be641c-3f2b-4e49-a179-9bc33099e6f7	/home/student/Desktop/CEIF/16_multiomics_acquisition_v1/raw/09_CLINICAL/SC004/nationwidechildrens.org_clinical.TCGA-24-1431.xml	days_to_last_followup	583	tcga_bcr/patient/days_to_last_followup
SC004	384170fc-e8be-426a-a54e-bf1ca61f2986	15be641c-3f2b-4e49-a179-9bc33099e6f7	/home/student/Desktop/CEIF/16_multiomics_acquisition_v1/raw/09_CLINICAL/SC004/nationwidechildrens.org_clinical.TCGA-24-1431.xml	vital_status	Dead	tcga_bcr/patient/follow_ups/follow_up/vital_status
SC004	384170fc-e8be-426a-a54e-bf1ca61f2986	15be641c-3f2b-4e49-a179-9bc33099e6f7	/home/student/Desktop/CEIF/16_multiomics_acquisition_v1/raw/09_CLINICAL/SC004/nationwidechildrens.org_clinical.TCGA-24-1431.xml	days_to_last_followup	583	tcga_bcr/patient/follow_ups/follow_up/days_to_last_followup
SC004	384170fc-e8be-426a-a54e-bf1ca61f2986	15be641c-3f2b-4e49-a179-9bc33099e6f7	/home/student/Desktop/CEIF/16_multiomics_acquisition_v1/raw/09_CLINICAL/SC004/nationwidechildrens.org_clinical.TCGA-24-1431.xml	days_to_death	567	tcga_bcr/patient/follow_ups/follow_up/days_to_death
SC004	384170fc-e8be-426a-a54e-bf1ca61f2986	15be641c-3f2b-4e49-a179-9bc33099e6f7	/home/student/Desktop/CEIF/16_multiomics_acquisition_v1/raw/09_CLINICAL/SC004/nationwidechildrens.org_clinical.TCGA-24-1431.xml	new_neoplasm_event_type	Recurrence	tcga_bcr/patient/follow_ups/follow_up/new_tumor_events/new_tumor_event/new_neoplasm_event_type
SC004	384170fc-e8be-426a-a54e-bf1ca61f2986	15be641c-3f2b-4e49-a179-9bc33099e6f7	/home/student/Desktop/CEIF/16_multiomics_acquisition_v1/raw/09_CLINICAL/SC004/nationwidechildrens.org_clinical.TCGA-24-1431.xml	progression_determined_by	Imaging Study	tcga_bcr/patient/follow_ups/follow_up/new_tumor_events/new_tumor_event/progression_determined_by
SC004	502e8d02-2953-4514-a2e1-6179dd94da73	f64393a7-9e67-4f12-98d0-fc2b9f84ac58	/home/student/Desktop/CEIF/16_multiomics_acquisition_v1/raw/09_CLINICAL/SC004/nationwidechildrens.org_clinical.TCGA-13-1507.xml	vital_status	Alive	tcga_bcr/patient/vital_status
SC004	502e8d02-2953-4514-a2e1-6179dd94da73	f64393a7-9e67-4f12-98d0-fc2b9f84ac58	/home/student/Desktop/CEIF/16_multiomics_acquisition_v1/raw/09_CLINICAL/SC004/nationwidechildrens.org_clinical.TCGA-13-1507.xml	days_to_last_followup	145	tcga_bcr/patient/days_to_last_followup
SC004	502e8d02-2953-4514-a2e1-6179dd94da73	f64393a7-9e67-4f12-98d0-fc2b9f84ac58	/home/student/Desktop/CEIF/16_multiomics_acquisition_v1/raw/09_CLINICAL/SC004/nationwidechildrens.org_clinical.TCGA-13-1507.xml	primary_therapy_outcome_success	Complete Remission/Response	tcga_bcr/patient/follow_ups/follow_up/primary_therapy_outcome_success
SC004	502e8d02-2953-4514-a2e1-6179dd94da73	f64393a7-9e67-4f12-98d0-fc2b9f84ac58	/home/student/Desktop/CEIF/16_multiomics_acquisition_v1/raw/09_CLINICAL/SC004/nationwidechildrens.org_clinical.TCGA-13-1507.xml	vital_status	Alive	tcga_bcr/patient/follow_ups/follow_up/vital_status
SC004	502e8d02-2953-4514-a2e1-6179dd94da73	f64393a7-9e67-4f12-98d0-fc2b9f84ac58	/home/student/Desktop/CEIF/16_multiomics_acquisition_v1/raw/09_CLINICAL/SC004/nationwidechildrens.org_clinical.TCGA-13-1507.xml	days_to_last_followup	145	tcga_bcr/patient/follow_ups/follow_up/days_to_last_followup
SC004	502e8d02-2953-4514-a2e1-6179dd94da73	f64393a7-9e67-4f12-98d0-fc2b9f84ac58	/home/student/Desktop/CEIF/16_multiomics_acquisition_v1/raw/09_CLINICAL/SC004/nationwidechildrens.org_clinical.TCGA-13-1507.xml	followup_treatment_success	Progressive Disease	tcga_bcr/patient/follow_ups/follow_up/followup_treatment_success
SC004	502e8d02-2953-4514-a2e1-6179dd94da73	f64393a7-9e67-4f12-98d0-fc2b9f84ac58	/home/student/Desktop/CEIF/16_multiomics_acquisition_v1/raw/09_CLINICAL/SC004/nationwidechildrens.org_clinical.TCGA-13-1507.xml	vital_status	Dead	tcga_bcr/patient/follow_ups/follow_up/vital_status
SC004	502e8d02-2953-4514-a2e1-6179dd94da73	f64393a7-9e67-4f12-98d0-fc2b9f84ac58	/home/student/Desktop/CEIF/16_multiomics_acquisition_v1/raw/09_CLINICAL/SC004/nationwidechildrens.org_clinical.TCGA-13-1507.xml	days_to_death	1993	tcga_bcr/patient/follow_ups/follow_up/days_to_death
SC004	502e8d02-2953-4514-a2e1-6179dd94da73	f64393a7-9e67-4f12-98d0-fc2b9f84ac58	/home/student/Desktop/CEIF/16_multiomics_acquisition_v1/raw/09_CLINICAL/SC004/nationwidechildrens.org_clinical.TCGA-13-1507.xml	new_tumor_event_after_initial_treatment	YES	tcga_bcr/patient/follow_ups/follow_up/new_tumor_events/new_tumor_event_after_initial_treatment
SC004	561968ce-da9a-4d69-8bc2-bc87b9550f93	082ecc9f-1a18-443c-bb37-ae1d45b1108e	/home/student/Desktop/CEIF/16_multiomics_acquisition_v1/raw/09_CLINICAL/SC004/nationwidechildrens.org_clinical.TCGA-13-1501.xml	vital_status	Alive	tcga_bcr/patient/vital_status
SC004	561968ce-da9a-4d69-8bc2-bc87b9550f93	082ecc9f-1a18-443c-bb37-ae1d45b1108e	/home/student/Desktop/CEIF/16_multiomics_acquisition_v1/raw/09_CLINICAL/SC004/nationwidechildrens.org_clinical.TCGA-13-1501.xml	days_to_last_followup	999	tcga_bcr/patient/days_to_last_followup
SC004	561968ce-da9a-4d69-8bc2-bc87b9550f93	082ecc9f-1a18-443c-bb37-ae1d45b1108e	/home/student/Desktop/CEIF/16_multiomics_acquisition_v1/raw/09_CLINICAL/SC004/nationwidechildrens.org_clinical.TCGA-13-1501.xml	primary_therapy_outcome_success	Partial Remission/Response	tcga_bcr/patient/follow_ups/follow_up/primary_therapy_outcome_success
SC004	561968ce-da9a-4d69-8bc2-bc87b9550f93	082ecc9f-1a18-443c-bb37-ae1d45b1108e	/home/student/Desktop/CEIF/16_multiomics_acquisition_v1/raw/09_CLINICAL/SC004/nationwidechildrens.org_clinical.TCGA-13-1501.xml	vital_status	Alive	tcga_bcr/patient/follow_ups/follow_up/vital_status
SC004	561968ce-da9a-4d69-8bc2-bc87b9550f93	082ecc9f-1a18-443c-bb37-ae1d45b1108e	/home/student/Desktop/CEIF/16_multiomics_acquisition_v1/raw/09_CLINICAL/SC004/nationwidechildrens.org_clinical.TCGA-13-1501.xml	days_to_last_followup	999	tcga_bcr/patient/follow_ups/follow_up/days_to_last_followup
SC004	561968ce-da9a-4d69-8bc2-bc87b9550f93	082ecc9f-1a18-443c-bb37-ae1d45b1108e	/home/student/Desktop/CEIF/16_multiomics_acquisition_v1/raw/09_CLINICAL/SC004/nationwidechildrens.org_clinical.TCGA-13-1501.xml	new_neoplasm_event_type	Progression of Disease	tcga_bcr/patient/follow_ups/follow_up/new_tumor_events/new_tumor_event/new_neoplasm_event_type
SC004	561968ce-da9a-4d69-8bc2-bc87b9550f93	082ecc9f-1a18-443c-bb37-ae1d45b1108e	/home/student/Desktop/CEIF/16_multiomics_acquisition_v1/raw/09_CLINICAL/SC004/nationwidechildrens.org_clinical.TCGA-13-1501.xml	progression_determined_by	Imaging Study	tcga_bcr/patient/follow_ups/follow_up/new_tumor_events/new_tumor_event/progression_determined_by
SC004	561968ce-da9a-4d69-8bc2-bc87b9550f93	082ecc9f-1a18-443c-bb37-ae1d45b1108e	/home/student/Desktop/CEIF/16_multiomics_acquisition_v1/raw/09_CLINICAL/SC004/nationwidechildrens.org_clinical.TCGA-13-1501.xml	followup_treatment_success	Progressive Disease	tcga_bcr/patient/follow_ups/follow_up/followup_treatment_success
SC004	561968ce-da9a-4d69-8bc2-bc87b9550f93	082ecc9f-1a18-443c-bb37-ae1d45b1108e	/home/student/Desktop/CEIF/16_multiomics_acquisition_v1/raw/09_CLINICAL/SC004/nationwidechildrens.org_clinical.TCGA-13-1501.xml	vital_status	Dead	tcga_bcr/patient/follow_ups/follow_up/vital_status
SC004	561968ce-da9a-4d69-8bc2-bc87b9550f93	082ecc9f-1a18-443c-bb37-ae1d45b1108e	/home/student/Desktop/CEIF/16_multiomics_acquisition_v1/raw/09_CLINICAL/SC004/nationwidechildrens.org_clinical.TCGA-13-1501.xml	days_to_death	1314	tcga_bcr/patient/follow_ups/follow_up/days_to_death
SC004	561968ce-da9a-4d69-8bc2-bc87b9550f93	082ecc9f-1a18-443c-bb37-ae1d45b1108e	/home/student/Desktop/CEIF/16_multiomics_acquisition_v1/raw/09_CLINICAL/SC004/nationwidechildrens.org_clinical.TCGA-13-1501.xml	new_tumor_event_after_initial_treatment	YES	tcga_bcr/patient/follow_ups/follow_up/new_tumor_events/new_tumor_event_after_initial_treatment
SC004	56a30462-2819-4c18-95be-8e73880a4921	d1d1bfe0-2a03-4141-95a4-9450544f2d75	/home/student/Desktop/CEIF/16_multiomics_acquisition_v1/raw/09_CLINICAL/SC004/nationwidechildrens.org_clinical.TCGA-13-1498.xml	vital_status	Alive	tcga_bcr/patient/vital_status
SC004	56a30462-2819-4c18-95be-8e73880a4921	d1d1bfe0-2a03-4141-95a4-9450544f2d75	/home/student/Desktop/CEIF/16_multiomics_acquisition_v1/raw/09_CLINICAL/SC004/nationwidechildrens.org_clinical.TCGA-13-1498.xml	days_to_last_followup	1144	tcga_bcr/patient/days_to_last_followup
SC004	56a30462-2819-4c18-95be-8e73880a4921	d1d1bfe0-2a03-4141-95a4-9450544f2d75	/home/student/Desktop/CEIF/16_multiomics_acquisition_v1/raw/09_CLINICAL/SC004/nationwidechildrens.org_clinical.TCGA-13-1498.xml	primary_therapy_outcome_success	Partial Remission/Response	tcga_bcr/patient/follow_ups/follow_up/primary_therapy_outcome_success
SC004	56a30462-2819-4c18-95be-8e73880a4921	d1d1bfe0-2a03-4141-95a4-9450544f2d75	/home/student/Desktop/CEIF/16_multiomics_acquisition_v1/raw/09_CLINICAL/SC004/nationwidechildrens.org_clinical.TCGA-13-1498.xml	vital_status	Alive	tcga_bcr/patient/follow_ups/follow_up/vital_status
SC004	56a30462-2819-4c18-95be-8e73880a4921	d1d1bfe0-2a03-4141-95a4-9450544f2d75	/home/student/Desktop/CEIF/16_multiomics_acquisition_v1/raw/09_CLINICAL/SC004/nationwidechildrens.org_clinical.TCGA-13-1498.xml	days_to_last_followup	1144	tcga_bcr/patient/follow_ups/follow_up/days_to_last_followup
SC004	56a30462-2819-4c18-95be-8e73880a4921	d1d1bfe0-2a03-4141-95a4-9450544f2d75	/home/student/Desktop/CEIF/16_multiomics_acquisition_v1/raw/09_CLINICAL/SC004/nationwidechildrens.org_clinical.TCGA-13-1498.xml	new_neoplasm_event_type	Progression of Disease	tcga_bcr/patient/follow_ups/follow_up/new_tumor_events/new_tumor_event/new_neoplasm_event_type
SC004	56a30462-2819-4c18-95be-8e73880a4921	d1d1bfe0-2a03-4141-95a4-9450544f2d75	/home/student/Desktop/CEIF/16_multiomics_acquisition_v1/raw/09_CLINICAL/SC004/nationwidechildrens.org_clinical.TCGA-13-1498.xml	progression_determined_by	Imaging Study	tcga_bcr/patient/follow_ups/follow_up/new_tumor_events/new_tumor_event/progression_determined_by
SC004	56a30462-2819-4c18-95be-8e73880a4921	d1d1bfe0-2a03-4141-95a4-9450544f2d75	/home/student/Desktop/CEIF/16_multiomics_acquisition_v1/raw/09_CLINICAL/SC004/nationwidechildrens.org_clinical.TCGA-13-1498.xml	followup_treatment_success	Progressive Disease	tcga_bcr/patient/follow_ups/follow_up/followup_treatment_success
SC004	56a30462-2819-4c18-95be-8e73880a4921	d1d1bfe0-2a03-4141-95a4-9450544f2d75	/home/student/Desktop/CEIF/16_multiomics_acquisition_v1/raw/09_CLINICAL/SC004/nationwidechildrens.org_clinical.TCGA-13-1498.xml	vital_status	Dead	tcga_bcr/patient/follow_ups/follow_up/vital_status
SC004	56a30462-2819-4c18-95be-8e73880a4921	d1d1bfe0-2a03-4141-95a4-9450544f2d75	/home/student/Desktop/CEIF/16_multiomics_acquisition_v1/raw/09_CLINICAL/SC004/nationwidechildrens.org_clinical.TCGA-13-1498.xml	days_to_death	2012	tcga_bcr/patient/follow_ups/follow_up/days_to_death
SC004	56a30462-2819-4c18-95be-8e73880a4921	d1d1bfe0-2a03-4141-95a4-9450544f2d75	/home/student/Desktop/CEIF/16_multiomics_acquisition_v1/raw/09_CLINICAL/SC004/nationwidechildrens.org_clinical.TCGA-13-1498.xml	new_tumor_event_after_initial_treatment	YES	tcga_bcr/patient/follow_ups/follow_up/new_tumor_events/new_tumor_event_after_initial_treatment
SC004	5c6f3cd4-19c5-418d-b1be-d3fbf63e99db	a536d410-ef11-4ed3-8a80-f874f4858504	/home/student/Desktop/CEIF/16_multiomics_acquisition_v1/raw/09_CLINICAL/SC004/nationwidechildrens.org_clinical.TCGA-13-0899.xml	vital_status	Alive	tcga_bcr/patient/vital_status
SC004	5c6f3cd4-19c5-418d-b1be-d3fbf63e99db	a536d410-ef11-4ed3-8a80-f874f4858504	/home/student/Desktop/CEIF/16_multiomics_acquisition_v1/raw/09_CLINICAL/SC004/nationwidechildrens.org_clinical.TCGA-13-0899.xml	days_to_last_followup	1708	tcga_bcr/patient/days_to_last_followup
SC004	5c6f3cd4-19c5-418d-b1be-d3fbf63e99db	a536d410-ef11-4ed3-8a80-f874f4858504	/home/student/Desktop/CEIF/16_multiomics_acquisition_v1/raw/09_CLINICAL/SC004/nationwidechildrens.org_clinical.TCGA-13-0899.xml	primary_therapy_outcome_success	Complete Remission/Response	tcga_bcr/patient/follow_ups/follow_up/primary_therapy_outcome_success
SC004	5c6f3cd4-19c5-418d-b1be-d3fbf63e99db	a536d410-ef11-4ed3-8a80-f874f4858504	/home/student/Desktop/CEIF/16_multiomics_acquisition_v1/raw/09_CLINICAL/SC004/nationwidechildrens.org_clinical.TCGA-13-0899.xml	vital_status	Alive	tcga_bcr/patient/follow_ups/follow_up/vital_status
SC004	5c6f3cd4-19c5-418d-b1be-d3fbf63e99db	a536d410-ef11-4ed3-8a80-f874f4858504	/home/student/Desktop/CEIF/16_multiomics_acquisition_v1/raw/09_CLINICAL/SC004/nationwidechildrens.org_clinical.TCGA-13-0899.xml	days_to_last_followup	1708	tcga_bcr/patient/follow_ups/follow_up/days_to_last_followup
SC004	5c6f3cd4-19c5-418d-b1be-d3fbf63e99db	a536d410-ef11-4ed3-8a80-f874f4858504	/home/student/Desktop/CEIF/16_multiomics_acquisition_v1/raw/09_CLINICAL/SC004/nationwidechildrens.org_clinical.TCGA-13-0899.xml	new_neoplasm_event_type	Recurrence	tcga_bcr/patient/follow_ups/follow_up/new_tumor_events/new_tumor_event/new_neoplasm_event_type
SC004	5c6f3cd4-19c5-418d-b1be-d3fbf63e99db	a536d410-ef11-4ed3-8a80-f874f4858504	/home/student/Desktop/CEIF/16_multiomics_acquisition_v1/raw/09_CLINICAL/SC004/nationwidechildrens.org_clinical.TCGA-13-0899.xml	progression_determined_by	Imaging Study	tcga_bcr/patient/follow_ups/follow_up/new_tumor_events/new_tumor_event/progression_determined_by
SC004	5c6f3cd4-19c5-418d-b1be-d3fbf63e99db	a536d410-ef11-4ed3-8a80-f874f4858504	/home/student/Desktop/CEIF/16_multiomics_acquisition_v1/raw/09_CLINICAL/SC004/nationwidechildrens.org_clinical.TCGA-13-0899.xml	followup_treatment_success	Progressive Disease	tcga_bcr/patient/follow_ups/follow_up/followup_treatment_success
SC004	5c6f3cd4-19c5-418d-b1be-d3fbf63e99db	a536d410-ef11-4ed3-8a80-f874f4858504	/home/student/Desktop/CEIF/16_multiomics_acquisition_v1/raw/09_CLINICAL/SC004/nationwidechildrens.org_clinical.TCGA-13-0899.xml	vital_status	Dead	tcga_bcr/patient/follow_ups/follow_up/vital_status
SC004	5c6f3cd4-19c5-418d-b1be-d3fbf63e99db	a536d410-ef11-4ed3-8a80-f874f4858504	/home/student/Desktop/CEIF/16_multiomics_acquisition_v1/raw/09_CLINICAL/SC004/nationwidechildrens.org_clinical.TCGA-13-0899.xml	days_to_death	2012	tcga_bcr/patient/follow_ups/follow_up/days_to_death
SC004	5c6f3cd4-19c5-418d-b1be-d3fbf63e99db	a536d410-ef11-4ed3-8a80-f874f4858504	/home/student/Desktop/CEIF/16_multiomics_acquisition_v1/raw/09_CLINICAL/SC004/nationwidechildrens.org_clinical.TCGA-13-0899.xml	new_tumor_event_after_initial_treatment	YES	tcga_bcr/patient/follow_ups/follow_up/new_tumor_events/new_tumor_event_after_initial_treatment
SC004	63c6a89b-b28c-434a-a632-5de6545db731	f94b4e9d-8a8e-431f-a7df-469e30e5bf53	/home/student/Desktop/CEIF/16_multiomics_acquisition_v1/raw/09_CLINICAL/SC004/nationwidechildrens.org_clinical.TCGA-13-1492.xml	vital_status	Alive	tcga_bcr/patient/vital_status
SC004	63c6a89b-b28c-434a-a632-5de6545db731	f94b4e9d-8a8e-431f-a7df-469e30e5bf53	/home/student/Desktop/CEIF/16_multiomics_acquisition_v1/raw/09_CLINICAL/SC004/nationwidechildrens.org_clinical.TCGA-13-1492.xml	days_to_last_followup	2237	tcga_bcr/patient/days_to_last_followup
SC004	63c6a89b-b28c-434a-a632-5de6545db731	f94b4e9d-8a8e-431f-a7df-469e30e5bf53	/home/student/Desktop/CEIF/16_multiomics_acquisition_v1/raw/09_CLINICAL/SC004/nationwidechildrens.org_clinical.TCGA-13-1492.xml	primary_therapy_outcome_success	Complete Remission/Response	tcga_bcr/patient/follow_ups/follow_up/primary_therapy_outcome_success
SC004	63c6a89b-b28c-434a-a632-5de6545db731	f94b4e9d-8a8e-431f-a7df-469e30e5bf53	/home/student/Desktop/CEIF/16_multiomics_acquisition_v1/raw/09_CLINICAL/SC004/nationwidechildrens.org_clinical.TCGA-13-1492.xml	vital_status	Alive	tcga_bcr/patient/follow_ups/follow_up/vital_status
SC004	63c6a89b-b28c-434a-a632-5de6545db731	f94b4e9d-8a8e-431f-a7df-469e30e5bf53	/home/student/Desktop/CEIF/16_multiomics_acquisition_v1/raw/09_CLINICAL/SC004/nationwidechildrens.org_clinical.TCGA-13-1492.xml	days_to_last_followup	2237	tcga_bcr/patient/follow_ups/follow_up/days_to_last_followup
SC004	63c6a89b-b28c-434a-a632-5de6545db731	f94b4e9d-8a8e-431f-a7df-469e30e5bf53	/home/student/Desktop/CEIF/16_multiomics_acquisition_v1/raw/09_CLINICAL/SC004/nationwidechildrens.org_clinical.TCGA-13-1492.xml	followup_treatment_success	Complete Remission/Response	tcga_bcr/patient/follow_ups/follow_up/followup_treatment_success
SC004	63c6a89b-b28c-434a-a632-5de6545db731	f94b4e9d-8a8e-431f-a7df-469e30e5bf53	/home/student/Desktop/CEIF/16_multiomics_acquisition_v1/raw/09_CLINICAL/SC004/nationwidechildrens.org_clinical.TCGA-13-1492.xml	vital_status	Dead	tcga_bcr/patient/follow_ups/follow_up/vital_status
SC004	63c6a89b-b28c-434a-a632-5de6545db731	f94b4e9d-8a8e-431f-a7df-469e30e5bf53	/home/student/Desktop/CEIF/16_multiomics_acquisition_v1/raw/09_CLINICAL/SC004/nationwidechildrens.org_clinical.TCGA-13-1492.xml	days_to_death	3819	tcga_bcr/patient/follow_ups/follow_up/days_to_death
SC004	63c6a89b-b28c-434a-a632-5de6545db731	f94b4e9d-8a8e-431f-a7df-469e30e5bf53	/home/student/Desktop/CEIF/16_multiomics_acquisition_v1/raw/09_CLINICAL/SC004/nationwidechildrens.org_clinical.TCGA-13-1492.xml	new_tumor_event_after_initial_treatment	NO	tcga_bcr/patient/follow_ups/follow_up/new_tumor_events/new_tumor_event_after_initial_treatment
SC004	6cf9f872-2e59-45cf-bb5e-ebd7fa1b3caf	39c54dd6-1b34-4eab-8689-e560aae99cab	/home/student/Desktop/CEIF/16_multiomics_acquisition_v1/raw/09_CLINICAL/SC004/nationwidechildrens.org_clinical.TCGA-13-0888.xml	vital_status	Alive	tcga_bcr/patient/vital_status
SC004	6cf9f872-2e59-45cf-bb5e-ebd7fa1b3caf	39c54dd6-1b34-4eab-8689-e560aae99cab	/home/student/Desktop/CEIF/16_multiomics_acquisition_v1/raw/09_CLINICAL/SC004/nationwidechildrens.org_clinical.TCGA-13-0888.xml	days_to_last_followup	2141	tcga_bcr/patient/days_to_last_followup
SC004	6cf9f872-2e59-45cf-bb5e-ebd7fa1b3caf	39c54dd6-1b34-4eab-8689-e560aae99cab	/home/student/Desktop/CEIF/16_multiomics_acquisition_v1/raw/09_CLINICAL/SC004/nationwidechildrens.org_clinical.TCGA-13-0888.xml	vital_status	Alive	tcga_bcr/patient/follow_ups/follow_up/vital_status
SC004	6cf9f872-2e59-45cf-bb5e-ebd7fa1b3caf	39c54dd6-1b34-4eab-8689-e560aae99cab	/home/student/Desktop/CEIF/16_multiomics_acquisition_v1/raw/09_CLINICAL/SC004/nationwidechildrens.org_clinical.TCGA-13-0888.xml	days_to_last_followup	2141	tcga_bcr/patient/follow_ups/follow_up/days_to_last_followup
SC004	6cf9f872-2e59-45cf-bb5e-ebd7fa1b3caf	39c54dd6-1b34-4eab-8689-e560aae99cab	/home/student/Desktop/CEIF/16_multiomics_acquisition_v1/raw/09_CLINICAL/SC004/nationwidechildrens.org_clinical.TCGA-13-0888.xml	followup_treatment_success	Complete Remission/Response	tcga_bcr/patient/follow_ups/follow_up/followup_treatment_success
SC004	6cf9f872-2e59-45cf-bb5e-ebd7fa1b3caf	39c54dd6-1b34-4eab-8689-e560aae99cab	/home/student/Desktop/CEIF/16_multiomics_acquisition_v1/raw/09_CLINICAL/SC004/nationwidechildrens.org_clinical.TCGA-13-0888.xml	vital_status	Dead	tcga_bcr/patient/follow_ups/follow_up/vital_status
SC004	6cf9f872-2e59-45cf-bb5e-ebd7fa1b3caf	39c54dd6-1b34-4eab-8689-e560aae99cab	/home/student/Desktop/CEIF/16_multiomics_acquisition_v1/raw/09_CLINICAL/SC004/nationwidechildrens.org_clinical.TCGA-13-0888.xml	days_to_death	2811	tcga_bcr/patient/follow_ups/follow_up/days_to_death
SC004	6cf9f872-2e59-45cf-bb5e-ebd7fa1b3caf	39c54dd6-1b34-4eab-8689-e560aae99cab	/home/student/Desktop/CEIF/16_multiomics_acquisition_v1/raw/09_CLINICAL/SC004/nationwidechildrens.org_clinical.TCGA-13-0888.xml	new_tumor_event_after_initial_treatment	NO	tcga_bcr/patient/follow_ups/follow_up/new_tumor_events/new_tumor_event_after_initial_treatment
SC004	70fe08bd-a0b4-4a88-b82e-813b176f8e40	4fa9ff43-43b5-4d1f-8a3b-96d45260bc81	/home/student/Desktop/CEIF/16_multiomics_acquisition_v1/raw/09_CLINICAL/SC004/nationwidechildrens.org_clinical.TCGA-23-1116.xml	vital_status	Alive	tcga_bcr/patient/vital_status
SC004	70fe08bd-a0b4-4a88-b82e-813b176f8e40	4fa9ff43-43b5-4d1f-8a3b-96d45260bc81	/home/student/Desktop/CEIF/16_multiomics_acquisition_v1/raw/09_CLINICAL/SC004/nationwidechildrens.org_clinical.TCGA-23-1116.xml	days_to_last_followup	139	tcga_bcr/patient/days_to_last_followup
SC004	70fe08bd-a0b4-4a88-b82e-813b176f8e40	4fa9ff43-43b5-4d1f-8a3b-96d45260bc81	/home/student/Desktop/CEIF/16_multiomics_acquisition_v1/raw/09_CLINICAL/SC004/nationwidechildrens.org_clinical.TCGA-23-1116.xml	primary_therapy_outcome_success	Complete Remission/Response	tcga_bcr/patient/follow_ups/follow_up/primary_therapy_outcome_success
SC004	70fe08bd-a0b4-4a88-b82e-813b176f8e40	4fa9ff43-43b5-4d1f-8a3b-96d45260bc81	/home/student/Desktop/CEIF/16_multiomics_acquisition_v1/raw/09_CLINICAL/SC004/nationwidechildrens.org_clinical.TCGA-23-1116.xml	vital_status	Alive	tcga_bcr/patient/follow_ups/follow_up/vital_status
SC004	70fe08bd-a0b4-4a88-b82e-813b176f8e40	4fa9ff43-43b5-4d1f-8a3b-96d45260bc81	/home/student/Desktop/CEIF/16_multiomics_acquisition_v1/raw/09_CLINICAL/SC004/nationwidechildrens.org_clinical.TCGA-23-1116.xml	days_to_last_followup	139	tcga_bcr/patient/follow_ups/follow_up/days_to_last_followup
SC004	70fe08bd-a0b4-4a88-b82e-813b176f8e40	4fa9ff43-43b5-4d1f-8a3b-96d45260bc81	/home/student/Desktop/CEIF/16_multiomics_acquisition_v1/raw/09_CLINICAL/SC004/nationwidechildrens.org_clinical.TCGA-23-1116.xml	primary_therapy_outcome_success	Complete Remission/Response	tcga_bcr/patient/follow_ups/follow_up/primary_therapy_outcome_success
SC004	70fe08bd-a0b4-4a88-b82e-813b176f8e40	4fa9ff43-43b5-4d1f-8a3b-96d45260bc81	/home/student/Desktop/CEIF/16_multiomics_acquisition_v1/raw/09_CLINICAL/SC004/nationwidechildrens.org_clinical.TCGA-23-1116.xml	followup_treatment_success	Progressive Disease	tcga_bcr/patient/follow_ups/follow_up/followup_treatment_success
SC004	70fe08bd-a0b4-4a88-b82e-813b176f8e40	4fa9ff43-43b5-4d1f-8a3b-96d45260bc81	/home/student/Desktop/CEIF/16_multiomics_acquisition_v1/raw/09_CLINICAL/SC004/nationwidechildrens.org_clinical.TCGA-23-1116.xml	vital_status	Dead	tcga_bcr/patient/follow_ups/follow_up/vital_status
SC004	70fe08bd-a0b4-4a88-b82e-813b176f8e40	4fa9ff43-43b5-4d1f-8a3b-96d45260bc81	/home/student/Desktop/CEIF/16_multiomics_acquisition_v1/raw/09_CLINICAL/SC004/nationwidechildrens.org_clinical.TCGA-23-1116.xml	days_to_death	592	tcga_bcr/patient/follow_ups/follow_up/days_to_death
SC004	70fe08bd-a0b4-4a88-b82e-813b176f8e40	4fa9ff43-43b5-4d1f-8a3b-96d45260bc81	/home/student/Desktop/CEIF/16_multiomics_acquisition_v1/raw/09_CLINICAL/SC004/nationwidechildrens.org_clinical.TCGA-23-1116.xml	new_tumor_event_after_initial_treatment	YES	tcga_bcr/patient/follow_ups/follow_up/new_tumor_events/new_tumor_event_after_initial_treatment
SC004	70fe08bd-a0b4-4a88-b82e-813b176f8e40	4fa9ff43-43b5-4d1f-8a3b-96d45260bc81	/home/student/Desktop/CEIF/16_multiomics_acquisition_v1/raw/09_CLINICAL/SC004/nationwidechildrens.org_clinical.TCGA-23-1116.xml	new_neoplasm_event_type	Recurrence	tcga_bcr/patient/follow_ups/follow_up/new_tumor_events/new_tumor_event/new_neoplasm_event_type
SC004	7248cd60-be22-44bc-bc58-f644db0940a2	0c463aeb-cc46-4be0-84f9-abc8514befe5	/home/student/Desktop/CEIF/16_multiomics_acquisition_v1/raw/09_CLINICAL/SC004/nationwidechildrens.org_clinical.TCGA-13-1489.xml	vital_status	Alive	tcga_bcr/patient/vital_status
SC004	7248cd60-be22-44bc-bc58-f644db0940a2	0c463aeb-cc46-4be0-84f9-abc8514befe5	/home/student/Desktop/CEIF/16_multiomics_acquisition_v1/raw/09_CLINICAL/SC004/nationwidechildrens.org_clinical.TCGA-13-1489.xml	days_to_last_followup	2521	tcga_bcr/patient/days_to_last_followup
SC004	7248cd60-be22-44bc-bc58-f644db0940a2	0c463aeb-cc46-4be0-84f9-abc8514befe5	/home/student/Desktop/CEIF/16_multiomics_acquisition_v1/raw/09_CLINICAL/SC004/nationwidechildrens.org_clinical.TCGA-13-1489.xml	primary_therapy_outcome_success	Complete Remission/Response	tcga_bcr/patient/follow_ups/follow_up/primary_therapy_outcome_success
SC004	7248cd60-be22-44bc-bc58-f644db0940a2	0c463aeb-cc46-4be0-84f9-abc8514befe5	/home/student/Desktop/CEIF/16_multiomics_acquisition_v1/raw/09_CLINICAL/SC004/nationwidechildrens.org_clinical.TCGA-13-1489.xml	vital_status	Alive	tcga_bcr/patient/follow_ups/follow_up/vital_status
SC004	7248cd60-be22-44bc-bc58-f644db0940a2	0c463aeb-cc46-4be0-84f9-abc8514befe5	/home/student/Desktop/CEIF/16_multiomics_acquisition_v1/raw/09_CLINICAL/SC004/nationwidechildrens.org_clinical.TCGA-13-1489.xml	days_to_last_followup	2521	tcga_bcr/patient/follow_ups/follow_up/days_to_last_followup
SC004	7248cd60-be22-44bc-bc58-f644db0940a2	0c463aeb-cc46-4be0-84f9-abc8514befe5	/home/student/Desktop/CEIF/16_multiomics_acquisition_v1/raw/09_CLINICAL/SC004/nationwidechildrens.org_clinical.TCGA-13-1489.xml	new_neoplasm_event_type	Recurrence	tcga_bcr/patient/follow_ups/follow_up/new_tumor_events/new_tumor_event/new_neoplasm_event_type
SC004	7248cd60-be22-44bc-bc58-f644db0940a2	0c463aeb-cc46-4be0-84f9-abc8514befe5	/home/student/Desktop/CEIF/16_multiomics_acquisition_v1/raw/09_CLINICAL/SC004/nationwidechildrens.org_clinical.TCGA-13-1489.xml	progression_determined_by	Imaging Study	tcga_bcr/patient/follow_ups/follow_up/new_tumor_events/new_tumor_event/progression_determined_by
SC004	7248cd60-be22-44bc-bc58-f644db0940a2	0c463aeb-cc46-4be0-84f9-abc8514befe5	/home/student/Desktop/CEIF/16_multiomics_acquisition_v1/raw/09_CLINICAL/SC004/nationwidechildrens.org_clinical.TCGA-13-1489.xml	new_neoplasm_event_type	Locoregional Disease	tcga_bcr/patient/follow_ups/follow_up/new_tumor_events/new_tumor_event/new_neoplasm_event_type
SC004	7248cd60-be22-44bc-bc58-f644db0940a2	0c463aeb-cc46-4be0-84f9-abc8514befe5	/home/student/Desktop/CEIF/16_multiomics_acquisition_v1/raw/09_CLINICAL/SC004/nationwidechildrens.org_clinical.TCGA-13-1489.xml	progression_determined_by	Imaging Study	tcga_bcr/patient/follow_ups/follow_up/new_tumor_events/new_tumor_event/progression_determined_by
SC004	7248cd60-be22-44bc-bc58-f644db0940a2	0c463aeb-cc46-4be0-84f9-abc8514befe5	/home/student/Desktop/CEIF/16_multiomics_acquisition_v1/raw/09_CLINICAL/SC004/nationwidechildrens.org_clinical.TCGA-13-1489.xml	followup_treatment_success	Complete Remission/Response	tcga_bcr/patient/follow_ups/follow_up/followup_treatment_success
SC004	7248cd60-be22-44bc-bc58-f644db0940a2	0c463aeb-cc46-4be0-84f9-abc8514befe5	/home/student/Desktop/CEIF/16_multiomics_acquisition_v1/raw/09_CLINICAL/SC004/nationwidechildrens.org_clinical.TCGA-13-1489.xml	vital_status	Dead	tcga_bcr/patient/follow_ups/follow_up/vital_status
SC004	7248cd60-be22-44bc-bc58-f644db0940a2	0c463aeb-cc46-4be0-84f9-abc8514befe5	/home/student/Desktop/CEIF/16_multiomics_acquisition_v1/raw/09_CLINICAL/SC004/nationwidechildrens.org_clinical.TCGA-13-1489.xml	days_to_death	2553	tcga_bcr/patient/follow_ups/follow_up/days_to_death
SC004	7248cd60-be22-44bc-bc58-f644db0940a2	0c463aeb-cc46-4be0-84f9-abc8514befe5	/home/student/Desktop/CEIF/16_multiomics_acquisition_v1/raw/09_CLINICAL/SC004/nationwidechildrens.org_clinical.TCGA-13-1489.xml	new_tumor_event_after_initial_treatment	YES	tcga_bcr/patient/follow_ups/follow_up/new_tumor_events/new_tumor_event_after_initial_treatment
SC004	74dcdfb4-a637-4111-9a22-4b4bc7bbc8f7	146025f1-946e-48b9-bed5-1b1fbda7d9eb	/home/student/Desktop/CEIF/16_multiomics_acquisition_v1/raw/09_CLINICAL/SC004/nationwidechildrens.org_clinical.TCGA-13-1495.xml	vital_status	Alive	tcga_bcr/patient/vital_status
SC004	74dcdfb4-a637-4111-9a22-4b4bc7bbc8f7	146025f1-946e-48b9-bed5-1b1fbda7d9eb	/home/student/Desktop/CEIF/16_multiomics_acquisition_v1/raw/09_CLINICAL/SC004/nationwidechildrens.org_clinical.TCGA-13-1495.xml	days_to_last_followup	1498	tcga_bcr/patient/days_to_last_followup
SC004	74dcdfb4-a637-4111-9a22-4b4bc7bbc8f7	146025f1-946e-48b9-bed5-1b1fbda7d9eb	/home/student/Desktop/CEIF/16_multiomics_acquisition_v1/raw/09_CLINICAL/SC004/nationwidechildrens.org_clinical.TCGA-13-1495.xml	primary_therapy_outcome_success	Complete Remission/Response	tcga_bcr/patient/follow_ups/follow_up/primary_therapy_outcome_success
SC004	74dcdfb4-a637-4111-9a22-4b4bc7bbc8f7	146025f1-946e-48b9-bed5-1b1fbda7d9eb	/home/student/Desktop/CEIF/16_multiomics_acquisition_v1/raw/09_CLINICAL/SC004/nationwidechildrens.org_clinical.TCGA-13-1495.xml	vital_status	Alive	tcga_bcr/patient/follow_ups/follow_up/vital_status
SC004	74dcdfb4-a637-4111-9a22-4b4bc7bbc8f7	146025f1-946e-48b9-bed5-1b1fbda7d9eb	/home/student/Desktop/CEIF/16_multiomics_acquisition_v1/raw/09_CLINICAL/SC004/nationwidechildrens.org_clinical.TCGA-13-1495.xml	days_to_last_followup	1498	tcga_bcr/patient/follow_ups/follow_up/days_to_last_followup
SC004	74dcdfb4-a637-4111-9a22-4b4bc7bbc8f7	146025f1-946e-48b9-bed5-1b1fbda7d9eb	/home/student/Desktop/CEIF/16_multiomics_acquisition_v1/raw/09_CLINICAL/SC004/nationwidechildrens.org_clinical.TCGA-13-1495.xml	new_neoplasm_event_type	Recurrence	tcga_bcr/patient/follow_ups/follow_up/new_tumor_events/new_tumor_event/new_neoplasm_event_type
SC004	74dcdfb4-a637-4111-9a22-4b4bc7bbc8f7	146025f1-946e-48b9-bed5-1b1fbda7d9eb	/home/student/Desktop/CEIF/16_multiomics_acquisition_v1/raw/09_CLINICAL/SC004/nationwidechildrens.org_clinical.TCGA-13-1495.xml	progression_determined_by	Imaging Study	tcga_bcr/patient/follow_ups/follow_up/new_tumor_events/new_tumor_event/progression_determined_by
SC004	74dcdfb4-a637-4111-9a22-4b4bc7bbc8f7	146025f1-946e-48b9-bed5-1b1fbda7d9eb	/home/student/Desktop/CEIF/16_multiomics_acquisition_v1/raw/09_CLINICAL/SC004/nationwidechildrens.org_clinical.TCGA-13-1495.xml	new_neoplasm_event_type	Both Locoregional and Distant Metastasis	tcga_bcr/patient/follow_ups/follow_up/new_tumor_events/new_tumor_event/new_neoplasm_event_type
SC004	74dcdfb4-a637-4111-9a22-4b4bc7bbc8f7	146025f1-946e-48b9-bed5-1b1fbda7d9eb	/home/student/Desktop/CEIF/16_multiomics_acquisition_v1/raw/09_CLINICAL/SC004/nationwidechildrens.org_clinical.TCGA-13-1495.xml	progression_determined_by	Imaging Study	tcga_bcr/patient/follow_ups/follow_up/new_tumor_events/new_tumor_event/progression_determined_by
SC004	74dcdfb4-a637-4111-9a22-4b4bc7bbc8f7	146025f1-946e-48b9-bed5-1b1fbda7d9eb	/home/student/Desktop/CEIF/16_multiomics_acquisition_v1/raw/09_CLINICAL/SC004/nationwidechildrens.org_clinical.TCGA-13-1495.xml	vital_status	Dead	tcga_bcr/patient/follow_ups/follow_up/vital_status
SC004	74dcdfb4-a637-4111-9a22-4b4bc7bbc8f7	146025f1-946e-48b9-bed5-1b1fbda7d9eb	/home/student/Desktop/CEIF/16_multiomics_acquisition_v1/raw/09_CLINICAL/SC004/nationwidechildrens.org_clinical.TCGA-13-1495.xml	days_to_death	2749	tcga_bcr/patient/follow_ups/follow_up/days_to_death
SC004	74dcdfb4-a637-4111-9a22-4b4bc7bbc8f7	146025f1-946e-48b9-bed5-1b1fbda7d9eb	/home/student/Desktop/CEIF/16_multiomics_acquisition_v1/raw/09_CLINICAL/SC004/nationwidechildrens.org_clinical.TCGA-13-1495.xml	new_tumor_event_after_initial_treatment	YES	tcga_bcr/patient/follow_ups/follow_up/new_tumor_events/new_tumor_event_after_initial_treatment
SC004	756f6768-e69a-4fe9-aa41-7c58aabe4577	8aa40509-1df0-4bc8-a182-ad7fb3d464e6	/home/student/Desktop/CEIF/16_multiomics_acquisition_v1/raw/09_CLINICAL/SC004/nationwidechildrens.org_clinical.TCGA-13-1511.xml	vital_status	Alive	tcga_bcr/patient/vital_status
SC004	756f6768-e69a-4fe9-aa41-7c58aabe4577	8aa40509-1df0-4bc8-a182-ad7fb3d464e6	/home/student/Desktop/CEIF/16_multiomics_acquisition_v1/raw/09_CLINICAL/SC004/nationwidechildrens.org_clinical.TCGA-13-1511.xml	days_to_last_followup	119	tcga_bcr/patient/days_to_last_followup
SC004	756f6768-e69a-4fe9-aa41-7c58aabe4577	8aa40509-1df0-4bc8-a182-ad7fb3d464e6	/home/student/Desktop/CEIF/16_multiomics_acquisition_v1/raw/09_CLINICAL/SC004/nationwidechildrens.org_clinical.TCGA-13-1511.xml	primary_therapy_outcome_success	Partial Remission/Response	tcga_bcr/patient/follow_ups/follow_up/primary_therapy_outcome_success
SC004	756f6768-e69a-4fe9-aa41-7c58aabe4577	8aa40509-1df0-4bc8-a182-ad7fb3d464e6	/home/student/Desktop/CEIF/16_multiomics_acquisition_v1/raw/09_CLINICAL/SC004/nationwidechildrens.org_clinical.TCGA-13-1511.xml	vital_status	Alive	tcga_bcr/patient/follow_ups/follow_up/vital_status
SC004	756f6768-e69a-4fe9-aa41-7c58aabe4577	8aa40509-1df0-4bc8-a182-ad7fb3d464e6	/home/student/Desktop/CEIF/16_multiomics_acquisition_v1/raw/09_CLINICAL/SC004/nationwidechildrens.org_clinical.TCGA-13-1511.xml	days_to_last_followup	119	tcga_bcr/patient/follow_ups/follow_up/days_to_last_followup
SC004	756f6768-e69a-4fe9-aa41-7c58aabe4577	8aa40509-1df0-4bc8-a182-ad7fb3d464e6	/home/student/Desktop/CEIF/16_multiomics_acquisition_v1/raw/09_CLINICAL/SC004/nationwidechildrens.org_clinical.TCGA-13-1511.xml	followup_treatment_success	Progressive Disease	tcga_bcr/patient/follow_ups/follow_up/followup_treatment_success
SC004	756f6768-e69a-4fe9-aa41-7c58aabe4577	8aa40509-1df0-4bc8-a182-ad7fb3d464e6	/home/student/Desktop/CEIF/16_multiomics_acquisition_v1/raw/09_CLINICAL/SC004/nationwidechildrens.org_clinical.TCGA-13-1511.xml	vital_status	Dead	tcga_bcr/patient/follow_ups/follow_up/vital_status
SC004	756f6768-e69a-4fe9-aa41-7c58aabe4577	8aa40509-1df0-4bc8-a182-ad7fb3d464e6	/home/student/Desktop/CEIF/16_multiomics_acquisition_v1/raw/09_CLINICAL/SC004/nationwidechildrens.org_clinical.TCGA-13-1511.xml	days_to_death	1650	tcga_bcr/patient/follow_ups/follow_up/days_to_death
SC004	756f6768-e69a-4fe9-aa41-7c58aabe4577	8aa40509-1df0-4bc8-a182-ad7fb3d464e6	/home/student/Desktop/CEIF/16_multiomics_acquisition_v1/raw/09_CLINICAL/SC004/nationwidechildrens.org_clinical.TCGA-13-1511.xml	new_tumor_event_after_initial_treatment	YES	tcga_bcr/patient/follow_ups/follow_up/new_tumor_events/new_tumor_event_after_initial_treatment
SC004	774ce281-96b2-467a-9170-079797ee10f7	bfa38131-8c2e-4704-89a1-f7d5f78bc50f	/home/student/Desktop/CEIF/16_multiomics_acquisition_v1/raw/09_CLINICAL/SC004/nationwidechildrens.org_clinical.TCGA-13-0765.xml	vital_status	Alive	tcga_bcr/patient/vital_status
SC004	774ce281-96b2-467a-9170-079797ee10f7	bfa38131-8c2e-4704-89a1-f7d5f78bc50f	/home/student/Desktop/CEIF/16_multiomics_acquisition_v1/raw/09_CLINICAL/SC004/nationwidechildrens.org_clinical.TCGA-13-0765.xml	days_to_last_followup	869	tcga_bcr/patient/days_to_last_followup
SC004	774ce281-96b2-467a-9170-079797ee10f7	bfa38131-8c2e-4704-89a1-f7d5f78bc50f	/home/student/Desktop/CEIF/16_multiomics_acquisition_v1/raw/09_CLINICAL/SC004/nationwidechildrens.org_clinical.TCGA-13-0765.xml	primary_therapy_outcome_success	Complete Remission/Response	tcga_bcr/patient/follow_ups/follow_up/primary_therapy_outcome_success
SC004	774ce281-96b2-467a-9170-079797ee10f7	bfa38131-8c2e-4704-89a1-f7d5f78bc50f	/home/student/Desktop/CEIF/16_multiomics_acquisition_v1/raw/09_CLINICAL/SC004/nationwidechildrens.org_clinical.TCGA-13-0765.xml	vital_status	Alive	tcga_bcr/patient/follow_ups/follow_up/vital_status
SC004	774ce281-96b2-467a-9170-079797ee10f7	bfa38131-8c2e-4704-89a1-f7d5f78bc50f	/home/student/Desktop/CEIF/16_multiomics_acquisition_v1/raw/09_CLINICAL/SC004/nationwidechildrens.org_clinical.TCGA-13-0765.xml	days_to_last_followup	869	tcga_bcr/patient/follow_ups/follow_up/days_to_last_followup
SC004	774ce281-96b2-467a-9170-079797ee10f7	bfa38131-8c2e-4704-89a1-f7d5f78bc50f	/home/student/Desktop/CEIF/16_multiomics_acquisition_v1/raw/09_CLINICAL/SC004/nationwidechildrens.org_clinical.TCGA-13-0765.xml	new_neoplasm_event_type	Recurrence	tcga_bcr/patient/follow_ups/follow_up/new_tumor_events/new_tumor_event/new_neoplasm_event_type
SC004	774ce281-96b2-467a-9170-079797ee10f7	bfa38131-8c2e-4704-89a1-f7d5f78bc50f	/home/student/Desktop/CEIF/16_multiomics_acquisition_v1/raw/09_CLINICAL/SC004/nationwidechildrens.org_clinical.TCGA-13-0765.xml	progression_determined_by	Imaging Study	tcga_bcr/patient/follow_ups/follow_up/new_tumor_events/new_tumor_event/progression_determined_by
SC004	774ce281-96b2-467a-9170-079797ee10f7	bfa38131-8c2e-4704-89a1-f7d5f78bc50f	/home/student/Desktop/CEIF/16_multiomics_acquisition_v1/raw/09_CLINICAL/SC004/nationwidechildrens.org_clinical.TCGA-13-0765.xml	followup_treatment_success	Progressive Disease	tcga_bcr/patient/follow_ups/follow_up/followup_treatment_success
SC004	774ce281-96b2-467a-9170-079797ee10f7	bfa38131-8c2e-4704-89a1-f7d5f78bc50f	/home/student/Desktop/CEIF/16_multiomics_acquisition_v1/raw/09_CLINICAL/SC004/nationwidechildrens.org_clinical.TCGA-13-0765.xml	vital_status	Dead	tcga_bcr/patient/follow_ups/follow_up/vital_status
SC004	774ce281-96b2-467a-9170-079797ee10f7	bfa38131-8c2e-4704-89a1-f7d5f78bc50f	/home/student/Desktop/CEIF/16_multiomics_acquisition_v1/raw/09_CLINICAL/SC004/nationwidechildrens.org_clinical.TCGA-13-0765.xml	days_to_death	1389	tcga_bcr/patient/follow_ups/follow_up/days_to_death
SC004	774ce281-96b2-467a-9170-079797ee10f7	bfa38131-8c2e-4704-89a1-f7d5f78bc50f	/home/student/Desktop/CEIF/16_multiomics_acquisition_v1/raw/09_CLINICAL/SC004/nationwidechildrens.org_clinical.TCGA-13-0765.xml	new_tumor_event_after_initial_treatment	YES	tcga_bcr/patient/follow_ups/follow_up/new_tumor_events/new_tumor_event_after_initial_treatment
SC004	79e6e31c-22a1-481c-903b-ab5499cbd450	cbb20bcc-85e2-4cc8-962a-c4e3beb1a069	/home/student/Desktop/CEIF/16_multiomics_acquisition_v1/raw/09_CLINICAL/SC004/nationwidechildrens.org_clinical.TCGA-13-0897.xml	vital_status	Alive	tcga_bcr/patient/vital_status
SC004	79e6e31c-22a1-481c-903b-ab5499cbd450	cbb20bcc-85e2-4cc8-962a-c4e3beb1a069	/home/student/Desktop/CEIF/16_multiomics_acquisition_v1/raw/09_CLINICAL/SC004/nationwidechildrens.org_clinical.TCGA-13-0897.xml	days_to_last_followup	1748	tcga_bcr/patient/days_to_last_followup
SC004	79e6e31c-22a1-481c-903b-ab5499cbd450	cbb20bcc-85e2-4cc8-962a-c4e3beb1a069	/home/student/Desktop/CEIF/16_multiomics_acquisition_v1/raw/09_CLINICAL/SC004/nationwidechildrens.org_clinical.TCGA-13-0897.xml	primary_therapy_outcome_success	Complete Remission/Response	tcga_bcr/patient/follow_ups/follow_up/primary_therapy_outcome_success
SC004	79e6e31c-22a1-481c-903b-ab5499cbd450	cbb20bcc-85e2-4cc8-962a-c4e3beb1a069	/home/student/Desktop/CEIF/16_multiomics_acquisition_v1/raw/09_CLINICAL/SC004/nationwidechildrens.org_clinical.TCGA-13-0897.xml	vital_status	Alive	tcga_bcr/patient/follow_ups/follow_up/vital_status
SC004	79e6e31c-22a1-481c-903b-ab5499cbd450	cbb20bcc-85e2-4cc8-962a-c4e3beb1a069	/home/student/Desktop/CEIF/16_multiomics_acquisition_v1/raw/09_CLINICAL/SC004/nationwidechildrens.org_clinical.TCGA-13-0897.xml	days_to_last_followup	1748	tcga_bcr/patient/follow_ups/follow_up/days_to_last_followup
SC004	79e6e31c-22a1-481c-903b-ab5499cbd450	cbb20bcc-85e2-4cc8-962a-c4e3beb1a069	/home/student/Desktop/CEIF/16_multiomics_acquisition_v1/raw/09_CLINICAL/SC004/nationwidechildrens.org_clinical.TCGA-13-0897.xml	new_neoplasm_event_type	Recurrence	tcga_bcr/patient/follow_ups/follow_up/new_tumor_events/new_tumor_event/new_neoplasm_event_type
SC004	79e6e31c-22a1-481c-903b-ab5499cbd450	cbb20bcc-85e2-4cc8-962a-c4e3beb1a069	/home/student/Desktop/CEIF/16_multiomics_acquisition_v1/raw/09_CLINICAL/SC004/nationwidechildrens.org_clinical.TCGA-13-0897.xml	progression_determined_by	Imaging Study	tcga_bcr/patient/follow_ups/follow_up/new_tumor_events/new_tumor_event/progression_determined_by
SC004	79e6e31c-22a1-481c-903b-ab5499cbd450	cbb20bcc-85e2-4cc8-962a-c4e3beb1a069	/home/student/Desktop/CEIF/16_multiomics_acquisition_v1/raw/09_CLINICAL/SC004/nationwidechildrens.org_clinical.TCGA-13-0897.xml	new_neoplasm_event_type	Locoregional Disease	tcga_bcr/patient/follow_ups/follow_up/new_tumor_events/new_tumor_event/new_neoplasm_event_type
SC004	79e6e31c-22a1-481c-903b-ab5499cbd450	cbb20bcc-85e2-4cc8-962a-c4e3beb1a069	/home/student/Desktop/CEIF/16_multiomics_acquisition_v1/raw/09_CLINICAL/SC004/nationwidechildrens.org_clinical.TCGA-13-0897.xml	progression_determined_by	Imaging Study	tcga_bcr/patient/follow_ups/follow_up/new_tumor_events/new_tumor_event/progression_determined_by
SC004	79e6e31c-22a1-481c-903b-ab5499cbd450	cbb20bcc-85e2-4cc8-962a-c4e3beb1a069	/home/student/Desktop/CEIF/16_multiomics_acquisition_v1/raw/09_CLINICAL/SC004/nationwidechildrens.org_clinical.TCGA-13-0897.xml	followup_treatment_success	Progressive Disease	tcga_bcr/patient/follow_ups/follow_up/followup_treatment_success
SC004	79e6e31c-22a1-481c-903b-ab5499cbd450	cbb20bcc-85e2-4cc8-962a-c4e3beb1a069	/home/student/Desktop/CEIF/16_multiomics_acquisition_v1/raw/09_CLINICAL/SC004/nationwidechildrens.org_clinical.TCGA-13-0897.xml	vital_status	Dead	tcga_bcr/patient/follow_ups/follow_up/vital_status
SC004	79e6e31c-22a1-481c-903b-ab5499cbd450	cbb20bcc-85e2-4cc8-962a-c4e3beb1a069	/home/student/Desktop/CEIF/16_multiomics_acquisition_v1/raw/09_CLINICAL/SC004/nationwidechildrens.org_clinical.TCGA-13-0897.xml	days_to_death	2182	tcga_bcr/patient/follow_ups/follow_up/days_to_death
SC004	79e6e31c-22a1-481c-903b-ab5499cbd450	cbb20bcc-85e2-4cc8-962a-c4e3beb1a069	/home/student/Desktop/CEIF/16_multiomics_acquisition_v1/raw/09_CLINICAL/SC004/nationwidechildrens.org_clinical.TCGA-13-0897.xml	new_tumor_event_after_initial_treatment	YES	tcga_bcr/patient/follow_ups/follow_up/new_tumor_events/new_tumor_event_after_initial_treatment
SC004	85a85a11-7200-4e96-97af-6ba26d680d59	8d0343ce-28a5-496a-bd1a-6dfd6a6532aa	/home/student/Desktop/CEIF/16_multiomics_acquisition_v1/raw/09_CLINICAL/SC004/nationwidechildrens.org_clinical.TCGA-13-0920.xml	vital_status	Alive	tcga_bcr/patient/vital_status
SC004	85a85a11-7200-4e96-97af-6ba26d680d59	8d0343ce-28a5-496a-bd1a-6dfd6a6532aa	/home/student/Desktop/CEIF/16_multiomics_acquisition_v1/raw/09_CLINICAL/SC004/nationwidechildrens.org_clinical.TCGA-13-0920.xml	days_to_last_followup	420	tcga_bcr/patient/days_to_last_followup
SC004	85a85a11-7200-4e96-97af-6ba26d680d59	8d0343ce-28a5-496a-bd1a-6dfd6a6532aa	/home/student/Desktop/CEIF/16_multiomics_acquisition_v1/raw/09_CLINICAL/SC004/nationwidechildrens.org_clinical.TCGA-13-0920.xml	primary_therapy_outcome_success	Complete Remission/Response	tcga_bcr/patient/follow_ups/follow_up/primary_therapy_outcome_success
SC004	85a85a11-7200-4e96-97af-6ba26d680d59	8d0343ce-28a5-496a-bd1a-6dfd6a6532aa	/home/student/Desktop/CEIF/16_multiomics_acquisition_v1/raw/09_CLINICAL/SC004/nationwidechildrens.org_clinical.TCGA-13-0920.xml	vital_status	Alive	tcga_bcr/patient/follow_ups/follow_up/vital_status
SC004	85a85a11-7200-4e96-97af-6ba26d680d59	8d0343ce-28a5-496a-bd1a-6dfd6a6532aa	/home/student/Desktop/CEIF/16_multiomics_acquisition_v1/raw/09_CLINICAL/SC004/nationwidechildrens.org_clinical.TCGA-13-0920.xml	days_to_last_followup	420	tcga_bcr/patient/follow_ups/follow_up/days_to_last_followup
SC004	85a85a11-7200-4e96-97af-6ba26d680d59	8d0343ce-28a5-496a-bd1a-6dfd6a6532aa	/home/student/Desktop/CEIF/16_multiomics_acquisition_v1/raw/09_CLINICAL/SC004/nationwidechildrens.org_clinical.TCGA-13-0920.xml	new_neoplasm_event_type	Recurrence	tcga_bcr/patient/follow_ups/follow_up/new_tumor_events/new_tumor_event/new_neoplasm_event_type
SC004	85a85a11-7200-4e96-97af-6ba26d680d59	8d0343ce-28a5-496a-bd1a-6dfd6a6532aa	/home/student/Desktop/CEIF/16_multiomics_acquisition_v1/raw/09_CLINICAL/SC004/nationwidechildrens.org_clinical.TCGA-13-0920.xml	progression_determined_by	Imaging Study	tcga_bcr/patient/follow_ups/follow_up/new_tumor_events/new_tumor_event/progression_determined_by
SC004	85a85a11-7200-4e96-97af-6ba26d680d59	8d0343ce-28a5-496a-bd1a-6dfd6a6532aa	/home/student/Desktop/CEIF/16_multiomics_acquisition_v1/raw/09_CLINICAL/SC004/nationwidechildrens.org_clinical.TCGA-13-0920.xml	followup_treatment_success	Progressive Disease	tcga_bcr/patient/follow_ups/follow_up/followup_treatment_success
SC004	85a85a11-7200-4e96-97af-6ba26d680d59	8d0343ce-28a5-496a-bd1a-6dfd6a6532aa	/home/student/Desktop/CEIF/16_multiomics_acquisition_v1/raw/09_CLINICAL/SC004/nationwidechildrens.org_clinical.TCGA-13-0920.xml	vital_status	Dead	tcga_bcr/patient/follow_ups/follow_up/vital_status
SC004	85a85a11-7200-4e96-97af-6ba26d680d59	8d0343ce-28a5-496a-bd1a-6dfd6a6532aa	/home/student/Desktop/CEIF/16_multiomics_acquisition_v1/raw/09_CLINICAL/SC004/nationwidechildrens.org_clinical.TCGA-13-0920.xml	days_to_death	1484	tcga_bcr/patient/follow_ups/follow_up/days_to_death
SC004	85a85a11-7200-4e96-97af-6ba26d680d59	8d0343ce-28a5-496a-bd1a-6dfd6a6532aa	/home/student/Desktop/CEIF/16_multiomics_acquisition_v1/raw/09_CLINICAL/SC004/nationwidechildrens.org_clinical.TCGA-13-0920.xml	new_tumor_event_after_initial_treatment	YES	tcga_bcr/patient/follow_ups/follow_up/new_tumor_events/new_tumor_event_after_initial_treatment
SC004	8cad4217-5699-4735-9be3-fc0015a8d262	844303c6-634c-4ace-8424-cebb6a0d768a	/home/student/Desktop/CEIF/16_multiomics_acquisition_v1/raw/09_CLINICAL/SC004/nationwidechildrens.org_clinical.TCGA-13-0911.xml	vital_status	Alive	tcga_bcr/patient/vital_status
SC004	8cad4217-5699-4735-9be3-fc0015a8d262	844303c6-634c-4ace-8424-cebb6a0d768a	/home/student/Desktop/CEIF/16_multiomics_acquisition_v1/raw/09_CLINICAL/SC004/nationwidechildrens.org_clinical.TCGA-13-0911.xml	days_to_last_followup	843	tcga_bcr/patient/days_to_last_followup
SC004	8cad4217-5699-4735-9be3-fc0015a8d262	844303c6-634c-4ace-8424-cebb6a0d768a	/home/student/Desktop/CEIF/16_multiomics_acquisition_v1/raw/09_CLINICAL/SC004/nationwidechildrens.org_clinical.TCGA-13-0911.xml	primary_therapy_outcome_success	Partial Remission/Response	tcga_bcr/patient/follow_ups/follow_up/primary_therapy_outcome_success
SC004	8cad4217-5699-4735-9be3-fc0015a8d262	844303c6-634c-4ace-8424-cebb6a0d768a	/home/student/Desktop/CEIF/16_multiomics_acquisition_v1/raw/09_CLINICAL/SC004/nationwidechildrens.org_clinical.TCGA-13-0911.xml	vital_status	Alive	tcga_bcr/patient/follow_ups/follow_up/vital_status
SC004	8cad4217-5699-4735-9be3-fc0015a8d262	844303c6-634c-4ace-8424-cebb6a0d768a	/home/student/Desktop/CEIF/16_multiomics_acquisition_v1/raw/09_CLINICAL/SC004/nationwidechildrens.org_clinical.TCGA-13-0911.xml	days_to_last_followup	843	tcga_bcr/patient/follow_ups/follow_up/days_to_last_followup
SC004	8cad4217-5699-4735-9be3-fc0015a8d262	844303c6-634c-4ace-8424-cebb6a0d768a	/home/student/Desktop/CEIF/16_multiomics_acquisition_v1/raw/09_CLINICAL/SC004/nationwidechildrens.org_clinical.TCGA-13-0911.xml	new_neoplasm_event_type	Progression of Disease	tcga_bcr/patient/follow_ups/follow_up/new_tumor_events/new_tumor_event/new_neoplasm_event_type
SC004	8cad4217-5699-4735-9be3-fc0015a8d262	844303c6-634c-4ace-8424-cebb6a0d768a	/home/student/Desktop/CEIF/16_multiomics_acquisition_v1/raw/09_CLINICAL/SC004/nationwidechildrens.org_clinical.TCGA-13-0911.xml	progression_determined_by	Molecular Markers	tcga_bcr/patient/follow_ups/follow_up/new_tumor_events/new_tumor_event/progression_determined_by
SC004	8cad4217-5699-4735-9be3-fc0015a8d262	844303c6-634c-4ace-8424-cebb6a0d768a	/home/student/Desktop/CEIF/16_multiomics_acquisition_v1/raw/09_CLINICAL/SC004/nationwidechildrens.org_clinical.TCGA-13-0911.xml	followup_treatment_success	Progressive Disease	tcga_bcr/patient/follow_ups/follow_up/followup_treatment_success
SC004	8cad4217-5699-4735-9be3-fc0015a8d262	844303c6-634c-4ace-8424-cebb6a0d768a	/home/student/Desktop/CEIF/16_multiomics_acquisition_v1/raw/09_CLINICAL/SC004/nationwidechildrens.org_clinical.TCGA-13-0911.xml	vital_status	Dead	tcga_bcr/patient/follow_ups/follow_up/vital_status
SC004	8cad4217-5699-4735-9be3-fc0015a8d262	844303c6-634c-4ace-8424-cebb6a0d768a	/home/student/Desktop/CEIF/16_multiomics_acquisition_v1/raw/09_CLINICAL/SC004/nationwidechildrens.org_clinical.TCGA-13-0911.xml	days_to_death	1355	tcga_bcr/patient/follow_ups/follow_up/days_to_death
SC004	8cad4217-5699-4735-9be3-fc0015a8d262	844303c6-634c-4ace-8424-cebb6a0d768a	/home/student/Desktop/CEIF/16_multiomics_acquisition_v1/raw/09_CLINICAL/SC004/nationwidechildrens.org_clinical.TCGA-13-0911.xml	new_tumor_event_after_initial_treatment	YES	tcga_bcr/patient/follow_ups/follow_up/new_tumor_events/new_tumor_event_after_initial_treatment
SC004	8fac8e40-beac-4059-9d54-7ee530598cfd	d66d59a5-be25-4b58-b2ba-873c024fb511	/home/student/Desktop/CEIF/16_multiomics_acquisition_v1/raw/09_CLINICAL/SC004/nationwidechildrens.org_clinical.TCGA-13-1408.xml	vital_status	Alive	tcga_bcr/patient/vital_status
SC004	8fac8e40-beac-4059-9d54-7ee530598cfd	d66d59a5-be25-4b58-b2ba-873c024fb511	/home/student/Desktop/CEIF/16_multiomics_acquisition_v1/raw/09_CLINICAL/SC004/nationwidechildrens.org_clinical.TCGA-13-1408.xml	days_to_last_followup	180	tcga_bcr/patient/days_to_last_followup
SC004	8fac8e40-beac-4059-9d54-7ee530598cfd	d66d59a5-be25-4b58-b2ba-873c024fb511	/home/student/Desktop/CEIF/16_multiomics_acquisition_v1/raw/09_CLINICAL/SC004/nationwidechildrens.org_clinical.TCGA-13-1408.xml	primary_therapy_outcome_success	Partial Remission/Response	tcga_bcr/patient/follow_ups/follow_up/primary_therapy_outcome_success
SC004	8fac8e40-beac-4059-9d54-7ee530598cfd	d66d59a5-be25-4b58-b2ba-873c024fb511	/home/student/Desktop/CEIF/16_multiomics_acquisition_v1/raw/09_CLINICAL/SC004/nationwidechildrens.org_clinical.TCGA-13-1408.xml	vital_status	Alive	tcga_bcr/patient/follow_ups/follow_up/vital_status
SC004	8fac8e40-beac-4059-9d54-7ee530598cfd	d66d59a5-be25-4b58-b2ba-873c024fb511	/home/student/Desktop/CEIF/16_multiomics_acquisition_v1/raw/09_CLINICAL/SC004/nationwidechildrens.org_clinical.TCGA-13-1408.xml	days_to_last_followup	180	tcga_bcr/patient/follow_ups/follow_up/days_to_last_followup
SC004	8fac8e40-beac-4059-9d54-7ee530598cfd	d66d59a5-be25-4b58-b2ba-873c024fb511	/home/student/Desktop/CEIF/16_multiomics_acquisition_v1/raw/09_CLINICAL/SC004/nationwidechildrens.org_clinical.TCGA-13-1408.xml	followup_treatment_success	Progressive Disease	tcga_bcr/patient/follow_ups/follow_up/followup_treatment_success
SC004	8fac8e40-beac-4059-9d54-7ee530598cfd	d66d59a5-be25-4b58-b2ba-873c024fb511	/home/student/Desktop/CEIF/16_multiomics_acquisition_v1/raw/09_CLINICAL/SC004/nationwidechildrens.org_clinical.TCGA-13-1408.xml	vital_status	Dead	tcga_bcr/patient/follow_ups/follow_up/vital_status
SC004	8fac8e40-beac-4059-9d54-7ee530598cfd	d66d59a5-be25-4b58-b2ba-873c024fb511	/home/student/Desktop/CEIF/16_multiomics_acquisition_v1/raw/09_CLINICAL/SC004/nationwidechildrens.org_clinical.TCGA-13-1408.xml	days_to_death	1680	tcga_bcr/patient/follow_ups/follow_up/days_to_death
SC004	8fac8e40-beac-4059-9d54-7ee530598cfd	d66d59a5-be25-4b58-b2ba-873c024fb511	/home/student/Desktop/CEIF/16_multiomics_acquisition_v1/raw/09_CLINICAL/SC004/nationwidechildrens.org_clinical.TCGA-13-1408.xml	new_tumor_event_after_initial_treatment	YES	tcga_bcr/patient/follow_ups/follow_up/new_tumor_events/new_tumor_event_after_initial_treatment
SC004	8fe44099-b313-4bfd-a94a-27e72f2a818c	af4571dd-e6cd-469c-9052-bb94847ba97a	/home/student/Desktop/CEIF/16_multiomics_acquisition_v1/raw/09_CLINICAL/SC004/nationwidechildrens.org_clinical.TCGA-13-0766.xml	vital_status	Alive	tcga_bcr/patient/vital_status
SC004	8fe44099-b313-4bfd-a94a-27e72f2a818c	af4571dd-e6cd-469c-9052-bb94847ba97a	/home/student/Desktop/CEIF/16_multiomics_acquisition_v1/raw/09_CLINICAL/SC004/nationwidechildrens.org_clinical.TCGA-13-0766.xml	days_to_last_followup	651	tcga_bcr/patient/days_to_last_followup
SC004	8fe44099-b313-4bfd-a94a-27e72f2a818c	af4571dd-e6cd-469c-9052-bb94847ba97a	/home/student/Desktop/CEIF/16_multiomics_acquisition_v1/raw/09_CLINICAL/SC004/nationwidechildrens.org_clinical.TCGA-13-0766.xml	primary_therapy_outcome_success	Complete Remission/Response	tcga_bcr/patient/follow_ups/follow_up/primary_therapy_outcome_success
SC004	8fe44099-b313-4bfd-a94a-27e72f2a818c	af4571dd-e6cd-469c-9052-bb94847ba97a	/home/student/Desktop/CEIF/16_multiomics_acquisition_v1/raw/09_CLINICAL/SC004/nationwidechildrens.org_clinical.TCGA-13-0766.xml	vital_status	Alive	tcga_bcr/patient/follow_ups/follow_up/vital_status
SC004	8fe44099-b313-4bfd-a94a-27e72f2a818c	af4571dd-e6cd-469c-9052-bb94847ba97a	/home/student/Desktop/CEIF/16_multiomics_acquisition_v1/raw/09_CLINICAL/SC004/nationwidechildrens.org_clinical.TCGA-13-0766.xml	days_to_last_followup	651	tcga_bcr/patient/follow_ups/follow_up/days_to_last_followup
SC004	8fe44099-b313-4bfd-a94a-27e72f2a818c	af4571dd-e6cd-469c-9052-bb94847ba97a	/home/student/Desktop/CEIF/16_multiomics_acquisition_v1/raw/09_CLINICAL/SC004/nationwidechildrens.org_clinical.TCGA-13-0766.xml	new_neoplasm_event_type	Recurrence	tcga_bcr/patient/follow_ups/follow_up/new_tumor_events/new_tumor_event/new_neoplasm_event_type
SC004	8fe44099-b313-4bfd-a94a-27e72f2a818c	af4571dd-e6cd-469c-9052-bb94847ba97a	/home/student/Desktop/CEIF/16_multiomics_acquisition_v1/raw/09_CLINICAL/SC004/nationwidechildrens.org_clinical.TCGA-13-0766.xml	progression_determined_by	Physical Examination	tcga_bcr/patient/follow_ups/follow_up/new_tumor_events/new_tumor_event/progression_determined_by
SC004	8fe44099-b313-4bfd-a94a-27e72f2a818c	af4571dd-e6cd-469c-9052-bb94847ba97a	/home/student/Desktop/CEIF/16_multiomics_acquisition_v1/raw/09_CLINICAL/SC004/nationwidechildrens.org_clinical.TCGA-13-0766.xml	vital_status	Dead	tcga_bcr/patient/follow_ups/follow_up/vital_status
SC004	8fe44099-b313-4bfd-a94a-27e72f2a818c	af4571dd-e6cd-469c-9052-bb94847ba97a	/home/student/Desktop/CEIF/16_multiomics_acquisition_v1/raw/09_CLINICAL/SC004/nationwidechildrens.org_clinical.TCGA-13-0766.xml	days_to_death	1725	tcga_bcr/patient/follow_ups/follow_up/days_to_death
SC004	8fe44099-b313-4bfd-a94a-27e72f2a818c	af4571dd-e6cd-469c-9052-bb94847ba97a	/home/student/Desktop/CEIF/16_multiomics_acquisition_v1/raw/09_CLINICAL/SC004/nationwidechildrens.org_clinical.TCGA-13-0766.xml	new_tumor_event_after_initial_treatment	YES	tcga_bcr/patient/follow_ups/follow_up/new_tumor_events/new_tumor_event_after_initial_treatment
SC004	a9d3a7b0-faf8-4e56-8600-d9e6882a4f23	77d85243-6df5-464e-8fc4-cf351ec56663	/home/student/Desktop/CEIF/16_multiomics_acquisition_v1/raw/09_CLINICAL/SC004/nationwidechildrens.org_clinical.TCGA-13-1411.xml	vital_status	Alive	tcga_bcr/patient/vital_status
SC004	a9d3a7b0-faf8-4e56-8600-d9e6882a4f23	77d85243-6df5-464e-8fc4-cf351ec56663	/home/student/Desktop/CEIF/16_multiomics_acquisition_v1/raw/09_CLINICAL/SC004/nationwidechildrens.org_clinical.TCGA-13-1411.xml	days_to_last_followup	128	tcga_bcr/patient/days_to_last_followup
SC004	a9d3a7b0-faf8-4e56-8600-d9e6882a4f23	77d85243-6df5-464e-8fc4-cf351ec56663	/home/student/Desktop/CEIF/16_multiomics_acquisition_v1/raw/09_CLINICAL/SC004/nationwidechildrens.org_clinical.TCGA-13-1411.xml	primary_therapy_outcome_success	Partial Remission/Response	tcga_bcr/patient/follow_ups/follow_up/primary_therapy_outcome_success
SC004	a9d3a7b0-faf8-4e56-8600-d9e6882a4f23	77d85243-6df5-464e-8fc4-cf351ec56663	/home/student/Desktop/CEIF/16_multiomics_acquisition_v1/raw/09_CLINICAL/SC004/nationwidechildrens.org_clinical.TCGA-13-1411.xml	vital_status	Alive	tcga_bcr/patient/follow_ups/follow_up/vital_status
SC004	a9d3a7b0-faf8-4e56-8600-d9e6882a4f23	77d85243-6df5-464e-8fc4-cf351ec56663	/home/student/Desktop/CEIF/16_multiomics_acquisition_v1/raw/09_CLINICAL/SC004/nationwidechildrens.org_clinical.TCGA-13-1411.xml	days_to_last_followup	128	tcga_bcr/patient/follow_ups/follow_up/days_to_last_followup
SC004	a9d3a7b0-faf8-4e56-8600-d9e6882a4f23	77d85243-6df5-464e-8fc4-cf351ec56663	/home/student/Desktop/CEIF/16_multiomics_acquisition_v1/raw/09_CLINICAL/SC004/nationwidechildrens.org_clinical.TCGA-13-1411.xml	followup_treatment_success	Progressive Disease	tcga_bcr/patient/follow_ups/follow_up/followup_treatment_success
SC004	a9d3a7b0-faf8-4e56-8600-d9e6882a4f23	77d85243-6df5-464e-8fc4-cf351ec56663	/home/student/Desktop/CEIF/16_multiomics_acquisition_v1/raw/09_CLINICAL/SC004/nationwidechildrens.org_clinical.TCGA-13-1411.xml	vital_status	Dead	tcga_bcr/patient/follow_ups/follow_up/vital_status
SC004	a9d3a7b0-faf8-4e56-8600-d9e6882a4f23	77d85243-6df5-464e-8fc4-cf351ec56663	/home/student/Desktop/CEIF/16_multiomics_acquisition_v1/raw/09_CLINICAL/SC004/nationwidechildrens.org_clinical.TCGA-13-1411.xml	days_to_death	531	tcga_bcr/patient/follow_ups/follow_up/days_to_death
SC004	a9d3a7b0-faf8-4e56-8600-d9e6882a4f23	77d85243-6df5-464e-8fc4-cf351ec56663	/home/student/Desktop/CEIF/16_multiomics_acquisition_v1/raw/09_CLINICAL/SC004/nationwidechildrens.org_clinical.TCGA-13-1411.xml	new_tumor_event_after_initial_treatment	YES	tcga_bcr/patient/follow_ups/follow_up/new_tumor_events/new_tumor_event_after_initial_treatment
SC004	b1e11e94-646b-4c44-9d33-1ca67d8356fb	a3d475da-9b82-41c2-8dc7-deee487a86e3	/home/student/Desktop/CEIF/16_multiomics_acquisition_v1/raw/09_CLINICAL/SC004/nationwidechildrens.org_clinical.TCGA-13-0795.xml	vital_status	Alive	tcga_bcr/patient/vital_status
SC004	b1e11e94-646b-4c44-9d33-1ca67d8356fb	a3d475da-9b82-41c2-8dc7-deee487a86e3	/home/student/Desktop/CEIF/16_multiomics_acquisition_v1/raw/09_CLINICAL/SC004/nationwidechildrens.org_clinical.TCGA-13-0795.xml	days_to_last_followup	596	tcga_bcr/patient/days_to_last_followup
SC004	b1e11e94-646b-4c44-9d33-1ca67d8356fb	a3d475da-9b82-41c2-8dc7-deee487a86e3	/home/student/Desktop/CEIF/16_multiomics_acquisition_v1/raw/09_CLINICAL/SC004/nationwidechildrens.org_clinical.TCGA-13-0795.xml	primary_therapy_outcome_success	Complete Remission/Response	tcga_bcr/patient/follow_ups/follow_up/primary_therapy_outcome_success
SC004	b1e11e94-646b-4c44-9d33-1ca67d8356fb	a3d475da-9b82-41c2-8dc7-deee487a86e3	/home/student/Desktop/CEIF/16_multiomics_acquisition_v1/raw/09_CLINICAL/SC004/nationwidechildrens.org_clinical.TCGA-13-0795.xml	vital_status	Alive	tcga_bcr/patient/follow_ups/follow_up/vital_status
SC004	b1e11e94-646b-4c44-9d33-1ca67d8356fb	a3d475da-9b82-41c2-8dc7-deee487a86e3	/home/student/Desktop/CEIF/16_multiomics_acquisition_v1/raw/09_CLINICAL/SC004/nationwidechildrens.org_clinical.TCGA-13-0795.xml	days_to_last_followup	596	tcga_bcr/patient/follow_ups/follow_up/days_to_last_followup
SC004	b1e11e94-646b-4c44-9d33-1ca67d8356fb	a3d475da-9b82-41c2-8dc7-deee487a86e3	/home/student/Desktop/CEIF/16_multiomics_acquisition_v1/raw/09_CLINICAL/SC004/nationwidechildrens.org_clinical.TCGA-13-0795.xml	new_neoplasm_event_type	Recurrence	tcga_bcr/patient/follow_ups/follow_up/new_tumor_events/new_tumor_event/new_neoplasm_event_type
SC004	b1e11e94-646b-4c44-9d33-1ca67d8356fb	a3d475da-9b82-41c2-8dc7-deee487a86e3	/home/student/Desktop/CEIF/16_multiomics_acquisition_v1/raw/09_CLINICAL/SC004/nationwidechildrens.org_clinical.TCGA-13-0795.xml	progression_determined_by	Imaging Study	tcga_bcr/patient/follow_ups/follow_up/new_tumor_events/new_tumor_event/progression_determined_by
SC004	b1e11e94-646b-4c44-9d33-1ca67d8356fb	a3d475da-9b82-41c2-8dc7-deee487a86e3	/home/student/Desktop/CEIF/16_multiomics_acquisition_v1/raw/09_CLINICAL/SC004/nationwidechildrens.org_clinical.TCGA-13-0795.xml	followup_treatment_success	Progressive Disease	tcga_bcr/patient/follow_ups/follow_up/followup_treatment_success
SC004	b1e11e94-646b-4c44-9d33-1ca67d8356fb	a3d475da-9b82-41c2-8dc7-deee487a86e3	/home/student/Desktop/CEIF/16_multiomics_acquisition_v1/raw/09_CLINICAL/SC004/nationwidechildrens.org_clinical.TCGA-13-0795.xml	vital_status	Dead	tcga_bcr/patient/follow_ups/follow_up/vital_status
SC004	b1e11e94-646b-4c44-9d33-1ca67d8356fb	a3d475da-9b82-41c2-8dc7-deee487a86e3	/home/student/Desktop/CEIF/16_multiomics_acquisition_v1/raw/09_CLINICAL/SC004/nationwidechildrens.org_clinical.TCGA-13-0795.xml	days_to_death	619	tcga_bcr/patient/follow_ups/follow_up/days_to_death
SC004	b1e11e94-646b-4c44-9d33-1ca67d8356fb	a3d475da-9b82-41c2-8dc7-deee487a86e3	/home/student/Desktop/CEIF/16_multiomics_acquisition_v1/raw/09_CLINICAL/SC004/nationwidechildrens.org_clinical.TCGA-13-0795.xml	new_tumor_event_after_initial_treatment	YES	tcga_bcr/patient/follow_ups/follow_up/new_tumor_events/new_tumor_event_after_initial_treatment
SC004	b8023162-5e82-40e6-ad8c-8acf81821f01	37c3d054-7300-40c5-99ae-c23ba5649adb	/home/student/Desktop/CEIF/16_multiomics_acquisition_v1/raw/09_CLINICAL/SC004/nationwidechildrens.org_clinical.TCGA-WR-A838.xml	vital_status	Alive	tcga_bcr/patient/vital_status
SC004	b8023162-5e82-40e6-ad8c-8acf81821f01	37c3d054-7300-40c5-99ae-c23ba5649adb	/home/student/Desktop/CEIF/16_multiomics_acquisition_v1/raw/09_CLINICAL/SC004/nationwidechildrens.org_clinical.TCGA-WR-A838.xml	days_to_last_followup	245	tcga_bcr/patient/days_to_last_followup
SC004	b8023162-5e82-40e6-ad8c-8acf81821f01	37c3d054-7300-40c5-99ae-c23ba5649adb	/home/student/Desktop/CEIF/16_multiomics_acquisition_v1/raw/09_CLINICAL/SC004/nationwidechildrens.org_clinical.TCGA-WR-A838.xml	primary_therapy_outcome_success	Progressive Disease	tcga_bcr/patient/primary_therapy_outcome_success
SC004	b8023162-5e82-40e6-ad8c-8acf81821f01	37c3d054-7300-40c5-99ae-c23ba5649adb	/home/student/Desktop/CEIF/16_multiomics_acquisition_v1/raw/09_CLINICAL/SC004/nationwidechildrens.org_clinical.TCGA-WR-A838.xml	new_tumor_event_after_initial_treatment	YES	tcga_bcr/patient/new_tumor_events/new_tumor_event_after_initial_treatment
SC004	b8023162-5e82-40e6-ad8c-8acf81821f01	37c3d054-7300-40c5-99ae-c23ba5649adb	/home/student/Desktop/CEIF/16_multiomics_acquisition_v1/raw/09_CLINICAL/SC004/nationwidechildrens.org_clinical.TCGA-WR-A838.xml	new_neoplasm_event_type	Progression of Disease	tcga_bcr/patient/new_tumor_events/new_tumor_event/new_neoplasm_event_type
SC004	b8023162-5e82-40e6-ad8c-8acf81821f01	37c3d054-7300-40c5-99ae-c23ba5649adb	/home/student/Desktop/CEIF/16_multiomics_acquisition_v1/raw/09_CLINICAL/SC004/nationwidechildrens.org_clinical.TCGA-WR-A838.xml	progression_determined_by	Imaging Study	tcga_bcr/patient/new_tumor_events/new_tumor_event/progression_determined_by
SC004	b8023162-5e82-40e6-ad8c-8acf81821f01	37c3d054-7300-40c5-99ae-c23ba5649adb	/home/student/Desktop/CEIF/16_multiomics_acquisition_v1/raw/09_CLINICAL/SC004/nationwidechildrens.org_clinical.TCGA-WR-A838.xml	progression_determined_by	Imaging Study	tcga_bcr/patient/new_tumor_events/new_tumor_event/progression_determined_by
SC004	b8023162-5e82-40e6-ad8c-8acf81821f01	37c3d054-7300-40c5-99ae-c23ba5649adb	/home/student/Desktop/CEIF/16_multiomics_acquisition_v1/raw/09_CLINICAL/SC004/nationwidechildrens.org_clinical.TCGA-WR-A838.xml	primary_therapy_outcome_success	Progressive Disease	tcga_bcr/patient/follow_ups/follow_up/primary_therapy_outcome_success
SC004	b8023162-5e82-40e6-ad8c-8acf81821f01	37c3d054-7300-40c5-99ae-c23ba5649adb	/home/student/Desktop/CEIF/16_multiomics_acquisition_v1/raw/09_CLINICAL/SC004/nationwidechildrens.org_clinical.TCGA-WR-A838.xml	followup_treatment_success	Progressive Disease	tcga_bcr/patient/follow_ups/follow_up/followup_treatment_success
SC004	b8023162-5e82-40e6-ad8c-8acf81821f01	37c3d054-7300-40c5-99ae-c23ba5649adb	/home/student/Desktop/CEIF/16_multiomics_acquisition_v1/raw/09_CLINICAL/SC004/nationwidechildrens.org_clinical.TCGA-WR-A838.xml	vital_status	Dead	tcga_bcr/patient/follow_ups/follow_up/vital_status
SC004	b8023162-5e82-40e6-ad8c-8acf81821f01	37c3d054-7300-40c5-99ae-c23ba5649adb	/home/student/Desktop/CEIF/16_multiomics_acquisition_v1/raw/09_CLINICAL/SC004/nationwidechildrens.org_clinical.TCGA-WR-A838.xml	days_to_death	304	tcga_bcr/patient/follow_ups/follow_up/days_to_death
SC004	b8023162-5e82-40e6-ad8c-8acf81821f01	37c3d054-7300-40c5-99ae-c23ba5649adb	/home/student/Desktop/CEIF/16_multiomics_acquisition_v1/raw/09_CLINICAL/SC004/nationwidechildrens.org_clinical.TCGA-WR-A838.xml	new_tumor_event_after_initial_treatment	NO	tcga_bcr/patient/follow_ups/follow_up/new_tumor_events/new_tumor_event_after_initial_treatment
SC004	b8023162-5e82-40e6-ad8c-8acf81821f01	37c3d054-7300-40c5-99ae-c23ba5649adb	/home/student/Desktop/CEIF/16_multiomics_acquisition_v1/raw/09_CLINICAL/SC004/nationwidechildrens.org_clinical.TCGA-WR-A838.xml	new_neoplasm_event_type	Progression of Disease	tcga_bcr/patient/follow_ups/follow_up/new_tumor_events/new_tumor_event/new_neoplasm_event_type
SC004	b8c3d99c-429b-42a3-b486-6fbcb90cc2e0	c1fef047-a7a3-4dc5-9bed-384ed13cc4eb	/home/student/Desktop/CEIF/16_multiomics_acquisition_v1/raw/09_CLINICAL/SC004/nationwidechildrens.org_clinical.TCGA-13-0801.xml	vital_status	Alive	tcga_bcr/patient/vital_status
SC004	b8c3d99c-429b-42a3-b486-6fbcb90cc2e0	c1fef047-a7a3-4dc5-9bed-384ed13cc4eb	/home/student/Desktop/CEIF/16_multiomics_acquisition_v1/raw/09_CLINICAL/SC004/nationwidechildrens.org_clinical.TCGA-13-0801.xml	days_to_last_followup	252	tcga_bcr/patient/days_to_last_followup
SC004	b8c3d99c-429b-42a3-b486-6fbcb90cc2e0	c1fef047-a7a3-4dc5-9bed-384ed13cc4eb	/home/student/Desktop/CEIF/16_multiomics_acquisition_v1/raw/09_CLINICAL/SC004/nationwidechildrens.org_clinical.TCGA-13-0801.xml	primary_therapy_outcome_success	Complete Remission/Response	tcga_bcr/patient/follow_ups/follow_up/primary_therapy_outcome_success
SC004	b8c3d99c-429b-42a3-b486-6fbcb90cc2e0	c1fef047-a7a3-4dc5-9bed-384ed13cc4eb	/home/student/Desktop/CEIF/16_multiomics_acquisition_v1/raw/09_CLINICAL/SC004/nationwidechildrens.org_clinical.TCGA-13-0801.xml	vital_status	Alive	tcga_bcr/patient/follow_ups/follow_up/vital_status
SC004	b8c3d99c-429b-42a3-b486-6fbcb90cc2e0	c1fef047-a7a3-4dc5-9bed-384ed13cc4eb	/home/student/Desktop/CEIF/16_multiomics_acquisition_v1/raw/09_CLINICAL/SC004/nationwidechildrens.org_clinical.TCGA-13-0801.xml	days_to_last_followup	252	tcga_bcr/patient/follow_ups/follow_up/days_to_last_followup
SC004	b8c3d99c-429b-42a3-b486-6fbcb90cc2e0	c1fef047-a7a3-4dc5-9bed-384ed13cc4eb	/home/student/Desktop/CEIF/16_multiomics_acquisition_v1/raw/09_CLINICAL/SC004/nationwidechildrens.org_clinical.TCGA-13-0801.xml	followup_treatment_success	Progressive Disease	tcga_bcr/patient/follow_ups/follow_up/followup_treatment_success
SC004	b8c3d99c-429b-42a3-b486-6fbcb90cc2e0	c1fef047-a7a3-4dc5-9bed-384ed13cc4eb	/home/student/Desktop/CEIF/16_multiomics_acquisition_v1/raw/09_CLINICAL/SC004/nationwidechildrens.org_clinical.TCGA-13-0801.xml	vital_status	Dead	tcga_bcr/patient/follow_ups/follow_up/vital_status
SC004	b8c3d99c-429b-42a3-b486-6fbcb90cc2e0	c1fef047-a7a3-4dc5-9bed-384ed13cc4eb	/home/student/Desktop/CEIF/16_multiomics_acquisition_v1/raw/09_CLINICAL/SC004/nationwidechildrens.org_clinical.TCGA-13-0801.xml	days_to_death	1399	tcga_bcr/patient/follow_ups/follow_up/days_to_death
SC004	b8c3d99c-429b-42a3-b486-6fbcb90cc2e0	c1fef047-a7a3-4dc5-9bed-384ed13cc4eb	/home/student/Desktop/CEIF/16_multiomics_acquisition_v1/raw/09_CLINICAL/SC004/nationwidechildrens.org_clinical.TCGA-13-0801.xml	new_tumor_event_after_initial_treatment	YES	tcga_bcr/patient/follow_ups/follow_up/new_tumor_events/new_tumor_event_after_initial_treatment
SC004	bcb87812-94e3-4dc0-867e-d049b44a2690	d44a2e28-e103-4519-80a6-5ea3c6509e8a	/home/student/Desktop/CEIF/16_multiomics_acquisition_v1/raw/09_CLINICAL/SC004/nationwidechildrens.org_clinical.TCGA-13-2066.xml	vital_status	Alive	tcga_bcr/patient/vital_status
SC004	bcb87812-94e3-4dc0-867e-d049b44a2690	d44a2e28-e103-4519-80a6-5ea3c6509e8a	/home/student/Desktop/CEIF/16_multiomics_acquisition_v1/raw/09_CLINICAL/SC004/nationwidechildrens.org_clinical.TCGA-13-2066.xml	days_to_last_followup	295	tcga_bcr/patient/days_to_last_followup
SC004	bcb87812-94e3-4dc0-867e-d049b44a2690	d44a2e28-e103-4519-80a6-5ea3c6509e8a	/home/student/Desktop/CEIF/16_multiomics_acquisition_v1/raw/09_CLINICAL/SC004/nationwidechildrens.org_clinical.TCGA-13-2066.xml	primary_therapy_outcome_success	Complete Remission/Response	tcga_bcr/patient/follow_ups/follow_up/primary_therapy_outcome_success
SC004	bcb87812-94e3-4dc0-867e-d049b44a2690	d44a2e28-e103-4519-80a6-5ea3c6509e8a	/home/student/Desktop/CEIF/16_multiomics_acquisition_v1/raw/09_CLINICAL/SC004/nationwidechildrens.org_clinical.TCGA-13-2066.xml	vital_status	Alive	tcga_bcr/patient/follow_ups/follow_up/vital_status
SC004	bcb87812-94e3-4dc0-867e-d049b44a2690	d44a2e28-e103-4519-80a6-5ea3c6509e8a	/home/student/Desktop/CEIF/16_multiomics_acquisition_v1/raw/09_CLINICAL/SC004/nationwidechildrens.org_clinical.TCGA-13-2066.xml	days_to_last_followup	295	tcga_bcr/patient/follow_ups/follow_up/days_to_last_followup
SC004	bcb87812-94e3-4dc0-867e-d049b44a2690	d44a2e28-e103-4519-80a6-5ea3c6509e8a	/home/student/Desktop/CEIF/16_multiomics_acquisition_v1/raw/09_CLINICAL/SC004/nationwidechildrens.org_clinical.TCGA-13-2066.xml	followup_treatment_success	Progressive Disease	tcga_bcr/patient/follow_ups/follow_up/followup_treatment_success
SC004	bcb87812-94e3-4dc0-867e-d049b44a2690	d44a2e28-e103-4519-80a6-5ea3c6509e8a	/home/student/Desktop/CEIF/16_multiomics_acquisition_v1/raw/09_CLINICAL/SC004/nationwidechildrens.org_clinical.TCGA-13-2066.xml	vital_status	Dead	tcga_bcr/patient/follow_ups/follow_up/vital_status
SC004	bcb87812-94e3-4dc0-867e-d049b44a2690	d44a2e28-e103-4519-80a6-5ea3c6509e8a	/home/student/Desktop/CEIF/16_multiomics_acquisition_v1/raw/09_CLINICAL/SC004/nationwidechildrens.org_clinical.TCGA-13-2066.xml	days_to_death	2133	tcga_bcr/patient/follow_ups/follow_up/days_to_death
SC004	bcb87812-94e3-4dc0-867e-d049b44a2690	d44a2e28-e103-4519-80a6-5ea3c6509e8a	/home/student/Desktop/CEIF/16_multiomics_acquisition_v1/raw/09_CLINICAL/SC004/nationwidechildrens.org_clinical.TCGA-13-2066.xml	new_tumor_event_after_initial_treatment	YES	tcga_bcr/patient/follow_ups/follow_up/new_tumor_events/new_tumor_event_after_initial_treatment
SC004	dac96910-0cb2-44ea-b108-2d6d51b07112	8b3eaa15-41fb-40a9-bff3-cb04807a154b	/home/student/Desktop/CEIF/16_multiomics_acquisition_v1/raw/09_CLINICAL/SC004/nationwidechildrens.org_clinical.TCGA-13-1510.xml	vital_status	Alive	tcga_bcr/patient/vital_status
SC004	dac96910-0cb2-44ea-b108-2d6d51b07112	8b3eaa15-41fb-40a9-bff3-cb04807a154b	/home/student/Desktop/CEIF/16_multiomics_acquisition_v1/raw/09_CLINICAL/SC004/nationwidechildrens.org_clinical.TCGA-13-1510.xml	days_to_last_followup	78	tcga_bcr/patient/days_to_last_followup
SC004	dac96910-0cb2-44ea-b108-2d6d51b07112	8b3eaa15-41fb-40a9-bff3-cb04807a154b	/home/student/Desktop/CEIF/16_multiomics_acquisition_v1/raw/09_CLINICAL/SC004/nationwidechildrens.org_clinical.TCGA-13-1510.xml	vital_status	Alive	tcga_bcr/patient/follow_ups/follow_up/vital_status
SC004	dac96910-0cb2-44ea-b108-2d6d51b07112	8b3eaa15-41fb-40a9-bff3-cb04807a154b	/home/student/Desktop/CEIF/16_multiomics_acquisition_v1/raw/09_CLINICAL/SC004/nationwidechildrens.org_clinical.TCGA-13-1510.xml	days_to_last_followup	78	tcga_bcr/patient/follow_ups/follow_up/days_to_last_followup
SC004	dac96910-0cb2-44ea-b108-2d6d51b07112	8b3eaa15-41fb-40a9-bff3-cb04807a154b	/home/student/Desktop/CEIF/16_multiomics_acquisition_v1/raw/09_CLINICAL/SC004/nationwidechildrens.org_clinical.TCGA-13-1510.xml	followup_treatment_success	Progressive Disease	tcga_bcr/patient/follow_ups/follow_up/followup_treatment_success
SC004	dac96910-0cb2-44ea-b108-2d6d51b07112	8b3eaa15-41fb-40a9-bff3-cb04807a154b	/home/student/Desktop/CEIF/16_multiomics_acquisition_v1/raw/09_CLINICAL/SC004/nationwidechildrens.org_clinical.TCGA-13-1510.xml	vital_status	Dead	tcga_bcr/patient/follow_ups/follow_up/vital_status
SC004	dac96910-0cb2-44ea-b108-2d6d51b07112	8b3eaa15-41fb-40a9-bff3-cb04807a154b	/home/student/Desktop/CEIF/16_multiomics_acquisition_v1/raw/09_CLINICAL/SC004/nationwidechildrens.org_clinical.TCGA-13-1510.xml	days_to_death	1359	tcga_bcr/patient/follow_ups/follow_up/days_to_death
SC004	dac96910-0cb2-44ea-b108-2d6d51b07112	8b3eaa15-41fb-40a9-bff3-cb04807a154b	/home/student/Desktop/CEIF/16_multiomics_acquisition_v1/raw/09_CLINICAL/SC004/nationwidechildrens.org_clinical.TCGA-13-1510.xml	new_tumor_event_after_initial_treatment	YES	tcga_bcr/patient/follow_ups/follow_up/new_tumor_events/new_tumor_event_after_initial_treatment
SC004	e732f81c-9b7d-44bd-a905-ff53fbed5009	da189856-3dde-4afb-8b1b-d287b64e52c3	/home/student/Desktop/CEIF/16_multiomics_acquisition_v1/raw/09_CLINICAL/SC004/nationwidechildrens.org_clinical.TCGA-13-0768.xml	vital_status	Alive	tcga_bcr/patient/vital_status
SC004	e732f81c-9b7d-44bd-a905-ff53fbed5009	da189856-3dde-4afb-8b1b-d287b64e52c3	/home/student/Desktop/CEIF/16_multiomics_acquisition_v1/raw/09_CLINICAL/SC004/nationwidechildrens.org_clinical.TCGA-13-0768.xml	days_to_last_followup	257	tcga_bcr/patient/days_to_last_followup
SC004	e732f81c-9b7d-44bd-a905-ff53fbed5009	da189856-3dde-4afb-8b1b-d287b64e52c3	/home/student/Desktop/CEIF/16_multiomics_acquisition_v1/raw/09_CLINICAL/SC004/nationwidechildrens.org_clinical.TCGA-13-0768.xml	primary_therapy_outcome_success	Complete Remission/Response	tcga_bcr/patient/follow_ups/follow_up/primary_therapy_outcome_success
SC004	e732f81c-9b7d-44bd-a905-ff53fbed5009	da189856-3dde-4afb-8b1b-d287b64e52c3	/home/student/Desktop/CEIF/16_multiomics_acquisition_v1/raw/09_CLINICAL/SC004/nationwidechildrens.org_clinical.TCGA-13-0768.xml	vital_status	Alive	tcga_bcr/patient/follow_ups/follow_up/vital_status
SC004	e732f81c-9b7d-44bd-a905-ff53fbed5009	da189856-3dde-4afb-8b1b-d287b64e52c3	/home/student/Desktop/CEIF/16_multiomics_acquisition_v1/raw/09_CLINICAL/SC004/nationwidechildrens.org_clinical.TCGA-13-0768.xml	days_to_last_followup	257	tcga_bcr/patient/follow_ups/follow_up/days_to_last_followup
SC004	e732f81c-9b7d-44bd-a905-ff53fbed5009	da189856-3dde-4afb-8b1b-d287b64e52c3	/home/student/Desktop/CEIF/16_multiomics_acquisition_v1/raw/09_CLINICAL/SC004/nationwidechildrens.org_clinical.TCGA-13-0768.xml	followup_treatment_success	Progressive Disease	tcga_bcr/patient/follow_ups/follow_up/followup_treatment_success
SC004	e732f81c-9b7d-44bd-a905-ff53fbed5009	da189856-3dde-4afb-8b1b-d287b64e52c3	/home/student/Desktop/CEIF/16_multiomics_acquisition_v1/raw/09_CLINICAL/SC004/nationwidechildrens.org_clinical.TCGA-13-0768.xml	vital_status	Dead	tcga_bcr/patient/follow_ups/follow_up/vital_status
SC004	e732f81c-9b7d-44bd-a905-ff53fbed5009	da189856-3dde-4afb-8b1b-d287b64e52c3	/home/student/Desktop/CEIF/16_multiomics_acquisition_v1/raw/09_CLINICAL/SC004/nationwidechildrens.org_clinical.TCGA-13-0768.xml	days_to_death	1784	tcga_bcr/patient/follow_ups/follow_up/days_to_death
SC004	e732f81c-9b7d-44bd-a905-ff53fbed5009	da189856-3dde-4afb-8b1b-d287b64e52c3	/home/student/Desktop/CEIF/16_multiomics_acquisition_v1/raw/09_CLINICAL/SC004/nationwidechildrens.org_clinical.TCGA-13-0768.xml	new_tumor_event_after_initial_treatment	YES	tcga_bcr/patient/follow_ups/follow_up/new_tumor_events/new_tumor_event_after_initial_treatment
SC004	f1cb3d48-1415-408d-89d1-dfdcc5924963	ff314ca4-978c-489d-a7eb-830a500b3399	/home/student/Desktop/CEIF/16_multiomics_acquisition_v1/raw/09_CLINICAL/SC004/nationwidechildrens.org_clinical.TCGA-29-A5NZ.xml	vital_status	Dead	tcga_bcr/patient/vital_status
SC004	f1cb3d48-1415-408d-89d1-dfdcc5924963	ff314ca4-978c-489d-a7eb-830a500b3399	/home/student/Desktop/CEIF/16_multiomics_acquisition_v1/raw/09_CLINICAL/SC004/nationwidechildrens.org_clinical.TCGA-29-A5NZ.xml	days_to_death	1088	tcga_bcr/patient/days_to_death
SC004	f1cb3d48-1415-408d-89d1-dfdcc5924963	ff314ca4-978c-489d-a7eb-830a500b3399	/home/student/Desktop/CEIF/16_multiomics_acquisition_v1/raw/09_CLINICAL/SC004/nationwidechildrens.org_clinical.TCGA-29-A5NZ.xml	primary_therapy_outcome_success	Complete Remission/Response	tcga_bcr/patient/primary_therapy_outcome_success
SC004	f1cb3d48-1415-408d-89d1-dfdcc5924963	ff314ca4-978c-489d-a7eb-830a500b3399	/home/student/Desktop/CEIF/16_multiomics_acquisition_v1/raw/09_CLINICAL/SC004/nationwidechildrens.org_clinical.TCGA-29-A5NZ.xml	new_neoplasm_event_type	Progression of Disease	tcga_bcr/patient/new_tumor_events/new_tumor_event/new_neoplasm_event_type
SC004	f1cb3d48-1415-408d-89d1-dfdcc5924963	ff314ca4-978c-489d-a7eb-830a500b3399	/home/student/Desktop/CEIF/16_multiomics_acquisition_v1/raw/09_CLINICAL/SC004/nationwidechildrens.org_clinical.TCGA-29-A5NZ.xml	new_neoplasm_event_type	Recurrence	tcga_bcr/patient/new_tumor_events/new_tumor_event/new_neoplasm_event_type
SC004	f1cb3d48-1415-408d-89d1-dfdcc5924963	ff314ca4-978c-489d-a7eb-830a500b3399	/home/student/Desktop/CEIF/16_multiomics_acquisition_v1/raw/09_CLINICAL/SC004/nationwidechildrens.org_clinical.TCGA-29-A5NZ.xml	vital_status	Alive	tcga_bcr/patient/follow_ups/follow_up/vital_status
SC004	f1cb3d48-1415-408d-89d1-dfdcc5924963	ff314ca4-978c-489d-a7eb-830a500b3399	/home/student/Desktop/CEIF/16_multiomics_acquisition_v1/raw/09_CLINICAL/SC004/nationwidechildrens.org_clinical.TCGA-29-A5NZ.xml	days_to_last_followup	984	tcga_bcr/patient/follow_ups/follow_up/days_to_last_followup
SC004	f1cb3d48-1415-408d-89d1-dfdcc5924963	ff314ca4-978c-489d-a7eb-830a500b3399	/home/student/Desktop/CEIF/16_multiomics_acquisition_v1/raw/09_CLINICAL/SC004/nationwidechildrens.org_clinical.TCGA-29-A5NZ.xml	new_tumor_event_after_initial_treatment	YES	tcga_bcr/patient/follow_ups/follow_up/new_tumor_events/new_tumor_event_after_initial_treatment
SC004	f1cb3d48-1415-408d-89d1-dfdcc5924963	ff314ca4-978c-489d-a7eb-830a500b3399	/home/student/Desktop/CEIF/16_multiomics_acquisition_v1/raw/09_CLINICAL/SC004/nationwidechildrens.org_clinical.TCGA-29-A5NZ.xml	new_neoplasm_event_type	Progression of Disease	tcga_bcr/patient/follow_ups/follow_up/new_tumor_events/new_tumor_event/new_neoplasm_event_type
SC004	f1cb3d48-1415-408d-89d1-dfdcc5924963	ff314ca4-978c-489d-a7eb-830a500b3399	/home/student/Desktop/CEIF/16_multiomics_acquisition_v1/raw/09_CLINICAL/SC004/nationwidechildrens.org_clinical.TCGA-29-A5NZ.xml	primary_therapy_outcome_success	Complete Remission/Response	tcga_bcr/patient/follow_ups/follow_up/primary_therapy_outcome_success
SC004	f1cb3d48-1415-408d-89d1-dfdcc5924963	ff314ca4-978c-489d-a7eb-830a500b3399	/home/student/Desktop/CEIF/16_multiomics_acquisition_v1/raw/09_CLINICAL/SC004/nationwidechildrens.org_clinical.TCGA-29-A5NZ.xml	followup_treatment_success	Progressive Disease	tcga_bcr/patient/follow_ups/follow_up/followup_treatment_success
SC004	f1cb3d48-1415-408d-89d1-dfdcc5924963	ff314ca4-978c-489d-a7eb-830a500b3399	/home/student/Desktop/CEIF/16_multiomics_acquisition_v1/raw/09_CLINICAL/SC004/nationwidechildrens.org_clinical.TCGA-29-A5NZ.xml	vital_status	Dead	tcga_bcr/patient/follow_ups/follow_up/vital_status
SC004	f1cb3d48-1415-408d-89d1-dfdcc5924963	ff314ca4-978c-489d-a7eb-830a500b3399	/home/student/Desktop/CEIF/16_multiomics_acquisition_v1/raw/09_CLINICAL/SC004/nationwidechildrens.org_clinical.TCGA-29-A5NZ.xml	days_to_death	1088	tcga_bcr/patient/follow_ups/follow_up/days_to_death
SC004	f1cb3d48-1415-408d-89d1-dfdcc5924963	ff314ca4-978c-489d-a7eb-830a500b3399	/home/student/Desktop/CEIF/16_multiomics_acquisition_v1/raw/09_CLINICAL/SC004/nationwidechildrens.org_clinical.TCGA-29-A5NZ.xml	new_tumor_event_after_initial_treatment	YES	tcga_bcr/patient/follow_ups/follow_up/new_tumor_events/new_tumor_event_after_initial_treatment
SC004	f1cb3d48-1415-408d-89d1-dfdcc5924963	ff314ca4-978c-489d-a7eb-830a500b3399	/home/student/Desktop/CEIF/16_multiomics_acquisition_v1/raw/09_CLINICAL/SC004/nationwidechildrens.org_clinical.TCGA-29-A5NZ.xml	new_neoplasm_event_type	Recurrence	tcga_bcr/patient/follow_ups/follow_up/new_tumor_events/new_tumor_event/new_neoplasm_event_type
SC004	f1cb3d48-1415-408d-89d1-dfdcc5924963	ff314ca4-978c-489d-a7eb-830a500b3399	/home/student/Desktop/CEIF/16_multiomics_acquisition_v1/raw/09_CLINICAL/SC004/nationwidechildrens.org_clinical.TCGA-29-A5NZ.xml	primary_therapy_outcome_success	Complete Remission/Response	tcga_bcr/patient/follow_ups/follow_up/primary_therapy_outcome_success
SC004	f1cb3d48-1415-408d-89d1-dfdcc5924963	ff314ca4-978c-489d-a7eb-830a500b3399	/home/student/Desktop/CEIF/16_multiomics_acquisition_v1/raw/09_CLINICAL/SC004/nationwidechildrens.org_clinical.TCGA-29-A5NZ.xml	followup_treatment_success	Partial Remission/Response	tcga_bcr/patient/follow_ups/follow_up/followup_treatment_success
SC004	f1cb3d48-1415-408d-89d1-dfdcc5924963	ff314ca4-978c-489d-a7eb-830a500b3399	/home/student/Desktop/CEIF/16_multiomics_acquisition_v1/raw/09_CLINICAL/SC004/nationwidechildrens.org_clinical.TCGA-29-A5NZ.xml	vital_status	Dead	tcga_bcr/patient/follow_ups/follow_up/vital_status
SC004	f1cb3d48-1415-408d-89d1-dfdcc5924963	ff314ca4-978c-489d-a7eb-830a500b3399	/home/student/Desktop/CEIF/16_multiomics_acquisition_v1/raw/09_CLINICAL/SC004/nationwidechildrens.org_clinical.TCGA-29-A5NZ.xml	days_to_death	1088	tcga_bcr/patient/follow_ups/follow_up/days_to_death
SC004	f1cb3d48-1415-408d-89d1-dfdcc5924963	ff314ca4-978c-489d-a7eb-830a500b3399	/home/student/Desktop/CEIF/16_multiomics_acquisition_v1/raw/09_CLINICAL/SC004/nationwidechildrens.org_clinical.TCGA-29-A5NZ.xml	new_tumor_event_after_initial_treatment	YES	tcga_bcr/patient/follow_ups/follow_up/new_tumor_events/new_tumor_event_after_initial_treatment
SC004	f1cb3d48-1415-408d-89d1-dfdcc5924963	ff314ca4-978c-489d-a7eb-830a500b3399	/home/student/Desktop/CEIF/16_multiomics_acquisition_v1/raw/09_CLINICAL/SC004/nationwidechildrens.org_clinical.TCGA-29-A5NZ.xml	new_neoplasm_event_type	Recurrence	tcga_bcr/patient/follow_ups/follow_up/new_tumor_events/new_tumor_event/new_neoplasm_event_type
SC004	f50ee039-1da9-43d9-ac01-657ec77a7f32	5507c5e2-f371-492a-895a-82f94d69ed1d	/home/student/Desktop/CEIF/16_multiomics_acquisition_v1/raw/09_CLINICAL/SC004/nationwidechildrens.org_clinical.TCGA-13-1494.xml	vital_status	Alive	tcga_bcr/patient/vital_status
SC004	f50ee039-1da9-43d9-ac01-657ec77a7f32	5507c5e2-f371-492a-895a-82f94d69ed1d	/home/student/Desktop/CEIF/16_multiomics_acquisition_v1/raw/09_CLINICAL/SC004/nationwidechildrens.org_clinical.TCGA-13-1494.xml	days_to_last_followup	1162	tcga_bcr/patient/days_to_last_followup
SC004	f50ee039-1da9-43d9-ac01-657ec77a7f32	5507c5e2-f371-492a-895a-82f94d69ed1d	/home/student/Desktop/CEIF/16_multiomics_acquisition_v1/raw/09_CLINICAL/SC004/nationwidechildrens.org_clinical.TCGA-13-1494.xml	primary_therapy_outcome_success	Complete Remission/Response	tcga_bcr/patient/follow_ups/follow_up/primary_therapy_outcome_success
SC004	f50ee039-1da9-43d9-ac01-657ec77a7f32	5507c5e2-f371-492a-895a-82f94d69ed1d	/home/student/Desktop/CEIF/16_multiomics_acquisition_v1/raw/09_CLINICAL/SC004/nationwidechildrens.org_clinical.TCGA-13-1494.xml	vital_status	Alive	tcga_bcr/patient/follow_ups/follow_up/vital_status
SC004	f50ee039-1da9-43d9-ac01-657ec77a7f32	5507c5e2-f371-492a-895a-82f94d69ed1d	/home/student/Desktop/CEIF/16_multiomics_acquisition_v1/raw/09_CLINICAL/SC004/nationwidechildrens.org_clinical.TCGA-13-1494.xml	days_to_last_followup	1162	tcga_bcr/patient/follow_ups/follow_up/days_to_last_followup
SC004	f50ee039-1da9-43d9-ac01-657ec77a7f32	5507c5e2-f371-492a-895a-82f94d69ed1d	/home/student/Desktop/CEIF/16_multiomics_acquisition_v1/raw/09_CLINICAL/SC004/nationwidechildrens.org_clinical.TCGA-13-1494.xml	new_neoplasm_event_type	Recurrence	tcga_bcr/patient/follow_ups/follow_up/new_tumor_events/new_tumor_event/new_neoplasm_event_type
SC004	f50ee039-1da9-43d9-ac01-657ec77a7f32	5507c5e2-f371-492a-895a-82f94d69ed1d	/home/student/Desktop/CEIF/16_multiomics_acquisition_v1/raw/09_CLINICAL/SC004/nationwidechildrens.org_clinical.TCGA-13-1494.xml	progression_determined_by	Imaging Study	tcga_bcr/patient/follow_ups/follow_up/new_tumor_events/new_tumor_event/progression_determined_by
SC004	f50ee039-1da9-43d9-ac01-657ec77a7f32	5507c5e2-f371-492a-895a-82f94d69ed1d	/home/student/Desktop/CEIF/16_multiomics_acquisition_v1/raw/09_CLINICAL/SC004/nationwidechildrens.org_clinical.TCGA-13-1494.xml	new_neoplasm_event_type	Metastatic	tcga_bcr/patient/follow_ups/follow_up/new_tumor_events/new_tumor_event/new_neoplasm_event_type
SC004	f50ee039-1da9-43d9-ac01-657ec77a7f32	5507c5e2-f371-492a-895a-82f94d69ed1d	/home/student/Desktop/CEIF/16_multiomics_acquisition_v1/raw/09_CLINICAL/SC004/nationwidechildrens.org_clinical.TCGA-13-1494.xml	progression_determined_by	Imaging Study	tcga_bcr/patient/follow_ups/follow_up/new_tumor_events/new_tumor_event/progression_determined_by
SC004	f50ee039-1da9-43d9-ac01-657ec77a7f32	5507c5e2-f371-492a-895a-82f94d69ed1d	/home/student/Desktop/CEIF/16_multiomics_acquisition_v1/raw/09_CLINICAL/SC004/nationwidechildrens.org_clinical.TCGA-13-1494.xml	vital_status	Dead	tcga_bcr/patient/follow_ups/follow_up/vital_status
SC004	f50ee039-1da9-43d9-ac01-657ec77a7f32	5507c5e2-f371-492a-895a-82f94d69ed1d	/home/student/Desktop/CEIF/16_multiomics_acquisition_v1/raw/09_CLINICAL/SC004/nationwidechildrens.org_clinical.TCGA-13-1494.xml	days_to_death	2856	tcga_bcr/patient/follow_ups/follow_up/days_to_death
SC004	f50ee039-1da9-43d9-ac01-657ec77a7f32	5507c5e2-f371-492a-895a-82f94d69ed1d	/home/student/Desktop/CEIF/16_multiomics_acquisition_v1/raw/09_CLINICAL/SC004/nationwidechildrens.org_clinical.TCGA-13-1494.xml	new_tumor_event_after_initial_treatment	YES	tcga_bcr/patient/follow_ups/follow_up/new_tumor_events/new_tumor_event_after_initial_treatment
