dataset_id	case_id	bulk_sample_id	exact_cnv_sample_count	exact_cnv_sample_ids	exact_cnv_sample_types	exact_cnv_primary_tumor_count	exact_cnv_normal_count	deterministic_status
SC001	009be09b-f9f6-43b7-8f45-4a648f8123ce	e4cb66f4-e847-40bf-af14-20a3867a1c35	1	e4cb66f4-e847-40bf-af14-20a3867a1c35	Primary Tumor	1	0	UNIQUE_EXACT_CNV
SC001	0232d299-4cdf-4fd7-9a5e-8d13c208b40c	93b55ce3-3ab0-4bc1-b1a2-3f02b13dc7b0	1	93b55ce3-3ab0-4bc1-b1a2-3f02b13dc7b0	Primary Tumor	1	0	UNIQUE_EXACT_CNV
SC001	035c0b2b-c722-443b-8962-db4ee92c7532	f8a79bdf-6b97-44be-9cf1-b51faeca5d63	1	f8a79bdf-6b97-44be-9cf1-b51faeca5d63	Primary Tumor	1	0	UNIQUE_EXACT_CNV
SC001	03c3409a-9d16-41d0-9e26-f9fc2547a4c8	ef88b85a-61ee-44e1-bb63-1b4ce9154bfb	1	ef88b85a-61ee-44e1-bb63-1b4ce9154bfb	Primary Tumor	1	0	UNIQUE_EXACT_CNV
SC001	0780eb43-d5b5-4c3d-9825-beacba5cc723	fc511a67-5383-4877-aeef-36c0b7934b77	1	fc511a67-5383-4877-aeef-36c0b7934b77	Primary Tumor	1	0	UNIQUE_EXACT_CNV
SC001	079ae0b3-b64b-4b8e-ab7d-225b8046568c	e63d9a32-593f-46e7-9d3b-866435cab585	1	e63d9a32-593f-46e7-9d3b-866435cab585	Primary Tumor	1	0	UNIQUE_EXACT_CNV
SC001	088edf89-d2b5-40c7-b066-df3bd383f7ea	d1fb0862-8d9c-4bc4-aac6-81dc4eed66c9	1	d1fb0862-8d9c-4bc4-aac6-81dc4eed66c9	Primary Tumor	1	0	UNIQUE_EXACT_CNV
SC001	096bd95f-9900-4db2-b1c4-103902c3b31f	bd57c86d-bb0d-40a3-9292-97d6b33db1ea	1	bd57c86d-bb0d-40a3-9292-97d6b33db1ea	Primary Tumor	1	0	UNIQUE_EXACT_CNV
SC001	0b15fcb8-1fb7-497e-80b9-d3db66a3c0a2	aee334d0-5a07-4392-bf02-aca59066a68f	1	aee334d0-5a07-4392-bf02-aca59066a68f	Primary Tumor	1	0	UNIQUE_EXACT_CNV
SC001	0c0b610e-fe4c-406d-a5ed-5cc3b11dabf5	ad66185f-983d-4416-b705-25d3d4d8b5a5	1	ad66185f-983d-4416-b705-25d3d4d8b5a5	Primary Tumor	1	0	UNIQUE_EXACT_CNV
SC001	0d66bf6c-eed0-4726-bd5b-3bf6d610b4e0	c5363830-3db9-4c0c-aa47-b32fdc888c60	1	c5363830-3db9-4c0c-aa47-b32fdc888c60	Primary Tumor	1	0	UNIQUE_EXACT_CNV
SC001	0fe909ea-d52c-4b71-816f-57f62d4a5744	f716c981-41d1-479d-962e-881d6199abce	1	f716c981-41d1-479d-962e-881d6199abce	Primary Tumor	1	0	UNIQUE_EXACT_CNV
SC001	100430c8-1446-45c8-af36-b6dbb3ddd0c1	98687adb-f8e9-4e6e-bc1b-396a3ddfac96	1	98687adb-f8e9-4e6e-bc1b-396a3ddfac96	Primary Tumor	1	0	UNIQUE_EXACT_CNV
SC001	114a34c0-983b-4d90-9181-1823c9637a63	fbc17626-365c-4be6-b3a7-d282e7c19236	1	fbc17626-365c-4be6-b3a7-d282e7c19236	Primary Tumor	1	0	UNIQUE_EXACT_CNV
SC001	11c2e619-8aeb-4f86-b03b-78f9a8099263	7e66ee53-b64f-452e-aeb2-00f97813c126	1	7e66ee53-b64f-452e-aeb2-00f97813c126	Primary Tumor	1	0	UNIQUE_EXACT_CNV
SC001	127bf818-f7e5-46b5-a9de-39f6d96b8b83	eb822f95-8b15-4c86-b5e5-b0afe9c32e0c	1	eb822f95-8b15-4c86-b5e5-b0afe9c32e0c	Primary Tumor	1	0	UNIQUE_EXACT_CNV
SC001	12b79b4f-c28c-418e-a1e7-e622f33fdcc2	6a27f5f8-f4ee-45c7-b953-ddd7d0291dbb	1	6a27f5f8-f4ee-45c7-b953-ddd7d0291dbb	Primary Tumor	1	0	UNIQUE_EXACT_CNV
SC001	12c07138-e3fa-418a-89e3-628da12bc99e	ab07da42-d065-45d5-8eee-7904295044c3	1	ab07da42-d065-45d5-8eee-7904295044c3	Primary Tumor	1	0	UNIQUE_EXACT_CNV
SC001	12ccd581-a921-41bc-bcee-4e9be54532cc	16a2d381-75a0-423b-aac2-d5710afb183b	1	16a2d381-75a0-423b-aac2-d5710afb183b	Primary Tumor	1	0	UNIQUE_EXACT_CNV
SC001	15f12d2c-b834-4bfc-b526-f03bf85bfe96	71de7aed-0fd7-4381-847b-885e1310d6ef	1	71de7aed-0fd7-4381-847b-885e1310d6ef	Primary Tumor	1	0	UNIQUE_EXACT_CNV
SC001	16e64a1e-08b0-4c27-8c69-fa64551f8ca4	cffeea21-61c8-4f86-b8d3-e67b019768cc	1	cffeea21-61c8-4f86-b8d3-e67b019768cc	Primary Tumor	1	0	UNIQUE_EXACT_CNV
SC001	193201a3-1447-47b1-bdf1-11ae0eb3b2f3	91d58448-b712-4626-82c6-a451fddf277d	1	91d58448-b712-4626-82c6-a451fddf277d	Primary Tumor	1	0	UNIQUE_EXACT_CNV
SC001	199386c2-bb53-4fad-a1b6-59ab216a4a50	9a7a1b22-9df6-438f-ad00-54755c7dbc7c	1	9a7a1b22-9df6-438f-ad00-54755c7dbc7c	Primary Tumor	1	0	UNIQUE_EXACT_CNV
SC001	1b110eb4-a01d-4c50-ba18-77da4dedd549	9dcb355a-c122-4341-89d7-1df471315a49	1	9dcb355a-c122-4341-89d7-1df471315a49	Primary Tumor	1	0	UNIQUE_EXACT_CNV
SC001	1c339545-c08a-4a77-b8e9-a7e49e53853f	bf8fdf82-62b4-4b5d-93e7-ce153576fe49	1	bf8fdf82-62b4-4b5d-93e7-ce153576fe49	Primary Tumor	1	0	UNIQUE_EXACT_CNV
SC001	1d90c9f3-5025-4867-a2f0-e455b6a254fa	60d4bb1a-a25f-485e-8247-1ea42220015a	1	60d4bb1a-a25f-485e-8247-1ea42220015a	Primary Tumor	1	0	UNIQUE_EXACT_CNV
SC001	1f1df7ea-00b9-4432-86de-da773d1451e5	933577d0-75b1-4f9f-baa1-2dd1ab254fd2	1	933577d0-75b1-4f9f-baa1-2dd1ab254fd2	Primary Tumor	1	0	UNIQUE_EXACT_CNV
SC001	1fc81cd4-fa89-4135-8c3c-027ffae82b05	597d38ff-839c-4fe3-b889-efd0f680b715	1	597d38ff-839c-4fe3-b889-efd0f680b715	Primary Tumor	1	0	UNIQUE_EXACT_CNV
SC001	205759a6-6391-491b-9857-0080c3a5871e	73a77977-fab0-486f-8d15-be8b30c8808a	1	73a77977-fab0-486f-8d15-be8b30c8808a	Primary Tumor	1	0	UNIQUE_EXACT_CNV
SC001	21fb46f9-4bbb-441c-af19-a687e9138344	f0a4ae58-d5bc-4ab0-b1cf-0d951ea91fc7	1	f0a4ae58-d5bc-4ab0-b1cf-0d951ea91fc7	Primary Tumor	1	0	UNIQUE_EXACT_CNV
SC001	230dc42d-681c-4e31-9d2e-c724e61829fb	b671ceeb-72d0-40e3-8279-954e6ed242dd	1	b671ceeb-72d0-40e3-8279-954e6ed242dd	Primary Tumor	1	0	UNIQUE_EXACT_CNV
SC001	243c6fd6-5516-46e5-bcef-292d93d7b7d3	d1194f81-3244-41e2-a4ab-5fa0485ec6aa	1	d1194f81-3244-41e2-a4ab-5fa0485ec6aa	Primary Tumor	1	0	UNIQUE_EXACT_CNV
SC001	25d4ea9e-f773-4f11-bac9-64efdad73211	d2b8a9f4-7d70-43a0-b5f6-5b7365a03944	1	d2b8a9f4-7d70-43a0-b5f6-5b7365a03944	Primary Tumor	1	0	UNIQUE_EXACT_CNV
SC001	27fceec1-3298-4cdd-a4e6-8f5cf34604f0	ed5b47c1-569f-492b-8d6c-155e3ba79acb	1	ed5b47c1-569f-492b-8d6c-155e3ba79acb	Primary Tumor	1	0	UNIQUE_EXACT_CNV
SC001	2923e404-38f2-437a-b57e-23401fbe0273	37901d81-dc2a-4f55-b6c5-f117274d50b8	1	37901d81-dc2a-4f55-b6c5-f117274d50b8	Primary Tumor	1	0	UNIQUE_EXACT_CNV
SC001	2a394996-809f-459f-a647-d209921ccbd2	72ca76ae-bcf6-4f98-b891-95bec77fad2d	1	72ca76ae-bcf6-4f98-b891-95bec77fad2d	Primary Tumor	1	0	UNIQUE_EXACT_CNV
SC001	2a43e61e-2151-4c5a-b062-74ce9dfd8d4a	ef98c575-44c9-4524-8754-45250f60a5c8	1	ef98c575-44c9-4524-8754-45250f60a5c8	Primary Tumor	1	0	UNIQUE_EXACT_CNV
SC001	2c03141e-a0bd-4e8d-91e4-9744d139ccce	e7ed1627-7ec0-48f5-983d-09b1241c28ec	1	e7ed1627-7ec0-48f5-983d-09b1241c28ec	Primary Tumor	1	0	UNIQUE_EXACT_CNV
SC001	2cd8ea73-cb3f-4b17-9b97-fa12eb03b85b	5d0ed8d1-6e84-4f6c-8e0e-0317aa8b0e3f	1	5d0ed8d1-6e84-4f6c-8e0e-0317aa8b0e3f	Primary Tumor	1	0	UNIQUE_EXACT_CNV
SC001	2de1ba51-eae1-4a54-b7cd-d6d739fdc39d	bff592ed-0ba6-44c2-b04e-0aad7b73089d	1	bff592ed-0ba6-44c2-b04e-0aad7b73089d	Primary Tumor	1	0	UNIQUE_EXACT_CNV
SC001	2efc156c-464a-4c2f-a854-39fefe32081c	d0bfb6cc-abc4-4b09-b668-1003f3eed1a7	1	d0bfb6cc-abc4-4b09-b668-1003f3eed1a7	Primary Tumor	1	0	UNIQUE_EXACT_CNV
SC001	2f0710f4-827b-45b2-9b7e-c27385b481a7	c58243d7-77ea-4806-8298-2e322d5219a3	1	c58243d7-77ea-4806-8298-2e322d5219a3	Primary Tumor	1	0	UNIQUE_EXACT_CNV
SC001	2f09479f-87fc-4c34-8e2c-333e970a3681	efd3f14f-f785-4aec-9efd-6dd8e9c41eba	1	efd3f14f-f785-4aec-9efd-6dd8e9c41eba	Primary Tumor	1	0	UNIQUE_EXACT_CNV
SC001	2f1a4b16-104c-40eb-8114-8245847bb716	558e3668-fbe7-4e8e-beb0-90ab33587b5a	1	558e3668-fbe7-4e8e-beb0-90ab33587b5a	Primary Tumor	1	0	UNIQUE_EXACT_CNV
SC001	2fabeb98-05e3-4f55-97f5-fbc675e25a3d	ec51c45a-d518-4333-bd7e-3ae606b40d01	1	ec51c45a-d518-4333-bd7e-3ae606b40d01	Primary Tumor	1	0	UNIQUE_EXACT_CNV
SC001	3199cfe5-3be3-43cd-a36b-5cf2c7a9929f	478cc306-6aee-4597-8834-1e5cf8b05a59	1	478cc306-6aee-4597-8834-1e5cf8b05a59	Primary Tumor	1	0	UNIQUE_EXACT_CNV
SC001	31c96e35-5e2f-429c-b12a-7bc5a497a300	da010683-c537-478f-8f95-e606b05dbc5c	1	da010683-c537-478f-8f95-e606b05dbc5c	Primary Tumor	1	0	UNIQUE_EXACT_CNV
SC001	31ff69b5-9e58-44da-8326-bdfc7ee495c4	4b24bb00-acf5-4cf4-a84a-020baa60782d	1	4b24bb00-acf5-4cf4-a84a-020baa60782d	Primary Tumor	1	0	UNIQUE_EXACT_CNV
SC001	32592562-11fa-435a-b40b-2b242bae53aa	7dceaead-79bb-4e91-a724-f0fae56442ce	1	7dceaead-79bb-4e91-a724-f0fae56442ce	Primary Tumor	1	0	UNIQUE_EXACT_CNV
SC001	32a7b827-c3f9-4607-ae63-dae8caa2bc97	c12f1638-214d-40f8-a553-b616a52f6933	1	c12f1638-214d-40f8-a553-b616a52f6933	Primary Tumor	1	0	UNIQUE_EXACT_CNV
SC001	32d9935a-f5cd-43b3-88bd-09e6e2b9090d	9602a00c-a48d-455e-ab57-0e61414098fe	1	9602a00c-a48d-455e-ab57-0e61414098fe	Primary Tumor	1	0	UNIQUE_EXACT_CNV
SC001	34040b83-7e8a-4264-a551-b16621843e28	bac0b02d-ac3b-4784-b8bf-180eadd548a3	1	bac0b02d-ac3b-4784-b8bf-180eadd548a3	Primary Tumor	1	0	UNIQUE_EXACT_CNV
SC001	3434b91a-c05f-460f-a078-7b1bb6e7085d	cce6d71f-369e-467f-bd7e-03d20e97b7f3	1	cce6d71f-369e-467f-bd7e-03d20e97b7f3	Primary Tumor	1	0	UNIQUE_EXACT_CNV
SC001	345aef28-d49b-491b-a337-b1ac55c37d35	b572a3ea-e568-49db-8e35-a80f4a6d82e9	1	b572a3ea-e568-49db-8e35-a80f4a6d82e9	Primary Tumor	1	0	UNIQUE_EXACT_CNV
SC001	34d8e84e-c3e1-417d-8b9b-8563d9fa0f8e	a3bf3f65-7b44-4993-a126-c76870dbbbac	1	a3bf3f65-7b44-4993-a126-c76870dbbbac	Primary Tumor	1	0	UNIQUE_EXACT_CNV
SC001	36470b30-a3b3-4d28-851b-918a7ff88011	a5d9be94-1204-49cb-8758-1505d853564c	1	a5d9be94-1204-49cb-8758-1505d853564c	Primary Tumor	1	0	UNIQUE_EXACT_CNV
SC001	36ad7fc7-0cc1-4f01-aef1-f89b3cb4feac	b3585415-9ab9-4614-8b15-8edb66efd1dc	1	b3585415-9ab9-4614-8b15-8edb66efd1dc	Primary Tumor	1	0	UNIQUE_EXACT_CNV
SC001	37c8d73a-45ae-40fc-ba9a-721b755c1160	d23900e0-0335-429c-b9b6-16fa06740f92	1	d23900e0-0335-429c-b9b6-16fa06740f92	Primary Tumor	1	0	UNIQUE_EXACT_CNV
SC001	39ab7174-5707-498d-9959-523680e04198	8e690229-01ba-4158-ac60-256310bae644	1	8e690229-01ba-4158-ac60-256310bae644	Primary Tumor	1	0	UNIQUE_EXACT_CNV
SC001	3afa5045-a1ee-4a07-8aad-2e252b2f7d7a	8fa41683-e16d-4f46-a3db-672c9f1b7823	1	8fa41683-e16d-4f46-a3db-672c9f1b7823	Primary Tumor	1	0	UNIQUE_EXACT_CNV
SC001	3bc7026f-73f2-418b-bd62-f4768582b790	e97a07a0-16bb-40c7-9df4-95dadf83b04c	1	e97a07a0-16bb-40c7-9df4-95dadf83b04c	Primary Tumor	1	0	UNIQUE_EXACT_CNV
SC001	3daebe75-c6df-478e-8a4c-11186fd5ead9	e88b670d-57af-4001-a9f3-0e13496b426a	1	e88b670d-57af-4001-a9f3-0e13496b426a	Primary Tumor	1	0	UNIQUE_EXACT_CNV
SC001	3e1df30f-744a-41e9-a169-7dbbff66622e	b8a5a1e0-3095-49b6-aae7-f7621c398f59	1	b8a5a1e0-3095-49b6-aae7-f7621c398f59	Primary Tumor	1	0	UNIQUE_EXACT_CNV
SC001	3ed05070-6633-4de5-9f72-090f93aa2e4d	db809a73-5e5f-42f2-ab05-89bac944411d	1	db809a73-5e5f-42f2-ab05-89bac944411d	Primary Tumor	1	0	UNIQUE_EXACT_CNV
SC001	3fe8f8e4-5396-4362-82f5-366e2fb69db2	a6342eed-126b-4afb-86ef-2257b1645e5e	1	a6342eed-126b-4afb-86ef-2257b1645e5e	Primary Tumor	1	0	UNIQUE_EXACT_CNV
SC001	4036c6fc-c82e-47bb-a384-6f299dc30b52	adb65cdc-08c7-46e3-a74f-7fa4d0ca4e3b	1	adb65cdc-08c7-46e3-a74f-7fa4d0ca4e3b	Primary Tumor	1	0	UNIQUE_EXACT_CNV
SC001	41c4c704-825e-49f5-9d54-dbd7d30725e0	b32f509d-91e5-4601-b8b3-4b0a5212c22b	1	b32f509d-91e5-4601-b8b3-4b0a5212c22b	Primary Tumor	1	0	UNIQUE_EXACT_CNV
SC001	44218b35-219c-4ad9-a01e-fde14067c4c0	b49eb906-19c3-4eb7-93f7-1c37bc85ce61	1	b49eb906-19c3-4eb7-93f7-1c37bc85ce61	Primary Tumor	1	0	UNIQUE_EXACT_CNV
SC001	472337c2-a2fc-403a-8c17-69511193128b	cf53a83e-bff6-4b6b-80aa-1847866fa09b	1	cf53a83e-bff6-4b6b-80aa-1847866fa09b	Primary Tumor	1	0	UNIQUE_EXACT_CNV
SC001	47b749e6-e060-4aa1-8f29-976e489ba789	9e129d06-15b7-4d89-bac0-9cb62c54dc5a	1	9e129d06-15b7-4d89-bac0-9cb62c54dc5a	Primary Tumor	1	0	UNIQUE_EXACT_CNV
SC001	497cc506-03fe-4ffa-860b-5a12adb1bc7d	40bfeee7-9932-47d6-87a8-5fd7514c2917	1	40bfeee7-9932-47d6-87a8-5fd7514c2917	Primary Tumor	1	0	UNIQUE_EXACT_CNV
SC001	4ad63dac-76a7-4527-abce-d7a0184e8739	81905199-81c6-4718-8bea-951bc6c810a1	1	81905199-81c6-4718-8bea-951bc6c810a1	Primary Tumor	1	0	UNIQUE_EXACT_CNV
SC001	4b22ad71-c585-4077-ad3c-c6e026d0c7fa	37599a47-3ab8-4b42-a227-270e8652c160	1	37599a47-3ab8-4b42-a227-270e8652c160	Primary Tumor	1	0	UNIQUE_EXACT_CNV
SC001	4ef872e1-82c9-4939-9248-41ed9d3085b2	6b0b11c9-2adc-4b55-b7bb-cf67b11cab86	1	6b0b11c9-2adc-4b55-b7bb-cf67b11cab86	Primary Tumor	1	0	UNIQUE_EXACT_CNV
SC001	501c987e-d1eb-48a9-89eb-72a5062c90b4	ee0d4640-5609-430e-8b80-3058a3f313a8	1	ee0d4640-5609-430e-8b80-3058a3f313a8	Primary Tumor	1	0	UNIQUE_EXACT_CNV
SC001	50b2c647-aecd-4c81-af22-0d8116593552	962f85ff-1f27-49e4-8c3d-798facea122f	1	962f85ff-1f27-49e4-8c3d-798facea122f	Primary Tumor	1	0	UNIQUE_EXACT_CNV
SC001	5202458b-c38a-47c0-a0ba-5f1a59a762a0	58084363-d165-44b9-9702-9a1e3732ee1b	1	58084363-d165-44b9-9702-9a1e3732ee1b	Primary Tumor	1	0	UNIQUE_EXACT_CNV
SC001	52df074f-a402-4b78-9472-f8eb268efded	fdfca85d-9c11-4f55-8f43-7e4d54afdf9e	1	fdfca85d-9c11-4f55-8f43-7e4d54afdf9e	Primary Tumor	1	0	UNIQUE_EXACT_CNV
SC001	532c1852-76dd-489f-9380-36766d6e3c34	e40ad349-500b-49cb-977d-3dc18d0ccbf9	1	e40ad349-500b-49cb-977d-3dc18d0ccbf9	Primary Tumor	1	0	UNIQUE_EXACT_CNV
SC001	54254f5a-50e8-4150-a9b7-56a0470d2a56	ee72f78d-e5db-4c99-9034-0b5bbf6df849	1	ee72f78d-e5db-4c99-9034-0b5bbf6df849	Primary Tumor	1	0	UNIQUE_EXACT_CNV
SC001	54775a66-08cc-4f38-98f2-e7b2b5cec994	c85ed66e-c58b-45d9-82f6-8248b9e05338	1	c85ed66e-c58b-45d9-82f6-8248b9e05338	Primary Tumor	1	0	UNIQUE_EXACT_CNV
SC001	5510ad32-62fd-4adc-964a-ae4e997c2f4b	ee8a12e2-8827-4abe-af6f-aa39995f6b99	1	ee8a12e2-8827-4abe-af6f-aa39995f6b99	Primary Tumor	1	0	UNIQUE_EXACT_CNV
SC001	591c068f-bbb1-4df2-9abb-d1a2e4a58372	63d5b15a-fb94-4b8b-9e93-1dd1cc0a157f	1	63d5b15a-fb94-4b8b-9e93-1dd1cc0a157f	Primary Tumor	1	0	UNIQUE_EXACT_CNV
SC001	595fc3ad-f603-421b-b130-52f1f617050b	ecbaf334-d86b-4316-ae93-84feff5da296	1	ecbaf334-d86b-4316-ae93-84feff5da296	Primary Tumor	1	0	UNIQUE_EXACT_CNV
SC001	5a2f8140-8f90-4e94-b703-5fa5aa96be7b	ade256d3-7ad5-441c-ad53-ab635b1668e4	1	ade256d3-7ad5-441c-ad53-ab635b1668e4	Primary Tumor	1	0	UNIQUE_EXACT_CNV
SC001	5abd6651-69be-42f8-bdc0-308e68136d31	96bd691f-1807-456a-bef1-cb5018f5b0b1	1	96bd691f-1807-456a-bef1-cb5018f5b0b1	Primary Tumor	1	0	UNIQUE_EXACT_CNV
SC001	5c266025-e590-457c-af86-4c2dc9797267	aafb0ebe-3fde-4cfb-a560-11e85e839dcc	1	aafb0ebe-3fde-4cfb-a560-11e85e839dcc	Primary Tumor	1	0	UNIQUE_EXACT_CNV
SC001	5d7ec32a-049f-4997-9882-1b3ac157e02d	fbb7751d-75ca-45aa-af13-ed5cfb01ef41	1	fbb7751d-75ca-45aa-af13-ed5cfb01ef41	Primary Tumor	1	0	UNIQUE_EXACT_CNV
SC001	6092bd5c-e97c-4a77-a4ad-c87623b17507	d4d43ae0-2a4c-49e5-8481-fa3614dfe5c1	1	d4d43ae0-2a4c-49e5-8481-fa3614dfe5c1	Primary Tumor	1	0	UNIQUE_EXACT_CNV
SC001	62380447-3b94-4e7c-823a-72dd7b4ccf3a	3c17efb2-ed6c-4c73-800c-a5d896d80372	1	3c17efb2-ed6c-4c73-800c-a5d896d80372	Primary Tumor	1	0	UNIQUE_EXACT_CNV
SC001	63bd2175-4b7c-44c9-aef3-9efc8f79837b	fbc90b42-7d26-456b-a166-41993a1d3f0d	1	fbc90b42-7d26-456b-a166-41993a1d3f0d	Primary Tumor	1	0	UNIQUE_EXACT_CNV
SC001	646910ee-5f5d-40ac-a21a-75790f89430a	ca71bc74-8511-48b2-a84f-6dbbd01aefc3	1	ca71bc74-8511-48b2-a84f-6dbbd01aefc3	Primary Tumor	1	0	UNIQUE_EXACT_CNV
SC001	66763a0c-6cda-4832-a0cc-e7b496d78eaa	a4d06d63-8da9-4c3c-a75d-4079c2238aa8	1	a4d06d63-8da9-4c3c-a75d-4079c2238aa8	Primary Tumor	1	0	UNIQUE_EXACT_CNV
SC001	66ed89f6-8ba2-49d0-af0f-4b6ebf2381bf	9de8d353-3442-41d8-8bfe-a08c4975eaca	1	9de8d353-3442-41d8-8bfe-a08c4975eaca	Primary Tumor	1	0	UNIQUE_EXACT_CNV
SC001	673493f6-975c-49e8-934c-001e9a0fff90	f65c895f-cfea-46a3-b3a0-7c8a98d7522a	1	f65c895f-cfea-46a3-b3a0-7c8a98d7522a	Primary Tumor	1	0	UNIQUE_EXACT_CNV
SC001	67dbe286-edb3-4d07-8f74-9e5254f01945	c8aa8a2e-e681-4a82-9320-f35f67650581	1	c8aa8a2e-e681-4a82-9320-f35f67650581	Primary Tumor	1	0	UNIQUE_EXACT_CNV
SC001	681b1176-9676-44d3-892c-1d5dba1ce25b	9cea4206-b460-433b-bf50-29c56cb8e33d	1	9cea4206-b460-433b-bf50-29c56cb8e33d	Primary Tumor	1	0	UNIQUE_EXACT_CNV
SC001	68b86559-38b2-41f2-b66e-c3c2b628b14d	6c206676-e511-4281-91f5-bfe91b3279a4	1	6c206676-e511-4281-91f5-bfe91b3279a4	Primary Tumor	1	0	UNIQUE_EXACT_CNV
SC001	69584d55-18f7-4786-b3cc-cd528500be44	09656581-db34-4e6e-afe0-80666eb5fba6	1	09656581-db34-4e6e-afe0-80666eb5fba6	Primary Tumor	1	0	UNIQUE_EXACT_CNV
SC001	69b23036-add9-42c9-941f-02fb74d9b08c	98bee17e-0b07-40d8-a70f-3163dbfd9c79	1	98bee17e-0b07-40d8-a70f-3163dbfd9c79	Primary Tumor	1	0	UNIQUE_EXACT_CNV
SC001	6bffe800-ec2b-4638-9333-97fe85dcd91c	708a8742-f6d6-411d-9340-2c6c25885d22	1	708a8742-f6d6-411d-9340-2c6c25885d22	Primary Tumor	1	0	UNIQUE_EXACT_CNV
SC001	6cf49cf0-de4c-4c90-8358-eae19c6206b0	3af63e86-157b-408c-9527-58a45107ddd2	1	3af63e86-157b-408c-9527-58a45107ddd2	Primary Tumor	1	0	UNIQUE_EXACT_CNV
SC001	6d96a298-be5a-4e14-afe8-ca4b6ca298d6	d84e1b10-b7c6-4916-afbc-b311d2ccf19d	1	d84e1b10-b7c6-4916-afbc-b311d2ccf19d	Primary Tumor	1	0	UNIQUE_EXACT_CNV
SC001	7099597a-b208-45b5-b9e0-11ab40d5e497	98e01ce5-8af3-4f2c-b5a1-36730a3c806a	1	98e01ce5-8af3-4f2c-b5a1-36730a3c806a	Primary Tumor	1	0	UNIQUE_EXACT_CNV
SC001	722d6818-f1cb-49f4-b68a-fd0a31304681	07c1fce4-ec48-47a4-8391-e553936b67f2	1	07c1fce4-ec48-47a4-8391-e553936b67f2	Primary Tumor	1	0	UNIQUE_EXACT_CNV
SC001	75589307-f141-4d0d-b35d-adbbc77b3dec	cba50f48-facb-4eb3-9a72-73c5b585bdc6	1	cba50f48-facb-4eb3-9a72-73c5b585bdc6	Primary Tumor	1	0	UNIQUE_EXACT_CNV
SC001	75a0bb0b-6528-4fb8-a9e6-254905d21df4	44d07be5-4621-41a2-a574-35122a3e5fbc	1	44d07be5-4621-41a2-a574-35122a3e5fbc	Primary Tumor	1	0	UNIQUE_EXACT_CNV
SC001	75dd635e-8e0c-4c0b-b21c-20f77770218d	aed669e8-23b6-4786-9398-6bb048815dfa	1	aed669e8-23b6-4786-9398-6bb048815dfa	Primary Tumor	1	0	UNIQUE_EXACT_CNV
SC001	762dea8a-5b41-4058-979a-b7876ed13d7e	9ded6605-39a3-4c0f-ad2e-7f6863960dbe	1	9ded6605-39a3-4c0f-ad2e-7f6863960dbe	Primary Tumor	1	0	UNIQUE_EXACT_CNV
SC001	772324a5-5513-454d-ad6b-605798f69b73	0deed408-8acb-43ce-84a3-143aabd23312	1	0deed408-8acb-43ce-84a3-143aabd23312	Primary Tumor	1	0	UNIQUE_EXACT_CNV
SC001	77828a90-8e2a-4664-b674-d837e6e34fe4	c8c5aa67-c6b9-48ba-ace2-b040170d73fc	1	c8c5aa67-c6b9-48ba-ace2-b040170d73fc	Primary Tumor	1	0	UNIQUE_EXACT_CNV
SC001	77c4dbb2-eceb-4e0d-bcde-63dc817d5f35	c7c2f2f3-d5f6-4fb8-b02a-79fa39a42756	1	c7c2f2f3-d5f6-4fb8-b02a-79fa39a42756	Primary Tumor	1	0	UNIQUE_EXACT_CNV
SC001	77f8c850-b4e6-46a1-ab12-a50e0044a0c8	6ea79640-5376-40fd-b9d4-e846335579d2	1	6ea79640-5376-40fd-b9d4-e846335579d2	Primary Tumor	1	0	UNIQUE_EXACT_CNV
SC001	78a24c56-576c-4245-bb42-6603b3d19897	785b0c56-bed5-4d19-b7b3-d1a0ceb5d648	1	785b0c56-bed5-4d19-b7b3-d1a0ceb5d648	Primary Tumor	1	0	UNIQUE_EXACT_CNV
SC001	7a111b4f-46e9-4e34-8024-0b9fdc5cbcd8	b574f6d5-8cd6-4e23-92ac-2a2b64eded38	1	b574f6d5-8cd6-4e23-92ac-2a2b64eded38	Primary Tumor	1	0	UNIQUE_EXACT_CNV
SC001	7b0622ab-63ea-483f-ae40-d3ea587bdbba	fab452a2-a57a-4d63-80bc-2ad2b5a20f03	1	fab452a2-a57a-4d63-80bc-2ad2b5a20f03	Primary Tumor	1	0	UNIQUE_EXACT_CNV
SC001	7b89166e-c5b8-481b-aa70-495141499b91	de0e8b86-5791-4e7c-b939-30857cd7b0a8	1	de0e8b86-5791-4e7c-b939-30857cd7b0a8	Primary Tumor	1	0	UNIQUE_EXACT_CNV
SC001	7be86a90-6da8-4c01-8a7a-bc5cfef9894f	d342edd9-680a-40d4-bb18-9cd7810bb052	1	d342edd9-680a-40d4-bb18-9cd7810bb052	Primary Tumor	1	0	UNIQUE_EXACT_CNV
SC001	7c7d777b-bf00-4c24-97fc-922580d5605f	d00051b0-6181-47be-91c4-79d9530d18a5	1	d00051b0-6181-47be-91c4-79d9530d18a5	Primary Tumor	1	0	UNIQUE_EXACT_CNV
SC001	7cce924f-12a1-4895-9866-5d4b1869dde6	ce18c482-da4e-4166-a49c-29dc0bfb4472	1	ce18c482-da4e-4166-a49c-29dc0bfb4472	Primary Tumor	1	0	UNIQUE_EXACT_CNV
SC001	7f6455e8-fa3d-4452-acb2-8c9995073072	48e8bef9-85ff-4b0f-b249-a1f6c63dd100	1	48e8bef9-85ff-4b0f-b249-a1f6c63dd100	Primary Tumor	1	0	UNIQUE_EXACT_CNV
SC001	807cc7d2-6e3b-4f2d-9531-0da994eeeada	97df724f-afe1-4db4-9563-853245093fbb	1	97df724f-afe1-4db4-9563-853245093fbb	Primary Tumor	1	0	UNIQUE_EXACT_CNV
SC001	8214a0d1-5e2d-4a7a-acb1-e5580755db83	ed2389b5-16eb-43e8-87b8-a15304da629a	1	ed2389b5-16eb-43e8-87b8-a15304da629a	Primary Tumor	1	0	UNIQUE_EXACT_CNV
SC001	82476d2d-e403-4f6b-8dd6-cc84e3329478	9ed482d9-2aea-4200-a994-107a1e88f17b	1	9ed482d9-2aea-4200-a994-107a1e88f17b	Primary Tumor	1	0	UNIQUE_EXACT_CNV
SC001	83a6ed20-b3cf-48b9-8ed3-a080cd4951fa	df25f146-a833-4bfd-adf7-b41b6a7f797e	1	df25f146-a833-4bfd-adf7-b41b6a7f797e	Primary Tumor	1	0	UNIQUE_EXACT_CNV
SC001	8609edfc-119d-4d63-9188-c86aabd5ca52	a06a952f-aaea-4471-8004-26108e382a9b	1	a06a952f-aaea-4471-8004-26108e382a9b	Primary Tumor	1	0	UNIQUE_EXACT_CNV
SC001	86dac334-f30e-438e-810a-8e45f69dbb7e	a1283c20-bb35-40bb-91f7-e21b3307f031	1	a1283c20-bb35-40bb-91f7-e21b3307f031	Primary Tumor	1	0	UNIQUE_EXACT_CNV
SC001	875333ab-9048-462d-aaa2-693ad127e3cc	d994817a-474e-4f92-8a78-7586caa85d52	1	d994817a-474e-4f92-8a78-7586caa85d52	Primary Tumor	1	0	UNIQUE_EXACT_CNV
SC001	8981f0c9-7155-4c96-bf77-7d40fe404323	a096292c-055c-4243-b625-1e2a5f31e3d6	1	a096292c-055c-4243-b625-1e2a5f31e3d6	Primary Tumor	1	0	UNIQUE_EXACT_CNV
SC001	8a16ddb3-4861-4128-bed9-0b1f94fe8cf7	cd1bdd0b-eae2-4fc5-8da2-4d13926c7885	1	cd1bdd0b-eae2-4fc5-8da2-4d13926c7885	Primary Tumor	1	0	UNIQUE_EXACT_CNV
SC001	8c695c24-e7f9-449a-9258-a1bc8a33bf9a	82c59ef8-ba24-4538-a643-e07e604206a5	1	82c59ef8-ba24-4538-a643-e07e604206a5	Primary Tumor	1	0	UNIQUE_EXACT_CNV
SC001	8cc6bcec-65df-46a9-a88c-09762a132857	4bbc2e4d-c9c2-4142-924c-c4d939522ddd	1	4bbc2e4d-c9c2-4142-924c-c4d939522ddd	Primary Tumor	1	0	UNIQUE_EXACT_CNV
SC001	8d0736fe-261c-445c-bfd2-a3ea3ceaf367	9ee35460-266a-485d-966d-b235fe620ccc	1	9ee35460-266a-485d-966d-b235fe620ccc	Primary Tumor	1	0	UNIQUE_EXACT_CNV
SC001	8e2aca86-7cba-4631-9f25-4d14219dbc6d	e48c5428-b22b-40a8-8f42-193c68e48f07	1	e48c5428-b22b-40a8-8f42-193c68e48f07	Primary Tumor	1	0	UNIQUE_EXACT_CNV
SC001	8e41153b-9faf-45c3-8397-8a428ef5c0d5	482c1c70-ae61-45da-b1c0-4303abdda2cd	1	482c1c70-ae61-45da-b1c0-4303abdda2cd	Primary Tumor	1	0	UNIQUE_EXACT_CNV
SC001	8fdbd88f-19ae-4ab8-bcd7-6bfa1bbde742	92514fd2-a178-42e8-8929-0910558e7f87	1	92514fd2-a178-42e8-8929-0910558e7f87	Primary Tumor	1	0	UNIQUE_EXACT_CNV
SC001	9536e32d-2707-48d2-a36d-08c521665bb9	cfe0f0e4-d8bf-40ce-99f1-2bf99ceca18b	1	cfe0f0e4-d8bf-40ce-99f1-2bf99ceca18b	Primary Tumor	1	0	UNIQUE_EXACT_CNV
SC001	9582b436-145b-4f84-8f7f-8b39b8254cc1	5e686ec3-9100-4153-9a90-8b7fb8d4ba0a	1	5e686ec3-9100-4153-9a90-8b7fb8d4ba0a	Primary Tumor	1	0	UNIQUE_EXACT_CNV
SC001	967d6548-5a84-4b7e-bc3f-2e522859fce6	32c4dcd3-8cc1-4a7d-b593-b8d0b7541c1b	1	32c4dcd3-8cc1-4a7d-b593-b8d0b7541c1b	Primary Tumor	1	0	UNIQUE_EXACT_CNV
SC001	96d93e23-bb0d-46a8-9685-5ed0d6b83059	f6e030dc-ed9a-43c5-8d47-bf2f039e780d	1	f6e030dc-ed9a-43c5-8d47-bf2f039e780d	Primary Tumor	1	0	UNIQUE_EXACT_CNV
SC001	96dfa373-4597-49a5-942e-d9b4dc5d28fc	5efd5b2c-3db1-4153-b01f-8f0087d96940	1	5efd5b2c-3db1-4153-b01f-8f0087d96940	Primary Tumor	1	0	UNIQUE_EXACT_CNV
SC001	9759bf3a-74ff-433f-99bb-f9406f222ed2	a1733a18-9fe8-4fed-a8d4-0d9dea6cefba	1	a1733a18-9fe8-4fed-a8d4-0d9dea6cefba	Primary Tumor	1	0	UNIQUE_EXACT_CNV
SC001	97831d28-ab41-4c18-bfc2-c4c6bc757d13	96a05d4b-3731-4b98-b38f-a6b33cd6ed96	1	96a05d4b-3731-4b98-b38f-a6b33cd6ed96	Primary Tumor	1	0	UNIQUE_EXACT_CNV
SC001	98ef41fa-3015-445a-bbdc-984361c911f7	cea128ca-4e69-4bf4-be47-e0481a809727	1	cea128ca-4e69-4bf4-be47-e0481a809727	Primary Tumor	1	0	UNIQUE_EXACT_CNV
SC001	9a2a226e-9605-4214-9320-469305e664e6	58dcad42-2e30-4cb9-ada6-5e72c4bcf406	1	58dcad42-2e30-4cb9-ada6-5e72c4bcf406	Primary Tumor	1	0	UNIQUE_EXACT_CNV
SC001	9a50e7e4-831d-489f-87d2-979e987561cc	e4416303-50b0-4316-bfee-030c7b29fac6	1	e4416303-50b0-4316-bfee-030c7b29fac6	Primary Tumor	1	0	UNIQUE_EXACT_CNV
SC001	9a63f744-4ed4-4b4d-aac6-f9bda66aa563	d845174b-1a04-4d22-b34f-c48d7ae35233	1	d845174b-1a04-4d22-b34f-c48d7ae35233	Primary Tumor	1	0	UNIQUE_EXACT_CNV
SC001	9a9bd705-1ef1-4a6c-bb1e-bdd346dc01c0	d1f3852d-d23c-41af-9ec0-19c4ba1b1da5	1	d1f3852d-d23c-41af-9ec0-19c4ba1b1da5	Primary Tumor	1	0	UNIQUE_EXACT_CNV
SC001	9b38eded-3f46-4aaa-9991-68008d97bdbe	7f56df3f-b649-43d1-ab46-ad460233e46b	1	7f56df3f-b649-43d1-ab46-ad460233e46b	Primary Tumor	1	0	UNIQUE_EXACT_CNV
SC001	9c894668-88f5-4308-a1c0-6b8acc6aaaec	7ed47e1b-1d36-4f8a-a101-3ef0756ad08f	1	7ed47e1b-1d36-4f8a-a101-3ef0756ad08f	Primary Tumor	1	0	UNIQUE_EXACT_CNV
SC001	9ca1a26c-82e0-48b3-b3bb-2ed57086eeb1	ff0ad6a3-94e2-4dea-a9c8-7c790d65e56e	1	ff0ad6a3-94e2-4dea-a9c8-7c790d65e56e	Primary Tumor	1	0	UNIQUE_EXACT_CNV
SC001	9e22a3af-7f28-4757-8684-ed64a2a27ad1	4ed3eaec-0085-4115-bbe7-27645b6a3a8b	1	4ed3eaec-0085-4115-bbe7-27645b6a3a8b	Primary Tumor	1	0	UNIQUE_EXACT_CNV
SC001	9ee20c0d-a1c3-47f3-abda-131b3f190f52	bdd75bca-6224-4743-a367-cb1ff01e8121	1	bdd75bca-6224-4743-a367-cb1ff01e8121	Primary Tumor	1	0	UNIQUE_EXACT_CNV
SC001	9f4f2ff3-3c02-4281-a398-b0d0955e58eb	b2e72f91-58fb-4a15-9a13-09c93b339bc6	1	b2e72f91-58fb-4a15-9a13-09c93b339bc6	Primary Tumor	1	0	UNIQUE_EXACT_CNV
SC001	9fcdccae-676e-4071-93c3-23d2d3ab0c00	f9455bbc-a475-476e-bd97-6137fb011e65	1	f9455bbc-a475-476e-bd97-6137fb011e65	Primary Tumor	1	0	UNIQUE_EXACT_CNV
SC001	a046888c-f153-4f35-a1b6-23dd1691a91a	f274b7e1-4f18-4f90-851f-5c2d8b984fd3	1	f274b7e1-4f18-4f90-851f-5c2d8b984fd3	Primary Tumor	1	0	UNIQUE_EXACT_CNV
SC001	a0e57b39-960e-4e46-8aa0-d0ee2fd9a7cc	4a1d97dd-fdd4-4c57-8dda-7b320237af36	1	4a1d97dd-fdd4-4c57-8dda-7b320237af36	Primary Tumor	1	0	UNIQUE_EXACT_CNV
SC001	a244a99a-d7cc-4fb1-bc76-b66886481621	9ab40e48-6979-43cb-9acf-1d4f474cad4d	1	9ab40e48-6979-43cb-9acf-1d4f474cad4d	Primary Tumor	1	0	UNIQUE_EXACT_CNV
SC001	a391d49f-a822-460b-981c-6fbe1868ee38	5d7dae28-fc9f-4160-83aa-122f999668b0	1	5d7dae28-fc9f-4160-83aa-122f999668b0	Primary Tumor	1	0	UNIQUE_EXACT_CNV
SC001	a3de401d-91fe-49a2-bb07-81c1a06506e6	ed61ac6a-f21f-4b88-928a-029340d4aebd	1	ed61ac6a-f21f-4b88-928a-029340d4aebd	Primary Tumor	1	0	UNIQUE_EXACT_CNV
SC001	a41c46da-7ed4-4192-bd16-b3cbb94a5133	e190a9e4-10ae-4060-a071-4b8b73479023	1	e190a9e4-10ae-4060-a071-4b8b73479023	Primary Tumor	1	0	UNIQUE_EXACT_CNV
SC001	a5f2576a-d628-47de-a5df-76a4f3105dcc	72218786-f74e-4746-9447-26ca882b83a5	1	72218786-f74e-4746-9447-26ca882b83a5	Primary Tumor	1	0	UNIQUE_EXACT_CNV
SC001	a815619f-dbba-469f-a1f7-dfbd51cd86c5	b08432a7-891a-41ee-a2c0-10a994d01e00	1	b08432a7-891a-41ee-a2c0-10a994d01e00	Primary Tumor	1	0	UNIQUE_EXACT_CNV
SC001	a816e355-be6f-4d16-b051-b6d86ed8cded	ccdde798-056a-4cc9-8aa8-63cf283691d9	1	ccdde798-056a-4cc9-8aa8-63cf283691d9	Primary Tumor	1	0	UNIQUE_EXACT_CNV
SC001	a905d275-9283-4fa6-bbbf-46019bd1bcb7	e3ab8511-d37d-4cec-a954-cfc616b2cefd	1	e3ab8511-d37d-4cec-a954-cfc616b2cefd	Primary Tumor	1	0	UNIQUE_EXACT_CNV
SC001	a9644274-13bb-4228-9b4f-14260ccc26eb	ec52b227-65eb-406f-a02b-f4cd1fdf6b3c	1	ec52b227-65eb-406f-a02b-f4cd1fdf6b3c	Primary Tumor	1	0	UNIQUE_EXACT_CNV
SC001	ab8d7f84-dd71-42c7-9471-4db967a9c89c	e273b4e3-35dc-4f46-a668-70d6eb8bf4fc	1	e273b4e3-35dc-4f46-a668-70d6eb8bf4fc	Primary Tumor	1	0	UNIQUE_EXACT_CNV
SC001	ab9e6815-4d13-44db-93e5-553eb4f5bc95	5e72a9b0-5f80-462e-a586-262f573dc62c	1	5e72a9b0-5f80-462e-a586-262f573dc62c	Primary Tumor	1	0	UNIQUE_EXACT_CNV
SC001	abab925c-bef3-4072-b9c4-40f808744593	51206ca4-92c3-4fab-94a7-7f38aa4e0bee	1	51206ca4-92c3-4fab-94a7-7f38aa4e0bee	Primary Tumor	1	0	UNIQUE_EXACT_CNV
SC001	abd6647b-d2eb-404d-8283-443e92addf55	ee6445a5-22e8-42d8-a2e3-8f0058066352	1	ee6445a5-22e8-42d8-a2e3-8f0058066352	Primary Tumor	1	0	UNIQUE_EXACT_CNV
SC001	aee86a89-0377-4080-b16c-408bfbe78687	e54ef0f0-38a5-4226-9a6a-c76aa12de589	1	e54ef0f0-38a5-4226-9a6a-c76aa12de589	Primary Tumor	1	0	UNIQUE_EXACT_CNV
SC001	afb91740-2668-46d7-ba01-bb26153ad1c7	bfde37f2-ab6f-4426-a33d-ef9d21772f02	1	bfde37f2-ab6f-4426-a33d-ef9d21772f02	Primary Tumor	1	0	UNIQUE_EXACT_CNV
SC001	b2285924-9813-4f46-bb8f-91a0efd8a9b6	fdbfdf52-c0cd-4fbb-a910-b747516dfef4	1	fdbfdf52-c0cd-4fbb-a910-b747516dfef4	Primary Tumor	1	0	UNIQUE_EXACT_CNV
SC001	b266cbf5-80de-4473-b16f-08c502d365ca	586803bd-5ffb-4d14-8dc9-3e540a683afe	1	586803bd-5ffb-4d14-8dc9-3e540a683afe	Primary Tumor	1	0	UNIQUE_EXACT_CNV
SC001	b40d0849-f4ef-4a14-9732-9beb708cb46b	7ec420fc-c770-4cb8-a186-8ce94f791444	1	7ec420fc-c770-4cb8-a186-8ce94f791444	Primary Tumor	1	0	UNIQUE_EXACT_CNV
SC001	b56dad1e-2fd5-47d8-9cc7-a54be9a1bae2	98bbbf97-fbf4-4cbc-9536-f11febbf350b	1	98bbbf97-fbf4-4cbc-9536-f11febbf350b	Primary Tumor	1	0	UNIQUE_EXACT_CNV
SC001	b61abdfd-b7a0-4e1a-b570-d1eaecad3a9e	9edea53d-ad06-4b5d-bff0-48e834c3684f	1	9edea53d-ad06-4b5d-bff0-48e834c3684f	Primary Tumor	1	0	UNIQUE_EXACT_CNV
SC001	b8475929-2d9d-4909-bd62-59684a140bd7	c7f76210-d0f2-4fb8-80f1-35098dbe03de	1	c7f76210-d0f2-4fb8-80f1-35098dbe03de	Primary Tumor	1	0	UNIQUE_EXACT_CNV
SC001	b86b1616-20a2-4300-8daa-03dcc9938215	43ab9d3a-9e4e-49a1-8044-280850a5cd7e	1	43ab9d3a-9e4e-49a1-8044-280850a5cd7e	Primary Tumor	1	0	UNIQUE_EXACT_CNV
SC001	b87a5d92-4c09-48fe-bb08-b3c89a7c892e	7f64139d-0e81-4bbd-9719-85d0ad471ed5	1	7f64139d-0e81-4bbd-9719-85d0ad471ed5	Primary Tumor	1	0	UNIQUE_EXACT_CNV
SC001	b8b5ed35-b299-4c1e-9226-5ca055dc7a43	b4cff170-45a5-488f-8dbe-07e934f683d9	1	b4cff170-45a5-488f-8dbe-07e934f683d9	Primary Tumor	1	0	UNIQUE_EXACT_CNV
SC001	ba49117e-dab6-4e7d-bc44-f11dcafa1318	d69112ac-842a-4ac1-82be-af6fac624ca4	1	d69112ac-842a-4ac1-82be-af6fac624ca4	Primary Tumor	1	0	UNIQUE_EXACT_CNV
SC001	bab43415-d413-40be-a4c0-2c40a52afe6a	dd9a6c68-b8b4-4168-9ff9-72a45f20c44f	1	dd9a6c68-b8b4-4168-9ff9-72a45f20c44f	Primary Tumor	1	0	UNIQUE_EXACT_CNV
SC001	bc4c4079-b449-485d-84e4-a40496e563e8	7901609b-ec53-48e1-80ee-489fa4187ebb	1	7901609b-ec53-48e1-80ee-489fa4187ebb	Primary Tumor	1	0	UNIQUE_EXACT_CNV
SC001	c0c879f7-c332-4d31-9f7e-a3bf361b36ee	a9c846b1-9ee0-4f96-85bf-b7dd53c4230c	1	a9c846b1-9ee0-4f96-85bf-b7dd53c4230c	Primary Tumor	1	0	UNIQUE_EXACT_CNV
SC001	c1a01e8c-1f7e-4e24-bfad-90b73f88e992	d0090140-e835-484e-bef0-e83011931b66	1	d0090140-e835-484e-bef0-e83011931b66	Primary Tumor	1	0	UNIQUE_EXACT_CNV
SC001	c2a1de2e-6451-4c95-8ce6-263f2b7e6eff	64fb8eba-a055-4128-92ca-695a3a6f8ebd	1	64fb8eba-a055-4128-92ca-695a3a6f8ebd	Primary Tumor	1	0	UNIQUE_EXACT_CNV
SC001	c353f949-5f66-4a2c-b8f0-17be8bf19e0a	f9e817fa-fc13-419f-9039-ee7422f0d10d	1	f9e817fa-fc13-419f-9039-ee7422f0d10d	Primary Tumor	1	0	UNIQUE_EXACT_CNV
SC001	c497f8c7-2fb5-44d9-bc7c-69cfd0b51b54	fbce7d71-f82c-4457-a1c5-53edd05a0ea4	1	fbce7d71-f82c-4457-a1c5-53edd05a0ea4	Primary Tumor	1	0	UNIQUE_EXACT_CNV
SC001	c4c1469d-752f-42b6-8686-714ad4a8ac97	4afc6152-819b-4e55-817d-df8a42eb0d36	1	4afc6152-819b-4e55-817d-df8a42eb0d36	Primary Tumor	1	0	UNIQUE_EXACT_CNV
SC001	c583fdd1-8cd2-4c15-a23e-0644261f65da	8010b0ae-f003-491e-aa81-36a9dff7de96	1	8010b0ae-f003-491e-aa81-36a9dff7de96	Primary Tumor	1	0	UNIQUE_EXACT_CNV
SC001	c6b680e3-d96e-4fc7-8053-77454b7a14fa	3d39d81b-c341-426c-b979-560c429b3af2	1	3d39d81b-c341-426c-b979-560c429b3af2	Primary Tumor	1	0	UNIQUE_EXACT_CNV
SC001	c95957a7-1a1a-4c8d-bb61-7c99b500f224	ad9a794f-52dd-4572-bf29-cd3d11ba6c24	1	ad9a794f-52dd-4572-bf29-cd3d11ba6c24	Primary Tumor	1	0	UNIQUE_EXACT_CNV
SC001	c9c533ee-e154-4a56-bce9-b5af37574b2f	e7a733ac-55e0-4395-ad3b-7cfc5b526d01	1	e7a733ac-55e0-4395-ad3b-7cfc5b526d01	Primary Tumor	1	0	UNIQUE_EXACT_CNV
SC001	cbf1f718-6bb7-4daf-b9d6-fb294281decb	d516aff8-1bb4-4627-885a-0c247ae4ae57	1	d516aff8-1bb4-4627-885a-0c247ae4ae57	Primary Tumor	1	0	UNIQUE_EXACT_CNV
SC001	cbfef004-b437-4d51-9d88-a2db50aa6481	a6096034-3c2c-4c96-88fe-56a22c2d167c	1	a6096034-3c2c-4c96-88fe-56a22c2d167c	Primary Tumor	1	0	UNIQUE_EXACT_CNV
SC001	cd9e70e4-8622-4a07-8646-63f8275c1737	21483940-2c8f-411d-b36f-fb927cfbd6d4	1	21483940-2c8f-411d-b36f-fb927cfbd6d4	Primary Tumor	1	0	UNIQUE_EXACT_CNV
SC001	ce15f31f-2bad-4485-96fa-495bfa262e66	44b1d21c-0794-428c-ba01-82812d74da2f	1	44b1d21c-0794-428c-ba01-82812d74da2f	Primary Tumor	1	0	UNIQUE_EXACT_CNV
SC001	d12b6930-9ae4-4fe7-ad69-d183135c91ab	55b07618-5b99-436f-a0dd-fe96a13851d6	1	55b07618-5b99-436f-a0dd-fe96a13851d6	Primary Tumor	1	0	UNIQUE_EXACT_CNV
SC001	d2824e6d-3784-45c2-9b0f-52b17356b5da	f9f9c1dd-8462-4560-82b8-aea4309854c9	1	f9f9c1dd-8462-4560-82b8-aea4309854c9	Primary Tumor	1	0	UNIQUE_EXACT_CNV
SC001	d28e465c-e553-4c53-8bb7-3d8199b9a8a5	f8961f5c-e28b-44a2-8e4e-b5759fe2d849	1	f8961f5c-e28b-44a2-8e4e-b5759fe2d849	Primary Tumor	1	0	UNIQUE_EXACT_CNV
SC001	d2c1e896-6886-4122-bb48-5fbcd3f641f4	c9e092b2-d6c3-4161-bd9e-0fa4015bebbb	1	c9e092b2-d6c3-4161-bd9e-0fa4015bebbb	Primary Tumor	1	0	UNIQUE_EXACT_CNV
SC001	d31aeefc-b59b-42e9-9919-750b17a70a3d	b8e996d3-14b1-465f-b1e3-d6849b144be1	1	b8e996d3-14b1-465f-b1e3-d6849b144be1	Primary Tumor	1	0	UNIQUE_EXACT_CNV
SC001	d3e23815-7f9d-48aa-9aef-3a1dd9d464d7	ddbe2867-b02a-45d6-8514-921eaf6074ea	1	ddbe2867-b02a-45d6-8514-921eaf6074ea	Primary Tumor	1	0	UNIQUE_EXACT_CNV
SC001	d5326429-9805-47f9-97b0-fbda658e3f01	af744755-51eb-4daf-9029-5cf88730b1dc	1	af744755-51eb-4daf-9029-5cf88730b1dc	Primary Tumor	1	0	UNIQUE_EXACT_CNV
SC001	d63c028b-b6d3-49ce-b63e-261eed3b86df	baa282a3-b78b-4be7-9756-4e4c6298f8a3	1	baa282a3-b78b-4be7-9756-4e4c6298f8a3	Primary Tumor	1	0	UNIQUE_EXACT_CNV
SC001	d717fa33-3c91-4ced-89c6-79ff5542f04c	feec7fa2-1f3f-4cbe-a89c-df01d13a9299	1	feec7fa2-1f3f-4cbe-a89c-df01d13a9299	Primary Tumor	1	0	UNIQUE_EXACT_CNV
SC001	d8faa3a7-6b3f-4e69-8c88-184e41055bd7	dc242475-d2c0-4c6a-b227-f6a21a27179a	1	dc242475-d2c0-4c6a-b227-f6a21a27179a	Primary Tumor	1	0	UNIQUE_EXACT_CNV
SC001	db0b9e63-4272-4f29-bf0e-1ec0fe79a9d7	7b1d8b50-f3df-4aab-a654-c3810d8d576d	1	7b1d8b50-f3df-4aab-a654-c3810d8d576d	Primary Tumor	1	0	UNIQUE_EXACT_CNV
SC001	dd46c83e-6551-485b-b935-f3beed891244	bdab4848-dfb5-4b58-9d79-4ab0f0f80cbd	1	bdab4848-dfb5-4b58-9d79-4ab0f0f80cbd	Primary Tumor	1	0	UNIQUE_EXACT_CNV
SC001	ddeacccf-0953-4952-8a4e-c2617f2e7bcc	37a8d3a5-baa0-427c-ab43-48ae4b93633b	1	37a8d3a5-baa0-427c-ab43-48ae4b93633b	Primary Tumor	1	0	UNIQUE_EXACT_CNV
SC001	e0a19099-5d25-40df-ad73-6260df3a1b32	84e27f5e-ce0d-4bb7-9ae8-5b12162bb801	1	84e27f5e-ce0d-4bb7-9ae8-5b12162bb801	Primary Tumor	1	0	UNIQUE_EXACT_CNV
SC001	e10568fe-0436-43f2-9f0f-48f9903868c4	3b2ed302-d8f1-4078-95f0-3b5c5b322deb	1	3b2ed302-d8f1-4078-95f0-3b5c5b322deb	Primary Tumor	1	0	UNIQUE_EXACT_CNV
SC001	e21e2af3-dc71-41fa-94ba-7a7929f47d90	ed940a3c-39ed-4127-9174-03ffcf448505	1	ed940a3c-39ed-4127-9174-03ffcf448505	Primary Tumor	1	0	UNIQUE_EXACT_CNV
SC001	e254aaeb-012c-4d92-8a03-cce1f6a2bcd6	f0054242-3f54-41d4-9f74-94f61fefbfbc	1	f0054242-3f54-41d4-9f74-94f61fefbfbc	Primary Tumor	1	0	UNIQUE_EXACT_CNV
SC001	e2b0d873-4942-4483-9a88-d5c6338d0382	66e63d23-d3e7-4c6a-b099-4000ebaf8c71	1	66e63d23-d3e7-4c6a-b099-4000ebaf8c71	Primary Tumor	1	0	UNIQUE_EXACT_CNV
SC001	e43a2b72-35c6-4466-9007-ce96caf77ea8	a08a22c9-5b3a-4748-89af-0fae50522f1b	1	a08a22c9-5b3a-4748-89af-0fae50522f1b	Primary Tumor	1	0	UNIQUE_EXACT_CNV
SC001	e51f717f-72e8-400e-9f35-fc5dc32fdf71	97025733-075c-49a4-a587-ba54a1714207	1	97025733-075c-49a4-a587-ba54a1714207	Primary Tumor	1	0	UNIQUE_EXACT_CNV
SC001	e5cb0c86-8fe2-4cfc-b32b-e8ec3839ffc4	c52909f8-5d3f-4db2-952a-8c13814ddfb0	1	c52909f8-5d3f-4db2-952a-8c13814ddfb0	Primary Tumor	1	0	UNIQUE_EXACT_CNV
SC001	e60a8f8a-0fe6-40e5-9f30-bcff48ac73f4	fceb89f9-c4db-42b4-84dd-06a8603c071b	1	fceb89f9-c4db-42b4-84dd-06a8603c071b	Primary Tumor	1	0	UNIQUE_EXACT_CNV
SC001	e68219b0-a9c2-49df-8f0d-db5ea97fd2dc	8d9491e7-9b14-4988-8fa7-e6af041120bd	1	8d9491e7-9b14-4988-8fa7-e6af041120bd	Primary Tumor	1	0	UNIQUE_EXACT_CNV
SC001	e6e75590-9520-4b1c-8a28-4a1d2b2218fc	b187fc64-f51c-4be1-8f97-0075472aafd4	1	b187fc64-f51c-4be1-8f97-0075472aafd4	Primary Tumor	1	0	UNIQUE_EXACT_CNV
SC001	e8060c45-451d-4779-9584-f284db47e63e	f40fdd2f-868d-4cda-952e-bd385e8cc84c	1	f40fdd2f-868d-4cda-952e-bd385e8cc84c	Primary Tumor	1	0	UNIQUE_EXACT_CNV
SC001	ebcba7f2-ce13-4bae-97cd-91a6b1dcd465	7ecb9621-7a1f-4876-9dfb-9b77cc4cb7b4	1	7ecb9621-7a1f-4876-9dfb-9b77cc4cb7b4	Primary Tumor	1	0	UNIQUE_EXACT_CNV
SC001	edf80622-aea2-4b50-bb69-691d6708aa83	81fb5fa9-d901-4faa-b909-376b8676d2bc	1	81fb5fa9-d901-4faa-b909-376b8676d2bc	Primary Tumor	1	0	UNIQUE_EXACT_CNV
SC001	eeab558b-8d1e-4843-861d-dbfb06061758	74bcf2d5-fd42-423e-bd96-b2de1b0cf778	1	74bcf2d5-fd42-423e-bd96-b2de1b0cf778	Primary Tumor	1	0	UNIQUE_EXACT_CNV
SC001	ef42ae4c-a108-468e-beed-437cf3cf2962	5b90379e-83f2-459a-be36-bd7ebbb6bfff	1	5b90379e-83f2-459a-be36-bd7ebbb6bfff	Primary Tumor	1	0	UNIQUE_EXACT_CNV
SC001	f0c94f68-bfd9-45cb-b4fd-8bb1ae4e9a2b	96bdafe1-b0fb-4126-9734-1374d615ef6d	1	96bdafe1-b0fb-4126-9734-1374d615ef6d	Primary Tumor	1	0	UNIQUE_EXACT_CNV
SC001	f2d8b332-2f03-46e5-a9d5-f163972e5fa7	826d2a46-4a89-4398-8a22-1ba7fefe4a7b	1	826d2a46-4a89-4398-8a22-1ba7fefe4a7b	Primary Tumor	1	0	UNIQUE_EXACT_CNV
SC001	f4350d9c-3f40-4829-bbc4-8acb2f3ff512	a05b004e-8a92-4520-a3e1-85ed60db14fa	1	a05b004e-8a92-4520-a3e1-85ed60db14fa	Primary Tumor	1	0	UNIQUE_EXACT_CNV
SC001	f462cfef-f60a-4d3e-b92d-b8d8f50b6bb3	edba8888-6d1b-43a7-988d-5df420922c80	1	edba8888-6d1b-43a7-988d-5df420922c80	Primary Tumor	1	0	UNIQUE_EXACT_CNV
SC001	f587c9ab-2949-4410-80d6-a050865d48aa	9ce83cc4-7b9b-4ce7-98f5-5ce8a8d70902	1	9ce83cc4-7b9b-4ce7-98f5-5ce8a8d70902	Primary Tumor	1	0	UNIQUE_EXACT_CNV
SC001	f7f9f522-de88-4f9c-8ba4-7be3726faaf8	e71a1971-e1c7-4cd9-ae0a-9458a053042d	1	e71a1971-e1c7-4cd9-ae0a-9458a053042d	Primary Tumor	1	0	UNIQUE_EXACT_CNV
SC001	f98ecd8a-b878-4f53-b911-20cd8e17281c	8f274178-7a8e-46b6-8d2c-900338bbb946	1	8f274178-7a8e-46b6-8d2c-900338bbb946	Primary Tumor	1	0	UNIQUE_EXACT_CNV
SC001	fa0c7392-d485-41ac-bf7e-244a528209ae	b307dae9-2cc8-4afd-a268-84788309ac61	1	b307dae9-2cc8-4afd-a268-84788309ac61	Primary Tumor	1	0	UNIQUE_EXACT_CNV
SC001	fe3eeeb6-0db4-46d7-a020-55604d474c12	e58e47db-7d0b-4ccc-8878-9b1e78e3b365	1	e58e47db-7d0b-4ccc-8878-9b1e78e3b365	Primary Tumor	1	0	UNIQUE_EXACT_CNV
SC002	03efbc94-a43d-4db0-9377-e397348430a6	913fecc1-d660-473e-bee1-366644b4077a	1	913fecc1-d660-473e-bee1-366644b4077a	Primary Tumor	1	0	UNIQUE_EXACT_CNV
SC002	043a4745-566b-4106-b159-99cb8b394b81	de7f6b99-ea71-4c44-b412-ab20b1616c40	1	de7f6b99-ea71-4c44-b412-ab20b1616c40	Primary Tumor	1	0	UNIQUE_EXACT_CNV
SC002	04d7a52f-a89b-4114-a608-a6254b4d604f	bdf6623f-2750-4141-9a68-732cf82d26e9	1	bdf6623f-2750-4141-9a68-732cf82d26e9	Primary Tumor	1	0	UNIQUE_EXACT_CNV
SC002	0687bea4-911a-4ef2-9fa2-531ef6ba7910	6483a131-0ac0-4d9d-b184-b249e1ac971f	1	6483a131-0ac0-4d9d-b184-b249e1ac971f	Primary Tumor	1	0	UNIQUE_EXACT_CNV
SC002	07dc5a1d-64b7-42ba-928e-9753bd533c1e	7cc80938-e5a3-4bfb-a988-e4c876894bcf	1	7cc80938-e5a3-4bfb-a988-e4c876894bcf	Primary Tumor	1	0	UNIQUE_EXACT_CNV
SC002	0a815133-0edd-4422-89f2-2f067b6f2156	fb1ebc1d-d580-4754-8f48-1dfb7a1054a4	1	fb1ebc1d-d580-4754-8f48-1dfb7a1054a4	Primary Tumor	1	0	UNIQUE_EXACT_CNV
SC002	0b8de222-119a-40f3-8beb-12b9d933225b	67d6e183-9565-4e35-be64-30cfb74b2b65	1	67d6e183-9565-4e35-be64-30cfb74b2b65	Primary Tumor	1	0	UNIQUE_EXACT_CNV
SC002	0cbe9848-8eac-4ea8-a36b-fb74b4a33de7	f843e0b7-c3ca-4efb-bc6f-ab3198dcf00a	1	f843e0b7-c3ca-4efb-bc6f-ab3198dcf00a	Primary Tumor	1	0	UNIQUE_EXACT_CNV
SC002	0f940ec0-eb0b-422a-a764-a26c8e5c216d	806186aa-fe7d-448a-9f59-c7acbe044621	1	806186aa-fe7d-448a-9f59-c7acbe044621	Primary Tumor	1	0	UNIQUE_EXACT_CNV
SC002	10994156-7c2f-420e-aeb8-11d566b3d5e4	f3db9b58-d60d-41f7-a3d7-6f713272efb5	1	f3db9b58-d60d-41f7-a3d7-6f713272efb5	Primary Tumor	1	0	UNIQUE_EXACT_CNV
SC002	1136dd50-242a-4659-aad4-c53f9e759bb3	7ce1f7c4-c7b2-4a2f-a3f1-b96bef4f6b63	1	7ce1f7c4-c7b2-4a2f-a3f1-b96bef4f6b63	Primary Tumor	1	0	UNIQUE_EXACT_CNV
SC002	124b6856-f581-46da-9068-b0a49b999785	729a801d-5238-4020-bbff-73eaaa3a36d0	1	729a801d-5238-4020-bbff-73eaaa3a36d0	Primary Tumor	1	0	UNIQUE_EXACT_CNV
SC002	13eff2e5-e33a-485f-9ba4-8a7ccb3c7528	ecf0f65b-bf3c-4d0e-899a-f209247cbe97	1	ecf0f65b-bf3c-4d0e-899a-f209247cbe97	Primary Tumor	1	0	UNIQUE_EXACT_CNV
SC002	143f2dd6-a280-41c5-9242-442ef91b73ec	73e8948f-809c-4fb4-8174-caaa7f202f76	1	73e8948f-809c-4fb4-8174-caaa7f202f76	Primary Tumor	1	0	UNIQUE_EXACT_CNV
SC002	14efca0c-882d-4fba-b15c-64af6e213b80	8d529023-abca-4ddc-a265-d5bd1fd48708	1	8d529023-abca-4ddc-a265-d5bd1fd48708	Primary Tumor	1	0	UNIQUE_EXACT_CNV
SC002	17633a60-e12b-4a7c-bd8a-c16341ddc606	d4d5deb6-6cfb-4e25-9824-8f7dc8d5b451	1	d4d5deb6-6cfb-4e25-9824-8f7dc8d5b451	Primary Tumor	1	0	UNIQUE_EXACT_CNV
SC002	1ad0b9b9-7ded-4281-b114-9dcc6138c037	63f1b937-80c9-4399-8544-550b15e9d035	1	63f1b937-80c9-4399-8544-550b15e9d035	Primary Tumor	1	0	UNIQUE_EXACT_CNV
SC002	1fd75c4d-e74c-410c-a150-814722c6c1cc	475f161c-2f7f-43a2-b187-de6038752f39	1	475f161c-2f7f-43a2-b187-de6038752f39	Primary Tumor	1	0	UNIQUE_EXACT_CNV
SC002	20ccd267-74e5-4574-a8e1-028bcd74aaeb	b9e4c00a-fb0a-4727-992b-01bf4be1e73e	1	b9e4c00a-fb0a-4727-992b-01bf4be1e73e	Primary Tumor	1	0	UNIQUE_EXACT_CNV
SC002	25c3201a-3dd5-4edf-ad09-104e5c10663e	528f5c3e-6b0f-48e7-a57b-56ccd1ec2352	1	528f5c3e-6b0f-48e7-a57b-56ccd1ec2352	Primary Tumor	1	0	UNIQUE_EXACT_CNV
SC002	269e8ca8-722d-449b-ace1-6545bd72bdd6	be361e78-868c-4c27-aa2a-5492901aee55	1	be361e78-868c-4c27-aa2a-5492901aee55	Primary Tumor	1	0	UNIQUE_EXACT_CNV
SC002	26a41625-4680-47b2-afa9-6a72b148e1c0	7a775f5c-32e5-4d88-b647-e1326ab369fd	1	7a775f5c-32e5-4d88-b647-e1326ab369fd	Primary Tumor	1	0	UNIQUE_EXACT_CNV
SC002	27d9c162-11bb-48fb-a41a-aa05fcb4c1c2	cd96dee2-5b44-4014-bfbd-4358a461497e	1	cd96dee2-5b44-4014-bfbd-4358a461497e	Primary Tumor	1	0	UNIQUE_EXACT_CNV
SC002	286cbae3-8324-43b7-9b20-0f40dda1588e	82e7493d-1346-4598-91c9-a5582b337c21	1	82e7493d-1346-4598-91c9-a5582b337c21	Primary Tumor	1	0	UNIQUE_EXACT_CNV
SC002	28d03569-8717-40da-8989-70baf2b18f9f	74e9942c-3adb-47d1-bd92-f97095865ee1	1	74e9942c-3adb-47d1-bd92-f97095865ee1	Primary Tumor	1	0	UNIQUE_EXACT_CNV
SC002	2a7bbafe-d499-4241-ba3d-a52ba0a5db3c	9ec837eb-3f91-4642-8563-15c725e6424c	1	9ec837eb-3f91-4642-8563-15c725e6424c	Primary Tumor	1	0	UNIQUE_EXACT_CNV
SC002	2a971e32-b0e7-4a3f-8c40-62d69c0307d8	8aba8350-b5ee-4ca2-bc99-5c7922a886c4	1	8aba8350-b5ee-4ca2-bc99-5c7922a886c4	Primary Tumor	1	0	UNIQUE_EXACT_CNV
SC002	2b94070a-21ec-457b-88af-3d2a89b97ac6	a34342d8-c1b5-4043-aaad-23d2c63a5241	1	a34342d8-c1b5-4043-aaad-23d2c63a5241	Primary Tumor	1	0	UNIQUE_EXACT_CNV
SC002	2c0a725a-e829-4d84-89d9-d0d47f6cfa37	df310e3e-d633-4f03-af1c-861e453e22cc	1	df310e3e-d633-4f03-af1c-861e453e22cc	Primary Tumor	1	0	UNIQUE_EXACT_CNV
SC002	2c9996bb-af6e-4424-881a-e81b9c9aeb78	9e071449-9392-4384-b38f-26722d2d5c51	1	9e071449-9392-4384-b38f-26722d2d5c51	Primary Tumor	1	0	UNIQUE_EXACT_CNV
SC002	2d3ce817-b269-4662-a92d-392bd3662399	2575e283-a731-45c4-ac86-e6f927c204e7	1	2575e283-a731-45c4-ac86-e6f927c204e7	Primary Tumor	1	0	UNIQUE_EXACT_CNV
SC002	2db3c23d-c591-4ea0-b0a8-ed9c4343c80e	ea9e7e8c-4151-4cfc-8631-5880c6f1a21f	1	ea9e7e8c-4151-4cfc-8631-5880c6f1a21f	Primary Tumor	1	0	UNIQUE_EXACT_CNV
SC002	33522271-b2ca-4da4-a942-501ab9117c51	e2843875-a4de-4d90-bda2-0fbbc929757f	1	e2843875-a4de-4d90-bda2-0fbbc929757f	Primary Tumor	1	0	UNIQUE_EXACT_CNV
SC002	3470b1af-689f-467a-9f9e-de74088f9b94	e312aa23-66f6-48b0-90ab-d5e9672dc654	1	e312aa23-66f6-48b0-90ab-d5e9672dc654	Primary Tumor	1	0	UNIQUE_EXACT_CNV
SC002	35620be9-3ba5-4be7-9e00-83103e6a92e6	a5945f6b-31da-4742-811e-e85f2e2e8ffc	1	a5945f6b-31da-4742-811e-e85f2e2e8ffc	Primary Tumor	1	0	UNIQUE_EXACT_CNV
SC002	35c295c2-37d1-44b2-87a3-1039645e5bae	c71c031c-3089-44e5-a49f-5284d7d300ce	1	c71c031c-3089-44e5-a49f-5284d7d300ce	Primary Tumor	1	0	UNIQUE_EXACT_CNV
SC002	3758f4f7-ac2f-4f9d-bee2-526196f8129a	afc23299-5975-4ed8-b9f1-7b8fef14384b	1	afc23299-5975-4ed8-b9f1-7b8fef14384b	Primary Tumor	1	0	UNIQUE_EXACT_CNV
SC002	39aec099-a33e-47a4-a602-cbf65ddd3830	46f8f339-748f-4fcd-aeee-6ead28bc5010	1	46f8f339-748f-4fcd-aeee-6ead28bc5010	Primary Tumor	1	0	UNIQUE_EXACT_CNV
SC002	3a8ca50f-bc9f-4250-8c8d-22893763ea46	a3d5af60-a1f3-4345-ace3-c000367aecc0	1	a3d5af60-a1f3-4345-ace3-c000367aecc0	Primary Tumor	1	0	UNIQUE_EXACT_CNV
SC002	3aae5316-6a5d-4b83-9020-ad691d4edf99	2913b2f9-5f05-4e40-a1e7-7d5f1e17d6ab	1	2913b2f9-5f05-4e40-a1e7-7d5f1e17d6ab	Primary Tumor	1	0	UNIQUE_EXACT_CNV
SC002	3d8fd9b2-9aa2-4c81-8843-535ae66d6140	6f0e65b2-7ca0-4f10-8952-b64900009001	1	6f0e65b2-7ca0-4f10-8952-b64900009001	Primary Tumor	1	0	UNIQUE_EXACT_CNV
SC002	3e0c34cb-fca5-4bcf-a5c1-5a7d286dd072	de3d658f-5dd9-4f16-9282-e02162ee486c	1	de3d658f-5dd9-4f16-9282-e02162ee486c	Primary Tumor	1	0	UNIQUE_EXACT_CNV
SC002	3e1886a8-2ed2-41ee-8b58-10f5321ade6f	e56324ef-8fbe-4a0c-9515-4b2608e2cf02	1	e56324ef-8fbe-4a0c-9515-4b2608e2cf02	Primary Tumor	1	0	UNIQUE_EXACT_CNV
SC002	401a37f3-6630-4400-a811-a262351e37de	b58fb743-7eab-4021-95fb-1981fa522ccf	1	b58fb743-7eab-4021-95fb-1981fa522ccf	Primary Tumor	1	0	UNIQUE_EXACT_CNV
SC002	40c217ee-429f-41f4-adc6-db9186622b17	96ca99ae-ae8d-4325-a9b6-4c32d6cbe52c	1	96ca99ae-ae8d-4325-a9b6-4c32d6cbe52c	Primary Tumor	1	0	UNIQUE_EXACT_CNV
SC002	41658cf8-0de1-4a97-bb60-0f0107c84e00	a4ce3727-4506-493b-95f4-2f11ceb09ceb	1	a4ce3727-4506-493b-95f4-2f11ceb09ceb	Primary Tumor	1	0	UNIQUE_EXACT_CNV
SC002	41f8c9fd-ae52-4458-886b-faf37de77dd0	4f4d9529-09e0-4a0d-8a9f-0060b643444d	1	4f4d9529-09e0-4a0d-8a9f-0060b643444d	Primary Tumor	1	0	UNIQUE_EXACT_CNV
SC002	490eabca-4575-4bd6-9604-6b6e23d069ce	9f5ad422-c94d-4914-b6f0-071596ecb589	1	9f5ad422-c94d-4914-b6f0-071596ecb589	Primary Tumor	1	0	UNIQUE_EXACT_CNV
SC002	49929108-023e-4d35-b26d-50ab4d3ae581	73b6994e-c9bf-41a8-a455-17d7be309a9f	1	73b6994e-c9bf-41a8-a455-17d7be309a9f	Primary Tumor	1	0	UNIQUE_EXACT_CNV
SC002	4aadf2a2-ce1e-4f94-b146-59292e83e7fd	8983e29e-9354-4ce3-8f59-702032f1c25c	1	8983e29e-9354-4ce3-8f59-702032f1c25c	Primary Tumor	1	0	UNIQUE_EXACT_CNV
SC002	4f601d7b-8db1-4c6d-9374-21dcd804980d	72930683-b2dc-4cd8-8a0b-0cf57c77b1a9	1	72930683-b2dc-4cd8-8a0b-0cf57c77b1a9	Primary Tumor	1	0	UNIQUE_EXACT_CNV
SC002	4f786107-3cf5-4ab3-bba4-f399dee23f0e	fb550b01-76b0-4465-bcf5-b72a7e9a378c	1	fb550b01-76b0-4465-bcf5-b72a7e9a378c	Primary Tumor	1	0	UNIQUE_EXACT_CNV
SC002	51dcbfac-6f04-4364-877d-0bf1bd566335	cac671b1-b9d0-484b-9add-fd935d4efc93	1	cac671b1-b9d0-484b-9add-fd935d4efc93	Primary Tumor	1	0	UNIQUE_EXACT_CNV
SC002	5342e2e8-1465-4f7b-9450-ef27280f80c7	88b3045c-bb2e-4ad6-adbb-b52fabb7b917	1	88b3045c-bb2e-4ad6-adbb-b52fabb7b917	Primary Tumor	1	0	UNIQUE_EXACT_CNV
SC002	563d67a1-f1ba-4722-aa2d-9b35b1689468	5747e3d1-3c16-4c85-be2e-bfab9584d61b	1	5747e3d1-3c16-4c85-be2e-bfab9584d61b	Primary Tumor	1	0	UNIQUE_EXACT_CNV
SC002	567ddc8e-2b00-417d-a326-479cb02e08dd	a67c65a3-f80d-4532-9a32-20b2fecadb93	1	a67c65a3-f80d-4532-9a32-20b2fecadb93	Primary Tumor	1	0	UNIQUE_EXACT_CNV
SC002	568dbda7-88b5-4330-881f-dc5d6c7ce4ae	801b8d05-2d29-4f8c-8d8d-634b2e21b867	1	801b8d05-2d29-4f8c-8d8d-634b2e21b867	Primary Tumor	1	0	UNIQUE_EXACT_CNV
SC002	56c8b812-ca8e-4eb2-b0fe-f264316789bf	baa29aee-e36f-417a-9f72-b70d9c8d47ed	1	baa29aee-e36f-417a-9f72-b70d9c8d47ed	Primary Tumor	1	0	UNIQUE_EXACT_CNV
SC002	56eb96a4-d2c2-42fb-b26c-1a80012bcb8e	d3daa95a-19b5-4822-bcbe-35ceec12fdf1	1	d3daa95a-19b5-4822-bcbe-35ceec12fdf1	Primary Tumor	1	0	UNIQUE_EXACT_CNV
SC002	57b0f89f-1b75-453e-922c-01cd4d44ca49	b907ab67-7a44-42a0-a79a-beb625303104	1	b907ab67-7a44-42a0-a79a-beb625303104	Primary Tumor	1	0	UNIQUE_EXACT_CNV
SC002	5b259d18-3976-4f44-967f-fe5fa8447c8b	a81e2e72-e4ef-4a72-8338-3e234fe412ff	1	a81e2e72-e4ef-4a72-8338-3e234fe412ff	Primary Tumor	1	0	UNIQUE_EXACT_CNV
SC002	5c24435e-8e50-42c2-80c7-919b1cad0133	b7ac160a-52a7-400f-9ff8-86eeec078b15	1	b7ac160a-52a7-400f-9ff8-86eeec078b15	Primary Tumor	1	0	UNIQUE_EXACT_CNV
SC002	5d66191d-da49-4d7e-89a4-a382db338340	9cfcf069-f971-476c-9084-4d62a75cb3a7	1	9cfcf069-f971-476c-9084-4d62a75cb3a7	Primary Tumor	1	0	UNIQUE_EXACT_CNV
SC002	5e7074a6-5011-4dc5-950c-41365dbc6d09	4d16e41a-b100-4080-a759-1f62e54c1c91	1	4d16e41a-b100-4080-a759-1f62e54c1c91	Primary Tumor	1	0	UNIQUE_EXACT_CNV
SC002	5f1399ef-8100-49e7-806f-9f532e55c0ba	e00ba2f0-aa08-4fe7-8868-59affd52eec5	1	e00ba2f0-aa08-4fe7-8868-59affd52eec5	Primary Tumor	1	0	UNIQUE_EXACT_CNV
SC002	5f6ed48b-3b5a-4d20-8fbf-c9aa3feea186	33754280-57c0-45b7-8f33-984ceb7ddffb	1	33754280-57c0-45b7-8f33-984ceb7ddffb	Primary Tumor	1	0	UNIQUE_EXACT_CNV
SC002	613aa3e8-a70b-45a9-9c08-0c2346c8bf00	f675116a-bfec-47ae-ac24-9b61dd3cc6c1	1	f675116a-bfec-47ae-ac24-9b61dd3cc6c1	Primary Tumor	1	0	UNIQUE_EXACT_CNV
SC002	622cc1c4-d721-4b5c-a88b-216d6368660b	fe13b56a-9379-4a6f-ba76-3ea8aa5721ce	1	fe13b56a-9379-4a6f-ba76-3ea8aa5721ce	Primary Tumor	1	0	UNIQUE_EXACT_CNV
SC002	628408ce-0691-4e0b-b4c7-aca9a0d73bb0	8ca89bdb-5e75-4432-a825-bef048fb48c2	1	8ca89bdb-5e75-4432-a825-bef048fb48c2	Primary Tumor	1	0	UNIQUE_EXACT_CNV
SC002	6454ff0c-26f8-4cc2-b77c-7e5abdc20acd	e9ac4856-032e-401f-b3e6-54e7f796faa4	1	e9ac4856-032e-401f-b3e6-54e7f796faa4	Primary Tumor	1	0	UNIQUE_EXACT_CNV
SC002	64dcf1a5-c78c-4d3f-852c-15865b3b6189	22f0ccad-11a2-4a4f-81f1-8c1c324ee86a	1	22f0ccad-11a2-4a4f-81f1-8c1c324ee86a	Primary Tumor	1	0	UNIQUE_EXACT_CNV
SC002	65056295-8fcd-4f82-a3c9-a5acd79521fe	a111b68c-b45c-4cfc-9733-9dd140e81419	1	a111b68c-b45c-4cfc-9733-9dd140e81419	Primary Tumor	1	0	UNIQUE_EXACT_CNV
SC002	6775ce57-b4cf-425c-a898-061bb9a8a1a8	e0766706-baf6-4009-833e-6c3b0b9543ce	1	e0766706-baf6-4009-833e-6c3b0b9543ce	Primary Tumor	1	0	UNIQUE_EXACT_CNV
SC002	68801d41-535f-4b38-989b-ef4fe5f00039	bfdf24b7-f635-414f-8ba4-5eb58c8c4577	1	bfdf24b7-f635-414f-8ba4-5eb58c8c4577	Primary Tumor	1	0	UNIQUE_EXACT_CNV
SC002	6baf61b6-ae5b-42f0-adc9-0d26fda231f7	c35cb7b2-7a85-4320-89ac-3a395ef8c1be	1	c35cb7b2-7a85-4320-89ac-3a395ef8c1be	Primary Tumor	1	0	UNIQUE_EXACT_CNV
SC002	6cd8d2dd-5545-43b0-b796-ae0506d62eb8	9b637a29-ee08-4ab2-8160-7584c170f87b	1	9b637a29-ee08-4ab2-8160-7584c170f87b	Primary Tumor	1	0	UNIQUE_EXACT_CNV
SC002	6fc5e56a-1f5e-4ff1-948e-5ef636ebb48d	37dafbf4-edb7-4c00-9007-36cb0f9299f1	1	37dafbf4-edb7-4c00-9007-36cb0f9299f1	Primary Tumor	1	0	UNIQUE_EXACT_CNV
SC002	7144a65f-a63f-4b79-8fe2-cfe48696de03	7b8ece19-62ea-47d9-8541-06e232b4fc51	1	7b8ece19-62ea-47d9-8541-06e232b4fc51	Primary Tumor	1	0	UNIQUE_EXACT_CNV
SC002	73a142e1-8ac2-4cfe-b8cf-7e9dea64f488	edec4f1e-7e35-48d3-950f-9e94cec48c45	1	edec4f1e-7e35-48d3-950f-9e94cec48c45	Primary Tumor	1	0	UNIQUE_EXACT_CNV
SC002	755d3bde-76c3-45c1-8427-8e4d5d686dc1	bfdf3d03-51aa-41eb-93bf-d39ff501a824	1	bfdf3d03-51aa-41eb-93bf-d39ff501a824	Primary Tumor	1	0	UNIQUE_EXACT_CNV
SC002	7570761b-c333-40df-ac8c-9b7f94c58ef9	fdff57a6-2ce6-4b58-9bbe-83c0da7f816c	1	fdff57a6-2ce6-4b58-9bbe-83c0da7f816c	Primary Tumor	1	0	UNIQUE_EXACT_CNV
SC002	75c3004d-1ef4-49f9-86e0-1bb7b9553a3d	ff1f5513-8463-4b1e-b254-72d9e0863d35	1	ff1f5513-8463-4b1e-b254-72d9e0863d35	Primary Tumor	1	0	UNIQUE_EXACT_CNV
SC002	77a44132-af22-4115-9fa2-78f2f74bf687	f10f139d-1d7f-4923-8129-f103f5d3163b	1	f10f139d-1d7f-4923-8129-f103f5d3163b	Primary Tumor	1	0	UNIQUE_EXACT_CNV
SC002	79d33c28-a7e2-4fca-8be1-a16fb6d68d49	baac9aeb-b124-47bc-a454-4026847eb3e3	1	baac9aeb-b124-47bc-a454-4026847eb3e3	Primary Tumor	1	0	UNIQUE_EXACT_CNV
SC002	7a6c54f1-f4e4-426b-b306-2ca3c4de12ca	a1d1c0a9-8f09-4a3b-8e3a-b898bae89a77	1	a1d1c0a9-8f09-4a3b-8e3a-b898bae89a77	Primary Tumor	1	0	UNIQUE_EXACT_CNV
SC002	7ad0617e-bc4a-4869-8419-744f04d9b7a3	dc23bafb-2cfb-4c1b-9e66-b9cab22ae855	1	dc23bafb-2cfb-4c1b-9e66-b9cab22ae855	Primary Tumor	1	0	UNIQUE_EXACT_CNV
SC002	7b47489f-c3cc-4388-b5d7-c7c02790a5f6	dc1ffda5-5b8f-4227-be04-321643f73731	1	dc1ffda5-5b8f-4227-be04-321643f73731	Primary Tumor	1	0	UNIQUE_EXACT_CNV
SC002	7f6898e2-a840-4ad1-80f7-783f8b766fcc	eb97d34e-7333-4e9d-b559-34dd6436c14c	1	eb97d34e-7333-4e9d-b559-34dd6436c14c	Primary Tumor	1	0	UNIQUE_EXACT_CNV
SC002	80311cf5-7e18-4545-92ad-c4b7dd5c9677	11890703-2c2f-4663-aa57-cc9ff6504284	1	11890703-2c2f-4663-aa57-cc9ff6504284	Primary Tumor	1	0	UNIQUE_EXACT_CNV
SC002	80809d79-92e1-4d6c-ba2e-0a9589997792	1e191eed-2238-450e-a384-26df9c569fd0	1	1e191eed-2238-450e-a384-26df9c569fd0	Primary Tumor	1	0	UNIQUE_EXACT_CNV
SC002	835c3e23-ac2b-4bc9-ac65-e3e81adecf77	eee77960-898b-4e4b-926a-d6782fa9ed83	1	eee77960-898b-4e4b-926a-d6782fa9ed83	Primary Tumor	1	0	UNIQUE_EXACT_CNV
SC002	849031de-ac8a-4012-9362-d192512997f1	c95acbd6-8dd8-49f7-8c0e-8c2aa4f3a72c	1	c95acbd6-8dd8-49f7-8c0e-8c2aa4f3a72c	Primary Tumor	1	0	UNIQUE_EXACT_CNV
SC002	84959e50-17f5-4f2b-8e0c-5ebb139d2c3a	3d753b5b-8e33-4307-9321-e4ad4821f3bf	1	3d753b5b-8e33-4307-9321-e4ad4821f3bf	Primary Tumor	1	0	UNIQUE_EXACT_CNV
SC002	84e34cf2-b3bb-4a1a-8fb7-6c2c604c4008	5743700c-cbd3-4f87-8109-6349a96eb605	1	5743700c-cbd3-4f87-8109-6349a96eb605	Primary Tumor	1	0	UNIQUE_EXACT_CNV
SC002	857a5889-19e7-4208-8362-f1377c408037	ed37a5c0-341c-4ecc-8fb8-4b705e76e2af	1	ed37a5c0-341c-4ecc-8fb8-4b705e76e2af	Primary Tumor	1	0	UNIQUE_EXACT_CNV
SC002	85e95dda-6198-464a-9187-fd0832bebb72	bb60b35b-cd5d-4f14-a7e0-c9af4f6f8c3c	1	bb60b35b-cd5d-4f14-a7e0-c9af4f6f8c3c	Primary Tumor	1	0	UNIQUE_EXACT_CNV
SC002	8632579e-d318-4dab-9994-d3945afc42ab	2b12e104-94f6-4945-a50f-d00ef9514748	1	2b12e104-94f6-4945-a50f-d00ef9514748	Primary Tumor	1	0	UNIQUE_EXACT_CNV
SC002	86d18004-9478-4e46-83b4-4fbe445ccb70	fba03796-b9c8-4042-9720-f21660cfec28	1	fba03796-b9c8-4042-9720-f21660cfec28	Primary Tumor	1	0	UNIQUE_EXACT_CNV
SC002	89a6384e-1cea-440b-9f17-d57cb0805174	cbbd1187-e8f7-4e63-a8e2-3c19863e89f5	1	cbbd1187-e8f7-4e63-a8e2-3c19863e89f5	Primary Tumor	1	0	UNIQUE_EXACT_CNV
SC002	8a84b03a-e37e-4827-98f0-4d480ec31037	f69e80aa-237d-4e75-8d04-7c1b5ae9007b	1	f69e80aa-237d-4e75-8d04-7c1b5ae9007b	Primary Tumor	1	0	UNIQUE_EXACT_CNV
SC002	8c0894fb-5e78-40ae-be0b-329ca30f758a	40b2b04e-371d-42ef-905e-5b9006384a65	1	40b2b04e-371d-42ef-905e-5b9006384a65	Primary Tumor	1	0	UNIQUE_EXACT_CNV
SC002	8e87ddca-f43e-4c6f-9d5b-430b666a7f6c	c1a72c32-2588-4d38-a634-ed1868dc9969	1	c1a72c32-2588-4d38-a634-ed1868dc9969	Primary Tumor	1	0	UNIQUE_EXACT_CNV
SC002	92554413-9ebc-4354-8e1b-9682f3a031d9	7904523e-e859-47b9-8ba0-c1a1363afa0c	1	7904523e-e859-47b9-8ba0-c1a1363afa0c	Primary Tumor	1	0	UNIQUE_EXACT_CNV
SC002	92c043b6-8d53-4c1c-808a-c4be5e2926e6	f7c33a3a-f7e2-4827-97ea-b0a2921dec08	1	f7c33a3a-f7e2-4827-97ea-b0a2921dec08	Primary Tumor	1	0	UNIQUE_EXACT_CNV
SC002	93cd5d07-e0d3-40f8-ae7f-beadb1efb7c1	ca5eefe8-5841-4745-a5e5-2745fb77b74f	1	ca5eefe8-5841-4745-a5e5-2745fb77b74f	Primary Tumor	1	0	UNIQUE_EXACT_CNV
SC002	93edb105-5dc9-4a4a-9fca-c91f0161fcc7	cabe4e1d-719b-4f82-ae86-df499e022085	1	cabe4e1d-719b-4f82-ae86-df499e022085	Primary Tumor	1	0	UNIQUE_EXACT_CNV
SC002	94067eb7-98b7-4975-bab1-c09e1b454a25	b534999a-a60d-4da7-a152-90ce37df4ce0	1	b534999a-a60d-4da7-a152-90ce37df4ce0	Primary Tumor	1	0	UNIQUE_EXACT_CNV
SC002	955464c8-9c62-430c-87b8-107db5c980a8	84353925-7847-4e40-a5a2-c5be6539261f	1	84353925-7847-4e40-a5a2-c5be6539261f	Primary Tumor	1	0	UNIQUE_EXACT_CNV
SC002	96ac1f4b-79b0-4517-8caf-fc05abcaaf4f	e10ca275-47db-4d0b-8cc1-6680aad968b2	1	e10ca275-47db-4d0b-8cc1-6680aad968b2	Primary Tumor	1	0	UNIQUE_EXACT_CNV
SC002	9743d31a-ea8f-4847-87d2-ebf77cc5983d	e4ebbf6d-9374-4d8d-90a8-75cc4c7baeda	1	e4ebbf6d-9374-4d8d-90a8-75cc4c7baeda	Primary Tumor	1	0	UNIQUE_EXACT_CNV
SC002	9c45eaec-d854-4f51-80a3-2d80d6b4aebc	95601410-9608-4dda-ba3f-462be0e8c35f	1	95601410-9608-4dda-ba3f-462be0e8c35f	Primary Tumor	1	0	UNIQUE_EXACT_CNV
SC002	9d68516e-7e5c-403e-8aca-ea1abe0d6014	289f0934-51f9-4f35-a7d1-c193142e794d	1	289f0934-51f9-4f35-a7d1-c193142e794d	Primary Tumor	1	0	UNIQUE_EXACT_CNV
SC002	9d8c4693-8e36-473b-bb34-a7cdc04dd223	8ec9edae-7252-46c0-ada6-0d7998677aca	1	8ec9edae-7252-46c0-ada6-0d7998677aca	Primary Tumor	1	0	UNIQUE_EXACT_CNV
SC002	9dcb4e16-b582-4cd0-87cf-04f480ec2cec	9110e2e7-fa66-476c-9421-c849d875fcb6	1	9110e2e7-fa66-476c-9421-c849d875fcb6	Primary Tumor	1	0	UNIQUE_EXACT_CNV
SC002	9fd08502-355b-4f5a-a25c-73ec7184f6d3	df80b5ed-3ce8-4b06-978e-f972f659d206	1	df80b5ed-3ce8-4b06-978e-f972f659d206	Primary Tumor	1	0	UNIQUE_EXACT_CNV
SC002	a06c09a8-0951-49f4-a765-5147bbcae109	d448668c-90f3-40fa-9961-88407090da31	1	d448668c-90f3-40fa-9961-88407090da31	Primary Tumor	1	0	UNIQUE_EXACT_CNV
SC002	a19cd9f8-482b-4b70-b7d7-06d6bb1b0260	e7390b8c-fc12-43f1-8c94-f5daf0d186f7	1	e7390b8c-fc12-43f1-8c94-f5daf0d186f7	Primary Tumor	1	0	UNIQUE_EXACT_CNV
SC002	a56f6562-d2af-47b9-bf81-94b3b4893173	9144c7fc-9c78-4b99-814f-4059a11ec33b	1	9144c7fc-9c78-4b99-814f-4059a11ec33b	Primary Tumor	1	0	UNIQUE_EXACT_CNV
SC002	a6f98ee5-9638-4ebe-804b-fba54aea9f90	559a6934-457d-44c7-a418-dff196995fcf	1	559a6934-457d-44c7-a418-dff196995fcf	Primary Tumor	1	0	UNIQUE_EXACT_CNV
SC002	a782f174-241d-42c6-9bc4-61cc39f8b397	c281d8eb-0aaf-409c-b8d1-5681c8dc27be	1	c281d8eb-0aaf-409c-b8d1-5681c8dc27be	Primary Tumor	1	0	UNIQUE_EXACT_CNV
SC002	a8b4284d-cbbb-43e3-897b-d04af4bfba74	e86137c5-37af-4a47-8f29-5a947e013536	1	e86137c5-37af-4a47-8f29-5a947e013536	Primary Tumor	1	0	UNIQUE_EXACT_CNV
SC002	aa85d9e8-caa6-422c-95ce-780e4ac2a5e4	2498a44f-8b61-4cd9-80c0-35972760f361	1	2498a44f-8b61-4cd9-80c0-35972760f361	Primary Tumor	1	0	UNIQUE_EXACT_CNV
SC002	abe658e0-33f9-4f57-849b-dec4d20964d6	2e058edb-ab27-4016-9240-1dc9e103894b	1	2e058edb-ab27-4016-9240-1dc9e103894b	Primary Tumor	1	0	UNIQUE_EXACT_CNV
SC002	acd51808-870c-4684-a2de-aa0b058729e1	6de3e241-606b-441e-9185-7e9f1cd1e61b	1	6de3e241-606b-441e-9185-7e9f1cd1e61b	Primary Tumor	1	0	UNIQUE_EXACT_CNV
SC002	ad440651-a2de-4bb1-90da-1e5e8975ab59	cea58113-36e8-474f-89a5-604ff5188a92	1	cea58113-36e8-474f-89a5-604ff5188a92	Primary Tumor	1	0	UNIQUE_EXACT_CNV
SC002	aee20b98-df51-4ead-86cc-0d5f60a74b90	41a03a2c-133a-4d97-a7a5-f32ff8b2b697	1	41a03a2c-133a-4d97-a7a5-f32ff8b2b697	Primary Tumor	1	0	UNIQUE_EXACT_CNV
SC002	af06cde0-c69a-4bb1-a234-8023b95e4835	a7aa065f-78f9-460a-a010-bd063ec5c851	1	a7aa065f-78f9-460a-a010-bd063ec5c851	Primary Tumor	1	0	UNIQUE_EXACT_CNV
SC002	af17788e-a562-43aa-bd36-fd3e031f483c	4b13bcc0-d9ff-4616-b6cf-543a86881828	1	4b13bcc0-d9ff-4616-b6cf-543a86881828	Primary Tumor	1	0	UNIQUE_EXACT_CNV
SC002	b54865b6-824e-4163-b759-21a6eacc98ce	f1b2ca40-f20a-42de-aba2-4f730d7ccc09	1	f1b2ca40-f20a-42de-aba2-4f730d7ccc09	Primary Tumor	1	0	UNIQUE_EXACT_CNV
SC002	b612d491-7442-4119-a53c-5ebcc35c31f4	ebb1c63f-0862-4859-8ad1-5f1b86050635	1	ebb1c63f-0862-4859-8ad1-5f1b86050635	Primary Tumor	1	0	UNIQUE_EXACT_CNV
SC002	b718134c-5231-4f29-a423-7bad17c93fc5	faed408c-c7f8-4a40-b7ab-7713129c1211	1	faed408c-c7f8-4a40-b7ab-7713129c1211	Primary Tumor	1	0	UNIQUE_EXACT_CNV
SC002	b823d6e5-54b0-43d3-95e2-9be33dc6f734	8f80047b-a700-413c-b228-6d170648e168	1	8f80047b-a700-413c-b228-6d170648e168	Primary Tumor	1	0	UNIQUE_EXACT_CNV
SC002	bc02f801-081b-489b-87cb-d275c70299d5	c255e546-c53c-4225-9721-f5050c45e1b8	1	c255e546-c53c-4225-9721-f5050c45e1b8	Primary Tumor	1	0	UNIQUE_EXACT_CNV
SC002	bc42fe2d-1a33-428d-a601-b1871f4c8d9b	8c5799bf-db65-40f6-9a67-abd4da4025f2	1	8c5799bf-db65-40f6-9a67-abd4da4025f2	Primary Tumor	1	0	UNIQUE_EXACT_CNV
SC002	beb63625-d9bf-4ccd-bc53-635b53d24240	2e1b57ad-631a-4f73-92ee-06a1e5c5091f	1	2e1b57ad-631a-4f73-92ee-06a1e5c5091f	Primary Tumor	1	0	UNIQUE_EXACT_CNV
SC002	bfb07784-693b-4c25-874e-4ad6e04a5d46	b083e3cb-0af1-44ea-854d-85fd99b75ad5	1	b083e3cb-0af1-44ea-854d-85fd99b75ad5	Primary Tumor	1	0	UNIQUE_EXACT_CNV
SC002	c0b8c55c-b993-481d-aeea-9ebfa64ee20e	85991716-6807-4f31-be63-bf80cec40cc2	1	85991716-6807-4f31-be63-bf80cec40cc2	Primary Tumor	1	0	UNIQUE_EXACT_CNV
SC002	c1e141af-bdd1-4176-8c0e-cf1ab0c1d9d3	efbe740e-5ea0-425c-8d1b-ed00a02d7576	1	efbe740e-5ea0-425c-8d1b-ed00a02d7576	Primary Tumor	1	0	UNIQUE_EXACT_CNV
SC002	c4d74653-d26b-4e51-aee0-82ee3d42f883	ca4388c7-69e7-42b4-81c8-48b8863264c1	1	ca4388c7-69e7-42b4-81c8-48b8863264c1	Primary Tumor	1	0	UNIQUE_EXACT_CNV
SC002	c6ed47f4-358b-4f06-b5cd-cdf1d5c47b43	b35229f7-d11e-4357-ab86-53e9a5867f55	1	b35229f7-d11e-4357-ab86-53e9a5867f55	Primary Tumor	1	0	UNIQUE_EXACT_CNV
SC002	c7c5348f-5708-45bf-b40e-1bf7c9348f60	abff22c2-1021-4d1f-872e-2380a375f98f	1	abff22c2-1021-4d1f-872e-2380a375f98f	Primary Tumor	1	0	UNIQUE_EXACT_CNV
SC002	c83d38fc-e011-4f75-a100-96513611f3e9	69ef3e70-5d7a-4e30-abde-0f9f76ea3141	1	69ef3e70-5d7a-4e30-abde-0f9f76ea3141	Primary Tumor	1	0	UNIQUE_EXACT_CNV
SC002	c8de215d-53a4-4e6c-be58-5887a8094815	96319b52-d5b9-44bf-9a98-2876d911988f	1	96319b52-d5b9-44bf-9a98-2876d911988f	Primary Tumor	1	0	UNIQUE_EXACT_CNV
SC002	c9e829d9-cd08-41a9-a5a4-34f2d7d619c7	9ca7e5df-f832-435f-842e-4be86c01a554	1	9ca7e5df-f832-435f-842e-4be86c01a554	Primary Tumor	1	0	UNIQUE_EXACT_CNV
SC002	cab7bdbc-0a11-4901-97c3-26b884f79cb5	e950bc59-116f-4366-8524-f0731b1c9a3d	1	e950bc59-116f-4366-8524-f0731b1c9a3d	Primary Tumor	1	0	UNIQUE_EXACT_CNV
SC002	cee553c8-460d-436b-b55d-8f41624816cc	ef88e2b5-41f4-4d62-ac3d-d10ec8192778	1	ef88e2b5-41f4-4d62-ac3d-d10ec8192778	Primary Tumor	1	0	UNIQUE_EXACT_CNV
SC002	d42bc7f0-cfb2-4ece-ae47-521308635633	e29a1283-3e22-41f6-bc76-bfb244a044ae	1	e29a1283-3e22-41f6-bc76-bfb244a044ae	Primary Tumor	1	0	UNIQUE_EXACT_CNV
SC002	d4da3298-3a02-44a6-bdcd-d260f38e520b	4c09ff32-902b-4d36-bdf7-f4d3399c059f	1	4c09ff32-902b-4d36-bdf7-f4d3399c059f	Primary Tumor	1	0	UNIQUE_EXACT_CNV
SC002	d4e1472a-7b5f-46f4-acb7-b961f634e28e	e7891fe7-c65c-4b08-b2a0-71b72cf78eeb	1	e7891fe7-c65c-4b08-b2a0-71b72cf78eeb	Primary Tumor	1	0	UNIQUE_EXACT_CNV
SC002	d5a1f43e-25a7-47f5-b63e-43714f9f732a	babd6a62-0359-4680-a8ed-1429a1bfb6a8	1	babd6a62-0359-4680-a8ed-1429a1bfb6a8	Primary Tumor	1	0	UNIQUE_EXACT_CNV
SC002	d5a296ae-c165-413c-adcc-33c9e99ff873	1dc340a0-b8d0-47b3-b87b-d5546e6ee77e	1	1dc340a0-b8d0-47b3-b87b-d5546e6ee77e	Primary Tumor	1	0	UNIQUE_EXACT_CNV
SC002	d651f9ba-8746-46c4-852c-6c2992c7d10e	f793e6b4-c9b9-45b5-8ebb-d151dbc7508e	1	f793e6b4-c9b9-45b5-8ebb-d151dbc7508e	Primary Tumor	1	0	UNIQUE_EXACT_CNV
SC002	d655bbf6-c710-411d-aff5-ceb0fb6e6680	b0435a6b-e0e3-4959-a757-271c8238b748	1	b0435a6b-e0e3-4959-a757-271c8238b748	Primary Tumor	1	0	UNIQUE_EXACT_CNV
SC002	d71ae66e-2c8a-4fd8-8b4b-a5a2d456a21d	f80aef75-2b96-4085-b388-fab93485f809	1	f80aef75-2b96-4085-b388-fab93485f809	Primary Tumor	1	0	UNIQUE_EXACT_CNV
SC002	d7ba64d7-b4e5-488d-9f28-bcb7bf3c0f35	18d3b88c-852a-4782-a6b4-9e6e1a93718d	1	18d3b88c-852a-4782-a6b4-9e6e1a93718d	Primary Tumor	1	0	UNIQUE_EXACT_CNV
SC002	d976782c-90c1-421d-b83c-7fc2617e2709	aec31f5d-022d-4833-b0ce-a9c5cb1f6650	1	aec31f5d-022d-4833-b0ce-a9c5cb1f6650	Primary Tumor	1	0	UNIQUE_EXACT_CNV
SC002	db246424-3979-4f23-b316-8d30c449ee15	5dfdd1a3-8eee-4057-a850-ad01eccba02a	1	5dfdd1a3-8eee-4057-a850-ad01eccba02a	Primary Tumor	1	0	UNIQUE_EXACT_CNV
SC002	dc22eba5-6fb7-4875-b30a-99fa00758301	bde9ee05-b6c2-49c7-a1d4-7fa823a087d9	1	bde9ee05-b6c2-49c7-a1d4-7fa823a087d9	Primary Tumor	1	0	UNIQUE_EXACT_CNV
SC002	dd4be58e-da22-4bcd-bf4c-2b9e60ffda19	a4b18666-1f38-4bc8-9472-d0ea63ae5a2d	1	a4b18666-1f38-4bc8-9472-d0ea63ae5a2d	Primary Tumor	1	0	UNIQUE_EXACT_CNV
SC002	dd7a53ee-cb08-40c4-9935-51d1ca17e9e8	87a57810-8b62-4af1-adb9-4715a71ed632	1	87a57810-8b62-4af1-adb9-4715a71ed632	Primary Tumor	1	0	UNIQUE_EXACT_CNV
SC002	dde411b2-5d2b-4638-8149-89bc1eb3c7ad	c8a9e194-fbb4-4cc5-8cda-665540e8acdc	1	c8a9e194-fbb4-4cc5-8cda-665540e8acdc	Primary Tumor	1	0	UNIQUE_EXACT_CNV
SC002	ddf69ed9-4c53-48b8-9f01-495bd60c3425	a657afdb-5322-454f-8dd7-8397291401c5	1	a657afdb-5322-454f-8dd7-8397291401c5	Primary Tumor	1	0	UNIQUE_EXACT_CNV
SC002	de287a25-981d-49f8-81af-fe0300e4cd31	ba9e5603-bb1d-4aa8-93e4-40043164f143	1	ba9e5603-bb1d-4aa8-93e4-40043164f143	Primary Tumor	1	0	UNIQUE_EXACT_CNV
SC002	df228c56-89ac-4122-93b3-6c0740c4ec09	ecade2c1-9de2-4b05-b30c-4c8b81c65ae1	1	ecade2c1-9de2-4b05-b30c-4c8b81c65ae1	Primary Tumor	1	0	UNIQUE_EXACT_CNV
SC002	df5ab6cc-6f68-4b6b-95e2-954c6b57ba9c	f235afbb-dc2a-41dd-b373-77c0aacefb37	1	f235afbb-dc2a-41dd-b373-77c0aacefb37	Primary Tumor	1	0	UNIQUE_EXACT_CNV
SC002	e17959bd-045d-4540-b43a-c3863e8ff3c0	ec60d3a7-14ff-4171-9d46-a2b6f898c5f1	1	ec60d3a7-14ff-4171-9d46-a2b6f898c5f1	Primary Tumor	1	0	UNIQUE_EXACT_CNV
SC002	e394e9ec-7288-4ede-9ef8-41b631d100dd	a172cf89-8820-4a84-97ef-6731e7ae71e2	1	a172cf89-8820-4a84-97ef-6731e7ae71e2	Primary Tumor	1	0	UNIQUE_EXACT_CNV
SC002	e3b0ee77-c419-4b2b-833f-90a221415489	f4271689-b9a3-4493-9be0-3cb059e626a7	1	f4271689-b9a3-4493-9be0-3cb059e626a7	Primary Tumor	1	0	UNIQUE_EXACT_CNV
SC002	e3b6018c-ab2c-47c5-b183-a295d0110835	7e5e20f6-5276-4cba-a73f-1580df93aa58	1	7e5e20f6-5276-4cba-a73f-1580df93aa58	Primary Tumor	1	0	UNIQUE_EXACT_CNV
SC002	e3ca9046-9634-4332-b19f-88b18110f941	a08a26d6-153c-4e79-a4cc-dbbe1620dc8f	1	a08a26d6-153c-4e79-a4cc-dbbe1620dc8f	Primary Tumor	1	0	UNIQUE_EXACT_CNV
SC002	e457344d-76fb-46bf-b362-61a6e811d131	d52f3d05-1850-473e-8e1e-ab2b4f88af2a	1	d52f3d05-1850-473e-8e1e-ab2b4f88af2a	Primary Tumor	1	0	UNIQUE_EXACT_CNV
SC002	e588714a-7753-4c3c-abb6-eaf1aab53ab3	a2412f6f-324e-4ef2-bd46-0d33596a033b	1	a2412f6f-324e-4ef2-bd46-0d33596a033b	Primary Tumor	1	0	UNIQUE_EXACT_CNV
SC002	e6ec5a68-7555-4f26-bd7e-9cdb4c5f7004	86158696-60a3-45b7-8351-d800f57ef23b	1	86158696-60a3-45b7-8351-d800f57ef23b	Primary Tumor	1	0	UNIQUE_EXACT_CNV
SC002	e703af88-c05f-4d7b-b225-d640e4d1a2a5	f1f8ef32-d706-4ac1-929b-f678491f2fd8	1	f1f8ef32-d706-4ac1-929b-f678491f2fd8	Primary Tumor	1	0	UNIQUE_EXACT_CNV
SC002	e75985cb-357e-4072-b047-eea37965d70c	ce97b1c6-7a17-4cd3-888d-b55e4e585459	1	ce97b1c6-7a17-4cd3-888d-b55e4e585459	Primary Tumor	1	0	UNIQUE_EXACT_CNV
SC002	e76258b7-e13a-4b05-855b-d792701ffba1	6a3170a2-0064-44eb-a247-4712d6a85c9b	1	6a3170a2-0064-44eb-a247-4712d6a85c9b	Primary Tumor	1	0	UNIQUE_EXACT_CNV
SC002	e7dbfca1-9657-4952-8e0d-dec6373dda5b	cc8bda91-9a72-47dd-97c6-ca5e09fca229	1	cc8bda91-9a72-47dd-97c6-ca5e09fca229	Primary Tumor	1	0	UNIQUE_EXACT_CNV
SC002	e8ec26bd-c88d-42b9-ac8a-ab121b8140f8	c48314ee-c778-4b82-8e5a-4923df4c8413	1	c48314ee-c778-4b82-8e5a-4923df4c8413	Primary Tumor	1	0	UNIQUE_EXACT_CNV
SC002	ea923671-3903-4a79-830d-e7e4b1eabab0	73f2fc25-c775-4567-8ca1-5732aa0dd156	1	73f2fc25-c775-4567-8ca1-5732aa0dd156	Primary Tumor	1	0	UNIQUE_EXACT_CNV
SC002	ec3f3f11-75df-4fcc-ba03-f19aca907645	b9e728d2-143f-44d1-b2ee-0f6eccca507f	1	b9e728d2-143f-44d1-b2ee-0f6eccca507f	Primary Tumor	1	0	UNIQUE_EXACT_CNV
SC002	eeb42912-0c7a-46bb-bd95-369b2b425727	22b0fa6d-cad9-4937-b1f6-387fc7a6614d	1	22b0fa6d-cad9-4937-b1f6-387fc7a6614d	Primary Tumor	1	0	UNIQUE_EXACT_CNV
SC002	f1e6ce83-b4a0-4643-8e8e-a1ef8a158a27	f6ce2f9b-b631-47e7-a32b-eaeaed4cf008	1	f6ce2f9b-b631-47e7-a32b-eaeaed4cf008	Primary Tumor	1	0	UNIQUE_EXACT_CNV
SC002	f3b9defb-88ed-4c95-9feb-7197d869676c	5452ad7b-5c57-485b-80c4-008d922ecee6	1	5452ad7b-5c57-485b-80c4-008d922ecee6	Primary Tumor	1	0	UNIQUE_EXACT_CNV
SC002	f4a804d3-b5c4-4da5-800f-6e5757ecfa1c	76785e44-fd29-4077-8fbe-17214933e1be	1	76785e44-fd29-4077-8fbe-17214933e1be	Primary Tumor	1	0	UNIQUE_EXACT_CNV
SC002	f87c6dcc-1a9e-4df5-962c-1f946e2611f8	bfc99c6d-7791-4037-9c74-a74be68e616a	1	bfc99c6d-7791-4037-9c74-a74be68e616a	Primary Tumor	1	0	UNIQUE_EXACT_CNV
SC002	f88c0259-58ff-4bcc-a777-7705cdbd8213	3048539a-b914-4e43-b1cc-43ea707e3b3d	1	3048539a-b914-4e43-b1cc-43ea707e3b3d	Primary Tumor	1	0	UNIQUE_EXACT_CNV
SC002	f89bbd17-c732-4847-b71c-a8627a702747	50560725-c72d-4bab-b602-5e50e6bececd	1	50560725-c72d-4bab-b602-5e50e6bececd	Primary Tumor	1	0	UNIQUE_EXACT_CNV
SC002	fa96d094-0165-401c-8fd5-6d1ee4ef3994	b1399cb9-c870-4c6d-9afe-a85435437ef6	1	b1399cb9-c870-4c6d-9afe-a85435437ef6	Primary Tumor	1	0	UNIQUE_EXACT_CNV
SC002	fb9e7684-a7f7-4f17-bc5d-1f359e1b0d42	badb214a-6225-4c0c-b0aa-a8b034e236ca	1	badb214a-6225-4c0c-b0aa-a8b034e236ca	Primary Tumor	1	0	UNIQUE_EXACT_CNV
SC002	fbb69964-f962-4b89-b59b-dd05f8faf61a	d463f9a9-109e-40a8-8ee9-d16545b0c151	1	d463f9a9-109e-40a8-8ee9-d16545b0c151	Primary Tumor	1	0	UNIQUE_EXACT_CNV
SC002	fce1fd5a-54d2-4260-b187-4eb7035e96e9	f954eaaa-3a62-4fe9-8568-ad2386548edd	1	f954eaaa-3a62-4fe9-8568-ad2386548edd	Primary Tumor	1	0	UNIQUE_EXACT_CNV
SC002	ff1407c6-9174-4bae-a19b-d34ca71b898c	d664f620-cfee-4700-b00e-68b65387883c	1	d664f620-cfee-4700-b00e-68b65387883c	Primary Tumor	1	0	UNIQUE_EXACT_CNV
SC002	ffa7e03a-4a3c-41f0-937a-4fb862fd2194	f5acd8b8-32c4-4f3c-aacd-259f8e1fdfee	1	f5acd8b8-32c4-4f3c-aacd-259f8e1fdfee	Primary Tumor	1	0	UNIQUE_EXACT_CNV
SC003	0045349c-69d9-4306-a403-c9c1fa836644	f66358d4-9319-4c23-983d-ab5056daacf1	1	f66358d4-9319-4c23-983d-ab5056daacf1	Primary Tumor	1	0	UNIQUE_EXACT_CNV
SC003	00807dae-9f4a-4fd1-aac2-82eb11bf2afb	699d9e14-0968-4773-b077-17db941f5c38	1	699d9e14-0968-4773-b077-17db941f5c38	Primary Tumor	1	0	UNIQUE_EXACT_CNV
SC003	011b9b2d-ebe5-42bf-9662-d922faccc7a1	d6023f30-0d07-4839-98d1-0b22b366cc51	1	d6023f30-0d07-4839-98d1-0b22b366cc51	Primary Tumor	1	0	UNIQUE_EXACT_CNV
SC003	0130d616-885e-4a6c-9d03-2f17dd692a05	c216cce6-3e13-466e-942d-348f9f803ab2	1	c216cce6-3e13-466e-942d-348f9f803ab2	Primary Tumor	1	0	UNIQUE_EXACT_CNV
SC003	029ce650-5e5a-4100-8596-cd94300e7ef5	cc3a7053-34f6-412f-85b8-de4c8b481d7e	1	cc3a7053-34f6-412f-85b8-de4c8b481d7e	Primary Tumor	1	0	UNIQUE_EXACT_CNV
SC003	02bbb632-0f7f-439d-b8f0-c86a06237424	7e2ed541-38ee-473f-ac5d-3cae6f5d9a56	1	7e2ed541-38ee-473f-ac5d-3cae6f5d9a56	Primary Tumor	1	0	UNIQUE_EXACT_CNV
SC003	02bed00f-bef7-4fb7-b243-540354990e45	c90925f3-2126-478f-b0d4-f3b2c50cfbf9	1	c90925f3-2126-478f-b0d4-f3b2c50cfbf9	Primary Tumor	1	0	UNIQUE_EXACT_CNV
SC003	02bf5203-f9cd-4c5a-97b4-e5584dc22325	c6e14fab-a2a2-4102-8b70-2865757d2f48	1	c6e14fab-a2a2-4102-8b70-2865757d2f48	Primary Tumor	1	0	UNIQUE_EXACT_CNV
SC003	02f5ae33-a563-4ecb-9e33-dfa500a44931	7b2cc917-cd91-486b-bb9b-4c57cf4e86e0	1	7b2cc917-cd91-486b-bb9b-4c57cf4e86e0	Primary Tumor	1	0	UNIQUE_EXACT_CNV
SC003	03ab1e9f-4918-404d-b178-3a4fd929c5e8	69f11430-f6f2-46bd-ba02-f09cec02e168	1	69f11430-f6f2-46bd-ba02-f09cec02e168	Primary Tumor	1	0	UNIQUE_EXACT_CNV
SC003	03c143e0-d8a1-4d60-a4a3-df0501fc6b6e	a3ac21e2-b92b-4597-a870-8444ddc6b4d6	1	a3ac21e2-b92b-4597-a870-8444ddc6b4d6	Primary Tumor	1	0	UNIQUE_EXACT_CNV
SC003	03da7a65-fa2f-42cb-a709-5fe8736f21d3	e8232960-f69e-4491-9cf0-ed7bdcf20031	1	e8232960-f69e-4491-9cf0-ed7bdcf20031	Primary Tumor	1	0	UNIQUE_EXACT_CNV
SC003	048549cf-d0a5-4743-a0a1-2004f7cc2b08	2fa19af2-6fa0-4164-a0bb-8524d6085d80	1	2fa19af2-6fa0-4164-a0bb-8524d6085d80	Primary Tumor	1	0	UNIQUE_EXACT_CNV
SC003	04af44fc-c487-4005-b3cb-cb64815824a2	476b6ab5-f108-4280-9d53-7eb75fe17e4a	1	476b6ab5-f108-4280-9d53-7eb75fe17e4a	Primary Tumor	1	0	UNIQUE_EXACT_CNV
SC003	05135396-df5c-49db-b34e-f4add5b65a2b	a28d9c46-4774-4167-8c1e-ee95436c7b2e	1	a28d9c46-4774-4167-8c1e-ee95436c7b2e	Primary Tumor	1	0	UNIQUE_EXACT_CNV
SC003	05506f4c-e701-4a9d-ae06-97f066aade43	b2905a3f-810b-4e74-af5c-42d513d91746	1	b2905a3f-810b-4e74-af5c-42d513d91746	Primary Tumor	1	0	UNIQUE_EXACT_CNV
SC003	0685edd2-ce1c-4e0e-8dda-393139af4223	dfb7fb86-5f46-4666-a008-395aa0881267	1	dfb7fb86-5f46-4666-a008-395aa0881267	Primary Tumor	1	0	UNIQUE_EXACT_CNV
SC003	074e8b06-3929-4896-9263-3b80ad6a355b	d79df987-e362-43f5-acbd-b19522bace7d	1	d79df987-e362-43f5-acbd-b19522bace7d	Primary Tumor	1	0	UNIQUE_EXACT_CNV
SC003	0807435a-e75e-4e04-8e45-ed0cd49a841a	ef8c35b3-bdab-4a7e-b5ab-a0a99f4db803	1	ef8c35b3-bdab-4a7e-b5ab-a0a99f4db803	Primary Tumor	1	0	UNIQUE_EXACT_CNV
SC003	08306ede-e74b-4be9-b768-7fd98647b6ac	f05204c8-8301-4117-b826-b5fa194d28d2	1	f05204c8-8301-4117-b826-b5fa194d28d2	Primary Tumor	1	0	UNIQUE_EXACT_CNV
SC003	09765b0a-94f6-47d2-af56-93368084ac3a	69886602-a4f1-4ad4-ba56-a0e031c2e295	1	69886602-a4f1-4ad4-ba56-a0e031c2e295	Primary Tumor	1	0	UNIQUE_EXACT_CNV
SC003	09c2bc35-c21f-4aa4-ac30-0d8db02ad811	6f8b48ba-ef24-4d33-a0c3-bc900a6c8cd2	1	6f8b48ba-ef24-4d33-a0c3-bc900a6c8cd2	Primary Tumor	1	0	UNIQUE_EXACT_CNV
SC003	09d6e904-7184-4788-8a19-04f8c46cb13f	b884af8f-ff0c-4cac-9a26-f4f27b35f8e7	1	b884af8f-ff0c-4cac-9a26-f4f27b35f8e7	Primary Tumor	1	0	UNIQUE_EXACT_CNV
SC003	0a017f15-1c6b-45e7-8d55-e0a71df1b2e8	f4f60d69-6c0d-4a73-90fa-ee369de95fdd	1	f4f60d69-6c0d-4a73-90fa-ee369de95fdd	Primary Tumor	1	0	UNIQUE_EXACT_CNV
SC003	0a2a3529-f645-4967-9a58-89ee20b8bb62	9992eeb9-901b-4a32-badc-e9be7c9ba4ba	1	9992eeb9-901b-4a32-badc-e9be7c9ba4ba	Primary Tumor	1	0	UNIQUE_EXACT_CNV
SC003	0b172e29-6166-4863-803d-a0a010887c11	edf2dbbe-b055-4d90-bc41-72355621b99e	1	edf2dbbe-b055-4d90-bc41-72355621b99e	Primary Tumor	1	0	UNIQUE_EXACT_CNV
SC003	0bf6e772-1aa1-4f54-9a50-c1414e2f22f3	9ebe5223-7566-4026-83ae-812283a8aaeb	1	9ebe5223-7566-4026-83ae-812283a8aaeb	Primary Tumor	1	0	UNIQUE_EXACT_CNV
SC003	0d03055c-186b-418a-b614-e2035757bc3b	aa5103b4-c25d-4ca4-847b-a1ece4c14aff	1	aa5103b4-c25d-4ca4-847b-a1ece4c14aff	Primary Tumor	1	0	UNIQUE_EXACT_CNV
SC003	0dca98b0-f43e-45b6-9a02-00092c78678c	b7542984-1410-45e6-b936-8333ff902eb4	1	b7542984-1410-45e6-b936-8333ff902eb4	Primary Tumor	1	0	UNIQUE_EXACT_CNV
SC003	0ed9ad26-7fdc-4d75-93f9-d029eee94993	6bfd7e43-77e4-4666-9b28-c5d4cdcd6ad7	1	6bfd7e43-77e4-4666-9b28-c5d4cdcd6ad7	Primary Tumor	1	0	UNIQUE_EXACT_CNV
SC003	0f64edec-0f1f-4025-8a53-75f9534f7828	4a7c76a9-c3a2-4b57-a57a-de055152dcf8	1	4a7c76a9-c3a2-4b57-a57a-de055152dcf8	Primary Tumor	1	0	UNIQUE_EXACT_CNV
SC003	0fe1419e-a005-407c-8ae7-15c4c1579539	e70a8d1b-f29d-412f-8c90-85862a2b75ad	1	e70a8d1b-f29d-412f-8c90-85862a2b75ad	Primary Tumor	1	0	UNIQUE_EXACT_CNV
SC003	1026e0bf-5640-4fa5-b65f-4f11e8e76b18	ef5821f3-677a-4bd3-9d99-d9cdd533cdb5	1	ef5821f3-677a-4bd3-9d99-d9cdd533cdb5	Primary Tumor	1	0	UNIQUE_EXACT_CNV
SC003	124b693c-77dc-4fa8-b703-54e8b5054a92	daec3a82-e1f5-4d6f-87dd-90853e48bf29	1	daec3a82-e1f5-4d6f-87dd-90853e48bf29	Primary Tumor	1	0	UNIQUE_EXACT_CNV
SC003	1285eb55-415c-494a-aa58-936f0427cdd0	96c72a6b-a6c2-4965-be92-0910312689f3	1	96c72a6b-a6c2-4965-be92-0910312689f3	Primary Tumor	1	0	UNIQUE_EXACT_CNV
SC003	128d198e-9b22-427c-90db-3714455f3a17	eeb8b594-1bba-4af3-be80-682e261965b4	1	eeb8b594-1bba-4af3-be80-682e261965b4	Primary Tumor	1	0	UNIQUE_EXACT_CNV
SC003	1347c23d-8d6e-4c15-9461-640249838c96	b8348b74-69a1-43b1-a7f5-3ab429378ebb	1	b8348b74-69a1-43b1-a7f5-3ab429378ebb	Primary Tumor	1	0	UNIQUE_EXACT_CNV
SC003	13ca97a1-75bb-4a49-b8c3-181e5b2c9e86	8b5c92b7-52d5-4859-926f-f1264e9c1650	1	8b5c92b7-52d5-4859-926f-f1264e9c1650	Primary Tumor	1	0	UNIQUE_EXACT_CNV
SC003	14267783-5624-4fe5-ba81-9d67f1017474	ffb838b0-db61-4dc9-aadc-41562f677f54	1	ffb838b0-db61-4dc9-aadc-41562f677f54	Primary Tumor	1	0	UNIQUE_EXACT_CNV
SC003	14d1d84e-99e1-41ad-8892-3b4da3d4f948	6adbf536-e89b-4148-8ed6-9b9117f78c64	1	6adbf536-e89b-4148-8ed6-9b9117f78c64	Primary Tumor	1	0	UNIQUE_EXACT_CNV
SC003	1502c7d7-1535-4e56-9f34-30623acd50d5	018b2eaa-216b-4726-a26e-ac726f4b47d3	1	018b2eaa-216b-4726-a26e-ac726f4b47d3	Primary Tumor	1	0	UNIQUE_EXACT_CNV
SC003	151f3677-6854-4265-9126-d92c646c67ae	e0e00806-1aa3-441d-b22e-6ae01a8473f2	1	e0e00806-1aa3-441d-b22e-6ae01a8473f2	Primary Tumor	1	0	UNIQUE_EXACT_CNV
SC003	157ec9e0-ca6e-4da1-9233-f976cf0db433	e405d22f-86a6-4141-ae74-7098d0fdedfd	1	e405d22f-86a6-4141-ae74-7098d0fdedfd	Primary Tumor	1	0	UNIQUE_EXACT_CNV
SC003	161917b8-88ad-407b-ade6-d6b98478b359	9ff0477c-10cd-47d6-8d0d-4e763ea185a8	1	9ff0477c-10cd-47d6-8d0d-4e763ea185a8	Primary Tumor	1	0	UNIQUE_EXACT_CNV
SC003	16368c32-2118-4fcf-8693-6c89995e49d8	c5181ae5-bd05-459f-920d-26bd31bd9088	1	c5181ae5-bd05-459f-920d-26bd31bd9088	Primary Tumor	1	0	UNIQUE_EXACT_CNV
SC003	16a8d916-ad46-4690-b1a5-3b2b323f4336	75103265-c66d-4bd9-8ecf-cfcf66402918	1	75103265-c66d-4bd9-8ecf-cfcf66402918	Primary Tumor	1	0	UNIQUE_EXACT_CNV
SC003	174850b4-5ec2-462b-a890-89bd1716b3c2	caa2d510-9024-4d7d-b0ef-80fa4be1e2ee	1	caa2d510-9024-4d7d-b0ef-80fa4be1e2ee	Primary Tumor	1	0	UNIQUE_EXACT_CNV
SC003	17baef7c-d97d-4b98-ab53-503ef856523d	c144ae50-ed29-4e27-bbee-fa81e79ac7db	1	c144ae50-ed29-4e27-bbee-fa81e79ac7db	Primary Tumor	1	0	UNIQUE_EXACT_CNV
SC003	17c1d42c-cb84-4655-a4cd-b54bae17ecaf	3a36b403-ea38-49f9-9c28-710c5d141164	1	3a36b403-ea38-49f9-9c28-710c5d141164	Primary Tumor	1	0	UNIQUE_EXACT_CNV
SC003	182c4bdf-2c58-4303-b034-459da86b9d90	4c42ec4c-0ebd-41ff-8758-1e6a69cf7eb3	1	4c42ec4c-0ebd-41ff-8758-1e6a69cf7eb3	Primary Tumor	1	0	UNIQUE_EXACT_CNV
SC003	18d35983-ea6a-4b70-a209-9bef37595956	c0819744-0dad-4597-b9ac-9117497418a8	1	c0819744-0dad-4597-b9ac-9117497418a8	Primary Tumor	1	0	UNIQUE_EXACT_CNV
SC003	18eb4dfc-556f-4bf3-a411-4780209ed1e0	fc1f0ad4-8412-4143-8ebf-fa6592f396e9	1	fc1f0ad4-8412-4143-8ebf-fa6592f396e9	Primary Tumor	1	0	UNIQUE_EXACT_CNV
SC003	19015644-9c17-4ae7-a656-0fe8623c04ae	98193dab-86d9-456c-b67f-e3350327a609	1	98193dab-86d9-456c-b67f-e3350327a609	Primary Tumor	1	0	UNIQUE_EXACT_CNV
SC003	197741de-a098-4f04-bb37-8ea8b3bb39bc	5dc7e339-f508-4d0d-ae4e-016a5425aba4	1	5dc7e339-f508-4d0d-ae4e-016a5425aba4	Primary Tumor	1	0	UNIQUE_EXACT_CNV
SC003	1a18974d-967c-4727-b42e-12ae7be66589	ca3c9a05-88b7-4d99-abd5-fc557e3929a0	1	ca3c9a05-88b7-4d99-abd5-fc557e3929a0	Primary Tumor	1	0	UNIQUE_EXACT_CNV
SC003	1b703058-e596-45bc-80fe-8b98d545c2e2	d6f5c34a-0f5c-4aed-977a-74a1e5d50915	1	d6f5c34a-0f5c-4aed-977a-74a1e5d50915	Primary Tumor	1	0	UNIQUE_EXACT_CNV
SC003	1c3610f7-e0aa-48d7-9a27-0dbaf6e244f9	e1df2e78-ade5-4ff7-a636-95c79e23b942	1	e1df2e78-ade5-4ff7-a636-95c79e23b942	Primary Tumor	1	0	UNIQUE_EXACT_CNV
SC003	1cc30842-4a5b-4f07-b36f-5b84ceaa5662	b8e8e280-c3ea-4757-bb41-1611c95dc868	1	b8e8e280-c3ea-4757-bb41-1611c95dc868	Primary Tumor	1	0	UNIQUE_EXACT_CNV
SC003	1d75e89d-4b01-443c-be54-749c7a667bf4	e5c7ea3c-3aaa-4409-b10b-372f2f8e30f6	1	e5c7ea3c-3aaa-4409-b10b-372f2f8e30f6	Primary Tumor	1	0	UNIQUE_EXACT_CNV
SC003	1dafdd64-527d-4d46-bbdf-7a97774f881b	a6b12e25-7b2d-460c-876f-02a75a82d7d2	1	a6b12e25-7b2d-460c-876f-02a75a82d7d2	Primary Tumor	1	0	UNIQUE_EXACT_CNV
SC003	1f99e4d4-4e8b-4cc1-a129-227a2a82780e	a7945d1c-35ca-4c95-98c6-ccb6e6d2b39c	1	a7945d1c-35ca-4c95-98c6-ccb6e6d2b39c	Primary Tumor	1	0	UNIQUE_EXACT_CNV
SC003	1ff85ada-3cdd-4afb-b311-2c7befb52702	bbe1e6e5-7c52-44aa-940e-104f07751e11	1	bbe1e6e5-7c52-44aa-940e-104f07751e11	Primary Tumor	1	0	UNIQUE_EXACT_CNV
SC003	2192c1db-4718-4254-ba42-3ae7f30ad5a8	63792ecf-4f55-4eb5-bfbc-78accb4f104a	1	63792ecf-4f55-4eb5-bfbc-78accb4f104a	Primary Tumor	1	0	UNIQUE_EXACT_CNV
SC003	21ef1730-e5a7-47ce-b419-d000bb59ae15	f754aa5f-49c8-4e8b-a1fe-f370f807499a	1	f754aa5f-49c8-4e8b-a1fe-f370f807499a	Primary Tumor	1	0	UNIQUE_EXACT_CNV
SC003	233b02f3-c4f0-4a67-9db5-e68d5cdaccb6	79763193-268d-49e7-b94c-5cb95f7271b6	1	79763193-268d-49e7-b94c-5cb95f7271b6	Primary Tumor	1	0	UNIQUE_EXACT_CNV
SC003	2399caeb-ead2-4003-af38-809db4ac2e2b	993d2cba-b4f8-4a46-994b-b97bb9f10d34	1	993d2cba-b4f8-4a46-994b-b97bb9f10d34	Primary Tumor	1	0	UNIQUE_EXACT_CNV
SC003	23c21dea-3713-408f-ba56-f7c586e9f206	9f6511cf-f17a-48b9-8e58-9c251bd5e8f4	1	9f6511cf-f17a-48b9-8e58-9c251bd5e8f4	Primary Tumor	1	0	UNIQUE_EXACT_CNV
SC003	23c31c2e-336c-4878-a476-cf8d811b4875	9c531ed5-e501-4cbf-9977-202dc1c5e623	1	9c531ed5-e501-4cbf-9977-202dc1c5e623	Primary Tumor	1	0	UNIQUE_EXACT_CNV
SC003	23dabeef-8e3c-44bc-9a12-a9522d17be5c	750932d7-0e9d-44e0-bc5a-6031ca4b0448	1	750932d7-0e9d-44e0-bc5a-6031ca4b0448	Primary Tumor	1	0	UNIQUE_EXACT_CNV
SC003	23f438bd-1dbb-4d46-972f-1e8e74ddbd37	93ce6743-424b-4a1e-8748-e11756399b2b	1	93ce6743-424b-4a1e-8748-e11756399b2b	Primary Tumor	1	0	UNIQUE_EXACT_CNV
SC003	2476dda9-da2a-4242-9642-b92b8b9b1c79	5ac66414-2c9e-45d0-837a-f620898a86e0	1	5ac66414-2c9e-45d0-837a-f620898a86e0	Primary Tumor	1	0	UNIQUE_EXACT_CNV
SC003	2481a671-760b-428c-968d-42e25fd42ac5	ece8ab6e-9a67-440a-8f3e-c80f3820474f	1	ece8ab6e-9a67-440a-8f3e-c80f3820474f	Primary Tumor	1	0	UNIQUE_EXACT_CNV
SC003	2585edbd-3488-4100-a4ab-a161252a31ee	660954c6-51ed-4b74-8eb0-65c282da3971	1	660954c6-51ed-4b74-8eb0-65c282da3971	Primary Tumor	1	0	UNIQUE_EXACT_CNV
SC003	26573441-eedb-4364-966c-e7f803deef19	b6702fc2-9794-466e-a2e3-a8407674d05f	1	b6702fc2-9794-466e-a2e3-a8407674d05f	Primary Tumor	1	0	UNIQUE_EXACT_CNV
SC003	2680da86-c977-4611-b75f-df015283c023	8d9f2037-1c1f-4c73-a993-dc4c2aa67d30	1	8d9f2037-1c1f-4c73-a993-dc4c2aa67d30	Primary Tumor	1	0	UNIQUE_EXACT_CNV
SC003	271e8024-a008-4bf0-9f6e-177f60096b1b	d6dcbd76-1146-4535-afd6-9a9c0e3c56a9	1	d6dcbd76-1146-4535-afd6-9a9c0e3c56a9	Primary Tumor	1	0	UNIQUE_EXACT_CNV
SC003	27ba717a-5cd8-440a-9345-4ae086f6efca	3f33a14d-7797-4ade-85f7-1dbec18f774f	1	3f33a14d-7797-4ade-85f7-1dbec18f774f	Primary Tumor	1	0	UNIQUE_EXACT_CNV
SC003	28e9048a-e540-42de-a1f4-4ef894fccc4c	9ff22b6b-ec23-41f5-a887-a59da1639858	1	9ff22b6b-ec23-41f5-a887-a59da1639858	Primary Tumor	1	0	UNIQUE_EXACT_CNV
SC003	298d33da-15af-48cb-b30f-eaf54e7baa43	835ef481-0c0c-4621-9111-e23d63ca9d7c	1	835ef481-0c0c-4621-9111-e23d63ca9d7c	Primary Tumor	1	0	UNIQUE_EXACT_CNV
SC003	29df128d-ace2-40cf-88ee-3f6f2170f159	2223917e-5ff9-4726-99be-c73b19522265	1	2223917e-5ff9-4726-99be-c73b19522265	Primary Tumor	1	0	UNIQUE_EXACT_CNV
SC003	29fdc464-f216-4828-b456-829f71436e27	f76e87a9-4a50-48b4-9527-eac98c38800e	1	f76e87a9-4a50-48b4-9527-eac98c38800e	Primary Tumor	1	0	UNIQUE_EXACT_CNV
SC003	2a84997d-ccee-4f46-bea2-752534f26416	e57574e4-7e01-4e61-bd29-ee4ec63dddd6	1	e57574e4-7e01-4e61-bd29-ee4ec63dddd6	Primary Tumor	1	0	UNIQUE_EXACT_CNV
SC003	2b19a6b4-7a17-4452-b4aa-6fc18adc0c3c	e5053de2-2a3b-4559-a166-35df5386d644	1	e5053de2-2a3b-4559-a166-35df5386d644	Primary Tumor	1	0	UNIQUE_EXACT_CNV
SC003	2b36853f-34d3-47c5-ba6a-e5a93233d2b1	f472b29c-f85a-422e-8446-453468ab9cc9	1	f472b29c-f85a-422e-8446-453468ab9cc9	Primary Tumor	1	0	UNIQUE_EXACT_CNV
SC003	2bcacfd1-6a45-4b96-9b80-2ad569b1ab45	a56ee32f-1975-400f-a09e-a747383c9a46	1	a56ee32f-1975-400f-a09e-a747383c9a46	Primary Tumor	1	0	UNIQUE_EXACT_CNV
SC003	2c86c3ea-d926-4d39-a5ae-39ece4774287	9ef8142a-8627-4dcf-8c87-15b1bc2bfea2	1	9ef8142a-8627-4dcf-8c87-15b1bc2bfea2	Primary Tumor	1	0	UNIQUE_EXACT_CNV
SC003	2c90d5e3-ac8c-4c86-a06f-42ccc064eb49	eadfbcf9-0058-4021-8dde-7296d441e42f	1	eadfbcf9-0058-4021-8dde-7296d441e42f	Primary Tumor	1	0	UNIQUE_EXACT_CNV
SC003	2cb8c866-9296-4c70-a3ea-f9a9b707895c	e315f3f0-664e-47fb-9f3a-c55b3eda826a	1	e315f3f0-664e-47fb-9f3a-c55b3eda826a	Primary Tumor	1	0	UNIQUE_EXACT_CNV
SC003	2cbeadff-a8a3-4787-9d4e-f6b74c3ab5d9	a869827a-f639-4cbf-8efb-1a5f00ed2d0a	1	a869827a-f639-4cbf-8efb-1a5f00ed2d0a	Primary Tumor	1	0	UNIQUE_EXACT_CNV
SC003	2cf68894-168b-458b-af4f-53cad72989a8	b36c8878-bab6-4f61-9a4e-4dcfca21391e	1	b36c8878-bab6-4f61-9a4e-4dcfca21391e	Primary Tumor	1	0	UNIQUE_EXACT_CNV
SC003	2d29a4ac-98e7-4663-9dd6-5681bc32ac2e	8318a9a4-e78e-4db8-97c7-2cc733d0c512	1	8318a9a4-e78e-4db8-97c7-2cc733d0c512	Primary Tumor	1	0	UNIQUE_EXACT_CNV
SC003	2e1e3bf0-1708-4b65-936c-48b89eb8966a	b09dcf83-93a7-466b-9414-12896ac7749c	1	b09dcf83-93a7-466b-9414-12896ac7749c	Primary Tumor	1	0	UNIQUE_EXACT_CNV
SC003	2e32f31f-9817-4935-b259-96c59936ee33	5854b639-f677-4ee3-9d68-61b1cdd5a647	1	5854b639-f677-4ee3-9d68-61b1cdd5a647	Primary Tumor	1	0	UNIQUE_EXACT_CNV
SC003	2e8e70f2-c781-44c2-8f12-1f8c2f536aa3	8046edc0-e5f9-42ec-85f2-6cc66596633f	1	8046edc0-e5f9-42ec-85f2-6cc66596633f	Primary Tumor	1	0	UNIQUE_EXACT_CNV
SC003	2fe854b4-bac9-4801-9a1c-ee99388e8082	b6359ede-df10-44b9-a2e2-bbf900eeb241	1	b6359ede-df10-44b9-a2e2-bbf900eeb241	Primary Tumor	1	0	UNIQUE_EXACT_CNV
SC003	30047d32-0833-4aca-98d1-3b9ab7122863	dcc31bf1-9890-4fb1-9677-b5fb77e1fc37	1	dcc31bf1-9890-4fb1-9677-b5fb77e1fc37	Primary Tumor	1	0	UNIQUE_EXACT_CNV
SC003	30ec8b1f-28c4-4f46-8a1b-a8d51e558c7d	50233285-5aef-412a-a225-3ed14eaa69d8	1	50233285-5aef-412a-a225-3ed14eaa69d8	Primary Tumor	1	0	UNIQUE_EXACT_CNV
SC003	31427699-e27a-4035-8925-6d8d6900d097	796df715-916f-46e4-9da1-e19c94958e07	1	796df715-916f-46e4-9da1-e19c94958e07	Primary Tumor	1	0	UNIQUE_EXACT_CNV
SC003	3144f1fb-4342-4079-bfe8-940da4bfd88e	78910f0b-59f1-4b4b-a7de-a6cf2402a097	1	78910f0b-59f1-4b4b-a7de-a6cf2402a097	Primary Tumor	1	0	UNIQUE_EXACT_CNV
SC003	316e021c-5175-4ab3-bdb6-2bf9683f657a	b6fe1d5a-f1c0-470d-bf49-b5a13157d2c6	1	b6fe1d5a-f1c0-470d-bf49-b5a13157d2c6	Primary Tumor	1	0	UNIQUE_EXACT_CNV
SC003	327a2395-85c8-42e1-9638-8e037a1723ed	e586a2b3-1132-45db-9283-dc318653a09f	1	e586a2b3-1132-45db-9283-dc318653a09f	Primary Tumor	1	0	UNIQUE_EXACT_CNV
SC003	328dfcb0-b5ae-43f2-bc87-dad0ab3df9e7	47436ce0-438f-475b-ac0d-1972d0c5285e	1	47436ce0-438f-475b-ac0d-1972d0c5285e	Primary Tumor	1	0	UNIQUE_EXACT_CNV
SC003	32efa6e8-6b19-480a-9d04-ace02e93318a	9cd3fc34-5380-4318-87fa-ccff0dbea879	1	9cd3fc34-5380-4318-87fa-ccff0dbea879	Primary Tumor	1	0	UNIQUE_EXACT_CNV
SC003	332423a7-8866-4ee3-b08f-3c8d7c16af80	df545b98-f81f-4e0d-a714-90b406f2a238	1	df545b98-f81f-4e0d-a714-90b406f2a238	Primary Tumor	1	0	UNIQUE_EXACT_CNV
SC003	33b7bf50-53f4-4839-aa83-9665f85671d8	7295d5c2-d7bc-4d35-bdcb-17c4ec5e5de0	1	7295d5c2-d7bc-4d35-bdcb-17c4ec5e5de0	Primary Tumor	1	0	UNIQUE_EXACT_CNV
SC003	33cea538-4c3f-470a-972d-257c43241ab4	ddfbecf6-37e3-4015-bb24-125ccdd60d25	1	ddfbecf6-37e3-4015-bb24-125ccdd60d25	Primary Tumor	1	0	UNIQUE_EXACT_CNV
SC003	33fe5833-d7a0-43d7-a03d-56985ea448a6	4a21e922-a294-43f0-89cb-862dabed4f8c	1	4a21e922-a294-43f0-89cb-862dabed4f8c	Primary Tumor	1	0	UNIQUE_EXACT_CNV
SC003	34a74805-300c-4773-ab59-2085fcc2e6cc	eee3738e-89d5-41be-8f9d-564e46b4e065	1	eee3738e-89d5-41be-8f9d-564e46b4e065	Primary Tumor	1	0	UNIQUE_EXACT_CNV
SC003	34d5a193-85e5-4399-8a9b-e92858eafdfe	9ae522c2-0fbf-493c-b3c7-a6ccd685c787	1	9ae522c2-0fbf-493c-b3c7-a6ccd685c787	Primary Tumor	1	0	UNIQUE_EXACT_CNV
SC003	3558dec7-eae3-4a41-a217-266c6a4535fb	55a21e0c-e8a7-43bf-8b28-0e06211114d7	1	55a21e0c-e8a7-43bf-8b28-0e06211114d7	Primary Tumor	1	0	UNIQUE_EXACT_CNV
SC003	359f12f9-5c41-48a4-85bc-fd7e307bf7d8	bf055644-7bca-43b6-8f5a-e21c42f7cf88	1	bf055644-7bca-43b6-8f5a-e21c42f7cf88	Primary Tumor	1	0	UNIQUE_EXACT_CNV
SC003	35ca5e2a-861a-4dd2-a4ce-d294cf080da3	e7bb0755-d706-480d-989d-108b3e817973	1	e7bb0755-d706-480d-989d-108b3e817973	Primary Tumor	1	0	UNIQUE_EXACT_CNV
SC003	360d1d6d-cf3e-4c78-b36f-ef5e3160aa6b	9df5fb66-44da-4d92-899a-99c07cd23fff	1	9df5fb66-44da-4d92-899a-99c07cd23fff	Primary Tumor	1	0	UNIQUE_EXACT_CNV
SC003	36220587-1c1c-4f92-b177-3b2155e7e273	cd002b40-3caf-429b-934f-64f4ada1731d	1	cd002b40-3caf-429b-934f-64f4ada1731d	Primary Tumor	1	0	UNIQUE_EXACT_CNV
SC003	36449392-de76-4ee9-bc09-627a07e18727	ac9318f5-9e1f-4340-8da6-3815fff8bff5	1	ac9318f5-9e1f-4340-8da6-3815fff8bff5	Primary Tumor	1	0	UNIQUE_EXACT_CNV
SC003	36d77496-99f8-4911-ba7c-89fae32662aa	bbf837cc-d336-45bc-9024-a018a667f8ec	1	bbf837cc-d336-45bc-9024-a018a667f8ec	Primary Tumor	1	0	UNIQUE_EXACT_CNV
SC003	36fe6152-f61e-4948-9ccc-23ac01a9d77d	0a43ad98-2671-4701-9e5d-35ad63e8ad50	1	0a43ad98-2671-4701-9e5d-35ad63e8ad50	Primary Tumor	1	0	UNIQUE_EXACT_CNV
SC003	3886b4fb-ba22-4a50-b11a-a6893951f170	93324982-7cfa-477c-88a0-b6eef61f6ca2	1	93324982-7cfa-477c-88a0-b6eef61f6ca2	Primary Tumor	1	0	UNIQUE_EXACT_CNV
SC003	398fb71b-ca83-44e7-bf0d-b1ca464b0283	bfb67ae4-dcfe-4002-8f5a-35dbec269889	1	bfb67ae4-dcfe-4002-8f5a-35dbec269889	Primary Tumor	1	0	UNIQUE_EXACT_CNV
SC003	39cda4c9-e1c8-44c2-bab7-f5849c12f879	891365b0-3bb1-4f7c-b351-6191b18ee9d7	1	891365b0-3bb1-4f7c-b351-6191b18ee9d7	Primary Tumor	1	0	UNIQUE_EXACT_CNV
SC003	39cde586-df95-435f-b9a6-73b0c0ee5e92	f93c9b46-b07e-4a5f-9b3e-d7cebe34ebed	1	f93c9b46-b07e-4a5f-9b3e-d7cebe34ebed	Primary Tumor	1	0	UNIQUE_EXACT_CNV
SC003	3aaabc62-f5a4-4025-9b29-5adf82c86c84	b8718131-47af-4eec-b601-12fa3969ca44	1	b8718131-47af-4eec-b601-12fa3969ca44	Primary Tumor	1	0	UNIQUE_EXACT_CNV
SC003	3af31fcf-ad0c-4fd9-a8e3-10f9176b5e9d	d7dc97c6-5819-48ee-99db-e34f117ab1a3	1	d7dc97c6-5819-48ee-99db-e34f117ab1a3	Primary Tumor	1	0	UNIQUE_EXACT_CNV
SC003	3b1f7e48-216d-47de-ba79-db350f52bff0	b692cb10-ff2f-456b-a2c0-706b608d4e7e	1	b692cb10-ff2f-456b-a2c0-706b608d4e7e	Primary Tumor	1	0	UNIQUE_EXACT_CNV
SC003	3c612e12-6de8-44fa-a095-805c45474821	9ad80473-9148-45a7-ad6d-9936a899e022	1	9ad80473-9148-45a7-ad6d-9936a899e022	Primary Tumor	1	0	UNIQUE_EXACT_CNV
SC003	3ca67cd0-81da-4f68-a9fa-f1a8c013c28d	62d4d442-98a0-4540-b22a-4acf1fbfc40b	1	62d4d442-98a0-4540-b22a-4acf1fbfc40b	Primary Tumor	1	0	UNIQUE_EXACT_CNV
SC003	3cb06c7a-f2a8-448b-91a8-dd201bbf2ddd	49bfd2cc-fddd-4376-8e53-8008ca075779	1	49bfd2cc-fddd-4376-8e53-8008ca075779	Primary Tumor	1	0	UNIQUE_EXACT_CNV
SC003	3dbe99d1-e3b8-4ee2-b6a8-2e2e12c6fbe9	3b3eab6c-c039-4c2b-ae4c-18b043d3d810	1	3b3eab6c-c039-4c2b-ae4c-18b043d3d810	Primary Tumor	1	0	UNIQUE_EXACT_CNV
SC003	3e637872-f5e5-49d3-bb0d-9c16b8713382	e6142f96-4b9b-4691-8e7d-47d36bbdf37f	1	e6142f96-4b9b-4691-8e7d-47d36bbdf37f	Primary Tumor	1	0	UNIQUE_EXACT_CNV
SC003	3e775c99-ceda-4246-8d6f-0f58ca5097c8	c6ba5d28-97b4-4f07-b91c-997b286dff03	1	c6ba5d28-97b4-4f07-b91c-997b286dff03	Primary Tumor	1	0	UNIQUE_EXACT_CNV
SC003	3e9f93c0-aa79-4b4c-bd6c-b3325912362a	5b9560c4-0632-479a-835f-67d373e59206	1	5b9560c4-0632-479a-835f-67d373e59206	Primary Tumor	1	0	UNIQUE_EXACT_CNV
SC003	3ecb0147-276d-486c-9af0-ce437c24ba83	581cc2a6-e95c-46e1-8530-598a616e86be	1	581cc2a6-e95c-46e1-8530-598a616e86be	Primary Tumor	1	0	UNIQUE_EXACT_CNV
SC003	3efa245d-177d-4ef9-94f7-f554c54e345e	7d53f59e-5ae6-4325-9054-c9b1eac7983d	1	7d53f59e-5ae6-4325-9054-c9b1eac7983d	Primary Tumor	1	0	UNIQUE_EXACT_CNV
SC003	3f834fa7-6d7b-4b85-98c0-5c55d55b6c95	95f2fd0c-9121-47bf-b2c1-dd9ed667a146	1	95f2fd0c-9121-47bf-b2c1-dd9ed667a146	Primary Tumor	1	0	UNIQUE_EXACT_CNV
SC003	3fc3755d-a3f8-4e2c-813f-ff124f2a75c1	eb2de640-6c2a-4c8a-87c3-80f9fbdc3d9b	1	eb2de640-6c2a-4c8a-87c3-80f9fbdc3d9b	Primary Tumor	1	0	UNIQUE_EXACT_CNV
SC003	408cb583-6dc3-4698-8bd2-e284042bd5ef	6b1bb382-0103-4207-a0e8-871aa6aae81c	1	6b1bb382-0103-4207-a0e8-871aa6aae81c	Primary Tumor	1	0	UNIQUE_EXACT_CNV
SC003	417dea5f-f68e-4dab-940e-43ae8c67e5e6	29ac24fb-0065-47f8-b044-f4a66fad2394	1	29ac24fb-0065-47f8-b044-f4a66fad2394	Primary Tumor	1	0	UNIQUE_EXACT_CNV
SC003	4229e432-6ac5-49d2-b58a-e8713ddb79bd	e4f422a0-1142-4bf2-b848-b681295b370e	1	e4f422a0-1142-4bf2-b848-b681295b370e	Primary Tumor	1	0	UNIQUE_EXACT_CNV
SC003	42378dbc-a123-4cf9-8502-165e89fda271	86de89ef-d62d-4146-bc8a-e138c9ef7555	1	86de89ef-d62d-4146-bc8a-e138c9ef7555	Primary Tumor	1	0	UNIQUE_EXACT_CNV
SC003	427d0648-3f77-4ffc-b52c-89855426d647	e355913a-6e4c-4d63-8a53-8be4c5b003b8	1	e355913a-6e4c-4d63-8a53-8be4c5b003b8	Primary Tumor	1	0	UNIQUE_EXACT_CNV
SC003	42e47f3a-dff7-41e4-8f84-146d97e8ab72	63963cdd-909a-47d8-bae5-965aa9d1cb99	1	63963cdd-909a-47d8-bae5-965aa9d1cb99	Primary Tumor	1	0	UNIQUE_EXACT_CNV
SC003	42f6f503-4cf6-4a8e-b5fe-b44bccf6b38b	be0c070b-a114-4bae-9409-33f216bbfd4f	1	be0c070b-a114-4bae-9409-33f216bbfd4f	Primary Tumor	1	0	UNIQUE_EXACT_CNV
SC003	433427a1-bacf-4381-91ba-5fec8a0953f9	ce3a4469-8d19-4661-9c48-1baf6e84f49c	1	ce3a4469-8d19-4661-9c48-1baf6e84f49c	Primary Tumor	1	0	UNIQUE_EXACT_CNV
SC003	43c0bec6-6fac-47b1-83cb-200a15a932be	c26f4fcf-bb96-46ba-80df-c8f3b926a296	1	c26f4fcf-bb96-46ba-80df-c8f3b926a296	Primary Tumor	1	0	UNIQUE_EXACT_CNV
SC003	43d5632e-7272-4aad-9496-7f5a99671223	dd8ebcff-9598-45db-b762-7ef446159e52	1	dd8ebcff-9598-45db-b762-7ef446159e52	Primary Tumor	1	0	UNIQUE_EXACT_CNV
SC003	441919eb-8c9f-478c-bda3-8de4f8295e8a	e3cf8f8c-8fe6-45e2-b786-7db5590c08cb	1	e3cf8f8c-8fe6-45e2-b786-7db5590c08cb	Primary Tumor	1	0	UNIQUE_EXACT_CNV
SC003	444374f8-9282-439c-af00-0f828edcbff3	f0471d79-d107-4809-976e-fe5b231f0e9d	1	f0471d79-d107-4809-976e-fe5b231f0e9d	Primary Tumor	1	0	UNIQUE_EXACT_CNV
SC003	44bec761-b603-49c0-8634-f6bfe0319bb1	7ec2c455-d90f-4cd5-9bbb-aedbf21eca00	1	7ec2c455-d90f-4cd5-9bbb-aedbf21eca00	Primary Tumor	1	0	UNIQUE_EXACT_CNV
SC003	45013972-2dfd-4f82-a076-e3e4af1b43b8	0692591c-b717-4d4e-b3ce-ea1620eb127e	1	0692591c-b717-4d4e-b3ce-ea1620eb127e	Primary Tumor	1	0	UNIQUE_EXACT_CNV
SC003	452672e8-b6d9-45b5-bb02-e88e03e2dd66	af859133-ccf5-4157-a260-738c9583c17b	1	af859133-ccf5-4157-a260-738c9583c17b	Primary Tumor	1	0	UNIQUE_EXACT_CNV
SC003	45c3975c-d333-4237-93f7-e12dc2451c38	ef196594-35dc-4ba9-8beb-1efe72d59e6a	1	ef196594-35dc-4ba9-8beb-1efe72d59e6a	Primary Tumor	1	0	UNIQUE_EXACT_CNV
SC003	4649dee3-b668-44cd-ab97-3834de3ef8f8	4ad4076c-16c8-425e-9400-57fbf30bffee	1	4ad4076c-16c8-425e-9400-57fbf30bffee	Primary Tumor	1	0	UNIQUE_EXACT_CNV
SC003	491b6364-1223-474f-816f-e248c8c841e2	700477dc-5eb4-4efb-a301-12172a7469f7	1	700477dc-5eb4-4efb-a301-12172a7469f7	Primary Tumor	1	0	UNIQUE_EXACT_CNV
SC003	4922cddc-575c-4b8a-8245-ce5f6876760c	27c9fa1c-e5e1-40d3-8d25-81f10d27d984	1	27c9fa1c-e5e1-40d3-8d25-81f10d27d984	Primary Tumor	1	0	UNIQUE_EXACT_CNV
SC003	49dc3e68-6206-4f16-969f-a758cc7be8ed	992d3519-cd51-4f48-880c-81fef52be1bf	1	992d3519-cd51-4f48-880c-81fef52be1bf	Primary Tumor	1	0	UNIQUE_EXACT_CNV
SC003	4a16429b-884f-4c95-8683-feeedf0d6a55	f71ea58f-a4b4-464c-a276-92747efcc0b9	1	f71ea58f-a4b4-464c-a276-92747efcc0b9	Primary Tumor	1	0	UNIQUE_EXACT_CNV
SC003	4a831893-f4ca-4357-a756-b5e954e35dd7	c18a3e05-f8ee-454c-89b2-5659045ba68e	1	c18a3e05-f8ee-454c-89b2-5659045ba68e	Primary Tumor	1	0	UNIQUE_EXACT_CNV
SC003	4b54e06e-a280-4981-a4e1-9aea154341b4	4530d39f-1a96-46b3-9964-cba7c03ad9c9	1	4530d39f-1a96-46b3-9964-cba7c03ad9c9	Primary Tumor	1	0	UNIQUE_EXACT_CNV
SC003	4bf50455-9ab7-4521-a791-089f66d3b877	c2300b5b-43a7-43b8-8cd1-22ff7e89a21a	1	c2300b5b-43a7-43b8-8cd1-22ff7e89a21a	Primary Tumor	1	0	UNIQUE_EXACT_CNV
SC003	4cf0f639-7940-48b6-8ea1-2a3494097cdb	7d3dea42-f18f-4cf6-973d-ea2bae39ba38	1	7d3dea42-f18f-4cf6-973d-ea2bae39ba38	Primary Tumor	1	0	UNIQUE_EXACT_CNV
SC003	4cfef7f9-f1ee-401c-a2a3-c225d4adc3b6	50c357b1-a9fc-44e4-9a7b-937e6d74e081	1	50c357b1-a9fc-44e4-9a7b-937e6d74e081	Primary Tumor	1	0	UNIQUE_EXACT_CNV
SC003	4d0fec97-e024-4608-a0cc-426a3decc7b1	30d31924-b87c-4065-a437-00d6033f2979	1	30d31924-b87c-4065-a437-00d6033f2979	Primary Tumor	1	0	UNIQUE_EXACT_CNV
SC003	4d51159f-ab2f-40e3-a363-847c3654431e	de71b625-2b73-43a7-9bc0-89d6a13d0d52	1	de71b625-2b73-43a7-9bc0-89d6a13d0d52	Primary Tumor	1	0	UNIQUE_EXACT_CNV
SC003	4da999a0-ef41-4a0b-b1d1-446b39cc855a	dd38ba60-656a-46f7-b22b-bcee3b6d2f19	1	dd38ba60-656a-46f7-b22b-bcee3b6d2f19	Primary Tumor	1	0	UNIQUE_EXACT_CNV
SC003	4e3699da-4367-4a43-9d66-a117d3ad460d	41dc8345-7968-42b2-af20-8501b9d2223d	1	41dc8345-7968-42b2-af20-8501b9d2223d	Primary Tumor	1	0	UNIQUE_EXACT_CNV
SC003	4e509f73-99c7-48eb-a3a4-d34e3bface33	87aae20e-c532-4d73-aab6-88befc3a2e6f	1	87aae20e-c532-4d73-aab6-88befc3a2e6f	Primary Tumor	1	0	UNIQUE_EXACT_CNV
SC003	4e6edfe6-adcb-4c12-8ff4-38a79f5887e8	e56e785d-f9b1-4afa-bc2d-b6cebf9e64cc	1	e56e785d-f9b1-4afa-bc2d-b6cebf9e64cc	Primary Tumor	1	0	UNIQUE_EXACT_CNV
SC003	4f04bd10-9902-4a23-b15d-4f4409d79499	24e9d23a-1340-4074-9268-ca85896569cf	1	24e9d23a-1340-4074-9268-ca85896569cf	Primary Tumor	1	0	UNIQUE_EXACT_CNV
SC003	4f321d41-3255-46a4-ae0d-1cf39699e624	8c8d4bd4-3aa9-4ad1-9715-2376ee540a0c	1	8c8d4bd4-3aa9-4ad1-9715-2376ee540a0c	Primary Tumor	1	0	UNIQUE_EXACT_CNV
SC003	50619f8c-10aa-464a-a227-90a7aa6ffd43	db1c378a-1974-4b79-a027-928cba385e40	1	db1c378a-1974-4b79-a027-928cba385e40	Primary Tumor	1	0	UNIQUE_EXACT_CNV
SC003	515b1400-e896-4f2a-81bd-70895441a0bd	dac9090c-fae9-4d99-b5d7-fc3c8b6a201a	1	dac9090c-fae9-4d99-b5d7-fc3c8b6a201a	Primary Tumor	1	0	UNIQUE_EXACT_CNV
SC003	518f231c-f5f9-4a39-a97b-7fd5666d3e50	aafc7bc4-1e57-4df9-9bad-a04a4d9edebd	1	aafc7bc4-1e57-4df9-9bad-a04a4d9edebd	Primary Tumor	1	0	UNIQUE_EXACT_CNV
SC003	51ccbf1b-7cae-44ba-991a-11eda8b8c404	aa1037f4-1414-4e05-b11a-c558a23b7e62	1	aa1037f4-1414-4e05-b11a-c558a23b7e62	Primary Tumor	1	0	UNIQUE_EXACT_CNV
SC003	521e2140-ae5b-456f-8699-97398d009687	7a3b5790-35c8-473a-b952-bb603aca5aa1	1	7a3b5790-35c8-473a-b952-bb603aca5aa1	Primary Tumor	1	0	UNIQUE_EXACT_CNV
SC003	523e24a2-51b9-4658-be2f-42e5fccebb17	cb7c50bf-c1df-4b2d-939d-cbe1a4b7b667	1	cb7c50bf-c1df-4b2d-939d-cbe1a4b7b667	Primary Tumor	1	0	UNIQUE_EXACT_CNV
SC003	5258294f-ef5b-4091-9183-6bcc545d54b2	fbf64fdd-6787-4647-b0cd-860acc8abce6	1	fbf64fdd-6787-4647-b0cd-860acc8abce6	Primary Tumor	1	0	UNIQUE_EXACT_CNV
SC003	52c35691-efca-42f5-a03e-02c9f872275c	ca263104-9c70-4b9f-95d1-7a886587eebd	1	ca263104-9c70-4b9f-95d1-7a886587eebd	Primary Tumor	1	0	UNIQUE_EXACT_CNV
SC003	530ad151-703d-4638-851f-0b5111ff318b	50111388-1058-413a-ac2a-3fd4f84091aa	1	50111388-1058-413a-ac2a-3fd4f84091aa	Primary Tumor	1	0	UNIQUE_EXACT_CNV
SC003	5362cbc4-cd28-4afd-a8ac-1a4c2c33cad2	9e1c48c2-ce8e-4256-8cb2-31b12c523c66	1	9e1c48c2-ce8e-4256-8cb2-31b12c523c66	Primary Tumor	1	0	UNIQUE_EXACT_CNV
SC003	53d0af48-d7ea-42c9-8695-c614b89b415b	c5eb7bf2-fc4a-497e-ace9-c715fea47e5b	1	c5eb7bf2-fc4a-497e-ace9-c715fea47e5b	Primary Tumor	1	0	UNIQUE_EXACT_CNV
SC003	546248b0-22a0-4b70-a437-76fb0a238a0d	d09d5a48-2dc0-4d0f-8b20-d1f11a08143b	1	d09d5a48-2dc0-4d0f-8b20-d1f11a08143b	Primary Tumor	1	0	UNIQUE_EXACT_CNV
SC003	5562455d-bbb8-46eb-a510-e8c6e1e26789	cb62cd95-92ca-4b83-b8db-1cb9584befc0	1	cb62cd95-92ca-4b83-b8db-1cb9584befc0	Primary Tumor	1	0	UNIQUE_EXACT_CNV
SC003	5580b21a-2cdb-4777-ad79-6e06654144f5	7cb99442-005b-4611-94f9-03af195ec7e3	1	7cb99442-005b-4611-94f9-03af195ec7e3	Primary Tumor	1	0	UNIQUE_EXACT_CNV
SC003	56203436-8634-4fd0-96b5-ba6be9d87857	eae4c66c-03a5-4663-a484-a01612602409	1	eae4c66c-03a5-4663-a484-a01612602409	Primary Tumor	1	0	UNIQUE_EXACT_CNV
SC003	56230e4a-29ca-4f37-a0f9-730dbdfb6fa2	7231d76b-0aa1-4614-bdaa-84411618c8c0	1	7231d76b-0aa1-4614-bdaa-84411618c8c0	Primary Tumor	1	0	UNIQUE_EXACT_CNV
SC003	58959e88-54e2-4558-9664-2effda7403dc	e8eda441-d2d9-4708-bb9c-21f7da4e3094	1	e8eda441-d2d9-4708-bb9c-21f7da4e3094	Primary Tumor	1	0	UNIQUE_EXACT_CNV
SC003	599c3701-df7a-4a75-a347-fa9b510dd242	c9ec05fa-5548-4fe3-8c09-a32c9e599d90	1	c9ec05fa-5548-4fe3-8c09-a32c9e599d90	Primary Tumor	1	0	UNIQUE_EXACT_CNV
SC003	59bf0ce4-715a-4017-bccb-c59916e78324	7bd968be-14ae-4a63-96d5-814d16072818	1	7bd968be-14ae-4a63-96d5-814d16072818	Primary Tumor	1	0	UNIQUE_EXACT_CNV
SC003	59d60247-e549-4326-a672-50b05c13a291	75e9ad4a-ae3e-4331-9c35-0ce639ed3009	1	75e9ad4a-ae3e-4331-9c35-0ce639ed3009	Primary Tumor	1	0	UNIQUE_EXACT_CNV
SC003	5a17dcd9-5ced-4a69-8069-23c7fd0649d1	8caec376-1f90-4802-947f-b893c370f219	1	8caec376-1f90-4802-947f-b893c370f219	Primary Tumor	1	0	UNIQUE_EXACT_CNV
SC003	5a57dc25-d252-4b22-b192-4de630d7002f	8137ffee-bb4f-4e5f-b831-acfc9c5585a8	1	8137ffee-bb4f-4e5f-b831-acfc9c5585a8	Primary Tumor	1	0	UNIQUE_EXACT_CNV
SC003	5a5f0f48-2b13-4e78-b130-901b85d9a7f3	4bdb6c69-67b3-406b-9ac6-9cca2c15f52f	1	4bdb6c69-67b3-406b-9ac6-9cca2c15f52f	Primary Tumor	1	0	UNIQUE_EXACT_CNV
SC003	5aca16ca-4516-4e27-8249-6914029a7ebf	d22e0f16-8d28-467d-ab10-2dd72f7eab42	1	d22e0f16-8d28-467d-ab10-2dd72f7eab42	Primary Tumor	1	0	UNIQUE_EXACT_CNV
SC003	5c9d8163-a68e-43ce-9cba-effb7405761e	e8811c84-1822-40cb-ba64-10939e29cd35	1	e8811c84-1822-40cb-ba64-10939e29cd35	Primary Tumor	1	0	UNIQUE_EXACT_CNV
SC003	5cbf0aea-ebb4-4005-bdd5-14ef2dc6826c	27ac43e4-c348-4f83-97f5-cc0f4a87b670	1	27ac43e4-c348-4f83-97f5-cc0f4a87b670	Primary Tumor	1	0	UNIQUE_EXACT_CNV
SC003	5cdae21d-eee5-478f-932a-0f51fcf5f031	9eaa7f15-8a97-4a49-9e93-b5790a1fade0	1	9eaa7f15-8a97-4a49-9e93-b5790a1fade0	Primary Tumor	1	0	UNIQUE_EXACT_CNV
SC003	5d1d00c6-fcae-479e-ae1e-de76efd41d98	dbeeddc1-d149-46f7-91ff-d057f8c6bffb	1	dbeeddc1-d149-46f7-91ff-d057f8c6bffb	Primary Tumor	1	0	UNIQUE_EXACT_CNV
SC003	5d688049-f271-40ef-813a-d37240ffe21c	f411d1ba-697f-4759-afb1-89eaa56e6da7	1	f411d1ba-697f-4759-afb1-89eaa56e6da7	Primary Tumor	1	0	UNIQUE_EXACT_CNV
SC003	5d8ed961-a012-4b6b-bffb-9468d3953646	bf42e8ce-cd3e-46c8-92f9-ea5cda443a6f	1	bf42e8ce-cd3e-46c8-92f9-ea5cda443a6f	Primary Tumor	1	0	UNIQUE_EXACT_CNV
SC003	5dc1bee9-c44d-4fdc-9ae5-83426c4d6880	e8ff6081-cb82-4316-8c22-1c1cb1b6552b	1	e8ff6081-cb82-4316-8c22-1c1cb1b6552b	Primary Tumor	1	0	UNIQUE_EXACT_CNV
SC003	5e2cbc56-97f9-4b94-ade2-a3f739bcc7be	bfd30c90-9b30-4e7b-96f5-1f1b2ce23f04	1	bfd30c90-9b30-4e7b-96f5-1f1b2ce23f04	Primary Tumor	1	0	UNIQUE_EXACT_CNV
SC003	5ea18514-51ad-4844-abea-15e82f0b10c9	644c9a14-09da-4382-a6d1-dce67f25a4ff	1	644c9a14-09da-4382-a6d1-dce67f25a4ff	Primary Tumor	1	0	UNIQUE_EXACT_CNV
SC003	5ed024e8-d05e-4c65-9441-eda9930ccc82	f0cf4acd-6b09-4538-b58c-e86c623b6c71	1	f0cf4acd-6b09-4538-b58c-e86c623b6c71	Primary Tumor	1	0	UNIQUE_EXACT_CNV
SC003	5f4d16aa-9cc4-4edb-b714-394e2661439a	8063e0be-03ea-4a66-8592-dbb2d9f49045	1	8063e0be-03ea-4a66-8592-dbb2d9f49045	Primary Tumor	1	0	UNIQUE_EXACT_CNV
SC003	5fd37868-4762-4109-9dcf-6fdbab5b645d	b0763e0d-56a7-4953-ad36-c3b218c059b3	1	b0763e0d-56a7-4953-ad36-c3b218c059b3	Primary Tumor	1	0	UNIQUE_EXACT_CNV
SC003	5fd9552a-c742-4388-940d-295d1107ae00	81fc993e-8f5a-4b3b-bea3-4c4c2f5e4ef2	1	81fc993e-8f5a-4b3b-bea3-4c4c2f5e4ef2	Primary Tumor	1	0	UNIQUE_EXACT_CNV
SC003	5fe3c51f-65e2-4da6-8924-a6fae17c022d	d19fe184-84a8-4a49-a4d4-75891670da4d	1	d19fe184-84a8-4a49-a4d4-75891670da4d	Primary Tumor	1	0	UNIQUE_EXACT_CNV
SC003	5ff12cbe-a3e0-4ce6-8452-12b984a1baaf	d728c743-10a6-4ac4-8725-61c0d2980057	1	d728c743-10a6-4ac4-8725-61c0d2980057	Primary Tumor	1	0	UNIQUE_EXACT_CNV
SC003	606fbc6a-b41b-441d-9401-51e54912bf5e	dcf7829e-abaa-435f-b41d-a2bcfde5d66a	1	dcf7829e-abaa-435f-b41d-a2bcfde5d66a	Primary Tumor	1	0	UNIQUE_EXACT_CNV
SC003	60df7543-6da5-4c75-943b-5800c1e08234	a7cc9298-d6f1-48ef-a93a-9c75fc0cb800	1	a7cc9298-d6f1-48ef-a93a-9c75fc0cb800	Primary Tumor	1	0	UNIQUE_EXACT_CNV
SC003	61204cdf-3b1c-44a1-bda6-0fef1ac4a333	fffbf817-1853-4783-b3e3-d05261cf2cd8	1	fffbf817-1853-4783-b3e3-d05261cf2cd8	Primary Tumor	1	0	UNIQUE_EXACT_CNV
SC003	632984bd-dc81-42b6-b024-476cfd0bb2ae	9ae58006-9650-4494-991a-6ee217331740	1	9ae58006-9650-4494-991a-6ee217331740	Primary Tumor	1	0	UNIQUE_EXACT_CNV
SC003	636b0a90-c8c2-4ad6-a77d-6cd428a826d1	c6f8aca1-259f-48ab-a470-a1afecb8a2a9	1	c6f8aca1-259f-48ab-a470-a1afecb8a2a9	Primary Tumor	1	0	UNIQUE_EXACT_CNV
SC003	6397d7bc-9cb1-4a84-81ad-76954e0a8cee	ee6b71d0-3596-4669-b138-af822c2c3c6b	1	ee6b71d0-3596-4669-b138-af822c2c3c6b	Primary Tumor	1	0	UNIQUE_EXACT_CNV
SC003	64089c20-939f-48b4-ae8b-904ad0597145	c2f00c0c-9ad9-4c1d-912c-52eacedcba12	1	c2f00c0c-9ad9-4c1d-912c-52eacedcba12	Primary Tumor	1	0	UNIQUE_EXACT_CNV
SC003	6429c443-8ac3-407f-bb9c-66420b904bbf	8e324f79-8fbf-4d12-94d2-7b5a978425fc	1	8e324f79-8fbf-4d12-94d2-7b5a978425fc	Primary Tumor	1	0	UNIQUE_EXACT_CNV
SC003	6439621e-da61-4723-91cc-c5d87d0a4abc	a6cd09dc-ac7c-4bdc-9bb4-14f8cce6642d	1	a6cd09dc-ac7c-4bdc-9bb4-14f8cce6642d	Primary Tumor	1	0	UNIQUE_EXACT_CNV
SC003	64975923-d032-4182-8565-59fc37127d8d	b58f47b2-c3ce-49a2-9bd2-f4c2cbda734c	1	b58f47b2-c3ce-49a2-9bd2-f4c2cbda734c	Primary Tumor	1	0	UNIQUE_EXACT_CNV
SC003	659b0170-e914-45ff-aa55-fcb8d3dc7b8a	7adf414b-c3f7-4e2c-aa80-81d3edd9764e	1	7adf414b-c3f7-4e2c-aa80-81d3edd9764e	Primary Tumor	1	0	UNIQUE_EXACT_CNV
SC003	65cac997-4d39-4501-85ec-4fcb328a8eb5	fed3a891-21be-4196-b9ef-0bf7c8f976aa	1	fed3a891-21be-4196-b9ef-0bf7c8f976aa	Primary Tumor	1	0	UNIQUE_EXACT_CNV
SC003	65cde5d5-1efc-4e30-b1bd-a93598794f2c	4ab470ca-b87c-448e-b4c6-48db22e39a39	1	4ab470ca-b87c-448e-b4c6-48db22e39a39	Primary Tumor	1	0	UNIQUE_EXACT_CNV
SC003	6623fc5e-00be-4476-967a-cbd55f676ea6	685b5df4-0620-40e2-aa09-0dd736bb5e2b	1	685b5df4-0620-40e2-aa09-0dd736bb5e2b	Primary Tumor	1	0	UNIQUE_EXACT_CNV
SC003	665dd3d3-779c-4abd-b5d7-13342340451d	dba36215-670e-400f-864e-a46702d49240	1	dba36215-670e-400f-864e-a46702d49240	Primary Tumor	1	0	UNIQUE_EXACT_CNV
SC003	67526f5a-3a30-45b2-aeab-2b21a855063e	bc641d07-e041-403a-aa3a-e76279a8a1d1	1	bc641d07-e041-403a-aa3a-e76279a8a1d1	Primary Tumor	1	0	UNIQUE_EXACT_CNV
SC003	67c8dc41-edcb-4563-96b3-3f93f9edcbe9	da53d0eb-95fd-466a-a7aa-6251cb4ce408	1	da53d0eb-95fd-466a-a7aa-6251cb4ce408	Primary Tumor	1	0	UNIQUE_EXACT_CNV
SC003	67eef990-5ff4-45d1-843d-d22d7848f130	f2deda2c-63c8-4b4f-a725-381f00298cd0	1	f2deda2c-63c8-4b4f-a725-381f00298cd0	Primary Tumor	1	0	UNIQUE_EXACT_CNV
SC003	68177e92-4784-45d9-af14-4ce0c00eae74	4c54a99b-a820-4602-9b39-deaca98034a5	1	4c54a99b-a820-4602-9b39-deaca98034a5	Primary Tumor	1	0	UNIQUE_EXACT_CNV
SC003	69054195-9e93-49e5-b820-69b0091cc2d4	3ee32152-2834-4137-a6e8-254f3cca6b6e	1	3ee32152-2834-4137-a6e8-254f3cca6b6e	Primary Tumor	1	0	UNIQUE_EXACT_CNV
SC003	6951fe6a-d7d1-4f41-85af-76655b5d1f62	e24e7c7e-1cd5-4c45-b50c-a731f894cdbe	1	e24e7c7e-1cd5-4c45-b50c-a731f894cdbe	Primary Tumor	1	0	UNIQUE_EXACT_CNV
SC003	6956473b-92e5-4069-a26b-b48e280e76f2	c94232f8-2e37-46d0-b12a-b8e920e659d9	1	c94232f8-2e37-46d0-b12a-b8e920e659d9	Primary Tumor	1	0	UNIQUE_EXACT_CNV
SC003	69fc24fc-cfe2-487a-935f-1a954b30b709	e3a1436e-8e38-4cb9-a913-0a50512db5b3	1	e3a1436e-8e38-4cb9-a913-0a50512db5b3	Primary Tumor	1	0	UNIQUE_EXACT_CNV
SC003	6a2972e3-cca9-47e5-aac0-b770f2399eeb	e5c171ac-f700-439c-9e44-6cfed2c9cea7	1	e5c171ac-f700-439c-9e44-6cfed2c9cea7	Primary Tumor	1	0	UNIQUE_EXACT_CNV
SC003	6adca853-1b09-47ff-814c-47b732a76d96	ded3862e-9e2f-468a-8a40-d90363a2742e	1	ded3862e-9e2f-468a-8a40-d90363a2742e	Primary Tumor	1	0	UNIQUE_EXACT_CNV
SC003	6b4e0262-f589-4532-b578-9f2d76c19d90	fc56be13-c3dd-4dd9-8c34-dc6c7f9d1e16	1	fc56be13-c3dd-4dd9-8c34-dc6c7f9d1e16	Primary Tumor	1	0	UNIQUE_EXACT_CNV
SC003	6b923e30-2ddc-407f-91b1-c202f1373fbb	aa21df77-6622-405a-821a-1122f9c93159	1	aa21df77-6622-405a-821a-1122f9c93159	Primary Tumor	1	0	UNIQUE_EXACT_CNV
SC003	6b960b58-28e1-41c6-bd6e-7e669c6aa4ef	2923c735-34a1-4db6-a248-1c5de2241dd4	1	2923c735-34a1-4db6-a248-1c5de2241dd4	Primary Tumor	1	0	UNIQUE_EXACT_CNV
SC003	6bc4c56d-aac5-49a2-9913-9538d06d898f	d1224e18-6c94-45f7-afb0-d4321150cc8f	1	d1224e18-6c94-45f7-afb0-d4321150cc8f	Primary Tumor	1	0	UNIQUE_EXACT_CNV
SC003	6cd9baf5-bbe0-4c1e-a87f-c53b3af22890	6a1c2fdb-18ce-40ec-af79-191b489f39a7	1	6a1c2fdb-18ce-40ec-af79-191b489f39a7	Primary Tumor	1	0	UNIQUE_EXACT_CNV
SC003	6d24e675-2fa4-4102-861f-7516650b3049	3dc0bc4f-6863-4297-8915-f29e1aa25d26	1	3dc0bc4f-6863-4297-8915-f29e1aa25d26	Primary Tumor	1	0	UNIQUE_EXACT_CNV
SC003	6dd0dd7b-62ff-4fd1-a99a-b265f1a91dca	ae08dbd6-548a-469c-ba12-b6a87515bce7	1	ae08dbd6-548a-469c-ba12-b6a87515bce7	Primary Tumor	1	0	UNIQUE_EXACT_CNV
SC003	6e126b73-d3e8-4641-a128-306f3b313e40	fabfec99-220b-4a94-a8fe-01dfd71487f6	1	fabfec99-220b-4a94-a8fe-01dfd71487f6	Primary Tumor	1	0	UNIQUE_EXACT_CNV
SC003	6f4c8d30-47fb-47df-9eb7-4e5881e3711e	a14e7e3d-0593-4d69-b17b-e79dfb065a0f	1	a14e7e3d-0593-4d69-b17b-e79dfb065a0f	Primary Tumor	1	0	UNIQUE_EXACT_CNV
SC003	6f6afd31-b5dd-48ab-b18f-6390ba18a5f0	3b675bbd-b18e-4b72-b3c3-30527a9c157a	1	3b675bbd-b18e-4b72-b3c3-30527a9c157a	Primary Tumor	1	0	UNIQUE_EXACT_CNV
SC003	6f6e7356-3521-4674-8eec-ad01340d4b8e	e11babda-c07c-4406-85ed-0b1d45985017	1	e11babda-c07c-4406-85ed-0b1d45985017	Primary Tumor	1	0	UNIQUE_EXACT_CNV
SC003	6fa2a667-9c36-4526-8a58-1975e863a806	b85be663-edba-4e1e-a10c-d0297744a0e9	1	b85be663-edba-4e1e-a10c-d0297744a0e9	Primary Tumor	1	0	UNIQUE_EXACT_CNV
SC003	7032ec9c-e96b-4642-a7b6-d0aee7a3add2	bf0f55ac-2f35-4f8b-a1d9-c4e283fc7365	1	bf0f55ac-2f35-4f8b-a1d9-c4e283fc7365	Primary Tumor	1	0	UNIQUE_EXACT_CNV
SC003	70fc011c-0f22-4026-9d72-87351126203a	2b62733a-fcbd-46b9-b2be-9397c563e3bd	1	2b62733a-fcbd-46b9-b2be-9397c563e3bd	Primary Tumor	1	0	UNIQUE_EXACT_CNV
SC003	71229981-97c2-4ae1-a130-fe5de336b37d	ea0b870f-324e-4d12-be78-1737ef7f80b5	1	ea0b870f-324e-4d12-be78-1737ef7f80b5	Primary Tumor	1	0	UNIQUE_EXACT_CNV
SC003	71fc8941-4cfb-47ea-a533-873d38f8c95c	de6d4267-c1cb-4761-a539-5f83368735af	1	de6d4267-c1cb-4761-a539-5f83368735af	Primary Tumor	1	0	UNIQUE_EXACT_CNV
SC003	7241b3d4-31ee-4fd2-a4a5-35a9d5f37d6a	5b01ed81-2119-4797-9be9-67bc21abc7d9	1	5b01ed81-2119-4797-9be9-67bc21abc7d9	Primary Tumor	1	0	UNIQUE_EXACT_CNV
SC003	72cd1b17-d349-4551-83f7-3062ce9db865	f549267b-0932-45f0-b7e6-c4a42cac50c8	1	f549267b-0932-45f0-b7e6-c4a42cac50c8	Primary Tumor	1	0	UNIQUE_EXACT_CNV
SC003	7317e605-93ba-49a9-8743-20613b02767a	ca3a64da-cebc-4451-ad48-5fdb6b9c26cc	1	ca3a64da-cebc-4451-ad48-5fdb6b9c26cc	Primary Tumor	1	0	UNIQUE_EXACT_CNV
SC003	738e1acc-1f0c-4a96-9c8a-222727ef5af8	fca8da49-849b-4790-a956-db7ee97c39e9	1	fca8da49-849b-4790-a956-db7ee97c39e9	Primary Tumor	1	0	UNIQUE_EXACT_CNV
SC003	73ccc949-01b7-48d3-a7c4-c4bcd261672a	423305a8-f060-44da-a053-18dd8c2b172e	1	423305a8-f060-44da-a053-18dd8c2b172e	Primary Tumor	1	0	UNIQUE_EXACT_CNV
SC003	7455d832-ad66-40df-85d7-3a7051c4498d	5c703f38-38a5-4543-a964-88cf1d5ba2f1	1	5c703f38-38a5-4543-a964-88cf1d5ba2f1	Primary Tumor	1	0	UNIQUE_EXACT_CNV
SC003	7486a2b3-b09f-4e9c-9864-8b51b58d9fb3	31e5bc10-074b-4bb2-92f9-d9217c0efc3b	1	31e5bc10-074b-4bb2-92f9-d9217c0efc3b	Primary Tumor	1	0	UNIQUE_EXACT_CNV
SC003	74f31744-0aed-4633-beec-4e203315f0b7	eb11d414-2f0e-44a1-843c-ecacc7212e91	1	eb11d414-2f0e-44a1-843c-ecacc7212e91	Primary Tumor	1	0	UNIQUE_EXACT_CNV
SC003	75113445-d2d6-44a0-866c-c9175e6d214b	ace39ef3-1b5e-4ad2-a20d-62957e524281	1	ace39ef3-1b5e-4ad2-a20d-62957e524281	Primary Tumor	1	0	UNIQUE_EXACT_CNV
SC003	752ad011-79e0-494f-9868-98bf6feb28f8	caa51a8b-eadc-4d87-b0f8-f6ffc17723b5	1	caa51a8b-eadc-4d87-b0f8-f6ffc17723b5	Primary Tumor	1	0	UNIQUE_EXACT_CNV
SC003	752f4773-5a12-4485-a1f6-896e148ddf4d	bdc13064-e554-4a1e-9037-03187bcb3507	1	bdc13064-e554-4a1e-9037-03187bcb3507	Primary Tumor	1	0	UNIQUE_EXACT_CNV
SC003	7588a286-6935-424a-bc5f-92e24c83eb37	9caf2f97-a056-4274-be21-cf06656116fa	1	9caf2f97-a056-4274-be21-cf06656116fa	Primary Tumor	1	0	UNIQUE_EXACT_CNV
SC003	76ace6aa-0505-442c-978a-f889cf2d44bb	46f79f16-4d38-4a71-ad9e-24037054966c	1	46f79f16-4d38-4a71-ad9e-24037054966c	Primary Tumor	1	0	UNIQUE_EXACT_CNV
SC003	77e25ae8-82ec-4dea-8e62-1176f27e47ba	ba0b6f0b-4e90-40b5-a47b-44ed4eb5dde2	1	ba0b6f0b-4e90-40b5-a47b-44ed4eb5dde2	Primary Tumor	1	0	UNIQUE_EXACT_CNV
SC003	7861a5f2-8910-4bcb-9c34-f79c5acd6e21	d3263082-946d-4420-8a63-8d67eeee09c5	1	d3263082-946d-4420-8a63-8d67eeee09c5	Primary Tumor	1	0	UNIQUE_EXACT_CNV
SC003	786e8dbe-442e-4551-87b3-b4c333b04dd4	8ef7ad6f-a6e4-405c-b20e-d547985bd9d6	1	8ef7ad6f-a6e4-405c-b20e-d547985bd9d6	Primary Tumor	1	0	UNIQUE_EXACT_CNV
SC003	7875018b-91dc-4ab1-83b0-ee3883e2816e	c1898b32-a9c5-410b-a197-572b2a6a2d7a	1	c1898b32-a9c5-410b-a197-572b2a6a2d7a	Primary Tumor	1	0	UNIQUE_EXACT_CNV
SC003	78e1da41-127c-4e9c-aaaa-77a0d94c31d0	b1de1587-febd-4e50-99ac-eb3dcb23033a	1	b1de1587-febd-4e50-99ac-eb3dcb23033a	Primary Tumor	1	0	UNIQUE_EXACT_CNV
SC003	790ff5db-b7f3-4946-aaed-305f66b1dd6a	dce6cac3-6c76-4574-b7a8-c7083b12f22e	1	dce6cac3-6c76-4574-b7a8-c7083b12f22e	Primary Tumor	1	0	UNIQUE_EXACT_CNV
SC003	79126e88-9cf8-45ff-bf91-a98da3b304d7	5d7a6563-6e74-48cb-a6a9-6d860759ddac	1	5d7a6563-6e74-48cb-a6a9-6d860759ddac	Primary Tumor	1	0	UNIQUE_EXACT_CNV
SC003	7aedb46a-48ec-4e0e-8baa-c9ea4c4a7cf1	9d657232-b6b4-4100-833c-5f94059a9ba7	1	9d657232-b6b4-4100-833c-5f94059a9ba7	Primary Tumor	1	0	UNIQUE_EXACT_CNV
SC003	7b892055-c59d-4550-8688-ad039790af3d	f713031b-b8ee-4195-91b1-ac9cf63d76a4	1	f713031b-b8ee-4195-91b1-ac9cf63d76a4	Primary Tumor	1	0	UNIQUE_EXACT_CNV
SC003	7c2a8440-0206-4039-8474-8d62f6c7de0c	9d772786-6ac9-4e52-9899-023ffa7247d2	1	9d772786-6ac9-4e52-9899-023ffa7247d2	Primary Tumor	1	0	UNIQUE_EXACT_CNV
SC003	7d681cc6-689d-41c8-9e84-e13733089ec9	f6cc81c4-e7b6-462c-a97a-27c1ef62b958	1	f6cc81c4-e7b6-462c-a97a-27c1ef62b958	Primary Tumor	1	0	UNIQUE_EXACT_CNV
SC003	7dcf550c-90ce-4f63-aecd-0e46897e2a3e	d7e3b628-d5fd-4e79-9c4a-6409330fb8a7	1	d7e3b628-d5fd-4e79-9c4a-6409330fb8a7	Primary Tumor	1	0	UNIQUE_EXACT_CNV
SC003	7e8713bd-0b17-4f09-9696-bc29707d862b	99095138-b471-48d0-aed9-dd8afc8ded68	1	99095138-b471-48d0-aed9-dd8afc8ded68	Primary Tumor	1	0	UNIQUE_EXACT_CNV
SC003	7e9c8d3c-790c-46ad-8f31-b557b7c26f69	ce4833ca-7926-4c85-9a2d-1def273d4f77	1	ce4833ca-7926-4c85-9a2d-1def273d4f77	Primary Tumor	1	0	UNIQUE_EXACT_CNV
SC003	7eb18190-5a41-4637-9783-f81bbde499e4	cf2b65de-c6a1-4ebc-a62a-c652ce17d2d0	1	cf2b65de-c6a1-4ebc-a62a-c652ce17d2d0	Primary Tumor	1	0	UNIQUE_EXACT_CNV
SC003	7f2a63e6-64d5-4be1-9814-e8416fc9e688	9bd5963e-d8f4-4eed-b32b-2eedb00db268	1	9bd5963e-d8f4-4eed-b32b-2eedb00db268	Primary Tumor	1	0	UNIQUE_EXACT_CNV
SC003	80419545-4e5d-4baf-8948-f84589b5ef3e	d36bac7b-872b-44a8-8c7f-8cb850b49603	1	d36bac7b-872b-44a8-8c7f-8cb850b49603	Primary Tumor	1	0	UNIQUE_EXACT_CNV
SC003	805bfe39-3695-43c2-93e4-d66d0559b89f	d5d86fc3-a720-43b7-8125-160f3af04de0	1	d5d86fc3-a720-43b7-8125-160f3af04de0	Primary Tumor	1	0	UNIQUE_EXACT_CNV
SC003	8159ff7b-89f4-411a-9b9c-491f1cb3eb34	8d65b4ee-183b-4767-9091-dec23a17af93	1	8d65b4ee-183b-4767-9091-dec23a17af93	Primary Tumor	1	0	UNIQUE_EXACT_CNV
SC003	8183f0fb-2303-4d7b-bccd-55e5031fc7df	d763edf9-b6f2-4814-b263-180aced12da2	1	d763edf9-b6f2-4814-b263-180aced12da2	Primary Tumor	1	0	UNIQUE_EXACT_CNV
SC003	81e32f39-3aa0-468b-87ed-dd2eb6165ddf	f2b7091e-ed85-4546-8f11-307154153d31	1	f2b7091e-ed85-4546-8f11-307154153d31	Primary Tumor	1	0	UNIQUE_EXACT_CNV
SC003	8218119a-f68b-4ea7-9ee4-5e2edc2ae342	dc85267a-0ce1-439e-9ecf-e5a13ad06f26	1	dc85267a-0ce1-439e-9ecf-e5a13ad06f26	Primary Tumor	1	0	UNIQUE_EXACT_CNV
SC003	848773a3-2f4a-4186-ab3f-de667129accf	b8e11365-4360-4db7-bfe8-a8da3ca4819b	1	b8e11365-4360-4db7-bfe8-a8da3ca4819b	Primary Tumor	1	0	UNIQUE_EXACT_CNV
SC003	84a88e8d-1e65-4b88-aae6-bf4c7a7e4c33	c8426c95-e975-4a7e-9943-f5c513dd95ef	1	c8426c95-e975-4a7e-9943-f5c513dd95ef	Primary Tumor	1	0	UNIQUE_EXACT_CNV
SC003	8539e15f-ba40-4219-aaeb-08d0ab101311	efddcf44-ac69-436a-ba29-261e8dc6ad55	1	efddcf44-ac69-436a-ba29-261e8dc6ad55	Primary Tumor	1	0	UNIQUE_EXACT_CNV
SC003	858652b8-c4c2-41d8-be32-fdc88e1a7bb0	bea52276-596c-479e-981d-ca9132742098	1	bea52276-596c-479e-981d-ca9132742098	Primary Tumor	1	0	UNIQUE_EXACT_CNV
SC003	8624354c-af25-423c-9c71-48a5dd821097	b4402906-2bfa-4b75-b479-4e660556fbe5	1	b4402906-2bfa-4b75-b479-4e660556fbe5	Primary Tumor	1	0	UNIQUE_EXACT_CNV
SC003	8631969d-4ac6-4fe1-9db3-d47db604494a	92b16015-e552-48e3-a095-0197b99b52a8	1	92b16015-e552-48e3-a095-0197b99b52a8	Primary Tumor	1	0	UNIQUE_EXACT_CNV
SC003	86a18ae0-dfb1-49c3-b5c4-67ec331d6e40	fc3fe505-f138-426f-87d3-c7ae138be02d	1	fc3fe505-f138-426f-87d3-c7ae138be02d	Primary Tumor	1	0	UNIQUE_EXACT_CNV
SC003	86b7b206-8e69-432d-acc9-bccce710955e	8e666196-bf9d-4b71-9c66-ee9272b671a5	1	8e666196-bf9d-4b71-9c66-ee9272b671a5	Primary Tumor	1	0	UNIQUE_EXACT_CNV
SC003	86c6f993-327f-4525-9983-29c55625593a	8434f4a2-0ead-40f6-9b63-9c958a3fb812	1	8434f4a2-0ead-40f6-9b63-9c958a3fb812	Primary Tumor	1	0	UNIQUE_EXACT_CNV
SC003	87b85935-a058-44ad-8fb6-8511130eaffe	a9d130f4-84e6-4f3c-982f-69971b5b7a46	1	a9d130f4-84e6-4f3c-982f-69971b5b7a46	Primary Tumor	1	0	UNIQUE_EXACT_CNV
SC003	87f03d04-e651-4a6e-aea6-1c946aa46202	ce3c01d9-e8c7-4bd6-84f9-741f38b07267	1	ce3c01d9-e8c7-4bd6-84f9-741f38b07267	Primary Tumor	1	0	UNIQUE_EXACT_CNV
SC003	88db1340-e4bf-451a-87c0-6e9168296f5e	da9dc40b-0350-4b8c-8a7a-15100d5aeb90	1	da9dc40b-0350-4b8c-8a7a-15100d5aeb90	Primary Tumor	1	0	UNIQUE_EXACT_CNV
SC003	8ace3b8c-f23e-48a9-a137-9e046bd9549b	4c70c0b1-1566-4e39-9dec-5050f62cd0a8	1	4c70c0b1-1566-4e39-9dec-5050f62cd0a8	Primary Tumor	1	0	UNIQUE_EXACT_CNV
SC003	8b525ec6-d24b-49d4-bfcb-b354de4dae7c	e3118dbe-9f93-45b0-81d3-2e64f06b7c74	1	e3118dbe-9f93-45b0-81d3-2e64f06b7c74	Primary Tumor	1	0	UNIQUE_EXACT_CNV
SC003	8bd68696-5eeb-46d7-9dc6-c39c849029a4	c385c7fc-0e3e-4fc8-87c1-6db442e5606f	1	c385c7fc-0e3e-4fc8-87c1-6db442e5606f	Primary Tumor	1	0	UNIQUE_EXACT_CNV
SC003	8c09f413-e938-4f2e-a414-84f0e7fcfe41	efe1592d-ef98-40df-b31e-545baef69207	1	efe1592d-ef98-40df-b31e-545baef69207	Primary Tumor	1	0	UNIQUE_EXACT_CNV
SC003	8c7e74e0-71ef-49b8-9217-94b8ef740ef9	8a790c78-8ad4-4e0b-9728-0e24cadc1f98	1	8a790c78-8ad4-4e0b-9728-0e24cadc1f98	Primary Tumor	1	0	UNIQUE_EXACT_CNV
SC003	8d5fe6e8-d2cc-481f-a6a1-9cb6e7982cde	84ff236c-bc58-4797-9a34-da53eb1620dc	1	84ff236c-bc58-4797-9a34-da53eb1620dc	Primary Tumor	1	0	UNIQUE_EXACT_CNV
SC003	8db69f1d-72e2-40ba-ad8a-cf228499840d	8a384d0c-be3c-4a35-8b57-2c48de743ebe	1	8a384d0c-be3c-4a35-8b57-2c48de743ebe	Primary Tumor	1	0	UNIQUE_EXACT_CNV
SC003	8f34cb4c-5798-47a0-89a1-f0ee26a8ae93	35276e2e-eb29-47be-88ab-3822b82153ea	1	35276e2e-eb29-47be-88ab-3822b82153ea	Primary Tumor	1	0	UNIQUE_EXACT_CNV
SC003	8f912a40-3251-4e1f-ae65-1f93d71f9881	ac0612f6-3d84-44d5-a224-6cbe65531505	1	ac0612f6-3d84-44d5-a224-6cbe65531505	Primary Tumor	1	0	UNIQUE_EXACT_CNV
SC003	910655da-2c12-4572-96b7-ded616e69b4b	764a5732-0b44-4cbe-93f2-7b84fd7d81a1	1	764a5732-0b44-4cbe-93f2-7b84fd7d81a1	Primary Tumor	1	0	UNIQUE_EXACT_CNV
SC003	91da548b-5c64-49c3-a44a-1ef115f53311	cc10feb5-ced7-4c1e-b429-c4ac77236765	1	cc10feb5-ced7-4c1e-b429-c4ac77236765	Primary Tumor	1	0	UNIQUE_EXACT_CNV
SC003	92654f8d-5137-4ffd-aaa3-5ae38eb88226	c685196b-c3cf-49fa-aae4-f6ccbe04779f	1	c685196b-c3cf-49fa-aae4-f6ccbe04779f	Primary Tumor	1	0	UNIQUE_EXACT_CNV
SC003	929acc67-b8bf-4f65-9110-380e44ab66b7	a1953616-e244-4a52-b283-2e39d58f2c9a	1	a1953616-e244-4a52-b283-2e39d58f2c9a	Primary Tumor	1	0	UNIQUE_EXACT_CNV
SC003	92b5de82-0221-4df1-8094-80f40c0bb4fa	e11dab7d-dc9c-416c-8200-ebdf8a64e3ea	1	e11dab7d-dc9c-416c-8200-ebdf8a64e3ea	Primary Tumor	1	0	UNIQUE_EXACT_CNV
SC003	9416ff9b-6f29-4554-b04d-b537a3ae3969	7c44fbbe-00db-4ad7-86a9-61b5968d1a00	1	7c44fbbe-00db-4ad7-86a9-61b5968d1a00	Primary Tumor	1	0	UNIQUE_EXACT_CNV
SC003	9495f029-9882-4c9b-a557-b3aec9e91698	550f24b0-a925-41d6-be27-96c827693611	1	550f24b0-a925-41d6-be27-96c827693611	Primary Tumor	1	0	UNIQUE_EXACT_CNV
SC003	94b03e1d-50ec-4680-bffd-7086d1536ff2	fe0ddcfc-f6e9-460d-b8e6-5187ffe8eb4f	1	fe0ddcfc-f6e9-460d-b8e6-5187ffe8eb4f	Primary Tumor	1	0	UNIQUE_EXACT_CNV
SC003	9536bec0-dae0-4d63-a1b3-956741835243	efbff161-d65a-4009-8e95-50d7f6cae435	1	efbff161-d65a-4009-8e95-50d7f6cae435	Primary Tumor	1	0	UNIQUE_EXACT_CNV
SC003	95873e61-afdb-496c-9f77-3f9beb008cda	c9e12d18-6092-499f-92ae-6fd6b16f2acd	1	c9e12d18-6092-499f-92ae-6fd6b16f2acd	Primary Tumor	1	0	UNIQUE_EXACT_CNV
SC003	96457ebf-ae88-41f4-97e5-cdc3163418aa	93a3fc8a-1b50-4da3-9dbb-cf9f582fc22e	1	93a3fc8a-1b50-4da3-9dbb-cf9f582fc22e	Primary Tumor	1	0	UNIQUE_EXACT_CNV
SC003	96b9c7db-1be1-4b60-b47c-26b654c3d64c	b4c19f4e-c5bf-4c4f-bad8-9c18128c112d	1	b4c19f4e-c5bf-4c4f-bad8-9c18128c112d	Primary Tumor	1	0	UNIQUE_EXACT_CNV
SC003	97943d87-fed7-4f14-a0a7-c5bfee64c392	41af42ec-7521-4783-916e-2c982eef0f98	1	41af42ec-7521-4783-916e-2c982eef0f98	Primary Tumor	1	0	UNIQUE_EXACT_CNV
SC003	97b5f490-1cd9-4833-b903-5f4c6e45670d	c514a893-e085-4a67-b386-b61c3b63a22c	1	c514a893-e085-4a67-b386-b61c3b63a22c	Primary Tumor	1	0	UNIQUE_EXACT_CNV
SC003	9857be0c-aeca-4a43-90b1-0535bd08e086	571468b9-6fb4-40c6-8830-1ffad5419b60	1	571468b9-6fb4-40c6-8830-1ffad5419b60	Primary Tumor	1	0	UNIQUE_EXACT_CNV
SC003	98e709e7-e195-4b37-9537-f6081affb609	4320c739-978f-4ebf-85c6-23d4735a38c1	1	4320c739-978f-4ebf-85c6-23d4735a38c1	Primary Tumor	1	0	UNIQUE_EXACT_CNV
SC003	991e1427-3c01-423d-abfd-4584302ca72c	9113cf96-0feb-4e13-b1d5-0ddd12c2cab7	1	9113cf96-0feb-4e13-b1d5-0ddd12c2cab7	Primary Tumor	1	0	UNIQUE_EXACT_CNV
SC003	993103b1-e5a1-4c33-8629-be53ebc41d64	a36231aa-f304-4bbf-aa86-b9547916c097	1	a36231aa-f304-4bbf-aa86-b9547916c097	Primary Tumor	1	0	UNIQUE_EXACT_CNV
SC003	9964f447-92ad-4d1e-af20-11cf84fab7b0	8518e829-4248-4f12-b32f-f4019f7ba4e2	1	8518e829-4248-4f12-b32f-f4019f7ba4e2	Primary Tumor	1	0	UNIQUE_EXACT_CNV
SC003	99927651-34be-4795-893a-128d8a1fdb30	e35fcfbe-0550-4a39-9996-5d178e3f40ef	1	e35fcfbe-0550-4a39-9996-5d178e3f40ef	Primary Tumor	1	0	UNIQUE_EXACT_CNV
SC003	99e32c59-aa73-43fa-88c9-399ddadb2c72	72439e36-3c17-4a90-b3e1-8f6ccfd3dcd4	1	72439e36-3c17-4a90-b3e1-8f6ccfd3dcd4	Primary Tumor	1	0	UNIQUE_EXACT_CNV
SC003	9ac44381-5d43-4f63-aa3f-7703bfc923c9	afed1e5d-c6c1-4d95-9e57-d82f6a823543	1	afed1e5d-c6c1-4d95-9e57-d82f6a823543	Primary Tumor	1	0	UNIQUE_EXACT_CNV
SC003	9b13927c-7357-44fd-8385-92ae6a656b7d	b98aa84f-5144-4062-badc-32e89368d684	1	b98aa84f-5144-4062-badc-32e89368d684	Primary Tumor	1	0	UNIQUE_EXACT_CNV
SC003	9ba11ea8-97d3-464a-90a4-ec1151be9088	cb389c7a-50d4-4f2d-9c5c-c1fff17e442a	1	cb389c7a-50d4-4f2d-9c5c-c1fff17e442a	Primary Tumor	1	0	UNIQUE_EXACT_CNV
SC003	9c1ceb7d-6fed-4c2f-a89a-bf3c5b15ca58	f7622b8a-b57c-42f0-bad1-c85edd41f034	1	f7622b8a-b57c-42f0-bad1-c85edd41f034	Primary Tumor	1	0	UNIQUE_EXACT_CNV
SC003	9c55032f-4db7-4026-ae83-8d060dd8e3fe	be694dea-a16a-4841-9588-89bba1b37dc6	1	be694dea-a16a-4841-9588-89bba1b37dc6	Primary Tumor	1	0	UNIQUE_EXACT_CNV
SC003	9c895825-d6f6-4d14-a662-23212200f6e5	cec6ad5e-a8d3-43cd-8a74-2199899f2422	1	cec6ad5e-a8d3-43cd-8a74-2199899f2422	Primary Tumor	1	0	UNIQUE_EXACT_CNV
SC003	9ce7ce09-4409-4fa3-9f78-b2b24716f860	7cd3890a-bac7-42d0-a615-4b0f862200b8	1	7cd3890a-bac7-42d0-a615-4b0f862200b8	Primary Tumor	1	0	UNIQUE_EXACT_CNV
SC003	9ced0c70-c46c-4f98-8f48-840defe4b8b1	4584c7e2-8011-4231-a5e6-26a264f6d1b1	1	4584c7e2-8011-4231-a5e6-26a264f6d1b1	Primary Tumor	1	0	UNIQUE_EXACT_CNV
SC003	9d8702e1-1a36-4bca-85ab-5f11d58d7953	c8e05740-9d67-4e06-a30f-4298b6523a5a	1	c8e05740-9d67-4e06-a30f-4298b6523a5a	Primary Tumor	1	0	UNIQUE_EXACT_CNV
SC003	9da462b0-93c2-4305-89f6-7199a30399a7	a0de3018-8916-4e06-8ba1-beb1d218e30e	1	a0de3018-8916-4e06-8ba1-beb1d218e30e	Primary Tumor	1	0	UNIQUE_EXACT_CNV
SC003	9ddc014d-9a8b-407b-845f-452a73f08e5e	e958ea52-21bc-43ce-9a24-72acda04e48d	1	e958ea52-21bc-43ce-9a24-72acda04e48d	Primary Tumor	1	0	UNIQUE_EXACT_CNV
SC003	9ddc3e7b-8b54-4a83-8335-8053940f56c1	796e565c-3841-425a-bdfb-569776d7c9ac	1	796e565c-3841-425a-bdfb-569776d7c9ac	Primary Tumor	1	0	UNIQUE_EXACT_CNV
SC003	9e894662-b718-40f8-8899-b5e036cfbd76	fe23a254-a0a4-452c-a2ba-685f66738a86	1	fe23a254-a0a4-452c-a2ba-685f66738a86	Primary Tumor	1	0	UNIQUE_EXACT_CNV
SC003	9f80649b-a249-4fb5-97ad-059a30e13fea	e61873d5-bfd2-4fcc-9f9e-ca80779d36b7	1	e61873d5-bfd2-4fcc-9f9e-ca80779d36b7	Primary Tumor	1	0	UNIQUE_EXACT_CNV
SC003	a06ff6ae-b0dd-4516-a75c-0db71694b46b	bfc636bb-4e93-4e8b-bcc3-c98cf820e6e7	1	bfc636bb-4e93-4e8b-bcc3-c98cf820e6e7	Primary Tumor	1	0	UNIQUE_EXACT_CNV
SC003	a12fd22a-7f84-4b6e-b6d8-012e38eb73d7	7cfe5395-8477-405a-8260-b3b3aaf46a42	1	7cfe5395-8477-405a-8260-b3b3aaf46a42	Primary Tumor	1	0	UNIQUE_EXACT_CNV
SC003	a1674d7b-787a-45c4-bf16-1b7d0efce207	62ce9f85-13d7-445b-a32a-11f6001617e4	1	62ce9f85-13d7-445b-a32a-11f6001617e4	Primary Tumor	1	0	UNIQUE_EXACT_CNV
SC003	a1da9db1-db11-4f4d-a249-c738db81b87e	ee368eb1-55e1-471e-b88b-bab896e37b5c	1	ee368eb1-55e1-471e-b88b-bab896e37b5c	Primary Tumor	1	0	UNIQUE_EXACT_CNV
SC003	a2434f47-2168-47d0-9bbb-981071597843	cde5b270-bec9-40d4-9c59-29f93ef08293	1	cde5b270-bec9-40d4-9c59-29f93ef08293	Primary Tumor	1	0	UNIQUE_EXACT_CNV
SC003	a2453bcb-90f2-4505-949d-a89cf4bfc9b8	f2a49aa7-b756-4eaa-a6fd-00f56c7e7851	1	f2a49aa7-b756-4eaa-a6fd-00f56c7e7851	Primary Tumor	1	0	UNIQUE_EXACT_CNV
SC003	a272171b-44f5-47a5-89be-7520413c01ad	74fcf73e-30a7-446d-9066-07d2e29ac78f	1	74fcf73e-30a7-446d-9066-07d2e29ac78f	Primary Tumor	1	0	UNIQUE_EXACT_CNV
SC003	a412b374-4d25-491f-b76f-ddaa989acf59	d5de71c5-b810-426d-a1f9-7f7ff07b775f	1	d5de71c5-b810-426d-a1f9-7f7ff07b775f	Primary Tumor	1	0	UNIQUE_EXACT_CNV
SC003	a482fc4c-ff1d-46a0-a968-7df06422cc4b	7daa9124-2878-4708-ae74-28b17ef4898c	1	7daa9124-2878-4708-ae74-28b17ef4898c	Primary Tumor	1	0	UNIQUE_EXACT_CNV
SC003	a5b44d66-c162-46b5-9df2-86305f0385c5	dbd8fda0-bdf2-40f0-80b6-daef5ebf9c97	1	dbd8fda0-bdf2-40f0-80b6-daef5ebf9c97	Primary Tumor	1	0	UNIQUE_EXACT_CNV
SC003	a6e5f869-1182-4f81-b4bb-cf55261c8f3f	287b037a-c32a-49f0-bed6-7674d2e26574	1	287b037a-c32a-49f0-bed6-7674d2e26574	Primary Tumor	1	0	UNIQUE_EXACT_CNV
SC003	a76774fe-7298-4d68-a2b2-c1bad93f0c31	d6e981ee-1afc-4f84-a3be-e87e0d1460cd	1	d6e981ee-1afc-4f84-a3be-e87e0d1460cd	Primary Tumor	1	0	UNIQUE_EXACT_CNV
SC003	a824b3bd-34d5-4cc1-a92f-f9d6ac0f1814	8867f07e-0993-4c9a-96df-18e24801ba80	1	8867f07e-0993-4c9a-96df-18e24801ba80	Primary Tumor	1	0	UNIQUE_EXACT_CNV
SC003	a82d0a57-4383-473d-b334-d13b278404b1	b280103f-8732-4ee4-9e61-357a9cb3a0a9	1	b280103f-8732-4ee4-9e61-357a9cb3a0a9	Primary Tumor	1	0	UNIQUE_EXACT_CNV
SC003	a8a199c9-d781-4e6c-af8c-c85d60c7cd40	fa3f34b7-5f69-41f8-9384-42af0260d7ec	1	fa3f34b7-5f69-41f8-9384-42af0260d7ec	Primary Tumor	1	0	UNIQUE_EXACT_CNV
SC003	a8a33ba9-0976-4e19-b0e9-fa5ba4d4eaa8	e943ba18-21be-49ec-8d2a-cfad16e37fa0	1	e943ba18-21be-49ec-8d2a-cfad16e37fa0	Primary Tumor	1	0	UNIQUE_EXACT_CNV
SC003	a947a945-4721-45cc-bc45-13b8ea41c10e	87845b6d-d3a0-43bf-82cf-a9429759e353	1	87845b6d-d3a0-43bf-82cf-a9429759e353	Primary Tumor	1	0	UNIQUE_EXACT_CNV
SC003	a991644b-3ee6-4cda-acf0-e37de48a49fc	95c533d3-798c-4aca-8f38-dc4825f254b5	1	95c533d3-798c-4aca-8f38-dc4825f254b5	Primary Tumor	1	0	UNIQUE_EXACT_CNV
SC003	a9b7d7fe-be31-4f71-afee-c1bfdf511888	cf11642a-eb96-4b37-b914-371c71f8e0ca	1	cf11642a-eb96-4b37-b914-371c71f8e0ca	Primary Tumor	1	0	UNIQUE_EXACT_CNV
SC003	aa4244a8-0454-4247-a1c3-357fd51746fa	b32287fb-5ff5-4f5f-a9dc-0c0d514351b4	1	b32287fb-5ff5-4f5f-a9dc-0c0d514351b4	Primary Tumor	1	0	UNIQUE_EXACT_CNV
SC003	aaea5f9c-b35b-47f8-93cb-bdc7b81844ff	57e65074-4dc7-4f55-9638-8d123702305c	1	57e65074-4dc7-4f55-9638-8d123702305c	Primary Tumor	1	0	UNIQUE_EXACT_CNV
SC003	ac075bc0-1b59-4557-beea-541694faee03	28e05d2f-0559-425a-accf-d5b4c1152548	1	28e05d2f-0559-425a-accf-d5b4c1152548	Primary Tumor	1	0	UNIQUE_EXACT_CNV
SC003	ac18b3a3-8d52-4e35-8625-673171a7fd92	f45e5bb1-c07d-4869-8acd-03036629e83d	1	f45e5bb1-c07d-4869-8acd-03036629e83d	Primary Tumor	1	0	UNIQUE_EXACT_CNV
SC003	ad01259b-d858-40bc-a6ba-0bb06e996afb	7909743a-2bde-48c3-8254-3fbd57ac2e33	1	7909743a-2bde-48c3-8254-3fbd57ac2e33	Primary Tumor	1	0	UNIQUE_EXACT_CNV
SC003	ad0fa961-c085-4f38-b3db-5fc0cbf6b64f	a189a276-126a-4357-8aea-9ac6a791a1c5	1	a189a276-126a-4357-8aea-9ac6a791a1c5	Primary Tumor	1	0	UNIQUE_EXACT_CNV
SC003	ad18820b-a804-49c0-ba8a-86c09fa6bce2	e5a9fa79-2d0f-4cda-9fea-baab86f78b8e	1	e5a9fa79-2d0f-4cda-9fea-baab86f78b8e	Primary Tumor	1	0	UNIQUE_EXACT_CNV
SC003	ad6d26ab-6568-40db-bfb0-394d40e801cf	d32e480b-d1ee-4bae-af15-8b5b94c1cc8a	1	d32e480b-d1ee-4bae-af15-8b5b94c1cc8a	Primary Tumor	1	0	UNIQUE_EXACT_CNV
SC003	ad7fcc89-82a3-48aa-8461-581c1a857677	bb83d6d7-e5e4-49cb-a533-bdf2fb330bae	1	bb83d6d7-e5e4-49cb-a533-bdf2fb330bae	Primary Tumor	1	0	UNIQUE_EXACT_CNV
SC003	ae65baeb-6b78-492a-8c63-bb7e93e83dc2	d4371446-8326-4e35-9e86-d8a48393efae	1	d4371446-8326-4e35-9e86-d8a48393efae	Primary Tumor	1	0	UNIQUE_EXACT_CNV
SC003	aeb6a3a6-b57a-4c53-90e6-e833777dd2a1	b2921c9d-c655-46f3-86e5-2fc2bed1ed33	1	b2921c9d-c655-46f3-86e5-2fc2bed1ed33	Primary Tumor	1	0	UNIQUE_EXACT_CNV
SC003	af2a8e2f-2ae1-48bc-bba5-0e2c077c4e48	a56aa062-cc7f-4ceb-96d6-2a6c251fc9b5	1	a56aa062-cc7f-4ceb-96d6-2a6c251fc9b5	Primary Tumor	1	0	UNIQUE_EXACT_CNV
SC003	af577366-0258-49e7-b6af-e70056c081a4	e2ef6df2-c375-4c59-ae1b-c8cca22a8387	1	e2ef6df2-c375-4c59-ae1b-c8cca22a8387	Primary Tumor	1	0	UNIQUE_EXACT_CNV
SC003	b0700958-5f90-4546-b35f-635cd506889b	723a715f-02aa-4708-bb61-84a36792ec83	1	723a715f-02aa-4708-bb61-84a36792ec83	Primary Tumor	1	0	UNIQUE_EXACT_CNV
SC003	b26d41cd-393b-4cd4-8925-a9488f7de576	f2eac3ac-cb30-4d6d-a85a-4ea1ad3e7301	1	f2eac3ac-cb30-4d6d-a85a-4ea1ad3e7301	Primary Tumor	1	0	UNIQUE_EXACT_CNV
SC003	b2aac45b-2073-4c7a-adb9-769a4fdcc111	fb0b2d84-d982-4d3a-9803-36420f2e7e46	1	fb0b2d84-d982-4d3a-9803-36420f2e7e46	Primary Tumor	1	0	UNIQUE_EXACT_CNV
SC003	b2ecbc0f-2c30-4200-8d5e-7b95424bcadb	e2b02d95-df95-48ad-b26f-3eb15201969d	1	e2b02d95-df95-48ad-b26f-3eb15201969d	Primary Tumor	1	0	UNIQUE_EXACT_CNV
SC003	b3354b72-2637-4edc-9a95-e55801d3ac13	6e7092aa-e92c-4d9b-8ed1-f8c32f39fe80	1	6e7092aa-e92c-4d9b-8ed1-f8c32f39fe80	Primary Tumor	1	0	UNIQUE_EXACT_CNV
SC003	b343bfe0-7c23-4c6a-8c84-9ee39db2ecda	c6514deb-3214-4ceb-8db6-46daca13911f	1	c6514deb-3214-4ceb-8db6-46daca13911f	Primary Tumor	1	0	UNIQUE_EXACT_CNV
SC003	b5b99291-507e-4b68-a039-9a0f571f55df	d8afcb32-81d0-43b3-ad5c-e8c735710624	1	d8afcb32-81d0-43b3-ad5c-e8c735710624	Primary Tumor	1	0	UNIQUE_EXACT_CNV
SC003	b5fba77b-1f50-4e71-95b2-566afba4bdd7	e17e273d-6f53-4419-9f0c-1e4e667c5257	1	e17e273d-6f53-4419-9f0c-1e4e667c5257	Primary Tumor	1	0	UNIQUE_EXACT_CNV
SC003	b63391a0-73f8-4544-9e94-f6529245ca2a	a63690bb-5761-47d7-854e-7be44d9b0b3a	1	a63690bb-5761-47d7-854e-7be44d9b0b3a	Primary Tumor	1	0	UNIQUE_EXACT_CNV
SC003	b6b932ce-6856-4d94-9e6c-16dfbe51906f	ec76e770-ba6b-4294-a992-993183640ff8	1	ec76e770-ba6b-4294-a992-993183640ff8	Primary Tumor	1	0	UNIQUE_EXACT_CNV
SC003	b6c286c6-2755-419b-87d3-59c7feda9653	f386bdc5-6530-400d-9f82-db2c96449a70	1	f386bdc5-6530-400d-9f82-db2c96449a70	Primary Tumor	1	0	UNIQUE_EXACT_CNV
SC003	b7a4df9a-4e25-4550-9c10-338ca1921c2f	ea78a749-5aee-44e6-9592-b2e20eeb7ff9	1	ea78a749-5aee-44e6-9592-b2e20eeb7ff9	Primary Tumor	1	0	UNIQUE_EXACT_CNV
SC003	b804f7ae-da8f-4414-be11-f880f1859160	81bebbeb-bdb8-43f4-8113-b8f53425b725	1	81bebbeb-bdb8-43f4-8113-b8f53425b725	Primary Tumor	1	0	UNIQUE_EXACT_CNV
SC003	b8b6cebc-26dc-43ae-a94a-20da6018f7ae	bc05cd4d-188f-4634-b6e4-c72a3683afed	1	bc05cd4d-188f-4634-b6e4-c72a3683afed	Primary Tumor	1	0	UNIQUE_EXACT_CNV
SC003	b95eef8a-205f-4cf8-9d3c-ae51d406e1e0	6d129f34-7de2-4f8a-b150-e6111c5845cc	1	6d129f34-7de2-4f8a-b150-e6111c5845cc	Primary Tumor	1	0	UNIQUE_EXACT_CNV
SC003	b9c6c069-2a2b-4cc7-a398-dc45c132d979	c32e8a89-bc6b-4e8a-8719-4509412b5729	1	c32e8a89-bc6b-4e8a-8719-4509412b5729	Primary Tumor	1	0	UNIQUE_EXACT_CNV
SC003	ba80db4e-d899-4da4-ae49-5263d98e1530	bc4ef13b-1ab7-4929-953d-45592691394f	1	bc4ef13b-1ab7-4929-953d-45592691394f	Primary Tumor	1	0	UNIQUE_EXACT_CNV
SC003	baf1207d-7d1a-4cad-ba58-62c26be2415e	2f2d2e05-c6ea-4f29-8bed-040bd9c46911	1	2f2d2e05-c6ea-4f29-8bed-040bd9c46911	Primary Tumor	1	0	UNIQUE_EXACT_CNV
SC003	bb026999-0aab-4232-96d7-2c93b6c9691d	401d075c-d443-4592-8c03-e675caad2b50	1	401d075c-d443-4592-8c03-e675caad2b50	Primary Tumor	1	0	UNIQUE_EXACT_CNV
SC003	bd5374c9-7f36-457f-b66b-7cc7ff64224e	50bd5c91-6557-4456-92d3-ae40cf7a8b9d	1	50bd5c91-6557-4456-92d3-ae40cf7a8b9d	Primary Tumor	1	0	UNIQUE_EXACT_CNV
SC003	be9bf36a-12e1-4386-addf-1686dc8b49de	6526e884-ca7a-4f10-9cb8-fe8fa90f1dbb	1	6526e884-ca7a-4f10-9cb8-fe8fa90f1dbb	Primary Tumor	1	0	UNIQUE_EXACT_CNV
SC003	becedbfd-b2aa-4dde-b7f4-29e6f59ec32c	e2da00f3-fdb9-4ab4-964a-6828568e2e6e	1	e2da00f3-fdb9-4ab4-964a-6828568e2e6e	Primary Tumor	1	0	UNIQUE_EXACT_CNV
SC003	bfa3dbc0-361c-400e-8c10-0aca7049fce9	e1c492c0-cf81-445d-8aa2-a8e8068ead1d	1	e1c492c0-cf81-445d-8aa2-a8e8068ead1d	Primary Tumor	1	0	UNIQUE_EXACT_CNV
SC003	bfd49783-1767-469b-9d79-7822301c5efc	adbf4056-e7d4-4282-8771-f2d6029386ab	1	adbf4056-e7d4-4282-8771-f2d6029386ab	Primary Tumor	1	0	UNIQUE_EXACT_CNV
SC003	bfd55808-dddd-44c3-97d7-41600497b992	973ee776-e287-4568-a43d-7b16cc0094a9	1	973ee776-e287-4568-a43d-7b16cc0094a9	Primary Tumor	1	0	UNIQUE_EXACT_CNV
SC003	c07b122e-ac50-4db2-add2-5617a5d0e976	ed47a919-be85-4d06-aee3-87b6485498cc	1	ed47a919-be85-4d06-aee3-87b6485498cc	Primary Tumor	1	0	UNIQUE_EXACT_CNV
SC003	c0b7b798-3383-4a45-a455-9eca5810739e	a896cc6d-91d8-4c63-b9c6-2b049e88b8b3	1	a896cc6d-91d8-4c63-b9c6-2b049e88b8b3	Primary Tumor	1	0	UNIQUE_EXACT_CNV
SC003	c0f88fc5-56b0-4255-bbd1-9a21ced8b37b	ca459603-f477-4ff4-9d47-902b3cbad196	1	ca459603-f477-4ff4-9d47-902b3cbad196	Primary Tumor	1	0	UNIQUE_EXACT_CNV
SC003	c1e704d6-a33b-4891-90bd-992b0040c075	122305ed-ca1e-431f-a332-0ac3409cded2	1	122305ed-ca1e-431f-a332-0ac3409cded2	Primary Tumor	1	0	UNIQUE_EXACT_CNV
SC003	c2aeee6c-ba10-4cf9-b560-c739580f7bf3	5423b7f8-d2bb-47c8-9af8-3d3e1276888c	1	5423b7f8-d2bb-47c8-9af8-3d3e1276888c	Primary Tumor	1	0	UNIQUE_EXACT_CNV
SC003	c348a9b3-c901-4384-a222-144387bac0c5	438152c8-2d26-4b35-9f68-a4b6c473916e	1	438152c8-2d26-4b35-9f68-a4b6c473916e	Primary Tumor	1	0	UNIQUE_EXACT_CNV
SC003	c364e81c-eb1e-4870-ab37-9c661f5f2e3d	d5adaf35-04b1-4198-b308-f4720b3d6417	1	d5adaf35-04b1-4198-b308-f4720b3d6417	Primary Tumor	1	0	UNIQUE_EXACT_CNV
SC003	c3a981c7-f148-4252-bd50-af8a49ec0df8	a4c6b7c7-739f-42e9-a9e0-9b59f1503f16	1	a4c6b7c7-739f-42e9-a9e0-9b59f1503f16	Primary Tumor	1	0	UNIQUE_EXACT_CNV
SC003	c462e422-eb8d-4daf-9897-2a9c6cbd783a	81f193d9-ad19-43c2-b89f-54003a8d133e	1	81f193d9-ad19-43c2-b89f-54003a8d133e	Primary Tumor	1	0	UNIQUE_EXACT_CNV
SC003	c4699748-f01d-4b30-9c74-1ca77fb84ac1	bc220c5a-7255-40be-9c68-2997f0b0d319	1	bc220c5a-7255-40be-9c68-2997f0b0d319	Primary Tumor	1	0	UNIQUE_EXACT_CNV
SC003	c49e3b18-fd88-48f4-8b01-300692ceb367	8ba927e8-83e7-43d8-ba16-00d45a0f0484	1	8ba927e8-83e7-43d8-ba16-00d45a0f0484	Primary Tumor	1	0	UNIQUE_EXACT_CNV
SC003	c5f00132-1c6b-4337-af6f-596c652665cc	a439dcc3-4377-449d-983e-f34f8e5741e3	1	a439dcc3-4377-449d-983e-f34f8e5741e3	Primary Tumor	1	0	UNIQUE_EXACT_CNV
SC003	c632675e-e8af-43cd-8744-5be3754c1c14	46b0a695-f283-4623-a78b-954753e8ee62	1	46b0a695-f283-4623-a78b-954753e8ee62	Primary Tumor	1	0	UNIQUE_EXACT_CNV
SC003	c694615c-b1c6-499c-8058-995633ebf948	ca0d78dc-c860-4835-ad07-052f176804a4	1	ca0d78dc-c860-4835-ad07-052f176804a4	Primary Tumor	1	0	UNIQUE_EXACT_CNV
SC003	c70ee5e1-4703-4996-bb5c-f4cca0fb53ba	fe3921db-1691-432f-b7fa-703ae8d7bfd2	1	fe3921db-1691-432f-b7fa-703ae8d7bfd2	Primary Tumor	1	0	UNIQUE_EXACT_CNV
SC003	c7d7a770-23c0-4310-ab48-1f6152dc2849	4c6bdfb2-3438-4216-b76d-d87c386bfa96	1	4c6bdfb2-3438-4216-b76d-d87c386bfa96	Primary Tumor	1	0	UNIQUE_EXACT_CNV
SC003	c8f39325-5382-447c-9291-a6915fc978b8	9f40b937-e6c0-4259-bc0a-5fdcc6549b46	1	9f40b937-e6c0-4259-bc0a-5fdcc6549b46	Primary Tumor	1	0	UNIQUE_EXACT_CNV
SC003	cc348a26-ee11-47a4-8b51-de922967e175	c6d8d136-3bd3-49d2-8305-3377240a1ce7	1	c6d8d136-3bd3-49d2-8305-3377240a1ce7	Primary Tumor	1	0	UNIQUE_EXACT_CNV
SC003	cc510968-fe52-4109-a79f-74f216b48c78	989450c7-cf32-4ed9-a74e-259a9be428ac	1	989450c7-cf32-4ed9-a74e-259a9be428ac	Primary Tumor	1	0	UNIQUE_EXACT_CNV
SC003	ccd4a24b-d8cc-4686-9dee-c98b0c5a8d21	e4dee88b-58d0-4953-ad4a-a2df876f3c95	1	e4dee88b-58d0-4953-ad4a-a2df876f3c95	Primary Tumor	1	0	UNIQUE_EXACT_CNV
SC003	cd3faa15-743c-476f-ab0d-f205b14126b6	8a0c0515-abdd-4e78-9205-bd8f80f60397	1	8a0c0515-abdd-4e78-9205-bd8f80f60397	Primary Tumor	1	0	UNIQUE_EXACT_CNV
SC003	cd781589-3820-45a2-906b-8d60cd02f3ef	f5678056-2dc2-4f1c-87e9-4fba6c78b460	1	f5678056-2dc2-4f1c-87e9-4fba6c78b460	Primary Tumor	1	0	UNIQUE_EXACT_CNV
SC003	cdd8c046-fd97-482a-a11f-2217b321c4d1	da3319a2-f906-495c-b0de-38cb8672e28f	1	da3319a2-f906-495c-b0de-38cb8672e28f	Primary Tumor	1	0	UNIQUE_EXACT_CNV
SC003	ce9e0309-9756-42d2-ae94-d91264a79498	cef6023a-2fbf-44ee-a9b3-df78707bd85a	1	cef6023a-2fbf-44ee-a9b3-df78707bd85a	Primary Tumor	1	0	UNIQUE_EXACT_CNV
SC003	cea9d8f9-e18c-4947-a461-5f712e3c1e6d	c3927b5c-d641-45e5-87ea-9cc18c7ec85e	1	c3927b5c-d641-45e5-87ea-9cc18c7ec85e	Primary Tumor	1	0	UNIQUE_EXACT_CNV
SC003	ced2c048-b047-43ff-b0e7-cd7ad480850c	92f1452b-54af-408f-98a8-cd76191f472b	1	92f1452b-54af-408f-98a8-cd76191f472b	Primary Tumor	1	0	UNIQUE_EXACT_CNV
SC003	cffe832c-8a81-4cdb-8b25-df7f35afafdc	acc566d9-9cfe-4deb-b1a0-f04b5a0449f5	1	acc566d9-9cfe-4deb-b1a0-f04b5a0449f5	Primary Tumor	1	0	UNIQUE_EXACT_CNV
SC003	d093173f-08ab-4138-bf3c-399c45a6e163	9f55d4c8-5e41-4ffe-b819-1d8bfd06927b	1	9f55d4c8-5e41-4ffe-b819-1d8bfd06927b	Primary Tumor	1	0	UNIQUE_EXACT_CNV
SC003	d0b78f3f-a198-437a-ab8c-204345d3b75d	f5675b71-ed1b-4fdb-be07-d627dc98ed88	1	f5675b71-ed1b-4fdb-be07-d627dc98ed88	Primary Tumor	1	0	UNIQUE_EXACT_CNV
SC003	d1703dbd-5c93-4cf2-a4d1-0d90640882bd	ef0d266d-d3a7-4f80-91ae-7e275dd2f0df	1	ef0d266d-d3a7-4f80-91ae-7e275dd2f0df	Primary Tumor	1	0	UNIQUE_EXACT_CNV
SC003	d1fd8ed2-be13-4272-b31e-df86911db3b1	d12bd5fd-838e-491b-8949-6a22f78194ad	1	d12bd5fd-838e-491b-8949-6a22f78194ad	Primary Tumor	1	0	UNIQUE_EXACT_CNV
SC003	d34471a1-b367-4f8a-b35a-c5901c4f5503	d92b4202-25d2-40b1-a704-c6bca0eb5bc3	1	d92b4202-25d2-40b1-a704-c6bca0eb5bc3	Primary Tumor	1	0	UNIQUE_EXACT_CNV
SC003	d3b9d925-ae04-4721-8bfc-50b41225bc74	5c031f2a-0e98-4ab4-b8c5-3a296fda419d	1	5c031f2a-0e98-4ab4-b8c5-3a296fda419d	Primary Tumor	1	0	UNIQUE_EXACT_CNV
SC003	d48e9f25-f083-4f88-a92d-c12d9f765ba6	3374057f-4159-464c-b6c3-276bb12a8902	1	3374057f-4159-464c-b6c3-276bb12a8902	Primary Tumor	1	0	UNIQUE_EXACT_CNV
SC003	d4a1ecdc-399c-4f82-aa7a-68a0c82ded3f	ae72a901-e7b7-41cf-8eeb-2a7fb51e14f0	1	ae72a901-e7b7-41cf-8eeb-2a7fb51e14f0	Primary Tumor	1	0	UNIQUE_EXACT_CNV
SC003	d5cab7f5-e4f1-40ee-a0c8-4c8004c1c9a0	d78ecfd3-1a99-47e6-bb5f-a13c57148a76	1	d78ecfd3-1a99-47e6-bb5f-a13c57148a76	Primary Tumor	1	0	UNIQUE_EXACT_CNV
SC003	d5e655fe-3fbc-47b0-ba23-1d1dd01d591c	b13ab974-e4a4-4926-bd17-17a1e9ca7ce6	1	b13ab974-e4a4-4926-bd17-17a1e9ca7ce6	Primary Tumor	1	0	UNIQUE_EXACT_CNV
SC003	d5e9a403-88ce-40fc-bb85-80cf3f8ff6bc	ed00a16b-6b8e-44e4-998a-ae4dcca5a93c	1	ed00a16b-6b8e-44e4-998a-ae4dcca5a93c	Primary Tumor	1	0	UNIQUE_EXACT_CNV
SC003	d6f911b5-e895-43f8-8f86-0ac2f1bc6fae	d1991ebd-1cd1-4c2d-ac99-2a6ecd3f90f1	1	d1991ebd-1cd1-4c2d-ac99-2a6ecd3f90f1	Primary Tumor	1	0	UNIQUE_EXACT_CNV
SC003	d7308344-5bab-4073-bb4f-4d8cd8d7bd17	601e0a1b-309d-41c2-a7ba-a2282db846fa	1	601e0a1b-309d-41c2-a7ba-a2282db846fa	Primary Tumor	1	0	UNIQUE_EXACT_CNV
SC003	d7808cbc-4b8c-467b-b2c3-f48d05b9ecab	5af3de3e-4376-41ab-ae28-4ea9a95dce2d	1	5af3de3e-4376-41ab-ae28-4ea9a95dce2d	Primary Tumor	1	0	UNIQUE_EXACT_CNV
SC003	d7ce6b79-f7c0-481e-9dbd-6273f01c9786	b9ae712b-823b-4ff8-bd1b-2eab4a2b5790	1	b9ae712b-823b-4ff8-bd1b-2eab4a2b5790	Primary Tumor	1	0	UNIQUE_EXACT_CNV
SC003	d8492ebd-3d94-4a4b-8de7-386526691cc2	83ec5738-3a27-4100-83f2-8b30ae3b2fb7	1	83ec5738-3a27-4100-83f2-8b30ae3b2fb7	Primary Tumor	1	0	UNIQUE_EXACT_CNV
SC003	d8f8064f-02ef-4fed-942b-714cbe5e8455	8b7229cb-2578-4a81-8463-407df893b47c	1	8b7229cb-2578-4a81-8463-407df893b47c	Primary Tumor	1	0	UNIQUE_EXACT_CNV
SC003	d9a1c06f-7b50-46b0-878e-89e8c31863ae	5012e9c0-a0f3-4f57-8840-fee059dfe671	1	5012e9c0-a0f3-4f57-8840-fee059dfe671	Primary Tumor	1	0	UNIQUE_EXACT_CNV
SC003	d9fd2724-7db0-4af3-ac14-217bdfa5203f	a3afbb9f-f611-4bf7-a7f7-8db59022f66f	1	a3afbb9f-f611-4bf7-a7f7-8db59022f66f	Primary Tumor	1	0	UNIQUE_EXACT_CNV
SC003	da286247-e8bb-4941-a2af-2453fe61cd02	e216aa55-98fc-4d0d-a24e-cfa05778f973	1	e216aa55-98fc-4d0d-a24e-cfa05778f973	Primary Tumor	1	0	UNIQUE_EXACT_CNV
SC003	da840a22-8d30-4682-bbd0-8fa87bd40528	31f45863-c419-4a07-896c-722b9724ce76	1	31f45863-c419-4a07-896c-722b9724ce76	Primary Tumor	1	0	UNIQUE_EXACT_CNV
SC003	db3e1ce8-4a05-4bfc-b5ae-13cf789369e1	9970c93c-8a6c-4e05-9d2f-4b6bdf087a98	1	9970c93c-8a6c-4e05-9d2f-4b6bdf087a98	Primary Tumor	1	0	UNIQUE_EXACT_CNV
SC003	db4bc6aa-2e7d-4bcb-8519-a455f624d33b	f225775e-e46f-4d1d-8b13-042e9776dd72	1	f225775e-e46f-4d1d-8b13-042e9776dd72	Primary Tumor	1	0	UNIQUE_EXACT_CNV
SC003	db62d9c7-8343-4771-84fc-146d2e307bb8	7f15f76b-305d-43f7-8d02-34cd0f76340e	1	7f15f76b-305d-43f7-8d02-34cd0f76340e	Primary Tumor	1	0	UNIQUE_EXACT_CNV
SC003	db8d38ab-cc61-49ee-863d-40060112f2af	298e1da3-0691-4675-931e-4a36f2ca858d	1	298e1da3-0691-4675-931e-4a36f2ca858d	Primary Tumor	1	0	UNIQUE_EXACT_CNV
SC003	dbcad60f-86c7-41e3-b0ae-baa39c9f83dd	7a3cd962-7512-4797-864a-cf374b5cb385	1	7a3cd962-7512-4797-864a-cf374b5cb385	Primary Tumor	1	0	UNIQUE_EXACT_CNV
SC003	dc11b1c7-1f00-4813-b4b5-ecf776b2eb37	5da663cd-e223-41ec-8b2f-796c141ec677	1	5da663cd-e223-41ec-8b2f-796c141ec677	Primary Tumor	1	0	UNIQUE_EXACT_CNV
SC003	dc657ca8-98e8-4ec4-a513-1b848be0e85d	ba869eea-6e25-4afb-a0ad-73fda57a1d88	1	ba869eea-6e25-4afb-a0ad-73fda57a1d88	Primary Tumor	1	0	UNIQUE_EXACT_CNV
SC003	dc696e3c-f448-468f-a576-f4429be0338a	759a1619-0432-4988-8a6f-5a0ef0956f87	1	759a1619-0432-4988-8a6f-5a0ef0956f87	Primary Tumor	1	0	UNIQUE_EXACT_CNV
SC003	dcd5e079-813a-4c1a-b320-0931468d2bbc	f642ec37-b771-4b55-a133-a54f3b54ac99	1	f642ec37-b771-4b55-a133-a54f3b54ac99	Primary Tumor	1	0	UNIQUE_EXACT_CNV
SC003	dcfd0b1d-5707-44a6-b225-5e8f7cea5ca1	8deb20df-b01a-40d8-a398-5dbb14786792	1	8deb20df-b01a-40d8-a398-5dbb14786792	Primary Tumor	1	0	UNIQUE_EXACT_CNV
SC003	dd67408e-46ba-4573-9415-d4814e9f84de	c1adf54e-8248-4b44-a9a1-e883fcc4f702	1	c1adf54e-8248-4b44-a9a1-e883fcc4f702	Primary Tumor	1	0	UNIQUE_EXACT_CNV
SC003	dd6b64a8-d546-4fd1-bbbd-ac9703791cae	a919faa8-0df6-4a94-b12d-46d99df6f26d	1	a919faa8-0df6-4a94-b12d-46d99df6f26d	Primary Tumor	1	0	UNIQUE_EXACT_CNV
SC003	dd96a9c7-899c-47cd-a0f9-b149ed07a5d6	940d64bd-8c96-476f-84f9-678d1ed3500f	1	940d64bd-8c96-476f-84f9-678d1ed3500f	Primary Tumor	1	0	UNIQUE_EXACT_CNV
SC003	ddcbdac6-9e43-4146-a611-d033125eba14	723e0934-327e-46f2-94f0-20a65da1ea0e	1	723e0934-327e-46f2-94f0-20a65da1ea0e	Primary Tumor	1	0	UNIQUE_EXACT_CNV
SC003	de531604-bd1a-49df-96c2-6de3ae703f1d	be145e7b-25ee-409a-8c9c-5e17c9b6c5aa	1	be145e7b-25ee-409a-8c9c-5e17c9b6c5aa	Primary Tumor	1	0	UNIQUE_EXACT_CNV
SC003	de646f6a-6d50-4be2-b3cd-f17554b234df	f773ae1d-0ad9-42dd-9675-c8b7287fec85	1	f773ae1d-0ad9-42dd-9675-c8b7287fec85	Primary Tumor	1	0	UNIQUE_EXACT_CNV
SC003	de75d0b9-0f47-4732-8df5-05c350cfcd32	76c09917-15f9-4908-ab22-ea1401abcb3b	1	76c09917-15f9-4908-ab22-ea1401abcb3b	Primary Tumor	1	0	UNIQUE_EXACT_CNV
SC003	deba32e4-0e68-4711-941b-3b63bd965afb	da7fe5e0-6ae0-47f0-9b32-fb6b80c4be38	1	da7fe5e0-6ae0-47f0-9b32-fb6b80c4be38	Primary Tumor	1	0	UNIQUE_EXACT_CNV
SC003	dfd0b7ba-c7d3-498e-b455-346301865452	9cbd4bd6-244b-4274-a230-a7bd02e79571	1	9cbd4bd6-244b-4274-a230-a7bd02e79571	Primary Tumor	1	0	UNIQUE_EXACT_CNV
SC003	dfefb76a-ec6b-4cd2-9d45-2e1e4befc7ea	b9140410-1ed1-4012-9637-412b7c688d68	1	b9140410-1ed1-4012-9637-412b7c688d68	Primary Tumor	1	0	UNIQUE_EXACT_CNV
SC003	e0929c47-cff3-4518-a188-8764af01073a	aeea59ad-9570-41c9-9244-348e1c8350fd	1	aeea59ad-9570-41c9-9244-348e1c8350fd	Primary Tumor	1	0	UNIQUE_EXACT_CNV
SC003	e1119732-3e97-4259-bc69-dc4269d9496d	dade6383-329a-4443-bdef-939c34d8c5a0	1	dade6383-329a-4443-bdef-939c34d8c5a0	Primary Tumor	1	0	UNIQUE_EXACT_CNV
SC003	e1786e78-ac46-46fd-8ce0-8f7456e46082	acc34a68-41a6-4c75-8f69-c0ce8727d7e7	1	acc34a68-41a6-4c75-8f69-c0ce8727d7e7	Primary Tumor	1	0	UNIQUE_EXACT_CNV
SC003	e36e985d-2c44-4e14-854a-7dbca4bb0304	5d1cb65a-7798-455d-8100-25871cec5a47	1	5d1cb65a-7798-455d-8100-25871cec5a47	Primary Tumor	1	0	UNIQUE_EXACT_CNV
SC003	e37ae674-a107-4eb3-94d8-b86b0035a9f7	96e71b7b-d32b-48bc-858d-20f7c8b7812d	1	96e71b7b-d32b-48bc-858d-20f7c8b7812d	Primary Tumor	1	0	UNIQUE_EXACT_CNV
SC003	e3b555aa-7f0a-49c6-9b13-182c61a144c1	81243c1f-affa-4985-ba0e-1f19db52db73	1	81243c1f-affa-4985-ba0e-1f19db52db73	Primary Tumor	1	0	UNIQUE_EXACT_CNV
SC003	e3c336f5-c32f-4c5d-81fb-e2408ae145b2	193a40b4-4410-408c-92d6-486472c1e6fb	1	193a40b4-4410-408c-92d6-486472c1e6fb	Primary Tumor	1	0	UNIQUE_EXACT_CNV
SC003	e3fcbf94-d3ef-4a37-aa45-5297f96af9eb	e53d7a9a-3db0-4a24-8dc1-6dc80428cd24	1	e53d7a9a-3db0-4a24-8dc1-6dc80428cd24	Primary Tumor	1	0	UNIQUE_EXACT_CNV
SC003	e666081b-caaf-4e8b-9446-807be71201a5	63baef92-6733-4791-b897-0abe9131a5f5	1	63baef92-6733-4791-b897-0abe9131a5f5	Primary Tumor	1	0	UNIQUE_EXACT_CNV
SC003	e74aea7c-ca14-49df-b5cf-dacb839ac27a	cb5043e3-c1c1-4b06-9135-1aada484ba4b	1	cb5043e3-c1c1-4b06-9135-1aada484ba4b	Primary Tumor	1	0	UNIQUE_EXACT_CNV
SC003	e7a00d67-2c26-4d1f-bd17-35f659e88bc1	8fa798fe-f032-4d77-b362-06261db78e6d	1	8fa798fe-f032-4d77-b362-06261db78e6d	Primary Tumor	1	0	UNIQUE_EXACT_CNV
SC003	e7bae6e7-f779-449d-92b9-66996041e00d	d490330a-de38-478f-9504-a69260ab3967	1	d490330a-de38-478f-9504-a69260ab3967	Primary Tumor	1	0	UNIQUE_EXACT_CNV
SC003	e89a9deb-6321-4e61-b412-b4993d4277dd	e5bfc024-9ee5-4e37-97ee-45e695489f8d	1	e5bfc024-9ee5-4e37-97ee-45e695489f8d	Primary Tumor	1	0	UNIQUE_EXACT_CNV
SC003	e8ea576b-eb16-44f7-b241-daefc1375388	6f1fc322-359b-49fd-ac0d-cc7626f52604	1	6f1fc322-359b-49fd-ac0d-cc7626f52604	Primary Tumor	1	0	UNIQUE_EXACT_CNV
SC003	e8f3cc64-5e15-4f4d-b73e-5c9b250a664c	f9029956-e7fb-447a-9b6a-ea3dd2acadf4	1	f9029956-e7fb-447a-9b6a-ea3dd2acadf4	Primary Tumor	1	0	UNIQUE_EXACT_CNV
SC003	e98b69bc-766a-485f-b5e8-9166b8d457b3	582b2af4-08e5-44d8-996d-d00db1e98413	1	582b2af4-08e5-44d8-996d-d00db1e98413	Primary Tumor	1	0	UNIQUE_EXACT_CNV
SC003	e9a12df9-024e-4cbc-b6bf-e4e87485fa90	cf5fda71-8fba-43fc-91f3-e4baa36571dd	1	cf5fda71-8fba-43fc-91f3-e4baa36571dd	Primary Tumor	1	0	UNIQUE_EXACT_CNV
SC003	ea8dbc7a-54c6-469c-865e-f49d00b0223d	a6c10459-25fb-486d-a027-d17f1941b5ae	1	a6c10459-25fb-486d-a027-d17f1941b5ae	Primary Tumor	1	0	UNIQUE_EXACT_CNV
SC003	eafa45a4-2fd1-4fa3-860c-9d52ed382b7d	cd17957d-1e5c-4874-8070-890c1d692a0b	1	cd17957d-1e5c-4874-8070-890c1d692a0b	Primary Tumor	1	0	UNIQUE_EXACT_CNV
SC003	eb93df3d-9e25-4e4c-9a5d-350f296e5acf	ae5c9a58-e3ae-420f-8f72-1e4ffdd3df24	1	ae5c9a58-e3ae-420f-8f72-1e4ffdd3df24	Primary Tumor	1	0	UNIQUE_EXACT_CNV
SC003	ec6930e5-2d83-435a-9a57-a2c5c22caf02	7877c9a9-2002-4d6d-9ca4-f200c1ac00e7	1	7877c9a9-2002-4d6d-9ca4-f200c1ac00e7	Primary Tumor	1	0	UNIQUE_EXACT_CNV
SC003	ed2617c3-5d3b-4688-9283-0f8a10e0b10d	ece822af-ea84-419b-99f1-6ce53e4c1e8a	1	ece822af-ea84-419b-99f1-6ce53e4c1e8a	Primary Tumor	1	0	UNIQUE_EXACT_CNV
SC003	ed6cef77-1bd9-4e3b-b576-550a91e4253a	af9f631b-2857-48e2-8d77-34f66c1c6149	1	af9f631b-2857-48e2-8d77-34f66c1c6149	Primary Tumor	1	0	UNIQUE_EXACT_CNV
SC003	ee5744c0-a8dc-43f2-abdd-0b5529a3e9fb	174435cc-64d1-4d33-953c-1ada5df46ecd	1	174435cc-64d1-4d33-953c-1ada5df46ecd	Primary Tumor	1	0	UNIQUE_EXACT_CNV
SC003	eebad74f-5961-4e91-b0eb-157a2f6f952b	91657171-7e5e-4a81-9201-d0b2d5806c04	1	91657171-7e5e-4a81-9201-d0b2d5806c04	Primary Tumor	1	0	UNIQUE_EXACT_CNV
SC003	ef4cbd38-bc79-4d60-a715-647edd2ebe9e	b462982a-4dd0-425e-bce3-0eb8f5527264	1	b462982a-4dd0-425e-bce3-0eb8f5527264	Primary Tumor	1	0	UNIQUE_EXACT_CNV
SC003	f0d8a1fe-e313-44f1-99cc-b965cbeeff0e	67d804d7-b6a5-4a70-92cd-f93195d928a4	1	67d804d7-b6a5-4a70-92cd-f93195d928a4	Primary Tumor	1	0	UNIQUE_EXACT_CNV
SC003	f0de67ff-8967-4fce-9c12-0e07193285cd	cd8ac496-cd1b-426f-8e17-8f15ba8e94d1	1	cd8ac496-cd1b-426f-8e17-8f15ba8e94d1	Primary Tumor	1	0	UNIQUE_EXACT_CNV
SC003	f130f376-5801-40f9-975d-a7e2f7b5670d	e8cb34ed-67cb-48b7-83cd-621a1224e781	1	e8cb34ed-67cb-48b7-83cd-621a1224e781	Primary Tumor	1	0	UNIQUE_EXACT_CNV
SC003	f1692f4b-ce1b-4fc5-ac55-1022ecae0d1e	e20c3a54-2fe7-4e5e-a41c-ad4efeb97f76	1	e20c3a54-2fe7-4e5e-a41c-ad4efeb97f76	Primary Tumor	1	0	UNIQUE_EXACT_CNV
SC003	f2bbfa9d-9a9d-4f46-9fde-378e4c44e2ad	1acae6e0-3100-4de8-a436-e15cdbe1322b	1	1acae6e0-3100-4de8-a436-e15cdbe1322b	Primary Tumor	1	0	UNIQUE_EXACT_CNV
SC003	f2da1d3f-f226-4c99-a97e-9b26f67d7a5d	e61781e7-6c4e-4a6f-8f8d-22896b1243ca	1	e61781e7-6c4e-4a6f-8f8d-22896b1243ca	Primary Tumor	1	0	UNIQUE_EXACT_CNV
SC003	f31c21b6-0f7f-435b-9e24-97c909755c36	ef48e806-e31c-4a11-afe8-dcc232357329	1	ef48e806-e31c-4a11-afe8-dcc232357329	Primary Tumor	1	0	UNIQUE_EXACT_CNV
SC003	f357fe19-5359-4662-8ce9-aa996132283b	ddee0b07-2771-40c7-bdda-c1100958f0d8	1	ddee0b07-2771-40c7-bdda-c1100958f0d8	Primary Tumor	1	0	UNIQUE_EXACT_CNV
SC003	f39edd06-1016-4e8e-a42e-12f7e699ddc5	f26df76e-66bc-4e25-8a27-41b6147dc67b	1	f26df76e-66bc-4e25-8a27-41b6147dc67b	Primary Tumor	1	0	UNIQUE_EXACT_CNV
SC003	f3a058b9-fb7f-4098-8f0e-83c2acfa1ed5	e29fc4e1-4c82-46d7-997c-be59470c7751	1	e29fc4e1-4c82-46d7-997c-be59470c7751	Primary Tumor	1	0	UNIQUE_EXACT_CNV
SC003	f3ba71f9-25f3-4784-bf2d-3aa522a0cba8	7fa91f3b-34db-41ba-8447-d745eebac2db	1	7fa91f3b-34db-41ba-8447-d745eebac2db	Primary Tumor	1	0	UNIQUE_EXACT_CNV
SC003	f45210d3-9e66-4f5e-bef1-5ee5547cc893	fb635f1d-5ee1-4e58-86ea-b1aada2de4ba	1	fb635f1d-5ee1-4e58-86ea-b1aada2de4ba	Primary Tumor	1	0	UNIQUE_EXACT_CNV
SC003	f475d460-75cd-4fe9-aa54-c90be12b4ef8	ed3f6393-6955-41af-bb3a-7723b5dbe41e	1	ed3f6393-6955-41af-bb3a-7723b5dbe41e	Primary Tumor	1	0	UNIQUE_EXACT_CNV
SC003	f55dd73d-8c36-440b-84e5-9aae53107775	9f55d963-2c1d-4886-980e-edff099babf5	1	9f55d963-2c1d-4886-980e-edff099babf5	Primary Tumor	1	0	UNIQUE_EXACT_CNV
SC003	f6e1ec78-5ad9-4879-9b7e-262d17b166ad	518be2c7-fba5-47b1-8c8b-fef812fa74a4	1	518be2c7-fba5-47b1-8c8b-fef812fa74a4	Primary Tumor	1	0	UNIQUE_EXACT_CNV
SC003	f6eebd4b-b63a-4a9c-92d3-0d954a8a6655	9439bb31-588c-433b-a7a5-787d8b496f57	1	9439bb31-588c-433b-a7a5-787d8b496f57	Primary Tumor	1	0	UNIQUE_EXACT_CNV
SC003	f72c1d69-da35-459f-8542-59bfd6c09c23	f3ac7557-714a-492c-a166-246ef7298952	1	f3ac7557-714a-492c-a166-246ef7298952	Primary Tumor	1	0	UNIQUE_EXACT_CNV
SC003	fa4e082a-d213-412e-8d91-842a6f4bef12	930b82a6-a039-4f8f-8487-b0abb4fe7aba	1	930b82a6-a039-4f8f-8487-b0abb4fe7aba	Primary Tumor	1	0	UNIQUE_EXACT_CNV
SC003	fb57c598-b45b-478a-9d34-ca1f050d5b7c	a99e45da-6933-4300-9c8a-e9d0f9e9c825	1	a99e45da-6933-4300-9c8a-e9d0f9e9c825	Primary Tumor	1	0	UNIQUE_EXACT_CNV
SC003	fc18d029-9be2-4fa0-9aef-6d647dc55f0b	f984e167-e005-438d-ac04-d4825043b128	1	f984e167-e005-438d-ac04-d4825043b128	Primary Tumor	1	0	UNIQUE_EXACT_CNV
SC003	fcef8cb5-fb2c-4bfb-82cd-6b9f3145182c	c1e94fa4-ace1-4ee2-9cdc-ec7b13e6bc8a	1	c1e94fa4-ace1-4ee2-9cdc-ec7b13e6bc8a	Primary Tumor	1	0	UNIQUE_EXACT_CNV
SC003	fd0b1b8b-1a76-480a-b61c-d176e4e02c6b	e852c16b-cd36-4551-8cc5-8b59719ca987	1	e852c16b-cd36-4551-8cc5-8b59719ca987	Primary Tumor	1	0	UNIQUE_EXACT_CNV
SC003	fe15c48b-116d-461e-9b40-68514730fd18	80105f2a-438a-4d44-947d-3f5a50d6cab0	1	80105f2a-438a-4d44-947d-3f5a50d6cab0	Primary Tumor	1	0	UNIQUE_EXACT_CNV
SC004	01ea6354-137b-47f3-9021-a01a382b1147	d3a81bab-cce2-48b3-8eb8-9ef9766af108	1	d3a81bab-cce2-48b3-8eb8-9ef9766af108	Primary Tumor	1	0	UNIQUE_EXACT_CNV
SC004	02594e5e-8751-47c1-9245-90c66984b665	c46d2ade-620c-44a6-93ba-8edda9909c1b	1	c46d2ade-620c-44a6-93ba-8edda9909c1b	Primary Tumor	1	0	UNIQUE_EXACT_CNV
SC004	02d9aa2e-b16a-48ea-a420-5daed9fd51a6	93827307-1efa-43b5-aea5-380c6ce5feed	1	93827307-1efa-43b5-aea5-380c6ce5feed	Primary Tumor	1	0	UNIQUE_EXACT_CNV
SC004	04ecaf38-0232-4dcd-9242-308a22cc1331	a047a512-409f-4293-9585-9933f1503f9d	1	a047a512-409f-4293-9585-9933f1503f9d	Primary Tumor	1	0	UNIQUE_EXACT_CNV
SC004	05263959-c4f5-4540-b6d2-d8c8a128861f	87b7ed22-4fe1-4539-8c37-ab085e2cb9c1	1	87b7ed22-4fe1-4539-8c37-ab085e2cb9c1	Primary Tumor	1	0	UNIQUE_EXACT_CNV
SC004	05ba5839-e00a-4a9e-8ba3-ecb490781e62	b6568556-a2fb-4eec-a953-b8b81d2fd6dd	1	b6568556-a2fb-4eec-a953-b8b81d2fd6dd	Primary Tumor	1	0	UNIQUE_EXACT_CNV
SC004	062982f8-9f49-425a-99e9-008af5ed9040	e4ccc95d-79ca-49e3-8cd0-c8452c5f9aa2	1	e4ccc95d-79ca-49e3-8cd0-c8452c5f9aa2	Primary Tumor	1	0	UNIQUE_EXACT_CNV
SC004	077079c3-6877-467b-b9cc-5c650aae4f07	95bc63bd-436a-4ee4-91dd-95c5188fe261	1	95bc63bd-436a-4ee4-91dd-95c5188fe261	Primary Tumor	1	0	UNIQUE_EXACT_CNV
SC004	08c64000-d320-4e4d-974b-da503d48890c	aefe6c18-3891-4c17-99d3-16931151d96e	1	aefe6c18-3891-4c17-99d3-16931151d96e	Primary Tumor	1	0	UNIQUE_EXACT_CNV
SC004	09820a33-80b1-42d0-8366-a0ddaf94b122	44b8b591-5dd6-4b93-bd8f-d1c3284af41f	1	44b8b591-5dd6-4b93-bd8f-d1c3284af41f	Primary Tumor	1	0	UNIQUE_EXACT_CNV
SC004	09c77947-a333-4392-b18d-a6c1f08764a1	8c53c83d-85c8-49b5-8838-cb0585c894b2	1	8c53c83d-85c8-49b5-8838-cb0585c894b2	Primary Tumor	1	0	UNIQUE_EXACT_CNV
SC004	0a48873a-092a-4b25-822b-b0b3c18c08a8	a3f8dcad-c42a-4070-80c4-782627bbaca2	1	a3f8dcad-c42a-4070-80c4-782627bbaca2	Primary Tumor	1	0	UNIQUE_EXACT_CNV
SC004	0b2ea4b7-98bb-4190-b682-2c75b447c90a	a3d8fe02-63fa-40ff-9563-38e8d2bf04bb	1	a3d8fe02-63fa-40ff-9563-38e8d2bf04bb	Primary Tumor	1	0	UNIQUE_EXACT_CNV
SC004	0ba7b6cc-e5f5-47d7-859a-24e31aa336ab	b2f596ea-10ad-4a17-aea3-88756fb0b7f9	1	b2f596ea-10ad-4a17-aea3-88756fb0b7f9	Primary Tumor	1	0	UNIQUE_EXACT_CNV
SC004	0d5e232d-5aa2-4f6f-be58-ffd5f15ee0b8	62043d1b-2c38-4c45-abd0-97ff2f77176b	1	62043d1b-2c38-4c45-abd0-97ff2f77176b	Primary Tumor	1	0	UNIQUE_EXACT_CNV
SC004	0e1598d8-cbe5-4113-95f1-4bcda061239b	7150c48b-144f-40f0-b4d0-e4b34e35556d	1	7150c48b-144f-40f0-b4d0-e4b34e35556d	Primary Tumor	1	0	UNIQUE_EXACT_CNV
SC004	15170c7f-5880-4fb6-82ce-68d3df0dfb68	8f4f9492-0d28-4747-b4bb-25ddc99e4327	1	8f4f9492-0d28-4747-b4bb-25ddc99e4327	Primary Tumor	1	0	UNIQUE_EXACT_CNV
SC004	16ced1b8-64d5-4498-82df-4d37bfe5b310	e5e22755-8759-4349-a6ba-87fff441183c	1	e5e22755-8759-4349-a6ba-87fff441183c	Primary Tumor	1	0	UNIQUE_EXACT_CNV
SC004	184aac07-44c1-47f1-8adf-50acbcc1762c	fe693f25-efb5-46d5-8bab-de5b87eef1ad	1	fe693f25-efb5-46d5-8bab-de5b87eef1ad	Primary Tumor	1	0	UNIQUE_EXACT_CNV
SC004	186d40cd-624c-4016-a497-b30c892d393c	dd8556f8-461a-468d-8604-c4f2366b1cd7	1	dd8556f8-461a-468d-8604-c4f2366b1cd7	Primary Tumor	1	0	UNIQUE_EXACT_CNV
SC004	18e0e996-8f23-4f53-94a5-dde38b550863	930c3552-f960-4a57-aa35-b504807a9676	1	930c3552-f960-4a57-aa35-b504807a9676	Primary Tumor	1	0	UNIQUE_EXACT_CNV
SC004	19427350-619b-4b9c-a3ba-37f667bb2843	bb14a720-4899-48d9-a57b-e1fd2aa9d8ec	1	bb14a720-4899-48d9-a57b-e1fd2aa9d8ec	Primary Tumor	1	0	UNIQUE_EXACT_CNV
SC004	195ecf43-06bd-4ffe-8d8b-a766f3f7179b	b40f7345-8f0c-4db7-90ba-424ae5ee22ed	1	b40f7345-8f0c-4db7-90ba-424ae5ee22ed	Primary Tumor	1	0	UNIQUE_EXACT_CNV
SC004	196f4600-b6c9-4652-9f77-65c92883f8c1	bffd965b-885f-4914-b25b-a993338acaad	1	bffd965b-885f-4914-b25b-a993338acaad	Primary Tumor	1	0	UNIQUE_EXACT_CNV
SC004	1d0225b5-f515-4197-bba7-3dc17e502b88	c8767fb2-1e4a-42de-b648-847d4a5df78b	1	c8767fb2-1e4a-42de-b648-847d4a5df78b	Primary Tumor	1	0	UNIQUE_EXACT_CNV
SC004	1d9893c8-0de3-4b07-b0ba-a53019b23eb4	effbbc75-67d0-4d2b-bef5-00ed066b0885	1	effbbc75-67d0-4d2b-bef5-00ed066b0885	Primary Tumor	1	0	UNIQUE_EXACT_CNV
SC004	1e14f098-17b2-4f54-8e4f-e38088008df7	7cb799d4-b69f-4cac-b975-1df91396250a	1	7cb799d4-b69f-4cac-b975-1df91396250a	Primary Tumor	1	0	UNIQUE_EXACT_CNV
SC004	2038fd65-d8f1-4b16-af90-b1c8f9a379a7	3590ce4c-2c63-42f8-ac73-8d813301ef2d	1	3590ce4c-2c63-42f8-ac73-8d813301ef2d	Primary Tumor	1	0	UNIQUE_EXACT_CNV
SC004	206ce0ed-36a4-47ab-ac8e-f6fca6ac5c18	7fec33cd-6f46-44c7-8204-e0f42b543abe	1	7fec33cd-6f46-44c7-8204-e0f42b543abe	Primary Tumor	1	0	UNIQUE_EXACT_CNV
SC004	20cf00ea-d7da-42bb-bce7-f005f0b952eb	cbdafa49-7dd7-4a42-b0a5-891aad11a802	1	cbdafa49-7dd7-4a42-b0a5-891aad11a802	Primary Tumor	1	0	UNIQUE_EXACT_CNV
SC004	21966708-4e66-4211-add0-f1515b09e362	f1989bf4-c884-430d-a075-679f7b4a4b07	1	f1989bf4-c884-430d-a075-679f7b4a4b07	Primary Tumor	1	0	UNIQUE_EXACT_CNV
SC004	219f54ef-4235-482d-b799-f2fa9930105c	d458ab44-bd23-410d-9ffa-4d469d16c62b	1	d458ab44-bd23-410d-9ffa-4d469d16c62b	Primary Tumor	1	0	UNIQUE_EXACT_CNV
SC004	23771dab-2aab-4d2b-95e2-9af7092cee6b	f2e6f90f-6117-406d-8106-2ef4b37e19d2	1	f2e6f90f-6117-406d-8106-2ef4b37e19d2	Primary Tumor	1	0	UNIQUE_EXACT_CNV
SC004	23d32627-9fd2-4312-bcda-ee7409e3983f	90c52b7a-a0fb-4e5f-9c80-ee94516ab8d9	1	90c52b7a-a0fb-4e5f-9c80-ee94516ab8d9	Primary Tumor	1	0	UNIQUE_EXACT_CNV
SC004	2517ca7a-6057-4c19-b7e1-f6d078e9881a	fe8b3cb8-15ce-4d0c-b168-d8d3db4be176	1	fe8b3cb8-15ce-4d0c-b168-d8d3db4be176	Primary Tumor	1	0	UNIQUE_EXACT_CNV
SC004	28ed2d42-5b4c-4bca-b2b2-6b2a6d3c42cf	8f515078-38de-44c1-81ce-e40d8a942fc7	1	8f515078-38de-44c1-81ce-e40d8a942fc7	Primary Tumor	1	0	UNIQUE_EXACT_CNV
SC004	29949b65-2913-4c86-bbd7-b85c5df6f15e	fdb8966d-55c9-49be-80dd-369246604aad	1	fdb8966d-55c9-49be-80dd-369246604aad	Primary Tumor	1	0	UNIQUE_EXACT_CNV
SC004	29d26e7e-f4ae-4476-9a3f-27d5ec2ccb8a	4416312b-c64f-4fb2-9819-6ccf9b8ab219	1	4416312b-c64f-4fb2-9819-6ccf9b8ab219	Primary Tumor	1	0	UNIQUE_EXACT_CNV
SC004	29dccd25-4c4a-463b-a353-38a193337f38	d900cebf-8795-4385-8f57-77209178ff43	1	d900cebf-8795-4385-8f57-77209178ff43	Primary Tumor	1	0	UNIQUE_EXACT_CNV
SC004	2cb50c2d-e749-4172-b101-d975507435c5	8a3e4430-40be-46e0-bb38-946435911371	1	8a3e4430-40be-46e0-bb38-946435911371	Primary Tumor	1	0	UNIQUE_EXACT_CNV
SC004	2ebb738c-4829-4720-931a-96c0fd117e2a	bbe4ea81-6f31-4589-8797-b140bcb35d2b	1	bbe4ea81-6f31-4589-8797-b140bcb35d2b	Primary Tumor	1	0	UNIQUE_EXACT_CNV
SC004	3018efe7-13a1-47ae-a726-8fc967c73841	eb401991-7a9a-494a-8f7c-072f39e40ec2	1	eb401991-7a9a-494a-8f7c-072f39e40ec2	Primary Tumor	1	0	UNIQUE_EXACT_CNV
SC004	3ac45a71-c463-4f0f-b030-58c475a34418	69d76e7a-e0cb-4a8d-b6cd-67d8702d2af9	1	69d76e7a-e0cb-4a8d-b6cd-67d8702d2af9	Primary Tumor	1	0	UNIQUE_EXACT_CNV
SC004	3b81ec7c-0934-4649-9231-9919dd26dd15	cd81e8c8-2526-4427-a1db-6ce6bff105e6	1	cd81e8c8-2526-4427-a1db-6ce6bff105e6	Primary Tumor	1	0	UNIQUE_EXACT_CNV
SC004	3bc8a74f-49bd-46b6-a3a4-68ca838e83c6	efc25de9-e672-4b44-9003-5b277a47a625	1	efc25de9-e672-4b44-9003-5b277a47a625	Primary Tumor	1	0	UNIQUE_EXACT_CNV
SC004	3e8a51bf-7e1f-4eab-af83-3c60d04db1bf	c505b908-c303-4e98-b0c3-d4252afd01c2	1	c505b908-c303-4e98-b0c3-d4252afd01c2	Primary Tumor	1	0	UNIQUE_EXACT_CNV
SC004	3f917550-89a6-404b-94df-938c99121411	efe5ae48-c145-4b24-a1df-ba485d355dfa	1	efe5ae48-c145-4b24-a1df-ba485d355dfa	Primary Tumor	1	0	UNIQUE_EXACT_CNV
SC004	3fc8f799-5bd3-4f48-baf0-c458ce86ab7e	c20183e0-600b-4d1d-975f-2b6e43c35d0d	1	c20183e0-600b-4d1d-975f-2b6e43c35d0d	Primary Tumor	1	0	UNIQUE_EXACT_CNV
SC004	4261267c-7042-4c6e-83ed-12fb401003fc	61513da0-4eb3-4cae-bfff-7b05f3362488	1	61513da0-4eb3-4cae-bfff-7b05f3362488	Primary Tumor	1	0	UNIQUE_EXACT_CNV
SC004	446ce2a3-d328-443c-a419-3344baad0e16	4a52777f-e23f-49f8-b853-be84b9a74bda	1	4a52777f-e23f-49f8-b853-be84b9a74bda	Primary Tumor	1	0	UNIQUE_EXACT_CNV
SC004	45baebac-32ae-4093-9eba-488b95c1a58d	9aae154c-ffe9-4e86-9111-903b55de9228	1	9aae154c-ffe9-4e86-9111-903b55de9228	Primary Tumor	1	0	UNIQUE_EXACT_CNV
SC004	460616ec-f66f-483b-88c1-757edd86261d	7d811a29-b303-453e-9c0e-91ae12907510	1	7d811a29-b303-453e-9c0e-91ae12907510	Primary Tumor	1	0	UNIQUE_EXACT_CNV
SC004	47681e4b-01e8-4779-b966-ce57aff4b712	dfcd4fbd-4441-40aa-a36a-13383c8d7f1a	1	dfcd4fbd-4441-40aa-a36a-13383c8d7f1a	Primary Tumor	1	0	UNIQUE_EXACT_CNV
SC004	48e66676-dbed-48a4-9a7f-a6d247b15c17	e4d6fa52-fb29-47ac-aade-8f6020a5b55e	1	e4d6fa52-fb29-47ac-aade-8f6020a5b55e	Primary Tumor	1	0	UNIQUE_EXACT_CNV
SC004	499a9b57-ee1a-4012-bbab-c6ad955b5e0a	a081a22a-184f-44af-92cf-674c7d349e03	1	a081a22a-184f-44af-92cf-674c7d349e03	Primary Tumor	1	0	UNIQUE_EXACT_CNV
SC004	49d2c0cf-a3f3-4519-a755-0a5f769df2ea	a36ab3e1-b5fb-4557-af54-88d4ada2aaaf	1	a36ab3e1-b5fb-4557-af54-88d4ada2aaaf	Primary Tumor	1	0	UNIQUE_EXACT_CNV
SC004	4a2ca7b8-729d-4fab-a6f3-a5d1e5d1f4f3	8e66ac32-4df0-45b2-915e-37eacd1040a2	1	8e66ac32-4df0-45b2-915e-37eacd1040a2	Primary Tumor	1	0	UNIQUE_EXACT_CNV
SC004	4c18d9cf-4af4-4a86-8b1c-f78795fbbd7e	a323f2f5-b250-40a6-a318-084a3933e829	1	a323f2f5-b250-40a6-a318-084a3933e829	Primary Tumor	1	0	UNIQUE_EXACT_CNV
SC004	502e8d02-2953-4514-a2e1-6179dd94da73	fce7a055-f6ea-4dc3-a42f-51b8ed236ca7	1	fce7a055-f6ea-4dc3-a42f-51b8ed236ca7	Primary Tumor	1	0	UNIQUE_EXACT_CNV
SC004	52386f66-2877-4c75-894e-5c1dc03e6ef4	9347d927-3747-4f06-ab2a-672aefdf48ea	1	9347d927-3747-4f06-ab2a-672aefdf48ea	Primary Tumor	1	0	UNIQUE_EXACT_CNV
SC004	533f5ff9-466c-4cdb-9c46-b841c2626775	e134063e-745d-4c97-8d48-6f3e238daefc	1	e134063e-745d-4c97-8d48-6f3e238daefc	Primary Tumor	1	0	UNIQUE_EXACT_CNV
SC004	5503b3a1-7d03-41b2-9ec8-e478c5414d67	e6751f11-2f24-426c-a34f-c03cddc999cc	1	e6751f11-2f24-426c-a34f-c03cddc999cc	Primary Tumor	1	0	UNIQUE_EXACT_CNV
SC004	55153632-1673-487a-85c0-f156377db1fc	7d9f2d6d-3ec6-4fed-9d3a-52e813bd8be6	1	7d9f2d6d-3ec6-4fed-9d3a-52e813bd8be6	Primary Tumor	1	0	UNIQUE_EXACT_CNV
SC004	565d06a1-3640-4274-8fb3-8cad7e578876	981e7677-6bde-4617-8c24-732d606b81e4	1	981e7677-6bde-4617-8c24-732d606b81e4	Primary Tumor	1	0	UNIQUE_EXACT_CNV
SC004	56a30462-2819-4c18-95be-8e73880a4921	b38f209a-000b-4cbf-a4bd-0bc6f027fce3	1	b38f209a-000b-4cbf-a4bd-0bc6f027fce3	Primary Tumor	1	0	UNIQUE_EXACT_CNV
SC004	58427bce-6b81-4083-aeda-25f59e292bbc	fdf5e5b9-8d6c-4581-93d4-bedae0bf371d	1	fdf5e5b9-8d6c-4581-93d4-bedae0bf371d	Primary Tumor	1	0	UNIQUE_EXACT_CNV
SC004	59b3fbfe-0b7c-41e5-b756-ee7e23730df5	fcd83e7f-2210-465d-8362-3b5e2c368625	1	fcd83e7f-2210-465d-8362-3b5e2c368625	Primary Tumor	1	0	UNIQUE_EXACT_CNV
SC004	5abb6d80-fc39-49a4-8db5-3db24543feb6	e14eecdb-9843-4549-917b-ee1e3d77025d	1	e14eecdb-9843-4549-917b-ee1e3d77025d	Primary Tumor	1	0	UNIQUE_EXACT_CNV
SC004	5c127332-5ca0-45f1-a5ac-4876ad94e491	b5e8849b-9002-4b65-a2ea-6a46c04aba4a	1	b5e8849b-9002-4b65-a2ea-6a46c04aba4a	Primary Tumor	1	0	UNIQUE_EXACT_CNV
SC004	5c159ab5-8475-4d93-89b8-b6befed4a5b3	c084ec17-62a3-43d7-bc0d-ab806bcd35a3	1	c084ec17-62a3-43d7-bc0d-ab806bcd35a3	Primary Tumor	1	0	UNIQUE_EXACT_CNV
SC004	5ced5b58-fab4-4bcd-b706-d6e49ce0cfc5	afb43292-69c2-4d84-84f5-0bde9a6e9ea5	1	afb43292-69c2-4d84-84f5-0bde9a6e9ea5	Primary Tumor	1	0	UNIQUE_EXACT_CNV
SC004	5d1a54fe-e0df-4c17-b623-b649a136dc82	46d32513-dc68-4261-8e1b-26d407b6546a	1	46d32513-dc68-4261-8e1b-26d407b6546a	Primary Tumor	1	0	UNIQUE_EXACT_CNV
SC004	5f60bc2d-738f-43fc-a3fb-61ec6e80e3d4	4a2528c7-eaba-46da-b1e5-431a17bff9c7	1	4a2528c7-eaba-46da-b1e5-431a17bff9c7	Primary Tumor	1	0	UNIQUE_EXACT_CNV
SC004	602e2934-223a-44db-8c33-06eb05d72f94	a2667408-6465-4258-9e68-f88ec3cd7b7d	1	a2667408-6465-4258-9e68-f88ec3cd7b7d	Primary Tumor	1	0	UNIQUE_EXACT_CNV
SC004	60cce7ac-d27d-44a6-9873-ecf91da5e906	ed537d83-388b-4125-8c8c-204a0bcbcde8	1	ed537d83-388b-4125-8c8c-204a0bcbcde8	Primary Tumor	1	0	UNIQUE_EXACT_CNV
SC004	611600a6-43ec-4029-9682-cd6d6a3312ec	ee7d5c16-fb34-4500-87f4-c920f797d9f5	1	ee7d5c16-fb34-4500-87f4-c920f797d9f5	Primary Tumor	1	0	UNIQUE_EXACT_CNV
SC004	6264e699-d40b-4ebc-b443-0a0edcb220dc	96d1655d-0a5e-4e2e-b9eb-f422ced79483	1	96d1655d-0a5e-4e2e-b9eb-f422ced79483	Primary Tumor	1	0	UNIQUE_EXACT_CNV
SC004	635f5335-b008-428e-b005-615776a6643f	d1a2fb08-a7b9-4920-af5a-33118478a429	1	d1a2fb08-a7b9-4920-af5a-33118478a429	Primary Tumor	1	0	UNIQUE_EXACT_CNV
SC004	63c6a89b-b28c-434a-a632-5de6545db731	e66d5c81-a9e3-4642-9bcb-655372f247a5	1	e66d5c81-a9e3-4642-9bcb-655372f247a5	Primary Tumor	1	0	UNIQUE_EXACT_CNV
SC004	65435f50-a35d-49e3-a36e-b95d9e274ca0	b3909bea-c426-4dad-94a9-15577e9f0c09	1	b3909bea-c426-4dad-94a9-15577e9f0c09	Primary Tumor	1	0	UNIQUE_EXACT_CNV
SC004	66face4a-f35c-4364-90e5-8f28e6372606	ce884866-7563-44b2-a7b0-849512c66abf	1	ce884866-7563-44b2-a7b0-849512c66abf	Primary Tumor	1	0	UNIQUE_EXACT_CNV
SC004	6746533a-8d0b-4ebc-87ec-49c8738121a8	469795c3-7cfa-4b95-9b0f-3fc7a3336f22	1	469795c3-7cfa-4b95-9b0f-3fc7a3336f22	Primary Tumor	1	0	UNIQUE_EXACT_CNV
SC004	6a1be87b-c4e0-4fd4-b050-50a245b22038	6b4aff1a-568e-453f-9679-55b3442c491d	1	6b4aff1a-568e-453f-9679-55b3442c491d	Primary Tumor	1	0	UNIQUE_EXACT_CNV
SC004	6b06281b-d3a9-440e-a86c-ee7db003352a	50633d92-0d7d-476e-8d4b-9a8de94771a2	1	50633d92-0d7d-476e-8d4b-9a8de94771a2	Primary Tumor	1	0	UNIQUE_EXACT_CNV
SC004	6e84e89d-4f35-43b8-b47d-b1343b8c1ab9	e1eda97e-24fe-4dc8-92eb-080399b1d82d	1	e1eda97e-24fe-4dc8-92eb-080399b1d82d	Primary Tumor	1	0	UNIQUE_EXACT_CNV
SC004	700e91bb-d675-41b2-bbbd-935767c7b447	e1be8ad9-1a52-4677-8436-3da22ad12e9a	1	e1be8ad9-1a52-4677-8436-3da22ad12e9a	Primary Tumor	1	0	UNIQUE_EXACT_CNV
SC004	708eec28-2348-4e15-b98c-8c6f9d057b1e	fc1a6b07-e91e-47c5-bf00-80be3c167605	1	fc1a6b07-e91e-47c5-bf00-80be3c167605	Primary Tumor	1	0	UNIQUE_EXACT_CNV
SC004	71faa2c1-0d5b-4dcc-bdf9-f2405f29907c	9ba8451e-7ffc-43f2-b602-8ce8764dfc14	1	9ba8451e-7ffc-43f2-b602-8ce8764dfc14	Primary Tumor	1	0	UNIQUE_EXACT_CNV
SC004	7248cd60-be22-44bc-bc58-f644db0940a2	4b2b6e5e-248c-46f6-938a-95571577e02d	1	4b2b6e5e-248c-46f6-938a-95571577e02d	Primary Tumor	1	0	UNIQUE_EXACT_CNV
SC004	72c40fba-f502-489b-ad87-843f52655894	ce503b11-3be6-4c58-85b6-d987033232e0	1	ce503b11-3be6-4c58-85b6-d987033232e0	Primary Tumor	1	0	UNIQUE_EXACT_CNV
SC004	7413c891-f74e-456f-bc70-69c83fb53c70	bbfeb712-4736-49c9-9cc6-74a94c6e8195	1	bbfeb712-4736-49c9-9cc6-74a94c6e8195	Primary Tumor	1	0	UNIQUE_EXACT_CNV
SC004	74dcdfb4-a637-4111-9a22-4b4bc7bbc8f7	98675894-f21c-4dc4-b822-a6e52634d470	1	98675894-f21c-4dc4-b822-a6e52634d470	Primary Tumor	1	0	UNIQUE_EXACT_CNV
SC004	756f6768-e69a-4fe9-aa41-7c58aabe4577	c24a2f48-af41-4e1b-9e23-fbac94d02da4	1	c24a2f48-af41-4e1b-9e23-fbac94d02da4	Primary Tumor	1	0	UNIQUE_EXACT_CNV
SC004	758e6b52-062e-4ca0-84d1-ea38477414ac	2892b681-6001-4124-ae86-3363be75463b	1	2892b681-6001-4124-ae86-3363be75463b	Primary Tumor	1	0	UNIQUE_EXACT_CNV
SC004	7592a659-7175-486f-a16e-24a4b4365a36	ba4d22b5-f97a-413f-9cc7-30d1e5c91f7e	1	ba4d22b5-f97a-413f-9cc7-30d1e5c91f7e	Primary Tumor	1	0	UNIQUE_EXACT_CNV
SC004	778ce436-a825-4689-81c1-b7c965404163	b2cde517-9404-45b2-bd39-3dedb4e129fc	1	b2cde517-9404-45b2-bd39-3dedb4e129fc	Primary Tumor	1	0	UNIQUE_EXACT_CNV
SC004	79e6e31c-22a1-481c-903b-ab5499cbd450	daabfedb-ac0a-4bc9-b145-9bef04bdd66f	1	daabfedb-ac0a-4bc9-b145-9bef04bdd66f	Primary Tumor	1	0	UNIQUE_EXACT_CNV
SC004	7a08efd0-f984-430e-a8eb-1881047214b6	d800778e-cc83-4447-9cfa-ca29adeacb8f	1	d800778e-cc83-4447-9cfa-ca29adeacb8f	Primary Tumor	1	0	UNIQUE_EXACT_CNV
SC004	7c466a5f-a6b4-4d1a-a0f5-ddcd7ef90ff1	146f9463-de59-4418-9099-2425a6f86a0f	1	146f9463-de59-4418-9099-2425a6f86a0f	Primary Tumor	1	0	UNIQUE_EXACT_CNV
SC004	7e34d3c1-1fab-4326-9a69-4260d2bac558	7432f954-a16f-4053-bedd-aa776f939f71	1	7432f954-a16f-4053-bedd-aa776f939f71	Primary Tumor	1	0	UNIQUE_EXACT_CNV
SC004	7e4e7914-ec23-4c55-98d6-3c5eecffa8e4	96e08856-06cc-463d-b2c5-5ed29204f66e	1	96e08856-06cc-463d-b2c5-5ed29204f66e	Primary Tumor	1	0	UNIQUE_EXACT_CNV
SC004	81005bae-686a-4598-8994-49d90ebac56f	6fe8f2d5-83c6-42f0-b82e-d8c532af9bbc	1	6fe8f2d5-83c6-42f0-b82e-d8c532af9bbc	Primary Tumor	1	0	UNIQUE_EXACT_CNV
SC004	818dc159-aba4-46bc-a4ed-68ee0f8c4461	71484ed8-3496-48b2-81b8-888d04f10f0a	1	71484ed8-3496-48b2-81b8-888d04f10f0a	Primary Tumor	1	0	UNIQUE_EXACT_CNV
SC004	838693d5-1ae0-4d75-834b-e1b89b96b0ed	f21ac7ce-b8b2-4c44-be65-4c4abf8a86c4	1	f21ac7ce-b8b2-4c44-be65-4c4abf8a86c4	Primary Tumor	1	0	UNIQUE_EXACT_CNV
SC004	8449955f-42d9-46f6-919a-5cc5d59e6284	84d06f56-6611-4fa1-89fd-df8780f7f446	1	84d06f56-6611-4fa1-89fd-df8780f7f446	Primary Tumor	1	0	UNIQUE_EXACT_CNV
SC004	85bb4987-51e7-40fe-ad59-2aa56754eca9	c9aa3e59-a10a-4e4c-b8cb-40d970f43df7	1	c9aa3e59-a10a-4e4c-b8cb-40d970f43df7	Primary Tumor	1	0	UNIQUE_EXACT_CNV
SC004	8628f1b2-3763-4ba9-a375-083874bb18f2	ccd3903e-eee6-41f0-9a07-4351a00a7dc3	1	ccd3903e-eee6-41f0-9a07-4351a00a7dc3	Primary Tumor	1	0	UNIQUE_EXACT_CNV
SC004	86b513ba-df09-485d-92d4-fb9e888f7350	eae870be-bbc8-4ffe-bffc-86d87414ff4b	1	eae870be-bbc8-4ffe-bffc-86d87414ff4b	Primary Tumor	1	0	UNIQUE_EXACT_CNV
SC004	872d2922-7292-4681-adb7-d3b267eccbe7	88152ab3-4bbc-4d80-9e1e-34c96de3d604	1	88152ab3-4bbc-4d80-9e1e-34c96de3d604	Primary Tumor	1	0	UNIQUE_EXACT_CNV
SC004	88180134-710f-46ea-9b06-5e5d860d6d9f	6ae6b10a-fc2b-4c6e-a30e-0299c22ac042	1	6ae6b10a-fc2b-4c6e-a30e-0299c22ac042	Primary Tumor	1	0	UNIQUE_EXACT_CNV
SC004	8e107f4b-1912-4d3e-814a-b863e2d65ed7	f3cea00c-bc4a-450f-ae7b-cd97ab7369be	1	f3cea00c-bc4a-450f-ae7b-cd97ab7369be	Primary Tumor	1	0	UNIQUE_EXACT_CNV
SC004	8e1b8811-1eb2-4337-852c-c19eaa0ee418	98f6fcfd-df24-422f-a14d-144fd1a02849	1	98f6fcfd-df24-422f-a14d-144fd1a02849	Primary Tumor	1	0	UNIQUE_EXACT_CNV
SC004	914d8613-3c25-4a10-be50-28b42f4d3a5d	c063d066-9073-4f05-8a38-601aa65dc5bf	1	c063d066-9073-4f05-8a38-601aa65dc5bf	Primary Tumor	1	0	UNIQUE_EXACT_CNV
SC004	91de8a74-a1e6-46b6-a06e-70aedf2c3eaf	91054520-9955-4d9b-bb06-e0bdd253c687	1	91054520-9955-4d9b-bb06-e0bdd253c687	Primary Tumor	1	0	UNIQUE_EXACT_CNV
SC004	94030805-8beb-441a-af73-11a80768edb5	d8ecb5e2-5af0-4a84-8b51-22c395850721	1	d8ecb5e2-5af0-4a84-8b51-22c395850721	Primary Tumor	1	0	UNIQUE_EXACT_CNV
SC004	94769f2c-b6fd-48ec-af34-b41165340b7c	cbfe2502-c3d1-44a5-bd1a-4a775c86d27f	1	cbfe2502-c3d1-44a5-bd1a-4a775c86d27f	Primary Tumor	1	0	UNIQUE_EXACT_CNV
SC004	955c80be-53df-4565-9303-a7abf96a2f81	d7ad6239-b56b-4762-9656-7653f308e01d	1	d7ad6239-b56b-4762-9656-7653f308e01d	Primary Tumor	1	0	UNIQUE_EXACT_CNV
SC004	95e58015-a7c0-4bdc-bf64-7617d24d0784	c352a6f8-dee5-473c-a1a4-d85250ac8ddf	1	c352a6f8-dee5-473c-a1a4-d85250ac8ddf	Primary Tumor	1	0	UNIQUE_EXACT_CNV
SC004	97ad0360-3be4-401a-a94c-7f2800a1b519	e24b153c-001b-43a3-b0d4-2b6eec615cfd	1	e24b153c-001b-43a3-b0d4-2b6eec615cfd	Primary Tumor	1	0	UNIQUE_EXACT_CNV
SC004	9af2248a-d86a-4277-93b4-8eba5a39bd3c	c2699551-32d9-46ad-9c41-04730ef6a8a4	1	c2699551-32d9-46ad-9c41-04730ef6a8a4	Primary Tumor	1	0	UNIQUE_EXACT_CNV
SC004	9bbc01b4-056c-4ddc-aca4-ff20718646d0	593a4322-bd6f-49d3-9fc6-0f56a1943664	1	593a4322-bd6f-49d3-9fc6-0f56a1943664	Primary Tumor	1	0	UNIQUE_EXACT_CNV
SC004	9c744ff8-1cde-4176-b6d7-0ab62bf42620	b0dfa5b0-79fc-4f28-bca7-d47f54c05775	1	b0dfa5b0-79fc-4f28-bca7-d47f54c05775	Primary Tumor	1	0	UNIQUE_EXACT_CNV
SC004	9e7d3dea-5d81-4f10-819c-1c2a68ddd150	db9720f0-d7ef-469c-ae11-e8f17488126b	1	db9720f0-d7ef-469c-ae11-e8f17488126b	Primary Tumor	1	0	UNIQUE_EXACT_CNV
SC004	a09f0626-002a-48fd-8b2d-c66b8285cf23	5b68e68c-3cbf-4506-ac94-4b23b3daba70	1	5b68e68c-3cbf-4506-ac94-4b23b3daba70	Primary Tumor	1	0	UNIQUE_EXACT_CNV
SC004	a3898640-0d85-441d-a000-b5b8ff857399	5287e961-91f0-4fb0-a00a-d570377cee62	1	5287e961-91f0-4fb0-a00a-d570377cee62	Primary Tumor	1	0	UNIQUE_EXACT_CNV
SC004	a6aad7f9-8444-4c2f-8e4b-b19fd453544f	702cc8d9-38f6-474a-bd7e-e56820c5a5b0	1	702cc8d9-38f6-474a-bd7e-e56820c5a5b0	Primary Tumor	1	0	UNIQUE_EXACT_CNV
SC004	a6eb0cd0-fe57-41b0-8593-776208684293	6ecade07-4c2f-4587-9c8b-589943f1c9e6	1	6ecade07-4c2f-4587-9c8b-589943f1c9e6	Primary Tumor	1	0	UNIQUE_EXACT_CNV
SC004	a782352e-c4bb-4c3e-ba82-456a47c3689a	c6987abb-e8cb-4701-bee2-416627c1f970	1	c6987abb-e8cb-4701-bee2-416627c1f970	Primary Tumor	1	0	UNIQUE_EXACT_CNV
SC004	ac2e88ff-8b1e-4691-9a96-5a581f98d827	a0300830-9dd9-46bc-94c0-23b2e8703e25	1	a0300830-9dd9-46bc-94c0-23b2e8703e25	Primary Tumor	1	0	UNIQUE_EXACT_CNV
SC004	ad2939e6-b8b8-475a-90e2-6a369c3d3167	9ea630a2-1412-4f40-897a-38a52600a1cb	1	9ea630a2-1412-4f40-897a-38a52600a1cb	Primary Tumor	1	0	UNIQUE_EXACT_CNV
SC004	ad2b1a0a-153f-483d-b228-5763eba3f6cc	c9aa6cf0-f536-4640-8290-3e745ae2a36b	1	c9aa6cf0-f536-4640-8290-3e745ae2a36b	Primary Tumor	1	0	UNIQUE_EXACT_CNV
SC004	b0839f46-8c82-4619-be3d-c857a1759463	cc6a73f6-9dee-4eeb-85c3-c81f02d1adef	1	cc6a73f6-9dee-4eeb-85c3-c81f02d1adef	Primary Tumor	1	0	UNIQUE_EXACT_CNV
SC004	b31d85cc-d2e2-4bd1-9986-d6bbe30e657f	ae00d18f-7117-4cfb-a306-168f1f5d493a	1	ae00d18f-7117-4cfb-a306-168f1f5d493a	Primary Tumor	1	0	UNIQUE_EXACT_CNV
SC004	b3511675-fd68-4745-8020-e290ca0fd115	d86b5d2b-9a8e-4bfa-9549-12fd45e8c296	1	d86b5d2b-9a8e-4bfa-9549-12fd45e8c296	Primary Tumor	1	0	UNIQUE_EXACT_CNV
SC004	b4225c44-b9b6-46c5-aabf-7b0d9a9fe20b	5dbb6c5e-be66-47ca-9bb4-1845b8004286	1	5dbb6c5e-be66-47ca-9bb4-1845b8004286	Primary Tumor	1	0	UNIQUE_EXACT_CNV
SC004	b46263ab-c3ca-4fda-a895-74c7e6e6fe22	b8243412-b7b4-4a7b-b823-4b33488ff429	1	b8243412-b7b4-4a7b-b823-4b33488ff429	Primary Tumor	1	0	UNIQUE_EXACT_CNV
SC004	b8023162-5e82-40e6-ad8c-8acf81821f01	828b6893-62cd-4248-a31b-7da875d657f1	1	828b6893-62cd-4248-a31b-7da875d657f1	Primary Tumor	1	0	UNIQUE_EXACT_CNV
SC004	b867e933-e3e3-4491-9bb6-b18c48d6f173	f39ab685-fda1-43e8-aa70-fa3ed1566061	1	f39ab685-fda1-43e8-aa70-fa3ed1566061	Primary Tumor	1	0	UNIQUE_EXACT_CNV
SC004	b8c3d99c-429b-42a3-b486-6fbcb90cc2e0	dfaf19b4-03b4-49d3-b39f-01aaeb897a2a	1	dfaf19b4-03b4-49d3-b39f-01aaeb897a2a	Primary Tumor	1	0	UNIQUE_EXACT_CNV
SC004	bc2591b0-65d7-48c3-a5cc-783f67b65869	8eab6a91-e73b-4555-9915-8ac4b91d9de3	1	8eab6a91-e73b-4555-9915-8ac4b91d9de3	Primary Tumor	1	0	UNIQUE_EXACT_CNV
SC004	bc3e0b74-ea09-46a5-9f61-16bd15ffd883	ef7f3a0d-b620-4355-8212-4bad381fe29c	1	ef7f3a0d-b620-4355-8212-4bad381fe29c	Primary Tumor	1	0	UNIQUE_EXACT_CNV
SC004	c0c3caab-9277-4a31-a96c-c607e38d5ccc	424254f5-1bdf-43ed-b867-33a73a3c919f	1	424254f5-1bdf-43ed-b867-33a73a3c919f	Primary Tumor	1	0	UNIQUE_EXACT_CNV
SC004	c435627c-159d-4a6d-a819-30abac24bf4d	ed9c97d8-4df2-4ed3-b455-4955d72901a8	1	ed9c97d8-4df2-4ed3-b455-4955d72901a8	Primary Tumor	1	0	UNIQUE_EXACT_CNV
SC004	c7cf6755-8856-435b-a443-174b22a25b07	d5cad767-265f-480f-a3bf-185bd4a75d5e	1	d5cad767-265f-480f-a3bf-185bd4a75d5e	Primary Tumor	1	0	UNIQUE_EXACT_CNV
SC004	c9226204-cb61-40b8-8a94-a7e71c14ea3a	389cd452-fcf0-498b-9e65-7e28dbe8d5a4	1	389cd452-fcf0-498b-9e65-7e28dbe8d5a4	Primary Tumor	1	0	UNIQUE_EXACT_CNV
SC004	c9e58844-9d61-44a2-aee6-1760bc19711b	ddb8c0dd-c3df-4b78-850d-56b0644e12d7	1	ddb8c0dd-c3df-4b78-850d-56b0644e12d7	Primary Tumor	1	0	UNIQUE_EXACT_CNV
SC004	cbc5b936-ead5-4858-ab90-e639402789b0	90d6af06-579f-42a2-90f4-bf587e209d70	1	90d6af06-579f-42a2-90f4-bf587e209d70	Primary Tumor	1	0	UNIQUE_EXACT_CNV
SC004	cbcf6922-a3c0-43a1-826e-642918b0a635	b3716b9c-af9c-41cd-9ceb-f45fcda4a2d5	1	b3716b9c-af9c-41cd-9ceb-f45fcda4a2d5	Primary Tumor	1	0	UNIQUE_EXACT_CNV
SC004	cd6e5d3d-1c86-40dd-9cb3-b2e2075dec56	389c632d-45cf-447e-9069-11b2fcb543f5	1	389c632d-45cf-447e-9069-11b2fcb543f5	Primary Tumor	1	0	UNIQUE_EXACT_CNV
SC004	cddce77f-21e6-4124-9f03-96fb5ca7cefa	bc979254-2b16-43ab-ba8d-7670a3b4ab3a	1	bc979254-2b16-43ab-ba8d-7670a3b4ab3a	Primary Tumor	1	0	UNIQUE_EXACT_CNV
SC004	cf1e86ec-4bcb-403c-831b-d67bddef14eb	6feb1257-da6f-4a70-bbd1-f3aa843ef72a	1	6feb1257-da6f-4a70-bbd1-f3aa843ef72a	Primary Tumor	1	0	UNIQUE_EXACT_CNV
SC004	d0673efd-3315-4dd5-8ab6-912bfa07dceb	65e5e0dc-01e3-43b1-80b5-09762432309e	1	65e5e0dc-01e3-43b1-80b5-09762432309e	Primary Tumor	1	0	UNIQUE_EXACT_CNV
SC004	d1976840-35f7-4423-8458-12fb32a52b33	a155cdf0-597c-4ddd-a184-10a29ff428e1	1	a155cdf0-597c-4ddd-a184-10a29ff428e1	Primary Tumor	1	0	UNIQUE_EXACT_CNV
SC004	d3dd5e69-9752-4b50-9b1f-814afbc2c3dd	145c1cbf-1d36-4439-896b-afabfcc8d864	1	145c1cbf-1d36-4439-896b-afabfcc8d864	Primary Tumor	1	0	UNIQUE_EXACT_CNV
SC004	d77ef9cf-f8e6-4ee9-8d4f-1106885f6b06	e370c642-1d03-4f08-8bd4-1c99dae80679	1	e370c642-1d03-4f08-8bd4-1c99dae80679	Primary Tumor	1	0	UNIQUE_EXACT_CNV
SC004	d7925dfc-18ce-46ab-a47b-9d06eacc96d0	7ce668a0-da92-4201-9f07-2c5b02df2c88	1	7ce668a0-da92-4201-9f07-2c5b02df2c88	Primary Tumor	1	0	UNIQUE_EXACT_CNV
SC004	d8d13aa4-45d5-4e1a-a6cf-895bdf05e7b2	f6508c57-7de6-489b-9615-12c56dc8d8af	1	f6508c57-7de6-489b-9615-12c56dc8d8af	Primary Tumor	1	0	UNIQUE_EXACT_CNV
SC004	da274941-3edd-420b-9262-bbd959923c67	d445f92f-5b61-4131-b474-f0ce49e52379	1	d445f92f-5b61-4131-b474-f0ce49e52379	Primary Tumor	1	0	UNIQUE_EXACT_CNV
SC004	dc5a6ce7-01e5-408d-812e-e3e0ddc1cde5	98198891-a060-4107-b56d-61f19ac5fab5	1	98198891-a060-4107-b56d-61f19ac5fab5	Primary Tumor	1	0	UNIQUE_EXACT_CNV
SC004	e07a61e2-bcd2-4a96-80df-97e04aafbd32	f46d6e67-40ef-4a8c-99fc-700d8e598131	1	f46d6e67-40ef-4a8c-99fc-700d8e598131	Primary Tumor	1	0	UNIQUE_EXACT_CNV
SC004	e294b940-2828-499c-be24-47ef6c2e9035	73a2a82b-c87c-4c04-8cfe-cc679379b28d	1	73a2a82b-c87c-4c04-8cfe-cc679379b28d	Primary Tumor	1	0	UNIQUE_EXACT_CNV
SC004	e5a329ec-e50e-4786-901d-b58474f8ea65	7423b7ef-05e4-4b6c-bad0-bb815d6cfa9a	1	7423b7ef-05e4-4b6c-bad0-bb815d6cfa9a	Primary Tumor	1	0	UNIQUE_EXACT_CNV
SC004	e732f81c-9b7d-44bd-a905-ff53fbed5009	f2b9f258-092d-4f46-a6c3-f5dc86188746	1	f2b9f258-092d-4f46-a6c3-f5dc86188746	Primary Tumor	1	0	UNIQUE_EXACT_CNV
SC004	e978a457-92ff-4eab-b759-ec6e74d973e8	d10b7299-8788-4800-b0a4-e836a18d5def	1	d10b7299-8788-4800-b0a4-e836a18d5def	Primary Tumor	1	0	UNIQUE_EXACT_CNV
SC004	ea605be2-6578-4e01-8ec3-bbd84c0b7f1d	9236e7c0-7b03-4bed-9f19-e3cf805be49b	1	9236e7c0-7b03-4bed-9f19-e3cf805be49b	Primary Tumor	1	0	UNIQUE_EXACT_CNV
SC004	ea6405c4-0fe4-4f37-bef2-275072f91e39	c6045243-4072-4342-8fb1-f2bbea55fe7b	1	c6045243-4072-4342-8fb1-f2bbea55fe7b	Primary Tumor	1	0	UNIQUE_EXACT_CNV
SC004	ebe677e6-94b6-45be-a58d-eaae4cf63d12	dc3d8cea-908f-423f-976d-150bb1050063	1	dc3d8cea-908f-423f-976d-150bb1050063	Primary Tumor	1	0	UNIQUE_EXACT_CNV
SC004	ef5e85cf-2d82-4d52-a02c-fed5c76e4cec	3d547b69-ceaa-49c1-8ea9-03a32b3fac90	1	3d547b69-ceaa-49c1-8ea9-03a32b3fac90	Primary Tumor	1	0	UNIQUE_EXACT_CNV
SC004	ef653772-e5d2-46ec-8610-f81d75d7353c	fb634d39-a4fe-493e-a982-2e360e69cbd2	1	fb634d39-a4fe-493e-a982-2e360e69cbd2	Primary Tumor	1	0	UNIQUE_EXACT_CNV
SC004	f2dcf4cc-609d-4532-a90d-6ae2bbb53365	f7011673-3a61-4450-b6b9-043ef33ac682	1	f7011673-3a61-4450-b6b9-043ef33ac682	Primary Tumor	1	0	UNIQUE_EXACT_CNV
SC004	f2ec64f5-a414-4c34-99c7-d59bc4e831e0	ed59c414-e594-44c8-b920-159336d45b4f	1	ed59c414-e594-44c8-b920-159336d45b4f	Primary Tumor	1	0	UNIQUE_EXACT_CNV
SC004	f4d95c8e-fb84-46ca-acc0-827015cc9d0a	faf406a4-d3d4-4ff5-8a3b-86ecbc6802ab	1	faf406a4-d3d4-4ff5-8a3b-86ecbc6802ab	Primary Tumor	1	0	UNIQUE_EXACT_CNV
SC004	f50ee039-1da9-43d9-ac01-657ec77a7f32	cd341ba2-d2cf-4f44-bc52-4731d6041a0c	1	cd341ba2-d2cf-4f44-bc52-4731d6041a0c	Primary Tumor	1	0	UNIQUE_EXACT_CNV
SC004	f58e49fc-9641-4b46-be4c-766445ec70a3	f0f721b2-edab-49c9-b271-2204878c2ae5	1	f0f721b2-edab-49c9-b271-2204878c2ae5	Primary Tumor	1	0	UNIQUE_EXACT_CNV
SC004	f64ebc7f-0e5a-42b4-af57-6cdb90d24f90	eaf742ea-5bdc-4f44-a390-77cba766d260	1	eaf742ea-5bdc-4f44-a390-77cba766d260	Primary Tumor	1	0	UNIQUE_EXACT_CNV
SC004	f65f2e78-c001-4ef3-ae88-3e4f83c7aceb	25d8f564-9ba7-4336-9b92-038fc26dcbd1	1	25d8f564-9ba7-4336-9b92-038fc26dcbd1	Primary Tumor	1	0	UNIQUE_EXACT_CNV
SC004	f6ebf3a7-31c6-4f4c-9a0b-74cf35bfedf6	b9a63363-bd0c-496f-a375-fce0d0a370d8	1	b9a63363-bd0c-496f-a375-fce0d0a370d8	Primary Tumor	1	0	UNIQUE_EXACT_CNV
SC004	f7752d6e-f9cd-4dc9-ab01-3ab87acb21e4	cdaa3a57-c3e7-4858-a048-8f75b882dde7	1	cdaa3a57-c3e7-4858-a048-8f75b882dde7	Primary Tumor	1	0	UNIQUE_EXACT_CNV
SC004	f8e9d538-7291-4fe7-b3f2-d01676a027f9	a7e17e91-e9d2-4118-8215-86546f8e2feb	1	a7e17e91-e9d2-4118-8215-86546f8e2feb	Primary Tumor	1	0	UNIQUE_EXACT_CNV
SC004	f9793a4b-c0e7-4475-bf80-69543b7ee2f6	7404e874-190e-4353-8755-1d9be35eedb7	1	7404e874-190e-4353-8755-1d9be35eedb7	Primary Tumor	1	0	UNIQUE_EXACT_CNV
SC004	f9c835db-2ab6-4bf5-826f-48723493c0ec	fd3e7ba8-21a5-438b-82ee-482ed6905310	1	fd3e7ba8-21a5-438b-82ee-482ed6905310	Primary Tumor	1	0	UNIQUE_EXACT_CNV
SC004	f9f44f86-10c7-4473-b156-5afbfa9a2ad0	fce206e4-6f50-466b-800c-7e295ea56124	1	fce206e4-6f50-466b-800c-7e295ea56124	Primary Tumor	1	0	UNIQUE_EXACT_CNV
SC004	fe0e3851-d8cb-4533-9536-b4826cd25f87	a0a9b124-82fa-4eff-a5df-38932e8ce44a	1	a0a9b124-82fa-4eff-a5df-38932e8ce44a	Primary Tumor	1	0	UNIQUE_EXACT_CNV
SC004	feda41d8-ca56-425d-b149-4d5485328107	45893b0e-301f-474a-b390-936d7d74f57e	1	45893b0e-301f-474a-b390-936d7d74f57e	Primary Tumor	1	0	UNIQUE_EXACT_CNV
